image_path,basename,mean_brightness,std_brightness
C:\Users\carmonta\Desktop\data-centric-cross-season-transfer\datasets\train_on_2025_all\images\frame_00002_jpg.rf.81e4d2d34334c3e62d52a2aaf1841b65.jpg,frame_00002_jpg.rf.81e4d2d34334c3e62d52a2aaf1841b65.jpg,55.48361979166667,57.992565682138164
C:\Users\carmonta\Desktop\data-centric-cross-season-transfer\datasets\train_on_2025_all\images\frame_00002_jpg.rf.c133fc4781eee7587233f43432fbbbf5.jpg,frame_00002_jpg.rf.c133fc4781eee7587233f43432fbbbf5.jpg,55.50590277777778,58.02781503372128
C:\Users\carmonta\Desktop\data-centric-cross-season-transfer\datasets\train_on_2025_all\images\frame_00003_jpg.rf.3ae6ccc87659809e194e2556d90c364b.jpg,frame_00003_jpg.rf.3ae6ccc87659809e194e2556d90c364b.jpg,113.50763888888889,70.39518504176293
C:\Users\carmonta\Desktop\data-centric-cross-season-transfer\datasets\train_on_2025_all\images\frame_00003_jpg.rf.42c03ad0db5e42c1cc474e5ffee4acda.jpg,frame_00003_jpg.rf.42c03ad0db5e42c1cc474e5ffee4acda.jpg,59.00123697916667,56.0773588573969
C:\Users\carmonta\Desktop\data-centric-cross-season-transfer\datasets\train_on_2025_all\images\frame_00003_jpg.rf.513729ede4792fad7700d7425b5cddea.jpg,frame_00003_jpg.rf.513729ede4792fad7700d7425b5cddea.jpg,122.09818576388889,39.39923883800426
C:\Users\carmonta\Desktop\data-centric-cross-season-transfer\datasets\train_on_2025_all\images\frame_00003_jpg.rf.b6c0410e93749729dfb7ee0391ac5426.jpg,frame_00003_jpg.rf.b6c0410e93749729dfb7ee0391ac5426.jpg,58.96220920138889,56.01219733064334
C:\Users\carmonta\Desktop\data-centric-cross-season-transfer\datasets\train_on_2025_all\images\frame_00003_jpg.rf.b9b8d4f7af3993256d7a9ece090bd229.jpg,frame_00003_jpg.rf.b9b8d4f7af3993256d7a9ece090bd229.jpg,122.11417100694445,39.51378395065738
C:\Users\carmonta\Desktop\data-centric-cross-season-transfer\datasets\train_on_2025_all\images\frame_00003_jpg.rf.ba8e369f79cd8c8b862073f03aa2c390.jpg,frame_00003_jpg.rf.ba8e369f79cd8c8b862073f03aa2c390.jpg,58.970928819444445,56.0242094588711
C:\Users\carmonta\Desktop\data-centric-cross-season-transfer\datasets\train_on_2025_all\images\frame_00003_jpg.rf.d8d3e2d8d3c9a4cf40b2ab2e95ba1e6a.jpg,frame_00003_jpg.rf.d8d3e2d8d3c9a4cf40b2ab2e95ba1e6a.jpg,122.1007421875,39.38381055930699
C:\Users\carmonta\Desktop\data-centric-cross-season-transfer\datasets\train_on_2025_all\images\frame_00003_jpg.rf.f9cdf9b0e4ad95f5b26745a774f96412.jpg,frame_00003_jpg.rf.f9cdf9b0e4ad95f5b26745a774f96412.jpg,113.50440538194445,70.3857065052656
C:\Users\carmonta\Desktop\data-centric-cross-season-transfer\datasets\train_on_2025_all\images\frame_00004_jpg.rf.218144c56928d193f449c445b97971ab.jpg,frame_00004_jpg.rf.218144c56928d193f449c445b97971ab.jpg,115.58731770833333,47.515709634563436
C:\Users\carmonta\Desktop\data-centric-cross-season-transfer\datasets\train_on_2025_all\images\frame_00004_jpg.rf.54b21877958724da379aee0e0e4684fa.jpg,frame_00004_jpg.rf.54b21877958724da379aee0e0e4684fa.jpg,115.59319878472222,47.45941105478535
C:\Users\carmonta\Desktop\data-centric-cross-season-transfer\datasets\train_on_2025_all\images\frame_00004_jpg.rf.6b84e6ce0ce299b222b6b2b97dcb0e31.jpg,frame_00004_jpg.rf.6b84e6ce0ce299b222b6b2b97dcb0e31.jpg,117.88059027777778,69.3133656017399
C:\Users\carmonta\Desktop\data-centric-cross-season-transfer\datasets\train_on_2025_all\images\frame_00004_jpg.rf.7f29194939f516713e2afbc2fbf16389.jpg,frame_00004_jpg.rf.7f29194939f516713e2afbc2fbf16389.jpg,117.88948350694444,69.32563305216858
C:\Users\carmonta\Desktop\data-centric-cross-season-transfer\datasets\train_on_2025_all\images\frame_00004_jpg.rf.8c2c7414d6d9af84d057793df2085d0d.jpg,frame_00004_jpg.rf.8c2c7414d6d9af84d057793df2085d0d.jpg,69.2580685763889,55.684031274486
C:\Users\carmonta\Desktop\data-centric-cross-season-transfer\datasets\train_on_2025_all\images\frame_00004_jpg.rf.9c968ac8bae486c821c5bc257dfedd7e.jpg,frame_00004_jpg.rf.9c968ac8bae486c821c5bc257dfedd7e.jpg,115.5804296875,47.394508111393286
C:\Users\carmonta\Desktop\data-centric-cross-season-transfer\datasets\train_on_2025_all\images\frame_00004_jpg.rf.c3dce6e668dc23dd39a54307390c31e3.jpg,frame_00004_jpg.rf.c3dce6e668dc23dd39a54307390c31e3.jpg,69.24110677083333,55.64907520811207
C:\Users\carmonta\Desktop\data-centric-cross-season-transfer\datasets\train_on_2025_all\images\frame_00004_jpg.rf.d1eb9dec04905336e1852cb870754a62.jpg,frame_00004_jpg.rf.d1eb9dec04905336e1852cb870754a62.jpg,117.87217013888889,69.37616462845425
C:\Users\carmonta\Desktop\data-centric-cross-season-transfer\datasets\train_on_2025_all\images\frame_00005_jpg.rf.036a737ef8862a76891fa078924bebd0.jpg,frame_00005_jpg.rf.036a737ef8862a76891fa078924bebd0.jpg,120.04987847222222,73.43797431278853
C:\Users\carmonta\Desktop\data-centric-cross-season-transfer\datasets\train_on_2025_all\images\frame_00005_jpg.rf.154e351508d5071df07c41f8f49cf0c7.jpg,frame_00005_jpg.rf.154e351508d5071df07c41f8f49cf0c7.jpg,76.7541623263889,60.421680270005176
C:\Users\carmonta\Desktop\data-centric-cross-season-transfer\datasets\train_on_2025_all\images\frame_00005_jpg.rf.1d695ea85c20d4cac0295ca54b231eff.jpg,frame_00005_jpg.rf.1d695ea85c20d4cac0295ca54b231eff.jpg,120.04812065972222,73.38455424399338
C:\Users\carmonta\Desktop\data-centric-cross-season-transfer\datasets\train_on_2025_all\images\frame_00005_jpg.rf.281ffad5dbd4c5accc812baf1da4af81.jpg,frame_00005_jpg.rf.281ffad5dbd4c5accc812baf1da4af81.jpg,103.70067708333333,48.77989528042609
C:\Users\carmonta\Desktop\data-centric-cross-season-transfer\datasets\train_on_2025_all\images\frame_00005_jpg.rf.39862fc3570999bcc7bcbb9d51c4f1fb.jpg,frame_00005_jpg.rf.39862fc3570999bcc7bcbb9d51c4f1fb.jpg,120.04926215277777,73.39206534450418
C:\Users\carmonta\Desktop\data-centric-cross-season-transfer\datasets\train_on_2025_all\images\frame_00005_jpg.rf.400a144994418b11fa5d367fdf752168.jpg,frame_00005_jpg.rf.400a144994418b11fa5d367fdf752168.jpg,103.70702256944445,48.760968559393746
C:\Users\carmonta\Desktop\data-centric-cross-season-transfer\datasets\train_on_2025_all\images\frame_00005_jpg.rf.543091a76c30c92669719d24e52a4f95.jpg,frame_00005_jpg.rf.543091a76c30c92669719d24e52a4f95.jpg,71.09810329861111,63.94118158901777
C:\Users\carmonta\Desktop\data-centric-cross-season-transfer\datasets\train_on_2025_all\images\frame_00005_jpg.rf.9e94c2badff0303ade53cbbb8f873195.jpg,frame_00005_jpg.rf.9e94c2badff0303ade53cbbb8f873195.jpg,71.10922743055555,63.9520256519949
C:\Users\carmonta\Desktop\data-centric-cross-season-transfer\datasets\train_on_2025_all\images\frame_00005_jpg.rf.a4fbdb6ea2709dca15495c40ef3d85c0.jpg,frame_00005_jpg.rf.a4fbdb6ea2709dca15495c40ef3d85c0.jpg,74.22559461805555,55.01123698610962
C:\Users\carmonta\Desktop\data-centric-cross-season-transfer\datasets\train_on_2025_all\images\frame_00005_jpg.rf.c42ac8118f9093bec750f88f7f25b84a.jpg,frame_00005_jpg.rf.c42ac8118f9093bec750f88f7f25b84a.jpg,103.6775390625,48.66035845623848
C:\Users\carmonta\Desktop\data-centric-cross-season-transfer\datasets\train_on_2025_all\images\frame_00005_jpg.rf.ce60b95c400ab73280a4d974431fbdf8.jpg,frame_00005_jpg.rf.ce60b95c400ab73280a4d974431fbdf8.jpg,76.75900607638889,60.44094209908228
C:\Users\carmonta\Desktop\data-centric-cross-season-transfer\datasets\train_on_2025_all\images\frame_00005_jpg.rf.dba90d4b4eaa2fe3543fd2d1abb0aa21.jpg,frame_00005_jpg.rf.dba90d4b4eaa2fe3543fd2d1abb0aa21.jpg,74.19427517361112,54.938395701559074
C:\Users\carmonta\Desktop\data-centric-cross-season-transfer\datasets\train_on_2025_all\images\frame_00006_jpg.rf.038b169031e15fcf877d1b6ff1af1348.jpg,frame_00006_jpg.rf.038b169031e15fcf877d1b6ff1af1348.jpg,104.79608072916666,54.20607509791924
C:\Users\carmonta\Desktop\data-centric-cross-season-transfer\datasets\train_on_2025_all\images\frame_00006_jpg.rf.2fa5dc9a295d4e35e49d6b9eaed11a7a.jpg,frame_00006_jpg.rf.2fa5dc9a295d4e35e49d6b9eaed11a7a.jpg,78.12776475694444,56.20063806311816
C:\Users\carmonta\Desktop\data-centric-cross-season-transfer\datasets\train_on_2025_all\images\frame_00006_jpg.rf.6f104ffc740898a5b9b5bf81f307874a.jpg,frame_00006_jpg.rf.6f104ffc740898a5b9b5bf81f307874a.jpg,104.78440104166667,54.12904905055088
C:\Users\carmonta\Desktop\data-centric-cross-season-transfer\datasets\train_on_2025_all\images\frame_00006_jpg.rf.86bb6dbf680c436150405f0f17b61b05.jpg,frame_00006_jpg.rf.86bb6dbf680c436150405f0f17b61b05.jpg,103.72985243055555,51.36162790097239
C:\Users\carmonta\Desktop\data-centric-cross-season-transfer\datasets\train_on_2025_all\images\frame_00006_jpg.rf.89372a8bf7fe3d7090f5e9d20f446fd1.jpg,frame_00006_jpg.rf.89372a8bf7fe3d7090f5e9d20f446fd1.jpg,103.71880642361111,51.302766844506195
C:\Users\carmonta\Desktop\data-centric-cross-season-transfer\datasets\train_on_2025_all\images\frame_00006_jpg.rf.a35b0490b87b7416423c3d938a181032.jpg,frame_00006_jpg.rf.a35b0490b87b7416423c3d938a181032.jpg,78.12634982638889,56.207818629894305
C:\Users\carmonta\Desktop\data-centric-cross-season-transfer\datasets\train_on_2025_all\images\frame_00006_jpg.rf.b1e2f6b39721d564a4a3b390602e6d74.jpg,frame_00006_jpg.rf.b1e2f6b39721d564a4a3b390602e6d74.jpg,78.0991796875,56.146523675601365
C:\Users\carmonta\Desktop\data-centric-cross-season-transfer\datasets\train_on_2025_all\images\frame_00006_jpg.rf.f3a0aba8fbfb1a5d5c6cd9b555cf4d99.jpg,frame_00006_jpg.rf.f3a0aba8fbfb1a5d5c6cd9b555cf4d99.jpg,104.805625,54.278492306252666
C:\Users\carmonta\Desktop\data-centric-cross-season-transfer\datasets\train_on_2025_all\images\frame_00007_jpg.rf.1cd3bd8f0fd768e315f652f1eff4d88b.jpg,frame_00007_jpg.rf.1cd3bd8f0fd768e315f652f1eff4d88b.jpg,84.51391493055556,62.115442108936136
C:\Users\carmonta\Desktop\data-centric-cross-season-transfer\datasets\train_on_2025_all\images\frame_00007_jpg.rf.2c644dbeadfda868a6c6d6ca5c29f6eb.jpg,frame_00007_jpg.rf.2c644dbeadfda868a6c6d6ca5c29f6eb.jpg,115.40270833333334,57.38253744630017
C:\Users\carmonta\Desktop\data-centric-cross-season-transfer\datasets\train_on_2025_all\images\frame_00007_jpg.rf.3190f604ce8917bc6c8ad412b5d8e100.jpg,frame_00007_jpg.rf.3190f604ce8917bc6c8ad412b5d8e100.jpg,83.28577256944445,53.44745383912852
C:\Users\carmonta\Desktop\data-centric-cross-season-transfer\datasets\train_on_2025_all\images\frame_00007_jpg.rf.5b36de2e773734c85be4a2e3df7a314d.jpg,frame_00007_jpg.rf.5b36de2e773734c85be4a2e3df7a314d.jpg,83.25193142361111,53.35626873545692
C:\Users\carmonta\Desktop\data-centric-cross-season-transfer\datasets\train_on_2025_all\images\frame_00007_jpg.rf.667c56881f7795cd3b47d7c16be9663b.jpg,frame_00007_jpg.rf.667c56881f7795cd3b47d7c16be9663b.jpg,84.50348958333333,62.0823128829158
C:\Users\carmonta\Desktop\data-centric-cross-season-transfer\datasets\train_on_2025_all\images\frame_00007_jpg.rf.7575f4db9b9cfeac208a6e09c37ff2c3.jpg,frame_00007_jpg.rf.7575f4db9b9cfeac208a6e09c37ff2c3.jpg,101.35561631944445,48.950405161812164
C:\Users\carmonta\Desktop\data-centric-cross-season-transfer\datasets\train_on_2025_all\images\frame_00007_jpg.rf.99d6e27d19ba41124d89d12e9ae68306.jpg,frame_00007_jpg.rf.99d6e27d19ba41124d89d12e9ae68306.jpg,83.25193142361111,53.35626873545692
C:\Users\carmonta\Desktop\data-centric-cross-season-transfer\datasets\train_on_2025_all\images\frame_00007_jpg.rf.b8aa26a7fa4db5f6deaf11a15cf1b867.jpg,frame_00007_jpg.rf.b8aa26a7fa4db5f6deaf11a15cf1b867.jpg,84.48014322916667,62.04480086229616
C:\Users\carmonta\Desktop\data-centric-cross-season-transfer\datasets\train_on_2025_all\images\frame_00007_jpg.rf.c9c871e0ba4d59f0c64afca3615e4b5e.jpg,frame_00007_jpg.rf.c9c871e0ba4d59f0c64afca3615e4b5e.jpg,115.40192708333333,57.40652320083992
C:\Users\carmonta\Desktop\data-centric-cross-season-transfer\datasets\train_on_2025_all\images\frame_00007_jpg.rf.ce845d4b9989d584fdb47d834c7814c3.jpg,frame_00007_jpg.rf.ce845d4b9989d584fdb47d834c7814c3.jpg,101.37282118055556,49.00960468713812
C:\Users\carmonta\Desktop\data-centric-cross-season-transfer\datasets\train_on_2025_all\images\frame_00007_jpg.rf.df175e2f7ab0148dbd824f69da57754c.jpg,frame_00007_jpg.rf.df175e2f7ab0148dbd824f69da57754c.jpg,101.38266059027778,49.030758297630925
C:\Users\carmonta\Desktop\data-centric-cross-season-transfer\datasets\train_on_2025_all\images\frame_00008_jpg.rf.11cfdb679b92a4147ba6adf42754255a.jpg,frame_00008_jpg.rf.11cfdb679b92a4147ba6adf42754255a.jpg,100.24262586805555,65.30225936367478
C:\Users\carmonta\Desktop\data-centric-cross-season-transfer\datasets\train_on_2025_all\images\frame_00008_jpg.rf.188ffe17721d4d241178344db4711dd6.jpg,frame_00008_jpg.rf.188ffe17721d4d241178344db4711dd6.jpg,121.96245225694445,60.19101395124933
C:\Users\carmonta\Desktop\data-centric-cross-season-transfer\datasets\train_on_2025_all\images\frame_00008_jpg.rf.6a4027daa752b930212f9a9b54e77b10.jpg,frame_00008_jpg.rf.6a4027daa752b930212f9a9b54e77b10.jpg,121.963515625,60.2584785165249
C:\Users\carmonta\Desktop\data-centric-cross-season-transfer\datasets\train_on_2025_all\images\frame_00008_jpg.rf.7b299bdebf3798f9d2382fc5b351cf6a.jpg,frame_00008_jpg.rf.7b299bdebf3798f9d2382fc5b351cf6a.jpg,111.10203559027778,53.12772641064839
C:\Users\carmonta\Desktop\data-centric-cross-season-transfer\datasets\train_on_2025_all\images\frame_00008_jpg.rf.ad138de2472f10d072daac70fb4d56ba.jpg,frame_00008_jpg.rf.ad138de2472f10d072daac70fb4d56ba.jpg,76.9108203125,58.805334705834994
C:\Users\carmonta\Desktop\data-centric-cross-season-transfer\datasets\train_on_2025_all\images\frame_00008_jpg.rf.ad6832df77945bb62c6f6faa8b76e5c7.jpg,frame_00008_jpg.rf.ad6832df77945bb62c6f6faa8b76e5c7.jpg,76.89466579861111,58.78172446661052
C:\Users\carmonta\Desktop\data-centric-cross-season-transfer\datasets\train_on_2025_all\images\frame_00008_jpg.rf.ce267c492735efd81df40bc5a5fdc882.jpg,frame_00008_jpg.rf.ce267c492735efd81df40bc5a5fdc882.jpg,76.91060763888889,58.8094128099188
C:\Users\carmonta\Desktop\data-centric-cross-season-transfer\datasets\train_on_2025_all\images\frame_00008_jpg.rf.fc43621626aa3aa99924f367b0417b4d.jpg,frame_00008_jpg.rf.fc43621626aa3aa99924f367b0417b4d.jpg,100.24262586805555,65.30225936367478
C:\Users\carmonta\Desktop\data-centric-cross-season-transfer\datasets\train_on_2025_all\images\frame_00009_jpg.rf.3c5231dd711265c35729c5f88b56f813.jpg,frame_00009_jpg.rf.3c5231dd711265c35729c5f88b56f813.jpg,100.697890625,58.282744111576775
C:\Users\carmonta\Desktop\data-centric-cross-season-transfer\datasets\train_on_2025_all\images\frame_00009_jpg.rf.705ce6e6d191da051f21cdb82d999e49.jpg,frame_00009_jpg.rf.705ce6e6d191da051f21cdb82d999e49.jpg,114.99481770833333,53.87782619441435
C:\Users\carmonta\Desktop\data-centric-cross-season-transfer\datasets\train_on_2025_all\images\frame_00009_jpg.rf.7d91091c1cf2e42ac6fba56f7103fc54.jpg,frame_00009_jpg.rf.7d91091c1cf2e42ac6fba56f7103fc54.jpg,102.5301779513889,60.311632628071614
C:\Users\carmonta\Desktop\data-centric-cross-season-transfer\datasets\train_on_2025_all\images\frame_00009_jpg.rf.8f4e9c05dfd8ddbb8812213ee54b6512.jpg,frame_00009_jpg.rf.8f4e9c05dfd8ddbb8812213ee54b6512.jpg,100.7248654513889,58.39820053866191
C:\Users\carmonta\Desktop\data-centric-cross-season-transfer\datasets\train_on_2025_all\images\frame_00009_jpg.rf.af500b7865630015723c330f6e8d729c.jpg,frame_00009_jpg.rf.af500b7865630015723c330f6e8d729c.jpg,102.5456423611111,60.342410402334444
C:\Users\carmonta\Desktop\data-centric-cross-season-transfer\datasets\train_on_2025_all\images\frame_00009_jpg.rf.c8d320a217d012645cba27190c3be9d5.jpg,frame_00009_jpg.rf.c8d320a217d012645cba27190c3be9d5.jpg,100.7141579861111,58.333289025900186
C:\Users\carmonta\Desktop\data-centric-cross-season-transfer\datasets\train_on_2025_all\images\frame_00009_jpg.rf.d2671c8d580369af76cea49833fb4a05.jpg,frame_00009_jpg.rf.d2671c8d580369af76cea49833fb4a05.jpg,102.51411892361111,60.25598518245947
C:\Users\carmonta\Desktop\data-centric-cross-season-transfer\datasets\train_on_2025_all\images\frame_00009_jpg.rf.f07aa488b2e3f43bad477b51256f7244.jpg,frame_00009_jpg.rf.f07aa488b2e3f43bad477b51256f7244.jpg,115.00177517361111,53.89994299955894
C:\Users\carmonta\Desktop\data-centric-cross-season-transfer\datasets\train_on_2025_all\images\frame_00010_jpg.rf.2c583b78598b6ef0c2608eb15e4017e0.jpg,frame_00010_jpg.rf.2c583b78598b6ef0c2608eb15e4017e0.jpg,108.38026909722223,65.44366643924313
C:\Users\carmonta\Desktop\data-centric-cross-season-transfer\datasets\train_on_2025_all\images\frame_00010_jpg.rf.58ca5f4adf6c42b3427723f0a2628ae5.jpg,frame_00010_jpg.rf.58ca5f4adf6c42b3427723f0a2628ae5.jpg,120.25971788194444,71.28669053296437
C:\Users\carmonta\Desktop\data-centric-cross-season-transfer\datasets\train_on_2025_all\images\frame_00010_jpg.rf.6874cef9bb075c881c26b3beaf2bb4c3.jpg,frame_00010_jpg.rf.6874cef9bb075c881c26b3beaf2bb4c3.jpg,125.72666666666667,50.82827846110317
C:\Users\carmonta\Desktop\data-centric-cross-season-transfer\datasets\train_on_2025_all\images\frame_00010_jpg.rf.7d98e67b4ec45098752fb95486542ff9.jpg,frame_00010_jpg.rf.7d98e67b4ec45098752fb95486542ff9.jpg,120.28256944444445,71.34690813442724
C:\Users\carmonta\Desktop\data-centric-cross-season-transfer\datasets\train_on_2025_all\images\frame_00010_jpg.rf.82212d4a8709b29090aff803358b1f18.jpg,frame_00010_jpg.rf.82212d4a8709b29090aff803358b1f18.jpg,108.39546006944444,65.45708279263876
C:\Users\carmonta\Desktop\data-centric-cross-season-transfer\datasets\train_on_2025_all\images\frame_00010_jpg.rf.a0205bcd883d3f8e2f93888ad1c2cf3c.jpg,frame_00010_jpg.rf.a0205bcd883d3f8e2f93888ad1c2cf3c.jpg,120.86388020833333,51.60215104271962
C:\Users\carmonta\Desktop\data-centric-cross-season-transfer\datasets\train_on_2025_all\images\frame_00010_jpg.rf.a1b920fbd47c25211c628be795daf4b3.jpg,frame_00010_jpg.rf.a1b920fbd47c25211c628be795daf4b3.jpg,94.12838541666666,55.787001001366384
C:\Users\carmonta\Desktop\data-centric-cross-season-transfer\datasets\train_on_2025_all\images\frame_00010_jpg.rf.a52f6f0ea794c0f358b63aa3b974419b.jpg,frame_00010_jpg.rf.a52f6f0ea794c0f358b63aa3b974419b.jpg,94.14963107638889,55.827270133651545
C:\Users\carmonta\Desktop\data-centric-cross-season-transfer\datasets\train_on_2025_all\images\frame_00010_jpg.rf.b2a376e6730ed1443f5912537f8e50fb.jpg,frame_00010_jpg.rf.b2a376e6730ed1443f5912537f8e50fb.jpg,120.85778211805555,51.48032352953893
C:\Users\carmonta\Desktop\data-centric-cross-season-transfer\datasets\train_on_2025_all\images\frame_00010_jpg.rf.b3c82e9a3cad6672f9603ad9463310f2.jpg,frame_00010_jpg.rf.b3c82e9a3cad6672f9603ad9463310f2.jpg,108.37868923611111,65.41676245229682
C:\Users\carmonta\Desktop\data-centric-cross-season-transfer\datasets\train_on_2025_all\images\frame_00010_jpg.rf.c46e629a1a7b5eaa396024d9c9d44b55.jpg,frame_00010_jpg.rf.c46e629a1a7b5eaa396024d9c9d44b55.jpg,94.12138888888889,55.754992808456066
C:\Users\carmonta\Desktop\data-centric-cross-season-transfer\datasets\train_on_2025_all\images\frame_00010_jpg.rf.c62e1ed29eb686641fd6c490c38af66d.jpg,frame_00010_jpg.rf.c62e1ed29eb686641fd6c490c38af66d.jpg,107.00970486111112,58.55352824300651
C:\Users\carmonta\Desktop\data-centric-cross-season-transfer\datasets\train_on_2025_all\images\frame_00010_jpg.rf.d9527b21a602532451cfcef3b38f5782.jpg,frame_00010_jpg.rf.d9527b21a602532451cfcef3b38f5782.jpg,125.7366015625,50.93550133003787
C:\Users\carmonta\Desktop\data-centric-cross-season-transfer\datasets\train_on_2025_all\images\frame_00010_jpg.rf.f2f77a0e1bb2122fdd28d7c8c0a68653.jpg,frame_00010_jpg.rf.f2f77a0e1bb2122fdd28d7c8c0a68653.jpg,120.26641059027777,71.33084200440305
C:\Users\carmonta\Desktop\data-centric-cross-season-transfer\datasets\train_on_2025_all\images\frame_00011_jpg.rf.1fcc49c8b0fc89f7a3a3f0f9952da1df.jpg,frame_00011_jpg.rf.1fcc49c8b0fc89f7a3a3f0f9952da1df.jpg,96.38912326388889,62.32768543175613
C:\Users\carmonta\Desktop\data-centric-cross-season-transfer\datasets\train_on_2025_all\images\frame_00011_jpg.rf.3c1775a81cf8f88d22c075a4160c2e1e.jpg,frame_00011_jpg.rf.3c1775a81cf8f88d22c075a4160c2e1e.jpg,88.92405381944444,61.557208073938945
C:\Users\carmonta\Desktop\data-centric-cross-season-transfer\datasets\train_on_2025_all\images\frame_00011_jpg.rf.4f19e68cdc93edcc14059ec620daea7d.jpg,frame_00011_jpg.rf.4f19e68cdc93edcc14059ec620daea7d.jpg,84.81476128472222,71.22705567448271
C:\Users\carmonta\Desktop\data-centric-cross-season-transfer\datasets\train_on_2025_all\images\frame_00011_jpg.rf.8cdfc1f3a550d613af79bd25989f0999.jpg,frame_00011_jpg.rf.8cdfc1f3a550d613af79bd25989f0999.jpg,107.85111545138889,52.99983104882208
C:\Users\carmonta\Desktop\data-centric-cross-season-transfer\datasets\train_on_2025_all\images\frame_00011_jpg.rf.975b52169461b6e0516f23e40a98147c.jpg,frame_00011_jpg.rf.975b52169461b6e0516f23e40a98147c.jpg,85.92845052083334,54.05831741635425
C:\Users\carmonta\Desktop\data-centric-cross-season-transfer\datasets\train_on_2025_all\images\frame_00011_jpg.rf.b66e39b2805515df290d32ae4e69c027.jpg,frame_00011_jpg.rf.b66e39b2805515df290d32ae4e69c027.jpg,84.81240017361111,71.22127614153477
C:\Users\carmonta\Desktop\data-centric-cross-season-transfer\datasets\train_on_2025_all\images\frame_00011_jpg.rf.b8b1a3fd7b62dd82d7cd3bbc682f54a7.jpg,frame_00011_jpg.rf.b8b1a3fd7b62dd82d7cd3bbc682f54a7.jpg,84.77168836805555,71.16209035598547
C:\Users\carmonta\Desktop\data-centric-cross-season-transfer\datasets\train_on_2025_all\images\frame_00011_jpg.rf.ce61f94599259c92f54fb182f780fbe2.jpg,frame_00011_jpg.rf.ce61f94599259c92f54fb182f780fbe2.jpg,88.88787760416666,61.46459849923791
C:\Users\carmonta\Desktop\data-centric-cross-season-transfer\datasets\train_on_2025_all\images\frame_00011_jpg.rf.d9e9b77024a2390957bf5e6dd275eaf9.jpg,frame_00011_jpg.rf.d9e9b77024a2390957bf5e6dd275eaf9.jpg,85.9225390625,54.04369737874771
C:\Users\carmonta\Desktop\data-centric-cross-season-transfer\datasets\train_on_2025_all\images\frame_00011_jpg.rf.dcabad4bbba54e756b013e97dd23c08e.jpg,frame_00011_jpg.rf.dcabad4bbba54e756b013e97dd23c08e.jpg,107.85376302083333,53.019006510664354
C:\Users\carmonta\Desktop\data-centric-cross-season-transfer\datasets\train_on_2025_all\images\frame_00011_jpg.rf.e8cce621d23b11722ac314db32d53ad3.jpg,frame_00011_jpg.rf.e8cce621d23b11722ac314db32d53ad3.jpg,85.91259982638888,54.017648664913594
C:\Users\carmonta\Desktop\data-centric-cross-season-transfer\datasets\train_on_2025_all\images\frame_00011_jpg.rf.f3e6ddd10392a0197b88fd328a73db46.jpg,frame_00011_jpg.rf.f3e6ddd10392a0197b88fd328a73db46.jpg,96.36650607638889,62.27934347612219
C:\Users\carmonta\Desktop\data-centric-cross-season-transfer\datasets\train_on_2025_all\images\frame_00011_jpg.rf.fef6407c8d34aa751464d063276fd291.jpg,frame_00011_jpg.rf.fef6407c8d34aa751464d063276fd291.jpg,88.90147569444444,61.5083556844343
C:\Users\carmonta\Desktop\data-centric-cross-season-transfer\datasets\train_on_2025_all\images\frame_00012_jpg.rf.0b46ba4251e1de99d336c252b35c60e3.jpg,frame_00012_jpg.rf.0b46ba4251e1de99d336c252b35c60e3.jpg,100.62848958333333,60.688073725488344
C:\Users\carmonta\Desktop\data-centric-cross-season-transfer\datasets\train_on_2025_all\images\frame_00012_jpg.rf.0f81f75d47a2023ae72f9bfacffec0f1.jpg,frame_00012_jpg.rf.0f81f75d47a2023ae72f9bfacffec0f1.jpg,105.05319010416666,54.307727189091274
C:\Users\carmonta\Desktop\data-centric-cross-season-transfer\datasets\train_on_2025_all\images\frame_00012_jpg.rf.11ed1fc12ec2f8b018b48bfe25c17968.jpg,frame_00012_jpg.rf.11ed1fc12ec2f8b018b48bfe25c17968.jpg,100.62796875,60.70048861783131
C:\Users\carmonta\Desktop\data-centric-cross-season-transfer\datasets\train_on_2025_all\images\frame_00012_jpg.rf.3515fba64554e6fc8794a683796ed5a5.jpg,frame_00012_jpg.rf.3515fba64554e6fc8794a683796ed5a5.jpg,107.6021701388889,71.77106963298458
C:\Users\carmonta\Desktop\data-centric-cross-season-transfer\datasets\train_on_2025_all\images\frame_00012_jpg.rf.3e1c00c467c5a01f645f4cdcdd59428e.jpg,frame_00012_jpg.rf.3e1c00c467c5a01f645f4cdcdd59428e.jpg,87.86296875,56.22495629419152
C:\Users\carmonta\Desktop\data-centric-cross-season-transfer\datasets\train_on_2025_all\images\frame_00012_jpg.rf.5f59c1f919c599da973037db994c8b0f.jpg,frame_00012_jpg.rf.5f59c1f919c599da973037db994c8b0f.jpg,100.61858072916667,60.672205499782955
C:\Users\carmonta\Desktop\data-centric-cross-season-transfer\datasets\train_on_2025_all\images\frame_00012_jpg.rf.6cfefd072aee9506808de677ebe42cf5.jpg,frame_00012_jpg.rf.6cfefd072aee9506808de677ebe42cf5.jpg,105.01555555555555,54.25268515535759
C:\Users\carmonta\Desktop\data-centric-cross-season-transfer\datasets\train_on_2025_all\images\frame_00012_jpg.rf.b327326d0cbc9e663dd5b02c13ecf1a1.jpg,frame_00012_jpg.rf.b327326d0cbc9e663dd5b02c13ecf1a1.jpg,87.86254774305556,56.203979477738095
C:\Users\carmonta\Desktop\data-centric-cross-season-transfer\datasets\train_on_2025_all\images\frame_00012_jpg.rf.d5367e86c8973aad59dea34746bb7567.jpg,frame_00012_jpg.rf.d5367e86c8973aad59dea34746bb7567.jpg,107.61403645833333,71.7858664651921
C:\Users\carmonta\Desktop\data-centric-cross-season-transfer\datasets\train_on_2025_all\images\frame_00013_jpg.rf.1899238de463496a8186daabf966c102.jpg,frame_00013_jpg.rf.1899238de463496a8186daabf966c102.jpg,99.55019097222223,59.039866018457545
C:\Users\carmonta\Desktop\data-centric-cross-season-transfer\datasets\train_on_2025_all\images\frame_00013_jpg.rf.2293b7358d448393725953de5a24f690.jpg,frame_00013_jpg.rf.2293b7358d448393725953de5a24f690.jpg,71.72754340277778,58.2627614332962
C:\Users\carmonta\Desktop\data-centric-cross-season-transfer\datasets\train_on_2025_all\images\frame_00013_jpg.rf.23a48c47eeee0b7fa9b0bfebd5014129.jpg,frame_00013_jpg.rf.23a48c47eeee0b7fa9b0bfebd5014129.jpg,103.2383203125,70.37950532839038
C:\Users\carmonta\Desktop\data-centric-cross-season-transfer\datasets\train_on_2025_all\images\frame_00013_jpg.rf.319a0513adcc6c335d9ab4228ba24610.jpg,frame_00013_jpg.rf.319a0513adcc6c335d9ab4228ba24610.jpg,108.43662760416667,77.46823505329638
C:\Users\carmonta\Desktop\data-centric-cross-season-transfer\datasets\train_on_2025_all\images\frame_00013_jpg.rf.33495cc14bd83aa5c060bf2c86eafd9d.jpg,frame_00013_jpg.rf.33495cc14bd83aa5c060bf2c86eafd9d.jpg,124.09159722222222,41.57697998247071
C:\Users\carmonta\Desktop\data-centric-cross-season-transfer\datasets\train_on_2025_all\images\frame_00013_jpg.rf.3cfbf60c3b10c9fb572307cdefb596fe.jpg,frame_00013_jpg.rf.3cfbf60c3b10c9fb572307cdefb596fe.jpg,119.83055555555555,54.82252722836888
C:\Users\carmonta\Desktop\data-centric-cross-season-transfer\datasets\train_on_2025_all\images\frame_00013_jpg.rf.5f647dda9e1171f42c6b62373e8025cb.jpg,frame_00013_jpg.rf.5f647dda9e1171f42c6b62373e8025cb.jpg,108.40212239583333,77.42240108051304
C:\Users\carmonta\Desktop\data-centric-cross-season-transfer\datasets\train_on_2025_all\images\frame_00013_jpg.rf.7fd42a37e2e335130df78ddea7ce7837.jpg,frame_00013_jpg.rf.7fd42a37e2e335130df78ddea7ce7837.jpg,103.23884982638889,70.38163653010825
C:\Users\carmonta\Desktop\data-centric-cross-season-transfer\datasets\train_on_2025_all\images\frame_00013_jpg.rf.90a25b49b789cdf6bad5fedd717e869d.jpg,frame_00013_jpg.rf.90a25b49b789cdf6bad5fedd717e869d.jpg,103.22791232638889,70.36290776736294
C:\Users\carmonta\Desktop\data-centric-cross-season-transfer\datasets\train_on_2025_all\images\frame_00013_jpg.rf.9424091660d3d8faeac807af68bea7d1.jpg,frame_00013_jpg.rf.9424091660d3d8faeac807af68bea7d1.jpg,99.52469618055555,58.94201502231097
C:\Users\carmonta\Desktop\data-centric-cross-season-transfer\datasets\train_on_2025_all\images\frame_00013_jpg.rf.a7626f97a6e8c7976f77563ec43b7434.jpg,frame_00013_jpg.rf.a7626f97a6e8c7976f77563ec43b7434.jpg,71.74268663194445,58.290263421912044
C:\Users\carmonta\Desktop\data-centric-cross-season-transfer\datasets\train_on_2025_all\images\frame_00013_jpg.rf.ac522859c488f77bc01bbd9ddf6874a5.jpg,frame_00013_jpg.rf.ac522859c488f77bc01bbd9ddf6874a5.jpg,71.75281684027777,58.33320132692915
C:\Users\carmonta\Desktop\data-centric-cross-season-transfer\datasets\train_on_2025_all\images\frame_00013_jpg.rf.b3396acf74af18d7089a3047d4be5d20.jpg,frame_00013_jpg.rf.b3396acf74af18d7089a3047d4be5d20.jpg,119.82955729166666,54.814419258605454
C:\Users\carmonta\Desktop\data-centric-cross-season-transfer\datasets\train_on_2025_all\images\frame_00013_jpg.rf.de50b537844f2f7bbe8ba620b59eb03f.jpg,frame_00013_jpg.rf.de50b537844f2f7bbe8ba620b59eb03f.jpg,119.8324001736111,54.85462744824445
C:\Users\carmonta\Desktop\data-centric-cross-season-transfer\datasets\train_on_2025_all\images\frame_00013_jpg.rf.e1154bca91357fe48969ad8f4576566c.jpg,frame_00013_jpg.rf.e1154bca91357fe48969ad8f4576566c.jpg,99.53842881944445,58.97975176882273
C:\Users\carmonta\Desktop\data-centric-cross-season-transfer\datasets\train_on_2025_all\images\frame_00013_jpg.rf.f414092ae4a557ccedf5dae2401a0476.jpg,frame_00013_jpg.rf.f414092ae4a557ccedf5dae2401a0476.jpg,124.09044270833333,41.44052346492579
C:\Users\carmonta\Desktop\data-centric-cross-season-transfer\datasets\train_on_2025_all\images\frame_00014_jpg.rf.027acbf6ecbcae9440eb32cc535e0f85.jpg,frame_00014_jpg.rf.027acbf6ecbcae9440eb32cc535e0f85.jpg,106.83678385416667,72.38973053584492
C:\Users\carmonta\Desktop\data-centric-cross-season-transfer\datasets\train_on_2025_all\images\frame_00014_jpg.rf.09f752e73efd453fd40d0525874a4a7e.jpg,frame_00014_jpg.rf.09f752e73efd453fd40d0525874a4a7e.jpg,124.16008246527778,75.84778166727993
C:\Users\carmonta\Desktop\data-centric-cross-season-transfer\datasets\train_on_2025_all\images\frame_00014_jpg.rf.0d150120491ddb479d7148119157af45.jpg,frame_00014_jpg.rf.0d150120491ddb479d7148119157af45.jpg,124.16121961805555,75.86746726340562
C:\Users\carmonta\Desktop\data-centric-cross-season-transfer\datasets\train_on_2025_all\images\frame_00014_jpg.rf.145cd94f711de877a1eec6747883fa55.jpg,frame_00014_jpg.rf.145cd94f711de877a1eec6747883fa55.jpg,93.15482638888889,63.95887998657049
C:\Users\carmonta\Desktop\data-centric-cross-season-transfer\datasets\train_on_2025_all\images\frame_00014_jpg.rf.243884c77901410e44dfd1d0302003bc.jpg,frame_00014_jpg.rf.243884c77901410e44dfd1d0302003bc.jpg,93.16608506944445,64.0034941872728
C:\Users\carmonta\Desktop\data-centric-cross-season-transfer\datasets\train_on_2025_all\images\frame_00014_jpg.rf.2eea9a9106aa9182cc2914addc168882.jpg,frame_00014_jpg.rf.2eea9a9106aa9182cc2914addc168882.jpg,108.90143229166667,56.72407415045501
C:\Users\carmonta\Desktop\data-centric-cross-season-transfer\datasets\train_on_2025_all\images\frame_00014_jpg.rf.3736b8c466391833b4bc665e26c8075b.jpg,frame_00014_jpg.rf.3736b8c466391833b4bc665e26c8075b.jpg,122.80512152777777,52.79703455167258
C:\Users\carmonta\Desktop\data-centric-cross-season-transfer\datasets\train_on_2025_all\images\frame_00014_jpg.rf.3896287d5f1ac17f5bb01b014ffc96af.jpg,frame_00014_jpg.rf.3896287d5f1ac17f5bb01b014ffc96af.jpg,122.78876302083333,52.69192631282983
C:\Users\carmonta\Desktop\data-centric-cross-season-transfer\datasets\train_on_2025_all\images\frame_00014_jpg.rf.6ea7fb2cf517954763e38e90ff237d01.jpg,frame_00014_jpg.rf.6ea7fb2cf517954763e38e90ff237d01.jpg,124.17259982638889,75.86674633692498
C:\Users\carmonta\Desktop\data-centric-cross-season-transfer\datasets\train_on_2025_all\images\frame_00014_jpg.rf.741b625386bb48a28e6fdde9681c1592.jpg,frame_00014_jpg.rf.741b625386bb48a28e6fdde9681c1592.jpg,124.7059765625,40.34660868445149
C:\Users\carmonta\Desktop\data-centric-cross-season-transfer\datasets\train_on_2025_all\images\frame_00014_jpg.rf.9b9bd34dc165431135ddc39fd6827b44.jpg,frame_00014_jpg.rf.9b9bd34dc165431135ddc39fd6827b44.jpg,93.140078125,63.91975876370751
C:\Users\carmonta\Desktop\data-centric-cross-season-transfer\datasets\train_on_2025_all\images\frame_00014_jpg.rf.aa50a01756de8ca57719d0b8ba173f97.jpg,frame_00014_jpg.rf.aa50a01756de8ca57719d0b8ba173f97.jpg,108.92416666666666,56.81811628210867
C:\Users\carmonta\Desktop\data-centric-cross-season-transfer\datasets\train_on_2025_all\images\frame_00014_jpg.rf.aafbf3f9f4df4749b95fc1001d610c62.jpg,frame_00014_jpg.rf.aafbf3f9f4df4749b95fc1001d610c62.jpg,106.83499131944444,72.37821622279506
C:\Users\carmonta\Desktop\data-centric-cross-season-transfer\datasets\train_on_2025_all\images\frame_00014_jpg.rf.c4e6a8b6f4bd3f38ea22abe07ec20dce.jpg,frame_00014_jpg.rf.c4e6a8b6f4bd3f38ea22abe07ec20dce.jpg,122.79845486111111,52.816869602679354
C:\Users\carmonta\Desktop\data-centric-cross-season-transfer\datasets\train_on_2025_all\images\frame_00014_jpg.rf.ef6fd92adaef6abdd424e2a31ef307f5.jpg,frame_00014_jpg.rf.ef6fd92adaef6abdd424e2a31ef307f5.jpg,124.68601128472223,40.235391700442875
C:\Users\carmonta\Desktop\data-centric-cross-season-transfer\datasets\train_on_2025_all\images\frame_00015_jpg.rf.0abf8e298d11a6e3bf029d71a9ba5b09.jpg,frame_00015_jpg.rf.0abf8e298d11a6e3bf029d71a9ba5b09.jpg,120.81661892361112,47.342979823499945
C:\Users\carmonta\Desktop\data-centric-cross-season-transfer\datasets\train_on_2025_all\images\frame_00015_jpg.rf.0ca3b7f2838664bff3359ac8b4c88485.jpg,frame_00015_jpg.rf.0ca3b7f2838664bff3359ac8b4c88485.jpg,126.69168836805555,37.89901764631457
C:\Users\carmonta\Desktop\data-centric-cross-season-transfer\datasets\train_on_2025_all\images\frame_00015_jpg.rf.3c633cd03e10fa8856865430768d0686.jpg,frame_00015_jpg.rf.3c633cd03e10fa8856865430768d0686.jpg,141.58734375,68.01810606753013
C:\Users\carmonta\Desktop\data-centric-cross-season-transfer\datasets\train_on_2025_all\images\frame_00015_jpg.rf.4fde44cc0ae7a7a6cfaa76db98cb4787.jpg,frame_00015_jpg.rf.4fde44cc0ae7a7a6cfaa76db98cb4787.jpg,120.81427083333334,47.29975097372764
C:\Users\carmonta\Desktop\data-centric-cross-season-transfer\datasets\train_on_2025_all\images\frame_00015_jpg.rf.5b42fbdcf94c53ca1acdf76f3e035605.jpg,frame_00015_jpg.rf.5b42fbdcf94c53ca1acdf76f3e035605.jpg,141.5939887152778,67.98812334607715
C:\Users\carmonta\Desktop\data-centric-cross-season-transfer\datasets\train_on_2025_all\images\frame_00015_jpg.rf.6a773fa8d4718b2424325a1ef0685270.jpg,frame_00015_jpg.rf.6a773fa8d4718b2424325a1ef0685270.jpg,141.60205295138888,67.92659757496897
C:\Users\carmonta\Desktop\data-centric-cross-season-transfer\datasets\train_on_2025_all\images\frame_00015_jpg.rf.92753c53cbba949449d856f98bee674f.jpg,frame_00015_jpg.rf.92753c53cbba949449d856f98bee674f.jpg,86.37276041666667,68.77803203274115
C:\Users\carmonta\Desktop\data-centric-cross-season-transfer\datasets\train_on_2025_all\images\frame_00015_jpg.rf.9487e4336fa202687ed1274974ba879c.jpg,frame_00015_jpg.rf.9487e4336fa202687ed1274974ba879c.jpg,119.20348958333334,52.60937307545351
C:\Users\carmonta\Desktop\data-centric-cross-season-transfer\datasets\train_on_2025_all\images\frame_00015_jpg.rf.a38684bd0696640d5259274d2b740fb6.jpg,frame_00015_jpg.rf.a38684bd0696640d5259274d2b740fb6.jpg,119.18258680555556,52.54442593444769
C:\Users\carmonta\Desktop\data-centric-cross-season-transfer\datasets\train_on_2025_all\images\frame_00015_jpg.rf.a9177aba30cd3c5b88aa2c5b72ce9d2a.jpg,frame_00015_jpg.rf.a9177aba30cd3c5b88aa2c5b72ce9d2a.jpg,126.69813368055556,38.05276930428566
C:\Users\carmonta\Desktop\data-centric-cross-season-transfer\datasets\train_on_2025_all\images\frame_00015_jpg.rf.b93c7c20acaed42ea4d86837a3485a47.jpg,frame_00015_jpg.rf.b93c7c20acaed42ea4d86837a3485a47.jpg,120.81412326388889,47.289415587159496
C:\Users\carmonta\Desktop\data-centric-cross-season-transfer\datasets\train_on_2025_all\images\frame_00015_jpg.rf.cc394da2792202c34f76ada70c3efb5e.jpg,frame_00015_jpg.rf.cc394da2792202c34f76ada70c3efb5e.jpg,126.68591145833334,37.935043089751815
C:\Users\carmonta\Desktop\data-centric-cross-season-transfer\datasets\train_on_2025_all\images\frame_00015_jpg.rf.fa289b06dc941edd53d81c24834b273a.jpg,frame_00015_jpg.rf.fa289b06dc941edd53d81c24834b273a.jpg,86.42512152777778,68.85763695858255
C:\Users\carmonta\Desktop\data-centric-cross-season-transfer\datasets\train_on_2025_all\images\frame_00016_jpg.rf.0006f06b9938f0a50d749b7edc17ac5b.jpg,frame_00016_jpg.rf.0006f06b9938f0a50d749b7edc17ac5b.jpg,89.97145399305556,57.116423318776306
C:\Users\carmonta\Desktop\data-centric-cross-season-transfer\datasets\train_on_2025_all\images\frame_00016_jpg.rf.16e8915aa59422a8497316f6cf8b7692.jpg,frame_00016_jpg.rf.16e8915aa59422a8497316f6cf8b7692.jpg,114.11352430555556,55.221093912801955
C:\Users\carmonta\Desktop\data-centric-cross-season-transfer\datasets\train_on_2025_all\images\frame_00016_jpg.rf.48cace9049b4cd9c1a5c40af1b489d53.jpg,frame_00016_jpg.rf.48cace9049b4cd9c1a5c40af1b489d53.jpg,114.12894965277778,55.30988517461156
C:\Users\carmonta\Desktop\data-centric-cross-season-transfer\datasets\train_on_2025_all\images\frame_00016_jpg.rf.5336e29a50b604c268497c652a73d85f.jpg,frame_00016_jpg.rf.5336e29a50b604c268497c652a73d85f.jpg,95.65187065972222,66.35141281222063
C:\Users\carmonta\Desktop\data-centric-cross-season-transfer\datasets\train_on_2025_all\images\frame_00016_jpg.rf.655bb93b3952f132402fef6f3e2e335b.jpg,frame_00016_jpg.rf.655bb93b3952f132402fef6f3e2e335b.jpg,105.82309027777778,56.51883156086773
C:\Users\carmonta\Desktop\data-centric-cross-season-transfer\datasets\train_on_2025_all\images\frame_00016_jpg.rf.6dfb2d04cbb42db5c89f9d08f4aec709.jpg,frame_00016_jpg.rf.6dfb2d04cbb42db5c89f9d08f4aec709.jpg,105.81420572916667,56.491142131692584
C:\Users\carmonta\Desktop\data-centric-cross-season-transfer\datasets\train_on_2025_all\images\frame_00016_jpg.rf.a20e9d66cb8f93c989333e18c5a89d4d.jpg,frame_00016_jpg.rf.a20e9d66cb8f93c989333e18c5a89d4d.jpg,89.94790364583334,57.03361961163437
C:\Users\carmonta\Desktop\data-centric-cross-season-transfer\datasets\train_on_2025_all\images\frame_00016_jpg.rf.b9ad6a710c349e2fca2f47b535a1b2f8.jpg,frame_00016_jpg.rf.b9ad6a710c349e2fca2f47b535a1b2f8.jpg,95.67870659722222,66.45089659065638
C:\Users\carmonta\Desktop\data-centric-cross-season-transfer\datasets\train_on_2025_all\images\frame_00016_jpg.rf.cd8d3275b870b281a9d7025cbdfab499.jpg,frame_00016_jpg.rf.cd8d3275b870b281a9d7025cbdfab499.jpg,89.98468315972222,57.129570346092464
C:\Users\carmonta\Desktop\data-centric-cross-season-transfer\datasets\train_on_2025_all\images\frame_00016_jpg.rf.d34909c5df4e3b53c5709a9edff0138d.jpg,frame_00016_jpg.rf.d34909c5df4e3b53c5709a9edff0138d.jpg,77.31427517361111,63.94746659344229
C:\Users\carmonta\Desktop\data-centric-cross-season-transfer\datasets\train_on_2025_all\images\frame_00016_jpg.rf.e44b0ad8027c5cb307c7cfa7489a6d8f.jpg,frame_00016_jpg.rf.e44b0ad8027c5cb307c7cfa7489a6d8f.jpg,105.8200564236111,56.529653320277006
C:\Users\carmonta\Desktop\data-centric-cross-season-transfer\datasets\train_on_2025_all\images\frame_00016_jpg.rf.ee599fdcbb1e8f33e7230583b9c24776.jpg,frame_00016_jpg.rf.ee599fdcbb1e8f33e7230583b9c24776.jpg,114.12305989583334,55.324820029501765
C:\Users\carmonta\Desktop\data-centric-cross-season-transfer\datasets\train_on_2025_all\images\frame_00016_jpg.rf.f10e1d271453f680ef83a085acc37925.jpg,frame_00016_jpg.rf.f10e1d271453f680ef83a085acc37925.jpg,77.2994921875,63.91908782153083
C:\Users\carmonta\Desktop\data-centric-cross-season-transfer\datasets\train_on_2025_all\images\frame_00017_jpg.rf.19afc68b2917a45db194e789f87a5e9d.jpg,frame_00017_jpg.rf.19afc68b2917a45db194e789f87a5e9d.jpg,58.68519097222222,62.29863493186068
C:\Users\carmonta\Desktop\data-centric-cross-season-transfer\datasets\train_on_2025_all\images\frame_00017_jpg.rf.28efa9110f3172cd77ae356b9fa49b9b.jpg,frame_00017_jpg.rf.28efa9110f3172cd77ae356b9fa49b9b.jpg,85.9680295138889,58.919758527186
C:\Users\carmonta\Desktop\data-centric-cross-season-transfer\datasets\train_on_2025_all\images\frame_00017_jpg.rf.41482e5a6c1ce704f44664dc93fd4ff8.jpg,frame_00017_jpg.rf.41482e5a6c1ce704f44664dc93fd4ff8.jpg,85.95883680555555,58.896195156014215
C:\Users\carmonta\Desktop\data-centric-cross-season-transfer\datasets\train_on_2025_all\images\frame_00017_jpg.rf.50d7ebad9f0e1d5eb8e116034adc42ff.jpg,frame_00017_jpg.rf.50d7ebad9f0e1d5eb8e116034adc42ff.jpg,122.65879340277777,39.76196941473809
C:\Users\carmonta\Desktop\data-centric-cross-season-transfer\datasets\train_on_2025_all\images\frame_00017_jpg.rf.5e70a891dec4cf0ae0e286694c630b0c.jpg,frame_00017_jpg.rf.5e70a891dec4cf0ae0e286694c630b0c.jpg,95.80160590277778,59.11233719689494
C:\Users\carmonta\Desktop\data-centric-cross-season-transfer\datasets\train_on_2025_all\images\frame_00017_jpg.rf.64e5f09ccc1a92f1f5d5810206e05a55.jpg,frame_00017_jpg.rf.64e5f09ccc1a92f1f5d5810206e05a55.jpg,85.99470052083333,58.973449568713335
C:\Users\carmonta\Desktop\data-centric-cross-season-transfer\datasets\train_on_2025_all\images\frame_00017_jpg.rf.767a37d646b903457e2562af45bc3716.jpg,frame_00017_jpg.rf.767a37d646b903457e2562af45bc3716.jpg,85.209140625,50.91781548544758
C:\Users\carmonta\Desktop\data-centric-cross-season-transfer\datasets\train_on_2025_all\images\frame_00017_jpg.rf.a1ee837e62f6b24c1a7f7d4cb5dbf462.jpg,frame_00017_jpg.rf.a1ee837e62f6b24c1a7f7d4cb5dbf462.jpg,58.67035590277778,62.28399644564717
C:\Users\carmonta\Desktop\data-centric-cross-season-transfer\datasets\train_on_2025_all\images\frame_00017_jpg.rf.af5669c1e03e8911783bbead0f991dd5.jpg,frame_00017_jpg.rf.af5669c1e03e8911783bbead0f991dd5.jpg,85.23546440972223,50.98243582098564
C:\Users\carmonta\Desktop\data-centric-cross-season-transfer\datasets\train_on_2025_all\images\frame_00017_jpg.rf.f337ff5f85bfdab1b81feab6827cf4d1.jpg,frame_00017_jpg.rf.f337ff5f85bfdab1b81feab6827cf4d1.jpg,85.22452256944445,50.96772626737248
C:\Users\carmonta\Desktop\data-centric-cross-season-transfer\datasets\train_on_2025_all\images\frame_00018_jpg.rf.045654780a1929c8e3a9410683e00f56.jpg,frame_00018_jpg.rf.045654780a1929c8e3a9410683e00f56.jpg,87.93610677083333,56.55555744792499
C:\Users\carmonta\Desktop\data-centric-cross-season-transfer\datasets\train_on_2025_all\images\frame_00018_jpg.rf.179ae3e04029bd991aa85413728f9d9a.jpg,frame_00018_jpg.rf.179ae3e04029bd991aa85413728f9d9a.jpg,83.72530381944445,52.797497724482376
C:\Users\carmonta\Desktop\data-centric-cross-season-transfer\datasets\train_on_2025_all\images\frame_00018_jpg.rf.278317fcbd5a9faafd688f71cbfed544.jpg,frame_00018_jpg.rf.278317fcbd5a9faafd688f71cbfed544.jpg,83.77218315972222,52.89526712649365
C:\Users\carmonta\Desktop\data-centric-cross-season-transfer\datasets\train_on_2025_all\images\frame_00018_jpg.rf.283451d7c2c9a3dab6dfa275af49e1de.jpg,frame_00018_jpg.rf.283451d7c2c9a3dab6dfa275af49e1de.jpg,121.25776475694444,42.326900379051295
C:\Users\carmonta\Desktop\data-centric-cross-season-transfer\datasets\train_on_2025_all\images\frame_00018_jpg.rf.2fc79adf4f348bcc0467b5a5b102bae8.jpg,frame_00018_jpg.rf.2fc79adf4f348bcc0467b5a5b102bae8.jpg,102.77858506944445,72.40375498442877
C:\Users\carmonta\Desktop\data-centric-cross-season-transfer\datasets\train_on_2025_all\images\frame_00018_jpg.rf.50801ade734e72657c66008b8589730a.jpg,frame_00018_jpg.rf.50801ade734e72657c66008b8589730a.jpg,74.42790364583334,58.923479774894346
C:\Users\carmonta\Desktop\data-centric-cross-season-transfer\datasets\train_on_2025_all\images\frame_00018_jpg.rf.6ed95c9daea9ba9fd104cd9a5e0bf231.jpg,frame_00018_jpg.rf.6ed95c9daea9ba9fd104cd9a5e0bf231.jpg,87.93610677083333,56.55555744792499
C:\Users\carmonta\Desktop\data-centric-cross-season-transfer\datasets\train_on_2025_all\images\frame_00018_jpg.rf.91f3dd57c0fd328f0cc84e09ec1f98e0.jpg,frame_00018_jpg.rf.91f3dd57c0fd328f0cc84e09ec1f98e0.jpg,83.7157248263889,52.752839404432386
C:\Users\carmonta\Desktop\data-centric-cross-season-transfer\datasets\train_on_2025_all\images\frame_00018_jpg.rf.9f273c1f7d6b057e34c98de7bf38df3b.jpg,frame_00018_jpg.rf.9f273c1f7d6b057e34c98de7bf38df3b.jpg,87.96893229166666,56.662665132050954
C:\Users\carmonta\Desktop\data-centric-cross-season-transfer\datasets\train_on_2025_all\images\frame_00018_jpg.rf.d42ae9613341fe7894d9414466dc603f.jpg,frame_00018_jpg.rf.d42ae9613341fe7894d9414466dc603f.jpg,102.7639279513889,72.35335512805523
C:\Users\carmonta\Desktop\data-centric-cross-season-transfer\datasets\train_on_2025_all\images\frame_00018_jpg.rf.e16244cefb436c26dfc4ffa4d0d72d08.jpg,frame_00018_jpg.rf.e16244cefb436c26dfc4ffa4d0d72d08.jpg,121.25776475694444,42.326900379051295
C:\Users\carmonta\Desktop\data-centric-cross-season-transfer\datasets\train_on_2025_all\images\frame_00018_jpg.rf.e1a2b77505cda3a8c61d291dc45cda95.jpg,frame_00018_jpg.rf.e1a2b77505cda3a8c61d291dc45cda95.jpg,74.46314236111111,59.00492545813452
C:\Users\carmonta\Desktop\data-centric-cross-season-transfer\datasets\train_on_2025_all\images\frame_00018_jpg.rf.f0ba91aa037e6904c98b49b4b8319cc3.jpg,frame_00018_jpg.rf.f0ba91aa037e6904c98b49b4b8319cc3.jpg,121.26721354166666,42.48592632231074
C:\Users\carmonta\Desktop\data-centric-cross-season-transfer\datasets\train_on_2025_all\images\frame_00018_jpg.rf.f7b0d836e8ede3457a56ecc90885e51e.jpg,frame_00018_jpg.rf.f7b0d836e8ede3457a56ecc90885e51e.jpg,74.45291232638888,58.968834795978786
C:\Users\carmonta\Desktop\data-centric-cross-season-transfer\datasets\train_on_2025_all\images\frame_00018_jpg.rf.ffd06b013d24005afb72f5b20153d629.jpg,frame_00018_jpg.rf.ffd06b013d24005afb72f5b20153d629.jpg,102.7639279513889,72.35335512805523
C:\Users\carmonta\Desktop\data-centric-cross-season-transfer\datasets\train_on_2025_all\images\frame_00019_jpg.rf.27047bb0ec9e4dca1125763faff6787e.jpg,frame_00019_jpg.rf.27047bb0ec9e4dca1125763faff6787e.jpg,94.09869357638888,53.13639423587641
C:\Users\carmonta\Desktop\data-centric-cross-season-transfer\datasets\train_on_2025_all\images\frame_00019_jpg.rf.4972f7f1306d9a19950c5aa2b1deb74c.jpg,frame_00019_jpg.rf.4972f7f1306d9a19950c5aa2b1deb74c.jpg,91.04592881944444,56.152674366055
C:\Users\carmonta\Desktop\data-centric-cross-season-transfer\datasets\train_on_2025_all\images\frame_00019_jpg.rf.7057e6351c81e5954cb19768d3f3899b.jpg,frame_00019_jpg.rf.7057e6351c81e5954cb19768d3f3899b.jpg,91.01299479166667,56.05607044968805
C:\Users\carmonta\Desktop\data-centric-cross-season-transfer\datasets\train_on_2025_all\images\frame_00019_jpg.rf.9b9f983fbfa57ad34ee97c78f81c8c8a.jpg,frame_00019_jpg.rf.9b9f983fbfa57ad34ee97c78f81c8c8a.jpg,118.89421440972222,44.53609055990746
C:\Users\carmonta\Desktop\data-centric-cross-season-transfer\datasets\train_on_2025_all\images\frame_00019_jpg.rf.dafae3f61ce0844c6bc21c1febf65c8a.jpg,frame_00019_jpg.rf.dafae3f61ce0844c6bc21c1febf65c8a.jpg,118.88994357638889,44.41440290408819
C:\Users\carmonta\Desktop\data-centric-cross-season-transfer\datasets\train_on_2025_all\images\frame_00019_jpg.rf.fffe4148ce522bbf09b5d76a1bda06ea.jpg,frame_00019_jpg.rf.fffe4148ce522bbf09b5d76a1bda06ea.jpg,91.03268229166666,56.13317327514324
C:\Users\carmonta\Desktop\data-centric-cross-season-transfer\datasets\train_on_2025_all\images\frame_00020_jpg.rf.04dcebb954ece1c2d3182d95de7ca2bd.jpg,frame_00020_jpg.rf.04dcebb954ece1c2d3182d95de7ca2bd.jpg,92.00157986111111,57.969022177592926
C:\Users\carmonta\Desktop\data-centric-cross-season-transfer\datasets\train_on_2025_all\images\frame_00020_jpg.rf.0843d5ffd03ce464d91e9c0aeee009bf.jpg,frame_00020_jpg.rf.0843d5ffd03ce464d91e9c0aeee009bf.jpg,117.60133246527778,46.684867739222554
C:\Users\carmonta\Desktop\data-centric-cross-season-transfer\datasets\train_on_2025_all\images\frame_00020_jpg.rf.0bf67cc49262c4c00cfe5bb742150a26.jpg,frame_00020_jpg.rf.0bf67cc49262c4c00cfe5bb742150a26.jpg,105.9325,48.748154979331154
C:\Users\carmonta\Desktop\data-centric-cross-season-transfer\datasets\train_on_2025_all\images\frame_00020_jpg.rf.335d4bb6e3dadde88a38036d7e42b395.jpg,frame_00020_jpg.rf.335d4bb6e3dadde88a38036d7e42b395.jpg,111.70287760416667,51.37230295418551
C:\Users\carmonta\Desktop\data-centric-cross-season-transfer\datasets\train_on_2025_all\images\frame_00020_jpg.rf.478fd706a183fd474beeb50b06a59795.jpg,frame_00020_jpg.rf.478fd706a183fd474beeb50b06a59795.jpg,105.92188368055555,48.72489596071298
C:\Users\carmonta\Desktop\data-centric-cross-season-transfer\datasets\train_on_2025_all\images\frame_00020_jpg.rf.50af1e3d7b8ad7d845ae1e6373188edf.jpg,frame_00020_jpg.rf.50af1e3d7b8ad7d845ae1e6373188edf.jpg,120.83118923611111,71.0542425414157
C:\Users\carmonta\Desktop\data-centric-cross-season-transfer\datasets\train_on_2025_all\images\frame_00020_jpg.rf.57a81ca25f6d90da0e6b71379228331f.jpg,frame_00020_jpg.rf.57a81ca25f6d90da0e6b71379228331f.jpg,85.29273003472223,64.30608993210471
C:\Users\carmonta\Desktop\data-centric-cross-season-transfer\datasets\train_on_2025_all\images\frame_00020_jpg.rf.59db2c9a4fa2ade9da9a747a3d69d1cb.jpg,frame_00020_jpg.rf.59db2c9a4fa2ade9da9a747a3d69d1cb.jpg,85.26339409722222,64.27333624468059
C:\Users\carmonta\Desktop\data-centric-cross-season-transfer\datasets\train_on_2025_all\images\frame_00020_jpg.rf.9034c00facbf2733856f3e170459db10.jpg,frame_00020_jpg.rf.9034c00facbf2733856f3e170459db10.jpg,120.83182291666667,71.05745271440786
C:\Users\carmonta\Desktop\data-centric-cross-season-transfer\datasets\train_on_2025_all\images\frame_00020_jpg.rf.af14529144fc3c278f795e5955a8d336.jpg,frame_00020_jpg.rf.af14529144fc3c278f795e5955a8d336.jpg,91.97141927083334,57.90064342183734
C:\Users\carmonta\Desktop\data-centric-cross-season-transfer\datasets\train_on_2025_all\images\frame_00020_jpg.rf.b980c2cc7dfe6781f06df891a2432cb9.jpg,frame_00020_jpg.rf.b980c2cc7dfe6781f06df891a2432cb9.jpg,120.83063368055555,71.04315953305236
C:\Users\carmonta\Desktop\data-centric-cross-season-transfer\datasets\train_on_2025_all\images\frame_00020_jpg.rf.ca71f166c8d4421c30ae180fad6e68de.jpg,frame_00020_jpg.rf.ca71f166c8d4421c30ae180fad6e68de.jpg,85.25783854166667,64.25976778200761
C:\Users\carmonta\Desktop\data-centric-cross-season-transfer\datasets\train_on_2025_all\images\frame_00020_jpg.rf.caafb26e8a57990923665e1de57b27b7.jpg,frame_00020_jpg.rf.caafb26e8a57990923665e1de57b27b7.jpg,111.70451822916667,51.38320371174638
C:\Users\carmonta\Desktop\data-centric-cross-season-transfer\datasets\train_on_2025_all\images\frame_00020_jpg.rf.cd618e25dc4f5272b7f730cb35aa9153.jpg,frame_00020_jpg.rf.cd618e25dc4f5272b7f730cb35aa9153.jpg,117.60669704861111,46.79493843685727
C:\Users\carmonta\Desktop\data-centric-cross-season-transfer\datasets\train_on_2025_all\images\frame_00020_jpg.rf.d16cd44a8b1e63f465829c720fd37489.jpg,frame_00020_jpg.rf.d16cd44a8b1e63f465829c720fd37489.jpg,111.71114583333333,51.42937706625637
C:\Users\carmonta\Desktop\data-centric-cross-season-transfer\datasets\train_on_2025_all\images\frame_00020_jpg.rf.fb2e0b18dfe6a45fb4a0a789e0ff4d6e.jpg,frame_00020_jpg.rf.fb2e0b18dfe6a45fb4a0a789e0ff4d6e.jpg,91.96663194444444,57.88842070013831
C:\Users\carmonta\Desktop\data-centric-cross-season-transfer\datasets\train_on_2025_all\images\frame_00021_jpg.rf.2316509f3264f0f6f967c8f6427b96b0.jpg,frame_00021_jpg.rf.2316509f3264f0f6f967c8f6427b96b0.jpg,99.82503038194444,52.758609234004346
C:\Users\carmonta\Desktop\data-centric-cross-season-transfer\datasets\train_on_2025_all\images\frame_00021_jpg.rf.2c45f07b0a60c986f2f1051070cb58e4.jpg,frame_00021_jpg.rf.2c45f07b0a60c986f2f1051070cb58e4.jpg,116.09535590277778,49.04546506419239
C:\Users\carmonta\Desktop\data-centric-cross-season-transfer\datasets\train_on_2025_all\images\frame_00021_jpg.rf.3d2e5a137659b5572f3ef13cc5a469a8.jpg,frame_00021_jpg.rf.3d2e5a137659b5572f3ef13cc5a469a8.jpg,104.16440104166666,60.2258788166843
C:\Users\carmonta\Desktop\data-centric-cross-season-transfer\datasets\train_on_2025_all\images\frame_00021_jpg.rf.40c6cdeea8ec812ddb4e19eb77491a39.jpg,frame_00021_jpg.rf.40c6cdeea8ec812ddb4e19eb77491a39.jpg,90.62229166666667,61.83815739233196
C:\Users\carmonta\Desktop\data-centric-cross-season-transfer\datasets\train_on_2025_all\images\frame_00021_jpg.rf.497b1453a3af357671bd3338af6d7234.jpg,frame_00021_jpg.rf.497b1453a3af357671bd3338af6d7234.jpg,104.17842881944445,60.28391963845612
C:\Users\carmonta\Desktop\data-centric-cross-season-transfer\datasets\train_on_2025_all\images\frame_00021_jpg.rf.5fa93950d002d8747129ea453eb03005.jpg,frame_00021_jpg.rf.5fa93950d002d8747129ea453eb03005.jpg,116.11734375,49.15328505637466
C:\Users\carmonta\Desktop\data-centric-cross-season-transfer\datasets\train_on_2025_all\images\frame_00021_jpg.rf.b6c62b609d77fc66457bdd13984b0c13.jpg,frame_00021_jpg.rf.b6c62b609d77fc66457bdd13984b0c13.jpg,99.847890625,52.84359773020163
C:\Users\carmonta\Desktop\data-centric-cross-season-transfer\datasets\train_on_2025_all\images\frame_00021_jpg.rf.b913730f934fc4ad243f16da9955766b.jpg,frame_00021_jpg.rf.b913730f934fc4ad243f16da9955766b.jpg,104.15332465277778,60.20808382493413
C:\Users\carmonta\Desktop\data-centric-cross-season-transfer\datasets\train_on_2025_all\images\frame_00021_jpg.rf.d0e5b3351bb734ec2e1d951f03db262b.jpg,frame_00021_jpg.rf.d0e5b3351bb734ec2e1d951f03db262b.jpg,90.60918402777777,61.779366097232305
C:\Users\carmonta\Desktop\data-centric-cross-season-transfer\datasets\train_on_2025_all\images\frame_00021_jpg.rf.d30b91cd09a6d3bb01bf14d720659f66.jpg,frame_00021_jpg.rf.d30b91cd09a6d3bb01bf14d720659f66.jpg,90.64675347222222,61.85733515979466
C:\Users\carmonta\Desktop\data-centric-cross-season-transfer\datasets\train_on_2025_all\images\frame_00021_jpg.rf.e68a4fde0be221e55b58495bc4ae76ae.jpg,frame_00021_jpg.rf.e68a4fde0be221e55b58495bc4ae76ae.jpg,99.84653211805555,52.82172940923861
C:\Users\carmonta\Desktop\data-centric-cross-season-transfer\datasets\train_on_2025_all\images\frame_00022_jpg.rf.00a3e8a8c59d115c010980eecbcbc981.jpg,frame_00022_jpg.rf.00a3e8a8c59d115c010980eecbcbc981.jpg,96.0719140625,66.94797911334344
C:\Users\carmonta\Desktop\data-centric-cross-season-transfer\datasets\train_on_2025_all\images\frame_00022_jpg.rf.20b28e51bb708d6d59be2dde3de0b5d3.jpg,frame_00022_jpg.rf.20b28e51bb708d6d59be2dde3de0b5d3.jpg,109.68607638888889,49.61534849351612
C:\Users\carmonta\Desktop\data-centric-cross-season-transfer\datasets\train_on_2025_all\images\frame_00022_jpg.rf.493671c38f04d4834eb744ae6618632e.jpg,frame_00022_jpg.rf.493671c38f04d4834eb744ae6618632e.jpg,96.10800347222222,67.01805825391384
C:\Users\carmonta\Desktop\data-centric-cross-season-transfer\datasets\train_on_2025_all\images\frame_00022_jpg.rf.85c6da29ebe8e1ae76a189ef136a3bfa.jpg,frame_00022_jpg.rf.85c6da29ebe8e1ae76a189ef136a3bfa.jpg,101.6749001736111,53.856032771009495
C:\Users\carmonta\Desktop\data-centric-cross-season-transfer\datasets\train_on_2025_all\images\frame_00022_jpg.rf.8c7b269bb249e42c10204c8db51d1ee6.jpg,frame_00022_jpg.rf.8c7b269bb249e42c10204c8db51d1ee6.jpg,109.68607638888889,49.61534849351612
C:\Users\carmonta\Desktop\data-centric-cross-season-transfer\datasets\train_on_2025_all\images\frame_00022_jpg.rf.9143511b01670e95a8a37257afd2f2a4.jpg,frame_00022_jpg.rf.9143511b01670e95a8a37257afd2f2a4.jpg,64.04534288194445,60.64865586952443
C:\Users\carmonta\Desktop\data-centric-cross-season-transfer\datasets\train_on_2025_all\images\frame_00022_jpg.rf.9fc8036e0b14107e76e94ced5ba67eb1.jpg,frame_00022_jpg.rf.9fc8036e0b14107e76e94ced5ba67eb1.jpg,98.26213541666667,55.68714794709514
C:\Users\carmonta\Desktop\data-centric-cross-season-transfer\datasets\train_on_2025_all\images\frame_00022_jpg.rf.a7413cc843a178a31386ac902e68a009.jpg,frame_00022_jpg.rf.a7413cc843a178a31386ac902e68a009.jpg,101.68110677083334,53.9202702362613
C:\Users\carmonta\Desktop\data-centric-cross-season-transfer\datasets\train_on_2025_all\images\frame_00022_jpg.rf.b77cfea51c2f942f4fcfe7bf9bfe38f6.jpg,frame_00022_jpg.rf.b77cfea51c2f942f4fcfe7bf9bfe38f6.jpg,64.00430989583333,60.603038502171096
C:\Users\carmonta\Desktop\data-centric-cross-season-transfer\datasets\train_on_2025_all\images\frame_00022_jpg.rf.f6a124814a4412fd89e58ceafb68c3b3.jpg,frame_00022_jpg.rf.f6a124814a4412fd89e58ceafb68c3b3.jpg,98.26331163194445,55.742533781363285
C:\Users\carmonta\Desktop\data-centric-cross-season-transfer\datasets\train_on_2025_all\images\frame_00022_jpg.rf.f79b127961fa4f40fdd2f8c848f8c276.jpg,frame_00022_jpg.rf.f79b127961fa4f40fdd2f8c848f8c276.jpg,101.70515190972222,53.97192931527816
C:\Users\carmonta\Desktop\data-centric-cross-season-transfer\datasets\train_on_2025_all\images\frame_00023_jpg.rf.37719a9f4db571a4885226f11b2a1141.jpg,frame_00023_jpg.rf.37719a9f4db571a4885226f11b2a1141.jpg,104.74030815972222,50.87547795546204
C:\Users\carmonta\Desktop\data-centric-cross-season-transfer\datasets\train_on_2025_all\images\frame_00023_jpg.rf.3aca143cbb032b9cc3cc6a236246326b.jpg,frame_00023_jpg.rf.3aca143cbb032b9cc3cc6a236246326b.jpg,89.19447048611111,65.55840948721927
C:\Users\carmonta\Desktop\data-centric-cross-season-transfer\datasets\train_on_2025_all\images\frame_00023_jpg.rf.3bb851dbfa187ed5572a1dddb75796e7.jpg,frame_00023_jpg.rf.3bb851dbfa187ed5572a1dddb75796e7.jpg,97.94095920138889,61.683844520055466
C:\Users\carmonta\Desktop\data-centric-cross-season-transfer\datasets\train_on_2025_all\images\frame_00023_jpg.rf.41ff1bc2341bd137102db1018d38aef9.jpg,frame_00023_jpg.rf.41ff1bc2341bd137102db1018d38aef9.jpg,97.91197048611112,61.57985029707558
C:\Users\carmonta\Desktop\data-centric-cross-season-transfer\datasets\train_on_2025_all\images\frame_00023_jpg.rf.5e20a01802ee77676401fc00ddb98f25.jpg,frame_00023_jpg.rf.5e20a01802ee77676401fc00ddb98f25.jpg,101.38411892361111,56.70560549751695
C:\Users\carmonta\Desktop\data-centric-cross-season-transfer\datasets\train_on_2025_all\images\frame_00023_jpg.rf.6560fb4675063ff9339f219997231f43.jpg,frame_00023_jpg.rf.6560fb4675063ff9339f219997231f43.jpg,94.82534722222222,65.70690041412861
C:\Users\carmonta\Desktop\data-centric-cross-season-transfer\datasets\train_on_2025_all\images\frame_00023_jpg.rf.6d659c188c4c9211ce5b062ec76ed9ce.jpg,frame_00023_jpg.rf.6d659c188c4c9211ce5b062ec76ed9ce.jpg,94.79567274305556,65.66612242945887
C:\Users\carmonta\Desktop\data-centric-cross-season-transfer\datasets\train_on_2025_all\images\frame_00023_jpg.rf.7e6ce5e0e460132de146b42a5f13bb0f.jpg,frame_00023_jpg.rf.7e6ce5e0e460132de146b42a5f13bb0f.jpg,104.71107204861111,50.78638326000348
C:\Users\carmonta\Desktop\data-centric-cross-season-transfer\datasets\train_on_2025_all\images\frame_00023_jpg.rf.c81a20fcc264aa8e23fa5e4771013c3a.jpg,frame_00023_jpg.rf.c81a20fcc264aa8e23fa5e4771013c3a.jpg,94.80292534722223,65.674316311931
C:\Users\carmonta\Desktop\data-centric-cross-season-transfer\datasets\train_on_2025_all\images\frame_00023_jpg.rf.dfdd2a1c821220b34548e2a6f236b1a7.jpg,frame_00023_jpg.rf.dfdd2a1c821220b34548e2a6f236b1a7.jpg,104.72579861111112,50.83917124320137
C:\Users\carmonta\Desktop\data-centric-cross-season-transfer\datasets\train_on_2025_all\images\frame_00023_jpg.rf.f99b971e043528f1771578954f7c7e65.jpg,frame_00023_jpg.rf.f99b971e043528f1771578954f7c7e65.jpg,101.42608506944444,56.790160365690284
C:\Users\carmonta\Desktop\data-centric-cross-season-transfer\datasets\train_on_2025_all\images\frame_00024_jpg.rf.0603a9f7aa21d1255b7c99bb20d1046c.jpg,frame_00024_jpg.rf.0603a9f7aa21d1255b7c99bb20d1046c.jpg,88.87937934027778,64.16609093462105
C:\Users\carmonta\Desktop\data-centric-cross-season-transfer\datasets\train_on_2025_all\images\frame_00024_jpg.rf.1ce1665d30deba75c8fb1833770c2e52.jpg,frame_00024_jpg.rf.1ce1665d30deba75c8fb1833770c2e52.jpg,97.13479166666667,67.31205173397372
C:\Users\carmonta\Desktop\data-centric-cross-season-transfer\datasets\train_on_2025_all\images\frame_00024_jpg.rf.2b73d46449ce50985da63754fb793f49.jpg,frame_00024_jpg.rf.2b73d46449ce50985da63754fb793f49.jpg,97.14129340277778,67.32894692081555
C:\Users\carmonta\Desktop\data-centric-cross-season-transfer\datasets\train_on_2025_all\images\frame_00024_jpg.rf.328dc5ed81a6470075da56c7393f5714.jpg,frame_00024_jpg.rf.328dc5ed81a6470075da56c7393f5714.jpg,103.03540364583333,50.36654534322389
C:\Users\carmonta\Desktop\data-centric-cross-season-transfer\datasets\train_on_2025_all\images\frame_00024_jpg.rf.34358c461cc033d93d5783b5ddf5289b.jpg,frame_00024_jpg.rf.34358c461cc033d93d5783b5ddf5289b.jpg,88.87937934027778,64.16609093462105
C:\Users\carmonta\Desktop\data-centric-cross-season-transfer\datasets\train_on_2025_all\images\frame_00024_jpg.rf.405745091316e7ae3d8e3c608cae7a88.jpg,frame_00024_jpg.rf.405745091316e7ae3d8e3c608cae7a88.jpg,88.88498697916667,64.17624012965116
C:\Users\carmonta\Desktop\data-centric-cross-season-transfer\datasets\train_on_2025_all\images\frame_00024_jpg.rf.44840d0343e3ffeea04a77b97f7f57bf.jpg,frame_00024_jpg.rf.44840d0343e3ffeea04a77b97f7f57bf.jpg,103.04079427083333,50.30340107400482
C:\Users\carmonta\Desktop\data-centric-cross-season-transfer\datasets\train_on_2025_all\images\frame_00024_jpg.rf.45ee8157eda53e08ca049cc9dad9ea71.jpg,frame_00024_jpg.rf.45ee8157eda53e08ca049cc9dad9ea71.jpg,83.9781814236111,55.591099427711164
C:\Users\carmonta\Desktop\data-centric-cross-season-transfer\datasets\train_on_2025_all\images\frame_00024_jpg.rf.4c524da7088af043126614f712d60a44.jpg,frame_00024_jpg.rf.4c524da7088af043126614f712d60a44.jpg,102.21153211805556,59.69709410818623
C:\Users\carmonta\Desktop\data-centric-cross-season-transfer\datasets\train_on_2025_all\images\frame_00024_jpg.rf.4e7eb7312b2bca1e8a8a7fd8a25e2c91.jpg,frame_00024_jpg.rf.4e7eb7312b2bca1e8a8a7fd8a25e2c91.jpg,83.93662760416667,55.519480193784744
C:\Users\carmonta\Desktop\data-centric-cross-season-transfer\datasets\train_on_2025_all\images\frame_00024_jpg.rf.4f130cca72d0025f399ef1c81f64eec5.jpg,frame_00024_jpg.rf.4f130cca72d0025f399ef1c81f64eec5.jpg,107.19708333333334,60.70987217936406
C:\Users\carmonta\Desktop\data-centric-cross-season-transfer\datasets\train_on_2025_all\images\frame_00024_jpg.rf.52d2c3122664af4a78296563cc100a2f.jpg,frame_00024_jpg.rf.52d2c3122664af4a78296563cc100a2f.jpg,83.92265190972222,55.487259571348524
C:\Users\carmonta\Desktop\data-centric-cross-season-transfer\datasets\train_on_2025_all\images\frame_00024_jpg.rf.6cb40621908d5515aef6a2b22ba3564f.jpg,frame_00024_jpg.rf.6cb40621908d5515aef6a2b22ba3564f.jpg,102.2197265625,59.71654969865006
C:\Users\carmonta\Desktop\data-centric-cross-season-transfer\datasets\train_on_2025_all\images\frame_00024_jpg.rf.9288bfda87a819f14c3c14f353141405.jpg,frame_00024_jpg.rf.9288bfda87a819f14c3c14f353141405.jpg,97.12424913194444,67.28338139525688
C:\Users\carmonta\Desktop\data-centric-cross-season-transfer\datasets\train_on_2025_all\images\frame_00024_jpg.rf.9594c0a7d23cc9ae4cab491b642b90c1.jpg,frame_00024_jpg.rf.9594c0a7d23cc9ae4cab491b642b90c1.jpg,102.22591579861111,59.76242649780968
C:\Users\carmonta\Desktop\data-centric-cross-season-transfer\datasets\train_on_2025_all\images\frame_00024_jpg.rf.97200c94cd3a871039d0d742d374e029.jpg,frame_00024_jpg.rf.97200c94cd3a871039d0d742d374e029.jpg,107.19708333333334,60.70987217936406
C:\Users\carmonta\Desktop\data-centric-cross-season-transfer\datasets\train_on_2025_all\images\frame_00024_jpg.rf.ccd5db1fbafa3f70e82b12b1c58c295b.jpg,frame_00024_jpg.rf.ccd5db1fbafa3f70e82b12b1c58c295b.jpg,103.0376953125,50.289042133957125
C:\Users\carmonta\Desktop\data-centric-cross-season-transfer\datasets\train_on_2025_all\images\frame_00024_jpg.rf.ebc70daf1fc619aacc8c6252b65d0986.jpg,frame_00024_jpg.rf.ebc70daf1fc619aacc8c6252b65d0986.jpg,107.20212673611111,60.752099977918405
C:\Users\carmonta\Desktop\data-centric-cross-season-transfer\datasets\train_on_2025_all\images\frame_00025_jpg.rf.0630eb74c7796151d5eaa04852a8116d.jpg,frame_00025_jpg.rf.0630eb74c7796151d5eaa04852a8116d.jpg,84.99369791666666,58.77411003691138
C:\Users\carmonta\Desktop\data-centric-cross-season-transfer\datasets\train_on_2025_all\images\frame_00025_jpg.rf.125fbb836524e40971a7bb6c38bd365f.jpg,frame_00025_jpg.rf.125fbb836524e40971a7bb6c38bd365f.jpg,91.77057725694445,67.21312921845637
C:\Users\carmonta\Desktop\data-centric-cross-season-transfer\datasets\train_on_2025_all\images\frame_00025_jpg.rf.1a9444350a161ae93be8919d1c407bb8.jpg,frame_00025_jpg.rf.1a9444350a161ae93be8919d1c407bb8.jpg,97.13401041666667,50.952274710288144
C:\Users\carmonta\Desktop\data-centric-cross-season-transfer\datasets\train_on_2025_all\images\frame_00025_jpg.rf.228dcf1d9ef935d3b90a95aaf7991ea6.jpg,frame_00025_jpg.rf.228dcf1d9ef935d3b90a95aaf7991ea6.jpg,115.15696614583334,49.55033943918835
C:\Users\carmonta\Desktop\data-centric-cross-season-transfer\datasets\train_on_2025_all\images\frame_00025_jpg.rf.3e6b53ba9b091caffd74a4d4cb245b00.jpg,frame_00025_jpg.rf.3e6b53ba9b091caffd74a4d4cb245b00.jpg,115.13827690972222,49.44303082367585
C:\Users\carmonta\Desktop\data-centric-cross-season-transfer\datasets\train_on_2025_all\images\frame_00025_jpg.rf.55c13eb61f1fb77ca94bd7d550e6329a.jpg,frame_00025_jpg.rf.55c13eb61f1fb77ca94bd7d550e6329a.jpg,115.14302083333334,49.51370650483347
C:\Users\carmonta\Desktop\data-centric-cross-season-transfer\datasets\train_on_2025_all\images\frame_00025_jpg.rf.583c7d416d4baf248ff0678e0df47a9d.jpg,frame_00025_jpg.rf.583c7d416d4baf248ff0678e0df47a9d.jpg,98.64853732638889,75.41119111703811
C:\Users\carmonta\Desktop\data-centric-cross-season-transfer\datasets\train_on_2025_all\images\frame_00025_jpg.rf.5f99c6e991dd83ad1ad86f823bc8fcc6.jpg,frame_00025_jpg.rf.5f99c6e991dd83ad1ad86f823bc8fcc6.jpg,96.99521701388889,55.88414101251246
C:\Users\carmonta\Desktop\data-centric-cross-season-transfer\datasets\train_on_2025_all\images\frame_00025_jpg.rf.69511ec6079e9bf6c3d7977f60879572.jpg,frame_00025_jpg.rf.69511ec6079e9bf6c3d7977f60879572.jpg,97.01166232638889,55.925413640847275
C:\Users\carmonta\Desktop\data-centric-cross-season-transfer\datasets\train_on_2025_all\images\frame_00025_jpg.rf.8707b2fd09fedd194f9e5cfb5fc787cc.jpg,frame_00025_jpg.rf.8707b2fd09fedd194f9e5cfb5fc787cc.jpg,97.17612847222222,51.069096146219664
C:\Users\carmonta\Desktop\data-centric-cross-season-transfer\datasets\train_on_2025_all\images\frame_00025_jpg.rf.8937ca4aaef9d162c5c1903c832a4f3d.jpg,frame_00025_jpg.rf.8937ca4aaef9d162c5c1903c832a4f3d.jpg,98.63238715277778,75.38008395441805
C:\Users\carmonta\Desktop\data-centric-cross-season-transfer\datasets\train_on_2025_all\images\frame_00025_jpg.rf.a4b644fa4b6e683f7bbfef5b0dfc3e3e.jpg,frame_00025_jpg.rf.a4b644fa4b6e683f7bbfef5b0dfc3e3e.jpg,96.97755208333334,55.82418488091711
C:\Users\carmonta\Desktop\data-centric-cross-season-transfer\datasets\train_on_2025_all\images\frame_00025_jpg.rf.b66601b1125282fd3d6fbe1e502ed3f9.jpg,frame_00025_jpg.rf.b66601b1125282fd3d6fbe1e502ed3f9.jpg,98.61734809027777,75.35009363876168
C:\Users\carmonta\Desktop\data-centric-cross-season-transfer\datasets\train_on_2025_all\images\frame_00025_jpg.rf.b8776ecf83367c4fcac1621f4ad3e720.jpg,frame_00025_jpg.rf.b8776ecf83367c4fcac1621f4ad3e720.jpg,84.99521701388889,58.792679559885485
C:\Users\carmonta\Desktop\data-centric-cross-season-transfer\datasets\train_on_2025_all\images\frame_00025_jpg.rf.d353a65083bbfb93979897560afb7ede.jpg,frame_00025_jpg.rf.d353a65083bbfb93979897560afb7ede.jpg,97.14809027777778,50.99049344436847
C:\Users\carmonta\Desktop\data-centric-cross-season-transfer\datasets\train_on_2025_all\images\frame_00025_jpg.rf.f812559d22604b6d9f3dd2d48cb3d00f.jpg,frame_00025_jpg.rf.f812559d22604b6d9f3dd2d48cb3d00f.jpg,91.79166666666667,67.24775682958584
C:\Users\carmonta\Desktop\data-centric-cross-season-transfer\datasets\train_on_2025_all\images\frame_00025_jpg.rf.fd5fdb4ed544b48caff91b415a677c2b.jpg,frame_00025_jpg.rf.fd5fdb4ed544b48caff91b415a677c2b.jpg,91.79407552083333,67.26105801902054
C:\Users\carmonta\Desktop\data-centric-cross-season-transfer\datasets\train_on_2025_all\images\frame_00026_jpg.rf.09b4ff5342fbb09376ad2bcdf68e4b0b.jpg,frame_00026_jpg.rf.09b4ff5342fbb09376ad2bcdf68e4b0b.jpg,91.70908420138889,61.16325489274182
C:\Users\carmonta\Desktop\data-centric-cross-season-transfer\datasets\train_on_2025_all\images\frame_00026_jpg.rf.1796cb6440b58ae59c92da3a2b545c6f.jpg,frame_00026_jpg.rf.1796cb6440b58ae59c92da3a2b545c6f.jpg,91.74391493055556,61.24603531913072
C:\Users\carmonta\Desktop\data-centric-cross-season-transfer\datasets\train_on_2025_all\images\frame_00026_jpg.rf.18a6b4bac86b6c8093a18918f9d53757.jpg,frame_00026_jpg.rf.18a6b4bac86b6c8093a18918f9d53757.jpg,100.30521267361111,59.361153873113665
C:\Users\carmonta\Desktop\data-centric-cross-season-transfer\datasets\train_on_2025_all\images\frame_00026_jpg.rf.4adf7af8a84e304d482eeaabc95168cd.jpg,frame_00026_jpg.rf.4adf7af8a84e304d482eeaabc95168cd.jpg,95.097890625,44.70517454352688
C:\Users\carmonta\Desktop\data-centric-cross-season-transfer\datasets\train_on_2025_all\images\frame_00026_jpg.rf.4fe6c121e11dba1d5ba048b469aacae6.jpg,frame_00026_jpg.rf.4fe6c121e11dba1d5ba048b469aacae6.jpg,100.27625,59.30224055251716
C:\Users\carmonta\Desktop\data-centric-cross-season-transfer\datasets\train_on_2025_all\images\frame_00026_jpg.rf.51204a4543b65166c53d6a8174374915.jpg,frame_00026_jpg.rf.51204a4543b65166c53d6a8174374915.jpg,83.5646484375,65.55545730172173
C:\Users\carmonta\Desktop\data-centric-cross-season-transfer\datasets\train_on_2025_all\images\frame_00026_jpg.rf.52dcb73083860cfa5a11394b329ff7e7.jpg,frame_00026_jpg.rf.52dcb73083860cfa5a11394b329ff7e7.jpg,95.07202256944444,44.620240898262026
C:\Users\carmonta\Desktop\data-centric-cross-season-transfer\datasets\train_on_2025_all\images\frame_00026_jpg.rf.5c0010d3003ae3d118b045f83fe49b76.jpg,frame_00026_jpg.rf.5c0010d3003ae3d118b045f83fe49b76.jpg,110.68892361111111,51.48908875668868
C:\Users\carmonta\Desktop\data-centric-cross-season-transfer\datasets\train_on_2025_all\images\frame_00026_jpg.rf.6af6b8cd41175cebe9e5f4e4d3062d1c.jpg,frame_00026_jpg.rf.6af6b8cd41175cebe9e5f4e4d3062d1c.jpg,95.06700520833333,44.56910664626901
C:\Users\carmonta\Desktop\data-centric-cross-season-transfer\datasets\train_on_2025_all\images\frame_00026_jpg.rf.8cc91e00894c0d1a1d55359e59163341.jpg,frame_00026_jpg.rf.8cc91e00894c0d1a1d55359e59163341.jpg,110.68877170138889,51.52704453362094
C:\Users\carmonta\Desktop\data-centric-cross-season-transfer\datasets\train_on_2025_all\images\frame_00026_jpg.rf.bf9e61a48a0ed36e68b4c59bef0ccdd2.jpg,frame_00026_jpg.rf.bf9e61a48a0ed36e68b4c59bef0ccdd2.jpg,83.54768229166666,65.53083482761849
C:\Users\carmonta\Desktop\data-centric-cross-season-transfer\datasets\train_on_2025_all\images\frame_00026_jpg.rf.e31b5029d708ba2b9444a82a9e65554b.jpg,frame_00026_jpg.rf.e31b5029d708ba2b9444a82a9e65554b.jpg,83.53822916666667,65.50182333119722
C:\Users\carmonta\Desktop\data-centric-cross-season-transfer\datasets\train_on_2025_all\images\frame_00026_jpg.rf.f01d45646b0a7324c3a3fd9b4baa162d.jpg,frame_00026_jpg.rf.f01d45646b0a7324c3a3fd9b4baa162d.jpg,110.68549913194444,51.457176267043685
C:\Users\carmonta\Desktop\data-centric-cross-season-transfer\datasets\train_on_2025_all\images\frame_00027_jpg.rf.36e0d5c45e6edc101df3b5cb344b2b27.jpg,frame_00027_jpg.rf.36e0d5c45e6edc101df3b5cb344b2b27.jpg,106.09809461805555,54.05188383095519
C:\Users\carmonta\Desktop\data-centric-cross-season-transfer\datasets\train_on_2025_all\images\frame_00027_jpg.rf.9588b5e343899cd273aa55b75f0032ad.jpg,frame_00027_jpg.rf.9588b5e343899cd273aa55b75f0032ad.jpg,80.50177517361111,62.502536937190555
C:\Users\carmonta\Desktop\data-centric-cross-season-transfer\datasets\train_on_2025_all\images\frame_00027_jpg.rf.a05589f3c63641756d62080d5f2769f2.jpg,frame_00027_jpg.rf.a05589f3c63641756d62080d5f2769f2.jpg,88.33283420138889,67.86298094198254
C:\Users\carmonta\Desktop\data-centric-cross-season-transfer\datasets\train_on_2025_all\images\frame_00027_jpg.rf.aa6c76ec1f299d201da8d4f02bc2ffe2.jpg,frame_00027_jpg.rf.aa6c76ec1f299d201da8d4f02bc2ffe2.jpg,80.50177517361111,62.502536937190555
C:\Users\carmonta\Desktop\data-centric-cross-season-transfer\datasets\train_on_2025_all\images\frame_00027_jpg.rf.b91c6c40c247eefcacaee7783eaeaa56.jpg,frame_00027_jpg.rf.b91c6c40c247eefcacaee7783eaeaa56.jpg,88.34826822916666,67.88857776797661
C:\Users\carmonta\Desktop\data-centric-cross-season-transfer\datasets\train_on_2025_all\images\frame_00027_jpg.rf.e3a7b6a1f85861f7c359391f66edf5d9.jpg,frame_00027_jpg.rf.e3a7b6a1f85861f7c359391f66edf5d9.jpg,104.48307725694444,60.85877707123992
C:\Users\carmonta\Desktop\data-centric-cross-season-transfer\datasets\train_on_2025_all\images\frame_00027_jpg.rf.e9a09a72f387cb1644ad86d61db5cdae.jpg,frame_00027_jpg.rf.e9a09a72f387cb1644ad86d61db5cdae.jpg,106.07569444444445,53.97427892965388
C:\Users\carmonta\Desktop\data-centric-cross-season-transfer\datasets\train_on_2025_all\images\frame_00027_jpg.rf.fa3e1c62e15b7d958cf3effbd38889ac.jpg,frame_00027_jpg.rf.fa3e1c62e15b7d958cf3effbd38889ac.jpg,104.50826822916666,60.94707874320828
C:\Users\carmonta\Desktop\data-centric-cross-season-transfer\datasets\train_on_2025_all\images\frame_00028_jpg.rf.0296acef29e7a319297dcce68c640fd2.jpg,frame_00028_jpg.rf.0296acef29e7a319297dcce68c640fd2.jpg,95.74384114583333,53.218335442396985
C:\Users\carmonta\Desktop\data-centric-cross-season-transfer\datasets\train_on_2025_all\images\frame_00028_jpg.rf.605cd7bcaa1f228d70e6099eac3aa7e0.jpg,frame_00028_jpg.rf.605cd7bcaa1f228d70e6099eac3aa7e0.jpg,99.35706163194445,54.547690597546975
C:\Users\carmonta\Desktop\data-centric-cross-season-transfer\datasets\train_on_2025_all\images\frame_00028_jpg.rf.7e90b77f1e5ed5416e682eed8e26ce58.jpg,frame_00028_jpg.rf.7e90b77f1e5ed5416e682eed8e26ce58.jpg,95.76177083333333,53.31497625475139
C:\Users\carmonta\Desktop\data-centric-cross-season-transfer\datasets\train_on_2025_all\images\frame_00028_jpg.rf.867a66856532e392d2982a736618bdbb.jpg,frame_00028_jpg.rf.867a66856532e392d2982a736618bdbb.jpg,102.9201779513889,64.06308546455726
C:\Users\carmonta\Desktop\data-centric-cross-season-transfer\datasets\train_on_2025_all\images\frame_00028_jpg.rf.a2bbb85f7973642f1c9b7c7604499e98.jpg,frame_00028_jpg.rf.a2bbb85f7973642f1c9b7c7604499e98.jpg,82.48917100694445,65.14452945414799
C:\Users\carmonta\Desktop\data-centric-cross-season-transfer\datasets\train_on_2025_all\images\frame_00028_jpg.rf.a9c8982d759de51215ab42a52bfd77ac.jpg,frame_00028_jpg.rf.a9c8982d759de51215ab42a52bfd77ac.jpg,78.76104166666667,55.92454132602289
C:\Users\carmonta\Desktop\data-centric-cross-season-transfer\datasets\train_on_2025_all\images\frame_00028_jpg.rf.be76e7ad97e7b9dc5fa5f5b011bb2f33.jpg,frame_00028_jpg.rf.be76e7ad97e7b9dc5fa5f5b011bb2f33.jpg,78.80392361111112,56.027038830295034
C:\Users\carmonta\Desktop\data-centric-cross-season-transfer\datasets\train_on_2025_all\images\frame_00028_jpg.rf.c3e2488e8bfb2ba34a1c28408a87a3be.jpg,frame_00028_jpg.rf.c3e2488e8bfb2ba34a1c28408a87a3be.jpg,99.35108506944445,54.47571900852925
C:\Users\carmonta\Desktop\data-centric-cross-season-transfer\datasets\train_on_2025_all\images\frame_00028_jpg.rf.c77a82685594ecbee8924d7c50865acb.jpg,frame_00028_jpg.rf.c77a82685594ecbee8924d7c50865acb.jpg,95.75148871527777,53.231313312445664
C:\Users\carmonta\Desktop\data-centric-cross-season-transfer\datasets\train_on_2025_all\images\frame_00028_jpg.rf.ca671a6b78e864c17c1444fdf695dfb2.jpg,frame_00028_jpg.rf.ca671a6b78e864c17c1444fdf695dfb2.jpg,78.79997395833334,56.02513586737344
C:\Users\carmonta\Desktop\data-centric-cross-season-transfer\datasets\train_on_2025_all\images\frame_00028_jpg.rf.dfac5e60b1f1df28338a101bafa92877.jpg,frame_00028_jpg.rf.dfac5e60b1f1df28338a101bafa92877.jpg,82.46217447916666,65.09228179355125
C:\Users\carmonta\Desktop\data-centric-cross-season-transfer\datasets\train_on_2025_all\images\frame_00028_jpg.rf.e29bea5ba3774f5bdb0e0e37e4101e57.jpg,frame_00028_jpg.rf.e29bea5ba3774f5bdb0e0e37e4101e57.jpg,99.36594184027778,54.51647994598953
C:\Users\carmonta\Desktop\data-centric-cross-season-transfer\datasets\train_on_2025_all\images\frame_00029_jpg.rf.01d4917ca9fe101312efab0668e7a4e9.jpg,frame_00029_jpg.rf.01d4917ca9fe101312efab0668e7a4e9.jpg,78.73263454861112,72.33182191143746
C:\Users\carmonta\Desktop\data-centric-cross-season-transfer\datasets\train_on_2025_all\images\frame_00029_jpg.rf.2a717aca16f02b2416349a38853a0474.jpg,frame_00029_jpg.rf.2a717aca16f02b2416349a38853a0474.jpg,78.74319878472222,72.32744116154055
C:\Users\carmonta\Desktop\data-centric-cross-season-transfer\datasets\train_on_2025_all\images\frame_00029_jpg.rf.34fda7fa17f945bb8ef8e66541fea8b5.jpg,frame_00029_jpg.rf.34fda7fa17f945bb8ef8e66541fea8b5.jpg,89.46569010416667,59.79600771045527
C:\Users\carmonta\Desktop\data-centric-cross-season-transfer\datasets\train_on_2025_all\images\frame_00029_jpg.rf.402214ee5a68c2e2f9af3707f65fdbed.jpg,frame_00029_jpg.rf.402214ee5a68c2e2f9af3707f65fdbed.jpg,89.46376736111111,59.76686650053775
C:\Users\carmonta\Desktop\data-centric-cross-season-transfer\datasets\train_on_2025_all\images\frame_00029_jpg.rf.4febb2f9988702d2a1125cef21f3ff13.jpg,frame_00029_jpg.rf.4febb2f9988702d2a1125cef21f3ff13.jpg,89.67626302083333,52.39988991016571
C:\Users\carmonta\Desktop\data-centric-cross-season-transfer\datasets\train_on_2025_all\images\frame_00029_jpg.rf.5542ce159e6b93a4d785b34cc6873008.jpg,frame_00029_jpg.rf.5542ce159e6b93a4d785b34cc6873008.jpg,89.4674045138889,59.78939641479412
C:\Users\carmonta\Desktop\data-centric-cross-season-transfer\datasets\train_on_2025_all\images\frame_00029_jpg.rf.5b3c0945cd90cd8f81ddd51bc50015d5.jpg,frame_00029_jpg.rf.5b3c0945cd90cd8f81ddd51bc50015d5.jpg,94.80383680555556,68.37181418437174
C:\Users\carmonta\Desktop\data-centric-cross-season-transfer\datasets\train_on_2025_all\images\frame_00029_jpg.rf.79550d162d34f00531ac3b928257776e.jpg,frame_00029_jpg.rf.79550d162d34f00531ac3b928257776e.jpg,58.488919270833335,50.30607471527775
C:\Users\carmonta\Desktop\data-centric-cross-season-transfer\datasets\train_on_2025_all\images\frame_00029_jpg.rf.7c9f3429de35748ef20e899c1d39cde3.jpg,frame_00029_jpg.rf.7c9f3429de35748ef20e899c1d39cde3.jpg,100.55442708333334,64.80490678908966
C:\Users\carmonta\Desktop\data-centric-cross-season-transfer\datasets\train_on_2025_all\images\frame_00029_jpg.rf.89013e8d6bdeca0fb11abb6e3368f38d.jpg,frame_00029_jpg.rf.89013e8d6bdeca0fb11abb6e3368f38d.jpg,78.68328559027778,72.25184518119134
C:\Users\carmonta\Desktop\data-centric-cross-season-transfer\datasets\train_on_2025_all\images\frame_00029_jpg.rf.a727a5ee9c0b22958e511bd4062cc22b.jpg,frame_00029_jpg.rf.a727a5ee9c0b22958e511bd4062cc22b.jpg,100.55590711805556,64.81156091480588
C:\Users\carmonta\Desktop\data-centric-cross-season-transfer\datasets\train_on_2025_all\images\frame_00029_jpg.rf.a876375a6f4b501d74625f6afe6cb0df.jpg,frame_00029_jpg.rf.a876375a6f4b501d74625f6afe6cb0df.jpg,81.23710503472222,53.90001925299603
C:\Users\carmonta\Desktop\data-centric-cross-season-transfer\datasets\train_on_2025_all\images\frame_00029_jpg.rf.a886c308d4a2bb71a570a7288c423a8f.jpg,frame_00029_jpg.rf.a886c308d4a2bb71a570a7288c423a8f.jpg,94.7939626736111,68.33412150847784
C:\Users\carmonta\Desktop\data-centric-cross-season-transfer\datasets\train_on_2025_all\images\frame_00029_jpg.rf.bb949dfd035691cac7085f2d767c3389.jpg,frame_00029_jpg.rf.bb949dfd035691cac7085f2d767c3389.jpg,81.22286892361112,53.855763955343924
C:\Users\carmonta\Desktop\data-centric-cross-season-transfer\datasets\train_on_2025_all\images\frame_00029_jpg.rf.c07a67defc6f671101a164d0926a5275.jpg,frame_00029_jpg.rf.c07a67defc6f671101a164d0926a5275.jpg,81.26623697916666,53.9860561728683
C:\Users\carmonta\Desktop\data-centric-cross-season-transfer\datasets\train_on_2025_all\images\frame_00029_jpg.rf.db8a81feef0a818318c4a620d5dba3c0.jpg,frame_00029_jpg.rf.db8a81feef0a818318c4a620d5dba3c0.jpg,58.52904513888889,50.3999102504648
C:\Users\carmonta\Desktop\data-centric-cross-season-transfer\datasets\train_on_2025_all\images\frame_00029_jpg.rf.e30df8db6e6b37c99d9d04bf15f259e2.jpg,frame_00029_jpg.rf.e30df8db6e6b37c99d9d04bf15f259e2.jpg,89.65516493055556,53.575051477886745
C:\Users\carmonta\Desktop\data-centric-cross-season-transfer\datasets\train_on_2025_all\images\frame_00029_jpg.rf.f90bd29d1e14571a907a0fc4492e30d4.jpg,frame_00029_jpg.rf.f90bd29d1e14571a907a0fc4492e30d4.jpg,94.78214409722223,68.30912855551561
C:\Users\carmonta\Desktop\data-centric-cross-season-transfer\datasets\train_on_2025_all\images\frame_00029_jpg.rf.fc6202d6a38102cc66b9bf9572ce4139.jpg,frame_00029_jpg.rf.fc6202d6a38102cc66b9bf9572ce4139.jpg,89.68739583333333,52.410601257008054
C:\Users\carmonta\Desktop\data-centric-cross-season-transfer\datasets\train_on_2025_all\images\frame_00030_jpg.rf.294c2f5c8ec61728cee104d6ac91ac7b.jpg,frame_00030_jpg.rf.294c2f5c8ec61728cee104d6ac91ac7b.jpg,78.50330295138889,51.795497456814196
C:\Users\carmonta\Desktop\data-centric-cross-season-transfer\datasets\train_on_2025_all\images\frame_00030_jpg.rf.3cb05e86dbcd211a4e4a3890b9f9c5bc.jpg,frame_00030_jpg.rf.3cb05e86dbcd211a4e4a3890b9f9c5bc.jpg,97.41851128472223,66.81268085573987
C:\Users\carmonta\Desktop\data-centric-cross-season-transfer\datasets\train_on_2025_all\images\frame_00030_jpg.rf.4cc027641512f1bbedb7822f5844e12c.jpg,frame_00030_jpg.rf.4cc027641512f1bbedb7822f5844e12c.jpg,72.28424045138888,54.87705665506067
C:\Users\carmonta\Desktop\data-centric-cross-season-transfer\datasets\train_on_2025_all\images\frame_00030_jpg.rf.59fb5cf9ffbea9030bf6b6f3d1dcd00d.jpg,frame_00030_jpg.rf.59fb5cf9ffbea9030bf6b6f3d1dcd00d.jpg,96.23730034722222,64.68108260709435
C:\Users\carmonta\Desktop\data-centric-cross-season-transfer\datasets\train_on_2025_all\images\frame_00030_jpg.rf.61b1899f49b3fef74c26b165c45465d2.jpg,frame_00030_jpg.rf.61b1899f49b3fef74c26b165c45465d2.jpg,78.52362847222223,51.848897690262426
C:\Users\carmonta\Desktop\data-centric-cross-season-transfer\datasets\train_on_2025_all\images\frame_00030_jpg.rf.65d07c02730033362a6df23ca8123da6.jpg,frame_00030_jpg.rf.65d07c02730033362a6df23ca8123da6.jpg,97.41966145833334,66.80214687394951
C:\Users\carmonta\Desktop\data-centric-cross-season-transfer\datasets\train_on_2025_all\images\frame_00030_jpg.rf.6a7ad79e4239b6fdc8d9cf33bbcf7f36.jpg,frame_00030_jpg.rf.6a7ad79e4239b6fdc8d9cf33bbcf7f36.jpg,97.41966145833334,66.80214687394951
C:\Users\carmonta\Desktop\data-centric-cross-season-transfer\datasets\train_on_2025_all\images\frame_00030_jpg.rf.7c658727265a757403fa2c384780cff2.jpg,frame_00030_jpg.rf.7c658727265a757403fa2c384780cff2.jpg,96.21525173611111,64.64269975772886
C:\Users\carmonta\Desktop\data-centric-cross-season-transfer\datasets\train_on_2025_all\images\frame_00030_jpg.rf.8b77a4bdd47ff5adb08bf563f3356ab0.jpg,frame_00030_jpg.rf.8b77a4bdd47ff5adb08bf563f3356ab0.jpg,78.49802517361111,51.77013493414964
C:\Users\carmonta\Desktop\data-centric-cross-season-transfer\datasets\train_on_2025_all\images\frame_00030_jpg.rf.b8d808c0921d058f8023f0decd435751.jpg,frame_00030_jpg.rf.b8d808c0921d058f8023f0decd435751.jpg,72.26640190972222,54.837955475670896
C:\Users\carmonta\Desktop\data-centric-cross-season-transfer\datasets\train_on_2025_all\images\frame_00030_jpg.rf.c413dd5eed41f1c9d0972ecfa792bc61.jpg,frame_00030_jpg.rf.c413dd5eed41f1c9d0972ecfa792bc61.jpg,96.21517361111111,64.65706290615445
C:\Users\carmonta\Desktop\data-centric-cross-season-transfer\datasets\train_on_2025_all\images\frame_00030_jpg.rf.e619d510dc71d867f4d2806431669b75.jpg,frame_00030_jpg.rf.e619d510dc71d867f4d2806431669b75.jpg,72.32107204861111,54.953723496298736
C:\Users\carmonta\Desktop\data-centric-cross-season-transfer\datasets\train_on_2025_all\images\frame_00031_jpg.rf.0931931abc87d42bbb151422fe85d443.jpg,frame_00031_jpg.rf.0931931abc87d42bbb151422fe85d443.jpg,75.81610677083333,50.277063505179754
C:\Users\carmonta\Desktop\data-centric-cross-season-transfer\datasets\train_on_2025_all\images\frame_00031_jpg.rf.11d1341fbdc22db9c0ab2278ccabebc7.jpg,frame_00031_jpg.rf.11d1341fbdc22db9c0ab2278ccabebc7.jpg,95.45688368055555,64.21375793933362
C:\Users\carmonta\Desktop\data-centric-cross-season-transfer\datasets\train_on_2025_all\images\frame_00031_jpg.rf.1a9c578210535bcad9022614c812533a.jpg,frame_00031_jpg.rf.1a9c578210535bcad9022614c812533a.jpg,90.16559895833333,64.60698302663917
C:\Users\carmonta\Desktop\data-centric-cross-season-transfer\datasets\train_on_2025_all\images\frame_00031_jpg.rf.1acc3f3c7430aae5b6fec95d1f1cd174.jpg,frame_00031_jpg.rf.1acc3f3c7430aae5b6fec95d1f1cd174.jpg,88.75434027777777,57.62443192581684
C:\Users\carmonta\Desktop\data-centric-cross-season-transfer\datasets\train_on_2025_all\images\frame_00031_jpg.rf.26a51fca9a69d1ca2567c63b8a6a6043.jpg,frame_00031_jpg.rf.26a51fca9a69d1ca2567c63b8a6a6043.jpg,96.77320746527778,51.1064673015268
C:\Users\carmonta\Desktop\data-centric-cross-season-transfer\datasets\train_on_2025_all\images\frame_00031_jpg.rf.2c7d41ae6980cd78c7bd2994895462ab.jpg,frame_00031_jpg.rf.2c7d41ae6980cd78c7bd2994895462ab.jpg,95.4798263888889,64.25260608072098
C:\Users\carmonta\Desktop\data-centric-cross-season-transfer\datasets\train_on_2025_all\images\frame_00031_jpg.rf.2cad186ee4b3256487ccf6eba3f37931.jpg,frame_00031_jpg.rf.2cad186ee4b3256487ccf6eba3f37931.jpg,90.142109375,64.54289106915203
C:\Users\carmonta\Desktop\data-centric-cross-season-transfer\datasets\train_on_2025_all\images\frame_00031_jpg.rf.46580164b67f87d876eb3d0f9fabb5e8.jpg,frame_00031_jpg.rf.46580164b67f87d876eb3d0f9fabb5e8.jpg,82.14456597222222,61.4717943166865
C:\Users\carmonta\Desktop\data-centric-cross-season-transfer\datasets\train_on_2025_all\images\frame_00031_jpg.rf.466c03bcb0801249f995fa206111f05a.jpg,frame_00031_jpg.rf.466c03bcb0801249f995fa206111f05a.jpg,96.77320746527778,51.1064673015268
C:\Users\carmonta\Desktop\data-centric-cross-season-transfer\datasets\train_on_2025_all\images\frame_00031_jpg.rf.564d3a7b2e2117b9d0a735ff80014e64.jpg,frame_00031_jpg.rf.564d3a7b2e2117b9d0a735ff80014e64.jpg,75.78427951388889,50.154668080816485
C:\Users\carmonta\Desktop\data-centric-cross-season-transfer\datasets\train_on_2025_all\images\frame_00031_jpg.rf.5cd00e1d69a0ea6e1eefdf7614bc210e.jpg,frame_00031_jpg.rf.5cd00e1d69a0ea6e1eefdf7614bc210e.jpg,95.47526475694444,64.26803677849664
C:\Users\carmonta\Desktop\data-centric-cross-season-transfer\datasets\train_on_2025_all\images\frame_00031_jpg.rf.8f7c8e8d8e75f4ed7dad8149b84f6818.jpg,frame_00031_jpg.rf.8f7c8e8d8e75f4ed7dad8149b84f6818.jpg,88.7620876736111,57.64527955085122
C:\Users\carmonta\Desktop\data-centric-cross-season-transfer\datasets\train_on_2025_all\images\frame_00031_jpg.rf.9e1ad113cbe1e165e9d9c17452826ad1.jpg,frame_00031_jpg.rf.9e1ad113cbe1e165e9d9c17452826ad1.jpg,82.15396701388889,61.47834074667426
C:\Users\carmonta\Desktop\data-centric-cross-season-transfer\datasets\train_on_2025_all\images\frame_00031_jpg.rf.b6132af0dcdfbb0294f1f16a336b37a4.jpg,frame_00031_jpg.rf.b6132af0dcdfbb0294f1f16a336b37a4.jpg,75.80708767361111,50.215196480521534
C:\Users\carmonta\Desktop\data-centric-cross-season-transfer\datasets\train_on_2025_all\images\frame_00031_jpg.rf.b7cfb5ff4ba804d899ca1ba5b3fec87e.jpg,frame_00031_jpg.rf.b7cfb5ff4ba804d899ca1ba5b3fec87e.jpg,88.7828342013889,57.6922546459572
C:\Users\carmonta\Desktop\data-centric-cross-season-transfer\datasets\train_on_2025_all\images\frame_00031_jpg.rf.c071584b88c644c9fff02bf8c517e50e.jpg,frame_00031_jpg.rf.c071584b88c644c9fff02bf8c517e50e.jpg,96.78167534722222,51.184410427437015
C:\Users\carmonta\Desktop\data-centric-cross-season-transfer\datasets\train_on_2025_all\images\frame_00032_jpg.rf.19fb1024274e2ba93b760d08448b20be.jpg,frame_00032_jpg.rf.19fb1024274e2ba93b760d08448b20be.jpg,94.59132378472222,63.880763032862944
C:\Users\carmonta\Desktop\data-centric-cross-season-transfer\datasets\train_on_2025_all\images\frame_00032_jpg.rf.29c24051896724452395dd2b7d8099dc.jpg,frame_00032_jpg.rf.29c24051896724452395dd2b7d8099dc.jpg,81.59626302083333,63.92177331099698
C:\Users\carmonta\Desktop\data-centric-cross-season-transfer\datasets\train_on_2025_all\images\frame_00032_jpg.rf.3181ea2b9750661423687ee54ea51b15.jpg,frame_00032_jpg.rf.3181ea2b9750661423687ee54ea51b15.jpg,84.65967881944445,55.58787538508194
C:\Users\carmonta\Desktop\data-centric-cross-season-transfer\datasets\train_on_2025_all\images\frame_00032_jpg.rf.5074493bc8c3c4059abfa1847b7f7dd8.jpg,frame_00032_jpg.rf.5074493bc8c3c4059abfa1847b7f7dd8.jpg,75.41645399305555,49.7589264667183
C:\Users\carmonta\Desktop\data-centric-cross-season-transfer\datasets\train_on_2025_all\images\frame_00032_jpg.rf.50e1f841f8735ad385643dae16a57155.jpg,frame_00032_jpg.rf.50e1f841f8735ad385643dae16a57155.jpg,81.64810763888889,64.01122087150529
C:\Users\carmonta\Desktop\data-centric-cross-season-transfer\datasets\train_on_2025_all\images\frame_00032_jpg.rf.61293ca16bb0841928310d1498f30ba0.jpg,frame_00032_jpg.rf.61293ca16bb0841928310d1498f30ba0.jpg,84.67840277777778,55.62616723698172
C:\Users\carmonta\Desktop\data-centric-cross-season-transfer\datasets\train_on_2025_all\images\frame_00032_jpg.rf.62e02663e8864af7ec5ffd3c76cf5119.jpg,frame_00032_jpg.rf.62e02663e8864af7ec5ffd3c76cf5119.jpg,86.60887586805555,47.40326566491103
C:\Users\carmonta\Desktop\data-centric-cross-season-transfer\datasets\train_on_2025_all\images\frame_00032_jpg.rf.7d46e933266919c2bd9fc24eff04621b.jpg,frame_00032_jpg.rf.7d46e933266919c2bd9fc24eff04621b.jpg,94.63259114583333,63.956637785379776
C:\Users\carmonta\Desktop\data-centric-cross-season-transfer\datasets\train_on_2025_all\images\frame_00032_jpg.rf.e2c01fde336c8d6ac44496382e782d2c.jpg,frame_00032_jpg.rf.e2c01fde336c8d6ac44496382e782d2c.jpg,81.62187934027777,63.97591464064401
C:\Users\carmonta\Desktop\data-centric-cross-season-transfer\datasets\train_on_2025_all\images\frame_00033_jpg.rf.4ee6d118b61507bfaad1b8e7df926a33.jpg,frame_00033_jpg.rf.4ee6d118b61507bfaad1b8e7df926a33.jpg,81.66012152777778,53.336276399778455
C:\Users\carmonta\Desktop\data-centric-cross-season-transfer\datasets\train_on_2025_all\images\frame_00033_jpg.rf.6039676c2cd6a2c704f912e8754e6bec.jpg,frame_00033_jpg.rf.6039676c2cd6a2c704f912e8754e6bec.jpg,75.35366319444445,48.322334511307226
C:\Users\carmonta\Desktop\data-centric-cross-season-transfer\datasets\train_on_2025_all\images\frame_00033_jpg.rf.860875390a07421dd4d39413e2c50761.jpg,frame_00033_jpg.rf.860875390a07421dd4d39413e2c50761.jpg,75.29500434027777,48.192048975099446
C:\Users\carmonta\Desktop\data-centric-cross-season-transfer\datasets\train_on_2025_all\images\frame_00033_jpg.rf.86bcef9d09dfa91103a8778566656878.jpg,frame_00033_jpg.rf.86bcef9d09dfa91103a8778566656878.jpg,81.68540364583333,53.40783728837412
C:\Users\carmonta\Desktop\data-centric-cross-season-transfer\datasets\train_on_2025_all\images\frame_00033_jpg.rf.da9de6f6aa43bc12defe288239d18c3d.jpg,frame_00033_jpg.rf.da9de6f6aa43bc12defe288239d18c3d.jpg,75.34342447916667,48.29812490690444
C:\Users\carmonta\Desktop\data-centric-cross-season-transfer\datasets\train_on_2025_all\images\frame_00034_jpg.rf.22c94da555960d02bd734d8725ec1482.jpg,frame_00034_jpg.rf.22c94da555960d02bd734d8725ec1482.jpg,99.35739149305556,45.83947848540325
C:\Users\carmonta\Desktop\data-centric-cross-season-transfer\datasets\train_on_2025_all\images\frame_00034_jpg.rf.23e0236d639634e6a7297589c01fbf6c.jpg,frame_00034_jpg.rf.23e0236d639634e6a7297589c01fbf6c.jpg,88.9050390625,47.87559659067868
C:\Users\carmonta\Desktop\data-centric-cross-season-transfer\datasets\train_on_2025_all\images\frame_00034_jpg.rf.2fbbf69350e0652abde216d6126d1b2e.jpg,frame_00034_jpg.rf.2fbbf69350e0652abde216d6126d1b2e.jpg,87.96049913194445,57.35917853686957
C:\Users\carmonta\Desktop\data-centric-cross-season-transfer\datasets\train_on_2025_all\images\frame_00034_jpg.rf.3916df3707323fcf1ee259cc35dce2b8.jpg,frame_00034_jpg.rf.3916df3707323fcf1ee259cc35dce2b8.jpg,99.35747829861111,45.81938916742283
C:\Users\carmonta\Desktop\data-centric-cross-season-transfer\datasets\train_on_2025_all\images\frame_00034_jpg.rf.423f44f0a7f9a269664ac8db1eb75535.jpg,frame_00034_jpg.rf.423f44f0a7f9a269664ac8db1eb75535.jpg,99.34734809027778,45.77191240002507
C:\Users\carmonta\Desktop\data-centric-cross-season-transfer\datasets\train_on_2025_all\images\frame_00034_jpg.rf.49a3d06e69b81435157af5b7a39f21e1.jpg,frame_00034_jpg.rf.49a3d06e69b81435157af5b7a39f21e1.jpg,104.87712673611111,74.72212166686069
C:\Users\carmonta\Desktop\data-centric-cross-season-transfer\datasets\train_on_2025_all\images\frame_00034_jpg.rf.5355868fab7778fbc4447b5d18b5d1b1.jpg,frame_00034_jpg.rf.5355868fab7778fbc4447b5d18b5d1b1.jpg,88.89572048611112,47.821366941981594
C:\Users\carmonta\Desktop\data-centric-cross-season-transfer\datasets\train_on_2025_all\images\frame_00034_jpg.rf.558ad84f38c715ff1fec4bb405b62bf6.jpg,frame_00034_jpg.rf.558ad84f38c715ff1fec4bb405b62bf6.jpg,75.80302951388889,61.00088957561594
C:\Users\carmonta\Desktop\data-centric-cross-season-transfer\datasets\train_on_2025_all\images\frame_00034_jpg.rf.7dc35098e9f95b73785c98fc95050457.jpg,frame_00034_jpg.rf.7dc35098e9f95b73785c98fc95050457.jpg,88.92302083333334,47.957010131321546
C:\Users\carmonta\Desktop\data-centric-cross-season-transfer\datasets\train_on_2025_all\images\frame_00034_jpg.rf.8d5204bb68bcf6b6121d6ccd9c704ae4.jpg,frame_00034_jpg.rf.8d5204bb68bcf6b6121d6ccd9c704ae4.jpg,101.64464409722223,75.44381347254117
C:\Users\carmonta\Desktop\data-centric-cross-season-transfer\datasets\train_on_2025_all\images\frame_00034_jpg.rf.90cef8dc981f3d063c56155c3dda4df7.jpg,frame_00034_jpg.rf.90cef8dc981f3d063c56155c3dda4df7.jpg,87.98063802083334,57.402678910663276
C:\Users\carmonta\Desktop\data-centric-cross-season-transfer\datasets\train_on_2025_all\images\frame_00034_jpg.rf.f0c9ebdde28c6480709f048aeea72e82.jpg,frame_00034_jpg.rf.f0c9ebdde28c6480709f048aeea72e82.jpg,101.65565538194444,75.48193393960692
C:\Users\carmonta\Desktop\data-centric-cross-season-transfer\datasets\train_on_2025_all\images\frame_00034_jpg.rf.f89bae29d26bc99eb3a49fd882811c4c.jpg,frame_00034_jpg.rf.f89bae29d26bc99eb3a49fd882811c4c.jpg,75.75640625,60.91157463272262
C:\Users\carmonta\Desktop\data-centric-cross-season-transfer\datasets\train_on_2025_all\images\frame_00034_jpg.rf.f8ab1f51e3d9294f041369efe344754d.jpg,frame_00034_jpg.rf.f8ab1f51e3d9294f041369efe344754d.jpg,101.63723524305556,75.42575499908841
C:\Users\carmonta\Desktop\data-centric-cross-season-transfer\datasets\train_on_2025_all\images\frame_00035_jpg.rf.006b9574c416e1d41e2ad67917225bd5.jpg,frame_00035_jpg.rf.006b9574c416e1d41e2ad67917225bd5.jpg,113.545625,35.52211009374518
C:\Users\carmonta\Desktop\data-centric-cross-season-transfer\datasets\train_on_2025_all\images\frame_00035_jpg.rf.198d3522797909b6184c1e08957a9762.jpg,frame_00035_jpg.rf.198d3522797909b6184c1e08957a9762.jpg,113.54322916666666,35.42314508380133
C:\Users\carmonta\Desktop\data-centric-cross-season-transfer\datasets\train_on_2025_all\images\frame_00035_jpg.rf.3ca92ccdd0c4d3544290d24a35879d9b.jpg,frame_00035_jpg.rf.3ca92ccdd0c4d3544290d24a35879d9b.jpg,77.97026041666666,60.04436692344869
C:\Users\carmonta\Desktop\data-centric-cross-season-transfer\datasets\train_on_2025_all\images\frame_00035_jpg.rf.4e36ded5765ef6889719d7a4b63df052.jpg,frame_00035_jpg.rf.4e36ded5765ef6889719d7a4b63df052.jpg,85.45939670138888,47.514062344419294
C:\Users\carmonta\Desktop\data-centric-cross-season-transfer\datasets\train_on_2025_all\images\frame_00035_jpg.rf.69889312eec1fe90b15bef6edae0b542.jpg,frame_00035_jpg.rf.69889312eec1fe90b15bef6edae0b542.jpg,85.47703993055555,47.622648698027774
C:\Users\carmonta\Desktop\data-centric-cross-season-transfer\datasets\train_on_2025_all\images\frame_00035_jpg.rf.77081af4b19d9c287fc1e726f68d0b80.jpg,frame_00035_jpg.rf.77081af4b19d9c287fc1e726f68d0b80.jpg,108.63885850694444,64.92458163062948
C:\Users\carmonta\Desktop\data-centric-cross-season-transfer\datasets\train_on_2025_all\images\frame_00035_jpg.rf.b1c2cb20639c26b9b36936b53e6b319e.jpg,frame_00035_jpg.rf.b1c2cb20639c26b9b36936b53e6b319e.jpg,113.54322916666666,35.42314508380133
C:\Users\carmonta\Desktop\data-centric-cross-season-transfer\datasets\train_on_2025_all\images\frame_00035_jpg.rf.bf87576025cab309ec4a73161ec88ea8.jpg,frame_00035_jpg.rf.bf87576025cab309ec4a73161ec88ea8.jpg,80.99322916666667,60.241509654106586
C:\Users\carmonta\Desktop\data-centric-cross-season-transfer\datasets\train_on_2025_all\images\frame_00035_jpg.rf.c947c34b2961be3c447f79f21c38c135.jpg,frame_00035_jpg.rf.c947c34b2961be3c447f79f21c38c135.jpg,108.62547309027778,64.87748023981437
C:\Users\carmonta\Desktop\data-centric-cross-season-transfer\datasets\train_on_2025_all\images\frame_00035_jpg.rf.d88e42d4efef807497309488dfe35f91.jpg,frame_00035_jpg.rf.d88e42d4efef807497309488dfe35f91.jpg,108.6255859375,64.86777564179282
C:\Users\carmonta\Desktop\data-centric-cross-season-transfer\datasets\train_on_2025_all\images\frame_00035_jpg.rf.dfc02acd38d775396b06d50bcb0a057a.jpg,frame_00035_jpg.rf.dfc02acd38d775396b06d50bcb0a057a.jpg,81.00591579861111,60.260909171740145
C:\Users\carmonta\Desktop\data-centric-cross-season-transfer\datasets\train_on_2025_all\images\frame_00035_jpg.rf.ed37b5c1de8d6a733a7fe727e3606bbe.jpg,frame_00035_jpg.rf.ed37b5c1de8d6a733a7fe727e3606bbe.jpg,81.03911024305556,60.32431211970243
C:\Users\carmonta\Desktop\data-centric-cross-season-transfer\datasets\train_on_2025_all\images\frame_00036_jpg.rf.0801e2a8f5b0e25e3be7fe933ed8ffc7.jpg,frame_00036_jpg.rf.0801e2a8f5b0e25e3be7fe933ed8ffc7.jpg,121.00602430555556,39.23125169480418
C:\Users\carmonta\Desktop\data-centric-cross-season-transfer\datasets\train_on_2025_all\images\frame_00036_jpg.rf.15d67351dbe88f477c50cba558bfa3dc.jpg,frame_00036_jpg.rf.15d67351dbe88f477c50cba558bfa3dc.jpg,68.0194140625,57.07587915749632
C:\Users\carmonta\Desktop\data-centric-cross-season-transfer\datasets\train_on_2025_all\images\frame_00036_jpg.rf.3a343fec52db39c0f3fbcbdc9083e29d.jpg,frame_00036_jpg.rf.3a343fec52db39c0f3fbcbdc9083e29d.jpg,121.00157118055556,39.25864462875594
C:\Users\carmonta\Desktop\data-centric-cross-season-transfer\datasets\train_on_2025_all\images\frame_00036_jpg.rf.415399e5e1dfc6c6dfaef042bc48d9e9.jpg,frame_00036_jpg.rf.415399e5e1dfc6c6dfaef042bc48d9e9.jpg,96.11496527777778,63.64845087360654
C:\Users\carmonta\Desktop\data-centric-cross-season-transfer\datasets\train_on_2025_all\images\frame_00036_jpg.rf.5b7086bf83da4484634a4fc18d446c4c.jpg,frame_00036_jpg.rf.5b7086bf83da4484634a4fc18d446c4c.jpg,67.99940104166667,57.02848155066539
C:\Users\carmonta\Desktop\data-centric-cross-season-transfer\datasets\train_on_2025_all\images\frame_00036_jpg.rf.808ae7144eefaa17160895f4c23d8ea0.jpg,frame_00036_jpg.rf.808ae7144eefaa17160895f4c23d8ea0.jpg,68.06508246527778,57.165508335584406
C:\Users\carmonta\Desktop\data-centric-cross-season-transfer\datasets\train_on_2025_all\images\frame_00036_jpg.rf.f5cf6451990ded725a81ba555ce060d3.jpg,frame_00036_jpg.rf.f5cf6451990ded725a81ba555ce060d3.jpg,96.08012586805556,63.53864561794911
C:\Users\carmonta\Desktop\data-centric-cross-season-transfer\datasets\train_on_2025_all\images\frame_00037_jpg.rf.8f7bc436b329f03f41210d2b801bba91.jpg,frame_00037_jpg.rf.8f7bc436b329f03f41210d2b801bba91.jpg,122.28809027777778,43.76694977812298
C:\Users\carmonta\Desktop\data-centric-cross-season-transfer\datasets\train_on_2025_all\images\frame_00037_jpg.rf.9aa3466f808486291505e1fe39e67aa6.jpg,frame_00037_jpg.rf.9aa3466f808486291505e1fe39e67aa6.jpg,73.13302083333333,50.89171387926537
C:\Users\carmonta\Desktop\data-centric-cross-season-transfer\datasets\train_on_2025_all\images\frame_00037_jpg.rf.a984f285d5a95f79aecb04db41693455.jpg,frame_00037_jpg.rf.a984f285d5a95f79aecb04db41693455.jpg,73.06630208333333,50.759401118910105
C:\Users\carmonta\Desktop\data-centric-cross-season-transfer\datasets\train_on_2025_all\images\frame_00037_jpg.rf.b6d7d403708e7e5a7c1226e945fe99ee.jpg,frame_00037_jpg.rf.b6d7d403708e7e5a7c1226e945fe99ee.jpg,122.2813671875,43.696455170699664
C:\Users\carmonta\Desktop\data-centric-cross-season-transfer\datasets\train_on_2025_all\images\frame_00037_jpg.rf.cf9739f76479596d4cd5c60128c1c82b.jpg,frame_00037_jpg.rf.cf9739f76479596d4cd5c60128c1c82b.jpg,83.09036892361111,56.71481171009749
C:\Users\carmonta\Desktop\data-centric-cross-season-transfer\datasets\train_on_2025_all\images\frame_00037_jpg.rf.d82c670ade8d07b5991a6ad7c137ba91.jpg,frame_00037_jpg.rf.d82c670ade8d07b5991a6ad7c137ba91.jpg,83.09036892361111,56.71481171009749
C:\Users\carmonta\Desktop\data-centric-cross-season-transfer\datasets\train_on_2025_all\images\frame_00037_jpg.rf.e01c6e859b22a47df967139ecbb8fdc6.jpg,frame_00037_jpg.rf.e01c6e859b22a47df967139ecbb8fdc6.jpg,83.11397135416667,56.77234593650853
C:\Users\carmonta\Desktop\data-centric-cross-season-transfer\datasets\train_on_2025_all\images\frame_00038_jpg.rf.089b70690c918d4a8831c2f12dd1aec7.jpg,frame_00038_jpg.rf.089b70690c918d4a8831c2f12dd1aec7.jpg,124.31325086805556,44.69212343725864
C:\Users\carmonta\Desktop\data-centric-cross-season-transfer\datasets\train_on_2025_all\images\frame_00038_jpg.rf.09e0fc9b0e058586b15e17d4705f32ae.jpg,frame_00038_jpg.rf.09e0fc9b0e058586b15e17d4705f32ae.jpg,75.38859809027778,56.66763696500714
C:\Users\carmonta\Desktop\data-centric-cross-season-transfer\datasets\train_on_2025_all\images\frame_00038_jpg.rf.0b82237344ce889f7f96dd083076cb8a.jpg,frame_00038_jpg.rf.0b82237344ce889f7f96dd083076cb8a.jpg,124.31290364583333,44.681599495719986
C:\Users\carmonta\Desktop\data-centric-cross-season-transfer\datasets\train_on_2025_all\images\frame_00038_jpg.rf.17949edba82e4343214f1f921b2e9dae.jpg,frame_00038_jpg.rf.17949edba82e4343214f1f921b2e9dae.jpg,82.08589409722222,53.13839202754922
C:\Users\carmonta\Desktop\data-centric-cross-season-transfer\datasets\train_on_2025_all\images\frame_00038_jpg.rf.5784603d372037a791bb83ef3c728af0.jpg,frame_00038_jpg.rf.5784603d372037a791bb83ef3c728af0.jpg,75.42944878472223,56.74871775617901
C:\Users\carmonta\Desktop\data-centric-cross-season-transfer\datasets\train_on_2025_all\images\frame_00038_jpg.rf.595e5d0f0f19eec1d6538f85aaefa906.jpg,frame_00038_jpg.rf.595e5d0f0f19eec1d6538f85aaefa906.jpg,99.0491796875,65.99112635478815
C:\Users\carmonta\Desktop\data-centric-cross-season-transfer\datasets\train_on_2025_all\images\frame_00038_jpg.rf.69cfe94254435220b432986ea4ab0173.jpg,frame_00038_jpg.rf.69cfe94254435220b432986ea4ab0173.jpg,99.05371527777778,66.00426725011413
C:\Users\carmonta\Desktop\data-centric-cross-season-transfer\datasets\train_on_2025_all\images\frame_00038_jpg.rf.6c089c9875f22ccd6fd6c72ab7d479cc.jpg,frame_00038_jpg.rf.6c089c9875f22ccd6fd6c72ab7d479cc.jpg,84.59766493055555,61.01534750946051
C:\Users\carmonta\Desktop\data-centric-cross-season-transfer\datasets\train_on_2025_all\images\frame_00038_jpg.rf.73580e750503aa83da8ce44fb05b4934.jpg,frame_00038_jpg.rf.73580e750503aa83da8ce44fb05b4934.jpg,124.30670572916667,44.696062099316684
C:\Users\carmonta\Desktop\data-centric-cross-season-transfer\datasets\train_on_2025_all\images\frame_00038_jpg.rf.9b85f4e7fa2ffb3ae4ee0c83ccf10172.jpg,frame_00038_jpg.rf.9b85f4e7fa2ffb3ae4ee0c83ccf10172.jpg,84.58642361111112,60.99995955475434
C:\Users\carmonta\Desktop\data-centric-cross-season-transfer\datasets\train_on_2025_all\images\frame_00038_jpg.rf.a54d3524008927ef5b10aff2f8142420.jpg,frame_00038_jpg.rf.a54d3524008927ef5b10aff2f8142420.jpg,75.43780815972222,56.74122128522519
C:\Users\carmonta\Desktop\data-centric-cross-season-transfer\datasets\train_on_2025_all\images\frame_00038_jpg.rf.c0bdd34aae65acfc9031354491a21347.jpg,frame_00038_jpg.rf.c0bdd34aae65acfc9031354491a21347.jpg,99.0559548611111,66.00928716716616
C:\Users\carmonta\Desktop\data-centric-cross-season-transfer\datasets\train_on_2025_all\images\frame_00038_jpg.rf.cd631779af27d05901ffa3119b5f71a2.jpg,frame_00038_jpg.rf.cd631779af27d05901ffa3119b5f71a2.jpg,84.58313368055556,60.98780436693463
C:\Users\carmonta\Desktop\data-centric-cross-season-transfer\datasets\train_on_2025_all\images\frame_00039_jpg.rf.1c1783e6196710ccd061089079928dba.jpg,frame_00039_jpg.rf.1c1783e6196710ccd061089079928dba.jpg,86.25218315972222,52.00658864183361
C:\Users\carmonta\Desktop\data-centric-cross-season-transfer\datasets\train_on_2025_all\images\frame_00039_jpg.rf.2afef1f1cb1580cc2e182a5eab297704.jpg,frame_00039_jpg.rf.2afef1f1cb1580cc2e182a5eab297704.jpg,105.98755642361111,67.03311498066886
C:\Users\carmonta\Desktop\data-centric-cross-season-transfer\datasets\train_on_2025_all\images\frame_00039_jpg.rf.2cd947d5f76f8209b6f8eb0b7a22dca6.jpg,frame_00039_jpg.rf.2cd947d5f76f8209b6f8eb0b7a22dca6.jpg,111.46785590277777,70.24452238495431
C:\Users\carmonta\Desktop\data-centric-cross-season-transfer\datasets\train_on_2025_all\images\frame_00039_jpg.rf.3a4a05d96e2ce5933d10e48c0d5821e5.jpg,frame_00039_jpg.rf.3a4a05d96e2ce5933d10e48c0d5821e5.jpg,115.262265625,62.93205393853358
C:\Users\carmonta\Desktop\data-centric-cross-season-transfer\datasets\train_on_2025_all\images\frame_00039_jpg.rf.673c2933e14af182e9cfbf398a8082a8.jpg,frame_00039_jpg.rf.673c2933e14af182e9cfbf398a8082a8.jpg,125.87705729166667,44.42448676101229
C:\Users\carmonta\Desktop\data-centric-cross-season-transfer\datasets\train_on_2025_all\images\frame_00039_jpg.rf.6e7757c56320c594c77f96616a249ff6.jpg,frame_00039_jpg.rf.6e7757c56320c594c77f96616a249ff6.jpg,86.29907986111111,52.119836083677924
C:\Users\carmonta\Desktop\data-centric-cross-season-transfer\datasets\train_on_2025_all\images\frame_00039_jpg.rf.814c06a5232cbb484a604a4e90829bba.jpg,frame_00039_jpg.rf.814c06a5232cbb484a604a4e90829bba.jpg,105.98055555555555,67.02320477130557
C:\Users\carmonta\Desktop\data-centric-cross-season-transfer\datasets\train_on_2025_all\images\frame_00039_jpg.rf.975912d8dc07d7bfcb296cbc2bc4ff78.jpg,frame_00039_jpg.rf.975912d8dc07d7bfcb296cbc2bc4ff78.jpg,86.30417100694444,52.13121367472585
C:\Users\carmonta\Desktop\data-centric-cross-season-transfer\datasets\train_on_2025_all\images\frame_00039_jpg.rf.b136d98d2c8e6b2d8d7ee041817d3c5e.jpg,frame_00039_jpg.rf.b136d98d2c8e6b2d8d7ee041817d3c5e.jpg,105.964453125,66.96133915387885
C:\Users\carmonta\Desktop\data-centric-cross-season-transfer\datasets\train_on_2025_all\images\frame_00039_jpg.rf.e0d8558e9129ede16ad89979cba1c607.jpg,frame_00039_jpg.rf.e0d8558e9129ede16ad89979cba1c607.jpg,111.48009114583333,70.27794523373898
C:\Users\carmonta\Desktop\data-centric-cross-season-transfer\datasets\train_on_2025_all\images\frame_00039_jpg.rf.e70e516fe3e260e4f11ebfe2e7018104.jpg,frame_00039_jpg.rf.e70e516fe3e260e4f11ebfe2e7018104.jpg,125.88381944444444,44.443464500427204
C:\Users\carmonta\Desktop\data-centric-cross-season-transfer\datasets\train_on_2025_all\images\frame_00040_jpg.rf.165df834b029adaf38bdf1552cacb55f.jpg,frame_00040_jpg.rf.165df834b029adaf38bdf1552cacb55f.jpg,79.59049045138889,64.38391488179315
C:\Users\carmonta\Desktop\data-centric-cross-season-transfer\datasets\train_on_2025_all\images\frame_00040_jpg.rf.723fdaa3a3450e86a919c442f001457f.jpg,frame_00040_jpg.rf.723fdaa3a3450e86a919c442f001457f.jpg,79.6537890625,64.49650274460907
C:\Users\carmonta\Desktop\data-centric-cross-season-transfer\datasets\train_on_2025_all\images\frame_00040_jpg.rf.7520b090479d71715181902c441ebbd1.jpg,frame_00040_jpg.rf.7520b090479d71715181902c441ebbd1.jpg,81.36391493055555,50.69659029276238
C:\Users\carmonta\Desktop\data-centric-cross-season-transfer\datasets\train_on_2025_all\images\frame_00040_jpg.rf.8fed732a81bf55fec57cc275f7a63c00.jpg,frame_00040_jpg.rf.8fed732a81bf55fec57cc275f7a63c00.jpg,81.39233072916667,50.79162526695395
C:\Users\carmonta\Desktop\data-centric-cross-season-transfer\datasets\train_on_2025_all\images\frame_00040_jpg.rf.a37c004c15968d3d24bc4a500655c57e.jpg,frame_00040_jpg.rf.a37c004c15968d3d24bc4a500655c57e.jpg,106.41129340277777,55.898284477508774
C:\Users\carmonta\Desktop\data-centric-cross-season-transfer\datasets\train_on_2025_all\images\frame_00040_jpg.rf.b2b95b1f65a38a9ddd877368e4224e62.jpg,frame_00040_jpg.rf.b2b95b1f65a38a9ddd877368e4224e62.jpg,106.41281684027778,55.86517992377815
C:\Users\carmonta\Desktop\data-centric-cross-season-transfer\datasets\train_on_2025_all\images\frame_00040_jpg.rf.ce51232b20d604e482566b88c86c522e.jpg,frame_00040_jpg.rf.ce51232b20d604e482566b88c86c522e.jpg,81.40514322916667,50.77981630049947
C:\Users\carmonta\Desktop\data-centric-cross-season-transfer\datasets\train_on_2025_all\images\frame_00040_jpg.rf.e9b84271c20d010c76138933f9f38a68.jpg,frame_00040_jpg.rf.e9b84271c20d010c76138933f9f38a68.jpg,79.60382378472222,64.415322337715
C:\Users\carmonta\Desktop\data-centric-cross-season-transfer\datasets\train_on_2025_all\images\frame_00041_jpg.rf.03397bec381eb72622e64ad6e96e8ab7.jpg,frame_00041_jpg.rf.03397bec381eb72622e64ad6e96e8ab7.jpg,110.06494791666667,65.08279556300496
C:\Users\carmonta\Desktop\data-centric-cross-season-transfer\datasets\train_on_2025_all\images\frame_00041_jpg.rf.27dc569e88ee2ce8e2022586161af039.jpg,frame_00041_jpg.rf.27dc569e88ee2ce8e2022586161af039.jpg,83.6607638888889,64.09382707297887
C:\Users\carmonta\Desktop\data-centric-cross-season-transfer\datasets\train_on_2025_all\images\frame_00041_jpg.rf.34b9eff779b9cfca8fcde63b31e1c5d2.jpg,frame_00041_jpg.rf.34b9eff779b9cfca8fcde63b31e1c5d2.jpg,111.75510416666667,66.77462079733615
C:\Users\carmonta\Desktop\data-centric-cross-season-transfer\datasets\train_on_2025_all\images\frame_00041_jpg.rf.431b566838b0e652eea2f841db657f0e.jpg,frame_00041_jpg.rf.431b566838b0e652eea2f841db657f0e.jpg,83.65358940972222,64.08287646576545
C:\Users\carmonta\Desktop\data-centric-cross-season-transfer\datasets\train_on_2025_all\images\frame_00041_jpg.rf.45f384b360ae833ac9fd1de7899e2487.jpg,frame_00041_jpg.rf.45f384b360ae833ac9fd1de7899e2487.jpg,111.73897135416667,66.73579139233559
C:\Users\carmonta\Desktop\data-centric-cross-season-transfer\datasets\train_on_2025_all\images\frame_00041_jpg.rf.48c59799adf4199e3cb95eea3a36efbe.jpg,frame_00041_jpg.rf.48c59799adf4199e3cb95eea3a36efbe.jpg,110.09447482638889,65.12502587726259
C:\Users\carmonta\Desktop\data-centric-cross-season-transfer\datasets\train_on_2025_all\images\frame_00041_jpg.rf.51003b1a7595959902825c365d802fbc.jpg,frame_00041_jpg.rf.51003b1a7595959902825c365d802fbc.jpg,110.06335503472222,65.04139841547816
C:\Users\carmonta\Desktop\data-centric-cross-season-transfer\datasets\train_on_2025_all\images\frame_00041_jpg.rf.89cf6e1ac6bc54a6babe63867975c81f.jpg,frame_00041_jpg.rf.89cf6e1ac6bc54a6babe63867975c81f.jpg,65.96530381944444,53.92042758966988
C:\Users\carmonta\Desktop\data-centric-cross-season-transfer\datasets\train_on_2025_all\images\frame_00041_jpg.rf.9ddfe37c077c4f6573298f88553a6487.jpg,frame_00041_jpg.rf.9ddfe37c077c4f6573298f88553a6487.jpg,96.60131944444444,56.21228561279663
C:\Users\carmonta\Desktop\data-centric-cross-season-transfer\datasets\train_on_2025_all\images\frame_00041_jpg.rf.bb3f64aa62fae9ab0a841e9f3421ca74.jpg,frame_00041_jpg.rf.bb3f64aa62fae9ab0a841e9f3421ca74.jpg,65.890078125,53.7856734864381
C:\Users\carmonta\Desktop\data-centric-cross-season-transfer\datasets\train_on_2025_all\images\frame_00041_jpg.rf.c134c0c43ebec8a8346467c6541813c2.jpg,frame_00041_jpg.rf.c134c0c43ebec8a8346467c6541813c2.jpg,83.68412760416666,64.12509099363564
C:\Users\carmonta\Desktop\data-centric-cross-season-transfer\datasets\train_on_2025_all\images\frame_00041_jpg.rf.defd29a8b879cdc86fbeeb703da3cae5.jpg,frame_00041_jpg.rf.defd29a8b879cdc86fbeeb703da3cae5.jpg,96.60209635416666,56.224619134508835
C:\Users\carmonta\Desktop\data-centric-cross-season-transfer\datasets\train_on_2025_all\images\frame_00042_jpg.rf.03d32dfc6eef9e27a09ca6f16d221330.jpg,frame_00042_jpg.rf.03d32dfc6eef9e27a09ca6f16d221330.jpg,82.34107204861111,53.94804199377232
C:\Users\carmonta\Desktop\data-centric-cross-season-transfer\datasets\train_on_2025_all\images\frame_00042_jpg.rf.076c1b26ab9a16db3886f1fefc9a6921.jpg,frame_00042_jpg.rf.076c1b26ab9a16db3886f1fefc9a6921.jpg,82.33225260416667,53.94978482520751
C:\Users\carmonta\Desktop\data-centric-cross-season-transfer\datasets\train_on_2025_all\images\frame_00042_jpg.rf.27fedaf370ec027f1c1a3c1d34e1abd8.jpg,frame_00042_jpg.rf.27fedaf370ec027f1c1a3c1d34e1abd8.jpg,82.30394097222222,53.896506793466514
C:\Users\carmonta\Desktop\data-centric-cross-season-transfer\datasets\train_on_2025_all\images\frame_00042_jpg.rf.37d12f995a8d0511b9fa9506d959601d.jpg,frame_00042_jpg.rf.37d12f995a8d0511b9fa9506d959601d.jpg,98.48787760416667,61.69731319496883
C:\Users\carmonta\Desktop\data-centric-cross-season-transfer\datasets\train_on_2025_all\images\frame_00042_jpg.rf.5b34fa0ad8b51849954f4e4951b243c8.jpg,frame_00042_jpg.rf.5b34fa0ad8b51849954f4e4951b243c8.jpg,98.49783420138888,61.71383707307089
C:\Users\carmonta\Desktop\data-centric-cross-season-transfer\datasets\train_on_2025_all\images\frame_00042_jpg.rf.5e774e171270363775edce465c0d0178.jpg,frame_00042_jpg.rf.5e774e171270363775edce465c0d0178.jpg,83.44613715277778,65.95484959879178
C:\Users\carmonta\Desktop\data-centric-cross-season-transfer\datasets\train_on_2025_all\images\frame_00042_jpg.rf.733bcfb8fc942ace3bfab5a047d3cd76.jpg,frame_00042_jpg.rf.733bcfb8fc942ace3bfab5a047d3cd76.jpg,62.28839409722222,56.94317165029261
C:\Users\carmonta\Desktop\data-centric-cross-season-transfer\datasets\train_on_2025_all\images\frame_00042_jpg.rf.753ae542b943c4548cfa1c1946e44bab.jpg,frame_00042_jpg.rf.753ae542b943c4548cfa1c1946e44bab.jpg,83.41260416666667,65.89439442118717
C:\Users\carmonta\Desktop\data-centric-cross-season-transfer\datasets\train_on_2025_all\images\frame_00042_jpg.rf.a4db0f37fd3d905f7d957779ad021e10.jpg,frame_00042_jpg.rf.a4db0f37fd3d905f7d957779ad021e10.jpg,83.41260416666667,65.89439442118717
C:\Users\carmonta\Desktop\data-centric-cross-season-transfer\datasets\train_on_2025_all\images\frame_00042_jpg.rf.a8e678deadbad63780ce9f60d24e31b1.jpg,frame_00042_jpg.rf.a8e678deadbad63780ce9f60d24e31b1.jpg,84.15782118055556,55.44515626176586
C:\Users\carmonta\Desktop\data-centric-cross-season-transfer\datasets\train_on_2025_all\images\frame_00042_jpg.rf.a9b6dd7b673d1f41aa006e2ce6f0ecbe.jpg,frame_00042_jpg.rf.a9b6dd7b673d1f41aa006e2ce6f0ecbe.jpg,98.49168836805555,61.70720774924467
C:\Users\carmonta\Desktop\data-centric-cross-season-transfer\datasets\train_on_2025_all\images\frame_00042_jpg.rf.fa6dec6aba0969bd2519b2555be0f8e5.jpg,frame_00042_jpg.rf.fa6dec6aba0969bd2519b2555be0f8e5.jpg,62.27419270833333,56.928919959311514
C:\Users\carmonta\Desktop\data-centric-cross-season-transfer\datasets\train_on_2025_all\images\frame_00043_jpg.rf.1972c1decf475bae612adacc6c59ef00.jpg,frame_00043_jpg.rf.1972c1decf475bae612adacc6c59ef00.jpg,79.9446701388889,49.136148573047315
C:\Users\carmonta\Desktop\data-centric-cross-season-transfer\datasets\train_on_2025_all\images\frame_00043_jpg.rf.1f6c942349c784902360fc306d3fd0c2.jpg,frame_00043_jpg.rf.1f6c942349c784902360fc306d3fd0c2.jpg,89.37969184027777,67.72621158765747
C:\Users\carmonta\Desktop\data-centric-cross-season-transfer\datasets\train_on_2025_all\images\frame_00043_jpg.rf.3282d82e2870ff1002bc154f317b7c04.jpg,frame_00043_jpg.rf.3282d82e2870ff1002bc154f317b7c04.jpg,89.39720052083334,67.76659106491007
C:\Users\carmonta\Desktop\data-centric-cross-season-transfer\datasets\train_on_2025_all\images\frame_00043_jpg.rf.6f79656ec36a58aecb68e77169699777.jpg,frame_00043_jpg.rf.6f79656ec36a58aecb68e77169699777.jpg,78.2940625,64.41244133260786
C:\Users\carmonta\Desktop\data-centric-cross-season-transfer\datasets\train_on_2025_all\images\frame_00043_jpg.rf.a320089a12e703a7c02363e1ef15446f.jpg,frame_00043_jpg.rf.a320089a12e703a7c02363e1ef15446f.jpg,79.98524739583333,49.21800713089732
C:\Users\carmonta\Desktop\data-centric-cross-season-transfer\datasets\train_on_2025_all\images\frame_00043_jpg.rf.a9851d16b1edbfe41a38f0af00cc5e13.jpg,frame_00043_jpg.rf.a9851d16b1edbfe41a38f0af00cc5e13.jpg,79.9446701388889,49.136148573047315
C:\Users\carmonta\Desktop\data-centric-cross-season-transfer\datasets\train_on_2025_all\images\frame_00043_jpg.rf.ab79ff923ef5f37b290c89692d30e438.jpg,frame_00043_jpg.rf.ab79ff923ef5f37b290c89692d30e438.jpg,60.74512586805555,56.19612095626381
C:\Users\carmonta\Desktop\data-centric-cross-season-transfer\datasets\train_on_2025_all\images\frame_00043_jpg.rf.bfcef015bff0a73ab5c80ef3b9df823f.jpg,frame_00043_jpg.rf.bfcef015bff0a73ab5c80ef3b9df823f.jpg,92.79904513888889,57.117290682608306
C:\Users\carmonta\Desktop\data-centric-cross-season-transfer\datasets\train_on_2025_all\images\frame_00043_jpg.rf.d2638a05fc8d526c556ceaaf25162937.jpg,frame_00043_jpg.rf.d2638a05fc8d526c556ceaaf25162937.jpg,89.37969184027777,67.72621158765747
C:\Users\carmonta\Desktop\data-centric-cross-season-transfer\datasets\train_on_2025_all\images\frame_00043_jpg.rf.e89ad5f40376d8a2ae5476c5425759b7.jpg,frame_00043_jpg.rf.e89ad5f40376d8a2ae5476c5425759b7.jpg,78.26448784722223,64.34844060528157
C:\Users\carmonta\Desktop\data-centric-cross-season-transfer\datasets\train_on_2025_all\images\frame_00043_jpg.rf.efeb38b86d227e6ec8910e8272c141fc.jpg,frame_00043_jpg.rf.efeb38b86d227e6ec8910e8272c141fc.jpg,92.79904513888889,57.117290682608306
C:\Users\carmonta\Desktop\data-centric-cross-season-transfer\datasets\train_on_2025_all\images\frame_00044_jpg.rf.0806309ec042a542cf5927b5b894781d.jpg,frame_00044_jpg.rf.0806309ec042a542cf5927b5b894781d.jpg,89.77004774305556,53.677895107528244
C:\Users\carmonta\Desktop\data-centric-cross-season-transfer\datasets\train_on_2025_all\images\frame_00044_jpg.rf.3e6ae63eeb1516ddb79b84224e970476.jpg,frame_00044_jpg.rf.3e6ae63eeb1516ddb79b84224e970476.jpg,67.84765190972222,56.55827214976014
C:\Users\carmonta\Desktop\data-centric-cross-season-transfer\datasets\train_on_2025_all\images\frame_00044_jpg.rf.5dba34eb445243e0044716f094c15087.jpg,frame_00044_jpg.rf.5dba34eb445243e0044716f094c15087.jpg,105.01399739583333,62.641045843643205
C:\Users\carmonta\Desktop\data-centric-cross-season-transfer\datasets\train_on_2025_all\images\frame_00044_jpg.rf.723839087e3c0575ce7f60ad95989a29.jpg,frame_00044_jpg.rf.723839087e3c0575ce7f60ad95989a29.jpg,67.83048611111111,56.52369262124932
C:\Users\carmonta\Desktop\data-centric-cross-season-transfer\datasets\train_on_2025_all\images\frame_00044_jpg.rf.b1c6166ae3c5d4752a392e9c02366f25.jpg,frame_00044_jpg.rf.b1c6166ae3c5d4752a392e9c02366f25.jpg,104.99529079861111,62.61263135684037
C:\Users\carmonta\Desktop\data-centric-cross-season-transfer\datasets\train_on_2025_all\images\frame_00044_jpg.rf.bbea3e064d3bdf147c1ce2477b8a057f.jpg,frame_00044_jpg.rf.bbea3e064d3bdf147c1ce2477b8a057f.jpg,97.657734375,58.515478410561954
C:\Users\carmonta\Desktop\data-centric-cross-season-transfer\datasets\train_on_2025_all\images\frame_00044_jpg.rf.c788ac9808c921921381e46c94680815.jpg,frame_00044_jpg.rf.c788ac9808c921921381e46c94680815.jpg,89.75404513888888,53.615614070702556
C:\Users\carmonta\Desktop\data-centric-cross-season-transfer\datasets\train_on_2025_all\images\frame_00044_jpg.rf.ed3bb0e3a29d172e9979eafbd3cf7e2c.jpg,frame_00044_jpg.rf.ed3bb0e3a29d172e9979eafbd3cf7e2c.jpg,97.67836371527778,58.58804050490609
C:\Users\carmonta\Desktop\data-centric-cross-season-transfer\datasets\train_on_2025_all\images\frame_00044_jpg.rf.f345433c8768d5d3fb45c128eddb5cdf.jpg,frame_00044_jpg.rf.f345433c8768d5d3fb45c128eddb5cdf.jpg,86.14648003472222,55.056180722848254
C:\Users\carmonta\Desktop\data-centric-cross-season-transfer\datasets\train_on_2025_all\images\frame_00044_jpg.rf.f5c35a6409d76d1add99674643426eff.jpg,frame_00044_jpg.rf.f5c35a6409d76d1add99674643426eff.jpg,97.67817274305555,58.63557103190451
C:\Users\carmonta\Desktop\data-centric-cross-season-transfer\datasets\train_on_2025_all\images\frame_00044_jpg.rf.fc9f4b6ba79675ee1cbf7fffeb357f9f.jpg,frame_00044_jpg.rf.fc9f4b6ba79675ee1cbf7fffeb357f9f.jpg,86.1465798611111,55.06955874893724
C:\Users\carmonta\Desktop\data-centric-cross-season-transfer\datasets\train_on_2025_all\images\frame_00045_jpg.rf.0b2ed76f2bb110714d0b57d70ff83131.jpg,frame_00045_jpg.rf.0b2ed76f2bb110714d0b57d70ff83131.jpg,80.35550347222222,59.86784300408521
C:\Users\carmonta\Desktop\data-centric-cross-season-transfer\datasets\train_on_2025_all\images\frame_00045_jpg.rf.2424dca728adfb3a0d98193540045b37.jpg,frame_00045_jpg.rf.2424dca728adfb3a0d98193540045b37.jpg,95.57235677083334,59.39025095581713
C:\Users\carmonta\Desktop\data-centric-cross-season-transfer\datasets\train_on_2025_all\images\frame_00045_jpg.rf.2c97d7b3dc9632a32a0785509e00d7e3.jpg,frame_00045_jpg.rf.2c97d7b3dc9632a32a0785509e00d7e3.jpg,80.39555555555556,59.93781306577697
C:\Users\carmonta\Desktop\data-centric-cross-season-transfer\datasets\train_on_2025_all\images\frame_00045_jpg.rf.c51b4ce2867f48183e5924c570a91d4b.jpg,frame_00045_jpg.rf.c51b4ce2867f48183e5924c570a91d4b.jpg,91.4632595486111,56.56388775891488
C:\Users\carmonta\Desktop\data-centric-cross-season-transfer\datasets\train_on_2025_all\images\frame_00045_jpg.rf.d5faf2ca98416f53cefae83c358e96b9.jpg,frame_00045_jpg.rf.d5faf2ca98416f53cefae83c358e96b9.jpg,95.549921875,59.32387813087535
C:\Users\carmonta\Desktop\data-centric-cross-season-transfer\datasets\train_on_2025_all\images\frame_00045_jpg.rf.f7b1e33f257914ed99c9ae0d815ba270.jpg,frame_00045_jpg.rf.f7b1e33f257914ed99c9ae0d815ba270.jpg,80.36032118055556,59.873051205535965
C:\Users\carmonta\Desktop\data-centric-cross-season-transfer\datasets\train_on_2025_all\images\frame_00045_jpg.rf.f81ca390a78e9ffb34c835c77e06ee7d.jpg,frame_00045_jpg.rf.f81ca390a78e9ffb34c835c77e06ee7d.jpg,91.50885850694445,56.675506124281945
C:\Users\carmonta\Desktop\data-centric-cross-season-transfer\datasets\train_on_2025_all\images\frame_00046_jpg.rf.3467d840d9765872e992eb099475a871.jpg,frame_00046_jpg.rf.3467d840d9765872e992eb099475a871.jpg,102.41296875,52.01376849509679
C:\Users\carmonta\Desktop\data-centric-cross-season-transfer\datasets\train_on_2025_all\images\frame_00046_jpg.rf.5f2867d3c24090d43e9ab566e98ba40d.jpg,frame_00046_jpg.rf.5f2867d3c24090d43e9ab566e98ba40d.jpg,94.0329296875,67.3081468842357
C:\Users\carmonta\Desktop\data-centric-cross-season-transfer\datasets\train_on_2025_all\images\frame_00046_jpg.rf.662f4df52081221d0bffe610ba874102.jpg,frame_00046_jpg.rf.662f4df52081221d0bffe610ba874102.jpg,102.41098958333333,52.00332173277921
C:\Users\carmonta\Desktop\data-centric-cross-season-transfer\datasets\train_on_2025_all\images\frame_00046_jpg.rf.8c48d16a50420f9c686fe49bbfb48d75.jpg,frame_00046_jpg.rf.8c48d16a50420f9c686fe49bbfb48d75.jpg,78.5892578125,61.21469150991467
C:\Users\carmonta\Desktop\data-centric-cross-season-transfer\datasets\train_on_2025_all\images\frame_00046_jpg.rf.8e97cf14197d246f726eac05bf1b8591.jpg,frame_00046_jpg.rf.8e97cf14197d246f726eac05bf1b8591.jpg,77.4615798611111,55.291142608705975
C:\Users\carmonta\Desktop\data-centric-cross-season-transfer\datasets\train_on_2025_all\images\frame_00046_jpg.rf.9e935bd164160566f44b921e0d0f7c45.jpg,frame_00046_jpg.rf.9e935bd164160566f44b921e0d0f7c45.jpg,94.00793402777778,67.26753532409955
C:\Users\carmonta\Desktop\data-centric-cross-season-transfer\datasets\train_on_2025_all\images\frame_00046_jpg.rf.b74205aa7ed0ea0343e908912abbc439.jpg,frame_00046_jpg.rf.b74205aa7ed0ea0343e908912abbc439.jpg,77.45376302083334,55.26291819807164
C:\Users\carmonta\Desktop\data-centric-cross-season-transfer\datasets\train_on_2025_all\images\frame_00046_jpg.rf.e2b5bb16a90544985bc3ae023f0c4fbb.jpg,frame_00046_jpg.rf.e2b5bb16a90544985bc3ae023f0c4fbb.jpg,94.01065104166666,67.27997311524912
C:\Users\carmonta\Desktop\data-centric-cross-season-transfer\datasets\train_on_2025_all\images\frame_00046_jpg.rf.f970c8abd9ab5d5ce4fc2f4763c61ab1.jpg,frame_00046_jpg.rf.f970c8abd9ab5d5ce4fc2f4763c61ab1.jpg,78.54196614583333,61.15587702255736
C:\Users\carmonta\Desktop\data-centric-cross-season-transfer\datasets\train_on_2025_all\images\frame_00047_jpg.rf.19beaf312e62be29bf7d4c3cd171c961.jpg,frame_00047_jpg.rf.19beaf312e62be29bf7d4c3cd171c961.jpg,67.08713541666667,63.6903388675084
C:\Users\carmonta\Desktop\data-centric-cross-season-transfer\datasets\train_on_2025_all\images\frame_00047_jpg.rf.48e518377bd2c2ea5b3906a8076e9e4d.jpg,frame_00047_jpg.rf.48e518377bd2c2ea5b3906a8076e9e4d.jpg,87.42227864583333,67.18727190670943
C:\Users\carmonta\Desktop\data-centric-cross-season-transfer\datasets\train_on_2025_all\images\frame_00047_jpg.rf.51bd6fcfac209707abb864dfa1e1c203.jpg,frame_00047_jpg.rf.51bd6fcfac209707abb864dfa1e1c203.jpg,67.08698350694445,63.68761700470174
C:\Users\carmonta\Desktop\data-centric-cross-season-transfer\datasets\train_on_2025_all\images\frame_00047_jpg.rf.687c390ab727139358008bd79f61e44f.jpg,frame_00047_jpg.rf.687c390ab727139358008bd79f61e44f.jpg,87.41561631944444,67.17784586365185
C:\Users\carmonta\Desktop\data-centric-cross-season-transfer\datasets\train_on_2025_all\images\frame_00047_jpg.rf.b50ea3b014d57ac720c0562a2efe6140.jpg,frame_00047_jpg.rf.b50ea3b014d57ac720c0562a2efe6140.jpg,85.6626171875,62.91981667134676
C:\Users\carmonta\Desktop\data-centric-cross-season-transfer\datasets\train_on_2025_all\images\frame_00047_jpg.rf.cee1cf839abe08798db062184aa67055.jpg,frame_00047_jpg.rf.cee1cf839abe08798db062184aa67055.jpg,85.65429253472222,62.88751591019791
C:\Users\carmonta\Desktop\data-centric-cross-season-transfer\datasets\train_on_2025_all\images\frame_00047_jpg.rf.e162bc8fbc7dd03837be97d84b105b5a.jpg,frame_00047_jpg.rf.e162bc8fbc7dd03837be97d84b105b5a.jpg,85.69613715277778,62.972074683462054
C:\Users\carmonta\Desktop\data-centric-cross-season-transfer\datasets\train_on_2025_all\images\frame_00047_jpg.rf.e27bc1de60d0d7aec4b21a64443bef93.jpg,frame_00047_jpg.rf.e27bc1de60d0d7aec4b21a64443bef93.jpg,94.681171875,57.34393447304546
C:\Users\carmonta\Desktop\data-centric-cross-season-transfer\datasets\train_on_2025_all\images\frame_00047_jpg.rf.ed5c35ad4b0d1ec610b0ec9b3884da00.jpg,frame_00047_jpg.rf.ed5c35ad4b0d1ec610b0ec9b3884da00.jpg,67.04444878472222,63.61581124299326
C:\Users\carmonta\Desktop\data-centric-cross-season-transfer\datasets\train_on_2025_all\images\frame_00047_jpg.rf.f18e11d2748819130279015b9f55d49f.jpg,frame_00047_jpg.rf.f18e11d2748819130279015b9f55d49f.jpg,87.45415364583333,67.24967303349369
C:\Users\carmonta\Desktop\data-centric-cross-season-transfer\datasets\train_on_2025_all\images\frame_00048_jpg.rf.238ba7b5a529437f7e908bdd1d99166f.jpg,frame_00048_jpg.rf.238ba7b5a529437f7e908bdd1d99166f.jpg,74.33219184027777,55.22103674732401
C:\Users\carmonta\Desktop\data-centric-cross-season-transfer\datasets\train_on_2025_all\images\frame_00048_jpg.rf.4af94e2b59a0489bad1d80552508a8b2.jpg,frame_00048_jpg.rf.4af94e2b59a0489bad1d80552508a8b2.jpg,80.74577256944444,60.09828122840118
C:\Users\carmonta\Desktop\data-centric-cross-season-transfer\datasets\train_on_2025_all\images\frame_00048_jpg.rf.4bb8b1c5455b4fa56f03333ebe65bc54.jpg,frame_00048_jpg.rf.4bb8b1c5455b4fa56f03333ebe65bc54.jpg,80.78629774305556,60.16181481988194
C:\Users\carmonta\Desktop\data-centric-cross-season-transfer\datasets\train_on_2025_all\images\frame_00048_jpg.rf.ab8cb99c7b0a7945bf1cc97a473dc9b1.jpg,frame_00048_jpg.rf.ab8cb99c7b0a7945bf1cc97a473dc9b1.jpg,74.33366753472222,55.24110323200264
C:\Users\carmonta\Desktop\data-centric-cross-season-transfer\datasets\train_on_2025_all\images\frame_00048_jpg.rf.bf4fd20ab62adc210fc7ac2ce0918b9c.jpg,frame_00048_jpg.rf.bf4fd20ab62adc210fc7ac2ce0918b9c.jpg,80.73252604166667,60.07650644040805
C:\Users\carmonta\Desktop\data-centric-cross-season-transfer\datasets\train_on_2025_all\images\frame_00049_jpg.rf.391b76ea640d7c9279a4a65ee41952c8.jpg,frame_00049_jpg.rf.391b76ea640d7c9279a4a65ee41952c8.jpg,99.59005208333333,57.33606149635633
C:\Users\carmonta\Desktop\data-centric-cross-season-transfer\datasets\train_on_2025_all\images\frame_00049_jpg.rf.3dc70d4e7a0a10e67f193b78c0f2f27f.jpg,frame_00049_jpg.rf.3dc70d4e7a0a10e67f193b78c0f2f27f.jpg,93.54372395833333,69.21769413932732
C:\Users\carmonta\Desktop\data-centric-cross-season-transfer\datasets\train_on_2025_all\images\frame_00049_jpg.rf.40c1dd21fd459e90c087e57ac4135bfc.jpg,frame_00049_jpg.rf.40c1dd21fd459e90c087e57ac4135bfc.jpg,51.59165364583333,49.24069253166627
C:\Users\carmonta\Desktop\data-centric-cross-season-transfer\datasets\train_on_2025_all\images\frame_00049_jpg.rf.89cabdf8fc67da0e0dbbb5d46740f6d9.jpg,frame_00049_jpg.rf.89cabdf8fc67da0e0dbbb5d46740f6d9.jpg,99.62654079861112,57.435241488626495
C:\Users\carmonta\Desktop\data-centric-cross-season-transfer\datasets\train_on_2025_all\images\frame_00049_jpg.rf.9999d6782fc24d06814790c744f353f6.jpg,frame_00049_jpg.rf.9999d6782fc24d06814790c744f353f6.jpg,93.56249565972222,69.2637315321002
C:\Users\carmonta\Desktop\data-centric-cross-season-transfer\datasets\train_on_2025_all\images\frame_00049_jpg.rf.ad18001821ec4e30a1bbf7bcdbbbf08c.jpg,frame_00049_jpg.rf.ad18001821ec4e30a1bbf7bcdbbbf08c.jpg,93.5555078125,69.25361108310106
C:\Users\carmonta\Desktop\data-centric-cross-season-transfer\datasets\train_on_2025_all\images\frame_00049_jpg.rf.bd1ac7477176faccd8a0bfc7492e598c.jpg,frame_00049_jpg.rf.bd1ac7477176faccd8a0bfc7492e598c.jpg,99.59005208333333,57.33606149635633
C:\Users\carmonta\Desktop\data-centric-cross-season-transfer\datasets\train_on_2025_all\images\frame_00050_jpg.rf.cbc92bf1de173e108ac90b4551c588a6.jpg,frame_00050_jpg.rf.cbc92bf1de173e108ac90b4551c588a6.jpg,98.1038064236111,54.63562794929621
C:\Users\carmonta\Desktop\data-centric-cross-season-transfer\datasets\train_on_2025_all\images\frame_00050_jpg.rf.f1dfb36a78749a285bbe57f351cfa785.jpg,frame_00050_jpg.rf.f1dfb36a78749a285bbe57f351cfa785.jpg,98.08744357638889,54.59502726492998
C:\Users\carmonta\Desktop\data-centric-cross-season-transfer\datasets\train_on_2025_all\images\frame_00051_jpg.rf.0547a45e5ccd2b55e42429352271e1a0.jpg,frame_00051_jpg.rf.0547a45e5ccd2b55e42429352271e1a0.jpg,93.31095052083333,54.49403842473131
C:\Users\carmonta\Desktop\data-centric-cross-season-transfer\datasets\train_on_2025_all\images\frame_00051_jpg.rf.0d63d86bb60b3beb0783f3cba106eb07.jpg,frame_00051_jpg.rf.0d63d86bb60b3beb0783f3cba106eb07.jpg,93.28526475694444,54.39956030470131
C:\Users\carmonta\Desktop\data-centric-cross-season-transfer\datasets\train_on_2025_all\images\frame_00051_jpg.rf.19bea96ec9f9b6316709704444db0f0f.jpg,frame_00051_jpg.rf.19bea96ec9f9b6316709704444db0f0f.jpg,76.413359375,61.87822012102921
C:\Users\carmonta\Desktop\data-centric-cross-season-transfer\datasets\train_on_2025_all\images\frame_00051_jpg.rf.59d65e664e5d9a5850e46f7f264297a2.jpg,frame_00051_jpg.rf.59d65e664e5d9a5850e46f7f264297a2.jpg,93.33625868055556,54.53346834452293
C:\Users\carmonta\Desktop\data-centric-cross-season-transfer\datasets\train_on_2025_all\images\frame_00051_jpg.rf.a10489b27b1a53de5e71f02e6a71d953.jpg,frame_00051_jpg.rf.a10489b27b1a53de5e71f02e6a71d953.jpg,76.43916666666667,61.9363985270374
C:\Users\carmonta\Desktop\data-centric-cross-season-transfer\datasets\train_on_2025_all\images\frame_00051_jpg.rf.a8336cac8ad91f0367810ad238303946.jpg,frame_00051_jpg.rf.a8336cac8ad91f0367810ad238303946.jpg,125.84437934027778,32.01660561043963
C:\Users\carmonta\Desktop\data-centric-cross-season-transfer\datasets\train_on_2025_all\images\frame_00051_jpg.rf.ceb5d691ac6b559a8efe105a5a8d09ea.jpg,frame_00051_jpg.rf.ceb5d691ac6b559a8efe105a5a8d09ea.jpg,76.44882378472222,61.94429083824693
C:\Users\carmonta\Desktop\data-centric-cross-season-transfer\datasets\train_on_2025_all\images\frame_00052_jpg.rf.087ee9b7582b73096e14410352fa5e45.jpg,frame_00052_jpg.rf.087ee9b7582b73096e14410352fa5e45.jpg,124.73142361111111,33.38615804513898
C:\Users\carmonta\Desktop\data-centric-cross-season-transfer\datasets\train_on_2025_all\images\frame_00052_jpg.rf.51220c9dc71a15d0704d5413b5bd63a8.jpg,frame_00052_jpg.rf.51220c9dc71a15d0704d5413b5bd63a8.jpg,124.73555555555555,33.473516164478156
C:\Users\carmonta\Desktop\data-centric-cross-season-transfer\datasets\train_on_2025_all\images\frame_00052_jpg.rf.6dc6a580e1e89a24503f545f68e2e1e3.jpg,frame_00052_jpg.rf.6dc6a580e1e89a24503f545f68e2e1e3.jpg,124.73447482638889,33.497552833921254
C:\Users\carmonta\Desktop\data-centric-cross-season-transfer\datasets\train_on_2025_all\images\frame_00052_jpg.rf.7b61ff45edfd1dbec73961e6f1487d5c.jpg,frame_00052_jpg.rf.7b61ff45edfd1dbec73961e6f1487d5c.jpg,73.03124565972222,64.66428139603573
C:\Users\carmonta\Desktop\data-centric-cross-season-transfer\datasets\train_on_2025_all\images\frame_00052_jpg.rf.aa0266d30801faa2f6495168d599a15c.jpg,frame_00052_jpg.rf.aa0266d30801faa2f6495168d599a15c.jpg,81.810859375,55.24222063876281
C:\Users\carmonta\Desktop\data-centric-cross-season-transfer\datasets\train_on_2025_all\images\frame_00052_jpg.rf.ca9a3a9b5cb5966fb162a28b97015f62.jpg,frame_00052_jpg.rf.ca9a3a9b5cb5966fb162a28b97015f62.jpg,81.76856336805555,55.120475851468655
C:\Users\carmonta\Desktop\data-centric-cross-season-transfer\datasets\train_on_2025_all\images\frame_00052_jpg.rf.d6aff11d03cac34caa3d17ae7f0b8593.jpg,frame_00052_jpg.rf.d6aff11d03cac34caa3d17ae7f0b8593.jpg,73.07735243055555,64.75600718276463
C:\Users\carmonta\Desktop\data-centric-cross-season-transfer\datasets\train_on_2025_all\images\frame_00052_jpg.rf.de6d9bc3a82476c22bbce64a3930a770.jpg,frame_00052_jpg.rf.de6d9bc3a82476c22bbce64a3930a770.jpg,73.08786458333333,64.76472635482216
C:\Users\carmonta\Desktop\data-centric-cross-season-transfer\datasets\train_on_2025_all\images\frame_00053_jpg.rf.03de9cc4a9096cfbc225f32dc1180789.jpg,frame_00053_jpg.rf.03de9cc4a9096cfbc225f32dc1180789.jpg,92.95798611111111,62.4078060058046
C:\Users\carmonta\Desktop\data-centric-cross-season-transfer\datasets\train_on_2025_all\images\frame_00053_jpg.rf.10c22aecff77ca6db0694a12f0ed51a8.jpg,frame_00053_jpg.rf.10c22aecff77ca6db0694a12f0ed51a8.jpg,92.9368359375,62.36177624289789
C:\Users\carmonta\Desktop\data-centric-cross-season-transfer\datasets\train_on_2025_all\images\frame_00053_jpg.rf.1ebf30dc2a250b10014e4eee8e2a45f1.jpg,frame_00053_jpg.rf.1ebf30dc2a250b10014e4eee8e2a45f1.jpg,126.45600694444444,39.094030279570205
C:\Users\carmonta\Desktop\data-centric-cross-season-transfer\datasets\train_on_2025_all\images\frame_00053_jpg.rf.2d32fb5c9ff4534d8e2631efd8354b7f.jpg,frame_00053_jpg.rf.2d32fb5c9ff4534d8e2631efd8354b7f.jpg,74.80414496527777,48.340885322434495
C:\Users\carmonta\Desktop\data-centric-cross-season-transfer\datasets\train_on_2025_all\images\frame_00053_jpg.rf.47f2412df957ac939d22ab7bb2de536e.jpg,frame_00053_jpg.rf.47f2412df957ac939d22ab7bb2de536e.jpg,92.95756076388889,62.42414358550272
C:\Users\carmonta\Desktop\data-centric-cross-season-transfer\datasets\train_on_2025_all\images\frame_00053_jpg.rf.5e7790c3dea7232c605d8c297aa0f221.jpg,frame_00053_jpg.rf.5e7790c3dea7232c605d8c297aa0f221.jpg,126.46283854166667,39.1483564150302
C:\Users\carmonta\Desktop\data-centric-cross-season-transfer\datasets\train_on_2025_all\images\frame_00053_jpg.rf.74a267d6a75dca3f9deb343203a0d163.jpg,frame_00053_jpg.rf.74a267d6a75dca3f9deb343203a0d163.jpg,73.64029947916667,52.79978606083584
C:\Users\carmonta\Desktop\data-centric-cross-season-transfer\datasets\train_on_2025_all\images\frame_00053_jpg.rf.82a3aa316e039ba77d06053bb8c969d3.jpg,frame_00053_jpg.rf.82a3aa316e039ba77d06053bb8c969d3.jpg,73.63382378472222,52.78416892179025
C:\Users\carmonta\Desktop\data-centric-cross-season-transfer\datasets\train_on_2025_all\images\frame_00053_jpg.rf.a9b14b05fb884321e1d19acb611ee9be.jpg,frame_00053_jpg.rf.a9b14b05fb884321e1d19acb611ee9be.jpg,126.46207899305556,39.039080684332056
C:\Users\carmonta\Desktop\data-centric-cross-season-transfer\datasets\train_on_2025_all\images\frame_00053_jpg.rf.ccd36e00f1cfa8a0c8cab82f896ccb62.jpg,frame_00053_jpg.rf.ccd36e00f1cfa8a0c8cab82f896ccb62.jpg,73.66520833333334,52.87417222189906
C:\Users\carmonta\Desktop\data-centric-cross-season-transfer\datasets\train_on_2025_all\images\frame_00053_jpg.rf.d7874e257fcdec1dfe6e28a7cc479e65.jpg,frame_00053_jpg.rf.d7874e257fcdec1dfe6e28a7cc479e65.jpg,74.8580078125,48.47913961670147
C:\Users\carmonta\Desktop\data-centric-cross-season-transfer\datasets\train_on_2025_all\images\frame_00053_jpg.rf.f74e59f4fb178e8c088ff2a667adf86a.jpg,frame_00053_jpg.rf.f74e59f4fb178e8c088ff2a667adf86a.jpg,74.81645833333333,48.384879858432335
C:\Users\carmonta\Desktop\data-centric-cross-season-transfer\datasets\train_on_2025_all\images\frame_00054_jpg.rf.48411bfcf22e8d65a85eebd853b6433a.jpg,frame_00054_jpg.rf.48411bfcf22e8d65a85eebd853b6433a.jpg,80.26802951388889,78.81119051541769
C:\Users\carmonta\Desktop\data-centric-cross-season-transfer\datasets\train_on_2025_all\images\frame_00054_jpg.rf.729a3e50498f0f8d42dad3d3aa179dbb.jpg,frame_00054_jpg.rf.729a3e50498f0f8d42dad3d3aa179dbb.jpg,80.20894097222222,51.6282477111676
C:\Users\carmonta\Desktop\data-centric-cross-season-transfer\datasets\train_on_2025_all\images\frame_00054_jpg.rf.969ed8beeffecebcd3b09f82f281cd68.jpg,frame_00054_jpg.rf.969ed8beeffecebcd3b09f82f281cd68.jpg,119.22098090277778,41.298651390532335
C:\Users\carmonta\Desktop\data-centric-cross-season-transfer\datasets\train_on_2025_all\images\frame_00054_jpg.rf.9db3c1d64293a2cf858aa5cb04880e00.jpg,frame_00054_jpg.rf.9db3c1d64293a2cf858aa5cb04880e00.jpg,119.22062065972223,41.46146055161485
C:\Users\carmonta\Desktop\data-centric-cross-season-transfer\datasets\train_on_2025_all\images\frame_00054_jpg.rf.bf9b4cd1fe322cb102f23eb9a665b97b.jpg,frame_00054_jpg.rf.bf9b4cd1fe322cb102f23eb9a665b97b.jpg,80.19055555555556,51.57638962120192
C:\Users\carmonta\Desktop\data-centric-cross-season-transfer\datasets\train_on_2025_all\images\frame_00054_jpg.rf.c2e177a6ff973395bcd1372b8fdb579c.jpg,frame_00054_jpg.rf.c2e177a6ff973395bcd1372b8fdb579c.jpg,119.22515190972223,41.45102915371669
C:\Users\carmonta\Desktop\data-centric-cross-season-transfer\datasets\train_on_2025_all\images\frame_00054_jpg.rf.cf36a5f53c7ad15b7d097f880e047b08.jpg,frame_00054_jpg.rf.cf36a5f53c7ad15b7d097f880e047b08.jpg,80.31706597222222,78.87174803167504
C:\Users\carmonta\Desktop\data-centric-cross-season-transfer\datasets\train_on_2025_all\images\frame_00054_jpg.rf.deea6340e5df05cab442acbf6f170bb4.jpg,frame_00054_jpg.rf.deea6340e5df05cab442acbf6f170bb4.jpg,69.39384114583333,56.52105162833296
C:\Users\carmonta\Desktop\data-centric-cross-season-transfer\datasets\train_on_2025_all\images\frame_00054_jpg.rf.f15593d2495c4a93c8204fd60e80a051.jpg,frame_00054_jpg.rf.f15593d2495c4a93c8204fd60e80a051.jpg,69.39384114583333,56.52105162833296
C:\Users\carmonta\Desktop\data-centric-cross-season-transfer\datasets\train_on_2025_all\images\frame_00054_jpg.rf.f42679ee50b530d37c29aea222eb2f17.jpg,frame_00054_jpg.rf.f42679ee50b530d37c29aea222eb2f17.jpg,80.29178819444445,78.84419822678511
C:\Users\carmonta\Desktop\data-centric-cross-season-transfer\datasets\train_on_2025_all\images\frame_00054_jpg.rf.fb1001c54ecce03c91bffd8cca4417d3.jpg,frame_00054_jpg.rf.fb1001c54ecce03c91bffd8cca4417d3.jpg,69.41659722222222,56.5722775209485
C:\Users\carmonta\Desktop\data-centric-cross-season-transfer\datasets\train_on_2025_all\images\frame_00055_jpg.rf.0aaa7c260073f3d725faa988f2316d1c.jpg,frame_00055_jpg.rf.0aaa7c260073f3d725faa988f2316d1c.jpg,115.0681640625,43.48584771797442
C:\Users\carmonta\Desktop\data-centric-cross-season-transfer\datasets\train_on_2025_all\images\frame_00055_jpg.rf.224790855ca0e94d42245bad0444e0a1.jpg,frame_00055_jpg.rf.224790855ca0e94d42245bad0444e0a1.jpg,80.77595052083333,62.500696848262294
C:\Users\carmonta\Desktop\data-centric-cross-season-transfer\datasets\train_on_2025_all\images\frame_00055_jpg.rf.38ad522e612a549eee92f556e6fc11a2.jpg,frame_00055_jpg.rf.38ad522e612a549eee92f556e6fc11a2.jpg,115.07975260416667,43.596829767053094
C:\Users\carmonta\Desktop\data-centric-cross-season-transfer\datasets\train_on_2025_all\images\frame_00055_jpg.rf.6044d206d082be83084fd8aa05898326.jpg,frame_00055_jpg.rf.6044d206d082be83084fd8aa05898326.jpg,80.7608203125,62.47795842324563
C:\Users\carmonta\Desktop\data-centric-cross-season-transfer\datasets\train_on_2025_all\images\frame_00055_jpg.rf.f6a334906211942ebf70f801f6ba26df.jpg,frame_00055_jpg.rf.f6a334906211942ebf70f801f6ba26df.jpg,80.79284288194444,62.53828541263383
C:\Users\carmonta\Desktop\data-centric-cross-season-transfer\datasets\train_on_2025_all\images\frame_00056_jpg.rf.2405d9624dec5abc4833148a2c95ae99.jpg,frame_00056_jpg.rf.2405d9624dec5abc4833148a2c95ae99.jpg,109.91897135416667,58.10483738842183
C:\Users\carmonta\Desktop\data-centric-cross-season-transfer\datasets\train_on_2025_all\images\frame_00056_jpg.rf.7a26fd318d9907c56327585b04cf4787.jpg,frame_00056_jpg.rf.7a26fd318d9907c56327585b04cf4787.jpg,110.79169704861111,44.13933322428658
C:\Users\carmonta\Desktop\data-centric-cross-season-transfer\datasets\train_on_2025_all\images\frame_00056_jpg.rf.9d67c805164c28564230889b72189ce0.jpg,frame_00056_jpg.rf.9d67c805164c28564230889b72189ce0.jpg,110.78869791666666,44.16314485611681
C:\Users\carmonta\Desktop\data-centric-cross-season-transfer\datasets\train_on_2025_all\images\frame_00056_jpg.rf.aaa06e4e5ebf0b589b60549f4c0c97f0.jpg,frame_00056_jpg.rf.aaa06e4e5ebf0b589b60549f4c0c97f0.jpg,110.79077690972223,44.17296060701357
C:\Users\carmonta\Desktop\data-centric-cross-season-transfer\datasets\train_on_2025_all\images\frame_00056_jpg.rf.bfde35abefc2c6cac9dc1006b37dab24.jpg,frame_00056_jpg.rf.bfde35abefc2c6cac9dc1006b37dab24.jpg,109.92792100694444,58.148808892579254
C:\Users\carmonta\Desktop\data-centric-cross-season-transfer\datasets\train_on_2025_all\images\frame_00057_jpg.rf.08069eac9fded06aae0e0c1e6693da16.jpg,frame_00057_jpg.rf.08069eac9fded06aae0e0c1e6693da16.jpg,75.80018663194444,66.48357971981505
C:\Users\carmonta\Desktop\data-centric-cross-season-transfer\datasets\train_on_2025_all\images\frame_00057_jpg.rf.23b926327323386637b51dd726ae2a33.jpg,frame_00057_jpg.rf.23b926327323386637b51dd726ae2a33.jpg,116.84380642361111,53.71521743045835
C:\Users\carmonta\Desktop\data-centric-cross-season-transfer\datasets\train_on_2025_all\images\frame_00057_jpg.rf.2cd8164f6ed087b9aaa601e19fbd6160.jpg,frame_00057_jpg.rf.2cd8164f6ed087b9aaa601e19fbd6160.jpg,75.80063368055555,66.49295585562348
C:\Users\carmonta\Desktop\data-centric-cross-season-transfer\datasets\train_on_2025_all\images\frame_00057_jpg.rf.4cbd5cd02408130bc9331b731159ccc2.jpg,frame_00057_jpg.rf.4cbd5cd02408130bc9331b731159ccc2.jpg,70.37250434027777,67.32732803817132
C:\Users\carmonta\Desktop\data-centric-cross-season-transfer\datasets\train_on_2025_all\images\frame_00057_jpg.rf.5ab1904d35b074c785b029ec86408484.jpg,frame_00057_jpg.rf.5ab1904d35b074c785b029ec86408484.jpg,110.86754774305555,42.15826697847999
C:\Users\carmonta\Desktop\data-centric-cross-season-transfer\datasets\train_on_2025_all\images\frame_00057_jpg.rf.6f5135d858b1e9ac850f75079c705cb8.jpg,frame_00057_jpg.rf.6f5135d858b1e9ac850f75079c705cb8.jpg,116.81646701388888,53.61480069754484
C:\Users\carmonta\Desktop\data-centric-cross-season-transfer\datasets\train_on_2025_all\images\frame_00057_jpg.rf.86a55ea6a1e28b4e97bd5b49b76fb2e5.jpg,frame_00057_jpg.rf.86a55ea6a1e28b4e97bd5b49b76fb2e5.jpg,70.44096788194445,67.42139047573299
C:\Users\carmonta\Desktop\data-centric-cross-season-transfer\datasets\train_on_2025_all\images\frame_00057_jpg.rf.9aeabafb11518acae27347d5f65343de.jpg,frame_00057_jpg.rf.9aeabafb11518acae27347d5f65343de.jpg,110.88184461805555,42.1805322669896
C:\Users\carmonta\Desktop\data-centric-cross-season-transfer\datasets\train_on_2025_all\images\frame_00057_jpg.rf.a9ac5b5e8b144bfc1e2b8eda47380a3b.jpg,frame_00057_jpg.rf.a9ac5b5e8b144bfc1e2b8eda47380a3b.jpg,75.76898003472222,66.4393035222277
C:\Users\carmonta\Desktop\data-centric-cross-season-transfer\datasets\train_on_2025_all\images\frame_00057_jpg.rf.c80a416d645276b7004cd010ed19e3da.jpg,frame_00057_jpg.rf.c80a416d645276b7004cd010ed19e3da.jpg,110.87214409722222,42.130740501790804
C:\Users\carmonta\Desktop\data-centric-cross-season-transfer\datasets\train_on_2025_all\images\frame_00057_jpg.rf.cc1c2e027a91077df85893fbe8df9ff1.jpg,frame_00057_jpg.rf.cc1c2e027a91077df85893fbe8df9ff1.jpg,70.41302083333333,67.37843164503023
C:\Users\carmonta\Desktop\data-centric-cross-season-transfer\datasets\train_on_2025_all\images\frame_00058_jpg.rf.0169f3fefa646c4f6ea7aa838e3e2d7b.jpg,frame_00058_jpg.rf.0169f3fefa646c4f6ea7aa838e3e2d7b.jpg,94.43151041666667,67.54185100589098
C:\Users\carmonta\Desktop\data-centric-cross-season-transfer\datasets\train_on_2025_all\images\frame_00058_jpg.rf.020bfcba74f3fb6cee1e0dcf0ce0073f.jpg,frame_00058_jpg.rf.020bfcba74f3fb6cee1e0dcf0ce0073f.jpg,111.92870225694445,41.18189916142233
C:\Users\carmonta\Desktop\data-centric-cross-season-transfer\datasets\train_on_2025_all\images\frame_00058_jpg.rf.04a8d30f87839b1f4021ac1f50946cce.jpg,frame_00058_jpg.rf.04a8d30f87839b1f4021ac1f50946cce.jpg,111.92723090277778,41.140548919799045
C:\Users\carmonta\Desktop\data-centric-cross-season-transfer\datasets\train_on_2025_all\images\frame_00058_jpg.rf.18bed995a54a4f5989cec940e5e2bbe9.jpg,frame_00058_jpg.rf.18bed995a54a4f5989cec940e5e2bbe9.jpg,94.46272135416666,67.62507495803862
C:\Users\carmonta\Desktop\data-centric-cross-season-transfer\datasets\train_on_2025_all\images\frame_00058_jpg.rf.1e183b2d76399b34775154aa2605973c.jpg,frame_00058_jpg.rf.1e183b2d76399b34775154aa2605973c.jpg,103.17358506944444,69.4840364872177
C:\Users\carmonta\Desktop\data-centric-cross-season-transfer\datasets\train_on_2025_all\images\frame_00058_jpg.rf.748d1c1905b928c5e1cbdab70fc34ac7.jpg,frame_00058_jpg.rf.748d1c1905b928c5e1cbdab70fc34ac7.jpg,66.31660590277778,64.67023611772089
C:\Users\carmonta\Desktop\data-centric-cross-season-transfer\datasets\train_on_2025_all\images\frame_00058_jpg.rf.8e997188f6935be2cca367e385640906.jpg,frame_00058_jpg.rf.8e997188f6935be2cca367e385640906.jpg,66.37450086805555,64.74957861270943
C:\Users\carmonta\Desktop\data-centric-cross-season-transfer\datasets\train_on_2025_all\images\frame_00058_jpg.rf.a36be9d092f90c4048a374a5504b2448.jpg,frame_00058_jpg.rf.a36be9d092f90c4048a374a5504b2448.jpg,94.4509765625,67.58840572185454
C:\Users\carmonta\Desktop\data-centric-cross-season-transfer\datasets\train_on_2025_all\images\frame_00058_jpg.rf.a90a6c2c0eea84ad6c0df395ed10721e.jpg,frame_00058_jpg.rf.a90a6c2c0eea84ad6c0df395ed10721e.jpg,111.93048611111111,41.218998802296205
C:\Users\carmonta\Desktop\data-centric-cross-season-transfer\datasets\train_on_2025_all\images\frame_00058_jpg.rf.a96520aae212e3a9dfda0b814a211720.jpg,frame_00058_jpg.rf.a96520aae212e3a9dfda0b814a211720.jpg,66.31660590277778,64.67023611772089
C:\Users\carmonta\Desktop\data-centric-cross-season-transfer\datasets\train_on_2025_all\images\frame_00058_jpg.rf.cf3ee9db438b69bd4e090f57ada788d1.jpg,frame_00058_jpg.rf.cf3ee9db438b69bd4e090f57ada788d1.jpg,103.18370225694444,69.49943525581074
C:\Users\carmonta\Desktop\data-centric-cross-season-transfer\datasets\train_on_2025_all\images\frame_00059_jpg.rf.08c182f794d3652625896bce1d20a8b8.jpg,frame_00059_jpg.rf.08c182f794d3652625896bce1d20a8b8.jpg,118.22539496527777,40.03985254378046
C:\Users\carmonta\Desktop\data-centric-cross-season-transfer\datasets\train_on_2025_all\images\frame_00059_jpg.rf.12d8a42420d685ff67a5f848a7e959c8.jpg,frame_00059_jpg.rf.12d8a42420d685ff67a5f848a7e959c8.jpg,106.21232638888888,61.527057020709044
C:\Users\carmonta\Desktop\data-centric-cross-season-transfer\datasets\train_on_2025_all\images\frame_00059_jpg.rf.331402a994e17271e3bd52aeb631d739.jpg,frame_00059_jpg.rf.331402a994e17271e3bd52aeb631d739.jpg,106.21223524305556,61.529241330174735
C:\Users\carmonta\Desktop\data-centric-cross-season-transfer\datasets\train_on_2025_all\images\frame_00059_jpg.rf.90e49efdf27325b57cd50736a7a0f60a.jpg,frame_00059_jpg.rf.90e49efdf27325b57cd50736a7a0f60a.jpg,83.99303385416667,68.69935962659883
C:\Users\carmonta\Desktop\data-centric-cross-season-transfer\datasets\train_on_2025_all\images\frame_00059_jpg.rf.d7ac39dae0f138e00d9340f6e790366e.jpg,frame_00059_jpg.rf.d7ac39dae0f138e00d9340f6e790366e.jpg,118.22576388888889,40.088006303836984
C:\Users\carmonta\Desktop\data-centric-cross-season-transfer\datasets\train_on_2025_all\images\frame_00059_jpg.rf.d9386965781c2a692c4a0ca2a33f57c5.jpg,frame_00059_jpg.rf.d9386965781c2a692c4a0ca2a33f57c5.jpg,118.22753038194445,40.075685296372704
C:\Users\carmonta\Desktop\data-centric-cross-season-transfer\datasets\train_on_2025_all\images\frame_00059_jpg.rf.ed90ca6ef6f63634c17ae3fc7df713ab.jpg,frame_00059_jpg.rf.ed90ca6ef6f63634c17ae3fc7df713ab.jpg,84.00829427083333,68.72972602422327
C:\Users\carmonta\Desktop\data-centric-cross-season-transfer\datasets\train_on_2025_all\images\frame_00059_jpg.rf.f28f815e196c1cd0a091aa7bad41ad16.jpg,frame_00059_jpg.rf.f28f815e196c1cd0a091aa7bad41ad16.jpg,106.20953993055555,61.520839888504014
C:\Users\carmonta\Desktop\data-centric-cross-season-transfer\datasets\train_on_2025_all\images\frame_00060_jpg.rf.24b833f3257b3d1f3c968c80e3b1efed.jpg,frame_00060_jpg.rf.24b833f3257b3d1f3c968c80e3b1efed.jpg,85.42311631944445,63.54477110184421
C:\Users\carmonta\Desktop\data-centric-cross-season-transfer\datasets\train_on_2025_all\images\frame_00060_jpg.rf.372208ded4dcb711b3480a950663d0dc.jpg,frame_00060_jpg.rf.372208ded4dcb711b3480a950663d0dc.jpg,126.62344184027778,39.63438468819806
C:\Users\carmonta\Desktop\data-centric-cross-season-transfer\datasets\train_on_2025_all\images\frame_00060_jpg.rf.7cd04008e417668ceefa2ea8e35c7a56.jpg,frame_00060_jpg.rf.7cd04008e417668ceefa2ea8e35c7a56.jpg,126.62192274305555,39.74588373320707
C:\Users\carmonta\Desktop\data-centric-cross-season-transfer\datasets\train_on_2025_all\images\frame_00060_jpg.rf.7dbea52178dd259f40e3a87819095a4a.jpg,frame_00060_jpg.rf.7dbea52178dd259f40e3a87819095a4a.jpg,126.62365885416666,39.68881673425858
C:\Users\carmonta\Desktop\data-centric-cross-season-transfer\datasets\train_on_2025_all\images\frame_00060_jpg.rf.9b4fb6783022ba1eb6092e21fa446b94.jpg,frame_00060_jpg.rf.9b4fb6783022ba1eb6092e21fa446b94.jpg,85.41029947916667,69.82531241723007
C:\Users\carmonta\Desktop\data-centric-cross-season-transfer\datasets\train_on_2025_all\images\frame_00060_jpg.rf.a07d74d619137933d26222ecaef9743e.jpg,frame_00060_jpg.rf.a07d74d619137933d26222ecaef9743e.jpg,85.37928385416667,63.49354347513455
C:\Users\carmonta\Desktop\data-centric-cross-season-transfer\datasets\train_on_2025_all\images\frame_00060_jpg.rf.a09ca859ee17e87b1d8d4b87e3e1545f.jpg,frame_00060_jpg.rf.a09ca859ee17e87b1d8d4b87e3e1545f.jpg,85.36900173611112,69.7625606661973
C:\Users\carmonta\Desktop\data-centric-cross-season-transfer\datasets\train_on_2025_all\images\frame_00060_jpg.rf.a91ec4db5757544e0960e57b52e822bf.jpg,frame_00060_jpg.rf.a91ec4db5757544e0960e57b52e822bf.jpg,85.38519965277777,69.78214827912453
C:\Users\carmonta\Desktop\data-centric-cross-season-transfer\datasets\train_on_2025_all\images\frame_00060_jpg.rf.fb208306168d0801a10b0ac69cd66ca1.jpg,frame_00060_jpg.rf.fb208306168d0801a10b0ac69cd66ca1.jpg,85.39848524305556,63.52839388943175
C:\Users\carmonta\Desktop\data-centric-cross-season-transfer\datasets\train_on_2025_all\images\frame_00061_jpg.rf.0dd3baefb60033a42637a8b41928ff8c.jpg,frame_00061_jpg.rf.0dd3baefb60033a42637a8b41928ff8c.jpg,127.37421440972223,38.98937970869262
C:\Users\carmonta\Desktop\data-centric-cross-season-transfer\datasets\train_on_2025_all\images\frame_00061_jpg.rf.6fefeb7aacd85d9eda88be1b304eaf46.jpg,frame_00061_jpg.rf.6fefeb7aacd85d9eda88be1b304eaf46.jpg,127.37217881944444,39.026945244902
C:\Users\carmonta\Desktop\data-centric-cross-season-transfer\datasets\train_on_2025_all\images\frame_00061_jpg.rf.78791ebade3bd58f38237fef2466f03b.jpg,frame_00061_jpg.rf.78791ebade3bd58f38237fef2466f03b.jpg,127.36873697916667,38.881820488035366
C:\Users\carmonta\Desktop\data-centric-cross-season-transfer\datasets\train_on_2025_all\images\frame_00062_jpg.rf.91b5a526ed44f92c3ce983b3b60527c7.jpg,frame_00062_jpg.rf.91b5a526ed44f92c3ce983b3b60527c7.jpg,126.10752170138889,36.8065053224156
C:\Users\carmonta\Desktop\data-centric-cross-season-transfer\datasets\train_on_2025_all\images\frame_00062_jpg.rf.c9f6863db5c339a8e055e46bdaf6e45e.jpg,frame_00062_jpg.rf.c9f6863db5c339a8e055e46bdaf6e45e.jpg,126.10215277777777,36.74187798406749
C:\Users\carmonta\Desktop\data-centric-cross-season-transfer\datasets\train_on_2025_all\images\frame_00062_jpg.rf.cda7b45cf81d89d26a129f2c42870472.jpg,frame_00062_jpg.rf.cda7b45cf81d89d26a129f2c42870472.jpg,78.12138888888889,62.31404875887752
C:\Users\carmonta\Desktop\data-centric-cross-season-transfer\datasets\train_on_2025_all\images\frame_00062_jpg.rf.e0c98974971e8165f44c33adb3558fe0.jpg,frame_00062_jpg.rf.e0c98974971e8165f44c33adb3558fe0.jpg,78.08993055555555,62.25876251354021
C:\Users\carmonta\Desktop\data-centric-cross-season-transfer\datasets\train_on_2025_all\images\frame_00062_jpg.rf.edb5b169662cbdf04068e27e9392f83a.jpg,frame_00062_jpg.rf.edb5b169662cbdf04068e27e9392f83a.jpg,78.08548611111111,62.24398754520459
C:\Users\carmonta\Desktop\data-centric-cross-season-transfer\datasets\train_on_2025_all\images\frame_00063_jpg.rf.0d4beb04df06aaedf7aacdaffee784be.jpg,frame_00063_jpg.rf.0d4beb04df06aaedf7aacdaffee784be.jpg,79.14646267361111,63.78544713778515
C:\Users\carmonta\Desktop\data-centric-cross-season-transfer\datasets\train_on_2025_all\images\frame_00063_jpg.rf.366097e88b3271b65651a791386f122d.jpg,frame_00063_jpg.rf.366097e88b3271b65651a791386f122d.jpg,79.16026475694444,63.79937954216033
C:\Users\carmonta\Desktop\data-centric-cross-season-transfer\datasets\train_on_2025_all\images\frame_00063_jpg.rf.394adbb257efd2d9e90e54aeebd6724b.jpg,frame_00063_jpg.rf.394adbb257efd2d9e90e54aeebd6724b.jpg,77.69749565972222,58.39177665162994
C:\Users\carmonta\Desktop\data-centric-cross-season-transfer\datasets\train_on_2025_all\images\frame_00063_jpg.rf.4d8a9e0d577254ecd869044adbc435d8.jpg,frame_00063_jpg.rf.4d8a9e0d577254ecd869044adbc435d8.jpg,124.33264756944445,35.04374369742271
C:\Users\carmonta\Desktop\data-centric-cross-season-transfer\datasets\train_on_2025_all\images\frame_00063_jpg.rf.60959ef35990a833b741320061683bc5.jpg,frame_00063_jpg.rf.60959ef35990a833b741320061683bc5.jpg,98.17487847222222,67.82297115125407
C:\Users\carmonta\Desktop\data-centric-cross-season-transfer\datasets\train_on_2025_all\images\frame_00063_jpg.rf.c1170fc4c9338149513e44e7f78ebc37.jpg,frame_00063_jpg.rf.c1170fc4c9338149513e44e7f78ebc37.jpg,77.67143229166666,58.32242705959818
C:\Users\carmonta\Desktop\data-centric-cross-season-transfer\datasets\train_on_2025_all\images\frame_00063_jpg.rf.c9f20081e6801f7245d34d7d32f1f26a.jpg,frame_00063_jpg.rf.c9f20081e6801f7245d34d7d32f1f26a.jpg,77.67143229166666,58.32242705959818
C:\Users\carmonta\Desktop\data-centric-cross-season-transfer\datasets\train_on_2025_all\images\frame_00063_jpg.rf.cefb80b38406708654e8e96f2ba03917.jpg,frame_00063_jpg.rf.cefb80b38406708654e8e96f2ba03917.jpg,124.32364583333333,35.011911438975694
C:\Users\carmonta\Desktop\data-centric-cross-season-transfer\datasets\train_on_2025_all\images\frame_00063_jpg.rf.d8ec640f728839c3a5273bd262498b22.jpg,frame_00063_jpg.rf.d8ec640f728839c3a5273bd262498b22.jpg,124.31763454861111,34.93591488843737
C:\Users\carmonta\Desktop\data-centric-cross-season-transfer\datasets\train_on_2025_all\images\frame_00063_jpg.rf.f3d9fc129aa922a9ba5016f6c3a8dc98.jpg,frame_00063_jpg.rf.f3d9fc129aa922a9ba5016f6c3a8dc98.jpg,98.16983072916666,67.7872269114899
C:\Users\carmonta\Desktop\data-centric-cross-season-transfer\datasets\train_on_2025_all\images\frame_00064_jpg.rf.0d700a940b6900e77086213be4e53d85.jpg,frame_00064_jpg.rf.0d700a940b6900e77086213be4e53d85.jpg,122.27447482638888,39.82797860443726
C:\Users\carmonta\Desktop\data-centric-cross-season-transfer\datasets\train_on_2025_all\images\frame_00064_jpg.rf.16d3af305ffc1b51ececbe2f6374c1fa.jpg,frame_00064_jpg.rf.16d3af305ffc1b51ececbe2f6374c1fa.jpg,100.62047743055555,69.15057260634902
C:\Users\carmonta\Desktop\data-centric-cross-season-transfer\datasets\train_on_2025_all\images\frame_00064_jpg.rf.18c9be872a3504e86cbbcacf814225c4.jpg,frame_00064_jpg.rf.18c9be872a3504e86cbbcacf814225c4.jpg,75.01475694444444,58.001452621386335
C:\Users\carmonta\Desktop\data-centric-cross-season-transfer\datasets\train_on_2025_all\images\frame_00064_jpg.rf.203300fd3576ed47bd2efa081e6a8ea9.jpg,frame_00064_jpg.rf.203300fd3576ed47bd2efa081e6a8ea9.jpg,64.24127604166667,64.59829280593384
C:\Users\carmonta\Desktop\data-centric-cross-season-transfer\datasets\train_on_2025_all\images\frame_00064_jpg.rf.26ba4167c11902ffe82261a40c043028.jpg,frame_00064_jpg.rf.26ba4167c11902ffe82261a40c043028.jpg,79.75549479166666,59.88653935297413
C:\Users\carmonta\Desktop\data-centric-cross-season-transfer\datasets\train_on_2025_all\images\frame_00064_jpg.rf.4a7a961a3c909c0c4d6d43931e4eeb36.jpg,frame_00064_jpg.rf.4a7a961a3c909c0c4d6d43931e4eeb36.jpg,86.29204427083333,60.28866621108754
C:\Users\carmonta\Desktop\data-centric-cross-season-transfer\datasets\train_on_2025_all\images\frame_00064_jpg.rf.6a2218bf8a836e3690d8be0b502cdd19.jpg,frame_00064_jpg.rf.6a2218bf8a836e3690d8be0b502cdd19.jpg,75.04898003472222,58.06003882851525
C:\Users\carmonta\Desktop\data-centric-cross-season-transfer\datasets\train_on_2025_all\images\frame_00064_jpg.rf.86f485686e88047b564497ab911c37e7.jpg,frame_00064_jpg.rf.86f485686e88047b564497ab911c37e7.jpg,75.05106336805555,58.068763799175095
C:\Users\carmonta\Desktop\data-centric-cross-season-transfer\datasets\train_on_2025_all\images\frame_00064_jpg.rf.a159c0390ad9141dea9774b20c8dd680.jpg,frame_00064_jpg.rf.a159c0390ad9141dea9774b20c8dd680.jpg,122.27531684027778,39.77395901955007
C:\Users\carmonta\Desktop\data-centric-cross-season-transfer\datasets\train_on_2025_all\images\frame_00064_jpg.rf.a20a0990d013ffea8951be4c61b55ded.jpg,frame_00064_jpg.rf.a20a0990d013ffea8951be4c61b55ded.jpg,64.17796875,64.51530478175204
C:\Users\carmonta\Desktop\data-centric-cross-season-transfer\datasets\train_on_2025_all\images\frame_00064_jpg.rf.acf7efe61166538d26cdbe6a3f505e67.jpg,frame_00064_jpg.rf.acf7efe61166538d26cdbe6a3f505e67.jpg,100.59374565972222,69.08814591661674
C:\Users\carmonta\Desktop\data-centric-cross-season-transfer\datasets\train_on_2025_all\images\frame_00064_jpg.rf.b479cbdc7805e86b20ba19c85dc02c95.jpg,frame_00064_jpg.rf.b479cbdc7805e86b20ba19c85dc02c95.jpg,122.28159288194445,39.80561543994773
C:\Users\carmonta\Desktop\data-centric-cross-season-transfer\datasets\train_on_2025_all\images\frame_00064_jpg.rf.f69e394c2a71c164ddeb407e6b45a743.jpg,frame_00064_jpg.rf.f69e394c2a71c164ddeb407e6b45a743.jpg,86.31490885416666,60.32589455422715
C:\Users\carmonta\Desktop\data-centric-cross-season-transfer\datasets\train_on_2025_all\images\frame_00065_jpg.rf.111a765e54570e95e403211dbac659cc.jpg,frame_00065_jpg.rf.111a765e54570e95e403211dbac659cc.jpg,115.81741753472222,50.32096315566909
C:\Users\carmonta\Desktop\data-centric-cross-season-transfer\datasets\train_on_2025_all\images\frame_00065_jpg.rf.1bcba97278e180cd62a88ef2a1d438fd.jpg,frame_00065_jpg.rf.1bcba97278e180cd62a88ef2a1d438fd.jpg,88.31581597222223,61.45577360370645
C:\Users\carmonta\Desktop\data-centric-cross-season-transfer\datasets\train_on_2025_all\images\frame_00065_jpg.rf.202f5a0737ed5198f70fe96c914ac673.jpg,frame_00065_jpg.rf.202f5a0737ed5198f70fe96c914ac673.jpg,115.81725260416667,50.25438458711432
C:\Users\carmonta\Desktop\data-centric-cross-season-transfer\datasets\train_on_2025_all\images\frame_00065_jpg.rf.2fecb18c022aacb567fe8a347423d75c.jpg,frame_00065_jpg.rf.2fecb18c022aacb567fe8a347423d75c.jpg,88.33087239583334,61.460035343828274
C:\Users\carmonta\Desktop\data-centric-cross-season-transfer\datasets\train_on_2025_all\images\frame_00065_jpg.rf.3c546e89ee4190e4888ec0cbbe3dba14.jpg,frame_00065_jpg.rf.3c546e89ee4190e4888ec0cbbe3dba14.jpg,115.82265625,50.337904634026394
C:\Users\carmonta\Desktop\data-centric-cross-season-transfer\datasets\train_on_2025_all\images\frame_00065_jpg.rf.8700323a2a9e9d964ec04d68f9d5e8b6.jpg,frame_00065_jpg.rf.8700323a2a9e9d964ec04d68f9d5e8b6.jpg,79.74587673611111,56.79640047688443
C:\Users\carmonta\Desktop\data-centric-cross-season-transfer\datasets\train_on_2025_all\images\frame_00065_jpg.rf.887a8341a26f4a53e6785537d08e9941.jpg,frame_00065_jpg.rf.887a8341a26f4a53e6785537d08e9941.jpg,79.04341145833334,56.99096990021759
C:\Users\carmonta\Desktop\data-centric-cross-season-transfer\datasets\train_on_2025_all\images\frame_00065_jpg.rf.99083a68d4c43a665065efe457626ac6.jpg,frame_00065_jpg.rf.99083a68d4c43a665065efe457626ac6.jpg,78.98920138888889,56.862170299486245
C:\Users\carmonta\Desktop\data-centric-cross-season-transfer\datasets\train_on_2025_all\images\frame_00065_jpg.rf.ad2df89dd180dbf0babe19215a112e7b.jpg,frame_00065_jpg.rf.ad2df89dd180dbf0babe19215a112e7b.jpg,79.00084201388889,56.87579775984501
C:\Users\carmonta\Desktop\data-centric-cross-season-transfer\datasets\train_on_2025_all\images\frame_00065_jpg.rf.b59dfd973073deaab029a828c64fb498.jpg,frame_00065_jpg.rf.b59dfd973073deaab029a828c64fb498.jpg,79.72096788194445,56.699254504707504
C:\Users\carmonta\Desktop\data-centric-cross-season-transfer\datasets\train_on_2025_all\images\frame_00066_jpg.rf.09abec941dd0caa4c524fd2f2416dc0f.jpg,frame_00066_jpg.rf.09abec941dd0caa4c524fd2f2416dc0f.jpg,108.1233810763889,55.558826886390726
C:\Users\carmonta\Desktop\data-centric-cross-season-transfer\datasets\train_on_2025_all\images\frame_00066_jpg.rf.125d68956325a8d5688dde2a00cc69a7.jpg,frame_00066_jpg.rf.125d68956325a8d5688dde2a00cc69a7.jpg,94.47420572916667,65.19556180523361
C:\Users\carmonta\Desktop\data-centric-cross-season-transfer\datasets\train_on_2025_all\images\frame_00066_jpg.rf.3b2ed18bf8002a2acd4119c7f4144ce7.jpg,frame_00066_jpg.rf.3b2ed18bf8002a2acd4119c7f4144ce7.jpg,75.540546875,63.63245253542528
C:\Users\carmonta\Desktop\data-centric-cross-season-transfer\datasets\train_on_2025_all\images\frame_00066_jpg.rf.3d0078a00032a7a35a65062bf392afac.jpg,frame_00066_jpg.rf.3d0078a00032a7a35a65062bf392afac.jpg,75.58014756944445,63.681037113299624
C:\Users\carmonta\Desktop\data-centric-cross-season-transfer\datasets\train_on_2025_all\images\frame_00066_jpg.rf.4da7e289467ccb7b657348e6a1d82dad.jpg,frame_00066_jpg.rf.4da7e289467ccb7b657348e6a1d82dad.jpg,108.1236892361111,55.53341168900118
C:\Users\carmonta\Desktop\data-centric-cross-season-transfer\datasets\train_on_2025_all\images\frame_00066_jpg.rf.5486a3b1401cac03636500a0223be999.jpg,frame_00066_jpg.rf.5486a3b1401cac03636500a0223be999.jpg,94.46144965277777,65.14881774143595
C:\Users\carmonta\Desktop\data-centric-cross-season-transfer\datasets\train_on_2025_all\images\frame_00066_jpg.rf.5fadc93acab59192c9756ab03096d6bd.jpg,frame_00066_jpg.rf.5fadc93acab59192c9756ab03096d6bd.jpg,75.54191840277778,63.625814744294516
C:\Users\carmonta\Desktop\data-centric-cross-season-transfer\datasets\train_on_2025_all\images\frame_00066_jpg.rf.614efc16a5637063a474e0c46fdafe6e.jpg,frame_00066_jpg.rf.614efc16a5637063a474e0c46fdafe6e.jpg,85.02411458333333,57.76303093795934
C:\Users\carmonta\Desktop\data-centric-cross-season-transfer\datasets\train_on_2025_all\images\frame_00066_jpg.rf.8bde41af216c30aec21fd4b66475b86f.jpg,frame_00066_jpg.rf.8bde41af216c30aec21fd4b66475b86f.jpg,85.01308159722223,57.732098542627945
C:\Users\carmonta\Desktop\data-centric-cross-season-transfer\datasets\train_on_2025_all\images\frame_00066_jpg.rf.98e2674dc8653490a16dea24809c7b36.jpg,frame_00066_jpg.rf.98e2674dc8653490a16dea24809c7b36.jpg,94.48746527777777,65.20016728020603
C:\Users\carmonta\Desktop\data-centric-cross-season-transfer\datasets\train_on_2025_all\images\frame_00066_jpg.rf.b1e1879330176dd01704e5050d2fa473.jpg,frame_00066_jpg.rf.b1e1879330176dd01704e5050d2fa473.jpg,85.02141927083333,57.76617135053663
C:\Users\carmonta\Desktop\data-centric-cross-season-transfer\datasets\train_on_2025_all\images\frame_00066_jpg.rf.decdb418c3d75c21af81ce42b7118e38.jpg,frame_00066_jpg.rf.decdb418c3d75c21af81ce42b7118e38.jpg,79.4807421875,61.74588494755017
C:\Users\carmonta\Desktop\data-centric-cross-season-transfer\datasets\train_on_2025_all\images\frame_00066_jpg.rf.f0bfec309ee70e80231740077bc44974.jpg,frame_00066_jpg.rf.f0bfec309ee70e80231740077bc44974.jpg,79.446015625,61.68348829345148
C:\Users\carmonta\Desktop\data-centric-cross-season-transfer\datasets\train_on_2025_all\images\frame_00067_jpg.rf.0bda41b47fa60b550a6f2ebc64bd73ce.jpg,frame_00067_jpg.rf.0bda41b47fa60b550a6f2ebc64bd73ce.jpg,79.82434027777778,67.1656204264734
C:\Users\carmonta\Desktop\data-centric-cross-season-transfer\datasets\train_on_2025_all\images\frame_00067_jpg.rf.0cb0290ec731d4050f187d074cd3b57e.jpg,frame_00067_jpg.rf.0cb0290ec731d4050f187d074cd3b57e.jpg,98.487890625,58.66277923521139
C:\Users\carmonta\Desktop\data-centric-cross-season-transfer\datasets\train_on_2025_all\images\frame_00067_jpg.rf.628c0b6dd5c04f5e207bb0416fa3ac01.jpg,frame_00067_jpg.rf.628c0b6dd5c04f5e207bb0416fa3ac01.jpg,98.5191970486111,58.73863154972574
C:\Users\carmonta\Desktop\data-centric-cross-season-transfer\datasets\train_on_2025_all\images\frame_00067_jpg.rf.6a6f462df834b8f2289e313f7a046a55.jpg,frame_00067_jpg.rf.6a6f462df834b8f2289e313f7a046a55.jpg,81.07411024305556,58.80591914591155
C:\Users\carmonta\Desktop\data-centric-cross-season-transfer\datasets\train_on_2025_all\images\frame_00067_jpg.rf.95f97b9cc1628596d78f780f0ac49896.jpg,frame_00067_jpg.rf.95f97b9cc1628596d78f780f0ac49896.jpg,81.0686501736111,58.79006321491231
C:\Users\carmonta\Desktop\data-centric-cross-season-transfer\datasets\train_on_2025_all\images\frame_00067_jpg.rf.9fd02056dfab28b8ca54fec4273c15a8.jpg,frame_00067_jpg.rf.9fd02056dfab28b8ca54fec4273c15a8.jpg,79.82434027777778,67.1656204264734
C:\Users\carmonta\Desktop\data-centric-cross-season-transfer\datasets\train_on_2025_all\images\frame_00067_jpg.rf.a5262db5d710626fe6f6fb4a3a33e3ca.jpg,frame_00067_jpg.rf.a5262db5d710626fe6f6fb4a3a33e3ca.jpg,72.42595920138889,61.22183348035447
C:\Users\carmonta\Desktop\data-centric-cross-season-transfer\datasets\train_on_2025_all\images\frame_00067_jpg.rf.c71d55d978ff1f30b7d831b1229a6b43.jpg,frame_00067_jpg.rf.c71d55d978ff1f30b7d831b1229a6b43.jpg,81.0686501736111,58.79006321491231
C:\Users\carmonta\Desktop\data-centric-cross-season-transfer\datasets\train_on_2025_all\images\frame_00067_jpg.rf.c77cc2c61eb3cc10e4176b67742d8782.jpg,frame_00067_jpg.rf.c77cc2c61eb3cc10e4176b67742d8782.jpg,98.47971788194444,58.64299783041847
C:\Users\carmonta\Desktop\data-centric-cross-season-transfer\datasets\train_on_2025_all\images\frame_00067_jpg.rf.f926886bccae32320fbde4c0e66a5f25.jpg,frame_00067_jpg.rf.f926886bccae32320fbde4c0e66a5f25.jpg,79.86138888888888,67.22955348366263
C:\Users\carmonta\Desktop\data-centric-cross-season-transfer\datasets\train_on_2025_all\images\frame_00068_jpg.rf.7c29fa7ba7d3467035279559ef29e634.jpg,frame_00068_jpg.rf.7c29fa7ba7d3467035279559ef29e634.jpg,105.60414496527778,57.57536135729787
C:\Users\carmonta\Desktop\data-centric-cross-season-transfer\datasets\train_on_2025_all\images\frame_00068_jpg.rf.a67bab7791e286797ba38ec753e2c5a3.jpg,frame_00068_jpg.rf.a67bab7791e286797ba38ec753e2c5a3.jpg,105.60926649305556,57.56524722060704
C:\Users\carmonta\Desktop\data-centric-cross-season-transfer\datasets\train_on_2025_all\images\frame_00068_jpg.rf.a8e02fd6da672c79207a6604cec3775c.jpg,frame_00068_jpg.rf.a8e02fd6da672c79207a6604cec3775c.jpg,78.09888020833333,59.45868683143187
C:\Users\carmonta\Desktop\data-centric-cross-season-transfer\datasets\train_on_2025_all\images\frame_00068_jpg.rf.b13f1309326e3be0896e5eae8c19cd0e.jpg,frame_00068_jpg.rf.b13f1309326e3be0896e5eae8c19cd0e.jpg,105.60522569444444,57.559108315910116
C:\Users\carmonta\Desktop\data-centric-cross-season-transfer\datasets\train_on_2025_all\images\frame_00068_jpg.rf.da2b8315c66f71f8c1b62d65d0195648.jpg,frame_00068_jpg.rf.da2b8315c66f71f8c1b62d65d0195648.jpg,78.08473958333333,59.423692152160015
C:\Users\carmonta\Desktop\data-centric-cross-season-transfer\datasets\train_on_2025_all\images\frame_00069_jpg.rf.02f0cb1ba38f161301b829aa996b503a.jpg,frame_00069_jpg.rf.02f0cb1ba38f161301b829aa996b503a.jpg,74.0406467013889,58.36852607836644
C:\Users\carmonta\Desktop\data-centric-cross-season-transfer\datasets\train_on_2025_all\images\frame_00069_jpg.rf.0a7d2fbc344024e4606e97753fe21264.jpg,frame_00069_jpg.rf.0a7d2fbc344024e4606e97753fe21264.jpg,110.49918836805556,54.86002151974431
C:\Users\carmonta\Desktop\data-centric-cross-season-transfer\datasets\train_on_2025_all\images\frame_00069_jpg.rf.25903dade13f6786a961b879e9e00099.jpg,frame_00069_jpg.rf.25903dade13f6786a961b879e9e00099.jpg,110.51950954861111,54.96441937431243
C:\Users\carmonta\Desktop\data-centric-cross-season-transfer\datasets\train_on_2025_all\images\frame_00069_jpg.rf.5c19e671d57e808a75859b2a65e61b4e.jpg,frame_00069_jpg.rf.5c19e671d57e808a75859b2a65e61b4e.jpg,83.54033420138889,59.493408291143005
C:\Users\carmonta\Desktop\data-centric-cross-season-transfer\datasets\train_on_2025_all\images\frame_00069_jpg.rf.6dcacf50b049b0c3eab8e1c6a11e718e.jpg,frame_00069_jpg.rf.6dcacf50b049b0c3eab8e1c6a11e718e.jpg,83.52803819444445,59.47151048481754
C:\Users\carmonta\Desktop\data-centric-cross-season-transfer\datasets\train_on_2025_all\images\frame_00069_jpg.rf.6e6a3210ae6fc4824c5c88d82ac4383b.jpg,frame_00069_jpg.rf.6e6a3210ae6fc4824c5c88d82ac4383b.jpg,83.57740885416666,59.52301008930512
C:\Users\carmonta\Desktop\data-centric-cross-season-transfer\datasets\train_on_2025_all\images\frame_00069_jpg.rf.7a062688ebdb7aafae7c004d1d99b92f.jpg,frame_00069_jpg.rf.7a062688ebdb7aafae7c004d1d99b92f.jpg,74.01210503472223,58.32519352580239
C:\Users\carmonta\Desktop\data-centric-cross-season-transfer\datasets\train_on_2025_all\images\frame_00070_jpg.rf.1055c0bb42696c104aca0cc0188701a5.jpg,frame_00070_jpg.rf.1055c0bb42696c104aca0cc0188701a5.jpg,69.29407118055556,60.82596907127918
C:\Users\carmonta\Desktop\data-centric-cross-season-transfer\datasets\train_on_2025_all\images\frame_00070_jpg.rf.26075beb24dc5f8bd482d787a3f3648f.jpg,frame_00070_jpg.rf.26075beb24dc5f8bd482d787a3f3648f.jpg,100.00775607638889,72.66836930404148
C:\Users\carmonta\Desktop\data-centric-cross-season-transfer\datasets\train_on_2025_all\images\frame_00070_jpg.rf.294ce74478c2894004633cb722f9002c.jpg,frame_00070_jpg.rf.294ce74478c2894004633cb722f9002c.jpg,118.56460503472222,49.25840278157896
C:\Users\carmonta\Desktop\data-centric-cross-season-transfer\datasets\train_on_2025_all\images\frame_00070_jpg.rf.304f3ab90a7aee2851d1e89274c6ed86.jpg,frame_00070_jpg.rf.304f3ab90a7aee2851d1e89274c6ed86.jpg,69.2688107638889,60.793780073576016
C:\Users\carmonta\Desktop\data-centric-cross-season-transfer\datasets\train_on_2025_all\images\frame_00070_jpg.rf.481db2854a1a2f3a940e28bad4164da1.jpg,frame_00070_jpg.rf.481db2854a1a2f3a940e28bad4164da1.jpg,100.02285590277778,72.70106803603322
C:\Users\carmonta\Desktop\data-centric-cross-season-transfer\datasets\train_on_2025_all\images\frame_00070_jpg.rf.bb375883367ae598d50f1b20c14b9a88.jpg,frame_00070_jpg.rf.bb375883367ae598d50f1b20c14b9a88.jpg,100.03372395833334,72.72378727733123
C:\Users\carmonta\Desktop\data-centric-cross-season-transfer\datasets\train_on_2025_all\images\frame_00070_jpg.rf.ee3da37a8e0c69be24485bcbded502db.jpg,frame_00070_jpg.rf.ee3da37a8e0c69be24485bcbded502db.jpg,118.57038194444445,49.28661070005283
C:\Users\carmonta\Desktop\data-centric-cross-season-transfer\datasets\train_on_2025_all\images\frame_00070_jpg.rf.fa964a70afd34f12943b6b50263bca5a.jpg,frame_00070_jpg.rf.fa964a70afd34f12943b6b50263bca5a.jpg,118.56010416666666,49.32108007305277
C:\Users\carmonta\Desktop\data-centric-cross-season-transfer\datasets\train_on_2025_all\images\frame_00071_jpg.rf.1451b0ce6f1fbc61a5dc7c9421d8e9dd.jpg,frame_00071_jpg.rf.1451b0ce6f1fbc61a5dc7c9421d8e9dd.jpg,63.44718315972222,61.20989245489423
C:\Users\carmonta\Desktop\data-centric-cross-season-transfer\datasets\train_on_2025_all\images\frame_00071_jpg.rf.2dded6e34e5661348f17859b13f442e2.jpg,frame_00071_jpg.rf.2dded6e34e5661348f17859b13f442e2.jpg,63.47,61.248687933792596
C:\Users\carmonta\Desktop\data-centric-cross-season-transfer\datasets\train_on_2025_all\images\frame_00071_jpg.rf.3608209924cc34eb455da72175ee77e9.jpg,frame_00071_jpg.rf.3608209924cc34eb455da72175ee77e9.jpg,101.35024739583334,73.55953339051145
C:\Users\carmonta\Desktop\data-centric-cross-season-transfer\datasets\train_on_2025_all\images\frame_00071_jpg.rf.532623f4be88164833252e27cd51f542.jpg,frame_00071_jpg.rf.532623f4be88164833252e27cd51f542.jpg,63.52209635416666,61.3133042161643
C:\Users\carmonta\Desktop\data-centric-cross-season-transfer\datasets\train_on_2025_all\images\frame_00071_jpg.rf.6376ee5c1432adedcc40e6ce8a7a4a33.jpg,frame_00071_jpg.rf.6376ee5c1432adedcc40e6ce8a7a4a33.jpg,101.35170138888888,73.53905858610291
C:\Users\carmonta\Desktop\data-centric-cross-season-transfer\datasets\train_on_2025_all\images\frame_00071_jpg.rf.65028887d12968f6347403f0e1e6fa50.jpg,frame_00071_jpg.rf.65028887d12968f6347403f0e1e6fa50.jpg,123.36844184027778,40.92377528311425
C:\Users\carmonta\Desktop\data-centric-cross-season-transfer\datasets\train_on_2025_all\images\frame_00071_jpg.rf.7b86287905d99386d4257967c0bef6ed.jpg,frame_00071_jpg.rf.7b86287905d99386d4257967c0bef6ed.jpg,100.65944010416666,51.497709165935674
C:\Users\carmonta\Desktop\data-centric-cross-season-transfer\datasets\train_on_2025_all\images\frame_00071_jpg.rf.86aa7b60d99a01c09b275e5d85cf90dc.jpg,frame_00071_jpg.rf.86aa7b60d99a01c09b275e5d85cf90dc.jpg,123.36846354166667,40.90958492984684
C:\Users\carmonta\Desktop\data-centric-cross-season-transfer\datasets\train_on_2025_all\images\frame_00071_jpg.rf.9bf99b67077fc3a2fa57a17be0590f56.jpg,frame_00071_jpg.rf.9bf99b67077fc3a2fa57a17be0590f56.jpg,101.37371961805556,73.5854250089734
C:\Users\carmonta\Desktop\data-centric-cross-season-transfer\datasets\train_on_2025_all\images\frame_00071_jpg.rf.aaadead2f0ebeff87f5495ff244424da.jpg,frame_00071_jpg.rf.aaadead2f0ebeff87f5495ff244424da.jpg,100.69671875,51.59156352286097
C:\Users\carmonta\Desktop\data-centric-cross-season-transfer\datasets\train_on_2025_all\images\frame_00071_jpg.rf.e961f07c0a7dcfd1ce60cb5ce0a1b796.jpg,frame_00071_jpg.rf.e961f07c0a7dcfd1ce60cb5ce0a1b796.jpg,100.67451822916667,51.543382432222614
C:\Users\carmonta\Desktop\data-centric-cross-season-transfer\datasets\train_on_2025_all\images\frame_00071_jpg.rf.fb1c7f1c2cd9a2f0df9b85ef128e7dfc.jpg,frame_00071_jpg.rf.fb1c7f1c2cd9a2f0df9b85ef128e7dfc.jpg,123.37491753472223,40.964804997388946
C:\Users\carmonta\Desktop\data-centric-cross-season-transfer\datasets\train_on_2025_all\images\frame_00072_jpg.rf.031d872a6fd55704f621e183a57faae7.jpg,frame_00072_jpg.rf.031d872a6fd55704f621e183a57faae7.jpg,116.24297743055556,34.51316599355666
C:\Users\carmonta\Desktop\data-centric-cross-season-transfer\datasets\train_on_2025_all\images\frame_00072_jpg.rf.3652c6227a9c2200d48c2b9cf058e621.jpg,frame_00072_jpg.rf.3652c6227a9c2200d48c2b9cf058e621.jpg,88.71703559027777,54.56335596309423
C:\Users\carmonta\Desktop\data-centric-cross-season-transfer\datasets\train_on_2025_all\images\frame_00072_jpg.rf.3ca265c8a06a686862daffccdf96226a.jpg,frame_00072_jpg.rf.3ca265c8a06a686862daffccdf96226a.jpg,88.71310329861112,54.55448199173831
C:\Users\carmonta\Desktop\data-centric-cross-season-transfer\datasets\train_on_2025_all\images\frame_00072_jpg.rf.4d492c356a33bb32bf2c0bfddbd0528f.jpg,frame_00072_jpg.rf.4d492c356a33bb32bf2c0bfddbd0528f.jpg,116.24191840277778,34.493904953754075
C:\Users\carmonta\Desktop\data-centric-cross-season-transfer\datasets\train_on_2025_all\images\frame_00072_jpg.rf.7211dbc9db0a9cb989255fff6fda5f03.jpg,frame_00072_jpg.rf.7211dbc9db0a9cb989255fff6fda5f03.jpg,75.56494791666667,64.44632658992123
C:\Users\carmonta\Desktop\data-centric-cross-season-transfer\datasets\train_on_2025_all\images\frame_00072_jpg.rf.731f89815be376955b67b85a6146cef5.jpg,frame_00072_jpg.rf.731f89815be376955b67b85a6146cef5.jpg,116.26194444444444,34.64928369825947
C:\Users\carmonta\Desktop\data-centric-cross-season-transfer\datasets\train_on_2025_all\images\frame_00072_jpg.rf.7db4723d97381727e2fa72d061b02cd2.jpg,frame_00072_jpg.rf.7db4723d97381727e2fa72d061b02cd2.jpg,103.75854166666667,73.92277810810742
C:\Users\carmonta\Desktop\data-centric-cross-season-transfer\datasets\train_on_2025_all\images\frame_00072_jpg.rf.7e03e6a8f6c089648242df24afa8be68.jpg,frame_00072_jpg.rf.7e03e6a8f6c089648242df24afa8be68.jpg,75.59548177083333,64.50970135565136
C:\Users\carmonta\Desktop\data-centric-cross-season-transfer\datasets\train_on_2025_all\images\frame_00072_jpg.rf.a74294f2d8fd1435221b001f1f28a28c.jpg,frame_00072_jpg.rf.a74294f2d8fd1435221b001f1f28a28c.jpg,88.71914930555556,54.561309755109306
C:\Users\carmonta\Desktop\data-centric-cross-season-transfer\datasets\train_on_2025_all\images\frame_00072_jpg.rf.cd24d2954405038196b19ec0db172ffc.jpg,frame_00072_jpg.rf.cd24d2954405038196b19ec0db172ffc.jpg,59.50634982638889,61.68195920708218
C:\Users\carmonta\Desktop\data-centric-cross-season-transfer\datasets\train_on_2025_all\images\frame_00072_jpg.rf.e1d3ee74d12a57ea4f3a616c6427caa5.jpg,frame_00072_jpg.rf.e1d3ee74d12a57ea4f3a616c6427caa5.jpg,59.43950086805555,61.58894576867428
C:\Users\carmonta\Desktop\data-centric-cross-season-transfer\datasets\train_on_2025_all\images\frame_00072_jpg.rf.fe846e2275e5ee3d03b0c7a54edd798a.jpg,frame_00072_jpg.rf.fe846e2275e5ee3d03b0c7a54edd798a.jpg,59.41334201388889,61.56183226466162
C:\Users\carmonta\Desktop\data-centric-cross-season-transfer\datasets\train_on_2025_all\images\frame_00073_jpg.rf.218ae9bf196314413e299453cdf0637f.jpg,frame_00073_jpg.rf.218ae9bf196314413e299453cdf0637f.jpg,69.33732204861111,64.15909691103583
C:\Users\carmonta\Desktop\data-centric-cross-season-transfer\datasets\train_on_2025_all\images\frame_00073_jpg.rf.754db328bfcc85173dcd6c0fb8cf8852.jpg,frame_00073_jpg.rf.754db328bfcc85173dcd6c0fb8cf8852.jpg,118.79877170138889,35.95996227072709
C:\Users\carmonta\Desktop\data-centric-cross-season-transfer\datasets\train_on_2025_all\images\frame_00073_jpg.rf.c5b4fb51469502f736911f1cd7943147.jpg,frame_00073_jpg.rf.c5b4fb51469502f736911f1cd7943147.jpg,69.34660590277778,64.17290583661321
C:\Users\carmonta\Desktop\data-centric-cross-season-transfer\datasets\train_on_2025_all\images\frame_00073_jpg.rf.cb206bb096c73e0fd0cf2bbd8e63e023.jpg,frame_00073_jpg.rf.cb206bb096c73e0fd0cf2bbd8e63e023.jpg,80.58328125,60.32601928212936
C:\Users\carmonta\Desktop\data-centric-cross-season-transfer\datasets\train_on_2025_all\images\frame_00073_jpg.rf.e3ff1d189ef4ac38c79beab7b094a7e5.jpg,frame_00073_jpg.rf.e3ff1d189ef4ac38c79beab7b094a7e5.jpg,118.79328993055556,35.85376665633878
C:\Users\carmonta\Desktop\data-centric-cross-season-transfer\datasets\train_on_2025_all\images\frame_00073_jpg.rf.f13c3c89b945e5a7f46c7b8e1f448604.jpg,frame_00073_jpg.rf.f13c3c89b945e5a7f46c7b8e1f448604.jpg,80.58328125,60.32601928212936
C:\Users\carmonta\Desktop\data-centric-cross-season-transfer\datasets\train_on_2025_all\images\frame_00073_jpg.rf.fb7d14f12310127edfcbbbe13308a94c.jpg,frame_00073_jpg.rf.fb7d14f12310127edfcbbbe13308a94c.jpg,80.62174045138889,60.385393317734504
C:\Users\carmonta\Desktop\data-centric-cross-season-transfer\datasets\train_on_2025_all\images\frame_00074_jpg.rf.4ce32ce306595408f6fdbc89fe9044fd.jpg,frame_00074_jpg.rf.4ce32ce306595408f6fdbc89fe9044fd.jpg,75.97678385416667,62.02169202241319
C:\Users\carmonta\Desktop\data-centric-cross-season-transfer\datasets\train_on_2025_all\images\frame_00074_jpg.rf.4f8236ced638522b54875eeae2f78fec.jpg,frame_00074_jpg.rf.4f8236ced638522b54875eeae2f78fec.jpg,97.11500434027778,62.95602120899156
C:\Users\carmonta\Desktop\data-centric-cross-season-transfer\datasets\train_on_2025_all\images\frame_00074_jpg.rf.54dd770849b30051f1e0bb904c437e88.jpg,frame_00074_jpg.rf.54dd770849b30051f1e0bb904c437e88.jpg,122.3001953125,39.073075679007005
C:\Users\carmonta\Desktop\data-centric-cross-season-transfer\datasets\train_on_2025_all\images\frame_00074_jpg.rf.6341fcfd1257c9c041786a039a4e6300.jpg,frame_00074_jpg.rf.6341fcfd1257c9c041786a039a4e6300.jpg,79.31671875,59.43406610302675
C:\Users\carmonta\Desktop\data-centric-cross-season-transfer\datasets\train_on_2025_all\images\frame_00074_jpg.rf.635441b8e7aa45244e58e4b08f205b69.jpg,frame_00074_jpg.rf.635441b8e7aa45244e58e4b08f205b69.jpg,79.29048611111111,59.382857022014605
C:\Users\carmonta\Desktop\data-centric-cross-season-transfer\datasets\train_on_2025_all\images\frame_00074_jpg.rf.880e91bcfd8e5e8531e244a564b0b03c.jpg,frame_00074_jpg.rf.880e91bcfd8e5e8531e244a564b0b03c.jpg,75.93778645833333,61.95241797554717
C:\Users\carmonta\Desktop\data-centric-cross-season-transfer\datasets\train_on_2025_all\images\frame_00074_jpg.rf.9bd49ef3be99ec48eca75c16affe2249.jpg,frame_00074_jpg.rf.9bd49ef3be99ec48eca75c16affe2249.jpg,122.29899739583334,39.041518441131736
C:\Users\carmonta\Desktop\data-centric-cross-season-transfer\datasets\train_on_2025_all\images\frame_00074_jpg.rf.b6f97053362a7fbcaaafae39845330b8.jpg,frame_00074_jpg.rf.b6f97053362a7fbcaaafae39845330b8.jpg,122.30321614583333,39.18403327395917
C:\Users\carmonta\Desktop\data-centric-cross-season-transfer\datasets\train_on_2025_all\images\frame_00074_jpg.rf.d5a111eb744552298a852fa93ebc5897.jpg,frame_00074_jpg.rf.d5a111eb744552298a852fa93ebc5897.jpg,97.10542100694444,62.92367415547025
C:\Users\carmonta\Desktop\data-centric-cross-season-transfer\datasets\train_on_2025_all\images\frame_00074_jpg.rf.e520cb7c9c1311b963ddb2d22aba0dfb.jpg,frame_00074_jpg.rf.e520cb7c9c1311b963ddb2d22aba0dfb.jpg,97.08911024305556,62.899501572586885
C:\Users\carmonta\Desktop\data-centric-cross-season-transfer\datasets\train_on_2025_all\images\frame_00075_jpg.rf.02ab0eb93e3fc69167f5b1cdb25f6cf5.jpg,frame_00075_jpg.rf.02ab0eb93e3fc69167f5b1cdb25f6cf5.jpg,77.12904079861111,67.09161881053494
C:\Users\carmonta\Desktop\data-centric-cross-season-transfer\datasets\train_on_2025_all\images\frame_00075_jpg.rf.1a14a88a7a4019bba543fc311a038dad.jpg,frame_00075_jpg.rf.1a14a88a7a4019bba543fc311a038dad.jpg,77.0324609375,60.04334148661127
C:\Users\carmonta\Desktop\data-centric-cross-season-transfer\datasets\train_on_2025_all\images\frame_00075_jpg.rf.1a4818da34cacee1cfa1fb3faabfebcd.jpg,frame_00075_jpg.rf.1a4818da34cacee1cfa1fb3faabfebcd.jpg,110.55126736111112,71.4240651077688
C:\Users\carmonta\Desktop\data-centric-cross-season-transfer\datasets\train_on_2025_all\images\frame_00075_jpg.rf.30b706e53ef60fca7780178d4fe6a04b.jpg,frame_00075_jpg.rf.30b706e53ef60fca7780178d4fe6a04b.jpg,120.77270399305556,37.100239927405596
C:\Users\carmonta\Desktop\data-centric-cross-season-transfer\datasets\train_on_2025_all\images\frame_00075_jpg.rf.399bf6b407d4115bfb4e938350668ffd.jpg,frame_00075_jpg.rf.399bf6b407d4115bfb4e938350668ffd.jpg,107.62480902777777,76.72812615231442
C:\Users\carmonta\Desktop\data-centric-cross-season-transfer\datasets\train_on_2025_all\images\frame_00075_jpg.rf.3c50abbcc4e67c39c751ada87085a996.jpg,frame_00075_jpg.rf.3c50abbcc4e67c39c751ada87085a996.jpg,110.54546875,71.44674813975477
C:\Users\carmonta\Desktop\data-centric-cross-season-transfer\datasets\train_on_2025_all\images\frame_00075_jpg.rf.68a8b794aae2f373a1de3367d6578397.jpg,frame_00075_jpg.rf.68a8b794aae2f373a1de3367d6578397.jpg,110.51989583333334,71.37735945450409
C:\Users\carmonta\Desktop\data-centric-cross-season-transfer\datasets\train_on_2025_all\images\frame_00075_jpg.rf.7a94bb12511c49e1feb94ef761442de7.jpg,frame_00075_jpg.rf.7a94bb12511c49e1feb94ef761442de7.jpg,77.10419704861111,67.06087407231668
C:\Users\carmonta\Desktop\data-centric-cross-season-transfer\datasets\train_on_2025_all\images\frame_00075_jpg.rf.a62d166cf4e2df0444f73c8a8a6c32c0.jpg,frame_00075_jpg.rf.a62d166cf4e2df0444f73c8a8a6c32c0.jpg,120.7735546875,37.15810151381156
C:\Users\carmonta\Desktop\data-centric-cross-season-transfer\datasets\train_on_2025_all\images\frame_00075_jpg.rf.b107b6ee16660b3db586b8f6ebd09bc2.jpg,frame_00075_jpg.rf.b107b6ee16660b3db586b8f6ebd09bc2.jpg,77.13871527777778,67.10224780772614
C:\Users\carmonta\Desktop\data-centric-cross-season-transfer\datasets\train_on_2025_all\images\frame_00075_jpg.rf.fd35b395368da65490deb8833e478cdc.jpg,frame_00075_jpg.rf.fd35b395368da65490deb8833e478cdc.jpg,107.65422309027778,76.78281877243896
C:\Users\carmonta\Desktop\data-centric-cross-season-transfer\datasets\train_on_2025_all\images\frame_00076_jpg.rf.1b801b6f6969c18329be1e860f31f41e.jpg,frame_00076_jpg.rf.1b801b6f6969c18329be1e860f31f41e.jpg,77.85030815972222,63.451210692625075
C:\Users\carmonta\Desktop\data-centric-cross-season-transfer\datasets\train_on_2025_all\images\frame_00076_jpg.rf.3cb5f9fc2c76cbb07f9f51267885cdf2.jpg,frame_00076_jpg.rf.3cb5f9fc2c76cbb07f9f51267885cdf2.jpg,117.94326822916666,36.0703288884955
C:\Users\carmonta\Desktop\data-centric-cross-season-transfer\datasets\train_on_2025_all\images\frame_00076_jpg.rf.7813f297550ab15069511cb7092bca13.jpg,frame_00076_jpg.rf.7813f297550ab15069511cb7092bca13.jpg,85.59023003472223,69.33453738086533
C:\Users\carmonta\Desktop\data-centric-cross-season-transfer\datasets\train_on_2025_all\images\frame_00076_jpg.rf.8150792c48a14f4a6093f6e78fbb90bd.jpg,frame_00076_jpg.rf.8150792c48a14f4a6093f6e78fbb90bd.jpg,117.9655642361111,36.17826383683454
C:\Users\carmonta\Desktop\data-centric-cross-season-transfer\datasets\train_on_2025_all\images\frame_00076_jpg.rf.95825532c82d6ce147d3cc0556dd676e.jpg,frame_00076_jpg.rf.95825532c82d6ce147d3cc0556dd676e.jpg,69.79594618055556,59.3865631508686
C:\Users\carmonta\Desktop\data-centric-cross-season-transfer\datasets\train_on_2025_all\images\frame_00076_jpg.rf.9b7801d1355d5c7cf4eb90ed10bc8953.jpg,frame_00076_jpg.rf.9b7801d1355d5c7cf4eb90ed10bc8953.jpg,69.72369357638888,59.26690661629337
C:\Users\carmonta\Desktop\data-centric-cross-season-transfer\datasets\train_on_2025_all\images\frame_00076_jpg.rf.dbe7aca809c3709b36669bfbbb721800.jpg,frame_00076_jpg.rf.dbe7aca809c3709b36669bfbbb721800.jpg,117.9426388888889,36.14610482099987
C:\Users\carmonta\Desktop\data-centric-cross-season-transfer\datasets\train_on_2025_all\images\frame_00076_jpg.rf.f0ee4ffc4ccccdf814cbded0c9ce0196.jpg,frame_00076_jpg.rf.f0ee4ffc4ccccdf814cbded0c9ce0196.jpg,69.78866753472222,59.3823555754846
C:\Users\carmonta\Desktop\data-centric-cross-season-transfer\datasets\train_on_2025_all\images\frame_00076_jpg.rf.fd8678a9ae684e8234dcb6c0e937b2c5.jpg,frame_00076_jpg.rf.fd8678a9ae684e8234dcb6c0e937b2c5.jpg,85.54380208333333,69.28360408436589
C:\Users\carmonta\Desktop\data-centric-cross-season-transfer\datasets\train_on_2025_all\images\frame_00077_jpg.rf.0094f8567360cde1c057e00ef39b4228.jpg,frame_00077_jpg.rf.0094f8567360cde1c057e00ef39b4228.jpg,72.19020399305556,62.040699066582036
C:\Users\carmonta\Desktop\data-centric-cross-season-transfer\datasets\train_on_2025_all\images\frame_00077_jpg.rf.13cc7cb6c80a9bcb4942477416461267.jpg,frame_00077_jpg.rf.13cc7cb6c80a9bcb4942477416461267.jpg,121.47895833333334,44.80315308098599
C:\Users\carmonta\Desktop\data-centric-cross-season-transfer\datasets\train_on_2025_all\images\frame_00077_jpg.rf.a3e28547f8d9e75b02574f44c458ecc0.jpg,frame_00077_jpg.rf.a3e28547f8d9e75b02574f44c458ecc0.jpg,121.47148871527777,44.68590686308256
C:\Users\carmonta\Desktop\data-centric-cross-season-transfer\datasets\train_on_2025_all\images\frame_00077_jpg.rf.d586fbcfeb7a030f214bbca12e36d4c8.jpg,frame_00077_jpg.rf.d586fbcfeb7a030f214bbca12e36d4c8.jpg,72.20122829861111,62.06221269138738
C:\Users\carmonta\Desktop\data-centric-cross-season-transfer\datasets\train_on_2025_all\images\frame_00077_jpg.rf.e59ee29e213695de4b1376c3b22f597d.jpg,frame_00077_jpg.rf.e59ee29e213695de4b1376c3b22f597d.jpg,72.20202690972222,62.06374842279082
C:\Users\carmonta\Desktop\data-centric-cross-season-transfer\datasets\train_on_2025_all\images\frame_00078_jpg.rf.065f451bd9f0a1f9cf20054d735236be.jpg,frame_00078_jpg.rf.065f451bd9f0a1f9cf20054d735236be.jpg,88.56664930555556,65.5866375482381
C:\Users\carmonta\Desktop\data-centric-cross-season-transfer\datasets\train_on_2025_all\images\frame_00078_jpg.rf.170475c7e1db5b5f4b519ff82454c636.jpg,frame_00078_jpg.rf.170475c7e1db5b5f4b519ff82454c636.jpg,76.24216145833333,66.74437843198889
C:\Users\carmonta\Desktop\data-centric-cross-season-transfer\datasets\train_on_2025_all\images\frame_00078_jpg.rf.194dbdba4074b472aa06c9535550ce02.jpg,frame_00078_jpg.rf.194dbdba4074b472aa06c9535550ce02.jpg,79.9495876736111,64.3811737688456
C:\Users\carmonta\Desktop\data-centric-cross-season-transfer\datasets\train_on_2025_all\images\frame_00078_jpg.rf.32249801d882be3b4913c1d8c9e83d14.jpg,frame_00078_jpg.rf.32249801d882be3b4913c1d8c9e83d14.jpg,76.30601128472222,66.82895688063181
C:\Users\carmonta\Desktop\data-centric-cross-season-transfer\datasets\train_on_2025_all\images\frame_00078_jpg.rf.504daa7cc396a94fa83625cb6fb21ff5.jpg,frame_00078_jpg.rf.504daa7cc396a94fa83625cb6fb21ff5.jpg,76.24216145833333,66.74437843198889
C:\Users\carmonta\Desktop\data-centric-cross-season-transfer\datasets\train_on_2025_all\images\frame_00078_jpg.rf.618aa88c08489378deff73429bbdbcbd.jpg,frame_00078_jpg.rf.618aa88c08489378deff73429bbdbcbd.jpg,111.89082465277778,65.934610646388
C:\Users\carmonta\Desktop\data-centric-cross-season-transfer\datasets\train_on_2025_all\images\frame_00078_jpg.rf.68b4a8257b3c9e198d44326642bab411.jpg,frame_00078_jpg.rf.68b4a8257b3c9e198d44326642bab411.jpg,88.56664930555556,65.5866375482381
C:\Users\carmonta\Desktop\data-centric-cross-season-transfer\datasets\train_on_2025_all\images\frame_00078_jpg.rf.941d283f666ad7a9d4b3bf846f1e2d56.jpg,frame_00078_jpg.rf.941d283f666ad7a9d4b3bf846f1e2d56.jpg,111.87765190972222,65.89335120633758
C:\Users\carmonta\Desktop\data-centric-cross-season-transfer\datasets\train_on_2025_all\images\frame_00078_jpg.rf.a14a477a07cfdb173ec6ff3ff39d3426.jpg,frame_00078_jpg.rf.a14a477a07cfdb173ec6ff3ff39d3426.jpg,111.88591145833334,65.9524244914822
C:\Users\carmonta\Desktop\data-centric-cross-season-transfer\datasets\train_on_2025_all\images\frame_00078_jpg.rf.c039e7d4785136ca146de790c98ecef7.jpg,frame_00078_jpg.rf.c039e7d4785136ca146de790c98ecef7.jpg,117.3864453125,43.53716808243851
C:\Users\carmonta\Desktop\data-centric-cross-season-transfer\datasets\train_on_2025_all\images\frame_00078_jpg.rf.d037d579470633f958a66795ae987b27.jpg,frame_00078_jpg.rf.d037d579470633f958a66795ae987b27.jpg,88.58009982638889,65.6330830920702
C:\Users\carmonta\Desktop\data-centric-cross-season-transfer\datasets\train_on_2025_all\images\frame_00078_jpg.rf.eab9b1243312c1fa1f7675e87ee7d448.jpg,frame_00078_jpg.rf.eab9b1243312c1fa1f7675e87ee7d448.jpg,117.396015625,43.613773962633005
C:\Users\carmonta\Desktop\data-centric-cross-season-transfer\datasets\train_on_2025_all\images\frame_00079_jpg.rf.443812f2743be40c22174526960aba3d.jpg,frame_00079_jpg.rf.443812f2743be40c22174526960aba3d.jpg,122.24165364583334,39.275601304827056
C:\Users\carmonta\Desktop\data-centric-cross-season-transfer\datasets\train_on_2025_all\images\frame_00079_jpg.rf.4ff520ddb3af10ad0b92b5954946d874.jpg,frame_00079_jpg.rf.4ff520ddb3af10ad0b92b5954946d874.jpg,117.51065538194445,65.87886129578669
C:\Users\carmonta\Desktop\data-centric-cross-season-transfer\datasets\train_on_2025_all\images\frame_00079_jpg.rf.54b654e778965e02194d03486e83d614.jpg,frame_00079_jpg.rf.54b654e778965e02194d03486e83d614.jpg,117.51065538194445,65.87886129578669
C:\Users\carmonta\Desktop\data-centric-cross-season-transfer\datasets\train_on_2025_all\images\frame_00079_jpg.rf.60ea72b90ddd80c9307fb4c0fd5b99db.jpg,frame_00079_jpg.rf.60ea72b90ddd80c9307fb4c0fd5b99db.jpg,98.72020399305555,61.394446241485596
C:\Users\carmonta\Desktop\data-centric-cross-season-transfer\datasets\train_on_2025_all\images\frame_00079_jpg.rf.624e5de7201ebbb4ba075ea14299ccfb.jpg,frame_00079_jpg.rf.624e5de7201ebbb4ba075ea14299ccfb.jpg,81.02298611111111,72.15232880163887
C:\Users\carmonta\Desktop\data-centric-cross-season-transfer\datasets\train_on_2025_all\images\frame_00079_jpg.rf.728a0a9479baaa9797f8133e7d915e4f.jpg,frame_00079_jpg.rf.728a0a9479baaa9797f8133e7d915e4f.jpg,74.80783420138889,59.12223885301828
C:\Users\carmonta\Desktop\data-centric-cross-season-transfer\datasets\train_on_2025_all\images\frame_00079_jpg.rf.8ae3de75adbf2bdb21e38c77910f3c85.jpg,frame_00079_jpg.rf.8ae3de75adbf2bdb21e38c77910f3c85.jpg,122.2123828125,39.14151389109506
C:\Users\carmonta\Desktop\data-centric-cross-season-transfer\datasets\train_on_2025_all\images\frame_00079_jpg.rf.b172400bbe24d9234b12f6e2e4a91065.jpg,frame_00079_jpg.rf.b172400bbe24d9234b12f6e2e4a91065.jpg,117.51421875,65.91815446261906
C:\Users\carmonta\Desktop\data-centric-cross-season-transfer\datasets\train_on_2025_all\images\frame_00079_jpg.rf.d5d28d8a5eca384dc1dc208ad39df2c1.jpg,frame_00079_jpg.rf.d5d28d8a5eca384dc1dc208ad39df2c1.jpg,81.06990017361112,72.21071534040273
C:\Users\carmonta\Desktop\data-centric-cross-season-transfer\datasets\train_on_2025_all\images\frame_00079_jpg.rf.e638378c2be889e46da35047eedd3201.jpg,frame_00079_jpg.rf.e638378c2be889e46da35047eedd3201.jpg,81.03477430555556,72.17233172133831
C:\Users\carmonta\Desktop\data-centric-cross-season-transfer\datasets\train_on_2025_all\images\frame_00079_jpg.rf.e84e782d586a2ad9110b15f241b4dadd.jpg,frame_00079_jpg.rf.e84e782d586a2ad9110b15f241b4dadd.jpg,122.2123828125,39.14151389109506
C:\Users\carmonta\Desktop\data-centric-cross-season-transfer\datasets\train_on_2025_all\images\frame_00079_jpg.rf.fcd18ebd156210f139b9ab564b46febb.jpg,frame_00079_jpg.rf.fcd18ebd156210f139b9ab564b46febb.jpg,98.72908854166667,61.38284298187319
C:\Users\carmonta\Desktop\data-centric-cross-season-transfer\datasets\train_on_2025_all\images\frame_00080_jpg.rf.0960e23db69030b862466ee7b9e76999.jpg,frame_00080_jpg.rf.0960e23db69030b862466ee7b9e76999.jpg,125.67217013888889,38.21935218902632
C:\Users\carmonta\Desktop\data-centric-cross-season-transfer\datasets\train_on_2025_all\images\frame_00080_jpg.rf.3ad17b4e998d1ab95e1255ea346784d2.jpg,frame_00080_jpg.rf.3ad17b4e998d1ab95e1255ea346784d2.jpg,88.61989149305556,56.846756198274
C:\Users\carmonta\Desktop\data-centric-cross-season-transfer\datasets\train_on_2025_all\images\frame_00080_jpg.rf.469aa433cf7ed4698986d8666b8dd077.jpg,frame_00080_jpg.rf.469aa433cf7ed4698986d8666b8dd077.jpg,100.30198350694444,53.107986405285914
C:\Users\carmonta\Desktop\data-centric-cross-season-transfer\datasets\train_on_2025_all\images\frame_00080_jpg.rf.4db069dc879101cec5e3458542ce7731.jpg,frame_00080_jpg.rf.4db069dc879101cec5e3458542ce7731.jpg,80.51376302083334,59.549446670592175
C:\Users\carmonta\Desktop\data-centric-cross-season-transfer\datasets\train_on_2025_all\images\frame_00080_jpg.rf.94c78113c022d6e817d0f8a27c62ba59.jpg,frame_00080_jpg.rf.94c78113c022d6e817d0f8a27c62ba59.jpg,89.09790364583333,68.7465459545041
C:\Users\carmonta\Desktop\data-centric-cross-season-transfer\datasets\train_on_2025_all\images\frame_00080_jpg.rf.a12f9a2b4fe95ededf300c9cef073a97.jpg,frame_00080_jpg.rf.a12f9a2b4fe95ededf300c9cef073a97.jpg,100.27695746527777,53.01485772102461
C:\Users\carmonta\Desktop\data-centric-cross-season-transfer\datasets\train_on_2025_all\images\frame_00080_jpg.rf.b7f08447aeb94d9644fb17779145a8c5.jpg,frame_00080_jpg.rf.b7f08447aeb94d9644fb17779145a8c5.jpg,80.53560763888889,59.58918538696569
C:\Users\carmonta\Desktop\data-centric-cross-season-transfer\datasets\train_on_2025_all\images\frame_00080_jpg.rf.d994bc3916346c0fc8ce476054ca6e78.jpg,frame_00080_jpg.rf.d994bc3916346c0fc8ce476054ca6e78.jpg,89.07904947916667,68.71113135069415
C:\Users\carmonta\Desktop\data-centric-cross-season-transfer\datasets\train_on_2025_all\images\frame_00081_jpg.rf.11887f9ab5908308bb3c1817ecf94e3e.jpg,frame_00081_jpg.rf.11887f9ab5908308bb3c1817ecf94e3e.jpg,89.61935329861112,60.69255871694285
C:\Users\carmonta\Desktop\data-centric-cross-season-transfer\datasets\train_on_2025_all\images\frame_00081_jpg.rf.13f8db609066cca65ce15b6cbd9ae591.jpg,frame_00081_jpg.rf.13f8db609066cca65ce15b6cbd9ae591.jpg,89.59734375,60.63216197581118
C:\Users\carmonta\Desktop\data-centric-cross-season-transfer\datasets\train_on_2025_all\images\frame_00081_jpg.rf.1c444e2c1adb09a3da6657ae99710a30.jpg,frame_00081_jpg.rf.1c444e2c1adb09a3da6657ae99710a30.jpg,89.26875868055555,52.22506315837853
C:\Users\carmonta\Desktop\data-centric-cross-season-transfer\datasets\train_on_2025_all\images\frame_00081_jpg.rf.1f2dc468100e5a32f7c59e170d6a6902.jpg,frame_00081_jpg.rf.1f2dc468100e5a32f7c59e170d6a6902.jpg,82.7940234375,57.91851915391216
C:\Users\carmonta\Desktop\data-centric-cross-season-transfer\datasets\train_on_2025_all\images\frame_00081_jpg.rf.36d9975adcb80718e876e94c0452b520.jpg,frame_00081_jpg.rf.36d9975adcb80718e876e94c0452b520.jpg,82.76690538194444,57.8637255282029
C:\Users\carmonta\Desktop\data-centric-cross-season-transfer\datasets\train_on_2025_all\images\frame_00081_jpg.rf.4b42785a64fce5ce1cf312fda55f1a3e.jpg,frame_00081_jpg.rf.4b42785a64fce5ce1cf312fda55f1a3e.jpg,89.26097222222222,52.18141058378085
C:\Users\carmonta\Desktop\data-centric-cross-season-transfer\datasets\train_on_2025_all\images\frame_00081_jpg.rf.5752f413ac050961397cce5ba1e6b14b.jpg,frame_00081_jpg.rf.5752f413ac050961397cce5ba1e6b14b.jpg,125.13417534722223,43.89887923023368
C:\Users\carmonta\Desktop\data-centric-cross-season-transfer\datasets\train_on_2025_all\images\frame_00081_jpg.rf.63dd2053fa205ac5e4c4a8b6a69b769e.jpg,frame_00081_jpg.rf.63dd2053fa205ac5e4c4a8b6a69b769e.jpg,89.59202690972222,60.63971781377283
C:\Users\carmonta\Desktop\data-centric-cross-season-transfer\datasets\train_on_2025_all\images\frame_00081_jpg.rf.88ce8e48fff75b03c58083696451802e.jpg,frame_00081_jpg.rf.88ce8e48fff75b03c58083696451802e.jpg,82.74960069444444,57.807912729539986
C:\Users\carmonta\Desktop\data-centric-cross-season-transfer\datasets\train_on_2025_all\images\frame_00081_jpg.rf.b00049b30bec89db2977c5dec5d074c4.jpg,frame_00081_jpg.rf.b00049b30bec89db2977c5dec5d074c4.jpg,100.91536458333333,60.86182864328493
C:\Users\carmonta\Desktop\data-centric-cross-season-transfer\datasets\train_on_2025_all\images\frame_00081_jpg.rf.cbf19d311c48376276029bf7b8009858.jpg,frame_00081_jpg.rf.cbf19d311c48376276029bf7b8009858.jpg,100.88752604166666,60.785149773131515
C:\Users\carmonta\Desktop\data-centric-cross-season-transfer\datasets\train_on_2025_all\images\frame_00081_jpg.rf.e83d2bc04541deaeb60a1036ec9fed15.jpg,frame_00081_jpg.rf.e83d2bc04541deaeb60a1036ec9fed15.jpg,125.13853732638889,43.93322036545956
C:\Users\carmonta\Desktop\data-centric-cross-season-transfer\datasets\train_on_2025_all\images\frame_00082_jpg.rf.063d8f328d3283895b0ec095d65cce50.jpg,frame_00082_jpg.rf.063d8f328d3283895b0ec095d65cce50.jpg,114.50625868055556,68.76950117912838
C:\Users\carmonta\Desktop\data-centric-cross-season-transfer\datasets\train_on_2025_all\images\frame_00082_jpg.rf.1f0fae801d220051008dcf07c3454ecb.jpg,frame_00082_jpg.rf.1f0fae801d220051008dcf07c3454ecb.jpg,93.77799913194444,53.102231472095134
C:\Users\carmonta\Desktop\data-centric-cross-season-transfer\datasets\train_on_2025_all\images\frame_00082_jpg.rf.30efe1e1fe9d89be07ee68e770477d94.jpg,frame_00082_jpg.rf.30efe1e1fe9d89be07ee68e770477d94.jpg,93.78523003472222,53.12001886524475
C:\Users\carmonta\Desktop\data-centric-cross-season-transfer\datasets\train_on_2025_all\images\frame_00082_jpg.rf.66e9da3aa73f4ae8514c6a7a5f9f051a.jpg,frame_00082_jpg.rf.66e9da3aa73f4ae8514c6a7a5f9f051a.jpg,114.51169704861111,68.79183047112456
C:\Users\carmonta\Desktop\data-centric-cross-season-transfer\datasets\train_on_2025_all\images\frame_00082_jpg.rf.6ecb07a4b683cbca8b782c348f0279d1.jpg,frame_00082_jpg.rf.6ecb07a4b683cbca8b782c348f0279d1.jpg,80.38562934027777,56.31280167860468
C:\Users\carmonta\Desktop\data-centric-cross-season-transfer\datasets\train_on_2025_all\images\frame_00082_jpg.rf.709df099765c3541c1032c46ab487b09.jpg,frame_00082_jpg.rf.709df099765c3541c1032c46ab487b09.jpg,87.25055121527778,59.1910573783548
C:\Users\carmonta\Desktop\data-centric-cross-season-transfer\datasets\train_on_2025_all\images\frame_00082_jpg.rf.90cd22253090ef1fbd19d80574dc131a.jpg,frame_00082_jpg.rf.90cd22253090ef1fbd19d80574dc131a.jpg,87.22818576388889,59.126406760398076
C:\Users\carmonta\Desktop\data-centric-cross-season-transfer\datasets\train_on_2025_all\images\frame_00082_jpg.rf.9920e1bedaa7dd9207dc7f087f0a1ced.jpg,frame_00082_jpg.rf.9920e1bedaa7dd9207dc7f087f0a1ced.jpg,98.87006076388889,70.03524112527545
C:\Users\carmonta\Desktop\data-centric-cross-season-transfer\datasets\train_on_2025_all\images\frame_00082_jpg.rf.b06217ea09d421999acb6746db3ccad1.jpg,frame_00082_jpg.rf.b06217ea09d421999acb6746db3ccad1.jpg,92.46973524305555,66.64950075104787
C:\Users\carmonta\Desktop\data-centric-cross-season-transfer\datasets\train_on_2025_all\images\frame_00082_jpg.rf.ba4d50cea9833b778e6abe10382c0254.jpg,frame_00082_jpg.rf.ba4d50cea9833b778e6abe10382c0254.jpg,98.88377604166666,70.06163617500869
C:\Users\carmonta\Desktop\data-centric-cross-season-transfer\datasets\train_on_2025_all\images\frame_00082_jpg.rf.c218207094b459fa878d95555d0927cb.jpg,frame_00082_jpg.rf.c218207094b459fa878d95555d0927cb.jpg,98.85465277777777,69.98445923136946
C:\Users\carmonta\Desktop\data-centric-cross-season-transfer\datasets\train_on_2025_all\images\frame_00082_jpg.rf.c9f07f29ba97dc2a12945eeb9f684914.jpg,frame_00082_jpg.rf.c9f07f29ba97dc2a12945eeb9f684914.jpg,93.75431423611111,53.047335661624786
C:\Users\carmonta\Desktop\data-centric-cross-season-transfer\datasets\train_on_2025_all\images\frame_00082_jpg.rf.d2890528062dfc703f5b43214247f903.jpg,frame_00082_jpg.rf.d2890528062dfc703f5b43214247f903.jpg,121.43609809027778,47.86918050883679
C:\Users\carmonta\Desktop\data-centric-cross-season-transfer\datasets\train_on_2025_all\images\frame_00082_jpg.rf.e0204946a265f86a31495b76026a5d8d.jpg,frame_00082_jpg.rf.e0204946a265f86a31495b76026a5d8d.jpg,121.44158420138889,47.948068957583054
C:\Users\carmonta\Desktop\data-centric-cross-season-transfer\datasets\train_on_2025_all\images\frame_00082_jpg.rf.ecd26f50652ac7457fa23bc83dc0ca39.jpg,frame_00082_jpg.rf.ecd26f50652ac7457fa23bc83dc0ca39.jpg,80.42839409722222,56.39059692187873
C:\Users\carmonta\Desktop\data-centric-cross-season-transfer\datasets\train_on_2025_all\images\frame_00083_jpg.rf.049f7ea9ad42d3e8413f59247b6a322d.jpg,frame_00083_jpg.rf.049f7ea9ad42d3e8413f59247b6a322d.jpg,120.24894965277778,50.75673663663708
C:\Users\carmonta\Desktop\data-centric-cross-season-transfer\datasets\train_on_2025_all\images\frame_00083_jpg.rf.177135d23af9ed1b0dd194b4cebfea02.jpg,frame_00083_jpg.rf.177135d23af9ed1b0dd194b4cebfea02.jpg,100.733125,57.91404409492416
C:\Users\carmonta\Desktop\data-centric-cross-season-transfer\datasets\train_on_2025_all\images\frame_00083_jpg.rf.33a0e15c0be731a623abcfcbe06dade5.jpg,frame_00083_jpg.rf.33a0e15c0be731a623abcfcbe06dade5.jpg,84.72887152777778,58.723533087765446
C:\Users\carmonta\Desktop\data-centric-cross-season-transfer\datasets\train_on_2025_all\images\frame_00083_jpg.rf.6d8c387a1d99ff8435a7afcf7c0e790f.jpg,frame_00083_jpg.rf.6d8c387a1d99ff8435a7afcf7c0e790f.jpg,100.73377170138889,57.92280178920107
C:\Users\carmonta\Desktop\data-centric-cross-season-transfer\datasets\train_on_2025_all\images\frame_00083_jpg.rf.7cb7fbf9d640148e9e1e20846c9a0e59.jpg,frame_00083_jpg.rf.7cb7fbf9d640148e9e1e20846c9a0e59.jpg,84.76194878472222,58.80079580835019
C:\Users\carmonta\Desktop\data-centric-cross-season-transfer\datasets\train_on_2025_all\images\frame_00083_jpg.rf.9607906f487bb5d7bbee5ae8d622b187.jpg,frame_00083_jpg.rf.9607906f487bb5d7bbee5ae8d622b187.jpg,77.76988715277778,65.95917172414975
C:\Users\carmonta\Desktop\data-centric-cross-season-transfer\datasets\train_on_2025_all\images\frame_00083_jpg.rf.97c728206a90ea09a6def13141f2e0b4.jpg,frame_00083_jpg.rf.97c728206a90ea09a6def13141f2e0b4.jpg,100.73725694444444,57.92480348216875
C:\Users\carmonta\Desktop\data-centric-cross-season-transfer\datasets\train_on_2025_all\images\frame_00083_jpg.rf.ccc2ff9db61c58375f5bd9fd1ec0b7fc.jpg,frame_00083_jpg.rf.ccc2ff9db61c58375f5bd9fd1ec0b7fc.jpg,84.74498263888889,58.7556622640744
C:\Users\carmonta\Desktop\data-centric-cross-season-transfer\datasets\train_on_2025_all\images\frame_00083_jpg.rf.ea885b9c4b3a8f5456d574c6a5af1637.jpg,frame_00083_jpg.rf.ea885b9c4b3a8f5456d574c6a5af1637.jpg,120.24778211805555,50.77268305371857
C:\Users\carmonta\Desktop\data-centric-cross-season-transfer\datasets\train_on_2025_all\images\frame_00083_jpg.rf.f18de3c9817e55b9755093d0e552dc04.jpg,frame_00083_jpg.rf.f18de3c9817e55b9755093d0e552dc04.jpg,77.76233940972222,65.95065506671295
C:\Users\carmonta\Desktop\data-centric-cross-season-transfer\datasets\train_on_2025_all\images\frame_00083_jpg.rf.fd9106caad80a1970676db79de8abb5f.jpg,frame_00083_jpg.rf.fd9106caad80a1970676db79de8abb5f.jpg,120.26734809027778,50.82538578410194
C:\Users\carmonta\Desktop\data-centric-cross-season-transfer\datasets\train_on_2025_all\images\frame_00084_jpg.rf.05c0652f6952f1f2614b42dee2aae20f.jpg,frame_00084_jpg.rf.05c0652f6952f1f2614b42dee2aae20f.jpg,121.43404947916666,51.98970884584779
C:\Users\carmonta\Desktop\data-centric-cross-season-transfer\datasets\train_on_2025_all\images\frame_00084_jpg.rf.2d8bc5b60c7b933ca2353a4c9a6711b9.jpg,frame_00084_jpg.rf.2d8bc5b60c7b933ca2353a4c9a6711b9.jpg,114.59520833333333,48.860659017346215
C:\Users\carmonta\Desktop\data-centric-cross-season-transfer\datasets\train_on_2025_all\images\frame_00084_jpg.rf.47fc53a43a41a74a33c3c24e77e619f0.jpg,frame_00084_jpg.rf.47fc53a43a41a74a33c3c24e77e619f0.jpg,84.11082465277778,64.42003663980731
C:\Users\carmonta\Desktop\data-centric-cross-season-transfer\datasets\train_on_2025_all\images\frame_00084_jpg.rf.86731da5195f165e41d1b5b1245dd00c.jpg,frame_00084_jpg.rf.86731da5195f165e41d1b5b1245dd00c.jpg,121.43715711805555,51.97916383174309
C:\Users\carmonta\Desktop\data-centric-cross-season-transfer\datasets\train_on_2025_all\images\frame_00084_jpg.rf.86ca6d772a18a85c34cb9b09fc624e2d.jpg,frame_00084_jpg.rf.86ca6d772a18a85c34cb9b09fc624e2d.jpg,95.2047265625,72.81138477486346
C:\Users\carmonta\Desktop\data-centric-cross-season-transfer\datasets\train_on_2025_all\images\frame_00084_jpg.rf.8ff070fd0f090f60ead95a56a496f036.jpg,frame_00084_jpg.rf.8ff070fd0f090f60ead95a56a496f036.jpg,114.59155815972223,48.764992200610585
C:\Users\carmonta\Desktop\data-centric-cross-season-transfer\datasets\train_on_2025_all\images\frame_00084_jpg.rf.95cc8d7188711f21b4e304fd4f89d67d.jpg,frame_00084_jpg.rf.95cc8d7188711f21b4e304fd4f89d67d.jpg,84.09638454861111,64.389704044424
C:\Users\carmonta\Desktop\data-centric-cross-season-transfer\datasets\train_on_2025_all\images\frame_00084_jpg.rf.b03fdbbeed3d555106412116f4ba62c5.jpg,frame_00084_jpg.rf.b03fdbbeed3d555106412116f4ba62c5.jpg,95.25195746527778,72.89240610147316
C:\Users\carmonta\Desktop\data-centric-cross-season-transfer\datasets\train_on_2025_all\images\frame_00084_jpg.rf.be4e6188b6ef0533fd828220a9daf91d.jpg,frame_00084_jpg.rf.be4e6188b6ef0533fd828220a9daf91d.jpg,84.11770399305556,64.4267394892944
C:\Users\carmonta\Desktop\data-centric-cross-season-transfer\datasets\train_on_2025_all\images\frame_00085_jpg.rf.04ec43de67b7ccce1d05f9376b6dfec4.jpg,frame_00085_jpg.rf.04ec43de67b7ccce1d05f9376b6dfec4.jpg,83.63148003472222,60.844700531699026
C:\Users\carmonta\Desktop\data-centric-cross-season-transfer\datasets\train_on_2025_all\images\frame_00085_jpg.rf.0e9a1203946c87724bb6aac2fd156fdd.jpg,frame_00085_jpg.rf.0e9a1203946c87724bb6aac2fd156fdd.jpg,120.66388020833334,51.676826630883866
C:\Users\carmonta\Desktop\data-centric-cross-season-transfer\datasets\train_on_2025_all\images\frame_00085_jpg.rf.1161fca6571b4ad91231bf29e580b421.jpg,frame_00085_jpg.rf.1161fca6571b4ad91231bf29e580b421.jpg,88.36655381944445,67.46201062732109
C:\Users\carmonta\Desktop\data-centric-cross-season-transfer\datasets\train_on_2025_all\images\frame_00085_jpg.rf.6cbf5cf3e20e7c34b749020a3e1b984d.jpg,frame_00085_jpg.rf.6cbf5cf3e20e7c34b749020a3e1b984d.jpg,88.32503038194444,67.39799044879258
C:\Users\carmonta\Desktop\data-centric-cross-season-transfer\datasets\train_on_2025_all\images\frame_00085_jpg.rf.750f34d787974ff6c8c80b7f34b43cc0.jpg,frame_00085_jpg.rf.750f34d787974ff6c8c80b7f34b43cc0.jpg,106.68037760416667,69.98776956916927
C:\Users\carmonta\Desktop\data-centric-cross-season-transfer\datasets\train_on_2025_all\images\frame_00085_jpg.rf.844b01290ed551f9b286411da7f4c8fc.jpg,frame_00085_jpg.rf.844b01290ed551f9b286411da7f4c8fc.jpg,113.94987413194444,54.44655820224968
C:\Users\carmonta\Desktop\data-centric-cross-season-transfer\datasets\train_on_2025_all\images\frame_00085_jpg.rf.aa704dd311ed1ea17cf5e875c6e09a77.jpg,frame_00085_jpg.rf.aa704dd311ed1ea17cf5e875c6e09a77.jpg,113.96559895833333,54.531530257849695
C:\Users\carmonta\Desktop\data-centric-cross-season-transfer\datasets\train_on_2025_all\images\frame_00085_jpg.rf.c591bc1e27531cd22c8390ca336d7a76.jpg,frame_00085_jpg.rf.c591bc1e27531cd22c8390ca336d7a76.jpg,83.6161328125,60.831709333143706
C:\Users\carmonta\Desktop\data-centric-cross-season-transfer\datasets\train_on_2025_all\images\frame_00085_jpg.rf.ded2d2a400010488d355d72962ea04c9.jpg,frame_00085_jpg.rf.ded2d2a400010488d355d72962ea04c9.jpg,106.66999565972222,69.92607603860115
C:\Users\carmonta\Desktop\data-centric-cross-season-transfer\datasets\train_on_2025_all\images\frame_00085_jpg.rf.ecce20b9f85124d9b51b20733f86ee05.jpg,frame_00085_jpg.rf.ecce20b9f85124d9b51b20733f86ee05.jpg,88.33539930555555,67.41629524784585
C:\Users\carmonta\Desktop\data-centric-cross-season-transfer\datasets\train_on_2025_all\images\frame_00085_jpg.rf.f2f0bb961fb7a62c4d472356c8f06666.jpg,frame_00085_jpg.rf.f2f0bb961fb7a62c4d472356c8f06666.jpg,106.69705729166667,69.9917163130865
C:\Users\carmonta\Desktop\data-centric-cross-season-transfer\datasets\train_on_2025_all\images\frame_00085_jpg.rf.fa2421e69682de63bcb464de02e68eaf.jpg,frame_00085_jpg.rf.fa2421e69682de63bcb464de02e68eaf.jpg,113.96667100694444,54.521646243886465
C:\Users\carmonta\Desktop\data-centric-cross-season-transfer\datasets\train_on_2025_all\images\frame_00085_jpg.rf.fcbe9a885e3254846da5e39e39df7076.jpg,frame_00085_jpg.rf.fcbe9a885e3254846da5e39e39df7076.jpg,120.65171875,51.61209965094649
C:\Users\carmonta\Desktop\data-centric-cross-season-transfer\datasets\train_on_2025_all\images\frame_00085_jpg.rf.fdfe7390b29d43d0f420d8f63776a570.jpg,frame_00085_jpg.rf.fdfe7390b29d43d0f420d8f63776a570.jpg,83.5756640625,60.75850488264705
C:\Users\carmonta\Desktop\data-centric-cross-season-transfer\datasets\train_on_2025_all\images\frame_00086_jpg.rf.231a8ca5c74a529a2d6f1d7e6633aaea.jpg,frame_00086_jpg.rf.231a8ca5c74a529a2d6f1d7e6633aaea.jpg,121.04830295138889,51.06350193820379
C:\Users\carmonta\Desktop\data-centric-cross-season-transfer\datasets\train_on_2025_all\images\frame_00086_jpg.rf.38d25f6e9238641c8f3f68a1dcd0feba.jpg,frame_00086_jpg.rf.38d25f6e9238641c8f3f68a1dcd0feba.jpg,121.05832465277778,51.11325660738764
C:\Users\carmonta\Desktop\data-centric-cross-season-transfer\datasets\train_on_2025_all\images\frame_00086_jpg.rf.76c0da3e6687eb529780d69362c35429.jpg,frame_00086_jpg.rf.76c0da3e6687eb529780d69362c35429.jpg,93.32978298611111,62.29074959013992
C:\Users\carmonta\Desktop\data-centric-cross-season-transfer\datasets\train_on_2025_all\images\frame_00086_jpg.rf.7ffe067a967065644a13b881cf777259.jpg,frame_00086_jpg.rf.7ffe067a967065644a13b881cf777259.jpg,93.34791666666666,62.3428068711731
C:\Users\carmonta\Desktop\data-centric-cross-season-transfer\datasets\train_on_2025_all\images\frame_00086_jpg.rf.9d415e29ddb26f99ddd6d6ead4cc3f8c.jpg,frame_00086_jpg.rf.9d415e29ddb26f99ddd6d6ead4cc3f8c.jpg,93.33205295138889,62.30154984615798
C:\Users\carmonta\Desktop\data-centric-cross-season-transfer\datasets\train_on_2025_all\images\frame_00086_jpg.rf.ae5b5728d114c52b70d77dbfb85f07b4.jpg,frame_00086_jpg.rf.ae5b5728d114c52b70d77dbfb85f07b4.jpg,107.5398046875,59.451582444626204
C:\Users\carmonta\Desktop\data-centric-cross-season-transfer\datasets\train_on_2025_all\images\frame_00086_jpg.rf.ccb77c006309cba021e0b42f529b9105.jpg,frame_00086_jpg.rf.ccb77c006309cba021e0b42f529b9105.jpg,107.52844184027778,59.43555886904414
C:\Users\carmonta\Desktop\data-centric-cross-season-transfer\datasets\train_on_2025_all\images\frame_00086_jpg.rf.cf2dee4e89d41c649134f6047a7f98a4.jpg,frame_00086_jpg.rf.cf2dee4e89d41c649134f6047a7f98a4.jpg,107.52416232638889,59.4163122172811
C:\Users\carmonta\Desktop\data-centric-cross-season-transfer\datasets\train_on_2025_all\images\frame_00087_jpg.rf.0defcf7f8e9bca37291d6b0a8683a7b1.jpg,frame_00087_jpg.rf.0defcf7f8e9bca37291d6b0a8683a7b1.jpg,121.90635850694444,50.158815168256105
C:\Users\carmonta\Desktop\data-centric-cross-season-transfer\datasets\train_on_2025_all\images\frame_00087_jpg.rf.13a12e48c3e654a3a2189530007a8d47.jpg,frame_00087_jpg.rf.13a12e48c3e654a3a2189530007a8d47.jpg,89.75281684027777,54.97492332651664
C:\Users\carmonta\Desktop\data-centric-cross-season-transfer\datasets\train_on_2025_all\images\frame_00087_jpg.rf.6a67fb71c65caa779c3c9f99d5bfa803.jpg,frame_00087_jpg.rf.6a67fb71c65caa779c3c9f99d5bfa803.jpg,72.20454427083334,61.81112912204936
C:\Users\carmonta\Desktop\data-centric-cross-season-transfer\datasets\train_on_2025_all\images\frame_00087_jpg.rf.702b838c9f5387c482d8281c65ca83c3.jpg,frame_00087_jpg.rf.702b838c9f5387c482d8281c65ca83c3.jpg,72.23197482638889,61.859371084569986
C:\Users\carmonta\Desktop\data-centric-cross-season-transfer\datasets\train_on_2025_all\images\frame_00087_jpg.rf.7cb87a27d76c6be6a9a9223e89785e14.jpg,frame_00087_jpg.rf.7cb87a27d76c6be6a9a9223e89785e14.jpg,112.93421440972222,48.762628345118635
C:\Users\carmonta\Desktop\data-centric-cross-season-transfer\datasets\train_on_2025_all\images\frame_00087_jpg.rf.8d336092e2227bd846f2adf57833a5ab.jpg,frame_00087_jpg.rf.8d336092e2227bd846f2adf57833a5ab.jpg,121.90016927083333,50.133004036476294
C:\Users\carmonta\Desktop\data-centric-cross-season-transfer\datasets\train_on_2025_all\images\frame_00087_jpg.rf.952aefbd5877e10931c6a1b95cb44103.jpg,frame_00087_jpg.rf.952aefbd5877e10931c6a1b95cb44103.jpg,112.93723090277778,48.78796314906863
C:\Users\carmonta\Desktop\data-centric-cross-season-transfer\datasets\train_on_2025_all\images\frame_00087_jpg.rf.b7475a9039b5c11a3b48b8f848026b33.jpg,frame_00087_jpg.rf.b7475a9039b5c11a3b48b8f848026b33.jpg,72.23963975694444,61.84865087713405
C:\Users\carmonta\Desktop\data-centric-cross-season-transfer\datasets\train_on_2025_all\images\frame_00087_jpg.rf.ea9df635dd1c909ed538be153db5548f.jpg,frame_00087_jpg.rf.ea9df635dd1c909ed538be153db5548f.jpg,89.77167534722223,55.01424652740355
C:\Users\carmonta\Desktop\data-centric-cross-season-transfer\datasets\train_on_2025_all\images\frame_00088_jpg.rf.085d0c06516a6ac9948d7104b0a7faee.jpg,frame_00088_jpg.rf.085d0c06516a6ac9948d7104b0a7faee.jpg,106.48521267361112,62.14306004328489
C:\Users\carmonta\Desktop\data-centric-cross-season-transfer\datasets\train_on_2025_all\images\frame_00088_jpg.rf.2c544c2ec52a3ef747e6485a7575c313.jpg,frame_00088_jpg.rf.2c544c2ec52a3ef747e6485a7575c313.jpg,70.95953559027778,64.316078069343
C:\Users\carmonta\Desktop\data-centric-cross-season-transfer\datasets\train_on_2025_all\images\frame_00088_jpg.rf.34d942644c8b56ace203e826c58a244b.jpg,frame_00088_jpg.rf.34d942644c8b56ace203e826c58a244b.jpg,106.46536892361111,62.104803952290496
C:\Users\carmonta\Desktop\data-centric-cross-season-transfer\datasets\train_on_2025_all\images\frame_00088_jpg.rf.5d4c6e509de053a39b55f30a64becc79.jpg,frame_00088_jpg.rf.5d4c6e509de053a39b55f30a64becc79.jpg,118.93219184027778,44.5500163495029
C:\Users\carmonta\Desktop\data-centric-cross-season-transfer\datasets\train_on_2025_all\images\frame_00088_jpg.rf.5da0f12485b1e6a02aacd4b8333ea691.jpg,frame_00088_jpg.rf.5da0f12485b1e6a02aacd4b8333ea691.jpg,80.07522135416667,49.28345730360735
C:\Users\carmonta\Desktop\data-centric-cross-season-transfer\datasets\train_on_2025_all\images\frame_00088_jpg.rf.887f60abf987023f3313d57adf26e9e0.jpg,frame_00088_jpg.rf.887f60abf987023f3313d57adf26e9e0.jpg,106.50065972222222,62.17105463386469
C:\Users\carmonta\Desktop\data-centric-cross-season-transfer\datasets\train_on_2025_all\images\frame_00088_jpg.rf.91e8a70545c1721b815477917db02a4f.jpg,frame_00088_jpg.rf.91e8a70545c1721b815477917db02a4f.jpg,124.67154947916667,49.12570961402749
C:\Users\carmonta\Desktop\data-centric-cross-season-transfer\datasets\train_on_2025_all\images\frame_00088_jpg.rf.9d925ed0828f2d28c440c1f70764ee62.jpg,frame_00088_jpg.rf.9d925ed0828f2d28c440c1f70764ee62.jpg,124.65927951388889,49.042494008544494
C:\Users\carmonta\Desktop\data-centric-cross-season-transfer\datasets\train_on_2025_all\images\frame_00088_jpg.rf.d632c5137fbbda859be9d6c361b22846.jpg,frame_00088_jpg.rf.d632c5137fbbda859be9d6c361b22846.jpg,80.09692708333333,49.35895983410109
C:\Users\carmonta\Desktop\data-centric-cross-season-transfer\datasets\train_on_2025_all\images\frame_00088_jpg.rf.e9378952f52cfdeb79796f81477908e3.jpg,frame_00088_jpg.rf.e9378952f52cfdeb79796f81477908e3.jpg,71.04256510416667,64.41341537059624
C:\Users\carmonta\Desktop\data-centric-cross-season-transfer\datasets\train_on_2025_all\images\frame_00088_jpg.rf.ebecc63fddba84b66d9fb72b958e09e4.jpg,frame_00088_jpg.rf.ebecc63fddba84b66d9fb72b958e09e4.jpg,70.99072482638888,64.35424905502691
C:\Users\carmonta\Desktop\data-centric-cross-season-transfer\datasets\train_on_2025_all\images\frame_00089_jpg.rf.47f21dfe9c678478e779fae78a20c7aa.jpg,frame_00089_jpg.rf.47f21dfe9c678478e779fae78a20c7aa.jpg,89.27312065972222,53.771829963652486
C:\Users\carmonta\Desktop\data-centric-cross-season-transfer\datasets\train_on_2025_all\images\frame_00089_jpg.rf.65357cb4c83c6223d5b3f2cfdb4bf7ae.jpg,frame_00089_jpg.rf.65357cb4c83c6223d5b3f2cfdb4bf7ae.jpg,121.04885416666667,44.29906521860954
C:\Users\carmonta\Desktop\data-centric-cross-season-transfer\datasets\train_on_2025_all\images\frame_00089_jpg.rf.7474ace6da236cc78b6bd6516df5abb5.jpg,frame_00089_jpg.rf.7474ace6da236cc78b6bd6516df5abb5.jpg,89.26817274305556,53.759315060515
C:\Users\carmonta\Desktop\data-centric-cross-season-transfer\datasets\train_on_2025_all\images\frame_00089_jpg.rf.8a5da7b6a4b7a8c8807b5f50f1fab6c3.jpg,frame_00089_jpg.rf.8a5da7b6a4b7a8c8807b5f50f1fab6c3.jpg,127.34089409722222,47.47415906639845
C:\Users\carmonta\Desktop\data-centric-cross-season-transfer\datasets\train_on_2025_all\images\frame_00089_jpg.rf.a4c637e0cb439e74ec226424f9a2e2ba.jpg,frame_00089_jpg.rf.a4c637e0cb439e74ec226424f9a2e2ba.jpg,89.30669704861111,53.842310383574805
C:\Users\carmonta\Desktop\data-centric-cross-season-transfer\datasets\train_on_2025_all\images\frame_00089_jpg.rf.d086e38f5e66f33a99f9e4efbdcec98f.jpg,frame_00089_jpg.rf.d086e38f5e66f33a99f9e4efbdcec98f.jpg,127.3431640625,47.536550207326876
C:\Users\carmonta\Desktop\data-centric-cross-season-transfer\datasets\train_on_2025_all\images\frame_00090_jpg.rf.1453d75906f6168bfaf20fe8f8ea988c.jpg,frame_00090_jpg.rf.1453d75906f6168bfaf20fe8f8ea988c.jpg,119.79158854166667,47.95445586422058
C:\Users\carmonta\Desktop\data-centric-cross-season-transfer\datasets\train_on_2025_all\images\frame_00090_jpg.rf.2cd8b22f5de151c74c68ac7b1c63f48e.jpg,frame_00090_jpg.rf.2cd8b22f5de151c74c68ac7b1c63f48e.jpg,119.80703125,47.96770219672552
C:\Users\carmonta\Desktop\data-centric-cross-season-transfer\datasets\train_on_2025_all\images\frame_00090_jpg.rf.2e9bd3cf5ffe63d39a534acebd42c7ec.jpg,frame_00090_jpg.rf.2e9bd3cf5ffe63d39a534acebd42c7ec.jpg,128.3346875,45.82200634550329
C:\Users\carmonta\Desktop\data-centric-cross-season-transfer\datasets\train_on_2025_all\images\frame_00090_jpg.rf.30f33aec70cbb56931a078cd73039d67.jpg,frame_00090_jpg.rf.30f33aec70cbb56931a078cd73039d67.jpg,102.85062065972222,68.19156246845417
C:\Users\carmonta\Desktop\data-centric-cross-season-transfer\datasets\train_on_2025_all\images\frame_00090_jpg.rf.4078aa3eb969768839583318d6651a91.jpg,frame_00090_jpg.rf.4078aa3eb969768839583318d6651a91.jpg,67.85138020833334,59.11083813250299
C:\Users\carmonta\Desktop\data-centric-cross-season-transfer\datasets\train_on_2025_all\images\frame_00090_jpg.rf.60de19cb6127821bb76314e44b056238.jpg,frame_00090_jpg.rf.60de19cb6127821bb76314e44b056238.jpg,72.52866753472222,62.17376476774328
C:\Users\carmonta\Desktop\data-centric-cross-season-transfer\datasets\train_on_2025_all\images\frame_00090_jpg.rf.6ebb4d785214a49764d33dfcde83ee22.jpg,frame_00090_jpg.rf.6ebb4d785214a49764d33dfcde83ee22.jpg,128.338984375,45.691599063834175
C:\Users\carmonta\Desktop\data-centric-cross-season-transfer\datasets\train_on_2025_all\images\frame_00090_jpg.rf.7bb1bdf5d4103856e5f721236f29d813.jpg,frame_00090_jpg.rf.7bb1bdf5d4103856e5f721236f29d813.jpg,72.57532986111111,62.24051253054398
C:\Users\carmonta\Desktop\data-centric-cross-season-transfer\datasets\train_on_2025_all\images\frame_00090_jpg.rf.7ea47bf9a6bc888c967cf51784b61d75.jpg,frame_00090_jpg.rf.7ea47bf9a6bc888c967cf51784b61d75.jpg,119.79874565972223,47.922958691850376
C:\Users\carmonta\Desktop\data-centric-cross-season-transfer\datasets\train_on_2025_all\images\frame_00090_jpg.rf.85c1060ab62efb7561ae3edbf5c7641c.jpg,frame_00090_jpg.rf.85c1060ab62efb7561ae3edbf5c7641c.jpg,102.8294357638889,68.12962124892458
C:\Users\carmonta\Desktop\data-centric-cross-season-transfer\datasets\train_on_2025_all\images\frame_00090_jpg.rf.b38b94e1f8466f86b0794254433f0e63.jpg,frame_00090_jpg.rf.b38b94e1f8466f86b0794254433f0e63.jpg,67.89120659722222,59.21014002142389
C:\Users\carmonta\Desktop\data-centric-cross-season-transfer\datasets\train_on_2025_all\images\frame_00090_jpg.rf.f15ee5dce3f36e649622e8213eca5f17.jpg,frame_00090_jpg.rf.f15ee5dce3f36e649622e8213eca5f17.jpg,128.33723958333334,45.7733897065459
C:\Users\carmonta\Desktop\data-centric-cross-season-transfer\datasets\train_on_2025_all\images\frame_00090_jpg.rf.f4ac0c83dc8e91c0e68d97029549cd0d.jpg,frame_00090_jpg.rf.f4ac0c83dc8e91c0e68d97029549cd0d.jpg,67.91868055555555,59.23568804228072
C:\Users\carmonta\Desktop\data-centric-cross-season-transfer\datasets\train_on_2025_all\images\frame_00090_jpg.rf.f9e089d1ed97088bd634444b6e2a8fae.jpg,frame_00090_jpg.rf.f9e089d1ed97088bd634444b6e2a8fae.jpg,72.58819878472222,62.25621879190897
C:\Users\carmonta\Desktop\data-centric-cross-season-transfer\datasets\train_on_2025_all\images\frame_00091_jpg.rf.2324858d4d78912b41ff0c9185569bf3.jpg,frame_00091_jpg.rf.2324858d4d78912b41ff0c9185569bf3.jpg,80.89227864583333,58.92918925821642
C:\Users\carmonta\Desktop\data-centric-cross-season-transfer\datasets\train_on_2025_all\images\frame_00091_jpg.rf.49a020127958af0f36f0760848f8bac6.jpg,frame_00091_jpg.rf.49a020127958af0f36f0760848f8bac6.jpg,102.82466579861111,53.989344371467226
C:\Users\carmonta\Desktop\data-centric-cross-season-transfer\datasets\train_on_2025_all\images\frame_00091_jpg.rf.974b6b31b7262170ed0c6352309f4189.jpg,frame_00091_jpg.rf.974b6b31b7262170ed0c6352309f4189.jpg,79.13764322916667,61.42851281899932
C:\Users\carmonta\Desktop\data-centric-cross-season-transfer\datasets\train_on_2025_all\images\frame_00091_jpg.rf.9e21a184196a39949dc2b962f9ee8710.jpg,frame_00091_jpg.rf.9e21a184196a39949dc2b962f9ee8710.jpg,80.90491753472222,58.96259569503051
C:\Users\carmonta\Desktop\data-centric-cross-season-transfer\datasets\train_on_2025_all\images\frame_00091_jpg.rf.a42f4601b9810cf874fe445437e60835.jpg,frame_00091_jpg.rf.a42f4601b9810cf874fe445437e60835.jpg,96.37849392361112,66.9492448210339
C:\Users\carmonta\Desktop\data-centric-cross-season-transfer\datasets\train_on_2025_all\images\frame_00091_jpg.rf.aebe15e8d901546151e924e367e5c36b.jpg,frame_00091_jpg.rf.aebe15e8d901546151e924e367e5c36b.jpg,128.69167534722223,45.128411941710425
C:\Users\carmonta\Desktop\data-centric-cross-season-transfer\datasets\train_on_2025_all\images\frame_00091_jpg.rf.bbbc7a96b4f205b7acb274fece3594ff.jpg,frame_00091_jpg.rf.bbbc7a96b4f205b7acb274fece3594ff.jpg,102.83327256944445,54.03710937690063
C:\Users\carmonta\Desktop\data-centric-cross-season-transfer\datasets\train_on_2025_all\images\frame_00091_jpg.rf.c2bf8d118dbde4895a08f0754254cde2.jpg,frame_00091_jpg.rf.c2bf8d118dbde4895a08f0754254cde2.jpg,80.89227864583333,58.92918925821642
C:\Users\carmonta\Desktop\data-centric-cross-season-transfer\datasets\train_on_2025_all\images\frame_00091_jpg.rf.d740c5e002bb7fb8ffce657caaea2510.jpg,frame_00091_jpg.rf.d740c5e002bb7fb8ffce657caaea2510.jpg,79.15684461805556,61.44605919474738
C:\Users\carmonta\Desktop\data-centric-cross-season-transfer\datasets\train_on_2025_all\images\frame_00091_jpg.rf.dcd8041c004425b36e0b5c671ee57609.jpg,frame_00091_jpg.rf.dcd8041c004425b36e0b5c671ee57609.jpg,128.68983072916666,45.14960852607864
C:\Users\carmonta\Desktop\data-centric-cross-season-transfer\datasets\train_on_2025_all\images\frame_00091_jpg.rf.eb58b6570b5d5863afe9af6143227bfd.jpg,frame_00091_jpg.rf.eb58b6570b5d5863afe9af6143227bfd.jpg,96.35690972222223,66.91475605018476
C:\Users\carmonta\Desktop\data-centric-cross-season-transfer\datasets\train_on_2025_all\images\frame_00092_jpg.rf.24f8010f7fa1f9de0c2ba8b62d188036.jpg,frame_00092_jpg.rf.24f8010f7fa1f9de0c2ba8b62d188036.jpg,90.82260850694445,61.2439724511602
C:\Users\carmonta\Desktop\data-centric-cross-season-transfer\datasets\train_on_2025_all\images\frame_00092_jpg.rf.271d5ab25dfcfaa99eeb0b9a9d21a4d9.jpg,frame_00092_jpg.rf.271d5ab25dfcfaa99eeb0b9a9d21a4d9.jpg,127.36202256944445,43.724314071785074
C:\Users\carmonta\Desktop\data-centric-cross-season-transfer\datasets\train_on_2025_all\images\frame_00092_jpg.rf.31c834486d2db4945cc8c40280c4135a.jpg,frame_00092_jpg.rf.31c834486d2db4945cc8c40280c4135a.jpg,92.54734375,55.85940255727273
C:\Users\carmonta\Desktop\data-centric-cross-season-transfer\datasets\train_on_2025_all\images\frame_00092_jpg.rf.4d717835b6bbbea0a2429fffd5d837b2.jpg,frame_00092_jpg.rf.4d717835b6bbbea0a2429fffd5d837b2.jpg,92.55385850694445,55.88157025710819
C:\Users\carmonta\Desktop\data-centric-cross-season-transfer\datasets\train_on_2025_all\images\frame_00092_jpg.rf.4e7d1be2bab69a81a36a8b3d367322cc.jpg,frame_00092_jpg.rf.4e7d1be2bab69a81a36a8b3d367322cc.jpg,83.06918836805555,60.39770945646681
C:\Users\carmonta\Desktop\data-centric-cross-season-transfer\datasets\train_on_2025_all\images\frame_00092_jpg.rf.50af9ccb7b23d7c46f51719eecb59d92.jpg,frame_00092_jpg.rf.50af9ccb7b23d7c46f51719eecb59d92.jpg,110.9557638888889,69.44343293815417
C:\Users\carmonta\Desktop\data-centric-cross-season-transfer\datasets\train_on_2025_all\images\frame_00092_jpg.rf.5804fa9fb75f881883de58e3f259a5de.jpg,frame_00092_jpg.rf.5804fa9fb75f881883de58e3f259a5de.jpg,92.559765625,55.88228742510219
C:\Users\carmonta\Desktop\data-centric-cross-season-transfer\datasets\train_on_2025_all\images\frame_00092_jpg.rf.5a2ce7fd47018b934894efac416a8425.jpg,frame_00092_jpg.rf.5a2ce7fd47018b934894efac416a8425.jpg,110.95523871527777,69.44868563573797
C:\Users\carmonta\Desktop\data-centric-cross-season-transfer\datasets\train_on_2025_all\images\frame_00092_jpg.rf.b37be458bed61533b55ffe9262398f74.jpg,frame_00092_jpg.rf.b37be458bed61533b55ffe9262398f74.jpg,127.35942708333333,43.74500840197008
C:\Users\carmonta\Desktop\data-centric-cross-season-transfer\datasets\train_on_2025_all\images\frame_00092_jpg.rf.b9d633fa9859970640e47f390fd85d08.jpg,frame_00092_jpg.rf.b9d633fa9859970640e47f390fd85d08.jpg,127.36921440972222,43.82674444685495
C:\Users\carmonta\Desktop\data-centric-cross-season-transfer\datasets\train_on_2025_all\images\frame_00092_jpg.rf.c536c659ef2a431ee6772a68f901c06e.jpg,frame_00092_jpg.rf.c536c659ef2a431ee6772a68f901c06e.jpg,90.84655381944444,61.304951790144116
C:\Users\carmonta\Desktop\data-centric-cross-season-transfer\datasets\train_on_2025_all\images\frame_00092_jpg.rf.e6d1fed4322e6020e638f9f560df7cc4.jpg,frame_00092_jpg.rf.e6d1fed4322e6020e638f9f560df7cc4.jpg,110.96515190972222,69.47456485274779
C:\Users\carmonta\Desktop\data-centric-cross-season-transfer\datasets\train_on_2025_all\images\frame_00093_jpg.rf.059d082d146fae63b372789316b6e454.jpg,frame_00093_jpg.rf.059d082d146fae63b372789316b6e454.jpg,89.37016927083333,59.177646808816135
C:\Users\carmonta\Desktop\data-centric-cross-season-transfer\datasets\train_on_2025_all\images\frame_00093_jpg.rf.5f7bd94e923560a3fca2e892c7921fc7.jpg,frame_00093_jpg.rf.5f7bd94e923560a3fca2e892c7921fc7.jpg,101.33128472222222,65.66485680206424
C:\Users\carmonta\Desktop\data-centric-cross-season-transfer\datasets\train_on_2025_all\images\frame_00093_jpg.rf.7a49d46dc68fb93f5e9a3aaf771c702d.jpg,frame_00093_jpg.rf.7a49d46dc68fb93f5e9a3aaf771c702d.jpg,93.809765625,65.21300655603154
C:\Users\carmonta\Desktop\data-centric-cross-season-transfer\datasets\train_on_2025_all\images\frame_00093_jpg.rf.9ae7647d2480453df9552d026bb6935a.jpg,frame_00093_jpg.rf.9ae7647d2480453df9552d026bb6935a.jpg,89.38215277777778,59.20894353032031
C:\Users\carmonta\Desktop\data-centric-cross-season-transfer\datasets\train_on_2025_all\images\frame_00093_jpg.rf.9f4ffe2fd18580197a7bed003d4756c7.jpg,frame_00093_jpg.rf.9f4ffe2fd18580197a7bed003d4756c7.jpg,93.81139322916667,65.2183162982962
C:\Users\carmonta\Desktop\data-centric-cross-season-transfer\datasets\train_on_2025_all\images\frame_00093_jpg.rf.a70de9b15a46983f92a75ccd7790f9b8.jpg,frame_00093_jpg.rf.a70de9b15a46983f92a75ccd7790f9b8.jpg,93.81969618055555,65.23017418505987
C:\Users\carmonta\Desktop\data-centric-cross-season-transfer\datasets\train_on_2025_all\images\frame_00093_jpg.rf.ae171a20e6af5a9ef50e6feb3ff4753c.jpg,frame_00093_jpg.rf.ae171a20e6af5a9ef50e6feb3ff4753c.jpg,125.42588541666667,42.078702840308445
C:\Users\carmonta\Desktop\data-centric-cross-season-transfer\datasets\train_on_2025_all\images\frame_00093_jpg.rf.b5ac52c15d5ce6945c88cc4018240bcf.jpg,frame_00093_jpg.rf.b5ac52c15d5ce6945c88cc4018240bcf.jpg,101.32803819444445,65.6538596222956
C:\Users\carmonta\Desktop\data-centric-cross-season-transfer\datasets\train_on_2025_all\images\frame_00093_jpg.rf.ef88df0205a9e04078fbea973180aabb.jpg,frame_00093_jpg.rf.ef88df0205a9e04078fbea973180aabb.jpg,89.40830295138889,59.27552100371946
C:\Users\carmonta\Desktop\data-centric-cross-season-transfer\datasets\train_on_2025_all\images\frame_00094_jpg.rf.007bcd002caf661d456b7a45e0c1b308.jpg,frame_00094_jpg.rf.007bcd002caf661d456b7a45e0c1b308.jpg,123.89440538194444,41.55860309574533
C:\Users\carmonta\Desktop\data-centric-cross-season-transfer\datasets\train_on_2025_all\images\frame_00094_jpg.rf.23682a37c4862681c825fba8ba3b59bc.jpg,frame_00094_jpg.rf.23682a37c4862681c825fba8ba3b59bc.jpg,111.70264756944445,53.24302495662736
C:\Users\carmonta\Desktop\data-centric-cross-season-transfer\datasets\train_on_2025_all\images\frame_00094_jpg.rf.8debf0d6c0ccea18413edfc566bd0438.jpg,frame_00094_jpg.rf.8debf0d6c0ccea18413edfc566bd0438.jpg,111.69435763888889,53.19962359643769
C:\Users\carmonta\Desktop\data-centric-cross-season-transfer\datasets\train_on_2025_all\images\frame_00094_jpg.rf.c67ff41fc16379591f8704b9954e234e.jpg,frame_00094_jpg.rf.c67ff41fc16379591f8704b9954e234e.jpg,111.70501736111112,53.216286430873346
C:\Users\carmonta\Desktop\data-centric-cross-season-transfer\datasets\train_on_2025_all\images\frame_00094_jpg.rf.d2bc79b48cd26edc645ff9dceff78342.jpg,frame_00094_jpg.rf.d2bc79b48cd26edc645ff9dceff78342.jpg,101.4539453125,72.07155639926879
C:\Users\carmonta\Desktop\data-centric-cross-season-transfer\datasets\train_on_2025_all\images\frame_00094_jpg.rf.d9c61fe7d3709eadcab8c1c549f4f978.jpg,frame_00094_jpg.rf.d9c61fe7d3709eadcab8c1c549f4f978.jpg,101.44916666666667,72.06200704032989
C:\Users\carmonta\Desktop\data-centric-cross-season-transfer\datasets\train_on_2025_all\images\frame_00094_jpg.rf.f19b4af8d8c378e5460624e1574b5b22.jpg,frame_00094_jpg.rf.f19b4af8d8c378e5460624e1574b5b22.jpg,123.90105902777778,41.516068181864696
C:\Users\carmonta\Desktop\data-centric-cross-season-transfer\datasets\train_on_2025_all\images\frame_00094_jpg.rf.f7e73ba53b2612f8b092654d792a13d5.jpg,frame_00094_jpg.rf.f7e73ba53b2612f8b092654d792a13d5.jpg,101.50020833333333,72.11397915480694
C:\Users\carmonta\Desktop\data-centric-cross-season-transfer\datasets\train_on_2025_all\images\frame_00095_jpg.rf.0254d627a599fe2f81be69842fc8dc6d.jpg,frame_00095_jpg.rf.0254d627a599fe2f81be69842fc8dc6d.jpg,90.46098958333333,73.82718816643629
C:\Users\carmonta\Desktop\data-centric-cross-season-transfer\datasets\train_on_2025_all\images\frame_00095_jpg.rf.05b13dc43bc396f17c2980411c919ecb.jpg,frame_00095_jpg.rf.05b13dc43bc396f17c2980411c919ecb.jpg,120.54310329861111,41.61149701431464
C:\Users\carmonta\Desktop\data-centric-cross-season-transfer\datasets\train_on_2025_all\images\frame_00095_jpg.rf.1868eb3d0df489350d76f14b2415783e.jpg,frame_00095_jpg.rf.1868eb3d0df489350d76f14b2415783e.jpg,90.4117578125,73.76348740689703
C:\Users\carmonta\Desktop\data-centric-cross-season-transfer\datasets\train_on_2025_all\images\frame_00095_jpg.rf.6715de46c6e4842046de99a1d999b9f2.jpg,frame_00095_jpg.rf.6715de46c6e4842046de99a1d999b9f2.jpg,120.56385850694444,41.72006403724288
C:\Users\carmonta\Desktop\data-centric-cross-season-transfer\datasets\train_on_2025_all\images\frame_00095_jpg.rf.68ff302bad5e317275ae80601388c8a7.jpg,frame_00095_jpg.rf.68ff302bad5e317275ae80601388c8a7.jpg,109.42812065972223,54.34791421518398
C:\Users\carmonta\Desktop\data-centric-cross-season-transfer\datasets\train_on_2025_all\images\frame_00095_jpg.rf.9f2b780fde5897e80b47d2037bbe3061.jpg,frame_00095_jpg.rf.9f2b780fde5897e80b47d2037bbe3061.jpg,107.98881944444445,59.22481236188708
C:\Users\carmonta\Desktop\data-centric-cross-season-transfer\datasets\train_on_2025_all\images\frame_00095_jpg.rf.a28e8f2e08382d511ce94047cb89c7ce.jpg,frame_00095_jpg.rf.a28e8f2e08382d511ce94047cb89c7ce.jpg,109.45476996527778,54.446722121079716
C:\Users\carmonta\Desktop\data-centric-cross-season-transfer\datasets\train_on_2025_all\images\frame_00095_jpg.rf.bba0cc34425cbd919b74e3322c8695d5.jpg,frame_00095_jpg.rf.bba0cc34425cbd919b74e3322c8695d5.jpg,90.47153645833333,73.84177585690769
C:\Users\carmonta\Desktop\data-centric-cross-season-transfer\datasets\train_on_2025_all\images\frame_00095_jpg.rf.dafb561a70c86e56c77a9776ead87a97.jpg,frame_00095_jpg.rf.dafb561a70c86e56c77a9776ead87a97.jpg,120.54310329861111,41.61149701431464
C:\Users\carmonta\Desktop\data-centric-cross-season-transfer\datasets\train_on_2025_all\images\frame_00095_jpg.rf.e5026536e80db2dad3e166f73c9b8c97.jpg,frame_00095_jpg.rf.e5026536e80db2dad3e166f73c9b8c97.jpg,107.97078559027777,59.13504988428501
C:\Users\carmonta\Desktop\data-centric-cross-season-transfer\datasets\train_on_2025_all\images\frame_00095_jpg.rf.f70c1b2763beafa37762d453d7993bb7.jpg,frame_00095_jpg.rf.f70c1b2763beafa37762d453d7993bb7.jpg,109.42812065972223,54.34791421518398
C:\Users\carmonta\Desktop\data-centric-cross-season-transfer\datasets\train_on_2025_all\images\frame_00096_jpg.rf.96b29308cf15a821bc3df26f8436e966.jpg,frame_00096_jpg.rf.96b29308cf15a821bc3df26f8436e966.jpg,96.57190104166666,61.31064369171951
C:\Users\carmonta\Desktop\data-centric-cross-season-transfer\datasets\train_on_2025_all\images\frame_00096_jpg.rf.9f2c5777b312c737c0ee914fad21cda3.jpg,frame_00096_jpg.rf.9f2c5777b312c737c0ee914fad21cda3.jpg,120.65318576388889,41.26712520473662
C:\Users\carmonta\Desktop\data-centric-cross-season-transfer\datasets\train_on_2025_all\images\frame_00096_jpg.rf.a8fb15b77325172017894c8a56f5ecb2.jpg,frame_00096_jpg.rf.a8fb15b77325172017894c8a56f5ecb2.jpg,75.03004340277778,69.10847910243926
C:\Users\carmonta\Desktop\data-centric-cross-season-transfer\datasets\train_on_2025_all\images\frame_00096_jpg.rf.af0256ac1c6a390d00af0dd386039b15.jpg,frame_00096_jpg.rf.af0256ac1c6a390d00af0dd386039b15.jpg,74.99758246527777,69.05644900758706
C:\Users\carmonta\Desktop\data-centric-cross-season-transfer\datasets\train_on_2025_all\images\frame_00096_jpg.rf.deb46a3b4aaed8f73db0e74e05bddd85.jpg,frame_00096_jpg.rf.deb46a3b4aaed8f73db0e74e05bddd85.jpg,120.63808159722223,41.157652051124074
C:\Users\carmonta\Desktop\data-centric-cross-season-transfer\datasets\train_on_2025_all\images\frame_00096_jpg.rf.e538ab7f15211b59a67584363b50e54e.jpg,frame_00096_jpg.rf.e538ab7f15211b59a67584363b50e54e.jpg,120.64461805555555,41.2905248815392
C:\Users\carmonta\Desktop\data-centric-cross-season-transfer\datasets\train_on_2025_all\images\frame_00096_jpg.rf.ea30fd5da54402eba4d7ba755b1aa607.jpg,frame_00096_jpg.rf.ea30fd5da54402eba4d7ba755b1aa607.jpg,96.53519097222222,61.20822855219918
C:\Users\carmonta\Desktop\data-centric-cross-season-transfer\datasets\train_on_2025_all\images\frame_00097_jpg.rf.016efc57307cad84a5680d4e27eb89e4.jpg,frame_00097_jpg.rf.016efc57307cad84a5680d4e27eb89e4.jpg,108.88761284722223,61.306644507708604
C:\Users\carmonta\Desktop\data-centric-cross-season-transfer\datasets\train_on_2025_all\images\frame_00097_jpg.rf.143be334c2f7748de71136e49dcbaa33.jpg,frame_00097_jpg.rf.143be334c2f7748de71136e49dcbaa33.jpg,93.27405381944445,64.81061089921192
C:\Users\carmonta\Desktop\data-centric-cross-season-transfer\datasets\train_on_2025_all\images\frame_00097_jpg.rf.23026e3481b08a9bf2cdb18f2d54b3ae.jpg,frame_00097_jpg.rf.23026e3481b08a9bf2cdb18f2d54b3ae.jpg,108.8932986111111,61.3334158051506
C:\Users\carmonta\Desktop\data-centric-cross-season-transfer\datasets\train_on_2025_all\images\frame_00097_jpg.rf.5b0ff2dcc4567f288c33f67277106824.jpg,frame_00097_jpg.rf.5b0ff2dcc4567f288c33f67277106824.jpg,108.89080295138889,61.29959371578128
C:\Users\carmonta\Desktop\data-centric-cross-season-transfer\datasets\train_on_2025_all\images\frame_00097_jpg.rf.876cea64d3fe6ba66a95ed1d3fd15f97.jpg,frame_00097_jpg.rf.876cea64d3fe6ba66a95ed1d3fd15f97.jpg,88.45112847222222,61.49379936089216
C:\Users\carmonta\Desktop\data-centric-cross-season-transfer\datasets\train_on_2025_all\images\frame_00097_jpg.rf.a404655f7d252186c4f5aee3be75034e.jpg,frame_00097_jpg.rf.a404655f7d252186c4f5aee3be75034e.jpg,88.4361328125,61.454717273363386
C:\Users\carmonta\Desktop\data-centric-cross-season-transfer\datasets\train_on_2025_all\images\frame_00097_jpg.rf.c95137855b1c0b04c0cc726eaae02669.jpg,frame_00097_jpg.rf.c95137855b1c0b04c0cc726eaae02669.jpg,93.26520399305555,64.7914003290484
C:\Users\carmonta\Desktop\data-centric-cross-season-transfer\datasets\train_on_2025_all\images\frame_00097_jpg.rf.ca748125b041e9cded5d3b32ca1ddb0b.jpg,frame_00097_jpg.rf.ca748125b041e9cded5d3b32ca1ddb0b.jpg,122.20004774305555,39.501793460926116
C:\Users\carmonta\Desktop\data-centric-cross-season-transfer\datasets\train_on_2025_all\images\frame_00097_jpg.rf.d2e10cecec01f1aeefa4a8d24f0931a9.jpg,frame_00097_jpg.rf.d2e10cecec01f1aeefa4a8d24f0931a9.jpg,93.27363715277778,64.82518861758786
C:\Users\carmonta\Desktop\data-centric-cross-season-transfer\datasets\train_on_2025_all\images\frame_00097_jpg.rf.e83601e98da270289ee91c0b2e9bb05f.jpg,frame_00097_jpg.rf.e83601e98da270289ee91c0b2e9bb05f.jpg,122.200234375,39.41247072822765
C:\Users\carmonta\Desktop\data-centric-cross-season-transfer\datasets\train_on_2025_all\images\frame_00098_jpg.rf.0328b7ec3df8056cb224ebc8d3c43c26.jpg,frame_00098_jpg.rf.0328b7ec3df8056cb224ebc8d3c43c26.jpg,123.30851128472223,40.48881970751966
C:\Users\carmonta\Desktop\data-centric-cross-season-transfer\datasets\train_on_2025_all\images\frame_00098_jpg.rf.419ba1e4b0df0e0d7ba65595a1b51c01.jpg,frame_00098_jpg.rf.419ba1e4b0df0e0d7ba65595a1b51c01.jpg,76.60795572916666,63.060646749595
C:\Users\carmonta\Desktop\data-centric-cross-season-transfer\datasets\train_on_2025_all\images\frame_00098_jpg.rf.612a3e44d02f79a8a0760687f96268bf.jpg,frame_00098_jpg.rf.612a3e44d02f79a8a0760687f96268bf.jpg,82.24076388888889,74.53987346296482
C:\Users\carmonta\Desktop\data-centric-cross-season-transfer\datasets\train_on_2025_all\images\frame_00098_jpg.rf.7618b7522124422762858e43b5024171.jpg,frame_00098_jpg.rf.7618b7522124422762858e43b5024171.jpg,82.19469184027778,74.47713189843239
C:\Users\carmonta\Desktop\data-centric-cross-season-transfer\datasets\train_on_2025_all\images\frame_00098_jpg.rf.a57f1d33ba6920fa7e174e3a1c1b2985.jpg,frame_00098_jpg.rf.a57f1d33ba6920fa7e174e3a1c1b2985.jpg,82.19469184027778,74.47713189843239
C:\Users\carmonta\Desktop\data-centric-cross-season-transfer\datasets\train_on_2025_all\images\frame_00098_jpg.rf.b6f3a5f3da72cbac0712f61b42fffa9d.jpg,frame_00098_jpg.rf.b6f3a5f3da72cbac0712f61b42fffa9d.jpg,76.56385416666667,62.996243087437456
C:\Users\carmonta\Desktop\data-centric-cross-season-transfer\datasets\train_on_2025_all\images\frame_00098_jpg.rf.ddb4874e1fb31104eab5a006623ff744.jpg,frame_00098_jpg.rf.ddb4874e1fb31104eab5a006623ff744.jpg,76.62614583333334,63.08653254827723
C:\Users\carmonta\Desktop\data-centric-cross-season-transfer\datasets\train_on_2025_all\images\frame_00098_jpg.rf.e2dd269f268b48d290bfb6e8808ed852.jpg,frame_00098_jpg.rf.e2dd269f268b48d290bfb6e8808ed852.jpg,123.3025,40.51362483868167
C:\Users\carmonta\Desktop\data-centric-cross-season-transfer\datasets\train_on_2025_all\images\frame_00098_jpg.rf.e6cc1c730c742d9f46408d3a1b080450.jpg,frame_00098_jpg.rf.e6cc1c730c742d9f46408d3a1b080450.jpg,93.59956597222222,62.115955912939846
C:\Users\carmonta\Desktop\data-centric-cross-season-transfer\datasets\train_on_2025_all\images\frame_00099_jpg.rf.314941d067e31f23c281bc9f42a17afc.jpg,frame_00099_jpg.rf.314941d067e31f23c281bc9f42a17afc.jpg,83.5286545138889,71.13079461673208
C:\Users\carmonta\Desktop\data-centric-cross-season-transfer\datasets\train_on_2025_all\images\frame_00099_jpg.rf.60ce93cee441f877c9966a4603162389.jpg,frame_00099_jpg.rf.60ce93cee441f877c9966a4603162389.jpg,76.9819921875,63.70164595534467
C:\Users\carmonta\Desktop\data-centric-cross-season-transfer\datasets\train_on_2025_all\images\frame_00099_jpg.rf.75ed22a1a22b1792bf842fda7d4ba948.jpg,frame_00099_jpg.rf.75ed22a1a22b1792bf842fda7d4ba948.jpg,122.4725,41.41563189099685
C:\Users\carmonta\Desktop\data-centric-cross-season-transfer\datasets\train_on_2025_all\images\frame_00099_jpg.rf.8a52471f628284602b00a531a9649369.jpg,frame_00099_jpg.rf.8a52471f628284602b00a531a9649369.jpg,83.52577690972223,71.14818501820169
C:\Users\carmonta\Desktop\data-centric-cross-season-transfer\datasets\train_on_2025_all\images\frame_00099_jpg.rf.90d8f23910b11d6b27e6c9fc9f07baf9.jpg,frame_00099_jpg.rf.90d8f23910b11d6b27e6c9fc9f07baf9.jpg,104.26030381944445,67.15453178670093
C:\Users\carmonta\Desktop\data-centric-cross-season-transfer\datasets\train_on_2025_all\images\frame_00099_jpg.rf.bd628caca8dedcf369c3695a5837bf7f.jpg,frame_00099_jpg.rf.bd628caca8dedcf369c3695a5837bf7f.jpg,77.01077256944444,63.74393466729532
C:\Users\carmonta\Desktop\data-centric-cross-season-transfer\datasets\train_on_2025_all\images\frame_00099_jpg.rf.caabebfaa562d5d7d4a2dcbbdbe9970a.jpg,frame_00099_jpg.rf.caabebfaa562d5d7d4a2dcbbdbe9970a.jpg,76.9819921875,63.70164595534467
C:\Users\carmonta\Desktop\data-centric-cross-season-transfer\datasets\train_on_2025_all\images\frame_00099_jpg.rf.db7b17a68edd2ede531c5e0abf92bb30.jpg,frame_00099_jpg.rf.db7b17a68edd2ede531c5e0abf92bb30.jpg,100.76348090277777,64.80162005300814
C:\Users\carmonta\Desktop\data-centric-cross-season-transfer\datasets\train_on_2025_all\images\frame_00099_jpg.rf.e0c45ea51ca6baabb3cb86611713d26d.jpg,frame_00099_jpg.rf.e0c45ea51ca6baabb3cb86611713d26d.jpg,104.23960503472222,67.12771039957967
C:\Users\carmonta\Desktop\data-centric-cross-season-transfer\datasets\train_on_2025_all\images\frame_00099_jpg.rf.e46b35da7299b159c1b5ddb7a6e85744.jpg,frame_00099_jpg.rf.e46b35da7299b159c1b5ddb7a6e85744.jpg,83.50780815972222,71.09651590935599
C:\Users\carmonta\Desktop\data-centric-cross-season-transfer\datasets\train_on_2025_all\images\frame_00099_jpg.rf.e7db7dcfe32749a8245a9296982dcb4d.jpg,frame_00099_jpg.rf.e7db7dcfe32749a8245a9296982dcb4d.jpg,104.22687934027778,67.08229674846918
C:\Users\carmonta\Desktop\data-centric-cross-season-transfer\datasets\train_on_2025_all\images\frame_00099_jpg.rf.eb5b69ba439af0ff705fa68b38432c26.jpg,frame_00099_jpg.rf.eb5b69ba439af0ff705fa68b38432c26.jpg,122.4655295138889,41.39768869748552
C:\Users\carmonta\Desktop\data-centric-cross-season-transfer\datasets\train_on_2025_all\images\frame_00099_jpg.rf.ec536df61e8504da0401145af600698d.jpg,frame_00099_jpg.rf.ec536df61e8504da0401145af600698d.jpg,100.74988715277777,64.80179546354996
C:\Users\carmonta\Desktop\data-centric-cross-season-transfer\datasets\train_on_2025_all\images\frame_00100_jpg.rf.1235f4977071ecf2e9abcf3fc457467f.jpg,frame_00100_jpg.rf.1235f4977071ecf2e9abcf3fc457467f.jpg,123.75176215277777,43.346566303028816
C:\Users\carmonta\Desktop\data-centric-cross-season-transfer\datasets\train_on_2025_all\images\frame_00100_jpg.rf.32ddcea70f54ee615ea0f5b9bf425dc8.jpg,frame_00100_jpg.rf.32ddcea70f54ee615ea0f5b9bf425dc8.jpg,84.8778515625,64.19068433680445
C:\Users\carmonta\Desktop\data-centric-cross-season-transfer\datasets\train_on_2025_all\images\frame_00100_jpg.rf.38d043a8f9673a97289261a97aaf0021.jpg,frame_00100_jpg.rf.38d043a8f9673a97289261a97aaf0021.jpg,83.78947048611111,61.10532772704306
C:\Users\carmonta\Desktop\data-centric-cross-season-transfer\datasets\train_on_2025_all\images\frame_00100_jpg.rf.3a65139c59024b3587bdb39de0204018.jpg,frame_00100_jpg.rf.3a65139c59024b3587bdb39de0204018.jpg,80.77232204861112,70.87433953058247
C:\Users\carmonta\Desktop\data-centric-cross-season-transfer\datasets\train_on_2025_all\images\frame_00100_jpg.rf.5ecfc4d0e62910ba44076cfc45325e46.jpg,frame_00100_jpg.rf.5ecfc4d0e62910ba44076cfc45325e46.jpg,80.78877604166667,70.88955552375886
C:\Users\carmonta\Desktop\data-centric-cross-season-transfer\datasets\train_on_2025_all\images\frame_00100_jpg.rf.60af75aaecab8c9cc7f3cbbecd6909f8.jpg,frame_00100_jpg.rf.60af75aaecab8c9cc7f3cbbecd6909f8.jpg,103.16848090277777,64.85307211800942
C:\Users\carmonta\Desktop\data-centric-cross-season-transfer\datasets\train_on_2025_all\images\frame_00100_jpg.rf.6b775965dd421fbaf42080a905f4cb38.jpg,frame_00100_jpg.rf.6b775965dd421fbaf42080a905f4cb38.jpg,80.7312890625,70.80530575513322
C:\Users\carmonta\Desktop\data-centric-cross-season-transfer\datasets\train_on_2025_all\images\frame_00100_jpg.rf.7524135ca2776f107c6a6a0238346f2e.jpg,frame_00100_jpg.rf.7524135ca2776f107c6a6a0238346f2e.jpg,103.18021267361111,64.87818119975393
C:\Users\carmonta\Desktop\data-centric-cross-season-transfer\datasets\train_on_2025_all\images\frame_00100_jpg.rf.8b0feb6cc9b36085d4e59dca973a063f.jpg,frame_00100_jpg.rf.8b0feb6cc9b36085d4e59dca973a063f.jpg,84.90528645833334,64.2504178529259
C:\Users\carmonta\Desktop\data-centric-cross-season-transfer\datasets\train_on_2025_all\images\frame_00100_jpg.rf.976539325b2224a2b7735c48903e3960.jpg,frame_00100_jpg.rf.976539325b2224a2b7735c48903e3960.jpg,83.82166666666667,61.18284387573222
C:\Users\carmonta\Desktop\data-centric-cross-season-transfer\datasets\train_on_2025_all\images\frame_00100_jpg.rf.dfb4b4df24c8223816f99e10a08cc818.jpg,frame_00100_jpg.rf.dfb4b4df24c8223816f99e10a08cc818.jpg,123.74936631944445,43.483067571148425
C:\Users\carmonta\Desktop\data-centric-cross-season-transfer\datasets\train_on_2025_all\images\frame_00100_jpg.rf.efe6ba2efd42c2dbfc043d48dd74ba58.jpg,frame_00100_jpg.rf.efe6ba2efd42c2dbfc043d48dd74ba58.jpg,103.15760416666667,64.8045420981558
C:\Users\carmonta\Desktop\data-centric-cross-season-transfer\datasets\train_on_2025_all\images\frame_00100_jpg.rf.f5e65dd01d42b213b2054432614a3ff6.jpg,frame_00100_jpg.rf.f5e65dd01d42b213b2054432614a3ff6.jpg,84.89940104166666,64.23896557042241
C:\Users\carmonta\Desktop\data-centric-cross-season-transfer\datasets\train_on_2025_all\images\frame_00101_jpg.rf.07ea5e15f53e30ef6ac100a9443020d6.jpg,frame_00101_jpg.rf.07ea5e15f53e30ef6ac100a9443020d6.jpg,95.65377604166666,69.51666047669283
C:\Users\carmonta\Desktop\data-centric-cross-season-transfer\datasets\train_on_2025_all\images\frame_00101_jpg.rf.157b70319ac7104db907b76981cb884b.jpg,frame_00101_jpg.rf.157b70319ac7104db907b76981cb884b.jpg,88.26901475694444,60.624694558091875
C:\Users\carmonta\Desktop\data-centric-cross-season-transfer\datasets\train_on_2025_all\images\frame_00101_jpg.rf.292b87270c5d205743edf9461d306a59.jpg,frame_00101_jpg.rf.292b87270c5d205743edf9461d306a59.jpg,123.12796006944444,43.84735217646893
C:\Users\carmonta\Desktop\data-centric-cross-season-transfer\datasets\train_on_2025_all\images\frame_00101_jpg.rf.456db364053d589b5146839f799eee5d.jpg,frame_00101_jpg.rf.456db364053d589b5146839f799eee5d.jpg,84.60676649305556,71.49155555620898
C:\Users\carmonta\Desktop\data-centric-cross-season-transfer\datasets\train_on_2025_all\images\frame_00101_jpg.rf.466c9498ada59b5d9fb9124d9d141b59.jpg,frame_00101_jpg.rf.466c9498ada59b5d9fb9124d9d141b59.jpg,88.23945746527778,60.542394176210124
C:\Users\carmonta\Desktop\data-centric-cross-season-transfer\datasets\train_on_2025_all\images\frame_00101_jpg.rf.50f2393476b5569f06686c2c79e8a176.jpg,frame_00101_jpg.rf.50f2393476b5569f06686c2c79e8a176.jpg,123.12667100694445,43.728437251075846
C:\Users\carmonta\Desktop\data-centric-cross-season-transfer\datasets\train_on_2025_all\images\frame_00101_jpg.rf.5cb35f2e41ba7cc4999534cc1ff2e64d.jpg,frame_00101_jpg.rf.5cb35f2e41ba7cc4999534cc1ff2e64d.jpg,84.62656684027777,71.50102026711032
C:\Users\carmonta\Desktop\data-centric-cross-season-transfer\datasets\train_on_2025_all\images\frame_00101_jpg.rf.6da38b4835a6504f20837886122c3d65.jpg,frame_00101_jpg.rf.6da38b4835a6504f20837886122c3d65.jpg,88.30473958333333,60.67039536190351
C:\Users\carmonta\Desktop\data-centric-cross-season-transfer\datasets\train_on_2025_all\images\frame_00101_jpg.rf.7b375c7e938c979cf83a257be2318498.jpg,frame_00101_jpg.rf.7b375c7e938c979cf83a257be2318498.jpg,95.64403211805555,69.50168470349455
C:\Users\carmonta\Desktop\data-centric-cross-season-transfer\datasets\train_on_2025_all\images\frame_00101_jpg.rf.c102f58e02524e64546eb5be7db50f9e.jpg,frame_00101_jpg.rf.c102f58e02524e64546eb5be7db50f9e.jpg,123.12389322916667,43.77971285011586
C:\Users\carmonta\Desktop\data-centric-cross-season-transfer\datasets\train_on_2025_all\images\frame_00101_jpg.rf.cd5824ed059a2445db85eb7962001c27.jpg,frame_00101_jpg.rf.cd5824ed059a2445db85eb7962001c27.jpg,95.64031684027778,69.48188630661953
C:\Users\carmonta\Desktop\data-centric-cross-season-transfer\datasets\train_on_2025_all\images\frame_00101_jpg.rf.d31d73713c55348fad739840dda5e7f6.jpg,frame_00101_jpg.rf.d31d73713c55348fad739840dda5e7f6.jpg,86.42785590277778,64.12720502018982
C:\Users\carmonta\Desktop\data-centric-cross-season-transfer\datasets\train_on_2025_all\images\frame_00102_jpg.rf.02cb9814887c6708aff5be8b9e390b31.jpg,frame_00102_jpg.rf.02cb9814887c6708aff5be8b9e390b31.jpg,94.98798177083333,72.15486196157617
C:\Users\carmonta\Desktop\data-centric-cross-season-transfer\datasets\train_on_2025_all\images\frame_00102_jpg.rf.31c27773730eadd8dac837807eb65283.jpg,frame_00102_jpg.rf.31c27773730eadd8dac837807eb65283.jpg,87.25197482638889,59.64254963169172
C:\Users\carmonta\Desktop\data-centric-cross-season-transfer\datasets\train_on_2025_all\images\frame_00102_jpg.rf.5412d4c86b50f5871d506e1337754386.jpg,frame_00102_jpg.rf.5412d4c86b50f5871d506e1337754386.jpg,121.97375868055556,43.894934699757
C:\Users\carmonta\Desktop\data-centric-cross-season-transfer\datasets\train_on_2025_all\images\frame_00102_jpg.rf.6c1e095fcadb2f15dbae7991f90b8166.jpg,frame_00102_jpg.rf.6c1e095fcadb2f15dbae7991f90b8166.jpg,87.25197482638889,59.64254963169172
C:\Users\carmonta\Desktop\data-centric-cross-season-transfer\datasets\train_on_2025_all\images\frame_00102_jpg.rf.78f088c602119c1e41d78095bf96c973.jpg,frame_00102_jpg.rf.78f088c602119c1e41d78095bf96c973.jpg,87.32663194444444,58.98707849714566
C:\Users\carmonta\Desktop\data-centric-cross-season-transfer\datasets\train_on_2025_all\images\frame_00102_jpg.rf.79a07a53c245b4af1a180965d8b669fe.jpg,frame_00102_jpg.rf.79a07a53c245b4af1a180965d8b669fe.jpg,87.2963671875,58.88287913776528
C:\Users\carmonta\Desktop\data-centric-cross-season-transfer\datasets\train_on_2025_all\images\frame_00102_jpg.rf.7f5acb416bf69cbe38f1e9b2dbf1d9ee.jpg,frame_00102_jpg.rf.7f5acb416bf69cbe38f1e9b2dbf1d9ee.jpg,87.25423611111111,59.65401299810085
C:\Users\carmonta\Desktop\data-centric-cross-season-transfer\datasets\train_on_2025_all\images\frame_00102_jpg.rf.aab8ce303692aec3d50bdfb845a04b39.jpg,frame_00102_jpg.rf.aab8ce303692aec3d50bdfb845a04b39.jpg,121.964609375,43.8533025164683
C:\Users\carmonta\Desktop\data-centric-cross-season-transfer\datasets\train_on_2025_all\images\frame_00102_jpg.rf.b4b0d3c3cfd74f4d89150d2ce9d40ff8.jpg,frame_00102_jpg.rf.b4b0d3c3cfd74f4d89150d2ce9d40ff8.jpg,94.96367621527777,72.1028625100638
C:\Users\carmonta\Desktop\data-centric-cross-season-transfer\datasets\train_on_2025_all\images\frame_00102_jpg.rf.b5ffa78ef2dff523f8201b999381cf67.jpg,frame_00102_jpg.rf.b5ffa78ef2dff523f8201b999381cf67.jpg,87.30894097222222,58.921912984739706
C:\Users\carmonta\Desktop\data-centric-cross-season-transfer\datasets\train_on_2025_all\images\frame_00103_jpg.rf.210596cdee04f60edb831fd18280b32f.jpg,frame_00103_jpg.rf.210596cdee04f60edb831fd18280b32f.jpg,87.8883376736111,59.62857512660379
C:\Users\carmonta\Desktop\data-centric-cross-season-transfer\datasets\train_on_2025_all\images\frame_00103_jpg.rf.5345e1ebd932c457b969e8574365a3be.jpg,frame_00103_jpg.rf.5345e1ebd932c457b969e8574365a3be.jpg,123.57383246527777,43.11171595099518
C:\Users\carmonta\Desktop\data-centric-cross-season-transfer\datasets\train_on_2025_all\images\frame_00103_jpg.rf.985dfe9db41219fff0eba5d8cd0dae28.jpg,frame_00103_jpg.rf.985dfe9db41219fff0eba5d8cd0dae28.jpg,90.14406684027777,67.16948566604754
C:\Users\carmonta\Desktop\data-centric-cross-season-transfer\datasets\train_on_2025_all\images\frame_00103_jpg.rf.b01aa879d3a3ec42573232f6f6eb4c66.jpg,frame_00103_jpg.rf.b01aa879d3a3ec42573232f6f6eb4c66.jpg,123.57611111111112,43.18368768928827
C:\Users\carmonta\Desktop\data-centric-cross-season-transfer\datasets\train_on_2025_all\images\frame_00103_jpg.rf.b97b13115302354f811219096c9b9ebb.jpg,frame_00103_jpg.rf.b97b13115302354f811219096c9b9ebb.jpg,87.8883376736111,59.62857512660379
C:\Users\carmonta\Desktop\data-centric-cross-season-transfer\datasets\train_on_2025_all\images\frame_00103_jpg.rf.cd17b01b2679fbdddc5bece7681ed711.jpg,frame_00103_jpg.rf.cd17b01b2679fbdddc5bece7681ed711.jpg,86.35470052083333,59.6757777105001
C:\Users\carmonta\Desktop\data-centric-cross-season-transfer\datasets\train_on_2025_all\images\frame_00103_jpg.rf.cee9890aaba090e70691ca47fd359aed.jpg,frame_00103_jpg.rf.cee9890aaba090e70691ca47fd359aed.jpg,90.14345486111111,67.17843280322388
C:\Users\carmonta\Desktop\data-centric-cross-season-transfer\datasets\train_on_2025_all\images\frame_00103_jpg.rf.edc8e67bda955f7a9c3c63cde8873bf1.jpg,frame_00103_jpg.rf.edc8e67bda955f7a9c3c63cde8873bf1.jpg,86.30809895833333,59.58181478569509
C:\Users\carmonta\Desktop\data-centric-cross-season-transfer\datasets\train_on_2025_all\images\frame_00103_jpg.rf.ee0047dbd8ef27c3bc20335c85779a66.jpg,frame_00103_jpg.rf.ee0047dbd8ef27c3bc20335c85779a66.jpg,86.30809895833333,59.58181478569509
C:\Users\carmonta\Desktop\data-centric-cross-season-transfer\datasets\train_on_2025_all\images\frame_00103_jpg.rf.f4f86cdce7e6004671274b07ff67598f.jpg,frame_00103_jpg.rf.f4f86cdce7e6004671274b07ff67598f.jpg,90.12276909722222,67.13537032430892
C:\Users\carmonta\Desktop\data-centric-cross-season-transfer\datasets\train_on_2025_all\images\frame_00104_jpg.rf.1593257adfa87dd48549a0b5f3afe258.jpg,frame_00104_jpg.rf.1593257adfa87dd48549a0b5f3afe258.jpg,122.86869791666666,43.178618531682766
C:\Users\carmonta\Desktop\data-centric-cross-season-transfer\datasets\train_on_2025_all\images\frame_00104_jpg.rf.1b82511f026d2ee9719302eca42115f6.jpg,frame_00104_jpg.rf.1b82511f026d2ee9719302eca42115f6.jpg,84.52254774305555,62.66065202964169
C:\Users\carmonta\Desktop\data-centric-cross-season-transfer\datasets\train_on_2025_all\images\frame_00104_jpg.rf.4919ab65f1c2dce49649acafbe36da47.jpg,frame_00104_jpg.rf.4919ab65f1c2dce49649acafbe36da47.jpg,84.52254774305555,62.66065202964169
C:\Users\carmonta\Desktop\data-centric-cross-season-transfer\datasets\train_on_2025_all\images\frame_00104_jpg.rf.8b3a462cac5c6f9f0aa05a23dbfe9ac3.jpg,frame_00104_jpg.rf.8b3a462cac5c6f9f0aa05a23dbfe9ac3.jpg,84.5460546875,62.70673971236783
C:\Users\carmonta\Desktop\data-centric-cross-season-transfer\datasets\train_on_2025_all\images\frame_00104_jpg.rf.c555d13216f6888f3c17b3e94a60d939.jpg,frame_00104_jpg.rf.c555d13216f6888f3c17b3e94a60d939.jpg,90.473046875,62.89546043768137
C:\Users\carmonta\Desktop\data-centric-cross-season-transfer\datasets\train_on_2025_all\images\frame_00104_jpg.rf.e01c86617d97d13184c8209331672844.jpg,frame_00104_jpg.rf.e01c86617d97d13184c8209331672844.jpg,90.47562934027778,62.89459274608545
C:\Users\carmonta\Desktop\data-centric-cross-season-transfer\datasets\train_on_2025_all\images\frame_00104_jpg.rf.e18f0c24f01e4040c343580f346a0261.jpg,frame_00104_jpg.rf.e18f0c24f01e4040c343580f346a0261.jpg,122.88364583333333,43.31191471754125
C:\Users\carmonta\Desktop\data-centric-cross-season-transfer\datasets\train_on_2025_all\images\frame_00105_jpg.rf.21d28dd99b370eaf6209eb167614ab26.jpg,frame_00105_jpg.rf.21d28dd99b370eaf6209eb167614ab26.jpg,80.86628038194445,61.38447416523916
C:\Users\carmonta\Desktop\data-centric-cross-season-transfer\datasets\train_on_2025_all\images\frame_00105_jpg.rf.4a12c418657f6ed6a43ede02186db501.jpg,frame_00105_jpg.rf.4a12c418657f6ed6a43ede02186db501.jpg,80.90682291666667,61.461075280443666
C:\Users\carmonta\Desktop\data-centric-cross-season-transfer\datasets\train_on_2025_all\images\frame_00105_jpg.rf.4e8a9c70c261a3c83d2c75a8f124d994.jpg,frame_00105_jpg.rf.4e8a9c70c261a3c83d2c75a8f124d994.jpg,80.89290364583333,61.43902303969614
C:\Users\carmonta\Desktop\data-centric-cross-season-transfer\datasets\train_on_2025_all\images\frame_00105_jpg.rf.5620cb24d6d7c3a8842b5b06b5b0d463.jpg,frame_00105_jpg.rf.5620cb24d6d7c3a8842b5b06b5b0d463.jpg,89.13716579861111,60.127063235175115
C:\Users\carmonta\Desktop\data-centric-cross-season-transfer\datasets\train_on_2025_all\images\frame_00105_jpg.rf.7d9d7761799cbb9637a611f62384e17f.jpg,frame_00105_jpg.rf.7d9d7761799cbb9637a611f62384e17f.jpg,123.01333333333334,42.603546095724894
C:\Users\carmonta\Desktop\data-centric-cross-season-transfer\datasets\train_on_2025_all\images\frame_00105_jpg.rf.a8d4b1dce9041699a28aecf5868f5f50.jpg,frame_00105_jpg.rf.a8d4b1dce9041699a28aecf5868f5f50.jpg,89.10797743055555,60.05555391595576
C:\Users\carmonta\Desktop\data-centric-cross-season-transfer\datasets\train_on_2025_all\images\frame_00105_jpg.rf.e6821fad66f51d2688d20d4e6091e6b0.jpg,frame_00105_jpg.rf.e6821fad66f51d2688d20d4e6091e6b0.jpg,123.00514756944445,42.67328032517376
C:\Users\carmonta\Desktop\data-centric-cross-season-transfer\datasets\train_on_2025_all\images\frame_00105_jpg.rf.f712c37484c4564510b0a279da838f40.jpg,frame_00105_jpg.rf.f712c37484c4564510b0a279da838f40.jpg,89.14002170138889,60.11700526368999
C:\Users\carmonta\Desktop\data-centric-cross-season-transfer\datasets\train_on_2025_all\images\frame_00106_jpg.rf.2e5d2a0711cb22548ae8b972f046d915.jpg,frame_00106_jpg.rf.2e5d2a0711cb22548ae8b972f046d915.jpg,77.2725564236111,62.60278795189648
C:\Users\carmonta\Desktop\data-centric-cross-season-transfer\datasets\train_on_2025_all\images\frame_00106_jpg.rf.3c52962705f3a6e6796849d4f945be59.jpg,frame_00106_jpg.rf.3c52962705f3a6e6796849d4f945be59.jpg,83.60022135416666,63.73336083877243
C:\Users\carmonta\Desktop\data-centric-cross-season-transfer\datasets\train_on_2025_all\images\frame_00106_jpg.rf.500de3d70b19417be35f3fd597519130.jpg,frame_00106_jpg.rf.500de3d70b19417be35f3fd597519130.jpg,122.28203125,44.33539662772751
C:\Users\carmonta\Desktop\data-centric-cross-season-transfer\datasets\train_on_2025_all\images\frame_00106_jpg.rf.57f27d4c9fafbb714516a94492f03336.jpg,frame_00106_jpg.rf.57f27d4c9fafbb714516a94492f03336.jpg,77.28041666666667,62.61466955852767
C:\Users\carmonta\Desktop\data-centric-cross-season-transfer\datasets\train_on_2025_all\images\frame_00106_jpg.rf.9eb6475d4a52ca388db65a2a1db1659a.jpg,frame_00106_jpg.rf.9eb6475d4a52ca388db65a2a1db1659a.jpg,77.30034288194445,62.65625625425683
C:\Users\carmonta\Desktop\data-centric-cross-season-transfer\datasets\train_on_2025_all\images\frame_00106_jpg.rf.b6ad95e6ae0b27c53c9074e4586c9fb3.jpg,frame_00106_jpg.rf.b6ad95e6ae0b27c53c9074e4586c9fb3.jpg,83.60188368055556,63.71504544100216
C:\Users\carmonta\Desktop\data-centric-cross-season-transfer\datasets\train_on_2025_all\images\frame_00106_jpg.rf.e95b206ce2e8c6a0ab5acdd3a73f8eb5.jpg,frame_00106_jpg.rf.e95b206ce2e8c6a0ab5acdd3a73f8eb5.jpg,122.29227430555555,44.30947550054153
C:\Users\carmonta\Desktop\data-centric-cross-season-transfer\datasets\train_on_2025_all\images\frame_00107_jpg.rf.3f579cbbd0cbe112e23b3da1ef8b22fe.jpg,frame_00107_jpg.rf.3f579cbbd0cbe112e23b3da1ef8b22fe.jpg,83.794609375,59.32267608616873
C:\Users\carmonta\Desktop\data-centric-cross-season-transfer\datasets\train_on_2025_all\images\frame_00107_jpg.rf.555ded7dc21559533b122b3f55f3bd09.jpg,frame_00107_jpg.rf.555ded7dc21559533b122b3f55f3bd09.jpg,122.00228298611111,40.88693180839864
C:\Users\carmonta\Desktop\data-centric-cross-season-transfer\datasets\train_on_2025_all\images\frame_00107_jpg.rf.5ee659bc6a154faed86d15b488285056.jpg,frame_00107_jpg.rf.5ee659bc6a154faed86d15b488285056.jpg,85.97522135416666,66.06936970019626
C:\Users\carmonta\Desktop\data-centric-cross-season-transfer\datasets\train_on_2025_all\images\frame_00107_jpg.rf.5ff8cec398ad8bb8a121691fc3d91491.jpg,frame_00107_jpg.rf.5ff8cec398ad8bb8a121691fc3d91491.jpg,121.99809895833333,40.93619162282302
C:\Users\carmonta\Desktop\data-centric-cross-season-transfer\datasets\train_on_2025_all\images\frame_00107_jpg.rf.6bfd86ab27525baf10a6d6b7eb549c2f.jpg,frame_00107_jpg.rf.6bfd86ab27525baf10a6d6b7eb549c2f.jpg,83.84554253472223,59.41827400825933
C:\Users\carmonta\Desktop\data-centric-cross-season-transfer\datasets\train_on_2025_all\images\frame_00107_jpg.rf.92729fdb20016a5b364533beed8806ab.jpg,frame_00107_jpg.rf.92729fdb20016a5b364533beed8806ab.jpg,122.01022569444444,41.00560735644925
C:\Users\carmonta\Desktop\data-centric-cross-season-transfer\datasets\train_on_2025_all\images\frame_00107_jpg.rf.a17b5c916ad4231a427df4573fa8d445.jpg,frame_00107_jpg.rf.a17b5c916ad4231a427df4573fa8d445.jpg,83.821796875,59.35920818269727
C:\Users\carmonta\Desktop\data-centric-cross-season-transfer\datasets\train_on_2025_all\images\frame_00107_jpg.rf.a36623f85ff058b13e804b7b3ccc03f0.jpg,frame_00107_jpg.rf.a36623f85ff058b13e804b7b3ccc03f0.jpg,85.96358072916667,66.03847256359391
C:\Users\carmonta\Desktop\data-centric-cross-season-transfer\datasets\train_on_2025_all\images\frame_00107_jpg.rf.af6529d2365de369b48f79ac8ac1f2df.jpg,frame_00107_jpg.rf.af6529d2365de369b48f79ac8ac1f2df.jpg,107.07061631944444,65.80355184342581
C:\Users\carmonta\Desktop\data-centric-cross-season-transfer\datasets\train_on_2025_all\images\frame_00107_jpg.rf.e16c7c48ad47fbdc234ad34eef2a83e9.jpg,frame_00107_jpg.rf.e16c7c48ad47fbdc234ad34eef2a83e9.jpg,107.09107204861111,65.87549072250295
C:\Users\carmonta\Desktop\data-centric-cross-season-transfer\datasets\train_on_2025_all\images\frame_00107_jpg.rf.e772a62db23b6bb70035e791b7c9d953.jpg,frame_00107_jpg.rf.e772a62db23b6bb70035e791b7c9d953.jpg,85.99884548611111,66.10130481818871
C:\Users\carmonta\Desktop\data-centric-cross-season-transfer\datasets\train_on_2025_all\images\frame_00108_jpg.rf.1d8904494a39ab8da2036eaa669c3334.jpg,frame_00108_jpg.rf.1d8904494a39ab8da2036eaa669c3334.jpg,79.49092881944445,61.72282933217853
C:\Users\carmonta\Desktop\data-centric-cross-season-transfer\datasets\train_on_2025_all\images\frame_00108_jpg.rf.295016a819fae9d9a701eab98651587e.jpg,frame_00108_jpg.rf.295016a819fae9d9a701eab98651587e.jpg,122.2359765625,43.63510842724908
C:\Users\carmonta\Desktop\data-centric-cross-season-transfer\datasets\train_on_2025_all\images\frame_00108_jpg.rf.636fa357314c676702ea76df28ba6d50.jpg,frame_00108_jpg.rf.636fa357314c676702ea76df28ba6d50.jpg,98.20063802083334,55.923858055096126
C:\Users\carmonta\Desktop\data-centric-cross-season-transfer\datasets\train_on_2025_all\images\frame_00108_jpg.rf.75a6d29f4ca6297ddb6dc68469f61cf7.jpg,frame_00108_jpg.rf.75a6d29f4ca6297ddb6dc68469f61cf7.jpg,93.40206597222222,52.5191344188645
C:\Users\carmonta\Desktop\data-centric-cross-season-transfer\datasets\train_on_2025_all\images\frame_00108_jpg.rf.80c727a9f296bc0dfa8a2a786434d315.jpg,frame_00108_jpg.rf.80c727a9f296bc0dfa8a2a786434d315.jpg,98.19269097222222,55.87659802631849
C:\Users\carmonta\Desktop\data-centric-cross-season-transfer\datasets\train_on_2025_all\images\frame_00108_jpg.rf.82c92227dba85b483a0c201e5dcd031d.jpg,frame_00108_jpg.rf.82c92227dba85b483a0c201e5dcd031d.jpg,79.4483203125,61.63800955231286
C:\Users\carmonta\Desktop\data-centric-cross-season-transfer\datasets\train_on_2025_all\images\frame_00108_jpg.rf.e1aa4854c204f5f6f7d86a9e827d1421.jpg,frame_00108_jpg.rf.e1aa4854c204f5f6f7d86a9e827d1421.jpg,122.24792534722222,43.746382985815515
C:\Users\carmonta\Desktop\data-centric-cross-season-transfer\datasets\train_on_2025_all\images\frame_00109_jpg.rf.2616555ce1f93e8d5963cbfc407264b2.jpg,frame_00109_jpg.rf.2616555ce1f93e8d5963cbfc407264b2.jpg,92.05866319444445,56.10212372147932
C:\Users\carmonta\Desktop\data-centric-cross-season-transfer\datasets\train_on_2025_all\images\frame_00109_jpg.rf.2d3a8fcbff240b1cf92daddd115f5f98.jpg,frame_00109_jpg.rf.2d3a8fcbff240b1cf92daddd115f5f98.jpg,81.59528211805555,59.85694463154242
C:\Users\carmonta\Desktop\data-centric-cross-season-transfer\datasets\train_on_2025_all\images\frame_00109_jpg.rf.48941e207f99b47e91f82bec816fc799.jpg,frame_00109_jpg.rf.48941e207f99b47e91f82bec816fc799.jpg,121.40317708333333,45.354386295325234
C:\Users\carmonta\Desktop\data-centric-cross-season-transfer\datasets\train_on_2025_all\images\frame_00109_jpg.rf.629f5363c3a01cda593633fd7bde7586.jpg,frame_00109_jpg.rf.629f5363c3a01cda593633fd7bde7586.jpg,86.31906684027778,48.045690486273834
C:\Users\carmonta\Desktop\data-centric-cross-season-transfer\datasets\train_on_2025_all\images\frame_00109_jpg.rf.790d287efd8ed05d3f1f5922b49adf8a.jpg,frame_00109_jpg.rf.790d287efd8ed05d3f1f5922b49adf8a.jpg,81.54991753472223,59.76308244949158
C:\Users\carmonta\Desktop\data-centric-cross-season-transfer\datasets\train_on_2025_all\images\frame_00109_jpg.rf.a5e4232348f04ce5016bcf2d6b432d6f.jpg,frame_00109_jpg.rf.a5e4232348f04ce5016bcf2d6b432d6f.jpg,121.41032552083334,45.40874344283522
C:\Users\carmonta\Desktop\data-centric-cross-season-transfer\datasets\train_on_2025_all\images\frame_00109_jpg.rf.a95b5d0fedaf5795d70e2943918ff3f9.jpg,frame_00109_jpg.rf.a95b5d0fedaf5795d70e2943918ff3f9.jpg,92.03798611111111,56.0396124757333
C:\Users\carmonta\Desktop\data-centric-cross-season-transfer\datasets\train_on_2025_all\images\frame_00109_jpg.rf.ab809a5bfd374d01ed63e215a16bbac8.jpg,frame_00109_jpg.rf.ab809a5bfd374d01ed63e215a16bbac8.jpg,92.04520833333333,56.067138151613854
C:\Users\carmonta\Desktop\data-centric-cross-season-transfer\datasets\train_on_2025_all\images\frame_00109_jpg.rf.bcc7a6eb2379383024eb52253ab22e5b.jpg,frame_00109_jpg.rf.bcc7a6eb2379383024eb52253ab22e5b.jpg,121.38985677083333,45.29003393711053
C:\Users\carmonta\Desktop\data-centric-cross-season-transfer\datasets\train_on_2025_all\images\frame_00109_jpg.rf.cc864daacc2935b237f8485c15226d8c.jpg,frame_00109_jpg.rf.cc864daacc2935b237f8485c15226d8c.jpg,82.95868055555556,61.56332016652232
C:\Users\carmonta\Desktop\data-centric-cross-season-transfer\datasets\train_on_2025_all\images\frame_00109_jpg.rf.cf98ba0226b2b7cc42cdc752fd574f5a.jpg,frame_00109_jpg.rf.cf98ba0226b2b7cc42cdc752fd574f5a.jpg,86.30821614583333,48.04350782676576
C:\Users\carmonta\Desktop\data-centric-cross-season-transfer\datasets\train_on_2025_all\images\frame_00109_jpg.rf.df28320d5515d48965fb471d359aa914.jpg,frame_00109_jpg.rf.df28320d5515d48965fb471d359aa914.jpg,86.28887152777777,47.93222971294293
C:\Users\carmonta\Desktop\data-centric-cross-season-transfer\datasets\train_on_2025_all\images\frame_00109_jpg.rf.e13574e9fa0a18843c5980fe71ef8112.jpg,frame_00109_jpg.rf.e13574e9fa0a18843c5980fe71ef8112.jpg,82.97646267361111,61.6169975702375
C:\Users\carmonta\Desktop\data-centric-cross-season-transfer\datasets\train_on_2025_all\images\frame_00109_jpg.rf.eab00da93022e923f2ed295ceb4351b5.jpg,frame_00109_jpg.rf.eab00da93022e923f2ed295ceb4351b5.jpg,82.95157986111111,61.546700095479736
C:\Users\carmonta\Desktop\data-centric-cross-season-transfer\datasets\train_on_2025_all\images\frame_00110_jpg.rf.5b15f5ce8687a7256ac45c0292f16688.jpg,frame_00110_jpg.rf.5b15f5ce8687a7256ac45c0292f16688.jpg,93.8953515625,57.18559058065847
C:\Users\carmonta\Desktop\data-centric-cross-season-transfer\datasets\train_on_2025_all\images\frame_00110_jpg.rf.5f43c88ab3e12becc187577e72c56d42.jpg,frame_00110_jpg.rf.5f43c88ab3e12becc187577e72c56d42.jpg,93.86954861111111,57.101764556108506
C:\Users\carmonta\Desktop\data-centric-cross-season-transfer\datasets\train_on_2025_all\images\frame_00110_jpg.rf.99016d837cca7a457129e051510c08c9.jpg,frame_00110_jpg.rf.99016d837cca7a457129e051510c08c9.jpg,93.88846354166667,57.163292149251554
C:\Users\carmonta\Desktop\data-centric-cross-season-transfer\datasets\train_on_2025_all\images\frame_00110_jpg.rf.d53bfc94f20ed3f4043023777bb77a7e.jpg,frame_00110_jpg.rf.d53bfc94f20ed3f4043023777bb77a7e.jpg,120.2323046875,45.50569634654055
C:\Users\carmonta\Desktop\data-centric-cross-season-transfer\datasets\train_on_2025_all\images\frame_00110_jpg.rf.db44e7e64a42df7fa68ba3dac04a10f1.jpg,frame_00110_jpg.rf.db44e7e64a42df7fa68ba3dac04a10f1.jpg,74.51899739583334,62.77080542815227
C:\Users\carmonta\Desktop\data-centric-cross-season-transfer\datasets\train_on_2025_all\images\frame_00110_jpg.rf.df2bdf0f24daae79602d7712bc686056.jpg,frame_00110_jpg.rf.df2bdf0f24daae79602d7712bc686056.jpg,120.23178819444445,45.38500509449526
C:\Users\carmonta\Desktop\data-centric-cross-season-transfer\datasets\train_on_2025_all\images\frame_00110_jpg.rf.e16d30e2db9ee0997926eeea2c620d03.jpg,frame_00110_jpg.rf.e16d30e2db9ee0997926eeea2c620d03.jpg,74.53859375,62.806302859866214
C:\Users\carmonta\Desktop\data-centric-cross-season-transfer\datasets\train_on_2025_all\images\frame_00111_jpg.rf.0b83c0866d0a78422f5412119b6810ea.jpg,frame_00111_jpg.rf.0b83c0866d0a78422f5412119b6810ea.jpg,120.83626302083333,43.91008015235654
C:\Users\carmonta\Desktop\data-centric-cross-season-transfer\datasets\train_on_2025_all\images\frame_00111_jpg.rf.2a1796c2dd010a8cccc02a015c649fb2.jpg,frame_00111_jpg.rf.2a1796c2dd010a8cccc02a015c649fb2.jpg,74.87100260416666,63.59557150231917
C:\Users\carmonta\Desktop\data-centric-cross-season-transfer\datasets\train_on_2025_all\images\frame_00111_jpg.rf.802f1272aae167f610f57de1efa88bfa.jpg,frame_00111_jpg.rf.802f1272aae167f610f57de1efa88bfa.jpg,91.64326822916667,48.83206495699841
C:\Users\carmonta\Desktop\data-centric-cross-season-transfer\datasets\train_on_2025_all\images\frame_00111_jpg.rf.93cb990c21c2fbde45c4a2e7ebfba9a3.jpg,frame_00111_jpg.rf.93cb990c21c2fbde45c4a2e7ebfba9a3.jpg,86.28404513888889,57.918978931283014
C:\Users\carmonta\Desktop\data-centric-cross-season-transfer\datasets\train_on_2025_all\images\frame_00111_jpg.rf.c2aecab6cda3ed5c90407a33ef59bfee.jpg,frame_00111_jpg.rf.c2aecab6cda3ed5c90407a33ef59bfee.jpg,120.85671006944445,44.040235382876126
C:\Users\carmonta\Desktop\data-centric-cross-season-transfer\datasets\train_on_2025_all\images\frame_00111_jpg.rf.cc1aec1f361f0e64c5690bb78b222bcf.jpg,frame_00111_jpg.rf.cc1aec1f361f0e64c5690bb78b222bcf.jpg,74.83015625,63.529410418876324
C:\Users\carmonta\Desktop\data-centric-cross-season-transfer\datasets\train_on_2025_all\images\frame_00111_jpg.rf.cc35a0868d2390449ee92ee39c62753d.jpg,frame_00111_jpg.rf.cc35a0868d2390449ee92ee39c62753d.jpg,86.26069878472222,57.872363380647414
C:\Users\carmonta\Desktop\data-centric-cross-season-transfer\datasets\train_on_2025_all\images\frame_00111_jpg.rf.e119b2b8a48bd07171abb381a1cd9586.jpg,frame_00111_jpg.rf.e119b2b8a48bd07171abb381a1cd9586.jpg,120.84372395833333,44.01155689473847
C:\Users\carmonta\Desktop\data-centric-cross-season-transfer\datasets\train_on_2025_all\images\frame_00111_jpg.rf.f24ebfe54058aa63a50a74898323ceef.jpg,frame_00111_jpg.rf.f24ebfe54058aa63a50a74898323ceef.jpg,91.66271267361111,48.93629424443082
C:\Users\carmonta\Desktop\data-centric-cross-season-transfer\datasets\train_on_2025_all\images\frame_00111_jpg.rf.f5507508349988f0f4b1e969b9416ea4.jpg,frame_00111_jpg.rf.f5507508349988f0f4b1e969b9416ea4.jpg,74.82383680555556,63.515349874293555
C:\Users\carmonta\Desktop\data-centric-cross-season-transfer\datasets\train_on_2025_all\images\frame_00112_jpg.rf.06dcb17cb5a78973490bad65d47f0c29.jpg,frame_00112_jpg.rf.06dcb17cb5a78973490bad65d47f0c29.jpg,72.51227430555555,60.94318966629934
C:\Users\carmonta\Desktop\data-centric-cross-season-transfer\datasets\train_on_2025_all\images\frame_00112_jpg.rf.19407285bd86d4c2d4094014e17c8cc9.jpg,frame_00112_jpg.rf.19407285bd86d4c2d4094014e17c8cc9.jpg,80.12263454861112,56.634965242546336
C:\Users\carmonta\Desktop\data-centric-cross-season-transfer\datasets\train_on_2025_all\images\frame_00112_jpg.rf.2a53f5731d83572a05379a2b9c173e79.jpg,frame_00112_jpg.rf.2a53f5731d83572a05379a2b9c173e79.jpg,117.25383246527778,47.09668800814464
C:\Users\carmonta\Desktop\data-centric-cross-season-transfer\datasets\train_on_2025_all\images\frame_00112_jpg.rf.69c0bc212b9d42a4e7ebf98b492f38e4.jpg,frame_00112_jpg.rf.69c0bc212b9d42a4e7ebf98b492f38e4.jpg,82.98198350694445,61.493894592124896
C:\Users\carmonta\Desktop\data-centric-cross-season-transfer\datasets\train_on_2025_all\images\frame_00112_jpg.rf.958fa799d8168c0eb6f65f8ba9aaecd7.jpg,frame_00112_jpg.rf.958fa799d8168c0eb6f65f8ba9aaecd7.jpg,72.51227430555555,60.94318966629934
C:\Users\carmonta\Desktop\data-centric-cross-season-transfer\datasets\train_on_2025_all\images\frame_00112_jpg.rf.ae2c9697618e454b657dbc4c8cf9389f.jpg,frame_00112_jpg.rf.ae2c9697618e454b657dbc4c8cf9389f.jpg,117.24239149305555,47.057584688826076
C:\Users\carmonta\Desktop\data-centric-cross-season-transfer\datasets\train_on_2025_all\images\frame_00112_jpg.rf.c1bce34a55a1d8bf0280c006ba7df21e.jpg,frame_00112_jpg.rf.c1bce34a55a1d8bf0280c006ba7df21e.jpg,82.95033854166667,61.437370074944354
C:\Users\carmonta\Desktop\data-centric-cross-season-transfer\datasets\train_on_2025_all\images\frame_00112_jpg.rf.c3d2a12078cbb07078d57cc9a654adb5.jpg,frame_00112_jpg.rf.c3d2a12078cbb07078d57cc9a654adb5.jpg,80.08832899305555,56.557554703115734
C:\Users\carmonta\Desktop\data-centric-cross-season-transfer\datasets\train_on_2025_all\images\frame_00112_jpg.rf.cb21932a734bc66a23f757a80e283228.jpg,frame_00112_jpg.rf.cb21932a734bc66a23f757a80e283228.jpg,82.96569010416667,61.482316004994416
C:\Users\carmonta\Desktop\data-centric-cross-season-transfer\datasets\train_on_2025_all\images\frame_00112_jpg.rf.dd4245da7b63d58847f3e0b0e612d4fd.jpg,frame_00112_jpg.rf.dd4245da7b63d58847f3e0b0e612d4fd.jpg,72.51811197916666,60.9508758261118
C:\Users\carmonta\Desktop\data-centric-cross-season-transfer\datasets\train_on_2025_all\images\frame_00113_jpg.rf.0b67f53f8ce0619965a8ff6eff6bb093.jpg,frame_00113_jpg.rf.0b67f53f8ce0619965a8ff6eff6bb093.jpg,110.68180121527777,50.88300480007829
C:\Users\carmonta\Desktop\data-centric-cross-season-transfer\datasets\train_on_2025_all\images\frame_00113_jpg.rf.444c3f82e39beae3824ad70ad300e72b.jpg,frame_00113_jpg.rf.444c3f82e39beae3824ad70ad300e72b.jpg,72.99503038194445,58.285553918749
C:\Users\carmonta\Desktop\data-centric-cross-season-transfer\datasets\train_on_2025_all\images\frame_00113_jpg.rf.74037c0447afe6169bab822371c6aa94.jpg,frame_00113_jpg.rf.74037c0447afe6169bab822371c6aa94.jpg,74.68440972222223,60.91788682942541
C:\Users\carmonta\Desktop\data-centric-cross-season-transfer\datasets\train_on_2025_all\images\frame_00113_jpg.rf.894a00bfb54ab28be6c56321004b8dad.jpg,frame_00113_jpg.rf.894a00bfb54ab28be6c56321004b8dad.jpg,110.696171875,50.96331466793227
C:\Users\carmonta\Desktop\data-centric-cross-season-transfer\datasets\train_on_2025_all\images\frame_00113_jpg.rf.a330553cbccfd2f76cece1473fb62d35.jpg,frame_00113_jpg.rf.a330553cbccfd2f76cece1473fb62d35.jpg,74.6803515625,60.911583087428305
C:\Users\carmonta\Desktop\data-centric-cross-season-transfer\datasets\train_on_2025_all\images\frame_00113_jpg.rf.b9042cd6db344c7189821be6492d1f5c.jpg,frame_00113_jpg.rf.b9042cd6db344c7189821be6492d1f5c.jpg,73.02491319444445,58.326552544817
C:\Users\carmonta\Desktop\data-centric-cross-season-transfer\datasets\train_on_2025_all\images\frame_00114_jpg.rf.06b7734188569a87ab2c3138e8f31237.jpg,frame_00114_jpg.rf.06b7734188569a87ab2c3138e8f31237.jpg,108.13659722222222,52.27283172628964
C:\Users\carmonta\Desktop\data-centric-cross-season-transfer\datasets\train_on_2025_all\images\frame_00114_jpg.rf.4843d2de7385c3146e1425f690b26d0b.jpg,frame_00114_jpg.rf.4843d2de7385c3146e1425f690b26d0b.jpg,76.24384548611111,65.57671061545243
C:\Users\carmonta\Desktop\data-centric-cross-season-transfer\datasets\train_on_2025_all\images\frame_00114_jpg.rf.6a35770513f59880af8faafc052c840c.jpg,frame_00114_jpg.rf.6a35770513f59880af8faafc052c840c.jpg,108.14622395833334,52.37366262690425
C:\Users\carmonta\Desktop\data-centric-cross-season-transfer\datasets\train_on_2025_all\images\frame_00114_jpg.rf.6ed9e9b499d5d829c1738439557a19d7.jpg,frame_00114_jpg.rf.6ed9e9b499d5d829c1738439557a19d7.jpg,55.559270833333336,56.376603689523
C:\Users\carmonta\Desktop\data-centric-cross-season-transfer\datasets\train_on_2025_all\images\frame_00114_jpg.rf.7808455ae1f37d9abe1e07e8a78fd4ba.jpg,frame_00114_jpg.rf.7808455ae1f37d9abe1e07e8a78fd4ba.jpg,108.13659722222222,52.27283172628964
C:\Users\carmonta\Desktop\data-centric-cross-season-transfer\datasets\train_on_2025_all\images\frame_00114_jpg.rf.895561c5ed021ee1a9c5f382b675a308.jpg,frame_00114_jpg.rf.895561c5ed021ee1a9c5f382b675a308.jpg,55.5709765625,56.39711253783613
C:\Users\carmonta\Desktop\data-centric-cross-season-transfer\datasets\train_on_2025_all\images\frame_00114_jpg.rf.8f7841a5a06ee5b0253259c001c45978.jpg,frame_00114_jpg.rf.8f7841a5a06ee5b0253259c001c45978.jpg,76.28183159722222,65.64384932826046
C:\Users\carmonta\Desktop\data-centric-cross-season-transfer\datasets\train_on_2025_all\images\frame_00114_jpg.rf.f7dc014a4c030d536ec8430ad5c0908c.jpg,frame_00114_jpg.rf.f7dc014a4c030d536ec8430ad5c0908c.jpg,76.32507378472222,65.70241273886445
C:\Users\carmonta\Desktop\data-centric-cross-season-transfer\datasets\train_on_2025_all\images\frame_00115_jpg.rf.05e7e5751b7f10c6e2916dcdd21ee11c.jpg,frame_00115_jpg.rf.05e7e5751b7f10c6e2916dcdd21ee11c.jpg,84.8050217013889,64.75621203007402
C:\Users\carmonta\Desktop\data-centric-cross-season-transfer\datasets\train_on_2025_all\images\frame_00115_jpg.rf.09c9e91658ee1d5b68a8417c40f4de19.jpg,frame_00115_jpg.rf.09c9e91658ee1d5b68a8417c40f4de19.jpg,74.53959635416666,78.45274123621148
C:\Users\carmonta\Desktop\data-centric-cross-season-transfer\datasets\train_on_2025_all\images\frame_00115_jpg.rf.4d356b7cc359605444bd1fdaa19e5c02.jpg,frame_00115_jpg.rf.4d356b7cc359605444bd1fdaa19e5c02.jpg,74.50586805555555,78.40692692309945
C:\Users\carmonta\Desktop\data-centric-cross-season-transfer\datasets\train_on_2025_all\images\frame_00115_jpg.rf.539c6d1421557a07a09d1a4313123902.jpg,frame_00115_jpg.rf.539c6d1421557a07a09d1a4313123902.jpg,87.8424826388889,54.958456350156524
C:\Users\carmonta\Desktop\data-centric-cross-season-transfer\datasets\train_on_2025_all\images\frame_00115_jpg.rf.741abbed617a3813ba970a9635e9c9aa.jpg,frame_00115_jpg.rf.741abbed617a3813ba970a9635e9c9aa.jpg,87.8298220486111,54.92946489134574
C:\Users\carmonta\Desktop\data-centric-cross-season-transfer\datasets\train_on_2025_all\images\frame_00115_jpg.rf.96bdc3b96eded8eb93ac882834654b51.jpg,frame_00115_jpg.rf.96bdc3b96eded8eb93ac882834654b51.jpg,106.73096354166667,51.704040057552334
C:\Users\carmonta\Desktop\data-centric-cross-season-transfer\datasets\train_on_2025_all\images\frame_00115_jpg.rf.b2c4f1521f87f1a28e6602516cfc0366.jpg,frame_00115_jpg.rf.b2c4f1521f87f1a28e6602516cfc0366.jpg,84.8050217013889,64.75621203007402
C:\Users\carmonta\Desktop\data-centric-cross-season-transfer\datasets\train_on_2025_all\images\frame_00115_jpg.rf.bdd0cb0709be506b0d205ca82d9f9f48.jpg,frame_00115_jpg.rf.bdd0cb0709be506b0d205ca82d9f9f48.jpg,92.64442708333333,63.6166854984108
C:\Users\carmonta\Desktop\data-centric-cross-season-transfer\datasets\train_on_2025_all\images\frame_00115_jpg.rf.be4b4fa2ca9c26045f79efa5bf130d0c.jpg,frame_00115_jpg.rf.be4b4fa2ca9c26045f79efa5bf130d0c.jpg,106.71470920138889,51.6815413967056
C:\Users\carmonta\Desktop\data-centric-cross-season-transfer\datasets\train_on_2025_all\images\frame_00115_jpg.rf.d917ac88808bd53fa642e599d6d855f2.jpg,frame_00115_jpg.rf.d917ac88808bd53fa642e599d6d855f2.jpg,106.70430989583333,51.61167514176116
C:\Users\carmonta\Desktop\data-centric-cross-season-transfer\datasets\train_on_2025_all\images\frame_00115_jpg.rf.e49eec444cc3bf75fa3a16b1d3d910f2.jpg,frame_00115_jpg.rf.e49eec444cc3bf75fa3a16b1d3d910f2.jpg,74.51467447916667,78.4144042022623
C:\Users\carmonta\Desktop\data-centric-cross-season-transfer\datasets\train_on_2025_all\images\frame_00116_jpg.rf.12c976732f54a2eacd78ab608f401a74.jpg,frame_00116_jpg.rf.12c976732f54a2eacd78ab608f401a74.jpg,83.84071180555556,45.646707456033084
C:\Users\carmonta\Desktop\data-centric-cross-season-transfer\datasets\train_on_2025_all\images\frame_00116_jpg.rf.18a4e2724349e11594f3182eb93fb0a9.jpg,frame_00116_jpg.rf.18a4e2724349e11594f3182eb93fb0a9.jpg,106.31209201388889,49.72315504054401
C:\Users\carmonta\Desktop\data-centric-cross-season-transfer\datasets\train_on_2025_all\images\frame_00116_jpg.rf.38336902d5fe188d1d0879eb76b1233f.jpg,frame_00116_jpg.rf.38336902d5fe188d1d0879eb76b1233f.jpg,106.32620225694444,49.820612516279716
C:\Users\carmonta\Desktop\data-centric-cross-season-transfer\datasets\train_on_2025_all\images\frame_00116_jpg.rf.73f5aea5412dd082e45ae63003202643.jpg,frame_00116_jpg.rf.73f5aea5412dd082e45ae63003202643.jpg,86.01175347222222,56.439721646764205
C:\Users\carmonta\Desktop\data-centric-cross-season-transfer\datasets\train_on_2025_all\images\frame_00116_jpg.rf.9e1618cbc68b1e859eb80415375c8baa.jpg,frame_00116_jpg.rf.9e1618cbc68b1e859eb80415375c8baa.jpg,105.54023871527778,77.9175767813065
C:\Users\carmonta\Desktop\data-centric-cross-season-transfer\datasets\train_on_2025_all\images\frame_00116_jpg.rf.a2e48d3137969be32af15ae91eac0b8f.jpg,frame_00116_jpg.rf.a2e48d3137969be32af15ae91eac0b8f.jpg,106.3172265625,49.76813605551236
C:\Users\carmonta\Desktop\data-centric-cross-season-transfer\datasets\train_on_2025_all\images\frame_00116_jpg.rf.a98bec3a4f672c9b1f94cc8b5003d50c.jpg,frame_00116_jpg.rf.a98bec3a4f672c9b1f94cc8b5003d50c.jpg,105.56887586805556,77.9733900870698
C:\Users\carmonta\Desktop\data-centric-cross-season-transfer\datasets\train_on_2025_all\images\frame_00116_jpg.rf.c24691d250cefd1a2ab281298ef36a6b.jpg,frame_00116_jpg.rf.c24691d250cefd1a2ab281298ef36a6b.jpg,86.06306423611112,56.5406868496475
C:\Users\carmonta\Desktop\data-centric-cross-season-transfer\datasets\train_on_2025_all\images\frame_00116_jpg.rf.f5e0a44df96dd8e32a3785a7c75c78fe.jpg,frame_00116_jpg.rf.f5e0a44df96dd8e32a3785a7c75c78fe.jpg,83.81846354166667,45.59503349309569
C:\Users\carmonta\Desktop\data-centric-cross-season-transfer\datasets\train_on_2025_all\images\frame_00116_jpg.rf.fe588a2b52b8ce9b437976e6cd2b3bea.jpg,frame_00116_jpg.rf.fe588a2b52b8ce9b437976e6cd2b3bea.jpg,83.79377604166666,45.49561675100151
C:\Users\carmonta\Desktop\data-centric-cross-season-transfer\datasets\train_on_2025_all\images\frame_00117_jpg.rf.1970ff5a4cd0052c2121d20e9f8ecce4.jpg,frame_00117_jpg.rf.1970ff5a4cd0052c2121d20e9f8ecce4.jpg,77.3619357638889,49.575459116381765
C:\Users\carmonta\Desktop\data-centric-cross-season-transfer\datasets\train_on_2025_all\images\frame_00117_jpg.rf.3ac0a78346d907b368b82e567cefcc41.jpg,frame_00117_jpg.rf.3ac0a78346d907b368b82e567cefcc41.jpg,77.33348090277778,49.49020233635177
C:\Users\carmonta\Desktop\data-centric-cross-season-transfer\datasets\train_on_2025_all\images\frame_00117_jpg.rf.6b202153988bcb138f69eb463df643bc.jpg,frame_00117_jpg.rf.6b202153988bcb138f69eb463df643bc.jpg,88.788671875,51.85182139607297
C:\Users\carmonta\Desktop\data-centric-cross-season-transfer\datasets\train_on_2025_all\images\frame_00117_jpg.rf.83ac2cd52fde18b6ec654b0265de316e.jpg,frame_00117_jpg.rf.83ac2cd52fde18b6ec654b0265de316e.jpg,88.82076388888889,51.947486181691495
C:\Users\carmonta\Desktop\data-centric-cross-season-transfer\datasets\train_on_2025_all\images\frame_00117_jpg.rf.85d91bd7e6b3df069a2465bc9323989d.jpg,frame_00117_jpg.rf.85d91bd7e6b3df069a2465bc9323989d.jpg,109.59990885416667,48.368011275518
C:\Users\carmonta\Desktop\data-centric-cross-season-transfer\datasets\train_on_2025_all\images\frame_00117_jpg.rf.a6908b88d56333a6782b73e6def61292.jpg,frame_00117_jpg.rf.a6908b88d56333a6782b73e6def61292.jpg,109.59178819444445,48.339600117405745
C:\Users\carmonta\Desktop\data-centric-cross-season-transfer\datasets\train_on_2025_all\images\frame_00117_jpg.rf.b0c0d6a89c281ec2402d052329d19134.jpg,frame_00117_jpg.rf.b0c0d6a89c281ec2402d052329d19134.jpg,88.83404079861111,51.97704718532955
C:\Users\carmonta\Desktop\data-centric-cross-season-transfer\datasets\train_on_2025_all\images\frame_00117_jpg.rf.d6e2354fd229f503767ebe7c4ce32d1e.jpg,frame_00117_jpg.rf.d6e2354fd229f503767ebe7c4ce32d1e.jpg,77.37614583333334,49.600733628292666
C:\Users\carmonta\Desktop\data-centric-cross-season-transfer\datasets\train_on_2025_all\images\frame_00117_jpg.rf.de52549f73f9d80a939f45363b3456d6.jpg,frame_00117_jpg.rf.de52549f73f9d80a939f45363b3456d6.jpg,109.60480902777778,48.42489921544525
C:\Users\carmonta\Desktop\data-centric-cross-season-transfer\datasets\train_on_2025_all\images\frame_00118_jpg.rf.02013eb21818389cabd7c810a760e637.jpg,frame_00118_jpg.rf.02013eb21818389cabd7c810a760e637.jpg,76.18014322916666,62.819576652054685
C:\Users\carmonta\Desktop\data-centric-cross-season-transfer\datasets\train_on_2025_all\images\frame_00118_jpg.rf.1a20fc20265dbbd4b6ef38f72aa3c66c.jpg,frame_00118_jpg.rf.1a20fc20265dbbd4b6ef38f72aa3c66c.jpg,113.19837673611111,45.84655391679476
C:\Users\carmonta\Desktop\data-centric-cross-season-transfer\datasets\train_on_2025_all\images\frame_00118_jpg.rf.32815c707da0f451d02da952b4f4f696.jpg,frame_00118_jpg.rf.32815c707da0f451d02da952b4f4f696.jpg,71.41321180555556,51.37613207488446
C:\Users\carmonta\Desktop\data-centric-cross-season-transfer\datasets\train_on_2025_all\images\frame_00118_jpg.rf.3d7031cdcced808879ec8b1e471662cd.jpg,frame_00118_jpg.rf.3d7031cdcced808879ec8b1e471662cd.jpg,76.14317274305556,62.74814538264442
C:\Users\carmonta\Desktop\data-centric-cross-season-transfer\datasets\train_on_2025_all\images\frame_00118_jpg.rf.5fc65c6e1e9453835dbf92360317dfe5.jpg,frame_00118_jpg.rf.5fc65c6e1e9453835dbf92360317dfe5.jpg,76.13676649305556,62.73500226616796
C:\Users\carmonta\Desktop\data-centric-cross-season-transfer\datasets\train_on_2025_all\images\frame_00118_jpg.rf.8e1b85964168f947b0cc4204d663c21c.jpg,frame_00118_jpg.rf.8e1b85964168f947b0cc4204d663c21c.jpg,87.2641015625,53.9489698553639
C:\Users\carmonta\Desktop\data-centric-cross-season-transfer\datasets\train_on_2025_all\images\frame_00118_jpg.rf.989f726a8f6af5078af9eff2ec7a928a.jpg,frame_00118_jpg.rf.989f726a8f6af5078af9eff2ec7a928a.jpg,87.281484375,53.97853404895699
C:\Users\carmonta\Desktop\data-centric-cross-season-transfer\datasets\train_on_2025_all\images\frame_00118_jpg.rf.a57aca8cad3c454b596b8c444318f576.jpg,frame_00118_jpg.rf.a57aca8cad3c454b596b8c444318f576.jpg,71.41321180555556,51.37613207488446
C:\Users\carmonta\Desktop\data-centric-cross-season-transfer\datasets\train_on_2025_all\images\frame_00118_jpg.rf.d01c724cc835963c5e577910080fe6f5.jpg,frame_00118_jpg.rf.d01c724cc835963c5e577910080fe6f5.jpg,71.44756076388889,51.45932701592658
C:\Users\carmonta\Desktop\data-centric-cross-season-transfer\datasets\train_on_2025_all\images\frame_00119_jpg.rf.0c3ed7715882d5af385bc6370656f42a.jpg,frame_00119_jpg.rf.0c3ed7715882d5af385bc6370656f42a.jpg,112.3553732638889,44.3292363173809
C:\Users\carmonta\Desktop\data-centric-cross-season-transfer\datasets\train_on_2025_all\images\frame_00119_jpg.rf.8639e4158518e728eca73c00f72f20c0.jpg,frame_00119_jpg.rf.8639e4158518e728eca73c00f72f20c0.jpg,112.34141059027777,44.25458737705067
C:\Users\carmonta\Desktop\data-centric-cross-season-transfer\datasets\train_on_2025_all\images\frame_00119_jpg.rf.cd31434af642b5de735c4a9ed7bba404.jpg,frame_00119_jpg.rf.cd31434af642b5de735c4a9ed7bba404.jpg,94.40381076388888,55.84316619938846
C:\Users\carmonta\Desktop\data-centric-cross-season-transfer\datasets\train_on_2025_all\images\frame_00119_jpg.rf.f68c8e97c549c106f0f3a5122b713874.jpg,frame_00119_jpg.rf.f68c8e97c549c106f0f3a5122b713874.jpg,94.39204861111111,55.80617316047644
C:\Users\carmonta\Desktop\data-centric-cross-season-transfer\datasets\train_on_2025_all\images\frame_00120_jpg.rf.03286f38fcc5c0cc0e27cde063b92931.jpg,frame_00120_jpg.rf.03286f38fcc5c0cc0e27cde063b92931.jpg,103.1982595486111,77.05723360795601
C:\Users\carmonta\Desktop\data-centric-cross-season-transfer\datasets\train_on_2025_all\images\frame_00120_jpg.rf.33c0adf687b0e5de5bd77583a132d8a4.jpg,frame_00120_jpg.rf.33c0adf687b0e5de5bd77583a132d8a4.jpg,63.36422743055556,57.90761532848343
C:\Users\carmonta\Desktop\data-centric-cross-season-transfer\datasets\train_on_2025_all\images\frame_00120_jpg.rf.350501838c95d7008037892e43b15603.jpg,frame_00120_jpg.rf.350501838c95d7008037892e43b15603.jpg,110.06078125,52.8101053376959
C:\Users\carmonta\Desktop\data-centric-cross-season-transfer\datasets\train_on_2025_all\images\frame_00120_jpg.rf.56d20ea5f926068fa96d9ab480ac9031.jpg,frame_00120_jpg.rf.56d20ea5f926068fa96d9ab480ac9031.jpg,63.38075520833333,57.93646730877994
C:\Users\carmonta\Desktop\data-centric-cross-season-transfer\datasets\train_on_2025_all\images\frame_00120_jpg.rf.7149733cb63915f039bc7d97e8226486.jpg,frame_00120_jpg.rf.7149733cb63915f039bc7d97e8226486.jpg,110.06488715277777,52.80453292704629
C:\Users\carmonta\Desktop\data-centric-cross-season-transfer\datasets\train_on_2025_all\images\frame_00120_jpg.rf.7d7dfc00e5c75e7072b13d2dda6e6bbe.jpg,frame_00120_jpg.rf.7d7dfc00e5c75e7072b13d2dda6e6bbe.jpg,103.18648003472222,77.06144596031962
C:\Users\carmonta\Desktop\data-centric-cross-season-transfer\datasets\train_on_2025_all\images\frame_00120_jpg.rf.9eea5fd542755484b9c44837a2479ac0.jpg,frame_00120_jpg.rf.9eea5fd542755484b9c44837a2479ac0.jpg,109.39575520833333,44.052430993376376
C:\Users\carmonta\Desktop\data-centric-cross-season-transfer\datasets\train_on_2025_all\images\frame_00120_jpg.rf.ada370c3ba24caf68f8224ff3b0d9ee0.jpg,frame_00120_jpg.rf.ada370c3ba24caf68f8224ff3b0d9ee0.jpg,109.375546875,43.90988421253883
C:\Users\carmonta\Desktop\data-centric-cross-season-transfer\datasets\train_on_2025_all\images\frame_00120_jpg.rf.b131c1641df0fd708e098342545ba707.jpg,frame_00120_jpg.rf.b131c1641df0fd708e098342545ba707.jpg,103.16793836805556,77.01514131660757
C:\Users\carmonta\Desktop\data-centric-cross-season-transfer\datasets\train_on_2025_all\images\frame_00120_jpg.rf.f730edffc9751ee0671726be9f6c3195.jpg,frame_00120_jpg.rf.f730edffc9751ee0671726be9f6c3195.jpg,109.375546875,43.90988421253883
C:\Users\carmonta\Desktop\data-centric-cross-season-transfer\datasets\train_on_2025_all\images\frame_00121_jpg.rf.14bda0c790a6889c1a4320dbfcd85989.jpg,frame_00121_jpg.rf.14bda0c790a6889c1a4320dbfcd85989.jpg,106.43915798611111,43.60544666443518
C:\Users\carmonta\Desktop\data-centric-cross-season-transfer\datasets\train_on_2025_all\images\frame_00121_jpg.rf.2c814e4125a92d241826aa03aa481b62.jpg,frame_00121_jpg.rf.2c814e4125a92d241826aa03aa481b62.jpg,106.44178385416667,43.619492307273056
C:\Users\carmonta\Desktop\data-centric-cross-season-transfer\datasets\train_on_2025_all\images\frame_00121_jpg.rf.37a248aa5c93945ce985d27bf59705d8.jpg,frame_00121_jpg.rf.37a248aa5c93945ce985d27bf59705d8.jpg,114.73000868055556,50.08758088789389
C:\Users\carmonta\Desktop\data-centric-cross-season-transfer\datasets\train_on_2025_all\images\frame_00121_jpg.rf.46fe0a6e42a1551d201bf7aa941c2630.jpg,frame_00121_jpg.rf.46fe0a6e42a1551d201bf7aa941c2630.jpg,114.74034288194444,50.00760267776167
C:\Users\carmonta\Desktop\data-centric-cross-season-transfer\datasets\train_on_2025_all\images\frame_00121_jpg.rf.59d11ebbdabc1a39a7a4dd9fef0fbf7a.jpg,frame_00121_jpg.rf.59d11ebbdabc1a39a7a4dd9fef0fbf7a.jpg,114.73751736111112,49.97841331323681
C:\Users\carmonta\Desktop\data-centric-cross-season-transfer\datasets\train_on_2025_all\images\frame_00121_jpg.rf.a2d6bcc752865fdb270eda410e01808a.jpg,frame_00121_jpg.rf.a2d6bcc752865fdb270eda410e01808a.jpg,70.79519965277778,65.59077706495361
C:\Users\carmonta\Desktop\data-centric-cross-season-transfer\datasets\train_on_2025_all\images\frame_00122_jpg.rf.1beadd0d8e7d2e647f8b34c6c92b884b.jpg,frame_00122_jpg.rf.1beadd0d8e7d2e647f8b34c6c92b884b.jpg,99.58059895833334,47.25404594290929
C:\Users\carmonta\Desktop\data-centric-cross-season-transfer\datasets\train_on_2025_all\images\frame_00122_jpg.rf.21b03a486c55ca7c1b9c915b3e445927.jpg,frame_00122_jpg.rf.21b03a486c55ca7c1b9c915b3e445927.jpg,99.54248697916667,47.11789725498795
C:\Users\carmonta\Desktop\data-centric-cross-season-transfer\datasets\train_on_2025_all\images\frame_00122_jpg.rf.489a008afb54143c1bfd52e9e91f6c4f.jpg,frame_00122_jpg.rf.489a008afb54143c1bfd52e9e91f6c4f.jpg,86.19794270833333,54.66622128188277
C:\Users\carmonta\Desktop\data-centric-cross-season-transfer\datasets\train_on_2025_all\images\frame_00122_jpg.rf.4f8129ff20a42b04f93005171606ced5.jpg,frame_00122_jpg.rf.4f8129ff20a42b04f93005171606ced5.jpg,86.16579861111111,54.58186156146562
C:\Users\carmonta\Desktop\data-centric-cross-season-transfer\datasets\train_on_2025_all\images\frame_00122_jpg.rf.91078bbea19b7e2cac43f7ba6235edc4.jpg,frame_00122_jpg.rf.91078bbea19b7e2cac43f7ba6235edc4.jpg,101.19540364583334,57.11477782554203
C:\Users\carmonta\Desktop\data-centric-cross-season-transfer\datasets\train_on_2025_all\images\frame_00122_jpg.rf.a4ef101157f6eee558b2110f359a51ec.jpg,frame_00122_jpg.rf.a4ef101157f6eee558b2110f359a51ec.jpg,101.23467013888889,57.1994649692909
C:\Users\carmonta\Desktop\data-centric-cross-season-transfer\datasets\train_on_2025_all\images\frame_00122_jpg.rf.b94ac813ea569b1f7d7a65124a43d101.jpg,frame_00122_jpg.rf.b94ac813ea569b1f7d7a65124a43d101.jpg,86.15645399305555,54.55912755673631
C:\Users\carmonta\Desktop\data-centric-cross-season-transfer\datasets\train_on_2025_all\images\frame_00122_jpg.rf.dffecf0315ec13a6d833a0feaec8c13b.jpg,frame_00122_jpg.rf.dffecf0315ec13a6d833a0feaec8c13b.jpg,99.54807291666667,47.160435190189
C:\Users\carmonta\Desktop\data-centric-cross-season-transfer\datasets\train_on_2025_all\images\frame_00123_jpg.rf.018be116b2897559b86db8a6a5e9f245.jpg,frame_00123_jpg.rf.018be116b2897559b86db8a6a5e9f245.jpg,95.18203125,56.03298901254135
C:\Users\carmonta\Desktop\data-centric-cross-season-transfer\datasets\train_on_2025_all\images\frame_00123_jpg.rf.04bd875f16df4719fd14a76c1210001c.jpg,frame_00123_jpg.rf.04bd875f16df4719fd14a76c1210001c.jpg,95.17730902777778,55.99044641085161
C:\Users\carmonta\Desktop\data-centric-cross-season-transfer\datasets\train_on_2025_all\images\frame_00123_jpg.rf.1949aa6fcfd14a07164efbad80bce888.jpg,frame_00123_jpg.rf.1949aa6fcfd14a07164efbad80bce888.jpg,104.07625434027777,79.28438948059267
C:\Users\carmonta\Desktop\data-centric-cross-season-transfer\datasets\train_on_2025_all\images\frame_00123_jpg.rf.310ea230ee743f5bd060bfd144afbcd1.jpg,frame_00123_jpg.rf.310ea230ee743f5bd060bfd144afbcd1.jpg,104.04923611111111,54.17090782537068
C:\Users\carmonta\Desktop\data-centric-cross-season-transfer\datasets\train_on_2025_all\images\frame_00123_jpg.rf.4f2ad28b325c4797c738e4d22ac32f15.jpg,frame_00123_jpg.rf.4f2ad28b325c4797c738e4d22ac32f15.jpg,104.02513888888889,54.07649724048475
C:\Users\carmonta\Desktop\data-centric-cross-season-transfer\datasets\train_on_2025_all\images\frame_00123_jpg.rf.516f86370658742f880782410029b2c8.jpg,frame_00123_jpg.rf.516f86370658742f880782410029b2c8.jpg,92.47443142361111,49.98413773455881
C:\Users\carmonta\Desktop\data-centric-cross-season-transfer\datasets\train_on_2025_all\images\frame_00123_jpg.rf.8bad2c2726ee93d93ad23d450b4c2c65.jpg,frame_00123_jpg.rf.8bad2c2726ee93d93ad23d450b4c2c65.jpg,92.44350694444445,49.851299745467536
C:\Users\carmonta\Desktop\data-centric-cross-season-transfer\datasets\train_on_2025_all\images\frame_00123_jpg.rf.e25f9193f9fd6feadbd7411c17cf17ec.jpg,frame_00123_jpg.rf.e25f9193f9fd6feadbd7411c17cf17ec.jpg,104.07625434027777,79.28438948059267
C:\Users\carmonta\Desktop\data-centric-cross-season-transfer\datasets\train_on_2025_all\images\frame_00123_jpg.rf.e65dac330b3b3a98e3c700ea137bf77f.jpg,frame_00123_jpg.rf.e65dac330b3b3a98e3c700ea137bf77f.jpg,104.07625434027777,79.28438948059267
C:\Users\carmonta\Desktop\data-centric-cross-season-transfer\datasets\train_on_2025_all\images\frame_00124_jpg.rf.454c0fb90c305f5c2fac713c3ff04901.jpg,frame_00124_jpg.rf.454c0fb90c305f5c2fac713c3ff04901.jpg,112.4326345486111,45.622818651280475
C:\Users\carmonta\Desktop\data-centric-cross-season-transfer\datasets\train_on_2025_all\images\frame_00124_jpg.rf.49653cf9c03a53edfbcd68c08d3b3d53.jpg,frame_00124_jpg.rf.49653cf9c03a53edfbcd68c08d3b3d53.jpg,112.44648871527778,45.71633068992678
C:\Users\carmonta\Desktop\data-centric-cross-season-transfer\datasets\train_on_2025_all\images\frame_00124_jpg.rf.6345f0f18c79e46304b8fe8fa214e0ca.jpg,frame_00124_jpg.rf.6345f0f18c79e46304b8fe8fa214e0ca.jpg,88.79899305555556,49.75992454777189
C:\Users\carmonta\Desktop\data-centric-cross-season-transfer\datasets\train_on_2025_all\images\frame_00124_jpg.rf.a95bb1079e775cc8b0b156ca39e42617.jpg,frame_00124_jpg.rf.a95bb1079e775cc8b0b156ca39e42617.jpg,88.79754340277778,49.79095406609872
C:\Users\carmonta\Desktop\data-centric-cross-season-transfer\datasets\train_on_2025_all\images\frame_00124_jpg.rf.d5bf6f89fb583bb6713c929e1ec08c42.jpg,frame_00124_jpg.rf.d5bf6f89fb583bb6713c929e1ec08c42.jpg,88.77358940972222,49.65310376070161
C:\Users\carmonta\Desktop\data-centric-cross-season-transfer\datasets\train_on_2025_all\images\frame_00125_jpg.rf.39a5f1564f9804e59598bc4bdd2a2c05.jpg,frame_00125_jpg.rf.39a5f1564f9804e59598bc4bdd2a2c05.jpg,84.73587673611111,48.705096798787395
C:\Users\carmonta\Desktop\data-centric-cross-season-transfer\datasets\train_on_2025_all\images\frame_00125_jpg.rf.76a359491a93abfbe591b3e6ad556163.jpg,frame_00125_jpg.rf.76a359491a93abfbe591b3e6ad556163.jpg,121.62869357638888,41.80342681550104
C:\Users\carmonta\Desktop\data-centric-cross-season-transfer\datasets\train_on_2025_all\images\frame_00125_jpg.rf.884f5ab19987cf4aa4b6dbf011ef71cf.jpg,frame_00125_jpg.rf.884f5ab19987cf4aa4b6dbf011ef71cf.jpg,84.7755859375,48.85309361254466
C:\Users\carmonta\Desktop\data-centric-cross-season-transfer\datasets\train_on_2025_all\images\frame_00125_jpg.rf.b622299dc01b2b54c2c28fa16389a1a4.jpg,frame_00125_jpg.rf.b622299dc01b2b54c2c28fa16389a1a4.jpg,84.75277777777778,48.786902887205464
C:\Users\carmonta\Desktop\data-centric-cross-season-transfer\datasets\train_on_2025_all\images\frame_00125_jpg.rf.e3189d23520dbe0d409eef61d5e72701.jpg,frame_00125_jpg.rf.e3189d23520dbe0d409eef61d5e72701.jpg,121.64476996527777,41.97898775798353
C:\Users\carmonta\Desktop\data-centric-cross-season-transfer\datasets\train_on_2025_all\images\frame_00126_jpg.rf.360f98d2d40d6b79a6ab8fcb877b1da1.jpg,frame_00126_jpg.rf.360f98d2d40d6b79a6ab8fcb877b1da1.jpg,114.39769097222222,52.44387676312811
C:\Users\carmonta\Desktop\data-centric-cross-season-transfer\datasets\train_on_2025_all\images\frame_00126_jpg.rf.3a70037005327d7afe871880af6be7ad.jpg,frame_00126_jpg.rf.3a70037005327d7afe871880af6be7ad.jpg,114.39417534722222,52.353032294022626
C:\Users\carmonta\Desktop\data-centric-cross-season-transfer\datasets\train_on_2025_all\images\frame_00126_jpg.rf.63ece5485182a4564b7639a5bf03ce13.jpg,frame_00126_jpg.rf.63ece5485182a4564b7639a5bf03ce13.jpg,83.23486545138888,46.9504234745015
C:\Users\carmonta\Desktop\data-centric-cross-season-transfer\datasets\train_on_2025_all\images\frame_00126_jpg.rf.ab43f518ef97b30a19d9610b646d7819.jpg,frame_00126_jpg.rf.ab43f518ef97b30a19d9610b646d7819.jpg,83.24075520833334,46.95234920594963
C:\Users\carmonta\Desktop\data-centric-cross-season-transfer\datasets\train_on_2025_all\images\frame_00126_jpg.rf.bb555e393b4ae06edbcfaa9607ef0018.jpg,frame_00126_jpg.rf.bb555e393b4ae06edbcfaa9607ef0018.jpg,114.40243489583334,52.43935662659832
C:\Users\carmonta\Desktop\data-centric-cross-season-transfer\datasets\train_on_2025_all\images\frame_00127_jpg.rf.588c8538f1cea2aea988bbcbf1b85935.jpg,frame_00127_jpg.rf.588c8538f1cea2aea988bbcbf1b85935.jpg,114.72407118055555,50.85869330278901
C:\Users\carmonta\Desktop\data-centric-cross-season-transfer\datasets\train_on_2025_all\images\frame_00127_jpg.rf.62c724376f94de5e33d23e7099313a3e.jpg,frame_00127_jpg.rf.62c724376f94de5e33d23e7099313a3e.jpg,114.72953559027778,50.883149557578555
C:\Users\carmonta\Desktop\data-centric-cross-season-transfer\datasets\train_on_2025_all\images\frame_00127_jpg.rf.92f7d8d165cec57ed341966c69a50431.jpg,frame_00127_jpg.rf.92f7d8d165cec57ed341966c69a50431.jpg,83.0787673611111,45.53437958863905
C:\Users\carmonta\Desktop\data-centric-cross-season-transfer\datasets\train_on_2025_all\images\frame_00127_jpg.rf.b0b41104fd63b4be6db846c1511dddc1.jpg,frame_00127_jpg.rf.b0b41104fd63b4be6db846c1511dddc1.jpg,83.05587239583333,45.46998407807184
C:\Users\carmonta\Desktop\data-centric-cross-season-transfer\datasets\train_on_2025_all\images\frame_00127_jpg.rf.d03d30128cc59c0fe622e4eef3fcf48b.jpg,frame_00127_jpg.rf.d03d30128cc59c0fe622e4eef3fcf48b.jpg,114.75474826388889,50.99846402087724
C:\Users\carmonta\Desktop\data-centric-cross-season-transfer\datasets\train_on_2025_all\images\frame_00128_jpg.rf.0a3fe145e67cc2dfdef0a14a5673290e.jpg,frame_00128_jpg.rf.0a3fe145e67cc2dfdef0a14a5673290e.jpg,87.49225260416667,42.97097161786563
C:\Users\carmonta\Desktop\data-centric-cross-season-transfer\datasets\train_on_2025_all\images\frame_00128_jpg.rf.239f1bb0dfd721699ba816a7021dc78f.jpg,frame_00128_jpg.rf.239f1bb0dfd721699ba816a7021dc78f.jpg,109.88380208333334,50.32242833154071
C:\Users\carmonta\Desktop\data-centric-cross-season-transfer\datasets\train_on_2025_all\images\frame_00128_jpg.rf.2fca2958d3e2e67776b74234d810cbd2.jpg,frame_00128_jpg.rf.2fca2958d3e2e67776b74234d810cbd2.jpg,109.87575086805556,50.271270206353
C:\Users\carmonta\Desktop\data-centric-cross-season-transfer\datasets\train_on_2025_all\images\frame_00128_jpg.rf.4f18726216e632a350b1364a02970e05.jpg,frame_00128_jpg.rf.4f18726216e632a350b1364a02970e05.jpg,87.47083333333333,42.90651973492943
C:\Users\carmonta\Desktop\data-centric-cross-season-transfer\datasets\train_on_2025_all\images\frame_00128_jpg.rf.882c90f03db90a2287221d9fb0523707.jpg,frame_00128_jpg.rf.882c90f03db90a2287221d9fb0523707.jpg,109.88126736111111,50.35588717366196
C:\Users\carmonta\Desktop\data-centric-cross-season-transfer\datasets\train_on_2025_all\images\frame_00128_jpg.rf.de9e86bcdb7b526acf28678ee5f8d0e0.jpg,frame_00128_jpg.rf.de9e86bcdb7b526acf28678ee5f8d0e0.jpg,99.24213975694444,72.51859831688043
C:\Users\carmonta\Desktop\data-centric-cross-season-transfer\datasets\train_on_2025_all\images\frame_00128_jpg.rf.e2d3703ea001b6f133ba292cc8b0e99d.jpg,frame_00128_jpg.rf.e2d3703ea001b6f133ba292cc8b0e99d.jpg,99.26854600694445,72.57798904134233
C:\Users\carmonta\Desktop\data-centric-cross-season-transfer\datasets\train_on_2025_all\images\frame_00128_jpg.rf.f20228c9d9181788d4108ac90fcc4b1e.jpg,frame_00128_jpg.rf.f20228c9d9181788d4108ac90fcc4b1e.jpg,87.51053385416667,43.04479369259326
C:\Users\carmonta\Desktop\data-centric-cross-season-transfer\datasets\train_on_2025_all\images\frame_00129_jpg.rf.0c8257ac5b84fefbc6f5c706f0bede60.jpg,frame_00129_jpg.rf.0c8257ac5b84fefbc6f5c706f0bede60.jpg,118.36592447916667,44.25195814646376
C:\Users\carmonta\Desktop\data-centric-cross-season-transfer\datasets\train_on_2025_all\images\frame_00129_jpg.rf.0caeee9cb1f27a3ecf549ea5c448aac3.jpg,frame_00129_jpg.rf.0caeee9cb1f27a3ecf549ea5c448aac3.jpg,120.96421006944445,45.76030132564911
C:\Users\carmonta\Desktop\data-centric-cross-season-transfer\datasets\train_on_2025_all\images\frame_00129_jpg.rf.3f0ddf4fcaa5c0bdcf8b1b5fc2fbfac3.jpg,frame_00129_jpg.rf.3f0ddf4fcaa5c0bdcf8b1b5fc2fbfac3.jpg,118.36639756944444,44.21907265537871
C:\Users\carmonta\Desktop\data-centric-cross-season-transfer\datasets\train_on_2025_all\images\frame_00129_jpg.rf.7aa167205db888afb3d7b2ef8f915503.jpg,frame_00129_jpg.rf.7aa167205db888afb3d7b2ef8f915503.jpg,94.53558159722222,59.46951820101664
C:\Users\carmonta\Desktop\data-centric-cross-season-transfer\datasets\train_on_2025_all\images\frame_00129_jpg.rf.bf4a18c686bb69c1caa498bc9e4cb8e1.jpg,frame_00129_jpg.rf.bf4a18c686bb69c1caa498bc9e4cb8e1.jpg,118.37519965277778,44.3635154099189
C:\Users\carmonta\Desktop\data-centric-cross-season-transfer\datasets\train_on_2025_all\images\frame_00129_jpg.rf.ee0244760c370e84e999d4c671678c6f.jpg,frame_00129_jpg.rf.ee0244760c370e84e999d4c671678c6f.jpg,94.57496527777778,59.55555009294932
C:\Users\carmonta\Desktop\data-centric-cross-season-transfer\datasets\train_on_2025_all\images\frame_00129_jpg.rf.f3ba0cf91a2324749bf88043fc13c19c.jpg,frame_00129_jpg.rf.f3ba0cf91a2324749bf88043fc13c19c.jpg,120.96421006944445,45.76030132564911
C:\Users\carmonta\Desktop\data-centric-cross-season-transfer\datasets\train_on_2025_all\images\frame_00129_jpg.rf.fa38c9fec8e018e3ac8a6fb43e9b6609.jpg,frame_00129_jpg.rf.fa38c9fec8e018e3ac8a6fb43e9b6609.jpg,120.96759114583334,45.79435544327251
C:\Users\carmonta\Desktop\data-centric-cross-season-transfer\datasets\train_on_2025_all\images\frame_00130_jpg.rf.0fed002f2be40e69b2220b5044319119.jpg,frame_00130_jpg.rf.0fed002f2be40e69b2220b5044319119.jpg,109.40369791666667,50.8705129253062
C:\Users\carmonta\Desktop\data-centric-cross-season-transfer\datasets\train_on_2025_all\images\frame_00130_jpg.rf.2beb60324c9055adb7fd98615bf11c91.jpg,frame_00130_jpg.rf.2beb60324c9055adb7fd98615bf11c91.jpg,90.4462109375,57.015181997995356
C:\Users\carmonta\Desktop\data-centric-cross-season-transfer\datasets\train_on_2025_all\images\frame_00130_jpg.rf.45e80caefc366d32b849feae50a4b9ca.jpg,frame_00130_jpg.rf.45e80caefc366d32b849feae50a4b9ca.jpg,96.3186328125,57.8566818116011
C:\Users\carmonta\Desktop\data-centric-cross-season-transfer\datasets\train_on_2025_all\images\frame_00130_jpg.rf.7e1f78659c416a00eacd4d1af816b93b.jpg,frame_00130_jpg.rf.7e1f78659c416a00eacd4d1af816b93b.jpg,109.37935763888889,50.75983623825626
C:\Users\carmonta\Desktop\data-centric-cross-season-transfer\datasets\train_on_2025_all\images\frame_00130_jpg.rf.9ba54399d0aca61ca6b7b63f74b4e579.jpg,frame_00130_jpg.rf.9ba54399d0aca61ca6b7b63f74b4e579.jpg,90.47147135416667,57.07359613124512
C:\Users\carmonta\Desktop\data-centric-cross-season-transfer\datasets\train_on_2025_all\images\frame_00130_jpg.rf.c81e3414baf4c4649ca2eed8020055d6.jpg,frame_00130_jpg.rf.c81e3414baf4c4649ca2eed8020055d6.jpg,109.37935763888889,50.75983623825626
C:\Users\carmonta\Desktop\data-centric-cross-season-transfer\datasets\train_on_2025_all\images\frame_00130_jpg.rf.da130bafb87a88469e8fb7470e9b8570.jpg,frame_00130_jpg.rf.da130bafb87a88469e8fb7470e9b8570.jpg,90.47102864583333,57.071112462212675
C:\Users\carmonta\Desktop\data-centric-cross-season-transfer\datasets\train_on_2025_all\images\frame_00130_jpg.rf.ec8fc695df5aa69c43e92708ae7c46d6.jpg,frame_00130_jpg.rf.ec8fc695df5aa69c43e92708ae7c46d6.jpg,96.309921875,57.80774611530358
C:\Users\carmonta\Desktop\data-centric-cross-season-transfer\datasets\train_on_2025_all\images\frame_00130_jpg.rf.ff104f60aebfddfecbfe5a5b4f2eb169.jpg,frame_00130_jpg.rf.ff104f60aebfddfecbfe5a5b4f2eb169.jpg,96.31573350694444,57.823315240851336
C:\Users\carmonta\Desktop\data-centric-cross-season-transfer\datasets\train_on_2025_all\images\frame_00131_jpg.rf.117eecda4e2b6703113b2b0c2ae478c7.jpg,frame_00131_jpg.rf.117eecda4e2b6703113b2b0c2ae478c7.jpg,88.47124565972223,58.961523231672246
C:\Users\carmonta\Desktop\data-centric-cross-season-transfer\datasets\train_on_2025_all\images\frame_00131_jpg.rf.19e736e59cb4939677702fa5d607f078.jpg,frame_00131_jpg.rf.19e736e59cb4939677702fa5d607f078.jpg,102.74520399305555,57.26166529626771
C:\Users\carmonta\Desktop\data-centric-cross-season-transfer\datasets\train_on_2025_all\images\frame_00131_jpg.rf.59a8dac1587397447cd4b291090fd993.jpg,frame_00131_jpg.rf.59a8dac1587397447cd4b291090fd993.jpg,88.45184027777778,58.910133036610574
C:\Users\carmonta\Desktop\data-centric-cross-season-transfer\datasets\train_on_2025_all\images\frame_00131_jpg.rf.5f59d9f65560e78330110343825223fa.jpg,frame_00131_jpg.rf.5f59d9f65560e78330110343825223fa.jpg,88.4884375,58.99375353871266
C:\Users\carmonta\Desktop\data-centric-cross-season-transfer\datasets\train_on_2025_all\images\frame_00131_jpg.rf.965439360d4513b556449b3603ac52c9.jpg,frame_00131_jpg.rf.965439360d4513b556449b3603ac52c9.jpg,102.76005208333333,57.35612482730698
C:\Users\carmonta\Desktop\data-centric-cross-season-transfer\datasets\train_on_2025_all\images\frame_00131_jpg.rf.9ca22b77e4f9d84c89dca0b8d5f03ae6.jpg,frame_00131_jpg.rf.9ca22b77e4f9d84c89dca0b8d5f03ae6.jpg,88.86265625,67.79327306455595
C:\Users\carmonta\Desktop\data-centric-cross-season-transfer\datasets\train_on_2025_all\images\frame_00131_jpg.rf.aeb1943c2a558f4f72e54359817b73e4.jpg,frame_00131_jpg.rf.aeb1943c2a558f4f72e54359817b73e4.jpg,88.83641493055555,67.73208014594913
C:\Users\carmonta\Desktop\data-centric-cross-season-transfer\datasets\train_on_2025_all\images\frame_00131_jpg.rf.d93545b92fa504c2bca20d97200863ab.jpg,frame_00131_jpg.rf.d93545b92fa504c2bca20d97200863ab.jpg,88.84520399305555,67.75169842711497
C:\Users\carmonta\Desktop\data-centric-cross-season-transfer\datasets\train_on_2025_all\images\frame_00131_jpg.rf.e4a0672861717e30d764854c71859adb.jpg,frame_00131_jpg.rf.e4a0672861717e30d764854c71859adb.jpg,102.76363715277778,57.30186273483813
C:\Users\carmonta\Desktop\data-centric-cross-season-transfer\datasets\train_on_2025_all\images\frame_00131_jpg.rf.f34bb6adf1da6e63a5059e47239b1239.jpg,frame_00131_jpg.rf.f34bb6adf1da6e63a5059e47239b1239.jpg,99.6382421875,59.460081104892325
C:\Users\carmonta\Desktop\data-centric-cross-season-transfer\datasets\train_on_2025_all\images\frame_00132_jpg.rf.6d924de75d91056c375d820223c33213.jpg,frame_00132_jpg.rf.6d924de75d91056c375d820223c33213.jpg,99.24688368055556,70.8202820930554
C:\Users\carmonta\Desktop\data-centric-cross-season-transfer\datasets\train_on_2025_all\images\frame_00132_jpg.rf.7027d5a04269c082f0fc7e6d0b321376.jpg,frame_00132_jpg.rf.7027d5a04269c082f0fc7e6d0b321376.jpg,99.26984375,70.86475985677873
C:\Users\carmonta\Desktop\data-centric-cross-season-transfer\datasets\train_on_2025_all\images\frame_00132_jpg.rf.82a79c10e15eb9f8fac5ca40e1f09a31.jpg,frame_00132_jpg.rf.82a79c10e15eb9f8fac5ca40e1f09a31.jpg,108.1581857638889,58.8642233576577
C:\Users\carmonta\Desktop\data-centric-cross-season-transfer\datasets\train_on_2025_all\images\frame_00132_jpg.rf.9bf6db6b94654a736b2a77d4a6b5bb37.jpg,frame_00132_jpg.rf.9bf6db6b94654a736b2a77d4a6b5bb37.jpg,95.48184027777778,56.64942698925206
C:\Users\carmonta\Desktop\data-centric-cross-season-transfer\datasets\train_on_2025_all\images\frame_00132_jpg.rf.cfe05cad09c75fb3337806f8917c3b01.jpg,frame_00132_jpg.rf.cfe05cad09c75fb3337806f8917c3b01.jpg,99.26078993055556,70.87954889919791
C:\Users\carmonta\Desktop\data-centric-cross-season-transfer\datasets\train_on_2025_all\images\frame_00132_jpg.rf.d7d4523fab28c6bc3e5836b69603c2b4.jpg,frame_00132_jpg.rf.d7d4523fab28c6bc3e5836b69603c2b4.jpg,108.1581857638889,58.8642233576577
C:\Users\carmonta\Desktop\data-centric-cross-season-transfer\datasets\train_on_2025_all\images\frame_00132_jpg.rf.f45fc4e55fe936cd09fbc9502bc0c2b5.jpg,frame_00132_jpg.rf.f45fc4e55fe936cd09fbc9502bc0c2b5.jpg,96.63464409722222,60.40664195103397
C:\Users\carmonta\Desktop\data-centric-cross-season-transfer\datasets\train_on_2025_all\images\frame_00132_jpg.rf.fbf4b7a1e1d0819318ee02a38e0ab5a3.jpg,frame_00132_jpg.rf.fbf4b7a1e1d0819318ee02a38e0ab5a3.jpg,108.16182725694445,58.87643477222038
C:\Users\carmonta\Desktop\data-centric-cross-season-transfer\datasets\train_on_2025_all\images\frame_00133_jpg.rf.19ed3827c6985607461d99f03a395cb5.jpg,frame_00133_jpg.rf.19ed3827c6985607461d99f03a395cb5.jpg,95.443359375,53.01636273064026
C:\Users\carmonta\Desktop\data-centric-cross-season-transfer\datasets\train_on_2025_all\images\frame_00133_jpg.rf.23652e3487ffe53c6e00b3c0c3476a65.jpg,frame_00133_jpg.rf.23652e3487ffe53c6e00b3c0c3476a65.jpg,103.20645399305556,63.64973905783664
C:\Users\carmonta\Desktop\data-centric-cross-season-transfer\datasets\train_on_2025_all\images\frame_00133_jpg.rf.265eb3b7fc260c4aa89ed310cebdf52a.jpg,frame_00133_jpg.rf.265eb3b7fc260c4aa89ed310cebdf52a.jpg,95.42754774305556,52.99349977149626
C:\Users\carmonta\Desktop\data-centric-cross-season-transfer\datasets\train_on_2025_all\images\frame_00133_jpg.rf.5d9370d1d50fb212b934a6f9b5615133.jpg,frame_00133_jpg.rf.5d9370d1d50fb212b934a6f9b5615133.jpg,95.39791666666666,52.90099501368098
C:\Users\carmonta\Desktop\data-centric-cross-season-transfer\datasets\train_on_2025_all\images\frame_00133_jpg.rf.680144c0658d4e46b038132227eec52b.jpg,frame_00133_jpg.rf.680144c0658d4e46b038132227eec52b.jpg,103.19058159722222,63.583809916643965
C:\Users\carmonta\Desktop\data-centric-cross-season-transfer\datasets\train_on_2025_all\images\frame_00133_jpg.rf.7a64ca55f1b24010173ec878099c9730.jpg,frame_00133_jpg.rf.7a64ca55f1b24010173ec878099c9730.jpg,92.5208420138889,59.38317955050171
C:\Users\carmonta\Desktop\data-centric-cross-season-transfer\datasets\train_on_2025_all\images\frame_00133_jpg.rf.8d9e8af99e0b2d5c29c9d7b86642beac.jpg,frame_00133_jpg.rf.8d9e8af99e0b2d5c29c9d7b86642beac.jpg,103.22273871527777,63.658530316704386
C:\Users\carmonta\Desktop\data-centric-cross-season-transfer\datasets\train_on_2025_all\images\frame_00133_jpg.rf.b04bb132ce18417e3375c6d3e48da10a.jpg,frame_00133_jpg.rf.b04bb132ce18417e3375c6d3e48da10a.jpg,87.79754340277778,68.06110153807563
C:\Users\carmonta\Desktop\data-centric-cross-season-transfer\datasets\train_on_2025_all\images\frame_00133_jpg.rf.eeda2725b39842a24a768c4fa33507be.jpg,frame_00133_jpg.rf.eeda2725b39842a24a768c4fa33507be.jpg,87.74586805555556,67.98028941209382
C:\Users\carmonta\Desktop\data-centric-cross-season-transfer\datasets\train_on_2025_all\images\frame_00133_jpg.rf.f662d51b26c88558c17afc8e300ffe05.jpg,frame_00133_jpg.rf.f662d51b26c88558c17afc8e300ffe05.jpg,87.79773871527777,68.0626518791627
C:\Users\carmonta\Desktop\data-centric-cross-season-transfer\datasets\train_on_2025_all\images\frame_00134_jpg.rf.157d7edf7144abd39e62fa4c91012396.jpg,frame_00134_jpg.rf.157d7edf7144abd39e62fa4c91012396.jpg,96.0576953125,65.00388436765037
C:\Users\carmonta\Desktop\data-centric-cross-season-transfer\datasets\train_on_2025_all\images\frame_00134_jpg.rf.2336d2377605ece3a4f9cdfa9c536f08.jpg,frame_00134_jpg.rf.2336d2377605ece3a4f9cdfa9c536f08.jpg,100.88722222222222,56.234787741694156
C:\Users\carmonta\Desktop\data-centric-cross-season-transfer\datasets\train_on_2025_all\images\frame_00134_jpg.rf.b7814d77eb0e8b4c16aeb2c45614d523.jpg,frame_00134_jpg.rf.b7814d77eb0e8b4c16aeb2c45614d523.jpg,100.85916666666667,56.1666311294398
C:\Users\carmonta\Desktop\data-centric-cross-season-transfer\datasets\train_on_2025_all\images\frame_00134_jpg.rf.c4ba0d4d2985c40fcf7e4579b581489a.jpg,frame_00134_jpg.rf.c4ba0d4d2985c40fcf7e4579b581489a.jpg,96.0576953125,65.00388436765037
C:\Users\carmonta\Desktop\data-centric-cross-season-transfer\datasets\train_on_2025_all\images\frame_00134_jpg.rf.f5ccf45a61e406cdafbe1962d31eb861.jpg,frame_00134_jpg.rf.f5ccf45a61e406cdafbe1962d31eb861.jpg,100.85613715277778,56.154729023258895
C:\Users\carmonta\Desktop\data-centric-cross-season-transfer\datasets\train_on_2025_all\images\frame_00135_jpg.rf.242295ab4acdf4d4db2cba6c30d01f48.jpg,frame_00135_jpg.rf.242295ab4acdf4d4db2cba6c30d01f48.jpg,101.0349609375,49.751622556492386
C:\Users\carmonta\Desktop\data-centric-cross-season-transfer\datasets\train_on_2025_all\images\frame_00135_jpg.rf.51b80e78348ed15dd6aaa9284aa30626.jpg,frame_00135_jpg.rf.51b80e78348ed15dd6aaa9284aa30626.jpg,80.49627170138889,61.43738028406838
C:\Users\carmonta\Desktop\data-centric-cross-season-transfer\datasets\train_on_2025_all\images\frame_00135_jpg.rf.6b3359d61c361281b7ac4356ab995a63.jpg,frame_00135_jpg.rf.6b3359d61c361281b7ac4356ab995a63.jpg,80.4934548611111,61.42734515834803
C:\Users\carmonta\Desktop\data-centric-cross-season-transfer\datasets\train_on_2025_all\images\frame_00135_jpg.rf.6c7f167fa13ebf875aa8ae86deb388ec.jpg,frame_00135_jpg.rf.6c7f167fa13ebf875aa8ae86deb388ec.jpg,99.88451822916667,71.76755400032644
C:\Users\carmonta\Desktop\data-centric-cross-season-transfer\datasets\train_on_2025_all\images\frame_00135_jpg.rf.7dd1bf904b323d933b21ec43d6b2f67b.jpg,frame_00135_jpg.rf.7dd1bf904b323d933b21ec43d6b2f67b.jpg,105.86970052083333,53.96917600517608
C:\Users\carmonta\Desktop\data-centric-cross-season-transfer\datasets\train_on_2025_all\images\frame_00135_jpg.rf.8d19f6ea905447d4f6f4db95cf0bf4c3.jpg,frame_00135_jpg.rf.8d19f6ea905447d4f6f4db95cf0bf4c3.jpg,105.84466145833333,53.866768369012135
C:\Users\carmonta\Desktop\data-centric-cross-season-transfer\datasets\train_on_2025_all\images\frame_00135_jpg.rf.a16fac132ed3fd350086fb7a8c9087f4.jpg,frame_00135_jpg.rf.a16fac132ed3fd350086fb7a8c9087f4.jpg,101.03,49.73572610000224
C:\Users\carmonta\Desktop\data-centric-cross-season-transfer\datasets\train_on_2025_all\images\frame_00135_jpg.rf.d65ae98da5097215c91ff2f2532bfd7c.jpg,frame_00135_jpg.rf.d65ae98da5097215c91ff2f2532bfd7c.jpg,99.9228125,71.83489229074667
C:\Users\carmonta\Desktop\data-centric-cross-season-transfer\datasets\train_on_2025_all\images\frame_00135_jpg.rf.e43132b67313829d52015e653a4484ea.jpg,frame_00135_jpg.rf.e43132b67313829d52015e653a4484ea.jpg,105.84466145833333,53.866768369012135
C:\Users\carmonta\Desktop\data-centric-cross-season-transfer\datasets\train_on_2025_all\images\frame_00135_jpg.rf.fa900804fa8e060326714f67eb3081b5.jpg,frame_00135_jpg.rf.fa900804fa8e060326714f67eb3081b5.jpg,99.8868359375,71.77243867560563
C:\Users\carmonta\Desktop\data-centric-cross-season-transfer\datasets\train_on_2025_all\images\frame_00136_jpg.rf.1ee5a2652d565197d2578f587a16a3ec.jpg,frame_00136_jpg.rf.1ee5a2652d565197d2578f587a16a3ec.jpg,80.59266493055556,58.219525722590895
C:\Users\carmonta\Desktop\data-centric-cross-season-transfer\datasets\train_on_2025_all\images\frame_00136_jpg.rf.3fab128ad432e905956032c8a8e1db83.jpg,frame_00136_jpg.rf.3fab128ad432e905956032c8a8e1db83.jpg,80.52411892361111,58.08858394679793
C:\Users\carmonta\Desktop\data-centric-cross-season-transfer\datasets\train_on_2025_all\images\frame_00136_jpg.rf.5552cb6268de7770faffcf0ea6ea006f.jpg,frame_00136_jpg.rf.5552cb6268de7770faffcf0ea6ea006f.jpg,105.97845052083333,64.99316316898437
C:\Users\carmonta\Desktop\data-centric-cross-season-transfer\datasets\train_on_2025_all\images\frame_00136_jpg.rf.8aace151a0a471330d6ef3caf29b9c8d.jpg,frame_00136_jpg.rf.8aace151a0a471330d6ef3caf29b9c8d.jpg,105.9793359375,65.0012315127193
C:\Users\carmonta\Desktop\data-centric-cross-season-transfer\datasets\train_on_2025_all\images\frame_00136_jpg.rf.f51366dc3d4cb95bf750cc9800245338.jpg,frame_00136_jpg.rf.f51366dc3d4cb95bf750cc9800245338.jpg,80.57013020833334,58.1877114223727
C:\Users\carmonta\Desktop\data-centric-cross-season-transfer\datasets\train_on_2025_all\images\frame_00137_jpg.rf.46197784ad047156ecd0dc499bdd0736.jpg,frame_00137_jpg.rf.46197784ad047156ecd0dc499bdd0736.jpg,100.84571180555555,63.37266731418339
C:\Users\carmonta\Desktop\data-centric-cross-season-transfer\datasets\train_on_2025_all\images\frame_00137_jpg.rf.7ccf7986a473ebcac00a328eca25aae5.jpg,frame_00137_jpg.rf.7ccf7986a473ebcac00a328eca25aae5.jpg,90.724921875,56.720781762606705
C:\Users\carmonta\Desktop\data-centric-cross-season-transfer\datasets\train_on_2025_all\images\frame_00137_jpg.rf.c2f1f6abd932bd949902a45e5f4f89a3.jpg,frame_00137_jpg.rf.c2f1f6abd932bd949902a45e5f4f89a3.jpg,67.255859375,61.18231794428665
C:\Users\carmonta\Desktop\data-centric-cross-season-transfer\datasets\train_on_2025_all\images\frame_00137_jpg.rf.ccbf7b0ddfb4a4a5ec4c0599de51b6b7.jpg,frame_00137_jpg.rf.ccbf7b0ddfb4a4a5ec4c0599de51b6b7.jpg,67.22293836805555,61.132822287298644
C:\Users\carmonta\Desktop\data-centric-cross-season-transfer\datasets\train_on_2025_all\images\frame_00137_jpg.rf.da1561ff61e1185b2740b66e4cf28ed8.jpg,frame_00137_jpg.rf.da1561ff61e1185b2740b66e4cf28ed8.jpg,90.68585503472222,56.61700150085428
C:\Users\carmonta\Desktop\data-centric-cross-season-transfer\datasets\train_on_2025_all\images\frame_00137_jpg.rf.eb9b7bb2f8d7b87285335e31910d68fb.jpg,frame_00137_jpg.rf.eb9b7bb2f8d7b87285335e31910d68fb.jpg,100.82731336805556,63.3340770350035
C:\Users\carmonta\Desktop\data-centric-cross-season-transfer\datasets\train_on_2025_all\images\frame_00138_jpg.rf.1a5d07dca51b5a2b3695c2904ad9f592.jpg,frame_00138_jpg.rf.1a5d07dca51b5a2b3695c2904ad9f592.jpg,57.03779513888889,59.9764106869408
C:\Users\carmonta\Desktop\data-centric-cross-season-transfer\datasets\train_on_2025_all\images\frame_00138_jpg.rf.2b94f2c3eb36c00ab23061d193c22385.jpg,frame_00138_jpg.rf.2b94f2c3eb36c00ab23061d193c22385.jpg,98.798984375,63.304218093918465
C:\Users\carmonta\Desktop\data-centric-cross-season-transfer\datasets\train_on_2025_all\images\frame_00138_jpg.rf.2f9360b8e67ee9de50078490fcf103f6.jpg,frame_00138_jpg.rf.2f9360b8e67ee9de50078490fcf103f6.jpg,98.81058159722222,63.30311825171736
C:\Users\carmonta\Desktop\data-centric-cross-season-transfer\datasets\train_on_2025_all\images\frame_00138_jpg.rf.8877fafbd47ee87b89942861b456e17f.jpg,frame_00138_jpg.rf.8877fafbd47ee87b89942861b456e17f.jpg,104.89374565972223,55.61533802585802
C:\Users\carmonta\Desktop\data-centric-cross-season-transfer\datasets\train_on_2025_all\images\frame_00138_jpg.rf.9bc9f694797110d57a14cc35d9402f19.jpg,frame_00138_jpg.rf.9bc9f694797110d57a14cc35d9402f19.jpg,56.95484375,59.83140702397564
C:\Users\carmonta\Desktop\data-centric-cross-season-transfer\datasets\train_on_2025_all\images\frame_00138_jpg.rf.c64346564425b0dc6cc6a369598b97c3.jpg,frame_00138_jpg.rf.c64346564425b0dc6cc6a369598b97c3.jpg,104.88103732638889,55.576360067956244
C:\Users\carmonta\Desktop\data-centric-cross-season-transfer\datasets\train_on_2025_all\images\frame_00138_jpg.rf.df1dc8b2093db768918f09d7b2682aea.jpg,frame_00138_jpg.rf.df1dc8b2093db768918f09d7b2682aea.jpg,57.01944878472222,59.93222509845364
C:\Users\carmonta\Desktop\data-centric-cross-season-transfer\datasets\train_on_2025_all\images\frame_00139_jpg.rf.46a34e6bb558fed4ad6002598b1aa351.jpg,frame_00139_jpg.rf.46a34e6bb558fed4ad6002598b1aa351.jpg,60.91091145833333,60.195430327633396
C:\Users\carmonta\Desktop\data-centric-cross-season-transfer\datasets\train_on_2025_all\images\frame_00139_jpg.rf.dd896c90a093cea381d7f1e282f9a3f6.jpg,frame_00139_jpg.rf.dd896c90a093cea381d7f1e282f9a3f6.jpg,60.871753472222224,60.14195975906876
C:\Users\carmonta\Desktop\data-centric-cross-season-transfer\datasets\train_on_2025_all\images\frame_00140_jpg.rf.769ecf0fdf3e74241c810e18f6adcdef.jpg,frame_00140_jpg.rf.769ecf0fdf3e74241c810e18f6adcdef.jpg,114.19156684027777,42.46467199037187
C:\Users\carmonta\Desktop\data-centric-cross-season-transfer\datasets\train_on_2025_all\images\frame_00140_jpg.rf.996902ab64d3c5e1ee12480c2ff78e0b.jpg,frame_00140_jpg.rf.996902ab64d3c5e1ee12480c2ff78e0b.jpg,74.65093315972223,60.831104742974546
C:\Users\carmonta\Desktop\data-centric-cross-season-transfer\datasets\train_on_2025_all\images\frame_00140_jpg.rf.c9f1a1d004cfac8d554f6b0f1ccd30b7.jpg,frame_00140_jpg.rf.c9f1a1d004cfac8d554f6b0f1ccd30b7.jpg,74.69069878472222,60.89715278489495
C:\Users\carmonta\Desktop\data-centric-cross-season-transfer\datasets\train_on_2025_all\images\frame_00140_jpg.rf.f0cae0fff7dc8d7073d1971e0dd8abab.jpg,frame_00140_jpg.rf.f0cae0fff7dc8d7073d1971e0dd8abab.jpg,74.65830295138889,60.85935816810686
C:\Users\carmonta\Desktop\data-centric-cross-season-transfer\datasets\train_on_2025_all\images\frame_00140_jpg.rf.f1a8a00ca8f8cb883b55b871c7ea8d93.jpg,frame_00140_jpg.rf.f1a8a00ca8f8cb883b55b871c7ea8d93.jpg,114.19174479166666,42.49841260815098
C:\Users\carmonta\Desktop\data-centric-cross-season-transfer\datasets\train_on_2025_all\images\frame_00141_jpg.rf.3250e4682d6532d8ff8dcce474aed0f7.jpg,frame_00141_jpg.rf.3250e4682d6532d8ff8dcce474aed0f7.jpg,81.10502604166666,61.689876424022174
C:\Users\carmonta\Desktop\data-centric-cross-season-transfer\datasets\train_on_2025_all\images\frame_00141_jpg.rf.6ecbe90e31518552dba4d81b87e4d9b3.jpg,frame_00141_jpg.rf.6ecbe90e31518552dba4d81b87e4d9b3.jpg,117.22678819444444,41.57908878759283
C:\Users\carmonta\Desktop\data-centric-cross-season-transfer\datasets\train_on_2025_all\images\frame_00141_jpg.rf.d547fd8b62593ec80a29e9a3c2ee6590.jpg,frame_00141_jpg.rf.d547fd8b62593ec80a29e9a3c2ee6590.jpg,81.057890625,61.61693355812258
C:\Users\carmonta\Desktop\data-centric-cross-season-transfer\datasets\train_on_2025_all\images\frame_00141_jpg.rf.f579336ed55e0244a5c390e83058ccbb.jpg,frame_00141_jpg.rf.f579336ed55e0244a5c390e83058ccbb.jpg,117.23147135416667,41.63669778495662
C:\Users\carmonta\Desktop\data-centric-cross-season-transfer\datasets\train_on_2025_all\images\frame_00142_jpg.rf.1c137850e05ae8d44c54d4feaa0de114.jpg,frame_00142_jpg.rf.1c137850e05ae8d44c54d4feaa0de114.jpg,117.21989149305556,49.236839252449585
C:\Users\carmonta\Desktop\data-centric-cross-season-transfer\datasets\train_on_2025_all\images\frame_00142_jpg.rf.610f8a54ba0571a0093de1cf30f65fc9.jpg,frame_00142_jpg.rf.610f8a54ba0571a0093de1cf30f65fc9.jpg,83.13552951388888,60.85254355487605
C:\Users\carmonta\Desktop\data-centric-cross-season-transfer\datasets\train_on_2025_all\images\frame_00142_jpg.rf.8374ef686677f3e466c5a631f17bcc9a.jpg,frame_00142_jpg.rf.8374ef686677f3e466c5a631f17bcc9a.jpg,83.14295572916667,60.88046256816439
C:\Users\carmonta\Desktop\data-centric-cross-season-transfer\datasets\train_on_2025_all\images\frame_00142_jpg.rf.952f224b926303ed5e8d92dd3d6bde2a.jpg,frame_00142_jpg.rf.952f224b926303ed5e8d92dd3d6bde2a.jpg,83.09342881944444,60.77852735444601
C:\Users\carmonta\Desktop\data-centric-cross-season-transfer\datasets\train_on_2025_all\images\frame_00142_jpg.rf.b648b7575300c6338b3583bebcbbef12.jpg,frame_00142_jpg.rf.b648b7575300c6338b3583bebcbbef12.jpg,117.22072482638889,49.253090446913575
C:\Users\carmonta\Desktop\data-centric-cross-season-transfer\datasets\train_on_2025_all\images\frame_00142_jpg.rf.e0658a143f51a703580a215dbadb5860.jpg,frame_00142_jpg.rf.e0658a143f51a703580a215dbadb5860.jpg,117.20888454861111,49.18157462956999
C:\Users\carmonta\Desktop\data-centric-cross-season-transfer\datasets\train_on_2025_all\images\frame_00143_jpg.rf.77146ed7c19c7b4c57221469eb47f4c8.jpg,frame_00143_jpg.rf.77146ed7c19c7b4c57221469eb47f4c8.jpg,81.47949652777778,60.44405582985958
C:\Users\carmonta\Desktop\data-centric-cross-season-transfer\datasets\train_on_2025_all\images\frame_00143_jpg.rf.92891c7efaf30866c11625c81400cbce.jpg,frame_00143_jpg.rf.92891c7efaf30866c11625c81400cbce.jpg,98.90197048611111,64.46619383179723
C:\Users\carmonta\Desktop\data-centric-cross-season-transfer\datasets\train_on_2025_all\images\frame_00143_jpg.rf.a644fc6e18c8cb00ce65e810a751855b.jpg,frame_00143_jpg.rf.a644fc6e18c8cb00ce65e810a751855b.jpg,98.93088541666667,64.53161024984777
C:\Users\carmonta\Desktop\data-centric-cross-season-transfer\datasets\train_on_2025_all\images\frame_00143_jpg.rf.bb8c1ab3dd97c075079159c0eef48a40.jpg,frame_00143_jpg.rf.bb8c1ab3dd97c075079159c0eef48a40.jpg,98.93370225694444,64.5518608900333
C:\Users\carmonta\Desktop\data-centric-cross-season-transfer\datasets\train_on_2025_all\images\frame_00143_jpg.rf.dd4b4668b1403a0689fb535fba746622.jpg,frame_00143_jpg.rf.dd4b4668b1403a0689fb535fba746622.jpg,117.16618489583334,46.325724230305795
C:\Users\carmonta\Desktop\data-centric-cross-season-transfer\datasets\train_on_2025_all\images\frame_00143_jpg.rf.f161271f9ed71a83c92b87f630b1e3eb.jpg,frame_00143_jpg.rf.f161271f9ed71a83c92b87f630b1e3eb.jpg,117.17012586805555,46.340997969177316
C:\Users\carmonta\Desktop\data-centric-cross-season-transfer\datasets\train_on_2025_all\images\frame_00144_jpg.rf.27b74098ed4b0c4e45d5f724963908da.jpg,frame_00144_jpg.rf.27b74098ed4b0c4e45d5f724963908da.jpg,68.26540364583333,56.83816327810382
C:\Users\carmonta\Desktop\data-centric-cross-season-transfer\datasets\train_on_2025_all\images\frame_00144_jpg.rf.280199e5556f83dc6d5a536a6f0ed0f8.jpg,frame_00144_jpg.rf.280199e5556f83dc6d5a536a6f0ed0f8.jpg,119.79698784722223,41.07102473184907
C:\Users\carmonta\Desktop\data-centric-cross-season-transfer\datasets\train_on_2025_all\images\frame_00144_jpg.rf.cea011748f29100a6a2a92642a53018a.jpg,frame_00144_jpg.rf.cea011748f29100a6a2a92642a53018a.jpg,119.80525173611112,41.13226641548972
C:\Users\carmonta\Desktop\data-centric-cross-season-transfer\datasets\train_on_2025_all\images\frame_00144_jpg.rf.f421a82b9daaff7125de2a7e81ac69e6.jpg,frame_00144_jpg.rf.f421a82b9daaff7125de2a7e81ac69e6.jpg,68.28815538194445,56.87280253981512
C:\Users\carmonta\Desktop\data-centric-cross-season-transfer\datasets\train_on_2025_all\images\frame_00145_jpg.rf.13fb51522c4f0fb364c11cd4519e9628.jpg,frame_00145_jpg.rf.13fb51522c4f0fb364c11cd4519e9628.jpg,65.89342013888889,57.416148281137254
C:\Users\carmonta\Desktop\data-centric-cross-season-transfer\datasets\train_on_2025_all\images\frame_00145_jpg.rf.71cd1ba9740d339ed87f095ac5c44950.jpg,frame_00145_jpg.rf.71cd1ba9740d339ed87f095ac5c44950.jpg,65.89993489583334,57.42817978422348
C:\Users\carmonta\Desktop\data-centric-cross-season-transfer\datasets\train_on_2025_all\images\frame_00146_jpg.rf.22439534179d3e097ee7544d0793218e.jpg,frame_00146_jpg.rf.22439534179d3e097ee7544d0793218e.jpg,66.45308159722222,55.56085927508415
C:\Users\carmonta\Desktop\data-centric-cross-season-transfer\datasets\train_on_2025_all\images\frame_00146_jpg.rf.c0ef702338015d12c408af401f8b84c5.jpg,frame_00146_jpg.rf.c0ef702338015d12c408af401f8b84c5.jpg,66.49147135416666,55.624173185225665
C:\Users\carmonta\Desktop\data-centric-cross-season-transfer\datasets\train_on_2025_all\images\frame_00146_jpg.rf.c44f59bbbf476edb3ffcd6e16481eedb.jpg,frame_00146_jpg.rf.c44f59bbbf476edb3ffcd6e16481eedb.jpg,66.407890625,55.46825791076104
C:\Users\carmonta\Desktop\data-centric-cross-season-transfer\datasets\train_on_2025_all\images\frame_00147_jpg.rf.07582adc829d3e4499b28a1faa1b84ac.jpg,frame_00147_jpg.rf.07582adc829d3e4499b28a1faa1b84ac.jpg,73.2839236111111,58.53341975026601
C:\Users\carmonta\Desktop\data-centric-cross-season-transfer\datasets\train_on_2025_all\images\frame_00147_jpg.rf.5b907ce3a8037501fcc47c0ec08f3da3.jpg,frame_00147_jpg.rf.5b907ce3a8037501fcc47c0ec08f3da3.jpg,73.29487413194444,58.55986770536561
C:\Users\carmonta\Desktop\data-centric-cross-season-transfer\datasets\train_on_2025_all\images\frame_00148_jpg.rf.09db0dbc65b8cb06b3d67f8b2896c814.jpg,frame_00148_jpg.rf.09db0dbc65b8cb06b3d67f8b2896c814.jpg,71.63298611111111,61.04217247037153
C:\Users\carmonta\Desktop\data-centric-cross-season-transfer\datasets\train_on_2025_all\images\frame_00148_jpg.rf.9dd51a3eaee9e9d2563ae68cabb489b6.jpg,frame_00148_jpg.rf.9dd51a3eaee9e9d2563ae68cabb489b6.jpg,71.5755859375,60.9297077521799
C:\Users\carmonta\Desktop\data-centric-cross-season-transfer\datasets\train_on_2025_all\images\frame_00148_jpg.rf.f07c1d6e969fbc2600579f50c395ce27.jpg,frame_00148_jpg.rf.f07c1d6e969fbc2600579f50c395ce27.jpg,71.59172309027778,60.96220231569941
C:\Users\carmonta\Desktop\data-centric-cross-season-transfer\datasets\train_on_2025_all\images\frame_00149_jpg.rf.1e30d105d20bc6681cdfa30f6339d212.jpg,frame_00149_jpg.rf.1e30d105d20bc6681cdfa30f6339d212.jpg,74.4646875,58.44118254504656
C:\Users\carmonta\Desktop\data-centric-cross-season-transfer\datasets\train_on_2025_all\images\frame_00149_jpg.rf.6c09df71de538fc861260e64aa4695da.jpg,frame_00149_jpg.rf.6c09df71de538fc861260e64aa4695da.jpg,74.4646875,58.44118254504656
C:\Users\carmonta\Desktop\data-centric-cross-season-transfer\datasets\train_on_2025_all\images\frame_00149_jpg.rf.737b2c9711d547becfb3a70b1ae5dd00.jpg,frame_00149_jpg.rf.737b2c9711d547becfb3a70b1ae5dd00.jpg,74.48326388888889,58.47010682201279
C:\Users\carmonta\Desktop\data-centric-cross-season-transfer\datasets\train_on_2025_all\images\frame_00150_jpg.rf.85b3a55a554dd0dc7a7c63f530ca6fdf.jpg,frame_00150_jpg.rf.85b3a55a554dd0dc7a7c63f530ca6fdf.jpg,84.1176953125,52.41087836748126
C:\Users\carmonta\Desktop\data-centric-cross-season-transfer\datasets\train_on_2025_all\images\frame_00150_jpg.rf.9d88835f61eb0ea50e6fad9c2e4c714c.jpg,frame_00150_jpg.rf.9d88835f61eb0ea50e6fad9c2e4c714c.jpg,84.13547309027778,52.46142615975494
C:\Users\carmonta\Desktop\data-centric-cross-season-transfer\datasets\train_on_2025_all\images\frame_00150_jpg.rf.ad504d66d0f71fab2296218d7d877275.jpg,frame_00150_jpg.rf.ad504d66d0f71fab2296218d7d877275.jpg,84.1176953125,52.41087836748126
C:\Users\carmonta\Desktop\data-centric-cross-season-transfer\datasets\train_on_2025_all\images\frame_00151_jpg.rf.25127a208f319c87ca9eb1b0dc94d3ad.jpg,frame_00151_jpg.rf.25127a208f319c87ca9eb1b0dc94d3ad.jpg,81.66254340277777,66.01706885336121
C:\Users\carmonta\Desktop\data-centric-cross-season-transfer\datasets\train_on_2025_all\images\frame_00151_jpg.rf.83dcb493ba9317de5999e525e02c05eb.jpg,frame_00151_jpg.rf.83dcb493ba9317de5999e525e02c05eb.jpg,94.62748263888889,52.26494866818385
C:\Users\carmonta\Desktop\data-centric-cross-season-transfer\datasets\train_on_2025_all\images\frame_00151_jpg.rf.9960e8ba76a410d0c351f4b7699973d1.jpg,frame_00151_jpg.rf.9960e8ba76a410d0c351f4b7699973d1.jpg,81.61889322916667,65.95948820970467
C:\Users\carmonta\Desktop\data-centric-cross-season-transfer\datasets\train_on_2025_all\images\frame_00151_jpg.rf.a4759f429c483b19a819d062eb04aaaa.jpg,frame_00151_jpg.rf.a4759f429c483b19a819d062eb04aaaa.jpg,94.65364149305556,52.295615108433225
C:\Users\carmonta\Desktop\data-centric-cross-season-transfer\datasets\train_on_2025_all\images\frame_00151_jpg.rf.e202f0ec9e9321ab05df1decc671e4ad.jpg,frame_00151_jpg.rf.e202f0ec9e9321ab05df1decc671e4ad.jpg,94.60346354166667,52.17539220973801
C:\Users\carmonta\Desktop\data-centric-cross-season-transfer\datasets\train_on_2025_all\images\frame_00152_jpg.rf.14691596cbda4156410cbc179869a141.jpg,frame_00152_jpg.rf.14691596cbda4156410cbc179869a141.jpg,85.65608072916666,53.62249076219878
C:\Users\carmonta\Desktop\data-centric-cross-season-transfer\datasets\train_on_2025_all\images\frame_00152_jpg.rf.49c9cfbcd16b7e26a5aefce5be305864.jpg,frame_00152_jpg.rf.49c9cfbcd16b7e26a5aefce5be305864.jpg,72.32151909722222,55.48964932995872
C:\Users\carmonta\Desktop\data-centric-cross-season-transfer\datasets\train_on_2025_all\images\frame_00152_jpg.rf.66ac5fc207b972977ca969f0340fd8bc.jpg,frame_00152_jpg.rf.66ac5fc207b972977ca969f0340fd8bc.jpg,72.30036024305555,55.45729467668195
C:\Users\carmonta\Desktop\data-centric-cross-season-transfer\datasets\train_on_2025_all\images\frame_00152_jpg.rf.977bb3e3f5fb9adc52e77783d42fad39.jpg,frame_00152_jpg.rf.977bb3e3f5fb9adc52e77783d42fad39.jpg,85.62806423611111,53.565799819617354
C:\Users\carmonta\Desktop\data-centric-cross-season-transfer\datasets\train_on_2025_all\images\frame_00152_jpg.rf.a6c8be899adbb723e4a3e294053be3e8.jpg,frame_00152_jpg.rf.a6c8be899adbb723e4a3e294053be3e8.jpg,72.27303819444444,55.38386818071002
C:\Users\carmonta\Desktop\data-centric-cross-season-transfer\datasets\train_on_2025_all\images\frame_00153_jpg.rf.0107d3cef0eb20e1c132a00ecb46b1b2.jpg,frame_00153_jpg.rf.0107d3cef0eb20e1c132a00ecb46b1b2.jpg,81.30855902777778,68.17641930290316
C:\Users\carmonta\Desktop\data-centric-cross-season-transfer\datasets\train_on_2025_all\images\frame_00153_jpg.rf.0cf4dd0629bd4aa23e9e8264e941b647.jpg,frame_00153_jpg.rf.0cf4dd0629bd4aa23e9e8264e941b647.jpg,81.284453125,68.12806846781868
C:\Users\carmonta\Desktop\data-centric-cross-season-transfer\datasets\train_on_2025_all\images\frame_00153_jpg.rf.fd68b21639e66f16ca08cacce2c20f97.jpg,frame_00153_jpg.rf.fd68b21639e66f16ca08cacce2c20f97.jpg,95.16154079861111,58.30073079296687
C:\Users\carmonta\Desktop\data-centric-cross-season-transfer\datasets\train_on_2025_all\images\frame_00154_jpg.rf.6fbaef2ac7e27241841a021bd8d1447f.jpg,frame_00154_jpg.rf.6fbaef2ac7e27241841a021bd8d1447f.jpg,101.40478732638888,58.52243186820765
C:\Users\carmonta\Desktop\data-centric-cross-season-transfer\datasets\train_on_2025_all\images\frame_00154_jpg.rf.fda69b3efa100e31f966530ef7abb00b.jpg,frame_00154_jpg.rf.fda69b3efa100e31f966530ef7abb00b.jpg,101.38943576388888,58.45046593704816
C:\Users\carmonta\Desktop\data-centric-cross-season-transfer\datasets\train_on_2025_all\images\frame_00155_jpg.rf.028ca122c29adbcbd085723570d97117.jpg,frame_00155_jpg.rf.028ca122c29adbcbd085723570d97117.jpg,69.77098524305555,56.32268432987765
C:\Users\carmonta\Desktop\data-centric-cross-season-transfer\datasets\train_on_2025_all\images\frame_00155_jpg.rf.1ec215b688e8d920d304707c875b10cc.jpg,frame_00155_jpg.rf.1ec215b688e8d920d304707c875b10cc.jpg,69.76622829861111,56.310822819332344
C:\Users\carmonta\Desktop\data-centric-cross-season-transfer\datasets\train_on_2025_all\images\frame_00155_jpg.rf.42881d7850883c18c8faa76c84561604.jpg,frame_00155_jpg.rf.42881d7850883c18c8faa76c84561604.jpg,69.81237847222222,56.43297429777089
C:\Users\carmonta\Desktop\data-centric-cross-season-transfer\datasets\train_on_2025_all\images\frame_00156_jpg.rf.20184709c71069625c651ae2946304c4.jpg,frame_00156_jpg.rf.20184709c71069625c651ae2946304c4.jpg,64.95618489583333,54.11990107359596
C:\Users\carmonta\Desktop\data-centric-cross-season-transfer\datasets\train_on_2025_all\images\frame_00156_jpg.rf.2e741fa4e134d26744aed0024cf71ace.jpg,frame_00156_jpg.rf.2e741fa4e134d26744aed0024cf71ace.jpg,109.23899739583334,41.38217851710049
C:\Users\carmonta\Desktop\data-centric-cross-season-transfer\datasets\train_on_2025_all\images\frame_00156_jpg.rf.62a59542fe45c700833ce32124554bc6.jpg,frame_00156_jpg.rf.62a59542fe45c700833ce32124554bc6.jpg,64.93633246527777,54.07384591368004
C:\Users\carmonta\Desktop\data-centric-cross-season-transfer\datasets\train_on_2025_all\images\frame_00156_jpg.rf.a5edf66ee9a2127f3be2684e3fb6b0b7.jpg,frame_00156_jpg.rf.a5edf66ee9a2127f3be2684e3fb6b0b7.jpg,109.25077256944445,41.42990340447978
C:\Users\carmonta\Desktop\data-centric-cross-season-transfer\datasets\train_on_2025_all\images\frame_00156_jpg.rf.c210a38594c1c05dd4404e6c9e9b6b78.jpg,frame_00156_jpg.rf.c210a38594c1c05dd4404e6c9e9b6b78.jpg,109.23899739583334,41.38217851710049
C:\Users\carmonta\Desktop\data-centric-cross-season-transfer\datasets\train_on_2025_all\images\frame_00156_jpg.rf.eb22bd8e5f342ca1c241ea75bd8ef2ee.jpg,frame_00156_jpg.rf.eb22bd8e5f342ca1c241ea75bd8ef2ee.jpg,80.71878038194444,57.21595990137841
C:\Users\carmonta\Desktop\data-centric-cross-season-transfer\datasets\train_on_2025_all\images\frame_00156_jpg.rf.fe3e3c7adb29b1d9031f8997b5050430.jpg,frame_00156_jpg.rf.fe3e3c7adb29b1d9031f8997b5050430.jpg,64.90159288194444,54.00732990276983
C:\Users\carmonta\Desktop\data-centric-cross-season-transfer\datasets\train_on_2025_all\images\frame_00157_jpg.rf.2e96298f48107a25f33a33ac468af477.jpg,frame_00157_jpg.rf.2e96298f48107a25f33a33ac468af477.jpg,76.93895833333333,60.612273202741875
C:\Users\carmonta\Desktop\data-centric-cross-season-transfer\datasets\train_on_2025_all\images\frame_00157_jpg.rf.6f525477430d924be28d766e89d00525.jpg,frame_00157_jpg.rf.6f525477430d924be28d766e89d00525.jpg,76.90425347222222,60.532876234091695
C:\Users\carmonta\Desktop\data-centric-cross-season-transfer\datasets\train_on_2025_all\images\frame_00157_jpg.rf.9d8a6104bd80c586f84fec0e02440a5f.jpg,frame_00157_jpg.rf.9d8a6104bd80c586f84fec0e02440a5f.jpg,118.45395399305555,48.39797193123809
C:\Users\carmonta\Desktop\data-centric-cross-season-transfer\datasets\train_on_2025_all\images\frame_00157_jpg.rf.acf60c1dea9dad110cc49b0efaa36b94.jpg,frame_00157_jpg.rf.acf60c1dea9dad110cc49b0efaa36b94.jpg,118.4525390625,48.35535655825608
C:\Users\carmonta\Desktop\data-centric-cross-season-transfer\datasets\train_on_2025_all\images\frame_00157_jpg.rf.c1c6827fe70694ad8ea56921a0660ea6.jpg,frame_00157_jpg.rf.c1c6827fe70694ad8ea56921a0660ea6.jpg,76.9223828125,60.58455548729427
C:\Users\carmonta\Desktop\data-centric-cross-season-transfer\datasets\train_on_2025_all\images\frame_00157_jpg.rf.c7256eec1ee381992e1c81cf75d90305.jpg,frame_00157_jpg.rf.c7256eec1ee381992e1c81cf75d90305.jpg,118.45887152777777,48.371964548507904
C:\Users\carmonta\Desktop\data-centric-cross-season-transfer\datasets\train_on_2025_all\images\frame_00158_jpg.rf.3968cc5da7722b7e158db27a588c1fba.jpg,frame_00158_jpg.rf.3968cc5da7722b7e158db27a588c1fba.jpg,69.84548177083333,58.555091654487796
C:\Users\carmonta\Desktop\data-centric-cross-season-transfer\datasets\train_on_2025_all\images\frame_00158_jpg.rf.5cf9eeda1e6e36207ef1a3d914031aef.jpg,frame_00158_jpg.rf.5cf9eeda1e6e36207ef1a3d914031aef.jpg,120.55529947916666,43.016951269022925
C:\Users\carmonta\Desktop\data-centric-cross-season-transfer\datasets\train_on_2025_all\images\frame_00158_jpg.rf.c78563df56b77b704dd0b8bad1203d83.jpg,frame_00158_jpg.rf.c78563df56b77b704dd0b8bad1203d83.jpg,120.55471788194444,42.90554923618798
C:\Users\carmonta\Desktop\data-centric-cross-season-transfer\datasets\train_on_2025_all\images\frame_00158_jpg.rf.f23ff55ae70492be1bd94d5b86210670.jpg,frame_00158_jpg.rf.f23ff55ae70492be1bd94d5b86210670.jpg,69.80372395833334,58.505320567818835
C:\Users\carmonta\Desktop\data-centric-cross-season-transfer\datasets\train_on_2025_all\images\frame_00158_jpg.rf.ff544a574f8d1ca870d04abc14763614.jpg,frame_00158_jpg.rf.ff544a574f8d1ca870d04abc14763614.jpg,69.77898871527778,58.45890965816715
C:\Users\carmonta\Desktop\data-centric-cross-season-transfer\datasets\train_on_2025_all\images\frame_00159_jpg.rf.1cb72d9ad0a612092d3c7e9afea1d0b1.jpg,frame_00159_jpg.rf.1cb72d9ad0a612092d3c7e9afea1d0b1.jpg,82.22286024305555,66.08154933341925
C:\Users\carmonta\Desktop\data-centric-cross-season-transfer\datasets\train_on_2025_all\images\frame_00159_jpg.rf.704f776c14a6817f08da682aaef37a44.jpg,frame_00159_jpg.rf.704f776c14a6817f08da682aaef37a44.jpg,116.18804253472223,46.15269211900346
C:\Users\carmonta\Desktop\data-centric-cross-season-transfer\datasets\train_on_2025_all\images\frame_00159_jpg.rf.af9ff0bd40cfb3ccbc7eaaa542083a8b.jpg,frame_00159_jpg.rf.af9ff0bd40cfb3ccbc7eaaa542083a8b.jpg,116.18994791666667,46.16864979191397
C:\Users\carmonta\Desktop\data-centric-cross-season-transfer\datasets\train_on_2025_all\images\frame_00159_jpg.rf.f72a8d0e9c2464caad6df4d07d426369.jpg,frame_00159_jpg.rf.f72a8d0e9c2464caad6df4d07d426369.jpg,82.17805555555556,66.03057995298443
C:\Users\carmonta\Desktop\data-centric-cross-season-transfer\datasets\train_on_2025_all\images\frame_00160_jpg.rf.491e4dea57ffd53d290dd3f5e9f89ddd.jpg,frame_00160_jpg.rf.491e4dea57ffd53d290dd3f5e9f89ddd.jpg,91.35817274305556,67.32495556607248
C:\Users\carmonta\Desktop\data-centric-cross-season-transfer\datasets\train_on_2025_all\images\frame_00160_jpg.rf.6809c74a981c793b351a37f90150b1d4.jpg,frame_00160_jpg.rf.6809c74a981c793b351a37f90150b1d4.jpg,91.32655381944444,67.26151319842496
C:\Users\carmonta\Desktop\data-centric-cross-season-transfer\datasets\train_on_2025_all\images\frame_00160_jpg.rf.84e0fd1b2b3f31059a50f3e0ef97b8c6.jpg,frame_00160_jpg.rf.84e0fd1b2b3f31059a50f3e0ef97b8c6.jpg,111.11380208333334,43.40136787145777
C:\Users\carmonta\Desktop\data-centric-cross-season-transfer\datasets\train_on_2025_all\images\frame_00160_jpg.rf.be5bc5cc114bdc274ab38367f96aac42.jpg,frame_00160_jpg.rf.be5bc5cc114bdc274ab38367f96aac42.jpg,111.14239149305556,43.54487565738214
C:\Users\carmonta\Desktop\data-centric-cross-season-transfer\datasets\train_on_2025_all\images\frame_00160_jpg.rf.f588acbc22b644bdad6d68c70d28a3be.jpg,frame_00160_jpg.rf.f588acbc22b644bdad6d68c70d28a3be.jpg,111.13559461805555,43.538976536143245
C:\Users\carmonta\Desktop\data-centric-cross-season-transfer\datasets\train_on_2025_all\images\frame_00161_jpg.rf.1ea14aae7ae33b1bc55cab622caea615.jpg,frame_00161_jpg.rf.1ea14aae7ae33b1bc55cab622caea615.jpg,98.99914496527778,52.43585428285766
C:\Users\carmonta\Desktop\data-centric-cross-season-transfer\datasets\train_on_2025_all\images\frame_00161_jpg.rf.39111dbb31dc1a29a478cd71017d39e4.jpg,frame_00161_jpg.rf.39111dbb31dc1a29a478cd71017d39e4.jpg,98.99710069444444,52.415614310417766
C:\Users\carmonta\Desktop\data-centric-cross-season-transfer\datasets\train_on_2025_all\images\frame_00161_jpg.rf.acc3bac0423e9f9d7d1a94b48847f560.jpg,frame_00161_jpg.rf.acc3bac0423e9f9d7d1a94b48847f560.jpg,81.82983940972223,69.01077430266004
C:\Users\carmonta\Desktop\data-centric-cross-season-transfer\datasets\train_on_2025_all\images\frame_00161_jpg.rf.eea44f6894dd6990cc6c0fa912073104.jpg,frame_00161_jpg.rf.eea44f6894dd6990cc6c0fa912073104.jpg,81.79149305555555,68.93852174265454
C:\Users\carmonta\Desktop\data-centric-cross-season-transfer\datasets\train_on_2025_all\images\frame_00162_jpg.rf.33a26dc8479feaeea860aad8ec145899.jpg,frame_00162_jpg.rf.33a26dc8479feaeea860aad8ec145899.jpg,94.66062065972223,69.14608635559455
C:\Users\carmonta\Desktop\data-centric-cross-season-transfer\datasets\train_on_2025_all\images\frame_00162_jpg.rf.5e964c9adac6cc97e13f781883df5dd7.jpg,frame_00162_jpg.rf.5e964c9adac6cc97e13f781883df5dd7.jpg,94.75529079861111,56.22400858035876
C:\Users\carmonta\Desktop\data-centric-cross-season-transfer\datasets\train_on_2025_all\images\frame_00162_jpg.rf.a0b8fc0b959c1be41342a34599accc46.jpg,frame_00162_jpg.rf.a0b8fc0b959c1be41342a34599accc46.jpg,94.65387586805555,69.13662778429315
C:\Users\carmonta\Desktop\data-centric-cross-season-transfer\datasets\train_on_2025_all\images\frame_00162_jpg.rf.f2c1fdcb2c994540d846f8fa38861b5b.jpg,frame_00162_jpg.rf.f2c1fdcb2c994540d846f8fa38861b5b.jpg,94.76866319444444,56.27373232953617
C:\Users\carmonta\Desktop\data-centric-cross-season-transfer\datasets\train_on_2025_all\images\frame_00163_jpg.rf.0ca92e1d4d6c4792c94fb3e3f9d6d972.jpg,frame_00163_jpg.rf.0ca92e1d4d6c4792c94fb3e3f9d6d972.jpg,106.99339409722222,52.105754338474874
C:\Users\carmonta\Desktop\data-centric-cross-season-transfer\datasets\train_on_2025_all\images\frame_00163_jpg.rf.2cf82bc8c41434af60672810ede29a2c.jpg,frame_00163_jpg.rf.2cf82bc8c41434af60672810ede29a2c.jpg,106.99427517361111,52.161894477247756
C:\Users\carmonta\Desktop\data-centric-cross-season-transfer\datasets\train_on_2025_all\images\frame_00163_jpg.rf.f29eecd8f615a2f72dad02b1a45cf101.jpg,frame_00163_jpg.rf.f29eecd8f615a2f72dad02b1a45cf101.jpg,106.97430121527778,52.06605466879407
C:\Users\carmonta\Desktop\data-centric-cross-season-transfer\datasets\train_on_2025_all\images\frame_00164_jpg.rf.466e3dcede8dcda84863a87f555a7eb1.jpg,frame_00164_jpg.rf.466e3dcede8dcda84863a87f555a7eb1.jpg,103.27998697916667,52.680964786798334
C:\Users\carmonta\Desktop\data-centric-cross-season-transfer\datasets\train_on_2025_all\images\frame_00164_jpg.rf.5b580d277a1c780753385a5ea1d018b6.jpg,frame_00164_jpg.rf.5b580d277a1c780753385a5ea1d018b6.jpg,103.27693142361112,52.6433170892586
C:\Users\carmonta\Desktop\data-centric-cross-season-transfer\datasets\train_on_2025_all\images\frame_00164_jpg.rf.c2e99ba68d09104f65eb64f6e905cdcb.jpg,frame_00164_jpg.rf.c2e99ba68d09104f65eb64f6e905cdcb.jpg,103.29139756944444,52.680438112061516
C:\Users\carmonta\Desktop\data-centric-cross-season-transfer\datasets\train_on_2025_all\images\frame_00165_jpg.rf.cf16b951d7a5e23e7e50b793fdbb461b.jpg,frame_00165_jpg.rf.cf16b951d7a5e23e7e50b793fdbb461b.jpg,108.21842447916667,51.07894806779188
C:\Users\carmonta\Desktop\data-centric-cross-season-transfer\datasets\train_on_2025_all\images\frame_00165_jpg.rf.eae5f9f25e25f61be92c2594dc9253e0.jpg,frame_00165_jpg.rf.eae5f9f25e25f61be92c2594dc9253e0.jpg,108.2333203125,51.13355760693262
C:\Users\carmonta\Desktop\data-centric-cross-season-transfer\datasets\train_on_2025_all\images\frame_00166_jpg.rf.10e1ce903a10ff6b9cc62522c2a1064f.jpg,frame_00166_jpg.rf.10e1ce903a10ff6b9cc62522c2a1064f.jpg,110.80840711805556,52.20552431237606
C:\Users\carmonta\Desktop\data-centric-cross-season-transfer\datasets\train_on_2025_all\images\frame_00166_jpg.rf.f291f6d64d0bb3bcf01db5d2a944c575.jpg,frame_00166_jpg.rf.f291f6d64d0bb3bcf01db5d2a944c575.jpg,110.78821180555556,52.11956221566295
C:\Users\carmonta\Desktop\data-centric-cross-season-transfer\datasets\train_on_2025_all\images\frame_00167_jpg.rf.759da5276b5c83708f24835339cf9e61.jpg,frame_00167_jpg.rf.759da5276b5c83708f24835339cf9e61.jpg,71.81647135416667,69.29758789377796
C:\Users\carmonta\Desktop\data-centric-cross-season-transfer\datasets\train_on_2025_all\images\frame_00167_jpg.rf.98a72e6b4406608988eae3d4fe579554.jpg,frame_00167_jpg.rf.98a72e6b4406608988eae3d4fe579554.jpg,92.19983506944445,54.58037289974827
C:\Users\carmonta\Desktop\data-centric-cross-season-transfer\datasets\train_on_2025_all\images\frame_00167_jpg.rf.c52cece6ef05b0ee00088383f8bd9a31.jpg,frame_00167_jpg.rf.c52cece6ef05b0ee00088383f8bd9a31.jpg,71.84688802083333,69.34606552730781
C:\Users\carmonta\Desktop\data-centric-cross-season-transfer\datasets\train_on_2025_all\images\frame_00167_jpg.rf.efff2d38914032c0ceb34c78cdfe25ad.jpg,frame_00167_jpg.rf.efff2d38914032c0ceb34c78cdfe25ad.jpg,71.7921484375,69.25829169662585
C:\Users\carmonta\Desktop\data-centric-cross-season-transfer\datasets\train_on_2025_all\images\frame_00168_jpg.rf.3b8c425c57a604853819ede351a937a6.jpg,frame_00168_jpg.rf.3b8c425c57a604853819ede351a937a6.jpg,88.40230034722222,49.06181991658939
C:\Users\carmonta\Desktop\data-centric-cross-season-transfer\datasets\train_on_2025_all\images\frame_00168_jpg.rf.90a8219f9314f6a0b33441bb3c9cccd2.jpg,frame_00168_jpg.rf.90a8219f9314f6a0b33441bb3c9cccd2.jpg,88.44400607638889,49.19117307787791
C:\Users\carmonta\Desktop\data-centric-cross-season-transfer\datasets\train_on_2025_all\images\frame_00168_jpg.rf.a89423c362e994e2fc9809ba4acf4e86.jpg,frame_00168_jpg.rf.a89423c362e994e2fc9809ba4acf4e86.jpg,88.4296484375,49.121650457951944
C:\Users\carmonta\Desktop\data-centric-cross-season-transfer\datasets\train_on_2025_all\images\frame_00169_jpg.rf.4a950cfc126a03674614278c8e30014f.jpg,frame_00169_jpg.rf.4a950cfc126a03674614278c8e30014f.jpg,87.20108072916666,53.7924640533987
C:\Users\carmonta\Desktop\data-centric-cross-season-transfer\datasets\train_on_2025_all\images\frame_00169_jpg.rf.971be5f8df0bce3af2f3983d77ea7305.jpg,frame_00169_jpg.rf.971be5f8df0bce3af2f3983d77ea7305.jpg,87.18752604166667,53.75538586347343
C:\Users\carmonta\Desktop\data-centric-cross-season-transfer\datasets\train_on_2025_all\images\frame_00169_jpg.rf.a086e206f6108d9c5af39d6bbbadf907.jpg,frame_00169_jpg.rf.a086e206f6108d9c5af39d6bbbadf907.jpg,87.18183159722223,53.73616772707628
C:\Users\carmonta\Desktop\data-centric-cross-season-transfer\datasets\train_on_2025_all\images\frame_00170_jpg.rf.53bfcde383af20e9cbc3639906f902ce.jpg,frame_00170_jpg.rf.53bfcde383af20e9cbc3639906f902ce.jpg,87.17710069444445,53.12905995855883
C:\Users\carmonta\Desktop\data-centric-cross-season-transfer\datasets\train_on_2025_all\images\frame_00170_jpg.rf.72ee3c36b338e5032760ed088e2ab16f.jpg,frame_00170_jpg.rf.72ee3c36b338e5032760ed088e2ab16f.jpg,87.14816840277778,53.01886447830492
C:\Users\carmonta\Desktop\data-centric-cross-season-transfer\datasets\train_on_2025_all\images\frame_00170_jpg.rf.e08b3d28c0cfc7d8c64b9fff9b8d1cd7.jpg,frame_00170_jpg.rf.e08b3d28c0cfc7d8c64b9fff9b8d1cd7.jpg,87.15345052083333,53.03250983725969
C:\Users\carmonta\Desktop\data-centric-cross-season-transfer\datasets\train_on_2025_all\images\frame_00171_jpg.rf.0fac07f665380dc9158bc369cc7f8125.jpg,frame_00171_jpg.rf.0fac07f665380dc9158bc369cc7f8125.jpg,108.19375434027778,74.51694128350061
C:\Users\carmonta\Desktop\data-centric-cross-season-transfer\datasets\train_on_2025_all\images\frame_00171_jpg.rf.5c84447c875eff734dce130b78cec75a.jpg,frame_00171_jpg.rf.5c84447c875eff734dce130b78cec75a.jpg,108.20151909722222,74.55474648462557
C:\Users\carmonta\Desktop\data-centric-cross-season-transfer\datasets\train_on_2025_all\images\frame_00171_jpg.rf.7bdcaefd847a8e8f2795495b1d9508e0.jpg,frame_00171_jpg.rf.7bdcaefd847a8e8f2795495b1d9508e0.jpg,84.6864453125,50.71366904226888
C:\Users\carmonta\Desktop\data-centric-cross-season-transfer\datasets\train_on_2025_all\images\frame_00171_jpg.rf.8fbf046de504225c41d3b0e115020df0.jpg,frame_00171_jpg.rf.8fbf046de504225c41d3b0e115020df0.jpg,108.21077690972223,74.55683977307847
C:\Users\carmonta\Desktop\data-centric-cross-season-transfer\datasets\train_on_2025_all\images\frame_00171_jpg.rf.94b60fed4d55736df323e12d980620ac.jpg,frame_00171_jpg.rf.94b60fed4d55736df323e12d980620ac.jpg,84.69895399305555,50.744940657942365
C:\Users\carmonta\Desktop\data-centric-cross-season-transfer\datasets\train_on_2025_all\images\frame_00172_jpg.rf.4970dc2ec935cfadcb37a1c6a146483a.jpg,frame_00172_jpg.rf.4970dc2ec935cfadcb37a1c6a146483a.jpg,72.75274739583334,49.03952123603426
C:\Users\carmonta\Desktop\data-centric-cross-season-transfer\datasets\train_on_2025_all\images\frame_00172_jpg.rf.554cd188d7a87696b8a1bfeea5aa7215.jpg,frame_00172_jpg.rf.554cd188d7a87696b8a1bfeea5aa7215.jpg,72.71300347222223,48.9493599330385
C:\Users\carmonta\Desktop\data-centric-cross-season-transfer\datasets\train_on_2025_all\images\frame_00172_jpg.rf.59839f61d1399f1a10f73d2a699ce70f.jpg,frame_00172_jpg.rf.59839f61d1399f1a10f73d2a699ce70f.jpg,109.04302083333333,74.8521666740858
C:\Users\carmonta\Desktop\data-centric-cross-season-transfer\datasets\train_on_2025_all\images\frame_00172_jpg.rf.5a317a4303fd346f3d0dd092749adacc.jpg,frame_00172_jpg.rf.5a317a4303fd346f3d0dd092749adacc.jpg,109.06934461805555,74.9003438338444
C:\Users\carmonta\Desktop\data-centric-cross-season-transfer\datasets\train_on_2025_all\images\frame_00172_jpg.rf.806af180e08d9dd8d990d55fb982a63a.jpg,frame_00172_jpg.rf.806af180e08d9dd8d990d55fb982a63a.jpg,109.04041666666667,74.84244010219996
C:\Users\carmonta\Desktop\data-centric-cross-season-transfer\datasets\train_on_2025_all\images\frame_00172_jpg.rf.ed556298815e17ca323378d42fa23dbd.jpg,frame_00172_jpg.rf.ed556298815e17ca323378d42fa23dbd.jpg,72.73253472222223,48.99377049579496
C:\Users\carmonta\Desktop\data-centric-cross-season-transfer\datasets\train_on_2025_all\images\frame_00173_jpg.rf.5de2ea4a74557b76612725897291b909.jpg,frame_00173_jpg.rf.5de2ea4a74557b76612725897291b909.jpg,74.15278645833334,55.44222678126138
C:\Users\carmonta\Desktop\data-centric-cross-season-transfer\datasets\train_on_2025_all\images\frame_00173_jpg.rf.ff6dfc302737530be6c07d0e292683e4.jpg,frame_00173_jpg.rf.ff6dfc302737530be6c07d0e292683e4.jpg,74.11979166666667,55.376655502200336
C:\Users\carmonta\Desktop\data-centric-cross-season-transfer\datasets\train_on_2025_all\images\frame_00174_jpg.rf.07aa8adc840e8e8182cad71faa519db8.jpg,frame_00174_jpg.rf.07aa8adc840e8e8182cad71faa519db8.jpg,78.12315972222223,60.87668158824617
C:\Users\carmonta\Desktop\data-centric-cross-season-transfer\datasets\train_on_2025_all\images\frame_00174_jpg.rf.204e5cb1a6bc8c55a5a51c89290330b8.jpg,frame_00174_jpg.rf.204e5cb1a6bc8c55a5a51c89290330b8.jpg,100.65913194444444,67.89726920039921
C:\Users\carmonta\Desktop\data-centric-cross-season-transfer\datasets\train_on_2025_all\images\frame_00174_jpg.rf.585c404b3023535aadabc15bd85155d5.jpg,frame_00174_jpg.rf.585c404b3023535aadabc15bd85155d5.jpg,78.05953993055556,60.7699756121347
C:\Users\carmonta\Desktop\data-centric-cross-season-transfer\datasets\train_on_2025_all\images\frame_00174_jpg.rf.79559def5011b4349a120c014641f0dc.jpg,frame_00174_jpg.rf.79559def5011b4349a120c014641f0dc.jpg,78.1067578125,60.87600504952919
C:\Users\carmonta\Desktop\data-centric-cross-season-transfer\datasets\train_on_2025_all\images\frame_00174_jpg.rf.7c891ea14948b6be405313c80acba661.jpg,frame_00174_jpg.rf.7c891ea14948b6be405313c80acba661.jpg,100.65946614583333,67.86585436435534
C:\Users\carmonta\Desktop\data-centric-cross-season-transfer\datasets\train_on_2025_all\images\frame_00174_jpg.rf.b317a623c2563b9d3a2a74b61276472c.jpg,frame_00174_jpg.rf.b317a623c2563b9d3a2a74b61276472c.jpg,100.64566840277777,67.84953862648989
C:\Users\carmonta\Desktop\data-centric-cross-season-transfer\datasets\train_on_2025_all\images\frame_00175_jpg.rf.40751b58a3d0fcca9bd31c5ed0e9a183.jpg,frame_00175_jpg.rf.40751b58a3d0fcca9bd31c5ed0e9a183.jpg,109.13811197916667,68.7658339764526
C:\Users\carmonta\Desktop\data-centric-cross-season-transfer\datasets\train_on_2025_all\images\frame_00175_jpg.rf.67697b9a8a8695c19f5fb19c1204788e.jpg,frame_00175_jpg.rf.67697b9a8a8695c19f5fb19c1204788e.jpg,81.25271267361111,61.45202336267779
C:\Users\carmonta\Desktop\data-centric-cross-season-transfer\datasets\train_on_2025_all\images\frame_00175_jpg.rf.9095ec589aea6d6c5776f11f2f3ad010.jpg,frame_00175_jpg.rf.9095ec589aea6d6c5776f11f2f3ad010.jpg,109.13400607638889,68.74290044032095
C:\Users\carmonta\Desktop\data-centric-cross-season-transfer\datasets\train_on_2025_all\images\frame_00175_jpg.rf.b30e6a8b06c38c6ba39040e861552d65.jpg,frame_00175_jpg.rf.b30e6a8b06c38c6ba39040e861552d65.jpg,81.25036024305555,61.45410230740026
C:\Users\carmonta\Desktop\data-centric-cross-season-transfer\datasets\train_on_2025_all\images\frame_00175_jpg.rf.b7c0e6f0bbb1cc22e99ff510e80f2b06.jpg,frame_00175_jpg.rf.b7c0e6f0bbb1cc22e99ff510e80f2b06.jpg,81.224921875,61.40395115496895
C:\Users\carmonta\Desktop\data-centric-cross-season-transfer\datasets\train_on_2025_all\images\frame_00175_jpg.rf.ee1b9d954ec2d5d8d22f1012ba881718.jpg,frame_00175_jpg.rf.ee1b9d954ec2d5d8d22f1012ba881718.jpg,109.16165798611111,68.81048194659955
C:\Users\carmonta\Desktop\data-centric-cross-season-transfer\datasets\train_on_2025_all\images\frame_00176_jpg.rf.0150d23c6192c1a9aa4aea41ea276bf6.jpg,frame_00176_jpg.rf.0150d23c6192c1a9aa4aea41ea276bf6.jpg,84.75116753472223,59.12783559921063
C:\Users\carmonta\Desktop\data-centric-cross-season-transfer\datasets\train_on_2025_all\images\frame_00176_jpg.rf.384c91dbbd257a2aed4e0987422912a6.jpg,frame_00176_jpg.rf.384c91dbbd257a2aed4e0987422912a6.jpg,84.77173611111111,59.179692563551505
C:\Users\carmonta\Desktop\data-centric-cross-season-transfer\datasets\train_on_2025_all\images\frame_00176_jpg.rf.4ba7661a9a11ef6f22e36c0cc23a3a1a.jpg,frame_00176_jpg.rf.4ba7661a9a11ef6f22e36c0cc23a3a1a.jpg,89.94158854166666,70.19907313741068
C:\Users\carmonta\Desktop\data-centric-cross-season-transfer\datasets\train_on_2025_all\images\frame_00176_jpg.rf.6562206316e2ed298a61e8fb74670236.jpg,frame_00176_jpg.rf.6562206316e2ed298a61e8fb74670236.jpg,89.92620659722222,70.1808975623617
C:\Users\carmonta\Desktop\data-centric-cross-season-transfer\datasets\train_on_2025_all\images\frame_00176_jpg.rf.d168c951ef8524eff79ca36a31480391.jpg,frame_00176_jpg.rf.d168c951ef8524eff79ca36a31480391.jpg,84.72926649305556,59.066732999987636
C:\Users\carmonta\Desktop\data-centric-cross-season-transfer\datasets\train_on_2025_all\images\frame_00176_jpg.rf.d2dff2a276a5fb586337943af3bdab0f.jpg,frame_00176_jpg.rf.d2dff2a276a5fb586337943af3bdab0f.jpg,89.92466145833333,70.14920204865106
C:\Users\carmonta\Desktop\data-centric-cross-season-transfer\datasets\train_on_2025_all\images\frame_00177_jpg.rf.c09668ae743794967e11b192bbf9d81c.jpg,frame_00177_jpg.rf.c09668ae743794967e11b192bbf9d81c.jpg,62.50341579861111,56.29960703434091
C:\Users\carmonta\Desktop\data-centric-cross-season-transfer\datasets\train_on_2025_all\images\frame_00177_jpg.rf.ed71c58969a1006fcfe9845e2e101f38.jpg,frame_00177_jpg.rf.ed71c58969a1006fcfe9845e2e101f38.jpg,62.52424479166667,56.33886994213448
C:\Users\carmonta\Desktop\data-centric-cross-season-transfer\datasets\train_on_2025_all\images\frame_00178_jpg.rf.c5f08b2e6e175a9354129b147032e398.jpg,frame_00178_jpg.rf.c5f08b2e6e175a9354129b147032e398.jpg,77.61345052083334,62.82371571083197
C:\Users\carmonta\Desktop\data-centric-cross-season-transfer\datasets\train_on_2025_all\images\frame_00178_jpg.rf.fe2afc73549f46796e8b584a9d95d48a.jpg,frame_00178_jpg.rf.fe2afc73549f46796e8b584a9d95d48a.jpg,77.66841579861111,62.89413472648923
C:\Users\carmonta\Desktop\data-centric-cross-season-transfer\datasets\train_on_2025_all\images\frame_00179_jpg.rf.26dbccae967b77f3f598ec308e07a030.jpg,frame_00179_jpg.rf.26dbccae967b77f3f598ec308e07a030.jpg,84.45184461805556,71.05697500375449
C:\Users\carmonta\Desktop\data-centric-cross-season-transfer\datasets\train_on_2025_all\images\frame_00179_jpg.rf.78e7476ddf7188288ea95dd4087eb139.jpg,frame_00179_jpg.rf.78e7476ddf7188288ea95dd4087eb139.jpg,84.40699652777778,70.99090002819014
C:\Users\carmonta\Desktop\data-centric-cross-season-transfer\datasets\train_on_2025_all\images\frame_00179_jpg.rf.b2d11961150acea61d778a59535d052e.jpg,frame_00179_jpg.rf.b2d11961150acea61d778a59535d052e.jpg,84.39714409722222,70.97055001389221
C:\Users\carmonta\Desktop\data-centric-cross-season-transfer\datasets\train_on_2025_all\images\frame_00181_jpg.rf.ca7e288369a0bd2f3f72309aad708996.jpg,frame_00181_jpg.rf.ca7e288369a0bd2f3f72309aad708996.jpg,74.28782118055555,66.85273296953388
C:\Users\carmonta\Desktop\data-centric-cross-season-transfer\datasets\train_on_2025_all\images\frame_00181_jpg.rf.dbbea8c773c75a496272c60e9e7a5c44.jpg,frame_00181_jpg.rf.dbbea8c773c75a496272c60e9e7a5c44.jpg,74.28769097222222,66.86625392871997
C:\Users\carmonta\Desktop\data-centric-cross-season-transfer\datasets\train_on_2025_all\images\frame_00181_jpg.rf.faa56a015e4de6a4ba9aef6295a234de.jpg,frame_00181_jpg.rf.faa56a015e4de6a4ba9aef6295a234de.jpg,74.23821614583333,66.7801863738816
C:\Users\carmonta\Desktop\data-centric-cross-season-transfer\datasets\train_on_2025_all\images\frame_00182_jpg.rf.8a45aec1004c436b78d061a349eb879d.jpg,frame_00182_jpg.rf.8a45aec1004c436b78d061a349eb879d.jpg,89.32052517361112,70.84880849755204
C:\Users\carmonta\Desktop\data-centric-cross-season-transfer\datasets\train_on_2025_all\images\frame_00182_jpg.rf.b8744c30a9b785a2e0fa3adef03441df.jpg,frame_00182_jpg.rf.b8744c30a9b785a2e0fa3adef03441df.jpg,89.32359375,70.8432663422805
C:\Users\carmonta\Desktop\data-centric-cross-season-transfer\datasets\train_on_2025_all\images\frame_00182_jpg.rf.e32d65a50212ecf3adb08fca04204c77.jpg,frame_00182_jpg.rf.e32d65a50212ecf3adb08fca04204c77.jpg,89.29444878472222,70.7912318292755
C:\Users\carmonta\Desktop\data-centric-cross-season-transfer\datasets\train_on_2025_all\images\frame_00183_jpg.rf.7f40ed458186ee2aa51920a2e44547b0.jpg,frame_00183_jpg.rf.7f40ed458186ee2aa51920a2e44547b0.jpg,85.26958333333333,63.709490998038646
C:\Users\carmonta\Desktop\data-centric-cross-season-transfer\datasets\train_on_2025_all\images\frame_00183_jpg.rf.daa6e5a84ccbcad5d525a0d9eac0d492.jpg,frame_00183_jpg.rf.daa6e5a84ccbcad5d525a0d9eac0d492.jpg,85.19815538194445,63.630597952002056
C:\Users\carmonta\Desktop\data-centric-cross-season-transfer\datasets\train_on_2025_all\images\frame_00183_jpg.rf.f74b7e3ae9bc5792d468906bb09a0e8c.jpg,frame_00183_jpg.rf.f74b7e3ae9bc5792d468906bb09a0e8c.jpg,85.24402777777777,63.6917746010626
C:\Users\carmonta\Desktop\data-centric-cross-season-transfer\datasets\train_on_2025_all\images\frame_00184_jpg.rf.8479f2880eabb2b28feed70c5dcb9233.jpg,frame_00184_jpg.rf.8479f2880eabb2b28feed70c5dcb9233.jpg,98.84576822916667,60.731553282650076
C:\Users\carmonta\Desktop\data-centric-cross-season-transfer\datasets\train_on_2025_all\images\frame_00184_jpg.rf.f64615418aec9e83746f397af1099e13.jpg,frame_00184_jpg.rf.f64615418aec9e83746f397af1099e13.jpg,98.84170572916666,60.680363890202834
C:\Users\carmonta\Desktop\data-centric-cross-season-transfer\datasets\train_on_2025_all\images\frame_00186_jpg.rf.7fbb6d3da0d439072b0bdc3800e90ea1.jpg,frame_00186_jpg.rf.7fbb6d3da0d439072b0bdc3800e90ea1.jpg,85.79669704861111,64.82012886656437
C:\Users\carmonta\Desktop\data-centric-cross-season-transfer\datasets\train_on_2025_all\images\frame_00186_jpg.rf.dbcf4c8cf050819f4ea286a19b787679.jpg,frame_00186_jpg.rf.dbcf4c8cf050819f4ea286a19b787679.jpg,85.81915364583334,64.8909398126564
C:\Users\carmonta\Desktop\data-centric-cross-season-transfer\datasets\train_on_2025_all\images\frame_00187_jpg.rf.60ee8c263992d6650b55ec5f837da513.jpg,frame_00187_jpg.rf.60ee8c263992d6650b55ec5f837da513.jpg,85.98649305555556,64.54679268588542
C:\Users\carmonta\Desktop\data-centric-cross-season-transfer\datasets\train_on_2025_all\images\frame_00187_jpg.rf.d7ef14f7deec82a454ed57d84fa26b91.jpg,frame_00187_jpg.rf.d7ef14f7deec82a454ed57d84fa26b91.jpg,85.97328125,64.4977018162711
C:\Users\carmonta\Desktop\data-centric-cross-season-transfer\datasets\train_on_2025_all\images\frame_00187_jpg.rf.ec1a63e9583601b967401351d0c55e70.jpg,frame_00187_jpg.rf.ec1a63e9583601b967401351d0c55e70.jpg,85.94557725694445,64.46281552886202
C:\Users\carmonta\Desktop\data-centric-cross-season-transfer\datasets\train_on_2025_all\images\frame_00188_jpg.rf.147620c1e0c10868f42b5ebce8e85ff3.jpg,frame_00188_jpg.rf.147620c1e0c10868f42b5ebce8e85ff3.jpg,87.01391927083333,65.88327484532154
C:\Users\carmonta\Desktop\data-centric-cross-season-transfer\datasets\train_on_2025_all\images\frame_00188_jpg.rf.c3f111e1333dbd8cd3d418ac8df2b0da.jpg,frame_00188_jpg.rf.c3f111e1333dbd8cd3d418ac8df2b0da.jpg,87.02894097222222,65.91491428025151
C:\Users\carmonta\Desktop\data-centric-cross-season-transfer\datasets\train_on_2025_all\images\frame_00188_jpg.rf.d0d20aba2bb642f96cdb718172b9bca4.jpg,frame_00188_jpg.rf.d0d20aba2bb642f96cdb718172b9bca4.jpg,86.99489583333333,65.85049169849526
C:\Users\carmonta\Desktop\data-centric-cross-season-transfer\datasets\train_on_2025_all\images\frame_00189_jpg.rf.b4cb613f0406706a64bb085193914fde.jpg,frame_00189_jpg.rf.b4cb613f0406706a64bb085193914fde.jpg,86.73580295138889,68.89793468539213
C:\Users\carmonta\Desktop\data-centric-cross-season-transfer\datasets\train_on_2025_all\images\frame_00189_jpg.rf.b844beed392116f44afce644597a023b.jpg,frame_00189_jpg.rf.b844beed392116f44afce644597a023b.jpg,86.7025390625,68.83955519810254
C:\Users\carmonta\Desktop\data-centric-cross-season-transfer\datasets\train_on_2025_all\images\frame_00189_jpg.rf.cc64ffdea48239c8c51dbc6dd6521b4c.jpg,frame_00189_jpg.rf.cc64ffdea48239c8c51dbc6dd6521b4c.jpg,86.69734375,68.8292677236573
C:\Users\carmonta\Desktop\data-centric-cross-season-transfer\datasets\train_on_2025_all\images\frame_00192_jpg.rf.6a7a5f74808714effb6bee4c2105755d.jpg,frame_00192_jpg.rf.6a7a5f74808714effb6bee4c2105755d.jpg,89.86763888888889,68.263055499745
C:\Users\carmonta\Desktop\data-centric-cross-season-transfer\datasets\train_on_2025_all\images\frame_00192_jpg.rf.797f741c92388dd1b2e4878dc0a3e8c9.jpg,frame_00192_jpg.rf.797f741c92388dd1b2e4878dc0a3e8c9.jpg,89.85062934027778,68.22688368981885
C:\Users\carmonta\Desktop\data-centric-cross-season-transfer\datasets\train_on_2025_all\images\frame_00192_jpg.rf.c75cff2dcaee40e24c42ec2067eff920.jpg,frame_00192_jpg.rf.c75cff2dcaee40e24c42ec2067eff920.jpg,89.88201388888889,68.28021737286663
C:\Users\carmonta\Desktop\data-centric-cross-season-transfer\datasets\train_on_2025_all\images\frame_00194_jpg.rf.0cf908debb751707cca2d6b1a7a3b78d.jpg,frame_00194_jpg.rf.0cf908debb751707cca2d6b1a7a3b78d.jpg,94.08068142361111,63.82763509478168
C:\Users\carmonta\Desktop\data-centric-cross-season-transfer\datasets\train_on_2025_all\images\frame_00194_jpg.rf.42ae5f32903008a11269e6808962ba65.jpg,frame_00194_jpg.rf.42ae5f32903008a11269e6808962ba65.jpg,94.09415798611111,63.8762949469414
C:\Users\carmonta\Desktop\data-centric-cross-season-transfer\datasets\train_on_2025_all\images\frame_00194_jpg.rf.97c9e4b9bf269bcba1be06614b7c5a82.jpg,frame_00194_jpg.rf.97c9e4b9bf269bcba1be06614b7c5a82.jpg,94.12428385416666,63.90895814459629
C:\Users\carmonta\Desktop\data-centric-cross-season-transfer\datasets\train_on_2025_all\images\frame_00195_jpg.rf.2ed677f8430da08f4981aa97f59408d2.jpg,frame_00195_jpg.rf.2ed677f8430da08f4981aa97f59408d2.jpg,91.05161458333333,71.09974258014276
C:\Users\carmonta\Desktop\data-centric-cross-season-transfer\datasets\train_on_2025_all\images\frame_00195_jpg.rf.565ddeb9e0efd2131d39b4c375cf656d.jpg,frame_00195_jpg.rf.565ddeb9e0efd2131d39b4c375cf656d.jpg,91.07484809027778,71.13473791729321
C:\Users\carmonta\Desktop\data-centric-cross-season-transfer\datasets\train_on_2025_all\images\frame_00195_jpg.rf.c84273dcb87dc397b66627be5b488490.jpg,frame_00195_jpg.rf.c84273dcb87dc397b66627be5b488490.jpg,91.06637152777778,71.12359575132629
C:\Users\carmonta\Desktop\data-centric-cross-season-transfer\datasets\train_on_2025_all\images\frame_00196_jpg.rf.1a4f9d6c0acc7ade63b282863f0b46df.jpg,frame_00196_jpg.rf.1a4f9d6c0acc7ade63b282863f0b46df.jpg,86.18013454861111,66.49409875118164
C:\Users\carmonta\Desktop\data-centric-cross-season-transfer\datasets\train_on_2025_all\images\frame_00196_jpg.rf.27928df31a68eaa9dbe21fef14c5544e.jpg,frame_00196_jpg.rf.27928df31a68eaa9dbe21fef14c5544e.jpg,86.12736545138888,66.42870092578677
C:\Users\carmonta\Desktop\data-centric-cross-season-transfer\datasets\train_on_2025_all\images\frame_00196_jpg.rf.b0a05a08e0a7874e4d1af17e11403b4a.jpg,frame_00196_jpg.rf.b0a05a08e0a7874e4d1af17e11403b4a.jpg,86.1582421875,66.47104585989833
C:\Users\carmonta\Desktop\data-centric-cross-season-transfer\datasets\train_on_2025_all\images\frame_00197_jpg.rf.10d35142641cd74d54bcdaa82aa9bda4.jpg,frame_00197_jpg.rf.10d35142641cd74d54bcdaa82aa9bda4.jpg,82.948515625,61.38892264340093
C:\Users\carmonta\Desktop\data-centric-cross-season-transfer\datasets\train_on_2025_all\images\frame_00197_jpg.rf.314f3bef9a996bfba4f8799e5db538b2.jpg,frame_00197_jpg.rf.314f3bef9a996bfba4f8799e5db538b2.jpg,82.98921006944444,61.490928756535205
C:\Users\carmonta\Desktop\data-centric-cross-season-transfer\datasets\train_on_2025_all\images\frame_00199_jpg.rf.33140641f251ef49d428b5636df905a9.jpg,frame_00199_jpg.rf.33140641f251ef49d428b5636df905a9.jpg,80.1487282986111,63.06918766596397
C:\Users\carmonta\Desktop\data-centric-cross-season-transfer\datasets\train_on_2025_all\images\frame_00199_jpg.rf.5db3ad63af804a38fc7264af559f109b.jpg,frame_00199_jpg.rf.5db3ad63af804a38fc7264af559f109b.jpg,80.146328125,63.06163564452771
C:\Users\carmonta\Desktop\data-centric-cross-season-transfer\datasets\train_on_2025_all\images\frame_00200_jpg.rf.3306beb64c7f86100c5b2509b7ee5734.jpg,frame_00200_jpg.rf.3306beb64c7f86100c5b2509b7ee5734.jpg,85.9424001736111,71.83914723525862
C:\Users\carmonta\Desktop\data-centric-cross-season-transfer\datasets\train_on_2025_all\images\frame_00200_jpg.rf.7ab93933120dbaef72c7a5c8c269f9e9.jpg,frame_00200_jpg.rf.7ab93933120dbaef72c7a5c8c269f9e9.jpg,92.83979166666667,66.84515878826844
C:\Users\carmonta\Desktop\data-centric-cross-season-transfer\datasets\train_on_2025_all\images\frame_00200_jpg.rf.7c954d0c3e8bfabea55e4c9a6a030284.jpg,frame_00200_jpg.rf.7c954d0c3e8bfabea55e4c9a6a030284.jpg,85.93133680555556,71.82758779674467
C:\Users\carmonta\Desktop\data-centric-cross-season-transfer\datasets\train_on_2025_all\images\frame_00200_jpg.rf.abf11aff7933e6ab88779a05dbcc4b14.jpg,frame_00200_jpg.rf.abf11aff7933e6ab88779a05dbcc4b14.jpg,92.82546440972222,66.8093153668933
C:\Users\carmonta\Desktop\data-centric-cross-season-transfer\datasets\train_on_2025_all\images\frame_00200_jpg.rf.acda13896b74c24b49b94e38fa24bf4d.jpg,frame_00200_jpg.rf.acda13896b74c24b49b94e38fa24bf4d.jpg,85.96404513888889,71.88515278987006
C:\Users\carmonta\Desktop\data-centric-cross-season-transfer\datasets\train_on_2025_all\images\frame_00204_jpg.rf.6e70f8ad724386117bdf0dc580e25215.jpg,frame_00204_jpg.rf.6e70f8ad724386117bdf0dc580e25215.jpg,94.81401475694445,60.27700104353123
C:\Users\carmonta\Desktop\data-centric-cross-season-transfer\datasets\train_on_2025_all\images\frame_00204_jpg.rf.d46cae2e7bedfb3a63f59c6c9c23d4ef.jpg,frame_00204_jpg.rf.d46cae2e7bedfb3a63f59c6c9c23d4ef.jpg,94.8436328125,60.37348836240729
C:\Users\carmonta\Desktop\data-centric-cross-season-transfer\datasets\train_on_2025_all\images\frame_00205_jpg.rf.391eb1d8a251a161bf86371eb0b8857c.jpg,frame_00205_jpg.rf.391eb1d8a251a161bf86371eb0b8857c.jpg,92.86046875,55.234042141043844
C:\Users\carmonta\Desktop\data-centric-cross-season-transfer\datasets\train_on_2025_all\images\frame_00205_jpg.rf.a32bd44aa7be3efb016da06e785681c7.jpg,frame_00205_jpg.rf.a32bd44aa7be3efb016da06e785681c7.jpg,92.87005208333333,55.27435499520709
C:\Users\carmonta\Desktop\data-centric-cross-season-transfer\datasets\train_on_2025_all\images\frame_00205_jpg.rf.dd3a73842576600e3e446c4f87958904.jpg,frame_00205_jpg.rf.dd3a73842576600e3e446c4f87958904.jpg,92.86315104166667,55.25087429990832
C:\Users\carmonta\Desktop\data-centric-cross-season-transfer\datasets\train_on_2025_all\images\frame_00206_jpg.rf.68e8b8de2b0f236759b7f3e64d7d764f.jpg,frame_00206_jpg.rf.68e8b8de2b0f236759b7f3e64d7d764f.jpg,87.93585503472222,52.32718485816311
C:\Users\carmonta\Desktop\data-centric-cross-season-transfer\datasets\train_on_2025_all\images\frame_00206_jpg.rf.9850fcccd9ce72e6090b86736cc1c3e3.jpg,frame_00206_jpg.rf.9850fcccd9ce72e6090b86736cc1c3e3.jpg,87.94803385416667,52.3749258654895
C:\Users\carmonta\Desktop\data-centric-cross-season-transfer\datasets\train_on_2025_all\images\frame_00207_jpg.rf.47abfc44a56f4a7b9d19a9b617bb9bc6.jpg,frame_00207_jpg.rf.47abfc44a56f4a7b9d19a9b617bb9bc6.jpg,88.76196180555556,53.18455603850078
C:\Users\carmonta\Desktop\data-centric-cross-season-transfer\datasets\train_on_2025_all\images\frame_00207_jpg.rf.b2d8a8b6434c5e28b30d4c3e7992504b.jpg,frame_00207_jpg.rf.b2d8a8b6434c5e28b30d4c3e7992504b.jpg,88.75143663194444,53.15326886867516
C:\Users\carmonta\Desktop\data-centric-cross-season-transfer\datasets\train_on_2025_all\images\frame_00208_jpg.rf.06de581d054804e19578718743165b6a.jpg,frame_00208_jpg.rf.06de581d054804e19578718743165b6a.jpg,95.42848090277778,53.28180622503395
C:\Users\carmonta\Desktop\data-centric-cross-season-transfer\datasets\train_on_2025_all\images\frame_00208_jpg.rf.45444d57f6bd5923d9c934f50df136be.jpg,frame_00208_jpg.rf.45444d57f6bd5923d9c934f50df136be.jpg,85.91147569444445,75.0453754652817
C:\Users\carmonta\Desktop\data-centric-cross-season-transfer\datasets\train_on_2025_all\images\frame_00208_jpg.rf.c0156c6de23f416f7743206fd1c7c80d.jpg,frame_00208_jpg.rf.c0156c6de23f416f7743206fd1c7c80d.jpg,85.87300347222222,74.99226464975305
C:\Users\carmonta\Desktop\data-centric-cross-season-transfer\datasets\train_on_2025_all\images\frame_00208_jpg.rf.c7594e66d1f7e1d6360a90b5b788fa16.jpg,frame_00208_jpg.rf.c7594e66d1f7e1d6360a90b5b788fa16.jpg,85.90550347222222,75.05006403776684
C:\Users\carmonta\Desktop\data-centric-cross-season-transfer\datasets\train_on_2025_all\images\frame_00208_jpg.rf.ce685b33bf3e98da2c9317a2d10dff5a.jpg,frame_00208_jpg.rf.ce685b33bf3e98da2c9317a2d10dff5a.jpg,95.39028211805555,53.15489144524543
C:\Users\carmonta\Desktop\data-centric-cross-season-transfer\datasets\train_on_2025_all\images\frame_00210_jpg.rf.bb206c1c559e0a4a8438cbc3f723d3bb.jpg,frame_00210_jpg.rf.bb206c1c559e0a4a8438cbc3f723d3bb.jpg,78.96896701388889,53.147222072626775
C:\Users\carmonta\Desktop\data-centric-cross-season-transfer\datasets\train_on_2025_all\images\frame_00211_jpg.rf.bd31bc31b9ead78b66804008eb621dbd.jpg,frame_00211_jpg.rf.bd31bc31b9ead78b66804008eb621dbd.jpg,81.15102430555555,57.577841067001714
C:\Users\carmonta\Desktop\data-centric-cross-season-transfer\datasets\train_on_2025_all\images\frame_00211_jpg.rf.e717ca45b72773ba1f31b25dd26a4b50.jpg,frame_00211_jpg.rf.e717ca45b72773ba1f31b25dd26a4b50.jpg,81.15676649305556,57.59037224642617
C:\Users\carmonta\Desktop\data-centric-cross-season-transfer\datasets\train_on_2025_all\images\frame_00211_jpg.rf.f35b7f4e47f0cabae32e5fe5ec190555.jpg,frame_00211_jpg.rf.f35b7f4e47f0cabae32e5fe5ec190555.jpg,81.19716145833333,57.698690445238526
C:\Users\carmonta\Desktop\data-centric-cross-season-transfer\datasets\train_on_2025_all\images\frame_00212_jpg.rf.1d1b2f52634e7452db6072bc283bc5cb.jpg,frame_00212_jpg.rf.1d1b2f52634e7452db6072bc283bc5cb.jpg,87.93650173611111,58.73318143648476
C:\Users\carmonta\Desktop\data-centric-cross-season-transfer\datasets\train_on_2025_all\images\frame_00212_jpg.rf.6084b8e5babf78d80403e0fe443f8831.jpg,frame_00212_jpg.rf.6084b8e5babf78d80403e0fe443f8831.jpg,87.98594184027777,58.8179929195431
C:\Users\carmonta\Desktop\data-centric-cross-season-transfer\datasets\train_on_2025_all\images\frame_00212_jpg.rf.eb1be838767c9471b6156d11b07134bc.jpg,frame_00212_jpg.rf.eb1be838767c9471b6156d11b07134bc.jpg,87.98587239583334,58.862774850362015
C:\Users\carmonta\Desktop\data-centric-cross-season-transfer\datasets\train_on_2025_all\images\frame_00213_jpg.rf.1443a5d3549554051bdbd9e1492e1285.jpg,frame_00213_jpg.rf.1443a5d3549554051bdbd9e1492e1285.jpg,98.26713541666666,62.906058858425695
C:\Users\carmonta\Desktop\data-centric-cross-season-transfer\datasets\train_on_2025_all\images\frame_00213_jpg.rf.4482bf4d683e7afec155c54c46a181f6.jpg,frame_00213_jpg.rf.4482bf4d683e7afec155c54c46a181f6.jpg,98.27749565972222,62.88042986946382
C:\Users\carmonta\Desktop\data-centric-cross-season-transfer\datasets\train_on_2025_all\images\frame_00214_jpg.rf.0cd658c06ea8ae50e933930534e1c29a.jpg,frame_00214_jpg.rf.0cd658c06ea8ae50e933930534e1c29a.jpg,101.710625,66.38791857405597
C:\Users\carmonta\Desktop\data-centric-cross-season-transfer\datasets\train_on_2025_all\images\frame_00214_jpg.rf.2dd2944a9b2a39821986cf0153cbfe38.jpg,frame_00214_jpg.rf.2dd2944a9b2a39821986cf0153cbfe38.jpg,101.71270399305556,66.41365870486955
C:\Users\carmonta\Desktop\data-centric-cross-season-transfer\datasets\train_on_2025_all\images\frame_00215_jpg.rf.56d766035a9e61acf4cfac56f6db346b.jpg,frame_00215_jpg.rf.56d766035a9e61acf4cfac56f6db346b.jpg,99.35275607638889,70.56075915423106
C:\Users\carmonta\Desktop\data-centric-cross-season-transfer\datasets\train_on_2025_all\images\frame_00215_jpg.rf.de55fc16e17e17d7ca9e58f246610cca.jpg,frame_00215_jpg.rf.de55fc16e17e17d7ca9e58f246610cca.jpg,99.33171006944444,70.50554138505196
C:\Users\carmonta\Desktop\data-centric-cross-season-transfer\datasets\train_on_2025_all\images\frame_00216_jpg.rf.1f6a7dc2c19509b87c22e4cedaae6442.jpg,frame_00216_jpg.rf.1f6a7dc2c19509b87c22e4cedaae6442.jpg,89.92700520833333,75.80229923511445
C:\Users\carmonta\Desktop\data-centric-cross-season-transfer\datasets\train_on_2025_all\images\frame_00216_jpg.rf.29e85c8a6739eb8e3c097d056242f6e1.jpg,frame_00216_jpg.rf.29e85c8a6739eb8e3c097d056242f6e1.jpg,89.87120659722223,75.76625931869866
C:\Users\carmonta\Desktop\data-centric-cross-season-transfer\datasets\train_on_2025_all\images\frame_00216_jpg.rf.94d0400d5834741dae3286f9d9763025.jpg,frame_00216_jpg.rf.94d0400d5834741dae3286f9d9763025.jpg,89.86270833333333,75.74024320616364
C:\Users\carmonta\Desktop\data-centric-cross-season-transfer\datasets\train_on_2025_all\images\frame_00217_jpg.rf.42dc089fa08efbe67da4b8394c232be1.jpg,frame_00217_jpg.rf.42dc089fa08efbe67da4b8394c232be1.jpg,69.54589409722222,73.40257995756201
C:\Users\carmonta\Desktop\data-centric-cross-season-transfer\datasets\train_on_2025_all\images\frame_00217_jpg.rf.855fd97351dbb677f49e90a048062634.jpg,frame_00217_jpg.rf.855fd97351dbb677f49e90a048062634.jpg,69.57221354166667,73.43085314219434
C:\Users\carmonta\Desktop\data-centric-cross-season-transfer\datasets\train_on_2025_all\images\frame_00217_jpg.rf.9e7a0d495cee96c03c3b21cf0e97cee7.jpg,frame_00217_jpg.rf.9e7a0d495cee96c03c3b21cf0e97cee7.jpg,69.56233072916666,73.42035972752441
C:\Users\carmonta\Desktop\data-centric-cross-season-transfer\datasets\train_on_2025_all\images\frame_00218_jpg.rf.03c9bc09df7d6dabb8405d1bba24f43a.jpg,frame_00218_jpg.rf.03c9bc09df7d6dabb8405d1bba24f43a.jpg,52.48223958333333,58.57230994129622
C:\Users\carmonta\Desktop\data-centric-cross-season-transfer\datasets\train_on_2025_all\images\frame_00218_jpg.rf.66313a6512d3b3b9ac9a28852f9ec30c.jpg,frame_00218_jpg.rf.66313a6512d3b3b9ac9a28852f9ec30c.jpg,52.51118489583333,58.60633502537451
C:\Users\carmonta\Desktop\data-centric-cross-season-transfer\datasets\train_on_2025_all\images\frame_00219_jpg.rf.a37d9fb1b17473d8bed10080c02d95a0.jpg,frame_00219_jpg.rf.a37d9fb1b17473d8bed10080c02d95a0.jpg,52.910655381944444,55.76136678159642
C:\Users\carmonta\Desktop\data-centric-cross-season-transfer\datasets\train_on_2025_all\images\frame_00219_jpg.rf.d9f81c13117c372d6a4fa3ad67e85021.jpg,frame_00219_jpg.rf.d9f81c13117c372d6a4fa3ad67e85021.jpg,52.88170572916667,55.71720217710734
C:\Users\carmonta\Desktop\data-centric-cross-season-transfer\datasets\train_on_2025_all\images\frame_00219_jpg.rf.e896e5e5b3680c246aa91c3a9d6f7242.jpg,frame_00219_jpg.rf.e896e5e5b3680c246aa91c3a9d6f7242.jpg,52.91338975694445,55.76709366324342
C:\Users\carmonta\Desktop\data-centric-cross-season-transfer\datasets\train_on_2025_all\images\frame_00220_jpg.rf.840538fb65786ed5070fe22850f1380c.jpg,frame_00220_jpg.rf.840538fb65786ed5070fe22850f1380c.jpg,65.17197916666667,66.30074777711879
C:\Users\carmonta\Desktop\data-centric-cross-season-transfer\datasets\train_on_2025_all\images\frame_00220_jpg.rf.c19d99cbbb21b2e2beea768d4a38f8b0.jpg,frame_00220_jpg.rf.c19d99cbbb21b2e2beea768d4a38f8b0.jpg,65.2172265625,66.3603303988262
C:\Users\carmonta\Desktop\data-centric-cross-season-transfer\datasets\train_on_2025_all\images\frame_00220_jpg.rf.c3b881a0a7ebd249c8b1c6cff6e16981.jpg,frame_00220_jpg.rf.c3b881a0a7ebd249c8b1c6cff6e16981.jpg,65.18447048611111,66.31879177514284
C:\Users\carmonta\Desktop\data-centric-cross-season-transfer\datasets\train_on_2025_all\images\frame_00222_jpg.rf.0070bd6d392dfda7117fd4ed04fd7990.jpg,frame_00222_jpg.rf.0070bd6d392dfda7117fd4ed04fd7990.jpg,101.93220486111112,72.16061130532383
C:\Users\carmonta\Desktop\data-centric-cross-season-transfer\datasets\train_on_2025_all\images\frame_00222_jpg.rf.81a0ddf09603136387fe32da4d508fee.jpg,frame_00222_jpg.rf.81a0ddf09603136387fe32da4d508fee.jpg,101.92265190972222,72.15051020129832
C:\Users\carmonta\Desktop\data-centric-cross-season-transfer\datasets\train_on_2025_all\images\frame_00226_jpg.rf.218d96c1f72b455434ee473bba1672c2.jpg,frame_00226_jpg.rf.218d96c1f72b455434ee473bba1672c2.jpg,77.32480034722222,60.116012982293014
C:\Users\carmonta\Desktop\data-centric-cross-season-transfer\datasets\train_on_2025_all\images\frame_00226_jpg.rf.7e99009c299e642848fdc908a0c226fb.jpg,frame_00226_jpg.rf.7e99009c299e642848fdc908a0c226fb.jpg,77.31540364583333,60.10149000872908
C:\Users\carmonta\Desktop\data-centric-cross-season-transfer\datasets\train_on_2025_all\images\frame_00226_jpg.rf.d631ed0f16b9d8b64aa5f259ab812830.jpg,frame_00226_jpg.rf.d631ed0f16b9d8b64aa5f259ab812830.jpg,77.30903645833334,60.0920493268515
C:\Users\carmonta\Desktop\data-centric-cross-season-transfer\datasets\train_on_2025_all\images\frame_00231_jpg.rf.1deda93eb09388ff73ff404a6dc00997.jpg,frame_00231_jpg.rf.1deda93eb09388ff73ff404a6dc00997.jpg,100.12548611111112,69.49116868930442
C:\Users\carmonta\Desktop\data-centric-cross-season-transfer\datasets\train_on_2025_all\images\frame_00231_jpg.rf.e23665b35c96dd5bbb695592bf8cc084.jpg,frame_00231_jpg.rf.e23665b35c96dd5bbb695592bf8cc084.jpg,100.12548611111112,69.49116868930442
C:\Users\carmonta\Desktop\data-centric-cross-season-transfer\datasets\train_on_2025_all\images\GX010664_MP4-0024_jpg.rf.343b867058aa19586833dd1782bd9067.jpg,GX010664_MP4-0024_jpg.rf.343b867058aa19586833dd1782bd9067.jpg,140.58968315972223,42.4209516539001
C:\Users\carmonta\Desktop\data-centric-cross-season-transfer\datasets\train_on_2025_all\images\GX010664_MP4-0026_jpg.rf.013f1bb913aa7cce8f44eec370687d3a.jpg,GX010664_MP4-0026_jpg.rf.013f1bb913aa7cce8f44eec370687d3a.jpg,143.4013324652778,43.07492034794122
C:\Users\carmonta\Desktop\data-centric-cross-season-transfer\datasets\train_on_2025_all\images\GX010664_MP4-0026_jpg.rf.216d9c6309a2559b8a00c31de0273d0c.jpg,GX010664_MP4-0026_jpg.rf.216d9c6309a2559b8a00c31de0273d0c.jpg,143.4005859375,42.99103320796817
C:\Users\carmonta\Desktop\data-centric-cross-season-transfer\datasets\train_on_2025_all\images\GX010664_MP4-0026_jpg.rf.72686199d71f048028cc2b58bac6d3fe.jpg,GX010664_MP4-0026_jpg.rf.72686199d71f048028cc2b58bac6d3fe.jpg,143.39442274305554,43.12630884855727
C:\Users\carmonta\Desktop\data-centric-cross-season-transfer\datasets\train_on_2025_all\images\GX010664_MP4-0027_jpg.rf.724cfb36346fcec21e99e36b8e08f511.jpg,GX010664_MP4-0027_jpg.rf.724cfb36346fcec21e99e36b8e08f511.jpg,138.1277734375,40.721007573522
C:\Users\carmonta\Desktop\data-centric-cross-season-transfer\datasets\train_on_2025_all\images\GX010664_MP4-0030_jpg.rf.1fc2eaa7fac9b15e175628f4446dd4e9.jpg,GX010664_MP4-0030_jpg.rf.1fc2eaa7fac9b15e175628f4446dd4e9.jpg,142.03466145833335,39.54466440129546
C:\Users\carmonta\Desktop\data-centric-cross-season-transfer\datasets\train_on_2025_all\images\GX010664_MP4-0030_jpg.rf.a733f05673dcad4dfab7c2a9b0428653.jpg,GX010664_MP4-0030_jpg.rf.a733f05673dcad4dfab7c2a9b0428653.jpg,142.01943576388888,39.588326163550256
C:\Users\carmonta\Desktop\data-centric-cross-season-transfer\datasets\train_on_2025_all\images\GX010664_MP4-0030_jpg.rf.b3bf2e905aa6c56dacadbe39d62f9e8d.jpg,GX010664_MP4-0030_jpg.rf.b3bf2e905aa6c56dacadbe39d62f9e8d.jpg,142.03477430555554,39.45894707527482
C:\Users\carmonta\Desktop\data-centric-cross-season-transfer\datasets\train_on_2025_all\images\GX010664_MP4-0031_jpg.rf.21e6b88640c8788c9ae311e51c217a93.jpg,GX010664_MP4-0031_jpg.rf.21e6b88640c8788c9ae311e51c217a93.jpg,141.54235243055555,37.79021340031134
C:\Users\carmonta\Desktop\data-centric-cross-season-transfer\datasets\train_on_2025_all\images\GX010664_MP4-0032_jpg.rf.7b9ec0120ab540a3705d364f8916fc1c.jpg,GX010664_MP4-0032_jpg.rf.7b9ec0120ab540a3705d364f8916fc1c.jpg,144.20499131944445,39.1210783145034
C:\Users\carmonta\Desktop\data-centric-cross-season-transfer\datasets\train_on_2025_all\images\GX010664_MP4-0032_jpg.rf.a8877cdfee4c798fbe588a0db2605316.jpg,GX010664_MP4-0032_jpg.rf.a8877cdfee4c798fbe588a0db2605316.jpg,144.21233506944444,39.12951618768335
C:\Users\carmonta\Desktop\data-centric-cross-season-transfer\datasets\train_on_2025_all\images\GX010664_MP4-0032_jpg.rf.d0856926542c08aade4ff77cddeb1779.jpg,GX010664_MP4-0032_jpg.rf.d0856926542c08aade4ff77cddeb1779.jpg,144.22259114583332,39.039122972380284
C:\Users\carmonta\Desktop\data-centric-cross-season-transfer\datasets\train_on_2025_all\images\GX010664_MP4-0034_jpg.rf.60262825d9038404e45f03e6fc114810.jpg,GX010664_MP4-0034_jpg.rf.60262825d9038404e45f03e6fc114810.jpg,146.51912760416667,38.21144751171191
C:\Users\carmonta\Desktop\data-centric-cross-season-transfer\datasets\train_on_2025_all\images\GX010664_MP4-0034_jpg.rf.b199566f7a68c7b1220f0a4d15267da1.jpg,GX010664_MP4-0034_jpg.rf.b199566f7a68c7b1220f0a4d15267da1.jpg,146.53010850694446,38.240223601813554
C:\Users\carmonta\Desktop\data-centric-cross-season-transfer\datasets\train_on_2025_all\images\GX010664_MP4-0034_jpg.rf.ebb32df3d1a98c87b4f45c11c2ab3fbe.jpg,GX010664_MP4-0034_jpg.rf.ebb32df3d1a98c87b4f45c11c2ab3fbe.jpg,146.52598524305554,38.11817382117864
C:\Users\carmonta\Desktop\data-centric-cross-season-transfer\datasets\train_on_2025_all\images\GX010664_MP4-0035_jpg.rf.166cde941faed3eb6cb14e50c487f0ff.jpg,GX010664_MP4-0035_jpg.rf.166cde941faed3eb6cb14e50c487f0ff.jpg,142.26053385416665,36.48643832996948
C:\Users\carmonta\Desktop\data-centric-cross-season-transfer\datasets\train_on_2025_all\images\GX010664_MP4-0035_jpg.rf.d94a3bf46113e625440d56f289323693.jpg,GX010664_MP4-0035_jpg.rf.d94a3bf46113e625440d56f289323693.jpg,142.25871527777778,36.53600111080759
C:\Users\carmonta\Desktop\data-centric-cross-season-transfer\datasets\train_on_2025_all\images\GX010664_MP4-0036_jpg.rf.42895edccd77df9923e4c17e5a62bdf0.jpg,GX010664_MP4-0036_jpg.rf.42895edccd77df9923e4c17e5a62bdf0.jpg,138.35388020833332,34.76974588442651
C:\Users\carmonta\Desktop\data-centric-cross-season-transfer\datasets\train_on_2025_all\images\GX010664_MP4-0036_jpg.rf.4c139aec080705f321ecbe015224814b.jpg,GX010664_MP4-0036_jpg.rf.4c139aec080705f321ecbe015224814b.jpg,138.35302083333335,34.82944609848603
C:\Users\carmonta\Desktop\data-centric-cross-season-transfer\datasets\train_on_2025_all\images\GX010664_MP4-0037_jpg.rf.7a6e3fca2b5a05cbd134cb4f05c54ee5.jpg,GX010664_MP4-0037_jpg.rf.7a6e3fca2b5a05cbd134cb4f05c54ee5.jpg,139.2545703125,36.91617614465905
C:\Users\carmonta\Desktop\data-centric-cross-season-transfer\datasets\train_on_2025_all\images\GX010664_MP4-0037_jpg.rf.83bdfea8ef24d8cd9aa86aa7ac828ca8.jpg,GX010664_MP4-0037_jpg.rf.83bdfea8ef24d8cd9aa86aa7ac828ca8.jpg,139.25786024305555,36.85774556682303
C:\Users\carmonta\Desktop\data-centric-cross-season-transfer\datasets\train_on_2025_all\images\GX010664_MP4-0038_jpg.rf.5e8711161789d29abea90f11ff701c7d.jpg,GX010664_MP4-0038_jpg.rf.5e8711161789d29abea90f11ff701c7d.jpg,140.606796875,38.46549591097832
C:\Users\carmonta\Desktop\data-centric-cross-season-transfer\datasets\train_on_2025_all\images\GX010664_MP4-0038_jpg.rf.947f69b61906f0f63df04c2183a91934.jpg,GX010664_MP4-0038_jpg.rf.947f69b61906f0f63df04c2183a91934.jpg,140.60297743055557,38.54033267722294
C:\Users\carmonta\Desktop\data-centric-cross-season-transfer\datasets\train_on_2025_all\images\GX010664_MP4-0039_jpg.rf.2db375ea0ec389c5d644ea589d848ed5.jpg,GX010664_MP4-0039_jpg.rf.2db375ea0ec389c5d644ea589d848ed5.jpg,140.29004340277777,35.485043281634944
C:\Users\carmonta\Desktop\data-centric-cross-season-transfer\datasets\train_on_2025_all\images\GX010664_MP4-0039_jpg.rf.6208dfd7764eb32fd3ce174f20d7174a.jpg,GX010664_MP4-0039_jpg.rf.6208dfd7764eb32fd3ce174f20d7174a.jpg,140.28580729166666,35.57572052089626
C:\Users\carmonta\Desktop\data-centric-cross-season-transfer\datasets\train_on_2025_all\images\GX010664_MP4-0039_jpg.rf.840a996794fed1b8fbdd925a358ef3ee.jpg,GX010664_MP4-0039_jpg.rf.840a996794fed1b8fbdd925a358ef3ee.jpg,140.29832465277778,35.39329884449865
C:\Users\carmonta\Desktop\data-centric-cross-season-transfer\datasets\train_on_2025_all\images\GX010664_MP4-0040_jpg.rf.b53ac30df8e666b382ca82a0bb4b2b9f.jpg,GX010664_MP4-0040_jpg.rf.b53ac30df8e666b382ca82a0bb4b2b9f.jpg,138.515234375,36.80171793899085
C:\Users\carmonta\Desktop\data-centric-cross-season-transfer\datasets\train_on_2025_all\images\GX010664_MP4-0040_jpg.rf.eb3abc53941098561893bb700ee284e5.jpg,GX010664_MP4-0040_jpg.rf.eb3abc53941098561893bb700ee284e5.jpg,138.51390625,36.812271354009255
C:\Users\carmonta\Desktop\data-centric-cross-season-transfer\datasets\train_on_2025_all\images\GX010664_MP4-0042_jpg.rf.d6104ad65a648b9369bbb761c62b19f5.jpg,GX010664_MP4-0042_jpg.rf.d6104ad65a648b9369bbb761c62b19f5.jpg,139.68415364583333,34.471512528120854
C:\Users\carmonta\Desktop\data-centric-cross-season-transfer\datasets\train_on_2025_all\images\GX010664_MP4-0042_jpg.rf.f09255da3a3b30cdc97af4d351d92666.jpg,GX010664_MP4-0042_jpg.rf.f09255da3a3b30cdc97af4d351d92666.jpg,139.6869184027778,34.40218383304939
C:\Users\carmonta\Desktop\data-centric-cross-season-transfer\datasets\train_on_2025_all\images\GX010664_MP4-0043_jpg.rf.9b3a06a280ba259fb528212d40bae4b0.jpg,GX010664_MP4-0043_jpg.rf.9b3a06a280ba259fb528212d40bae4b0.jpg,135.66623697916665,34.617052522365356
C:\Users\carmonta\Desktop\data-centric-cross-season-transfer\datasets\train_on_2025_all\images\GX010664_MP4-0043_jpg.rf.ba2ab4ef9dcc13fc74001d093a672cf0.jpg,GX010664_MP4-0043_jpg.rf.ba2ab4ef9dcc13fc74001d093a672cf0.jpg,135.66506944444444,34.641026680932335
C:\Users\carmonta\Desktop\data-centric-cross-season-transfer\datasets\train_on_2025_all\images\GX010664_MP4-0043_jpg.rf.f628fd96e0682e5aa8a8ac75a976b889.jpg,GX010664_MP4-0043_jpg.rf.f628fd96e0682e5aa8a8ac75a976b889.jpg,135.66623697916665,34.617052522365356
C:\Users\carmonta\Desktop\data-centric-cross-season-transfer\datasets\train_on_2025_all\images\GX010664_MP4-0044_jpg.rf.7db7507c6aa587440d07f58deb9390bd.jpg,GX010664_MP4-0044_jpg.rf.7db7507c6aa587440d07f58deb9390bd.jpg,138.5845703125,34.10001541036666
C:\Users\carmonta\Desktop\data-centric-cross-season-transfer\datasets\train_on_2025_all\images\GX010664_MP4-0044_jpg.rf.838e1bd5c617331fd9adee0c981975f6.jpg,GX010664_MP4-0044_jpg.rf.838e1bd5c617331fd9adee0c981975f6.jpg,138.59026041666667,34.00117663816071
C:\Users\carmonta\Desktop\data-centric-cross-season-transfer\datasets\train_on_2025_all\images\GX010664_MP4-0045_jpg.rf.a2de32173844900789374c8cafdcad03.jpg,GX010664_MP4-0045_jpg.rf.a2de32173844900789374c8cafdcad03.jpg,139.0409157986111,32.96577331788283
C:\Users\carmonta\Desktop\data-centric-cross-season-transfer\datasets\train_on_2025_all\images\GX010664_MP4-0045_jpg.rf.c8d739d56ac4a183c4486d25701b5e9c.jpg,GX010664_MP4-0045_jpg.rf.c8d739d56ac4a183c4486d25701b5e9c.jpg,139.04510416666668,32.81118352368991
C:\Users\carmonta\Desktop\data-centric-cross-season-transfer\datasets\train_on_2025_all\images\GX010664_MP4-0045_jpg.rf.cd33e62a2e326f1e8d88c02b3cebab12.jpg,GX010664_MP4-0045_jpg.rf.cd33e62a2e326f1e8d88c02b3cebab12.jpg,139.04290798611112,32.96189533873006
C:\Users\carmonta\Desktop\data-centric-cross-season-transfer\datasets\train_on_2025_all\images\GX010664_MP4-0046_jpg.rf.03922ea4cbd1b99693bb44c724e43eb0.jpg,GX010664_MP4-0046_jpg.rf.03922ea4cbd1b99693bb44c724e43eb0.jpg,137.57765625,33.43605945588373
C:\Users\carmonta\Desktop\data-centric-cross-season-transfer\datasets\train_on_2025_all\images\GX010664_MP4-0046_jpg.rf.525af9e46a3a8dded556d3bd8e868a12.jpg,GX010664_MP4-0046_jpg.rf.525af9e46a3a8dded556d3bd8e868a12.jpg,137.5735546875,33.65492714236575
C:\Users\carmonta\Desktop\data-centric-cross-season-transfer\datasets\train_on_2025_all\images\GX010664_MP4-0046_jpg.rf.928ba1555bfc55fb4355874ffd9bcede.jpg,GX010664_MP4-0046_jpg.rf.928ba1555bfc55fb4355874ffd9bcede.jpg,137.56945746527776,33.62324502804679
C:\Users\carmonta\Desktop\data-centric-cross-season-transfer\datasets\train_on_2025_all\images\GX010664_MP4-0048_jpg.rf.2a89c3cf9bc3161369d8248490b31ceb.jpg,GX010664_MP4-0048_jpg.rf.2a89c3cf9bc3161369d8248490b31ceb.jpg,137.7911328125,31.290938301854833
C:\Users\carmonta\Desktop\data-centric-cross-season-transfer\datasets\train_on_2025_all\images\GX010664_MP4-0048_jpg.rf.9de34beadb4d6a9eaa4ba51bf26fa09d.jpg,GX010664_MP4-0048_jpg.rf.9de34beadb4d6a9eaa4ba51bf26fa09d.jpg,137.7895920138889,31.35009648565593
C:\Users\carmonta\Desktop\data-centric-cross-season-transfer\datasets\train_on_2025_all\images\GX010664_MP4-0048_jpg.rf.b2d6d85b710b934adf2da8b2a5cd5ade.jpg,GX010664_MP4-0048_jpg.rf.b2d6d85b710b934adf2da8b2a5cd5ade.jpg,137.78504340277777,31.51441965342002
C:\Users\carmonta\Desktop\data-centric-cross-season-transfer\datasets\train_on_2025_all\images\GX010664_MP4-0051_jpg.rf.3bd49c03c6d659c1a9b25fbfe57179e9.jpg,GX010664_MP4-0051_jpg.rf.3bd49c03c6d659c1a9b25fbfe57179e9.jpg,136.4876171875,32.872767580507514
C:\Users\carmonta\Desktop\data-centric-cross-season-transfer\datasets\train_on_2025_all\images\GX010664_MP4-0051_jpg.rf.8540b420dd448a9fc879d352d1d93da7.jpg,GX010664_MP4-0051_jpg.rf.8540b420dd448a9fc879d352d1d93da7.jpg,136.4773828125,32.71586896618871
C:\Users\carmonta\Desktop\data-centric-cross-season-transfer\datasets\train_on_2025_all\images\GX010664_MP4-0051_jpg.rf.b65fa5bea1d4ae9e374f95dacf7ca111.jpg,GX010664_MP4-0051_jpg.rf.b65fa5bea1d4ae9e374f95dacf7ca111.jpg,136.47434895833334,32.75284566744893
C:\Users\carmonta\Desktop\data-centric-cross-season-transfer\datasets\train_on_2025_all\images\GX010664_MP4-0052_jpg.rf.b9eb3e34c346142c1d192b9e2ca70e54.jpg,GX010664_MP4-0052_jpg.rf.b9eb3e34c346142c1d192b9e2ca70e54.jpg,135.05462239583332,32.831909178685976
C:\Users\carmonta\Desktop\data-centric-cross-season-transfer\datasets\train_on_2025_all\images\GX010664_MP4-0052_jpg.rf.c93919d5c669827ba932d3fa47250758.jpg,GX010664_MP4-0052_jpg.rf.c93919d5c669827ba932d3fa47250758.jpg,135.0536935763889,32.86186701378665
C:\Users\carmonta\Desktop\data-centric-cross-season-transfer\datasets\train_on_2025_all\images\GX010664_MP4-0053_jpg.rf.0878a9b8156d04e3dae4474b73d947fb.jpg,GX010664_MP4-0053_jpg.rf.0878a9b8156d04e3dae4474b73d947fb.jpg,131.02876302083334,32.59880296585579
C:\Users\carmonta\Desktop\data-centric-cross-season-transfer\datasets\train_on_2025_all\images\GX010664_MP4-0053_jpg.rf.13c305ab0b52c9b2e4c18d0a86098bb8.jpg,GX010664_MP4-0053_jpg.rf.13c305ab0b52c9b2e4c18d0a86098bb8.jpg,131.02782552083335,32.725846864479074
C:\Users\carmonta\Desktop\data-centric-cross-season-transfer\datasets\train_on_2025_all\images\GX010664_MP4-0053_jpg.rf.7d7fdcecdbfaa31b42165b88c9e31e24.jpg,GX010664_MP4-0053_jpg.rf.7d7fdcecdbfaa31b42165b88c9e31e24.jpg,131.02876302083334,32.59880296585579
C:\Users\carmonta\Desktop\data-centric-cross-season-transfer\datasets\train_on_2025_all\images\GX010664_MP4-0054_jpg.rf.44b342c758bfd84e4d3301ca6dfbe6cd.jpg,GX010664_MP4-0054_jpg.rf.44b342c758bfd84e4d3301ca6dfbe6cd.jpg,129.74677083333333,33.242939125854384
C:\Users\carmonta\Desktop\data-centric-cross-season-transfer\datasets\train_on_2025_all\images\GX010664_MP4-0054_jpg.rf.74ba8b3260dd52bf05aeedfeffa398f1.jpg,GX010664_MP4-0054_jpg.rf.74ba8b3260dd52bf05aeedfeffa398f1.jpg,129.745625,33.20265135871327
C:\Users\carmonta\Desktop\data-centric-cross-season-transfer\datasets\train_on_2025_all\images\GX010664_MP4-0054_jpg.rf.917c3d57961a5d14b2d3dd1e958fd3c1.jpg,GX010664_MP4-0054_jpg.rf.917c3d57961a5d14b2d3dd1e958fd3c1.jpg,129.73653645833335,33.376996353376725
C:\Users\carmonta\Desktop\data-centric-cross-season-transfer\datasets\train_on_2025_all\images\GX010664_MP4-0055_jpg.rf.222df2148263a7e2e2ef3f1c6f2530bf.jpg,GX010664_MP4-0055_jpg.rf.222df2148263a7e2e2ef3f1c6f2530bf.jpg,131.61226128472222,34.34870271650343
C:\Users\carmonta\Desktop\data-centric-cross-season-transfer\datasets\train_on_2025_all\images\GX010664_MP4-0055_jpg.rf.89bf7632fab9a369e6a3e912c3f57754.jpg,GX010664_MP4-0055_jpg.rf.89bf7632fab9a369e6a3e912c3f57754.jpg,131.6094921875,34.37810931900947
C:\Users\carmonta\Desktop\data-centric-cross-season-transfer\datasets\train_on_2025_all\images\GX010664_MP4-0055_jpg.rf.b7b7b2b43763f005b106eb811db0522f.jpg,GX010664_MP4-0055_jpg.rf.b7b7b2b43763f005b106eb811db0522f.jpg,131.61381510416666,34.39990192891959
C:\Users\carmonta\Desktop\data-centric-cross-season-transfer\datasets\train_on_2025_all\images\GX010664_MP4-0056_jpg.rf.38b49449b4aef7ebe98ac241672699eb.jpg,GX010664_MP4-0056_jpg.rf.38b49449b4aef7ebe98ac241672699eb.jpg,130.27691840277777,32.35266631341367
C:\Users\carmonta\Desktop\data-centric-cross-season-transfer\datasets\train_on_2025_all\images\GX010664_MP4-0056_jpg.rf.591700068f32ac64bd854ea0e00d5f22.jpg,GX010664_MP4-0056_jpg.rf.591700068f32ac64bd854ea0e00d5f22.jpg,130.27553819444444,32.29051044524558
C:\Users\carmonta\Desktop\data-centric-cross-season-transfer\datasets\train_on_2025_all\images\GX010664_MP4-0056_jpg.rf.a9556e84398e9373f80f7c63358c60fe.jpg,GX010664_MP4-0056_jpg.rf.a9556e84398e9373f80f7c63358c60fe.jpg,130.27553819444444,32.29051044524558
C:\Users\carmonta\Desktop\data-centric-cross-season-transfer\datasets\train_on_2025_all\images\GX010664_MP4-0057_jpg.rf.45b9f0af7a9bcb2ae19121dbb6dfe0a0.jpg,GX010664_MP4-0057_jpg.rf.45b9f0af7a9bcb2ae19121dbb6dfe0a0.jpg,128.7150824652778,32.63736087067357
C:\Users\carmonta\Desktop\data-centric-cross-season-transfer\datasets\train_on_2025_all\images\GX010664_MP4-0057_jpg.rf.c7142a19c77945658599dc06f8251c86.jpg,GX010664_MP4-0057_jpg.rf.c7142a19c77945658599dc06f8251c86.jpg,128.71715277777778,32.68597573274598
C:\Users\carmonta\Desktop\data-centric-cross-season-transfer\datasets\train_on_2025_all\images\GX010664_MP4-0057_jpg.rf.df8bcf93e4113ad1d3484adfd610061e.jpg,GX010664_MP4-0057_jpg.rf.df8bcf93e4113ad1d3484adfd610061e.jpg,128.71027777777778,32.55297635189882
C:\Users\carmonta\Desktop\data-centric-cross-season-transfer\datasets\train_on_2025_all\images\GX010664_MP4-0059_jpg.rf.6d32fc68087320f1e760d352861b6fa1.jpg,GX010664_MP4-0059_jpg.rf.6d32fc68087320f1e760d352861b6fa1.jpg,133.94308159722223,32.656290973662884
C:\Users\carmonta\Desktop\data-centric-cross-season-transfer\datasets\train_on_2025_all\images\GX010664_MP4-0059_jpg.rf.f29cd9878187cd9b0166657d58269fe5.jpg,GX010664_MP4-0059_jpg.rf.f29cd9878187cd9b0166657d58269fe5.jpg,133.93389756944444,32.6046140318072
C:\Users\carmonta\Desktop\data-centric-cross-season-transfer\datasets\train_on_2025_all\images\GX010664_MP4-0060_jpg.rf.1c6bbf0e92177286d9b849346fff3ad2.jpg,GX010664_MP4-0060_jpg.rf.1c6bbf0e92177286d9b849346fff3ad2.jpg,138.92456163194444,34.57586476870844
C:\Users\carmonta\Desktop\data-centric-cross-season-transfer\datasets\train_on_2025_all\images\GX010664_MP4-0060_jpg.rf.592bcc0e63ab073de41107a498e0e716.jpg,GX010664_MP4-0060_jpg.rf.592bcc0e63ab073de41107a498e0e716.jpg,138.917265625,34.68952877684135
C:\Users\carmonta\Desktop\data-centric-cross-season-transfer\datasets\train_on_2025_all\images\GX010664_MP4-0060_jpg.rf.e1b1f76eeffe76e75f931c542a69d27a.jpg,GX010664_MP4-0060_jpg.rf.e1b1f76eeffe76e75f931c542a69d27a.jpg,138.91749565972222,34.656643349823874
C:\Users\carmonta\Desktop\data-centric-cross-season-transfer\datasets\train_on_2025_all\images\GX010664_MP4-0061_jpg.rf.1ddf1a6703c5c6516ad9152656b8450c.jpg,GX010664_MP4-0061_jpg.rf.1ddf1a6703c5c6516ad9152656b8450c.jpg,149.13682291666666,37.64068084057796
C:\Users\carmonta\Desktop\data-centric-cross-season-transfer\datasets\train_on_2025_all\images\GX010664_MP4-0061_jpg.rf.2602c2ee14d8b3a048c8ae6e2e2acafe.jpg,GX010664_MP4-0061_jpg.rf.2602c2ee14d8b3a048c8ae6e2e2acafe.jpg,149.14798611111112,37.47144307724849
C:\Users\carmonta\Desktop\data-centric-cross-season-transfer\datasets\train_on_2025_all\images\GX010664_MP4-0062_jpg.rf.b3ed78c3614972a9e9e3345d6c54656a.jpg,GX010664_MP4-0062_jpg.rf.b3ed78c3614972a9e9e3345d6c54656a.jpg,156.07005208333334,40.80087513951221
C:\Users\carmonta\Desktop\data-centric-cross-season-transfer\datasets\train_on_2025_all\images\GX010664_MP4-0062_jpg.rf.c8e617920df78f9cba28e4d6fdf8c8c6.jpg,GX010664_MP4-0062_jpg.rf.c8e617920df78f9cba28e4d6fdf8c8c6.jpg,156.05583333333334,40.91013577376366
C:\Users\carmonta\Desktop\data-centric-cross-season-transfer\datasets\train_on_2025_all\images\GX010664_MP4-0062_jpg.rf.fa075bee7c190f94973e60ed21170790.jpg,GX010664_MP4-0062_jpg.rf.fa075bee7c190f94973e60ed21170790.jpg,156.06215711805555,40.85534413397071
C:\Users\carmonta\Desktop\data-centric-cross-season-transfer\datasets\train_on_2025_all\images\GX010664_MP4-0063_jpg.rf.0d8806e163b875ddc7f2e39958a4e07a.jpg,GX010664_MP4-0063_jpg.rf.0d8806e163b875ddc7f2e39958a4e07a.jpg,152.97084635416667,44.706595336236354
C:\Users\carmonta\Desktop\data-centric-cross-season-transfer\datasets\train_on_2025_all\images\GX010664_MP4-0063_jpg.rf.4191565fc6a19eed4a286c901fe8056e.jpg,GX010664_MP4-0063_jpg.rf.4191565fc6a19eed4a286c901fe8056e.jpg,152.979609375,44.68249108509545
C:\Users\carmonta\Desktop\data-centric-cross-season-transfer\datasets\train_on_2025_all\images\GX010664_MP4-0063_jpg.rf.d01fe91db8b9f75290948cc7cc50c760.jpg,GX010664_MP4-0063_jpg.rf.d01fe91db8b9f75290948cc7cc50c760.jpg,152.974296875,44.62138737060001
C:\Users\carmonta\Desktop\data-centric-cross-season-transfer\datasets\train_on_2025_all\images\GX010664_MP4-0064_jpg.rf.23934c626427d18bf199d97b6422a3fb.jpg,GX010664_MP4-0064_jpg.rf.23934c626427d18bf199d97b6422a3fb.jpg,152.03253038194444,45.58789383345193
C:\Users\carmonta\Desktop\data-centric-cross-season-transfer\datasets\train_on_2025_all\images\GX010664_MP4-0064_jpg.rf.268ee827fc0da8f8bf85ce38c37ba501.jpg,GX010664_MP4-0064_jpg.rf.268ee827fc0da8f8bf85ce38c37ba501.jpg,152.04702690972223,45.562195808666445
C:\Users\carmonta\Desktop\data-centric-cross-season-transfer\datasets\train_on_2025_all\images\GX010664_MP4-0064_jpg.rf.595e9389e22e8aee4512d6b18067acbe.jpg,GX010664_MP4-0064_jpg.rf.595e9389e22e8aee4512d6b18067acbe.jpg,152.05350694444445,45.469678081707585
C:\Users\carmonta\Desktop\data-centric-cross-season-transfer\datasets\train_on_2025_all\images\GX010664_MP4-0066_jpg.rf.ee03bf7d762a50eb3e4f3aee2e3675b1.jpg,GX010664_MP4-0066_jpg.rf.ee03bf7d762a50eb3e4f3aee2e3675b1.jpg,133.55860677083334,44.235013186787924
C:\Users\carmonta\Desktop\data-centric-cross-season-transfer\datasets\train_on_2025_all\images\GX010664_MP4-0066_jpg.rf.eebc4cbc19c9f9737bf16cb264c204e4.jpg,GX010664_MP4-0066_jpg.rf.eebc4cbc19c9f9737bf16cb264c204e4.jpg,133.5606857638889,44.187842481171664
C:\Users\carmonta\Desktop\data-centric-cross-season-transfer\datasets\train_on_2025_all\images\GX010664_MP4-0067_jpg.rf.0e9a64f4228a54a7382988bc3e1848bc.jpg,GX010664_MP4-0067_jpg.rf.0e9a64f4228a54a7382988bc3e1848bc.jpg,134.09215711805555,43.95979175246123
C:\Users\carmonta\Desktop\data-centric-cross-season-transfer\datasets\train_on_2025_all\images\GX010664_MP4-0068_jpg.rf.c32070203247e0bf4d89da6585202c01.jpg,GX010664_MP4-0068_jpg.rf.c32070203247e0bf4d89da6585202c01.jpg,127.982578125,43.00996755782889
C:\Users\carmonta\Desktop\data-centric-cross-season-transfer\datasets\train_on_2025_all\images\GX010664_MP4-0068_jpg.rf.f6b6ee1c80ba210531fbf6db65959dce.jpg,GX010664_MP4-0068_jpg.rf.f6b6ee1c80ba210531fbf6db65959dce.jpg,127.97205729166667,43.060294961729674
C:\Users\carmonta\Desktop\data-centric-cross-season-transfer\datasets\train_on_2025_all\images\GX010664_MP4-0069_jpg.rf.4495c999ed01c75daf249fb607633b32.jpg,GX010664_MP4-0069_jpg.rf.4495c999ed01c75daf249fb607633b32.jpg,131.50619791666668,44.34617036643821
C:\Users\carmonta\Desktop\data-centric-cross-season-transfer\datasets\train_on_2025_all\images\GX010664_MP4-0069_jpg.rf.7aaeb445f52829dbb063f3eb529cfd1c.jpg,GX010664_MP4-0069_jpg.rf.7aaeb445f52829dbb063f3eb529cfd1c.jpg,131.503125,44.207374800616165
C:\Users\carmonta\Desktop\data-centric-cross-season-transfer\datasets\train_on_2025_all\images\GX010664_MP4-0069_jpg.rf.e48f0c58f4c3e78b4f3434ed7a2884a6.jpg,GX010664_MP4-0069_jpg.rf.e48f0c58f4c3e78b4f3434ed7a2884a6.jpg,131.503125,44.207374800616165
C:\Users\carmonta\Desktop\data-centric-cross-season-transfer\datasets\train_on_2025_all\images\GX010664_MP4-0070_jpg.rf.ad84c6491f8ee7e8fbcc798b24d38106.jpg,GX010664_MP4-0070_jpg.rf.ad84c6491f8ee7e8fbcc798b24d38106.jpg,134.98994791666667,43.939192451962754
C:\Users\carmonta\Desktop\data-centric-cross-season-transfer\datasets\train_on_2025_all\images\GX010664_MP4-0070_jpg.rf.fd697953a47cca75dae6a29794803341.jpg,GX010664_MP4-0070_jpg.rf.fd697953a47cca75dae6a29794803341.jpg,134.9588671875,43.912219255373714
C:\Users\carmonta\Desktop\data-centric-cross-season-transfer\datasets\train_on_2025_all\images\GX010664_MP4-0071_jpg.rf.0cdba322b70fbf5c849076d8a352855a.jpg,GX010664_MP4-0071_jpg.rf.0cdba322b70fbf5c849076d8a352855a.jpg,126.16863715277778,42.52525688304583
C:\Users\carmonta\Desktop\data-centric-cross-season-transfer\datasets\train_on_2025_all\images\GX010664_MP4-0071_jpg.rf.5fa5c2520ce253a68114b81090336e99.jpg,GX010664_MP4-0071_jpg.rf.5fa5c2520ce253a68114b81090336e99.jpg,126.16970920138888,42.55616260539343
C:\Users\carmonta\Desktop\data-centric-cross-season-transfer\datasets\train_on_2025_all\images\GX010664_MP4-0072_jpg.rf.03bb667b6766896dbc8ee38fc8495027.jpg,GX010664_MP4-0072_jpg.rf.03bb667b6766896dbc8ee38fc8495027.jpg,132.93793402777777,44.506312484186914
C:\Users\carmonta\Desktop\data-centric-cross-season-transfer\datasets\train_on_2025_all\images\GX010664_MP4-0072_jpg.rf.9b374a8e461b3b3e1de4c892f80cda2c.jpg,GX010664_MP4-0072_jpg.rf.9b374a8e461b3b3e1de4c892f80cda2c.jpg,132.94638020833332,44.49936034482403
C:\Users\carmonta\Desktop\data-centric-cross-season-transfer\datasets\train_on_2025_all\images\GX010664_MP4-0072_jpg.rf.da78ebf99222f60e4e9c115fe109a133.jpg,GX010664_MP4-0072_jpg.rf.da78ebf99222f60e4e9c115fe109a133.jpg,132.94147135416668,44.4481097537605
C:\Users\carmonta\Desktop\data-centric-cross-season-transfer\datasets\train_on_2025_all\images\GX010664_MP4-0073_jpg.rf.b69b1295bda9a4729ba855900a713fef.jpg,GX010664_MP4-0073_jpg.rf.b69b1295bda9a4729ba855900a713fef.jpg,132.59842447916665,45.24541566844965
C:\Users\carmonta\Desktop\data-centric-cross-season-transfer\datasets\train_on_2025_all\images\GX010664_MP4-0073_jpg.rf.ca8fb85658cc3992c5bdf72eb29450eb.jpg,GX010664_MP4-0073_jpg.rf.ca8fb85658cc3992c5bdf72eb29450eb.jpg,132.6054861111111,45.33937250414094
C:\Users\carmonta\Desktop\data-centric-cross-season-transfer\datasets\train_on_2025_all\images\GX010664_MP4-0073_jpg.rf.ff7ff3312c62ca144794838030aa808c.jpg,GX010664_MP4-0073_jpg.rf.ff7ff3312c62ca144794838030aa808c.jpg,132.5998046875,45.28565186368412
C:\Users\carmonta\Desktop\data-centric-cross-season-transfer\datasets\train_on_2025_all\images\GX010664_MP4-0074_jpg.rf.5a9cf23e848a7a8868748137515df600.jpg,GX010664_MP4-0074_jpg.rf.5a9cf23e848a7a8868748137515df600.jpg,134.34648003472222,45.666391700306434
C:\Users\carmonta\Desktop\data-centric-cross-season-transfer\datasets\train_on_2025_all\images\GX010664_MP4-0074_jpg.rf.d83028a9c3a2f3d88bf21760739b6758.jpg,GX010664_MP4-0074_jpg.rf.d83028a9c3a2f3d88bf21760739b6758.jpg,134.34057725694444,45.553571762938844
C:\Users\carmonta\Desktop\data-centric-cross-season-transfer\datasets\train_on_2025_all\images\GX010664_MP4-0076_jpg.rf.afba36d9128f0a868f4cf61fb7677063.jpg,GX010664_MP4-0076_jpg.rf.afba36d9128f0a868f4cf61fb7677063.jpg,133.302421875,44.35638184584002
C:\Users\carmonta\Desktop\data-centric-cross-season-transfer\datasets\train_on_2025_all\images\GX010664_MP4-0076_jpg.rf.b12e872043dbee38d0d3ffbb857f26ab.jpg,GX010664_MP4-0076_jpg.rf.b12e872043dbee38d0d3ffbb857f26ab.jpg,133.31096788194444,44.459479595313766
C:\Users\carmonta\Desktop\data-centric-cross-season-transfer\datasets\train_on_2025_all\images\GX010664_MP4-0076_jpg.rf.f1202483985c2c4eb0e1226e45dd983a.jpg,GX010664_MP4-0076_jpg.rf.f1202483985c2c4eb0e1226e45dd983a.jpg,133.30565104166666,44.336824514124636
C:\Users\carmonta\Desktop\data-centric-cross-season-transfer\datasets\train_on_2025_all\images\GX010664_MP4-0077_jpg.rf.51911a1ad2a3f628d8ccc691f3b2b4a6.jpg,GX010664_MP4-0077_jpg.rf.51911a1ad2a3f628d8ccc691f3b2b4a6.jpg,137.38302951388889,43.804657110540724
C:\Users\carmonta\Desktop\data-centric-cross-season-transfer\datasets\train_on_2025_all\images\GX010664_MP4-0077_jpg.rf.89cb082eeba859040c35896027435f96.jpg,GX010664_MP4-0077_jpg.rf.89cb082eeba859040c35896027435f96.jpg,137.37932291666667,43.83538041274932
C:\Users\carmonta\Desktop\data-centric-cross-season-transfer\datasets\train_on_2025_all\images\GX010664_MP4-0078_jpg.rf.8ec398bb8df49178b586f2af43d95a39.jpg,GX010664_MP4-0078_jpg.rf.8ec398bb8df49178b586f2af43d95a39.jpg,134.56430121527777,43.683236527850795
C:\Users\carmonta\Desktop\data-centric-cross-season-transfer\datasets\train_on_2025_all\images\GX010664_MP4-0079_jpg.rf.2f51dc1253c50faa758ffc167ea60433.jpg,GX010664_MP4-0079_jpg.rf.2f51dc1253c50faa758ffc167ea60433.jpg,136.19816840277778,43.259338167141905
C:\Users\carmonta\Desktop\data-centric-cross-season-transfer\datasets\train_on_2025_all\images\GX010664_MP4-0079_jpg.rf.4dd9222c901b6466e67a2d0835055a42.jpg,GX010664_MP4-0079_jpg.rf.4dd9222c901b6466e67a2d0835055a42.jpg,136.2041796875,43.2269047488038
C:\Users\carmonta\Desktop\data-centric-cross-season-transfer\datasets\train_on_2025_all\images\GX010664_MP4-0079_jpg.rf.69738b17d71bcf1082757e24402a9bc9.jpg,GX010664_MP4-0079_jpg.rf.69738b17d71bcf1082757e24402a9bc9.jpg,136.200625,43.34252618385624
C:\Users\carmonta\Desktop\data-centric-cross-season-transfer\datasets\train_on_2025_all\images\GX010664_MP4-0080_jpg.rf.342316ff88aa197070dff537ec348494.jpg,GX010664_MP4-0080_jpg.rf.342316ff88aa197070dff537ec348494.jpg,136.8814236111111,41.94850071467921
C:\Users\carmonta\Desktop\data-centric-cross-season-transfer\datasets\train_on_2025_all\images\GX010664_MP4-0080_jpg.rf.e515fc58277e25d898cd13491eaf7250.jpg,GX010664_MP4-0080_jpg.rf.e515fc58277e25d898cd13491eaf7250.jpg,136.8830685763889,42.069807477264696
C:\Users\carmonta\Desktop\data-centric-cross-season-transfer\datasets\train_on_2025_all\images\GX010664_MP4-0080_jpg.rf.f0cc16d94bb87d49261b7f5802787a6c.jpg,GX010664_MP4-0080_jpg.rf.f0cc16d94bb87d49261b7f5802787a6c.jpg,136.88503038194443,41.92370776110234
C:\Users\carmonta\Desktop\data-centric-cross-season-transfer\datasets\train_on_2025_all\images\GX010664_MP4-0081_jpg.rf.3e1153fe68e3175cec779bf03de663b2.jpg,GX010664_MP4-0081_jpg.rf.3e1153fe68e3175cec779bf03de663b2.jpg,141.0296050347222,40.9969304122811
C:\Users\carmonta\Desktop\data-centric-cross-season-transfer\datasets\train_on_2025_all\images\GX010664_MP4-0081_jpg.rf.9b98d08dde4699fd8d180e901d327028.jpg,GX010664_MP4-0081_jpg.rf.9b98d08dde4699fd8d180e901d327028.jpg,141.02125434027778,41.04197498390408
C:\Users\carmonta\Desktop\data-centric-cross-season-transfer\datasets\train_on_2025_all\images\GX010664_MP4-0081_jpg.rf.c32c93623b48e02727de62f25239c351.jpg,GX010664_MP4-0081_jpg.rf.c32c93623b48e02727de62f25239c351.jpg,141.02810329861111,40.967872269558804
C:\Users\carmonta\Desktop\data-centric-cross-season-transfer\datasets\train_on_2025_all\images\GX010664_MP4-0082_jpg.rf.00edee151ca42ce42982468d41fe2396.jpg,GX010664_MP4-0082_jpg.rf.00edee151ca42ce42982468d41fe2396.jpg,135.5293359375,43.602812813350745
C:\Users\carmonta\Desktop\data-centric-cross-season-transfer\datasets\train_on_2025_all\images\GX010664_MP4-0082_jpg.rf.1394a9e90b332aeb578d219931fb0830.jpg,GX010664_MP4-0082_jpg.rf.1394a9e90b332aeb578d219931fb0830.jpg,135.52809027777778,43.563909799029304
C:\Users\carmonta\Desktop\data-centric-cross-season-transfer\datasets\train_on_2025_all\images\GX010664_MP4-0082_jpg.rf.d81ffef8b2b93fdb52c1aae78811edcf.jpg,GX010664_MP4-0082_jpg.rf.d81ffef8b2b93fdb52c1aae78811edcf.jpg,135.53715711805555,43.49238278903586
C:\Users\carmonta\Desktop\data-centric-cross-season-transfer\datasets\train_on_2025_all\images\GX010664_MP4-0083_jpg.rf.0c846dcfc99e20e365f3929017a59fe1.jpg,GX010664_MP4-0083_jpg.rf.0c846dcfc99e20e365f3929017a59fe1.jpg,133.21754340277778,42.71953828062254
C:\Users\carmonta\Desktop\data-centric-cross-season-transfer\datasets\train_on_2025_all\images\GX010664_MP4-0083_jpg.rf.9aff1680effc6d9a20394e1ad67914cd.jpg,GX010664_MP4-0083_jpg.rf.9aff1680effc6d9a20394e1ad67914cd.jpg,133.23894097222222,42.70497048862129
C:\Users\carmonta\Desktop\data-centric-cross-season-transfer\datasets\train_on_2025_all\images\GX010664_MP4-0083_jpg.rf.c1c6455b566b8da1f62953ba0d064615.jpg,GX010664_MP4-0083_jpg.rf.c1c6455b566b8da1f62953ba0d064615.jpg,133.23169704861112,42.57858402231949
C:\Users\carmonta\Desktop\data-centric-cross-season-transfer\datasets\train_on_2025_all\images\GX010664_MP4-0084_jpg.rf.354738c71897cfb319677245d8204d21.jpg,GX010664_MP4-0084_jpg.rf.354738c71897cfb319677245d8204d21.jpg,141.69582899305556,44.45921861386544
C:\Users\carmonta\Desktop\data-centric-cross-season-transfer\datasets\train_on_2025_all\images\GX010664_MP4-0084_jpg.rf.bdb52f2d6cd46ec2565cbcecb75686db.jpg,GX010664_MP4-0084_jpg.rf.bdb52f2d6cd46ec2565cbcecb75686db.jpg,141.69989583333333,44.36360669453604
C:\Users\carmonta\Desktop\data-centric-cross-season-transfer\datasets\train_on_2025_all\images\GX010664_MP4-0085_jpg.rf.0ca2778e2281ed2c4f8e88390a77943b.jpg,GX010664_MP4-0085_jpg.rf.0ca2778e2281ed2c4f8e88390a77943b.jpg,144.6452690972222,42.273330068541284
C:\Users\carmonta\Desktop\data-centric-cross-season-transfer\datasets\train_on_2025_all\images\GX010664_MP4-0085_jpg.rf.b83c1bd5d8e2a54d2d0b1711015c5bf5.jpg,GX010664_MP4-0085_jpg.rf.b83c1bd5d8e2a54d2d0b1711015c5bf5.jpg,144.64524305555557,42.282838650986626
C:\Users\carmonta\Desktop\data-centric-cross-season-transfer\datasets\train_on_2025_all\images\GX010664_MP4-0085_jpg.rf.e01ce4c22dc6a7c773c1207a43efd03f.jpg,GX010664_MP4-0085_jpg.rf.e01ce4c22dc6a7c773c1207a43efd03f.jpg,144.63031684027777,42.373988292826354
C:\Users\carmonta\Desktop\data-centric-cross-season-transfer\datasets\train_on_2025_all\images\GX010664_MP4-0087_jpg.rf.5542af5054305e406314ff33fa2a40f1.jpg,GX010664_MP4-0087_jpg.rf.5542af5054305e406314ff33fa2a40f1.jpg,143.90205729166667,41.6693477171209
C:\Users\carmonta\Desktop\data-centric-cross-season-transfer\datasets\train_on_2025_all\images\GX010664_MP4-0087_jpg.rf.648f557ddf59dbc0429f61985fac2cfb.jpg,GX010664_MP4-0087_jpg.rf.648f557ddf59dbc0429f61985fac2cfb.jpg,143.89730902777777,41.6948365364386
C:\Users\carmonta\Desktop\data-centric-cross-season-transfer\datasets\train_on_2025_all\images\GX010664_MP4-0087_jpg.rf.8a8b85bddca5b951f23f333887a14e04.jpg,GX010664_MP4-0087_jpg.rf.8a8b85bddca5b951f23f333887a14e04.jpg,143.90489149305554,41.5775498486926
C:\Users\carmonta\Desktop\data-centric-cross-season-transfer\datasets\train_on_2025_all\images\GX010664_MP4-0088_jpg.rf.494240a03bcd25f6257a187bd8c836b2.jpg,GX010664_MP4-0088_jpg.rf.494240a03bcd25f6257a187bd8c836b2.jpg,146.014765625,41.53727136181013
C:\Users\carmonta\Desktop\data-centric-cross-season-transfer\datasets\train_on_2025_all\images\GX010664_MP4-0089_jpg.rf.5dbb78ccf95f85012aae87561f6925d1.jpg,GX010664_MP4-0089_jpg.rf.5dbb78ccf95f85012aae87561f6925d1.jpg,148.587265625,40.487810742721955
C:\Users\carmonta\Desktop\data-centric-cross-season-transfer\datasets\train_on_2025_all\images\GX010664_MP4-0089_jpg.rf.da8a3c41d279007c2d64a7a6cd058837.jpg,GX010664_MP4-0089_jpg.rf.da8a3c41d279007c2d64a7a6cd058837.jpg,148.58238715277778,40.575388624261315
C:\Users\carmonta\Desktop\data-centric-cross-season-transfer\datasets\train_on_2025_all\images\GX010664_MP4-0089_jpg.rf.e8d832c466c21cd9f623b9ebe5756e56.jpg,GX010664_MP4-0089_jpg.rf.e8d832c466c21cd9f623b9ebe5756e56.jpg,148.58668402777778,40.52231449449105
C:\Users\carmonta\Desktop\data-centric-cross-season-transfer\datasets\train_on_2025_all\images\GX010664_MP4-0096_jpg.rf.b69fd4eb507e90c3694734f07462a655.jpg,GX010664_MP4-0096_jpg.rf.b69fd4eb507e90c3694734f07462a655.jpg,142.21295572916668,36.227893182953245
C:\Users\carmonta\Desktop\data-centric-cross-season-transfer\datasets\train_on_2025_all\images\GX010664_MP4-0097_jpg.rf.30ddf802f9cef65f74df8536e08dd4d5.jpg,GX010664_MP4-0097_jpg.rf.30ddf802f9cef65f74df8536e08dd4d5.jpg,139.45012586805555,37.04889757040112
C:\Users\carmonta\Desktop\data-centric-cross-season-transfer\datasets\train_on_2025_all\images\GX010664_MP4-0097_jpg.rf.4103e3b90cbbadd996a4ab1247c57bc9.jpg,GX010664_MP4-0097_jpg.rf.4103e3b90cbbadd996a4ab1247c57bc9.jpg,139.43701388888888,37.164255220347684
C:\Users\carmonta\Desktop\data-centric-cross-season-transfer\datasets\train_on_2025_all\images\GX010664_MP4-0097_jpg.rf.75e32ff5f5f4dc8e8fe9139a52247baa.jpg,GX010664_MP4-0097_jpg.rf.75e32ff5f5f4dc8e8fe9139a52247baa.jpg,139.4532638888889,37.1462860288336
C:\Users\carmonta\Desktop\data-centric-cross-season-transfer\datasets\train_on_2025_all\images\GX010664_MP4-0099_jpg.rf.1c9eadfbdf7290ec6e815c0799ed4788.jpg,GX010664_MP4-0099_jpg.rf.1c9eadfbdf7290ec6e815c0799ed4788.jpg,142.4070703125,39.951372149685
C:\Users\carmonta\Desktop\data-centric-cross-season-transfer\datasets\train_on_2025_all\images\GX010664_MP4-0099_jpg.rf.24b4e177954f75353fb1a2e32f03d4ff.jpg,GX010664_MP4-0099_jpg.rf.24b4e177954f75353fb1a2e32f03d4ff.jpg,142.4115798611111,40.032820557757276
C:\Users\carmonta\Desktop\data-centric-cross-season-transfer\datasets\train_on_2025_all\images\GX010664_MP4-0099_jpg.rf.391b5df9ba0ed8c4305f072faafdad86.jpg,GX010664_MP4-0099_jpg.rf.391b5df9ba0ed8c4305f072faafdad86.jpg,142.4077387152778,40.07530026063862
C:\Users\carmonta\Desktop\data-centric-cross-season-transfer\datasets\train_on_2025_all\images\GX010664_MP4-0101_jpg.rf.d81ccc877e2b480ba181242e338f3ee9.jpg,GX010664_MP4-0101_jpg.rf.d81ccc877e2b480ba181242e338f3ee9.jpg,150.2347699652778,52.627936711153005
C:\Users\carmonta\Desktop\data-centric-cross-season-transfer\datasets\train_on_2025_all\images\GX010664_MP4-0101_jpg.rf.fbbddac3cf611ccd749e86361bdff021.jpg,GX010664_MP4-0101_jpg.rf.fbbddac3cf611ccd749e86361bdff021.jpg,150.25596788194446,52.506794008731454
C:\Users\carmonta\Desktop\data-centric-cross-season-transfer\datasets\train_on_2025_all\images\GX010664_MP4-0102_jpg.rf.4e872ee064e022d68a14ea8a3ea13b61.jpg,GX010664_MP4-0102_jpg.rf.4e872ee064e022d68a14ea8a3ea13b61.jpg,155.48815972222224,46.536291733973485
C:\Users\carmonta\Desktop\data-centric-cross-season-transfer\datasets\train_on_2025_all\images\GX010664_MP4-0102_jpg.rf.72768da27ce62d100ebdd2012fd90eaa.jpg,GX010664_MP4-0102_jpg.rf.72768da27ce62d100ebdd2012fd90eaa.jpg,155.48516493055556,46.53564005733364
C:\Users\carmonta\Desktop\data-centric-cross-season-transfer\datasets\train_on_2025_all\images\GX010664_MP4-0102_jpg.rf.b08312a2a6beb58d484a463e114e90f0.jpg,GX010664_MP4-0102_jpg.rf.b08312a2a6beb58d484a463e114e90f0.jpg,155.48919270833332,46.520021222285486
C:\Users\carmonta\Desktop\data-centric-cross-season-transfer\datasets\train_on_2025_all\images\GX010664_MP4-0103_jpg.rf.c45db5a481016102ec73a91234cd98f8.jpg,GX010664_MP4-0103_jpg.rf.c45db5a481016102ec73a91234cd98f8.jpg,156.59756944444445,44.396501864144156
C:\Users\carmonta\Desktop\data-centric-cross-season-transfer\datasets\train_on_2025_all\images\GX010664_MP4-0103_jpg.rf.f0a68cd971320cfd3270cab447a94bb4.jpg,GX010664_MP4-0103_jpg.rf.f0a68cd971320cfd3270cab447a94bb4.jpg,156.61116319444446,44.35051118529503
C:\Users\carmonta\Desktop\data-centric-cross-season-transfer\datasets\train_on_2025_all\images\GX010665_MP4-0012_jpg.rf.b6d399bad362a005b52d85a36946930e.jpg,GX010665_MP4-0012_jpg.rf.b6d399bad362a005b52d85a36946930e.jpg,138.18699652777778,42.10630135616071
C:\Users\carmonta\Desktop\data-centric-cross-season-transfer\datasets\train_on_2025_all\images\GX010665_MP4-0021_jpg.rf.342f2f770b83c6e0a4ccc9a380ce386e.jpg,GX010665_MP4-0021_jpg.rf.342f2f770b83c6e0a4ccc9a380ce386e.jpg,140.32297743055557,36.41139633139017
C:\Users\carmonta\Desktop\data-centric-cross-season-transfer\datasets\train_on_2025_all\images\GX010665_MP4-0021_jpg.rf.e5806e4bf7b94c36725374d9ecdb7645.jpg,GX010665_MP4-0021_jpg.rf.e5806e4bf7b94c36725374d9ecdb7645.jpg,140.32471788194445,36.45912363617615
C:\Users\carmonta\Desktop\data-centric-cross-season-transfer\datasets\train_on_2025_all\images\GX010665_MP4-0021_jpg.rf.ed4fda92ba0f117676c2622240fd5566.jpg,GX010665_MP4-0021_jpg.rf.ed4fda92ba0f117676c2622240fd5566.jpg,140.31013020833333,36.57534353929937
C:\Users\carmonta\Desktop\data-centric-cross-season-transfer\datasets\train_on_2025_all\images\GX010665_MP4-0022_jpg.rf.072b5d326b3fcd107ef6733e884dc998.jpg,GX010665_MP4-0022_jpg.rf.072b5d326b3fcd107ef6733e884dc998.jpg,139.23674479166667,41.39182366708372
C:\Users\carmonta\Desktop\data-centric-cross-season-transfer\datasets\train_on_2025_all\images\GX010665_MP4-0022_jpg.rf.cf220d12d0bfe3a2cdffa30b9adff42b.jpg,GX010665_MP4-0022_jpg.rf.cf220d12d0bfe3a2cdffa30b9adff42b.jpg,139.22885850694445,41.469823759427356
C:\Users\carmonta\Desktop\data-centric-cross-season-transfer\datasets\train_on_2025_all\images\GX010665_MP4-0023_jpg.rf.99e1944223240057a64b80a8bb7f6a00.jpg,GX010665_MP4-0023_jpg.rf.99e1944223240057a64b80a8bb7f6a00.jpg,145.1462282986111,50.29183203949576
C:\Users\carmonta\Desktop\data-centric-cross-season-transfer\datasets\train_on_2025_all\images\GX010665_MP4-0023_jpg.rf.f67a6efbe1eefa463baaba82ed22f471.jpg,GX010665_MP4-0023_jpg.rf.f67a6efbe1eefa463baaba82ed22f471.jpg,145.1448394097222,50.3343550515462
C:\Users\carmonta\Desktop\data-centric-cross-season-transfer\datasets\train_on_2025_all\images\GX010665_MP4-0024_jpg.rf.700871f8708b3dbf6bee84851e0a74b6.jpg,GX010665_MP4-0024_jpg.rf.700871f8708b3dbf6bee84851e0a74b6.jpg,144.85803819444445,54.28506917868533
C:\Users\carmonta\Desktop\data-centric-cross-season-transfer\datasets\train_on_2025_all\images\GX010665_MP4-0024_jpg.rf.aa4d80af8c6603667718c4c4c0dc6589.jpg,GX010665_MP4-0024_jpg.rf.aa4d80af8c6603667718c4c4c0dc6589.jpg,144.85068142361112,54.301232768492675
C:\Users\carmonta\Desktop\data-centric-cross-season-transfer\datasets\train_on_2025_all\images\GX010665_MP4-0026_jpg.rf.0ba0d6d8506d07b8bfebce33646036b7.jpg,GX010665_MP4-0026_jpg.rf.0ba0d6d8506d07b8bfebce33646036b7.jpg,137.14108506944444,37.75679608439699
C:\Users\carmonta\Desktop\data-centric-cross-season-transfer\datasets\train_on_2025_all\images\GX010665_MP4-0026_jpg.rf.419b1a60f7223ca419a861b15cf41a7a.jpg,GX010665_MP4-0026_jpg.rf.419b1a60f7223ca419a861b15cf41a7a.jpg,137.14046006944446,37.77541744746181
C:\Users\carmonta\Desktop\data-centric-cross-season-transfer\datasets\train_on_2025_all\images\GX010665_MP4-0026_jpg.rf.efc62c6441c10fe7bd39732a5d071352.jpg,GX010665_MP4-0026_jpg.rf.efc62c6441c10fe7bd39732a5d071352.jpg,137.14850260416668,37.79772277730719
C:\Users\carmonta\Desktop\data-centric-cross-season-transfer\datasets\train_on_2025_all\images\GX010665_MP4-0027_jpg.rf.06278f2e8eca61cebe9f0d9a18e89850.jpg,GX010665_MP4-0027_jpg.rf.06278f2e8eca61cebe9f0d9a18e89850.jpg,133.8297482638889,37.25820808764032
C:\Users\carmonta\Desktop\data-centric-cross-season-transfer\datasets\train_on_2025_all\images\GX010665_MP4-0027_jpg.rf.4af315f4a69d88a7e1293f0e3e3b8ce3.jpg,GX010665_MP4-0027_jpg.rf.4af315f4a69d88a7e1293f0e3e3b8ce3.jpg,133.83008680555557,37.19189482890979
C:\Users\carmonta\Desktop\data-centric-cross-season-transfer\datasets\train_on_2025_all\images\GX010665_MP4-0027_jpg.rf.7e44c14da56690f78b4771f202c0f867.jpg,GX010665_MP4-0027_jpg.rf.7e44c14da56690f78b4771f202c0f867.jpg,133.83023871527777,37.13398233128007
C:\Users\carmonta\Desktop\data-centric-cross-season-transfer\datasets\train_on_2025_all\images\GX010665_MP4-0028_jpg.rf.26ad4d941c7ddfd607778cd6d9ec57c8.jpg,GX010665_MP4-0028_jpg.rf.26ad4d941c7ddfd607778cd6d9ec57c8.jpg,142.41561197916667,34.38039422598528
C:\Users\carmonta\Desktop\data-centric-cross-season-transfer\datasets\train_on_2025_all\images\GX010665_MP4-0028_jpg.rf.a5ca2ceee9a17361e7b3d08e0db3afe4.jpg,GX010665_MP4-0028_jpg.rf.a5ca2ceee9a17361e7b3d08e0db3afe4.jpg,142.41537760416668,34.38573734559321
C:\Users\carmonta\Desktop\data-centric-cross-season-transfer\datasets\train_on_2025_all\images\GX010665_MP4-0028_jpg.rf.f349cdd08a19a2cb29c0370a3d6fa1e9.jpg,GX010665_MP4-0028_jpg.rf.f349cdd08a19a2cb29c0370a3d6fa1e9.jpg,142.4155078125,34.36527369914975
C:\Users\carmonta\Desktop\data-centric-cross-season-transfer\datasets\train_on_2025_all\images\GX010665_MP4-0057_jpg.rf.7add9bb13d4af09973c089e63ef97e0a.jpg,GX010665_MP4-0057_jpg.rf.7add9bb13d4af09973c089e63ef97e0a.jpg,144.30379340277779,39.022139275873265
C:\Users\carmonta\Desktop\data-centric-cross-season-transfer\datasets\train_on_2025_all\images\GX010665_MP4-0057_jpg.rf.f09c8723a9094d7f87f232ac769d7c16.jpg,GX010665_MP4-0057_jpg.rf.f09c8723a9094d7f87f232ac769d7c16.jpg,144.30706597222223,38.96858742596162
C:\Users\carmonta\Desktop\data-centric-cross-season-transfer\datasets\train_on_2025_all\images\GX010665_MP4-0058_jpg.rf.5c0564a8e5c285db8301e4375735d605.jpg,GX010665_MP4-0058_jpg.rf.5c0564a8e5c285db8301e4375735d605.jpg,147.02315972222223,40.16815049665233
C:\Users\carmonta\Desktop\data-centric-cross-season-transfer\datasets\train_on_2025_all\images\GX010665_MP4-0059_jpg.rf.652743b7c7226586b990fff2e5c35910.jpg,GX010665_MP4-0059_jpg.rf.652743b7c7226586b990fff2e5c35910.jpg,143.3041059027778,41.11608610946581
C:\Users\carmonta\Desktop\data-centric-cross-season-transfer\datasets\train_on_2025_all\images\GX010665_MP4-0059_jpg.rf.ca9bd4aee400f9209fc76ed1310b61b0.jpg,GX010665_MP4-0059_jpg.rf.ca9bd4aee400f9209fc76ed1310b61b0.jpg,143.29465711805557,41.1407199893886
C:\Users\carmonta\Desktop\data-centric-cross-season-transfer\datasets\train_on_2025_all\images\GX010665_MP4-0059_jpg.rf.d1cf532ed6b6814657b47397dc64bc20.jpg,GX010665_MP4-0059_jpg.rf.d1cf532ed6b6814657b47397dc64bc20.jpg,143.30743489583332,41.024066682288826
C:\Users\carmonta\Desktop\data-centric-cross-season-transfer\datasets\train_on_2025_all\images\GX010665_MP4-0063_jpg.rf.8ac064a506ea4352918498ba66d69e4d.jpg,GX010665_MP4-0063_jpg.rf.8ac064a506ea4352918498ba66d69e4d.jpg,136.24014322916668,32.75140848031979
C:\Users\carmonta\Desktop\data-centric-cross-season-transfer\datasets\train_on_2025_all\images\GX010665_MP4-0063_jpg.rf.ba6d0da80d0ef0bf1ceb5037a7c238e0.jpg,GX010665_MP4-0063_jpg.rf.ba6d0da80d0ef0bf1ceb5037a7c238e0.jpg,136.24011284722224,32.77063946733992
C:\Users\carmonta\Desktop\data-centric-cross-season-transfer\datasets\train_on_2025_all\images\GX010665_MP4-0063_jpg.rf.da4bc323a0e859b40c9429b44058013f.jpg,GX010665_MP4-0063_jpg.rf.da4bc323a0e859b40c9429b44058013f.jpg,136.24068576388888,32.94000221175286
C:\Users\carmonta\Desktop\data-centric-cross-season-transfer\datasets\train_on_2025_all\images\GX010665_MP4-0087_jpg.rf.37bea2f8fc3b279ccf0bce6b34bdc596.jpg,GX010665_MP4-0087_jpg.rf.37bea2f8fc3b279ccf0bce6b34bdc596.jpg,147.75291666666666,53.057737322250595
C:\Users\carmonta\Desktop\data-centric-cross-season-transfer\datasets\train_on_2025_all\images\GX010665_MP4-0087_jpg.rf.4aa99a02a0239ce75f1ee0490ae6ab3e.jpg,GX010665_MP4-0087_jpg.rf.4aa99a02a0239ce75f1ee0490ae6ab3e.jpg,147.75602430555554,52.981770713556315
C:\Users\carmonta\Desktop\data-centric-cross-season-transfer\datasets\train_on_2025_all\images\GX010665_MP4-0087_jpg.rf.d51ca4d91f7ad0a7bd74892dec879c9c.jpg,GX010665_MP4-0087_jpg.rf.d51ca4d91f7ad0a7bd74892dec879c9c.jpg,147.76713975694443,52.93561880984122
C:\Users\carmonta\Desktop\data-centric-cross-season-transfer\datasets\train_on_2025_all\images\GX010665_MP4-0088_jpg.rf.28457939a925f5c7c48b45c5c6318ef7.jpg,GX010665_MP4-0088_jpg.rf.28457939a925f5c7c48b45c5c6318ef7.jpg,147.15828125,49.856036399303505
C:\Users\carmonta\Desktop\data-centric-cross-season-transfer\datasets\train_on_2025_all\images\GX010665_MP4-0088_jpg.rf.5c525a0fc26c71dca5cd32c19f9a319b.jpg,GX010665_MP4-0088_jpg.rf.5c525a0fc26c71dca5cd32c19f9a319b.jpg,147.15758246527778,49.90510846522988
C:\Users\carmonta\Desktop\data-centric-cross-season-transfer\datasets\train_on_2025_all\images\GX010665_MP4-0089_jpg.rf.7fe0e9657fa1a72a2708896f9ebef5ed.jpg,GX010665_MP4-0089_jpg.rf.7fe0e9657fa1a72a2708896f9ebef5ed.jpg,140.83733940972223,34.38987348483859
C:\Users\carmonta\Desktop\data-centric-cross-season-transfer\datasets\train_on_2025_all\images\GX010665_MP4-0089_jpg.rf.d7f24a0cae1be4eb04ece415de777176.jpg,GX010665_MP4-0089_jpg.rf.d7f24a0cae1be4eb04ece415de777176.jpg,140.8327170138889,34.48437074140016
C:\Users\carmonta\Desktop\data-centric-cross-season-transfer\datasets\train_on_2025_all\images\GX010665_MP4-0089_jpg.rf.f4e8db4583a4642a9f2d4c3ddbdb6103.jpg,GX010665_MP4-0089_jpg.rf.f4e8db4583a4642a9f2d4c3ddbdb6103.jpg,140.83740885416665,34.34746638300702
C:\Users\carmonta\Desktop\data-centric-cross-season-transfer\datasets\train_on_2025_all\images\GX010665_MP4-0090_jpg.rf.6c2e0422736c8cd7675515c474872929.jpg,GX010665_MP4-0090_jpg.rf.6c2e0422736c8cd7675515c474872929.jpg,137.80474826388888,30.3252254506796
C:\Users\carmonta\Desktop\data-centric-cross-season-transfer\datasets\train_on_2025_all\images\GX010665_MP4-0090_jpg.rf.7706e729cb1e2db1425209a5fb2de190.jpg,GX010665_MP4-0090_jpg.rf.7706e729cb1e2db1425209a5fb2de190.jpg,137.80852430555555,30.341754272556734
C:\Users\carmonta\Desktop\data-centric-cross-season-transfer\datasets\train_on_2025_all\images\GX010665_MP4-0090_jpg.rf.eba468ea34d3cb486afecb73c240931d.jpg,GX010665_MP4-0090_jpg.rf.eba468ea34d3cb486afecb73c240931d.jpg,137.80891059027778,30.278650194164005
C:\Users\carmonta\Desktop\data-centric-cross-season-transfer\datasets\train_on_2025_all\images\GX010665_MP4-0091_jpg.rf.20b7fb17307b06108faf51918fc07af6.jpg,GX010665_MP4-0091_jpg.rf.20b7fb17307b06108faf51918fc07af6.jpg,139.52684895833335,27.04918824454797
C:\Users\carmonta\Desktop\data-centric-cross-season-transfer\datasets\train_on_2025_all\images\GX010665_MP4-0091_jpg.rf.fe26edd525ea7504ac1942be3e1967b9.jpg,GX010665_MP4-0091_jpg.rf.fe26edd525ea7504ac1942be3e1967b9.jpg,139.51705295138888,27.272673018460235
C:\Users\carmonta\Desktop\data-centric-cross-season-transfer\datasets\train_on_2025_all\images\GX010665_MP4-0092_jpg.rf.58781171b7ed3094ea8f5bc4e0e49a75.jpg,GX010665_MP4-0092_jpg.rf.58781171b7ed3094ea8f5bc4e0e49a75.jpg,141.09253038194444,25.631105331691227
C:\Users\carmonta\Desktop\data-centric-cross-season-transfer\datasets\train_on_2025_all\images\GX010665_MP4-0092_jpg.rf.80cba303c613e470c43e05cbd62e66f7.jpg,GX010665_MP4-0092_jpg.rf.80cba303c613e470c43e05cbd62e66f7.jpg,141.09782118055554,25.73813282590361
C:\Users\carmonta\Desktop\data-centric-cross-season-transfer\datasets\train_on_2025_all\images\GX010665_MP4-0099_jpg.rf.6320251c5e1b1890f9ebc1f5a3e44c13.jpg,GX010665_MP4-0099_jpg.rf.6320251c5e1b1890f9ebc1f5a3e44c13.jpg,136.37846354166666,39.8875902459074
C:\Users\carmonta\Desktop\data-centric-cross-season-transfer\datasets\train_on_2025_all\images\GX010665_MP4-0099_jpg.rf.68da4d0d7ee75338594472166a43f893.jpg,GX010665_MP4-0099_jpg.rf.68da4d0d7ee75338594472166a43f893.jpg,136.37846354166666,39.8875902459074
C:\Users\carmonta\Desktop\data-centric-cross-season-transfer\datasets\train_on_2025_all\images\GX010665_MP4-0100_jpg.rf.5e0da56a19b03b526a83ae4b4a0555dd.jpg,GX010665_MP4-0100_jpg.rf.5e0da56a19b03b526a83ae4b4a0555dd.jpg,136.68016493055555,41.422687007618556
C:\Users\carmonta\Desktop\data-centric-cross-season-transfer\datasets\train_on_2025_all\images\GX010665_MP4-0101_jpg.rf.a39714489272183f4249e1ec63781bd8.jpg,GX010665_MP4-0101_jpg.rf.a39714489272183f4249e1ec63781bd8.jpg,139.93046440972222,40.7429749062511
C:\Users\carmonta\Desktop\data-centric-cross-season-transfer\datasets\train_on_2025_all\images\GX010665_MP4-0102_jpg.rf.0c7b5292bdb66b878c54eab0351b850f.jpg,GX010665_MP4-0102_jpg.rf.0c7b5292bdb66b878c54eab0351b850f.jpg,138.0676779513889,44.039737111709776
C:\Users\carmonta\Desktop\data-centric-cross-season-transfer\datasets\train_on_2025_all\images\GX010665_MP4-0102_jpg.rf.3f702ad7f67dd42c14bd7c7d1930bbf9.jpg,GX010665_MP4-0102_jpg.rf.3f702ad7f67dd42c14bd7c7d1930bbf9.jpg,138.0617795138889,44.07125191994962
C:\Users\carmonta\Desktop\data-centric-cross-season-transfer\datasets\train_on_2025_all\images\GX010665_MP4-0102_jpg.rf.cdbc439f6f8e7600a24ea9a6d00588c2.jpg,GX010665_MP4-0102_jpg.rf.cdbc439f6f8e7600a24ea9a6d00588c2.jpg,138.06778211805556,43.958941368556566
C:\Users\carmonta\Desktop\data-centric-cross-season-transfer\datasets\train_on_2025_all\images\GX010665_MP4-0103_jpg.rf.21eca401c2c7ad00476720571d7cd905.jpg,GX010665_MP4-0103_jpg.rf.21eca401c2c7ad00476720571d7cd905.jpg,137.40194010416667,45.68178242328052
C:\Users\carmonta\Desktop\data-centric-cross-season-transfer\datasets\train_on_2025_all\images\GX010665_MP4-0103_jpg.rf.6c308f1995c3afe5b597a2c45fcc1da3.jpg,GX010665_MP4-0103_jpg.rf.6c308f1995c3afe5b597a2c45fcc1da3.jpg,137.39657118055555,45.744772834887044
C:\Users\carmonta\Desktop\data-centric-cross-season-transfer\datasets\train_on_2025_all\images\GX010665_MP4-0108_jpg.rf.92e00390db4cf64817d5a3e2ab2aab8c.jpg,GX010665_MP4-0108_jpg.rf.92e00390db4cf64817d5a3e2ab2aab8c.jpg,129.47705295138888,42.16109197539788
C:\Users\carmonta\Desktop\data-centric-cross-season-transfer\datasets\train_on_2025_all\images\GX010665_MP4-0108_jpg.rf.b2c7dcd0ffefb0fefe89673e7b296b99.jpg,GX010665_MP4-0108_jpg.rf.b2c7dcd0ffefb0fefe89673e7b296b99.jpg,129.4820269097222,42.13082693242197
C:\Users\carmonta\Desktop\data-centric-cross-season-transfer\datasets\train_on_2025_all\images\GX010665_MP4-0109_jpg.rf.10e147497451b184414be771b6fc6a5a.jpg,GX010665_MP4-0109_jpg.rf.10e147497451b184414be771b6fc6a5a.jpg,133.1405078125,41.56394266191837
C:\Users\carmonta\Desktop\data-centric-cross-season-transfer\datasets\train_on_2025_all\images\GX010665_MP4-0109_jpg.rf.9fd1499c70b70ecb0127c12a30e67a11.jpg,GX010665_MP4-0109_jpg.rf.9fd1499c70b70ecb0127c12a30e67a11.jpg,133.1405078125,41.56394266191837
C:\Users\carmonta\Desktop\data-centric-cross-season-transfer\datasets\train_on_2025_all\images\GX010665_MP4-0109_jpg.rf.dad896add87fe0ac390e9d95489b86a9.jpg,GX010665_MP4-0109_jpg.rf.dad896add87fe0ac390e9d95489b86a9.jpg,133.1393402777778,41.71574030028567
C:\Users\carmonta\Desktop\data-centric-cross-season-transfer\datasets\train_on_2025_all\images\GX010665_MP4-0110_jpg.rf.81e595d4e4917d1b1a3c649e805fea15.jpg,GX010665_MP4-0110_jpg.rf.81e595d4e4917d1b1a3c649e805fea15.jpg,138.60215711805554,44.001211785313465
C:\Users\carmonta\Desktop\data-centric-cross-season-transfer\datasets\train_on_2025_all\images\GX010665_MP4-0110_jpg.rf.8dc571bc5b27193d0b4aa09f8b6c96a9.jpg,GX010665_MP4-0110_jpg.rf.8dc571bc5b27193d0b4aa09f8b6c96a9.jpg,138.60315538194445,43.91788434754568
C:\Users\carmonta\Desktop\data-centric-cross-season-transfer\datasets\train_on_2025_all\images\GX010665_MP4-0110_jpg.rf.99800ff25d1b188c225ff44b872df47f.jpg,GX010665_MP4-0110_jpg.rf.99800ff25d1b188c225ff44b872df47f.jpg,138.5868793402778,44.028749531568195
C:\Users\carmonta\Desktop\data-centric-cross-season-transfer\datasets\train_on_2025_all\images\GX010665_MP4-0111_jpg.rf.28c370a4586765748f423bf5292aa213.jpg,GX010665_MP4-0111_jpg.rf.28c370a4586765748f423bf5292aa213.jpg,139.48116753472223,43.07755704981329
C:\Users\carmonta\Desktop\data-centric-cross-season-transfer\datasets\train_on_2025_all\images\GX010665_MP4-0111_jpg.rf.9704330e5fe7240357ac3f0b17fad1c1.jpg,GX010665_MP4-0111_jpg.rf.9704330e5fe7240357ac3f0b17fad1c1.jpg,139.4744921875,42.948223839277965
C:\Users\carmonta\Desktop\data-centric-cross-season-transfer\datasets\train_on_2025_all\images\GX010665_MP4-0112_jpg.rf.107b18f2eec800ef9479d3b91fba5363.jpg,GX010665_MP4-0112_jpg.rf.107b18f2eec800ef9479d3b91fba5363.jpg,141.05553819444444,45.05628344262025
C:\Users\carmonta\Desktop\data-centric-cross-season-transfer\datasets\train_on_2025_all\images\GX010665_MP4-0112_jpg.rf.b8b48ea4dbbbf1e55cd6400e8601181b.jpg,GX010665_MP4-0112_jpg.rf.b8b48ea4dbbbf1e55cd6400e8601181b.jpg,141.06427517361112,44.998295740729034
C:\Users\carmonta\Desktop\data-centric-cross-season-transfer\datasets\train_on_2025_all\images\GX010665_MP4-0113_jpg.rf.07523ee6156b45018e4e60b55a5ba1c2.jpg,GX010665_MP4-0113_jpg.rf.07523ee6156b45018e4e60b55a5ba1c2.jpg,142.0982421875,45.9220163478452
C:\Users\carmonta\Desktop\data-centric-cross-season-transfer\datasets\train_on_2025_all\images\GX010665_MP4-0113_jpg.rf.3790d093b7fcdca9ae8054b48068d9ed.jpg,GX010665_MP4-0113_jpg.rf.3790d093b7fcdca9ae8054b48068d9ed.jpg,142.10133680555555,45.90562017325034
C:\Users\carmonta\Desktop\data-centric-cross-season-transfer\datasets\train_on_2025_all\images\GX010665_MP4-0113_jpg.rf.8c61e44efffcfbab81d3d4f641461bc2.jpg,GX010665_MP4-0113_jpg.rf.8c61e44efffcfbab81d3d4f641461bc2.jpg,142.10133680555555,45.90562017325034
C:\Users\carmonta\Desktop\data-centric-cross-season-transfer\datasets\train_on_2025_all\images\GX010665_MP4-0114_jpg.rf.0e7fa190360d96f39784b4149d3c547a.jpg,GX010665_MP4-0114_jpg.rf.0e7fa190360d96f39784b4149d3c547a.jpg,136.33447916666665,46.98691028648723
C:\Users\carmonta\Desktop\data-centric-cross-season-transfer\datasets\train_on_2025_all\images\GX010665_MP4-0114_jpg.rf.a5e0ed3c2e169842516b075a83a1335f.jpg,GX010665_MP4-0114_jpg.rf.a5e0ed3c2e169842516b075a83a1335f.jpg,136.34086371527778,46.99212317953577
C:\Users\carmonta\Desktop\data-centric-cross-season-transfer\datasets\train_on_2025_all\images\GX010665_MP4-0114_jpg.rf.ef4576edfd9ff5aa31f3f5d87d56364c.jpg,GX010665_MP4-0114_jpg.rf.ef4576edfd9ff5aa31f3f5d87d56364c.jpg,136.3372048611111,46.933998791221924
C:\Users\carmonta\Desktop\data-centric-cross-season-transfer\datasets\train_on_2025_all\images\GX010665_MP4-0115_jpg.rf.21fa82305642480e4dea481692f1fe66.jpg,GX010665_MP4-0115_jpg.rf.21fa82305642480e4dea481692f1fe66.jpg,124.02849826388889,47.03097092388589
C:\Users\carmonta\Desktop\data-centric-cross-season-transfer\datasets\train_on_2025_all\images\GX010665_MP4-0115_jpg.rf.ace7d22ef4e2022b8d9960e510b6b6f4.jpg,GX010665_MP4-0115_jpg.rf.ace7d22ef4e2022b8d9960e510b6b6f4.jpg,124.042890625,46.99356690583485
C:\Users\carmonta\Desktop\data-centric-cross-season-transfer\datasets\train_on_2025_all\images\GX010665_MP4-0116_jpg.rf.0a6651813d76b66c91b5481603b60d2d.jpg,GX010665_MP4-0116_jpg.rf.0a6651813d76b66c91b5481603b60d2d.jpg,124.35643663194445,48.119159338688895
C:\Users\carmonta\Desktop\data-centric-cross-season-transfer\datasets\train_on_2025_all\images\GX010665_MP4-0116_jpg.rf.50e082fea34ac7c7389c48ab09cb05a1.jpg,GX010665_MP4-0116_jpg.rf.50e082fea34ac7c7389c48ab09cb05a1.jpg,124.34891927083333,48.17726243349135
C:\Users\carmonta\Desktop\data-centric-cross-season-transfer\datasets\train_on_2025_all\images\GX010665_MP4-0116_jpg.rf.6c71b4a60f6d6e167fc5c3569c75a3e2.jpg,GX010665_MP4-0116_jpg.rf.6c71b4a60f6d6e167fc5c3569c75a3e2.jpg,124.34926649305555,48.06973590849717
C:\Users\carmonta\Desktop\data-centric-cross-season-transfer\datasets\train_on_2025_all\images\GX010665_MP4-0119_jpg.rf.c574b03407b66448aad99fbe1377524b.jpg,GX010665_MP4-0119_jpg.rf.c574b03407b66448aad99fbe1377524b.jpg,122.816875,51.566390408368356
C:\Users\carmonta\Desktop\data-centric-cross-season-transfer\datasets\train_on_2025_all\images\GX010665_MP4-0128_jpg.rf.60c8aec1d00c70e12a8c6a21fc7c91a3.jpg,GX010665_MP4-0128_jpg.rf.60c8aec1d00c70e12a8c6a21fc7c91a3.jpg,122.96920138888889,54.721873461405806
C:\Users\carmonta\Desktop\data-centric-cross-season-transfer\datasets\train_on_2025_all\images\GX010665_MP4-0129_jpg.rf.0183f8cbb64b8610d89922b5794dbcf3.jpg,GX010665_MP4-0129_jpg.rf.0183f8cbb64b8610d89922b5794dbcf3.jpg,123.10792100694445,53.84698249728767
C:\Users\carmonta\Desktop\data-centric-cross-season-transfer\datasets\train_on_2025_all\images\GX010665_MP4-0130_jpg.rf.103e55f0d7d7a32a40412ba08753909d.jpg,GX010665_MP4-0130_jpg.rf.103e55f0d7d7a32a40412ba08753909d.jpg,123.62218315972223,54.07099381020015
C:\Users\carmonta\Desktop\data-centric-cross-season-transfer\datasets\train_on_2025_all\images\GX010665_MP4-0130_jpg.rf.c54d5a5ce439730f8c81c29ac54a8bfb.jpg,GX010665_MP4-0130_jpg.rf.c54d5a5ce439730f8c81c29ac54a8bfb.jpg,123.62218315972223,54.07099381020015
C:\Users\carmonta\Desktop\data-centric-cross-season-transfer\datasets\train_on_2025_all\images\GX010665_MP4-0133_jpg.rf.11f961eed585765b5ced3ad0bdf7007c.jpg,GX010665_MP4-0133_jpg.rf.11f961eed585765b5ced3ad0bdf7007c.jpg,122.01943142361111,54.546875228982316
C:\Users\carmonta\Desktop\data-centric-cross-season-transfer\datasets\train_on_2025_all\images\GX010665_MP4-0133_jpg.rf.4d78612c20025b75ecfd75c3d97cd906.jpg,GX010665_MP4-0133_jpg.rf.4d78612c20025b75ecfd75c3d97cd906.jpg,122.02394965277777,54.62177971080074
C:\Users\carmonta\Desktop\data-centric-cross-season-transfer\datasets\train_on_2025_all\images\GX010665_MP4-0134_jpg.rf.22645c83f16ad0fab3c00559ae4ce7a0.jpg,GX010665_MP4-0134_jpg.rf.22645c83f16ad0fab3c00559ae4ce7a0.jpg,121.75746527777778,54.450001640446516
C:\Users\carmonta\Desktop\data-centric-cross-season-transfer\datasets\train_on_2025_all\images\GX010665_MP4-0134_jpg.rf.b13059bc41014669614fae18160fa79c.jpg,GX010665_MP4-0134_jpg.rf.b13059bc41014669614fae18160fa79c.jpg,121.75535590277778,54.432463346172035
C:\Users\carmonta\Desktop\data-centric-cross-season-transfer\datasets\train_on_2025_all\images\GX010665_MP4-0135_jpg.rf.509655b7c4efe4575b681d7ca53f1884.jpg,GX010665_MP4-0135_jpg.rf.509655b7c4efe4575b681d7ca53f1884.jpg,122.88759548611111,54.56871619435679
C:\Users\carmonta\Desktop\data-centric-cross-season-transfer\datasets\train_on_2025_all\images\GX010665_MP4-0135_jpg.rf.8f8280a9921992b6846aad4143d2f5d3.jpg,GX010665_MP4-0135_jpg.rf.8f8280a9921992b6846aad4143d2f5d3.jpg,122.88473090277778,54.55826406982725
C:\Users\carmonta\Desktop\data-centric-cross-season-transfer\datasets\train_on_2025_all\images\GX010665_MP4-0135_jpg.rf.a67e59dabd6b23ef1153ed18978df9a4.jpg,GX010665_MP4-0135_jpg.rf.a67e59dabd6b23ef1153ed18978df9a4.jpg,122.88879340277778,54.61557955988546
C:\Users\carmonta\Desktop\data-centric-cross-season-transfer\datasets\train_on_2025_all\images\GX010665_MP4-0136_jpg.rf.e899d5e6870e48c20ce0c8a8c6b85670.jpg,GX010665_MP4-0136_jpg.rf.e899d5e6870e48c20ce0c8a8c6b85670.jpg,120.79260850694445,54.65684240722592
C:\Users\carmonta\Desktop\data-centric-cross-season-transfer\datasets\train_on_2025_all\images\GX010665_MP4-0137_jpg.rf.bcc0d3167caa3008c5ab41d497a755fd.jpg,GX010665_MP4-0137_jpg.rf.bcc0d3167caa3008c5ab41d497a755fd.jpg,120.85912760416667,54.947017832484505
C:\Users\carmonta\Desktop\data-centric-cross-season-transfer\datasets\train_on_2025_all\images\GX010665_MP4-0137_jpg.rf.ef06cb4c3b660b6e44019964f9e8bfec.jpg,GX010665_MP4-0137_jpg.rf.ef06cb4c3b660b6e44019964f9e8bfec.jpg,120.85307291666666,54.90872106089609
C:\Users\carmonta\Desktop\data-centric-cross-season-transfer\datasets\train_on_2025_all\images\GX010665_MP4-0138_jpg.rf.63237006cb17000814f72133f9ca3ac2.jpg,GX010665_MP4-0138_jpg.rf.63237006cb17000814f72133f9ca3ac2.jpg,121.41478732638889,54.81594736956098
C:\Users\carmonta\Desktop\data-centric-cross-season-transfer\datasets\train_on_2025_all\images\GX010665_MP4-0138_jpg.rf.e0a496e1cf85b79b34be129f00e8e738.jpg,GX010665_MP4-0138_jpg.rf.e0a496e1cf85b79b34be129f00e8e738.jpg,121.41291232638889,54.81762236081259
C:\Users\carmonta\Desktop\data-centric-cross-season-transfer\datasets\train_on_2025_all\images\GX010665_MP4-0138_jpg.rf.f28576c5169f2c6e331e9ee9646b2b4a.jpg,GX010665_MP4-0138_jpg.rf.f28576c5169f2c6e331e9ee9646b2b4a.jpg,121.41899305555556,54.742738455154
C:\Users\carmonta\Desktop\data-centric-cross-season-transfer\datasets\train_on_2025_all\images\GX010665_MP4-0139_jpg.rf.0fd45edf056321c1c65b8771e9efeb4e.jpg,GX010665_MP4-0139_jpg.rf.0fd45edf056321c1c65b8771e9efeb4e.jpg,121.605390625,55.12916859178739
C:\Users\carmonta\Desktop\data-centric-cross-season-transfer\datasets\train_on_2025_all\images\GX010665_MP4-0139_jpg.rf.12eaaa7163d6f7393eca5238b9e30da2.jpg,GX010665_MP4-0139_jpg.rf.12eaaa7163d6f7393eca5238b9e30da2.jpg,121.60033420138889,55.07823407492219
C:\Users\carmonta\Desktop\data-centric-cross-season-transfer\datasets\train_on_2025_all\images\GX010665_MP4-0140_jpg.rf.1c49b7421381dbf1464c265c901be303.jpg,GX010665_MP4-0140_jpg.rf.1c49b7421381dbf1464c265c901be303.jpg,122.10332465277777,55.55030113294231
C:\Users\carmonta\Desktop\data-centric-cross-season-transfer\datasets\train_on_2025_all\images\GX010665_MP4-0140_jpg.rf.f2faa2c854690615cfb99e91bddea21a.jpg,GX010665_MP4-0140_jpg.rf.f2faa2c854690615cfb99e91bddea21a.jpg,122.10352430555555,55.62565935697944
C:\Users\carmonta\Desktop\data-centric-cross-season-transfer\datasets\train_on_2025_all\images\GX010665_MP4-0140_jpg.rf.faba8d2bd761a83b4874ee3a5881126b.jpg,GX010665_MP4-0140_jpg.rf.faba8d2bd761a83b4874ee3a5881126b.jpg,122.10502170138889,55.62926231289571
C:\Users\carmonta\Desktop\data-centric-cross-season-transfer\datasets\train_on_2025_all\images\GX010665_MP4-0152_jpg.rf.6ef7ee077fec852b588a18c9381d99a8.jpg,GX010665_MP4-0152_jpg.rf.6ef7ee077fec852b588a18c9381d99a8.jpg,119.92116753472222,52.708777878804405
C:\Users\carmonta\Desktop\data-centric-cross-season-transfer\datasets\train_on_2025_all\images\GX010665_MP4-0152_jpg.rf.e779f0db5f1587c44a3b4f0b7ff0214a.jpg,GX010665_MP4-0152_jpg.rf.e779f0db5f1587c44a3b4f0b7ff0214a.jpg,119.94465277777778,52.75633569328157
C:\Users\carmonta\Desktop\data-centric-cross-season-transfer\datasets\train_on_2025_all\images\GX010665_MP4-0152_jpg.rf.f4b4ecb7871c7f27ed499fd20a420e03.jpg,GX010665_MP4-0152_jpg.rf.f4b4ecb7871c7f27ed499fd20a420e03.jpg,119.93128472222222,52.64142327936495
C:\Users\carmonta\Desktop\data-centric-cross-season-transfer\datasets\train_on_2025_all\images\GX010665_MP4-0171_jpg.rf.94b38e93e0033cf29489d60ce98a1b7d.jpg,GX010665_MP4-0171_jpg.rf.94b38e93e0033cf29489d60ce98a1b7d.jpg,137.7437673611111,49.14261068678124
C:\Users\carmonta\Desktop\data-centric-cross-season-transfer\datasets\train_on_2025_all\images\GX010665_MP4-0171_jpg.rf.aa668009e06093c7f5b679fa928ee84b.jpg,GX010665_MP4-0171_jpg.rf.aa668009e06093c7f5b679fa928ee84b.jpg,137.7437673611111,49.14261068678124
C:\Users\carmonta\Desktop\data-centric-cross-season-transfer\datasets\train_on_2025_all\images\GX010665_MP4-0189_jpg.rf.141f93edee08d1217407f95246071f23.jpg,GX010665_MP4-0189_jpg.rf.141f93edee08d1217407f95246071f23.jpg,133.00445746527777,50.16387262179551
C:\Users\carmonta\Desktop\data-centric-cross-season-transfer\datasets\train_on_2025_all\images\GX010665_MP4-0189_jpg.rf.63548aa9017076ec478a2ca1b1b322d7.jpg,GX010665_MP4-0189_jpg.rf.63548aa9017076ec478a2ca1b1b322d7.jpg,133.00815972222222,50.21566486321818
C:\Users\carmonta\Desktop\data-centric-cross-season-transfer\datasets\train_on_2025_all\images\GX010665_MP4-0189_jpg.rf.ac2c945f0fd6e3d3a822e896659a0ae8.jpg,GX010665_MP4-0189_jpg.rf.ac2c945f0fd6e3d3a822e896659a0ae8.jpg,133.00999565972222,50.119872191126376
C:\Users\carmonta\Desktop\data-centric-cross-season-transfer\datasets\train_on_2025_all\images\GX010665_MP4-0190_jpg.rf.05fcbec8da10c1c2869c21f20ac7bf30.jpg,GX010665_MP4-0190_jpg.rf.05fcbec8da10c1c2869c21f20ac7bf30.jpg,131.01551215277777,50.862172256646524
C:\Users\carmonta\Desktop\data-centric-cross-season-transfer\datasets\train_on_2025_all\images\GX010665_MP4-0190_jpg.rf.fbac7ff1462b35a537b12d5fcf9657f9.jpg,GX010665_MP4-0190_jpg.rf.fbac7ff1462b35a537b12d5fcf9657f9.jpg,131.01084635416666,50.845386288588344
C:\Users\carmonta\Desktop\data-centric-cross-season-transfer\datasets\train_on_2025_all\images\GX010665_MP4-0191_jpg.rf.382ff4fd72c375f6c4ae8a8122f977d8.jpg,GX010665_MP4-0191_jpg.rf.382ff4fd72c375f6c4ae8a8122f977d8.jpg,131.30452256944446,50.469434080652874
C:\Users\carmonta\Desktop\data-centric-cross-season-transfer\datasets\train_on_2025_all\images\GX010665_MP4-0191_jpg.rf.5028b7cebe14c5281ffa0a6ccf4d600d.jpg,GX010665_MP4-0191_jpg.rf.5028b7cebe14c5281ffa0a6ccf4d600d.jpg,131.31039930555556,50.385030513442736
C:\Users\carmonta\Desktop\data-centric-cross-season-transfer\datasets\train_on_2025_all\images\GX010665_MP4-0192_jpg.rf.13e5a17667dd9f023bcd6d2313a569f9.jpg,GX010665_MP4-0192_jpg.rf.13e5a17667dd9f023bcd6d2313a569f9.jpg,129.791796875,51.2006630958891
C:\Users\carmonta\Desktop\data-centric-cross-season-transfer\datasets\train_on_2025_all\images\GX010665_MP4-0192_jpg.rf.d152df4b569f08332b8110cc746fe793.jpg,GX010665_MP4-0192_jpg.rf.d152df4b569f08332b8110cc746fe793.jpg,129.79540364583335,51.18056748827762
C:\Users\carmonta\Desktop\data-centric-cross-season-transfer\datasets\train_on_2025_all\images\GX010665_MP4-0193_jpg.rf.3882d4c5ba00f711e6f1712d42469373.jpg,GX010665_MP4-0193_jpg.rf.3882d4c5ba00f711e6f1712d42469373.jpg,127.21820746527777,51.516472833218195
C:\Users\carmonta\Desktop\data-centric-cross-season-transfer\datasets\train_on_2025_all\images\GX010665_MP4-0193_jpg.rf.a5c8a206915c0b0a4e226bad063f31a7.jpg,GX010665_MP4-0193_jpg.rf.a5c8a206915c0b0a4e226bad063f31a7.jpg,127.21077690972223,51.62372573088253
C:\Users\carmonta\Desktop\data-centric-cross-season-transfer\datasets\train_on_2025_all\images\GX010665_MP4-0193_jpg.rf.de34a33540e2e12f2e00011ec7378a7c.jpg,GX010665_MP4-0193_jpg.rf.de34a33540e2e12f2e00011ec7378a7c.jpg,127.21840277777778,51.62244268165836
C:\Users\carmonta\Desktop\data-centric-cross-season-transfer\datasets\train_on_2025_all\images\GX010665_MP4-0194_jpg.rf.97663c03bb5d064c0d5056360c61b70e.jpg,GX010665_MP4-0194_jpg.rf.97663c03bb5d064c0d5056360c61b70e.jpg,128.203515625,51.63274546551876
C:\Users\carmonta\Desktop\data-centric-cross-season-transfer\datasets\train_on_2025_all\images\GX010665_MP4-0194_jpg.rf.dd56a130fa04de36c550e5f34e94e12a.jpg,GX010665_MP4-0194_jpg.rf.dd56a130fa04de36c550e5f34e94e12a.jpg,128.1911501736111,51.51299957946177
C:\Users\carmonta\Desktop\data-centric-cross-season-transfer\datasets\train_on_2025_all\images\GX010665_MP4-0195_jpg.rf.5547cb3e00bc34ccfe06304feeae1f4e.jpg,GX010665_MP4-0195_jpg.rf.5547cb3e00bc34ccfe06304feeae1f4e.jpg,128.79463541666667,51.68109824361021
C:\Users\carmonta\Desktop\data-centric-cross-season-transfer\datasets\train_on_2025_all\images\GX010665_MP4-0195_jpg.rf.6e107406793506e41197be6544d089e4.jpg,GX010665_MP4-0195_jpg.rf.6e107406793506e41197be6544d089e4.jpg,128.79268229166667,51.69612681863475
C:\Users\carmonta\Desktop\data-centric-cross-season-transfer\datasets\train_on_2025_all\images\GX010665_MP4-0195_jpg.rf.a235a811c1f250ad7ef6328b5c4943c3.jpg,GX010665_MP4-0195_jpg.rf.a235a811c1f250ad7ef6328b5c4943c3.jpg,128.79935329861112,51.622728263493585
C:\Users\carmonta\Desktop\data-centric-cross-season-transfer\datasets\train_on_2025_all\images\GX010665_MP4-0196_jpg.rf.1bc91ddca75ecbe60f3502e22340a53d.jpg,GX010665_MP4-0196_jpg.rf.1bc91ddca75ecbe60f3502e22340a53d.jpg,127.69159288194444,51.52923634615196
C:\Users\carmonta\Desktop\data-centric-cross-season-transfer\datasets\train_on_2025_all\images\GX010665_MP4-0196_jpg.rf.8b718b6b622f0db8841c6674076b55fc.jpg,GX010665_MP4-0196_jpg.rf.8b718b6b622f0db8841c6674076b55fc.jpg,127.69855034722222,51.46429997104418
C:\Users\carmonta\Desktop\data-centric-cross-season-transfer\datasets\train_on_2025_all\images\GX010665_MP4-0196_jpg.rf.9adeffad62a0525e4ed7d6f8fca452da.jpg,GX010665_MP4-0196_jpg.rf.9adeffad62a0525e4ed7d6f8fca452da.jpg,127.69789496527778,51.45116418426362
C:\Users\carmonta\Desktop\data-centric-cross-season-transfer\datasets\train_on_2025_all\images\GX010665_MP4-0197_jpg.rf.156b3e2b80b7b04683216d4a1985e8b3.jpg,GX010665_MP4-0197_jpg.rf.156b3e2b80b7b04683216d4a1985e8b3.jpg,128.60872395833334,51.13004035127595
C:\Users\carmonta\Desktop\data-centric-cross-season-transfer\datasets\train_on_2025_all\images\GX010665_MP4-0197_jpg.rf.67bf2927dd48b2663f800dd540460546.jpg,GX010665_MP4-0197_jpg.rf.67bf2927dd48b2663f800dd540460546.jpg,128.60813802083334,51.11288261984562
C:\Users\carmonta\Desktop\data-centric-cross-season-transfer\datasets\train_on_2025_all\images\GX010665_MP4-0197_jpg.rf.c960b99bafb694e685ef3b433603d2c2.jpg,GX010665_MP4-0197_jpg.rf.c960b99bafb694e685ef3b433603d2c2.jpg,128.6097048611111,51.16715547998436
C:\Users\carmonta\Desktop\data-centric-cross-season-transfer\datasets\train_on_2025_all\images\GX010665_MP4-0198_jpg.rf.02dadef29cc5880f66f77b155bc2572c.jpg,GX010665_MP4-0198_jpg.rf.02dadef29cc5880f66f77b155bc2572c.jpg,128.88624565972222,51.229932792685986
C:\Users\carmonta\Desktop\data-centric-cross-season-transfer\datasets\train_on_2025_all\images\GX010665_MP4-0198_jpg.rf.1a2b63fc5d52052bfd8efa6715490258.jpg,GX010665_MP4-0198_jpg.rf.1a2b63fc5d52052bfd8efa6715490258.jpg,128.88917534722222,51.21917256296928
C:\Users\carmonta\Desktop\data-centric-cross-season-transfer\datasets\train_on_2025_all\images\GX010665_MP4-0199_jpg.rf.d9815fb8b0f9e0778e0a0c9d9fff28d5.jpg,GX010665_MP4-0199_jpg.rf.d9815fb8b0f9e0778e0a0c9d9fff28d5.jpg,128.93885416666666,51.70759537218083
C:\Users\carmonta\Desktop\data-centric-cross-season-transfer\datasets\train_on_2025_all\images\GX010665_MP4-0199_jpg.rf.f57dff5dc4bfee11ae0a6517c4bab2f5.jpg,GX010665_MP4-0199_jpg.rf.f57dff5dc4bfee11ae0a6517c4bab2f5.jpg,128.9415972222222,51.773003481184766
C:\Users\carmonta\Desktop\data-centric-cross-season-transfer\datasets\train_on_2025_all\images\GX010665_MP4-0200_jpg.rf.1510087345131349beb283e1722503cd.jpg,GX010665_MP4-0200_jpg.rf.1510087345131349beb283e1722503cd.jpg,127.83231770833333,51.20615976207957
C:\Users\carmonta\Desktop\data-centric-cross-season-transfer\datasets\train_on_2025_all\images\GX010665_MP4-0200_jpg.rf.1ec1782021a8fdb0d44954fcf9604ea1.jpg,GX010665_MP4-0200_jpg.rf.1ec1782021a8fdb0d44954fcf9604ea1.jpg,127.83231770833333,51.20615976207957
C:\Users\carmonta\Desktop\data-centric-cross-season-transfer\datasets\train_on_2025_all\images\GX010665_MP4-0200_jpg.rf.2a90c08cc055c9dec247650a33b8d67e.jpg,GX010665_MP4-0200_jpg.rf.2a90c08cc055c9dec247650a33b8d67e.jpg,127.83341579861111,51.2317734921917
C:\Users\carmonta\Desktop\data-centric-cross-season-transfer\datasets\train_on_2025_all\images\GX010665_MP4-0201_jpg.rf.266d9807796e8adc4db498db5b95b35a.jpg,GX010665_MP4-0201_jpg.rf.266d9807796e8adc4db498db5b95b35a.jpg,126.77867621527778,51.520656129069394
C:\Users\carmonta\Desktop\data-centric-cross-season-transfer\datasets\train_on_2025_all\images\GX010665_MP4-0201_jpg.rf.4bb48434db94d3142539798668fc230d.jpg,GX010665_MP4-0201_jpg.rf.4bb48434db94d3142539798668fc230d.jpg,126.76068142361112,51.6213229796332
C:\Users\carmonta\Desktop\data-centric-cross-season-transfer\datasets\train_on_2025_all\images\GX010665_MP4-0202_jpg.rf.03c8a1a61fe3dcbd63a7b386baf19abd.jpg,GX010665_MP4-0202_jpg.rf.03c8a1a61fe3dcbd63a7b386baf19abd.jpg,128.25499565972223,51.8049789202621
C:\Users\carmonta\Desktop\data-centric-cross-season-transfer\datasets\train_on_2025_all\images\GX010665_MP4-0202_jpg.rf.05707d2d54ce55f3c1d943c063d2d3eb.jpg,GX010665_MP4-0202_jpg.rf.05707d2d54ce55f3c1d943c063d2d3eb.jpg,128.25628472222223,51.81419113728015
C:\Users\carmonta\Desktop\data-centric-cross-season-transfer\datasets\train_on_2025_all\images\GX010665_MP4-0202_jpg.rf.5d5aa781b58f3ee613939e8ae0949c35.jpg,GX010665_MP4-0202_jpg.rf.5d5aa781b58f3ee613939e8ae0949c35.jpg,128.24571180555554,51.917732473145
C:\Users\carmonta\Desktop\data-centric-cross-season-transfer\datasets\train_on_2025_all\images\GX010665_MP4-0203_jpg.rf.78bea453516a015710eaa82ccc3a54c2.jpg,GX010665_MP4-0203_jpg.rf.78bea453516a015710eaa82ccc3a54c2.jpg,128.03706163194445,51.307069281009134
C:\Users\carmonta\Desktop\data-centric-cross-season-transfer\datasets\train_on_2025_all\images\GX010665_MP4-0203_jpg.rf.9544a3d1cb4dff4e1171cc8d130b67ef.jpg,GX010665_MP4-0203_jpg.rf.9544a3d1cb4dff4e1171cc8d130b67ef.jpg,128.02470052083333,51.297054297895265
C:\Users\carmonta\Desktop\data-centric-cross-season-transfer\datasets\train_on_2025_all\images\GX010665_MP4-0203_jpg.rf.d3e22227841f0ea8f470b788ccc6d7ea.jpg,GX010665_MP4-0203_jpg.rf.d3e22227841f0ea8f470b788ccc6d7ea.jpg,128.0248784722222,51.242062706692636
C:\Users\carmonta\Desktop\data-centric-cross-season-transfer\datasets\train_on_2025_all\images\GX010665_MP4-0204_jpg.rf.3cca15736b52fb746c93926dd06028a1.jpg,GX010665_MP4-0204_jpg.rf.3cca15736b52fb746c93926dd06028a1.jpg,126.41089409722223,52.274843270521
C:\Users\carmonta\Desktop\data-centric-cross-season-transfer\datasets\train_on_2025_all\images\GX010665_MP4-0204_jpg.rf.ac8ec5492aaafe296198564e2560eae7.jpg,GX010665_MP4-0204_jpg.rf.ac8ec5492aaafe296198564e2560eae7.jpg,126.41020833333333,52.270593794704894
C:\Users\carmonta\Desktop\data-centric-cross-season-transfer\datasets\train_on_2025_all\images\GX010665_MP4-0204_jpg.rf.f2842c6f9aede336513a094092984662.jpg,GX010665_MP4-0204_jpg.rf.f2842c6f9aede336513a094092984662.jpg,126.40710503472222,52.18271633802053
C:\Users\carmonta\Desktop\data-centric-cross-season-transfer\datasets\train_on_2025_all\images\GX010665_MP4-0206_jpg.rf.b7a9c0588c3aca78fa42f961fb9e0753.jpg,GX010665_MP4-0206_jpg.rf.b7a9c0588c3aca78fa42f961fb9e0753.jpg,124.9459982638889,51.858274500408506
C:\Users\carmonta\Desktop\data-centric-cross-season-transfer\datasets\train_on_2025_all\images\GX010665_MP4-0206_jpg.rf.bb206944953e70c05520e067e0fff09f.jpg,GX010665_MP4-0206_jpg.rf.bb206944953e70c05520e067e0fff09f.jpg,124.93946180555555,52.00631679102723
C:\Users\carmonta\Desktop\data-centric-cross-season-transfer\datasets\train_on_2025_all\images\GX010665_MP4-0206_jpg.rf.c60a8c2a59c20a76d85a19f6c6104e52.jpg,GX010665_MP4-0206_jpg.rf.c60a8c2a59c20a76d85a19f6c6104e52.jpg,124.94190538194445,51.88672488829304
C:\Users\carmonta\Desktop\data-centric-cross-season-transfer\datasets\train_on_2025_all\images\GX010665_MP4-0207_jpg.rf.5dbbf09c490dbe1b3e2b3b4a13b53f97.jpg,GX010665_MP4-0207_jpg.rf.5dbbf09c490dbe1b3e2b3b4a13b53f97.jpg,125.50599826388888,52.14661071593934
C:\Users\carmonta\Desktop\data-centric-cross-season-transfer\datasets\train_on_2025_all\images\GX010665_MP4-0207_jpg.rf.9f736959658cadaef52d95e16435fbec.jpg,GX010665_MP4-0207_jpg.rf.9f736959658cadaef52d95e16435fbec.jpg,125.51225694444445,52.03931570727273
C:\Users\carmonta\Desktop\data-centric-cross-season-transfer\datasets\train_on_2025_all\images\GX010665_MP4-0207_jpg.rf.c0075c9f80086f1e13480e56e823c192.jpg,GX010665_MP4-0207_jpg.rf.c0075c9f80086f1e13480e56e823c192.jpg,125.5162890625,52.15948020534178
C:\Users\carmonta\Desktop\data-centric-cross-season-transfer\datasets\train_on_2025_all\images\GX010665_MP4-0208_jpg.rf.4924f6e0b1a85ebde063556b6b8938b7.jpg,GX010665_MP4-0208_jpg.rf.4924f6e0b1a85ebde063556b6b8938b7.jpg,127.11819878472222,51.33101997342901
C:\Users\carmonta\Desktop\data-centric-cross-season-transfer\datasets\train_on_2025_all\images\GX010665_MP4-0208_jpg.rf.ebbf4f258a7373052afc90b069856681.jpg,GX010665_MP4-0208_jpg.rf.ebbf4f258a7373052afc90b069856681.jpg,127.11876302083333,51.406702644387664
C:\Users\carmonta\Desktop\data-centric-cross-season-transfer\datasets\train_on_2025_all\images\GX010665_MP4-0209_jpg.rf.12a599b04ae7bc28cfb14d78be864ea7.jpg,GX010665_MP4-0209_jpg.rf.12a599b04ae7bc28cfb14d78be864ea7.jpg,126.40422309027778,52.56547275295731
C:\Users\carmonta\Desktop\data-centric-cross-season-transfer\datasets\train_on_2025_all\images\GX010665_MP4-0209_jpg.rf.8c6f54fd8be58b60d9a6a676587cafbf.jpg,GX010665_MP4-0209_jpg.rf.8c6f54fd8be58b60d9a6a676587cafbf.jpg,126.41176215277778,52.434663383603045
C:\Users\carmonta\Desktop\data-centric-cross-season-transfer\datasets\train_on_2025_all\images\GX010665_MP4-0209_jpg.rf.d9af353867212b11c15e7e7db740c563.jpg,GX010665_MP4-0209_jpg.rf.d9af353867212b11c15e7e7db740c563.jpg,126.40854600694445,52.542945851337635
C:\Users\carmonta\Desktop\data-centric-cross-season-transfer\datasets\train_on_2025_all\images\GX010665_MP4-0216_jpg.rf.ff97c32aad6a49aeb3da458d7e0d0698.jpg,GX010665_MP4-0216_jpg.rf.ff97c32aad6a49aeb3da458d7e0d0698.jpg,126.35760850694444,52.127363495672085
C:\Users\carmonta\Desktop\data-centric-cross-season-transfer\datasets\train_on_2025_all\images\GX010665_MP4-0217_jpg.rf.368f015f501164054a4d9ab7714e14fe.jpg,GX010665_MP4-0217_jpg.rf.368f015f501164054a4d9ab7714e14fe.jpg,126.0268359375,52.29121020191701
C:\Users\carmonta\Desktop\data-centric-cross-season-transfer\datasets\train_on_2025_all\images\GX010665_MP4-0218_jpg.rf.975123a65af100a5dd8a4edec284cf5b.jpg,GX010665_MP4-0218_jpg.rf.975123a65af100a5dd8a4edec284cf5b.jpg,128.195078125,52.262208834902154
C:\Users\carmonta\Desktop\data-centric-cross-season-transfer\datasets\train_on_2025_all\images\GX010665_MP4-0218_jpg.rf.ed042a0f0a6bf65f2bc8c0733add61b4.jpg,GX010665_MP4-0218_jpg.rf.ed042a0f0a6bf65f2bc8c0733add61b4.jpg,128.19678819444445,52.19856418074665
C:\Users\carmonta\Desktop\data-centric-cross-season-transfer\datasets\train_on_2025_all\images\GX010665_MP4-0219_jpg.rf.a891000f6f3c089e02b78e3c9243c022.jpg,GX010665_MP4-0219_jpg.rf.a891000f6f3c089e02b78e3c9243c022.jpg,137.23585503472222,51.03122650036703
C:\Users\carmonta\Desktop\data-centric-cross-season-transfer\datasets\train_on_2025_all\images\GX010665_MP4-0219_jpg.rf.f8f5dec2b39549188238cb8f2c12bd76.jpg,GX010665_MP4-0219_jpg.rf.f8f5dec2b39549188238cb8f2c12bd76.jpg,137.22325520833334,51.02187601861749
C:\Users\carmonta\Desktop\data-centric-cross-season-transfer\datasets\train_on_2025_all\images\GX010665_MP4-0219_jpg.rf.f9539f76ef1b68ad7b951fded966d55c.jpg,GX010665_MP4-0219_jpg.rf.f9539f76ef1b68ad7b951fded966d55c.jpg,137.23517361111112,50.947486638317365
C:\Users\carmonta\Desktop\data-centric-cross-season-transfer\datasets\train_on_2025_all\images\GX010665_MP4-0236_jpg.rf.4ea2dc97049ea00d67c2e48736249a64.jpg,GX010665_MP4-0236_jpg.rf.4ea2dc97049ea00d67c2e48736249a64.jpg,143.6680685763889,52.35075777636065
C:\Users\carmonta\Desktop\data-centric-cross-season-transfer\datasets\train_on_2025_all\images\GX010665_MP4-0236_jpg.rf.927b70839cd8148961b8baa89ec576c1.jpg,GX010665_MP4-0236_jpg.rf.927b70839cd8148961b8baa89ec576c1.jpg,143.66947916666666,52.361878335805834
C:\Users\carmonta\Desktop\data-centric-cross-season-transfer\datasets\train_on_2025_all\images\GX010665_MP4-0236_jpg.rf.ea06d8a6bb49dfd74c5b128ad429656a.jpg,GX010665_MP4-0236_jpg.rf.ea06d8a6bb49dfd74c5b128ad429656a.jpg,143.6584982638889,52.4101190747106
C:\Users\carmonta\Desktop\data-centric-cross-season-transfer\datasets\train_on_2025_all\images\GX010665_MP4-0237_jpg.rf.15580b6220ee0cce9ed89f87355c4990.jpg,GX010665_MP4-0237_jpg.rf.15580b6220ee0cce9ed89f87355c4990.jpg,141.22913194444445,51.31064144634491
C:\Users\carmonta\Desktop\data-centric-cross-season-transfer\datasets\train_on_2025_all\images\GX010665_MP4-0237_jpg.rf.35ebc1cb78607ea5c84ac4f6cc6ba7c4.jpg,GX010665_MP4-0237_jpg.rf.35ebc1cb78607ea5c84ac4f6cc6ba7c4.jpg,141.22856336805555,51.29434990884967
C:\Users\carmonta\Desktop\data-centric-cross-season-transfer\datasets\train_on_2025_all\images\GX010665_MP4-0237_jpg.rf.69bb495fb6acd49f14018854256d022b.jpg,GX010665_MP4-0237_jpg.rf.69bb495fb6acd49f14018854256d022b.jpg,141.23234809027778,51.25487285056362
C:\Users\carmonta\Desktop\data-centric-cross-season-transfer\datasets\train_on_2025_all\images\GX010665_MP4-0239_jpg.rf.b8634aec46f03d88e9ed06819108a724.jpg,GX010665_MP4-0239_jpg.rf.b8634aec46f03d88e9ed06819108a724.jpg,129.91128472222223,45.18211819898123
C:\Users\carmonta\Desktop\data-centric-cross-season-transfer\datasets\train_on_2025_all\images\GX010665_MP4-0240_jpg.rf.16f9723f81df2760ba2a16ceb956d37b.jpg,GX010665_MP4-0240_jpg.rf.16f9723f81df2760ba2a16ceb956d37b.jpg,129.23131944444444,42.848471485873716
C:\Users\carmonta\Desktop\data-centric-cross-season-transfer\datasets\train_on_2025_all\images\GX010665_MP4-0240_jpg.rf.3fd8fe09c65254399775a2f4e1855fb8.jpg,GX010665_MP4-0240_jpg.rf.3fd8fe09c65254399775a2f4e1855fb8.jpg,129.2480251736111,42.7441077608388
C:\Users\carmonta\Desktop\data-centric-cross-season-transfer\datasets\train_on_2025_all\images\GX010665_MP4-0241_jpg.rf.202e2fcb811ae165fddb0eed24539c91.jpg,GX010665_MP4-0241_jpg.rf.202e2fcb811ae165fddb0eed24539c91.jpg,139.7310373263889,42.29029614220598
C:\Users\carmonta\Desktop\data-centric-cross-season-transfer\datasets\train_on_2025_all\images\GX010665_MP4-0241_jpg.rf.d5647a595d773ae10b69dcd9be50b5dc.jpg,GX010665_MP4-0241_jpg.rf.d5647a595d773ae10b69dcd9be50b5dc.jpg,139.7273828125,42.233832769355814
C:\Users\carmonta\Desktop\data-centric-cross-season-transfer\datasets\train_on_2025_all\images\GX010665_MP4-0242_jpg.rf.099af0609506b84cfe8ceb0ce03e5fea.jpg,GX010665_MP4-0242_jpg.rf.099af0609506b84cfe8ceb0ce03e5fea.jpg,141.12010850694443,41.18833560299773
C:\Users\carmonta\Desktop\data-centric-cross-season-transfer\datasets\train_on_2025_all\images\GX010665_MP4-0242_jpg.rf.9f3e02a7799c1773616748f80c8e37f2.jpg,GX010665_MP4-0242_jpg.rf.9f3e02a7799c1773616748f80c8e37f2.jpg,141.12010850694443,41.18833560299773
C:\Users\carmonta\Desktop\data-centric-cross-season-transfer\datasets\train_on_2025_all\images\GX010665_MP4-0242_jpg.rf.b4adee5c9be57bda728e778236ac67bd.jpg,GX010665_MP4-0242_jpg.rf.b4adee5c9be57bda728e778236ac67bd.jpg,141.1120095486111,41.26222463900403
C:\Users\carmonta\Desktop\data-centric-cross-season-transfer\datasets\train_on_2025_all\images\GX010665_MP4-0243_jpg.rf.6eeebe6de543a1eb5dfd1a3b75fd5d0f.jpg,GX010665_MP4-0243_jpg.rf.6eeebe6de543a1eb5dfd1a3b75fd5d0f.jpg,141.53043836805554,41.93762908448655
C:\Users\carmonta\Desktop\data-centric-cross-season-transfer\datasets\train_on_2025_all\images\GX010665_MP4-0243_jpg.rf.f2223eb8c91a55f1ddacf7d6933a7ed0.jpg,GX010665_MP4-0243_jpg.rf.f2223eb8c91a55f1ddacf7d6933a7ed0.jpg,141.5285763888889,42.01278398844145
C:\Users\carmonta\Desktop\data-centric-cross-season-transfer\datasets\train_on_2025_all\images\GX010665_MP4-0245_jpg.rf.3978e5cc26e906f1d32f037c8d387620.jpg,GX010665_MP4-0245_jpg.rf.3978e5cc26e906f1d32f037c8d387620.jpg,144.3710590277778,41.39073002752903
C:\Users\carmonta\Desktop\data-centric-cross-season-transfer\datasets\train_on_2025_all\images\GX010665_MP4-0245_jpg.rf.674a237027b585aa3428715300e47230.jpg,GX010665_MP4-0245_jpg.rf.674a237027b585aa3428715300e47230.jpg,144.36977864583332,41.43565276638824
C:\Users\carmonta\Desktop\data-centric-cross-season-transfer\datasets\train_on_2025_all\images\GX010665_MP4-0246_jpg.rf.4dfca76c8ef3869a9479f3df9a588ce0.jpg,GX010665_MP4-0246_jpg.rf.4dfca76c8ef3869a9479f3df9a588ce0.jpg,143.8559157986111,39.72125226167933
C:\Users\carmonta\Desktop\data-centric-cross-season-transfer\datasets\train_on_2025_all\images\GX010665_MP4-0246_jpg.rf.b8c6bfb1b4817671897e1a1f31e2c87f.jpg,GX010665_MP4-0246_jpg.rf.b8c6bfb1b4817671897e1a1f31e2c87f.jpg,143.8563107638889,39.61308448957775
C:\Users\carmonta\Desktop\data-centric-cross-season-transfer\datasets\train_on_2025_all\images\GX010665_MP4-0246_jpg.rf.eb9b336b7cc4fcf9b32cc3c0cbda200d.jpg,GX010665_MP4-0246_jpg.rf.eb9b336b7cc4fcf9b32cc3c0cbda200d.jpg,143.853828125,39.6953540579116
C:\Users\carmonta\Desktop\data-centric-cross-season-transfer\datasets\train_on_2025_all\images\GX010665_MP4-0247_jpg.rf.3a3b932b5f4547b5d41018f8c8fb028b.jpg,GX010665_MP4-0247_jpg.rf.3a3b932b5f4547b5d41018f8c8fb028b.jpg,142.74233506944444,39.764978586414536
C:\Users\carmonta\Desktop\data-centric-cross-season-transfer\datasets\train_on_2025_all\images\GX010665_MP4-0248_jpg.rf.55df4a04ef0f2b4a5d302dba58d64de5.jpg,GX010665_MP4-0248_jpg.rf.55df4a04ef0f2b4a5d302dba58d64de5.jpg,144.78265625,39.70540050676569
C:\Users\carmonta\Desktop\data-centric-cross-season-transfer\datasets\train_on_2025_all\images\GX010665_MP4-0248_jpg.rf.f6685b50eb0df6f52f8b257421df77b8.jpg,GX010665_MP4-0248_jpg.rf.f6685b50eb0df6f52f8b257421df77b8.jpg,144.781875,39.70406969884878
C:\Users\carmonta\Desktop\data-centric-cross-season-transfer\datasets\train_on_2025_all\images\GX010665_MP4-0249_jpg.rf.150cdca07582ddab2b456f7abc51288a.jpg,GX010665_MP4-0249_jpg.rf.150cdca07582ddab2b456f7abc51288a.jpg,141.9399175347222,38.582020725424535
C:\Users\carmonta\Desktop\data-centric-cross-season-transfer\datasets\train_on_2025_all\images\GX010665_MP4-0249_jpg.rf.e18cdcf793eabdb4cf2f13967ae074df.jpg,GX010665_MP4-0249_jpg.rf.e18cdcf793eabdb4cf2f13967ae074df.jpg,141.92954427083333,38.73542351804317
C:\Users\carmonta\Desktop\data-centric-cross-season-transfer\datasets\train_on_2025_all\images\GX010665_MP4-0251_jpg.rf.30730c87042f23ff371dcdc2b2867497.jpg,GX010665_MP4-0251_jpg.rf.30730c87042f23ff371dcdc2b2867497.jpg,143.47595052083332,39.64476169629331
C:\Users\carmonta\Desktop\data-centric-cross-season-transfer\datasets\train_on_2025_all\images\GX010665_MP4-0251_jpg.rf.5dcfdadab813f1094f9845a2c8e3e0f4.jpg,GX010665_MP4-0251_jpg.rf.5dcfdadab813f1094f9845a2c8e3e0f4.jpg,143.46180555555554,39.73321808398376
C:\Users\carmonta\Desktop\data-centric-cross-season-transfer\datasets\train_on_2025_all\images\GX010665_MP4-0251_jpg.rf.b77145cd89f0ac3af0e439bc1610f228.jpg,GX010665_MP4-0251_jpg.rf.b77145cd89f0ac3af0e439bc1610f228.jpg,143.46884114583332,39.77227856149342
C:\Users\carmonta\Desktop\data-centric-cross-season-transfer\datasets\train_on_2025_all\images\GX010665_MP4-0252_jpg.rf.50f8975204bae33287dee86660c9633e.jpg,GX010665_MP4-0252_jpg.rf.50f8975204bae33287dee86660c9633e.jpg,138.60330295138888,39.162300803127984
C:\Users\carmonta\Desktop\data-centric-cross-season-transfer\datasets\train_on_2025_all\images\GX010665_MP4-0252_jpg.rf.80607bc4f56e8f5e43e3f9be4981da71.jpg,GX010665_MP4-0252_jpg.rf.80607bc4f56e8f5e43e3f9be4981da71.jpg,138.6070095486111,39.329148660671166
C:\Users\carmonta\Desktop\data-centric-cross-season-transfer\datasets\train_on_2025_all\images\GX010665_MP4-0252_jpg.rf.cc9fc3f13f65ab6676a8a8664c6f40f0.jpg,GX010665_MP4-0252_jpg.rf.cc9fc3f13f65ab6676a8a8664c6f40f0.jpg,138.6028125,39.146997309370285
C:\Users\carmonta\Desktop\data-centric-cross-season-transfer\datasets\train_on_2025_all\images\GX010665_MP4-0255_jpg.rf.540141cc0649a9b3008c599d31c10155.jpg,GX010665_MP4-0255_jpg.rf.540141cc0649a9b3008c599d31c10155.jpg,138.42666666666668,38.29702305209607
C:\Users\carmonta\Desktop\data-centric-cross-season-transfer\datasets\train_on_2025_all\images\GX010665_MP4-0255_jpg.rf.bcb6b956a37b320736bfefbd4f123eb3.jpg,GX010665_MP4-0255_jpg.rf.bcb6b956a37b320736bfefbd4f123eb3.jpg,138.42680555555555,38.26818136615983
C:\Users\carmonta\Desktop\data-centric-cross-season-transfer\datasets\train_on_2025_all\images\GX010665_MP4-0255_jpg.rf.c547f44cc69336f02d99eac05606b899.jpg,GX010665_MP4-0255_jpg.rf.c547f44cc69336f02d99eac05606b899.jpg,138.4305642361111,38.14535847412025
C:\Users\carmonta\Desktop\data-centric-cross-season-transfer\datasets\train_on_2025_all\images\GX010665_MP4-0256_jpg.rf.a8e93964139ff798895f65dae234696c.jpg,GX010665_MP4-0256_jpg.rf.a8e93964139ff798895f65dae234696c.jpg,136.8845703125,37.76681785671075
C:\Users\carmonta\Desktop\data-centric-cross-season-transfer\datasets\train_on_2025_all\images\GX010665_MP4-0257_jpg.rf.807ed4e24728f0d1b080153c9b6e52e4.jpg,GX010665_MP4-0257_jpg.rf.807ed4e24728f0d1b080153c9b6e52e4.jpg,136.49776909722223,38.39602001069853
C:\Users\carmonta\Desktop\data-centric-cross-season-transfer\datasets\train_on_2025_all\images\GX010665_MP4-0257_jpg.rf.eb06aa824ce215d2875cc4c36de4a219.jpg,GX010665_MP4-0257_jpg.rf.eb06aa824ce215d2875cc4c36de4a219.jpg,136.4946875,38.507721058929775
C:\Users\carmonta\Desktop\data-centric-cross-season-transfer\datasets\train_on_2025_all\images\GX010665_MP4-0258_jpg.rf.1f2a37c59f8b8c4f8be3ead0b2e609b1.jpg,GX010665_MP4-0258_jpg.rf.1f2a37c59f8b8c4f8be3ead0b2e609b1.jpg,141.9184765625,38.13073452690209
C:\Users\carmonta\Desktop\data-centric-cross-season-transfer\datasets\train_on_2025_all\images\GX010665_MP4-0258_jpg.rf.ad9be34e75f45267d7e7ce4d1e4477c1.jpg,GX010665_MP4-0258_jpg.rf.ad9be34e75f45267d7e7ce4d1e4477c1.jpg,141.92078993055554,38.10341615901547
C:\Users\carmonta\Desktop\data-centric-cross-season-transfer\datasets\train_on_2025_all\images\GX010665_MP4-0265_jpg.rf.b8acd3f7f45211d8cb0e8f43b71a0255.jpg,GX010665_MP4-0265_jpg.rf.b8acd3f7f45211d8cb0e8f43b71a0255.jpg,140.96750868055557,35.91898972391043
C:\Users\carmonta\Desktop\data-centric-cross-season-transfer\datasets\train_on_2025_all\images\GX010665_MP4-0265_jpg.rf.dac32cdc01355953045936c7cf6ca89c.jpg,GX010665_MP4-0265_jpg.rf.dac32cdc01355953045936c7cf6ca89c.jpg,140.95662760416667,36.000472459021694
C:\Users\carmonta\Desktop\data-centric-cross-season-transfer\datasets\train_on_2025_all\images\GX010665_MP4-0266_jpg.rf.723b871b18890719dd376095fd59f962.jpg,GX010665_MP4-0266_jpg.rf.723b871b18890719dd376095fd59f962.jpg,153.35666232638889,42.568664419058706
C:\Users\carmonta\Desktop\data-centric-cross-season-transfer\datasets\train_on_2025_all\images\GX010665_MP4-0267_jpg.rf.5272cd81940dde95f184a96e188516da.jpg,GX010665_MP4-0267_jpg.rf.5272cd81940dde95f184a96e188516da.jpg,140.30137152777777,47.42783919187736
C:\Users\carmonta\Desktop\data-centric-cross-season-transfer\datasets\train_on_2025_all\images\GX010665_MP4-0267_jpg.rf.7167bfe5c8551f18b592897b9d2f8a50.jpg,GX010665_MP4-0267_jpg.rf.7167bfe5c8551f18b592897b9d2f8a50.jpg,140.30419704861112,47.35131355706225
C:\Users\carmonta\Desktop\data-centric-cross-season-transfer\datasets\train_on_2025_all\images\GX010665_MP4-0267_jpg.rf.89485987d12b7a0b530693b1620f16c4.jpg,GX010665_MP4-0267_jpg.rf.89485987d12b7a0b530693b1620f16c4.jpg,140.2989626736111,47.37443629428989
C:\Users\carmonta\Desktop\data-centric-cross-season-transfer\datasets\train_on_2025_all\images\GX010665_MP4-0273_jpg.rf.4cf21211931fb61cb76b45282169ecf2.jpg,GX010665_MP4-0273_jpg.rf.4cf21211931fb61cb76b45282169ecf2.jpg,139.24168836805555,46.1141332324631
C:\Users\carmonta\Desktop\data-centric-cross-season-transfer\datasets\train_on_2025_all\images\GX010665_MP4-0273_jpg.rf.5eef8c20f21de228d03ccb06e654c9aa.jpg,GX010665_MP4-0273_jpg.rf.5eef8c20f21de228d03ccb06e654c9aa.jpg,139.2392795138889,46.23368652421943
C:\Users\carmonta\Desktop\data-centric-cross-season-transfer\datasets\train_on_2025_all\images\GX010665_MP4-0273_jpg.rf.ded6cce5d639e0ce764c33a90577586d.jpg,GX010665_MP4-0273_jpg.rf.ded6cce5d639e0ce764c33a90577586d.jpg,139.23594184027777,46.222425477664885
C:\Users\carmonta\Desktop\data-centric-cross-season-transfer\datasets\train_on_2025_all\images\GX010666_MP4-0004_jpg.rf.9ae19c7f99db4502a95b9fc1ed8e6937.jpg,GX010666_MP4-0004_jpg.rf.9ae19c7f99db4502a95b9fc1ed8e6937.jpg,109.78388454861111,31.844879557120397
C:\Users\carmonta\Desktop\data-centric-cross-season-transfer\datasets\train_on_2025_all\images\GX010666_MP4-0005_jpg.rf.9219df7b4228f1797f443045d37f4cf7.jpg,GX010666_MP4-0005_jpg.rf.9219df7b4228f1797f443045d37f4cf7.jpg,111.86690104166667,25.70057405758698
C:\Users\carmonta\Desktop\data-centric-cross-season-transfer\datasets\train_on_2025_all\images\GX010666_MP4-0005_jpg.rf.df2bf4e8c9d679466ad9874bc2c7643e.jpg,GX010666_MP4-0005_jpg.rf.df2bf4e8c9d679466ad9874bc2c7643e.jpg,111.86713975694444,25.603743386715145
C:\Users\carmonta\Desktop\data-centric-cross-season-transfer\datasets\train_on_2025_all\images\GX010666_MP4-0005_jpg.rf.f632922abcd5f0ef2996ee23caa8f24a.jpg,GX010666_MP4-0005_jpg.rf.f632922abcd5f0ef2996ee23caa8f24a.jpg,111.86477864583334,25.556335185952747
C:\Users\carmonta\Desktop\data-centric-cross-season-transfer\datasets\train_on_2025_all\images\GX010666_MP4-0006_jpg.rf.200066aea88e512f00b75e3cac40c744.jpg,GX010666_MP4-0006_jpg.rf.200066aea88e512f00b75e3cac40c744.jpg,111.00526909722223,25.16281527539867
C:\Users\carmonta\Desktop\data-centric-cross-season-transfer\datasets\train_on_2025_all\images\GX010666_MP4-0006_jpg.rf.7b6ead4d7774b0916f05b69b5e8c84c9.jpg,GX010666_MP4-0006_jpg.rf.7b6ead4d7774b0916f05b69b5e8c84c9.jpg,110.99101128472222,25.00638880036344
C:\Users\carmonta\Desktop\data-centric-cross-season-transfer\datasets\train_on_2025_all\images\GX010666_MP4-0006_jpg.rf.ab90481ebe01c77de019c33e349d26ab.jpg,GX010666_MP4-0006_jpg.rf.ab90481ebe01c77de019c33e349d26ab.jpg,111.00541666666666,25.158402447597457
C:\Users\carmonta\Desktop\data-centric-cross-season-transfer\datasets\train_on_2025_all\images\GX010666_MP4-0007_jpg.rf.07f9150a3eea3dc150887e7005747e21.jpg,GX010666_MP4-0007_jpg.rf.07f9150a3eea3dc150887e7005747e21.jpg,105.85299045138889,36.29148199098984
C:\Users\carmonta\Desktop\data-centric-cross-season-transfer\datasets\train_on_2025_all\images\GX010666_MP4-0007_jpg.rf.381d56218cdaf4f822b881b6c23972b3.jpg,GX010666_MP4-0007_jpg.rf.381d56218cdaf4f822b881b6c23972b3.jpg,105.83611111111111,36.210271066506486
C:\Users\carmonta\Desktop\data-centric-cross-season-transfer\datasets\train_on_2025_all\images\GX010666_MP4-0007_jpg.rf.6b820df671dd91e746ab9a48024fd966.jpg,GX010666_MP4-0007_jpg.rf.6b820df671dd91e746ab9a48024fd966.jpg,105.83673611111111,36.152575539876466
C:\Users\carmonta\Desktop\data-centric-cross-season-transfer\datasets\train_on_2025_all\images\GX010666_MP4-0008_jpg.rf.7678ea1d329436128f04c19ddc364a92.jpg,GX010666_MP4-0008_jpg.rf.7678ea1d329436128f04c19ddc364a92.jpg,97.04486111111112,43.79332350554438
C:\Users\carmonta\Desktop\data-centric-cross-season-transfer\datasets\train_on_2025_all\images\GX010666_MP4-0008_jpg.rf.f9511d50029dabb89e781d0ce0ab12c9.jpg,GX010666_MP4-0008_jpg.rf.f9511d50029dabb89e781d0ce0ab12c9.jpg,97.04709201388889,43.82845787661515
C:\Users\carmonta\Desktop\data-centric-cross-season-transfer\datasets\train_on_2025_all\images\GX010666_MP4-0009_jpg.rf.107f19eb9ccded2179fb921e1db07964.jpg,GX010666_MP4-0009_jpg.rf.107f19eb9ccded2179fb921e1db07964.jpg,90.9397092013889,45.09840078140728
C:\Users\carmonta\Desktop\data-centric-cross-season-transfer\datasets\train_on_2025_all\images\GX010666_MP4-0010_jpg.rf.0cb6a80b2afec98deef20a7b61fa7fab.jpg,GX010666_MP4-0010_jpg.rf.0cb6a80b2afec98deef20a7b61fa7fab.jpg,88.2079123263889,47.47746419793211
C:\Users\carmonta\Desktop\data-centric-cross-season-transfer\datasets\train_on_2025_all\images\GX010666_MP4-0010_jpg.rf.2a7f11fccb666a70c086e1b061e18b32.jpg,GX010666_MP4-0010_jpg.rf.2a7f11fccb666a70c086e1b061e18b32.jpg,88.14884982638888,47.33445834725265
C:\Users\carmonta\Desktop\data-centric-cross-season-transfer\datasets\train_on_2025_all\images\GX010666_MP4-0010_jpg.rf.a1ff9d3a3a212163394ff1c7d31b10d6.jpg,GX010666_MP4-0010_jpg.rf.a1ff9d3a3a212163394ff1c7d31b10d6.jpg,88.15690972222222,47.35754201380254
C:\Users\carmonta\Desktop\data-centric-cross-season-transfer\datasets\train_on_2025_all\images\GX010666_MP4-0011_jpg.rf.075c2b38ca27305d448e7885f945cedb.jpg,GX010666_MP4-0011_jpg.rf.075c2b38ca27305d448e7885f945cedb.jpg,91.19360677083333,47.332879746890164
C:\Users\carmonta\Desktop\data-centric-cross-season-transfer\datasets\train_on_2025_all\images\GX010666_MP4-0011_jpg.rf.63bec81c1d706a3f75fffbd5ce49afea.jpg,GX010666_MP4-0011_jpg.rf.63bec81c1d706a3f75fffbd5ce49afea.jpg,91.20327690972222,47.37626585663761
C:\Users\carmonta\Desktop\data-centric-cross-season-transfer\datasets\train_on_2025_all\images\GX010666_MP4-0011_jpg.rf.e1d113346cb96861515aa304cf11c08d.jpg,GX010666_MP4-0011_jpg.rf.e1d113346cb96861515aa304cf11c08d.jpg,91.1959548611111,47.34519919077994
C:\Users\carmonta\Desktop\data-centric-cross-season-transfer\datasets\train_on_2025_all\images\GX010666_MP4-0015_jpg.rf.5cd33ac4f294388b07202720f4a29287.jpg,GX010666_MP4-0015_jpg.rf.5cd33ac4f294388b07202720f4a29287.jpg,101.26822482638889,41.94563388654292
C:\Users\carmonta\Desktop\data-centric-cross-season-transfer\datasets\train_on_2025_all\images\GX010666_MP4-0015_jpg.rf.b662e0f1ef6877ae3eff94e93be2086c.jpg,GX010666_MP4-0015_jpg.rf.b662e0f1ef6877ae3eff94e93be2086c.jpg,101.25780815972222,41.830221573193974
C:\Users\carmonta\Desktop\data-centric-cross-season-transfer\datasets\train_on_2025_all\images\GX010666_MP4-0015_jpg.rf.d0d4e797f2e4ee7a7c8fe4362d0291ed.jpg,GX010666_MP4-0015_jpg.rf.d0d4e797f2e4ee7a7c8fe4362d0291ed.jpg,101.26006944444444,41.847026655734254
C:\Users\carmonta\Desktop\data-centric-cross-season-transfer\datasets\train_on_2025_all\images\GX010666_MP4-0016_jpg.rf.a5b02752ca657dbc572f7fb65d1f9b5a.jpg,GX010666_MP4-0016_jpg.rf.a5b02752ca657dbc572f7fb65d1f9b5a.jpg,99.55366753472222,42.656385602192536
C:\Users\carmonta\Desktop\data-centric-cross-season-transfer\datasets\train_on_2025_all\images\GX010666_MP4-0016_jpg.rf.e0760cbbbedb6fead0abd236928de608.jpg,GX010666_MP4-0016_jpg.rf.e0760cbbbedb6fead0abd236928de608.jpg,99.54196614583333,42.59147693195649
C:\Users\carmonta\Desktop\data-centric-cross-season-transfer\datasets\train_on_2025_all\images\GX010666_MP4-0016_jpg.rf.efee1c476928cd2f83d58aeaf2829c4b.jpg,GX010666_MP4-0016_jpg.rf.efee1c476928cd2f83d58aeaf2829c4b.jpg,99.56923611111111,42.690088661217196
C:\Users\carmonta\Desktop\data-centric-cross-season-transfer\datasets\train_on_2025_all\images\GX010666_MP4-0017_jpg.rf.49f22848cf617103b755dd9afd775c82.jpg,GX010666_MP4-0017_jpg.rf.49f22848cf617103b755dd9afd775c82.jpg,93.84103732638889,45.03109915889991
C:\Users\carmonta\Desktop\data-centric-cross-season-transfer\datasets\train_on_2025_all\images\GX010666_MP4-0017_jpg.rf.87de5837b9e20c97c615b39c19d43986.jpg,GX010666_MP4-0017_jpg.rf.87de5837b9e20c97c615b39c19d43986.jpg,93.85752604166667,45.107235516742364
C:\Users\carmonta\Desktop\data-centric-cross-season-transfer\datasets\train_on_2025_all\images\GX010666_MP4-0017_jpg.rf.bf2fb0fdbc22a5705e69271937105032.jpg,GX010666_MP4-0017_jpg.rf.bf2fb0fdbc22a5705e69271937105032.jpg,93.85885416666666,45.09130089491098
C:\Users\carmonta\Desktop\data-centric-cross-season-transfer\datasets\train_on_2025_all\images\GX010666_MP4-0018_jpg.rf.0445994d5fdb65e26e2392ef2e526ee1.jpg,GX010666_MP4-0018_jpg.rf.0445994d5fdb65e26e2392ef2e526ee1.jpg,87.57283420138889,49.0721149358404
C:\Users\carmonta\Desktop\data-centric-cross-season-transfer\datasets\train_on_2025_all\images\GX010666_MP4-0018_jpg.rf.7dd10511b38e4399d6effaf552d63dc1.jpg,GX010666_MP4-0018_jpg.rf.7dd10511b38e4399d6effaf552d63dc1.jpg,87.5810546875,49.10183509454125
C:\Users\carmonta\Desktop\data-centric-cross-season-transfer\datasets\train_on_2025_all\images\GX010666_MP4-0019_jpg.rf.7abb24a4732a7b17a543cc92740fd208.jpg,GX010666_MP4-0019_jpg.rf.7abb24a4732a7b17a543cc92740fd208.jpg,90.96216579861111,50.144634004460144
C:\Users\carmonta\Desktop\data-centric-cross-season-transfer\datasets\train_on_2025_all\images\GX010666_MP4-0019_jpg.rf.c16b29e6557101ef7e3ccc4521289381.jpg,GX010666_MP4-0019_jpg.rf.c16b29e6557101ef7e3ccc4521289381.jpg,90.91809461805556,50.047493908717655
C:\Users\carmonta\Desktop\data-centric-cross-season-transfer\datasets\train_on_2025_all\images\GX010666_MP4-0019_jpg.rf.e1d6fe71155e0a81e0c8c75b6232c496.jpg,GX010666_MP4-0019_jpg.rf.e1d6fe71155e0a81e0c8c75b6232c496.jpg,90.91296875,50.00486898382297
C:\Users\carmonta\Desktop\data-centric-cross-season-transfer\datasets\train_on_2025_all\images\GX010666_MP4-0020_jpg.rf.92fc71f3e1a2f1cf9d20004d011a30c7.jpg,GX010666_MP4-0020_jpg.rf.92fc71f3e1a2f1cf9d20004d011a30c7.jpg,88.4781814236111,53.606707751582846
C:\Users\carmonta\Desktop\data-centric-cross-season-transfer\datasets\train_on_2025_all\images\GX010666_MP4-0021_jpg.rf.30c1cd81b0c1c1b7d3c98202b1169668.jpg,GX010666_MP4-0021_jpg.rf.30c1cd81b0c1c1b7d3c98202b1169668.jpg,79.27516927083333,52.82447117541894
C:\Users\carmonta\Desktop\data-centric-cross-season-transfer\datasets\train_on_2025_all\images\GX010666_MP4-0021_jpg.rf.7d86bc9cc881df8baa9d38e347c23c3e.jpg,GX010666_MP4-0021_jpg.rf.7d86bc9cc881df8baa9d38e347c23c3e.jpg,79.21443576388889,52.67309673575041
C:\Users\carmonta\Desktop\data-centric-cross-season-transfer\datasets\train_on_2025_all\images\GX010666_MP4-0021_jpg.rf.fb5bed7f27a463a4ee338c7cd1a8937d.jpg,GX010666_MP4-0021_jpg.rf.fb5bed7f27a463a4ee338c7cd1a8937d.jpg,79.2502734375,52.75992087965367
C:\Users\carmonta\Desktop\data-centric-cross-season-transfer\datasets\train_on_2025_all\images\GX010666_MP4-0022_jpg.rf.2baeca9c63bafbf93bc292938057bdbe.jpg,GX010666_MP4-0022_jpg.rf.2baeca9c63bafbf93bc292938057bdbe.jpg,91.40825086805556,53.21519119026288
C:\Users\carmonta\Desktop\data-centric-cross-season-transfer\datasets\train_on_2025_all\images\GX010666_MP4-0022_jpg.rf.4869d5171fbdbf82ae118102762eebda.jpg,GX010666_MP4-0022_jpg.rf.4869d5171fbdbf82ae118102762eebda.jpg,91.42614149305555,53.29639708733036
C:\Users\carmonta\Desktop\data-centric-cross-season-transfer\datasets\train_on_2025_all\images\GX010666_MP4-0022_jpg.rf.7efefb54ce31a0be1af808ea39a345af.jpg,GX010666_MP4-0022_jpg.rf.7efefb54ce31a0be1af808ea39a345af.jpg,91.43286024305556,53.299801935375505
C:\Users\carmonta\Desktop\data-centric-cross-season-transfer\datasets\train_on_2025_all\images\GX010666_MP4-0023_jpg.rf.078cd5f2f16450898f9dc5405a76ab9f.jpg,GX010666_MP4-0023_jpg.rf.078cd5f2f16450898f9dc5405a76ab9f.jpg,87.81150173611111,52.85320109486233
C:\Users\carmonta\Desktop\data-centric-cross-season-transfer\datasets\train_on_2025_all\images\GX010666_MP4-0023_jpg.rf.c4503222feffe11366cec7c3faf0e871.jpg,GX010666_MP4-0023_jpg.rf.c4503222feffe11366cec7c3faf0e871.jpg,87.82120225694445,52.878089507313575
C:\Users\carmonta\Desktop\data-centric-cross-season-transfer\datasets\train_on_2025_all\images\GX010666_MP4-0023_jpg.rf.dbe11c5411753d3a400a27e66093cb65.jpg,GX010666_MP4-0023_jpg.rf.dbe11c5411753d3a400a27e66093cb65.jpg,87.79026041666667,52.806270282819476
C:\Users\carmonta\Desktop\data-centric-cross-season-transfer\datasets\train_on_2025_all\images\GX010666_MP4-0024_jpg.rf.51fb474a33f0d38e9df83cc997d1e071.jpg,GX010666_MP4-0024_jpg.rf.51fb474a33f0d38e9df83cc997d1e071.jpg,92.05907118055555,55.617685147987125
C:\Users\carmonta\Desktop\data-centric-cross-season-transfer\datasets\train_on_2025_all\images\GX010666_MP4-0024_jpg.rf.52272b5299eb6e1b7ce44e804e281be7.jpg,GX010666_MP4-0024_jpg.rf.52272b5299eb6e1b7ce44e804e281be7.jpg,92.04225260416666,55.57739932994293
C:\Users\carmonta\Desktop\data-centric-cross-season-transfer\datasets\train_on_2025_all\images\GX010666_MP4-0024_jpg.rf.e804dfc54d651732b133faf38987e5d7.jpg,GX010666_MP4-0024_jpg.rf.e804dfc54d651732b133faf38987e5d7.jpg,92.04754774305556,55.595801720090606
C:\Users\carmonta\Desktop\data-centric-cross-season-transfer\datasets\train_on_2025_all\images\GX010666_MP4-0025_jpg.rf.ae0fbb4bbfc858fb4849fee0deecad5f.jpg,GX010666_MP4-0025_jpg.rf.ae0fbb4bbfc858fb4849fee0deecad5f.jpg,102.14447916666667,49.40287550749741
C:\Users\carmonta\Desktop\data-centric-cross-season-transfer\datasets\train_on_2025_all\images\GX010666_MP4-0042_jpg.rf.30daa36d47f0e181f5ec0fa1bf476824.jpg,GX010666_MP4-0042_jpg.rf.30daa36d47f0e181f5ec0fa1bf476824.jpg,74.92013454861112,48.114282780138936
C:\Users\carmonta\Desktop\data-centric-cross-season-transfer\datasets\train_on_2025_all\images\GX010666_MP4-0042_jpg.rf.47b0b83b054a4d885897ed996760c78c.jpg,GX010666_MP4-0042_jpg.rf.47b0b83b054a4d885897ed996760c78c.jpg,74.94147569444445,48.17891833704739
C:\Users\carmonta\Desktop\data-centric-cross-season-transfer\datasets\train_on_2025_all\images\GX010666_MP4-0043_jpg.rf.0f5375f5d811bedfe2bee274023eeff3.jpg,GX010666_MP4-0043_jpg.rf.0f5375f5d811bedfe2bee274023eeff3.jpg,78.09517795138889,47.92360383853501
C:\Users\carmonta\Desktop\data-centric-cross-season-transfer\datasets\train_on_2025_all\images\GX010666_MP4-0043_jpg.rf.36d7189bd46e8aa7ff9a50e26b976be5.jpg,GX010666_MP4-0043_jpg.rf.36d7189bd46e8aa7ff9a50e26b976be5.jpg,78.07359809027778,47.85969543401197
C:\Users\carmonta\Desktop\data-centric-cross-season-transfer\datasets\train_on_2025_all\images\GX010666_MP4-0043_jpg.rf.acf61b3f8895606af5c26bbab0fde9e6.jpg,GX010666_MP4-0043_jpg.rf.acf61b3f8895606af5c26bbab0fde9e6.jpg,78.07011284722222,47.84374058336262
C:\Users\carmonta\Desktop\data-centric-cross-season-transfer\datasets\train_on_2025_all\images\GX010666_MP4-0044_jpg.rf.1a93f2c527186d9c59590da3ee0dc76e.jpg,GX010666_MP4-0044_jpg.rf.1a93f2c527186d9c59590da3ee0dc76e.jpg,79.29161892361111,47.133203282108454
C:\Users\carmonta\Desktop\data-centric-cross-season-transfer\datasets\train_on_2025_all\images\GX010666_MP4-0044_jpg.rf.5c584fd873e5d7ef0c64e1c1171e2e64.jpg,GX010666_MP4-0044_jpg.rf.5c584fd873e5d7ef0c64e1c1171e2e64.jpg,79.26050347222223,47.007302115491285
C:\Users\carmonta\Desktop\data-centric-cross-season-transfer\datasets\train_on_2025_all\images\GX010666_MP4-0045_jpg.rf.93e3835ebda75f6e407a8dbbce6139a4.jpg,GX010666_MP4-0045_jpg.rf.93e3835ebda75f6e407a8dbbce6139a4.jpg,77.553671875,46.2606884371283
C:\Users\carmonta\Desktop\data-centric-cross-season-transfer\datasets\train_on_2025_all\images\GX010666_MP4-0045_jpg.rf.9dd6103a217a7bb8d9f04d3881890a9e.jpg,GX010666_MP4-0045_jpg.rf.9dd6103a217a7bb8d9f04d3881890a9e.jpg,77.58706163194445,46.359406521762345
C:\Users\carmonta\Desktop\data-centric-cross-season-transfer\datasets\train_on_2025_all\images\GX010666_MP4-0046_jpg.rf.af2b7403e1dc54d0c21fa82bb4216860.jpg,GX010666_MP4-0046_jpg.rf.af2b7403e1dc54d0c21fa82bb4216860.jpg,75.79515625,47.01034166080761
C:\Users\carmonta\Desktop\data-centric-cross-season-transfer\datasets\train_on_2025_all\images\GX010666_MP4-0046_jpg.rf.f56f813620d9c47e89973f06acb9ffb3.jpg,GX010666_MP4-0046_jpg.rf.f56f813620d9c47e89973f06acb9ffb3.jpg,75.7483203125,46.911762012819345
C:\Users\carmonta\Desktop\data-centric-cross-season-transfer\datasets\train_on_2025_all\images\GX010666_MP4-0055_jpg.rf.14d3e5b191560a22289c2a9c9deeefb9.jpg,GX010666_MP4-0055_jpg.rf.14d3e5b191560a22289c2a9c9deeefb9.jpg,75.32314236111111,48.21808878376351
C:\Users\carmonta\Desktop\data-centric-cross-season-transfer\datasets\train_on_2025_all\images\GX010666_MP4-0055_jpg.rf.6887713607d21251e80fc7815f9b5c63.jpg,GX010666_MP4-0055_jpg.rf.6887713607d21251e80fc7815f9b5c63.jpg,75.2601171875,48.068944893566275
C:\Users\carmonta\Desktop\data-centric-cross-season-transfer\datasets\train_on_2025_all\images\GX010666_MP4-0055_jpg.rf.d88b3710a45a71237583c75fa19f598e.jpg,GX010666_MP4-0055_jpg.rf.d88b3710a45a71237583c75fa19f598e.jpg,75.28870659722222,48.13262411715674
C:\Users\carmonta\Desktop\data-centric-cross-season-transfer\datasets\train_on_2025_all\images\GX010666_MP4-0056_jpg.rf.159ea6c89ccd6641678684719e521167.jpg,GX010666_MP4-0056_jpg.rf.159ea6c89ccd6641678684719e521167.jpg,74.99004340277777,48.37653911022199
C:\Users\carmonta\Desktop\data-centric-cross-season-transfer\datasets\train_on_2025_all\images\GX010666_MP4-0056_jpg.rf.cc1d520e3b59105d347aba5d156bc721.jpg,GX010666_MP4-0056_jpg.rf.cc1d520e3b59105d347aba5d156bc721.jpg,74.96932291666667,48.322367253396365
C:\Users\carmonta\Desktop\data-centric-cross-season-transfer\datasets\train_on_2025_all\images\GX010666_MP4-0056_jpg.rf.e20ea62cf053b908dcc9208ea3439218.jpg,GX010666_MP4-0056_jpg.rf.e20ea62cf053b908dcc9208ea3439218.jpg,75.00297743055556,48.42162015491193
C:\Users\carmonta\Desktop\data-centric-cross-season-transfer\datasets\train_on_2025_all\images\GX010666_MP4-0057_jpg.rf.7982ec145fc5313466a6c186be97264e.jpg,GX010666_MP4-0057_jpg.rf.7982ec145fc5313466a6c186be97264e.jpg,74.23706163194444,48.913506380857214
C:\Users\carmonta\Desktop\data-centric-cross-season-transfer\datasets\train_on_2025_all\images\GX010666_MP4-0062_jpg.rf.390ecd914d57a1dc6adf9647627dd189.jpg,GX010666_MP4-0062_jpg.rf.390ecd914d57a1dc6adf9647627dd189.jpg,63.17720052083333,46.37434450506042
C:\Users\carmonta\Desktop\data-centric-cross-season-transfer\datasets\train_on_2025_all\images\GX010666_MP4-0062_jpg.rf.80601f24b4ab955914311dc6270bf95a.jpg,GX010666_MP4-0062_jpg.rf.80601f24b4ab955914311dc6270bf95a.jpg,63.18296875,46.37754264374768
C:\Users\carmonta\Desktop\data-centric-cross-season-transfer\datasets\train_on_2025_all\images\GX010666_MP4-0062_jpg.rf.f27a50efde63a79aa43636b80ba71a2c.jpg,GX010666_MP4-0062_jpg.rf.f27a50efde63a79aa43636b80ba71a2c.jpg,63.16197916666667,46.32649787228339
C:\Users\carmonta\Desktop\data-centric-cross-season-transfer\datasets\train_on_2025_all\images\GX010666_MP4-0083_jpg.rf.1138a40269e7bbc40c983917a1390fe8.jpg,GX010666_MP4-0083_jpg.rf.1138a40269e7bbc40c983917a1390fe8.jpg,108.223203125,23.256611548379368
C:\Users\carmonta\Desktop\data-centric-cross-season-transfer\datasets\train_on_2025_all\images\GX010666_MP4-0084_jpg.rf.74294207b8862362e4d6f67afe9e3349.jpg,GX010666_MP4-0084_jpg.rf.74294207b8862362e4d6f67afe9e3349.jpg,105.78756944444444,20.98602800729465
C:\Users\carmonta\Desktop\data-centric-cross-season-transfer\datasets\train_on_2025_all\images\GX010666_MP4-0084_jpg.rf.c299a36622e097a70a3ad48c042e2186.jpg,GX010666_MP4-0084_jpg.rf.c299a36622e097a70a3ad48c042e2186.jpg,105.7855078125,21.07416498306507
C:\Users\carmonta\Desktop\data-centric-cross-season-transfer\datasets\train_on_2025_all\images\GX010666_MP4-0084_jpg.rf.fe79f9f70c1b1bfd5c9c1988b2b998bd.jpg,GX010666_MP4-0084_jpg.rf.fe79f9f70c1b1bfd5c9c1988b2b998bd.jpg,105.77719184027778,20.884539896717197
C:\Users\carmonta\Desktop\data-centric-cross-season-transfer\datasets\train_on_2025_all\images\GX010666_MP4-0085_jpg.rf.a22e269a270fda86bbf3a65f7d2e162e.jpg,GX010666_MP4-0085_jpg.rf.a22e269a270fda86bbf3a65f7d2e162e.jpg,103.97399739583334,23.013392577520516
C:\Users\carmonta\Desktop\data-centric-cross-season-transfer\datasets\train_on_2025_all\images\GX010666_MP4-0085_jpg.rf.aebb00ce57c072c0ae7aa8dcc3ae27e4.jpg,GX010666_MP4-0085_jpg.rf.aebb00ce57c072c0ae7aa8dcc3ae27e4.jpg,103.97326822916666,23.16467957970677
C:\Users\carmonta\Desktop\data-centric-cross-season-transfer\datasets\train_on_2025_all\images\GX010666_MP4-0086_jpg.rf.08f2db355c569a0055a72d12600e64e1.jpg,GX010666_MP4-0086_jpg.rf.08f2db355c569a0055a72d12600e64e1.jpg,104.37603732638888,25.73730433911912
C:\Users\carmonta\Desktop\data-centric-cross-season-transfer\datasets\train_on_2025_all\images\GX010666_MP4-0086_jpg.rf.e2bdba34a2c926e20e4f898eb2e684cb.jpg,GX010666_MP4-0086_jpg.rf.e2bdba34a2c926e20e4f898eb2e684cb.jpg,104.37555555555555,25.678361608554614
C:\Users\carmonta\Desktop\data-centric-cross-season-transfer\datasets\train_on_2025_all\images\GX010666_MP4-0087_jpg.rf.08bb1cc71334cb643c3946fb14cdea4b.jpg,GX010666_MP4-0087_jpg.rf.08bb1cc71334cb643c3946fb14cdea4b.jpg,105.60078125,29.92244444695846
C:\Users\carmonta\Desktop\data-centric-cross-season-transfer\datasets\train_on_2025_all\images\GX010666_MP4-0087_jpg.rf.7d105add78b8c569c9e1361044b9fa8f.jpg,GX010666_MP4-0087_jpg.rf.7d105add78b8c569c9e1361044b9fa8f.jpg,105.61407552083334,30.01363475985154
C:\Users\carmonta\Desktop\data-centric-cross-season-transfer\datasets\train_on_2025_all\images\GX010666_MP4-0087_jpg.rf.fde8318ddef6f1508df32ed68db23926.jpg,GX010666_MP4-0087_jpg.rf.fde8318ddef6f1508df32ed68db23926.jpg,105.589921875,29.77857062088547
C:\Users\carmonta\Desktop\data-centric-cross-season-transfer\datasets\train_on_2025_all\images\GX010666_MP4-0088_jpg.rf.0a70f0082a62ca640283c2aae507b54e.jpg,GX010666_MP4-0088_jpg.rf.0a70f0082a62ca640283c2aae507b54e.jpg,102.85831597222223,32.521198539655906
C:\Users\carmonta\Desktop\data-centric-cross-season-transfer\datasets\train_on_2025_all\images\GX010666_MP4-0088_jpg.rf.72e822e70d71675a03e723d3f56268a6.jpg,GX010666_MP4-0088_jpg.rf.72e822e70d71675a03e723d3f56268a6.jpg,102.8397265625,32.489082072571506
C:\Users\carmonta\Desktop\data-centric-cross-season-transfer\datasets\train_on_2025_all\images\GX010666_MP4-0088_jpg.rf.f0add35f57d96e601dd3355192fa9722.jpg,GX010666_MP4-0088_jpg.rf.f0add35f57d96e601dd3355192fa9722.jpg,102.83302951388889,32.39978798513607
C:\Users\carmonta\Desktop\data-centric-cross-season-transfer\datasets\train_on_2025_all\images\GX010666_MP4-0089_jpg.rf.649eb6b06ebef2c703a9b301aab8fd48.jpg,GX010666_MP4-0089_jpg.rf.649eb6b06ebef2c703a9b301aab8fd48.jpg,102.11348524305555,34.64200668517916
C:\Users\carmonta\Desktop\data-centric-cross-season-transfer\datasets\train_on_2025_all\images\GX010666_MP4-0089_jpg.rf.8d1b03aac552dd7ce192573f1d09842f.jpg,GX010666_MP4-0089_jpg.rf.8d1b03aac552dd7ce192573f1d09842f.jpg,102.1105078125,34.5917483085809
C:\Users\carmonta\Desktop\data-centric-cross-season-transfer\datasets\train_on_2025_all\images\GX010666_MP4-0089_jpg.rf.fcda23c0c7f4b06a144f7985940cf88d.jpg,GX010666_MP4-0089_jpg.rf.fcda23c0c7f4b06a144f7985940cf88d.jpg,102.1105078125,34.5917483085809
C:\Users\carmonta\Desktop\data-centric-cross-season-transfer\datasets\train_on_2025_all\images\GX010666_MP4-0091_jpg.rf.72492f592e957fe2702cb9cf8068903b.jpg,GX010666_MP4-0091_jpg.rf.72492f592e957fe2702cb9cf8068903b.jpg,98.76779947916667,37.133927828051775
C:\Users\carmonta\Desktop\data-centric-cross-season-transfer\datasets\train_on_2025_all\images\GX010666_MP4-0091_jpg.rf.84c907624e97546e739cbf56271da155.jpg,GX010666_MP4-0091_jpg.rf.84c907624e97546e739cbf56271da155.jpg,98.80368489583333,37.292452707703006
C:\Users\carmonta\Desktop\data-centric-cross-season-transfer\datasets\train_on_2025_all\images\GX010666_MP4-0091_jpg.rf.a3ef64d67a5eecd6ed0caf00ec745381.jpg,GX010666_MP4-0091_jpg.rf.a3ef64d67a5eecd6ed0caf00ec745381.jpg,98.80466145833333,37.3107553910952
C:\Users\carmonta\Desktop\data-centric-cross-season-transfer\datasets\train_on_2025_all\images\GX010666_MP4-0092_jpg.rf.2e8b876a83a0b31ec37b3fdcfbdae75d.jpg,GX010666_MP4-0092_jpg.rf.2e8b876a83a0b31ec37b3fdcfbdae75d.jpg,97.95434461805556,37.9136151903426
C:\Users\carmonta\Desktop\data-centric-cross-season-transfer\datasets\train_on_2025_all\images\GX010666_MP4-0092_jpg.rf.96bc52f6c57e9b36a0d0f92fb4d4b8b9.jpg,GX010666_MP4-0092_jpg.rf.96bc52f6c57e9b36a0d0f92fb4d4b8b9.jpg,97.951953125,37.87087070226671
C:\Users\carmonta\Desktop\data-centric-cross-season-transfer\datasets\train_on_2025_all\images\GX010666_MP4-0093_jpg.rf.4ed3f3c95044bf210cd3c1bcb6a83dc0.jpg,GX010666_MP4-0093_jpg.rf.4ed3f3c95044bf210cd3c1bcb6a83dc0.jpg,97.09079427083333,39.18720282065726
C:\Users\carmonta\Desktop\data-centric-cross-season-transfer\datasets\train_on_2025_all\images\GX010666_MP4-0093_jpg.rf.616520198877d4de27d3252def3cb882.jpg,GX010666_MP4-0093_jpg.rf.616520198877d4de27d3252def3cb882.jpg,97.129921875,39.369995984862165
C:\Users\carmonta\Desktop\data-centric-cross-season-transfer\datasets\train_on_2025_all\images\GX010666_MP4-0093_jpg.rf.a7469f3430afb849ce370a623c2f9968.jpg,GX010666_MP4-0093_jpg.rf.a7469f3430afb849ce370a623c2f9968.jpg,97.09686197916666,39.20948697222456
C:\Users\carmonta\Desktop\data-centric-cross-season-transfer\datasets\train_on_2025_all\images\GX010666_MP4-0097_jpg.rf.0c95b7ed59e77795519b8e31ff541a53.jpg,GX010666_MP4-0097_jpg.rf.0c95b7ed59e77795519b8e31ff541a53.jpg,90.72822916666667,42.223331635058706
C:\Users\carmonta\Desktop\data-centric-cross-season-transfer\datasets\train_on_2025_all\images\GX010666_MP4-0097_jpg.rf.7146863966a15f31abef1f6055438ffe.jpg,GX010666_MP4-0097_jpg.rf.7146863966a15f31abef1f6055438ffe.jpg,90.70643663194444,42.1364747629031
C:\Users\carmonta\Desktop\data-centric-cross-season-transfer\datasets\train_on_2025_all\images\GX010666_MP4-0100_jpg.rf.502fdff33c1c263cd859045822530126.jpg,GX010666_MP4-0100_jpg.rf.502fdff33c1c263cd859045822530126.jpg,96.10147569444445,54.12974773482891
C:\Users\carmonta\Desktop\data-centric-cross-season-transfer\datasets\train_on_2025_all\images\GX010666_MP4-0100_jpg.rf.93182386893c35ca15f2a6e57d022623.jpg,GX010666_MP4-0100_jpg.rf.93182386893c35ca15f2a6e57d022623.jpg,96.12323784722223,54.14264125773297
C:\Users\carmonta\Desktop\data-centric-cross-season-transfer\datasets\train_on_2025_all\images\GX010666_MP4-0101_jpg.rf.25c3654462a1f7064bd6fa2e85241e89.jpg,GX010666_MP4-0101_jpg.rf.25c3654462a1f7064bd6fa2e85241e89.jpg,89.9033984375,58.838992842573376
C:\Users\carmonta\Desktop\data-centric-cross-season-transfer\datasets\train_on_2025_all\images\GX010666_MP4-0101_jpg.rf.9956ad351bc6cec7176b72e3bdd225a4.jpg,GX010666_MP4-0101_jpg.rf.9956ad351bc6cec7176b72e3bdd225a4.jpg,89.94631944444444,58.910070649707336
C:\Users\carmonta\Desktop\data-centric-cross-season-transfer\datasets\train_on_2025_all\images\GX010666_MP4-0101_jpg.rf.c7894974f6bd06f902fa178e3caf7e07.jpg,GX010666_MP4-0101_jpg.rf.c7894974f6bd06f902fa178e3caf7e07.jpg,89.94206597222222,58.931098711839205
C:\Users\carmonta\Desktop\data-centric-cross-season-transfer\datasets\train_on_2025_all\images\GX010666_MP4-0105_jpg.rf.3a3c59158503fec4edacbb59584dc227.jpg,GX010666_MP4-0105_jpg.rf.3a3c59158503fec4edacbb59584dc227.jpg,76.002578125,55.59336485207109
C:\Users\carmonta\Desktop\data-centric-cross-season-transfer\datasets\train_on_2025_all\images\GX010666_MP4-0105_jpg.rf.e99df6f0e1741e8b1a39afd5e11017f8.jpg,GX010666_MP4-0105_jpg.rf.e99df6f0e1741e8b1a39afd5e11017f8.jpg,76.04905815972222,55.68980761584673
C:\Users\carmonta\Desktop\data-centric-cross-season-transfer\datasets\train_on_2025_all\images\GX010666_MP4-0105_jpg.rf.f12b8bd6b3e0e017e8389b137f37e073.jpg,GX010666_MP4-0105_jpg.rf.f12b8bd6b3e0e017e8389b137f37e073.jpg,76.05362413194445,55.700548199860414
C:\Users\carmonta\Desktop\data-centric-cross-season-transfer\datasets\train_on_2025_all\images\GX010666_MP4-0106_jpg.rf.18ec1c13692396dcb4c069714c85e2e6.jpg,GX010666_MP4-0106_jpg.rf.18ec1c13692396dcb4c069714c85e2e6.jpg,77.20337239583333,54.07575975716334
C:\Users\carmonta\Desktop\data-centric-cross-season-transfer\datasets\train_on_2025_all\images\GX010666_MP4-0106_jpg.rf.73fa9eecd42d6582ecb64ad266e3c131.jpg,GX010666_MP4-0106_jpg.rf.73fa9eecd42d6582ecb64ad266e3c131.jpg,77.20759114583333,54.08572839630827
C:\Users\carmonta\Desktop\data-centric-cross-season-transfer\datasets\train_on_2025_all\images\GX010666_MP4-0106_jpg.rf.cdc1d0e1c3c3e31ae82e83def4bf4cd3.jpg,GX010666_MP4-0106_jpg.rf.cdc1d0e1c3c3e31ae82e83def4bf4cd3.jpg,77.20337239583333,54.07575975716334
C:\Users\carmonta\Desktop\data-centric-cross-season-transfer\datasets\train_on_2025_all\images\GX010666_MP4-0108_jpg.rf.7f1320e4bf50858515057630b841e714.jpg,GX010666_MP4-0108_jpg.rf.7f1320e4bf50858515057630b841e714.jpg,77.26542534722222,50.416981325564045
C:\Users\carmonta\Desktop\data-centric-cross-season-transfer\datasets\train_on_2025_all\images\GX010666_MP4-0108_jpg.rf.d032f0a7adbfec6a6e9f7c8b42768add.jpg,GX010666_MP4-0108_jpg.rf.d032f0a7adbfec6a6e9f7c8b42768add.jpg,77.25144097222223,50.39104994530542
C:\Users\carmonta\Desktop\data-centric-cross-season-transfer\datasets\train_on_2025_all\images\GX010666_MP4-0121_jpg.rf.3ede5e9ac6aab1801c87ab28d5a01adc.jpg,GX010666_MP4-0121_jpg.rf.3ede5e9ac6aab1801c87ab28d5a01adc.jpg,98.97210503472222,40.82630614060241
C:\Users\carmonta\Desktop\data-centric-cross-season-transfer\datasets\train_on_2025_all\images\GX010666_MP4-0121_jpg.rf.6d28ac45bc58f9d6d122d7f7fb5bda67.jpg,GX010666_MP4-0121_jpg.rf.6d28ac45bc58f9d6d122d7f7fb5bda67.jpg,98.97082465277778,40.80742321470586
C:\Users\carmonta\Desktop\data-centric-cross-season-transfer\datasets\train_on_2025_all\images\GX010666_MP4-0121_jpg.rf.a91deb030dee381b2dd09ffdc4246fe2.jpg,GX010666_MP4-0121_jpg.rf.a91deb030dee381b2dd09ffdc4246fe2.jpg,99.00383680555555,40.944002590442295
C:\Users\carmonta\Desktop\data-centric-cross-season-transfer\datasets\train_on_2025_all\images\GX010666_MP4-0122_jpg.rf.719390bba0f257a56c2e80735fe6fef4.jpg,GX010666_MP4-0122_jpg.rf.719390bba0f257a56c2e80735fe6fef4.jpg,102.58098090277778,36.87807079129587
C:\Users\carmonta\Desktop\data-centric-cross-season-transfer\datasets\train_on_2025_all\images\GX010666_MP4-0122_jpg.rf.92e59bc7d7352fa11a193bf9778e408b.jpg,GX010666_MP4-0122_jpg.rf.92e59bc7d7352fa11a193bf9778e408b.jpg,102.56741319444444,36.81057277415301
C:\Users\carmonta\Desktop\data-centric-cross-season-transfer\datasets\train_on_2025_all\images\GX010666_MP4-0122_jpg.rf.95b4b1004ab961b8314736c1215ad238.jpg,GX010666_MP4-0122_jpg.rf.95b4b1004ab961b8314736c1215ad238.jpg,102.57028211805556,36.83092221567654
C:\Users\carmonta\Desktop\data-centric-cross-season-transfer\datasets\train_on_2025_all\images\GX010666_MP4-0123_jpg.rf.a58e906d6d470bdf066710f10177bca9.jpg,GX010666_MP4-0123_jpg.rf.a58e906d6d470bdf066710f10177bca9.jpg,107.05965711805555,33.85763193886176
C:\Users\carmonta\Desktop\data-centric-cross-season-transfer\datasets\train_on_2025_all\images\GX010666_MP4-0123_jpg.rf.b73e0c98e8163cfd642144c3ed3478d7.jpg,GX010666_MP4-0123_jpg.rf.b73e0c98e8163cfd642144c3ed3478d7.jpg,107.07159288194444,33.92284559780194
C:\Users\carmonta\Desktop\data-centric-cross-season-transfer\datasets\train_on_2025_all\images\GX010666_MP4-0123_jpg.rf.d30278d147b7b7341c5f1ce8ce32d1d4.jpg,GX010666_MP4-0123_jpg.rf.d30278d147b7b7341c5f1ce8ce32d1d4.jpg,107.05171875,33.76046595179056
C:\Users\carmonta\Desktop\data-centric-cross-season-transfer\datasets\train_on_2025_all\images\GX010666_MP4-0124_jpg.rf.0b236bafc24dbef9a26048c9eb207d65.jpg,GX010666_MP4-0124_jpg.rf.0b236bafc24dbef9a26048c9eb207d65.jpg,104.75236979166667,33.139823445967856
C:\Users\carmonta\Desktop\data-centric-cross-season-transfer\datasets\train_on_2025_all\images\GX010666_MP4-0124_jpg.rf.9fdc505dc82f7e5e34df4ff3270e5822.jpg,GX010666_MP4-0124_jpg.rf.9fdc505dc82f7e5e34df4ff3270e5822.jpg,104.75236979166667,33.139823445967856
C:\Users\carmonta\Desktop\data-centric-cross-season-transfer\datasets\train_on_2025_all\images\GX010666_MP4-0124_jpg.rf.ebeda627a778d20a68feb04146376726.jpg,GX010666_MP4-0124_jpg.rf.ebeda627a778d20a68feb04146376726.jpg,104.78306857638889,33.31224623043562
C:\Users\carmonta\Desktop\data-centric-cross-season-transfer\datasets\train_on_2025_all\images\GX010666_MP4-0126_jpg.rf.30f96019850c0c2e4efc0317b535a06a.jpg,GX010666_MP4-0126_jpg.rf.30f96019850c0c2e4efc0317b535a06a.jpg,98.79736111111112,44.066714396345034
C:\Users\carmonta\Desktop\data-centric-cross-season-transfer\datasets\train_on_2025_all\images\GX010666_MP4-0126_jpg.rf.4a4dbc71ee3ea97aea03ddb64b5194a3.jpg,GX010666_MP4-0126_jpg.rf.4a4dbc71ee3ea97aea03ddb64b5194a3.jpg,98.80892361111111,44.12923522192451
C:\Users\carmonta\Desktop\data-centric-cross-season-transfer\datasets\train_on_2025_all\images\GX010666_MP4-0126_jpg.rf.fe40fc7c4382052b19922790a5ee30d0.jpg,GX010666_MP4-0126_jpg.rf.fe40fc7c4382052b19922790a5ee30d0.jpg,98.8398828125,44.18859509274977
C:\Users\carmonta\Desktop\data-centric-cross-season-transfer\datasets\train_on_2025_all\images\GX010666_MP4-0127_jpg.rf.f943d3c6043828725f1981dd3b9ac23e.jpg,GX010666_MP4-0127_jpg.rf.f943d3c6043828725f1981dd3b9ac23e.jpg,97.90026475694444,44.59074282198061
C:\Users\carmonta\Desktop\data-centric-cross-season-transfer\datasets\train_on_2025_all\images\GX010666_MP4-0131_jpg.rf.6291ba1b5d270531bbcc5d8de8f0ad57.jpg,GX010666_MP4-0131_jpg.rf.6291ba1b5d270531bbcc5d8de8f0ad57.jpg,89.26301215277778,44.53629527898494
C:\Users\carmonta\Desktop\data-centric-cross-season-transfer\datasets\train_on_2025_all\images\GX010666_MP4-0131_jpg.rf.8738a4b1d43250099d4594a372bb4d9a.jpg,GX010666_MP4-0131_jpg.rf.8738a4b1d43250099d4594a372bb4d9a.jpg,89.29680121527778,44.66637645867786
C:\Users\carmonta\Desktop\data-centric-cross-season-transfer\datasets\train_on_2025_all\images\GX010666_MP4-0132_jpg.rf.45f812e8c22920a4abb876956c8b6afc.jpg,GX010666_MP4-0132_jpg.rf.45f812e8c22920a4abb876956c8b6afc.jpg,86.64319444444445,46.23532817813635
C:\Users\carmonta\Desktop\data-centric-cross-season-transfer\datasets\train_on_2025_all\images\GX010666_MP4-0132_jpg.rf.f3ba8324dbf8b76ea19272939096bfb6.jpg,GX010666_MP4-0132_jpg.rf.f3ba8324dbf8b76ea19272939096bfb6.jpg,86.64319444444445,46.23532817813635
C:\Users\carmonta\Desktop\data-centric-cross-season-transfer\datasets\train_on_2025_all\images\GX010666_MP4-0133_jpg.rf.6f4690f5840ebefa437c64a4d1791fec.jpg,GX010666_MP4-0133_jpg.rf.6f4690f5840ebefa437c64a4d1791fec.jpg,88.82207465277777,47.23687336623835
C:\Users\carmonta\Desktop\data-centric-cross-season-transfer\datasets\train_on_2025_all\images\GX010666_MP4-0133_jpg.rf.7fc43c0792082e2e74b7fb7c5f00607c.jpg,GX010666_MP4-0133_jpg.rf.7fc43c0792082e2e74b7fb7c5f00607c.jpg,88.82865885416666,47.26399754845495
C:\Users\carmonta\Desktop\data-centric-cross-season-transfer\datasets\train_on_2025_all\images\GX010666_MP4-0133_jpg.rf.8ca289ebb473b8253e6ffd00f2dbb911.jpg,GX010666_MP4-0133_jpg.rf.8ca289ebb473b8253e6ffd00f2dbb911.jpg,88.83012586805556,47.254789049278344
C:\Users\carmonta\Desktop\data-centric-cross-season-transfer\datasets\train_on_2025_all\images\GX010666_MP4-0134_jpg.rf.4591e6c9000b48f3f91a07bc89f2dbc3.jpg,GX010666_MP4-0134_jpg.rf.4591e6c9000b48f3f91a07bc89f2dbc3.jpg,95.63127604166667,47.94339704714643
C:\Users\carmonta\Desktop\data-centric-cross-season-transfer\datasets\train_on_2025_all\images\GX010666_MP4-0134_jpg.rf.a1711a5d41b756706b44a35aa6c481ef.jpg,GX010666_MP4-0134_jpg.rf.a1711a5d41b756706b44a35aa6c481ef.jpg,95.60182291666666,47.84169620720539
C:\Users\carmonta\Desktop\data-centric-cross-season-transfer\datasets\train_on_2025_all\images\GX010666_MP4-0134_jpg.rf.b425d32ef26b9291d6496f975eaca287.jpg,GX010666_MP4-0134_jpg.rf.b425d32ef26b9291d6496f975eaca287.jpg,95.63451822916667,47.959604080893136
C:\Users\carmonta\Desktop\data-centric-cross-season-transfer\datasets\train_on_2025_all\images\GX010666_MP4-0135_jpg.rf.6976130dc140283ac6cd1f6de7330461.jpg,GX010666_MP4-0135_jpg.rf.6976130dc140283ac6cd1f6de7330461.jpg,105.9506640625,38.74117160847379
C:\Users\carmonta\Desktop\data-centric-cross-season-transfer\datasets\train_on_2025_all\images\GX010666_MP4-0135_jpg.rf.baebaf20dac8bff8ffbe78786151f82d.jpg,GX010666_MP4-0135_jpg.rf.baebaf20dac8bff8ffbe78786151f82d.jpg,105.95688802083333,38.75293384775715
C:\Users\carmonta\Desktop\data-centric-cross-season-transfer\datasets\train_on_2025_all\images\GX010666_MP4-0135_jpg.rf.d0c739674d8cfdcf5c5be8f6af0a7b4c.jpg,GX010666_MP4-0135_jpg.rf.d0c739674d8cfdcf5c5be8f6af0a7b4c.jpg,105.95442708333333,38.7568706657763
C:\Users\carmonta\Desktop\data-centric-cross-season-transfer\datasets\train_on_2025_all\images\GX010666_MP4-0136_jpg.rf.cee33e5397bf9e14854bea35d350fddf.jpg,GX010666_MP4-0136_jpg.rf.cee33e5397bf9e14854bea35d350fddf.jpg,109.93131944444444,28.58543611668866
C:\Users\carmonta\Desktop\data-centric-cross-season-transfer\datasets\train_on_2025_all\images\GX010666_MP4-0136_jpg.rf.f7b7aa7003daaf0d57af5b90cd55354e.jpg,GX010666_MP4-0136_jpg.rf.f7b7aa7003daaf0d57af5b90cd55354e.jpg,109.95753038194445,28.839189662576207
C:\Users\carmonta\Desktop\data-centric-cross-season-transfer\datasets\train_on_2025_all\images\GX010666_MP4-0136_jpg.rf.fd16c6902489aa5bac31fd0aacc307ac.jpg,GX010666_MP4-0136_jpg.rf.fd16c6902489aa5bac31fd0aacc307ac.jpg,109.93131944444444,28.58543611668866
C:\Users\carmonta\Desktop\data-centric-cross-season-transfer\datasets\train_on_2025_all\images\GX010666_MP4-0137_jpg.rf.72420965bc8b9cfc7b186fd8ed4e26b6.jpg,GX010666_MP4-0137_jpg.rf.72420965bc8b9cfc7b186fd8ed4e26b6.jpg,108.49462673611112,28.670830710463118
C:\Users\carmonta\Desktop\data-centric-cross-season-transfer\datasets\train_on_2025_all\images\GX010666_MP4-0137_jpg.rf.87bf3be20cc98b447ddec776982c8d05.jpg,GX010666_MP4-0137_jpg.rf.87bf3be20cc98b447ddec776982c8d05.jpg,108.49048177083333,28.605680732455962
C:\Users\carmonta\Desktop\data-centric-cross-season-transfer\datasets\train_on_2025_all\images\GX010666_MP4-0138_jpg.rf.c8f31b83cb2c4207c1492f2f3671e9fd.jpg,GX010666_MP4-0138_jpg.rf.c8f31b83cb2c4207c1492f2f3671e9fd.jpg,110.81220052083333,29.386159014044015
C:\Users\carmonta\Desktop\data-centric-cross-season-transfer\datasets\train_on_2025_all\images\GX010666_MP4-0138_jpg.rf.e2f34b34fb888e564d8ce0bdb7ac4c80.jpg,GX010666_MP4-0138_jpg.rf.e2f34b34fb888e564d8ce0bdb7ac4c80.jpg,110.80141927083334,29.256156265122755
C:\Users\carmonta\Desktop\data-centric-cross-season-transfer\datasets\train_on_2025_all\images\GX010666_MP4-0138_jpg.rf.f958eaafb2d607837ef3fa2ba4d32ed6.jpg,GX010666_MP4-0138_jpg.rf.f958eaafb2d607837ef3fa2ba4d32ed6.jpg,110.80423177083334,29.308266461190964
C:\Users\carmonta\Desktop\data-centric-cross-season-transfer\datasets\train_on_2025_all\images\GX010666_MP4-0139_jpg.rf.096be98e60f57b5b24e59d5a12700dfd.jpg,GX010666_MP4-0139_jpg.rf.096be98e60f57b5b24e59d5a12700dfd.jpg,109.26134114583333,26.67126985543298
C:\Users\carmonta\Desktop\data-centric-cross-season-transfer\datasets\train_on_2025_all\images\GX010666_MP4-0139_jpg.rf.dcf90250b497ab299407200695d3e07d.jpg,GX010666_MP4-0139_jpg.rf.dcf90250b497ab299407200695d3e07d.jpg,109.26134114583333,26.67126985543298
C:\Users\carmonta\Desktop\data-centric-cross-season-transfer\datasets\train_on_2025_all\images\GX010666_MP4-0139_jpg.rf.edb45427a0218808213d14ee3aff459c.jpg,GX010666_MP4-0139_jpg.rf.edb45427a0218808213d14ee3aff459c.jpg,109.27090711805556,26.865812527650952
C:\Users\carmonta\Desktop\data-centric-cross-season-transfer\datasets\train_on_2025_all\images\GX010666_MP4-0140_jpg.rf.cc1eb0d54aa1af3928b44596161f822b.jpg,GX010666_MP4-0140_jpg.rf.cc1eb0d54aa1af3928b44596161f822b.jpg,108.80189670138888,26.81982878432634
C:\Users\carmonta\Desktop\data-centric-cross-season-transfer\datasets\train_on_2025_all\images\GX010666_MP4-0141_jpg.rf.d9e04f06325b708f4e9db8c24be4df7b.jpg,GX010666_MP4-0141_jpg.rf.d9e04f06325b708f4e9db8c24be4df7b.jpg,107.9972265625,31.055141596279814
C:\Users\carmonta\Desktop\data-centric-cross-season-transfer\datasets\train_on_2025_all\images\GX010666_MP4-0141_jpg.rf.e2d702241689b23b159bb11ae984f14b.jpg,GX010666_MP4-0141_jpg.rf.e2d702241689b23b159bb11ae984f14b.jpg,108.00506076388889,31.180004255305846
C:\Users\carmonta\Desktop\data-centric-cross-season-transfer\datasets\train_on_2025_all\images\GX010666_MP4-0142_jpg.rf.b602cad639b4aa145befff0fa559f393.jpg,GX010666_MP4-0142_jpg.rf.b602cad639b4aa145befff0fa559f393.jpg,109.25516927083333,29.91073302804809
C:\Users\carmonta\Desktop\data-centric-cross-season-transfer\datasets\train_on_2025_all\images\GX010666_MP4-0142_jpg.rf.cf6e4b2a6c4e8b2610e128d045da10bc.jpg,GX010666_MP4-0142_jpg.rf.cf6e4b2a6c4e8b2610e128d045da10bc.jpg,109.24738715277778,29.76502957096682
C:\Users\carmonta\Desktop\data-centric-cross-season-transfer\datasets\train_on_2025_all\images\GX010666_MP4-0142_jpg.rf.dda217082d0474f6c5f3aa124fb37ccd.jpg,GX010666_MP4-0142_jpg.rf.dda217082d0474f6c5f3aa124fb37ccd.jpg,109.25168402777778,29.784082028878093
C:\Users\carmonta\Desktop\data-centric-cross-season-transfer\datasets\train_on_2025_all\images\GX010666_MP4-0143_jpg.rf.3b3714e69fadc3c1f526d86a9a73ac0b.jpg,GX010666_MP4-0143_jpg.rf.3b3714e69fadc3c1f526d86a9a73ac0b.jpg,101.84664496527778,34.81110974349429
C:\Users\carmonta\Desktop\data-centric-cross-season-transfer\datasets\train_on_2025_all\images\GX010666_MP4-0143_jpg.rf.973bb8a0ebbbdcf187701b947d1bc6a8.jpg,GX010666_MP4-0143_jpg.rf.973bb8a0ebbbdcf187701b947d1bc6a8.jpg,101.85591145833334,34.8062443604344
C:\Users\carmonta\Desktop\data-centric-cross-season-transfer\datasets\train_on_2025_all\images\GX010666_MP4-0144_jpg.rf.11d7195f98f72f7526bc18e580887100.jpg,GX010666_MP4-0144_jpg.rf.11d7195f98f72f7526bc18e580887100.jpg,95.18924045138888,38.96046061076469
C:\Users\carmonta\Desktop\data-centric-cross-season-transfer\datasets\train_on_2025_all\images\GX010666_MP4-0145_jpg.rf.3d50a8be99b14f90659aef6be2a5096b.jpg,GX010666_MP4-0145_jpg.rf.3d50a8be99b14f90659aef6be2a5096b.jpg,91.16740885416667,40.66064333130779
C:\Users\carmonta\Desktop\data-centric-cross-season-transfer\datasets\train_on_2025_all\images\GX010666_MP4-0145_jpg.rf.6271beeae2e67ba164e69aa10b0407d9.jpg,GX010666_MP4-0145_jpg.rf.6271beeae2e67ba164e69aa10b0407d9.jpg,91.16505208333334,40.63463472285419
C:\Users\carmonta\Desktop\data-centric-cross-season-transfer\datasets\train_on_2025_all\images\GX010666_MP4-0145_jpg.rf.6ebbf54dadd39a064c2c0963a073e58c.jpg,GX010666_MP4-0145_jpg.rf.6ebbf54dadd39a064c2c0963a073e58c.jpg,91.19719618055555,40.773657636630446
C:\Users\carmonta\Desktop\data-centric-cross-season-transfer\datasets\train_on_2025_all\images\GX010666_MP4-0147_jpg.rf.a4bf1f54698fd55138d2486a0098ae38.jpg,GX010666_MP4-0147_jpg.rf.a4bf1f54698fd55138d2486a0098ae38.jpg,92.58523003472222,42.94730057251772
C:\Users\carmonta\Desktop\data-centric-cross-season-transfer\datasets\train_on_2025_all\images\GX010666_MP4-0147_jpg.rf.eb40812099a25e93b2e0098b89d6e934.jpg,GX010666_MP4-0147_jpg.rf.eb40812099a25e93b2e0098b89d6e934.jpg,92.57093315972222,42.8707479234341
C:\Users\carmonta\Desktop\data-centric-cross-season-transfer\datasets\train_on_2025_all\images\GX010666_MP4-0148_jpg.rf.1f3d0a8d65f5f6fd85bcc1a979937f64.jpg,GX010666_MP4-0148_jpg.rf.1f3d0a8d65f5f6fd85bcc1a979937f64.jpg,87.8648046875,44.9136355753521
C:\Users\carmonta\Desktop\data-centric-cross-season-transfer\datasets\train_on_2025_all\images\GX010666_MP4-0148_jpg.rf.6a9de4138517425a8d338d5a0a633209.jpg,GX010666_MP4-0148_jpg.rf.6a9de4138517425a8d338d5a0a633209.jpg,87.83815104166666,44.797966449050364
C:\Users\carmonta\Desktop\data-centric-cross-season-transfer\datasets\train_on_2025_all\images\GX010666_MP4-0148_jpg.rf.badcafbe5ee4b71bac4cba467275afe2.jpg,GX010666_MP4-0148_jpg.rf.badcafbe5ee4b71bac4cba467275afe2.jpg,87.85866319444445,44.902822614714395
C:\Users\carmonta\Desktop\data-centric-cross-season-transfer\datasets\train_on_2025_all\images\GX010666_MP4-0149_jpg.rf.185697bdb0fbaa26489aa8311bb004c5.jpg,GX010666_MP4-0149_jpg.rf.185697bdb0fbaa26489aa8311bb004c5.jpg,85.37853298611111,46.612828720429455
C:\Users\carmonta\Desktop\data-centric-cross-season-transfer\datasets\train_on_2025_all\images\GX010666_MP4-0149_jpg.rf.dc9661b7a75d10838469628fbdd3b7d0.jpg,GX010666_MP4-0149_jpg.rf.dc9661b7a75d10838469628fbdd3b7d0.jpg,85.38543836805556,46.63127592860513
C:\Users\carmonta\Desktop\data-centric-cross-season-transfer\datasets\train_on_2025_all\images\GX010666_MP4-0150_jpg.rf.3da5b139deb5c1339a83e861591b57d9.jpg,GX010666_MP4-0150_jpg.rf.3da5b139deb5c1339a83e861591b57d9.jpg,82.48369357638889,49.24073044185851
C:\Users\carmonta\Desktop\data-centric-cross-season-transfer\datasets\train_on_2025_all\images\GX010666_MP4-0150_jpg.rf.477f9d4d825700b656315f6db744e5a7.jpg,GX010666_MP4-0150_jpg.rf.477f9d4d825700b656315f6db744e5a7.jpg,82.51384982638889,49.33802376901925
C:\Users\carmonta\Desktop\data-centric-cross-season-transfer\datasets\train_on_2025_all\images\GX010666_MP4-0155_jpg.rf.65952bbc95be280353de100e1254694c.jpg,GX010666_MP4-0155_jpg.rf.65952bbc95be280353de100e1254694c.jpg,92.16716579861111,46.25420976567607
C:\Users\carmonta\Desktop\data-centric-cross-season-transfer\datasets\train_on_2025_all\images\GX010666_MP4-0155_jpg.rf.b3c71857ace56f29fdf0d827a32ce292.jpg,GX010666_MP4-0155_jpg.rf.b3c71857ace56f29fdf0d827a32ce292.jpg,92.15861979166667,46.1864850606938
C:\Users\carmonta\Desktop\data-centric-cross-season-transfer\datasets\train_on_2025_all\images\GX010666_MP4-0156_jpg.rf.33853f20f39d1be8493da06f0e727cd9.jpg,GX010666_MP4-0156_jpg.rf.33853f20f39d1be8493da06f0e727cd9.jpg,102.05943576388889,39.96750373169118
C:\Users\carmonta\Desktop\data-centric-cross-season-transfer\datasets\train_on_2025_all\images\GX010666_MP4-0156_jpg.rf.bc7ed49f53055dcb96211486d566f5ca.jpg,GX010666_MP4-0156_jpg.rf.bc7ed49f53055dcb96211486d566f5ca.jpg,102.05907118055555,39.983098427975584
C:\Users\carmonta\Desktop\data-centric-cross-season-transfer\datasets\train_on_2025_all\images\GX010666_MP4-0157_jpg.rf.70bd22376696a85b8cbfead72f39979e.jpg,GX010666_MP4-0157_jpg.rf.70bd22376696a85b8cbfead72f39979e.jpg,103.5489236111111,41.21584731655947
C:\Users\carmonta\Desktop\data-centric-cross-season-transfer\datasets\train_on_2025_all\images\GX010666_MP4-0157_jpg.rf.d1a19ca91e20e33c86bc426ab58b9b6a.jpg,GX010666_MP4-0157_jpg.rf.d1a19ca91e20e33c86bc426ab58b9b6a.jpg,103.5403732638889,41.16462410839766
C:\Users\carmonta\Desktop\data-centric-cross-season-transfer\datasets\train_on_2025_all\images\GX010666_MP4-0158_jpg.rf.4c572973d94751f1317d4be6923cb4f9.jpg,GX010666_MP4-0158_jpg.rf.4c572973d94751f1317d4be6923cb4f9.jpg,95.35552951388888,48.89545346551239
C:\Users\carmonta\Desktop\data-centric-cross-season-transfer\datasets\train_on_2025_all\images\GX010666_MP4-0158_jpg.rf.e82669177433c044c4ec364bb1ca64dd.jpg,GX010666_MP4-0158_jpg.rf.e82669177433c044c4ec364bb1ca64dd.jpg,95.33871961805555,48.847714080907274
C:\Users\carmonta\Desktop\data-centric-cross-season-transfer\datasets\train_on_2025_all\images\GX010666_MP4-0159_jpg.rf.3310bb4cc409642710ebfa35741a5d90.jpg,GX010666_MP4-0159_jpg.rf.3310bb4cc409642710ebfa35741a5d90.jpg,87.71265190972223,51.591636932622265
C:\Users\carmonta\Desktop\data-centric-cross-season-transfer\datasets\train_on_2025_all\images\GX010666_MP4-0159_jpg.rf.4aedae02c6408d2539c7bc223344752e.jpg,GX010666_MP4-0159_jpg.rf.4aedae02c6408d2539c7bc223344752e.jpg,87.69643663194445,51.535917620730714
C:\Users\carmonta\Desktop\data-centric-cross-season-transfer\datasets\train_on_2025_all\images\GX010666_MP4-0159_jpg.rf.5f8355541de31b08b2d0ba072237210f.jpg,GX010666_MP4-0159_jpg.rf.5f8355541de31b08b2d0ba072237210f.jpg,87.69643663194445,51.535917620730714
C:\Users\carmonta\Desktop\data-centric-cross-season-transfer\datasets\train_on_2025_all\images\GX010666_MP4-0160_jpg.rf.b14b92aec6afef7442c79fcd11b79d6b.jpg,GX010666_MP4-0160_jpg.rf.b14b92aec6afef7442c79fcd11b79d6b.jpg,95.6637109375,45.03559293515085
C:\Users\carmonta\Desktop\data-centric-cross-season-transfer\datasets\train_on_2025_all\images\GX010666_MP4-0160_jpg.rf.c7913f9106fe323915efdf6a5e3d5886.jpg,GX010666_MP4-0160_jpg.rf.c7913f9106fe323915efdf6a5e3d5886.jpg,95.690390625,45.13490553430314
C:\Users\carmonta\Desktop\data-centric-cross-season-transfer\datasets\train_on_2025_all\images\GX010666_MP4-0161_jpg.rf.aacd6c329fdea796a7631a9f86f20c50.jpg,GX010666_MP4-0161_jpg.rf.aacd6c329fdea796a7631a9f86f20c50.jpg,106.38124565972223,37.14041175863711
C:\Users\carmonta\Desktop\data-centric-cross-season-transfer\datasets\train_on_2025_all\images\GX010666_MP4-0161_jpg.rf.af237fdb0ea95cebd9938d5ec30d7be7.jpg,GX010666_MP4-0161_jpg.rf.af237fdb0ea95cebd9938d5ec30d7be7.jpg,106.3946484375,37.21854276236288
C:\Users\carmonta\Desktop\data-centric-cross-season-transfer\datasets\train_on_2025_all\images\GX010666_MP4-0161_jpg.rf.cad0177e825c8a427fbbb5d6c4a88762.jpg,GX010666_MP4-0161_jpg.rf.cad0177e825c8a427fbbb5d6c4a88762.jpg,106.3769921875,37.05967690177797
C:\Users\carmonta\Desktop\data-centric-cross-season-transfer\datasets\train_on_2025_all\images\GX010666_MP4-0162_jpg.rf.6c7c0dfc16938edce4905b9bdbd682da.jpg,GX010666_MP4-0162_jpg.rf.6c7c0dfc16938edce4905b9bdbd682da.jpg,106.3048828125,35.19541568423251
C:\Users\carmonta\Desktop\data-centric-cross-season-transfer\datasets\train_on_2025_all\images\GX010666_MP4-0162_jpg.rf.86dc7ca5f56570b58f6038bec9f4ad20.jpg,GX010666_MP4-0162_jpg.rf.86dc7ca5f56570b58f6038bec9f4ad20.jpg,106.33819010416667,35.37209570216566
C:\Users\carmonta\Desktop\data-centric-cross-season-transfer\datasets\train_on_2025_all\images\GX010666_MP4-0162_jpg.rf.e61f8799b97a1e2c8a984a57382f41b2.jpg,GX010666_MP4-0162_jpg.rf.e61f8799b97a1e2c8a984a57382f41b2.jpg,106.32437065972222,35.389345415225854
C:\Users\carmonta\Desktop\data-centric-cross-season-transfer\datasets\train_on_2025_all\images\GX010666_MP4-0163_jpg.rf.b1e929af3d9b8eba18923a12a9bb9404.jpg,GX010666_MP4-0163_jpg.rf.b1e929af3d9b8eba18923a12a9bb9404.jpg,105.81610677083333,35.719485546267165
C:\Users\carmonta\Desktop\data-centric-cross-season-transfer\datasets\train_on_2025_all\images\GX010666_MP4-0163_jpg.rf.b3d9b32e77c238ea7c913a0fb9ed2a58.jpg,GX010666_MP4-0163_jpg.rf.b3d9b32e77c238ea7c913a0fb9ed2a58.jpg,105.82229600694444,35.78164290574019
C:\Users\carmonta\Desktop\data-centric-cross-season-transfer\datasets\train_on_2025_all\images\GX010666_MP4-0163_jpg.rf.bdebca9e2b090a0307e55958a6fcbd50.jpg,GX010666_MP4-0163_jpg.rf.bdebca9e2b090a0307e55958a6fcbd50.jpg,105.79960503472222,35.60874608276818
C:\Users\carmonta\Desktop\data-centric-cross-season-transfer\datasets\train_on_2025_all\images\GX010666_MP4-0164_jpg.rf.122adb8e3772d01df878f739c4cb7b55.jpg,GX010666_MP4-0164_jpg.rf.122adb8e3772d01df878f739c4cb7b55.jpg,108.67658420138889,35.68703381139893
C:\Users\carmonta\Desktop\data-centric-cross-season-transfer\datasets\train_on_2025_all\images\GX010666_MP4-0164_jpg.rf.a179827a07d2d7e474cb55e645948295.jpg,GX010666_MP4-0164_jpg.rf.a179827a07d2d7e474cb55e645948295.jpg,108.68925347222222,35.74089274243202
C:\Users\carmonta\Desktop\data-centric-cross-season-transfer\datasets\train_on_2025_all\images\GX010666_MP4-0165_jpg.rf.2283e575ea702b69d51b5d24bb64f5ba.jpg,GX010666_MP4-0165_jpg.rf.2283e575ea702b69d51b5d24bb64f5ba.jpg,111.32388020833334,34.2768692386731
C:\Users\carmonta\Desktop\data-centric-cross-season-transfer\datasets\train_on_2025_all\images\GX010666_MP4-0165_jpg.rf.df31d63f1b21c733b0affce30d1a207b.jpg,GX010666_MP4-0165_jpg.rf.df31d63f1b21c733b0affce30d1a207b.jpg,111.3324001736111,34.38299895145007
C:\Users\carmonta\Desktop\data-centric-cross-season-transfer\datasets\train_on_2025_all\images\GX010666_MP4-0165_jpg.rf.f3ebcce7f4754858d77be8861d25714b.jpg,GX010666_MP4-0165_jpg.rf.f3ebcce7f4754858d77be8861d25714b.jpg,111.32085069444445,34.33351141699263
C:\Users\carmonta\Desktop\data-centric-cross-season-transfer\datasets\train_on_2025_all\images\GX010666_MP4-0166_jpg.rf.34d08fa3087e6860a36e42e480f2e10f.jpg,GX010666_MP4-0166_jpg.rf.34d08fa3087e6860a36e42e480f2e10f.jpg,112.34680121527778,31.859627048788802
C:\Users\carmonta\Desktop\data-centric-cross-season-transfer\datasets\train_on_2025_all\images\GX010666_MP4-0166_jpg.rf.e57861636bd82ac62cd5da087a493322.jpg,GX010666_MP4-0166_jpg.rf.e57861636bd82ac62cd5da087a493322.jpg,112.35387152777778,32.04145766529401
C:\Users\carmonta\Desktop\data-centric-cross-season-transfer\datasets\train_on_2025_all\images\GX010666_MP4-0167_jpg.rf.14be7df8428d866d01cbac2b31827e58.jpg,GX010666_MP4-0167_jpg.rf.14be7df8428d866d01cbac2b31827e58.jpg,111.21879774305556,29.862775217542442
C:\Users\carmonta\Desktop\data-centric-cross-season-transfer\datasets\train_on_2025_all\images\GX010666_MP4-0167_jpg.rf.6a0e0bc9f86616b11bafe77a22cd807a.jpg,GX010666_MP4-0167_jpg.rf.6a0e0bc9f86616b11bafe77a22cd807a.jpg,111.2206857638889,29.97454815967957
C:\Users\carmonta\Desktop\data-centric-cross-season-transfer\datasets\train_on_2025_all\images\GX010666_MP4-0167_jpg.rf.bcd241de4f353ce25dafea894e1bcc84.jpg,GX010666_MP4-0167_jpg.rf.bcd241de4f353ce25dafea894e1bcc84.jpg,111.21879774305556,29.862775217542442
C:\Users\carmonta\Desktop\data-centric-cross-season-transfer\datasets\train_on_2025_all\images\GX010666_MP4-0168_jpg.rf.a2130e37f5fa90da071027d42512e4a8.jpg,GX010666_MP4-0168_jpg.rf.a2130e37f5fa90da071027d42512e4a8.jpg,112.40925347222222,30.17689964214583
C:\Users\carmonta\Desktop\data-centric-cross-season-transfer\datasets\train_on_2025_all\images\GX010666_MP4-0168_jpg.rf.b2c523b3ad289a80fed83cdec646ccc3.jpg,GX010666_MP4-0168_jpg.rf.b2c523b3ad289a80fed83cdec646ccc3.jpg,112.40925347222222,30.17689964214583
C:\Users\carmonta\Desktop\data-centric-cross-season-transfer\datasets\train_on_2025_all\images\GX010666_MP4-0168_jpg.rf.c1ad2d08cf2eba0f8d50747dc0153fa3.jpg,GX010666_MP4-0168_jpg.rf.c1ad2d08cf2eba0f8d50747dc0153fa3.jpg,112.41227430555556,30.277233844457765
C:\Users\carmonta\Desktop\data-centric-cross-season-transfer\datasets\train_on_2025_all\images\GX010666_MP4-0169_jpg.rf.29e84e9b2e5c4b68d64b182f1b4cacf2.jpg,GX010666_MP4-0169_jpg.rf.29e84e9b2e5c4b68d64b182f1b4cacf2.jpg,113.01632378472222,28.64738492814924
C:\Users\carmonta\Desktop\data-centric-cross-season-transfer\datasets\train_on_2025_all\images\GX010666_MP4-0169_jpg.rf.5f8256fad6bc897b78fecf90de26d28c.jpg,GX010666_MP4-0169_jpg.rf.5f8256fad6bc897b78fecf90de26d28c.jpg,113.01168836805556,28.699606614127365
C:\Users\carmonta\Desktop\data-centric-cross-season-transfer\datasets\train_on_2025_all\images\GX010666_MP4-0169_jpg.rf.9d6d0ef80e13c150669e0e47ae7f610f.jpg,GX010666_MP4-0169_jpg.rf.9d6d0ef80e13c150669e0e47ae7f610f.jpg,113.01456163194445,28.626577326881584
C:\Users\carmonta\Desktop\data-centric-cross-season-transfer\datasets\train_on_2025_all\images\GX010666_MP4-0171_jpg.rf.1c7516576d284f20ea2b6c55c0196473.jpg,GX010666_MP4-0171_jpg.rf.1c7516576d284f20ea2b6c55c0196473.jpg,108.38776909722222,25.61215734523821
C:\Users\carmonta\Desktop\data-centric-cross-season-transfer\datasets\train_on_2025_all\images\GX010666_MP4-0171_jpg.rf.5892df0c9b680b17d687a289dc7bf3fd.jpg,GX010666_MP4-0171_jpg.rf.5892df0c9b680b17d687a289dc7bf3fd.jpg,108.38333333333334,25.43186465014576
C:\Users\carmonta\Desktop\data-centric-cross-season-transfer\datasets\train_on_2025_all\images\GX010666_MP4-0172_jpg.rf.46ea6603d3f6280cc7dc482b2d241ddf.jpg,GX010666_MP4-0172_jpg.rf.46ea6603d3f6280cc7dc482b2d241ddf.jpg,107.2538888888889,25.614348270200022
C:\Users\carmonta\Desktop\data-centric-cross-season-transfer\datasets\train_on_2025_all\images\GX010666_MP4-0172_jpg.rf.62f62321b1ee7b732dbdd0dc76e6256e.jpg,GX010666_MP4-0172_jpg.rf.62f62321b1ee7b732dbdd0dc76e6256e.jpg,107.24985677083333,25.59302133131026
C:\Users\carmonta\Desktop\data-centric-cross-season-transfer\datasets\train_on_2025_all\images\GX010666_MP4-0172_jpg.rf.da06a409a3ae69c2308af3cded9459f6.jpg,GX010666_MP4-0172_jpg.rf.da06a409a3ae69c2308af3cded9459f6.jpg,107.24265190972223,25.441500424216933
C:\Users\carmonta\Desktop\data-centric-cross-season-transfer\datasets\train_on_2025_all\images\GX010666_MP4-0173_jpg.rf.44849976f50e5e88c8366d77187afc24.jpg,GX010666_MP4-0173_jpg.rf.44849976f50e5e88c8366d77187afc24.jpg,107.5325390625,25.857439194466313
C:\Users\carmonta\Desktop\data-centric-cross-season-transfer\datasets\train_on_2025_all\images\GX010666_MP4-0173_jpg.rf.543b257dce5599019a119e6ad0d49851.jpg,GX010666_MP4-0173_jpg.rf.543b257dce5599019a119e6ad0d49851.jpg,107.51704861111111,25.687035092529833
C:\Users\carmonta\Desktop\data-centric-cross-season-transfer\datasets\train_on_2025_all\images\GX010666_MP4-0173_jpg.rf.cecbed30207820d1ca456fe9cb3b5d3f.jpg,GX010666_MP4-0173_jpg.rf.cecbed30207820d1ca456fe9cb3b5d3f.jpg,107.51129774305555,25.64081799998245
C:\Users\carmonta\Desktop\data-centric-cross-season-transfer\datasets\train_on_2025_all\images\GX010666_MP4-0174_jpg.rf.d92cb90ee7db635058e9a539fcd643b8.jpg,GX010666_MP4-0174_jpg.rf.d92cb90ee7db635058e9a539fcd643b8.jpg,107.88680555555555,25.63482314165358
C:\Users\carmonta\Desktop\data-centric-cross-season-transfer\datasets\train_on_2025_all\images\GX010666_MP4-0174_jpg.rf.e6399b7bc5b4dea7d41283ab5627802b.jpg,GX010666_MP4-0174_jpg.rf.e6399b7bc5b4dea7d41283ab5627802b.jpg,107.90095486111112,25.678749336582143
C:\Users\carmonta\Desktop\data-centric-cross-season-transfer\datasets\train_on_2025_all\images\GX010666_MP4-0176_jpg.rf.73a07a057763a46858d070591e58cd6e.jpg,GX010666_MP4-0176_jpg.rf.73a07a057763a46858d070591e58cd6e.jpg,107.06725694444444,25.411557869961925
C:\Users\carmonta\Desktop\data-centric-cross-season-transfer\datasets\train_on_2025_all\images\GX010666_MP4-0176_jpg.rf.a475550e9772e278cbecfd9f19873f7f.jpg,GX010666_MP4-0176_jpg.rf.a475550e9772e278cbecfd9f19873f7f.jpg,107.06311631944445,25.349913550634927
C:\Users\carmonta\Desktop\data-centric-cross-season-transfer\datasets\train_on_2025_all\images\GX010666_MP4-0178_jpg.rf.3205d1496838c8245eded20c93b19ceb.jpg,GX010666_MP4-0178_jpg.rf.3205d1496838c8245eded20c93b19ceb.jpg,107.89114149305556,20.110898346188904
C:\Users\carmonta\Desktop\data-centric-cross-season-transfer\datasets\train_on_2025_all\images\GX010666_MP4-0178_jpg.rf.d3ed4cacc4b5e9b3b8dd7df61bd783b1.jpg,GX010666_MP4-0178_jpg.rf.d3ed4cacc4b5e9b3b8dd7df61bd783b1.jpg,107.88694010416667,20.025166230623928
C:\Users\carmonta\Desktop\data-centric-cross-season-transfer\datasets\train_on_2025_all\images\GX010666_MP4-0178_jpg.rf.d552a067f5d78ef0949e2259b0a93d21.jpg,GX010666_MP4-0178_jpg.rf.d552a067f5d78ef0949e2259b0a93d21.jpg,107.87825954861111,19.981610502047907
C:\Users\carmonta\Desktop\data-centric-cross-season-transfer\datasets\train_on_2025_all\images\GX010666_MP4-0179_jpg.rf.731c55c255798b7af36adc7cd0d0d843.jpg,GX010666_MP4-0179_jpg.rf.731c55c255798b7af36adc7cd0d0d843.jpg,106.15167534722222,22.283847300047242
C:\Users\carmonta\Desktop\data-centric-cross-season-transfer\datasets\train_on_2025_all\images\GX010666_MP4-0179_jpg.rf.b4bc56fdd74196573fe395c5c211b790.jpg,GX010666_MP4-0179_jpg.rf.b4bc56fdd74196573fe395c5c211b790.jpg,106.15402777777778,22.339593908556807
C:\Users\carmonta\Desktop\data-centric-cross-season-transfer\datasets\train_on_2025_all\images\GX010666_MP4-0180_jpg.rf.33bf07bd8c302a0bc5c64f11bfe912c7.jpg,GX010666_MP4-0180_jpg.rf.33bf07bd8c302a0bc5c64f11bfe912c7.jpg,107.31229166666667,22.55730260909455
C:\Users\carmonta\Desktop\data-centric-cross-season-transfer\datasets\train_on_2025_all\images\GX010666_MP4-0180_jpg.rf.6e77f23480680a2befbf6bdb62d670bc.jpg,GX010666_MP4-0180_jpg.rf.6e77f23480680a2befbf6bdb62d670bc.jpg,107.31229166666667,22.55730260909455
C:\Users\carmonta\Desktop\data-centric-cross-season-transfer\datasets\train_on_2025_all\images\GX010666_MP4-0181_jpg.rf.1fcb45b4c62b6b451d72e3486439477e.jpg,GX010666_MP4-0181_jpg.rf.1fcb45b4c62b6b451d72e3486439477e.jpg,106.47571614583333,24.123076000193123
C:\Users\carmonta\Desktop\data-centric-cross-season-transfer\datasets\train_on_2025_all\images\GX010666_MP4-0181_jpg.rf.827bdda7c9926d29e700ea6a777b0928.jpg,GX010666_MP4-0181_jpg.rf.827bdda7c9926d29e700ea6a777b0928.jpg,106.46321614583333,23.98223339215617
C:\Users\carmonta\Desktop\data-centric-cross-season-transfer\datasets\train_on_2025_all\images\GX010666_MP4-0181_jpg.rf.96f4bae8dd9d4331a6f616ee8ee7078f.jpg,GX010666_MP4-0181_jpg.rf.96f4bae8dd9d4331a6f616ee8ee7078f.jpg,106.46848958333334,24.0791673186659
C:\Users\carmonta\Desktop\data-centric-cross-season-transfer\datasets\train_on_2025_all\images\GX010666_MP4-0182_jpg.rf.588dbf4cfd7db242b47f3d6ec0e111ab.jpg,GX010666_MP4-0182_jpg.rf.588dbf4cfd7db242b47f3d6ec0e111ab.jpg,106.92511284722222,25.957396309421114
C:\Users\carmonta\Desktop\data-centric-cross-season-transfer\datasets\train_on_2025_all\images\GX010666_MP4-0182_jpg.rf.8baf7fe782c37fbb5fb614c5cfd6d8e9.jpg,GX010666_MP4-0182_jpg.rf.8baf7fe782c37fbb5fb614c5cfd6d8e9.jpg,106.9176171875,25.879375744794544
C:\Users\carmonta\Desktop\data-centric-cross-season-transfer\datasets\train_on_2025_all\images\GX010666_MP4-0182_jpg.rf.e209c20c67968a60f584769f6495a501.jpg,GX010666_MP4-0182_jpg.rf.e209c20c67968a60f584769f6495a501.jpg,106.9120920138889,25.8100171586081
C:\Users\carmonta\Desktop\data-centric-cross-season-transfer\datasets\train_on_2025_all\images\GX010666_MP4-0183_jpg.rf.3acf3fe42086ba1daa4e43a105fad83c.jpg,GX010666_MP4-0183_jpg.rf.3acf3fe42086ba1daa4e43a105fad83c.jpg,106.53916666666667,28.336957378522875
C:\Users\carmonta\Desktop\data-centric-cross-season-transfer\datasets\train_on_2025_all\images\GX010666_MP4-0183_jpg.rf.5ff5827c6d87b1cefc4613b3f63df988.jpg,GX010666_MP4-0183_jpg.rf.5ff5827c6d87b1cefc4613b3f63df988.jpg,106.55277777777778,28.51235966633214
C:\Users\carmonta\Desktop\data-centric-cross-season-transfer\datasets\train_on_2025_all\images\GX010666_MP4-0183_jpg.rf.780651479113ecfd3720ddf2a498e4fa.jpg,GX010666_MP4-0183_jpg.rf.780651479113ecfd3720ddf2a498e4fa.jpg,106.5638671875,28.578579855162786
C:\Users\carmonta\Desktop\data-centric-cross-season-transfer\datasets\train_on_2025_all\images\GX010666_MP4-0184_jpg.rf.4fa0ee02a81f8f70bbbeb4ca5582b0ea.jpg,GX010666_MP4-0184_jpg.rf.4fa0ee02a81f8f70bbbeb4ca5582b0ea.jpg,107.35912760416667,30.243604387654944
C:\Users\carmonta\Desktop\data-centric-cross-season-transfer\datasets\train_on_2025_all\images\GX010666_MP4-0184_jpg.rf.ca2d2b25f35affe635b905d0275be346.jpg,GX010666_MP4-0184_jpg.rf.ca2d2b25f35affe635b905d0275be346.jpg,107.351484375,30.11847411539447
C:\Users\carmonta\Desktop\data-centric-cross-season-transfer\datasets\train_on_2025_all\images\GX010666_MP4-0184_jpg.rf.dcb222b8c5149b786e77a2e836cf4146.jpg,GX010666_MP4-0184_jpg.rf.dcb222b8c5149b786e77a2e836cf4146.jpg,107.34259114583334,30.04629249905454
C:\Users\carmonta\Desktop\data-centric-cross-season-transfer\datasets\train_on_2025_all\images\GX010666_MP4-0185_jpg.rf.40388c56d9b0ca52d9facdda9509e263.jpg,GX010666_MP4-0185_jpg.rf.40388c56d9b0ca52d9facdda9509e263.jpg,107.30256076388889,30.98144021086997
C:\Users\carmonta\Desktop\data-centric-cross-season-transfer\datasets\train_on_2025_all\images\GX010666_MP4-0185_jpg.rf.5a2e8cac7f4d033184a3acc15a3a9196.jpg,GX010666_MP4-0185_jpg.rf.5a2e8cac7f4d033184a3acc15a3a9196.jpg,107.30292534722223,31.01579428153608
C:\Users\carmonta\Desktop\data-centric-cross-season-transfer\datasets\train_on_2025_all\images\GX010666_MP4-0185_jpg.rf.69acb8652903b3dd1b9cef1f6386af50.jpg,GX010666_MP4-0185_jpg.rf.69acb8652903b3dd1b9cef1f6386af50.jpg,107.31341145833333,31.146442619360542
C:\Users\carmonta\Desktop\data-centric-cross-season-transfer\datasets\train_on_2025_all\images\GX010666_MP4-0186_jpg.rf.07825e8e2fb4f424b3de3158f563cb74.jpg,GX010666_MP4-0186_jpg.rf.07825e8e2fb4f424b3de3158f563cb74.jpg,107.32801215277777,32.52933750712778
C:\Users\carmonta\Desktop\data-centric-cross-season-transfer\datasets\train_on_2025_all\images\GX010666_MP4-0186_jpg.rf.9ef2417ae4f277ba1e0577b6c9dbe6b7.jpg,GX010666_MP4-0186_jpg.rf.9ef2417ae4f277ba1e0577b6c9dbe6b7.jpg,107.32405381944444,32.47476474164026
C:\Users\carmonta\Desktop\data-centric-cross-season-transfer\datasets\train_on_2025_all\images\GX010666_MP4-0187_jpg.rf.5fd44cda6ace0f37958a27b738e8df80.jpg,GX010666_MP4-0187_jpg.rf.5fd44cda6ace0f37958a27b738e8df80.jpg,108.67775607638889,33.3199956388732
C:\Users\carmonta\Desktop\data-centric-cross-season-transfer\datasets\train_on_2025_all\images\GX010666_MP4-0187_jpg.rf.cf744328786a0109e02ec6aa7061fd26.jpg,GX010666_MP4-0187_jpg.rf.cf744328786a0109e02ec6aa7061fd26.jpg,108.68945746527778,33.51168173139141
C:\Users\carmonta\Desktop\data-centric-cross-season-transfer\datasets\train_on_2025_all\images\GX010666_MP4-0187_jpg.rf.d6c50be8e4a785add1232b37699f08c3.jpg,GX010666_MP4-0187_jpg.rf.d6c50be8e4a785add1232b37699f08c3.jpg,108.68880208333333,33.431364384461816
C:\Users\carmonta\Desktop\data-centric-cross-season-transfer\datasets\train_on_2025_all\images\GX010666_MP4-0188_jpg.rf.1c27bd10244da70c4aeda03c725c1573.jpg,GX010666_MP4-0188_jpg.rf.1c27bd10244da70c4aeda03c725c1573.jpg,104.5664236111111,34.40678691004627
C:\Users\carmonta\Desktop\data-centric-cross-season-transfer\datasets\train_on_2025_all\images\GX010666_MP4-0188_jpg.rf.c8627dca2b0b9385c8faac662932d8d7.jpg,GX010666_MP4-0188_jpg.rf.c8627dca2b0b9385c8faac662932d8d7.jpg,104.5428732638889,34.27228001619156
C:\Users\carmonta\Desktop\data-centric-cross-season-transfer\datasets\train_on_2025_all\images\GX010666_MP4-0188_jpg.rf.da00b8a782eabd4d35cecee82dee7f52.jpg,GX010666_MP4-0188_jpg.rf.da00b8a782eabd4d35cecee82dee7f52.jpg,104.54905815972222,34.442252110594374
C:\Users\carmonta\Desktop\data-centric-cross-season-transfer\datasets\train_on_2025_all\images\GX010666_MP4-0189_jpg.rf.0c267404cce0f03350b195f1c90f1bfe.jpg,GX010666_MP4-0189_jpg.rf.0c267404cce0f03350b195f1c90f1bfe.jpg,104.08836805555555,34.90776306195421
C:\Users\carmonta\Desktop\data-centric-cross-season-transfer\datasets\train_on_2025_all\images\GX010666_MP4-0189_jpg.rf.77fdee90b9a4a11e81201c02af0d2ef9.jpg,GX010666_MP4-0189_jpg.rf.77fdee90b9a4a11e81201c02af0d2ef9.jpg,104.09820746527778,34.96177928360781
C:\Users\carmonta\Desktop\data-centric-cross-season-transfer\datasets\train_on_2025_all\images\GX010666_MP4-0190_jpg.rf.93299b04d6fa31fa6b4659a66ab998e4.jpg,GX010666_MP4-0190_jpg.rf.93299b04d6fa31fa6b4659a66ab998e4.jpg,107.24182291666666,25.369034824505544
C:\Users\carmonta\Desktop\data-centric-cross-season-transfer\datasets\train_on_2025_all\images\GX010666_MP4-0190_jpg.rf.b20456ae0138a081a09874033b8e5e8d.jpg,GX010666_MP4-0190_jpg.rf.b20456ae0138a081a09874033b8e5e8d.jpg,107.24774305555556,25.432131636160182
C:\Users\carmonta\Desktop\data-centric-cross-season-transfer\datasets\train_on_2025_all\images\GX010666_MP4-0190_jpg.rf.fd4c3c03642cc5917d49cde71254dfa7.jpg,GX010666_MP4-0190_jpg.rf.fd4c3c03642cc5917d49cde71254dfa7.jpg,107.24182291666666,25.369034824505544
C:\Users\carmonta\Desktop\data-centric-cross-season-transfer\datasets\train_on_2025_all\images\GX010666_MP4-0191_jpg.rf.324cc4ef7acc4e585c61ae7e69123ac3.jpg,GX010666_MP4-0191_jpg.rf.324cc4ef7acc4e585c61ae7e69123ac3.jpg,108.58021701388888,23.25992707623551
C:\Users\carmonta\Desktop\data-centric-cross-season-transfer\datasets\train_on_2025_all\images\GX010666_MP4-0191_jpg.rf.8c7275c9f2b3b5af70d8be286fd0d919.jpg,GX010666_MP4-0191_jpg.rf.8c7275c9f2b3b5af70d8be286fd0d919.jpg,108.58366753472222,23.173744716555372
C:\Users\carmonta\Desktop\data-centric-cross-season-transfer\datasets\train_on_2025_all\images\GX010666_MP4-0191_jpg.rf.fee9b3e22106fe504a576fbc8195d3f3.jpg,GX010666_MP4-0191_jpg.rf.fee9b3e22106fe504a576fbc8195d3f3.jpg,108.57391059027778,23.049905227020886
C:\Users\carmonta\Desktop\data-centric-cross-season-transfer\datasets\train_on_2025_all\images\GX010666_MP4-0192_jpg.rf.72e880c4f038d84a489b78ffd2548522.jpg,GX010666_MP4-0192_jpg.rf.72e880c4f038d84a489b78ffd2548522.jpg,108.33089409722223,27.16077208671402
C:\Users\carmonta\Desktop\data-centric-cross-season-transfer\datasets\train_on_2025_all\images\GX010666_MP4-0192_jpg.rf.82de175dd379ee194d3192d21afb5273.jpg,GX010666_MP4-0192_jpg.rf.82de175dd379ee194d3192d21afb5273.jpg,108.35166666666667,27.40495194886217
C:\Users\carmonta\Desktop\data-centric-cross-season-transfer\datasets\train_on_2025_all\images\GX010666_MP4-0192_jpg.rf.cce5dfebfaebc3c33be6646968a7e593.jpg,GX010666_MP4-0192_jpg.rf.cce5dfebfaebc3c33be6646968a7e593.jpg,108.33199652777778,27.40166643553695
C:\Users\carmonta\Desktop\data-centric-cross-season-transfer\datasets\train_on_2025_all\images\GX010666_MP4-0193_jpg.rf.5c17f224fe9877bf01f9129f645dfd97.jpg,GX010666_MP4-0193_jpg.rf.5c17f224fe9877bf01f9129f645dfd97.jpg,107.44217447916667,31.945177077311797
C:\Users\carmonta\Desktop\data-centric-cross-season-transfer\datasets\train_on_2025_all\images\GX010666_MP4-0193_jpg.rf.68ff82daca9be7008b6e505503704940.jpg,GX010666_MP4-0193_jpg.rf.68ff82daca9be7008b6e505503704940.jpg,107.44609375,32.00710780465784
C:\Users\carmonta\Desktop\data-centric-cross-season-transfer\datasets\train_on_2025_all\images\GX010666_MP4-0193_jpg.rf.ba092eac9df69c09df0dc25577be5691.jpg,GX010666_MP4-0193_jpg.rf.ba092eac9df69c09df0dc25577be5691.jpg,107.44217447916667,31.945177077311797
C:\Users\carmonta\Desktop\data-centric-cross-season-transfer\datasets\train_on_2025_all\images\GX010666_MP4-0194_jpg.rf.0f7d6d56318782aad07b413f4e75908d.jpg,GX010666_MP4-0194_jpg.rf.0f7d6d56318782aad07b413f4e75908d.jpg,108.91874131944445,31.49909339765284
C:\Users\carmonta\Desktop\data-centric-cross-season-transfer\datasets\train_on_2025_all\images\GX010666_MP4-0194_jpg.rf.1062958b1c75723d9ec4817507cd9b3a.jpg,GX010666_MP4-0194_jpg.rf.1062958b1c75723d9ec4817507cd9b3a.jpg,108.92295138888889,31.52701417101378
C:\Users\carmonta\Desktop\data-centric-cross-season-transfer\datasets\train_on_2025_all\images\GX010666_MP4-0194_jpg.rf.c5570f731b4198c9101d8ae5118781e4.jpg,GX010666_MP4-0194_jpg.rf.c5570f731b4198c9101d8ae5118781e4.jpg,108.91766493055556,31.45158482414246
C:\Users\carmonta\Desktop\data-centric-cross-season-transfer\datasets\train_on_2025_all\images\GX010666_MP4-0196_jpg.rf.1f79210dbb73bd51a960231767d45d8d.jpg,GX010666_MP4-0196_jpg.rf.1f79210dbb73bd51a960231767d45d8d.jpg,108.83380642361111,31.133975256710233
C:\Users\carmonta\Desktop\data-centric-cross-season-transfer\datasets\train_on_2025_all\images\GX010666_MP4-0196_jpg.rf.531e2e0e72650d9bbcd215a29aa2b311.jpg,GX010666_MP4-0196_jpg.rf.531e2e0e72650d9bbcd215a29aa2b311.jpg,108.84893663194444,31.268329155192202
C:\Users\carmonta\Desktop\data-centric-cross-season-transfer\datasets\train_on_2025_all\images\GX010666_MP4-0196_jpg.rf.68a85c7eba4b8e6803749ac0327b66f6.jpg,GX010666_MP4-0196_jpg.rf.68a85c7eba4b8e6803749ac0327b66f6.jpg,108.85174045138889,31.336790077086903
C:\Users\carmonta\Desktop\data-centric-cross-season-transfer\datasets\train_on_2025_all\images\GX010666_MP4-0197_jpg.rf.16d2af1c968bc7b892db557680f8e433.jpg,GX010666_MP4-0197_jpg.rf.16d2af1c968bc7b892db557680f8e433.jpg,106.6354513888889,30.630702334270634
C:\Users\carmonta\Desktop\data-centric-cross-season-transfer\datasets\train_on_2025_all\images\GX010666_MP4-0198_jpg.rf.283151b5d3fce0ffe6c930b2f8e8267e.jpg,GX010666_MP4-0198_jpg.rf.283151b5d3fce0ffe6c930b2f8e8267e.jpg,104.39110677083333,31.248498295707975
C:\Users\carmonta\Desktop\data-centric-cross-season-transfer\datasets\train_on_2025_all\images\GX010666_MP4-0198_jpg.rf.b011c265ff56895e5c19ae7c9f252019.jpg,GX010666_MP4-0198_jpg.rf.b011c265ff56895e5c19ae7c9f252019.jpg,104.39927083333333,31.25112319353025
C:\Users\carmonta\Desktop\data-centric-cross-season-transfer\datasets\train_on_2025_all\images\GX010666_MP4-0199_jpg.rf.228ab633bfa62d52a3ec25533b117d6b.jpg,GX010666_MP4-0199_jpg.rf.228ab633bfa62d52a3ec25533b117d6b.jpg,102.70809895833334,32.080513707764965
C:\Users\carmonta\Desktop\data-centric-cross-season-transfer\datasets\train_on_2025_all\images\GX010666_MP4-0199_jpg.rf.6be19237689989f2aa5e5055bd9edd4e.jpg,GX010666_MP4-0199_jpg.rf.6be19237689989f2aa5e5055bd9edd4e.jpg,102.67862847222223,31.860488279320034
C:\Users\carmonta\Desktop\data-centric-cross-season-transfer\datasets\train_on_2025_all\images\GX010666_MP4-0200_jpg.rf.a9268edc738dbcb8d27b581a482d295d.jpg,GX010666_MP4-0200_jpg.rf.a9268edc738dbcb8d27b581a482d295d.jpg,102.89463107638889,32.00860025480467
C:\Users\carmonta\Desktop\data-centric-cross-season-transfer\datasets\train_on_2025_all\images\GX010666_MP4-0200_jpg.rf.af995ff50b479a883f01ed8bd1ba1d6f.jpg,GX010666_MP4-0200_jpg.rf.af995ff50b479a883f01ed8bd1ba1d6f.jpg,102.90906684027777,32.14758567940413
C:\Users\carmonta\Desktop\data-centric-cross-season-transfer\datasets\train_on_2025_all\images\GX010666_MP4-0200_jpg.rf.c3a9e9170c77a8dcb74e165d528ef0c2.jpg,GX010666_MP4-0200_jpg.rf.c3a9e9170c77a8dcb74e165d528ef0c2.jpg,102.90612847222222,32.16919825871474
C:\Users\carmonta\Desktop\data-centric-cross-season-transfer\datasets\train_on_2025_all\images\GX010666_MP4-0201_jpg.rf.442c7a0afb25aca8855f9b184df47990.jpg,GX010666_MP4-0201_jpg.rf.442c7a0afb25aca8855f9b184df47990.jpg,102.80815104166666,33.149491462991776
C:\Users\carmonta\Desktop\data-centric-cross-season-transfer\datasets\train_on_2025_all\images\GX010666_MP4-0201_jpg.rf.d293cac97db7deb772909bbf501cc2ab.jpg,GX010666_MP4-0201_jpg.rf.d293cac97db7deb772909bbf501cc2ab.jpg,102.81750434027778,33.23050686985136
C:\Users\carmonta\Desktop\data-centric-cross-season-transfer\datasets\train_on_2025_all\images\GX010666_MP4-0202_jpg.rf.05c4a3388dd2b03169c95664046b051a.jpg,GX010666_MP4-0202_jpg.rf.05c4a3388dd2b03169c95664046b051a.jpg,101.82460069444444,35.72246607256886
C:\Users\carmonta\Desktop\data-centric-cross-season-transfer\datasets\train_on_2025_all\images\GX010666_MP4-0202_jpg.rf.0f34f63cbc64f1c4102ef818fbb1a577.jpg,GX010666_MP4-0202_jpg.rf.0f34f63cbc64f1c4102ef818fbb1a577.jpg,101.83776041666667,35.88013026400607
C:\Users\carmonta\Desktop\data-centric-cross-season-transfer\datasets\train_on_2025_all\images\GX010666_MP4-0202_jpg.rf.aa3db9e764637bfd4e097314fafb755b.jpg,GX010666_MP4-0202_jpg.rf.aa3db9e764637bfd4e097314fafb755b.jpg,101.82460069444444,35.72246607256886
C:\Users\carmonta\Desktop\data-centric-cross-season-transfer\datasets\train_on_2025_all\images\GX010666_MP4-0203_jpg.rf.0ba39dbd5bea214aa502f333304aac21.jpg,GX010666_MP4-0203_jpg.rf.0ba39dbd5bea214aa502f333304aac21.jpg,100.27515625,38.4282871860297
C:\Users\carmonta\Desktop\data-centric-cross-season-transfer\datasets\train_on_2025_all\images\GX010666_MP4-0203_jpg.rf.c8720c4d742e6f04e580e268f8fd6880.jpg,GX010666_MP4-0203_jpg.rf.c8720c4d742e6f04e580e268f8fd6880.jpg,100.25207465277778,38.342675379326714
C:\Users\carmonta\Desktop\data-centric-cross-season-transfer\datasets\train_on_2025_all\images\GX010666_MP4-0203_jpg.rf.c8dc3bc4e44c4aa691c9d82be9761b5e.jpg,GX010666_MP4-0203_jpg.rf.c8dc3bc4e44c4aa691c9d82be9761b5e.jpg,100.24917534722222,38.30744907588983
C:\Users\carmonta\Desktop\data-centric-cross-season-transfer\datasets\train_on_2025_all\images\GX010666_MP4-0204_jpg.rf.1c0fd056a5097543ac62a73e535b29d8.jpg,GX010666_MP4-0204_jpg.rf.1c0fd056a5097543ac62a73e535b29d8.jpg,100.16766493055556,39.2884006410212
C:\Users\carmonta\Desktop\data-centric-cross-season-transfer\datasets\train_on_2025_all\images\GX010666_MP4-0204_jpg.rf.416f1c54aae4d9e56baa12a695c91656.jpg,GX010666_MP4-0204_jpg.rf.416f1c54aae4d9e56baa12a695c91656.jpg,100.16498263888889,39.36938665234249
C:\Users\carmonta\Desktop\data-centric-cross-season-transfer\datasets\train_on_2025_all\images\GX010666_MP4-0204_jpg.rf.cabb4f1801a0b451341c44ca5fd545ee.jpg,GX010666_MP4-0204_jpg.rf.cabb4f1801a0b451341c44ca5fd545ee.jpg,100.162890625,39.250202179838205
C:\Users\carmonta\Desktop\data-centric-cross-season-transfer\datasets\train_on_2025_all\images\GX010666_MP4-0205_jpg.rf.535948819d54267c35bc97fc5eeee964.jpg,GX010666_MP4-0205_jpg.rf.535948819d54267c35bc97fc5eeee964.jpg,98.923515625,39.57890952211575
C:\Users\carmonta\Desktop\data-centric-cross-season-transfer\datasets\train_on_2025_all\images\GX010666_MP4-0205_jpg.rf.86012c77ebca7152e82b33d97dda3234.jpg,GX010666_MP4-0205_jpg.rf.86012c77ebca7152e82b33d97dda3234.jpg,98.94217447916667,39.71711015883284
C:\Users\carmonta\Desktop\data-centric-cross-season-transfer\datasets\train_on_2025_all\images\GX010666_MP4-0206_jpg.rf.cba51445898514391cea0cb662b0dfaa.jpg,GX010666_MP4-0206_jpg.rf.cba51445898514391cea0cb662b0dfaa.jpg,98.89580729166667,39.31216915764799
C:\Users\carmonta\Desktop\data-centric-cross-season-transfer\datasets\train_on_2025_all\images\GX010666_MP4-0206_jpg.rf.f4602c49454fe61ffd24f1dc8be22cb4.jpg,GX010666_MP4-0206_jpg.rf.f4602c49454fe61ffd24f1dc8be22cb4.jpg,98.87052951388888,39.13281781448352
C:\Users\carmonta\Desktop\data-centric-cross-season-transfer\datasets\train_on_2025_all\images\GX010666_MP4-0206_jpg.rf.fc534f35c8ba7b6314df53377248d722.jpg,GX010666_MP4-0206_jpg.rf.fc534f35c8ba7b6314df53377248d722.jpg,98.87423177083333,39.18297070970059
C:\Users\carmonta\Desktop\data-centric-cross-season-transfer\datasets\train_on_2025_all\images\GX010666_MP4-0207_jpg.rf.391c2af893fa2e8b0a8863aaa13e9adf.jpg,GX010666_MP4-0207_jpg.rf.391c2af893fa2e8b0a8863aaa13e9adf.jpg,100.31390190972222,39.145746666580884
C:\Users\carmonta\Desktop\data-centric-cross-season-transfer\datasets\train_on_2025_all\images\GX010666_MP4-0208_jpg.rf.63c4ab67d152de95669dcf8813e98940.jpg,GX010666_MP4-0208_jpg.rf.63c4ab67d152de95669dcf8813e98940.jpg,97.5370703125,39.398940879909425
C:\Users\carmonta\Desktop\data-centric-cross-season-transfer\datasets\train_on_2025_all\images\GX010666_MP4-0208_jpg.rf.b1a2e910432d763441e0dfd2be0ad3ee.jpg,GX010666_MP4-0208_jpg.rf.b1a2e910432d763441e0dfd2be0ad3ee.jpg,97.52828125,39.36498537323223
C:\Users\carmonta\Desktop\data-centric-cross-season-transfer\datasets\train_on_2025_all\images\GX010666_MP4-0209_jpg.rf.869300b676a0b6988e255bb117b4c2a5.jpg,GX010666_MP4-0209_jpg.rf.869300b676a0b6988e255bb117b4c2a5.jpg,95.97986979166667,39.88569086895897
C:\Users\carmonta\Desktop\data-centric-cross-season-transfer\datasets\train_on_2025_all\images\GX010666_MP4-0209_jpg.rf.f5dda281d1750c5925f7b171a141fa47.jpg,GX010666_MP4-0209_jpg.rf.f5dda281d1750c5925f7b171a141fa47.jpg,95.938671875,39.6943691252295
C:\Users\carmonta\Desktop\data-centric-cross-season-transfer\datasets\train_on_2025_all\images\GX010666_MP4-0209_jpg.rf.fec33784833508f57e306df9a2e9492a.jpg,GX010666_MP4-0209_jpg.rf.fec33784833508f57e306df9a2e9492a.jpg,95.94815972222223,39.744975596357385
C:\Users\carmonta\Desktop\data-centric-cross-season-transfer\datasets\train_on_2025_all\images\GX010666_MP4-0210_jpg.rf.2a8538dd18b6e5de821fa0588e54d7cd.jpg,GX010666_MP4-0210_jpg.rf.2a8538dd18b6e5de821fa0588e54d7cd.jpg,97.23995659722222,39.81006903006666
C:\Users\carmonta\Desktop\data-centric-cross-season-transfer\datasets\train_on_2025_all\images\GX010666_MP4-0210_jpg.rf.9968af1e08ebaa7afc53158b3fad0d68.jpg,GX010666_MP4-0210_jpg.rf.9968af1e08ebaa7afc53158b3fad0d68.jpg,97.25462239583334,39.968305128331046
C:\Users\carmonta\Desktop\data-centric-cross-season-transfer\datasets\train_on_2025_all\images\GX010666_MP4-0211_jpg.rf.14406d7adaf035157c3cde1b71cf9644.jpg,GX010666_MP4-0211_jpg.rf.14406d7adaf035157c3cde1b71cf9644.jpg,96.42637586805556,39.53548243228938
C:\Users\carmonta\Desktop\data-centric-cross-season-transfer\datasets\train_on_2025_all\images\GX010666_MP4-0211_jpg.rf.46a82fd8c4358b3016a9898c22f547b8.jpg,GX010666_MP4-0211_jpg.rf.46a82fd8c4358b3016a9898c22f547b8.jpg,96.4416015625,39.57889132143052
C:\Users\carmonta\Desktop\data-centric-cross-season-transfer\datasets\train_on_2025_all\images\GX010666_MP4-0211_jpg.rf.73d22322dcc5293b8cdfbd0958b6040e.jpg,GX010666_MP4-0211_jpg.rf.73d22322dcc5293b8cdfbd0958b6040e.jpg,96.43897135416667,39.647149866267526
C:\Users\carmonta\Desktop\data-centric-cross-season-transfer\datasets\train_on_2025_all\images\GX010666_MP4-0212_jpg.rf.19549f12fd0e2cd6281795abb0313beb.jpg,GX010666_MP4-0212_jpg.rf.19549f12fd0e2cd6281795abb0313beb.jpg,96.19500868055556,39.72032032366441
C:\Users\carmonta\Desktop\data-centric-cross-season-transfer\datasets\train_on_2025_all\images\GX010666_MP4-0212_jpg.rf.60ed6a21b75a73f884561b0550d4b09e.jpg,GX010666_MP4-0212_jpg.rf.60ed6a21b75a73f884561b0550d4b09e.jpg,96.187578125,39.66100970957664
C:\Users\carmonta\Desktop\data-centric-cross-season-transfer\datasets\train_on_2025_all\images\GX010666_MP4-0212_jpg.rf.9b35baf3af0e6966a8be824eaf60fc1d.jpg,GX010666_MP4-0212_jpg.rf.9b35baf3af0e6966a8be824eaf60fc1d.jpg,96.15428819444445,39.5228423406115
C:\Users\carmonta\Desktop\data-centric-cross-season-transfer\datasets\train_on_2025_all\images\GX010666_MP4-0213_jpg.rf.3e01db7f7fb7a7fa3a81aeda45283943.jpg,GX010666_MP4-0213_jpg.rf.3e01db7f7fb7a7fa3a81aeda45283943.jpg,95.12139322916667,40.42814794788913
C:\Users\carmonta\Desktop\data-centric-cross-season-transfer\datasets\train_on_2025_all\images\GX010666_MP4-0213_jpg.rf.3f37a5a0a36239ebb06fc4dfe704192c.jpg,GX010666_MP4-0213_jpg.rf.3f37a5a0a36239ebb06fc4dfe704192c.jpg,95.0959939236111,40.285396460493345
C:\Users\carmonta\Desktop\data-centric-cross-season-transfer\datasets\train_on_2025_all\images\GX010666_MP4-0214_jpg.rf.5087b94e46b13770795ebbb0d81decfb.jpg,GX010666_MP4-0214_jpg.rf.5087b94e46b13770795ebbb0d81decfb.jpg,93.08502604166667,41.10012716359774
C:\Users\carmonta\Desktop\data-centric-cross-season-transfer\datasets\train_on_2025_all\images\GX010666_MP4-0214_jpg.rf.ddd844e8752a00af32758e4abfe25dc6.jpg,GX010666_MP4-0214_jpg.rf.ddd844e8752a00af32758e4abfe25dc6.jpg,93.08974392361111,41.115104103454456
C:\Users\carmonta\Desktop\data-centric-cross-season-transfer\datasets\train_on_2025_all\images\GX010666_MP4-0215_jpg.rf.09fa113ca5ec8cc003b83014d06dd112.jpg,GX010666_MP4-0215_jpg.rf.09fa113ca5ec8cc003b83014d06dd112.jpg,92.77790364583333,42.266883445911866
C:\Users\carmonta\Desktop\data-centric-cross-season-transfer\datasets\train_on_2025_all\images\GX010666_MP4-0215_jpg.rf.34ca13da01dab69197e32d85b34fafac.jpg,GX010666_MP4-0215_jpg.rf.34ca13da01dab69197e32d85b34fafac.jpg,92.77778211805555,42.27848325239053
C:\Users\carmonta\Desktop\data-centric-cross-season-transfer\datasets\train_on_2025_all\images\GX010666_MP4-0215_jpg.rf.d85fcfac544e2870f4844df364a63b44.jpg,GX010666_MP4-0215_jpg.rf.d85fcfac544e2870f4844df364a63b44.jpg,92.77790364583333,42.266883445911866
C:\Users\carmonta\Desktop\data-centric-cross-season-transfer\datasets\train_on_2025_all\images\GX010666_MP4-0216_jpg.rf.156cf52bf7334e2de5742016d61ba008.jpg,GX010666_MP4-0216_jpg.rf.156cf52bf7334e2de5742016d61ba008.jpg,94.87723090277778,42.794212809338944
C:\Users\carmonta\Desktop\data-centric-cross-season-transfer\datasets\train_on_2025_all\images\GX010666_MP4-0216_jpg.rf.56d60f0d2497fe2db31581b923f7af1c.jpg,GX010666_MP4-0216_jpg.rf.56d60f0d2497fe2db31581b923f7af1c.jpg,94.88128472222222,42.80530935659007
C:\Users\carmonta\Desktop\data-centric-cross-season-transfer\datasets\train_on_2025_all\images\GX010666_MP4-0216_jpg.rf.eab982db9819b08c17b7d2ad2d868916.jpg,GX010666_MP4-0216_jpg.rf.eab982db9819b08c17b7d2ad2d868916.jpg,94.85924045138889,42.70998055904078
C:\Users\carmonta\Desktop\data-centric-cross-season-transfer\datasets\train_on_2025_all\images\GX010666_MP4-0217_jpg.rf.b2868d406aaa70980ee0db3c1490d585.jpg,GX010666_MP4-0217_jpg.rf.b2868d406aaa70980ee0db3c1490d585.jpg,96.02534288194444,42.640000874514676
C:\Users\carmonta\Desktop\data-centric-cross-season-transfer\datasets\train_on_2025_all\images\GX010666_MP4-0217_jpg.rf.b6d5ce03605fba9cec0ae944c6a1a82a.jpg,GX010666_MP4-0217_jpg.rf.b6d5ce03605fba9cec0ae944c6a1a82a.jpg,96.00217881944444,42.51836137812138
C:\Users\carmonta\Desktop\data-centric-cross-season-transfer\datasets\train_on_2025_all\images\GX010666_MP4-0217_jpg.rf.c0a275675fb869b3a67b6ea9948d3c4c.jpg,GX010666_MP4-0217_jpg.rf.c0a275675fb869b3a67b6ea9948d3c4c.jpg,96.02134114583333,42.65085309090409
C:\Users\carmonta\Desktop\data-centric-cross-season-transfer\datasets\train_on_2025_all\images\GX010666_MP4-0218_jpg.rf.03945d15b90f9c82f3c1168683062297.jpg,GX010666_MP4-0218_jpg.rf.03945d15b90f9c82f3c1168683062297.jpg,93.92348090277778,42.48221466955951
C:\Users\carmonta\Desktop\data-centric-cross-season-transfer\datasets\train_on_2025_all\images\GX010666_MP4-0218_jpg.rf.12b3ec091e86e01273a7bfcd51955624.jpg,GX010666_MP4-0218_jpg.rf.12b3ec091e86e01273a7bfcd51955624.jpg,93.92466145833333,42.50179511494813
C:\Users\carmonta\Desktop\data-centric-cross-season-transfer\datasets\train_on_2025_all\images\GX010666_MP4-0218_jpg.rf.e2c1825e2d1155c86b39f2cc19920365.jpg,GX010666_MP4-0218_jpg.rf.e2c1825e2d1155c86b39f2cc19920365.jpg,93.89703125,42.361431126548375
C:\Users\carmonta\Desktop\data-centric-cross-season-transfer\datasets\train_on_2025_all\images\GX010666_MP4-0219_jpg.rf.72344438a4f5ba7d389c2fe2d117887e.jpg,GX010666_MP4-0219_jpg.rf.72344438a4f5ba7d389c2fe2d117887e.jpg,85.27921006944445,44.01164167014234
C:\Users\carmonta\Desktop\data-centric-cross-season-transfer\datasets\train_on_2025_all\images\GX010666_MP4-0219_jpg.rf.821b03e17a38da7ac301654981fbb814.jpg,GX010666_MP4-0219_jpg.rf.821b03e17a38da7ac301654981fbb814.jpg,85.3211328125,44.17977196999666
C:\Users\carmonta\Desktop\data-centric-cross-season-transfer\datasets\train_on_2025_all\images\GX010666_MP4-0219_jpg.rf.8d1f00e84b096903c479ca934df28d3b.jpg,GX010666_MP4-0219_jpg.rf.8d1f00e84b096903c479ca934df28d3b.jpg,85.28790364583334,44.03229379763214
C:\Users\carmonta\Desktop\data-centric-cross-season-transfer\datasets\train_on_2025_all\images\GX010666_MP4-0220_jpg.rf.9cf9576024ac46ad993febc8c22dc5b7.jpg,GX010666_MP4-0220_jpg.rf.9cf9576024ac46ad993febc8c22dc5b7.jpg,79.9371875,45.60830007238399
C:\Users\carmonta\Desktop\data-centric-cross-season-transfer\datasets\train_on_2025_all\images\GX010666_MP4-0220_jpg.rf.dc61712d01b2dd620ca05a94ebb21bba.jpg,GX010666_MP4-0220_jpg.rf.dc61712d01b2dd620ca05a94ebb21bba.jpg,79.92330729166666,45.541993691636335
C:\Users\carmonta\Desktop\data-centric-cross-season-transfer\datasets\train_on_2025_all\images\GX010666_MP4-0220_jpg.rf.f1a51d7821618007fbae8a311a109dcb.jpg,GX010666_MP4-0220_jpg.rf.f1a51d7821618007fbae8a311a109dcb.jpg,79.94350694444445,45.61525517538216
C:\Users\carmonta\Desktop\data-centric-cross-season-transfer\datasets\train_on_2025_all\images\GX010666_MP4-0221_jpg.rf.11c578fb0fe021fda84a94ff20209c07.jpg,GX010666_MP4-0221_jpg.rf.11c578fb0fe021fda84a94ff20209c07.jpg,81.56754774305556,46.10036100210746
C:\Users\carmonta\Desktop\data-centric-cross-season-transfer\datasets\train_on_2025_all\images\GX010666_MP4-0221_jpg.rf.a7b8f500f71bf7222a1a51ebc0e1df30.jpg,GX010666_MP4-0221_jpg.rf.a7b8f500f71bf7222a1a51ebc0e1df30.jpg,81.51343315972223,45.95318337836646
C:\Users\carmonta\Desktop\data-centric-cross-season-transfer\datasets\train_on_2025_all\images\GX010666_MP4-0221_jpg.rf.f119c241bf3b35aee05e628c37170643.jpg,GX010666_MP4-0221_jpg.rf.f119c241bf3b35aee05e628c37170643.jpg,81.53929253472222,46.03622442782355
C:\Users\carmonta\Desktop\data-centric-cross-season-transfer\datasets\train_on_2025_all\images\GX010666_MP4-0223_jpg.rf.a9a0b71e6a3ee7ff6187dbb23927d430.jpg,GX010666_MP4-0223_jpg.rf.a9a0b71e6a3ee7ff6187dbb23927d430.jpg,85.8913671875,44.01077263314307
C:\Users\carmonta\Desktop\data-centric-cross-season-transfer\datasets\train_on_2025_all\images\GX010666_MP4-0224_jpg.rf.57c77517b268717283722d00aa8530d2.jpg,GX010666_MP4-0224_jpg.rf.57c77517b268717283722d00aa8530d2.jpg,87.6572439236111,47.48657573507413
C:\Users\carmonta\Desktop\data-centric-cross-season-transfer\datasets\train_on_2025_all\images\GX010666_MP4-0224_jpg.rf.f0b5cdca336dc45154ebbef3e1ec88ee.jpg,GX010666_MP4-0224_jpg.rf.f0b5cdca336dc45154ebbef3e1ec88ee.jpg,87.6758767361111,47.58321170458857
C:\Users\carmonta\Desktop\data-centric-cross-season-transfer\datasets\train_on_2025_all\images\GX010666_MP4-0225_jpg.rf.2627af77a636d0ceedcb8dacc2346a7c.jpg,GX010666_MP4-0225_jpg.rf.2627af77a636d0ceedcb8dacc2346a7c.jpg,87.89888020833334,45.07621825165756
C:\Users\carmonta\Desktop\data-centric-cross-season-transfer\datasets\train_on_2025_all\images\GX010666_MP4-0225_jpg.rf.b552cef35636c0f78a035b1948b318be.jpg,GX010666_MP4-0225_jpg.rf.b552cef35636c0f78a035b1948b318be.jpg,87.92019965277778,45.15567241993247
C:\Users\carmonta\Desktop\data-centric-cross-season-transfer\datasets\train_on_2025_all\images\GX010666_MP4-0226_jpg.rf.b0be690106478d6d44e26adb7fe0792e.jpg,GX010666_MP4-0226_jpg.rf.b0be690106478d6d44e26adb7fe0792e.jpg,99.73581597222223,41.291138663721654
C:\Users\carmonta\Desktop\data-centric-cross-season-transfer\datasets\train_on_2025_all\images\GX010666_MP4-0226_jpg.rf.d663bd07e2a2e1f7749622dedc57023b.jpg,GX010666_MP4-0226_jpg.rf.d663bd07e2a2e1f7749622dedc57023b.jpg,99.72069444444445,41.18864492849364
C:\Users\carmonta\Desktop\data-centric-cross-season-transfer\datasets\train_on_2025_all\images\GX010666_MP4-0229_jpg.rf.bcdadba6bd42a473cc27da88aff31615.jpg,GX010666_MP4-0229_jpg.rf.bcdadba6bd42a473cc27da88aff31615.jpg,86.23114149305556,54.61107666279718
C:\Users\carmonta\Desktop\data-centric-cross-season-transfer\datasets\train_on_2025_all\images\GX010666_MP4-0229_jpg.rf.f8bfc0ff2089bdc8f3e3deb9dad8d9b2.jpg,GX010666_MP4-0229_jpg.rf.f8bfc0ff2089bdc8f3e3deb9dad8d9b2.jpg,86.21082465277777,54.57796392973799
C:\Users\carmonta\Desktop\data-centric-cross-season-transfer\datasets\train_on_2025_all\images\GX010666_MP4-0232_jpg.rf.3d3ee4f2dbe2c386cbc7f996ec4f42f0.jpg,GX010666_MP4-0232_jpg.rf.3d3ee4f2dbe2c386cbc7f996ec4f42f0.jpg,87.05195746527778,51.74158374837261
C:\Users\carmonta\Desktop\data-centric-cross-season-transfer\datasets\train_on_2025_all\images\GX010666_MP4-0233_jpg.rf.4f9c33d60ba89013945822ca407399dd.jpg,GX010666_MP4-0233_jpg.rf.4f9c33d60ba89013945822ca407399dd.jpg,84.78501736111112,50.12426924688698
C:\Users\carmonta\Desktop\data-centric-cross-season-transfer\datasets\train_on_2025_all\images\GX010666_MP4-0233_jpg.rf.ee7adcecef2ecef160d9111c3024a6ee.jpg,GX010666_MP4-0233_jpg.rf.ee7adcecef2ecef160d9111c3024a6ee.jpg,84.8075390625,50.17602507813571
C:\Users\carmonta\Desktop\data-centric-cross-season-transfer\datasets\train_on_2025_all\images\GX010666_MP4-0234_jpg.rf.0046a18b6b6341a6b0577bed2f3ff9cc.jpg,GX010666_MP4-0234_jpg.rf.0046a18b6b6341a6b0577bed2f3ff9cc.jpg,89.04467447916667,49.53332278197027
C:\Users\carmonta\Desktop\data-centric-cross-season-transfer\datasets\train_on_2025_all\images\GX010666_MP4-0234_jpg.rf.283ad4d4571921b505e240613c393d16.jpg,GX010666_MP4-0234_jpg.rf.283ad4d4571921b505e240613c393d16.jpg,89.05171006944444,49.5648161294251
C:\Users\carmonta\Desktop\data-centric-cross-season-transfer\datasets\train_on_2025_all\images\GX010666_MP4-0235_jpg.rf.1df35261b7bb961f15d3f10839f4bee7.jpg,GX010666_MP4-0235_jpg.rf.1df35261b7bb961f15d3f10839f4bee7.jpg,94.40880642361111,48.34115166344604
C:\Users\carmonta\Desktop\data-centric-cross-season-transfer\datasets\train_on_2025_all\images\GX010666_MP4-0235_jpg.rf.44dd9a4bf95f9fa1a053396391b2487d.jpg,GX010666_MP4-0235_jpg.rf.44dd9a4bf95f9fa1a053396391b2487d.jpg,94.4001953125,48.327139823687496
C:\Users\carmonta\Desktop\data-centric-cross-season-transfer\datasets\train_on_2025_all\images\GX010666_MP4-0235_jpg.rf.a1d9632b71e16a802e2fc8077bad9ef7.jpg,GX010666_MP4-0235_jpg.rf.a1d9632b71e16a802e2fc8077bad9ef7.jpg,94.40064236111111,48.34074025074658
C:\Users\carmonta\Desktop\data-centric-cross-season-transfer\datasets\train_on_2025_all\images\GX010666_MP4-0236_jpg.rf.74e9c56ef7b175bf94f54c02e8f82123.jpg,GX010666_MP4-0236_jpg.rf.74e9c56ef7b175bf94f54c02e8f82123.jpg,98.99444444444444,44.170915719788866
C:\Users\carmonta\Desktop\data-centric-cross-season-transfer\datasets\train_on_2025_all\images\GX010666_MP4-0236_jpg.rf.f3e4f768f645fc75869fbd929e47f665.jpg,GX010666_MP4-0236_jpg.rf.f3e4f768f645fc75869fbd929e47f665.jpg,98.99880208333333,44.221364600232114
C:\Users\carmonta\Desktop\data-centric-cross-season-transfer\datasets\train_on_2025_all\images\GX010666_MP4-0236_jpg.rf.ff90a0557dcc9e2f5542fbc755fb8448.jpg,GX010666_MP4-0236_jpg.rf.ff90a0557dcc9e2f5542fbc755fb8448.jpg,99.01728298611111,44.24293244225633
C:\Users\carmonta\Desktop\data-centric-cross-season-transfer\datasets\train_on_2025_all\images\GX010666_MP4-0237_jpg.rf.22f143b0bda972142b3bce3cfe6b1637.jpg,GX010666_MP4-0237_jpg.rf.22f143b0bda972142b3bce3cfe6b1637.jpg,101.40494791666667,39.2855973771815
C:\Users\carmonta\Desktop\data-centric-cross-season-transfer\datasets\train_on_2025_all\images\GX010666_MP4-0237_jpg.rf.6134c4816c818248cf712097b105fb6c.jpg,GX010666_MP4-0237_jpg.rf.6134c4816c818248cf712097b105fb6c.jpg,101.41953125,39.34165277204084
C:\Users\carmonta\Desktop\data-centric-cross-season-transfer\datasets\train_on_2025_all\images\GX010666_MP4-0237_jpg.rf.c6a8286f4911e29664929f50f2d9bc47.jpg,GX010666_MP4-0237_jpg.rf.c6a8286f4911e29664929f50f2d9bc47.jpg,101.4130078125,39.32125004280458
C:\Users\carmonta\Desktop\data-centric-cross-season-transfer\datasets\train_on_2025_all\images\GX010666_MP4-0238_jpg.rf.cf35732d2b7e5f03386490ee48cfacd1.jpg,GX010666_MP4-0238_jpg.rf.cf35732d2b7e5f03386490ee48cfacd1.jpg,103.51246961805556,36.1456940544139
C:\Users\carmonta\Desktop\data-centric-cross-season-transfer\datasets\train_on_2025_all\images\GX010666_MP4-0238_jpg.rf.f55f799b86a0c4e1108f75d59968c853.jpg,GX010666_MP4-0238_jpg.rf.f55f799b86a0c4e1108f75d59968c853.jpg,103.50728298611111,36.09641998176246
C:\Users\carmonta\Desktop\data-centric-cross-season-transfer\datasets\train_on_2025_all\images\GX010666_MP4-0239_jpg.rf.901dfedecf6861e054646134ebd518fc.jpg,GX010666_MP4-0239_jpg.rf.901dfedecf6861e054646134ebd518fc.jpg,106.57991753472223,34.203026415295795
C:\Users\carmonta\Desktop\data-centric-cross-season-transfer\datasets\train_on_2025_all\images\GX010666_MP4-0240_jpg.rf.4381ab9b93fd492910f3cc1271da97c1.jpg,GX010666_MP4-0240_jpg.rf.4381ab9b93fd492910f3cc1271da97c1.jpg,105.49867621527778,33.794413651976974
C:\Users\carmonta\Desktop\data-centric-cross-season-transfer\datasets\train_on_2025_all\images\GX010666_MP4-0241_jpg.rf.7d4583c8476e9c2a072fc15d6f11584c.jpg,GX010666_MP4-0241_jpg.rf.7d4583c8476e9c2a072fc15d6f11584c.jpg,102.17081597222223,34.67028122223172
C:\Users\carmonta\Desktop\data-centric-cross-season-transfer\datasets\train_on_2025_all\images\GX010666_MP4-0241_jpg.rf.eb0a426cff6a81dc5c5076e25e7ed770.jpg,GX010666_MP4-0241_jpg.rf.eb0a426cff6a81dc5c5076e25e7ed770.jpg,102.1678125,34.64813918573821
C:\Users\carmonta\Desktop\data-centric-cross-season-transfer\datasets\train_on_2025_all\images\GX010666_MP4-0242_jpg.rf.c32789f640f8532c307377350792fa03.jpg,GX010666_MP4-0242_jpg.rf.c32789f640f8532c307377350792fa03.jpg,96.84591145833333,33.860441312658544
C:\Users\carmonta\Desktop\data-centric-cross-season-transfer\datasets\train_on_2025_all\images\GX010666_MP4-0242_jpg.rf.c78a4c588922f20b487b5e1713827d17.jpg,GX010666_MP4-0242_jpg.rf.c78a4c588922f20b487b5e1713827d17.jpg,96.849765625,33.90381639931003
C:\Users\carmonta\Desktop\data-centric-cross-season-transfer\datasets\train_on_2025_all\images\GX010666_MP4-0242_jpg.rf.fcec15f1c899b21cf8d01d84f7fc36ad.jpg,GX010666_MP4-0242_jpg.rf.fcec15f1c899b21cf8d01d84f7fc36ad.jpg,96.89082899305555,34.050376602842576
C:\Users\carmonta\Desktop\data-centric-cross-season-transfer\datasets\train_on_2025_all\images\GX010666_MP4-0243_jpg.rf.373368c29a5a8c0855dbba72cb6e2a2c.jpg,GX010666_MP4-0243_jpg.rf.373368c29a5a8c0855dbba72cb6e2a2c.jpg,95.4290451388889,37.62564841345175
C:\Users\carmonta\Desktop\data-centric-cross-season-transfer\datasets\train_on_2025_all\images\GX010666_MP4-0243_jpg.rf.586555e074f7520c1bb9669c2748aaf0.jpg,GX010666_MP4-0243_jpg.rf.586555e074f7520c1bb9669c2748aaf0.jpg,95.4319140625,37.65871320527744
C:\Users\carmonta\Desktop\data-centric-cross-season-transfer\datasets\train_on_2025_all\images\GX010666_MP4-0243_jpg.rf.f16abb25a1d389b7090c5d682eebc510.jpg,GX010666_MP4-0243_jpg.rf.f16abb25a1d389b7090c5d682eebc510.jpg,95.4179296875,37.56171461859543
C:\Users\carmonta\Desktop\data-centric-cross-season-transfer\datasets\train_on_2025_all\images\GX010666_MP4-0244_jpg.rf.45debb3fcaeb9ac36806a0a54e77ae0b.jpg,GX010666_MP4-0244_jpg.rf.45debb3fcaeb9ac36806a0a54e77ae0b.jpg,95.75113715277777,41.74429750965919
C:\Users\carmonta\Desktop\data-centric-cross-season-transfer\datasets\train_on_2025_all\images\GX010666_MP4-0244_jpg.rf.b4e60c0ecd2de04f3b7bfa859ee463c3.jpg,GX010666_MP4-0244_jpg.rf.b4e60c0ecd2de04f3b7bfa859ee463c3.jpg,95.72471788194444,41.62207735149809
C:\Users\carmonta\Desktop\data-centric-cross-season-transfer\datasets\train_on_2025_all\images\GX010666_MP4-0246_jpg.rf.35bd3515d446d501e0c3ae02f3e55b13.jpg,GX010666_MP4-0246_jpg.rf.35bd3515d446d501e0c3ae02f3e55b13.jpg,98.40487847222222,43.500219772981964
C:\Users\carmonta\Desktop\data-centric-cross-season-transfer\datasets\train_on_2025_all\images\GX010666_MP4-0247_jpg.rf.23ab8a02e173d3d91b3a35158c52de5b.jpg,GX010666_MP4-0247_jpg.rf.23ab8a02e173d3d91b3a35158c52de5b.jpg,99.09881944444444,39.8342516499189
C:\Users\carmonta\Desktop\data-centric-cross-season-transfer\datasets\train_on_2025_all\images\GX010666_MP4-0247_jpg.rf.c10223a8c6bafd9af39a57bd57e3516b.jpg,GX010666_MP4-0247_jpg.rf.c10223a8c6bafd9af39a57bd57e3516b.jpg,99.08450520833334,39.711429612340524
C:\Users\carmonta\Desktop\data-centric-cross-season-transfer\datasets\train_on_2025_all\images\GX010666_MP4-0247_jpg.rf.fb7e1a8267acd941e08937016c122556.jpg,GX010666_MP4-0247_jpg.rf.fb7e1a8267acd941e08937016c122556.jpg,99.1164453125,39.86773895971566
C:\Users\carmonta\Desktop\data-centric-cross-season-transfer\datasets\train_on_2025_all\images\GX010666_MP4-0248_jpg.rf.38bb7257e89b2483aacaa1f326a50358.jpg,GX010666_MP4-0248_jpg.rf.38bb7257e89b2483aacaa1f326a50358.jpg,98.32552083333333,35.360907082945886
C:\Users\carmonta\Desktop\data-centric-cross-season-transfer\datasets\train_on_2025_all\images\GX010666_MP4-0248_jpg.rf.980302a77336dd4ffe4b6092f93e5946.jpg,GX010666_MP4-0248_jpg.rf.980302a77336dd4ffe4b6092f93e5946.jpg,98.28724826388888,35.16342694245927
C:\Users\carmonta\Desktop\data-centric-cross-season-transfer\datasets\train_on_2025_all\images\GX010666_MP4-0249_jpg.rf.20c64e63a5ba1abeac1d0f605db40a6c.jpg,GX010666_MP4-0249_jpg.rf.20c64e63a5ba1abeac1d0f605db40a6c.jpg,100.57343315972223,33.56348640597146
C:\Users\carmonta\Desktop\data-centric-cross-season-transfer\datasets\train_on_2025_all\images\GX010666_MP4-0249_jpg.rf.c4c26ed2d166b9deb9fc31d15581dc69.jpg,GX010666_MP4-0249_jpg.rf.c4c26ed2d166b9deb9fc31d15581dc69.jpg,100.60239149305555,33.706427536919335
C:\Users\carmonta\Desktop\data-centric-cross-season-transfer\datasets\train_on_2025_all\images\GX010666_MP4-0249_jpg.rf.d147ed8b123fcc9b8e2035d06cbf78d1.jpg,GX010666_MP4-0249_jpg.rf.d147ed8b123fcc9b8e2035d06cbf78d1.jpg,100.61212239583334,33.75474230713561
C:\Users\carmonta\Desktop\data-centric-cross-season-transfer\datasets\train_on_2025_all\images\GX010666_MP4-0250_jpg.rf.0b4951af536755e383522f7c7ef7b5fd.jpg,GX010666_MP4-0250_jpg.rf.0b4951af536755e383522f7c7ef7b5fd.jpg,103.610078125,32.94354389247285
C:\Users\carmonta\Desktop\data-centric-cross-season-transfer\datasets\train_on_2025_all\images\GX010666_MP4-0250_jpg.rf.330cb86eac42bf24caeef5331b546149.jpg,GX010666_MP4-0250_jpg.rf.330cb86eac42bf24caeef5331b546149.jpg,103.63532986111112,33.09957871598842
C:\Users\carmonta\Desktop\data-centric-cross-season-transfer\datasets\train_on_2025_all\images\GX010666_MP4-0250_jpg.rf.8e91c0710f7374c38cbf12a3a56f0fad.jpg,GX010666_MP4-0250_jpg.rf.8e91c0710f7374c38cbf12a3a56f0fad.jpg,103.6454123263889,33.1385784703133
C:\Users\carmonta\Desktop\data-centric-cross-season-transfer\datasets\train_on_2025_all\images\GX010666_MP4-0251_jpg.rf.3a7ec304e7737652c436401176affa7c.jpg,GX010666_MP4-0251_jpg.rf.3a7ec304e7737652c436401176affa7c.jpg,105.42739583333334,35.83424123592443
C:\Users\carmonta\Desktop\data-centric-cross-season-transfer\datasets\train_on_2025_all\images\GX010666_MP4-0251_jpg.rf.7fa46dfc7b1cb6e6d44621594eed4eba.jpg,GX010666_MP4-0251_jpg.rf.7fa46dfc7b1cb6e6d44621594eed4eba.jpg,105.45066840277778,36.026681331790805
C:\Users\carmonta\Desktop\data-centric-cross-season-transfer\datasets\train_on_2025_all\images\GX010666_MP4-0251_jpg.rf.95d61e551c54bfd400be370dbfc114fc.jpg,GX010666_MP4-0251_jpg.rf.95d61e551c54bfd400be370dbfc114fc.jpg,105.4365234375,35.93265412106858
C:\Users\carmonta\Desktop\data-centric-cross-season-transfer\datasets\train_on_2025_all\images\GX010666_MP4-0252_jpg.rf.8843daba6b5f00b3e54b149e6677ceba.jpg,GX010666_MP4-0252_jpg.rf.8843daba6b5f00b3e54b149e6677ceba.jpg,102.97600694444445,38.97847125283757
C:\Users\carmonta\Desktop\data-centric-cross-season-transfer\datasets\train_on_2025_all\images\GX010666_MP4-0252_jpg.rf.aa818fe2702cc0d7ea1b618a699c237d.jpg,GX010666_MP4-0252_jpg.rf.aa818fe2702cc0d7ea1b618a699c237d.jpg,102.975859375,38.95378113610628
C:\Users\carmonta\Desktop\data-centric-cross-season-transfer\datasets\train_on_2025_all\images\GX010666_MP4-0253_jpg.rf.5530ab205385b4495a23ced845cafa81.jpg,GX010666_MP4-0253_jpg.rf.5530ab205385b4495a23ced845cafa81.jpg,97.71216579861111,43.760638423784826
C:\Users\carmonta\Desktop\data-centric-cross-season-transfer\datasets\train_on_2025_all\images\GX010666_MP4-0253_jpg.rf.ecd4e0000fdc5152fc73ffc3e3e91cd3.jpg,GX010666_MP4-0253_jpg.rf.ecd4e0000fdc5152fc73ffc3e3e91cd3.jpg,97.70911024305556,43.74344877922514
C:\Users\carmonta\Desktop\data-centric-cross-season-transfer\datasets\train_on_2025_all\images\GX010666_MP4-0255_jpg.rf.065922a23ea8d45c3728b53f1b9306b9.jpg,GX010666_MP4-0255_jpg.rf.065922a23ea8d45c3728b53f1b9306b9.jpg,88.07345920138889,48.94910479081431
C:\Users\carmonta\Desktop\data-centric-cross-season-transfer\datasets\train_on_2025_all\images\GX010666_MP4-0256_jpg.rf.608542657640e4f78830a83178db9ee9.jpg,GX010666_MP4-0256_jpg.rf.608542657640e4f78830a83178db9ee9.jpg,87.15180555555555,51.08939547570809
C:\Users\carmonta\Desktop\data-centric-cross-season-transfer\datasets\train_on_2025_all\images\GX010666_MP4-0256_jpg.rf.a75c171a6e098e032eba47a2d3428d00.jpg,GX010666_MP4-0256_jpg.rf.a75c171a6e098e032eba47a2d3428d00.jpg,87.12575520833333,51.01701515115455
C:\Users\carmonta\Desktop\data-centric-cross-season-transfer\datasets\train_on_2025_all\images\GX010666_MP4-0256_jpg.rf.bd58a65411b599f9dbf37deb4de16f77.jpg,GX010666_MP4-0256_jpg.rf.bd58a65411b599f9dbf37deb4de16f77.jpg,87.15612847222222,51.080129714772056
C:\Users\carmonta\Desktop\data-centric-cross-season-transfer\datasets\train_on_2025_all\images\GX010666_MP4-0257_jpg.rf.bd5cbe9c837f7f365346f89ff6c17a76.jpg,GX010666_MP4-0257_jpg.rf.bd5cbe9c837f7f365346f89ff6c17a76.jpg,86.00756510416667,52.356984347426845
C:\Users\carmonta\Desktop\data-centric-cross-season-transfer\datasets\train_on_2025_all\images\GX010666_MP4-0257_jpg.rf.fd8ea6106f8bb72e4b375e27014b3db3.jpg,GX010666_MP4-0257_jpg.rf.fd8ea6106f8bb72e4b375e27014b3db3.jpg,86.04998697916666,52.48987506947276
C:\Users\carmonta\Desktop\data-centric-cross-season-transfer\datasets\train_on_2025_all\images\GX010666_MP4-0258_jpg.rf.c723f6b46b891d222ce3a64bc0514fa9.jpg,GX010666_MP4-0258_jpg.rf.c723f6b46b891d222ce3a64bc0514fa9.jpg,83.28788194444445,51.91322869194492
C:\Users\carmonta\Desktop\data-centric-cross-season-transfer\datasets\train_on_2025_all\images\GX010666_MP4-0258_jpg.rf.ed437368bb371c8c37c374baae99ff4c.jpg,GX010666_MP4-0258_jpg.rf.ed437368bb371c8c37c374baae99ff4c.jpg,83.31171875,51.976181041482924
C:\Users\carmonta\Desktop\data-centric-cross-season-transfer\datasets\train_on_2025_all\images\GX010666_MP4-0258_jpg.rf.fa2bb31a9d500dd5517ffbf65277c2fe.jpg,GX010666_MP4-0258_jpg.rf.fa2bb31a9d500dd5517ffbf65277c2fe.jpg,83.28788194444445,51.91322869194492
C:\Users\carmonta\Desktop\data-centric-cross-season-transfer\datasets\train_on_2025_all\images\GX010666_MP4-0259_jpg.rf.3066d46da5a9686e65925de84bacb6b4.jpg,GX010666_MP4-0259_jpg.rf.3066d46da5a9686e65925de84bacb6b4.jpg,84.41921875,52.96614822761991
C:\Users\carmonta\Desktop\data-centric-cross-season-transfer\datasets\train_on_2025_all\images\GX010666_MP4-0259_jpg.rf.9d5287ab3b91132861e8a633787c7ede.jpg,GX010666_MP4-0259_jpg.rf.9d5287ab3b91132861e8a633787c7ede.jpg,84.44266059027778,53.059895339532034
C:\Users\carmonta\Desktop\data-centric-cross-season-transfer\datasets\train_on_2025_all\images\GX010666_MP4-0259_jpg.rf.b35daf3075eb23a5ee1bec3e101dde2b.jpg,GX010666_MP4-0259_jpg.rf.b35daf3075eb23a5ee1bec3e101dde2b.jpg,84.41217881944445,52.94430606198075
C:\Users\carmonta\Desktop\data-centric-cross-season-transfer\datasets\train_on_2025_all\images\GX010666_MP4-0260_jpg.rf.b73e23de496afd12018854489edccd82.jpg,GX010666_MP4-0260_jpg.rf.b73e23de496afd12018854489edccd82.jpg,85.0316189236111,52.785804670600946
C:\Users\carmonta\Desktop\data-centric-cross-season-transfer\datasets\train_on_2025_all\images\GX010666_MP4-0261_jpg.rf.0817003c7fa79c04478d635e817b97a6.jpg,GX010666_MP4-0261_jpg.rf.0817003c7fa79c04478d635e817b97a6.jpg,85.44210069444445,51.92212875992356
C:\Users\carmonta\Desktop\data-centric-cross-season-transfer\datasets\train_on_2025_all\images\GX010666_MP4-0261_jpg.rf.edea7f342799144967065f941a5a9ec4.jpg,GX010666_MP4-0261_jpg.rf.edea7f342799144967065f941a5a9ec4.jpg,85.44372395833334,51.93627231153816
C:\Users\carmonta\Desktop\data-centric-cross-season-transfer\datasets\train_on_2025_all\images\GX010666_MP4-0261_jpg.rf.f1532f641dd09fcc2e380fe667046e36.jpg,GX010666_MP4-0261_jpg.rf.f1532f641dd09fcc2e380fe667046e36.jpg,85.4503515625,51.96745718440733
C:\Users\carmonta\Desktop\data-centric-cross-season-transfer\datasets\train_on_2025_all\images\GX010666_MP4-0262_jpg.rf.1a748f3725ff6d37f2c3e62ef85441d3.jpg,GX010666_MP4-0262_jpg.rf.1a748f3725ff6d37f2c3e62ef85441d3.jpg,85.27602430555555,50.176364820744126
C:\Users\carmonta\Desktop\data-centric-cross-season-transfer\datasets\train_on_2025_all\images\GX010666_MP4-0262_jpg.rf.2db3f92a4add9047b6b271e0c71bda78.jpg,GX010666_MP4-0262_jpg.rf.2db3f92a4add9047b6b271e0c71bda78.jpg,85.24752604166666,50.10641911039972
C:\Users\carmonta\Desktop\data-centric-cross-season-transfer\datasets\train_on_2025_all\images\GX010666_MP4-0262_jpg.rf.9d0a09a8700244744c1202f0699fa64d.jpg,GX010666_MP4-0262_jpg.rf.9d0a09a8700244744c1202f0699fa64d.jpg,85.27973524305555,50.20309809254431
C:\Users\carmonta\Desktop\data-centric-cross-season-transfer\datasets\train_on_2025_all\images\GX010666_MP4-0263_jpg.rf.79cd10e2ac661d6d51fa4cb8b23f4075.jpg,GX010666_MP4-0263_jpg.rf.79cd10e2ac661d6d51fa4cb8b23f4075.jpg,86.04974826388889,50.24140930684586
C:\Users\carmonta\Desktop\data-centric-cross-season-transfer\datasets\train_on_2025_all\images\GX010666_MP4-0264_jpg.rf.0c5afebcde9c625d909af8070bb5686b.jpg,GX010666_MP4-0264_jpg.rf.0c5afebcde9c625d909af8070bb5686b.jpg,76.66189670138888,54.50108398717885
C:\Users\carmonta\Desktop\data-centric-cross-season-transfer\datasets\train_on_2025_all\images\GX010666_MP4-0264_jpg.rf.251d2291977ca2ba0b42ad7119c12634.jpg,GX010666_MP4-0264_jpg.rf.251d2291977ca2ba0b42ad7119c12634.jpg,76.64311631944445,54.46643003133212
C:\Users\carmonta\Desktop\data-centric-cross-season-transfer\datasets\train_on_2025_all\images\GX010666_MP4-0265_jpg.rf.2263a2fa2eb4017037859c64dd23f925.jpg,GX010666_MP4-0265_jpg.rf.2263a2fa2eb4017037859c64dd23f925.jpg,77.27555555555556,57.8702881424601
C:\Users\carmonta\Desktop\data-centric-cross-season-transfer\datasets\train_on_2025_all\images\GX010666_MP4-0265_jpg.rf.4831e1784d0006486b7d02b28482f619.jpg,GX010666_MP4-0265_jpg.rf.4831e1784d0006486b7d02b28482f619.jpg,77.27555555555556,57.8702881424601
C:\Users\carmonta\Desktop\data-centric-cross-season-transfer\datasets\train_on_2025_all\images\GX010666_MP4-0267_jpg.rf.4e4c9fef27dba752c281f1a0214cbf51.jpg,GX010666_MP4-0267_jpg.rf.4e4c9fef27dba752c281f1a0214cbf51.jpg,88.01776475694444,56.304453746309946
C:\Users\carmonta\Desktop\data-centric-cross-season-transfer\datasets\train_on_2025_all\images\GX010666_MP4-0267_jpg.rf.676fa23503f3e55a7b79a7b369c19cc1.jpg,GX010666_MP4-0267_jpg.rf.676fa23503f3e55a7b79a7b369c19cc1.jpg,88.00763888888889,56.30076684999394
C:\Users\carmonta\Desktop\data-centric-cross-season-transfer\datasets\train_on_2025_all\images\GX010666_MP4-0268_jpg.rf.042b2f1cbea42f0c196e78666b1b6933.jpg,GX010666_MP4-0268_jpg.rf.042b2f1cbea42f0c196e78666b1b6933.jpg,83.7935546875,53.652382101443884
C:\Users\carmonta\Desktop\data-centric-cross-season-transfer\datasets\train_on_2025_all\images\GX010666_MP4-0268_jpg.rf.d5da69f60fcd6e9edb4d064b776a4ed8.jpg,GX010666_MP4-0268_jpg.rf.d5da69f60fcd6e9edb4d064b776a4ed8.jpg,83.79819010416666,53.67856386005911
C:\Users\carmonta\Desktop\data-centric-cross-season-transfer\datasets\train_on_2025_all\images\GX010666_MP4-0271_jpg.rf.49bb0c7b2db0cb00b3e69b63f17781c6.jpg,GX010666_MP4-0271_jpg.rf.49bb0c7b2db0cb00b3e69b63f17781c6.jpg,95.50870659722223,42.652447914323204
C:\Users\carmonta\Desktop\data-centric-cross-season-transfer\datasets\train_on_2025_all\images\GX010666_MP4-0271_jpg.rf.5c4149e5f182ba87d4712c371fa7354f.jpg,GX010666_MP4-0271_jpg.rf.5c4149e5f182ba87d4712c371fa7354f.jpg,95.5474826388889,42.773892595368444
C:\Users\carmonta\Desktop\data-centric-cross-season-transfer\datasets\train_on_2025_all\images\GX010666_MP4-0272_jpg.rf.41b7fc9c93b3a473fff1731e8b82212a.jpg,GX010666_MP4-0272_jpg.rf.41b7fc9c93b3a473fff1731e8b82212a.jpg,97.65558159722222,41.4678136680519
C:\Users\carmonta\Desktop\data-centric-cross-season-transfer\datasets\train_on_2025_all\images\GX010666_MP4-0281_jpg.rf.4cfb76d007bcc2508762bdbe345a61f3.jpg,GX010666_MP4-0281_jpg.rf.4cfb76d007bcc2508762bdbe345a61f3.jpg,88.31686631944444,50.65119079273175
C:\Users\carmonta\Desktop\data-centric-cross-season-transfer\datasets\train_on_2025_all\images\GX010666_MP4-0281_jpg.rf.5c62fa6f13a8f801e2e641e7b831aa44.jpg,GX010666_MP4-0281_jpg.rf.5c62fa6f13a8f801e2e641e7b831aa44.jpg,88.32957465277778,50.71526041763762
C:\Users\carmonta\Desktop\data-centric-cross-season-transfer\datasets\train_on_2025_all\images\GX010666_MP4-0281_jpg.rf.f74f3beaf729a406e0a3582b92002588.jpg,GX010666_MP4-0281_jpg.rf.f74f3beaf729a406e0a3582b92002588.jpg,88.31769097222222,50.65880739704215
C:\Users\carmonta\Desktop\data-centric-cross-season-transfer\datasets\train_on_2025_all\images\GX010666_MP4-0282_jpg.rf.010de7125387bf2c4b58aa356e762124.jpg,GX010666_MP4-0282_jpg.rf.010de7125387bf2c4b58aa356e762124.jpg,80.45826822916666,54.611996956569016
C:\Users\carmonta\Desktop\data-centric-cross-season-transfer\datasets\train_on_2025_all\images\GX010666_MP4-0282_jpg.rf.6f6b4eabdf6c36c15d9f50db6559e724.jpg,GX010666_MP4-0282_jpg.rf.6f6b4eabdf6c36c15d9f50db6559e724.jpg,80.43398003472223,54.54830530685895
C:\Users\carmonta\Desktop\data-centric-cross-season-transfer\datasets\train_on_2025_all\images\GX010666_MP4-0283_jpg.rf.ab26b4198daea1f5ebc1ed411cfc8b65.jpg,GX010666_MP4-0283_jpg.rf.ab26b4198daea1f5ebc1ed411cfc8b65.jpg,84.37774305555556,55.52224436396421
C:\Users\carmonta\Desktop\data-centric-cross-season-transfer\datasets\train_on_2025_all\images\GX010666_MP4-0283_jpg.rf.b1a3f22c0d71a851e8d9a1429a018e3a.jpg,GX010666_MP4-0283_jpg.rf.b1a3f22c0d71a851e8d9a1429a018e3a.jpg,84.39602430555556,55.571109942446896
C:\Users\carmonta\Desktop\data-centric-cross-season-transfer\datasets\train_on_2025_all\images\GX010666_MP4-0283_jpg.rf.c850cb0909ff3d2c54e1697b8c2a8cc4.jpg,GX010666_MP4-0283_jpg.rf.c850cb0909ff3d2c54e1697b8c2a8cc4.jpg,84.41960069444444,55.60638744016833
C:\Users\carmonta\Desktop\data-centric-cross-season-transfer\datasets\train_on_2025_all\images\GX010666_MP4-0285_jpg.rf.3d3c939c2a409e50015f68c9fab4d2ab.jpg,GX010666_MP4-0285_jpg.rf.3d3c939c2a409e50015f68c9fab4d2ab.jpg,90.97891927083333,52.97693978029311
C:\Users\carmonta\Desktop\data-centric-cross-season-transfer\datasets\train_on_2025_all\images\GX010666_MP4-0285_jpg.rf.611bfb302335feaa82207dfa61b9441b.jpg,GX010666_MP4-0285_jpg.rf.611bfb302335feaa82207dfa61b9441b.jpg,90.983984375,53.0053259453161
C:\Users\carmonta\Desktop\data-centric-cross-season-transfer\datasets\train_on_2025_all\images\GX010666_MP4-0285_jpg.rf.96627b3dc8d103f4f9acf0e8a40ee826.jpg,GX010666_MP4-0285_jpg.rf.96627b3dc8d103f4f9acf0e8a40ee826.jpg,90.95227864583333,52.90995808458588
C:\Users\carmonta\Desktop\data-centric-cross-season-transfer\datasets\train_on_2025_all\images\GX010666_MP4-0286_jpg.rf.188746edd256d352cbcda4c4068236dc.jpg,GX010666_MP4-0286_jpg.rf.188746edd256d352cbcda4c4068236dc.jpg,94.93715277777778,51.420414418562004
C:\Users\carmonta\Desktop\data-centric-cross-season-transfer\datasets\train_on_2025_all\images\GX010666_MP4-0286_jpg.rf.a1dabdb37d7a2e62c6363ca3c95d2d2a.jpg,GX010666_MP4-0286_jpg.rf.a1dabdb37d7a2e62c6363ca3c95d2d2a.jpg,94.97185763888889,51.5011093935985
C:\Users\carmonta\Desktop\data-centric-cross-season-transfer\datasets\train_on_2025_all\images\GX010666_MP4-0287_jpg.rf.254808ae9b297e8007157f0f17e20879.jpg,GX010666_MP4-0287_jpg.rf.254808ae9b297e8007157f0f17e20879.jpg,97.88701822916667,52.02173465593506
C:\Users\carmonta\Desktop\data-centric-cross-season-transfer\datasets\train_on_2025_all\images\GX010666_MP4-0287_jpg.rf.3a728097d1fb67ddf5248d946b7c64f9.jpg,GX010666_MP4-0287_jpg.rf.3a728097d1fb67ddf5248d946b7c64f9.jpg,97.89162326388889,52.028886117177066
C:\Users\carmonta\Desktop\data-centric-cross-season-transfer\datasets\train_on_2025_all\images\GX010666_MP4-0287_jpg.rf.58a25fedd9743b99b7d5c559cd159018.jpg,GX010666_MP4-0287_jpg.rf.58a25fedd9743b99b7d5c559cd159018.jpg,97.87109809027778,51.97652409540989
C:\Users\carmonta\Desktop\data-centric-cross-season-transfer\datasets\train_on_2025_all\images\GX010666_MP4-0288_jpg.rf.6fbe92385be4df4b45eed5f8fec96d26.jpg,GX010666_MP4-0288_jpg.rf.6fbe92385be4df4b45eed5f8fec96d26.jpg,98.84504774305556,50.73532196783629
C:\Users\carmonta\Desktop\data-centric-cross-season-transfer\datasets\train_on_2025_all\images\GX010666_MP4-0289_jpg.rf.de4ebda1fbb691af5aaed9cfd2f8b50a.jpg,GX010666_MP4-0289_jpg.rf.de4ebda1fbb691af5aaed9cfd2f8b50a.jpg,100.29252170138889,50.457891630106836
C:\Users\carmonta\Desktop\data-centric-cross-season-transfer\datasets\train_on_2025_all\images\GX010666_MP4-0295_jpg.rf.95d2ef06dd5257a254cf04b4c510be8d.jpg,GX010666_MP4-0295_jpg.rf.95d2ef06dd5257a254cf04b4c510be8d.jpg,73.48599826388889,53.14384089228703
C:\Users\carmonta\Desktop\data-centric-cross-season-transfer\datasets\train_on_2025_all\images\GX010666_MP4-0295_jpg.rf.af4a82c0209914dbf14df75477f3ffaf.jpg,GX010666_MP4-0295_jpg.rf.af4a82c0209914dbf14df75477f3ffaf.jpg,73.4670703125,53.13714575874095
C:\Users\carmonta\Desktop\data-centric-cross-season-transfer\datasets\train_on_2025_all\images\GX010666_MP4-0295_jpg.rf.bb76638c053e1c89b7d3fbc0bb32849a.jpg,GX010666_MP4-0295_jpg.rf.bb76638c053e1c89b7d3fbc0bb32849a.jpg,73.4326171875,53.044894339223234
C:\Users\carmonta\Desktop\data-centric-cross-season-transfer\datasets\train_on_2025_all\images\GX010666_MP4-0296_jpg.rf.55c2d0c421c81f4de09a2a9c6b26041c.jpg,GX010666_MP4-0296_jpg.rf.55c2d0c421c81f4de09a2a9c6b26041c.jpg,73.44127170138889,52.54809872354245
C:\Users\carmonta\Desktop\data-centric-cross-season-transfer\datasets\train_on_2025_all\images\GX010666_MP4-0298_jpg.rf.4fcdd278799a00e4c5c81857fecacd41.jpg,GX010666_MP4-0298_jpg.rf.4fcdd278799a00e4c5c81857fecacd41.jpg,76.48248697916667,52.15485752813646
C:\Users\carmonta\Desktop\data-centric-cross-season-transfer\datasets\train_on_2025_all\images\GX010666_MP4-0298_jpg.rf.a575105b8613a93e00a448d05db09720.jpg,GX010666_MP4-0298_jpg.rf.a575105b8613a93e00a448d05db09720.jpg,76.45479166666667,52.11001562824599
C:\Users\carmonta\Desktop\data-centric-cross-season-transfer\datasets\train_on_2025_all\images\GX010666_MP4-0299_jpg.rf.2f3e723385a04da79dbbc11b70791b77.jpg,GX010666_MP4-0299_jpg.rf.2f3e723385a04da79dbbc11b70791b77.jpg,72.10924479166667,48.557949893577266
C:\Users\carmonta\Desktop\data-centric-cross-season-transfer\datasets\train_on_2025_all\images\GX010666_MP4-0300_jpg.rf.a62d07d669a06e36ef4cda2e26293e1b.jpg,GX010666_MP4-0300_jpg.rf.a62d07d669a06e36ef4cda2e26293e1b.jpg,76.93459201388889,49.17345372918669
C:\Users\carmonta\Desktop\data-centric-cross-season-transfer\datasets\train_on_2025_all\images\GX010666_MP4-0300_jpg.rf.e03031aaf73217325382256572c1f6fc.jpg,GX010666_MP4-0300_jpg.rf.e03031aaf73217325382256572c1f6fc.jpg,76.95467013888889,49.204057664889824
C:\Users\carmonta\Desktop\data-centric-cross-season-transfer\datasets\train_on_2025_all\images\GX010666_MP4-0301_jpg.rf.c5a72c0c597cb53e742d725765181165.jpg,GX010666_MP4-0301_jpg.rf.c5a72c0c597cb53e742d725765181165.jpg,81.60894097222223,50.50481419493167
C:\Users\carmonta\Desktop\data-centric-cross-season-transfer\datasets\train_on_2025_all\images\GX010666_MP4-0302_jpg.rf.f65229f730bc3003c066f8ec9bb16c68.jpg,GX010666_MP4-0302_jpg.rf.f65229f730bc3003c066f8ec9bb16c68.jpg,85.02126302083333,49.612629861836155
C:\Users\carmonta\Desktop\data-centric-cross-season-transfer\datasets\train_on_2025_all\images\GX010666_MP4-0302_jpg.rf.fe91c308598096d2c5068267830d41ab.jpg,GX010666_MP4-0302_jpg.rf.fe91c308598096d2c5068267830d41ab.jpg,85.01850260416667,49.59846784617809
C:\Users\carmonta\Desktop\data-centric-cross-season-transfer\datasets\train_on_2025_all\images\GX010666_MP4-0304_jpg.rf.34a8fd8ee8ef8c92a0964962c5815099.jpg,GX010666_MP4-0304_jpg.rf.34a8fd8ee8ef8c92a0964962c5815099.jpg,95.28899305555555,44.66893416228326
C:\Users\carmonta\Desktop\data-centric-cross-season-transfer\datasets\train_on_2025_all\images\GX010666_MP4-0304_jpg.rf.7bfb6eeb047ee1b416e61c6a9c3c222c.jpg,GX010666_MP4-0304_jpg.rf.7bfb6eeb047ee1b416e61c6a9c3c222c.jpg,95.31427083333334,44.758278557919496
C:\Users\carmonta\Desktop\data-centric-cross-season-transfer\datasets\train_on_2025_all\images\GX010666_MP4-0305_jpg.rf.ab108c990177ac5837aab9b46490ea21.jpg,GX010666_MP4-0305_jpg.rf.ab108c990177ac5837aab9b46490ea21.jpg,98.3698263888889,42.98937176029512
C:\Users\carmonta\Desktop\data-centric-cross-season-transfer\datasets\train_on_2025_all\images\GX010666_MP4-0305_jpg.rf.da2fa2e07491c4833e9837818dc85384.jpg,GX010666_MP4-0305_jpg.rf.da2fa2e07491c4833e9837818dc85384.jpg,98.38667534722222,43.09176160172313
C:\Users\carmonta\Desktop\data-centric-cross-season-transfer\datasets\train_on_2025_all\images\GX010666_MP4-0306_jpg.rf.510bdd4e207497a225938f10e6227a3c.jpg,GX010666_MP4-0306_jpg.rf.510bdd4e207497a225938f10e6227a3c.jpg,97.49197482638888,42.858909920282876
C:\Users\carmonta\Desktop\data-centric-cross-season-transfer\datasets\train_on_2025_all\images\GX010666_MP4-0306_jpg.rf.86fa0ac0caf195213ce0fae4faa896ea.jpg,GX010666_MP4-0306_jpg.rf.86fa0ac0caf195213ce0fae4faa896ea.jpg,97.473046875,42.72638209179491
C:\Users\carmonta\Desktop\data-centric-cross-season-transfer\datasets\train_on_2025_all\images\GX010666_MP4-0306_jpg.rf.f1a79089226ca8d9116e769c1ad3e272.jpg,GX010666_MP4-0306_jpg.rf.f1a79089226ca8d9116e769c1ad3e272.jpg,97.473046875,42.72638209179491
C:\Users\carmonta\Desktop\data-centric-cross-season-transfer\datasets\train_on_2025_all\images\GX010666_MP4-0309_jpg.rf.3777c15f4194cc29572b1f9e5bd833dc.jpg,GX010666_MP4-0309_jpg.rf.3777c15f4194cc29572b1f9e5bd833dc.jpg,95.28274739583334,43.234414411443424
C:\Users\carmonta\Desktop\data-centric-cross-season-transfer\datasets\train_on_2025_all\images\GX010666_MP4-0309_jpg.rf.84646b315ebed512e500219ee6e561cd.jpg,GX010666_MP4-0309_jpg.rf.84646b315ebed512e500219ee6e561cd.jpg,95.26487413194444,43.09541006422783
C:\Users\carmonta\Desktop\data-centric-cross-season-transfer\datasets\train_on_2025_all\images\GX010666_MP4-0309_jpg.rf.c5f16fa700fc69067807134cc74d7564.jpg,GX010666_MP4-0309_jpg.rf.c5f16fa700fc69067807134cc74d7564.jpg,95.26487413194444,43.09541006422783
C:\Users\carmonta\Desktop\data-centric-cross-season-transfer\datasets\train_on_2025_all\images\GX010666_MP4-0310_jpg.rf.8f43f3c617552358de822537d85aaf92.jpg,GX010666_MP4-0310_jpg.rf.8f43f3c617552358de822537d85aaf92.jpg,98.11315972222222,43.73040730432621
C:\Users\carmonta\Desktop\data-centric-cross-season-transfer\datasets\train_on_2025_all\images\GX010666_MP4-0310_jpg.rf.cbc11e24136832c3e5b62741d3057572.jpg,GX010666_MP4-0310_jpg.rf.cbc11e24136832c3e5b62741d3057572.jpg,98.1067013888889,43.704793651011535
C:\Users\carmonta\Desktop\data-centric-cross-season-transfer\datasets\train_on_2025_all\images\GX010666_MP4-0310_jpg.rf.f824889c5990937dcfcc30c4d3ee8e5b.jpg,GX010666_MP4-0310_jpg.rf.f824889c5990937dcfcc30c4d3ee8e5b.jpg,98.08102430555556,43.592695449125905
C:\Users\carmonta\Desktop\data-centric-cross-season-transfer\datasets\train_on_2025_all\images\GX010666_MP4-0311_jpg.rf.50115e02613ad286adc25371b9618b30.jpg,GX010666_MP4-0311_jpg.rf.50115e02613ad286adc25371b9618b30.jpg,97.3962282986111,44.34431876164061
C:\Users\carmonta\Desktop\data-centric-cross-season-transfer\datasets\train_on_2025_all\images\GX010666_MP4-0311_jpg.rf.d62a678d345fe9d2b5de42a53bd6a227.jpg,GX010666_MP4-0311_jpg.rf.d62a678d345fe9d2b5de42a53bd6a227.jpg,97.42133680555555,44.36413199799105
C:\Users\carmonta\Desktop\data-centric-cross-season-transfer\datasets\train_on_2025_all\images\GX010666_MP4-0312_jpg.rf.06bcd13928296c190d713784af585dfe.jpg,GX010666_MP4-0312_jpg.rf.06bcd13928296c190d713784af585dfe.jpg,95.09920572916667,45.25955572899275
C:\Users\carmonta\Desktop\data-centric-cross-season-transfer\datasets\train_on_2025_all\images\GX010666_MP4-0312_jpg.rf.41a55ec393ce8c33e3ae958969a05685.jpg,GX010666_MP4-0312_jpg.rf.41a55ec393ce8c33e3ae958969a05685.jpg,95.11628038194445,45.35433814335059
C:\Users\carmonta\Desktop\data-centric-cross-season-transfer\datasets\train_on_2025_all\images\GX010666_MP4-0312_jpg.rf.73c0df0f9408768820c741cdae3c469c.jpg,GX010666_MP4-0312_jpg.rf.73c0df0f9408768820c741cdae3c469c.jpg,95.14354600694445,45.40304791525872
C:\Users\carmonta\Desktop\data-centric-cross-season-transfer\datasets\train_on_2025_all\images\GX010666_MP4-0313_jpg.rf.77d7c963fb32634a7720c106eaca7c26.jpg,GX010666_MP4-0313_jpg.rf.77d7c963fb32634a7720c106eaca7c26.jpg,93.46292534722222,51.14892952730845
C:\Users\carmonta\Desktop\data-centric-cross-season-transfer\datasets\train_on_2025_all\images\GX010666_MP4-0313_jpg.rf.81e7e6c8c29f5f25e422f310253c7eb8.jpg,GX010666_MP4-0313_jpg.rf.81e7e6c8c29f5f25e422f310253c7eb8.jpg,93.46933159722222,51.169045449635355
C:\Users\carmonta\Desktop\data-centric-cross-season-transfer\datasets\train_on_2025_all\images\GX010666_MP4-0313_jpg.rf.e0cac2733ea96368f73fb4622db330f3.jpg,GX010666_MP4-0313_jpg.rf.e0cac2733ea96368f73fb4622db330f3.jpg,93.43375434027777,51.089505850422405
C:\Users\carmonta\Desktop\data-centric-cross-season-transfer\datasets\train_on_2025_all\images\GX010666_MP4-0317_jpg.rf.12510ee19fa93a8679df3a3d793fd13d.jpg,GX010666_MP4-0317_jpg.rf.12510ee19fa93a8679df3a3d793fd13d.jpg,73.41565972222222,53.67698096971456
C:\Users\carmonta\Desktop\data-centric-cross-season-transfer\datasets\train_on_2025_all\images\GX010666_MP4-0317_jpg.rf.6524315a2715afc69b2e4f52f3a4292f.jpg,GX010666_MP4-0317_jpg.rf.6524315a2715afc69b2e4f52f3a4292f.jpg,73.41582465277777,53.686643437713094
C:\Users\carmonta\Desktop\data-centric-cross-season-transfer\datasets\train_on_2025_all\images\GX010666_MP4-0317_jpg.rf.ab19ee896d3bde280e396c5469129f4c.jpg,GX010666_MP4-0317_jpg.rf.ab19ee896d3bde280e396c5469129f4c.jpg,73.46105902777778,53.78886928812621
C:\Users\carmonta\Desktop\data-centric-cross-season-transfer\datasets\train_on_2025_all\images\GX010666_MP4-0318_jpg.rf.47803a7d9adf183bd1a83d34abbc7475.jpg,GX010666_MP4-0318_jpg.rf.47803a7d9adf183bd1a83d34abbc7475.jpg,78.02526041666667,50.16031413027096
C:\Users\carmonta\Desktop\data-centric-cross-season-transfer\datasets\train_on_2025_all\images\GX010666_MP4-0318_jpg.rf.9afde6c6ff8161c779b7aa014c630577.jpg,GX010666_MP4-0318_jpg.rf.9afde6c6ff8161c779b7aa014c630577.jpg,77.97640625,50.05258032810723
C:\Users\carmonta\Desktop\data-centric-cross-season-transfer\datasets\train_on_2025_all\images\GX010666_MP4-0318_jpg.rf.cc3401eab550f515237c4a149337f7c6.jpg,GX010666_MP4-0318_jpg.rf.cc3401eab550f515237c4a149337f7c6.jpg,77.96918836805555,50.030347399217526
C:\Users\carmonta\Desktop\data-centric-cross-season-transfer\datasets\train_on_2025_all\images\GX010666_MP4-0319_jpg.rf.773bb6d7a414d57ff3b208993b222424.jpg,GX010666_MP4-0319_jpg.rf.773bb6d7a414d57ff3b208993b222424.jpg,93.3951736111111,42.055360661710246
C:\Users\carmonta\Desktop\data-centric-cross-season-transfer\datasets\train_on_2025_all\images\GX010666_MP4-0319_jpg.rf.803a84abbf558f58979df026c91e4275.jpg,GX010666_MP4-0319_jpg.rf.803a84abbf558f58979df026c91e4275.jpg,93.37646267361112,41.97104614163713
C:\Users\carmonta\Desktop\data-centric-cross-season-transfer\datasets\train_on_2025_all\images\GX010666_MP4-0319_jpg.rf.9486b8bc949ad2634445610e6c943f65.jpg,GX010666_MP4-0319_jpg.rf.9486b8bc949ad2634445610e6c943f65.jpg,93.39323350694444,42.04047619985298
C:\Users\carmonta\Desktop\data-centric-cross-season-transfer\datasets\train_on_2025_all\images\GX010666_MP4-0320_jpg.rf.7315d2642d52d03c50e7889e97a2d393.jpg,GX010666_MP4-0320_jpg.rf.7315d2642d52d03c50e7889e97a2d393.jpg,94.07100694444445,40.02455335426349
C:\Users\carmonta\Desktop\data-centric-cross-season-transfer\datasets\train_on_2025_all\images\GX010666_MP4-0320_jpg.rf.8acb5665af136f13a0f8e38bfa2237fc.jpg,GX010666_MP4-0320_jpg.rf.8acb5665af136f13a0f8e38bfa2237fc.jpg,94.07749565972222,40.009793034875315
C:\Users\carmonta\Desktop\data-centric-cross-season-transfer\datasets\train_on_2025_all\images\GX010666_MP4-0331_jpg.rf.1233d1e0e8af3d19563a00b3f225f920.jpg,GX010666_MP4-0331_jpg.rf.1233d1e0e8af3d19563a00b3f225f920.jpg,92.63262152777777,45.315179404334664
C:\Users\carmonta\Desktop\data-centric-cross-season-transfer\datasets\train_on_2025_all\images\GX010666_MP4-0331_jpg.rf.12b1225fae81698b2d345fb9b90ca86c.jpg,GX010666_MP4-0331_jpg.rf.12b1225fae81698b2d345fb9b90ca86c.jpg,92.63358940972222,45.34211542977883
C:\Users\carmonta\Desktop\data-centric-cross-season-transfer\datasets\train_on_2025_all\images\GX010666_MP4-0331_jpg.rf.8ce37774b8a202299785469d139f11fe.jpg,GX010666_MP4-0331_jpg.rf.8ce37774b8a202299785469d139f11fe.jpg,92.61972222222222,45.28658826089384
C:\Users\carmonta\Desktop\data-centric-cross-season-transfer\datasets\train_on_2025_all\images\GX010666_MP4-0333_jpg.rf.c1181e80f44cd7421284f172d4366d34.jpg,GX010666_MP4-0333_jpg.rf.c1181e80f44cd7421284f172d4366d34.jpg,107.96528645833334,40.056502105678774
C:\Users\carmonta\Desktop\data-centric-cross-season-transfer\datasets\train_on_2025_all\images\GX010666_MP4-0333_jpg.rf.cc1512c05603c4d758a02d803bd9958f.jpg,GX010666_MP4-0333_jpg.rf.cc1512c05603c4d758a02d803bd9958f.jpg,107.96171875,40.02028697567451
C:\Users\carmonta\Desktop\data-centric-cross-season-transfer\datasets\train_on_2025_all\images\GX010666_MP4-0333_jpg.rf.de2e6f143a598ccac069104972c823d1.jpg,GX010666_MP4-0333_jpg.rf.de2e6f143a598ccac069104972c823d1.jpg,107.97073350694444,40.04871294098386
C:\Users\carmonta\Desktop\data-centric-cross-season-transfer\datasets\train_on_2025_all\images\GX010666_MP4-0334_jpg.rf.f2113772710263a1cfb2ec6402b3a9e9.jpg,GX010666_MP4-0334_jpg.rf.f2113772710263a1cfb2ec6402b3a9e9.jpg,101.56400607638889,44.189444210253136
C:\Users\carmonta\Desktop\data-centric-cross-season-transfer\datasets\train_on_2025_all\images\GX010666_MP4-0335_jpg.rf.3a2df5f570fbd04ab6744b17bf6f2716.jpg,GX010666_MP4-0335_jpg.rf.3a2df5f570fbd04ab6744b17bf6f2716.jpg,94.9319314236111,46.51702101675338
C:\Users\carmonta\Desktop\data-centric-cross-season-transfer\datasets\train_on_2025_all\images\GX010666_MP4-0335_jpg.rf.a6573a88eab21394f2518d824f8aeefa.jpg,GX010666_MP4-0335_jpg.rf.a6573a88eab21394f2518d824f8aeefa.jpg,94.9319314236111,46.51702101675338
C:\Users\carmonta\Desktop\data-centric-cross-season-transfer\datasets\train_on_2025_all\images\GX010666_MP4-0336_jpg.rf.16dd18bb6b71e6bf8b7ecff86f1709dd.jpg,GX010666_MP4-0336_jpg.rf.16dd18bb6b71e6bf8b7ecff86f1709dd.jpg,92.725390625,46.89103658390785
C:\Users\carmonta\Desktop\data-centric-cross-season-transfer\datasets\train_on_2025_all\images\GX010666_MP4-0336_jpg.rf.799289ccfdbffe776b02d4bb53d50ebd.jpg,GX010666_MP4-0336_jpg.rf.799289ccfdbffe776b02d4bb53d50ebd.jpg,92.72013454861111,46.87500319425123
C:\Users\carmonta\Desktop\data-centric-cross-season-transfer\datasets\train_on_2025_all\images\GX010666_MP4-0337_jpg.rf.28dff73729102bdfa7e7dc33781aaea4.jpg,GX010666_MP4-0337_jpg.rf.28dff73729102bdfa7e7dc33781aaea4.jpg,93.71463541666667,46.470267144841245
C:\Users\carmonta\Desktop\data-centric-cross-season-transfer\datasets\train_on_2025_all\images\GX010666_MP4-0337_jpg.rf.706a9429d7612ea5a0fcbb14b695000a.jpg,GX010666_MP4-0337_jpg.rf.706a9429d7612ea5a0fcbb14b695000a.jpg,93.70262586805555,46.40022563830237
C:\Users\carmonta\Desktop\data-centric-cross-season-transfer\datasets\train_on_2025_all\images\GX010666_MP4-0338_jpg.rf.3799b261db8a0e481ab985c6b41772e3.jpg,GX010666_MP4-0338_jpg.rf.3799b261db8a0e481ab985c6b41772e3.jpg,88.668203125,44.87314853500757
C:\Users\carmonta\Desktop\data-centric-cross-season-transfer\datasets\train_on_2025_all\images\GX010666_MP4-0338_jpg.rf.b7774e5ef1fcb252ce5fe54a0253cd88.jpg,GX010666_MP4-0338_jpg.rf.b7774e5ef1fcb252ce5fe54a0253cd88.jpg,88.670234375,44.899144457721526
C:\Users\carmonta\Desktop\data-centric-cross-season-transfer\datasets\train_on_2025_all\images\GX010666_MP4-0340_jpg.rf.f99ca3971d0e767c945f365f5aec6173.jpg,GX010666_MP4-0340_jpg.rf.f99ca3971d0e767c945f365f5aec6173.jpg,95.70416666666667,39.514895881525206
C:\Users\carmonta\Desktop\data-centric-cross-season-transfer\datasets\train_on_2025_all\images\GX010666_MP4-0341_jpg.rf.1e6125f94faff70eabd1db25f6780121.jpg,GX010666_MP4-0341_jpg.rf.1e6125f94faff70eabd1db25f6780121.jpg,98.65007378472222,40.050890310512386
C:\Users\carmonta\Desktop\data-centric-cross-season-transfer\datasets\train_on_2025_all\images\GX010666_MP4-0341_jpg.rf.5df59413990fb4a6f1a9be4636469495.jpg,GX010666_MP4-0341_jpg.rf.5df59413990fb4a6f1a9be4636469495.jpg,98.61808159722223,39.894007980003956
C:\Users\carmonta\Desktop\data-centric-cross-season-transfer\datasets\train_on_2025_all\images\GX010666_MP4-0341_jpg.rf.f7076ba6c37fb692c9412f6673e309ec.jpg,GX010666_MP4-0341_jpg.rf.f7076ba6c37fb692c9412f6673e309ec.jpg,98.61808159722223,39.894007980003956
C:\Users\carmonta\Desktop\data-centric-cross-season-transfer\datasets\train_on_2025_all\images\GX010666_MP4-0342_jpg.rf.ea13702411ac8ef065586fc5b33262c9.jpg,GX010666_MP4-0342_jpg.rf.ea13702411ac8ef065586fc5b33262c9.jpg,95.77407118055555,41.4118815091379
C:\Users\carmonta\Desktop\data-centric-cross-season-transfer\datasets\train_on_2025_all\images\GX010666_MP4-0343_jpg.rf.42c596e94cb24c3f9c0ff7aa037a526f.jpg,GX010666_MP4-0343_jpg.rf.42c596e94cb24c3f9c0ff7aa037a526f.jpg,93.30360243055556,41.273303760929274
C:\Users\carmonta\Desktop\data-centric-cross-season-transfer\datasets\train_on_2025_all\images\GX010666_MP4-0343_jpg.rf.6d5bab6b2fa9ae2b2d9236dd90bd6982.jpg,GX010666_MP4-0343_jpg.rf.6d5bab6b2fa9ae2b2d9236dd90bd6982.jpg,93.29209201388889,41.1916004319365
C:\Users\carmonta\Desktop\data-centric-cross-season-transfer\datasets\train_on_2025_all\images\GX010666_MP4-0344_jpg.rf.35130135f429419cef8470964c0ee9e6.jpg,GX010666_MP4-0344_jpg.rf.35130135f429419cef8470964c0ee9e6.jpg,90.19716579861111,43.777548982540026
C:\Users\carmonta\Desktop\data-centric-cross-season-transfer\datasets\train_on_2025_all\images\GX010666_MP4-0344_jpg.rf.4ec79e127aefd1e77200aea2b2f757f0.jpg,GX010666_MP4-0344_jpg.rf.4ec79e127aefd1e77200aea2b2f757f0.jpg,90.20027777777777,43.8366568558534
C:\Users\carmonta\Desktop\data-centric-cross-season-transfer\datasets\train_on_2025_all\images\GX010666_MP4-0344_jpg.rf.bfc00b08b1bc368bf4dc7dc682e9196b.jpg,GX010666_MP4-0344_jpg.rf.bfc00b08b1bc368bf4dc7dc682e9196b.jpg,90.20947916666667,43.81495652575422
C:\Users\carmonta\Desktop\data-centric-cross-season-transfer\datasets\train_on_2025_all\images\GX010667_MP4-0009_jpg.rf.374e9108928bb3bf5eaf01eb2d761d1f.jpg,GX010667_MP4-0009_jpg.rf.374e9108928bb3bf5eaf01eb2d761d1f.jpg,90.81480902777778,49.967100646446774
C:\Users\carmonta\Desktop\data-centric-cross-season-transfer\datasets\train_on_2025_all\images\GX010667_MP4-0009_jpg.rf.a109c582e200606986f6d9d7ed8353c1.jpg,GX010667_MP4-0009_jpg.rf.a109c582e200606986f6d9d7ed8353c1.jpg,90.846875,50.05397779756745
C:\Users\carmonta\Desktop\data-centric-cross-season-transfer\datasets\train_on_2025_all\images\GX010667_MP4-0009_jpg.rf.be62cedd2851a4ee09e90a9c206fcbb6.jpg,GX010667_MP4-0009_jpg.rf.be62cedd2851a4ee09e90a9c206fcbb6.jpg,90.86970486111112,50.10233748133363
C:\Users\carmonta\Desktop\data-centric-cross-season-transfer\datasets\train_on_2025_all\images\GX010667_MP4-0010_jpg.rf.2339ac84bb05cc17bc12d58c74d07574.jpg,GX010667_MP4-0010_jpg.rf.2339ac84bb05cc17bc12d58c74d07574.jpg,90.35075520833334,45.91858142505474
C:\Users\carmonta\Desktop\data-centric-cross-season-transfer\datasets\train_on_2025_all\images\GX010667_MP4-0010_jpg.rf.e0bff1a934fa0d817a1a773a4381100e.jpg,GX010667_MP4-0010_jpg.rf.e0bff1a934fa0d817a1a773a4381100e.jpg,90.37141493055556,45.97047052537487
C:\Users\carmonta\Desktop\data-centric-cross-season-transfer\datasets\train_on_2025_all\images\GX010667_MP4-0011_jpg.rf.1b42d6f2f53648061614a26065e88b93.jpg,GX010667_MP4-0011_jpg.rf.1b42d6f2f53648061614a26065e88b93.jpg,90.05995225694444,46.73715188866762
C:\Users\carmonta\Desktop\data-centric-cross-season-transfer\datasets\train_on_2025_all\images\GX010667_MP4-0011_jpg.rf.4fc042af0c638e65b411b64cdf306110.jpg,GX010667_MP4-0011_jpg.rf.4fc042af0c638e65b411b64cdf306110.jpg,90.077265625,46.80284875465351
C:\Users\carmonta\Desktop\data-centric-cross-season-transfer\datasets\train_on_2025_all\images\GX010667_MP4-0011_jpg.rf.9d1b9718e0e09a46f3ec366270f314f0.jpg,GX010667_MP4-0011_jpg.rf.9d1b9718e0e09a46f3ec366270f314f0.jpg,90.05995225694444,46.73715188866762
C:\Users\carmonta\Desktop\data-centric-cross-season-transfer\datasets\train_on_2025_all\images\GX010667_MP4-0012_jpg.rf.a219f495bc6f590cba43985b124d3d30.jpg,GX010667_MP4-0012_jpg.rf.a219f495bc6f590cba43985b124d3d30.jpg,87.9069921875,44.507013723162316
C:\Users\carmonta\Desktop\data-centric-cross-season-transfer\datasets\train_on_2025_all\images\GX010667_MP4-0012_jpg.rf.cc6edc75eb5a0a30b8825cbed07415ed.jpg,GX010667_MP4-0012_jpg.rf.cc6edc75eb5a0a30b8825cbed07415ed.jpg,87.95153645833334,44.645179983169214
C:\Users\carmonta\Desktop\data-centric-cross-season-transfer\datasets\train_on_2025_all\images\GX010667_MP4-0013_jpg.rf.3c9962441091101677864a846c272740.jpg,GX010667_MP4-0013_jpg.rf.3c9962441091101677864a846c272740.jpg,86.56252604166667,45.518402073223854
C:\Users\carmonta\Desktop\data-centric-cross-season-transfer\datasets\train_on_2025_all\images\GX010667_MP4-0013_jpg.rf.6b94ecf75786a83d291c79d1ce419fb0.jpg,GX010667_MP4-0013_jpg.rf.6b94ecf75786a83d291c79d1ce419fb0.jpg,86.58901041666667,45.59441186283629
C:\Users\carmonta\Desktop\data-centric-cross-season-transfer\datasets\train_on_2025_all\images\GX010667_MP4-0014_jpg.rf.129ad06866cb9f50ac07122c202f1c22.jpg,GX010667_MP4-0014_jpg.rf.129ad06866cb9f50ac07122c202f1c22.jpg,85.4677560763889,46.43305396223627
C:\Users\carmonta\Desktop\data-centric-cross-season-transfer\datasets\train_on_2025_all\images\GX010667_MP4-0014_jpg.rf.524b32a6f2e88b9cbaa1fa4876c68c61.jpg,GX010667_MP4-0014_jpg.rf.524b32a6f2e88b9cbaa1fa4876c68c61.jpg,85.44723524305556,46.35193620751975
C:\Users\carmonta\Desktop\data-centric-cross-season-transfer\datasets\train_on_2025_all\images\GX010667_MP4-0014_jpg.rf.ad2b6fe3a168ad7aaaa8b1147101176f.jpg,GX010667_MP4-0014_jpg.rf.ad2b6fe3a168ad7aaaa8b1147101176f.jpg,85.45414930555556,46.38502987680565
C:\Users\carmonta\Desktop\data-centric-cross-season-transfer\datasets\train_on_2025_all\images\GX010667_MP4-0015_jpg.rf.3083a49874302846d461d771adbbb845.jpg,GX010667_MP4-0015_jpg.rf.3083a49874302846d461d771adbbb845.jpg,86.3565625,46.493411816624736
C:\Users\carmonta\Desktop\data-centric-cross-season-transfer\datasets\train_on_2025_all\images\GX010667_MP4-0015_jpg.rf.76aa846f5c971746045289eff211342a.jpg,GX010667_MP4-0015_jpg.rf.76aa846f5c971746045289eff211342a.jpg,86.31680121527778,46.38706151934741
C:\Users\carmonta\Desktop\data-centric-cross-season-transfer\datasets\train_on_2025_all\images\GX010667_MP4-0015_jpg.rf.d71883f372b1f3bd1cb0b798e9198321.jpg,GX010667_MP4-0015_jpg.rf.d71883f372b1f3bd1cb0b798e9198321.jpg,86.36076388888888,46.49958413911805
C:\Users\carmonta\Desktop\data-centric-cross-season-transfer\datasets\train_on_2025_all\images\GX010667_MP4-0017_jpg.rf.02ebd90617f9c5c2ad8c8ed0cc34534f.jpg,GX010667_MP4-0017_jpg.rf.02ebd90617f9c5c2ad8c8ed0cc34534f.jpg,86.85258246527778,46.51946333086067
C:\Users\carmonta\Desktop\data-centric-cross-season-transfer\datasets\train_on_2025_all\images\GX010667_MP4-0017_jpg.rf.6a80752b992961a7804c1320207edf80.jpg,GX010667_MP4-0017_jpg.rf.6a80752b992961a7804c1320207edf80.jpg,86.855390625,46.54671189757537
C:\Users\carmonta\Desktop\data-centric-cross-season-transfer\datasets\train_on_2025_all\images\GX010667_MP4-0018_jpg.rf.9ac0559f6e07f9a599fbb572e16cf1aa.jpg,GX010667_MP4-0018_jpg.rf.9ac0559f6e07f9a599fbb572e16cf1aa.jpg,87.97274305555555,46.23293636173701
C:\Users\carmonta\Desktop\data-centric-cross-season-transfer\datasets\train_on_2025_all\images\GX010667_MP4-0018_jpg.rf.e3a75c20a7b4a074084272a751b43dea.jpg,GX010667_MP4-0018_jpg.rf.e3a75c20a7b4a074084272a751b43dea.jpg,87.94596788194444,46.14107322863157
C:\Users\carmonta\Desktop\data-centric-cross-season-transfer\datasets\train_on_2025_all\images\GX010667_MP4-0019_jpg.rf.1274dbd03aff9f492ff0f8962920b567.jpg,GX010667_MP4-0019_jpg.rf.1274dbd03aff9f492ff0f8962920b567.jpg,87.63878038194444,44.87636364848586
C:\Users\carmonta\Desktop\data-centric-cross-season-transfer\datasets\train_on_2025_all\images\GX010667_MP4-0019_jpg.rf.afdd20519d3151812172c412e7565c5c.jpg,GX010667_MP4-0019_jpg.rf.afdd20519d3151812172c412e7565c5c.jpg,87.62396701388889,44.812079033652935
C:\Users\carmonta\Desktop\data-centric-cross-season-transfer\datasets\train_on_2025_all\images\GX010667_MP4-0019_jpg.rf.f615b8576124222ebc5efae82a86c284.jpg,GX010667_MP4-0019_jpg.rf.f615b8576124222ebc5efae82a86c284.jpg,87.65354166666667,44.912108723884714
C:\Users\carmonta\Desktop\data-centric-cross-season-transfer\datasets\train_on_2025_all\images\GX010667_MP4-0020_jpg.rf.11910a990f70f4083fc6e87bba0857d8.jpg,GX010667_MP4-0020_jpg.rf.11910a990f70f4083fc6e87bba0857d8.jpg,86.07010850694445,43.70458339774977
C:\Users\carmonta\Desktop\data-centric-cross-season-transfer\datasets\train_on_2025_all\images\GX010667_MP4-0020_jpg.rf.4b0363ce25ffc700725019bf383e4024.jpg,GX010667_MP4-0020_jpg.rf.4b0363ce25ffc700725019bf383e4024.jpg,86.07010850694445,43.70458339774977
C:\Users\carmonta\Desktop\data-centric-cross-season-transfer\datasets\train_on_2025_all\images\GX010667_MP4-0021_jpg.rf.31b1d574baee80ac4326147873925a8c.jpg,GX010667_MP4-0021_jpg.rf.31b1d574baee80ac4326147873925a8c.jpg,86.4205642361111,44.20401674293203
C:\Users\carmonta\Desktop\data-centric-cross-season-transfer\datasets\train_on_2025_all\images\GX010667_MP4-0021_jpg.rf.c25aeccd0fd354b5a14cef61f4cc6788.jpg,GX010667_MP4-0021_jpg.rf.c25aeccd0fd354b5a14cef61f4cc6788.jpg,86.44659288194444,44.27585318723422
C:\Users\carmonta\Desktop\data-centric-cross-season-transfer\datasets\train_on_2025_all\images\GX010667_MP4-0022_jpg.rf.3b7ef3e44e7233d1027df05efa2551ab.jpg,GX010667_MP4-0022_jpg.rf.3b7ef3e44e7233d1027df05efa2551ab.jpg,87.17569444444445,44.61259290489965
C:\Users\carmonta\Desktop\data-centric-cross-season-transfer\datasets\train_on_2025_all\images\GX010667_MP4-0023_jpg.rf.fbff6355a711d5072f375377d738bc2c.jpg,GX010667_MP4-0023_jpg.rf.fbff6355a711d5072f375377d738bc2c.jpg,91.17638020833333,42.658639191387685
C:\Users\carmonta\Desktop\data-centric-cross-season-transfer\datasets\train_on_2025_all\images\GX010667_MP4-0024_jpg.rf.7e55024bfd99399061f0d382c274e6d3.jpg,GX010667_MP4-0024_jpg.rf.7e55024bfd99399061f0d382c274e6d3.jpg,96.79265190972222,40.556176925397935
C:\Users\carmonta\Desktop\data-centric-cross-season-transfer\datasets\train_on_2025_all\images\GX010667_MP4-0024_jpg.rf.e0ede1d3eb6620de323f3ebfb1b47299.jpg,GX010667_MP4-0024_jpg.rf.e0ede1d3eb6620de323f3ebfb1b47299.jpg,96.81897569444445,40.70844559425965
C:\Users\carmonta\Desktop\data-centric-cross-season-transfer\datasets\train_on_2025_all\images\GX010667_MP4-0027_jpg.rf.03a51aeeb5e6b26644cd7c7bcf4be278.jpg,GX010667_MP4-0027_jpg.rf.03a51aeeb5e6b26644cd7c7bcf4be278.jpg,104.66318576388889,34.093905918120996
C:\Users\carmonta\Desktop\data-centric-cross-season-transfer\datasets\train_on_2025_all\images\GX010667_MP4-0027_jpg.rf.1d926a44d344816703e93255afc1f746.jpg,GX010667_MP4-0027_jpg.rf.1d926a44d344816703e93255afc1f746.jpg,104.63669270833333,33.958360237709414
C:\Users\carmonta\Desktop\data-centric-cross-season-transfer\datasets\train_on_2025_all\images\GX010667_MP4-0027_jpg.rf.a629e2c201978d3395415ff2cb12e711.jpg,GX010667_MP4-0027_jpg.rf.a629e2c201978d3395415ff2cb12e711.jpg,104.65121527777778,34.01857180555595
C:\Users\carmonta\Desktop\data-centric-cross-season-transfer\datasets\train_on_2025_all\images\GX010667_MP4-0028_jpg.rf.075573af8e33444021e6a85b1a534cbe.jpg,GX010667_MP4-0028_jpg.rf.075573af8e33444021e6a85b1a534cbe.jpg,103.74786458333334,35.36779427920417
C:\Users\carmonta\Desktop\data-centric-cross-season-transfer\datasets\train_on_2025_all\images\GX010667_MP4-0028_jpg.rf.1133f36e2c1504a72505b90029a1a80f.jpg,GX010667_MP4-0028_jpg.rf.1133f36e2c1504a72505b90029a1a80f.jpg,103.75848524305556,35.36247679730923
C:\Users\carmonta\Desktop\data-centric-cross-season-transfer\datasets\train_on_2025_all\images\GX010667_MP4-0028_jpg.rf.9426dd00f9116d7a0683fea76ddadc73.jpg,GX010667_MP4-0028_jpg.rf.9426dd00f9116d7a0683fea76ddadc73.jpg,103.749296875,35.30934185030144
C:\Users\carmonta\Desktop\data-centric-cross-season-transfer\datasets\train_on_2025_all\images\GX010667_MP4-0029_jpg.rf.27332be298417955f497aca231e2bfe8.jpg,GX010667_MP4-0029_jpg.rf.27332be298417955f497aca231e2bfe8.jpg,101.0373046875,36.21844318285171
C:\Users\carmonta\Desktop\data-centric-cross-season-transfer\datasets\train_on_2025_all\images\GX010667_MP4-0029_jpg.rf.51387df2dbc16688e5eb2869c7eb7fa7.jpg,GX010667_MP4-0029_jpg.rf.51387df2dbc16688e5eb2869c7eb7fa7.jpg,101.02508680555556,36.16992490833247
C:\Users\carmonta\Desktop\data-centric-cross-season-transfer\datasets\train_on_2025_all\images\GX010667_MP4-0030_jpg.rf.152b35276b58dd7da2e99548febcc64d.jpg,GX010667_MP4-0030_jpg.rf.152b35276b58dd7da2e99548febcc64d.jpg,95.277890625,39.29708648191623
C:\Users\carmonta\Desktop\data-centric-cross-season-transfer\datasets\train_on_2025_all\images\GX010667_MP4-0030_jpg.rf.6a8df5780107e92f73e6b86f7b4e22bc.jpg,GX010667_MP4-0030_jpg.rf.6a8df5780107e92f73e6b86f7b4e22bc.jpg,95.23706597222223,39.09721554364813
C:\Users\carmonta\Desktop\data-centric-cross-season-transfer\datasets\train_on_2025_all\images\GX010667_MP4-0030_jpg.rf.ace180d128b42f8d2a3a82cae718b306.jpg,GX010667_MP4-0030_jpg.rf.ace180d128b42f8d2a3a82cae718b306.jpg,95.2477560763889,39.15574639096485
C:\Users\carmonta\Desktop\data-centric-cross-season-transfer\datasets\train_on_2025_all\images\GX010667_MP4-0031_jpg.rf.1dfd53e7cd8f7a21f6f0aef52ede9984.jpg,GX010667_MP4-0031_jpg.rf.1dfd53e7cd8f7a21f6f0aef52ede9984.jpg,90.8725390625,42.754418420883965
C:\Users\carmonta\Desktop\data-centric-cross-season-transfer\datasets\train_on_2025_all\images\GX010667_MP4-0031_jpg.rf.40ff59eb6ca6bdd24c7ba0264e986b98.jpg,GX010667_MP4-0031_jpg.rf.40ff59eb6ca6bdd24c7ba0264e986b98.jpg,90.88490017361111,42.802268782944964
C:\Users\carmonta\Desktop\data-centric-cross-season-transfer\datasets\train_on_2025_all\images\GX010667_MP4-0031_jpg.rf.a3edae53f059c749f2df0de04173b5c4.jpg,GX010667_MP4-0031_jpg.rf.a3edae53f059c749f2df0de04173b5c4.jpg,90.8694140625,42.73866738096109
C:\Users\carmonta\Desktop\data-centric-cross-season-transfer\datasets\train_on_2025_all\images\GX010667_MP4-0032_jpg.rf.3ac8a6b5bc9387555567baec876234b6.jpg,GX010667_MP4-0032_jpg.rf.3ac8a6b5bc9387555567baec876234b6.jpg,92.83961371527778,44.21487062123074
C:\Users\carmonta\Desktop\data-centric-cross-season-transfer\datasets\train_on_2025_all\images\GX010667_MP4-0032_jpg.rf.c00156a52dfca8118a51fb7121511bdb.jpg,GX010667_MP4-0032_jpg.rf.c00156a52dfca8118a51fb7121511bdb.jpg,92.81973958333333,44.17456599093803
C:\Users\carmonta\Desktop\data-centric-cross-season-transfer\datasets\train_on_2025_all\images\GX010667_MP4-0033_jpg.rf.108aae399f3d12aa628c9e87b7ae2d64.jpg,GX010667_MP4-0033_jpg.rf.108aae399f3d12aa628c9e87b7ae2d64.jpg,96.70573784722222,42.59848462591518
C:\Users\carmonta\Desktop\data-centric-cross-season-transfer\datasets\train_on_2025_all\images\GX010667_MP4-0033_jpg.rf.4ff3b9f2e18e6e98dc5fcffbcda70eee.jpg,GX010667_MP4-0033_jpg.rf.4ff3b9f2e18e6e98dc5fcffbcda70eee.jpg,96.71993055555555,42.68210310762137
C:\Users\carmonta\Desktop\data-centric-cross-season-transfer\datasets\train_on_2025_all\images\GX010667_MP4-0033_jpg.rf.e837083c99c74841ff84af382f7f47bb.jpg,GX010667_MP4-0033_jpg.rf.e837083c99c74841ff84af382f7f47bb.jpg,96.72649305555555,42.66685814808864
C:\Users\carmonta\Desktop\data-centric-cross-season-transfer\datasets\train_on_2025_all\images\GX010667_MP4-0034_jpg.rf.d8f3ef76b755a0fd03d74bf21a56d18f.jpg,GX010667_MP4-0034_jpg.rf.d8f3ef76b755a0fd03d74bf21a56d18f.jpg,99.8812109375,39.33611725792803
C:\Users\carmonta\Desktop\data-centric-cross-season-transfer\datasets\train_on_2025_all\images\GX010667_MP4-0035_jpg.rf.b6c5b72b97e2ac9b6531d6d421fe6e70.jpg,GX010667_MP4-0035_jpg.rf.b6c5b72b97e2ac9b6531d6d421fe6e70.jpg,104.02316840277778,36.145447303838374
C:\Users\carmonta\Desktop\data-centric-cross-season-transfer\datasets\train_on_2025_all\images\GX010667_MP4-0035_jpg.rf.e931147b4dbf4c16e5d0171acc14e5a0.jpg,GX010667_MP4-0035_jpg.rf.e931147b4dbf4c16e5d0171acc14e5a0.jpg,104.02521701388889,36.163447526734465
C:\Users\carmonta\Desktop\data-centric-cross-season-transfer\datasets\train_on_2025_all\images\GX010667_MP4-0036_jpg.rf.235686e0b8a459224dbe50a5bfe2c1bd.jpg,GX010667_MP4-0036_jpg.rf.235686e0b8a459224dbe50a5bfe2c1bd.jpg,98.47857204861111,36.99323031926261
C:\Users\carmonta\Desktop\data-centric-cross-season-transfer\datasets\train_on_2025_all\images\GX010667_MP4-0036_jpg.rf.b8e2cef8bf5b40f5db538b540dc6b810.jpg,GX010667_MP4-0036_jpg.rf.b8e2cef8bf5b40f5db538b540dc6b810.jpg,98.45297743055555,36.89931628567371
C:\Users\carmonta\Desktop\data-centric-cross-season-transfer\datasets\train_on_2025_all\images\GX010667_MP4-0037_jpg.rf.5ed362c53f434220bbae869846478248.jpg,GX010667_MP4-0037_jpg.rf.5ed362c53f434220bbae869846478248.jpg,93.625625,36.14545388309477
C:\Users\carmonta\Desktop\data-centric-cross-season-transfer\datasets\train_on_2025_all\images\GX010667_MP4-0037_jpg.rf.8761695133d5c3146a86fc45bbe8a787.jpg,GX010667_MP4-0037_jpg.rf.8761695133d5c3146a86fc45bbe8a787.jpg,93.62891493055555,36.194391792930084
C:\Users\carmonta\Desktop\data-centric-cross-season-transfer\datasets\train_on_2025_all\images\GX010667_MP4-0037_jpg.rf.f4e733b64f963b806dca020f5ff20ffe.jpg,GX010667_MP4-0037_jpg.rf.f4e733b64f963b806dca020f5ff20ffe.jpg,93.6297265625,36.20202684115726
C:\Users\carmonta\Desktop\data-centric-cross-season-transfer\datasets\train_on_2025_all\images\GX010667_MP4-0040_jpg.rf.a96c0492d44d3d29bab4213056d28a7d.jpg,GX010667_MP4-0040_jpg.rf.a96c0492d44d3d29bab4213056d28a7d.jpg,101.31609375,34.27007582270557
C:\Users\carmonta\Desktop\data-centric-cross-season-transfer\datasets\train_on_2025_all\images\GX010667_MP4-0040_jpg.rf.b9876e9f120bb4d33e543dff3befe208.jpg,GX010667_MP4-0040_jpg.rf.b9876e9f120bb4d33e543dff3befe208.jpg,101.28375434027778,34.130755898914956
C:\Users\carmonta\Desktop\data-centric-cross-season-transfer\datasets\train_on_2025_all\images\GX010667_MP4-0040_jpg.rf.d820e8ced5250cf63e279b01e6d7eb46.jpg,GX010667_MP4-0040_jpg.rf.d820e8ced5250cf63e279b01e6d7eb46.jpg,101.27926649305556,34.09738568786014
C:\Users\carmonta\Desktop\data-centric-cross-season-transfer\datasets\train_on_2025_all\images\GX010667_MP4-0041_jpg.rf.3c1f7e5b4f131c2db3487f9ca330d699.jpg,GX010667_MP4-0041_jpg.rf.3c1f7e5b4f131c2db3487f9ca330d699.jpg,104.01997829861111,27.268384553913066
C:\Users\carmonta\Desktop\data-centric-cross-season-transfer\datasets\train_on_2025_all\images\GX010667_MP4-0041_jpg.rf.a4fcc56194f7c55f1dde94dad82cdda1.jpg,GX010667_MP4-0041_jpg.rf.a4fcc56194f7c55f1dde94dad82cdda1.jpg,104.00583333333333,27.16083096191401
C:\Users\carmonta\Desktop\data-centric-cross-season-transfer\datasets\train_on_2025_all\images\GX010667_MP4-0041_jpg.rf.ac2c58d68872ce3e5bfc1f32a29f0533.jpg,GX010667_MP4-0041_jpg.rf.ac2c58d68872ce3e5bfc1f32a29f0533.jpg,104.03376302083333,27.388903302631963
C:\Users\carmonta\Desktop\data-centric-cross-season-transfer\datasets\train_on_2025_all\images\GX010667_MP4-0042_jpg.rf.62f8ff50bb0246d74aec7429788eee79.jpg,GX010667_MP4-0042_jpg.rf.62f8ff50bb0246d74aec7429788eee79.jpg,107.54934895833334,22.94098888300832
C:\Users\carmonta\Desktop\data-centric-cross-season-transfer\datasets\train_on_2025_all\images\GX010667_MP4-0042_jpg.rf.67d0b052b5f5941ccaaf31ec863ed0c5.jpg,GX010667_MP4-0042_jpg.rf.67d0b052b5f5941ccaaf31ec863ed0c5.jpg,107.5497873263889,22.91328316779781
C:\Users\carmonta\Desktop\data-centric-cross-season-transfer\datasets\train_on_2025_all\images\GX010667_MP4-0043_jpg.rf.2b629a651c77459c4793ec386bdee9e8.jpg,GX010667_MP4-0043_jpg.rf.2b629a651c77459c4793ec386bdee9e8.jpg,104.86728732638889,23.194982792750356
C:\Users\carmonta\Desktop\data-centric-cross-season-transfer\datasets\train_on_2025_all\images\GX010667_MP4-0043_jpg.rf.4c51e3f8d19f65f0b9d0e0391716e52e.jpg,GX010667_MP4-0043_jpg.rf.4c51e3f8d19f65f0b9d0e0391716e52e.jpg,104.89144097222223,23.43428336460255
C:\Users\carmonta\Desktop\data-centric-cross-season-transfer\datasets\train_on_2025_all\images\GX010667_MP4-0043_jpg.rf.a9851615b8188821fad580948a8b72ce.jpg,GX010667_MP4-0043_jpg.rf.a9851615b8188821fad580948a8b72ce.jpg,104.87036024305556,23.221059384002352
C:\Users\carmonta\Desktop\data-centric-cross-season-transfer\datasets\train_on_2025_all\images\GX010667_MP4-0044_jpg.rf.05780a88b3d0708ff9429804fa7ac7c5.jpg,GX010667_MP4-0044_jpg.rf.05780a88b3d0708ff9429804fa7ac7c5.jpg,103.09436197916666,27.231322877217636
C:\Users\carmonta\Desktop\data-centric-cross-season-transfer\datasets\train_on_2025_all\images\GX010667_MP4-0044_jpg.rf.2232efe2174e7781f06f88975723f7d5.jpg,GX010667_MP4-0044_jpg.rf.2232efe2174e7781f06f88975723f7d5.jpg,103.0797092013889,27.083027012732174
C:\Users\carmonta\Desktop\data-centric-cross-season-transfer\datasets\train_on_2025_all\images\GX010667_MP4-0044_jpg.rf.e8b24d5738acbc69d3a07ce60690b818.jpg,GX010667_MP4-0044_jpg.rf.e8b24d5738acbc69d3a07ce60690b818.jpg,103.10638020833333,27.283128484797004
C:\Users\carmonta\Desktop\data-centric-cross-season-transfer\datasets\train_on_2025_all\images\GX010667_MP4-0045_jpg.rf.73d391376024507fe3f6244012e65cc6.jpg,GX010667_MP4-0045_jpg.rf.73d391376024507fe3f6244012e65cc6.jpg,102.45232638888889,23.7860527119506
C:\Users\carmonta\Desktop\data-centric-cross-season-transfer\datasets\train_on_2025_all\images\GX010667_MP4-0045_jpg.rf.80ad063bb594d34391755925f0515207.jpg,GX010667_MP4-0045_jpg.rf.80ad063bb594d34391755925f0515207.jpg,102.43601128472223,23.69444110176209
C:\Users\carmonta\Desktop\data-centric-cross-season-transfer\datasets\train_on_2025_all\images\GX010667_MP4-0045_jpg.rf.9b9de2dc18b4e46652f6881545ee8a7d.jpg,GX010667_MP4-0045_jpg.rf.9b9de2dc18b4e46652f6881545ee8a7d.jpg,102.43383246527777,23.64223552621015
C:\Users\carmonta\Desktop\data-centric-cross-season-transfer\datasets\train_on_2025_all\images\GX010668_MP4-0008_jpg.rf.031780dc8f563958c9457b67c3820d51.jpg,GX010668_MP4-0008_jpg.rf.031780dc8f563958c9457b67c3820d51.jpg,103.26434461805556,42.4792195464685
C:\Users\carmonta\Desktop\data-centric-cross-season-transfer\datasets\train_on_2025_all\images\GX010668_MP4-0008_jpg.rf.a6a489c56ce85cfa0bbfadc8aacaf631.jpg,GX010668_MP4-0008_jpg.rf.a6a489c56ce85cfa0bbfadc8aacaf631.jpg,103.28076822916667,42.54181513114926
C:\Users\carmonta\Desktop\data-centric-cross-season-transfer\datasets\train_on_2025_all\images\GX010668_MP4-0008_jpg.rf.bfe335ef5e8e8ab498cacce29a552436.jpg,GX010668_MP4-0008_jpg.rf.bfe335ef5e8e8ab498cacce29a552436.jpg,103.28364583333334,42.62003459478509
C:\Users\carmonta\Desktop\data-centric-cross-season-transfer\datasets\train_on_2025_all\images\GX010668_MP4-0010_jpg.rf.cd0d6360663ee505ad23b6789e941256.jpg,GX010668_MP4-0010_jpg.rf.cd0d6360663ee505ad23b6789e941256.jpg,98.81223524305555,42.42371053727168
C:\Users\carmonta\Desktop\data-centric-cross-season-transfer\datasets\train_on_2025_all\images\GX010668_MP4-0011_jpg.rf.2fd7d2c9a943391c92fd291dd546bc9e.jpg,GX010668_MP4-0011_jpg.rf.2fd7d2c9a943391c92fd291dd546bc9e.jpg,95.43725694444444,44.44512822215703
C:\Users\carmonta\Desktop\data-centric-cross-season-transfer\datasets\train_on_2025_all\images\GX010668_MP4-0011_jpg.rf.4b70994872514a31e1a39521bca354c0.jpg,GX010668_MP4-0011_jpg.rf.4b70994872514a31e1a39521bca354c0.jpg,95.46089409722222,44.52872003806496
C:\Users\carmonta\Desktop\data-centric-cross-season-transfer\datasets\train_on_2025_all\images\GX010668_MP4-0011_jpg.rf.5232a7649214c73841239d6d5dbb4c63.jpg,GX010668_MP4-0011_jpg.rf.5232a7649214c73841239d6d5dbb4c63.jpg,95.41804253472222,44.384955084296266
C:\Users\carmonta\Desktop\data-centric-cross-season-transfer\datasets\train_on_2025_all\images\GX010668_MP4-0019_jpg.rf.0700c79cf4896ce6b4639051d82f027b.jpg,GX010668_MP4-0019_jpg.rf.0700c79cf4896ce6b4639051d82f027b.jpg,80.1574826388889,49.591611086862976
C:\Users\carmonta\Desktop\data-centric-cross-season-transfer\datasets\train_on_2025_all\images\GX010668_MP4-0019_jpg.rf.36c2484d8449fbb4cb3ab857776551fd.jpg,GX010668_MP4-0019_jpg.rf.36c2484d8449fbb4cb3ab857776551fd.jpg,80.10069010416667,49.45549886088817
C:\Users\carmonta\Desktop\data-centric-cross-season-transfer\datasets\train_on_2025_all\images\GX010668_MP4-0019_jpg.rf.6ac15043b5f259806c873c5e8ac695d4.jpg,GX010668_MP4-0019_jpg.rf.6ac15043b5f259806c873c5e8ac695d4.jpg,80.10069010416667,49.45549886088817
C:\Users\carmonta\Desktop\data-centric-cross-season-transfer\datasets\train_on_2025_all\images\GX010668_MP4-0020_jpg.rf.25733a8da806e157af0a70fcfd1964eb.jpg,GX010668_MP4-0020_jpg.rf.25733a8da806e157af0a70fcfd1964eb.jpg,89.87135850694445,46.54212483896698
C:\Users\carmonta\Desktop\data-centric-cross-season-transfer\datasets\train_on_2025_all\images\GX010668_MP4-0020_jpg.rf.79c8d2c2a582eeadaedef7dce09798bc.jpg,GX010668_MP4-0020_jpg.rf.79c8d2c2a582eeadaedef7dce09798bc.jpg,89.87152777777777,46.544934476736266
C:\Users\carmonta\Desktop\data-centric-cross-season-transfer\datasets\train_on_2025_all\images\GX010668_MP4-0021_jpg.rf.65bc495b504ae78fe0ba5e07eaeb98e1.jpg,GX010668_MP4-0021_jpg.rf.65bc495b504ae78fe0ba5e07eaeb98e1.jpg,96.323203125,42.42004981781074
C:\Users\carmonta\Desktop\data-centric-cross-season-transfer\datasets\train_on_2025_all\images\GX010668_MP4-0021_jpg.rf.b44db91c55365af02b9dd76c1ff7e3d1.jpg,GX010668_MP4-0021_jpg.rf.b44db91c55365af02b9dd76c1ff7e3d1.jpg,96.28573350694444,42.27961385651558
C:\Users\carmonta\Desktop\data-centric-cross-season-transfer\datasets\train_on_2025_all\images\GX010668_MP4-0021_jpg.rf.b981eca4b0edec4e1c2bc4db0437d2ae.jpg,GX010668_MP4-0021_jpg.rf.b981eca4b0edec4e1c2bc4db0437d2ae.jpg,96.31976128472222,42.42020763435306
C:\Users\carmonta\Desktop\data-centric-cross-season-transfer\datasets\train_on_2025_all\images\GX010668_MP4-0022_jpg.rf.dced07a205ff70daf296671aea5d5742.jpg,GX010668_MP4-0022_jpg.rf.dced07a205ff70daf296671aea5d5742.jpg,99.11643663194444,37.863064065948635
C:\Users\carmonta\Desktop\data-centric-cross-season-transfer\datasets\train_on_2025_all\images\GX010668_MP4-0022_jpg.rf.f0c4104b9cde5591ac2e1fec571ff046.jpg,GX010668_MP4-0022_jpg.rf.f0c4104b9cde5591ac2e1fec571ff046.jpg,99.13174479166666,37.92829898368736
C:\Users\carmonta\Desktop\data-centric-cross-season-transfer\datasets\train_on_2025_all\images\GX010668_MP4-0026_jpg.rf.0272e54256752302a70b4b2a83327529.jpg,GX010668_MP4-0026_jpg.rf.0272e54256752302a70b4b2a83327529.jpg,100.49272569444445,42.277192607750244
C:\Users\carmonta\Desktop\data-centric-cross-season-transfer\datasets\train_on_2025_all\images\GX010668_MP4-0026_jpg.rf.44344fe2f8b0a1db59a010e73f044e10.jpg,GX010668_MP4-0026_jpg.rf.44344fe2f8b0a1db59a010e73f044e10.jpg,100.52277777777778,42.37965572087698
C:\Users\carmonta\Desktop\data-centric-cross-season-transfer\datasets\train_on_2025_all\images\GX010668_MP4-0026_jpg.rf.995730358b9576ab45d9b1b3a2d34685.jpg,GX010668_MP4-0026_jpg.rf.995730358b9576ab45d9b1b3a2d34685.jpg,100.484921875,42.24048902741476
C:\Users\carmonta\Desktop\data-centric-cross-season-transfer\datasets\train_on_2025_all\images\GX010668_MP4-0027_jpg.rf.96ab80e7cdfd27db21cc70924d7ebe22.jpg,GX010668_MP4-0027_jpg.rf.96ab80e7cdfd27db21cc70924d7ebe22.jpg,99.1884375,42.1845715443222
C:\Users\carmonta\Desktop\data-centric-cross-season-transfer\datasets\train_on_2025_all\images\GX010668_MP4-0027_jpg.rf.dfba450f0a49c9e7d7acfc70a6b249c8.jpg,GX010668_MP4-0027_jpg.rf.dfba450f0a49c9e7d7acfc70a6b249c8.jpg,99.16280381944445,42.110339273577694
C:\Users\carmonta\Desktop\data-centric-cross-season-transfer\datasets\train_on_2025_all\images\GX010668_MP4-0028_jpg.rf.20ecb8ddd11bc97ee4e01d5a6789bfa8.jpg,GX010668_MP4-0028_jpg.rf.20ecb8ddd11bc97ee4e01d5a6789bfa8.jpg,98.82614583333333,36.07684868222062
C:\Users\carmonta\Desktop\data-centric-cross-season-transfer\datasets\train_on_2025_all\images\GX010668_MP4-0028_jpg.rf.c6fefb06583fb140fcf1f9c43206c21a.jpg,GX010668_MP4-0028_jpg.rf.c6fefb06583fb140fcf1f9c43206c21a.jpg,98.81733940972222,36.01188447550079
C:\Users\carmonta\Desktop\data-centric-cross-season-transfer\datasets\train_on_2025_all\images\GX010668_MP4-0029_jpg.rf.3396c045a0d00460f4711530d9f4b00e.jpg,GX010668_MP4-0029_jpg.rf.3396c045a0d00460f4711530d9f4b00e.jpg,106.81098090277777,29.63887715724056
C:\Users\carmonta\Desktop\data-centric-cross-season-transfer\datasets\train_on_2025_all\images\GX010668_MP4-0029_jpg.rf.a7f955d3a8af8ecd50b5eb56c8a2221e.jpg,GX010668_MP4-0029_jpg.rf.a7f955d3a8af8ecd50b5eb56c8a2221e.jpg,106.82356770833333,29.788057329971682
C:\Users\carmonta\Desktop\data-centric-cross-season-transfer\datasets\train_on_2025_all\images\GX010668_MP4-0030_jpg.rf.bad1db2406b6ef7e205b3d6756da432d.jpg,GX010668_MP4-0030_jpg.rf.bad1db2406b6ef7e205b3d6756da432d.jpg,104.95685763888889,36.22789107665084
C:\Users\carmonta\Desktop\data-centric-cross-season-transfer\datasets\train_on_2025_all\images\GX010668_MP4-0031_jpg.rf.48707dd97b07f90ffc4182e9465f88cd.jpg,GX010668_MP4-0031_jpg.rf.48707dd97b07f90ffc4182e9465f88cd.jpg,105.59588107638889,36.05600785794961
C:\Users\carmonta\Desktop\data-centric-cross-season-transfer\datasets\train_on_2025_all\images\GX010668_MP4-0031_jpg.rf.8cb6d88e16db7eb68ae56c309976a2fd.jpg,GX010668_MP4-0031_jpg.rf.8cb6d88e16db7eb68ae56c309976a2fd.jpg,105.5971484375,36.07134107917996
C:\Users\carmonta\Desktop\data-centric-cross-season-transfer\datasets\train_on_2025_all\images\GX010668_MP4-0031_jpg.rf.fefd527de37bfce52ee3d0a27dfa4934.jpg,GX010668_MP4-0031_jpg.rf.fefd527de37bfce52ee3d0a27dfa4934.jpg,105.57680989583334,35.93836379971984
C:\Users\carmonta\Desktop\data-centric-cross-season-transfer\datasets\train_on_2025_all\images\GX010668_MP4-0032_jpg.rf.49df7a85e93b6486a75f9b82383c7df5.jpg,GX010668_MP4-0032_jpg.rf.49df7a85e93b6486a75f9b82383c7df5.jpg,93.95780381944445,45.86042446360856
C:\Users\carmonta\Desktop\data-centric-cross-season-transfer\datasets\train_on_2025_all\images\GX010668_MP4-0032_jpg.rf.75559e89908fca7f6ff18746f2bfd3e6.jpg,GX010668_MP4-0032_jpg.rf.75559e89908fca7f6ff18746f2bfd3e6.jpg,93.97738715277778,45.88851120794139
C:\Users\carmonta\Desktop\data-centric-cross-season-transfer\datasets\train_on_2025_all\images\GX010668_MP4-0032_jpg.rf.e8fc2dd98912913a94c25f1c5c89102d.jpg,GX010668_MP4-0032_jpg.rf.e8fc2dd98912913a94c25f1c5c89102d.jpg,93.93550347222222,45.749590521732955
C:\Users\carmonta\Desktop\data-centric-cross-season-transfer\datasets\train_on_2025_all\images\GX010668_MP4-0033_jpg.rf.a96287a54e72a0a1ea51bac584d7e311.jpg,GX010668_MP4-0033_jpg.rf.a96287a54e72a0a1ea51bac584d7e311.jpg,94.42538194444444,44.05117019263199
C:\Users\carmonta\Desktop\data-centric-cross-season-transfer\datasets\train_on_2025_all\images\GX010668_MP4-0033_jpg.rf.e4636c435725b756e962969e78db31dc.jpg,GX010668_MP4-0033_jpg.rf.e4636c435725b756e962969e78db31dc.jpg,94.41734809027778,44.032572680417665
C:\Users\carmonta\Desktop\data-centric-cross-season-transfer\datasets\train_on_2025_all\images\GX010668_MP4-0034_jpg.rf.4523f062f39efe0169376919769c804d.jpg,GX010668_MP4-0034_jpg.rf.4523f062f39efe0169376919769c804d.jpg,93.88236979166666,44.26906565030207
C:\Users\carmonta\Desktop\data-centric-cross-season-transfer\datasets\train_on_2025_all\images\GX010668_MP4-0034_jpg.rf.75ee23a2da0110c1dc52b5ad6e5ed0e9.jpg,GX010668_MP4-0034_jpg.rf.75ee23a2da0110c1dc52b5ad6e5ed0e9.jpg,93.89534288194444,44.32212045910943
C:\Users\carmonta\Desktop\data-centric-cross-season-transfer\datasets\train_on_2025_all\images\GX010668_MP4-0035_jpg.rf.3f0c2e1b5ff20fae277c1d112cda3252.jpg,GX010668_MP4-0035_jpg.rf.3f0c2e1b5ff20fae277c1d112cda3252.jpg,87.83822916666666,45.59589903727009
C:\Users\carmonta\Desktop\data-centric-cross-season-transfer\datasets\train_on_2025_all\images\GX010668_MP4-0035_jpg.rf.5b5a3a57ceedf5caede684bd62ff2ed9.jpg,GX010668_MP4-0035_jpg.rf.5b5a3a57ceedf5caede684bd62ff2ed9.jpg,87.86909288194444,45.66304876134103
C:\Users\carmonta\Desktop\data-centric-cross-season-transfer\datasets\train_on_2025_all\images\GX010668_MP4-0035_jpg.rf.fc7b066af1640282d5617a2eb5ba582a.jpg,GX010668_MP4-0035_jpg.rf.fc7b066af1640282d5617a2eb5ba582a.jpg,87.87532986111111,45.715605951308994
C:\Users\carmonta\Desktop\data-centric-cross-season-transfer\datasets\train_on_2025_all\images\GX010668_MP4-0036_jpg.rf.112d4ad82a4f29f5f41471b4d291522c.jpg,GX010668_MP4-0036_jpg.rf.112d4ad82a4f29f5f41471b4d291522c.jpg,79.79008246527778,48.70182004580988
C:\Users\carmonta\Desktop\data-centric-cross-season-transfer\datasets\train_on_2025_all\images\GX010668_MP4-0036_jpg.rf.9a501206f9c6669a56fc50da46f7dd20.jpg,GX010668_MP4-0036_jpg.rf.9a501206f9c6669a56fc50da46f7dd20.jpg,79.75221788194445,48.60530723437885
C:\Users\carmonta\Desktop\data-centric-cross-season-transfer\datasets\train_on_2025_all\images\GX010668_MP4-0039_jpg.rf.060990918c2661e7cb1f6f10728cf61d.jpg,GX010668_MP4-0039_jpg.rf.060990918c2661e7cb1f6f10728cf61d.jpg,81.67301215277777,49.332809655052664
C:\Users\carmonta\Desktop\data-centric-cross-season-transfer\datasets\train_on_2025_all\images\GX010668_MP4-0039_jpg.rf.28e79bcb92b7ce8df51ff9d6d695a21c.jpg,GX010668_MP4-0039_jpg.rf.28e79bcb92b7ce8df51ff9d6d695a21c.jpg,81.63303385416667,49.218250499199776
C:\Users\carmonta\Desktop\data-centric-cross-season-transfer\datasets\train_on_2025_all\images\GX010668_MP4-0039_jpg.rf.9854f682c056e2bdeb7beacbc3098895.jpg,GX010668_MP4-0039_jpg.rf.9854f682c056e2bdeb7beacbc3098895.jpg,81.63303385416667,49.218250499199776
C:\Users\carmonta\Desktop\data-centric-cross-season-transfer\datasets\train_on_2025_all\images\GX010668_MP4-0040_jpg.rf.4022e52e2a91615ed75d3d2ac1ac61c8.jpg,GX010668_MP4-0040_jpg.rf.4022e52e2a91615ed75d3d2ac1ac61c8.jpg,82.38034288194444,49.52514263840796
C:\Users\carmonta\Desktop\data-centric-cross-season-transfer\datasets\train_on_2025_all\images\GX010668_MP4-0040_jpg.rf.432371492a25bc43b9f647d664618f24.jpg,GX010668_MP4-0040_jpg.rf.432371492a25bc43b9f647d664618f24.jpg,82.38215277777778,49.49353502834142
C:\Users\carmonta\Desktop\data-centric-cross-season-transfer\datasets\train_on_2025_all\images\GX010668_MP4-0040_jpg.rf.9915599d592171ae52130f2ff6184272.jpg,GX010668_MP4-0040_jpg.rf.9915599d592171ae52130f2ff6184272.jpg,82.33628038194445,49.40001600509185
C:\Users\carmonta\Desktop\data-centric-cross-season-transfer\datasets\train_on_2025_all\images\GX010668_MP4-0041_jpg.rf.0eabd2885454da759586a753eef31a8c.jpg,GX010668_MP4-0041_jpg.rf.0eabd2885454da759586a753eef31a8c.jpg,82.64500868055555,50.757513865456495
C:\Users\carmonta\Desktop\data-centric-cross-season-transfer\datasets\train_on_2025_all\images\GX010668_MP4-0041_jpg.rf.18ae3e7a3cca0b161d5c6de6ba2905d4.jpg,GX010668_MP4-0041_jpg.rf.18ae3e7a3cca0b161d5c6de6ba2905d4.jpg,82.61757378472223,50.6893734687572
C:\Users\carmonta\Desktop\data-centric-cross-season-transfer\datasets\train_on_2025_all\images\GX010668_MP4-0042_jpg.rf.40a022ba685d07276ed83b44b71f08d4.jpg,GX010668_MP4-0042_jpg.rf.40a022ba685d07276ed83b44b71f08d4.jpg,82.02268663194444,52.33126366068065
C:\Users\carmonta\Desktop\data-centric-cross-season-transfer\datasets\train_on_2025_all\images\GX010668_MP4-0042_jpg.rf.7a8ec4846b09c60b68735ac6f88a9f73.jpg,GX010668_MP4-0042_jpg.rf.7a8ec4846b09c60b68735ac6f88a9f73.jpg,82.01344184027778,52.329321492766546
C:\Users\carmonta\Desktop\data-centric-cross-season-transfer\datasets\train_on_2025_all\images\GX010668_MP4-0043_jpg.rf.305437c2c5f0f0c4d4fe71226ad334b7.jpg,GX010668_MP4-0043_jpg.rf.305437c2c5f0f0c4d4fe71226ad334b7.jpg,80.98819010416666,53.013062334306646
C:\Users\carmonta\Desktop\data-centric-cross-season-transfer\datasets\train_on_2025_all\images\GX010668_MP4-0043_jpg.rf.7d2fa3c8f1164c0b4f505eb6b0c582a5.jpg,GX010668_MP4-0043_jpg.rf.7d2fa3c8f1164c0b4f505eb6b0c582a5.jpg,81.03909722222222,53.1272038681847
C:\Users\carmonta\Desktop\data-centric-cross-season-transfer\datasets\train_on_2025_all\images\GX010668_MP4-0043_jpg.rf.d178254d866b15b57244625b8f24a5ab.jpg,GX010668_MP4-0043_jpg.rf.d178254d866b15b57244625b8f24a5ab.jpg,81.01149739583333,53.07021654659932
C:\Users\carmonta\Desktop\data-centric-cross-season-transfer\datasets\train_on_2025_all\images\GX010668_MP4-0044_jpg.rf.c785095c25da94657ed954d7f2efea35.jpg,GX010668_MP4-0044_jpg.rf.c785095c25da94657ed954d7f2efea35.jpg,78.14295572916667,52.786499453903915
C:\Users\carmonta\Desktop\data-centric-cross-season-transfer\datasets\train_on_2025_all\images\GX010668_MP4-0044_jpg.rf.d861e37d767ab8c44714b949e7516e04.jpg,GX010668_MP4-0044_jpg.rf.d861e37d767ab8c44714b949e7516e04.jpg,78.11328125,52.723437779764815
C:\Users\carmonta\Desktop\data-centric-cross-season-transfer\datasets\train_on_2025_all\images\GX010668_MP4-0046_jpg.rf.1939afb18cb10e4b03639fc9e5231618.jpg,GX010668_MP4-0046_jpg.rf.1939afb18cb10e4b03639fc9e5231618.jpg,81.70159722222222,53.386042891132895
C:\Users\carmonta\Desktop\data-centric-cross-season-transfer\datasets\train_on_2025_all\images\GX010668_MP4-0046_jpg.rf.33b78a8a1afa9ed88fb72f538ff2138c.jpg,GX010668_MP4-0046_jpg.rf.33b78a8a1afa9ed88fb72f538ff2138c.jpg,81.73333767361112,53.446423293847026
C:\Users\carmonta\Desktop\data-centric-cross-season-transfer\datasets\train_on_2025_all\images\GX010668_MP4-0047_jpg.rf.3c17390151407113b67e4e264c60fe47.jpg,GX010668_MP4-0047_jpg.rf.3c17390151407113b67e4e264c60fe47.jpg,93.717578125,48.040673360313136
C:\Users\carmonta\Desktop\data-centric-cross-season-transfer\datasets\train_on_2025_all\images\GX010668_MP4-0047_jpg.rf.61304002739cb49b6585ab38307ce8d1.jpg,GX010668_MP4-0047_jpg.rf.61304002739cb49b6585ab38307ce8d1.jpg,93.76178819444445,48.16031478371222
C:\Users\carmonta\Desktop\data-centric-cross-season-transfer\datasets\train_on_2025_all\images\GX010668_MP4-0047_jpg.rf.7db8667733213d10e3306d6c7be75e26.jpg,GX010668_MP4-0047_jpg.rf.7db8667733213d10e3306d6c7be75e26.jpg,93.74256510416667,48.15338988388179
C:\Users\carmonta\Desktop\data-centric-cross-season-transfer\datasets\train_on_2025_all\images\GX010668_MP4-0048_jpg.rf.01e03de86c52add316aac39fd3d8c641.jpg,GX010668_MP4-0048_jpg.rf.01e03de86c52add316aac39fd3d8c641.jpg,100.52036458333333,42.44901110293477
C:\Users\carmonta\Desktop\data-centric-cross-season-transfer\datasets\train_on_2025_all\images\GX010668_MP4-0048_jpg.rf.809bba437ca3556388135b67ddb0aec1.jpg,GX010668_MP4-0048_jpg.rf.809bba437ca3556388135b67ddb0aec1.jpg,100.5205251736111,42.435913637121665
C:\Users\carmonta\Desktop\data-centric-cross-season-transfer\datasets\train_on_2025_all\images\GX010668_MP4-0049_jpg.rf.494b1c44f431ac05440950b5565d1a8e.jpg,GX010668_MP4-0049_jpg.rf.494b1c44f431ac05440950b5565d1a8e.jpg,101.9537673611111,41.173562783239
C:\Users\carmonta\Desktop\data-centric-cross-season-transfer\datasets\train_on_2025_all\images\GX010668_MP4-0049_jpg.rf.6742a254b9d834abab20bebf3f627006.jpg,GX010668_MP4-0049_jpg.rf.6742a254b9d834abab20bebf3f627006.jpg,101.95622829861111,41.17292597290241
C:\Users\carmonta\Desktop\data-centric-cross-season-transfer\datasets\train_on_2025_all\images\GX010668_MP4-0049_jpg.rf.e4abe9c494ecd1602860c1239da65924.jpg,GX010668_MP4-0049_jpg.rf.e4abe9c494ecd1602860c1239da65924.jpg,101.92783420138889,41.03608131935723
C:\Users\carmonta\Desktop\data-centric-cross-season-transfer\datasets\train_on_2025_all\images\GX010668_MP4-0050_jpg.rf.201c8ef29961f165c6c1ebc6149df469.jpg,GX010668_MP4-0050_jpg.rf.201c8ef29961f165c6c1ebc6149df469.jpg,101.11762152777777,41.433168265742296
C:\Users\carmonta\Desktop\data-centric-cross-season-transfer\datasets\train_on_2025_all\images\GX010668_MP4-0050_jpg.rf.9e52cc13b797640ad19763b755d82c5b.jpg,GX010668_MP4-0050_jpg.rf.9e52cc13b797640ad19763b755d82c5b.jpg,101.13163628472222,41.519912318514784
C:\Users\carmonta\Desktop\data-centric-cross-season-transfer\datasets\train_on_2025_all\images\GX010668_MP4-0050_jpg.rf.d0ed6442072ffb2f0ea642fd4efb62b0.jpg,GX010668_MP4-0050_jpg.rf.d0ed6442072ffb2f0ea642fd4efb62b0.jpg,101.10460503472223,41.379223617613135
C:\Users\carmonta\Desktop\data-centric-cross-season-transfer\datasets\train_on_2025_all\images\GX010668_MP4-0052_jpg.rf.181179940c92aa57efc53e3de59d1b0e.jpg,GX010668_MP4-0052_jpg.rf.181179940c92aa57efc53e3de59d1b0e.jpg,96.96988715277777,42.0207012824868
C:\Users\carmonta\Desktop\data-centric-cross-season-transfer\datasets\train_on_2025_all\images\GX010668_MP4-0052_jpg.rf.f79cce009715e294f3a624a19d3ff4b3.jpg,GX010668_MP4-0052_jpg.rf.f79cce009715e294f3a624a19d3ff4b3.jpg,96.94376302083333,41.946766566959695
C:\Users\carmonta\Desktop\data-centric-cross-season-transfer\datasets\train_on_2025_all\images\GX010668_MP4-0055_jpg.rf.214f488e484f8f9870a00c7f3db42ec1.jpg,GX010668_MP4-0055_jpg.rf.214f488e484f8f9870a00c7f3db42ec1.jpg,94.28177951388889,41.3627438791037
C:\Users\carmonta\Desktop\data-centric-cross-season-transfer\datasets\train_on_2025_all\images\GX010668_MP4-0055_jpg.rf.61cf2b75fd7fc0e3ac04d173ee79fab5.jpg,GX010668_MP4-0055_jpg.rf.61cf2b75fd7fc0e3ac04d173ee79fab5.jpg,94.27606770833333,41.31386934806887
C:\Users\carmonta\Desktop\data-centric-cross-season-transfer\datasets\train_on_2025_all\val\images\frame_00002_jpg.rf.fd5adec830b07b6a8b0b78ef9b254547.jpg,frame_00002_jpg.rf.fd5adec830b07b6a8b0b78ef9b254547.jpg,55.461506076388886,57.95704874405375
C:\Users\carmonta\Desktop\data-centric-cross-season-transfer\datasets\train_on_2025_all\val\images\frame_00003_jpg.rf.66e740d20d8ea52a0226c18aa5b1ee34.jpg,frame_00003_jpg.rf.66e740d20d8ea52a0226c18aa5b1ee34.jpg,113.50299913194445,70.43078377744499
C:\Users\carmonta\Desktop\data-centric-cross-season-transfer\datasets\train_on_2025_all\val\images\frame_00004_jpg.rf.88a65a3b251ebff973f73b2782f22d3b.jpg,frame_00004_jpg.rf.88a65a3b251ebff973f73b2782f22d3b.jpg,69.30238715277778,55.76515437276372
C:\Users\carmonta\Desktop\data-centric-cross-season-transfer\datasets\train_on_2025_all\val\images\frame_00005_jpg.rf.3ef123aca7cf5c9a2ed5ef4c0a45a982.jpg,frame_00005_jpg.rf.3ef123aca7cf5c9a2ed5ef4c0a45a982.jpg,71.0852951388889,63.90909470644702
C:\Users\carmonta\Desktop\data-centric-cross-season-transfer\datasets\train_on_2025_all\val\images\frame_00005_jpg.rf.dd83f8bc596c4dcaa4c54c5201503cff.jpg,frame_00005_jpg.rf.dd83f8bc596c4dcaa4c54c5201503cff.jpg,74.22997829861112,55.00979352278708
C:\Users\carmonta\Desktop\data-centric-cross-season-transfer\datasets\train_on_2025_all\val\images\frame_00005_jpg.rf.ee1ff3c5d2ae3129279fa10a4c898842.jpg,frame_00005_jpg.rf.ee1ff3c5d2ae3129279fa10a4c898842.jpg,76.70266059027777,60.321635792287424
C:\Users\carmonta\Desktop\data-centric-cross-season-transfer\datasets\train_on_2025_all\val\images\frame_00006_jpg.rf.d244c72491d07ff3caa751f7461f6e6f.jpg,frame_00006_jpg.rf.d244c72491d07ff3caa751f7461f6e6f.jpg,103.72362847222222,51.33835260932848
C:\Users\carmonta\Desktop\data-centric-cross-season-transfer\datasets\train_on_2025_all\val\images\frame_00007_jpg.rf.98b43a30c9d05e540703295926d96fa2.jpg,frame_00007_jpg.rf.98b43a30c9d05e540703295926d96fa2.jpg,115.40338541666667,57.42714562392228
C:\Users\carmonta\Desktop\data-centric-cross-season-transfer\datasets\train_on_2025_all\val\images\frame_00008_jpg.rf.4c3ab5c00a674adb53d6140f4297a92c.jpg,frame_00008_jpg.rf.4c3ab5c00a674adb53d6140f4297a92c.jpg,111.10673177083333,53.15703651514211
C:\Users\carmonta\Desktop\data-centric-cross-season-transfer\datasets\train_on_2025_all\val\images\frame_00008_jpg.rf.5f90c9a5afd1dff132a19b285e79aaaf.jpg,frame_00008_jpg.rf.5f90c9a5afd1dff132a19b285e79aaaf.jpg,121.96671006944445,60.201917790627014
C:\Users\carmonta\Desktop\data-centric-cross-season-transfer\datasets\train_on_2025_all\val\images\frame_00008_jpg.rf.9b74e7cb73a2179046892b2275e6616d.jpg,frame_00008_jpg.rf.9b74e7cb73a2179046892b2275e6616d.jpg,100.25121527777777,65.31950473002593
C:\Users\carmonta\Desktop\data-centric-cross-season-transfer\datasets\train_on_2025_all\val\images\frame_00008_jpg.rf.d5290a64e883eb2f8f33144cba83459f.jpg,frame_00008_jpg.rf.d5290a64e883eb2f8f33144cba83459f.jpg,111.11736111111111,53.20763909735184
C:\Users\carmonta\Desktop\data-centric-cross-season-transfer\datasets\train_on_2025_all\val\images\frame_00009_jpg.rf.ae5b8f3b1ed4b46f6ad0d8b4d04c07c7.jpg,frame_00009_jpg.rf.ae5b8f3b1ed4b46f6ad0d8b4d04c07c7.jpg,115.0038888888889,53.90725931082307
C:\Users\carmonta\Desktop\data-centric-cross-season-transfer\datasets\train_on_2025_all\val\images\frame_00010_jpg.rf.4ab3342941455220c0f130449d211282.jpg,frame_00010_jpg.rf.4ab3342941455220c0f130449d211282.jpg,107.01447482638889,58.58846101042149
C:\Users\carmonta\Desktop\data-centric-cross-season-transfer\datasets\train_on_2025_all\val\images\frame_00010_jpg.rf.6e98efa4336499cec7220a1ea4f51422.jpg,frame_00010_jpg.rf.6e98efa4336499cec7220a1ea4f51422.jpg,106.99297309027777,58.51088164551138
C:\Users\carmonta\Desktop\data-centric-cross-season-transfer\datasets\train_on_2025_all\val\images\frame_00010_jpg.rf.9c2aa8c33a641e16d49602091aac8559.jpg,frame_00010_jpg.rf.9c2aa8c33a641e16d49602091aac8559.jpg,125.73111545138889,50.931580916033454
C:\Users\carmonta\Desktop\data-centric-cross-season-transfer\datasets\train_on_2025_all\val\images\frame_00010_jpg.rf.c37f6413c7cadc4b5d93c128e6853979.jpg,frame_00010_jpg.rf.c37f6413c7cadc4b5d93c128e6853979.jpg,120.86871961805555,51.54248004285651
C:\Users\carmonta\Desktop\data-centric-cross-season-transfer\datasets\train_on_2025_all\val\images\frame_00011_jpg.rf.19b23fe9d0e2d713346f1cffeeab61cf.jpg,frame_00011_jpg.rf.19b23fe9d0e2d713346f1cffeeab61cf.jpg,96.40470920138888,62.37605209152637
C:\Users\carmonta\Desktop\data-centric-cross-season-transfer\datasets\train_on_2025_all\val\images\frame_00011_jpg.rf.586fe9ab3171294332bc8ce0e6b1cb1a.jpg,frame_00011_jpg.rf.586fe9ab3171294332bc8ce0e6b1cb1a.jpg,107.85276475694444,53.06565853783439
C:\Users\carmonta\Desktop\data-centric-cross-season-transfer\datasets\train_on_2025_all\val\images\frame_00012_jpg.rf.0ad4041ad944a3bd5d2e66b191697f06.jpg,frame_00012_jpg.rf.0ad4041ad944a3bd5d2e66b191697f06.jpg,107.58954427083333,71.72364930046672
C:\Users\carmonta\Desktop\data-centric-cross-season-transfer\datasets\train_on_2025_all\val\images\frame_00012_jpg.rf.1c83794e43e25b69d5cb3455710aa78f.jpg,frame_00012_jpg.rf.1c83794e43e25b69d5cb3455710aa78f.jpg,87.85358506944445,56.185734771690726
C:\Users\carmonta\Desktop\data-centric-cross-season-transfer\datasets\train_on_2025_all\val\images\frame_00012_jpg.rf.ea0abbde59a540bed5165ef4437b8825.jpg,frame_00012_jpg.rf.ea0abbde59a540bed5165ef4437b8825.jpg,105.01111545138889,54.203892117795135
C:\Users\carmonta\Desktop\data-centric-cross-season-transfer\datasets\train_on_2025_all\val\images\frame_00013_jpg.rf.de154efb15418cdd924e3d5402fe9577.jpg,frame_00013_jpg.rf.de154efb15418cdd924e3d5402fe9577.jpg,108.4047265625,77.44182983402156
C:\Users\carmonta\Desktop\data-centric-cross-season-transfer\datasets\train_on_2025_all\val\images\frame_00013_jpg.rf.e45c961a193811f5837d1601e4b6f9f5.jpg,frame_00013_jpg.rf.e45c961a193811f5837d1601e4b6f9f5.jpg,124.10173611111111,41.53609778085705
C:\Users\carmonta\Desktop\data-centric-cross-season-transfer\datasets\train_on_2025_all\val\images\frame_00014_jpg.rf.1a317d65cf64a09942edac87f4f0346d.jpg,frame_00014_jpg.rf.1a317d65cf64a09942edac87f4f0346d.jpg,106.84885416666667,72.41424575503358
C:\Users\carmonta\Desktop\data-centric-cross-season-transfer\datasets\train_on_2025_all\val\images\frame_00014_jpg.rf.bb3a45e97fffcb65e85d3fbf6148d297.jpg,frame_00014_jpg.rf.bb3a45e97fffcb65e85d3fbf6148d297.jpg,124.68667534722222,40.28301296101766
C:\Users\carmonta\Desktop\data-centric-cross-season-transfer\datasets\train_on_2025_all\val\images\frame_00014_jpg.rf.f77453efcbff22b45e50530c93eaca37.jpg,frame_00014_jpg.rf.f77453efcbff22b45e50530c93eaca37.jpg,108.90709201388889,56.81181934913628
C:\Users\carmonta\Desktop\data-centric-cross-season-transfer\datasets\train_on_2025_all\val\images\frame_00015_jpg.rf.3deac7201ca0b52b478d13b4ab1b2237.jpg,frame_00015_jpg.rf.3deac7201ca0b52b478d13b4ab1b2237.jpg,86.37992621527778,68.79311628288998
C:\Users\carmonta\Desktop\data-centric-cross-season-transfer\datasets\train_on_2025_all\val\images\frame_00015_jpg.rf.f7f862cefee5d9c98dc8dd7098337250.jpg,frame_00015_jpg.rf.f7f862cefee5d9c98dc8dd7098337250.jpg,119.19058159722222,52.639623510973394
C:\Users\carmonta\Desktop\data-centric-cross-season-transfer\datasets\train_on_2025_all\val\images\frame_00016_jpg.rf.4cf3b0e6d65189f3f5725a30c45877fd.jpg,frame_00016_jpg.rf.4cf3b0e6d65189f3f5725a30c45877fd.jpg,77.28165798611111,63.880380633571455
C:\Users\carmonta\Desktop\data-centric-cross-season-transfer\datasets\train_on_2025_all\val\images\frame_00016_jpg.rf.f9f93c761abe6ac54768e761966106fd.jpg,frame_00016_jpg.rf.f9f93c761abe6ac54768e761966106fd.jpg,95.67970052083334,66.40151064327469
C:\Users\carmonta\Desktop\data-centric-cross-season-transfer\datasets\train_on_2025_all\val\images\frame_00017_jpg.rf.0f4891f6d26b8ee34867380c79557e2b.jpg,frame_00017_jpg.rf.0f4891f6d26b8ee34867380c79557e2b.jpg,95.77420572916667,59.01886124869821
C:\Users\carmonta\Desktop\data-centric-cross-season-transfer\datasets\train_on_2025_all\val\images\frame_00017_jpg.rf.4caa4bdc028ec295e4a6581f33b71ded.jpg,frame_00017_jpg.rf.4caa4bdc028ec295e4a6581f33b71ded.jpg,122.67407986111111,39.90362086771993
C:\Users\carmonta\Desktop\data-centric-cross-season-transfer\datasets\train_on_2025_all\val\images\frame_00017_jpg.rf.88f80d60ea9d3d22e4df78e942facb11.jpg,frame_00017_jpg.rf.88f80d60ea9d3d22e4df78e942facb11.jpg,58.65029079861111,62.25846104509516
C:\Users\carmonta\Desktop\data-centric-cross-season-transfer\datasets\train_on_2025_all\val\images\frame_00017_jpg.rf.abad2f215ad4874070b5a3353414e1e8.jpg,frame_00017_jpg.rf.abad2f215ad4874070b5a3353414e1e8.jpg,122.65559027777778,39.80805042288578
C:\Users\carmonta\Desktop\data-centric-cross-season-transfer\datasets\train_on_2025_all\val\images\frame_00017_jpg.rf.ae00ccaec1b6b8170570cd8bfbc676ba.jpg,frame_00017_jpg.rf.ae00ccaec1b6b8170570cd8bfbc676ba.jpg,95.7967795138889,59.111359449917565
C:\Users\carmonta\Desktop\data-centric-cross-season-transfer\datasets\train_on_2025_all\val\images\frame_00019_jpg.rf.10e6b4bb62d98429999bdb4ae0ae77dd.jpg,frame_00019_jpg.rf.10e6b4bb62d98429999bdb4ae0ae77dd.jpg,118.89153645833333,44.38447069789559
C:\Users\carmonta\Desktop\data-centric-cross-season-transfer\datasets\train_on_2025_all\val\images\frame_00019_jpg.rf.2282dfd4b3e15a87cbe87c2c3b9e43ef.jpg,frame_00019_jpg.rf.2282dfd4b3e15a87cbe87c2c3b9e43ef.jpg,94.09223958333334,53.106782813009445
C:\Users\carmonta\Desktop\data-centric-cross-season-transfer\datasets\train_on_2025_all\val\images\frame_00019_jpg.rf.697fb0f2f68c51f5bae3d7953d08b57a.jpg,frame_00019_jpg.rf.697fb0f2f68c51f5bae3d7953d08b57a.jpg,94.1230295138889,53.17960929380254
C:\Users\carmonta\Desktop\data-centric-cross-season-transfer\datasets\train_on_2025_all\val\images\frame_00020_jpg.rf.8c2736fb75e3fc7f5086c995d4b83183.jpg,frame_00020_jpg.rf.8c2736fb75e3fc7f5086c995d4b83183.jpg,105.91551649305555,48.667054816541146
C:\Users\carmonta\Desktop\data-centric-cross-season-transfer\datasets\train_on_2025_all\val\images\frame_00020_jpg.rf.9edc81419102a5cb1aeb970896745745.jpg,frame_00020_jpg.rf.9edc81419102a5cb1aeb970896745745.jpg,117.61046875,46.73044973111151
C:\Users\carmonta\Desktop\data-centric-cross-season-transfer\datasets\train_on_2025_all\val\images\frame_00021_jpg.rf.f1be329a07d7ab6c14a91b16d41cfb84.jpg,frame_00021_jpg.rf.f1be329a07d7ab6c14a91b16d41cfb84.jpg,116.09535590277778,49.04546506419239
C:\Users\carmonta\Desktop\data-centric-cross-season-transfer\datasets\train_on_2025_all\val\images\frame_00022_jpg.rf.065eb516b074d3d3f970d92b5bc8e3a4.jpg,frame_00022_jpg.rf.065eb516b074d3d3f970d92b5bc8e3a4.jpg,109.68601128472223,49.62966183473078
C:\Users\carmonta\Desktop\data-centric-cross-season-transfer\datasets\train_on_2025_all\val\images\frame_00022_jpg.rf.2bf8c1f487c345ed44dec3d9c7ab1a27.jpg,frame_00022_jpg.rf.2bf8c1f487c345ed44dec3d9c7ab1a27.jpg,96.08125868055555,66.98032744830672
C:\Users\carmonta\Desktop\data-centric-cross-season-transfer\datasets\train_on_2025_all\val\images\frame_00022_jpg.rf.7c6cfbb8e80256baaeee61abd7ab8c63.jpg,frame_00022_jpg.rf.7c6cfbb8e80256baaeee61abd7ab8c63.jpg,98.28394097222223,55.7483965491571
C:\Users\carmonta\Desktop\data-centric-cross-season-transfer\datasets\train_on_2025_all\val\images\frame_00022_jpg.rf.ca782a156be5797ee7b76a6275d86ebb.jpg,frame_00022_jpg.rf.ca782a156be5797ee7b76a6275d86ebb.jpg,63.98921875,60.565377583976556
C:\Users\carmonta\Desktop\data-centric-cross-season-transfer\datasets\train_on_2025_all\val\images\frame_00023_jpg.rf.23dd43f6a0025cce3c7a8d1712fdbf5a.jpg,frame_00023_jpg.rf.23dd43f6a0025cce3c7a8d1712fdbf5a.jpg,89.19848958333333,65.5578981237135
C:\Users\carmonta\Desktop\data-centric-cross-season-transfer\datasets\train_on_2025_all\val\images\frame_00023_jpg.rf.653672710b04ab9e9b1d453db06954f8.jpg,frame_00023_jpg.rf.653672710b04ab9e9b1d453db06954f8.jpg,101.38959635416667,56.71556276101715
C:\Users\carmonta\Desktop\data-centric-cross-season-transfer\datasets\train_on_2025_all\val\images\frame_00023_jpg.rf.9cebdfbf6a49a459667578decb3eaa0b.jpg,frame_00023_jpg.rf.9cebdfbf6a49a459667578decb3eaa0b.jpg,89.151171875,65.48420175928176
C:\Users\carmonta\Desktop\data-centric-cross-season-transfer\datasets\train_on_2025_all\val\images\frame_00023_jpg.rf.a655fa38ded1e50510aa2bbe43708e53.jpg,frame_00023_jpg.rf.a655fa38ded1e50510aa2bbe43708e53.jpg,97.92211805555556,61.62040489144861
C:\Users\carmonta\Desktop\data-centric-cross-season-transfer\datasets\train_on_2025_all\val\images\frame_00025_jpg.rf.047c08acd90f273eabff6c6289aaf987.jpg,frame_00025_jpg.rf.047c08acd90f273eabff6c6289aaf987.jpg,85.01629774305556,58.83784595985879
C:\Users\carmonta\Desktop\data-centric-cross-season-transfer\datasets\train_on_2025_all\val\images\frame_00026_jpg.rf.298c14c36184f9a4cb1ff4cb8030c3c5.jpg,frame_00026_jpg.rf.298c14c36184f9a4cb1ff4cb8030c3c5.jpg,100.29039930555555,59.33317642342547
C:\Users\carmonta\Desktop\data-centric-cross-season-transfer\datasets\train_on_2025_all\val\images\frame_00026_jpg.rf.36f214998fb1cb22ae3b9ec593c67d3d.jpg,frame_00026_jpg.rf.36f214998fb1cb22ae3b9ec593c67d3d.jpg,91.7122265625,61.176046225309214
C:\Users\carmonta\Desktop\data-centric-cross-season-transfer\datasets\train_on_2025_all\val\images\frame_00027_jpg.rf.0162405403d860e9019d09965da6562e.jpg,frame_00027_jpg.rf.0162405403d860e9019d09965da6562e.jpg,80.5259765625,62.550342660011594
C:\Users\carmonta\Desktop\data-centric-cross-season-transfer\datasets\train_on_2025_all\val\images\frame_00027_jpg.rf.53f5eff50788119f7e7317099ed5a06d.jpg,frame_00027_jpg.rf.53f5eff50788119f7e7317099ed5a06d.jpg,88.3313454861111,67.85555016061242
C:\Users\carmonta\Desktop\data-centric-cross-season-transfer\datasets\train_on_2025_all\val\images\frame_00027_jpg.rf.877aa00f6d1ccf96407372d955a6c6fa.jpg,frame_00027_jpg.rf.877aa00f6d1ccf96407372d955a6c6fa.jpg,96.30408854166667,54.95412942557379
C:\Users\carmonta\Desktop\data-centric-cross-season-transfer\datasets\train_on_2025_all\val\images\frame_00027_jpg.rf.886949a2011613752226ef5a43a75dad.jpg,frame_00027_jpg.rf.886949a2011613752226ef5a43a75dad.jpg,104.4895486111111,60.91046782303719
C:\Users\carmonta\Desktop\data-centric-cross-season-transfer\datasets\train_on_2025_all\val\images\frame_00027_jpg.rf.8e10812cae04d26b9a3b30e6565f1b87.jpg,frame_00027_jpg.rf.8e10812cae04d26b9a3b30e6565f1b87.jpg,106.10364583333333,54.07346697279452
C:\Users\carmonta\Desktop\data-centric-cross-season-transfer\datasets\train_on_2025_all\val\images\frame_00027_jpg.rf.c11b39d1349ea630db20f9376bcf3808.jpg,frame_00027_jpg.rf.c11b39d1349ea630db20f9376bcf3808.jpg,96.29610677083333,54.91654012171551
C:\Users\carmonta\Desktop\data-centric-cross-season-transfer\datasets\train_on_2025_all\val\images\frame_00027_jpg.rf.d369d90de32e7c8400c2dba4c9d7ade4.jpg,frame_00027_jpg.rf.d369d90de32e7c8400c2dba4c9d7ade4.jpg,96.3176953125,54.977720971274906
C:\Users\carmonta\Desktop\data-centric-cross-season-transfer\datasets\train_on_2025_all\val\images\frame_00028_jpg.rf.295d6758e9d4c5c240e8717c3a443b0f.jpg,frame_00028_jpg.rf.295d6758e9d4c5c240e8717c3a443b0f.jpg,102.92797743055556,64.06968472100897
C:\Users\carmonta\Desktop\data-centric-cross-season-transfer\datasets\train_on_2025_all\val\images\frame_00028_jpg.rf.37c96cbf16dcbd9348dc8abe1a6f79ab.jpg,frame_00028_jpg.rf.37c96cbf16dcbd9348dc8abe1a6f79ab.jpg,102.91810763888888,64.04024657037142
C:\Users\carmonta\Desktop\data-centric-cross-season-transfer\datasets\train_on_2025_all\val\images\frame_00028_jpg.rf.8d95d11c39395c0eff586537cdad8272.jpg,frame_00028_jpg.rf.8d95d11c39395c0eff586537cdad8272.jpg,82.48780815972222,65.15178118012096
C:\Users\carmonta\Desktop\data-centric-cross-season-transfer\datasets\train_on_2025_all\val\images\frame_00029_jpg.rf.168b1fd4d5133a42821fdf083ca165c4.jpg,frame_00029_jpg.rf.168b1fd4d5133a42821fdf083ca165c4.jpg,89.603125,53.451369453778966
C:\Users\carmonta\Desktop\data-centric-cross-season-transfer\datasets\train_on_2025_all\val\images\frame_00029_jpg.rf.27b19e154dea1bcc629f23ec476e0a1b.jpg,frame_00029_jpg.rf.27b19e154dea1bcc629f23ec476e0a1b.jpg,58.488919270833335,50.30607471527775
C:\Users\carmonta\Desktop\data-centric-cross-season-transfer\datasets\train_on_2025_all\val\images\frame_00029_jpg.rf.3941c516f47e92f570c8b0348c8bb46b.jpg,frame_00029_jpg.rf.3941c516f47e92f570c8b0348c8bb46b.jpg,100.55150607638889,64.79387237595326
C:\Users\carmonta\Desktop\data-centric-cross-season-transfer\datasets\train_on_2025_all\val\images\frame_00029_jpg.rf.6660ad5363fd0e4f4294879fa8232408.jpg,frame_00029_jpg.rf.6660ad5363fd0e4f4294879fa8232408.jpg,89.65530381944444,53.577397485774405
C:\Users\carmonta\Desktop\data-centric-cross-season-transfer\datasets\train_on_2025_all\val\images\frame_00029_jpg.rf.eaf91f4dda5554acacdd5920fe03cd2a.jpg,frame_00029_jpg.rf.eaf91f4dda5554acacdd5920fe03cd2a.jpg,89.65766927083334,52.35151540028799
C:\Users\carmonta\Desktop\data-centric-cross-season-transfer\datasets\train_on_2025_all\val\images\frame_00030_jpg.rf.04dbb7f2d6dd06e5dfe784b9fbce6494.jpg,frame_00030_jpg.rf.04dbb7f2d6dd06e5dfe784b9fbce6494.jpg,86.5355251736111,69.45486141675306
C:\Users\carmonta\Desktop\data-centric-cross-season-transfer\datasets\train_on_2025_all\val\images\frame_00030_jpg.rf.3b4ff49d4f601b7babc9f08844f90c86.jpg,frame_00030_jpg.rf.3b4ff49d4f601b7babc9f08844f90c86.jpg,86.55798177083334,69.4875821809218
C:\Users\carmonta\Desktop\data-centric-cross-season-transfer\datasets\train_on_2025_all\val\images\frame_00030_jpg.rf.8c42e651a39837097e313864fbe724f0.jpg,frame_00030_jpg.rf.8c42e651a39837097e313864fbe724f0.jpg,86.56170572916666,69.47693658120329
C:\Users\carmonta\Desktop\data-centric-cross-season-transfer\datasets\train_on_2025_all\val\images\frame_00031_jpg.rf.d10f5e4dc5f70cf6fb89c7538d1c9634.jpg,frame_00031_jpg.rf.d10f5e4dc5f70cf6fb89c7538d1c9634.jpg,82.1263107638889,61.427593657938566
C:\Users\carmonta\Desktop\data-centric-cross-season-transfer\datasets\train_on_2025_all\val\images\frame_00031_jpg.rf.f80fe06b28208659a048697e88dfd06d.jpg,frame_00031_jpg.rf.f80fe06b28208659a048697e88dfd06d.jpg,90.16178385416667,64.58723343421609
C:\Users\carmonta\Desktop\data-centric-cross-season-transfer\datasets\train_on_2025_all\val\images\frame_00032_jpg.rf.4a67c0b50ceccb21cbb21fbdf35dff08.jpg,frame_00032_jpg.rf.4a67c0b50ceccb21cbb21fbdf35dff08.jpg,75.3717013888889,49.63510976177659
C:\Users\carmonta\Desktop\data-centric-cross-season-transfer\datasets\train_on_2025_all\val\images\frame_00032_jpg.rf.837aded9c5a628f1d1e1f52f6cff109a.jpg,frame_00032_jpg.rf.837aded9c5a628f1d1e1f52f6cff109a.jpg,86.61387586805556,47.43830241227964
C:\Users\carmonta\Desktop\data-centric-cross-season-transfer\datasets\train_on_2025_all\val\images\frame_00032_jpg.rf.cfaac73fc079a7f3abc5cc2e5a37b822.jpg,frame_00032_jpg.rf.cfaac73fc079a7f3abc5cc2e5a37b822.jpg,94.59563802083333,63.90154368761866
C:\Users\carmonta\Desktop\data-centric-cross-season-transfer\datasets\train_on_2025_all\val\images\frame_00032_jpg.rf.f51b4d759fb56cda0d27e431a37fd0c0.jpg,frame_00032_jpg.rf.f51b4d759fb56cda0d27e431a37fd0c0.jpg,75.41286024305556,49.70671031923136
C:\Users\carmonta\Desktop\data-centric-cross-season-transfer\datasets\train_on_2025_all\val\images\frame_00032_jpg.rf.fdf9c971ed9de5d1258672c2b975cdea.jpg,frame_00032_jpg.rf.fdf9c971ed9de5d1258672c2b975cdea.jpg,86.60305555555556,47.38577883503097
C:\Users\carmonta\Desktop\data-centric-cross-season-transfer\datasets\train_on_2025_all\val\images\frame_00032_jpg.rf.fea3897e7d07ef7b548b7904b9777f94.jpg,frame_00032_jpg.rf.fea3897e7d07ef7b548b7904b9777f94.jpg,84.70463541666666,55.70003942285281
C:\Users\carmonta\Desktop\data-centric-cross-season-transfer\datasets\train_on_2025_all\val\images\frame_00033_jpg.rf.2c6188cc5738ae3b630475fc7d2e6a86.jpg,frame_00033_jpg.rf.2c6188cc5738ae3b630475fc7d2e6a86.jpg,81.66182291666667,53.35200546328837
C:\Users\carmonta\Desktop\data-centric-cross-season-transfer\datasets\train_on_2025_all\val\images\frame_00034_jpg.rf.238e83c9c499f90ec13e5cc9489eaa3c.jpg,frame_00034_jpg.rf.238e83c9c499f90ec13e5cc9489eaa3c.jpg,88.00565104166667,57.44978078126781
C:\Users\carmonta\Desktop\data-centric-cross-season-transfer\datasets\train_on_2025_all\val\images\frame_00034_jpg.rf.4cb27645834c611106d5d4130a01767b.jpg,frame_00034_jpg.rf.4cb27645834c611106d5d4130a01767b.jpg,75.80766493055556,60.99750901618357
C:\Users\carmonta\Desktop\data-centric-cross-season-transfer\datasets\train_on_2025_all\val\images\frame_00034_jpg.rf.8397b3be101e56dfa4f972dc84d5f926.jpg,frame_00034_jpg.rf.8397b3be101e56dfa4f972dc84d5f926.jpg,104.86223090277778,74.71386334261284
C:\Users\carmonta\Desktop\data-centric-cross-season-transfer\datasets\train_on_2025_all\val\images\frame_00034_jpg.rf.d3d9d9dd64a73c993444c9a2f91018af.jpg,frame_00034_jpg.rf.d3d9d9dd64a73c993444c9a2f91018af.jpg,104.84296440972223,74.66141418279442
C:\Users\carmonta\Desktop\data-centric-cross-season-transfer\datasets\train_on_2025_all\val\images\frame_00035_jpg.rf.1b54ed472517a61c9bfeec7220ad64a2.jpg,frame_00035_jpg.rf.1b54ed472517a61c9bfeec7220ad64a2.jpg,77.9225,59.94748744271477
C:\Users\carmonta\Desktop\data-centric-cross-season-transfer\datasets\train_on_2025_all\val\images\frame_00035_jpg.rf.9dc37fccda377dbb0af4263476b4c604.jpg,frame_00035_jpg.rf.9dc37fccda377dbb0af4263476b4c604.jpg,85.4925217013889,47.59776338749245
C:\Users\carmonta\Desktop\data-centric-cross-season-transfer\datasets\train_on_2025_all\val\images\frame_00035_jpg.rf.a488121fbc82e28e06e7fe9336c404a9.jpg,frame_00035_jpg.rf.a488121fbc82e28e06e7fe9336c404a9.jpg,77.94745659722223,59.992327703532624
C:\Users\carmonta\Desktop\data-centric-cross-season-transfer\datasets\train_on_2025_all\val\images\frame_00036_jpg.rf.891c05f42e72922b936efc76f130ebaf.jpg,frame_00036_jpg.rf.891c05f42e72922b936efc76f130ebaf.jpg,120.995234375,39.105801264858336
C:\Users\carmonta\Desktop\data-centric-cross-season-transfer\datasets\train_on_2025_all\val\images\frame_00036_jpg.rf.98c89c2a8b355e8386a0413cd88ec542.jpg,frame_00036_jpg.rf.98c89c2a8b355e8386a0413cd88ec542.jpg,96.0992404513889,63.63255077804368
C:\Users\carmonta\Desktop\data-centric-cross-season-transfer\datasets\train_on_2025_all\val\images\frame_00037_jpg.rf.c832809fed39f1cf33cff166f46a5295.jpg,frame_00037_jpg.rf.c832809fed39f1cf33cff166f46a5295.jpg,73.06630208333333,50.759401118910105
C:\Users\carmonta\Desktop\data-centric-cross-season-transfer\datasets\train_on_2025_all\val\images\frame_00037_jpg.rf.cc3294623eb214102127d67f381a0b9e.jpg,frame_00037_jpg.rf.cc3294623eb214102127d67f381a0b9e.jpg,122.28180555555555,43.783673892419614
C:\Users\carmonta\Desktop\data-centric-cross-season-transfer\datasets\train_on_2025_all\val\images\frame_00038_jpg.rf.156d4aeab70038ccdeedb8c2aa1ddbcd.jpg,frame_00038_jpg.rf.156d4aeab70038ccdeedb8c2aa1ddbcd.jpg,82.08177951388889,53.120271403543384
C:\Users\carmonta\Desktop\data-centric-cross-season-transfer\datasets\train_on_2025_all\val\images\frame_00038_jpg.rf.92aebc9f7c406273bffccf46b4784e97.jpg,frame_00038_jpg.rf.92aebc9f7c406273bffccf46b4784e97.jpg,82.04791666666667,53.03660378593102
C:\Users\carmonta\Desktop\data-centric-cross-season-transfer\datasets\train_on_2025_all\val\images\frame_00039_jpg.rf.387e2b6eef7d94eddb15294e20daaab8.jpg,frame_00039_jpg.rf.387e2b6eef7d94eddb15294e20daaab8.jpg,115.26804253472223,63.00175894181114
C:\Users\carmonta\Desktop\data-centric-cross-season-transfer\datasets\train_on_2025_all\val\images\frame_00039_jpg.rf.50ad10c4731a50be3dc2d3520e7a15ef.jpg,frame_00039_jpg.rf.50ad10c4731a50be3dc2d3520e7a15ef.jpg,125.87402777777778,44.40902557897694
C:\Users\carmonta\Desktop\data-centric-cross-season-transfer\datasets\train_on_2025_all\val\images\frame_00039_jpg.rf.584a06cb036640b776903447fe1426ad.jpg,frame_00039_jpg.rf.584a06cb036640b776903447fe1426ad.jpg,111.478984375,70.2917519462763
C:\Users\carmonta\Desktop\data-centric-cross-season-transfer\datasets\train_on_2025_all\val\images\frame_00039_jpg.rf.70030802aadc30a609408af461aa5968.jpg,frame_00039_jpg.rf.70030802aadc30a609408af461aa5968.jpg,115.2757421875,62.96857402177939
C:\Users\carmonta\Desktop\data-centric-cross-season-transfer\datasets\train_on_2025_all\val\images\frame_00040_jpg.rf.ae7ba2eb3702ebcbcf954db422113ad8.jpg,frame_00040_jpg.rf.ae7ba2eb3702ebcbcf954db422113ad8.jpg,106.40121961805555,55.79662458744982
C:\Users\carmonta\Desktop\data-centric-cross-season-transfer\datasets\train_on_2025_all\val\images\frame_00041_jpg.rf.820190131d46b87955b6f8ab38b0e58f.jpg,frame_00041_jpg.rf.820190131d46b87955b6f8ab38b0e58f.jpg,96.57615885416666,56.13398729548831
C:\Users\carmonta\Desktop\data-centric-cross-season-transfer\datasets\train_on_2025_all\val\images\frame_00041_jpg.rf.97cc81e54d6d7205b5896e3424d0179b.jpg,frame_00041_jpg.rf.97cc81e54d6d7205b5896e3424d0179b.jpg,65.96146701388889,53.906783367093595
C:\Users\carmonta\Desktop\data-centric-cross-season-transfer\datasets\train_on_2025_all\val\images\frame_00041_jpg.rf.c50393c73c5d79de220ee44337c72edd.jpg,frame_00041_jpg.rf.c50393c73c5d79de220ee44337c72edd.jpg,111.7490407986111,66.77365654093906
C:\Users\carmonta\Desktop\data-centric-cross-season-transfer\datasets\train_on_2025_all\val\images\frame_00042_jpg.rf.3f1ee8cc02886515309ec0ee5c7d23ba.jpg,frame_00042_jpg.rf.3f1ee8cc02886515309ec0ee5c7d23ba.jpg,84.1336935763889,55.39838094448869
C:\Users\carmonta\Desktop\data-centric-cross-season-transfer\datasets\train_on_2025_all\val\images\frame_00042_jpg.rf.b65450596f6258f24ad5b9f321a1565d.jpg,frame_00042_jpg.rf.b65450596f6258f24ad5b9f321a1565d.jpg,84.15983072916667,55.479722945694945
C:\Users\carmonta\Desktop\data-centric-cross-season-transfer\datasets\train_on_2025_all\val\images\frame_00042_jpg.rf.c4fb7eecbc8dd41362e479f4359768dc.jpg,frame_00042_jpg.rf.c4fb7eecbc8dd41362e479f4359768dc.jpg,62.25322048611111,56.88512198583868
C:\Users\carmonta\Desktop\data-centric-cross-season-transfer\datasets\train_on_2025_all\val\images\frame_00043_jpg.rf.6c7afbdf53c901ae874ec90a49a43baa.jpg,frame_00043_jpg.rf.6c7afbdf53c901ae874ec90a49a43baa.jpg,78.27298177083334,64.36546463264601
C:\Users\carmonta\Desktop\data-centric-cross-season-transfer\datasets\train_on_2025_all\val\images\frame_00043_jpg.rf.77b9d0f2493bc689aa7f4f6136882809.jpg,frame_00043_jpg.rf.77b9d0f2493bc689aa7f4f6136882809.jpg,60.75275173611111,56.229609624328155
C:\Users\carmonta\Desktop\data-centric-cross-season-transfer\datasets\train_on_2025_all\val\images\frame_00043_jpg.rf.b2ff059ec76db9faed5a510c1e481bbe.jpg,frame_00043_jpg.rf.b2ff059ec76db9faed5a510c1e481bbe.jpg,60.69469618055555,56.115081185478395
C:\Users\carmonta\Desktop\data-centric-cross-season-transfer\datasets\train_on_2025_all\val\images\frame_00043_jpg.rf.d9b5b2b1f5eac35ae015852337221329.jpg,frame_00043_jpg.rf.d9b5b2b1f5eac35ae015852337221329.jpg,92.8204296875,57.200682589495884
C:\Users\carmonta\Desktop\data-centric-cross-season-transfer\datasets\train_on_2025_all\val\images\frame_00044_jpg.rf.5ae100e9a3fb643ef673a9ce8e4a84b7.jpg,frame_00044_jpg.rf.5ae100e9a3fb643ef673a9ce8e4a84b7.jpg,86.13666666666667,55.03200176311557
C:\Users\carmonta\Desktop\data-centric-cross-season-transfer\datasets\train_on_2025_all\val\images\frame_00044_jpg.rf.61ac60a97dd0dd8afad158554d190d8d.jpg,frame_00044_jpg.rf.61ac60a97dd0dd8afad158554d190d8d.jpg,104.98454861111111,62.57375304616433
C:\Users\carmonta\Desktop\data-centric-cross-season-transfer\datasets\train_on_2025_all\val\images\frame_00044_jpg.rf.964abac006075081c6be7e3b85842dc4.jpg,frame_00044_jpg.rf.964abac006075081c6be7e3b85842dc4.jpg,67.78953559027778,56.44705327699446
C:\Users\carmonta\Desktop\data-centric-cross-season-transfer\datasets\train_on_2025_all\val\images\frame_00044_jpg.rf.e6500204f4c000d304895fa93ace0318.jpg,frame_00044_jpg.rf.e6500204f4c000d304895fa93ace0318.jpg,89.77341145833333,53.65331382790926
C:\Users\carmonta\Desktop\data-centric-cross-season-transfer\datasets\train_on_2025_all\val\images\frame_00045_jpg.rf.633fc43f449e325a7ecef2bc472084f6.jpg,frame_00045_jpg.rf.633fc43f449e325a7ecef2bc472084f6.jpg,95.568671875,59.388775648791345
C:\Users\carmonta\Desktop\data-centric-cross-season-transfer\datasets\train_on_2025_all\val\images\frame_00045_jpg.rf.70bd37788b34a08dd992ae816ca70ffb.jpg,frame_00045_jpg.rf.70bd37788b34a08dd992ae816ca70ffb.jpg,91.48620225694444,56.60979001239349
C:\Users\carmonta\Desktop\data-centric-cross-season-transfer\datasets\train_on_2025_all\val\images\frame_00046_jpg.rf.667a47ae0bf23d6c5bfa622b17c0b6a3.jpg,frame_00046_jpg.rf.667a47ae0bf23d6c5bfa622b17c0b6a3.jpg,77.48040798611112,55.32140118121549
C:\Users\carmonta\Desktop\data-centric-cross-season-transfer\datasets\train_on_2025_all\val\images\frame_00046_jpg.rf.74619e0a839c270af24051c9edd3d8d4.jpg,frame_00046_jpg.rf.74619e0a839c270af24051c9edd3d8d4.jpg,102.44040364583333,52.10252919934899
C:\Users\carmonta\Desktop\data-centric-cross-season-transfer\datasets\train_on_2025_all\val\images\frame_00046_jpg.rf.756fd9d0c53212d4daf52adaab118ff7.jpg,frame_00046_jpg.rf.756fd9d0c53212d4daf52adaab118ff7.jpg,78.53212673611111,61.14247641970301
C:\Users\carmonta\Desktop\data-centric-cross-season-transfer\datasets\train_on_2025_all\val\images\frame_00047_jpg.rf.433845c65c7fb3331ee9129330ba949d.jpg,frame_00047_jpg.rf.433845c65c7fb3331ee9129330ba949d.jpg,94.67905815972222,57.33214611460129
C:\Users\carmonta\Desktop\data-centric-cross-season-transfer\datasets\train_on_2025_all\val\images\frame_00047_jpg.rf.cbe6514312f2c8d2a7af6d812a2f68f0.jpg,frame_00047_jpg.rf.cbe6514312f2c8d2a7af6d812a2f68f0.jpg,94.67905815972222,57.33214611460129
C:\Users\carmonta\Desktop\data-centric-cross-season-transfer\datasets\train_on_2025_all\val\images\frame_00048_jpg.rf.bd960935debd71e3e6260cfe9a541821.jpg,frame_00048_jpg.rf.bd960935debd71e3e6260cfe9a541821.jpg,74.2988454861111,55.15240804580006
C:\Users\carmonta\Desktop\data-centric-cross-season-transfer\datasets\train_on_2025_all\val\images\frame_00049_jpg.rf.dde136cea3816276fdb69fb03fa70905.jpg,frame_00049_jpg.rf.dde136cea3816276fdb69fb03fa70905.jpg,51.60894965277778,49.28324434709973
C:\Users\carmonta\Desktop\data-centric-cross-season-transfer\datasets\train_on_2025_all\val\images\frame_00049_jpg.rf.e69c1947316ab7c5617b9f5ee197a630.jpg,frame_00049_jpg.rf.e69c1947316ab7c5617b9f5ee197a630.jpg,51.64929253472222,49.345131823268474
C:\Users\carmonta\Desktop\data-centric-cross-season-transfer\datasets\train_on_2025_all\val\images\frame_00050_jpg.rf.acd80ed854a745c4c87bd7c9e2ed054b.jpg,frame_00050_jpg.rf.acd80ed854a745c4c87bd7c9e2ed054b.jpg,98.11855902777778,54.68337140930036
C:\Users\carmonta\Desktop\data-centric-cross-season-transfer\datasets\train_on_2025_all\val\images\frame_00051_jpg.rf.3db3f71dbaf62b1e668c2b8de541fe92.jpg,frame_00051_jpg.rf.3db3f71dbaf62b1e668c2b8de541fe92.jpg,125.82625,31.829313148744397
C:\Users\carmonta\Desktop\data-centric-cross-season-transfer\datasets\train_on_2025_all\val\images\frame_00051_jpg.rf.94a6baeb03f3712098163f3a6e275923.jpg,frame_00051_jpg.rf.94a6baeb03f3712098163f3a6e275923.jpg,125.8249392361111,31.91515669698076
C:\Users\carmonta\Desktop\data-centric-cross-season-transfer\datasets\train_on_2025_all\val\images\frame_00052_jpg.rf.580ac9a238114c53e24ff9dfe438e040.jpg,frame_00052_jpg.rf.580ac9a238114c53e24ff9dfe438e040.jpg,81.8075217013889,55.23032459669192
C:\Users\carmonta\Desktop\data-centric-cross-season-transfer\datasets\train_on_2025_all\val\images\frame_00054_jpg.rf.14806f5143f40ef1029e6297701c8601.jpg,frame_00054_jpg.rf.14806f5143f40ef1029e6297701c8601.jpg,80.19773003472223,51.604959833293826
C:\Users\carmonta\Desktop\data-centric-cross-season-transfer\datasets\train_on_2025_all\val\images\frame_00055_jpg.rf.17c9c4717ff187cb435daa8e2e4f867d.jpg,frame_00055_jpg.rf.17c9c4717ff187cb435daa8e2e4f867d.jpg,80.78528211805556,61.55060046768481
C:\Users\carmonta\Desktop\data-centric-cross-season-transfer\datasets\train_on_2025_all\val\images\frame_00055_jpg.rf.734fe0ba2f8c42534349ef5b05d246ab.jpg,frame_00055_jpg.rf.734fe0ba2f8c42534349ef5b05d246ab.jpg,80.79084201388889,61.56067336110739
C:\Users\carmonta\Desktop\data-centric-cross-season-transfer\datasets\train_on_2025_all\val\images\frame_00055_jpg.rf.742ad2b53f7612f78cd4ffa34a97abf8.jpg,frame_00055_jpg.rf.742ad2b53f7612f78cd4ffa34a97abf8.jpg,115.08732204861111,43.612954310777816
C:\Users\carmonta\Desktop\data-centric-cross-season-transfer\datasets\train_on_2025_all\val\images\frame_00055_jpg.rf.d3da204f4f9a704905083b8d80b877d0.jpg,frame_00055_jpg.rf.d3da204f4f9a704905083b8d80b877d0.jpg,80.8173046875,61.611556131827165
C:\Users\carmonta\Desktop\data-centric-cross-season-transfer\datasets\train_on_2025_all\val\images\frame_00056_jpg.rf.588959678f3a9c30883ac01930ffe82b.jpg,frame_00056_jpg.rf.588959678f3a9c30883ac01930ffe82b.jpg,109.92013454861112,58.13070698520664
C:\Users\carmonta\Desktop\data-centric-cross-season-transfer\datasets\train_on_2025_all\val\images\frame_00057_jpg.rf.3d1f5d442cd84db7e89addcc8e2719fe.jpg,frame_00057_jpg.rf.3d1f5d442cd84db7e89addcc8e2719fe.jpg,116.82677083333333,53.65964814344238
C:\Users\carmonta\Desktop\data-centric-cross-season-transfer\datasets\train_on_2025_all\val\images\frame_00058_jpg.rf.fdc4e198f10067ef0b2deae150f72d2c.jpg,frame_00058_jpg.rf.fdc4e198f10067ef0b2deae150f72d2c.jpg,103.2123828125,69.54498926279152
C:\Users\carmonta\Desktop\data-centric-cross-season-transfer\datasets\train_on_2025_all\val\images\frame_00059_jpg.rf.2b707261cba4ed4365531cc74d24df93.jpg,frame_00059_jpg.rf.2b707261cba4ed4365531cc74d24df93.jpg,84.0169357638889,68.73680491798174
C:\Users\carmonta\Desktop\data-centric-cross-season-transfer\datasets\train_on_2025_all\val\images\frame_00062_jpg.rf.a93d0afa65b1362841db11538290fdd5.jpg,frame_00062_jpg.rf.a93d0afa65b1362841db11538290fdd5.jpg,126.10106336805555,36.608912596636046
C:\Users\carmonta\Desktop\data-centric-cross-season-transfer\datasets\train_on_2025_all\val\images\frame_00063_jpg.rf.334fc733d88ebde5f78b845fb0b7eabb.jpg,frame_00063_jpg.rf.334fc733d88ebde5f78b845fb0b7eabb.jpg,79.12180989583334,63.72823193186656
C:\Users\carmonta\Desktop\data-centric-cross-season-transfer\datasets\train_on_2025_all\val\images\frame_00063_jpg.rf.ebcec09b94a7a03784174f0ad9ad7b0a.jpg,frame_00063_jpg.rf.ebcec09b94a7a03784174f0ad9ad7b0a.jpg,98.18069444444444,67.83251641761144
C:\Users\carmonta\Desktop\data-centric-cross-season-transfer\datasets\train_on_2025_all\val\images\frame_00064_jpg.rf.5bb255b8f9c7d615a0cd1fcc69c0c90f.jpg,frame_00064_jpg.rf.5bb255b8f9c7d615a0cd1fcc69c0c90f.jpg,79.76234375,59.89704262889272
C:\Users\carmonta\Desktop\data-centric-cross-season-transfer\datasets\train_on_2025_all\val\images\frame_00064_jpg.rf.7aceb15cb33f772f1c430577c0f66408.jpg,frame_00064_jpg.rf.7aceb15cb33f772f1c430577c0f66408.jpg,64.17796875,64.51530478175204
C:\Users\carmonta\Desktop\data-centric-cross-season-transfer\datasets\train_on_2025_all\val\images\frame_00064_jpg.rf.8315065276fbac7368f349c4f9613bfb.jpg,frame_00064_jpg.rf.8315065276fbac7368f349c4f9613bfb.jpg,100.62405815972222,69.14363924049867
C:\Users\carmonta\Desktop\data-centric-cross-season-transfer\datasets\train_on_2025_all\val\images\frame_00064_jpg.rf.955bd0922d02968533e78898de6c1842.jpg,frame_00064_jpg.rf.955bd0922d02968533e78898de6c1842.jpg,86.34090711805555,60.39055895858156
C:\Users\carmonta\Desktop\data-centric-cross-season-transfer\datasets\train_on_2025_all\val\images\frame_00064_jpg.rf.d25b3c6ce7f00a111d6af36ebd1795a7.jpg,frame_00064_jpg.rf.d25b3c6ce7f00a111d6af36ebd1795a7.jpg,79.79319444444444,59.97200468589928
C:\Users\carmonta\Desktop\data-centric-cross-season-transfer\datasets\train_on_2025_all\val\images\frame_00065_jpg.rf.076a62b2fe945213bb9d6511e867e28c.jpg,frame_00065_jpg.rf.076a62b2fe945213bb9d6511e867e28c.jpg,72.54119791666666,65.46371002707866
C:\Users\carmonta\Desktop\data-centric-cross-season-transfer\datasets\train_on_2025_all\val\images\frame_00065_jpg.rf.0c1069145b2596435cce952973aae2ad.jpg,frame_00065_jpg.rf.0c1069145b2596435cce952973aae2ad.jpg,72.52600260416666,65.45043184521924
C:\Users\carmonta\Desktop\data-centric-cross-season-transfer\datasets\train_on_2025_all\val\images\frame_00065_jpg.rf.4363ca2e06cd1a079fc17ae7c222abd2.jpg,frame_00065_jpg.rf.4363ca2e06cd1a079fc17ae7c222abd2.jpg,72.55704861111111,65.48319593847785
C:\Users\carmonta\Desktop\data-centric-cross-season-transfer\datasets\train_on_2025_all\val\images\frame_00065_jpg.rf.4eaca404fa7ea19bd444819828ac88dd.jpg,frame_00065_jpg.rf.4eaca404fa7ea19bd444819828ac88dd.jpg,79.76672309027778,56.80743969128713
C:\Users\carmonta\Desktop\data-centric-cross-season-transfer\datasets\train_on_2025_all\val\images\frame_00065_jpg.rf.c9ba95450169526523b8b8c7ce85b709.jpg,frame_00065_jpg.rf.c9ba95450169526523b8b8c7ce85b709.jpg,88.29041666666667,61.36465047809376
C:\Users\carmonta\Desktop\data-centric-cross-season-transfer\datasets\train_on_2025_all\val\images\frame_00066_jpg.rf.096b9a36d1f8c669a7ca1f21e482993a.jpg,frame_00066_jpg.rf.096b9a36d1f8c669a7ca1f21e482993a.jpg,79.446015625,61.68348829345148
C:\Users\carmonta\Desktop\data-centric-cross-season-transfer\datasets\train_on_2025_all\val\images\frame_00066_jpg.rf.a3cde73d510c0b6d68b9d58f0db1d025.jpg,frame_00066_jpg.rf.a3cde73d510c0b6d68b9d58f0db1d025.jpg,108.14409288194445,55.61812173689422
C:\Users\carmonta\Desktop\data-centric-cross-season-transfer\datasets\train_on_2025_all\val\images\frame_00067_jpg.rf.4fd6cc9a83f2385901c7d5cacf053aa7.jpg,frame_00067_jpg.rf.4fd6cc9a83f2385901c7d5cacf053aa7.jpg,72.38367621527777,61.12877276211349
C:\Users\carmonta\Desktop\data-centric-cross-season-transfer\datasets\train_on_2025_all\val\images\frame_00067_jpg.rf.f57aa34dbefdfb24c8e6283320e37e8d.jpg,frame_00067_jpg.rf.f57aa34dbefdfb24c8e6283320e37e8d.jpg,72.42150173611111,61.185400254815775
C:\Users\carmonta\Desktop\data-centric-cross-season-transfer\datasets\train_on_2025_all\val\images\frame_00068_jpg.rf.53869447b4c745ee7432a6edf5b090ba.jpg,frame_00068_jpg.rf.53869447b4c745ee7432a6edf5b090ba.jpg,78.12641927083334,59.50338432783948
C:\Users\carmonta\Desktop\data-centric-cross-season-transfer\datasets\train_on_2025_all\val\images\frame_00069_jpg.rf.106a34bc13902751dc3cf219e9618052.jpg,frame_00069_jpg.rf.106a34bc13902751dc3cf219e9618052.jpg,110.50011284722223,54.87080659744243
C:\Users\carmonta\Desktop\data-centric-cross-season-transfer\datasets\train_on_2025_all\val\images\frame_00069_jpg.rf.c31d2a2b480c1020d8d98b1cfbb31f4a.jpg,frame_00069_jpg.rf.c31d2a2b480c1020d8d98b1cfbb31f4a.jpg,74.07104600694444,58.43287719563988
C:\Users\carmonta\Desktop\data-centric-cross-season-transfer\datasets\train_on_2025_all\val\images\frame_00070_jpg.rf.a1e7dbe5838c818508b5212c578bb8bd.jpg,frame_00070_jpg.rf.a1e7dbe5838c818508b5212c578bb8bd.jpg,69.35025607638889,60.91734231003888
C:\Users\carmonta\Desktop\data-centric-cross-season-transfer\datasets\train_on_2025_all\val\images\frame_00072_jpg.rf.6dc3d1d7f0e02edf7082ca2c995c40bc.jpg,frame_00072_jpg.rf.6dc3d1d7f0e02edf7082ca2c995c40bc.jpg,103.73118489583334,73.87737323271693
C:\Users\carmonta\Desktop\data-centric-cross-season-transfer\datasets\train_on_2025_all\val\images\frame_00072_jpg.rf.80751859032d3ae0c51b2be3b08c2d60.jpg,frame_00072_jpg.rf.80751859032d3ae0c51b2be3b08c2d60.jpg,75.55187065972223,64.43738010866048
C:\Users\carmonta\Desktop\data-centric-cross-season-transfer\datasets\train_on_2025_all\val\images\frame_00072_jpg.rf.a5353fce3bbcf846fdff8145ded201c7.jpg,frame_00072_jpg.rf.a5353fce3bbcf846fdff8145ded201c7.jpg,103.75390190972222,73.94299726535385
C:\Users\carmonta\Desktop\data-centric-cross-season-transfer\datasets\train_on_2025_all\val\images\frame_00073_jpg.rf.0d9b74a6359cd8ebb3928132c762a3ae.jpg,frame_00073_jpg.rf.0d9b74a6359cd8ebb3928132c762a3ae.jpg,118.80047309027778,35.90055108703172
C:\Users\carmonta\Desktop\data-centric-cross-season-transfer\datasets\train_on_2025_all\val\images\frame_00073_jpg.rf.a7526b3bbb79b7583431ecbd910fe907.jpg,frame_00073_jpg.rf.a7526b3bbb79b7583431ecbd910fe907.jpg,69.40556857638889,64.2335801494619
C:\Users\carmonta\Desktop\data-centric-cross-season-transfer\datasets\train_on_2025_all\val\images\frame_00074_jpg.rf.1011902a7f39134d66bdbf21fb027471.jpg,frame_00074_jpg.rf.1011902a7f39134d66bdbf21fb027471.jpg,79.31766059027778,59.428568150419935
C:\Users\carmonta\Desktop\data-centric-cross-season-transfer\datasets\train_on_2025_all\val\images\frame_00074_jpg.rf.728a64e28eb71b57c1ef8f1f7872c061.jpg,frame_00074_jpg.rf.728a64e28eb71b57c1ef8f1f7872c061.jpg,75.94895833333334,61.975819858867695
C:\Users\carmonta\Desktop\data-centric-cross-season-transfer\datasets\train_on_2025_all\val\images\frame_00075_jpg.rf.2f4967fc89be50ac6de5ab98bba85c08.jpg,frame_00075_jpg.rf.2f4967fc89be50ac6de5ab98bba85c08.jpg,120.76646267361112,37.03297429512747
C:\Users\carmonta\Desktop\data-centric-cross-season-transfer\datasets\train_on_2025_all\val\images\frame_00075_jpg.rf.3c2e32a75dea5c0e61cc617dc90f123c.jpg,frame_00075_jpg.rf.3c2e32a75dea5c0e61cc617dc90f123c.jpg,107.62698350694444,76.73294770877665
C:\Users\carmonta\Desktop\data-centric-cross-season-transfer\datasets\train_on_2025_all\val\images\frame_00075_jpg.rf.69737e70b8d9fefd3042813a56d99204.jpg,frame_00075_jpg.rf.69737e70b8d9fefd3042813a56d99204.jpg,76.05513454861111,63.39150031150903
C:\Users\carmonta\Desktop\data-centric-cross-season-transfer\datasets\train_on_2025_all\val\images\frame_00075_jpg.rf.ab9ef0e7149a7db3d36a840215742429.jpg,frame_00075_jpg.rf.ab9ef0e7149a7db3d36a840215742429.jpg,76.1032595486111,63.46446992215678
C:\Users\carmonta\Desktop\data-centric-cross-season-transfer\datasets\train_on_2025_all\val\images\frame_00075_jpg.rf.d4c2eab44df094bd3b78f8ec0bbf96fb.jpg,frame_00075_jpg.rf.d4c2eab44df094bd3b78f8ec0bbf96fb.jpg,77.00555555555556,59.9882034442534
C:\Users\carmonta\Desktop\data-centric-cross-season-transfer\datasets\train_on_2025_all\val\images\frame_00075_jpg.rf.e5142e81af4aae5293356e91a8365d7a.jpg,frame_00075_jpg.rf.e5142e81af4aae5293356e91a8365d7a.jpg,76.98247395833333,59.938468058956346
C:\Users\carmonta\Desktop\data-centric-cross-season-transfer\datasets\train_on_2025_all\val\images\frame_00075_jpg.rf.fa3744e744223ca729ccec8e9e9d402d.jpg,frame_00075_jpg.rf.fa3744e744223ca729ccec8e9e9d402d.jpg,76.12440104166667,63.485283673705304
C:\Users\carmonta\Desktop\data-centric-cross-season-transfer\datasets\train_on_2025_all\val\images\frame_00076_jpg.rf.1e362698795e476f2644728bff09d949.jpg,frame_00076_jpg.rf.1e362698795e476f2644728bff09d949.jpg,77.84023871527778,63.4268453130583
C:\Users\carmonta\Desktop\data-centric-cross-season-transfer\datasets\train_on_2025_all\val\images\frame_00076_jpg.rf.771d5b00ae6e2fd470a93a26fea51fec.jpg,frame_00076_jpg.rf.771d5b00ae6e2fd470a93a26fea51fec.jpg,77.85601996527778,63.45956713721468
C:\Users\carmonta\Desktop\data-centric-cross-season-transfer\datasets\train_on_2025_all\val\images\frame_00076_jpg.rf.e98839198aa956bbcd2274e1bc1e158e.jpg,frame_00076_jpg.rf.e98839198aa956bbcd2274e1bc1e158e.jpg,85.53934027777778,69.26421507919503
C:\Users\carmonta\Desktop\data-centric-cross-season-transfer\datasets\train_on_2025_all\val\images\frame_00077_jpg.rf.696cb01b762432c3cfceeea1268bf616.jpg,frame_00077_jpg.rf.696cb01b762432c3cfceeea1268bf616.jpg,121.47930121527777,44.74337499879209
C:\Users\carmonta\Desktop\data-centric-cross-season-transfer\datasets\train_on_2025_all\val\images\frame_00078_jpg.rf.2533274afcc6ebb0be9ab8b55f738016.jpg,frame_00078_jpg.rf.2533274afcc6ebb0be9ab8b55f738016.jpg,79.97740017361112,64.44053895876772
C:\Users\carmonta\Desktop\data-centric-cross-season-transfer\datasets\train_on_2025_all\val\images\frame_00078_jpg.rf.2a5d42ad2885cd3409f92077b46bb640.jpg,frame_00078_jpg.rf.2a5d42ad2885cd3409f92077b46bb640.jpg,79.92046440972223,64.33394711462077
C:\Users\carmonta\Desktop\data-centric-cross-season-transfer\datasets\train_on_2025_all\val\images\frame_00078_jpg.rf.31bfb8e18692c0c5daf5ec14c8e0c2e0.jpg,frame_00078_jpg.rf.31bfb8e18692c0c5daf5ec14c8e0c2e0.jpg,117.39256944444445,43.5140202740662
C:\Users\carmonta\Desktop\data-centric-cross-season-transfer\datasets\train_on_2025_all\val\images\frame_00079_jpg.rf.3bc488e5f2f464df45ab5324cffcb910.jpg,frame_00079_jpg.rf.3bc488e5f2f464df45ab5324cffcb910.jpg,74.82986545138888,59.16139280690934
C:\Users\carmonta\Desktop\data-centric-cross-season-transfer\datasets\train_on_2025_all\val\images\frame_00079_jpg.rf.74df03ce577bc13cbf59df680c588789.jpg,frame_00079_jpg.rf.74df03ce577bc13cbf59df680c588789.jpg,74.81897569444445,59.14282551638795
C:\Users\carmonta\Desktop\data-centric-cross-season-transfer\datasets\train_on_2025_all\val\images\frame_00079_jpg.rf.d073c9519221cd0932708db2c18bc540.jpg,frame_00079_jpg.rf.d073c9519221cd0932708db2c18bc540.jpg,98.6946484375,61.30731914774125
C:\Users\carmonta\Desktop\data-centric-cross-season-transfer\datasets\train_on_2025_all\val\images\frame_00080_jpg.rf.0041c5c4c989c10c303e89a9ec24092c.jpg,frame_00080_jpg.rf.0041c5c4c989c10c303e89a9ec24092c.jpg,80.49703125,59.50132168996913
C:\Users\carmonta\Desktop\data-centric-cross-season-transfer\datasets\train_on_2025_all\val\images\frame_00080_jpg.rf.101b41282c551c29546fbdd51fdbeb19.jpg,frame_00080_jpg.rf.101b41282c551c29546fbdd51fdbeb19.jpg,88.63574652777778,56.88573091653103
C:\Users\carmonta\Desktop\data-centric-cross-season-transfer\datasets\train_on_2025_all\val\images\frame_00080_jpg.rf.3f47a50ca5ab22074d46d4d5e7430630.jpg,frame_00080_jpg.rf.3f47a50ca5ab22074d46d4d5e7430630.jpg,125.67060329861111,38.324177807018216
C:\Users\carmonta\Desktop\data-centric-cross-season-transfer\datasets\train_on_2025_all\val\images\frame_00080_jpg.rf.70b2f556ecfbbb94ec89faaf34c0466b.jpg,frame_00080_jpg.rf.70b2f556ecfbbb94ec89faaf34c0466b.jpg,89.09849826388889,68.77607165626
C:\Users\carmonta\Desktop\data-centric-cross-season-transfer\datasets\train_on_2025_all\val\images\frame_00080_jpg.rf.9f44c67e6a40ca4afd17a560c0a9ebd0.jpg,frame_00080_jpg.rf.9f44c67e6a40ca4afd17a560c0a9ebd0.jpg,100.2871484375,53.06268320322889
C:\Users\carmonta\Desktop\data-centric-cross-season-transfer\datasets\train_on_2025_all\val\images\frame_00080_jpg.rf.a292d13529f876c3acc1bdfa9139ce01.jpg,frame_00080_jpg.rf.a292d13529f876c3acc1bdfa9139ce01.jpg,125.66475694444445,38.29444822518637
C:\Users\carmonta\Desktop\data-centric-cross-season-transfer\datasets\train_on_2025_all\val\images\frame_00080_jpg.rf.ae2eb6c5966a75db7fa4cbf0800a130e.jpg,frame_00080_jpg.rf.ae2eb6c5966a75db7fa4cbf0800a130e.jpg,88.63806857638889,56.89334654871919
C:\Users\carmonta\Desktop\data-centric-cross-season-transfer\datasets\train_on_2025_all\val\images\frame_00081_jpg.rf.14c8ff8217bf57ee3cd5cc587f9ed6db.jpg,frame_00081_jpg.rf.14c8ff8217bf57ee3cd5cc587f9ed6db.jpg,89.24041666666666,52.12604219082018
C:\Users\carmonta\Desktop\data-centric-cross-season-transfer\datasets\train_on_2025_all\val\images\frame_00081_jpg.rf.52ce65655a130601ce53aada1278983d.jpg,frame_00081_jpg.rf.52ce65655a130601ce53aada1278983d.jpg,100.88752604166666,60.785149773131515
C:\Users\carmonta\Desktop\data-centric-cross-season-transfer\datasets\train_on_2025_all\val\images\frame_00081_jpg.rf.62014fa2a9bb0e63eadc48945b8d0111.jpg,frame_00081_jpg.rf.62014fa2a9bb0e63eadc48945b8d0111.jpg,125.14564236111111,43.9618963220788
C:\Users\carmonta\Desktop\data-centric-cross-season-transfer\datasets\train_on_2025_all\val\images\frame_00082_jpg.rf.004cc66294be97bdc0ea3cd90a45c311.jpg,frame_00082_jpg.rf.004cc66294be97bdc0ea3cd90a45c311.jpg,87.24567274305555,59.16530343154149
C:\Users\carmonta\Desktop\data-centric-cross-season-transfer\datasets\train_on_2025_all\val\images\frame_00082_jpg.rf.5d9e33906fe0b5057e57cff10c44573d.jpg,frame_00082_jpg.rf.5d9e33906fe0b5057e57cff10c44573d.jpg,114.50071180555555,68.82774372871016
C:\Users\carmonta\Desktop\data-centric-cross-season-transfer\datasets\train_on_2025_all\val\images\frame_00082_jpg.rf.78d1a586c98f272dac5597268ce58c75.jpg,frame_00082_jpg.rf.78d1a586c98f272dac5597268ce58c75.jpg,80.3947873263889,56.34947860735793
C:\Users\carmonta\Desktop\data-centric-cross-season-transfer\datasets\train_on_2025_all\val\images\frame_00082_jpg.rf.8760bad924d9fc6a30511a8d358d8a93.jpg,frame_00082_jpg.rf.8760bad924d9fc6a30511a8d358d8a93.jpg,121.44249565972223,47.99142682973311
C:\Users\carmonta\Desktop\data-centric-cross-season-transfer\datasets\train_on_2025_all\val\images\frame_00082_jpg.rf.8c44fed453d9fde0b8ac6fb47c90fab2.jpg,frame_00082_jpg.rf.8c44fed453d9fde0b8ac6fb47c90fab2.jpg,92.46829427083334,66.6337059922426
C:\Users\carmonta\Desktop\data-centric-cross-season-transfer\datasets\train_on_2025_all\val\images\frame_00082_jpg.rf.cd65738bbb2d2df68e1570cfa6f4b2fe.jpg,frame_00082_jpg.rf.cd65738bbb2d2df68e1570cfa6f4b2fe.jpg,92.47268229166667,66.64065273909621
C:\Users\carmonta\Desktop\data-centric-cross-season-transfer\datasets\train_on_2025_all\val\images\frame_00083_jpg.rf.8f13f187c201b8d69e77da4efbd283ab.jpg,frame_00083_jpg.rf.8f13f187c201b8d69e77da4efbd283ab.jpg,77.80944010416667,66.03474958740992
C:\Users\carmonta\Desktop\data-centric-cross-season-transfer\datasets\train_on_2025_all\val\images\frame_00084_jpg.rf.2239c259729b12d63cfc1e666dab56f4.jpg,frame_00084_jpg.rf.2239c259729b12d63cfc1e666dab56f4.jpg,95.21188368055556,72.81776710391742
C:\Users\carmonta\Desktop\data-centric-cross-season-transfer\datasets\train_on_2025_all\val\images\frame_00084_jpg.rf.b39031b486a9fd4e52e1faac9dc452ec.jpg,frame_00084_jpg.rf.b39031b486a9fd4e52e1faac9dc452ec.jpg,121.43715711805555,51.97916383174309
C:\Users\carmonta\Desktop\data-centric-cross-season-transfer\datasets\train_on_2025_all\val\images\frame_00084_jpg.rf.ee045bc2f2fa1c10ca2e58f4f3fc8e40.jpg,frame_00084_jpg.rf.ee045bc2f2fa1c10ca2e58f4f3fc8e40.jpg,114.60516927083333,48.871225506222245
C:\Users\carmonta\Desktop\data-centric-cross-season-transfer\datasets\train_on_2025_all\val\images\frame_00085_jpg.rf.6fcff5ca456d3ab4362957992f3b89c8.jpg,frame_00085_jpg.rf.6fcff5ca456d3ab4362957992f3b89c8.jpg,120.66040364583333,51.67246346691677
C:\Users\carmonta\Desktop\data-centric-cross-season-transfer\datasets\train_on_2025_all\val\images\frame_00086_jpg.rf.e89e3e0704208a6e653851173e72c0d4.jpg,frame_00086_jpg.rf.e89e3e0704208a6e653851173e72c0d4.jpg,121.05080295138889,51.083643468312154
C:\Users\carmonta\Desktop\data-centric-cross-season-transfer\datasets\train_on_2025_all\val\images\frame_00087_jpg.rf.2273da68fbc6530498bbf110cf5cf414.jpg,frame_00087_jpg.rf.2273da68fbc6530498bbf110cf5cf414.jpg,89.79504340277778,55.08770278384813
C:\Users\carmonta\Desktop\data-centric-cross-season-transfer\datasets\train_on_2025_all\val\images\frame_00087_jpg.rf.30487ec4f5c6f44e3f01a5de7665cd05.jpg,frame_00087_jpg.rf.30487ec4f5c6f44e3f01a5de7665cd05.jpg,121.90235243055555,50.24111521115465
C:\Users\carmonta\Desktop\data-centric-cross-season-transfer\datasets\train_on_2025_all\val\images\frame_00087_jpg.rf.7ae06c589f24c04a399eb268b296dcbb.jpg,frame_00087_jpg.rf.7ae06c589f24c04a399eb268b296dcbb.jpg,112.93200086805555,48.73807687427539
C:\Users\carmonta\Desktop\data-centric-cross-season-transfer\datasets\train_on_2025_all\val\images\frame_00088_jpg.rf.10bd431064e51baf4ca530d7be09cea3.jpg,frame_00088_jpg.rf.10bd431064e51baf4ca530d7be09cea3.jpg,118.93053819444444,44.61932067488393
C:\Users\carmonta\Desktop\data-centric-cross-season-transfer\datasets\train_on_2025_all\val\images\frame_00088_jpg.rf.235f7a1dfbc4a3617de678aa431e4661.jpg,frame_00088_jpg.rf.235f7a1dfbc4a3617de678aa431e4661.jpg,124.6567578125,49.01976112556715
C:\Users\carmonta\Desktop\data-centric-cross-season-transfer\datasets\train_on_2025_all\val\images\frame_00088_jpg.rf.5aba4656869e338f73535ca30ae7d507.jpg,frame_00088_jpg.rf.5aba4656869e338f73535ca30ae7d507.jpg,80.10867621527778,49.358870776954234
C:\Users\carmonta\Desktop\data-centric-cross-season-transfer\datasets\train_on_2025_all\val\images\frame_00088_jpg.rf.7c0e32ae7a36439992800b99dbec2149.jpg,frame_00088_jpg.rf.7c0e32ae7a36439992800b99dbec2149.jpg,118.93979166666666,44.63498141512797
C:\Users\carmonta\Desktop\data-centric-cross-season-transfer\datasets\train_on_2025_all\val\images\frame_00089_jpg.rf.2ed54b8ca5af0f71cd086ffff6027fa3.jpg,frame_00089_jpg.rf.2ed54b8ca5af0f71cd086ffff6027fa3.jpg,121.05938802083334,44.38544421270125
C:\Users\carmonta\Desktop\data-centric-cross-season-transfer\datasets\train_on_2025_all\val\images\frame_00089_jpg.rf.8b995120cac38df1876a44df4065cfce.jpg,frame_00089_jpg.rf.8b995120cac38df1876a44df4065cfce.jpg,121.0485720486111,44.272582780639695
C:\Users\carmonta\Desktop\data-centric-cross-season-transfer\datasets\train_on_2025_all\val\images\frame_00089_jpg.rf.c871ac0ade0b3596c0568865526ab8e4.jpg,frame_00089_jpg.rf.c871ac0ade0b3596c0568865526ab8e4.jpg,127.35004340277777,47.58372368306969
C:\Users\carmonta\Desktop\data-centric-cross-season-transfer\datasets\train_on_2025_all\val\images\frame_00090_jpg.rf.02b6601feae1671dd9c7ac51528f59b8.jpg,frame_00090_jpg.rf.02b6601feae1671dd9c7ac51528f59b8.jpg,102.82849826388889,68.16335411420829
C:\Users\carmonta\Desktop\data-centric-cross-season-transfer\datasets\train_on_2025_all\val\images\frame_00091_jpg.rf.18ff8f7f145cf7ae080729f1cd0cb860.jpg,frame_00091_jpg.rf.18ff8f7f145cf7ae080729f1cd0cb860.jpg,128.69417534722223,45.24715513345167
C:\Users\carmonta\Desktop\data-centric-cross-season-transfer\datasets\train_on_2025_all\val\images\frame_00091_jpg.rf.1a3507b58d62c2b53bf3b9fc234772f5.jpg,frame_00091_jpg.rf.1a3507b58d62c2b53bf3b9fc234772f5.jpg,96.37693142361111,66.98018773167145
C:\Users\carmonta\Desktop\data-centric-cross-season-transfer\datasets\train_on_2025_all\val\images\frame_00091_jpg.rf.53071addb72cbd0c4f705f69654ffaf2.jpg,frame_00091_jpg.rf.53071addb72cbd0c4f705f69654ffaf2.jpg,102.85674045138889,54.08203044912738
C:\Users\carmonta\Desktop\data-centric-cross-season-transfer\datasets\train_on_2025_all\val\images\frame_00091_jpg.rf.b2b339dd0149de2dda8dd17898d3bd0e.jpg,frame_00091_jpg.rf.b2b339dd0149de2dda8dd17898d3bd0e.jpg,79.08688802083333,61.32361723839358
C:\Users\carmonta\Desktop\data-centric-cross-season-transfer\datasets\train_on_2025_all\val\images\frame_00092_jpg.rf.e6af5053face84555e7bc2f278b1e0ed.jpg,frame_00092_jpg.rf.e6af5053face84555e7bc2f278b1e0ed.jpg,83.12154079861111,60.50841279221331
C:\Users\carmonta\Desktop\data-centric-cross-season-transfer\datasets\train_on_2025_all\val\images\frame_00092_jpg.rf.ef54d42de7731e1528fa8cd77853b7e1.jpg,frame_00092_jpg.rf.ef54d42de7731e1528fa8cd77853b7e1.jpg,90.82092881944445,61.23558170294789
C:\Users\carmonta\Desktop\data-centric-cross-season-transfer\datasets\train_on_2025_all\val\images\frame_00092_jpg.rf.ff5b9d9bc6889d7bf9446e6bf2b62e72.jpg,frame_00092_jpg.rf.ff5b9d9bc6889d7bf9446e6bf2b62e72.jpg,83.06918836805555,60.39770945646681
C:\Users\carmonta\Desktop\data-centric-cross-season-transfer\datasets\train_on_2025_all\val\images\frame_00093_jpg.rf.1208dc6839eeee15348cb84900a2f2ae.jpg,frame_00093_jpg.rf.1208dc6839eeee15348cb84900a2f2ae.jpg,101.33707899305556,65.67632921302982
C:\Users\carmonta\Desktop\data-centric-cross-season-transfer\datasets\train_on_2025_all\val\images\frame_00093_jpg.rf.737f743feaa01553acfc68547f868567.jpg,frame_00093_jpg.rf.737f743feaa01553acfc68547f868567.jpg,125.42571180555555,42.07383651524292
C:\Users\carmonta\Desktop\data-centric-cross-season-transfer\datasets\train_on_2025_all\val\images\frame_00093_jpg.rf.75bc22dd4ea742c939d76bc83f9da916.jpg,frame_00093_jpg.rf.75bc22dd4ea742c939d76bc83f9da916.jpg,125.42637586805556,42.061377374498484
C:\Users\carmonta\Desktop\data-centric-cross-season-transfer\datasets\train_on_2025_all\val\images\frame_00094_jpg.rf.5ef55d1da6c1b1d50fdabfa4631d4a71.jpg,frame_00094_jpg.rf.5ef55d1da6c1b1d50fdabfa4631d4a71.jpg,123.90604166666667,41.539295735897774
C:\Users\carmonta\Desktop\data-centric-cross-season-transfer\datasets\train_on_2025_all\val\images\frame_00095_jpg.rf.6e6bb9618d6b2930ee5177c353f2da9d.jpg,frame_00095_jpg.rf.6e6bb9618d6b2930ee5177c353f2da9d.jpg,107.99115017361112,59.1886009428877
C:\Users\carmonta\Desktop\data-centric-cross-season-transfer\datasets\train_on_2025_all\val\images\frame_00096_jpg.rf.2681eb68228fe2bef0c583b0cbb242e5.jpg,frame_00096_jpg.rf.2681eb68228fe2bef0c583b0cbb242e5.jpg,74.96854600694445,69.02321453826193
C:\Users\carmonta\Desktop\data-centric-cross-season-transfer\datasets\train_on_2025_all\val\images\frame_00096_jpg.rf.d9c9e4ed3db078ed4ddd2c7b5d53df3f.jpg,frame_00096_jpg.rf.d9c9e4ed3db078ed4ddd2c7b5d53df3f.jpg,96.53000868055555,61.20199381879448
C:\Users\carmonta\Desktop\data-centric-cross-season-transfer\datasets\train_on_2025_all\val\images\frame_00097_jpg.rf.1e567c8676fbf904571916ede7caf2aa.jpg,frame_00097_jpg.rf.1e567c8676fbf904571916ede7caf2aa.jpg,122.19177951388889,39.379560363689905
C:\Users\carmonta\Desktop\data-centric-cross-season-transfer\datasets\train_on_2025_all\val\images\frame_00097_jpg.rf.22dbee2b12635b1d0b84f622f54ec38e.jpg,frame_00097_jpg.rf.22dbee2b12635b1d0b84f622f54ec38e.jpg,88.44386284722222,61.50410166997962
C:\Users\carmonta\Desktop\data-centric-cross-season-transfer\datasets\train_on_2025_all\val\images\frame_00098_jpg.rf.13659912a3fad261bec4e2fec536937d.jpg,frame_00098_jpg.rf.13659912a3fad261bec4e2fec536937d.jpg,123.29924479166667,40.45275301954387
C:\Users\carmonta\Desktop\data-centric-cross-season-transfer\datasets\train_on_2025_all\val\images\frame_00098_jpg.rf.2875f06c9f1abbbb4ed076e62910d445.jpg,frame_00098_jpg.rf.2875f06c9f1abbbb4ed076e62910d445.jpg,93.61866319444445,62.15590758621201
C:\Users\carmonta\Desktop\data-centric-cross-season-transfer\datasets\train_on_2025_all\val\images\frame_00098_jpg.rf.e31efa123de2666eb5a3d12117a50bd8.jpg,frame_00098_jpg.rf.e31efa123de2666eb5a3d12117a50bd8.jpg,93.61947048611111,62.16603284750759
C:\Users\carmonta\Desktop\data-centric-cross-season-transfer\datasets\train_on_2025_all\val\images\frame_00099_jpg.rf.09377e0177be384033bb7f6e63656693.jpg,frame_00099_jpg.rf.09377e0177be384033bb7f6e63656693.jpg,122.45891059027778,41.33633279431826
C:\Users\carmonta\Desktop\data-centric-cross-season-transfer\datasets\train_on_2025_all\val\images\frame_00099_jpg.rf.8481008a27b03b2922758b953313cbf7.jpg,frame_00099_jpg.rf.8481008a27b03b2922758b953313cbf7.jpg,100.7447265625,64.75292508316727
C:\Users\carmonta\Desktop\data-centric-cross-season-transfer\datasets\train_on_2025_all\val\images\frame_00100_jpg.rf.1dceade3ea5c88ff380fc0a0c08d5670.jpg,frame_00100_jpg.rf.1dceade3ea5c88ff380fc0a0c08d5670.jpg,123.75034722222222,43.32550189510527
C:\Users\carmonta\Desktop\data-centric-cross-season-transfer\datasets\train_on_2025_all\val\images\frame_00100_jpg.rf.f229830159f18399ac8bfb5fdc30373f.jpg,frame_00100_jpg.rf.f229830159f18399ac8bfb5fdc30373f.jpg,83.85435329861112,61.21284819736954
C:\Users\carmonta\Desktop\data-centric-cross-season-transfer\datasets\train_on_2025_all\val\images\frame_00101_jpg.rf.0aa0111fb0dc646713b263594df4cf3b.jpg,frame_00101_jpg.rf.0aa0111fb0dc646713b263594df4cf3b.jpg,86.3867578125,64.03671186231789
C:\Users\carmonta\Desktop\data-centric-cross-season-transfer\datasets\train_on_2025_all\val\images\frame_00101_jpg.rf.52ee1280f5a3473b235ae5247b40ce2b.jpg,frame_00101_jpg.rf.52ee1280f5a3473b235ae5247b40ce2b.jpg,86.42549479166667,64.11071014714432
C:\Users\carmonta\Desktop\data-centric-cross-season-transfer\datasets\train_on_2025_all\val\images\frame_00101_jpg.rf.6bca36fd4a9bdddcc7a9d67bfd7c08b4.jpg,frame_00101_jpg.rf.6bca36fd4a9bdddcc7a9d67bfd7c08b4.jpg,84.55848958333333,71.42431587640925
C:\Users\carmonta\Desktop\data-centric-cross-season-transfer\datasets\train_on_2025_all\val\images\frame_00102_jpg.rf.3d45b9a19006e31ed37bf357b24b01c5.jpg,frame_00102_jpg.rf.3d45b9a19006e31ed37bf357b24b01c5.jpg,121.9779296875,43.950041218915395
C:\Users\carmonta\Desktop\data-centric-cross-season-transfer\datasets\train_on_2025_all\val\images\frame_00102_jpg.rf.e28f336421ee4a8591ed078277c99b8f.jpg,frame_00102_jpg.rf.e28f336421ee4a8591ed078277c99b8f.jpg,94.99015190972223,72.14571549991228
C:\Users\carmonta\Desktop\data-centric-cross-season-transfer\datasets\train_on_2025_all\val\images\frame_00103_jpg.rf.ba425325a6711ea912fa8e9d38f41bfd.jpg,frame_00103_jpg.rf.ba425325a6711ea912fa8e9d38f41bfd.jpg,123.58850260416666,43.20542045305389
C:\Users\carmonta\Desktop\data-centric-cross-season-transfer\datasets\train_on_2025_all\val\images\frame_00103_jpg.rf.dcfa70e447e8251d8853370424fd173b.jpg,frame_00103_jpg.rf.dcfa70e447e8251d8853370424fd173b.jpg,87.90672743055555,59.6954337212842
C:\Users\carmonta\Desktop\data-centric-cross-season-transfer\datasets\train_on_2025_all\val\images\frame_00104_jpg.rf.02145fc01d7ab1f9ed61037fbe0efe26.jpg,frame_00104_jpg.rf.02145fc01d7ab1f9ed61037fbe0efe26.jpg,90.46013020833334,62.87174885826649
C:\Users\carmonta\Desktop\data-centric-cross-season-transfer\datasets\train_on_2025_all\val\images\frame_00104_jpg.rf.a257a702e20d746a57e253184c43e9c5.jpg,frame_00104_jpg.rf.a257a702e20d746a57e253184c43e9c5.jpg,122.87434895833333,43.21726685624696
C:\Users\carmonta\Desktop\data-centric-cross-season-transfer\datasets\train_on_2025_all\val\images\frame_00105_jpg.rf.33de88c8edd349c485996caa87905d61.jpg,frame_00105_jpg.rf.33de88c8edd349c485996caa87905d61.jpg,123.01075520833334,42.59119787070569
C:\Users\carmonta\Desktop\data-centric-cross-season-transfer\datasets\train_on_2025_all\val\images\frame_00106_jpg.rf.06b3e0ce1241c6a68d34795ce103fd97.jpg,frame_00106_jpg.rf.06b3e0ce1241c6a68d34795ce103fd97.jpg,81.80966145833334,56.38223349494453
C:\Users\carmonta\Desktop\data-centric-cross-season-transfer\datasets\train_on_2025_all\val\images\frame_00106_jpg.rf.7087fe5ce2d441301c48f19812919caf.jpg,frame_00106_jpg.rf.7087fe5ce2d441301c48f19812919caf.jpg,122.27612847222223,44.20683063277219
C:\Users\carmonta\Desktop\data-centric-cross-season-transfer\datasets\train_on_2025_all\val\images\frame_00106_jpg.rf.8d08bf2d6c71df94caeebdb712a2e378.jpg,frame_00106_jpg.rf.8d08bf2d6c71df94caeebdb712a2e378.jpg,81.86594618055555,56.47146117414474
C:\Users\carmonta\Desktop\data-centric-cross-season-transfer\datasets\train_on_2025_all\val\images\frame_00106_jpg.rf.aebd6c0306e492303281181f8a036be8.jpg,frame_00106_jpg.rf.aebd6c0306e492303281181f8a036be8.jpg,83.57958767361112,63.677093203037465
C:\Users\carmonta\Desktop\data-centric-cross-season-transfer\datasets\train_on_2025_all\val\images\frame_00106_jpg.rf.fbbbde5c567bfa9a849e5bbf1f854437.jpg,frame_00106_jpg.rf.fbbbde5c567bfa9a849e5bbf1f854437.jpg,81.85220920138889,56.44670192976647
C:\Users\carmonta\Desktop\data-centric-cross-season-transfer\datasets\train_on_2025_all\val\images\frame_00107_jpg.rf.6c13d14b1e88f8c287ff27d1bd6fcfc4.jpg,frame_00107_jpg.rf.6c13d14b1e88f8c287ff27d1bd6fcfc4.jpg,107.07990885416666,65.86045115926107
C:\Users\carmonta\Desktop\data-centric-cross-season-transfer\datasets\train_on_2025_all\val\images\frame_00108_jpg.rf.2797dccb22f0cec7fc8ede551c2364e4.jpg,frame_00108_jpg.rf.2797dccb22f0cec7fc8ede551c2364e4.jpg,79.48974392361112,61.72747008598097
C:\Users\carmonta\Desktop\data-centric-cross-season-transfer\datasets\train_on_2025_all\val\images\frame_00108_jpg.rf.547d677e4d03df343ea35285be507920.jpg,frame_00108_jpg.rf.547d677e4d03df343ea35285be507920.jpg,93.37702256944445,52.44095735678382
C:\Users\carmonta\Desktop\data-centric-cross-season-transfer\datasets\train_on_2025_all\val\images\frame_00108_jpg.rf.70aa0c3d327b78679029e41e67a4e761.jpg,frame_00108_jpg.rf.70aa0c3d327b78679029e41e67a4e761.jpg,122.23568142361111,43.62393918157728
C:\Users\carmonta\Desktop\data-centric-cross-season-transfer\datasets\train_on_2025_all\val\images\frame_00108_jpg.rf.b2c7d0406b3c9fd3d23d5d921c71b825.jpg,frame_00108_jpg.rf.b2c7d0406b3c9fd3d23d5d921c71b825.jpg,98.20641493055555,55.929479224722506
C:\Users\carmonta\Desktop\data-centric-cross-season-transfer\datasets\train_on_2025_all\val\images\frame_00108_jpg.rf.ea294a94f1845e450333950dd385c414.jpg,frame_00108_jpg.rf.ea294a94f1845e450333950dd385c414.jpg,93.37702256944445,52.44095735678382
C:\Users\carmonta\Desktop\data-centric-cross-season-transfer\datasets\train_on_2025_all\val\images\frame_00109_jpg.rf.8e9a9d0d60350a9ed2f9c591df835ec6.jpg,frame_00109_jpg.rf.8e9a9d0d60350a9ed2f9c591df835ec6.jpg,81.57899739583333,59.849430364599186
C:\Users\carmonta\Desktop\data-centric-cross-season-transfer\datasets\train_on_2025_all\val\images\frame_00110_jpg.rf.393fa41abc3e8c8c24e345c3c43d9452.jpg,frame_00110_jpg.rf.393fa41abc3e8c8c24e345c3c43d9452.jpg,74.50651909722222,62.75265979755788
C:\Users\carmonta\Desktop\data-centric-cross-season-transfer\datasets\train_on_2025_all\val\images\frame_00110_jpg.rf.8515c76436be98c9989be490e1b76a80.jpg,frame_00110_jpg.rf.8515c76436be98c9989be490e1b76a80.jpg,120.23713541666666,45.49942192233198
C:\Users\carmonta\Desktop\data-centric-cross-season-transfer\datasets\train_on_2025_all\val\images\frame_00111_jpg.rf.589f872a64ca3f7e688d639297e27e77.jpg,frame_00111_jpg.rf.589f872a64ca3f7e688d639297e27e77.jpg,86.24659722222222,57.83765793945241
C:\Users\carmonta\Desktop\data-centric-cross-season-transfer\datasets\train_on_2025_all\val\images\frame_00111_jpg.rf.ec03d204ba8552d72cc6dc61c7dcd1c7.jpg,frame_00111_jpg.rf.ec03d204ba8552d72cc6dc61c7dcd1c7.jpg,91.66915364583333,48.928347713373356
C:\Users\carmonta\Desktop\data-centric-cross-season-transfer\datasets\train_on_2025_all\val\images\frame_00112_jpg.rf.02bfea7e645a79d58628a4f75a5a30bf.jpg,frame_00112_jpg.rf.02bfea7e645a79d58628a4f75a5a30bf.jpg,80.07904079861112,56.543840445349126
C:\Users\carmonta\Desktop\data-centric-cross-season-transfer\datasets\train_on_2025_all\val\images\frame_00112_jpg.rf.c15a7c31771b10308570f6a149db3b4a.jpg,frame_00112_jpg.rf.c15a7c31771b10308570f6a149db3b4a.jpg,117.25299479166667,47.10303251866947
C:\Users\carmonta\Desktop\data-centric-cross-season-transfer\datasets\train_on_2025_all\val\images\frame_00113_jpg.rf.03f09e6607484f67a2c8c2c4622c033e.jpg,frame_00113_jpg.rf.03f09e6607484f67a2c8c2c4622c033e.jpg,110.6941015625,50.9731196856364
C:\Users\carmonta\Desktop\data-centric-cross-season-transfer\datasets\train_on_2025_all\val\images\frame_00113_jpg.rf.334176fe73e3c94e030f396e71e5135e.jpg,frame_00113_jpg.rf.334176fe73e3c94e030f396e71e5135e.jpg,72.97000434027778,58.22395294562681
C:\Users\carmonta\Desktop\data-centric-cross-season-transfer\datasets\train_on_2025_all\val\images\frame_00113_jpg.rf.e2c1539fd451ce3387e479f2344ceb82.jpg,frame_00113_jpg.rf.e2c1539fd451ce3387e479f2344ceb82.jpg,74.67102430555556,60.89436760403414
C:\Users\carmonta\Desktop\data-centric-cross-season-transfer\datasets\train_on_2025_all\val\images\frame_00114_jpg.rf.f1e85a2ff93d0e9b6ffdfaa7e766c6cf.jpg,frame_00114_jpg.rf.f1e85a2ff93d0e9b6ffdfaa7e766c6cf.jpg,55.5839453125,56.42550300128833
C:\Users\carmonta\Desktop\data-centric-cross-season-transfer\datasets\train_on_2025_all\val\images\frame_00115_jpg.rf.9040928b303879825f28282e64ac9442.jpg,frame_00115_jpg.rf.9040928b303879825f28282e64ac9442.jpg,92.640625,63.62476525790303
C:\Users\carmonta\Desktop\data-centric-cross-season-transfer\datasets\train_on_2025_all\val\images\frame_00115_jpg.rf.b695a2c5c9fe0f34530f88d4c7608c41.jpg,frame_00115_jpg.rf.b695a2c5c9fe0f34530f88d4c7608c41.jpg,92.61062065972222,63.55072901944537
C:\Users\carmonta\Desktop\data-centric-cross-season-transfer\datasets\train_on_2025_all\val\images\frame_00115_jpg.rf.b924b162ac6747db94ad9a609d63fe9f.jpg,frame_00115_jpg.rf.b924b162ac6747db94ad9a609d63fe9f.jpg,84.853984375,64.83194138603055
C:\Users\carmonta\Desktop\data-centric-cross-season-transfer\datasets\train_on_2025_all\val\images\frame_00115_jpg.rf.e717a0add4db410ce8ee876487c9bc49.jpg,frame_00115_jpg.rf.e717a0add4db410ce8ee876487c9bc49.jpg,87.87391493055556,55.0327810780108
C:\Users\carmonta\Desktop\data-centric-cross-season-transfer\datasets\train_on_2025_all\val\images\frame_00116_jpg.rf.2f6613cb62be7ec09ea284f980e05f35.jpg,frame_00116_jpg.rf.2f6613cb62be7ec09ea284f980e05f35.jpg,105.54141927083333,77.91514801148963
C:\Users\carmonta\Desktop\data-centric-cross-season-transfer\datasets\train_on_2025_all\val\images\frame_00116_jpg.rf.ade451a39da1ce8e63b72404d49e1517.jpg,frame_00116_jpg.rf.ade451a39da1ce8e63b72404d49e1517.jpg,86.02107204861112,56.45439456952685
C:\Users\carmonta\Desktop\data-centric-cross-season-transfer\datasets\train_on_2025_all\val\images\frame_00118_jpg.rf.0f4ceb04f723eccd1f97fa68b7c3cfc2.jpg,frame_00118_jpg.rf.0f4ceb04f723eccd1f97fa68b7c3cfc2.jpg,113.20437065972222,45.97606335805924
C:\Users\carmonta\Desktop\data-centric-cross-season-transfer\datasets\train_on_2025_all\val\images\frame_00118_jpg.rf.4a54600ab4b174e81240dbadfdde41fb.jpg,frame_00118_jpg.rf.4a54600ab4b174e81240dbadfdde41fb.jpg,87.22735677083334,53.8409720848778
C:\Users\carmonta\Desktop\data-centric-cross-season-transfer\datasets\train_on_2025_all\val\images\frame_00118_jpg.rf.cf533be1646a5ce023cbf0beddd73890.jpg,frame_00118_jpg.rf.cf533be1646a5ce023cbf0beddd73890.jpg,113.2032204861111,45.86691538711175
C:\Users\carmonta\Desktop\data-centric-cross-season-transfer\datasets\train_on_2025_all\val\images\frame_00119_jpg.rf.450972c9af7ee6e83cd158412be276a3.jpg,frame_00119_jpg.rf.450972c9af7ee6e83cd158412be276a3.jpg,112.34282986111111,44.37375578043097
C:\Users\carmonta\Desktop\data-centric-cross-season-transfer\datasets\train_on_2025_all\val\images\frame_00119_jpg.rf.ade6cfc25d5716b294234655d4f3c6bc.jpg,frame_00119_jpg.rf.ade6cfc25d5716b294234655d4f3c6bc.jpg,94.41582899305556,55.89866325888732
C:\Users\carmonta\Desktop\data-centric-cross-season-transfer\datasets\train_on_2025_all\val\images\frame_00120_jpg.rf.49936d1e10a96662b4f6896721fb06e4.jpg,frame_00120_jpg.rf.49936d1e10a96662b4f6896721fb06e4.jpg,63.36068142361111,57.89778716615212
C:\Users\carmonta\Desktop\data-centric-cross-season-transfer\datasets\train_on_2025_all\val\images\frame_00120_jpg.rf.b4266d71de0fe2366776d1b8b80d387a.jpg,frame_00120_jpg.rf.b4266d71de0fe2366776d1b8b80d387a.jpg,110.05661892361111,52.76675592905685
C:\Users\carmonta\Desktop\data-centric-cross-season-transfer\datasets\train_on_2025_all\val\images\frame_00121_jpg.rf.12e93234967f812d13e845668bc04166.jpg,frame_00121_jpg.rf.12e93234967f812d13e845668bc04166.jpg,70.75680555555556,65.5265917358575
C:\Users\carmonta\Desktop\data-centric-cross-season-transfer\datasets\train_on_2025_all\val\images\frame_00121_jpg.rf.51862acc4c728dfd7d58a45a4b2a6815.jpg,frame_00121_jpg.rf.51862acc4c728dfd7d58a45a4b2a6815.jpg,106.46041666666666,43.74462233814511
C:\Users\carmonta\Desktop\data-centric-cross-season-transfer\datasets\train_on_2025_all\val\images\frame_00121_jpg.rf.8a9e244fc34382b707f3c5c5eecf2876.jpg,frame_00121_jpg.rf.8a9e244fc34382b707f3c5c5eecf2876.jpg,70.81855034722223,65.62259738709724
C:\Users\carmonta\Desktop\data-centric-cross-season-transfer\datasets\train_on_2025_all\val\images\frame_00122_jpg.rf.2d586d8ae0251d9d37560156e339edac.jpg,frame_00122_jpg.rf.2d586d8ae0251d9d37560156e339edac.jpg,101.19572916666667,57.09260019814287
C:\Users\carmonta\Desktop\data-centric-cross-season-transfer\datasets\train_on_2025_all\val\images\frame_00123_jpg.rf.23ca1f968c29286700ac1730477b1844.jpg,frame_00123_jpg.rf.23ca1f968c29286700ac1730477b1844.jpg,92.4644748263889,49.91294744884822
C:\Users\carmonta\Desktop\data-centric-cross-season-transfer\datasets\train_on_2025_all\val\images\frame_00123_jpg.rf.cbdceb48ccd7243b202cbe30e6f618dd.jpg,frame_00123_jpg.rf.cbdceb48ccd7243b202cbe30e6f618dd.jpg,95.21403645833334,56.09381027565988
C:\Users\carmonta\Desktop\data-centric-cross-season-transfer\datasets\train_on_2025_all\val\images\frame_00123_jpg.rf.cbfd4fa2f7adbbe9449809c4c799494e.jpg,frame_00123_jpg.rf.cbfd4fa2f7adbbe9449809c4c799494e.jpg,104.02873263888888,54.08874113427875
C:\Users\carmonta\Desktop\data-centric-cross-season-transfer\datasets\train_on_2025_all\val\images\frame_00124_jpg.rf.4e69da4dcf98dd819502fbd162b00801.jpg,frame_00124_jpg.rf.4e69da4dcf98dd819502fbd162b00801.jpg,112.45125868055555,45.732236544402944
C:\Users\carmonta\Desktop\data-centric-cross-season-transfer\datasets\train_on_2025_all\val\images\frame_00125_jpg.rf.8a7ed71cf0443a4731c59787be324252.jpg,frame_00125_jpg.rf.8a7ed71cf0443a4731c59787be324252.jpg,121.63958767361112,41.869328529740905
C:\Users\carmonta\Desktop\data-centric-cross-season-transfer\datasets\train_on_2025_all\val\images\frame_00126_jpg.rf.59a0317fcd7339560884d25745db7349.jpg,frame_00126_jpg.rf.59a0317fcd7339560884d25745db7349.jpg,83.22052083333334,46.88962502300671
C:\Users\carmonta\Desktop\data-centric-cross-season-transfer\datasets\train_on_2025_all\val\images\frame_00127_jpg.rf.281e67c3f0032c9577774aab7c3c032a.jpg,frame_00127_jpg.rf.281e67c3f0032c9577774aab7c3c032a.jpg,83.07516927083333,45.53996657124255
C:\Users\carmonta\Desktop\data-centric-cross-season-transfer\datasets\train_on_2025_all\val\images\frame_00128_jpg.rf.6d859548e6535524fea3d6eae218760d.jpg,frame_00128_jpg.rf.6d859548e6535524fea3d6eae218760d.jpg,99.25861111111111,72.55059204962798
C:\Users\carmonta\Desktop\data-centric-cross-season-transfer\datasets\train_on_2025_all\val\images\frame_00129_jpg.rf.1c6f7302635a9467f2ded694426eb6a5.jpg,frame_00129_jpg.rf.1c6f7302635a9467f2ded694426eb6a5.jpg,94.53558159722222,59.46951820101664
C:\Users\carmonta\Desktop\data-centric-cross-season-transfer\datasets\train_on_2025_all\val\images\frame_00131_jpg.rf.d6dc81af629b4b79b91986b47f22f179.jpg,frame_00131_jpg.rf.d6dc81af629b4b79b91986b47f22f179.jpg,99.62726128472222,59.44869872637966
C:\Users\carmonta\Desktop\data-centric-cross-season-transfer\datasets\train_on_2025_all\val\images\frame_00131_jpg.rf.f1e87553a95e6a41f499fe8e02700a7d.jpg,frame_00131_jpg.rf.f1e87553a95e6a41f499fe8e02700a7d.jpg,99.62479600694445,59.42252709456131
C:\Users\carmonta\Desktop\data-centric-cross-season-transfer\datasets\train_on_2025_all\val\images\frame_00132_jpg.rf.1fc62a5f381fb96cc0e0bbaf3783fdad.jpg,frame_00132_jpg.rf.1fc62a5f381fb96cc0e0bbaf3783fdad.jpg,95.46443142361112,56.56132689527493
C:\Users\carmonta\Desktop\data-centric-cross-season-transfer\datasets\train_on_2025_all\val\images\frame_00132_jpg.rf.581e58ef53bbf64fbc0070a7cc42f6ef.jpg,frame_00132_jpg.rf.581e58ef53bbf64fbc0070a7cc42f6ef.jpg,96.64390625,60.4331586199404
C:\Users\carmonta\Desktop\data-centric-cross-season-transfer\datasets\train_on_2025_all\val\images\frame_00132_jpg.rf.be8e6aec1aa77bb4c1062c1e11410e2e.jpg,frame_00132_jpg.rf.be8e6aec1aa77bb4c1062c1e11410e2e.jpg,96.67642795138889,60.510422956482564
C:\Users\carmonta\Desktop\data-centric-cross-season-transfer\datasets\train_on_2025_all\val\images\frame_00132_jpg.rf.d1397d38caa75a77d8db080b7d01d67b.jpg,frame_00132_jpg.rf.d1397d38caa75a77d8db080b7d01d67b.jpg,95.46471354166667,56.56903718826691
C:\Users\carmonta\Desktop\data-centric-cross-season-transfer\datasets\train_on_2025_all\val\images\frame_00133_jpg.rf.9f27648e38d8c0eaf06364b450069d8a.jpg,frame_00133_jpg.rf.9f27648e38d8c0eaf06364b450069d8a.jpg,92.50734809027777,59.331494132590066
C:\Users\carmonta\Desktop\data-centric-cross-season-transfer\datasets\train_on_2025_all\val\images\frame_00133_jpg.rf.d006fda658276b0b0e3b9fc97d149fd0.jpg,frame_00133_jpg.rf.d006fda658276b0b0e3b9fc97d149fd0.jpg,92.51993055555556,59.378197957697495
C:\Users\carmonta\Desktop\data-centric-cross-season-transfer\datasets\train_on_2025_all\val\images\frame_00134_jpg.rf.243ac01151e3061ea4ba5f8804f7db28.jpg,frame_00134_jpg.rf.243ac01151e3061ea4ba5f8804f7db28.jpg,96.09085503472222,65.0852943023627
C:\Users\carmonta\Desktop\data-centric-cross-season-transfer\datasets\train_on_2025_all\val\images\frame_00135_jpg.rf.0b45278947642f449508ad67d27e3afd.jpg,frame_00135_jpg.rf.0b45278947642f449508ad67d27e3afd.jpg,80.51448784722223,61.48712269342396
C:\Users\carmonta\Desktop\data-centric-cross-season-transfer\datasets\train_on_2025_all\val\images\frame_00135_jpg.rf.4421485dc0ff840381535ff25928c741.jpg,frame_00135_jpg.rf.4421485dc0ff840381535ff25928c741.jpg,101.0348046875,49.761134375764534
C:\Users\carmonta\Desktop\data-centric-cross-season-transfer\datasets\train_on_2025_all\val\images\frame_00136_jpg.rf.908f5ad9e3b697d883055ee46fc7ed79.jpg,frame_00136_jpg.rf.908f5ad9e3b697d883055ee46fc7ed79.jpg,106.00103298611111,65.04859687595238
C:\Users\carmonta\Desktop\data-centric-cross-season-transfer\datasets\train_on_2025_all\val\images\frame_00137_jpg.rf.37863c62b7e5c493f8a8bbb935558e4d.jpg,frame_00137_jpg.rf.37863c62b7e5c493f8a8bbb935558e4d.jpg,100.84249131944445,63.36181192258293
C:\Users\carmonta\Desktop\data-centric-cross-season-transfer\datasets\train_on_2025_all\val\images\frame_00137_jpg.rf.b873662714718083f0d0b8b1a9f9ff52.jpg,frame_00137_jpg.rf.b873662714718083f0d0b8b1a9f9ff52.jpg,67.23202256944444,61.1588817188208
C:\Users\carmonta\Desktop\data-centric-cross-season-transfer\datasets\train_on_2025_all\val\images\frame_00137_jpg.rf.e485a257a4bacb1337ecafb6483895d1.jpg,frame_00137_jpg.rf.e485a257a4bacb1337ecafb6483895d1.jpg,90.70401041666666,56.650325029345126
C:\Users\carmonta\Desktop\data-centric-cross-season-transfer\datasets\train_on_2025_all\val\images\frame_00138_jpg.rf.264629fcdb2c71d636e717f4e765cdfc.jpg,frame_00138_jpg.rf.264629fcdb2c71d636e717f4e765cdfc.jpg,98.7890451388889,63.26330313924686
C:\Users\carmonta\Desktop\data-centric-cross-season-transfer\datasets\train_on_2025_all\val\images\frame_00138_jpg.rf.6b3cc9f4f6e87d758b7909dad954b389.jpg,frame_00138_jpg.rf.6b3cc9f4f6e87d758b7909dad954b389.jpg,104.90225694444445,55.64712234975839
C:\Users\carmonta\Desktop\data-centric-cross-season-transfer\datasets\train_on_2025_all\val\images\frame_00139_jpg.rf.58ddcb5b1ec512d1c2a6acbe9424923b.jpg,frame_00139_jpg.rf.58ddcb5b1ec512d1c2a6acbe9424923b.jpg,60.84181423611111,60.10308320664306
C:\Users\carmonta\Desktop\data-centric-cross-season-transfer\datasets\train_on_2025_all\val\images\frame_00140_jpg.rf.705c1259c649e1d4fe97303493492bdc.jpg,frame_00140_jpg.rf.705c1259c649e1d4fe97303493492bdc.jpg,114.20319010416667,42.56832970432703
C:\Users\carmonta\Desktop\data-centric-cross-season-transfer\datasets\train_on_2025_all\val\images\frame_00141_jpg.rf.832bcbbc660f8b51e263f96e795f6ea0.jpg,frame_00141_jpg.rf.832bcbbc660f8b51e263f96e795f6ea0.jpg,81.04967881944444,61.60452673551323
C:\Users\carmonta\Desktop\data-centric-cross-season-transfer\datasets\train_on_2025_all\val\images\frame_00141_jpg.rf.e8b31ef1bed263008e9f267fdf0573eb.jpg,frame_00141_jpg.rf.e8b31ef1bed263008e9f267fdf0573eb.jpg,117.22034288194445,41.53963995666855
C:\Users\carmonta\Desktop\data-centric-cross-season-transfer\datasets\train_on_2025_all\val\images\frame_00143_jpg.rf.261c6ddf61083b22726507b7b8944588.jpg,frame_00143_jpg.rf.261c6ddf61083b22726507b7b8944588.jpg,117.16457465277777,46.390494550372146
C:\Users\carmonta\Desktop\data-centric-cross-season-transfer\datasets\train_on_2025_all\val\images\frame_00143_jpg.rf.c2754e78a3449c304fad659586024299.jpg,frame_00143_jpg.rf.c2754e78a3449c304fad659586024299.jpg,81.52396267361111,60.52861946838543
C:\Users\carmonta\Desktop\data-centric-cross-season-transfer\datasets\train_on_2025_all\val\images\frame_00143_jpg.rf.f0188ceaa25b19d08d00eb6186ec44ae.jpg,frame_00143_jpg.rf.f0188ceaa25b19d08d00eb6186ec44ae.jpg,81.52780381944444,60.52183941679291
C:\Users\carmonta\Desktop\data-centric-cross-season-transfer\datasets\train_on_2025_all\val\images\frame_00144_jpg.rf.489c2886c1cfce6ad531645ba6f372d1.jpg,frame_00144_jpg.rf.489c2886c1cfce6ad531645ba6f372d1.jpg,119.79451822916667,41.01205503651632
C:\Users\carmonta\Desktop\data-centric-cross-season-transfer\datasets\train_on_2025_all\val\images\frame_00144_jpg.rf.af91a91769839410c716c6b7bd5213d7.jpg,frame_00144_jpg.rf.af91a91769839410c716c6b7bd5213d7.jpg,68.33777777777777,56.97035446719007
C:\Users\carmonta\Desktop\data-centric-cross-season-transfer\datasets\train_on_2025_all\val\images\frame_00145_jpg.rf.d13337ee7253362aa896f68b52d82071.jpg,frame_00145_jpg.rf.d13337ee7253362aa896f68b52d82071.jpg,65.89985677083334,57.42934458768576
C:\Users\carmonta\Desktop\data-centric-cross-season-transfer\datasets\train_on_2025_all\val\images\frame_00147_jpg.rf.d4eab13b71efdd10d5d96641c0c8aed1.jpg,frame_00147_jpg.rf.d4eab13b71efdd10d5d96641c0c8aed1.jpg,73.33719618055555,58.655907557927634
C:\Users\carmonta\Desktop\data-centric-cross-season-transfer\datasets\train_on_2025_all\val\images\frame_00151_jpg.rf.4fa3ab55fa088d05bb0b7ff1c5e01832.jpg,frame_00151_jpg.rf.4fa3ab55fa088d05bb0b7ff1c5e01832.jpg,81.61339409722223,65.94387987387748
C:\Users\carmonta\Desktop\data-centric-cross-season-transfer\datasets\train_on_2025_all\val\images\frame_00152_jpg.rf.d274e40cf9798025bd1d8688866ff402.jpg,frame_00152_jpg.rf.d274e40cf9798025bd1d8688866ff402.jpg,85.63426215277778,53.57872075203299
C:\Users\carmonta\Desktop\data-centric-cross-season-transfer\datasets\train_on_2025_all\val\images\frame_00153_jpg.rf.06ab50cc7b88ee13cb64a262e3e52a36.jpg,frame_00153_jpg.rf.06ab50cc7b88ee13cb64a262e3e52a36.jpg,95.13901475694445,58.227306190326836
C:\Users\carmonta\Desktop\data-centric-cross-season-transfer\datasets\train_on_2025_all\val\images\frame_00153_jpg.rf.a494915e949275b1ee75c93233e8c5b3.jpg,frame_00153_jpg.rf.a494915e949275b1ee75c93233e8c5b3.jpg,81.33733506944445,68.21885862475867
C:\Users\carmonta\Desktop\data-centric-cross-season-transfer\datasets\train_on_2025_all\val\images\frame_00153_jpg.rf.da6ea8b251faaaaa15fd3f99ecde93d7.jpg,frame_00153_jpg.rf.da6ea8b251faaaaa15fd3f99ecde93d7.jpg,95.16576388888889,58.283750026270674
C:\Users\carmonta\Desktop\data-centric-cross-season-transfer\datasets\train_on_2025_all\val\images\frame_00154_jpg.rf.c82195ddeeec24138d56ec6bc36574fe.jpg,frame_00154_jpg.rf.c82195ddeeec24138d56ec6bc36574fe.jpg,101.37507378472222,58.42792056988929
C:\Users\carmonta\Desktop\data-centric-cross-season-transfer\datasets\train_on_2025_all\val\images\frame_00155_jpg.rf.65b10faf8765e5753236bc40f87a060d.jpg,frame_00155_jpg.rf.65b10faf8765e5753236bc40f87a060d.jpg,113.78098090277778,50.40882359183588
C:\Users\carmonta\Desktop\data-centric-cross-season-transfer\datasets\train_on_2025_all\val\images\frame_00155_jpg.rf.8d511c2b44137e44d60a75c60d8e4884.jpg,frame_00155_jpg.rf.8d511c2b44137e44d60a75c60d8e4884.jpg,113.76418836805556,50.31930462603643
C:\Users\carmonta\Desktop\data-centric-cross-season-transfer\datasets\train_on_2025_all\val\images\frame_00155_jpg.rf.e3735b412f353990b93a74eb9ca0a192.jpg,frame_00155_jpg.rf.e3735b412f353990b93a74eb9ca0a192.jpg,113.7903515625,50.43226481984566
C:\Users\carmonta\Desktop\data-centric-cross-season-transfer\datasets\train_on_2025_all\val\images\frame_00156_jpg.rf.3570d2e7336024fd16e0c7cfe2324bbe.jpg,frame_00156_jpg.rf.3570d2e7336024fd16e0c7cfe2324bbe.jpg,80.71878038194444,57.21595990137841
C:\Users\carmonta\Desktop\data-centric-cross-season-transfer\datasets\train_on_2025_all\val\images\frame_00156_jpg.rf.f5337bfc114b8c691fceb9d1f239ae43.jpg,frame_00156_jpg.rf.f5337bfc114b8c691fceb9d1f239ae43.jpg,80.74341579861111,57.275591324718846
C:\Users\carmonta\Desktop\data-centric-cross-season-transfer\datasets\train_on_2025_all\val\images\frame_00158_jpg.rf.49c4738f1d0b1b9bacdf5e0da5edafce.jpg,frame_00158_jpg.rf.49c4738f1d0b1b9bacdf5e0da5edafce.jpg,120.55815104166666,42.97893565600502
C:\Users\carmonta\Desktop\data-centric-cross-season-transfer\datasets\train_on_2025_all\val\images\frame_00159_jpg.rf.7424d30cdf46154d39cf60a91ee73a5e.jpg,frame_00159_jpg.rf.7424d30cdf46154d39cf60a91ee73a5e.jpg,116.19100260416667,46.298621006113144
C:\Users\carmonta\Desktop\data-centric-cross-season-transfer\datasets\train_on_2025_all\val\images\frame_00159_jpg.rf.ebafaf5eac6bd1d97307a917da335f25.jpg,frame_00159_jpg.rf.ebafaf5eac6bd1d97307a917da335f25.jpg,82.20589409722223,66.06772096458347
C:\Users\carmonta\Desktop\data-centric-cross-season-transfer\datasets\train_on_2025_all\val\images\frame_00160_jpg.rf.d0bccc74926f00fbbba892391b35654d.jpg,frame_00160_jpg.rf.d0bccc74926f00fbbba892391b35654d.jpg,91.32655381944444,67.26151319842496
C:\Users\carmonta\Desktop\data-centric-cross-season-transfer\datasets\train_on_2025_all\val\images\frame_00161_jpg.rf.1801ecd677090554daba7c8c08cad5e1.jpg,frame_00161_jpg.rf.1801ecd677090554daba7c8c08cad5e1.jpg,81.81498263888889,68.98360227734865
C:\Users\carmonta\Desktop\data-centric-cross-season-transfer\datasets\train_on_2025_all\val\images\frame_00161_jpg.rf.bf95f0229bf0b1b52c72288fbfa0b83b.jpg,frame_00161_jpg.rf.bf95f0229bf0b1b52c72288fbfa0b83b.jpg,98.99107204861112,52.37942729544327
C:\Users\carmonta\Desktop\data-centric-cross-season-transfer\datasets\train_on_2025_all\val\images\frame_00162_jpg.rf.77e5f6b3e9088602a07c5e46df47b95d.jpg,frame_00162_jpg.rf.77e5f6b3e9088602a07c5e46df47b95d.jpg,94.63561197916667,69.08183988897996
C:\Users\carmonta\Desktop\data-centric-cross-season-transfer\datasets\train_on_2025_all\val\images\frame_00162_jpg.rf.7d9c85670b1dd9e517d058c275604a7a.jpg,frame_00162_jpg.rf.7d9c85670b1dd9e517d058c275604a7a.jpg,94.75651909722222,56.23464247174496
C:\Users\carmonta\Desktop\data-centric-cross-season-transfer\datasets\train_on_2025_all\val\images\frame_00165_jpg.rf.9674e1c6f39421e6b35f073c72e58345.jpg,frame_00165_jpg.rf.9674e1c6f39421e6b35f073c72e58345.jpg,108.22229166666666,51.05490980876959
C:\Users\carmonta\Desktop\data-centric-cross-season-transfer\datasets\train_on_2025_all\val\images\frame_00166_jpg.rf.bcd08ef701bd176e14af51da16a1a659.jpg,frame_00166_jpg.rf.bcd08ef701bd176e14af51da16a1a659.jpg,110.79696614583334,52.19832619240568
C:\Users\carmonta\Desktop\data-centric-cross-season-transfer\datasets\train_on_2025_all\val\images\frame_00167_jpg.rf.c4ece3fde9e2c8b63f44e1bf6b9b446d.jpg,frame_00167_jpg.rf.c4ece3fde9e2c8b63f44e1bf6b9b446d.jpg,92.19167100694445,54.56590174169963
C:\Users\carmonta\Desktop\data-centric-cross-season-transfer\datasets\train_on_2025_all\val\images\frame_00167_jpg.rf.f8aaac085ca2adc17da406c40a56c3a9.jpg,frame_00167_jpg.rf.f8aaac085ca2adc17da406c40a56c3a9.jpg,92.22591579861111,54.63910199108524
C:\Users\carmonta\Desktop\data-centric-cross-season-transfer\datasets\train_on_2025_all\val\images\frame_00171_jpg.rf.7f406999f0aa8c786521b465b5620733.jpg,frame_00171_jpg.rf.7f406999f0aa8c786521b465b5620733.jpg,84.67774739583334,50.695807765144615
C:\Users\carmonta\Desktop\data-centric-cross-season-transfer\datasets\train_on_2025_all\val\images\frame_00173_jpg.rf.806cad28049aab045de406a04e423df8.jpg,frame_00173_jpg.rf.806cad28049aab045de406a04e423df8.jpg,74.18080295138888,55.49639570423313
C:\Users\carmonta\Desktop\data-centric-cross-season-transfer\datasets\train_on_2025_all\val\images\frame_00177_jpg.rf.bb91114be028cf18ac1ac74466435389.jpg,frame_00177_jpg.rf.bb91114be028cf18ac1ac74466435389.jpg,62.55748697916667,56.403441203726445
C:\Users\carmonta\Desktop\data-centric-cross-season-transfer\datasets\train_on_2025_all\val\images\frame_00178_jpg.rf.3e5d98a815e11b9219dfb64fba90686e.jpg,frame_00178_jpg.rf.3e5d98a815e11b9219dfb64fba90686e.jpg,77.67295138888889,62.91681271482274
C:\Users\carmonta\Desktop\data-centric-cross-season-transfer\datasets\train_on_2025_all\val\images\frame_00184_jpg.rf.a083924429f702cde07d381bbcefd4ad.jpg,frame_00184_jpg.rf.a083924429f702cde07d381bbcefd4ad.jpg,98.85286458333333,60.71869628540881
C:\Users\carmonta\Desktop\data-centric-cross-season-transfer\datasets\train_on_2025_all\val\images\frame_00186_jpg.rf.8590294fe807e98c263ae189d2f1695b.jpg,frame_00186_jpg.rf.8590294fe807e98c263ae189d2f1695b.jpg,85.82168402777778,64.84733072665662
C:\Users\carmonta\Desktop\data-centric-cross-season-transfer\datasets\train_on_2025_all\val\images\frame_00197_jpg.rf.78a4bcc5fc460aca4a25e3698f3f571b.jpg,frame_00197_jpg.rf.78a4bcc5fc460aca4a25e3698f3f571b.jpg,83.00467881944445,61.48422508827667
C:\Users\carmonta\Desktop\data-centric-cross-season-transfer\datasets\train_on_2025_all\val\images\frame_00199_jpg.rf.008f9f96e8b05275ca7d3646acf4e3bb.jpg,frame_00199_jpg.rf.008f9f96e8b05275ca7d3646acf4e3bb.jpg,80.146328125,63.06163564452771
C:\Users\carmonta\Desktop\data-centric-cross-season-transfer\datasets\train_on_2025_all\val\images\frame_00200_jpg.rf.c4713d7845cc1a9f226beeb2078ac1b2.jpg,frame_00200_jpg.rf.c4713d7845cc1a9f226beeb2078ac1b2.jpg,92.83806857638889,66.84566891499563
C:\Users\carmonta\Desktop\data-centric-cross-season-transfer\datasets\train_on_2025_all\val\images\frame_00204_jpg.rf.df2a8cfed71013deaf9a36116294ae1e.jpg,frame_00204_jpg.rf.df2a8cfed71013deaf9a36116294ae1e.jpg,94.8408984375,60.329578857558
C:\Users\carmonta\Desktop\data-centric-cross-season-transfer\datasets\train_on_2025_all\val\images\frame_00206_jpg.rf.5fc951a0833df4eb51423dd47ecbf582.jpg,frame_00206_jpg.rf.5fc951a0833df4eb51423dd47ecbf582.jpg,87.92619791666667,52.30295060313675
C:\Users\carmonta\Desktop\data-centric-cross-season-transfer\datasets\train_on_2025_all\val\images\frame_00207_jpg.rf.c2be41aaf3cc69c9d442a336a0bcefd1.jpg,frame_00207_jpg.rf.c2be41aaf3cc69c9d442a336a0bcefd1.jpg,88.76809027777777,53.189416770842726
C:\Users\carmonta\Desktop\data-centric-cross-season-transfer\datasets\train_on_2025_all\val\images\frame_00208_jpg.rf.d546323772e2be92e59431b4e2072c4f.jpg,frame_00208_jpg.rf.d546323772e2be92e59431b4e2072c4f.jpg,95.41136284722222,53.20997256072852
C:\Users\carmonta\Desktop\data-centric-cross-season-transfer\datasets\train_on_2025_all\val\images\frame_00210_jpg.rf.43980e32aa727d8a0413ee87c98193b6.jpg,frame_00210_jpg.rf.43980e32aa727d8a0413ee87c98193b6.jpg,79.02308159722222,53.2630397461857
C:\Users\carmonta\Desktop\data-centric-cross-season-transfer\datasets\train_on_2025_all\val\images\frame_00210_jpg.rf.606795c4ce3783439a0b2ad231cdf465.jpg,frame_00210_jpg.rf.606795c4ce3783439a0b2ad231cdf465.jpg,78.96046006944445,53.12548446638708
C:\Users\carmonta\Desktop\data-centric-cross-season-transfer\datasets\train_on_2025_all\val\images\frame_00213_jpg.rf.1fdb2c2f85ef35f9c854678844611de2.jpg,frame_00213_jpg.rf.1fdb2c2f85ef35f9c854678844611de2.jpg,98.26981770833333,62.86892409455603
C:\Users\carmonta\Desktop\data-centric-cross-season-transfer\datasets\train_on_2025_all\val\images\frame_00214_jpg.rf.d417c7d9320af24acc5a959b8bc7cc36.jpg,frame_00214_jpg.rf.d417c7d9320af24acc5a959b8bc7cc36.jpg,101.69960069444444,66.36213573166805
C:\Users\carmonta\Desktop\data-centric-cross-season-transfer\datasets\train_on_2025_all\val\images\frame_00215_jpg.rf.9864f0df39c1b743d9670ccf72b3f772.jpg,frame_00215_jpg.rf.9864f0df39c1b743d9670ccf72b3f772.jpg,99.34814670138888,70.52913531600203
C:\Users\carmonta\Desktop\data-centric-cross-season-transfer\datasets\train_on_2025_all\val\images\frame_00218_jpg.rf.6f599dc6d78396ca8375e58f8940bf6d.jpg,frame_00218_jpg.rf.6f599dc6d78396ca8375e58f8940bf6d.jpg,52.42171875,58.47756700250114
C:\Users\carmonta\Desktop\data-centric-cross-season-transfer\datasets\train_on_2025_all\val\images\frame_00222_jpg.rf.0d20c02a8faa6f7ae03bae6b3f583fb1.jpg,frame_00222_jpg.rf.0d20c02a8faa6f7ae03bae6b3f583fb1.jpg,101.91092013888888,72.12440592033794
C:\Users\carmonta\Desktop\data-centric-cross-season-transfer\datasets\train_on_2025_all\val\images\frame_00231_jpg.rf.77bc6dc4a4d81196be9b0a47348a3c33.jpg,frame_00231_jpg.rf.77bc6dc4a4d81196be9b0a47348a3c33.jpg,100.14210069444445,69.53468794943983
C:\Users\carmonta\Desktop\data-centric-cross-season-transfer\datasets\train_on_2025_all\val\images\GX010664_MP4-0024_jpg.rf.68bdb92be47f2a72a110278707f2bb29.jpg,GX010664_MP4-0024_jpg.rf.68bdb92be47f2a72a110278707f2bb29.jpg,140.60281684027777,42.38118514204832
C:\Users\carmonta\Desktop\data-centric-cross-season-transfer\datasets\train_on_2025_all\val\images\GX010664_MP4-0024_jpg.rf.cad3a1f7291e7b19185c3424a9b7a7a4.jpg,GX010664_MP4-0024_jpg.rf.cad3a1f7291e7b19185c3424a9b7a7a4.jpg,140.60180555555556,42.31234367528611
C:\Users\carmonta\Desktop\data-centric-cross-season-transfer\datasets\train_on_2025_all\val\images\GX010664_MP4-0027_jpg.rf.5f8718f44188ce4277a73e163cda91c3.jpg,GX010664_MP4-0027_jpg.rf.5f8718f44188ce4277a73e163cda91c3.jpg,138.1400607638889,40.58370541405993
C:\Users\carmonta\Desktop\data-centric-cross-season-transfer\datasets\train_on_2025_all\val\images\GX010664_MP4-0027_jpg.rf.9be1a7062e9dc99c2865c770c24da79c.jpg,GX010664_MP4-0027_jpg.rf.9be1a7062e9dc99c2865c770c24da79c.jpg,138.11561197916666,40.75693232209428
C:\Users\carmonta\Desktop\data-centric-cross-season-transfer\datasets\train_on_2025_all\val\images\GX010664_MP4-0031_jpg.rf.c5698f3f3213b4f29f801aa910e85447.jpg,GX010664_MP4-0031_jpg.rf.c5698f3f3213b4f29f801aa910e85447.jpg,141.55103298611112,37.610781617751805
C:\Users\carmonta\Desktop\data-centric-cross-season-transfer\datasets\train_on_2025_all\val\images\GX010664_MP4-0031_jpg.rf.eabdd5989b451952b5a892e6e1e39e22.jpg,GX010664_MP4-0031_jpg.rf.eabdd5989b451952b5a892e6e1e39e22.jpg,141.54841145833333,37.72710835648305
C:\Users\carmonta\Desktop\data-centric-cross-season-transfer\datasets\train_on_2025_all\val\images\GX010664_MP4-0035_jpg.rf.8b7690fde7b76921c471e4a81bfcfcd6.jpg,GX010664_MP4-0035_jpg.rf.8b7690fde7b76921c471e4a81bfcfcd6.jpg,142.26208767361112,36.51714784811463
C:\Users\carmonta\Desktop\data-centric-cross-season-transfer\datasets\train_on_2025_all\val\images\GX010664_MP4-0036_jpg.rf.7304f9f7de96081f2d1b12ff1ddcf922.jpg,GX010664_MP4-0036_jpg.rf.7304f9f7de96081f2d1b12ff1ddcf922.jpg,138.35171440972223,34.84349618883694
C:\Users\carmonta\Desktop\data-centric-cross-season-transfer\datasets\train_on_2025_all\val\images\GX010664_MP4-0037_jpg.rf.c0ebdfe95dad9732fdb71d744b24d7a3.jpg,GX010664_MP4-0037_jpg.rf.c0ebdfe95dad9732fdb71d744b24d7a3.jpg,139.2526171875,36.95121043735572
C:\Users\carmonta\Desktop\data-centric-cross-season-transfer\datasets\train_on_2025_all\val\images\GX010664_MP4-0038_jpg.rf.ad6f49c423f99a13a20fe34f7699ec2c.jpg,GX010664_MP4-0038_jpg.rf.ad6f49c423f99a13a20fe34f7699ec2c.jpg,140.58541666666667,38.54703797031261
C:\Users\carmonta\Desktop\data-centric-cross-season-transfer\datasets\train_on_2025_all\val\images\GX010664_MP4-0040_jpg.rf.ef89a1288a58225816ddf9138aede15e.jpg,GX010664_MP4-0040_jpg.rf.ef89a1288a58225816ddf9138aede15e.jpg,138.52382378472223,36.66512681610648
C:\Users\carmonta\Desktop\data-centric-cross-season-transfer\datasets\train_on_2025_all\val\images\GX010664_MP4-0042_jpg.rf.4cb03b364f179fdfc87ba63278171cb2.jpg,GX010664_MP4-0042_jpg.rf.4cb03b364f179fdfc87ba63278171cb2.jpg,139.68850694444444,34.38211496861747
C:\Users\carmonta\Desktop\data-centric-cross-season-transfer\datasets\train_on_2025_all\val\images\GX010664_MP4-0044_jpg.rf.f47f23f73b4661be5cebe78a1fd9b7af.jpg,GX010664_MP4-0044_jpg.rf.f47f23f73b4661be5cebe78a1fd9b7af.jpg,138.58949652777778,34.13111187264755
C:\Users\carmonta\Desktop\data-centric-cross-season-transfer\datasets\train_on_2025_all\val\images\GX010664_MP4-0052_jpg.rf.169be3f087e1756ed6297a8615b1b5c5.jpg,GX010664_MP4-0052_jpg.rf.169be3f087e1756ed6297a8615b1b5c5.jpg,135.05407986111112,32.849090852153985
C:\Users\carmonta\Desktop\data-centric-cross-season-transfer\datasets\train_on_2025_all\val\images\GX010664_MP4-0059_jpg.rf.efc52da7042ebe72267de1f18b930db8.jpg,GX010664_MP4-0059_jpg.rf.efc52da7042ebe72267de1f18b930db8.jpg,133.94161892361112,32.72792100033374
C:\Users\carmonta\Desktop\data-centric-cross-season-transfer\datasets\train_on_2025_all\val\images\GX010664_MP4-0061_jpg.rf.acb1d4ca69b7df99b7849bdbeb9eb42e.jpg,GX010664_MP4-0061_jpg.rf.acb1d4ca69b7df99b7849bdbeb9eb42e.jpg,149.14012152777778,37.61239812473494
C:\Users\carmonta\Desktop\data-centric-cross-season-transfer\datasets\train_on_2025_all\val\images\GX010664_MP4-0066_jpg.rf.dbe08062cfe3b4b71322afeec9ae2fde.jpg,GX010664_MP4-0066_jpg.rf.dbe08062cfe3b4b71322afeec9ae2fde.jpg,133.56218315972222,44.26616157222106
C:\Users\carmonta\Desktop\data-centric-cross-season-transfer\datasets\train_on_2025_all\val\images\GX010664_MP4-0067_jpg.rf.14f2ed46b0655e7fbbb2b989bafc8e8a.jpg,GX010664_MP4-0067_jpg.rf.14f2ed46b0655e7fbbb2b989bafc8e8a.jpg,134.08761284722223,43.8546363517537
C:\Users\carmonta\Desktop\data-centric-cross-season-transfer\datasets\train_on_2025_all\val\images\GX010664_MP4-0067_jpg.rf.4ed44c5ef2ddb2cfd2635afcebf806d6.jpg,GX010664_MP4-0067_jpg.rf.4ed44c5ef2ddb2cfd2635afcebf806d6.jpg,134.08309027777779,43.83096106736735
C:\Users\carmonta\Desktop\data-centric-cross-season-transfer\datasets\train_on_2025_all\val\images\GX010664_MP4-0068_jpg.rf.3fb4dacc98e0a4dd4187b56650c43a72.jpg,GX010664_MP4-0068_jpg.rf.3fb4dacc98e0a4dd4187b56650c43a72.jpg,127.98272569444444,43.024975246955634
C:\Users\carmonta\Desktop\data-centric-cross-season-transfer\datasets\train_on_2025_all\val\images\GX010664_MP4-0070_jpg.rf.6351d87aaf52b0e77484587ce9af6e0c.jpg,GX010664_MP4-0070_jpg.rf.6351d87aaf52b0e77484587ce9af6e0c.jpg,134.97663628472222,43.813707050316744
C:\Users\carmonta\Desktop\data-centric-cross-season-transfer\datasets\train_on_2025_all\val\images\GX010664_MP4-0071_jpg.rf.c325b76df4746809d9a2ea96b5172bbd.jpg,GX010664_MP4-0071_jpg.rf.c325b76df4746809d9a2ea96b5172bbd.jpg,126.16960069444444,42.50979088014769
C:\Users\carmonta\Desktop\data-centric-cross-season-transfer\datasets\train_on_2025_all\val\images\GX010664_MP4-0074_jpg.rf.e3354f2a02abcbc5710c30504b71a234.jpg,GX010664_MP4-0074_jpg.rf.e3354f2a02abcbc5710c30504b71a234.jpg,134.32922309027776,45.61172849409818
C:\Users\carmonta\Desktop\data-centric-cross-season-transfer\datasets\train_on_2025_all\val\images\GX010664_MP4-0077_jpg.rf.fd3058efde48559efd580f058b8e7db7.jpg,GX010664_MP4-0077_jpg.rf.fd3058efde48559efd580f058b8e7db7.jpg,137.38172743055554,43.85076041168101
C:\Users\carmonta\Desktop\data-centric-cross-season-transfer\datasets\train_on_2025_all\val\images\GX010664_MP4-0078_jpg.rf.d52997ac14b6f99a294c925411fa7f87.jpg,GX010664_MP4-0078_jpg.rf.d52997ac14b6f99a294c925411fa7f87.jpg,134.57342881944444,43.723634701067155
C:\Users\carmonta\Desktop\data-centric-cross-season-transfer\datasets\train_on_2025_all\val\images\GX010664_MP4-0078_jpg.rf.e7451f1d8d4eb701f83a250ce81d4788.jpg,GX010664_MP4-0078_jpg.rf.e7451f1d8d4eb701f83a250ce81d4788.jpg,134.56690104166665,43.634670548812466
C:\Users\carmonta\Desktop\data-centric-cross-season-transfer\datasets\train_on_2025_all\val\images\GX010664_MP4-0084_jpg.rf.1efdbf3c3ad61502fe99236fe23c93b6.jpg,GX010664_MP4-0084_jpg.rf.1efdbf3c3ad61502fe99236fe23c93b6.jpg,141.6931640625,44.45788548437926
C:\Users\carmonta\Desktop\data-centric-cross-season-transfer\datasets\train_on_2025_all\val\images\GX010664_MP4-0088_jpg.rf.18eccdaf532449a0e9abf6b83ae7c30c.jpg,GX010664_MP4-0088_jpg.rf.18eccdaf532449a0e9abf6b83ae7c30c.jpg,146.01918402777778,41.56910824693381
C:\Users\carmonta\Desktop\data-centric-cross-season-transfer\datasets\train_on_2025_all\val\images\GX010664_MP4-0088_jpg.rf.7da268e07567b2afa939b6c5b122c6af.jpg,GX010664_MP4-0088_jpg.rf.7da268e07567b2afa939b6c5b122c6af.jpg,146.02235677083334,41.485786337693334
C:\Users\carmonta\Desktop\data-centric-cross-season-transfer\datasets\train_on_2025_all\val\images\GX010664_MP4-0096_jpg.rf.05009caaf0239f32d5ac0c588f4d0eb8.jpg,GX010664_MP4-0096_jpg.rf.05009caaf0239f32d5ac0c588f4d0eb8.jpg,142.2078168402778,36.41199236555111
C:\Users\carmonta\Desktop\data-centric-cross-season-transfer\datasets\train_on_2025_all\val\images\GX010664_MP4-0096_jpg.rf.10fa759372185333fb15e69c666a4194.jpg,GX010664_MP4-0096_jpg.rf.10fa759372185333fb15e69c666a4194.jpg,142.19536024305555,36.39662907211234
C:\Users\carmonta\Desktop\data-centric-cross-season-transfer\datasets\train_on_2025_all\val\images\GX010664_MP4-0101_jpg.rf.b392e33b090c412a1bd3d16fc896ff07.jpg,GX010664_MP4-0101_jpg.rf.b392e33b090c412a1bd3d16fc896ff07.jpg,150.24690538194446,52.557037935152785
C:\Users\carmonta\Desktop\data-centric-cross-season-transfer\datasets\train_on_2025_all\val\images\GX010664_MP4-0103_jpg.rf.2afcb4ea5e3a84325e1512278c62a6a2.jpg,GX010664_MP4-0103_jpg.rf.2afcb4ea5e3a84325e1512278c62a6a2.jpg,156.61268229166666,44.324563303840286
C:\Users\carmonta\Desktop\data-centric-cross-season-transfer\datasets\train_on_2025_all\val\images\GX010665_MP4-0012_jpg.rf.64d04998d1e1812f48cc368919b5ff2b.jpg,GX010665_MP4-0012_jpg.rf.64d04998d1e1812f48cc368919b5ff2b.jpg,138.17197916666666,42.174687534732776
C:\Users\carmonta\Desktop\data-centric-cross-season-transfer\datasets\train_on_2025_all\val\images\GX010665_MP4-0012_jpg.rf.a63cc12d49a95c8a6b3fa20a7de567fa.jpg,GX010665_MP4-0012_jpg.rf.a63cc12d49a95c8a6b3fa20a7de567fa.jpg,138.1890451388889,42.061395372543956
C:\Users\carmonta\Desktop\data-centric-cross-season-transfer\datasets\train_on_2025_all\val\images\GX010665_MP4-0022_jpg.rf.723e604757d98356d2ebeed4cb48b674.jpg,GX010665_MP4-0022_jpg.rf.723e604757d98356d2ebeed4cb48b674.jpg,139.2420529513889,41.41740043515797
C:\Users\carmonta\Desktop\data-centric-cross-season-transfer\datasets\train_on_2025_all\val\images\GX010665_MP4-0023_jpg.rf.225f6777f4ce184f96f12aa2c17ca51f.jpg,GX010665_MP4-0023_jpg.rf.225f6777f4ce184f96f12aa2c17ca51f.jpg,145.14665364583334,50.25192971177101
C:\Users\carmonta\Desktop\data-centric-cross-season-transfer\datasets\train_on_2025_all\val\images\GX010665_MP4-0024_jpg.rf.2b2ea2848e3d1c6db7507d149117bc90.jpg,GX010665_MP4-0024_jpg.rf.2b2ea2848e3d1c6db7507d149117bc90.jpg,144.86023871527777,54.29625590361962
C:\Users\carmonta\Desktop\data-centric-cross-season-transfer\datasets\train_on_2025_all\val\images\GX010665_MP4-0057_jpg.rf.c5ad8dd8aa8c0ff763f4af3d881ae057.jpg,GX010665_MP4-0057_jpg.rf.c5ad8dd8aa8c0ff763f4af3d881ae057.jpg,144.28908854166667,39.07506425541841
C:\Users\carmonta\Desktop\data-centric-cross-season-transfer\datasets\train_on_2025_all\val\images\GX010665_MP4-0058_jpg.rf.0fb0ddc328651d27336a2cf05f423e2b.jpg,GX010665_MP4-0058_jpg.rf.0fb0ddc328651d27336a2cf05f423e2b.jpg,147.0264019097222,40.08407312624994
C:\Users\carmonta\Desktop\data-centric-cross-season-transfer\datasets\train_on_2025_all\val\images\GX010665_MP4-0058_jpg.rf.15a6bf79fba796428afa4b6a5beeb9a0.jpg,GX010665_MP4-0058_jpg.rf.15a6bf79fba796428afa4b6a5beeb9a0.jpg,147.0264019097222,40.08407312624994
C:\Users\carmonta\Desktop\data-centric-cross-season-transfer\datasets\train_on_2025_all\val\images\GX010665_MP4-0088_jpg.rf.d0e1067ed340a5059ccf59a73d7366c1.jpg,GX010665_MP4-0088_jpg.rf.d0e1067ed340a5059ccf59a73d7366c1.jpg,147.15828125,49.856036399303505
C:\Users\carmonta\Desktop\data-centric-cross-season-transfer\datasets\train_on_2025_all\val\images\GX010665_MP4-0091_jpg.rf.93a5f8704847156a04d344d5aaeceab9.jpg,GX010665_MP4-0091_jpg.rf.93a5f8704847156a04d344d5aaeceab9.jpg,139.52684895833335,27.04918824454797
C:\Users\carmonta\Desktop\data-centric-cross-season-transfer\datasets\train_on_2025_all\val\images\GX010665_MP4-0092_jpg.rf.7b917ea177a70730c7363331b404819c.jpg,GX010665_MP4-0092_jpg.rf.7b917ea177a70730c7363331b404819c.jpg,141.0916623263889,25.801575673189223
C:\Users\carmonta\Desktop\data-centric-cross-season-transfer\datasets\train_on_2025_all\val\images\GX010665_MP4-0099_jpg.rf.222dbad1672907a88e814844be3ee105.jpg,GX010665_MP4-0099_jpg.rf.222dbad1672907a88e814844be3ee105.jpg,136.36372395833334,40.00205708712464
C:\Users\carmonta\Desktop\data-centric-cross-season-transfer\datasets\train_on_2025_all\val\images\GX010665_MP4-0100_jpg.rf.2f48e9422b2776132e8bce5a9b039b72.jpg,GX010665_MP4-0100_jpg.rf.2f48e9422b2776132e8bce5a9b039b72.jpg,136.66559895833333,41.49044975334684
C:\Users\carmonta\Desktop\data-centric-cross-season-transfer\datasets\train_on_2025_all\val\images\GX010665_MP4-0100_jpg.rf.7fe92a46dbd236f4104e37b487ed5e0a.jpg,GX010665_MP4-0100_jpg.rf.7fe92a46dbd236f4104e37b487ed5e0a.jpg,136.67921006944445,41.405742104654045
C:\Users\carmonta\Desktop\data-centric-cross-season-transfer\datasets\train_on_2025_all\val\images\GX010665_MP4-0101_jpg.rf.131b63cfb62ad852ecc981bd69cafc6a.jpg,GX010665_MP4-0101_jpg.rf.131b63cfb62ad852ecc981bd69cafc6a.jpg,139.9366232638889,40.64756481089595
C:\Users\carmonta\Desktop\data-centric-cross-season-transfer\datasets\train_on_2025_all\val\images\GX010665_MP4-0101_jpg.rf.695c98b7feb2e0761f47a995f55df818.jpg,GX010665_MP4-0101_jpg.rf.695c98b7feb2e0761f47a995f55df818.jpg,139.94317708333332,40.75422737500883
C:\Users\carmonta\Desktop\data-centric-cross-season-transfer\datasets\train_on_2025_all\val\images\GX010665_MP4-0103_jpg.rf.ece21a21e53db3834595c3a44fe38c79.jpg,GX010665_MP4-0103_jpg.rf.ece21a21e53db3834595c3a44fe38c79.jpg,137.39921875,45.66157646601649
C:\Users\carmonta\Desktop\data-centric-cross-season-transfer\datasets\train_on_2025_all\val\images\GX010665_MP4-0108_jpg.rf.5fe6fc3f438e32420992750d736dd8de.jpg,GX010665_MP4-0108_jpg.rf.5fe6fc3f438e32420992750d736dd8de.jpg,129.48998697916667,42.07329433167754
C:\Users\carmonta\Desktop\data-centric-cross-season-transfer\datasets\train_on_2025_all\val\images\GX010665_MP4-0111_jpg.rf.dfda8ba95fe487f09a469e4f291a1acb.jpg,GX010665_MP4-0111_jpg.rf.dfda8ba95fe487f09a469e4f291a1acb.jpg,139.4744921875,42.948223839277965
C:\Users\carmonta\Desktop\data-centric-cross-season-transfer\datasets\train_on_2025_all\val\images\GX010665_MP4-0112_jpg.rf.522599c368b90b249eb4c5cc0e82e090.jpg,GX010665_MP4-0112_jpg.rf.522599c368b90b249eb4c5cc0e82e090.jpg,141.04962239583332,45.16387616625578
C:\Users\carmonta\Desktop\data-centric-cross-season-transfer\datasets\train_on_2025_all\val\images\GX010665_MP4-0115_jpg.rf.70c41eb7f4be348b26a5682bfe5e218b.jpg,GX010665_MP4-0115_jpg.rf.70c41eb7f4be348b26a5682bfe5e218b.jpg,124.03467447916667,46.92658041654236
C:\Users\carmonta\Desktop\data-centric-cross-season-transfer\datasets\train_on_2025_all\val\images\GX010665_MP4-0119_jpg.rf.5f1aa092febd98b62c66ae83ed4bc8fe.jpg,GX010665_MP4-0119_jpg.rf.5f1aa092febd98b62c66ae83ed4bc8fe.jpg,122.82282118055555,51.678738307766444
C:\Users\carmonta\Desktop\data-centric-cross-season-transfer\datasets\train_on_2025_all\val\images\GX010665_MP4-0119_jpg.rf.e3eaac99fb068f4060bcebb448f12c67.jpg,GX010665_MP4-0119_jpg.rf.e3eaac99fb068f4060bcebb448f12c67.jpg,122.81044704861111,51.585708693203095
C:\Users\carmonta\Desktop\data-centric-cross-season-transfer\datasets\train_on_2025_all\val\images\GX010665_MP4-0128_jpg.rf.b6c1f3fae9cf9c0c7d37aacbffa551cd.jpg,GX010665_MP4-0128_jpg.rf.b6c1f3fae9cf9c0c7d37aacbffa551cd.jpg,122.96693142361111,54.75200556997463
C:\Users\carmonta\Desktop\data-centric-cross-season-transfer\datasets\train_on_2025_all\val\images\GX010665_MP4-0128_jpg.rf.c021939037661ac7032afb4190379c60.jpg,GX010665_MP4-0128_jpg.rf.c021939037661ac7032afb4190379c60.jpg,122.97729600694444,54.78672578464888
C:\Users\carmonta\Desktop\data-centric-cross-season-transfer\datasets\train_on_2025_all\val\images\GX010665_MP4-0129_jpg.rf.559c57886f5690dd45255de1c6b8867f.jpg,GX010665_MP4-0129_jpg.rf.559c57886f5690dd45255de1c6b8867f.jpg,123.11756076388889,53.86858091065612
C:\Users\carmonta\Desktop\data-centric-cross-season-transfer\datasets\train_on_2025_all\val\images\GX010665_MP4-0129_jpg.rf.a37ee8b684a75dfd36727883aaabc20d.jpg,GX010665_MP4-0129_jpg.rf.a37ee8b684a75dfd36727883aaabc20d.jpg,123.11286024305555,53.78348207385933
C:\Users\carmonta\Desktop\data-centric-cross-season-transfer\datasets\train_on_2025_all\val\images\GX010665_MP4-0130_jpg.rf.728bc198506fc41018b6b7e40531ce85.jpg,GX010665_MP4-0130_jpg.rf.728bc198506fc41018b6b7e40531ce85.jpg,123.62875434027778,54.13906510308916
C:\Users\carmonta\Desktop\data-centric-cross-season-transfer\datasets\train_on_2025_all\val\images\GX010665_MP4-0133_jpg.rf.8d1e694efb88ca474ac6c21a0ecba158.jpg,GX010665_MP4-0133_jpg.rf.8d1e694efb88ca474ac6c21a0ecba158.jpg,122.01943142361111,54.546875228982316
C:\Users\carmonta\Desktop\data-centric-cross-season-transfer\datasets\train_on_2025_all\val\images\GX010665_MP4-0134_jpg.rf.533a6d7d5340ff0795d17941a8751cc7.jpg,GX010665_MP4-0134_jpg.rf.533a6d7d5340ff0795d17941a8751cc7.jpg,121.75047743055555,54.42234492721006
C:\Users\carmonta\Desktop\data-centric-cross-season-transfer\datasets\train_on_2025_all\val\images\GX010665_MP4-0136_jpg.rf.b8d7b046d6a6367157c4935830a3f9c5.jpg,GX010665_MP4-0136_jpg.rf.b8d7b046d6a6367157c4935830a3f9c5.jpg,120.80885416666666,54.733430233682604
C:\Users\carmonta\Desktop\data-centric-cross-season-transfer\datasets\train_on_2025_all\val\images\GX010665_MP4-0136_jpg.rf.e7d4a096af4183113442395ffea99ebe.jpg,GX010665_MP4-0136_jpg.rf.e7d4a096af4183113442395ffea99ebe.jpg,120.80022569444445,54.70394105195466
C:\Users\carmonta\Desktop\data-centric-cross-season-transfer\datasets\train_on_2025_all\val\images\GX010665_MP4-0137_jpg.rf.5716d652fe243567c028515163822762.jpg,GX010665_MP4-0137_jpg.rf.5716d652fe243567c028515163822762.jpg,120.85584635416667,54.978430083205296
C:\Users\carmonta\Desktop\data-centric-cross-season-transfer\datasets\train_on_2025_all\val\images\GX010665_MP4-0139_jpg.rf.5956ec76ac92a8b178e918016374889a.jpg,GX010665_MP4-0139_jpg.rf.5956ec76ac92a8b178e918016374889a.jpg,121.60076822916666,55.068770707383
C:\Users\carmonta\Desktop\data-centric-cross-season-transfer\datasets\train_on_2025_all\val\images\GX010665_MP4-0171_jpg.rf.dd6a1ffdea81d23cc70c7551d7336ae1.jpg,GX010665_MP4-0171_jpg.rf.dd6a1ffdea81d23cc70c7551d7336ae1.jpg,137.7437673611111,49.14261068678124
C:\Users\carmonta\Desktop\data-centric-cross-season-transfer\datasets\train_on_2025_all\val\images\GX010665_MP4-0190_jpg.rf.a65b7e47df154fcf212f40ec66fb504f.jpg,GX010665_MP4-0190_jpg.rf.a65b7e47df154fcf212f40ec66fb504f.jpg,131.00363715277777,50.86924777029403
C:\Users\carmonta\Desktop\data-centric-cross-season-transfer\datasets\train_on_2025_all\val\images\GX010665_MP4-0191_jpg.rf.87101e23e26c8bfb2e724a4583dd0211.jpg,GX010665_MP4-0191_jpg.rf.87101e23e26c8bfb2e724a4583dd0211.jpg,131.30477864583332,50.53909752069392
C:\Users\carmonta\Desktop\data-centric-cross-season-transfer\datasets\train_on_2025_all\val\images\GX010665_MP4-0192_jpg.rf.bc2dcc643f68819e597a8772062d467d.jpg,GX010665_MP4-0192_jpg.rf.bc2dcc643f68819e597a8772062d467d.jpg,129.79231770833334,51.0807762751437
C:\Users\carmonta\Desktop\data-centric-cross-season-transfer\datasets\train_on_2025_all\val\images\GX010665_MP4-0194_jpg.rf.e39d415be7a76c2dac0d698d7990255f.jpg,GX010665_MP4-0194_jpg.rf.e39d415be7a76c2dac0d698d7990255f.jpg,128.20049479166667,51.563496974519595
C:\Users\carmonta\Desktop\data-centric-cross-season-transfer\datasets\train_on_2025_all\val\images\GX010665_MP4-0198_jpg.rf.da126e10c116b5f22a8eca28f42f8830.jpg,GX010665_MP4-0198_jpg.rf.da126e10c116b5f22a8eca28f42f8830.jpg,128.88605902777778,51.29330837905407
C:\Users\carmonta\Desktop\data-centric-cross-season-transfer\datasets\train_on_2025_all\val\images\GX010665_MP4-0199_jpg.rf.fc9b041e2f1a850141e77df9b673ff6f.jpg,GX010665_MP4-0199_jpg.rf.fc9b041e2f1a850141e77df9b673ff6f.jpg,128.9359201388889,51.73311662346427
C:\Users\carmonta\Desktop\data-centric-cross-season-transfer\datasets\train_on_2025_all\val\images\GX010665_MP4-0201_jpg.rf.f08237b7a1cd9471ca7e44e85896f4b2.jpg,GX010665_MP4-0201_jpg.rf.f08237b7a1cd9471ca7e44e85896f4b2.jpg,126.77329427083333,51.65631169249393
C:\Users\carmonta\Desktop\data-centric-cross-season-transfer\datasets\train_on_2025_all\val\images\GX010665_MP4-0208_jpg.rf.3a39b3e140195195576dca5b4d0c2b13.jpg,GX010665_MP4-0208_jpg.rf.3a39b3e140195195576dca5b4d0c2b13.jpg,127.11228298611111,51.43962561589316
C:\Users\carmonta\Desktop\data-centric-cross-season-transfer\datasets\train_on_2025_all\val\images\GX010665_MP4-0216_jpg.rf.8a9ac800a2be00ba4a6db5a5cd5c6296.jpg,GX010665_MP4-0216_jpg.rf.8a9ac800a2be00ba4a6db5a5cd5c6296.jpg,126.35966145833333,52.0616096484823
C:\Users\carmonta\Desktop\data-centric-cross-season-transfer\datasets\train_on_2025_all\val\images\GX010665_MP4-0216_jpg.rf.c85471c96f32f29a4552998a0bfef644.jpg,GX010665_MP4-0216_jpg.rf.c85471c96f32f29a4552998a0bfef644.jpg,126.37284288194445,52.15248104341724
C:\Users\carmonta\Desktop\data-centric-cross-season-transfer\datasets\train_on_2025_all\val\images\GX010665_MP4-0217_jpg.rf.4bd57d75286e8e0e214a12be1b88193d.jpg,GX010665_MP4-0217_jpg.rf.4bd57d75286e8e0e214a12be1b88193d.jpg,126.033515625,52.3101492565692
C:\Users\carmonta\Desktop\data-centric-cross-season-transfer\datasets\train_on_2025_all\val\images\GX010665_MP4-0217_jpg.rf.e2002a9318e1d506b8faadfbca58652a.jpg,GX010665_MP4-0217_jpg.rf.e2002a9318e1d506b8faadfbca58652a.jpg,126.02453559027778,52.19658538265675
C:\Users\carmonta\Desktop\data-centric-cross-season-transfer\datasets\train_on_2025_all\val\images\GX010665_MP4-0218_jpg.rf.f262a0785606543791b62b1ce9c0fa40.jpg,GX010665_MP4-0218_jpg.rf.f262a0785606543791b62b1ce9c0fa40.jpg,128.179921875,52.31512785110278
C:\Users\carmonta\Desktop\data-centric-cross-season-transfer\datasets\train_on_2025_all\val\images\GX010665_MP4-0239_jpg.rf.34b15143adba3fa2a4ed93d169025d31.jpg,GX010665_MP4-0239_jpg.rf.34b15143adba3fa2a4ed93d169025d31.jpg,129.91326388888888,45.11076533070603
C:\Users\carmonta\Desktop\data-centric-cross-season-transfer\datasets\train_on_2025_all\val\images\GX010665_MP4-0239_jpg.rf.8bd249e5768ffb3d9b34def399b31079.jpg,GX010665_MP4-0239_jpg.rf.8bd249e5768ffb3d9b34def399b31079.jpg,129.91981770833334,45.185773591211365
C:\Users\carmonta\Desktop\data-centric-cross-season-transfer\datasets\train_on_2025_all\val\images\GX010665_MP4-0240_jpg.rf.f8a3d3fb848bdffe0c2a9bb5577d6411.jpg,GX010665_MP4-0240_jpg.rf.f8a3d3fb848bdffe0c2a9bb5577d6411.jpg,129.24538628472223,42.73039489111278
C:\Users\carmonta\Desktop\data-centric-cross-season-transfer\datasets\train_on_2025_all\val\images\GX010665_MP4-0241_jpg.rf.244c945f5cf7ac04c9521da67e143662.jpg,GX010665_MP4-0241_jpg.rf.244c945f5cf7ac04c9521da67e143662.jpg,139.73186631944444,42.168343965604976
C:\Users\carmonta\Desktop\data-centric-cross-season-transfer\datasets\train_on_2025_all\val\images\GX010665_MP4-0243_jpg.rf.accef6733fc2f035c3362fd5f8609c66.jpg,GX010665_MP4-0243_jpg.rf.accef6733fc2f035c3362fd5f8609c66.jpg,141.5440451388889,41.86159160486384
C:\Users\carmonta\Desktop\data-centric-cross-season-transfer\datasets\train_on_2025_all\val\images\GX010665_MP4-0245_jpg.rf.869589090ac9cc7ecd742e12e891ab0f.jpg,GX010665_MP4-0245_jpg.rf.869589090ac9cc7ecd742e12e891ab0f.jpg,144.37016493055555,41.374628969558515
C:\Users\carmonta\Desktop\data-centric-cross-season-transfer\datasets\train_on_2025_all\val\images\GX010665_MP4-0247_jpg.rf.98616224d4187937d215b2c866873117.jpg,GX010665_MP4-0247_jpg.rf.98616224d4187937d215b2c866873117.jpg,142.74233506944444,39.764978586414536
C:\Users\carmonta\Desktop\data-centric-cross-season-transfer\datasets\train_on_2025_all\val\images\GX010665_MP4-0247_jpg.rf.b291053752c98daed2244321180faaae.jpg,GX010665_MP4-0247_jpg.rf.b291053752c98daed2244321180faaae.jpg,142.7283246527778,39.951211715112116
C:\Users\carmonta\Desktop\data-centric-cross-season-transfer\datasets\train_on_2025_all\val\images\GX010665_MP4-0248_jpg.rf.f00d5597c4ef6987722df80c3e51fed4.jpg,GX010665_MP4-0248_jpg.rf.f00d5597c4ef6987722df80c3e51fed4.jpg,144.79220052083335,39.530069876123164
C:\Users\carmonta\Desktop\data-centric-cross-season-transfer\datasets\train_on_2025_all\val\images\GX010665_MP4-0249_jpg.rf.aeeb6d8243640a9be13783f2d74b8e9d.jpg,GX010665_MP4-0249_jpg.rf.aeeb6d8243640a9be13783f2d74b8e9d.jpg,141.9399175347222,38.582020725424535
C:\Users\carmonta\Desktop\data-centric-cross-season-transfer\datasets\train_on_2025_all\val\images\GX010665_MP4-0256_jpg.rf.347aefc78a4b4e49222993bd4c07411e.jpg,GX010665_MP4-0256_jpg.rf.347aefc78a4b4e49222993bd4c07411e.jpg,136.88055555555556,37.955079265527424
C:\Users\carmonta\Desktop\data-centric-cross-season-transfer\datasets\train_on_2025_all\val\images\GX010665_MP4-0256_jpg.rf.a144600f86882ab4aaa541dd06ed8af3.jpg,GX010665_MP4-0256_jpg.rf.a144600f86882ab4aaa541dd06ed8af3.jpg,136.88098090277776,37.94508792059545
C:\Users\carmonta\Desktop\data-centric-cross-season-transfer\datasets\train_on_2025_all\val\images\GX010665_MP4-0257_jpg.rf.4d052d9c769d03c5369aa23452eb2957.jpg,GX010665_MP4-0257_jpg.rf.4d052d9c769d03c5369aa23452eb2957.jpg,136.4992578125,38.42315156045957
C:\Users\carmonta\Desktop\data-centric-cross-season-transfer\datasets\train_on_2025_all\val\images\GX010665_MP4-0258_jpg.rf.a00c002979213abbf46660d816111f51.jpg,GX010665_MP4-0258_jpg.rf.a00c002979213abbf46660d816111f51.jpg,141.925625,38.215868117815454
C:\Users\carmonta\Desktop\data-centric-cross-season-transfer\datasets\train_on_2025_all\val\images\GX010665_MP4-0265_jpg.rf.3c765632abf55afdd01d74c0dfc04471.jpg,GX010665_MP4-0265_jpg.rf.3c765632abf55afdd01d74c0dfc04471.jpg,140.97559895833334,36.08925692436815
C:\Users\carmonta\Desktop\data-centric-cross-season-transfer\datasets\train_on_2025_all\val\images\GX010665_MP4-0266_jpg.rf.30531deb56d9820db76446a5ca7f2348.jpg,GX010665_MP4-0266_jpg.rf.30531deb56d9820db76446a5ca7f2348.jpg,153.36241319444446,42.50010694932744
C:\Users\carmonta\Desktop\data-centric-cross-season-transfer\datasets\train_on_2025_all\val\images\GX010665_MP4-0266_jpg.rf.9f70e2c0d67e65e9c567d5ee87415e96.jpg,GX010665_MP4-0266_jpg.rf.9f70e2c0d67e65e9c567d5ee87415e96.jpg,153.3779470486111,42.40732510862627
C:\Users\carmonta\Desktop\data-centric-cross-season-transfer\datasets\train_on_2025_all\val\images\GX010666_MP4-0004_jpg.rf.6a7092d91b8a90d1bbfc71818c7799a0.jpg,GX010666_MP4-0004_jpg.rf.6a7092d91b8a90d1bbfc71818c7799a0.jpg,109.79381076388889,31.97039407186003
C:\Users\carmonta\Desktop\data-centric-cross-season-transfer\datasets\train_on_2025_all\val\images\GX010666_MP4-0004_jpg.rf.da5e0a007c6259c172b7e1f1911dba62.jpg,GX010666_MP4-0004_jpg.rf.da5e0a007c6259c172b7e1f1911dba62.jpg,109.804609375,32.03986231813072
C:\Users\carmonta\Desktop\data-centric-cross-season-transfer\datasets\train_on_2025_all\val\images\GX010666_MP4-0008_jpg.rf.b75b894457baec5ffb5fbd2783382378.jpg,GX010666_MP4-0008_jpg.rf.b75b894457baec5ffb5fbd2783382378.jpg,97.08171006944444,43.90846824794982
C:\Users\carmonta\Desktop\data-centric-cross-season-transfer\datasets\train_on_2025_all\val\images\GX010666_MP4-0009_jpg.rf.194361c01a17595bbd4f5ddb7c81dc92.jpg,GX010666_MP4-0009_jpg.rf.194361c01a17595bbd4f5ddb7c81dc92.jpg,90.96849826388889,45.207170749279484
C:\Users\carmonta\Desktop\data-centric-cross-season-transfer\datasets\train_on_2025_all\val\images\GX010666_MP4-0009_jpg.rf.5191676e5cafb864c78b1ff9e737d853.jpg,GX010666_MP4-0009_jpg.rf.5191676e5cafb864c78b1ff9e737d853.jpg,90.98525173611111,45.23107789439372
C:\Users\carmonta\Desktop\data-centric-cross-season-transfer\datasets\train_on_2025_all\val\images\GX010666_MP4-0018_jpg.rf.913f106d230da3ae0800fedec745076b.jpg,GX010666_MP4-0018_jpg.rf.913f106d230da3ae0800fedec745076b.jpg,87.6162282986111,49.19009900316258
C:\Users\carmonta\Desktop\data-centric-cross-season-transfer\datasets\train_on_2025_all\val\images\GX010666_MP4-0020_jpg.rf.62dc814db651a4d7d87d1cdd84aec6ed.jpg,GX010666_MP4-0020_jpg.rf.62dc814db651a4d7d87d1cdd84aec6ed.jpg,88.46348524305556,53.557956050019854
C:\Users\carmonta\Desktop\data-centric-cross-season-transfer\datasets\train_on_2025_all\val\images\GX010666_MP4-0020_jpg.rf.bdfefce51d4c9fc05c1c3aa318f04c7e.jpg,GX010666_MP4-0020_jpg.rf.bdfefce51d4c9fc05c1c3aa318f04c7e.jpg,88.4837673611111,53.61914236048221
C:\Users\carmonta\Desktop\data-centric-cross-season-transfer\datasets\train_on_2025_all\val\images\GX010666_MP4-0025_jpg.rf.5a7c8acd6cb5e567610ec6a25c769499.jpg,GX010666_MP4-0025_jpg.rf.5a7c8acd6cb5e567610ec6a25c769499.jpg,102.149375,49.41805081280678
C:\Users\carmonta\Desktop\data-centric-cross-season-transfer\datasets\train_on_2025_all\val\images\GX010666_MP4-0025_jpg.rf.ad479c01afb6d4374a9c9120e587980f.jpg,GX010666_MP4-0025_jpg.rf.ad479c01afb6d4374a9c9120e587980f.jpg,102.16871527777778,49.50590925111914
C:\Users\carmonta\Desktop\data-centric-cross-season-transfer\datasets\train_on_2025_all\val\images\GX010666_MP4-0042_jpg.rf.b93efda5dffa96206b9bfcd9e8b7fe24.jpg,GX010666_MP4-0042_jpg.rf.b93efda5dffa96206b9bfcd9e8b7fe24.jpg,74.93272135416667,48.162471077439584
C:\Users\carmonta\Desktop\data-centric-cross-season-transfer\datasets\train_on_2025_all\val\images\GX010666_MP4-0044_jpg.rf.96930fb115a6d507128ccefd16ed34a1.jpg,GX010666_MP4-0044_jpg.rf.96930fb115a6d507128ccefd16ed34a1.jpg,79.28432291666667,47.09551679454982
C:\Users\carmonta\Desktop\data-centric-cross-season-transfer\datasets\train_on_2025_all\val\images\GX010666_MP4-0045_jpg.rf.36f5c5fb0f90340997a01b5530c60b26.jpg,GX010666_MP4-0045_jpg.rf.36f5c5fb0f90340997a01b5530c60b26.jpg,77.55803385416667,46.29220268729082
C:\Users\carmonta\Desktop\data-centric-cross-season-transfer\datasets\train_on_2025_all\val\images\GX010666_MP4-0046_jpg.rf.9fac1ab194c2816c72893bc39ba863ce.jpg,GX010666_MP4-0046_jpg.rf.9fac1ab194c2816c72893bc39ba863ce.jpg,75.72780815972222,46.825846498673826
C:\Users\carmonta\Desktop\data-centric-cross-season-transfer\datasets\train_on_2025_all\val\images\GX010666_MP4-0057_jpg.rf.cfe79cc868364cd3b8caaf5d105bdd5c.jpg,GX010666_MP4-0057_jpg.rf.cfe79cc868364cd3b8caaf5d105bdd5c.jpg,74.20422743055556,48.849797169668165
C:\Users\carmonta\Desktop\data-centric-cross-season-transfer\datasets\train_on_2025_all\val\images\GX010666_MP4-0057_jpg.rf.e3d9d5cd472a148fe152d7551250502f.jpg,GX010666_MP4-0057_jpg.rf.e3d9d5cd472a148fe152d7551250502f.jpg,74.21961805555556,48.913428312668536
C:\Users\carmonta\Desktop\data-centric-cross-season-transfer\datasets\train_on_2025_all\val\images\GX010666_MP4-0083_jpg.rf.3bf566f01ce02754886bf6eeaf818aee.jpg,GX010666_MP4-0083_jpg.rf.3bf566f01ce02754886bf6eeaf818aee.jpg,108.23333767361112,23.40671872521782
C:\Users\carmonta\Desktop\data-centric-cross-season-transfer\datasets\train_on_2025_all\val\images\GX010666_MP4-0083_jpg.rf.c22dd4cd2874d600a8a64a85681b2fee.jpg,GX010666_MP4-0083_jpg.rf.c22dd4cd2874d600a8a64a85681b2fee.jpg,108.24740885416666,23.47253288726213
C:\Users\carmonta\Desktop\data-centric-cross-season-transfer\datasets\train_on_2025_all\val\images\GX010666_MP4-0085_jpg.rf.25562ec629e89ace52d74122b608293c.jpg,GX010666_MP4-0085_jpg.rf.25562ec629e89ace52d74122b608293c.jpg,103.952890625,22.88183894000287
C:\Users\carmonta\Desktop\data-centric-cross-season-transfer\datasets\train_on_2025_all\val\images\GX010666_MP4-0086_jpg.rf.8408667c88331ac6251809d3431b8d12.jpg,GX010666_MP4-0086_jpg.rf.8408667c88331ac6251809d3431b8d12.jpg,104.39114149305556,25.77868343451877
C:\Users\carmonta\Desktop\data-centric-cross-season-transfer\datasets\train_on_2025_all\val\images\GX010666_MP4-0092_jpg.rf.98440dc0da0f7d53cb81609a84f5be63.jpg,GX010666_MP4-0092_jpg.rf.98440dc0da0f7d53cb81609a84f5be63.jpg,97.95604600694445,37.93518022595466
C:\Users\carmonta\Desktop\data-centric-cross-season-transfer\datasets\train_on_2025_all\val\images\GX010666_MP4-0097_jpg.rf.52ca7a1418a7d4daaaa38334d02bd30b.jpg,GX010666_MP4-0097_jpg.rf.52ca7a1418a7d4daaaa38334d02bd30b.jpg,90.73801649305555,42.295754390582495
C:\Users\carmonta\Desktop\data-centric-cross-season-transfer\datasets\train_on_2025_all\val\images\GX010666_MP4-0100_jpg.rf.5a9f4dd5352981381c01e83771693578.jpg,GX010666_MP4-0100_jpg.rf.5a9f4dd5352981381c01e83771693578.jpg,96.06614149305555,54.029315163198994
C:\Users\carmonta\Desktop\data-centric-cross-season-transfer\datasets\train_on_2025_all\val\images\GX010666_MP4-0108_jpg.rf.364b0c5a4bc22fbe9c9013a109925b37.jpg,GX010666_MP4-0108_jpg.rf.364b0c5a4bc22fbe9c9013a109925b37.jpg,77.27680121527777,50.46590931988697
C:\Users\carmonta\Desktop\data-centric-cross-season-transfer\datasets\train_on_2025_all\val\images\GX010666_MP4-0127_jpg.rf.4062ef24e39372e1b6ef8da2813d6a13.jpg,GX010666_MP4-0127_jpg.rf.4062ef24e39372e1b6ef8da2813d6a13.jpg,97.92046440972223,44.66523325933395
C:\Users\carmonta\Desktop\data-centric-cross-season-transfer\datasets\train_on_2025_all\val\images\GX010666_MP4-0127_jpg.rf.4809416e338ac8a6bef404af0229bd8c.jpg,GX010666_MP4-0127_jpg.rf.4809416e338ac8a6bef404af0229bd8c.jpg,97.89504774305556,44.55976573101489
C:\Users\carmonta\Desktop\data-centric-cross-season-transfer\datasets\train_on_2025_all\val\images\GX010666_MP4-0131_jpg.rf.00cea175c515d026f1dede115be5fc5c.jpg,GX010666_MP4-0131_jpg.rf.00cea175c515d026f1dede115be5fc5c.jpg,89.26252604166666,44.54577939627829
C:\Users\carmonta\Desktop\data-centric-cross-season-transfer\datasets\train_on_2025_all\val\images\GX010666_MP4-0132_jpg.rf.61d730ff56c12fb19103ae799d159244.jpg,GX010666_MP4-0132_jpg.rf.61d730ff56c12fb19103ae799d159244.jpg,86.67422309027778,46.323841696358244
C:\Users\carmonta\Desktop\data-centric-cross-season-transfer\datasets\train_on_2025_all\val\images\GX010666_MP4-0137_jpg.rf.ddb399f51b65857ff4ccae7f6021c9c4.jpg,GX010666_MP4-0137_jpg.rf.ddb399f51b65857ff4ccae7f6021c9c4.jpg,108.49020833333333,28.576625633469856
C:\Users\carmonta\Desktop\data-centric-cross-season-transfer\datasets\train_on_2025_all\val\images\GX010666_MP4-0140_jpg.rf.440afc90dd61cc2544357616f1a258e8.jpg,GX010666_MP4-0140_jpg.rf.440afc90dd61cc2544357616f1a258e8.jpg,108.78444010416666,26.64752903922962
C:\Users\carmonta\Desktop\data-centric-cross-season-transfer\datasets\train_on_2025_all\val\images\GX010666_MP4-0140_jpg.rf.4be2a7a82ba7a251f20c5d364da5afc9.jpg,GX010666_MP4-0140_jpg.rf.4be2a7a82ba7a251f20c5d364da5afc9.jpg,108.78327256944445,26.690169324975155
C:\Users\carmonta\Desktop\data-centric-cross-season-transfer\datasets\train_on_2025_all\val\images\GX010666_MP4-0141_jpg.rf.b6ec00f4cec5d09a231beda5a9b57eef.jpg,GX010666_MP4-0141_jpg.rf.b6ec00f4cec5d09a231beda5a9b57eef.jpg,108.00705729166667,31.163031380907285
C:\Users\carmonta\Desktop\data-centric-cross-season-transfer\datasets\train_on_2025_all\val\images\GX010666_MP4-0143_jpg.rf.c7d88373fc455d3464b259e5bb8908bb.jpg,GX010666_MP4-0143_jpg.rf.c7d88373fc455d3464b259e5bb8908bb.jpg,101.82859809027778,34.654833352419324
C:\Users\carmonta\Desktop\data-centric-cross-season-transfer\datasets\train_on_2025_all\val\images\GX010666_MP4-0144_jpg.rf.14473fd7bedaedfea0656f432912253f.jpg,GX010666_MP4-0144_jpg.rf.14473fd7bedaedfea0656f432912253f.jpg,95.2064453125,39.07591533129812
C:\Users\carmonta\Desktop\data-centric-cross-season-transfer\datasets\train_on_2025_all\val\images\GX010666_MP4-0144_jpg.rf.5b830f43f156f27cfd2412098fbeec79.jpg,GX010666_MP4-0144_jpg.rf.5b830f43f156f27cfd2412098fbeec79.jpg,95.18924045138888,38.96046061076469
C:\Users\carmonta\Desktop\data-centric-cross-season-transfer\datasets\train_on_2025_all\val\images\GX010666_MP4-0146_jpg.rf.77de6c08320ab4e50bd67d7ac826e35b.jpg,GX010666_MP4-0146_jpg.rf.77de6c08320ab4e50bd67d7ac826e35b.jpg,92.92320746527778,40.622636058875955
C:\Users\carmonta\Desktop\data-centric-cross-season-transfer\datasets\train_on_2025_all\val\images\GX010666_MP4-0146_jpg.rf.bdee8fb84f77d6ab1f0a6acf01269911.jpg,GX010666_MP4-0146_jpg.rf.bdee8fb84f77d6ab1f0a6acf01269911.jpg,92.89903645833333,40.54717884900568
C:\Users\carmonta\Desktop\data-centric-cross-season-transfer\datasets\train_on_2025_all\val\images\GX010666_MP4-0146_jpg.rf.c3a1096233e7935c7229add69126ae95.jpg,GX010666_MP4-0146_jpg.rf.c3a1096233e7935c7229add69126ae95.jpg,92.87890190972222,40.43829426932166
C:\Users\carmonta\Desktop\data-centric-cross-season-transfer\datasets\train_on_2025_all\val\images\GX010666_MP4-0147_jpg.rf.cc48b4b5729e3b9b8a9ac25271ea748b.jpg,GX010666_MP4-0147_jpg.rf.cc48b4b5729e3b9b8a9ac25271ea748b.jpg,92.612421875,43.04353225066093
C:\Users\carmonta\Desktop\data-centric-cross-season-transfer\datasets\train_on_2025_all\val\images\GX010666_MP4-0149_jpg.rf.96e877a9f790ebfb49ab547130b9fed5.jpg,GX010666_MP4-0149_jpg.rf.96e877a9f790ebfb49ab547130b9fed5.jpg,85.38526041666667,46.63084556856253
C:\Users\carmonta\Desktop\data-centric-cross-season-transfer\datasets\train_on_2025_all\val\images\GX010666_MP4-0150_jpg.rf.4d440497966b2976a2c783e40b9d850a.jpg,GX010666_MP4-0150_jpg.rf.4d440497966b2976a2c783e40b9d850a.jpg,82.47409722222223,49.21542733106598
C:\Users\carmonta\Desktop\data-centric-cross-season-transfer\datasets\train_on_2025_all\val\images\GX010666_MP4-0155_jpg.rf.256b1969f38846a9684e88939ceeace4.jpg,GX010666_MP4-0155_jpg.rf.256b1969f38846a9684e88939ceeace4.jpg,92.18931423611112,46.28454005353438
C:\Users\carmonta\Desktop\data-centric-cross-season-transfer\datasets\train_on_2025_all\val\images\GX010666_MP4-0156_jpg.rf.0e17e20b198a52cb4f51db6b3bc6a53c.jpg,GX010666_MP4-0156_jpg.rf.0e17e20b198a52cb4f51db6b3bc6a53c.jpg,102.04958333333333,39.92145726080636
C:\Users\carmonta\Desktop\data-centric-cross-season-transfer\datasets\train_on_2025_all\val\images\GX010666_MP4-0157_jpg.rf.e7bb421fdf0c7af80746a147557794cc.jpg,GX010666_MP4-0157_jpg.rf.e7bb421fdf0c7af80746a147557794cc.jpg,103.56151475694445,41.28361152464754
C:\Users\carmonta\Desktop\data-centric-cross-season-transfer\datasets\train_on_2025_all\val\images\GX010666_MP4-0158_jpg.rf.6edef0b1b957b68aea0d7a0a92c35db8.jpg,GX010666_MP4-0158_jpg.rf.6edef0b1b957b68aea0d7a0a92c35db8.jpg,95.3611328125,48.918517805704354
C:\Users\carmonta\Desktop\data-centric-cross-season-transfer\datasets\train_on_2025_all\val\images\GX010666_MP4-0160_jpg.rf.29c0cce9147c3b935da51afbf78c35c4.jpg,GX010666_MP4-0160_jpg.rf.29c0cce9147c3b935da51afbf78c35c4.jpg,95.69036892361112,45.13401630783262
C:\Users\carmonta\Desktop\data-centric-cross-season-transfer\datasets\train_on_2025_all\val\images\GX010666_MP4-0164_jpg.rf.b84838ec6dd0c1f3ee3635948ddf888b.jpg,GX010666_MP4-0164_jpg.rf.b84838ec6dd0c1f3ee3635948ddf888b.jpg,108.68854600694445,35.78547369375734
C:\Users\carmonta\Desktop\data-centric-cross-season-transfer\datasets\train_on_2025_all\val\images\GX010666_MP4-0166_jpg.rf.77f959386c3e205947b9fd4ab43bc953.jpg,GX010666_MP4-0166_jpg.rf.77f959386c3e205947b9fd4ab43bc953.jpg,112.34704427083334,31.87686362247745
C:\Users\carmonta\Desktop\data-centric-cross-season-transfer\datasets\train_on_2025_all\val\images\GX010666_MP4-0171_jpg.rf.2dba5238f75cba194c34d51c6791ea50.jpg,GX010666_MP4-0171_jpg.rf.2dba5238f75cba194c34d51c6791ea50.jpg,108.40799913194445,25.68381156419889
C:\Users\carmonta\Desktop\data-centric-cross-season-transfer\datasets\train_on_2025_all\val\images\GX010666_MP4-0174_jpg.rf.54657d26734efed91e55f3d5552cf9c0.jpg,GX010666_MP4-0174_jpg.rf.54657d26734efed91e55f3d5552cf9c0.jpg,107.86981336805556,25.39387554423587
C:\Users\carmonta\Desktop\data-centric-cross-season-transfer\datasets\train_on_2025_all\val\images\GX010666_MP4-0176_jpg.rf.d62f481b3eb74866ba772dbbdbfd9f7e.jpg,GX010666_MP4-0176_jpg.rf.d62f481b3eb74866ba772dbbdbfd9f7e.jpg,107.05145399305556,25.173523056514682
C:\Users\carmonta\Desktop\data-centric-cross-season-transfer\datasets\train_on_2025_all\val\images\GX010666_MP4-0179_jpg.rf.dfd6c39149dad17ffc0b36014f886e26.jpg,GX010666_MP4-0179_jpg.rf.dfd6c39149dad17ffc0b36014f886e26.jpg,106.14659722222223,22.21875268911359
C:\Users\carmonta\Desktop\data-centric-cross-season-transfer\datasets\train_on_2025_all\val\images\GX010666_MP4-0180_jpg.rf.78ca30341432302cd3f815cacdec6610.jpg,GX010666_MP4-0180_jpg.rf.78ca30341432302cd3f815cacdec6610.jpg,107.31229166666667,22.55730260909455
C:\Users\carmonta\Desktop\data-centric-cross-season-transfer\datasets\train_on_2025_all\val\images\GX010666_MP4-0186_jpg.rf.31e7663c062d2414f79492f77174f4f8.jpg,GX010666_MP4-0186_jpg.rf.31e7663c062d2414f79492f77174f4f8.jpg,107.34159288194445,32.59502085619068
C:\Users\carmonta\Desktop\data-centric-cross-season-transfer\datasets\train_on_2025_all\val\images\GX010666_MP4-0189_jpg.rf.c51e70dda3da9cc4f27ada4e26178a5c.jpg,GX010666_MP4-0189_jpg.rf.c51e70dda3da9cc4f27ada4e26178a5c.jpg,104.08836805555555,34.90776306195421
C:\Users\carmonta\Desktop\data-centric-cross-season-transfer\datasets\train_on_2025_all\val\images\GX010666_MP4-0195_jpg.rf.740b72722b57e80ba923c6c39744cf1b.jpg,GX010666_MP4-0195_jpg.rf.740b72722b57e80ba923c6c39744cf1b.jpg,108.40558159722222,31.395465742571723
C:\Users\carmonta\Desktop\data-centric-cross-season-transfer\datasets\train_on_2025_all\val\images\GX010666_MP4-0195_jpg.rf.e993ad663996acfeed8f953407811269.jpg,GX010666_MP4-0195_jpg.rf.e993ad663996acfeed8f953407811269.jpg,108.41697916666666,31.499213364950517
C:\Users\carmonta\Desktop\data-centric-cross-season-transfer\datasets\train_on_2025_all\val\images\GX010666_MP4-0195_jpg.rf.fe46d37526849cabda913d166ecb7ca8.jpg,GX010666_MP4-0195_jpg.rf.fe46d37526849cabda913d166ecb7ca8.jpg,108.41856336805556,31.494860416555444
C:\Users\carmonta\Desktop\data-centric-cross-season-transfer\datasets\train_on_2025_all\val\images\GX010666_MP4-0197_jpg.rf.8f4ba82a88afd7b7fb44b2c28e57dfd6.jpg,GX010666_MP4-0197_jpg.rf.8f4ba82a88afd7b7fb44b2c28e57dfd6.jpg,106.61625,30.487213021404564
C:\Users\carmonta\Desktop\data-centric-cross-season-transfer\datasets\train_on_2025_all\val\images\GX010666_MP4-0197_jpg.rf.c7a26dc85c03543fda2a41b3498d3119.jpg,GX010666_MP4-0197_jpg.rf.c7a26dc85c03543fda2a41b3498d3119.jpg,106.61631944444444,30.47099675753905
C:\Users\carmonta\Desktop\data-centric-cross-season-transfer\datasets\train_on_2025_all\val\images\GX010666_MP4-0198_jpg.rf.80852bfeb84ac4e5c828dd93a3d5146e.jpg,GX010666_MP4-0198_jpg.rf.80852bfeb84ac4e5c828dd93a3d5146e.jpg,104.37098524305556,31.050779775022317
C:\Users\carmonta\Desktop\data-centric-cross-season-transfer\datasets\train_on_2025_all\val\images\GX010666_MP4-0199_jpg.rf.c02be95e05e0155b2c53e14a7dca6a7f.jpg,GX010666_MP4-0199_jpg.rf.c02be95e05e0155b2c53e14a7dca6a7f.jpg,102.68737847222222,31.922590051992838
C:\Users\carmonta\Desktop\data-centric-cross-season-transfer\datasets\train_on_2025_all\val\images\GX010666_MP4-0201_jpg.rf.4acd5a5008a2417a774dc6600e208da8.jpg,GX010666_MP4-0201_jpg.rf.4acd5a5008a2417a774dc6600e208da8.jpg,102.8238498263889,33.30503394714534
C:\Users\carmonta\Desktop\data-centric-cross-season-transfer\datasets\train_on_2025_all\val\images\GX010666_MP4-0205_jpg.rf.40464f1b80e8ac7fe29ddc7b58f10f97.jpg,GX010666_MP4-0205_jpg.rf.40464f1b80e8ac7fe29ddc7b58f10f97.jpg,98.94947048611111,39.71489352810582
C:\Users\carmonta\Desktop\data-centric-cross-season-transfer\datasets\train_on_2025_all\val\images\GX010666_MP4-0207_jpg.rf.8921e5f80325e1b00a763721a3d8b11e.jpg,GX010666_MP4-0207_jpg.rf.8921e5f80325e1b00a763721a3d8b11e.jpg,100.30898871527778,39.114076826745546
C:\Users\carmonta\Desktop\data-centric-cross-season-transfer\datasets\train_on_2025_all\val\images\GX010666_MP4-0207_jpg.rf.afdd0f8699458552c61f81b8922b3b4d.jpg,GX010666_MP4-0207_jpg.rf.afdd0f8699458552c61f81b8922b3b4d.jpg,100.31915798611111,39.15405432106774
C:\Users\carmonta\Desktop\data-centric-cross-season-transfer\datasets\train_on_2025_all\val\images\GX010666_MP4-0208_jpg.rf.8969faa6ea46f0b400fee4df90f1673d.jpg,GX010666_MP4-0208_jpg.rf.8969faa6ea46f0b400fee4df90f1673d.jpg,97.52824652777778,39.38050623821529
C:\Users\carmonta\Desktop\data-centric-cross-season-transfer\datasets\train_on_2025_all\val\images\GX010666_MP4-0210_jpg.rf.5547047dcde61a0e2a0ac5e51c4153ec.jpg,GX010666_MP4-0210_jpg.rf.5547047dcde61a0e2a0ac5e51c4153ec.jpg,97.26796440972223,39.97649424069738
C:\Users\carmonta\Desktop\data-centric-cross-season-transfer\datasets\train_on_2025_all\val\images\GX010666_MP4-0213_jpg.rf.cfbe10d69e6c8ea5709ca2de5a31729a.jpg,GX010666_MP4-0213_jpg.rf.cfbe10d69e6c8ea5709ca2de5a31729a.jpg,95.09169270833333,40.26685847019046
C:\Users\carmonta\Desktop\data-centric-cross-season-transfer\datasets\train_on_2025_all\val\images\GX010666_MP4-0214_jpg.rf.e4ff1596c3b10cdd62cbd2b981cc99f5.jpg,GX010666_MP4-0214_jpg.rf.e4ff1596c3b10cdd62cbd2b981cc99f5.jpg,93.09073350694445,41.134358010351555
C:\Users\carmonta\Desktop\data-centric-cross-season-transfer\datasets\train_on_2025_all\val\images\GX010666_MP4-0223_jpg.rf.7c23b8601ba714e9296c6c895de15295.jpg,GX010666_MP4-0223_jpg.rf.7c23b8601ba714e9296c6c895de15295.jpg,85.87158420138888,43.93888222704162
C:\Users\carmonta\Desktop\data-centric-cross-season-transfer\datasets\train_on_2025_all\val\images\GX010666_MP4-0223_jpg.rf.d7c54bf2e57e48b11a197876b7734c3e.jpg,GX010666_MP4-0223_jpg.rf.d7c54bf2e57e48b11a197876b7734c3e.jpg,85.85305121527777,43.88563131697425
C:\Users\carmonta\Desktop\data-centric-cross-season-transfer\datasets\train_on_2025_all\val\images\GX010666_MP4-0224_jpg.rf.8883413aba86bbaa66521e34b09574a0.jpg,GX010666_MP4-0224_jpg.rf.8883413aba86bbaa66521e34b09574a0.jpg,87.64695746527778,47.46560076449001
C:\Users\carmonta\Desktop\data-centric-cross-season-transfer\datasets\train_on_2025_all\val\images\GX010666_MP4-0225_jpg.rf.25cc779e7778969ebd2b9f36dbf9b061.jpg,GX010666_MP4-0225_jpg.rf.25cc779e7778969ebd2b9f36dbf9b061.jpg,87.91901475694445,45.15200215008456
C:\Users\carmonta\Desktop\data-centric-cross-season-transfer\datasets\train_on_2025_all\val\images\GX010666_MP4-0226_jpg.rf.a25b817a88b60d64dd234311037c60e7.jpg,GX010666_MP4-0226_jpg.rf.a25b817a88b60d64dd234311037c60e7.jpg,99.74838975694445,41.32866304798887
C:\Users\carmonta\Desktop\data-centric-cross-season-transfer\datasets\train_on_2025_all\val\images\GX010666_MP4-0229_jpg.rf.b7eb7cb0b290b8f4148606cdcdefd544.jpg,GX010666_MP4-0229_jpg.rf.b7eb7cb0b290b8f4148606cdcdefd544.jpg,86.23076822916667,54.63563776107248
C:\Users\carmonta\Desktop\data-centric-cross-season-transfer\datasets\train_on_2025_all\val\images\GX010666_MP4-0232_jpg.rf.07b55b741bf904b558908a5192e572c7.jpg,GX010666_MP4-0232_jpg.rf.07b55b741bf904b558908a5192e572c7.jpg,87.03717881944445,51.665745099569776
C:\Users\carmonta\Desktop\data-centric-cross-season-transfer\datasets\train_on_2025_all\val\images\GX010666_MP4-0232_jpg.rf.bf3fb42f3038b0cca4ffbd3e6fd7d63c.jpg,GX010666_MP4-0232_jpg.rf.bf3fb42f3038b0cca4ffbd3e6fd7d63c.jpg,87.01759114583334,51.62483310199204
C:\Users\carmonta\Desktop\data-centric-cross-season-transfer\datasets\train_on_2025_all\val\images\GX010666_MP4-0233_jpg.rf.7c041f4d39881dfba32b8cf8f20a5025.jpg,GX010666_MP4-0233_jpg.rf.7c041f4d39881dfba32b8cf8f20a5025.jpg,84.76758246527778,50.063285872309756
C:\Users\carmonta\Desktop\data-centric-cross-season-transfer\datasets\train_on_2025_all\val\images\GX010666_MP4-0234_jpg.rf.512cd6f4c812e27f7e44b0e21dfc2e13.jpg,GX010666_MP4-0234_jpg.rf.512cd6f4c812e27f7e44b0e21dfc2e13.jpg,89.075625,49.62468060306885
C:\Users\carmonta\Desktop\data-centric-cross-season-transfer\datasets\train_on_2025_all\val\images\GX010666_MP4-0238_jpg.rf.396ceae79ebd7c58dcef44b8573b1f04.jpg,GX010666_MP4-0238_jpg.rf.396ceae79ebd7c58dcef44b8573b1f04.jpg,103.51340277777778,36.138050111366816
C:\Users\carmonta\Desktop\data-centric-cross-season-transfer\datasets\train_on_2025_all\val\images\GX010666_MP4-0239_jpg.rf.94a918d542bf392fe5b479effd8d77fc.jpg,GX010666_MP4-0239_jpg.rf.94a918d542bf392fe5b479effd8d77fc.jpg,106.58576388888889,34.25625698787379
C:\Users\carmonta\Desktop\data-centric-cross-season-transfer\datasets\train_on_2025_all\val\images\GX010666_MP4-0239_jpg.rf.c83596d04a5f0f87bcf1a1aa1037fdbb.jpg,GX010666_MP4-0239_jpg.rf.c83596d04a5f0f87bcf1a1aa1037fdbb.jpg,106.56327256944445,34.11234729392571
C:\Users\carmonta\Desktop\data-centric-cross-season-transfer\datasets\train_on_2025_all\val\images\GX010666_MP4-0240_jpg.rf.d570fd1c3baf0fc285f0cb023a838bfb.jpg,GX010666_MP4-0240_jpg.rf.d570fd1c3baf0fc285f0cb023a838bfb.jpg,105.47685763888889,33.57978130802836
C:\Users\carmonta\Desktop\data-centric-cross-season-transfer\datasets\train_on_2025_all\val\images\GX010666_MP4-0240_jpg.rf.db1934df6c42edc55c9f7562e7d77d86.jpg,GX010666_MP4-0240_jpg.rf.db1934df6c42edc55c9f7562e7d77d86.jpg,105.48155381944444,33.74275652746462
C:\Users\carmonta\Desktop\data-centric-cross-season-transfer\datasets\train_on_2025_all\val\images\GX010666_MP4-0241_jpg.rf.f2c87f57841e8aff568f80765e507264.jpg,GX010666_MP4-0241_jpg.rf.f2c87f57841e8aff568f80765e507264.jpg,102.1736328125,34.68690420029712
C:\Users\carmonta\Desktop\data-centric-cross-season-transfer\datasets\train_on_2025_all\val\images\GX010666_MP4-0244_jpg.rf.c443041ed0911d8e6d5997af10a601f6.jpg,GX010666_MP4-0244_jpg.rf.c443041ed0911d8e6d5997af10a601f6.jpg,95.71924045138888,41.59745791277431
C:\Users\carmonta\Desktop\data-centric-cross-season-transfer\datasets\train_on_2025_all\val\images\GX010666_MP4-0246_jpg.rf.5f244233e392480ab71194ad5a73cd37.jpg,GX010666_MP4-0246_jpg.rf.5f244233e392480ab71194ad5a73cd37.jpg,98.41286458333333,43.53244911751649
C:\Users\carmonta\Desktop\data-centric-cross-season-transfer\datasets\train_on_2025_all\val\images\GX010666_MP4-0246_jpg.rf.606d6e0e881f2bc93c3a30d7813e9a96.jpg,GX010666_MP4-0246_jpg.rf.606d6e0e881f2bc93c3a30d7813e9a96.jpg,98.39394965277778,43.465325658205465
C:\Users\carmonta\Desktop\data-centric-cross-season-transfer\datasets\train_on_2025_all\val\images\GX010666_MP4-0248_jpg.rf.bf4c2f201c8bdc6938514b95a8852a39.jpg,GX010666_MP4-0248_jpg.rf.bf4c2f201c8bdc6938514b95a8852a39.jpg,98.30265190972223,35.23917096145578
C:\Users\carmonta\Desktop\data-centric-cross-season-transfer\datasets\train_on_2025_all\val\images\GX010666_MP4-0252_jpg.rf.f6740dece7b3f67bbe051605f3c1dee1.jpg,GX010666_MP4-0252_jpg.rf.f6740dece7b3f67bbe051605f3c1dee1.jpg,102.98850260416667,39.02979856429714
C:\Users\carmonta\Desktop\data-centric-cross-season-transfer\datasets\train_on_2025_all\val\images\GX010666_MP4-0253_jpg.rf.2e67648967847eedce0eb9a109e8b624.jpg,GX010666_MP4-0253_jpg.rf.2e67648967847eedce0eb9a109e8b624.jpg,97.73719184027777,43.8244453769851
C:\Users\carmonta\Desktop\data-centric-cross-season-transfer\datasets\train_on_2025_all\val\images\GX010666_MP4-0255_jpg.rf.ec0bf8a7a8212981ecfed1ce5e70d57e.jpg,GX010666_MP4-0255_jpg.rf.ec0bf8a7a8212981ecfed1ce5e70d57e.jpg,88.0473046875,48.85658191552014
C:\Users\carmonta\Desktop\data-centric-cross-season-transfer\datasets\train_on_2025_all\val\images\GX010666_MP4-0255_jpg.rf.fc7453263367406d66dd73428343cac6.jpg,GX010666_MP4-0255_jpg.rf.fc7453263367406d66dd73428343cac6.jpg,88.06383680555555,48.918178705348055
C:\Users\carmonta\Desktop\data-centric-cross-season-transfer\datasets\train_on_2025_all\val\images\GX010666_MP4-0257_jpg.rf.6287f0226bf082fbee4a6e51b41d175a.jpg,GX010666_MP4-0257_jpg.rf.6287f0226bf082fbee4a6e51b41d175a.jpg,86.01941840277777,52.39842095673273
C:\Users\carmonta\Desktop\data-centric-cross-season-transfer\datasets\train_on_2025_all\val\images\GX010666_MP4-0260_jpg.rf.c20bae429f4e851dca8ec3a235c0640b.jpg,GX010666_MP4-0260_jpg.rf.c20bae429f4e851dca8ec3a235c0640b.jpg,85.00450086805556,52.70201931601142
C:\Users\carmonta\Desktop\data-centric-cross-season-transfer\datasets\train_on_2025_all\val\images\GX010666_MP4-0260_jpg.rf.e8047d7182a21b9b0280ab17f9861932.jpg,GX010666_MP4-0260_jpg.rf.e8047d7182a21b9b0280ab17f9861932.jpg,85.05649305555555,52.805451480923054
C:\Users\carmonta\Desktop\data-centric-cross-season-transfer\datasets\train_on_2025_all\val\images\GX010666_MP4-0263_jpg.rf.214f4cbcb626116ca34c0d49d6452224.jpg,GX010666_MP4-0263_jpg.rf.214f4cbcb626116ca34c0d49d6452224.jpg,86.07038194444445,50.31509537329292
C:\Users\carmonta\Desktop\data-centric-cross-season-transfer\datasets\train_on_2025_all\val\images\GX010666_MP4-0263_jpg.rf.9e58a5e1a95279fe77c09fea88486d0d.jpg,GX010666_MP4-0263_jpg.rf.9e58a5e1a95279fe77c09fea88486d0d.jpg,86.04974826388889,50.24140930684586
C:\Users\carmonta\Desktop\data-centric-cross-season-transfer\datasets\train_on_2025_all\val\images\GX010666_MP4-0264_jpg.rf.034ca996289d04ec60b985cbd84548de.jpg,GX010666_MP4-0264_jpg.rf.034ca996289d04ec60b985cbd84548de.jpg,76.63661458333333,54.441926162681305
C:\Users\carmonta\Desktop\data-centric-cross-season-transfer\datasets\train_on_2025_all\val\images\GX010666_MP4-0265_jpg.rf.f62b6c1dffe95746bd9e358f1d767d75.jpg,GX010666_MP4-0265_jpg.rf.f62b6c1dffe95746bd9e358f1d767d75.jpg,77.32157118055555,57.956505212872564
C:\Users\carmonta\Desktop\data-centric-cross-season-transfer\datasets\train_on_2025_all\val\images\GX010666_MP4-0267_jpg.rf.2c23fadd156f8b781cbf893340f4c6f5.jpg,GX010666_MP4-0267_jpg.rf.2c23fadd156f8b781cbf893340f4c6f5.jpg,87.98411024305555,56.244345658231005
C:\Users\carmonta\Desktop\data-centric-cross-season-transfer\datasets\train_on_2025_all\val\images\GX010666_MP4-0268_jpg.rf.f283bddb7dd5be2858a4530a101edc16.jpg,GX010666_MP4-0268_jpg.rf.f283bddb7dd5be2858a4530a101edc16.jpg,83.80414930555555,53.69553104275829
C:\Users\carmonta\Desktop\data-centric-cross-season-transfer\datasets\train_on_2025_all\val\images\GX010666_MP4-0271_jpg.rf.70c12deb202d2c1d1797c54161da3d64.jpg,GX010666_MP4-0271_jpg.rf.70c12deb202d2c1d1797c54161da3d64.jpg,95.54275173611111,42.78535204216968
C:\Users\carmonta\Desktop\data-centric-cross-season-transfer\datasets\train_on_2025_all\val\images\GX010666_MP4-0272_jpg.rf.74eeefbf52ebc445ee3c6d961811c765.jpg,GX010666_MP4-0272_jpg.rf.74eeefbf52ebc445ee3c6d961811c765.jpg,97.63962673611111,41.367539095683426
C:\Users\carmonta\Desktop\data-centric-cross-season-transfer\datasets\train_on_2025_all\val\images\GX010666_MP4-0272_jpg.rf.8310915e2af578ea96afa408fd160703.jpg,GX010666_MP4-0272_jpg.rf.8310915e2af578ea96afa408fd160703.jpg,97.63962673611111,41.367539095683426
C:\Users\carmonta\Desktop\data-centric-cross-season-transfer\datasets\train_on_2025_all\val\images\GX010666_MP4-0282_jpg.rf.bea18040b1063c0fc8b0f8f5a1809326.jpg,GX010666_MP4-0282_jpg.rf.bea18040b1063c0fc8b0f8f5a1809326.jpg,80.4169140625,54.51002613425851
C:\Users\carmonta\Desktop\data-centric-cross-season-transfer\datasets\train_on_2025_all\val\images\GX010666_MP4-0286_jpg.rf.d6b51e33b9b2acd59eb8f671d1a0f4b5.jpg,GX010666_MP4-0286_jpg.rf.d6b51e33b9b2acd59eb8f671d1a0f4b5.jpg,94.93619357638889,51.41120746029049
C:\Users\carmonta\Desktop\data-centric-cross-season-transfer\datasets\train_on_2025_all\val\images\GX010666_MP4-0288_jpg.rf.5c3ef0fd81199c48ba0da9e52bdf1e6b.jpg,GX010666_MP4-0288_jpg.rf.5c3ef0fd81199c48ba0da9e52bdf1e6b.jpg,98.86930555555556,50.84423075341623
C:\Users\carmonta\Desktop\data-centric-cross-season-transfer\datasets\train_on_2025_all\val\images\GX010666_MP4-0288_jpg.rf.5d019b029d29c5b3986ff017a84a5c95.jpg,GX010666_MP4-0288_jpg.rf.5d019b029d29c5b3986ff017a84a5c95.jpg,98.84709635416667,50.74505125867866
C:\Users\carmonta\Desktop\data-centric-cross-season-transfer\datasets\train_on_2025_all\val\images\GX010666_MP4-0289_jpg.rf.0e84b5c98c056cce5850848a4bafc38a.jpg,GX010666_MP4-0289_jpg.rf.0e84b5c98c056cce5850848a4bafc38a.jpg,100.283359375,50.458644137833204
C:\Users\carmonta\Desktop\data-centric-cross-season-transfer\datasets\train_on_2025_all\val\images\GX010666_MP4-0289_jpg.rf.c17c74f00c207e02c51cb4da6f45de6a.jpg,GX010666_MP4-0289_jpg.rf.c17c74f00c207e02c51cb4da6f45de6a.jpg,100.25817274305555,50.36357501191289
C:\Users\carmonta\Desktop\data-centric-cross-season-transfer\datasets\train_on_2025_all\val\images\GX010666_MP4-0296_jpg.rf.05a9eba60e05444a01358dec605b91f3.jpg,GX010666_MP4-0296_jpg.rf.05a9eba60e05444a01358dec605b91f3.jpg,73.46922743055555,52.61929649674974
C:\Users\carmonta\Desktop\data-centric-cross-season-transfer\datasets\train_on_2025_all\val\images\GX010666_MP4-0296_jpg.rf.e7050c79f02d1db16b416ad3e37c32e8.jpg,GX010666_MP4-0296_jpg.rf.e7050c79f02d1db16b416ad3e37c32e8.jpg,73.44127170138889,52.54809872354245
C:\Users\carmonta\Desktop\data-centric-cross-season-transfer\datasets\train_on_2025_all\val\images\GX010666_MP4-0298_jpg.rf.74220b730d27a8600ee515215f338a79.jpg,GX010666_MP4-0298_jpg.rf.74220b730d27a8600ee515215f338a79.jpg,76.43124565972222,52.047274220111376
C:\Users\carmonta\Desktop\data-centric-cross-season-transfer\datasets\train_on_2025_all\val\images\GX010666_MP4-0299_jpg.rf.bd13c8a01d852359623531401625f1ca.jpg,GX010666_MP4-0299_jpg.rf.bd13c8a01d852359623531401625f1ca.jpg,72.1338845486111,48.613223771402744
C:\Users\carmonta\Desktop\data-centric-cross-season-transfer\datasets\train_on_2025_all\val\images\GX010666_MP4-0299_jpg.rf.e6a5f7569d3f69014ef7bcf201979f7d.jpg,GX010666_MP4-0299_jpg.rf.e6a5f7569d3f69014ef7bcf201979f7d.jpg,72.10149305555555,48.53942174200845
C:\Users\carmonta\Desktop\data-centric-cross-season-transfer\datasets\train_on_2025_all\val\images\GX010666_MP4-0300_jpg.rf.cceaba67c1f209e9dc30a63cfba41765.jpg,GX010666_MP4-0300_jpg.rf.cceaba67c1f209e9dc30a63cfba41765.jpg,76.88414930555555,49.049623474514014
C:\Users\carmonta\Desktop\data-centric-cross-season-transfer\datasets\train_on_2025_all\val\images\GX010666_MP4-0301_jpg.rf.65ba8183e454ae6c47a2e070489f4439.jpg,GX010666_MP4-0301_jpg.rf.65ba8183e454ae6c47a2e070489f4439.jpg,81.56870659722222,50.39910051997896
C:\Users\carmonta\Desktop\data-centric-cross-season-transfer\datasets\train_on_2025_all\val\images\GX010666_MP4-0301_jpg.rf.dafefbdba219019bf0d0b2f1b86b4038.jpg,GX010666_MP4-0301_jpg.rf.dafefbdba219019bf0d0b2f1b86b4038.jpg,81.61071180555555,50.48926891808022
C:\Users\carmonta\Desktop\data-centric-cross-season-transfer\datasets\train_on_2025_all\val\images\GX010666_MP4-0302_jpg.rf.89d7d8b1be794b2c712f8a3b90d1309f.jpg,GX010666_MP4-0302_jpg.rf.89d7d8b1be794b2c712f8a3b90d1309f.jpg,85.0447265625,49.64856056699816
C:\Users\carmonta\Desktop\data-centric-cross-season-transfer\datasets\train_on_2025_all\val\images\GX010666_MP4-0304_jpg.rf.b4b9e06bd78ceca4e17a366087f0513e.jpg,GX010666_MP4-0304_jpg.rf.b4b9e06bd78ceca4e17a366087f0513e.jpg,95.27492621527777,44.61627902396398
C:\Users\carmonta\Desktop\data-centric-cross-season-transfer\datasets\train_on_2025_all\val\images\GX010666_MP4-0305_jpg.rf.07664b4d6bb1bd5b0dfb7de4557cca74.jpg,GX010666_MP4-0305_jpg.rf.07664b4d6bb1bd5b0dfb7de4557cca74.jpg,98.36141493055555,42.95533073177006
C:\Users\carmonta\Desktop\data-centric-cross-season-transfer\datasets\train_on_2025_all\val\images\GX010666_MP4-0311_jpg.rf.d677f52984eed8e775de67777d08fb7f.jpg,GX010666_MP4-0311_jpg.rf.d677f52984eed8e775de67777d08fb7f.jpg,97.37726996527778,44.2040013960491
C:\Users\carmonta\Desktop\data-centric-cross-season-transfer\datasets\train_on_2025_all\val\images\GX010666_MP4-0320_jpg.rf.d893909b7d6c816c69e6dd0fd1952930.jpg,GX010666_MP4-0320_jpg.rf.d893909b7d6c816c69e6dd0fd1952930.jpg,94.06418402777778,39.91198306979191
C:\Users\carmonta\Desktop\data-centric-cross-season-transfer\datasets\train_on_2025_all\val\images\GX010666_MP4-0334_jpg.rf.2d4c3e65ae90c057c51d39ee30a9c025.jpg,GX010666_MP4-0334_jpg.rf.2d4c3e65ae90c057c51d39ee30a9c025.jpg,101.53977430555555,44.10892902115746
C:\Users\carmonta\Desktop\data-centric-cross-season-transfer\datasets\train_on_2025_all\val\images\GX010666_MP4-0334_jpg.rf.b7776ac19199ff9624143af0629407ce.jpg,GX010666_MP4-0334_jpg.rf.b7776ac19199ff9624143af0629407ce.jpg,101.53762152777777,44.065127379142936
C:\Users\carmonta\Desktop\data-centric-cross-season-transfer\datasets\train_on_2025_all\val\images\GX010666_MP4-0335_jpg.rf.6cc1cae6519a45454a439a2b5e3db98b.jpg,GX010666_MP4-0335_jpg.rf.6cc1cae6519a45454a439a2b5e3db98b.jpg,94.94408420138889,46.5631377956303
C:\Users\carmonta\Desktop\data-centric-cross-season-transfer\datasets\train_on_2025_all\val\images\GX010666_MP4-0336_jpg.rf.dc159427b31a5e035be9fa755481205c.jpg,GX010666_MP4-0336_jpg.rf.dc159427b31a5e035be9fa755481205c.jpg,92.72106770833334,46.892493038586544
C:\Users\carmonta\Desktop\data-centric-cross-season-transfer\datasets\train_on_2025_all\val\images\GX010666_MP4-0337_jpg.rf.35fd43e049dd6854c92995b6921b1ccc.jpg,GX010666_MP4-0337_jpg.rf.35fd43e049dd6854c92995b6921b1ccc.jpg,93.72423611111111,46.45707421058864
C:\Users\carmonta\Desktop\data-centric-cross-season-transfer\datasets\train_on_2025_all\val\images\GX010666_MP4-0338_jpg.rf.46d5db726d9acc1231c36beba7dd2ec1.jpg,GX010666_MP4-0338_jpg.rf.46d5db726d9acc1231c36beba7dd2ec1.jpg,88.67532118055556,44.89558256292265
C:\Users\carmonta\Desktop\data-centric-cross-season-transfer\datasets\train_on_2025_all\val\images\GX010666_MP4-0339_jpg.rf.046507704d096d76dcf8cab009bbec2a.jpg,GX010666_MP4-0339_jpg.rf.046507704d096d76dcf8cab009bbec2a.jpg,94.34627604166667,42.19822957203393
C:\Users\carmonta\Desktop\data-centric-cross-season-transfer\datasets\train_on_2025_all\val\images\GX010666_MP4-0339_jpg.rf.3eb56619ce1ee7a9fb922c2ed38f9af5.jpg,GX010666_MP4-0339_jpg.rf.3eb56619ce1ee7a9fb922c2ed38f9af5.jpg,94.37085503472223,42.24249816759249
C:\Users\carmonta\Desktop\data-centric-cross-season-transfer\datasets\train_on_2025_all\val\images\GX010666_MP4-0339_jpg.rf.a2492f0d39928a079bb676992db81e9e.jpg,GX010666_MP4-0339_jpg.rf.a2492f0d39928a079bb676992db81e9e.jpg,94.3369140625,42.09914152584469
C:\Users\carmonta\Desktop\data-centric-cross-season-transfer\datasets\train_on_2025_all\val\images\GX010666_MP4-0340_jpg.rf.3a301476351f5892f345a294af81daf2.jpg,GX010666_MP4-0340_jpg.rf.3a301476351f5892f345a294af81daf2.jpg,95.713203125,39.56428549574226
C:\Users\carmonta\Desktop\data-centric-cross-season-transfer\datasets\train_on_2025_all\val\images\GX010666_MP4-0340_jpg.rf.92e898d4d57ad41c22383fd60f123f99.jpg,GX010666_MP4-0340_jpg.rf.92e898d4d57ad41c22383fd60f123f99.jpg,95.72017795138889,39.61089065929343
C:\Users\carmonta\Desktop\data-centric-cross-season-transfer\datasets\train_on_2025_all\val\images\GX010666_MP4-0342_jpg.rf.307ab7360849f3a6f1bedc7704393376.jpg,GX010666_MP4-0342_jpg.rf.307ab7360849f3a6f1bedc7704393376.jpg,95.78599392361112,41.4337942977253
C:\Users\carmonta\Desktop\data-centric-cross-season-transfer\datasets\train_on_2025_all\val\images\GX010666_MP4-0342_jpg.rf.aec8a183e0362ed8f788356823fc2520.jpg,GX010666_MP4-0342_jpg.rf.aec8a183e0362ed8f788356823fc2520.jpg,95.80228298611111,41.55763375852165
C:\Users\carmonta\Desktop\data-centric-cross-season-transfer\datasets\train_on_2025_all\val\images\GX010666_MP4-0343_jpg.rf.627ce48e8c29330a85285aff925433e7.jpg,GX010666_MP4-0343_jpg.rf.627ce48e8c29330a85285aff925433e7.jpg,93.29946180555555,41.23904485910049
C:\Users\carmonta\Desktop\data-centric-cross-season-transfer\datasets\train_on_2025_all\val\images\GX010667_MP4-0010_jpg.rf.35108ac5d2e9899bfc12b3834860925a.jpg,GX010667_MP4-0010_jpg.rf.35108ac5d2e9899bfc12b3834860925a.jpg,90.31044270833333,45.81363152663381
C:\Users\carmonta\Desktop\data-centric-cross-season-transfer\datasets\train_on_2025_all\val\images\GX010667_MP4-0012_jpg.rf.cf6ecf450d1077abe92b5d796e2c7499.jpg,GX010667_MP4-0012_jpg.rf.cf6ecf450d1077abe92b5d796e2c7499.jpg,87.9069921875,44.507013723162316
C:\Users\carmonta\Desktop\data-centric-cross-season-transfer\datasets\train_on_2025_all\val\images\GX010667_MP4-0013_jpg.rf.7475ce99cc745c4d9e8a232533d5bbbf.jpg,GX010667_MP4-0013_jpg.rf.7475ce99cc745c4d9e8a232533d5bbbf.jpg,86.56252604166667,45.518402073223854
C:\Users\carmonta\Desktop\data-centric-cross-season-transfer\datasets\train_on_2025_all\val\images\GX010667_MP4-0017_jpg.rf.838403099898006b70c33663e0660e01.jpg,GX010667_MP4-0017_jpg.rf.838403099898006b70c33663e0660e01.jpg,86.81993923611111,46.43542624721127
C:\Users\carmonta\Desktop\data-centric-cross-season-transfer\datasets\train_on_2025_all\val\images\GX010667_MP4-0018_jpg.rf.d11c1a236a2d998ecb1e5d6282e64058.jpg,GX010667_MP4-0018_jpg.rf.d11c1a236a2d998ecb1e5d6282e64058.jpg,87.97526041666667,46.23960454608167
C:\Users\carmonta\Desktop\data-centric-cross-season-transfer\datasets\train_on_2025_all\val\images\GX010667_MP4-0020_jpg.rf.8188ca9e34801e0c8a4c895c56001c6b.jpg,GX010667_MP4-0020_jpg.rf.8188ca9e34801e0c8a4c895c56001c6b.jpg,86.08041666666666,43.72920170516303
C:\Users\carmonta\Desktop\data-centric-cross-season-transfer\datasets\train_on_2025_all\val\images\GX010667_MP4-0021_jpg.rf.94ee7ecc0e2163980c97907fabd43619.jpg,GX010667_MP4-0021_jpg.rf.94ee7ecc0e2163980c97907fabd43619.jpg,86.4205642361111,44.20401674293203
C:\Users\carmonta\Desktop\data-centric-cross-season-transfer\datasets\train_on_2025_all\val\images\GX010667_MP4-0022_jpg.rf.af81ca00d654f5c694d1b62d10725715.jpg,GX010667_MP4-0022_jpg.rf.af81ca00d654f5c694d1b62d10725715.jpg,87.182890625,44.63528628699569
C:\Users\carmonta\Desktop\data-centric-cross-season-transfer\datasets\train_on_2025_all\val\images\GX010667_MP4-0022_jpg.rf.b35bc0cb241ca9b69a134caf2bc84103.jpg,GX010667_MP4-0022_jpg.rf.b35bc0cb241ca9b69a134caf2bc84103.jpg,87.2302734375,44.74743289903572
C:\Users\carmonta\Desktop\data-centric-cross-season-transfer\datasets\train_on_2025_all\val\images\GX010667_MP4-0023_jpg.rf.a2fddb04c496c29453a953630637ad31.jpg,GX010667_MP4-0023_jpg.rf.a2fddb04c496c29453a953630637ad31.jpg,91.20454861111111,42.760204781907824
C:\Users\carmonta\Desktop\data-centric-cross-season-transfer\datasets\train_on_2025_all\val\images\GX010667_MP4-0023_jpg.rf.e2b897c50463395e04a98a0c8799a02c.jpg,GX010667_MP4-0023_jpg.rf.e2b897c50463395e04a98a0c8799a02c.jpg,91.17638020833333,42.658639191387685
C:\Users\carmonta\Desktop\data-centric-cross-season-transfer\datasets\train_on_2025_all\val\images\GX010667_MP4-0024_jpg.rf.7b82f542ef2b9a0e42a7af153d2af26f.jpg,GX010667_MP4-0024_jpg.rf.7b82f542ef2b9a0e42a7af153d2af26f.jpg,96.79265190972222,40.556176925397935
C:\Users\carmonta\Desktop\data-centric-cross-season-transfer\datasets\train_on_2025_all\val\images\GX010667_MP4-0029_jpg.rf.e46c9bbc61b31d1cb38a15a1d0ece1b1.jpg,GX010667_MP4-0029_jpg.rf.e46c9bbc61b31d1cb38a15a1d0ece1b1.jpg,101.02451388888889,36.15224460105142
C:\Users\carmonta\Desktop\data-centric-cross-season-transfer\datasets\train_on_2025_all\val\images\GX010667_MP4-0032_jpg.rf.5d3b71b6d3c8a243ebdec6d3b53e3638.jpg,GX010667_MP4-0032_jpg.rf.5d3b71b6d3c8a243ebdec6d3b53e3638.jpg,92.81590711805555,44.13747250052305
C:\Users\carmonta\Desktop\data-centric-cross-season-transfer\datasets\train_on_2025_all\val\images\GX010667_MP4-0034_jpg.rf.bf9e38ea072f8aaeaa54948f15e9394e.jpg,GX010667_MP4-0034_jpg.rf.bf9e38ea072f8aaeaa54948f15e9394e.jpg,99.88887586805555,39.38630326565625
C:\Users\carmonta\Desktop\data-centric-cross-season-transfer\datasets\train_on_2025_all\val\images\GX010667_MP4-0034_jpg.rf.c23e39750c9c5b2eaf67de12ef9183cd.jpg,GX010667_MP4-0034_jpg.rf.c23e39750c9c5b2eaf67de12ef9183cd.jpg,99.87001302083333,39.28671993096215
C:\Users\carmonta\Desktop\data-centric-cross-season-transfer\datasets\train_on_2025_all\val\images\GX010667_MP4-0035_jpg.rf.3aa452c0839ec541b26da4f2099e24b1.jpg,GX010667_MP4-0035_jpg.rf.3aa452c0839ec541b26da4f2099e24b1.jpg,104.02316840277778,36.145447303838374
C:\Users\carmonta\Desktop\data-centric-cross-season-transfer\datasets\train_on_2025_all\val\images\GX010667_MP4-0036_jpg.rf.d3f607829b588e71aefe13e9983d415e.jpg,GX010667_MP4-0036_jpg.rf.d3f607829b588e71aefe13e9983d415e.jpg,98.4837109375,37.1006962434639
C:\Users\carmonta\Desktop\data-centric-cross-season-transfer\datasets\train_on_2025_all\val\images\GX010667_MP4-0042_jpg.rf.5f3f446986fd04aab6da301cd12141b5.jpg,GX010667_MP4-0042_jpg.rf.5f3f446986fd04aab6da301cd12141b5.jpg,107.55917534722222,23.048409878580756
C:\Users\carmonta\Desktop\data-centric-cross-season-transfer\datasets\train_on_2025_all\val\images\GX010668_MP4-0010_jpg.rf.97b2853c602e0625994456d7d54236c8.jpg,GX010668_MP4-0010_jpg.rf.97b2853c602e0625994456d7d54236c8.jpg,98.81542100694445,42.442319079245536
C:\Users\carmonta\Desktop\data-centric-cross-season-transfer\datasets\train_on_2025_all\val\images\GX010668_MP4-0010_jpg.rf.db72f1de4c57e31914b71840ef2a7b91.jpg,GX010668_MP4-0010_jpg.rf.db72f1de4c57e31914b71840ef2a7b91.jpg,98.82346788194444,42.54741752822393
C:\Users\carmonta\Desktop\data-centric-cross-season-transfer\datasets\train_on_2025_all\val\images\GX010668_MP4-0020_jpg.rf.9f196f99a583ccdb57803aef353582cc.jpg,GX010668_MP4-0020_jpg.rf.9f196f99a583ccdb57803aef353582cc.jpg,89.83611111111111,46.4466868602402
C:\Users\carmonta\Desktop\data-centric-cross-season-transfer\datasets\train_on_2025_all\val\images\GX010668_MP4-0022_jpg.rf.8368f4392f3f94f0b5b8b85f0523f79b.jpg,GX010668_MP4-0022_jpg.rf.8368f4392f3f94f0b5b8b85f0523f79b.jpg,99.12543836805555,37.929290921843965
C:\Users\carmonta\Desktop\data-centric-cross-season-transfer\datasets\train_on_2025_all\val\images\GX010668_MP4-0027_jpg.rf.c07a97e29f9613f888b1ab3bd09592de.jpg,GX010668_MP4-0027_jpg.rf.c07a97e29f9613f888b1ab3bd09592de.jpg,99.16055989583333,42.07595528392162
C:\Users\carmonta\Desktop\data-centric-cross-season-transfer\datasets\train_on_2025_all\val\images\GX010668_MP4-0028_jpg.rf.f222e2189e44e6fe32d5fcf7b5e43020.jpg,GX010668_MP4-0028_jpg.rf.f222e2189e44e6fe32d5fcf7b5e43020.jpg,98.84532118055556,36.171471308416436
C:\Users\carmonta\Desktop\data-centric-cross-season-transfer\datasets\train_on_2025_all\val\images\GX010668_MP4-0029_jpg.rf.4728abd43add36006570c09f0133d905.jpg,GX010668_MP4-0029_jpg.rf.4728abd43add36006570c09f0133d905.jpg,106.81967881944445,29.733965857101662
C:\Users\carmonta\Desktop\data-centric-cross-season-transfer\datasets\train_on_2025_all\val\images\GX010668_MP4-0030_jpg.rf.5f98f7652d313ce2a95eafa2a87484ea.jpg,GX010668_MP4-0030_jpg.rf.5f98f7652d313ce2a95eafa2a87484ea.jpg,104.96045572916667,36.20871719638226
C:\Users\carmonta\Desktop\data-centric-cross-season-transfer\datasets\train_on_2025_all\val\images\GX010668_MP4-0030_jpg.rf.e1ea2f046a074e01865a7f5acbea0848.jpg,GX010668_MP4-0030_jpg.rf.e1ea2f046a074e01865a7f5acbea0848.jpg,104.94452256944444,36.11211881598335
C:\Users\carmonta\Desktop\data-centric-cross-season-transfer\datasets\train_on_2025_all\val\images\GX010668_MP4-0033_jpg.rf.3de338abf109b12b335c94b15e626587.jpg,GX010668_MP4-0033_jpg.rf.3de338abf109b12b335c94b15e626587.jpg,94.42412326388889,44.06613979858792
C:\Users\carmonta\Desktop\data-centric-cross-season-transfer\datasets\train_on_2025_all\val\images\GX010668_MP4-0034_jpg.rf.f22267ef6b3c8c34a3efe9013da01e58.jpg,GX010668_MP4-0034_jpg.rf.f22267ef6b3c8c34a3efe9013da01e58.jpg,93.92772569444445,44.42785000746567
C:\Users\carmonta\Desktop\data-centric-cross-season-transfer\datasets\train_on_2025_all\val\images\GX010668_MP4-0036_jpg.rf.f1eff10fd8b245b2d80c3c5be4a928cf.jpg,GX010668_MP4-0036_jpg.rf.f1eff10fd8b245b2d80c3c5be4a928cf.jpg,79.74248697916667,48.58641832396215
C:\Users\carmonta\Desktop\data-centric-cross-season-transfer\datasets\train_on_2025_all\val\images\GX010668_MP4-0041_jpg.rf.24dd47538ac5926a707f3fe018e3c60b.jpg,GX010668_MP4-0041_jpg.rf.24dd47538ac5926a707f3fe018e3c60b.jpg,82.62803819444444,50.729909426170174
C:\Users\carmonta\Desktop\data-centric-cross-season-transfer\datasets\train_on_2025_all\val\images\GX010668_MP4-0042_jpg.rf.fbd9b217217c29f5dc2bb1911a1f64c2.jpg,GX010668_MP4-0042_jpg.rf.fbd9b217217c29f5dc2bb1911a1f64c2.jpg,81.97251302083333,52.22184211558554
C:\Users\carmonta\Desktop\data-centric-cross-season-transfer\datasets\train_on_2025_all\val\images\GX010668_MP4-0044_jpg.rf.62eff0ff53ea166dd6e268a427b40a9d.jpg,GX010668_MP4-0044_jpg.rf.62eff0ff53ea166dd6e268a427b40a9d.jpg,78.18927951388889,52.85210856591101
C:\Users\carmonta\Desktop\data-centric-cross-season-transfer\datasets\train_on_2025_all\val\images\GX010668_MP4-0046_jpg.rf.b0d1b3e7fa8ae93f9dc5307911be5eb1.jpg,GX010668_MP4-0046_jpg.rf.b0d1b3e7fa8ae93f9dc5307911be5eb1.jpg,81.73703993055555,53.462048629551646
C:\Users\carmonta\Desktop\data-centric-cross-season-transfer\datasets\train_on_2025_all\val\images\GX010668_MP4-0048_jpg.rf.4d83ad28048489ed983b46a179cf19a0.jpg,GX010668_MP4-0048_jpg.rf.4d83ad28048489ed983b46a179cf19a0.jpg,100.49809027777778,42.3505878119729
C:\Users\carmonta\Desktop\data-centric-cross-season-transfer\datasets\train_on_2025_all\val\images\GX010668_MP4-0051_jpg.rf.1093c2416a6da9c9d803a6a59cefe382.jpg,GX010668_MP4-0051_jpg.rf.1093c2416a6da9c9d803a6a59cefe382.jpg,97.64172309027778,41.58081083259725
C:\Users\carmonta\Desktop\data-centric-cross-season-transfer\datasets\train_on_2025_all\val\images\GX010668_MP4-0051_jpg.rf.abb035482a22e8afa71a04e04f3121d3.jpg,GX010668_MP4-0051_jpg.rf.abb035482a22e8afa71a04e04f3121d3.jpg,97.66993489583334,41.68772866311514
C:\Users\carmonta\Desktop\data-centric-cross-season-transfer\datasets\train_on_2025_all\val\images\GX010668_MP4-0051_jpg.rf.f473773a9346d5ce61a027f98ffa3bfd.jpg,GX010668_MP4-0051_jpg.rf.f473773a9346d5ce61a027f98ffa3bfd.jpg,97.66314236111111,41.68098232225086
C:\Users\carmonta\Desktop\data-centric-cross-season-transfer\datasets\train_on_2025_all\val\images\GX010668_MP4-0052_jpg.rf.c05ae13ee6099d1b56d04ec0095c7d1d.jpg,GX010668_MP4-0052_jpg.rf.c05ae13ee6099d1b56d04ec0095c7d1d.jpg,96.95495225694444,41.999783783828526
C:\Users\carmonta\Desktop\data-centric-cross-season-transfer\datasets\train_on_2025_all\val\images\GX010668_MP4-0055_jpg.rf.cb5bc2ad064c6ff2da627700a01f39af.jpg,GX010668_MP4-0055_jpg.rf.cb5bc2ad064c6ff2da627700a01f39af.jpg,94.27092881944445,41.28843411924505
