image_path,basename,uncertainty_score
C:\Users\carmonta\Desktop\data-centric-cross-season-transfer\datasets\train_on_2025_all\images\frame_00002_jpg.rf.81e4d2d34334c3e62d52a2aaf1841b65.jpg,frame_00002_jpg.rf.81e4d2d34334c3e62d52a2aaf1841b65.jpg,0.7115542590618134
C:\Users\carmonta\Desktop\data-centric-cross-season-transfer\datasets\train_on_2025_all\images\frame_00002_jpg.rf.c133fc4781eee7587233f43432fbbbf5.jpg,frame_00002_jpg.rf.c133fc4781eee7587233f43432fbbbf5.jpg,0.7832851558923721
C:\Users\carmonta\Desktop\data-centric-cross-season-transfer\datasets\train_on_2025_all\images\frame_00003_jpg.rf.3ae6ccc87659809e194e2556d90c364b.jpg,frame_00003_jpg.rf.3ae6ccc87659809e194e2556d90c364b.jpg,0.9081882163882256
C:\Users\carmonta\Desktop\data-centric-cross-season-transfer\datasets\train_on_2025_all\images\frame_00003_jpg.rf.42c03ad0db5e42c1cc474e5ffee4acda.jpg,frame_00003_jpg.rf.42c03ad0db5e42c1cc474e5ffee4acda.jpg,0.1371300220489502
C:\Users\carmonta\Desktop\data-centric-cross-season-transfer\datasets\train_on_2025_all\images\frame_00003_jpg.rf.513729ede4792fad7700d7425b5cddea.jpg,frame_00003_jpg.rf.513729ede4792fad7700d7425b5cddea.jpg,0.16944491863250732
C:\Users\carmonta\Desktop\data-centric-cross-season-transfer\datasets\train_on_2025_all\images\frame_00003_jpg.rf.b6c0410e93749729dfb7ee0391ac5426.jpg,frame_00003_jpg.rf.b6c0410e93749729dfb7ee0391ac5426.jpg,0.1414739489555359
C:\Users\carmonta\Desktop\data-centric-cross-season-transfer\datasets\train_on_2025_all\images\frame_00003_jpg.rf.b9b8d4f7af3993256d7a9ece090bd229.jpg,frame_00003_jpg.rf.b9b8d4f7af3993256d7a9ece090bd229.jpg,0.17028892040252686
C:\Users\carmonta\Desktop\data-centric-cross-season-transfer\datasets\train_on_2025_all\images\frame_00003_jpg.rf.ba8e369f79cd8c8b862073f03aa2c390.jpg,frame_00003_jpg.rf.ba8e369f79cd8c8b862073f03aa2c390.jpg,0.14140254259109497
C:\Users\carmonta\Desktop\data-centric-cross-season-transfer\datasets\train_on_2025_all\images\frame_00003_jpg.rf.d8d3e2d8d3c9a4cf40b2ab2e95ba1e6a.jpg,frame_00003_jpg.rf.d8d3e2d8d3c9a4cf40b2ab2e95ba1e6a.jpg,0.16935139894485474
C:\Users\carmonta\Desktop\data-centric-cross-season-transfer\datasets\train_on_2025_all\images\frame_00003_jpg.rf.f9cdf9b0e4ad95f5b26745a774f96412.jpg,frame_00003_jpg.rf.f9cdf9b0e4ad95f5b26745a774f96412.jpg,0.915582962334156
C:\Users\carmonta\Desktop\data-centric-cross-season-transfer\datasets\train_on_2025_all\images\frame_00004_jpg.rf.218144c56928d193f449c445b97971ab.jpg,frame_00004_jpg.rf.218144c56928d193f449c445b97971ab.jpg,0.13784080743789673
C:\Users\carmonta\Desktop\data-centric-cross-season-transfer\datasets\train_on_2025_all\images\frame_00004_jpg.rf.54b21877958724da379aee0e0e4684fa.jpg,frame_00004_jpg.rf.54b21877958724da379aee0e0e4684fa.jpg,0.137062668800354
C:\Users\carmonta\Desktop\data-centric-cross-season-transfer\datasets\train_on_2025_all\images\frame_00004_jpg.rf.6b84e6ce0ce299b222b6b2b97dcb0e31.jpg,frame_00004_jpg.rf.6b84e6ce0ce299b222b6b2b97dcb0e31.jpg,0.946340337395668
C:\Users\carmonta\Desktop\data-centric-cross-season-transfer\datasets\train_on_2025_all\images\frame_00004_jpg.rf.7f29194939f516713e2afbc2fbf16389.jpg,frame_00004_jpg.rf.7f29194939f516713e2afbc2fbf16389.jpg,0.9402061402797699
C:\Users\carmonta\Desktop\data-centric-cross-season-transfer\datasets\train_on_2025_all\images\frame_00004_jpg.rf.8c2c7414d6d9af84d057793df2085d0d.jpg,frame_00004_jpg.rf.8c2c7414d6d9af84d057793df2085d0d.jpg,0.7825617790222168
C:\Users\carmonta\Desktop\data-centric-cross-season-transfer\datasets\train_on_2025_all\images\frame_00004_jpg.rf.9c968ac8bae486c821c5bc257dfedd7e.jpg,frame_00004_jpg.rf.9c968ac8bae486c821c5bc257dfedd7e.jpg,0.13742589950561523
C:\Users\carmonta\Desktop\data-centric-cross-season-transfer\datasets\train_on_2025_all\images\frame_00004_jpg.rf.c3dce6e668dc23dd39a54307390c31e3.jpg,frame_00004_jpg.rf.c3dce6e668dc23dd39a54307390c31e3.jpg,0.7827189713716507
C:\Users\carmonta\Desktop\data-centric-cross-season-transfer\datasets\train_on_2025_all\images\frame_00004_jpg.rf.d1eb9dec04905336e1852cb870754a62.jpg,frame_00004_jpg.rf.d1eb9dec04905336e1852cb870754a62.jpg,0.949565228074789
C:\Users\carmonta\Desktop\data-centric-cross-season-transfer\datasets\train_on_2025_all\images\frame_00005_jpg.rf.036a737ef8862a76891fa078924bebd0.jpg,frame_00005_jpg.rf.036a737ef8862a76891fa078924bebd0.jpg,0.8290437459945679
C:\Users\carmonta\Desktop\data-centric-cross-season-transfer\datasets\train_on_2025_all\images\frame_00005_jpg.rf.154e351508d5071df07c41f8f49cf0c7.jpg,frame_00005_jpg.rf.154e351508d5071df07c41f8f49cf0c7.jpg,0.8461232930421829
C:\Users\carmonta\Desktop\data-centric-cross-season-transfer\datasets\train_on_2025_all\images\frame_00005_jpg.rf.1d695ea85c20d4cac0295ca54b231eff.jpg,frame_00005_jpg.rf.1d695ea85c20d4cac0295ca54b231eff.jpg,0.8054840266704559
C:\Users\carmonta\Desktop\data-centric-cross-season-transfer\datasets\train_on_2025_all\images\frame_00005_jpg.rf.281ffad5dbd4c5accc812baf1da4af81.jpg,frame_00005_jpg.rf.281ffad5dbd4c5accc812baf1da4af81.jpg,0.5859782993793488
C:\Users\carmonta\Desktop\data-centric-cross-season-transfer\datasets\train_on_2025_all\images\frame_00005_jpg.rf.39862fc3570999bcc7bcbb9d51c4f1fb.jpg,frame_00005_jpg.rf.39862fc3570999bcc7bcbb9d51c4f1fb.jpg,0.8263069987297058
C:\Users\carmonta\Desktop\data-centric-cross-season-transfer\datasets\train_on_2025_all\images\frame_00005_jpg.rf.400a144994418b11fa5d367fdf752168.jpg,frame_00005_jpg.rf.400a144994418b11fa5d367fdf752168.jpg,0.16912126541137695
C:\Users\carmonta\Desktop\data-centric-cross-season-transfer\datasets\train_on_2025_all\images\frame_00005_jpg.rf.543091a76c30c92669719d24e52a4f95.jpg,frame_00005_jpg.rf.543091a76c30c92669719d24e52a4f95.jpg,0.9080980867147446
C:\Users\carmonta\Desktop\data-centric-cross-season-transfer\datasets\train_on_2025_all\images\frame_00005_jpg.rf.9e94c2badff0303ade53cbbb8f873195.jpg,frame_00005_jpg.rf.9e94c2badff0303ade53cbbb8f873195.jpg,0.9172434359788895
C:\Users\carmonta\Desktop\data-centric-cross-season-transfer\datasets\train_on_2025_all\images\frame_00005_jpg.rf.a4fbdb6ea2709dca15495c40ef3d85c0.jpg,frame_00005_jpg.rf.a4fbdb6ea2709dca15495c40ef3d85c0.jpg,0.837759256362915
C:\Users\carmonta\Desktop\data-centric-cross-season-transfer\datasets\train_on_2025_all\images\frame_00005_jpg.rf.c42ac8118f9093bec750f88f7f25b84a.jpg,frame_00005_jpg.rf.c42ac8118f9093bec750f88f7f25b84a.jpg,0.16628271341323853
C:\Users\carmonta\Desktop\data-centric-cross-season-transfer\datasets\train_on_2025_all\images\frame_00005_jpg.rf.ce60b95c400ab73280a4d974431fbdf8.jpg,frame_00005_jpg.rf.ce60b95c400ab73280a4d974431fbdf8.jpg,0.8631591200828552
C:\Users\carmonta\Desktop\data-centric-cross-season-transfer\datasets\train_on_2025_all\images\frame_00005_jpg.rf.dba90d4b4eaa2fe3543fd2d1abb0aa21.jpg,frame_00005_jpg.rf.dba90d4b4eaa2fe3543fd2d1abb0aa21.jpg,0.8159127086400986
C:\Users\carmonta\Desktop\data-centric-cross-season-transfer\datasets\train_on_2025_all\images\frame_00006_jpg.rf.038b169031e15fcf877d1b6ff1af1348.jpg,frame_00006_jpg.rf.038b169031e15fcf877d1b6ff1af1348.jpg,0.9294816106557846
C:\Users\carmonta\Desktop\data-centric-cross-season-transfer\datasets\train_on_2025_all\images\frame_00006_jpg.rf.2fa5dc9a295d4e35e49d6b9eaed11a7a.jpg,frame_00006_jpg.rf.2fa5dc9a295d4e35e49d6b9eaed11a7a.jpg,0.8714215904474258
C:\Users\carmonta\Desktop\data-centric-cross-season-transfer\datasets\train_on_2025_all\images\frame_00006_jpg.rf.6f104ffc740898a5b9b5bf81f307874a.jpg,frame_00006_jpg.rf.6f104ffc740898a5b9b5bf81f307874a.jpg,0.9294250756502151
C:\Users\carmonta\Desktop\data-centric-cross-season-transfer\datasets\train_on_2025_all\images\frame_00006_jpg.rf.86bb6dbf680c436150405f0f17b61b05.jpg,frame_00006_jpg.rf.86bb6dbf680c436150405f0f17b61b05.jpg,0.93187565356493
C:\Users\carmonta\Desktop\data-centric-cross-season-transfer\datasets\train_on_2025_all\images\frame_00006_jpg.rf.89372a8bf7fe3d7090f5e9d20f446fd1.jpg,frame_00006_jpg.rf.89372a8bf7fe3d7090f5e9d20f446fd1.jpg,0.8909077495336533
C:\Users\carmonta\Desktop\data-centric-cross-season-transfer\datasets\train_on_2025_all\images\frame_00006_jpg.rf.a35b0490b87b7416423c3d938a181032.jpg,frame_00006_jpg.rf.a35b0490b87b7416423c3d938a181032.jpg,0.8648829609155655
C:\Users\carmonta\Desktop\data-centric-cross-season-transfer\datasets\train_on_2025_all\images\frame_00006_jpg.rf.b1e2f6b39721d564a4a3b390602e6d74.jpg,frame_00006_jpg.rf.b1e2f6b39721d564a4a3b390602e6d74.jpg,0.8650643080472946
C:\Users\carmonta\Desktop\data-centric-cross-season-transfer\datasets\train_on_2025_all\images\frame_00006_jpg.rf.f3a0aba8fbfb1a5d5c6cd9b555cf4d99.jpg,frame_00006_jpg.rf.f3a0aba8fbfb1a5d5c6cd9b555cf4d99.jpg,0.9351261407136917
C:\Users\carmonta\Desktop\data-centric-cross-season-transfer\datasets\train_on_2025_all\images\frame_00007_jpg.rf.1cd3bd8f0fd768e315f652f1eff4d88b.jpg,frame_00007_jpg.rf.1cd3bd8f0fd768e315f652f1eff4d88b.jpg,0.5837676227092743
C:\Users\carmonta\Desktop\data-centric-cross-season-transfer\datasets\train_on_2025_all\images\frame_00007_jpg.rf.2c644dbeadfda868a6c6d6ca5c29f6eb.jpg,frame_00007_jpg.rf.2c644dbeadfda868a6c6d6ca5c29f6eb.jpg,0.8286275416612625
C:\Users\carmonta\Desktop\data-centric-cross-season-transfer\datasets\train_on_2025_all\images\frame_00007_jpg.rf.3190f604ce8917bc6c8ad412b5d8e100.jpg,frame_00007_jpg.rf.3190f604ce8917bc6c8ad412b5d8e100.jpg,0.8869645670056343
C:\Users\carmonta\Desktop\data-centric-cross-season-transfer\datasets\train_on_2025_all\images\frame_00007_jpg.rf.5b36de2e773734c85be4a2e3df7a314d.jpg,frame_00007_jpg.rf.5b36de2e773734c85be4a2e3df7a314d.jpg,0.8735525012016296
C:\Users\carmonta\Desktop\data-centric-cross-season-transfer\datasets\train_on_2025_all\images\frame_00007_jpg.rf.667c56881f7795cd3b47d7c16be9663b.jpg,frame_00007_jpg.rf.667c56881f7795cd3b47d7c16be9663b.jpg,0.5003328323364258
C:\Users\carmonta\Desktop\data-centric-cross-season-transfer\datasets\train_on_2025_all\images\frame_00007_jpg.rf.7575f4db9b9cfeac208a6e09c37ff2c3.jpg,frame_00007_jpg.rf.7575f4db9b9cfeac208a6e09c37ff2c3.jpg,0.20028334856033325
C:\Users\carmonta\Desktop\data-centric-cross-season-transfer\datasets\train_on_2025_all\images\frame_00007_jpg.rf.99d6e27d19ba41124d89d12e9ae68306.jpg,frame_00007_jpg.rf.99d6e27d19ba41124d89d12e9ae68306.jpg,0.8735525012016296
C:\Users\carmonta\Desktop\data-centric-cross-season-transfer\datasets\train_on_2025_all\images\frame_00007_jpg.rf.b8aa26a7fa4db5f6deaf11a15cf1b867.jpg,frame_00007_jpg.rf.b8aa26a7fa4db5f6deaf11a15cf1b867.jpg,0.375591516494751
C:\Users\carmonta\Desktop\data-centric-cross-season-transfer\datasets\train_on_2025_all\images\frame_00007_jpg.rf.c9c871e0ba4d59f0c64afca3615e4b5e.jpg,frame_00007_jpg.rf.c9c871e0ba4d59f0c64afca3615e4b5e.jpg,0.7860685139894485
C:\Users\carmonta\Desktop\data-centric-cross-season-transfer\datasets\train_on_2025_all\images\frame_00007_jpg.rf.ce845d4b9989d584fdb47d834c7814c3.jpg,frame_00007_jpg.rf.ce845d4b9989d584fdb47d834c7814c3.jpg,0.20041686296463013
C:\Users\carmonta\Desktop\data-centric-cross-season-transfer\datasets\train_on_2025_all\images\frame_00007_jpg.rf.df175e2f7ab0148dbd824f69da57754c.jpg,frame_00007_jpg.rf.df175e2f7ab0148dbd824f69da57754c.jpg,0.20409411191940308
C:\Users\carmonta\Desktop\data-centric-cross-season-transfer\datasets\train_on_2025_all\images\frame_00008_jpg.rf.11cfdb679b92a4147ba6adf42754255a.jpg,frame_00008_jpg.rf.11cfdb679b92a4147ba6adf42754255a.jpg,0.847946286201477
C:\Users\carmonta\Desktop\data-centric-cross-season-transfer\datasets\train_on_2025_all\images\frame_00008_jpg.rf.188ffe17721d4d241178344db4711dd6.jpg,frame_00008_jpg.rf.188ffe17721d4d241178344db4711dd6.jpg,0.7623944133520126
C:\Users\carmonta\Desktop\data-centric-cross-season-transfer\datasets\train_on_2025_all\images\frame_00008_jpg.rf.6a4027daa752b930212f9a9b54e77b10.jpg,frame_00008_jpg.rf.6a4027daa752b930212f9a9b54e77b10.jpg,0.7629213035106659
C:\Users\carmonta\Desktop\data-centric-cross-season-transfer\datasets\train_on_2025_all\images\frame_00008_jpg.rf.7b299bdebf3798f9d2382fc5b351cf6a.jpg,frame_00008_jpg.rf.7b299bdebf3798f9d2382fc5b351cf6a.jpg,0.14729660749435425
C:\Users\carmonta\Desktop\data-centric-cross-season-transfer\datasets\train_on_2025_all\images\frame_00008_jpg.rf.ad138de2472f10d072daac70fb4d56ba.jpg,frame_00008_jpg.rf.ad138de2472f10d072daac70fb4d56ba.jpg,0.8093986511230469
C:\Users\carmonta\Desktop\data-centric-cross-season-transfer\datasets\train_on_2025_all\images\frame_00008_jpg.rf.ad6832df77945bb62c6f6faa8b76e5c7.jpg,frame_00008_jpg.rf.ad6832df77945bb62c6f6faa8b76e5c7.jpg,0.8221974968910217
C:\Users\carmonta\Desktop\data-centric-cross-season-transfer\datasets\train_on_2025_all\images\frame_00008_jpg.rf.ce267c492735efd81df40bc5a5fdc882.jpg,frame_00008_jpg.rf.ce267c492735efd81df40bc5a5fdc882.jpg,0.818291038274765
C:\Users\carmonta\Desktop\data-centric-cross-season-transfer\datasets\train_on_2025_all\images\frame_00008_jpg.rf.fc43621626aa3aa99924f367b0417b4d.jpg,frame_00008_jpg.rf.fc43621626aa3aa99924f367b0417b4d.jpg,0.847946286201477
C:\Users\carmonta\Desktop\data-centric-cross-season-transfer\datasets\train_on_2025_all\images\frame_00009_jpg.rf.3c5231dd711265c35729c5f88b56f813.jpg,frame_00009_jpg.rf.3c5231dd711265c35729c5f88b56f813.jpg,0.9227943792939186
C:\Users\carmonta\Desktop\data-centric-cross-season-transfer\datasets\train_on_2025_all\images\frame_00009_jpg.rf.705ce6e6d191da051f21cdb82d999e49.jpg,frame_00009_jpg.rf.705ce6e6d191da051f21cdb82d999e49.jpg,0.1359654664993286
C:\Users\carmonta\Desktop\data-centric-cross-season-transfer\datasets\train_on_2025_all\images\frame_00009_jpg.rf.7d91091c1cf2e42ac6fba56f7103fc54.jpg,frame_00009_jpg.rf.7d91091c1cf2e42ac6fba56f7103fc54.jpg,0.8235024809837341
C:\Users\carmonta\Desktop\data-centric-cross-season-transfer\datasets\train_on_2025_all\images\frame_00009_jpg.rf.8f4e9c05dfd8ddbb8812213ee54b6512.jpg,frame_00009_jpg.rf.8f4e9c05dfd8ddbb8812213ee54b6512.jpg,0.9233581051230431
C:\Users\carmonta\Desktop\data-centric-cross-season-transfer\datasets\train_on_2025_all\images\frame_00009_jpg.rf.af500b7865630015723c330f6e8d729c.jpg,frame_00009_jpg.rf.af500b7865630015723c330f6e8d729c.jpg,0.8119149208068848
C:\Users\carmonta\Desktop\data-centric-cross-season-transfer\datasets\train_on_2025_all\images\frame_00009_jpg.rf.c8d320a217d012645cba27190c3be9d5.jpg,frame_00009_jpg.rf.c8d320a217d012645cba27190c3be9d5.jpg,0.9148807004094124
C:\Users\carmonta\Desktop\data-centric-cross-season-transfer\datasets\train_on_2025_all\images\frame_00009_jpg.rf.d2671c8d580369af76cea49833fb4a05.jpg,frame_00009_jpg.rf.d2671c8d580369af76cea49833fb4a05.jpg,0.8269727975130081
C:\Users\carmonta\Desktop\data-centric-cross-season-transfer\datasets\train_on_2025_all\images\frame_00009_jpg.rf.f07aa488b2e3f43bad477b51256f7244.jpg,frame_00009_jpg.rf.f07aa488b2e3f43bad477b51256f7244.jpg,0.13746851682662964
C:\Users\carmonta\Desktop\data-centric-cross-season-transfer\datasets\train_on_2025_all\images\frame_00010_jpg.rf.2c583b78598b6ef0c2608eb15e4017e0.jpg,frame_00010_jpg.rf.2c583b78598b6ef0c2608eb15e4017e0.jpg,0.873695120215416
C:\Users\carmonta\Desktop\data-centric-cross-season-transfer\datasets\train_on_2025_all\images\frame_00010_jpg.rf.58ca5f4adf6c42b3427723f0a2628ae5.jpg,frame_00010_jpg.rf.58ca5f4adf6c42b3427723f0a2628ae5.jpg,0.8499977141618729
C:\Users\carmonta\Desktop\data-centric-cross-season-transfer\datasets\train_on_2025_all\images\frame_00010_jpg.rf.6874cef9bb075c881c26b3beaf2bb4c3.jpg,frame_00010_jpg.rf.6874cef9bb075c881c26b3beaf2bb4c3.jpg,0.13750189542770386
C:\Users\carmonta\Desktop\data-centric-cross-season-transfer\datasets\train_on_2025_all\images\frame_00010_jpg.rf.7d98e67b4ec45098752fb95486542ff9.jpg,frame_00010_jpg.rf.7d98e67b4ec45098752fb95486542ff9.jpg,0.8491935282945633
C:\Users\carmonta\Desktop\data-centric-cross-season-transfer\datasets\train_on_2025_all\images\frame_00010_jpg.rf.82212d4a8709b29090aff803358b1f18.jpg,frame_00010_jpg.rf.82212d4a8709b29090aff803358b1f18.jpg,0.8894322514533997
C:\Users\carmonta\Desktop\data-centric-cross-season-transfer\datasets\train_on_2025_all\images\frame_00010_jpg.rf.a0205bcd883d3f8e2f93888ad1c2cf3c.jpg,frame_00010_jpg.rf.a0205bcd883d3f8e2f93888ad1c2cf3c.jpg,0.6834548115730286
C:\Users\carmonta\Desktop\data-centric-cross-season-transfer\datasets\train_on_2025_all\images\frame_00010_jpg.rf.a1b920fbd47c25211c628be795daf4b3.jpg,frame_00010_jpg.rf.a1b920fbd47c25211c628be795daf4b3.jpg,0.18582546710968018
C:\Users\carmonta\Desktop\data-centric-cross-season-transfer\datasets\train_on_2025_all\images\frame_00010_jpg.rf.a52f6f0ea794c0f358b63aa3b974419b.jpg,frame_00010_jpg.rf.a52f6f0ea794c0f358b63aa3b974419b.jpg,0.1746707558631897
C:\Users\carmonta\Desktop\data-centric-cross-season-transfer\datasets\train_on_2025_all\images\frame_00010_jpg.rf.b2a376e6730ed1443f5912537f8e50fb.jpg,frame_00010_jpg.rf.b2a376e6730ed1443f5912537f8e50fb.jpg,0.718565046787262
C:\Users\carmonta\Desktop\data-centric-cross-season-transfer\datasets\train_on_2025_all\images\frame_00010_jpg.rf.b3c82e9a3cad6672f9603ad9463310f2.jpg,frame_00010_jpg.rf.b3c82e9a3cad6672f9603ad9463310f2.jpg,0.8737884610891342
C:\Users\carmonta\Desktop\data-centric-cross-season-transfer\datasets\train_on_2025_all\images\frame_00010_jpg.rf.c46e629a1a7b5eaa396024d9c9d44b55.jpg,frame_00010_jpg.rf.c46e629a1a7b5eaa396024d9c9d44b55.jpg,0.18211567401885986
C:\Users\carmonta\Desktop\data-centric-cross-season-transfer\datasets\train_on_2025_all\images\frame_00010_jpg.rf.c62e1ed29eb686641fd6c490c38af66d.jpg,frame_00010_jpg.rf.c62e1ed29eb686641fd6c490c38af66d.jpg,0.7285840213298798
C:\Users\carmonta\Desktop\data-centric-cross-season-transfer\datasets\train_on_2025_all\images\frame_00010_jpg.rf.d9527b21a602532451cfcef3b38f5782.jpg,frame_00010_jpg.rf.d9527b21a602532451cfcef3b38f5782.jpg,0.5687818229198456
C:\Users\carmonta\Desktop\data-centric-cross-season-transfer\datasets\train_on_2025_all\images\frame_00010_jpg.rf.f2f77a0e1bb2122fdd28d7c8c0a68653.jpg,frame_00010_jpg.rf.f2f77a0e1bb2122fdd28d7c8c0a68653.jpg,0.8364153057336807
C:\Users\carmonta\Desktop\data-centric-cross-season-transfer\datasets\train_on_2025_all\images\frame_00011_jpg.rf.1fcc49c8b0fc89f7a3a3f0f9952da1df.jpg,frame_00011_jpg.rf.1fcc49c8b0fc89f7a3a3f0f9952da1df.jpg,0.4470292925834656
C:\Users\carmonta\Desktop\data-centric-cross-season-transfer\datasets\train_on_2025_all\images\frame_00011_jpg.rf.3c1775a81cf8f88d22c075a4160c2e1e.jpg,frame_00011_jpg.rf.3c1775a81cf8f88d22c075a4160c2e1e.jpg,0.45567238330841064
C:\Users\carmonta\Desktop\data-centric-cross-season-transfer\datasets\train_on_2025_all\images\frame_00011_jpg.rf.4f19e68cdc93edcc14059ec620daea7d.jpg,frame_00011_jpg.rf.4f19e68cdc93edcc14059ec620daea7d.jpg,0.5845198631286621
C:\Users\carmonta\Desktop\data-centric-cross-season-transfer\datasets\train_on_2025_all\images\frame_00011_jpg.rf.8cdfc1f3a550d613af79bd25989f0999.jpg,frame_00011_jpg.rf.8cdfc1f3a550d613af79bd25989f0999.jpg,0.8447249382734299
C:\Users\carmonta\Desktop\data-centric-cross-season-transfer\datasets\train_on_2025_all\images\frame_00011_jpg.rf.975b52169461b6e0516f23e40a98147c.jpg,frame_00011_jpg.rf.975b52169461b6e0516f23e40a98147c.jpg,0.6857956945896149
C:\Users\carmonta\Desktop\data-centric-cross-season-transfer\datasets\train_on_2025_all\images\frame_00011_jpg.rf.b66e39b2805515df290d32ae4e69c027.jpg,frame_00011_jpg.rf.b66e39b2805515df290d32ae4e69c027.jpg,0.500014066696167
C:\Users\carmonta\Desktop\data-centric-cross-season-transfer\datasets\train_on_2025_all\images\frame_00011_jpg.rf.b8b1a3fd7b62dd82d7cd3bbc682f54a7.jpg,frame_00011_jpg.rf.b8b1a3fd7b62dd82d7cd3bbc682f54a7.jpg,0.5021730959415436
C:\Users\carmonta\Desktop\data-centric-cross-season-transfer\datasets\train_on_2025_all\images\frame_00011_jpg.rf.ce61f94599259c92f54fb182f780fbe2.jpg,frame_00011_jpg.rf.ce61f94599259c92f54fb182f780fbe2.jpg,0.18414610624313354
C:\Users\carmonta\Desktop\data-centric-cross-season-transfer\datasets\train_on_2025_all\images\frame_00011_jpg.rf.d9e9b77024a2390957bf5e6dd275eaf9.jpg,frame_00011_jpg.rf.d9e9b77024a2390957bf5e6dd275eaf9.jpg,0.8033481687307358
C:\Users\carmonta\Desktop\data-centric-cross-season-transfer\datasets\train_on_2025_all\images\frame_00011_jpg.rf.dcabad4bbba54e756b013e97dd23c08e.jpg,frame_00011_jpg.rf.dcabad4bbba54e756b013e97dd23c08e.jpg,0.8447487056255341
C:\Users\carmonta\Desktop\data-centric-cross-season-transfer\datasets\train_on_2025_all\images\frame_00011_jpg.rf.e8cce621d23b11722ac314db32d53ad3.jpg,frame_00011_jpg.rf.e8cce621d23b11722ac314db32d53ad3.jpg,0.6094033122062683
C:\Users\carmonta\Desktop\data-centric-cross-season-transfer\datasets\train_on_2025_all\images\frame_00011_jpg.rf.f3e6ddd10392a0197b88fd328a73db46.jpg,frame_00011_jpg.rf.f3e6ddd10392a0197b88fd328a73db46.jpg,0.44593924283981323
C:\Users\carmonta\Desktop\data-centric-cross-season-transfer\datasets\train_on_2025_all\images\frame_00011_jpg.rf.fef6407c8d34aa751464d063276fd291.jpg,frame_00011_jpg.rf.fef6407c8d34aa751464d063276fd291.jpg,0.1892411708831787
C:\Users\carmonta\Desktop\data-centric-cross-season-transfer\datasets\train_on_2025_all\images\frame_00012_jpg.rf.0b46ba4251e1de99d336c252b35c60e3.jpg,frame_00012_jpg.rf.0b46ba4251e1de99d336c252b35c60e3.jpg,0.4541803002357483
C:\Users\carmonta\Desktop\data-centric-cross-season-transfer\datasets\train_on_2025_all\images\frame_00012_jpg.rf.0f81f75d47a2023ae72f9bfacffec0f1.jpg,frame_00012_jpg.rf.0f81f75d47a2023ae72f9bfacffec0f1.jpg,0.7514858394861221
C:\Users\carmonta\Desktop\data-centric-cross-season-transfer\datasets\train_on_2025_all\images\frame_00012_jpg.rf.11ed1fc12ec2f8b018b48bfe25c17968.jpg,frame_00012_jpg.rf.11ed1fc12ec2f8b018b48bfe25c17968.jpg,0.41478997468948364
C:\Users\carmonta\Desktop\data-centric-cross-season-transfer\datasets\train_on_2025_all\images\frame_00012_jpg.rf.3515fba64554e6fc8794a683796ed5a5.jpg,frame_00012_jpg.rf.3515fba64554e6fc8794a683796ed5a5.jpg,0.9236829504370689
C:\Users\carmonta\Desktop\data-centric-cross-season-transfer\datasets\train_on_2025_all\images\frame_00012_jpg.rf.3e1c00c467c5a01f645f4cdcdd59428e.jpg,frame_00012_jpg.rf.3e1c00c467c5a01f645f4cdcdd59428e.jpg,0.13751846551895142
C:\Users\carmonta\Desktop\data-centric-cross-season-transfer\datasets\train_on_2025_all\images\frame_00012_jpg.rf.5f59c1f919c599da973037db994c8b0f.jpg,frame_00012_jpg.rf.5f59c1f919c599da973037db994c8b0f.jpg,0.42856931686401367
C:\Users\carmonta\Desktop\data-centric-cross-season-transfer\datasets\train_on_2025_all\images\frame_00012_jpg.rf.6cfefd072aee9506808de677ebe42cf5.jpg,frame_00012_jpg.rf.6cfefd072aee9506808de677ebe42cf5.jpg,0.8254812806844711
C:\Users\carmonta\Desktop\data-centric-cross-season-transfer\datasets\train_on_2025_all\images\frame_00012_jpg.rf.b327326d0cbc9e663dd5b02c13ecf1a1.jpg,frame_00012_jpg.rf.b327326d0cbc9e663dd5b02c13ecf1a1.jpg,0.13795709609985352
C:\Users\carmonta\Desktop\data-centric-cross-season-transfer\datasets\train_on_2025_all\images\frame_00012_jpg.rf.d5367e86c8973aad59dea34746bb7567.jpg,frame_00012_jpg.rf.d5367e86c8973aad59dea34746bb7567.jpg,0.9060654267668724
C:\Users\carmonta\Desktop\data-centric-cross-season-transfer\datasets\train_on_2025_all\images\frame_00013_jpg.rf.1899238de463496a8186daabf966c102.jpg,frame_00013_jpg.rf.1899238de463496a8186daabf966c102.jpg,0.8145355582237244
C:\Users\carmonta\Desktop\data-centric-cross-season-transfer\datasets\train_on_2025_all\images\frame_00013_jpg.rf.2293b7358d448393725953de5a24f690.jpg,frame_00013_jpg.rf.2293b7358d448393725953de5a24f690.jpg,0.6270236372947693
C:\Users\carmonta\Desktop\data-centric-cross-season-transfer\datasets\train_on_2025_all\images\frame_00013_jpg.rf.23a48c47eeee0b7fa9b0bfebd5014129.jpg,frame_00013_jpg.rf.23a48c47eeee0b7fa9b0bfebd5014129.jpg,0.574114203453064
C:\Users\carmonta\Desktop\data-centric-cross-season-transfer\datasets\train_on_2025_all\images\frame_00013_jpg.rf.319a0513adcc6c335d9ab4228ba24610.jpg,frame_00013_jpg.rf.319a0513adcc6c335d9ab4228ba24610.jpg,0.9036851301789284
C:\Users\carmonta\Desktop\data-centric-cross-season-transfer\datasets\train_on_2025_all\images\frame_00013_jpg.rf.33495cc14bd83aa5c060bf2c86eafd9d.jpg,frame_00013_jpg.rf.33495cc14bd83aa5c060bf2c86eafd9d.jpg,0.5756260752677917
C:\Users\carmonta\Desktop\data-centric-cross-season-transfer\datasets\train_on_2025_all\images\frame_00013_jpg.rf.3cfbf60c3b10c9fb572307cdefb596fe.jpg,frame_00013_jpg.rf.3cfbf60c3b10c9fb572307cdefb596fe.jpg,0.26861315965652466
C:\Users\carmonta\Desktop\data-centric-cross-season-transfer\datasets\train_on_2025_all\images\frame_00013_jpg.rf.5f647dda9e1171f42c6b62373e8025cb.jpg,frame_00013_jpg.rf.5f647dda9e1171f42c6b62373e8025cb.jpg,0.8952440991997719
C:\Users\carmonta\Desktop\data-centric-cross-season-transfer\datasets\train_on_2025_all\images\frame_00013_jpg.rf.7fd42a37e2e335130df78ddea7ce7837.jpg,frame_00013_jpg.rf.7fd42a37e2e335130df78ddea7ce7837.jpg,0.5713783502578735
C:\Users\carmonta\Desktop\data-centric-cross-season-transfer\datasets\train_on_2025_all\images\frame_00013_jpg.rf.90a25b49b789cdf6bad5fedd717e869d.jpg,frame_00013_jpg.rf.90a25b49b789cdf6bad5fedd717e869d.jpg,0.5740379691123962
C:\Users\carmonta\Desktop\data-centric-cross-season-transfer\datasets\train_on_2025_all\images\frame_00013_jpg.rf.9424091660d3d8faeac807af68bea7d1.jpg,frame_00013_jpg.rf.9424091660d3d8faeac807af68bea7d1.jpg,0.8351003974676132
C:\Users\carmonta\Desktop\data-centric-cross-season-transfer\datasets\train_on_2025_all\images\frame_00013_jpg.rf.a7626f97a6e8c7976f77563ec43b7434.jpg,frame_00013_jpg.rf.a7626f97a6e8c7976f77563ec43b7434.jpg,0.6399535238742828
C:\Users\carmonta\Desktop\data-centric-cross-season-transfer\datasets\train_on_2025_all\images\frame_00013_jpg.rf.ac522859c488f77bc01bbd9ddf6874a5.jpg,frame_00013_jpg.rf.ac522859c488f77bc01bbd9ddf6874a5.jpg,0.6337547302246094
C:\Users\carmonta\Desktop\data-centric-cross-season-transfer\datasets\train_on_2025_all\images\frame_00013_jpg.rf.b3396acf74af18d7089a3047d4be5d20.jpg,frame_00013_jpg.rf.b3396acf74af18d7089a3047d4be5d20.jpg,0.2689334750175476
C:\Users\carmonta\Desktop\data-centric-cross-season-transfer\datasets\train_on_2025_all\images\frame_00013_jpg.rf.de50b537844f2f7bbe8ba620b59eb03f.jpg,frame_00013_jpg.rf.de50b537844f2f7bbe8ba620b59eb03f.jpg,0.2605440020561218
C:\Users\carmonta\Desktop\data-centric-cross-season-transfer\datasets\train_on_2025_all\images\frame_00013_jpg.rf.e1154bca91357fe48969ad8f4576566c.jpg,frame_00013_jpg.rf.e1154bca91357fe48969ad8f4576566c.jpg,0.8411149084568024
C:\Users\carmonta\Desktop\data-centric-cross-season-transfer\datasets\train_on_2025_all\images\frame_00013_jpg.rf.f414092ae4a557ccedf5dae2401a0476.jpg,frame_00013_jpg.rf.f414092ae4a557ccedf5dae2401a0476.jpg,0.5751866102218628
C:\Users\carmonta\Desktop\data-centric-cross-season-transfer\datasets\train_on_2025_all\images\frame_00014_jpg.rf.027acbf6ecbcae9440eb32cc535e0f85.jpg,frame_00014_jpg.rf.027acbf6ecbcae9440eb32cc535e0f85.jpg,0.8979811817407608
C:\Users\carmonta\Desktop\data-centric-cross-season-transfer\datasets\train_on_2025_all\images\frame_00014_jpg.rf.09f752e73efd453fd40d0525874a4a7e.jpg,frame_00014_jpg.rf.09f752e73efd453fd40d0525874a4a7e.jpg,0.7102010250091553
C:\Users\carmonta\Desktop\data-centric-cross-season-transfer\datasets\train_on_2025_all\images\frame_00014_jpg.rf.0d150120491ddb479d7148119157af45.jpg,frame_00014_jpg.rf.0d150120491ddb479d7148119157af45.jpg,0.7821819186210632
C:\Users\carmonta\Desktop\data-centric-cross-season-transfer\datasets\train_on_2025_all\images\frame_00014_jpg.rf.145cd94f711de877a1eec6747883fa55.jpg,frame_00014_jpg.rf.145cd94f711de877a1eec6747883fa55.jpg,0.8414176255464554
C:\Users\carmonta\Desktop\data-centric-cross-season-transfer\datasets\train_on_2025_all\images\frame_00014_jpg.rf.243884c77901410e44dfd1d0302003bc.jpg,frame_00014_jpg.rf.243884c77901410e44dfd1d0302003bc.jpg,0.8163015991449356
C:\Users\carmonta\Desktop\data-centric-cross-season-transfer\datasets\train_on_2025_all\images\frame_00014_jpg.rf.2eea9a9106aa9182cc2914addc168882.jpg,frame_00014_jpg.rf.2eea9a9106aa9182cc2914addc168882.jpg,0.7762368768453598
C:\Users\carmonta\Desktop\data-centric-cross-season-transfer\datasets\train_on_2025_all\images\frame_00014_jpg.rf.3736b8c466391833b4bc665e26c8075b.jpg,frame_00014_jpg.rf.3736b8c466391833b4bc665e26c8075b.jpg,0.9105363711714745
C:\Users\carmonta\Desktop\data-centric-cross-season-transfer\datasets\train_on_2025_all\images\frame_00014_jpg.rf.3896287d5f1ac17f5bb01b014ffc96af.jpg,frame_00014_jpg.rf.3896287d5f1ac17f5bb01b014ffc96af.jpg,0.8676182627677917
C:\Users\carmonta\Desktop\data-centric-cross-season-transfer\datasets\train_on_2025_all\images\frame_00014_jpg.rf.6ea7fb2cf517954763e38e90ff237d01.jpg,frame_00014_jpg.rf.6ea7fb2cf517954763e38e90ff237d01.jpg,0.710035890340805
C:\Users\carmonta\Desktop\data-centric-cross-season-transfer\datasets\train_on_2025_all\images\frame_00014_jpg.rf.741b625386bb48a28e6fdde9681c1592.jpg,frame_00014_jpg.rf.741b625386bb48a28e6fdde9681c1592.jpg,0.21140414476394653
C:\Users\carmonta\Desktop\data-centric-cross-season-transfer\datasets\train_on_2025_all\images\frame_00014_jpg.rf.9b9bd34dc165431135ddc39fd6827b44.jpg,frame_00014_jpg.rf.9b9bd34dc165431135ddc39fd6827b44.jpg,0.8366618305444717
C:\Users\carmonta\Desktop\data-centric-cross-season-transfer\datasets\train_on_2025_all\images\frame_00014_jpg.rf.aa50a01756de8ca57719d0b8ba173f97.jpg,frame_00014_jpg.rf.aa50a01756de8ca57719d0b8ba173f97.jpg,0.759894996881485
C:\Users\carmonta\Desktop\data-centric-cross-season-transfer\datasets\train_on_2025_all\images\frame_00014_jpg.rf.aafbf3f9f4df4749b95fc1001d610c62.jpg,frame_00014_jpg.rf.aafbf3f9f4df4749b95fc1001d610c62.jpg,0.88101976364851
C:\Users\carmonta\Desktop\data-centric-cross-season-transfer\datasets\train_on_2025_all\images\frame_00014_jpg.rf.c4e6a8b6f4bd3f38ea22abe07ec20dce.jpg,frame_00014_jpg.rf.c4e6a8b6f4bd3f38ea22abe07ec20dce.jpg,0.8675437718629837
C:\Users\carmonta\Desktop\data-centric-cross-season-transfer\datasets\train_on_2025_all\images\frame_00014_jpg.rf.ef6fd92adaef6abdd424e2a31ef307f5.jpg,frame_00014_jpg.rf.ef6fd92adaef6abdd424e2a31ef307f5.jpg,0.21281617879867554
C:\Users\carmonta\Desktop\data-centric-cross-season-transfer\datasets\train_on_2025_all\images\frame_00015_jpg.rf.0abf8e298d11a6e3bf029d71a9ba5b09.jpg,frame_00015_jpg.rf.0abf8e298d11a6e3bf029d71a9ba5b09.jpg,0.9049155488610268
C:\Users\carmonta\Desktop\data-centric-cross-season-transfer\datasets\train_on_2025_all\images\frame_00015_jpg.rf.0ca3b7f2838664bff3359ac8b4c88485.jpg,frame_00015_jpg.rf.0ca3b7f2838664bff3359ac8b4c88485.jpg,0.9149407148361206
C:\Users\carmonta\Desktop\data-centric-cross-season-transfer\datasets\train_on_2025_all\images\frame_00015_jpg.rf.3c633cd03e10fa8856865430768d0686.jpg,frame_00015_jpg.rf.3c633cd03e10fa8856865430768d0686.jpg,0.582358181476593
C:\Users\carmonta\Desktop\data-centric-cross-season-transfer\datasets\train_on_2025_all\images\frame_00015_jpg.rf.4fde44cc0ae7a7a6cfaa76db98cb4787.jpg,frame_00015_jpg.rf.4fde44cc0ae7a7a6cfaa76db98cb4787.jpg,0.905016303062439
C:\Users\carmonta\Desktop\data-centric-cross-season-transfer\datasets\train_on_2025_all\images\frame_00015_jpg.rf.5b42fbdcf94c53ca1acdf76f3e035605.jpg,frame_00015_jpg.rf.5b42fbdcf94c53ca1acdf76f3e035605.jpg,0.17543774843215942
C:\Users\carmonta\Desktop\data-centric-cross-season-transfer\datasets\train_on_2025_all\images\frame_00015_jpg.rf.6a773fa8d4718b2424325a1ef0685270.jpg,frame_00015_jpg.rf.6a773fa8d4718b2424325a1ef0685270.jpg,0.17121672630310059
C:\Users\carmonta\Desktop\data-centric-cross-season-transfer\datasets\train_on_2025_all\images\frame_00015_jpg.rf.92753c53cbba949449d856f98bee674f.jpg,frame_00015_jpg.rf.92753c53cbba949449d856f98bee674f.jpg,0.4998058080673218
C:\Users\carmonta\Desktop\data-centric-cross-season-transfer\datasets\train_on_2025_all\images\frame_00015_jpg.rf.9487e4336fa202687ed1274974ba879c.jpg,frame_00015_jpg.rf.9487e4336fa202687ed1274974ba879c.jpg,0.7348815500736237
C:\Users\carmonta\Desktop\data-centric-cross-season-transfer\datasets\train_on_2025_all\images\frame_00015_jpg.rf.a38684bd0696640d5259274d2b740fb6.jpg,frame_00015_jpg.rf.a38684bd0696640d5259274d2b740fb6.jpg,0.7357626855373383
C:\Users\carmonta\Desktop\data-centric-cross-season-transfer\datasets\train_on_2025_all\images\frame_00015_jpg.rf.a9177aba30cd3c5b88aa2c5b72ce9d2a.jpg,frame_00015_jpg.rf.a9177aba30cd3c5b88aa2c5b72ce9d2a.jpg,0.8598424047231674
C:\Users\carmonta\Desktop\data-centric-cross-season-transfer\datasets\train_on_2025_all\images\frame_00015_jpg.rf.b93c7c20acaed42ea4d86837a3485a47.jpg,frame_00015_jpg.rf.b93c7c20acaed42ea4d86837a3485a47.jpg,0.9049659073352814
C:\Users\carmonta\Desktop\data-centric-cross-season-transfer\datasets\train_on_2025_all\images\frame_00015_jpg.rf.cc394da2792202c34f76ada70c3efb5e.jpg,frame_00015_jpg.rf.cc394da2792202c34f76ada70c3efb5e.jpg,0.9150461181998253
C:\Users\carmonta\Desktop\data-centric-cross-season-transfer\datasets\train_on_2025_all\images\frame_00015_jpg.rf.fa289b06dc941edd53d81c24834b273a.jpg,frame_00015_jpg.rf.fa289b06dc941edd53d81c24834b273a.jpg,0.6832868158817291
C:\Users\carmonta\Desktop\data-centric-cross-season-transfer\datasets\train_on_2025_all\images\frame_00016_jpg.rf.0006f06b9938f0a50d749b7edc17ac5b.jpg,frame_00016_jpg.rf.0006f06b9938f0a50d749b7edc17ac5b.jpg,0.8540654927492142
C:\Users\carmonta\Desktop\data-centric-cross-season-transfer\datasets\train_on_2025_all\images\frame_00016_jpg.rf.16e8915aa59422a8497316f6cf8b7692.jpg,frame_00016_jpg.rf.16e8915aa59422a8497316f6cf8b7692.jpg,0.7241705358028412
C:\Users\carmonta\Desktop\data-centric-cross-season-transfer\datasets\train_on_2025_all\images\frame_00016_jpg.rf.48cace9049b4cd9c1a5c40af1b489d53.jpg,frame_00016_jpg.rf.48cace9049b4cd9c1a5c40af1b489d53.jpg,0.7641928493976593
C:\Users\carmonta\Desktop\data-centric-cross-season-transfer\datasets\train_on_2025_all\images\frame_00016_jpg.rf.5336e29a50b604c268497c652a73d85f.jpg,frame_00016_jpg.rf.5336e29a50b604c268497c652a73d85f.jpg,0.7727154046297073
C:\Users\carmonta\Desktop\data-centric-cross-season-transfer\datasets\train_on_2025_all\images\frame_00016_jpg.rf.655bb93b3952f132402fef6f3e2e335b.jpg,frame_00016_jpg.rf.655bb93b3952f132402fef6f3e2e335b.jpg,0.17874133586883545
C:\Users\carmonta\Desktop\data-centric-cross-season-transfer\datasets\train_on_2025_all\images\frame_00016_jpg.rf.6dfb2d04cbb42db5c89f9d08f4aec709.jpg,frame_00016_jpg.rf.6dfb2d04cbb42db5c89f9d08f4aec709.jpg,0.1786971092224121
C:\Users\carmonta\Desktop\data-centric-cross-season-transfer\datasets\train_on_2025_all\images\frame_00016_jpg.rf.a20e9d66cb8f93c989333e18c5a89d4d.jpg,frame_00016_jpg.rf.a20e9d66cb8f93c989333e18c5a89d4d.jpg,0.8249106705188751
C:\Users\carmonta\Desktop\data-centric-cross-season-transfer\datasets\train_on_2025_all\images\frame_00016_jpg.rf.b9ad6a710c349e2fca2f47b535a1b2f8.jpg,frame_00016_jpg.rf.b9ad6a710c349e2fca2f47b535a1b2f8.jpg,0.7550338506698608
C:\Users\carmonta\Desktop\data-centric-cross-season-transfer\datasets\train_on_2025_all\images\frame_00016_jpg.rf.cd8d3275b870b281a9d7025cbdfab499.jpg,frame_00016_jpg.rf.cd8d3275b870b281a9d7025cbdfab499.jpg,0.7089934647083282
C:\Users\carmonta\Desktop\data-centric-cross-season-transfer\datasets\train_on_2025_all\images\frame_00016_jpg.rf.d34909c5df4e3b53c5709a9edff0138d.jpg,frame_00016_jpg.rf.d34909c5df4e3b53c5709a9edff0138d.jpg,0.8386108875274658
C:\Users\carmonta\Desktop\data-centric-cross-season-transfer\datasets\train_on_2025_all\images\frame_00016_jpg.rf.e44b0ad8027c5cb307c7cfa7489a6d8f.jpg,frame_00016_jpg.rf.e44b0ad8027c5cb307c7cfa7489a6d8f.jpg,0.18014836311340332
C:\Users\carmonta\Desktop\data-centric-cross-season-transfer\datasets\train_on_2025_all\images\frame_00016_jpg.rf.ee599fdcbb1e8f33e7230583b9c24776.jpg,frame_00016_jpg.rf.ee599fdcbb1e8f33e7230583b9c24776.jpg,0.7015321552753448
C:\Users\carmonta\Desktop\data-centric-cross-season-transfer\datasets\train_on_2025_all\images\frame_00016_jpg.rf.f10e1d271453f680ef83a085acc37925.jpg,frame_00016_jpg.rf.f10e1d271453f680ef83a085acc37925.jpg,0.8536931574344635
C:\Users\carmonta\Desktop\data-centric-cross-season-transfer\datasets\train_on_2025_all\images\frame_00017_jpg.rf.19afc68b2917a45db194e789f87a5e9d.jpg,frame_00017_jpg.rf.19afc68b2917a45db194e789f87a5e9d.jpg,0.7476255893707275
C:\Users\carmonta\Desktop\data-centric-cross-season-transfer\datasets\train_on_2025_all\images\frame_00017_jpg.rf.28efa9110f3172cd77ae356b9fa49b9b.jpg,frame_00017_jpg.rf.28efa9110f3172cd77ae356b9fa49b9b.jpg,0.517340749502182
C:\Users\carmonta\Desktop\data-centric-cross-season-transfer\datasets\train_on_2025_all\images\frame_00017_jpg.rf.41482e5a6c1ce704f44664dc93fd4ff8.jpg,frame_00017_jpg.rf.41482e5a6c1ce704f44664dc93fd4ff8.jpg,0.5050235986709595
C:\Users\carmonta\Desktop\data-centric-cross-season-transfer\datasets\train_on_2025_all\images\frame_00017_jpg.rf.50d7ebad9f0e1d5eb8e116034adc42ff.jpg,frame_00017_jpg.rf.50d7ebad9f0e1d5eb8e116034adc42ff.jpg,0.9008760005235672
C:\Users\carmonta\Desktop\data-centric-cross-season-transfer\datasets\train_on_2025_all\images\frame_00017_jpg.rf.5e70a891dec4cf0ae0e286694c630b0c.jpg,frame_00017_jpg.rf.5e70a891dec4cf0ae0e286694c630b0c.jpg,0.6202501356601715
C:\Users\carmonta\Desktop\data-centric-cross-season-transfer\datasets\train_on_2025_all\images\frame_00017_jpg.rf.64e5f09ccc1a92f1f5d5810206e05a55.jpg,frame_00017_jpg.rf.64e5f09ccc1a92f1f5d5810206e05a55.jpg,0.5150743722915649
C:\Users\carmonta\Desktop\data-centric-cross-season-transfer\datasets\train_on_2025_all\images\frame_00017_jpg.rf.767a37d646b903457e2562af45bc3716.jpg,frame_00017_jpg.rf.767a37d646b903457e2562af45bc3716.jpg,0.9537412598729134
C:\Users\carmonta\Desktop\data-centric-cross-season-transfer\datasets\train_on_2025_all\images\frame_00017_jpg.rf.a1ee837e62f6b24c1a7f7d4cb5dbf462.jpg,frame_00017_jpg.rf.a1ee837e62f6b24c1a7f7d4cb5dbf462.jpg,0.7488680779933929
C:\Users\carmonta\Desktop\data-centric-cross-season-transfer\datasets\train_on_2025_all\images\frame_00017_jpg.rf.af5669c1e03e8911783bbead0f991dd5.jpg,frame_00017_jpg.rf.af5669c1e03e8911783bbead0f991dd5.jpg,0.9512526728212833
C:\Users\carmonta\Desktop\data-centric-cross-season-transfer\datasets\train_on_2025_all\images\frame_00017_jpg.rf.f337ff5f85bfdab1b81feab6827cf4d1.jpg,frame_00017_jpg.rf.f337ff5f85bfdab1b81feab6827cf4d1.jpg,0.9538688361644745
C:\Users\carmonta\Desktop\data-centric-cross-season-transfer\datasets\train_on_2025_all\images\frame_00018_jpg.rf.045654780a1929c8e3a9410683e00f56.jpg,frame_00018_jpg.rf.045654780a1929c8e3a9410683e00f56.jpg,0.5261009633541107
C:\Users\carmonta\Desktop\data-centric-cross-season-transfer\datasets\train_on_2025_all\images\frame_00018_jpg.rf.179ae3e04029bd991aa85413728f9d9a.jpg,frame_00018_jpg.rf.179ae3e04029bd991aa85413728f9d9a.jpg,0.7878060936927795
C:\Users\carmonta\Desktop\data-centric-cross-season-transfer\datasets\train_on_2025_all\images\frame_00018_jpg.rf.278317fcbd5a9faafd688f71cbfed544.jpg,frame_00018_jpg.rf.278317fcbd5a9faafd688f71cbfed544.jpg,0.7881115674972534
C:\Users\carmonta\Desktop\data-centric-cross-season-transfer\datasets\train_on_2025_all\images\frame_00018_jpg.rf.283451d7c2c9a3dab6dfa275af49e1de.jpg,frame_00018_jpg.rf.283451d7c2c9a3dab6dfa275af49e1de.jpg,0.8303484469652176
C:\Users\carmonta\Desktop\data-centric-cross-season-transfer\datasets\train_on_2025_all\images\frame_00018_jpg.rf.2fc79adf4f348bcc0467b5a5b102bae8.jpg,frame_00018_jpg.rf.2fc79adf4f348bcc0467b5a5b102bae8.jpg,0.5998964309692383
C:\Users\carmonta\Desktop\data-centric-cross-season-transfer\datasets\train_on_2025_all\images\frame_00018_jpg.rf.50801ade734e72657c66008b8589730a.jpg,frame_00018_jpg.rf.50801ade734e72657c66008b8589730a.jpg,0.5040778517723083
C:\Users\carmonta\Desktop\data-centric-cross-season-transfer\datasets\train_on_2025_all\images\frame_00018_jpg.rf.6ed95c9daea9ba9fd104cd9a5e0bf231.jpg,frame_00018_jpg.rf.6ed95c9daea9ba9fd104cd9a5e0bf231.jpg,0.5261009633541107
C:\Users\carmonta\Desktop\data-centric-cross-season-transfer\datasets\train_on_2025_all\images\frame_00018_jpg.rf.91f3dd57c0fd328f0cc84e09ec1f98e0.jpg,frame_00018_jpg.rf.91f3dd57c0fd328f0cc84e09ec1f98e0.jpg,0.7883597612380981
C:\Users\carmonta\Desktop\data-centric-cross-season-transfer\datasets\train_on_2025_all\images\frame_00018_jpg.rf.9f273c1f7d6b057e34c98de7bf38df3b.jpg,frame_00018_jpg.rf.9f273c1f7d6b057e34c98de7bf38df3b.jpg,0.5354082584381104
C:\Users\carmonta\Desktop\data-centric-cross-season-transfer\datasets\train_on_2025_all\images\frame_00018_jpg.rf.d42ae9613341fe7894d9414466dc603f.jpg,frame_00018_jpg.rf.d42ae9613341fe7894d9414466dc603f.jpg,0.5979332029819489
C:\Users\carmonta\Desktop\data-centric-cross-season-transfer\datasets\train_on_2025_all\images\frame_00018_jpg.rf.e16244cefb436c26dfc4ffa4d0d72d08.jpg,frame_00018_jpg.rf.e16244cefb436c26dfc4ffa4d0d72d08.jpg,0.8303484469652176
C:\Users\carmonta\Desktop\data-centric-cross-season-transfer\datasets\train_on_2025_all\images\frame_00018_jpg.rf.e1a2b77505cda3a8c61d291dc45cda95.jpg,frame_00018_jpg.rf.e1a2b77505cda3a8c61d291dc45cda95.jpg,0.37330561876296997
C:\Users\carmonta\Desktop\data-centric-cross-season-transfer\datasets\train_on_2025_all\images\frame_00018_jpg.rf.f0ba91aa037e6904c98b49b4b8319cc3.jpg,frame_00018_jpg.rf.f0ba91aa037e6904c98b49b4b8319cc3.jpg,0.8299112915992737
C:\Users\carmonta\Desktop\data-centric-cross-season-transfer\datasets\train_on_2025_all\images\frame_00018_jpg.rf.f7b0d836e8ede3457a56ecc90885e51e.jpg,frame_00018_jpg.rf.f7b0d836e8ede3457a56ecc90885e51e.jpg,0.5006804168224335
C:\Users\carmonta\Desktop\data-centric-cross-season-transfer\datasets\train_on_2025_all\images\frame_00018_jpg.rf.ffd06b013d24005afb72f5b20153d629.jpg,frame_00018_jpg.rf.ffd06b013d24005afb72f5b20153d629.jpg,0.5979332029819489
C:\Users\carmonta\Desktop\data-centric-cross-season-transfer\datasets\train_on_2025_all\images\frame_00019_jpg.rf.27047bb0ec9e4dca1125763faff6787e.jpg,frame_00019_jpg.rf.27047bb0ec9e4dca1125763faff6787e.jpg,0.869000643491745
C:\Users\carmonta\Desktop\data-centric-cross-season-transfer\datasets\train_on_2025_all\images\frame_00019_jpg.rf.4972f7f1306d9a19950c5aa2b1deb74c.jpg,frame_00019_jpg.rf.4972f7f1306d9a19950c5aa2b1deb74c.jpg,0.8598939478397369
C:\Users\carmonta\Desktop\data-centric-cross-season-transfer\datasets\train_on_2025_all\images\frame_00019_jpg.rf.7057e6351c81e5954cb19768d3f3899b.jpg,frame_00019_jpg.rf.7057e6351c81e5954cb19768d3f3899b.jpg,0.8723903745412827
C:\Users\carmonta\Desktop\data-centric-cross-season-transfer\datasets\train_on_2025_all\images\frame_00019_jpg.rf.9b9f983fbfa57ad34ee97c78f81c8c8a.jpg,frame_00019_jpg.rf.9b9f983fbfa57ad34ee97c78f81c8c8a.jpg,0.7908982485532761
C:\Users\carmonta\Desktop\data-centric-cross-season-transfer\datasets\train_on_2025_all\images\frame_00019_jpg.rf.dafae3f61ce0844c6bc21c1febf65c8a.jpg,frame_00019_jpg.rf.dafae3f61ce0844c6bc21c1febf65c8a.jpg,0.7913405448198318
C:\Users\carmonta\Desktop\data-centric-cross-season-transfer\datasets\train_on_2025_all\images\frame_00019_jpg.rf.fffe4148ce522bbf09b5d76a1bda06ea.jpg,frame_00019_jpg.rf.fffe4148ce522bbf09b5d76a1bda06ea.jpg,0.8883095681667328
C:\Users\carmonta\Desktop\data-centric-cross-season-transfer\datasets\train_on_2025_all\images\frame_00020_jpg.rf.04dcebb954ece1c2d3182d95de7ca2bd.jpg,frame_00020_jpg.rf.04dcebb954ece1c2d3182d95de7ca2bd.jpg,0.9550271853804588
C:\Users\carmonta\Desktop\data-centric-cross-season-transfer\datasets\train_on_2025_all\images\frame_00020_jpg.rf.0843d5ffd03ce464d91e9c0aeee009bf.jpg,frame_00020_jpg.rf.0843d5ffd03ce464d91e9c0aeee009bf.jpg,0.7379861176013947
C:\Users\carmonta\Desktop\data-centric-cross-season-transfer\datasets\train_on_2025_all\images\frame_00020_jpg.rf.0bf67cc49262c4c00cfe5bb742150a26.jpg,frame_00020_jpg.rf.0bf67cc49262c4c00cfe5bb742150a26.jpg,0.26807254552841187
C:\Users\carmonta\Desktop\data-centric-cross-season-transfer\datasets\train_on_2025_all\images\frame_00020_jpg.rf.335d4bb6e3dadde88a38036d7e42b395.jpg,frame_00020_jpg.rf.335d4bb6e3dadde88a38036d7e42b395.jpg,0.24142062664031982
C:\Users\carmonta\Desktop\data-centric-cross-season-transfer\datasets\train_on_2025_all\images\frame_00020_jpg.rf.478fd706a183fd474beeb50b06a59795.jpg,frame_00020_jpg.rf.478fd706a183fd474beeb50b06a59795.jpg,0.2639167308807373
C:\Users\carmonta\Desktop\data-centric-cross-season-transfer\datasets\train_on_2025_all\images\frame_00020_jpg.rf.50af1e3d7b8ad7d845ae1e6373188edf.jpg,frame_00020_jpg.rf.50af1e3d7b8ad7d845ae1e6373188edf.jpg,0.6037180423736572
C:\Users\carmonta\Desktop\data-centric-cross-season-transfer\datasets\train_on_2025_all\images\frame_00020_jpg.rf.57a81ca25f6d90da0e6b71379228331f.jpg,frame_00020_jpg.rf.57a81ca25f6d90da0e6b71379228331f.jpg,0.5746400952339172
C:\Users\carmonta\Desktop\data-centric-cross-season-transfer\datasets\train_on_2025_all\images\frame_00020_jpg.rf.59db2c9a4fa2ade9da9a747a3d69d1cb.jpg,frame_00020_jpg.rf.59db2c9a4fa2ade9da9a747a3d69d1cb.jpg,0.6541264355182648
C:\Users\carmonta\Desktop\data-centric-cross-season-transfer\datasets\train_on_2025_all\images\frame_00020_jpg.rf.9034c00facbf2733856f3e170459db10.jpg,frame_00020_jpg.rf.9034c00facbf2733856f3e170459db10.jpg,0.6265519857406616
C:\Users\carmonta\Desktop\data-centric-cross-season-transfer\datasets\train_on_2025_all\images\frame_00020_jpg.rf.af14529144fc3c278f795e5955a8d336.jpg,frame_00020_jpg.rf.af14529144fc3c278f795e5955a8d336.jpg,0.955336906015873
C:\Users\carmonta\Desktop\data-centric-cross-season-transfer\datasets\train_on_2025_all\images\frame_00020_jpg.rf.b980c2cc7dfe6781f06df891a2432cb9.jpg,frame_00020_jpg.rf.b980c2cc7dfe6781f06df891a2432cb9.jpg,0.6258189976215363
C:\Users\carmonta\Desktop\data-centric-cross-season-transfer\datasets\train_on_2025_all\images\frame_00020_jpg.rf.ca71f166c8d4421c30ae180fad6e68de.jpg,frame_00020_jpg.rf.ca71f166c8d4421c30ae180fad6e68de.jpg,0.6058506667613983
C:\Users\carmonta\Desktop\data-centric-cross-season-transfer\datasets\train_on_2025_all\images\frame_00020_jpg.rf.caafb26e8a57990923665e1de57b27b7.jpg,frame_00020_jpg.rf.caafb26e8a57990923665e1de57b27b7.jpg,0.24204635620117188
C:\Users\carmonta\Desktop\data-centric-cross-season-transfer\datasets\train_on_2025_all\images\frame_00020_jpg.rf.cd618e25dc4f5272b7f730cb35aa9153.jpg,frame_00020_jpg.rf.cd618e25dc4f5272b7f730cb35aa9153.jpg,0.7960351556539536
C:\Users\carmonta\Desktop\data-centric-cross-season-transfer\datasets\train_on_2025_all\images\frame_00020_jpg.rf.d16cd44a8b1e63f465829c720fd37489.jpg,frame_00020_jpg.rf.d16cd44a8b1e63f465829c720fd37489.jpg,0.24181151390075684
C:\Users\carmonta\Desktop\data-centric-cross-season-transfer\datasets\train_on_2025_all\images\frame_00020_jpg.rf.fb2e0b18dfe6a45fb4a0a789e0ff4d6e.jpg,frame_00020_jpg.rf.fb2e0b18dfe6a45fb4a0a789e0ff4d6e.jpg,0.9532712548971176
C:\Users\carmonta\Desktop\data-centric-cross-season-transfer\datasets\train_on_2025_all\images\frame_00021_jpg.rf.2316509f3264f0f6f967c8f6427b96b0.jpg,frame_00021_jpg.rf.2316509f3264f0f6f967c8f6427b96b0.jpg,0.24882656335830688
C:\Users\carmonta\Desktop\data-centric-cross-season-transfer\datasets\train_on_2025_all\images\frame_00021_jpg.rf.2c45f07b0a60c986f2f1051070cb58e4.jpg,frame_00021_jpg.rf.2c45f07b0a60c986f2f1051070cb58e4.jpg,0.902651458978653
C:\Users\carmonta\Desktop\data-centric-cross-season-transfer\datasets\train_on_2025_all\images\frame_00021_jpg.rf.3d2e5a137659b5572f3ef13cc5a469a8.jpg,frame_00021_jpg.rf.3d2e5a137659b5572f3ef13cc5a469a8.jpg,0.7522628307342529
C:\Users\carmonta\Desktop\data-centric-cross-season-transfer\datasets\train_on_2025_all\images\frame_00021_jpg.rf.40c6cdeea8ec812ddb4e19eb77491a39.jpg,frame_00021_jpg.rf.40c6cdeea8ec812ddb4e19eb77491a39.jpg,0.8268119841814041
C:\Users\carmonta\Desktop\data-centric-cross-season-transfer\datasets\train_on_2025_all\images\frame_00021_jpg.rf.497b1453a3af357671bd3338af6d7234.jpg,frame_00021_jpg.rf.497b1453a3af357671bd3338af6d7234.jpg,0.7768349200487137
C:\Users\carmonta\Desktop\data-centric-cross-season-transfer\datasets\train_on_2025_all\images\frame_00021_jpg.rf.5fa93950d002d8747129ea453eb03005.jpg,frame_00021_jpg.rf.5fa93950d002d8747129ea453eb03005.jpg,0.9040638506412506
C:\Users\carmonta\Desktop\data-centric-cross-season-transfer\datasets\train_on_2025_all\images\frame_00021_jpg.rf.b6c62b609d77fc66457bdd13984b0c13.jpg,frame_00021_jpg.rf.b6c62b609d77fc66457bdd13984b0c13.jpg,0.32439517974853516
C:\Users\carmonta\Desktop\data-centric-cross-season-transfer\datasets\train_on_2025_all\images\frame_00021_jpg.rf.b913730f934fc4ad243f16da9955766b.jpg,frame_00021_jpg.rf.b913730f934fc4ad243f16da9955766b.jpg,0.7490969002246857
C:\Users\carmonta\Desktop\data-centric-cross-season-transfer\datasets\train_on_2025_all\images\frame_00021_jpg.rf.d0e5b3351bb734ec2e1d951f03db262b.jpg,frame_00021_jpg.rf.d0e5b3351bb734ec2e1d951f03db262b.jpg,0.7114147841930389
C:\Users\carmonta\Desktop\data-centric-cross-season-transfer\datasets\train_on_2025_all\images\frame_00021_jpg.rf.d30b91cd09a6d3bb01bf14d720659f66.jpg,frame_00021_jpg.rf.d30b91cd09a6d3bb01bf14d720659f66.jpg,0.7153520286083221
C:\Users\carmonta\Desktop\data-centric-cross-season-transfer\datasets\train_on_2025_all\images\frame_00021_jpg.rf.e68a4fde0be221e55b58495bc4ae76ae.jpg,frame_00021_jpg.rf.e68a4fde0be221e55b58495bc4ae76ae.jpg,0.24875694513320923
C:\Users\carmonta\Desktop\data-centric-cross-season-transfer\datasets\train_on_2025_all\images\frame_00022_jpg.rf.00a3e8a8c59d115c010980eecbcbc981.jpg,frame_00022_jpg.rf.00a3e8a8c59d115c010980eecbcbc981.jpg,0.7835254222154617
C:\Users\carmonta\Desktop\data-centric-cross-season-transfer\datasets\train_on_2025_all\images\frame_00022_jpg.rf.20b28e51bb708d6d59be2dde3de0b5d3.jpg,frame_00022_jpg.rf.20b28e51bb708d6d59be2dde3de0b5d3.jpg,0.5934968292713165
C:\Users\carmonta\Desktop\data-centric-cross-season-transfer\datasets\train_on_2025_all\images\frame_00022_jpg.rf.493671c38f04d4834eb744ae6618632e.jpg,frame_00022_jpg.rf.493671c38f04d4834eb744ae6618632e.jpg,0.784101277589798
C:\Users\carmonta\Desktop\data-centric-cross-season-transfer\datasets\train_on_2025_all\images\frame_00022_jpg.rf.85c6da29ebe8e1ae76a189ef136a3bfa.jpg,frame_00022_jpg.rf.85c6da29ebe8e1ae76a189ef136a3bfa.jpg,0.49384230375289917
C:\Users\carmonta\Desktop\data-centric-cross-season-transfer\datasets\train_on_2025_all\images\frame_00022_jpg.rf.8c7b269bb249e42c10204c8db51d1ee6.jpg,frame_00022_jpg.rf.8c7b269bb249e42c10204c8db51d1ee6.jpg,0.5934968292713165
C:\Users\carmonta\Desktop\data-centric-cross-season-transfer\datasets\train_on_2025_all\images\frame_00022_jpg.rf.9143511b01670e95a8a37257afd2f2a4.jpg,frame_00022_jpg.rf.9143511b01670e95a8a37257afd2f2a4.jpg,0.6407600343227386
C:\Users\carmonta\Desktop\data-centric-cross-season-transfer\datasets\train_on_2025_all\images\frame_00022_jpg.rf.9fc8036e0b14107e76e94ced5ba67eb1.jpg,frame_00022_jpg.rf.9fc8036e0b14107e76e94ced5ba67eb1.jpg,0.8452289253473282
C:\Users\carmonta\Desktop\data-centric-cross-season-transfer\datasets\train_on_2025_all\images\frame_00022_jpg.rf.a7413cc843a178a31386ac902e68a009.jpg,frame_00022_jpg.rf.a7413cc843a178a31386ac902e68a009.jpg,0.49584680795669556
C:\Users\carmonta\Desktop\data-centric-cross-season-transfer\datasets\train_on_2025_all\images\frame_00022_jpg.rf.b77cfea51c2f942f4fcfe7bf9bfe38f6.jpg,frame_00022_jpg.rf.b77cfea51c2f942f4fcfe7bf9bfe38f6.jpg,0.5527985095977783
C:\Users\carmonta\Desktop\data-centric-cross-season-transfer\datasets\train_on_2025_all\images\frame_00022_jpg.rf.f6a124814a4412fd89e58ceafb68c3b3.jpg,frame_00022_jpg.rf.f6a124814a4412fd89e58ceafb68c3b3.jpg,0.8248226642608643
C:\Users\carmonta\Desktop\data-centric-cross-season-transfer\datasets\train_on_2025_all\images\frame_00022_jpg.rf.f79b127961fa4f40fdd2f8c848f8c276.jpg,frame_00022_jpg.rf.f79b127961fa4f40fdd2f8c848f8c276.jpg,0.5488185882568359
C:\Users\carmonta\Desktop\data-centric-cross-season-transfer\datasets\train_on_2025_all\images\frame_00023_jpg.rf.37719a9f4db571a4885226f11b2a1141.jpg,frame_00023_jpg.rf.37719a9f4db571a4885226f11b2a1141.jpg,0.6574012637138367
C:\Users\carmonta\Desktop\data-centric-cross-season-transfer\datasets\train_on_2025_all\images\frame_00023_jpg.rf.3aca143cbb032b9cc3cc6a236246326b.jpg,frame_00023_jpg.rf.3aca143cbb032b9cc3cc6a236246326b.jpg,0.6298564076423645
C:\Users\carmonta\Desktop\data-centric-cross-season-transfer\datasets\train_on_2025_all\images\frame_00023_jpg.rf.3bb851dbfa187ed5572a1dddb75796e7.jpg,frame_00023_jpg.rf.3bb851dbfa187ed5572a1dddb75796e7.jpg,0.940815057605505
C:\Users\carmonta\Desktop\data-centric-cross-season-transfer\datasets\train_on_2025_all\images\frame_00023_jpg.rf.41ff1bc2341bd137102db1018d38aef9.jpg,frame_00023_jpg.rf.41ff1bc2341bd137102db1018d38aef9.jpg,0.9425261095166206
C:\Users\carmonta\Desktop\data-centric-cross-season-transfer\datasets\train_on_2025_all\images\frame_00023_jpg.rf.5e20a01802ee77676401fc00ddb98f25.jpg,frame_00023_jpg.rf.5e20a01802ee77676401fc00ddb98f25.jpg,0.6940856575965881
C:\Users\carmonta\Desktop\data-centric-cross-season-transfer\datasets\train_on_2025_all\images\frame_00023_jpg.rf.6560fb4675063ff9339f219997231f43.jpg,frame_00023_jpg.rf.6560fb4675063ff9339f219997231f43.jpg,0.8936244025826454
C:\Users\carmonta\Desktop\data-centric-cross-season-transfer\datasets\train_on_2025_all\images\frame_00023_jpg.rf.6d659c188c4c9211ce5b062ec76ed9ce.jpg,frame_00023_jpg.rf.6d659c188c4c9211ce5b062ec76ed9ce.jpg,0.8848355039954185
C:\Users\carmonta\Desktop\data-centric-cross-season-transfer\datasets\train_on_2025_all\images\frame_00023_jpg.rf.7e6ce5e0e460132de146b42a5f13bb0f.jpg,frame_00023_jpg.rf.7e6ce5e0e460132de146b42a5f13bb0f.jpg,0.5087030231952667
C:\Users\carmonta\Desktop\data-centric-cross-season-transfer\datasets\train_on_2025_all\images\frame_00023_jpg.rf.c81a20fcc264aa8e23fa5e4771013c3a.jpg,frame_00023_jpg.rf.c81a20fcc264aa8e23fa5e4771013c3a.jpg,0.8842633441090584
C:\Users\carmonta\Desktop\data-centric-cross-season-transfer\datasets\train_on_2025_all\images\frame_00023_jpg.rf.dfdd2a1c821220b34548e2a6f236b1a7.jpg,frame_00023_jpg.rf.dfdd2a1c821220b34548e2a6f236b1a7.jpg,0.5115577280521393
C:\Users\carmonta\Desktop\data-centric-cross-season-transfer\datasets\train_on_2025_all\images\frame_00023_jpg.rf.f99b971e043528f1771578954f7c7e65.jpg,frame_00023_jpg.rf.f99b971e043528f1771578954f7c7e65.jpg,0.6964367032051086
C:\Users\carmonta\Desktop\data-centric-cross-season-transfer\datasets\train_on_2025_all\images\frame_00024_jpg.rf.0603a9f7aa21d1255b7c99bb20d1046c.jpg,frame_00024_jpg.rf.0603a9f7aa21d1255b7c99bb20d1046c.jpg,0.8559598922729492
C:\Users\carmonta\Desktop\data-centric-cross-season-transfer\datasets\train_on_2025_all\images\frame_00024_jpg.rf.1ce1665d30deba75c8fb1833770c2e52.jpg,frame_00024_jpg.rf.1ce1665d30deba75c8fb1833770c2e52.jpg,0.3141862154006958
C:\Users\carmonta\Desktop\data-centric-cross-season-transfer\datasets\train_on_2025_all\images\frame_00024_jpg.rf.2b73d46449ce50985da63754fb793f49.jpg,frame_00024_jpg.rf.2b73d46449ce50985da63754fb793f49.jpg,0.2896885871887207
C:\Users\carmonta\Desktop\data-centric-cross-season-transfer\datasets\train_on_2025_all\images\frame_00024_jpg.rf.328dc5ed81a6470075da56c7393f5714.jpg,frame_00024_jpg.rf.328dc5ed81a6470075da56c7393f5714.jpg,0.6627343595027924
C:\Users\carmonta\Desktop\data-centric-cross-season-transfer\datasets\train_on_2025_all\images\frame_00024_jpg.rf.34358c461cc033d93d5783b5ddf5289b.jpg,frame_00024_jpg.rf.34358c461cc033d93d5783b5ddf5289b.jpg,0.8559598922729492
C:\Users\carmonta\Desktop\data-centric-cross-season-transfer\datasets\train_on_2025_all\images\frame_00024_jpg.rf.405745091316e7ae3d8e3c608cae7a88.jpg,frame_00024_jpg.rf.405745091316e7ae3d8e3c608cae7a88.jpg,0.856144368648529
C:\Users\carmonta\Desktop\data-centric-cross-season-transfer\datasets\train_on_2025_all\images\frame_00024_jpg.rf.44840d0343e3ffeea04a77b97f7f57bf.jpg,frame_00024_jpg.rf.44840d0343e3ffeea04a77b97f7f57bf.jpg,0.6611666679382324
C:\Users\carmonta\Desktop\data-centric-cross-season-transfer\datasets\train_on_2025_all\images\frame_00024_jpg.rf.45ee8157eda53e08ca049cc9dad9ea71.jpg,frame_00024_jpg.rf.45ee8157eda53e08ca049cc9dad9ea71.jpg,0.35841208696365356
C:\Users\carmonta\Desktop\data-centric-cross-season-transfer\datasets\train_on_2025_all\images\frame_00024_jpg.rf.4c524da7088af043126614f712d60a44.jpg,frame_00024_jpg.rf.4c524da7088af043126614f712d60a44.jpg,0.6021149158477783
C:\Users\carmonta\Desktop\data-centric-cross-season-transfer\datasets\train_on_2025_all\images\frame_00024_jpg.rf.4e7eb7312b2bca1e8a8a7fd8a25e2c91.jpg,frame_00024_jpg.rf.4e7eb7312b2bca1e8a8a7fd8a25e2c91.jpg,0.35664910078048706
C:\Users\carmonta\Desktop\data-centric-cross-season-transfer\datasets\train_on_2025_all\images\frame_00024_jpg.rf.4f130cca72d0025f399ef1c81f64eec5.jpg,frame_00024_jpg.rf.4f130cca72d0025f399ef1c81f64eec5.jpg,0.675651490688324
C:\Users\carmonta\Desktop\data-centric-cross-season-transfer\datasets\train_on_2025_all\images\frame_00024_jpg.rf.52d2c3122664af4a78296563cc100a2f.jpg,frame_00024_jpg.rf.52d2c3122664af4a78296563cc100a2f.jpg,0.3566567897796631
C:\Users\carmonta\Desktop\data-centric-cross-season-transfer\datasets\train_on_2025_all\images\frame_00024_jpg.rf.6cb40621908d5515aef6a2b22ba3564f.jpg,frame_00024_jpg.rf.6cb40621908d5515aef6a2b22ba3564f.jpg,0.602619469165802
C:\Users\carmonta\Desktop\data-centric-cross-season-transfer\datasets\train_on_2025_all\images\frame_00024_jpg.rf.9288bfda87a819f14c3c14f353141405.jpg,frame_00024_jpg.rf.9288bfda87a819f14c3c14f353141405.jpg,0.3317512273788452
C:\Users\carmonta\Desktop\data-centric-cross-season-transfer\datasets\train_on_2025_all\images\frame_00024_jpg.rf.9594c0a7d23cc9ae4cab491b642b90c1.jpg,frame_00024_jpg.rf.9594c0a7d23cc9ae4cab491b642b90c1.jpg,0.6018940806388855
C:\Users\carmonta\Desktop\data-centric-cross-season-transfer\datasets\train_on_2025_all\images\frame_00024_jpg.rf.97200c94cd3a871039d0d742d374e029.jpg,frame_00024_jpg.rf.97200c94cd3a871039d0d742d374e029.jpg,0.675651490688324
C:\Users\carmonta\Desktop\data-centric-cross-season-transfer\datasets\train_on_2025_all\images\frame_00024_jpg.rf.ccd5db1fbafa3f70e82b12b1c58c295b.jpg,frame_00024_jpg.rf.ccd5db1fbafa3f70e82b12b1c58c295b.jpg,0.6618611216545105
C:\Users\carmonta\Desktop\data-centric-cross-season-transfer\datasets\train_on_2025_all\images\frame_00024_jpg.rf.ebc70daf1fc619aacc8c6252b65d0986.jpg,frame_00024_jpg.rf.ebc70daf1fc619aacc8c6252b65d0986.jpg,0.6770374178886414
C:\Users\carmonta\Desktop\data-centric-cross-season-transfer\datasets\train_on_2025_all\images\frame_00025_jpg.rf.0630eb74c7796151d5eaa04852a8116d.jpg,frame_00025_jpg.rf.0630eb74c7796151d5eaa04852a8116d.jpg,0.5374434292316437
C:\Users\carmonta\Desktop\data-centric-cross-season-transfer\datasets\train_on_2025_all\images\frame_00025_jpg.rf.125fbb836524e40971a7bb6c38bd365f.jpg,frame_00025_jpg.rf.125fbb836524e40971a7bb6c38bd365f.jpg,0.612963855266571
C:\Users\carmonta\Desktop\data-centric-cross-season-transfer\datasets\train_on_2025_all\images\frame_00025_jpg.rf.1a9444350a161ae93be8919d1c407bb8.jpg,frame_00025_jpg.rf.1a9444350a161ae93be8919d1c407bb8.jpg,0.7075799405574799
C:\Users\carmonta\Desktop\data-centric-cross-season-transfer\datasets\train_on_2025_all\images\frame_00025_jpg.rf.228dcf1d9ef935d3b90a95aaf7991ea6.jpg,frame_00025_jpg.rf.228dcf1d9ef935d3b90a95aaf7991ea6.jpg,0.8480952233076096
C:\Users\carmonta\Desktop\data-centric-cross-season-transfer\datasets\train_on_2025_all\images\frame_00025_jpg.rf.3e6b53ba9b091caffd74a4d4cb245b00.jpg,frame_00025_jpg.rf.3e6b53ba9b091caffd74a4d4cb245b00.jpg,0.8326946645975113
C:\Users\carmonta\Desktop\data-centric-cross-season-transfer\datasets\train_on_2025_all\images\frame_00025_jpg.rf.55c13eb61f1fb77ca94bd7d550e6329a.jpg,frame_00025_jpg.rf.55c13eb61f1fb77ca94bd7d550e6329a.jpg,0.8067937642335892
C:\Users\carmonta\Desktop\data-centric-cross-season-transfer\datasets\train_on_2025_all\images\frame_00025_jpg.rf.583c7d416d4baf248ff0678e0df47a9d.jpg,frame_00025_jpg.rf.583c7d416d4baf248ff0678e0df47a9d.jpg,0.13676238059997559
C:\Users\carmonta\Desktop\data-centric-cross-season-transfer\datasets\train_on_2025_all\images\frame_00025_jpg.rf.5f99c6e991dd83ad1ad86f823bc8fcc6.jpg,frame_00025_jpg.rf.5f99c6e991dd83ad1ad86f823bc8fcc6.jpg,0.7805500477552414
C:\Users\carmonta\Desktop\data-centric-cross-season-transfer\datasets\train_on_2025_all\images\frame_00025_jpg.rf.69511ec6079e9bf6c3d7977f60879572.jpg,frame_00025_jpg.rf.69511ec6079e9bf6c3d7977f60879572.jpg,0.7820949405431747
C:\Users\carmonta\Desktop\data-centric-cross-season-transfer\datasets\train_on_2025_all\images\frame_00025_jpg.rf.8707b2fd09fedd194f9e5cfb5fc787cc.jpg,frame_00025_jpg.rf.8707b2fd09fedd194f9e5cfb5fc787cc.jpg,0.5306901931762695
C:\Users\carmonta\Desktop\data-centric-cross-season-transfer\datasets\train_on_2025_all\images\frame_00025_jpg.rf.8937ca4aaef9d162c5c1903c832a4f3d.jpg,frame_00025_jpg.rf.8937ca4aaef9d162c5c1903c832a4f3d.jpg,0.13868039846420288
C:\Users\carmonta\Desktop\data-centric-cross-season-transfer\datasets\train_on_2025_all\images\frame_00025_jpg.rf.a4b644fa4b6e683f7bbfef5b0dfc3e3e.jpg,frame_00025_jpg.rf.a4b644fa4b6e683f7bbfef5b0dfc3e3e.jpg,0.7699031233787537
C:\Users\carmonta\Desktop\data-centric-cross-season-transfer\datasets\train_on_2025_all\images\frame_00025_jpg.rf.b66601b1125282fd3d6fbe1e502ed3f9.jpg,frame_00025_jpg.rf.b66601b1125282fd3d6fbe1e502ed3f9.jpg,0.13740801811218262
C:\Users\carmonta\Desktop\data-centric-cross-season-transfer\datasets\train_on_2025_all\images\frame_00025_jpg.rf.b8776ecf83367c4fcac1621f4ad3e720.jpg,frame_00025_jpg.rf.b8776ecf83367c4fcac1621f4ad3e720.jpg,0.5375052690505981
C:\Users\carmonta\Desktop\data-centric-cross-season-transfer\datasets\train_on_2025_all\images\frame_00025_jpg.rf.d353a65083bbfb93979897560afb7ede.jpg,frame_00025_jpg.rf.d353a65083bbfb93979897560afb7ede.jpg,0.7054550349712372
C:\Users\carmonta\Desktop\data-centric-cross-season-transfer\datasets\train_on_2025_all\images\frame_00025_jpg.rf.f812559d22604b6d9f3dd2d48cb3d00f.jpg,frame_00025_jpg.rf.f812559d22604b6d9f3dd2d48cb3d00f.jpg,0.6428160965442657
C:\Users\carmonta\Desktop\data-centric-cross-season-transfer\datasets\train_on_2025_all\images\frame_00025_jpg.rf.fd5fdb4ed544b48caff91b415a677c2b.jpg,frame_00025_jpg.rf.fd5fdb4ed544b48caff91b415a677c2b.jpg,0.5615602731704712
C:\Users\carmonta\Desktop\data-centric-cross-season-transfer\datasets\train_on_2025_all\images\frame_00026_jpg.rf.09b4ff5342fbb09376ad2bcdf68e4b0b.jpg,frame_00026_jpg.rf.09b4ff5342fbb09376ad2bcdf68e4b0b.jpg,0.8859225735068321
C:\Users\carmonta\Desktop\data-centric-cross-season-transfer\datasets\train_on_2025_all\images\frame_00026_jpg.rf.1796cb6440b58ae59c92da3a2b545c6f.jpg,frame_00026_jpg.rf.1796cb6440b58ae59c92da3a2b545c6f.jpg,0.9124928712844849
C:\Users\carmonta\Desktop\data-centric-cross-season-transfer\datasets\train_on_2025_all\images\frame_00026_jpg.rf.18a6b4bac86b6c8093a18918f9d53757.jpg,frame_00026_jpg.rf.18a6b4bac86b6c8093a18918f9d53757.jpg,0.7696234881877899
C:\Users\carmonta\Desktop\data-centric-cross-season-transfer\datasets\train_on_2025_all\images\frame_00026_jpg.rf.4adf7af8a84e304d482eeaabc95168cd.jpg,frame_00026_jpg.rf.4adf7af8a84e304d482eeaabc95168cd.jpg,0.13854551315307617
C:\Users\carmonta\Desktop\data-centric-cross-season-transfer\datasets\train_on_2025_all\images\frame_00026_jpg.rf.4fe6c121e11dba1d5ba048b469aacae6.jpg,frame_00026_jpg.rf.4fe6c121e11dba1d5ba048b469aacae6.jpg,0.7057805955410004
C:\Users\carmonta\Desktop\data-centric-cross-season-transfer\datasets\train_on_2025_all\images\frame_00026_jpg.rf.51204a4543b65166c53d6a8174374915.jpg,frame_00026_jpg.rf.51204a4543b65166c53d6a8174374915.jpg,0.6944144368171692
C:\Users\carmonta\Desktop\data-centric-cross-season-transfer\datasets\train_on_2025_all\images\frame_00026_jpg.rf.52dcb73083860cfa5a11394b329ff7e7.jpg,frame_00026_jpg.rf.52dcb73083860cfa5a11394b329ff7e7.jpg,0.1381072998046875
C:\Users\carmonta\Desktop\data-centric-cross-season-transfer\datasets\train_on_2025_all\images\frame_00026_jpg.rf.5c0010d3003ae3d118b045f83fe49b76.jpg,frame_00026_jpg.rf.5c0010d3003ae3d118b045f83fe49b76.jpg,0.7230810225009918
C:\Users\carmonta\Desktop\data-centric-cross-season-transfer\datasets\train_on_2025_all\images\frame_00026_jpg.rf.6af6b8cd41175cebe9e5f4e4d3062d1c.jpg,frame_00026_jpg.rf.6af6b8cd41175cebe9e5f4e4d3062d1c.jpg,0.13762152194976807
C:\Users\carmonta\Desktop\data-centric-cross-season-transfer\datasets\train_on_2025_all\images\frame_00026_jpg.rf.8cc91e00894c0d1a1d55359e59163341.jpg,frame_00026_jpg.rf.8cc91e00894c0d1a1d55359e59163341.jpg,0.7144929468631744
C:\Users\carmonta\Desktop\data-centric-cross-season-transfer\datasets\train_on_2025_all\images\frame_00026_jpg.rf.bf9e61a48a0ed36e68b4c59bef0ccdd2.jpg,frame_00026_jpg.rf.bf9e61a48a0ed36e68b4c59bef0ccdd2.jpg,0.6935191452503204
C:\Users\carmonta\Desktop\data-centric-cross-season-transfer\datasets\train_on_2025_all\images\frame_00026_jpg.rf.e31b5029d708ba2b9444a82a9e65554b.jpg,frame_00026_jpg.rf.e31b5029d708ba2b9444a82a9e65554b.jpg,0.6944920420646667
C:\Users\carmonta\Desktop\data-centric-cross-season-transfer\datasets\train_on_2025_all\images\frame_00026_jpg.rf.f01d45646b0a7324c3a3fd9b4baa162d.jpg,frame_00026_jpg.rf.f01d45646b0a7324c3a3fd9b4baa162d.jpg,0.6984703540802002
C:\Users\carmonta\Desktop\data-centric-cross-season-transfer\datasets\train_on_2025_all\images\frame_00027_jpg.rf.36e0d5c45e6edc101df3b5cb344b2b27.jpg,frame_00027_jpg.rf.36e0d5c45e6edc101df3b5cb344b2b27.jpg,0.713038295507431
C:\Users\carmonta\Desktop\data-centric-cross-season-transfer\datasets\train_on_2025_all\images\frame_00027_jpg.rf.9588b5e343899cd273aa55b75f0032ad.jpg,frame_00027_jpg.rf.9588b5e343899cd273aa55b75f0032ad.jpg,0.5244229733943939
C:\Users\carmonta\Desktop\data-centric-cross-season-transfer\datasets\train_on_2025_all\images\frame_00027_jpg.rf.a05589f3c63641756d62080d5f2769f2.jpg,frame_00027_jpg.rf.a05589f3c63641756d62080d5f2769f2.jpg,0.666004091501236
C:\Users\carmonta\Desktop\data-centric-cross-season-transfer\datasets\train_on_2025_all\images\frame_00027_jpg.rf.aa6c76ec1f299d201da8d4f02bc2ffe2.jpg,frame_00027_jpg.rf.aa6c76ec1f299d201da8d4f02bc2ffe2.jpg,0.5244229733943939
C:\Users\carmonta\Desktop\data-centric-cross-season-transfer\datasets\train_on_2025_all\images\frame_00027_jpg.rf.b91c6c40c247eefcacaee7783eaeaa56.jpg,frame_00027_jpg.rf.b91c6c40c247eefcacaee7783eaeaa56.jpg,0.6998693943023682
C:\Users\carmonta\Desktop\data-centric-cross-season-transfer\datasets\train_on_2025_all\images\frame_00027_jpg.rf.e3a7b6a1f85861f7c359391f66edf5d9.jpg,frame_00027_jpg.rf.e3a7b6a1f85861f7c359391f66edf5d9.jpg,0.5520951747894287
C:\Users\carmonta\Desktop\data-centric-cross-season-transfer\datasets\train_on_2025_all\images\frame_00027_jpg.rf.e9a09a72f387cb1644ad86d61db5cdae.jpg,frame_00027_jpg.rf.e9a09a72f387cb1644ad86d61db5cdae.jpg,0.7847157716751099
C:\Users\carmonta\Desktop\data-centric-cross-season-transfer\datasets\train_on_2025_all\images\frame_00027_jpg.rf.fa3e1c62e15b7d958cf3effbd38889ac.jpg,frame_00027_jpg.rf.fa3e1c62e15b7d958cf3effbd38889ac.jpg,0.41567176580429077
C:\Users\carmonta\Desktop\data-centric-cross-season-transfer\datasets\train_on_2025_all\images\frame_00028_jpg.rf.0296acef29e7a319297dcce68c640fd2.jpg,frame_00028_jpg.rf.0296acef29e7a319297dcce68c640fd2.jpg,0.6871514916419983
C:\Users\carmonta\Desktop\data-centric-cross-season-transfer\datasets\train_on_2025_all\images\frame_00028_jpg.rf.605cd7bcaa1f228d70e6099eac3aa7e0.jpg,frame_00028_jpg.rf.605cd7bcaa1f228d70e6099eac3aa7e0.jpg,0.922868624329567
C:\Users\carmonta\Desktop\data-centric-cross-season-transfer\datasets\train_on_2025_all\images\frame_00028_jpg.rf.7e90b77f1e5ed5416e682eed8e26ce58.jpg,frame_00028_jpg.rf.7e90b77f1e5ed5416e682eed8e26ce58.jpg,0.6891862750053406
C:\Users\carmonta\Desktop\data-centric-cross-season-transfer\datasets\train_on_2025_all\images\frame_00028_jpg.rf.867a66856532e392d2982a736618bdbb.jpg,frame_00028_jpg.rf.867a66856532e392d2982a736618bdbb.jpg,0.7950187474489212
C:\Users\carmonta\Desktop\data-centric-cross-season-transfer\datasets\train_on_2025_all\images\frame_00028_jpg.rf.a2bbb85f7973642f1c9b7c7604499e98.jpg,frame_00028_jpg.rf.a2bbb85f7973642f1c9b7c7604499e98.jpg,0.8501601666212082
C:\Users\carmonta\Desktop\data-centric-cross-season-transfer\datasets\train_on_2025_all\images\frame_00028_jpg.rf.a9c8982d759de51215ab42a52bfd77ac.jpg,frame_00028_jpg.rf.a9c8982d759de51215ab42a52bfd77ac.jpg,0.5602508187294006
C:\Users\carmonta\Desktop\data-centric-cross-season-transfer\datasets\train_on_2025_all\images\frame_00028_jpg.rf.be76e7ad97e7b9dc5fa5f5b011bb2f33.jpg,frame_00028_jpg.rf.be76e7ad97e7b9dc5fa5f5b011bb2f33.jpg,0.5550263524055481
C:\Users\carmonta\Desktop\data-centric-cross-season-transfer\datasets\train_on_2025_all\images\frame_00028_jpg.rf.c3e2488e8bfb2ba34a1c28408a87a3be.jpg,frame_00028_jpg.rf.c3e2488e8bfb2ba34a1c28408a87a3be.jpg,0.9230514243245125
C:\Users\carmonta\Desktop\data-centric-cross-season-transfer\datasets\train_on_2025_all\images\frame_00028_jpg.rf.c77a82685594ecbee8924d7c50865acb.jpg,frame_00028_jpg.rf.c77a82685594ecbee8924d7c50865acb.jpg,0.6890820562839508
C:\Users\carmonta\Desktop\data-centric-cross-season-transfer\datasets\train_on_2025_all\images\frame_00028_jpg.rf.ca671a6b78e864c17c1444fdf695dfb2.jpg,frame_00028_jpg.rf.ca671a6b78e864c17c1444fdf695dfb2.jpg,0.5617900788784027
C:\Users\carmonta\Desktop\data-centric-cross-season-transfer\datasets\train_on_2025_all\images\frame_00028_jpg.rf.dfac5e60b1f1df28338a101bafa92877.jpg,frame_00028_jpg.rf.dfac5e60b1f1df28338a101bafa92877.jpg,0.8367690891027451
C:\Users\carmonta\Desktop\data-centric-cross-season-transfer\datasets\train_on_2025_all\images\frame_00028_jpg.rf.e29bea5ba3774f5bdb0e0e37e4101e57.jpg,frame_00028_jpg.rf.e29bea5ba3774f5bdb0e0e37e4101e57.jpg,0.923004262149334
C:\Users\carmonta\Desktop\data-centric-cross-season-transfer\datasets\train_on_2025_all\images\frame_00029_jpg.rf.01d4917ca9fe101312efab0668e7a4e9.jpg,frame_00029_jpg.rf.01d4917ca9fe101312efab0668e7a4e9.jpg,0.5559254586696625
C:\Users\carmonta\Desktop\data-centric-cross-season-transfer\datasets\train_on_2025_all\images\frame_00029_jpg.rf.2a717aca16f02b2416349a38853a0474.jpg,frame_00029_jpg.rf.2a717aca16f02b2416349a38853a0474.jpg,0.7793002724647522
C:\Users\carmonta\Desktop\data-centric-cross-season-transfer\datasets\train_on_2025_all\images\frame_00029_jpg.rf.34fda7fa17f945bb8ef8e66541fea8b5.jpg,frame_00029_jpg.rf.34fda7fa17f945bb8ef8e66541fea8b5.jpg,0.5128532648086548
C:\Users\carmonta\Desktop\data-centric-cross-season-transfer\datasets\train_on_2025_all\images\frame_00029_jpg.rf.402214ee5a68c2e2f9af3707f65fdbed.jpg,frame_00029_jpg.rf.402214ee5a68c2e2f9af3707f65fdbed.jpg,0.5050971508026123
C:\Users\carmonta\Desktop\data-centric-cross-season-transfer\datasets\train_on_2025_all\images\frame_00029_jpg.rf.4febb2f9988702d2a1125cef21f3ff13.jpg,frame_00029_jpg.rf.4febb2f9988702d2a1125cef21f3ff13.jpg,0.7859428226947784
C:\Users\carmonta\Desktop\data-centric-cross-season-transfer\datasets\train_on_2025_all\images\frame_00029_jpg.rf.5542ce159e6b93a4d785b34cc6873008.jpg,frame_00029_jpg.rf.5542ce159e6b93a4d785b34cc6873008.jpg,0.5000475943088531
C:\Users\carmonta\Desktop\data-centric-cross-season-transfer\datasets\train_on_2025_all\images\frame_00029_jpg.rf.5b3c0945cd90cd8f81ddd51bc50015d5.jpg,frame_00029_jpg.rf.5b3c0945cd90cd8f81ddd51bc50015d5.jpg,0.8126507699489594
C:\Users\carmonta\Desktop\data-centric-cross-season-transfer\datasets\train_on_2025_all\images\frame_00029_jpg.rf.79550d162d34f00531ac3b928257776e.jpg,frame_00029_jpg.rf.79550d162d34f00531ac3b928257776e.jpg,0.7869550287723541
C:\Users\carmonta\Desktop\data-centric-cross-season-transfer\datasets\train_on_2025_all\images\frame_00029_jpg.rf.7c9f3429de35748ef20e899c1d39cde3.jpg,frame_00029_jpg.rf.7c9f3429de35748ef20e899c1d39cde3.jpg,0.65869140625
C:\Users\carmonta\Desktop\data-centric-cross-season-transfer\datasets\train_on_2025_all\images\frame_00029_jpg.rf.89013e8d6bdeca0fb11abb6e3368f38d.jpg,frame_00029_jpg.rf.89013e8d6bdeca0fb11abb6e3368f38d.jpg,0.551985502243042
C:\Users\carmonta\Desktop\data-centric-cross-season-transfer\datasets\train_on_2025_all\images\frame_00029_jpg.rf.a727a5ee9c0b22958e511bd4062cc22b.jpg,frame_00029_jpg.rf.a727a5ee9c0b22958e511bd4062cc22b.jpg,0.6634430289268494
C:\Users\carmonta\Desktop\data-centric-cross-season-transfer\datasets\train_on_2025_all\images\frame_00029_jpg.rf.a876375a6f4b501d74625f6afe6cb0df.jpg,frame_00029_jpg.rf.a876375a6f4b501d74625f6afe6cb0df.jpg,0.7441669702529907
C:\Users\carmonta\Desktop\data-centric-cross-season-transfer\datasets\train_on_2025_all\images\frame_00029_jpg.rf.a886c308d4a2bb71a570a7288c423a8f.jpg,frame_00029_jpg.rf.a886c308d4a2bb71a570a7288c423a8f.jpg,0.8235795646905899
C:\Users\carmonta\Desktop\data-centric-cross-season-transfer\datasets\train_on_2025_all\images\frame_00029_jpg.rf.bb949dfd035691cac7085f2d767c3389.jpg,frame_00029_jpg.rf.bb949dfd035691cac7085f2d767c3389.jpg,0.7049385607242584
C:\Users\carmonta\Desktop\data-centric-cross-season-transfer\datasets\train_on_2025_all\images\frame_00029_jpg.rf.c07a67defc6f671101a164d0926a5275.jpg,frame_00029_jpg.rf.c07a67defc6f671101a164d0926a5275.jpg,0.7111632823944092
C:\Users\carmonta\Desktop\data-centric-cross-season-transfer\datasets\train_on_2025_all\images\frame_00029_jpg.rf.db8a81feef0a818318c4a620d5dba3c0.jpg,frame_00029_jpg.rf.db8a81feef0a818318c4a620d5dba3c0.jpg,0.7776034623384476
C:\Users\carmonta\Desktop\data-centric-cross-season-transfer\datasets\train_on_2025_all\images\frame_00029_jpg.rf.e30df8db6e6b37c99d9d04bf15f259e2.jpg,frame_00029_jpg.rf.e30df8db6e6b37c99d9d04bf15f259e2.jpg,0.5220648646354675
C:\Users\carmonta\Desktop\data-centric-cross-season-transfer\datasets\train_on_2025_all\images\frame_00029_jpg.rf.f90bd29d1e14571a907a0fc4492e30d4.jpg,frame_00029_jpg.rf.f90bd29d1e14571a907a0fc4492e30d4.jpg,0.8076411783695221
C:\Users\carmonta\Desktop\data-centric-cross-season-transfer\datasets\train_on_2025_all\images\frame_00029_jpg.rf.fc6202d6a38102cc66b9bf9572ce4139.jpg,frame_00029_jpg.rf.fc6202d6a38102cc66b9bf9572ce4139.jpg,0.8566497415304184
C:\Users\carmonta\Desktop\data-centric-cross-season-transfer\datasets\train_on_2025_all\images\frame_00030_jpg.rf.294c2f5c8ec61728cee104d6ac91ac7b.jpg,frame_00030_jpg.rf.294c2f5c8ec61728cee104d6ac91ac7b.jpg,0.48613202571868896
C:\Users\carmonta\Desktop\data-centric-cross-season-transfer\datasets\train_on_2025_all\images\frame_00030_jpg.rf.3cb05e86dbcd211a4e4a3890b9f9c5bc.jpg,frame_00030_jpg.rf.3cb05e86dbcd211a4e4a3890b9f9c5bc.jpg,0.8200297206640244
C:\Users\carmonta\Desktop\data-centric-cross-season-transfer\datasets\train_on_2025_all\images\frame_00030_jpg.rf.4cc027641512f1bbedb7822f5844e12c.jpg,frame_00030_jpg.rf.4cc027641512f1bbedb7822f5844e12c.jpg,0.6241604685783386
C:\Users\carmonta\Desktop\data-centric-cross-season-transfer\datasets\train_on_2025_all\images\frame_00030_jpg.rf.59fb5cf9ffbea9030bf6b6f3d1dcd00d.jpg,frame_00030_jpg.rf.59fb5cf9ffbea9030bf6b6f3d1dcd00d.jpg,0.3587855100631714
C:\Users\carmonta\Desktop\data-centric-cross-season-transfer\datasets\train_on_2025_all\images\frame_00030_jpg.rf.61b1899f49b3fef74c26b165c45465d2.jpg,frame_00030_jpg.rf.61b1899f49b3fef74c26b165c45465d2.jpg,0.48625022172927856
C:\Users\carmonta\Desktop\data-centric-cross-season-transfer\datasets\train_on_2025_all\images\frame_00030_jpg.rf.65d07c02730033362a6df23ca8123da6.jpg,frame_00030_jpg.rf.65d07c02730033362a6df23ca8123da6.jpg,0.8273181319236755
C:\Users\carmonta\Desktop\data-centric-cross-season-transfer\datasets\train_on_2025_all\images\frame_00030_jpg.rf.6a7ad79e4239b6fdc8d9cf33bbcf7f36.jpg,frame_00030_jpg.rf.6a7ad79e4239b6fdc8d9cf33bbcf7f36.jpg,0.8273181319236755
C:\Users\carmonta\Desktop\data-centric-cross-season-transfer\datasets\train_on_2025_all\images\frame_00030_jpg.rf.7c658727265a757403fa2c384780cff2.jpg,frame_00030_jpg.rf.7c658727265a757403fa2c384780cff2.jpg,0.35917872190475464
C:\Users\carmonta\Desktop\data-centric-cross-season-transfer\datasets\train_on_2025_all\images\frame_00030_jpg.rf.8b77a4bdd47ff5adb08bf563f3356ab0.jpg,frame_00030_jpg.rf.8b77a4bdd47ff5adb08bf563f3356ab0.jpg,0.48606568574905396
C:\Users\carmonta\Desktop\data-centric-cross-season-transfer\datasets\train_on_2025_all\images\frame_00030_jpg.rf.b8d808c0921d058f8023f0decd435751.jpg,frame_00030_jpg.rf.b8d808c0921d058f8023f0decd435751.jpg,0.5731154382228851
C:\Users\carmonta\Desktop\data-centric-cross-season-transfer\datasets\train_on_2025_all\images\frame_00030_jpg.rf.c413dd5eed41f1c9d0972ecfa792bc61.jpg,frame_00030_jpg.rf.c413dd5eed41f1c9d0972ecfa792bc61.jpg,0.35880929231643677
C:\Users\carmonta\Desktop\data-centric-cross-season-transfer\datasets\train_on_2025_all\images\frame_00030_jpg.rf.e619d510dc71d867f4d2806431669b75.jpg,frame_00030_jpg.rf.e619d510dc71d867f4d2806431669b75.jpg,0.6067671775817871
C:\Users\carmonta\Desktop\data-centric-cross-season-transfer\datasets\train_on_2025_all\images\frame_00031_jpg.rf.0931931abc87d42bbb151422fe85d443.jpg,frame_00031_jpg.rf.0931931abc87d42bbb151422fe85d443.jpg,0.6930504143238068
C:\Users\carmonta\Desktop\data-centric-cross-season-transfer\datasets\train_on_2025_all\images\frame_00031_jpg.rf.11d1341fbdc22db9c0ab2278ccabebc7.jpg,frame_00031_jpg.rf.11d1341fbdc22db9c0ab2278ccabebc7.jpg,0.7820414751768112
C:\Users\carmonta\Desktop\data-centric-cross-season-transfer\datasets\train_on_2025_all\images\frame_00031_jpg.rf.1a9c578210535bcad9022614c812533a.jpg,frame_00031_jpg.rf.1a9c578210535bcad9022614c812533a.jpg,0.41782116889953613
C:\Users\carmonta\Desktop\data-centric-cross-season-transfer\datasets\train_on_2025_all\images\frame_00031_jpg.rf.1acc3f3c7430aae5b6fec95d1f1cd174.jpg,frame_00031_jpg.rf.1acc3f3c7430aae5b6fec95d1f1cd174.jpg,0.4379994869232178
C:\Users\carmonta\Desktop\data-centric-cross-season-transfer\datasets\train_on_2025_all\images\frame_00031_jpg.rf.26a51fca9a69d1ca2567c63b8a6a6043.jpg,frame_00031_jpg.rf.26a51fca9a69d1ca2567c63b8a6a6043.jpg,0.9237439259886742
C:\Users\carmonta\Desktop\data-centric-cross-season-transfer\datasets\train_on_2025_all\images\frame_00031_jpg.rf.2c7d41ae6980cd78c7bd2994895462ab.jpg,frame_00031_jpg.rf.2c7d41ae6980cd78c7bd2994895462ab.jpg,0.7724220156669617
C:\Users\carmonta\Desktop\data-centric-cross-season-transfer\datasets\train_on_2025_all\images\frame_00031_jpg.rf.2cad186ee4b3256487ccf6eba3f37931.jpg,frame_00031_jpg.rf.2cad186ee4b3256487ccf6eba3f37931.jpg,0.6319961249828339
C:\Users\carmonta\Desktop\data-centric-cross-season-transfer\datasets\train_on_2025_all\images\frame_00031_jpg.rf.46580164b67f87d876eb3d0f9fabb5e8.jpg,frame_00031_jpg.rf.46580164b67f87d876eb3d0f9fabb5e8.jpg,0.645480215549469
C:\Users\carmonta\Desktop\data-centric-cross-season-transfer\datasets\train_on_2025_all\images\frame_00031_jpg.rf.466c03bcb0801249f995fa206111f05a.jpg,frame_00031_jpg.rf.466c03bcb0801249f995fa206111f05a.jpg,0.9237439259886742
C:\Users\carmonta\Desktop\data-centric-cross-season-transfer\datasets\train_on_2025_all\images\frame_00031_jpg.rf.564d3a7b2e2117b9d0a735ff80014e64.jpg,frame_00031_jpg.rf.564d3a7b2e2117b9d0a735ff80014e64.jpg,0.8451667726039886
C:\Users\carmonta\Desktop\data-centric-cross-season-transfer\datasets\train_on_2025_all\images\frame_00031_jpg.rf.5cd00e1d69a0ea6e1eefdf7614bc210e.jpg,frame_00031_jpg.rf.5cd00e1d69a0ea6e1eefdf7614bc210e.jpg,0.8037972003221512
C:\Users\carmonta\Desktop\data-centric-cross-season-transfer\datasets\train_on_2025_all\images\frame_00031_jpg.rf.8f7c8e8d8e75f4ed7dad8149b84f6818.jpg,frame_00031_jpg.rf.8f7c8e8d8e75f4ed7dad8149b84f6818.jpg,0.4405357837677002
C:\Users\carmonta\Desktop\data-centric-cross-season-transfer\datasets\train_on_2025_all\images\frame_00031_jpg.rf.9e1ad113cbe1e165e9d9c17452826ad1.jpg,frame_00031_jpg.rf.9e1ad113cbe1e165e9d9c17452826ad1.jpg,0.7094390988349915
C:\Users\carmonta\Desktop\data-centric-cross-season-transfer\datasets\train_on_2025_all\images\frame_00031_jpg.rf.b6132af0dcdfbb0294f1f16a336b37a4.jpg,frame_00031_jpg.rf.b6132af0dcdfbb0294f1f16a336b37a4.jpg,0.8465232402086258
C:\Users\carmonta\Desktop\data-centric-cross-season-transfer\datasets\train_on_2025_all\images\frame_00031_jpg.rf.b7cfb5ff4ba804d899ca1ba5b3fec87e.jpg,frame_00031_jpg.rf.b7cfb5ff4ba804d899ca1ba5b3fec87e.jpg,0.4350365400314331
C:\Users\carmonta\Desktop\data-centric-cross-season-transfer\datasets\train_on_2025_all\images\frame_00031_jpg.rf.c071584b88c644c9fff02bf8c517e50e.jpg,frame_00031_jpg.rf.c071584b88c644c9fff02bf8c517e50e.jpg,0.9320686981081963
C:\Users\carmonta\Desktop\data-centric-cross-season-transfer\datasets\train_on_2025_all\images\frame_00032_jpg.rf.19fb1024274e2ba93b760d08448b20be.jpg,frame_00032_jpg.rf.19fb1024274e2ba93b760d08448b20be.jpg,0.7060078084468842
C:\Users\carmonta\Desktop\data-centric-cross-season-transfer\datasets\train_on_2025_all\images\frame_00032_jpg.rf.29c24051896724452395dd2b7d8099dc.jpg,frame_00032_jpg.rf.29c24051896724452395dd2b7d8099dc.jpg,0.6691780388355255
C:\Users\carmonta\Desktop\data-centric-cross-season-transfer\datasets\train_on_2025_all\images\frame_00032_jpg.rf.3181ea2b9750661423687ee54ea51b15.jpg,frame_00032_jpg.rf.3181ea2b9750661423687ee54ea51b15.jpg,0.4495503306388855
C:\Users\carmonta\Desktop\data-centric-cross-season-transfer\datasets\train_on_2025_all\images\frame_00032_jpg.rf.5074493bc8c3c4059abfa1847b7f7dd8.jpg,frame_00032_jpg.rf.5074493bc8c3c4059abfa1847b7f7dd8.jpg,0.1644136905670166
C:\Users\carmonta\Desktop\data-centric-cross-season-transfer\datasets\train_on_2025_all\images\frame_00032_jpg.rf.50e1f841f8735ad385643dae16a57155.jpg,frame_00032_jpg.rf.50e1f841f8735ad385643dae16a57155.jpg,0.6677723228931427
C:\Users\carmonta\Desktop\data-centric-cross-season-transfer\datasets\train_on_2025_all\images\frame_00032_jpg.rf.61293ca16bb0841928310d1498f30ba0.jpg,frame_00032_jpg.rf.61293ca16bb0841928310d1498f30ba0.jpg,0.44879233837127686
C:\Users\carmonta\Desktop\data-centric-cross-season-transfer\datasets\train_on_2025_all\images\frame_00032_jpg.rf.62e02663e8864af7ec5ffd3c76cf5119.jpg,frame_00032_jpg.rf.62e02663e8864af7ec5ffd3c76cf5119.jpg,0.905371904373169
C:\Users\carmonta\Desktop\data-centric-cross-season-transfer\datasets\train_on_2025_all\images\frame_00032_jpg.rf.7d46e933266919c2bd9fc24eff04621b.jpg,frame_00032_jpg.rf.7d46e933266919c2bd9fc24eff04621b.jpg,0.7407584488391876
C:\Users\carmonta\Desktop\data-centric-cross-season-transfer\datasets\train_on_2025_all\images\frame_00032_jpg.rf.e2c01fde336c8d6ac44496382e782d2c.jpg,frame_00032_jpg.rf.e2c01fde336c8d6ac44496382e782d2c.jpg,0.6681665182113647
C:\Users\carmonta\Desktop\data-centric-cross-season-transfer\datasets\train_on_2025_all\images\frame_00033_jpg.rf.4ee6d118b61507bfaad1b8e7df926a33.jpg,frame_00033_jpg.rf.4ee6d118b61507bfaad1b8e7df926a33.jpg,0.6245582401752472
C:\Users\carmonta\Desktop\data-centric-cross-season-transfer\datasets\train_on_2025_all\images\frame_00033_jpg.rf.6039676c2cd6a2c704f912e8754e6bec.jpg,frame_00033_jpg.rf.6039676c2cd6a2c704f912e8754e6bec.jpg,0.7670392990112305
C:\Users\carmonta\Desktop\data-centric-cross-season-transfer\datasets\train_on_2025_all\images\frame_00033_jpg.rf.860875390a07421dd4d39413e2c50761.jpg,frame_00033_jpg.rf.860875390a07421dd4d39413e2c50761.jpg,0.7995805740356445
C:\Users\carmonta\Desktop\data-centric-cross-season-transfer\datasets\train_on_2025_all\images\frame_00033_jpg.rf.86bcef9d09dfa91103a8778566656878.jpg,frame_00033_jpg.rf.86bcef9d09dfa91103a8778566656878.jpg,0.5591613054275513
C:\Users\carmonta\Desktop\data-centric-cross-season-transfer\datasets\train_on_2025_all\images\frame_00033_jpg.rf.da9de6f6aa43bc12defe288239d18c3d.jpg,frame_00033_jpg.rf.da9de6f6aa43bc12defe288239d18c3d.jpg,0.7522428035736084
C:\Users\carmonta\Desktop\data-centric-cross-season-transfer\datasets\train_on_2025_all\images\frame_00034_jpg.rf.22c94da555960d02bd734d8725ec1482.jpg,frame_00034_jpg.rf.22c94da555960d02bd734d8725ec1482.jpg,0.6496265828609467
C:\Users\carmonta\Desktop\data-centric-cross-season-transfer\datasets\train_on_2025_all\images\frame_00034_jpg.rf.23e0236d639634e6a7297589c01fbf6c.jpg,frame_00034_jpg.rf.23e0236d639634e6a7297589c01fbf6c.jpg,0.9358597248792648
C:\Users\carmonta\Desktop\data-centric-cross-season-transfer\datasets\train_on_2025_all\images\frame_00034_jpg.rf.2fbbf69350e0652abde216d6126d1b2e.jpg,frame_00034_jpg.rf.2fbbf69350e0652abde216d6126d1b2e.jpg,0.7080227732658386
C:\Users\carmonta\Desktop\data-centric-cross-season-transfer\datasets\train_on_2025_all\images\frame_00034_jpg.rf.3916df3707323fcf1ee259cc35dce2b8.jpg,frame_00034_jpg.rf.3916df3707323fcf1ee259cc35dce2b8.jpg,0.6636117994785309
C:\Users\carmonta\Desktop\data-centric-cross-season-transfer\datasets\train_on_2025_all\images\frame_00034_jpg.rf.423f44f0a7f9a269664ac8db1eb75535.jpg,frame_00034_jpg.rf.423f44f0a7f9a269664ac8db1eb75535.jpg,0.6477979421615601
C:\Users\carmonta\Desktop\data-centric-cross-season-transfer\datasets\train_on_2025_all\images\frame_00034_jpg.rf.49a3d06e69b81435157af5b7a39f21e1.jpg,frame_00034_jpg.rf.49a3d06e69b81435157af5b7a39f21e1.jpg,0.8864467293024063
C:\Users\carmonta\Desktop\data-centric-cross-season-transfer\datasets\train_on_2025_all\images\frame_00034_jpg.rf.5355868fab7778fbc4447b5d18b5d1b1.jpg,frame_00034_jpg.rf.5355868fab7778fbc4447b5d18b5d1b1.jpg,0.9254583045840263
C:\Users\carmonta\Desktop\data-centric-cross-season-transfer\datasets\train_on_2025_all\images\frame_00034_jpg.rf.558ad84f38c715ff1fec4bb405b62bf6.jpg,frame_00034_jpg.rf.558ad84f38c715ff1fec4bb405b62bf6.jpg,0.8793453201651573
C:\Users\carmonta\Desktop\data-centric-cross-season-transfer\datasets\train_on_2025_all\images\frame_00034_jpg.rf.7dc35098e9f95b73785c98fc95050457.jpg,frame_00034_jpg.rf.7dc35098e9f95b73785c98fc95050457.jpg,0.9481716454029083
C:\Users\carmonta\Desktop\data-centric-cross-season-transfer\datasets\train_on_2025_all\images\frame_00034_jpg.rf.8d5204bb68bcf6b6121d6ccd9c704ae4.jpg,frame_00034_jpg.rf.8d5204bb68bcf6b6121d6ccd9c704ae4.jpg,0.6258488297462463
C:\Users\carmonta\Desktop\data-centric-cross-season-transfer\datasets\train_on_2025_all\images\frame_00034_jpg.rf.90cef8dc981f3d063c56155c3dda4df7.jpg,frame_00034_jpg.rf.90cef8dc981f3d063c56155c3dda4df7.jpg,0.7081013023853302
C:\Users\carmonta\Desktop\data-centric-cross-season-transfer\datasets\train_on_2025_all\images\frame_00034_jpg.rf.f0c9ebdde28c6480709f048aeea72e82.jpg,frame_00034_jpg.rf.f0c9ebdde28c6480709f048aeea72e82.jpg,0.6266062557697296
C:\Users\carmonta\Desktop\data-centric-cross-season-transfer\datasets\train_on_2025_all\images\frame_00034_jpg.rf.f89bae29d26bc99eb3a49fd882811c4c.jpg,frame_00034_jpg.rf.f89bae29d26bc99eb3a49fd882811c4c.jpg,0.8933520615100861
C:\Users\carmonta\Desktop\data-centric-cross-season-transfer\datasets\train_on_2025_all\images\frame_00034_jpg.rf.f8ab1f51e3d9294f041369efe344754d.jpg,frame_00034_jpg.rf.f8ab1f51e3d9294f041369efe344754d.jpg,0.6723796725273132
C:\Users\carmonta\Desktop\data-centric-cross-season-transfer\datasets\train_on_2025_all\images\frame_00035_jpg.rf.006b9574c416e1d41e2ad67917225bd5.jpg,frame_00035_jpg.rf.006b9574c416e1d41e2ad67917225bd5.jpg,0.8596256375312805
C:\Users\carmonta\Desktop\data-centric-cross-season-transfer\datasets\train_on_2025_all\images\frame_00035_jpg.rf.198d3522797909b6184c1e08957a9762.jpg,frame_00035_jpg.rf.198d3522797909b6184c1e08957a9762.jpg,0.8231350779533386
C:\Users\carmonta\Desktop\data-centric-cross-season-transfer\datasets\train_on_2025_all\images\frame_00035_jpg.rf.3ca92ccdd0c4d3544290d24a35879d9b.jpg,frame_00035_jpg.rf.3ca92ccdd0c4d3544290d24a35879d9b.jpg,0.6432238221168518
C:\Users\carmonta\Desktop\data-centric-cross-season-transfer\datasets\train_on_2025_all\images\frame_00035_jpg.rf.4e36ded5765ef6889719d7a4b63df052.jpg,frame_00035_jpg.rf.4e36ded5765ef6889719d7a4b63df052.jpg,0.15661859512329102
C:\Users\carmonta\Desktop\data-centric-cross-season-transfer\datasets\train_on_2025_all\images\frame_00035_jpg.rf.69889312eec1fe90b15bef6edae0b542.jpg,frame_00035_jpg.rf.69889312eec1fe90b15bef6edae0b542.jpg,0.1561732292175293
C:\Users\carmonta\Desktop\data-centric-cross-season-transfer\datasets\train_on_2025_all\images\frame_00035_jpg.rf.77081af4b19d9c287fc1e726f68d0b80.jpg,frame_00035_jpg.rf.77081af4b19d9c287fc1e726f68d0b80.jpg,0.43123745918273926
C:\Users\carmonta\Desktop\data-centric-cross-season-transfer\datasets\train_on_2025_all\images\frame_00035_jpg.rf.b1c2cb20639c26b9b36936b53e6b319e.jpg,frame_00035_jpg.rf.b1c2cb20639c26b9b36936b53e6b319e.jpg,0.8231350779533386
C:\Users\carmonta\Desktop\data-centric-cross-season-transfer\datasets\train_on_2025_all\images\frame_00035_jpg.rf.bf87576025cab309ec4a73161ec88ea8.jpg,frame_00035_jpg.rf.bf87576025cab309ec4a73161ec88ea8.jpg,0.8798814564943314
C:\Users\carmonta\Desktop\data-centric-cross-season-transfer\datasets\train_on_2025_all\images\frame_00035_jpg.rf.c947c34b2961be3c447f79f21c38c135.jpg,frame_00035_jpg.rf.c947c34b2961be3c447f79f21c38c135.jpg,0.27216804027557373
C:\Users\carmonta\Desktop\data-centric-cross-season-transfer\datasets\train_on_2025_all\images\frame_00035_jpg.rf.d88e42d4efef807497309488dfe35f91.jpg,frame_00035_jpg.rf.d88e42d4efef807497309488dfe35f91.jpg,0.31215041875839233
C:\Users\carmonta\Desktop\data-centric-cross-season-transfer\datasets\train_on_2025_all\images\frame_00035_jpg.rf.dfc02acd38d775396b06d50bcb0a057a.jpg,frame_00035_jpg.rf.dfc02acd38d775396b06d50bcb0a057a.jpg,0.8861366584897041
C:\Users\carmonta\Desktop\data-centric-cross-season-transfer\datasets\train_on_2025_all\images\frame_00035_jpg.rf.ed37b5c1de8d6a733a7fe727e3606bbe.jpg,frame_00035_jpg.rf.ed37b5c1de8d6a733a7fe727e3606bbe.jpg,0.8936698958277702
C:\Users\carmonta\Desktop\data-centric-cross-season-transfer\datasets\train_on_2025_all\images\frame_00036_jpg.rf.0801e2a8f5b0e25e3be7fe933ed8ffc7.jpg,frame_00036_jpg.rf.0801e2a8f5b0e25e3be7fe933ed8ffc7.jpg,0.8184133321046829
C:\Users\carmonta\Desktop\data-centric-cross-season-transfer\datasets\train_on_2025_all\images\frame_00036_jpg.rf.15d67351dbe88f477c50cba558bfa3dc.jpg,frame_00036_jpg.rf.15d67351dbe88f477c50cba558bfa3dc.jpg,0.7166933417320251
C:\Users\carmonta\Desktop\data-centric-cross-season-transfer\datasets\train_on_2025_all\images\frame_00036_jpg.rf.3a343fec52db39c0f3fbcbdc9083e29d.jpg,frame_00036_jpg.rf.3a343fec52db39c0f3fbcbdc9083e29d.jpg,0.7693379521369934
C:\Users\carmonta\Desktop\data-centric-cross-season-transfer\datasets\train_on_2025_all\images\frame_00036_jpg.rf.415399e5e1dfc6c6dfaef042bc48d9e9.jpg,frame_00036_jpg.rf.415399e5e1dfc6c6dfaef042bc48d9e9.jpg,0.6867901682853699
C:\Users\carmonta\Desktop\data-centric-cross-season-transfer\datasets\train_on_2025_all\images\frame_00036_jpg.rf.5b7086bf83da4484634a4fc18d446c4c.jpg,frame_00036_jpg.rf.5b7086bf83da4484634a4fc18d446c4c.jpg,0.7181091010570526
C:\Users\carmonta\Desktop\data-centric-cross-season-transfer\datasets\train_on_2025_all\images\frame_00036_jpg.rf.808ae7144eefaa17160895f4c23d8ea0.jpg,frame_00036_jpg.rf.808ae7144eefaa17160895f4c23d8ea0.jpg,0.7178051173686981
C:\Users\carmonta\Desktop\data-centric-cross-season-transfer\datasets\train_on_2025_all\images\frame_00036_jpg.rf.f5cf6451990ded725a81ba555ce060d3.jpg,frame_00036_jpg.rf.f5cf6451990ded725a81ba555ce060d3.jpg,0.7058599293231964
C:\Users\carmonta\Desktop\data-centric-cross-season-transfer\datasets\train_on_2025_all\images\frame_00037_jpg.rf.8f7bc436b329f03f41210d2b801bba91.jpg,frame_00037_jpg.rf.8f7bc436b329f03f41210d2b801bba91.jpg,0.3785679340362549
C:\Users\carmonta\Desktop\data-centric-cross-season-transfer\datasets\train_on_2025_all\images\frame_00037_jpg.rf.9aa3466f808486291505e1fe39e67aa6.jpg,frame_00037_jpg.rf.9aa3466f808486291505e1fe39e67aa6.jpg,0.5939877033233643
C:\Users\carmonta\Desktop\data-centric-cross-season-transfer\datasets\train_on_2025_all\images\frame_00037_jpg.rf.a984f285d5a95f79aecb04db41693455.jpg,frame_00037_jpg.rf.a984f285d5a95f79aecb04db41693455.jpg,0.5918554961681366
C:\Users\carmonta\Desktop\data-centric-cross-season-transfer\datasets\train_on_2025_all\images\frame_00037_jpg.rf.b6d7d403708e7e5a7c1226e945fe99ee.jpg,frame_00037_jpg.rf.b6d7d403708e7e5a7c1226e945fe99ee.jpg,0.17208600044250488
C:\Users\carmonta\Desktop\data-centric-cross-season-transfer\datasets\train_on_2025_all\images\frame_00037_jpg.rf.cf9739f76479596d4cd5c60128c1c82b.jpg,frame_00037_jpg.rf.cf9739f76479596d4cd5c60128c1c82b.jpg,0.9166545569896698
C:\Users\carmonta\Desktop\data-centric-cross-season-transfer\datasets\train_on_2025_all\images\frame_00037_jpg.rf.d82c670ade8d07b5991a6ad7c137ba91.jpg,frame_00037_jpg.rf.d82c670ade8d07b5991a6ad7c137ba91.jpg,0.9166545569896698
C:\Users\carmonta\Desktop\data-centric-cross-season-transfer\datasets\train_on_2025_all\images\frame_00037_jpg.rf.e01c6e859b22a47df967139ecbb8fdc6.jpg,frame_00037_jpg.rf.e01c6e859b22a47df967139ecbb8fdc6.jpg,0.9188547134399414
C:\Users\carmonta\Desktop\data-centric-cross-season-transfer\datasets\train_on_2025_all\images\frame_00038_jpg.rf.089b70690c918d4a8831c2f12dd1aec7.jpg,frame_00038_jpg.rf.089b70690c918d4a8831c2f12dd1aec7.jpg,0.7702169716358185
C:\Users\carmonta\Desktop\data-centric-cross-season-transfer\datasets\train_on_2025_all\images\frame_00038_jpg.rf.09e0fc9b0e058586b15e17d4705f32ae.jpg,frame_00038_jpg.rf.09e0fc9b0e058586b15e17d4705f32ae.jpg,0.7901681661605835
C:\Users\carmonta\Desktop\data-centric-cross-season-transfer\datasets\train_on_2025_all\images\frame_00038_jpg.rf.0b82237344ce889f7f96dd083076cb8a.jpg,frame_00038_jpg.rf.0b82237344ce889f7f96dd083076cb8a.jpg,0.7538603842258453
C:\Users\carmonta\Desktop\data-centric-cross-season-transfer\datasets\train_on_2025_all\images\frame_00038_jpg.rf.17949edba82e4343214f1f921b2e9dae.jpg,frame_00038_jpg.rf.17949edba82e4343214f1f921b2e9dae.jpg,0.5226036608219147
C:\Users\carmonta\Desktop\data-centric-cross-season-transfer\datasets\train_on_2025_all\images\frame_00038_jpg.rf.5784603d372037a791bb83ef3c728af0.jpg,frame_00038_jpg.rf.5784603d372037a791bb83ef3c728af0.jpg,0.7620902508497238
C:\Users\carmonta\Desktop\data-centric-cross-season-transfer\datasets\train_on_2025_all\images\frame_00038_jpg.rf.595e5d0f0f19eec1d6538f85aaefa906.jpg,frame_00038_jpg.rf.595e5d0f0f19eec1d6538f85aaefa906.jpg,0.7626107186079025
C:\Users\carmonta\Desktop\data-centric-cross-season-transfer\datasets\train_on_2025_all\images\frame_00038_jpg.rf.69cfe94254435220b432986ea4ab0173.jpg,frame_00038_jpg.rf.69cfe94254435220b432986ea4ab0173.jpg,0.7622623145580292
C:\Users\carmonta\Desktop\data-centric-cross-season-transfer\datasets\train_on_2025_all\images\frame_00038_jpg.rf.6c089c9875f22ccd6fd6c72ab7d479cc.jpg,frame_00038_jpg.rf.6c089c9875f22ccd6fd6c72ab7d479cc.jpg,0.7946396470069885
C:\Users\carmonta\Desktop\data-centric-cross-season-transfer\datasets\train_on_2025_all\images\frame_00038_jpg.rf.73580e750503aa83da8ce44fb05b4934.jpg,frame_00038_jpg.rf.73580e750503aa83da8ce44fb05b4934.jpg,0.7346428036689758
C:\Users\carmonta\Desktop\data-centric-cross-season-transfer\datasets\train_on_2025_all\images\frame_00038_jpg.rf.9b85f4e7fa2ffb3ae4ee0c83ccf10172.jpg,frame_00038_jpg.rf.9b85f4e7fa2ffb3ae4ee0c83ccf10172.jpg,0.8039674758911133
C:\Users\carmonta\Desktop\data-centric-cross-season-transfer\datasets\train_on_2025_all\images\frame_00038_jpg.rf.a54d3524008927ef5b10aff2f8142420.jpg,frame_00038_jpg.rf.a54d3524008927ef5b10aff2f8142420.jpg,0.7923742532730103
C:\Users\carmonta\Desktop\data-centric-cross-season-transfer\datasets\train_on_2025_all\images\frame_00038_jpg.rf.c0bdd34aae65acfc9031354491a21347.jpg,frame_00038_jpg.rf.c0bdd34aae65acfc9031354491a21347.jpg,0.6677685379981995
C:\Users\carmonta\Desktop\data-centric-cross-season-transfer\datasets\train_on_2025_all\images\frame_00038_jpg.rf.cd631779af27d05901ffa3119b5f71a2.jpg,frame_00038_jpg.rf.cd631779af27d05901ffa3119b5f71a2.jpg,0.8131038546562195
C:\Users\carmonta\Desktop\data-centric-cross-season-transfer\datasets\train_on_2025_all\images\frame_00039_jpg.rf.1c1783e6196710ccd061089079928dba.jpg,frame_00039_jpg.rf.1c1783e6196710ccd061089079928dba.jpg,0.8623935878276825
C:\Users\carmonta\Desktop\data-centric-cross-season-transfer\datasets\train_on_2025_all\images\frame_00039_jpg.rf.2afef1f1cb1580cc2e182a5eab297704.jpg,frame_00039_jpg.rf.2afef1f1cb1580cc2e182a5eab297704.jpg,0.8367342352867126
C:\Users\carmonta\Desktop\data-centric-cross-season-transfer\datasets\train_on_2025_all\images\frame_00039_jpg.rf.2cd947d5f76f8209b6f8eb0b7a22dca6.jpg,frame_00039_jpg.rf.2cd947d5f76f8209b6f8eb0b7a22dca6.jpg,0.7537981271743774
C:\Users\carmonta\Desktop\data-centric-cross-season-transfer\datasets\train_on_2025_all\images\frame_00039_jpg.rf.3a4a05d96e2ce5933d10e48c0d5821e5.jpg,frame_00039_jpg.rf.3a4a05d96e2ce5933d10e48c0d5821e5.jpg,0.4986917972564697
C:\Users\carmonta\Desktop\data-centric-cross-season-transfer\datasets\train_on_2025_all\images\frame_00039_jpg.rf.673c2933e14af182e9cfbf398a8082a8.jpg,frame_00039_jpg.rf.673c2933e14af182e9cfbf398a8082a8.jpg,0.43291229009628296
C:\Users\carmonta\Desktop\data-centric-cross-season-transfer\datasets\train_on_2025_all\images\frame_00039_jpg.rf.6e7757c56320c594c77f96616a249ff6.jpg,frame_00039_jpg.rf.6e7757c56320c594c77f96616a249ff6.jpg,0.8644439727067947
C:\Users\carmonta\Desktop\data-centric-cross-season-transfer\datasets\train_on_2025_all\images\frame_00039_jpg.rf.814c06a5232cbb484a604a4e90829bba.jpg,frame_00039_jpg.rf.814c06a5232cbb484a604a4e90829bba.jpg,0.8146258741617203
C:\Users\carmonta\Desktop\data-centric-cross-season-transfer\datasets\train_on_2025_all\images\frame_00039_jpg.rf.975912d8dc07d7bfcb296cbc2bc4ff78.jpg,frame_00039_jpg.rf.975912d8dc07d7bfcb296cbc2bc4ff78.jpg,0.8371908664703369
C:\Users\carmonta\Desktop\data-centric-cross-season-transfer\datasets\train_on_2025_all\images\frame_00039_jpg.rf.b136d98d2c8e6b2d8d7ee041817d3c5e.jpg,frame_00039_jpg.rf.b136d98d2c8e6b2d8d7ee041817d3c5e.jpg,0.8238741159439087
C:\Users\carmonta\Desktop\data-centric-cross-season-transfer\datasets\train_on_2025_all\images\frame_00039_jpg.rf.e0d8558e9129ede16ad89979cba1c607.jpg,frame_00039_jpg.rf.e0d8558e9129ede16ad89979cba1c607.jpg,0.7247154116630554
C:\Users\carmonta\Desktop\data-centric-cross-season-transfer\datasets\train_on_2025_all\images\frame_00039_jpg.rf.e70e516fe3e260e4f11ebfe2e7018104.jpg,frame_00039_jpg.rf.e70e516fe3e260e4f11ebfe2e7018104.jpg,0.574953556060791
C:\Users\carmonta\Desktop\data-centric-cross-season-transfer\datasets\train_on_2025_all\images\frame_00040_jpg.rf.165df834b029adaf38bdf1552cacb55f.jpg,frame_00040_jpg.rf.165df834b029adaf38bdf1552cacb55f.jpg,0.7708839029073715
C:\Users\carmonta\Desktop\data-centric-cross-season-transfer\datasets\train_on_2025_all\images\frame_00040_jpg.rf.723fdaa3a3450e86a919c442f001457f.jpg,frame_00040_jpg.rf.723fdaa3a3450e86a919c442f001457f.jpg,0.7466543614864349
C:\Users\carmonta\Desktop\data-centric-cross-season-transfer\datasets\train_on_2025_all\images\frame_00040_jpg.rf.7520b090479d71715181902c441ebbd1.jpg,frame_00040_jpg.rf.7520b090479d71715181902c441ebbd1.jpg,0.9513671845197678
C:\Users\carmonta\Desktop\data-centric-cross-season-transfer\datasets\train_on_2025_all\images\frame_00040_jpg.rf.8fed732a81bf55fec57cc275f7a63c00.jpg,frame_00040_jpg.rf.8fed732a81bf55fec57cc275f7a63c00.jpg,0.9498632997274399
C:\Users\carmonta\Desktop\data-centric-cross-season-transfer\datasets\train_on_2025_all\images\frame_00040_jpg.rf.a37c004c15968d3d24bc4a500655c57e.jpg,frame_00040_jpg.rf.a37c004c15968d3d24bc4a500655c57e.jpg,0.4515007734298706
C:\Users\carmonta\Desktop\data-centric-cross-season-transfer\datasets\train_on_2025_all\images\frame_00040_jpg.rf.b2b95b1f65a38a9ddd877368e4224e62.jpg,frame_00040_jpg.rf.b2b95b1f65a38a9ddd877368e4224e62.jpg,0.38177919387817383
C:\Users\carmonta\Desktop\data-centric-cross-season-transfer\datasets\train_on_2025_all\images\frame_00040_jpg.rf.ce51232b20d604e482566b88c86c522e.jpg,frame_00040_jpg.rf.ce51232b20d604e482566b88c86c522e.jpg,0.951651431620121
C:\Users\carmonta\Desktop\data-centric-cross-season-transfer\datasets\train_on_2025_all\images\frame_00040_jpg.rf.e9b84271c20d010c76138933f9f38a68.jpg,frame_00040_jpg.rf.e9b84271c20d010c76138933f9f38a68.jpg,0.7757631540298462
C:\Users\carmonta\Desktop\data-centric-cross-season-transfer\datasets\train_on_2025_all\images\frame_00041_jpg.rf.03397bec381eb72622e64ad6e96e8ab7.jpg,frame_00041_jpg.rf.03397bec381eb72622e64ad6e96e8ab7.jpg,0.584115743637085
C:\Users\carmonta\Desktop\data-centric-cross-season-transfer\datasets\train_on_2025_all\images\frame_00041_jpg.rf.27dc569e88ee2ce8e2022586161af039.jpg,frame_00041_jpg.rf.27dc569e88ee2ce8e2022586161af039.jpg,0.4183230996131897
C:\Users\carmonta\Desktop\data-centric-cross-season-transfer\datasets\train_on_2025_all\images\frame_00041_jpg.rf.34b9eff779b9cfca8fcde63b31e1c5d2.jpg,frame_00041_jpg.rf.34b9eff779b9cfca8fcde63b31e1c5d2.jpg,0.8471167385578156
C:\Users\carmonta\Desktop\data-centric-cross-season-transfer\datasets\train_on_2025_all\images\frame_00041_jpg.rf.431b566838b0e652eea2f841db657f0e.jpg,frame_00041_jpg.rf.431b566838b0e652eea2f841db657f0e.jpg,0.41831642389297485
C:\Users\carmonta\Desktop\data-centric-cross-season-transfer\datasets\train_on_2025_all\images\frame_00041_jpg.rf.45f384b360ae833ac9fd1de7899e2487.jpg,frame_00041_jpg.rf.45f384b360ae833ac9fd1de7899e2487.jpg,0.8108818978071213
C:\Users\carmonta\Desktop\data-centric-cross-season-transfer\datasets\train_on_2025_all\images\frame_00041_jpg.rf.48c59799adf4199e3cb95eea3a36efbe.jpg,frame_00041_jpg.rf.48c59799adf4199e3cb95eea3a36efbe.jpg,0.6037015318870544
C:\Users\carmonta\Desktop\data-centric-cross-season-transfer\datasets\train_on_2025_all\images\frame_00041_jpg.rf.51003b1a7595959902825c365d802fbc.jpg,frame_00041_jpg.rf.51003b1a7595959902825c365d802fbc.jpg,0.5618943870067596
C:\Users\carmonta\Desktop\data-centric-cross-season-transfer\datasets\train_on_2025_all\images\frame_00041_jpg.rf.89cf6e1ac6bc54a6babe63867975c81f.jpg,frame_00041_jpg.rf.89cf6e1ac6bc54a6babe63867975c81f.jpg,0.9960821745917201
C:\Users\carmonta\Desktop\data-centric-cross-season-transfer\datasets\train_on_2025_all\images\frame_00041_jpg.rf.9ddfe37c077c4f6573298f88553a6487.jpg,frame_00041_jpg.rf.9ddfe37c077c4f6573298f88553a6487.jpg,0.3248581290245056
C:\Users\carmonta\Desktop\data-centric-cross-season-transfer\datasets\train_on_2025_all\images\frame_00041_jpg.rf.bb3f64aa62fae9ab0a841e9f3421ca74.jpg,frame_00041_jpg.rf.bb3f64aa62fae9ab0a841e9f3421ca74.jpg,0.9961266887839884
C:\Users\carmonta\Desktop\data-centric-cross-season-transfer\datasets\train_on_2025_all\images\frame_00041_jpg.rf.c134c0c43ebec8a8346467c6541813c2.jpg,frame_00041_jpg.rf.c134c0c43ebec8a8346467c6541813c2.jpg,0.4192355275154114
C:\Users\carmonta\Desktop\data-centric-cross-season-transfer\datasets\train_on_2025_all\images\frame_00041_jpg.rf.defd29a8b879cdc86fbeeb703da3cae5.jpg,frame_00041_jpg.rf.defd29a8b879cdc86fbeeb703da3cae5.jpg,0.43042534589767456
C:\Users\carmonta\Desktop\data-centric-cross-season-transfer\datasets\train_on_2025_all\images\frame_00042_jpg.rf.03d32dfc6eef9e27a09ca6f16d221330.jpg,frame_00042_jpg.rf.03d32dfc6eef9e27a09ca6f16d221330.jpg,0.602488100528717
C:\Users\carmonta\Desktop\data-centric-cross-season-transfer\datasets\train_on_2025_all\images\frame_00042_jpg.rf.076c1b26ab9a16db3886f1fefc9a6921.jpg,frame_00042_jpg.rf.076c1b26ab9a16db3886f1fefc9a6921.jpg,0.6170251965522766
C:\Users\carmonta\Desktop\data-centric-cross-season-transfer\datasets\train_on_2025_all\images\frame_00042_jpg.rf.27fedaf370ec027f1c1a3c1d34e1abd8.jpg,frame_00042_jpg.rf.27fedaf370ec027f1c1a3c1d34e1abd8.jpg,0.6195057034492493
C:\Users\carmonta\Desktop\data-centric-cross-season-transfer\datasets\train_on_2025_all\images\frame_00042_jpg.rf.37d12f995a8d0511b9fa9506d959601d.jpg,frame_00042_jpg.rf.37d12f995a8d0511b9fa9506d959601d.jpg,0.1398351788520813
C:\Users\carmonta\Desktop\data-centric-cross-season-transfer\datasets\train_on_2025_all\images\frame_00042_jpg.rf.5b34fa0ad8b51849954f4e4951b243c8.jpg,frame_00042_jpg.rf.5b34fa0ad8b51849954f4e4951b243c8.jpg,0.14013147354125977
C:\Users\carmonta\Desktop\data-centric-cross-season-transfer\datasets\train_on_2025_all\images\frame_00042_jpg.rf.5e774e171270363775edce465c0d0178.jpg,frame_00042_jpg.rf.5e774e171270363775edce465c0d0178.jpg,0.8819394484162331
C:\Users\carmonta\Desktop\data-centric-cross-season-transfer\datasets\train_on_2025_all\images\frame_00042_jpg.rf.733bcfb8fc942ace3bfab5a047d3cd76.jpg,frame_00042_jpg.rf.733bcfb8fc942ace3bfab5a047d3cd76.jpg,0.7308194041252136
C:\Users\carmonta\Desktop\data-centric-cross-season-transfer\datasets\train_on_2025_all\images\frame_00042_jpg.rf.753ae542b943c4548cfa1c1946e44bab.jpg,frame_00042_jpg.rf.753ae542b943c4548cfa1c1946e44bab.jpg,0.8790631219744682
C:\Users\carmonta\Desktop\data-centric-cross-season-transfer\datasets\train_on_2025_all\images\frame_00042_jpg.rf.a4db0f37fd3d905f7d957779ad021e10.jpg,frame_00042_jpg.rf.a4db0f37fd3d905f7d957779ad021e10.jpg,0.8790631219744682
C:\Users\carmonta\Desktop\data-centric-cross-season-transfer\datasets\train_on_2025_all\images\frame_00042_jpg.rf.a8e678deadbad63780ce9f60d24e31b1.jpg,frame_00042_jpg.rf.a8e678deadbad63780ce9f60d24e31b1.jpg,0.37729912996292114
C:\Users\carmonta\Desktop\data-centric-cross-season-transfer\datasets\train_on_2025_all\images\frame_00042_jpg.rf.a9b6dd7b673d1f41aa006e2ce6f0ecbe.jpg,frame_00042_jpg.rf.a9b6dd7b673d1f41aa006e2ce6f0ecbe.jpg,0.13990849256515503
C:\Users\carmonta\Desktop\data-centric-cross-season-transfer\datasets\train_on_2025_all\images\frame_00042_jpg.rf.fa6dec6aba0969bd2519b2555be0f8e5.jpg,frame_00042_jpg.rf.fa6dec6aba0969bd2519b2555be0f8e5.jpg,0.5978075861930847
C:\Users\carmonta\Desktop\data-centric-cross-season-transfer\datasets\train_on_2025_all\images\frame_00043_jpg.rf.1972c1decf475bae612adacc6c59ef00.jpg,frame_00043_jpg.rf.1972c1decf475bae612adacc6c59ef00.jpg,0.9154676347970963
C:\Users\carmonta\Desktop\data-centric-cross-season-transfer\datasets\train_on_2025_all\images\frame_00043_jpg.rf.1f6c942349c784902360fc306d3fd0c2.jpg,frame_00043_jpg.rf.1f6c942349c784902360fc306d3fd0c2.jpg,0.6637980937957764
C:\Users\carmonta\Desktop\data-centric-cross-season-transfer\datasets\train_on_2025_all\images\frame_00043_jpg.rf.3282d82e2870ff1002bc154f317b7c04.jpg,frame_00043_jpg.rf.3282d82e2870ff1002bc154f317b7c04.jpg,0.6645050644874573
C:\Users\carmonta\Desktop\data-centric-cross-season-transfer\datasets\train_on_2025_all\images\frame_00043_jpg.rf.6f79656ec36a58aecb68e77169699777.jpg,frame_00043_jpg.rf.6f79656ec36a58aecb68e77169699777.jpg,0.5565466284751892
C:\Users\carmonta\Desktop\data-centric-cross-season-transfer\datasets\train_on_2025_all\images\frame_00043_jpg.rf.a320089a12e703a7c02363e1ef15446f.jpg,frame_00043_jpg.rf.a320089a12e703a7c02363e1ef15446f.jpg,0.9069583863019943
C:\Users\carmonta\Desktop\data-centric-cross-season-transfer\datasets\train_on_2025_all\images\frame_00043_jpg.rf.a9851d16b1edbfe41a38f0af00cc5e13.jpg,frame_00043_jpg.rf.a9851d16b1edbfe41a38f0af00cc5e13.jpg,0.9154676347970963
C:\Users\carmonta\Desktop\data-centric-cross-season-transfer\datasets\train_on_2025_all\images\frame_00043_jpg.rf.ab79ff923ef5f37b290c89692d30e438.jpg,frame_00043_jpg.rf.ab79ff923ef5f37b290c89692d30e438.jpg,0.8414109349250793
C:\Users\carmonta\Desktop\data-centric-cross-season-transfer\datasets\train_on_2025_all\images\frame_00043_jpg.rf.bfcef015bff0a73ab5c80ef3b9df823f.jpg,frame_00043_jpg.rf.bfcef015bff0a73ab5c80ef3b9df823f.jpg,0.703944593667984
C:\Users\carmonta\Desktop\data-centric-cross-season-transfer\datasets\train_on_2025_all\images\frame_00043_jpg.rf.d2638a05fc8d526c556ceaaf25162937.jpg,frame_00043_jpg.rf.d2638a05fc8d526c556ceaaf25162937.jpg,0.6637980937957764
C:\Users\carmonta\Desktop\data-centric-cross-season-transfer\datasets\train_on_2025_all\images\frame_00043_jpg.rf.e89ad5f40376d8a2ae5476c5425759b7.jpg,frame_00043_jpg.rf.e89ad5f40376d8a2ae5476c5425759b7.jpg,0.5471139550209045
C:\Users\carmonta\Desktop\data-centric-cross-season-transfer\datasets\train_on_2025_all\images\frame_00043_jpg.rf.efeb38b86d227e6ec8910e8272c141fc.jpg,frame_00043_jpg.rf.efeb38b86d227e6ec8910e8272c141fc.jpg,0.703944593667984
C:\Users\carmonta\Desktop\data-centric-cross-season-transfer\datasets\train_on_2025_all\images\frame_00044_jpg.rf.0806309ec042a542cf5927b5b894781d.jpg,frame_00044_jpg.rf.0806309ec042a542cf5927b5b894781d.jpg,0.8975512161850929
C:\Users\carmonta\Desktop\data-centric-cross-season-transfer\datasets\train_on_2025_all\images\frame_00044_jpg.rf.3e6ae63eeb1516ddb79b84224e970476.jpg,frame_00044_jpg.rf.3e6ae63eeb1516ddb79b84224e970476.jpg,0.3128170967102051
C:\Users\carmonta\Desktop\data-centric-cross-season-transfer\datasets\train_on_2025_all\images\frame_00044_jpg.rf.5dba34eb445243e0044716f094c15087.jpg,frame_00044_jpg.rf.5dba34eb445243e0044716f094c15087.jpg,0.6546454131603241
C:\Users\carmonta\Desktop\data-centric-cross-season-transfer\datasets\train_on_2025_all\images\frame_00044_jpg.rf.723839087e3c0575ce7f60ad95989a29.jpg,frame_00044_jpg.rf.723839087e3c0575ce7f60ad95989a29.jpg,0.32971882820129395
C:\Users\carmonta\Desktop\data-centric-cross-season-transfer\datasets\train_on_2025_all\images\frame_00044_jpg.rf.b1c6166ae3c5d4752a392e9c02366f25.jpg,frame_00044_jpg.rf.b1c6166ae3c5d4752a392e9c02366f25.jpg,0.652805507183075
C:\Users\carmonta\Desktop\data-centric-cross-season-transfer\datasets\train_on_2025_all\images\frame_00044_jpg.rf.bbea3e064d3bdf147c1ce2477b8a057f.jpg,frame_00044_jpg.rf.bbea3e064d3bdf147c1ce2477b8a057f.jpg,0.5372602343559265
C:\Users\carmonta\Desktop\data-centric-cross-season-transfer\datasets\train_on_2025_all\images\frame_00044_jpg.rf.c788ac9808c921921381e46c94680815.jpg,frame_00044_jpg.rf.c788ac9808c921921381e46c94680815.jpg,0.8710451573133469
C:\Users\carmonta\Desktop\data-centric-cross-season-transfer\datasets\train_on_2025_all\images\frame_00044_jpg.rf.ed3bb0e3a29d172e9979eafbd3cf7e2c.jpg,frame_00044_jpg.rf.ed3bb0e3a29d172e9979eafbd3cf7e2c.jpg,0.5341430008411407
C:\Users\carmonta\Desktop\data-centric-cross-season-transfer\datasets\train_on_2025_all\images\frame_00044_jpg.rf.f345433c8768d5d3fb45c128eddb5cdf.jpg,frame_00044_jpg.rf.f345433c8768d5d3fb45c128eddb5cdf.jpg,0.17387622594833374
C:\Users\carmonta\Desktop\data-centric-cross-season-transfer\datasets\train_on_2025_all\images\frame_00044_jpg.rf.f5c35a6409d76d1add99674643426eff.jpg,frame_00044_jpg.rf.f5c35a6409d76d1add99674643426eff.jpg,0.5398876070976257
C:\Users\carmonta\Desktop\data-centric-cross-season-transfer\datasets\train_on_2025_all\images\frame_00044_jpg.rf.fc9f4b6ba79675ee1cbf7fffeb357f9f.jpg,frame_00044_jpg.rf.fc9f4b6ba79675ee1cbf7fffeb357f9f.jpg,0.16733074188232422
C:\Users\carmonta\Desktop\data-centric-cross-season-transfer\datasets\train_on_2025_all\images\frame_00045_jpg.rf.0b2ed76f2bb110714d0b57d70ff83131.jpg,frame_00045_jpg.rf.0b2ed76f2bb110714d0b57d70ff83131.jpg,0.6548739373683929
C:\Users\carmonta\Desktop\data-centric-cross-season-transfer\datasets\train_on_2025_all\images\frame_00045_jpg.rf.2424dca728adfb3a0d98193540045b37.jpg,frame_00045_jpg.rf.2424dca728adfb3a0d98193540045b37.jpg,0.9165183678269386
C:\Users\carmonta\Desktop\data-centric-cross-season-transfer\datasets\train_on_2025_all\images\frame_00045_jpg.rf.2c97d7b3dc9632a32a0785509e00d7e3.jpg,frame_00045_jpg.rf.2c97d7b3dc9632a32a0785509e00d7e3.jpg,0.7128009498119354
C:\Users\carmonta\Desktop\data-centric-cross-season-transfer\datasets\train_on_2025_all\images\frame_00045_jpg.rf.c51b4ce2867f48183e5924c570a91d4b.jpg,frame_00045_jpg.rf.c51b4ce2867f48183e5924c570a91d4b.jpg,1.0
C:\Users\carmonta\Desktop\data-centric-cross-season-transfer\datasets\train_on_2025_all\images\frame_00045_jpg.rf.d5faf2ca98416f53cefae83c358e96b9.jpg,frame_00045_jpg.rf.d5faf2ca98416f53cefae83c358e96b9.jpg,0.9008060768246651
C:\Users\carmonta\Desktop\data-centric-cross-season-transfer\datasets\train_on_2025_all\images\frame_00045_jpg.rf.f7b1e33f257914ed99c9ae0d815ba270.jpg,frame_00045_jpg.rf.f7b1e33f257914ed99c9ae0d815ba270.jpg,0.6546128392219543
C:\Users\carmonta\Desktop\data-centric-cross-season-transfer\datasets\train_on_2025_all\images\frame_00045_jpg.rf.f81ca390a78e9ffb34c835c77e06ee7d.jpg,frame_00045_jpg.rf.f81ca390a78e9ffb34c835c77e06ee7d.jpg,1.0
C:\Users\carmonta\Desktop\data-centric-cross-season-transfer\datasets\train_on_2025_all\images\frame_00046_jpg.rf.3467d840d9765872e992eb099475a871.jpg,frame_00046_jpg.rf.3467d840d9765872e992eb099475a871.jpg,0.20844435691833496
C:\Users\carmonta\Desktop\data-centric-cross-season-transfer\datasets\train_on_2025_all\images\frame_00046_jpg.rf.5f2867d3c24090d43e9ab566e98ba40d.jpg,frame_00046_jpg.rf.5f2867d3c24090d43e9ab566e98ba40d.jpg,0.8143695741891861
C:\Users\carmonta\Desktop\data-centric-cross-season-transfer\datasets\train_on_2025_all\images\frame_00046_jpg.rf.662f4df52081221d0bffe610ba874102.jpg,frame_00046_jpg.rf.662f4df52081221d0bffe610ba874102.jpg,0.20954644680023193
C:\Users\carmonta\Desktop\data-centric-cross-season-transfer\datasets\train_on_2025_all\images\frame_00046_jpg.rf.8c48d16a50420f9c686fe49bbfb48d75.jpg,frame_00046_jpg.rf.8c48d16a50420f9c686fe49bbfb48d75.jpg,0.5344216525554657
C:\Users\carmonta\Desktop\data-centric-cross-season-transfer\datasets\train_on_2025_all\images\frame_00046_jpg.rf.8e97cf14197d246f726eac05bf1b8591.jpg,frame_00046_jpg.rf.8e97cf14197d246f726eac05bf1b8591.jpg,0.946934312582016
C:\Users\carmonta\Desktop\data-centric-cross-season-transfer\datasets\train_on_2025_all\images\frame_00046_jpg.rf.9e935bd164160566f44b921e0d0f7c45.jpg,frame_00046_jpg.rf.9e935bd164160566f44b921e0d0f7c45.jpg,0.8321835547685623
C:\Users\carmonta\Desktop\data-centric-cross-season-transfer\datasets\train_on_2025_all\images\frame_00046_jpg.rf.b74205aa7ed0ea0343e908912abbc439.jpg,frame_00046_jpg.rf.b74205aa7ed0ea0343e908912abbc439.jpg,0.9482627101242542
C:\Users\carmonta\Desktop\data-centric-cross-season-transfer\datasets\train_on_2025_all\images\frame_00046_jpg.rf.e2b5bb16a90544985bc3ae023f0c4fbb.jpg,frame_00046_jpg.rf.e2b5bb16a90544985bc3ae023f0c4fbb.jpg,0.8329567015171051
C:\Users\carmonta\Desktop\data-centric-cross-season-transfer\datasets\train_on_2025_all\images\frame_00046_jpg.rf.f970c8abd9ab5d5ce4fc2f4763c61ab1.jpg,frame_00046_jpg.rf.f970c8abd9ab5d5ce4fc2f4763c61ab1.jpg,0.5819569528102875
C:\Users\carmonta\Desktop\data-centric-cross-season-transfer\datasets\train_on_2025_all\images\frame_00047_jpg.rf.19beaf312e62be29bf7d4c3cd171c961.jpg,frame_00047_jpg.rf.19beaf312e62be29bf7d4c3cd171c961.jpg,0.7111038863658905
C:\Users\carmonta\Desktop\data-centric-cross-season-transfer\datasets\train_on_2025_all\images\frame_00047_jpg.rf.48e518377bd2c2ea5b3906a8076e9e4d.jpg,frame_00047_jpg.rf.48e518377bd2c2ea5b3906a8076e9e4d.jpg,0.9701810777187347
C:\Users\carmonta\Desktop\data-centric-cross-season-transfer\datasets\train_on_2025_all\images\frame_00047_jpg.rf.51bd6fcfac209707abb864dfa1e1c203.jpg,frame_00047_jpg.rf.51bd6fcfac209707abb864dfa1e1c203.jpg,0.7386533915996552
C:\Users\carmonta\Desktop\data-centric-cross-season-transfer\datasets\train_on_2025_all\images\frame_00047_jpg.rf.687c390ab727139358008bd79f61e44f.jpg,frame_00047_jpg.rf.687c390ab727139358008bd79f61e44f.jpg,0.9700932707637548
C:\Users\carmonta\Desktop\data-centric-cross-season-transfer\datasets\train_on_2025_all\images\frame_00047_jpg.rf.b50ea3b014d57ac720c0562a2efe6140.jpg,frame_00047_jpg.rf.b50ea3b014d57ac720c0562a2efe6140.jpg,0.8146933317184448
C:\Users\carmonta\Desktop\data-centric-cross-season-transfer\datasets\train_on_2025_all\images\frame_00047_jpg.rf.cee1cf839abe08798db062184aa67055.jpg,frame_00047_jpg.rf.cee1cf839abe08798db062184aa67055.jpg,0.8021862953901291
C:\Users\carmonta\Desktop\data-centric-cross-season-transfer\datasets\train_on_2025_all\images\frame_00047_jpg.rf.e162bc8fbc7dd03837be97d84b105b5a.jpg,frame_00047_jpg.rf.e162bc8fbc7dd03837be97d84b105b5a.jpg,0.786110058426857
C:\Users\carmonta\Desktop\data-centric-cross-season-transfer\datasets\train_on_2025_all\images\frame_00047_jpg.rf.e27bc1de60d0d7aec4b21a64443bef93.jpg,frame_00047_jpg.rf.e27bc1de60d0d7aec4b21a64443bef93.jpg,0.943625196814537
C:\Users\carmonta\Desktop\data-centric-cross-season-transfer\datasets\train_on_2025_all\images\frame_00047_jpg.rf.ed5c35ad4b0d1ec610b0ec9b3884da00.jpg,frame_00047_jpg.rf.ed5c35ad4b0d1ec610b0ec9b3884da00.jpg,0.7799009680747986
C:\Users\carmonta\Desktop\data-centric-cross-season-transfer\datasets\train_on_2025_all\images\frame_00047_jpg.rf.f18e11d2748819130279015b9f55d49f.jpg,frame_00047_jpg.rf.f18e11d2748819130279015b9f55d49f.jpg,0.975816709920764
C:\Users\carmonta\Desktop\data-centric-cross-season-transfer\datasets\train_on_2025_all\images\frame_00048_jpg.rf.238ba7b5a529437f7e908bdd1d99166f.jpg,frame_00048_jpg.rf.238ba7b5a529437f7e908bdd1d99166f.jpg,0.8084083795547485
C:\Users\carmonta\Desktop\data-centric-cross-season-transfer\datasets\train_on_2025_all\images\frame_00048_jpg.rf.4af94e2b59a0489bad1d80552508a8b2.jpg,frame_00048_jpg.rf.4af94e2b59a0489bad1d80552508a8b2.jpg,0.7306880950927734
C:\Users\carmonta\Desktop\data-centric-cross-season-transfer\datasets\train_on_2025_all\images\frame_00048_jpg.rf.4bb8b1c5455b4fa56f03333ebe65bc54.jpg,frame_00048_jpg.rf.4bb8b1c5455b4fa56f03333ebe65bc54.jpg,0.7301005423069
C:\Users\carmonta\Desktop\data-centric-cross-season-transfer\datasets\train_on_2025_all\images\frame_00048_jpg.rf.ab8cb99c7b0a7945bf1cc97a473dc9b1.jpg,frame_00048_jpg.rf.ab8cb99c7b0a7945bf1cc97a473dc9b1.jpg,0.7922420352697372
C:\Users\carmonta\Desktop\data-centric-cross-season-transfer\datasets\train_on_2025_all\images\frame_00048_jpg.rf.bf4fd20ab62adc210fc7ac2ce0918b9c.jpg,frame_00048_jpg.rf.bf4fd20ab62adc210fc7ac2ce0918b9c.jpg,0.7301041781902313
C:\Users\carmonta\Desktop\data-centric-cross-season-transfer\datasets\train_on_2025_all\images\frame_00049_jpg.rf.391b76ea640d7c9279a4a65ee41952c8.jpg,frame_00049_jpg.rf.391b76ea640d7c9279a4a65ee41952c8.jpg,0.8863661140203476
C:\Users\carmonta\Desktop\data-centric-cross-season-transfer\datasets\train_on_2025_all\images\frame_00049_jpg.rf.3dc70d4e7a0a10e67f193b78c0f2f27f.jpg,frame_00049_jpg.rf.3dc70d4e7a0a10e67f193b78c0f2f27f.jpg,0.6248180568218231
C:\Users\carmonta\Desktop\data-centric-cross-season-transfer\datasets\train_on_2025_all\images\frame_00049_jpg.rf.40c1dd21fd459e90c087e57ac4135bfc.jpg,frame_00049_jpg.rf.40c1dd21fd459e90c087e57ac4135bfc.jpg,0.9979302778374404
C:\Users\carmonta\Desktop\data-centric-cross-season-transfer\datasets\train_on_2025_all\images\frame_00049_jpg.rf.89cabdf8fc67da0e0dbbb5d46740f6d9.jpg,frame_00049_jpg.rf.89cabdf8fc67da0e0dbbb5d46740f6d9.jpg,0.9090490639209747
C:\Users\carmonta\Desktop\data-centric-cross-season-transfer\datasets\train_on_2025_all\images\frame_00049_jpg.rf.9999d6782fc24d06814790c744f353f6.jpg,frame_00049_jpg.rf.9999d6782fc24d06814790c744f353f6.jpg,0.627082109451294
C:\Users\carmonta\Desktop\data-centric-cross-season-transfer\datasets\train_on_2025_all\images\frame_00049_jpg.rf.ad18001821ec4e30a1bbf7bcdbbbf08c.jpg,frame_00049_jpg.rf.ad18001821ec4e30a1bbf7bcdbbbf08c.jpg,0.6247085332870483
C:\Users\carmonta\Desktop\data-centric-cross-season-transfer\datasets\train_on_2025_all\images\frame_00049_jpg.rf.bd1ac7477176faccd8a0bfc7492e598c.jpg,frame_00049_jpg.rf.bd1ac7477176faccd8a0bfc7492e598c.jpg,0.8863661140203476
C:\Users\carmonta\Desktop\data-centric-cross-season-transfer\datasets\train_on_2025_all\images\frame_00050_jpg.rf.cbc92bf1de173e108ac90b4551c588a6.jpg,frame_00050_jpg.rf.cbc92bf1de173e108ac90b4551c588a6.jpg,0.7692668735980988
C:\Users\carmonta\Desktop\data-centric-cross-season-transfer\datasets\train_on_2025_all\images\frame_00050_jpg.rf.f1dfb36a78749a285bbe57f351cfa785.jpg,frame_00050_jpg.rf.f1dfb36a78749a285bbe57f351cfa785.jpg,0.7546472996473312
C:\Users\carmonta\Desktop\data-centric-cross-season-transfer\datasets\train_on_2025_all\images\frame_00051_jpg.rf.0547a45e5ccd2b55e42429352271e1a0.jpg,frame_00051_jpg.rf.0547a45e5ccd2b55e42429352271e1a0.jpg,0.43862807750701904
C:\Users\carmonta\Desktop\data-centric-cross-season-transfer\datasets\train_on_2025_all\images\frame_00051_jpg.rf.0d63d86bb60b3beb0783f3cba106eb07.jpg,frame_00051_jpg.rf.0d63d86bb60b3beb0783f3cba106eb07.jpg,0.4395074248313904
C:\Users\carmonta\Desktop\data-centric-cross-season-transfer\datasets\train_on_2025_all\images\frame_00051_jpg.rf.19bea96ec9f9b6316709704444db0f0f.jpg,frame_00051_jpg.rf.19bea96ec9f9b6316709704444db0f0f.jpg,0.9337481260299683
C:\Users\carmonta\Desktop\data-centric-cross-season-transfer\datasets\train_on_2025_all\images\frame_00051_jpg.rf.59d65e664e5d9a5850e46f7f264297a2.jpg,frame_00051_jpg.rf.59d65e664e5d9a5850e46f7f264297a2.jpg,0.5785582959651947
C:\Users\carmonta\Desktop\data-centric-cross-season-transfer\datasets\train_on_2025_all\images\frame_00051_jpg.rf.a10489b27b1a53de5e71f02e6a71d953.jpg,frame_00051_jpg.rf.a10489b27b1a53de5e71f02e6a71d953.jpg,0.9403246603906155
C:\Users\carmonta\Desktop\data-centric-cross-season-transfer\datasets\train_on_2025_all\images\frame_00051_jpg.rf.a8336cac8ad91f0367810ad238303946.jpg,frame_00051_jpg.rf.a8336cac8ad91f0367810ad238303946.jpg,0.9203681200742722
C:\Users\carmonta\Desktop\data-centric-cross-season-transfer\datasets\train_on_2025_all\images\frame_00051_jpg.rf.ceb5d691ac6b559a8efe105a5a8d09ea.jpg,frame_00051_jpg.rf.ceb5d691ac6b559a8efe105a5a8d09ea.jpg,0.9376363977789879
C:\Users\carmonta\Desktop\data-centric-cross-season-transfer\datasets\train_on_2025_all\images\frame_00052_jpg.rf.087ee9b7582b73096e14410352fa5e45.jpg,frame_00052_jpg.rf.087ee9b7582b73096e14410352fa5e45.jpg,0.8287535011768341
C:\Users\carmonta\Desktop\data-centric-cross-season-transfer\datasets\train_on_2025_all\images\frame_00052_jpg.rf.51220c9dc71a15d0704d5413b5bd63a8.jpg,frame_00052_jpg.rf.51220c9dc71a15d0704d5413b5bd63a8.jpg,0.8286412507295609
C:\Users\carmonta\Desktop\data-centric-cross-season-transfer\datasets\train_on_2025_all\images\frame_00052_jpg.rf.6dc6a580e1e89a24503f545f68e2e1e3.jpg,frame_00052_jpg.rf.6dc6a580e1e89a24503f545f68e2e1e3.jpg,0.8287300765514374
C:\Users\carmonta\Desktop\data-centric-cross-season-transfer\datasets\train_on_2025_all\images\frame_00052_jpg.rf.7b61ff45edfd1dbec73961e6f1487d5c.jpg,frame_00052_jpg.rf.7b61ff45edfd1dbec73961e6f1487d5c.jpg,0.7257079780101776
C:\Users\carmonta\Desktop\data-centric-cross-season-transfer\datasets\train_on_2025_all\images\frame_00052_jpg.rf.aa0266d30801faa2f6495168d599a15c.jpg,frame_00052_jpg.rf.aa0266d30801faa2f6495168d599a15c.jpg,0.19470328092575073
C:\Users\carmonta\Desktop\data-centric-cross-season-transfer\datasets\train_on_2025_all\images\frame_00052_jpg.rf.ca9a3a9b5cb5966fb162a28b97015f62.jpg,frame_00052_jpg.rf.ca9a3a9b5cb5966fb162a28b97015f62.jpg,0.2084391713142395
C:\Users\carmonta\Desktop\data-centric-cross-season-transfer\datasets\train_on_2025_all\images\frame_00052_jpg.rf.d6aff11d03cac34caa3d17ae7f0b8593.jpg,frame_00052_jpg.rf.d6aff11d03cac34caa3d17ae7f0b8593.jpg,0.7412667572498322
C:\Users\carmonta\Desktop\data-centric-cross-season-transfer\datasets\train_on_2025_all\images\frame_00052_jpg.rf.de6d9bc3a82476c22bbce64a3930a770.jpg,frame_00052_jpg.rf.de6d9bc3a82476c22bbce64a3930a770.jpg,0.7305286824703217
C:\Users\carmonta\Desktop\data-centric-cross-season-transfer\datasets\train_on_2025_all\images\frame_00053_jpg.rf.03de9cc4a9096cfbc225f32dc1180789.jpg,frame_00053_jpg.rf.03de9cc4a9096cfbc225f32dc1180789.jpg,0.6991959810256958
C:\Users\carmonta\Desktop\data-centric-cross-season-transfer\datasets\train_on_2025_all\images\frame_00053_jpg.rf.10c22aecff77ca6db0694a12f0ed51a8.jpg,frame_00053_jpg.rf.10c22aecff77ca6db0694a12f0ed51a8.jpg,0.6970862448215485
C:\Users\carmonta\Desktop\data-centric-cross-season-transfer\datasets\train_on_2025_all\images\frame_00053_jpg.rf.1ebf30dc2a250b10014e4eee8e2a45f1.jpg,frame_00053_jpg.rf.1ebf30dc2a250b10014e4eee8e2a45f1.jpg,0.5767371356487274
C:\Users\carmonta\Desktop\data-centric-cross-season-transfer\datasets\train_on_2025_all\images\frame_00053_jpg.rf.2d32fb5c9ff4534d8e2631efd8354b7f.jpg,frame_00053_jpg.rf.2d32fb5c9ff4534d8e2631efd8354b7f.jpg,0.8245245516300201
C:\Users\carmonta\Desktop\data-centric-cross-season-transfer\datasets\train_on_2025_all\images\frame_00053_jpg.rf.47f2412df957ac939d22ab7bb2de536e.jpg,frame_00053_jpg.rf.47f2412df957ac939d22ab7bb2de536e.jpg,0.6859760582447052
C:\Users\carmonta\Desktop\data-centric-cross-season-transfer\datasets\train_on_2025_all\images\frame_00053_jpg.rf.5e7790c3dea7232c605d8c297aa0f221.jpg,frame_00053_jpg.rf.5e7790c3dea7232c605d8c297aa0f221.jpg,0.6392564475536346
C:\Users\carmonta\Desktop\data-centric-cross-season-transfer\datasets\train_on_2025_all\images\frame_00053_jpg.rf.74a267d6a75dca3f9deb343203a0d163.jpg,frame_00053_jpg.rf.74a267d6a75dca3f9deb343203a0d163.jpg,0.19106227159500122
C:\Users\carmonta\Desktop\data-centric-cross-season-transfer\datasets\train_on_2025_all\images\frame_00053_jpg.rf.82a3aa316e039ba77d06053bb8c969d3.jpg,frame_00053_jpg.rf.82a3aa316e039ba77d06053bb8c969d3.jpg,0.1922135353088379
C:\Users\carmonta\Desktop\data-centric-cross-season-transfer\datasets\train_on_2025_all\images\frame_00053_jpg.rf.a9b14b05fb884321e1d19acb611ee9be.jpg,frame_00053_jpg.rf.a9b14b05fb884321e1d19acb611ee9be.jpg,0.5762124359607697
C:\Users\carmonta\Desktop\data-centric-cross-season-transfer\datasets\train_on_2025_all\images\frame_00053_jpg.rf.ccd36e00f1cfa8a0c8cab82f896ccb62.jpg,frame_00053_jpg.rf.ccd36e00f1cfa8a0c8cab82f896ccb62.jpg,0.18968677520751953
C:\Users\carmonta\Desktop\data-centric-cross-season-transfer\datasets\train_on_2025_all\images\frame_00053_jpg.rf.d7874e257fcdec1dfe6e28a7cc479e65.jpg,frame_00053_jpg.rf.d7874e257fcdec1dfe6e28a7cc479e65.jpg,0.8245309591293335
C:\Users\carmonta\Desktop\data-centric-cross-season-transfer\datasets\train_on_2025_all\images\frame_00053_jpg.rf.f74e59f4fb178e8c088ff2a667adf86a.jpg,frame_00053_jpg.rf.f74e59f4fb178e8c088ff2a667adf86a.jpg,0.8243954628705978
C:\Users\carmonta\Desktop\data-centric-cross-season-transfer\datasets\train_on_2025_all\images\frame_00054_jpg.rf.48411bfcf22e8d65a85eebd853b6433a.jpg,frame_00054_jpg.rf.48411bfcf22e8d65a85eebd853b6433a.jpg,0.7263229787349701
C:\Users\carmonta\Desktop\data-centric-cross-season-transfer\datasets\train_on_2025_all\images\frame_00054_jpg.rf.729a3e50498f0f8d42dad3d3aa179dbb.jpg,frame_00054_jpg.rf.729a3e50498f0f8d42dad3d3aa179dbb.jpg,0.15410006046295166
C:\Users\carmonta\Desktop\data-centric-cross-season-transfer\datasets\train_on_2025_all\images\frame_00054_jpg.rf.969ed8beeffecebcd3b09f82f281cd68.jpg,frame_00054_jpg.rf.969ed8beeffecebcd3b09f82f281cd68.jpg,0.6599029898643494
C:\Users\carmonta\Desktop\data-centric-cross-season-transfer\datasets\train_on_2025_all\images\frame_00054_jpg.rf.9db3c1d64293a2cf858aa5cb04880e00.jpg,frame_00054_jpg.rf.9db3c1d64293a2cf858aa5cb04880e00.jpg,0.7158729135990143
C:\Users\carmonta\Desktop\data-centric-cross-season-transfer\datasets\train_on_2025_all\images\frame_00054_jpg.rf.bf9b4cd1fe322cb102f23eb9a665b97b.jpg,frame_00054_jpg.rf.bf9b4cd1fe322cb102f23eb9a665b97b.jpg,0.1534697413444519
C:\Users\carmonta\Desktop\data-centric-cross-season-transfer\datasets\train_on_2025_all\images\frame_00054_jpg.rf.c2e177a6ff973395bcd1372b8fdb579c.jpg,frame_00054_jpg.rf.c2e177a6ff973395bcd1372b8fdb579c.jpg,0.7568272203207016
C:\Users\carmonta\Desktop\data-centric-cross-season-transfer\datasets\train_on_2025_all\images\frame_00054_jpg.rf.cf36a5f53c7ad15b7d097f880e047b08.jpg,frame_00054_jpg.rf.cf36a5f53c7ad15b7d097f880e047b08.jpg,0.6280173063278198
C:\Users\carmonta\Desktop\data-centric-cross-season-transfer\datasets\train_on_2025_all\images\frame_00054_jpg.rf.deea6340e5df05cab442acbf6f170bb4.jpg,frame_00054_jpg.rf.deea6340e5df05cab442acbf6f170bb4.jpg,0.31732022762298584
C:\Users\carmonta\Desktop\data-centric-cross-season-transfer\datasets\train_on_2025_all\images\frame_00054_jpg.rf.f15593d2495c4a93c8204fd60e80a051.jpg,frame_00054_jpg.rf.f15593d2495c4a93c8204fd60e80a051.jpg,0.31732022762298584
C:\Users\carmonta\Desktop\data-centric-cross-season-transfer\datasets\train_on_2025_all\images\frame_00054_jpg.rf.f42679ee50b530d37c29aea222eb2f17.jpg,frame_00054_jpg.rf.f42679ee50b530d37c29aea222eb2f17.jpg,0.7071623206138611
C:\Users\carmonta\Desktop\data-centric-cross-season-transfer\datasets\train_on_2025_all\images\frame_00054_jpg.rf.fb1001c54ecce03c91bffd8cca4417d3.jpg,frame_00054_jpg.rf.fb1001c54ecce03c91bffd8cca4417d3.jpg,0.3179645538330078
C:\Users\carmonta\Desktop\data-centric-cross-season-transfer\datasets\train_on_2025_all\images\frame_00055_jpg.rf.0aaa7c260073f3d725faa988f2316d1c.jpg,frame_00055_jpg.rf.0aaa7c260073f3d725faa988f2316d1c.jpg,0.8273915499448776
C:\Users\carmonta\Desktop\data-centric-cross-season-transfer\datasets\train_on_2025_all\images\frame_00055_jpg.rf.224790855ca0e94d42245bad0444e0a1.jpg,frame_00055_jpg.rf.224790855ca0e94d42245bad0444e0a1.jpg,0.6261237263679504
C:\Users\carmonta\Desktop\data-centric-cross-season-transfer\datasets\train_on_2025_all\images\frame_00055_jpg.rf.38ad522e612a549eee92f556e6fc11a2.jpg,frame_00055_jpg.rf.38ad522e612a549eee92f556e6fc11a2.jpg,0.8270803242921829
C:\Users\carmonta\Desktop\data-centric-cross-season-transfer\datasets\train_on_2025_all\images\frame_00055_jpg.rf.6044d206d082be83084fd8aa05898326.jpg,frame_00055_jpg.rf.6044d206d082be83084fd8aa05898326.jpg,0.6281465888023376
C:\Users\carmonta\Desktop\data-centric-cross-season-transfer\datasets\train_on_2025_all\images\frame_00055_jpg.rf.f6a334906211942ebf70f801f6ba26df.jpg,frame_00055_jpg.rf.f6a334906211942ebf70f801f6ba26df.jpg,0.6340264976024628
C:\Users\carmonta\Desktop\data-centric-cross-season-transfer\datasets\train_on_2025_all\images\frame_00056_jpg.rf.2405d9624dec5abc4833148a2c95ae99.jpg,frame_00056_jpg.rf.2405d9624dec5abc4833148a2c95ae99.jpg,0.7461847960948944
C:\Users\carmonta\Desktop\data-centric-cross-season-transfer\datasets\train_on_2025_all\images\frame_00056_jpg.rf.7a26fd318d9907c56327585b04cf4787.jpg,frame_00056_jpg.rf.7a26fd318d9907c56327585b04cf4787.jpg,0.6819739937782288
C:\Users\carmonta\Desktop\data-centric-cross-season-transfer\datasets\train_on_2025_all\images\frame_00056_jpg.rf.9d67c805164c28564230889b72189ce0.jpg,frame_00056_jpg.rf.9d67c805164c28564230889b72189ce0.jpg,0.6774488389492035
C:\Users\carmonta\Desktop\data-centric-cross-season-transfer\datasets\train_on_2025_all\images\frame_00056_jpg.rf.aaa06e4e5ebf0b589b60549f4c0c97f0.jpg,frame_00056_jpg.rf.aaa06e4e5ebf0b589b60549f4c0c97f0.jpg,0.6778398156166077
C:\Users\carmonta\Desktop\data-centric-cross-season-transfer\datasets\train_on_2025_all\images\frame_00056_jpg.rf.bfde35abefc2c6cac9dc1006b37dab24.jpg,frame_00056_jpg.rf.bfde35abefc2c6cac9dc1006b37dab24.jpg,0.8160308301448822
C:\Users\carmonta\Desktop\data-centric-cross-season-transfer\datasets\train_on_2025_all\images\frame_00057_jpg.rf.08069eac9fded06aae0e0c1e6693da16.jpg,frame_00057_jpg.rf.08069eac9fded06aae0e0c1e6693da16.jpg,0.2552487850189209
C:\Users\carmonta\Desktop\data-centric-cross-season-transfer\datasets\train_on_2025_all\images\frame_00057_jpg.rf.23b926327323386637b51dd726ae2a33.jpg,frame_00057_jpg.rf.23b926327323386637b51dd726ae2a33.jpg,0.4856312870979309
C:\Users\carmonta\Desktop\data-centric-cross-season-transfer\datasets\train_on_2025_all\images\frame_00057_jpg.rf.2cd8164f6ed087b9aaa601e19fbd6160.jpg,frame_00057_jpg.rf.2cd8164f6ed087b9aaa601e19fbd6160.jpg,0.8479671627283096
C:\Users\carmonta\Desktop\data-centric-cross-season-transfer\datasets\train_on_2025_all\images\frame_00057_jpg.rf.4cbd5cd02408130bc9331b731159ccc2.jpg,frame_00057_jpg.rf.4cbd5cd02408130bc9331b731159ccc2.jpg,0.7638308256864548
C:\Users\carmonta\Desktop\data-centric-cross-season-transfer\datasets\train_on_2025_all\images\frame_00057_jpg.rf.5ab1904d35b074c785b029ec86408484.jpg,frame_00057_jpg.rf.5ab1904d35b074c785b029ec86408484.jpg,0.6882441639900208
C:\Users\carmonta\Desktop\data-centric-cross-season-transfer\datasets\train_on_2025_all\images\frame_00057_jpg.rf.6f5135d858b1e9ac850f75079c705cb8.jpg,frame_00057_jpg.rf.6f5135d858b1e9ac850f75079c705cb8.jpg,0.5058935582637787
C:\Users\carmonta\Desktop\data-centric-cross-season-transfer\datasets\train_on_2025_all\images\frame_00057_jpg.rf.86a55ea6a1e28b4e97bd5b49b76fb2e5.jpg,frame_00057_jpg.rf.86a55ea6a1e28b4e97bd5b49b76fb2e5.jpg,0.7663778513669968
C:\Users\carmonta\Desktop\data-centric-cross-season-transfer\datasets\train_on_2025_all\images\frame_00057_jpg.rf.9aeabafb11518acae27347d5f65343de.jpg,frame_00057_jpg.rf.9aeabafb11518acae27347d5f65343de.jpg,0.644465297460556
C:\Users\carmonta\Desktop\data-centric-cross-season-transfer\datasets\train_on_2025_all\images\frame_00057_jpg.rf.a9ac5b5e8b144bfc1e2b8eda47380a3b.jpg,frame_00057_jpg.rf.a9ac5b5e8b144bfc1e2b8eda47380a3b.jpg,0.6227658092975616
C:\Users\carmonta\Desktop\data-centric-cross-season-transfer\datasets\train_on_2025_all\images\frame_00057_jpg.rf.c80a416d645276b7004cd010ed19e3da.jpg,frame_00057_jpg.rf.c80a416d645276b7004cd010ed19e3da.jpg,0.6883988082408905
C:\Users\carmonta\Desktop\data-centric-cross-season-transfer\datasets\train_on_2025_all\images\frame_00057_jpg.rf.cc1c2e027a91077df85893fbe8df9ff1.jpg,frame_00057_jpg.rf.cc1c2e027a91077df85893fbe8df9ff1.jpg,0.7800336629152298
C:\Users\carmonta\Desktop\data-centric-cross-season-transfer\datasets\train_on_2025_all\images\frame_00058_jpg.rf.0169f3fefa646c4f6ea7aa838e3e2d7b.jpg,frame_00058_jpg.rf.0169f3fefa646c4f6ea7aa838e3e2d7b.jpg,0.5973186194896698
C:\Users\carmonta\Desktop\data-centric-cross-season-transfer\datasets\train_on_2025_all\images\frame_00058_jpg.rf.020bfcba74f3fb6cee1e0dcf0ce0073f.jpg,frame_00058_jpg.rf.020bfcba74f3fb6cee1e0dcf0ce0073f.jpg,0.8642047047615051
C:\Users\carmonta\Desktop\data-centric-cross-season-transfer\datasets\train_on_2025_all\images\frame_00058_jpg.rf.04a8d30f87839b1f4021ac1f50946cce.jpg,frame_00058_jpg.rf.04a8d30f87839b1f4021ac1f50946cce.jpg,0.8709320425987244
C:\Users\carmonta\Desktop\data-centric-cross-season-transfer\datasets\train_on_2025_all\images\frame_00058_jpg.rf.18bed995a54a4f5989cec940e5e2bbe9.jpg,frame_00058_jpg.rf.18bed995a54a4f5989cec940e5e2bbe9.jpg,0.5938635170459747
C:\Users\carmonta\Desktop\data-centric-cross-season-transfer\datasets\train_on_2025_all\images\frame_00058_jpg.rf.1e183b2d76399b34775154aa2605973c.jpg,frame_00058_jpg.rf.1e183b2d76399b34775154aa2605973c.jpg,0.5849671363830566
C:\Users\carmonta\Desktop\data-centric-cross-season-transfer\datasets\train_on_2025_all\images\frame_00058_jpg.rf.748d1c1905b928c5e1cbdab70fc34ac7.jpg,frame_00058_jpg.rf.748d1c1905b928c5e1cbdab70fc34ac7.jpg,0.8268038034439087
C:\Users\carmonta\Desktop\data-centric-cross-season-transfer\datasets\train_on_2025_all\images\frame_00058_jpg.rf.8e997188f6935be2cca367e385640906.jpg,frame_00058_jpg.rf.8e997188f6935be2cca367e385640906.jpg,0.7834820598363876
C:\Users\carmonta\Desktop\data-centric-cross-season-transfer\datasets\train_on_2025_all\images\frame_00058_jpg.rf.a36be9d092f90c4048a374a5504b2448.jpg,frame_00058_jpg.rf.a36be9d092f90c4048a374a5504b2448.jpg,0.5254240036010742
C:\Users\carmonta\Desktop\data-centric-cross-season-transfer\datasets\train_on_2025_all\images\frame_00058_jpg.rf.a90a6c2c0eea84ad6c0df395ed10721e.jpg,frame_00058_jpg.rf.a90a6c2c0eea84ad6c0df395ed10721e.jpg,0.8611266762018204
C:\Users\carmonta\Desktop\data-centric-cross-season-transfer\datasets\train_on_2025_all\images\frame_00058_jpg.rf.a96520aae212e3a9dfda0b814a211720.jpg,frame_00058_jpg.rf.a96520aae212e3a9dfda0b814a211720.jpg,0.8268038034439087
C:\Users\carmonta\Desktop\data-centric-cross-season-transfer\datasets\train_on_2025_all\images\frame_00058_jpg.rf.cf3ee9db438b69bd4e090f57ada788d1.jpg,frame_00058_jpg.rf.cf3ee9db438b69bd4e090f57ada788d1.jpg,0.5847941339015961
C:\Users\carmonta\Desktop\data-centric-cross-season-transfer\datasets\train_on_2025_all\images\frame_00059_jpg.rf.08c182f794d3652625896bce1d20a8b8.jpg,frame_00059_jpg.rf.08c182f794d3652625896bce1d20a8b8.jpg,0.15975964069366455
C:\Users\carmonta\Desktop\data-centric-cross-season-transfer\datasets\train_on_2025_all\images\frame_00059_jpg.rf.12d8a42420d685ff67a5f848a7e959c8.jpg,frame_00059_jpg.rf.12d8a42420d685ff67a5f848a7e959c8.jpg,0.5157447159290314
C:\Users\carmonta\Desktop\data-centric-cross-season-transfer\datasets\train_on_2025_all\images\frame_00059_jpg.rf.331402a994e17271e3bd52aeb631d739.jpg,frame_00059_jpg.rf.331402a994e17271e3bd52aeb631d739.jpg,0.517453670501709
C:\Users\carmonta\Desktop\data-centric-cross-season-transfer\datasets\train_on_2025_all\images\frame_00059_jpg.rf.90e49efdf27325b57cd50736a7a0f60a.jpg,frame_00059_jpg.rf.90e49efdf27325b57cd50736a7a0f60a.jpg,0.7121953666210175
C:\Users\carmonta\Desktop\data-centric-cross-season-transfer\datasets\train_on_2025_all\images\frame_00059_jpg.rf.d7ac39dae0f138e00d9340f6e790366e.jpg,frame_00059_jpg.rf.d7ac39dae0f138e00d9340f6e790366e.jpg,0.1600273847579956
C:\Users\carmonta\Desktop\data-centric-cross-season-transfer\datasets\train_on_2025_all\images\frame_00059_jpg.rf.d9386965781c2a692c4a0ca2a33f57c5.jpg,frame_00059_jpg.rf.d9386965781c2a692c4a0ca2a33f57c5.jpg,0.15943706035614014
C:\Users\carmonta\Desktop\data-centric-cross-season-transfer\datasets\train_on_2025_all\images\frame_00059_jpg.rf.ed90ca6ef6f63634c17ae3fc7df713ab.jpg,frame_00059_jpg.rf.ed90ca6ef6f63634c17ae3fc7df713ab.jpg,0.7121832966804504
C:\Users\carmonta\Desktop\data-centric-cross-season-transfer\datasets\train_on_2025_all\images\frame_00059_jpg.rf.f28f815e196c1cd0a091aa7bad41ad16.jpg,frame_00059_jpg.rf.f28f815e196c1cd0a091aa7bad41ad16.jpg,0.5153116881847382
C:\Users\carmonta\Desktop\data-centric-cross-season-transfer\datasets\train_on_2025_all\images\frame_00060_jpg.rf.24b833f3257b3d1f3c968c80e3b1efed.jpg,frame_00060_jpg.rf.24b833f3257b3d1f3c968c80e3b1efed.jpg,0.6658312380313873
C:\Users\carmonta\Desktop\data-centric-cross-season-transfer\datasets\train_on_2025_all\images\frame_00060_jpg.rf.372208ded4dcb711b3480a950663d0dc.jpg,frame_00060_jpg.rf.372208ded4dcb711b3480a950663d0dc.jpg,0.6768826842308044
C:\Users\carmonta\Desktop\data-centric-cross-season-transfer\datasets\train_on_2025_all\images\frame_00060_jpg.rf.7cd04008e417668ceefa2ea8e35c7a56.jpg,frame_00060_jpg.rf.7cd04008e417668ceefa2ea8e35c7a56.jpg,0.6764169931411743
C:\Users\carmonta\Desktop\data-centric-cross-season-transfer\datasets\train_on_2025_all\images\frame_00060_jpg.rf.7dbea52178dd259f40e3a87819095a4a.jpg,frame_00060_jpg.rf.7dbea52178dd259f40e3a87819095a4a.jpg,0.6778733134269714
C:\Users\carmonta\Desktop\data-centric-cross-season-transfer\datasets\train_on_2025_all\images\frame_00060_jpg.rf.9b4fb6783022ba1eb6092e21fa446b94.jpg,frame_00060_jpg.rf.9b4fb6783022ba1eb6092e21fa446b94.jpg,0.7441982626914978
C:\Users\carmonta\Desktop\data-centric-cross-season-transfer\datasets\train_on_2025_all\images\frame_00060_jpg.rf.a07d74d619137933d26222ecaef9743e.jpg,frame_00060_jpg.rf.a07d74d619137933d26222ecaef9743e.jpg,0.6705220639705658
C:\Users\carmonta\Desktop\data-centric-cross-season-transfer\datasets\train_on_2025_all\images\frame_00060_jpg.rf.a09ca859ee17e87b1d8d4b87e3e1545f.jpg,frame_00060_jpg.rf.a09ca859ee17e87b1d8d4b87e3e1545f.jpg,0.7584827095270157
C:\Users\carmonta\Desktop\data-centric-cross-season-transfer\datasets\train_on_2025_all\images\frame_00060_jpg.rf.a91ec4db5757544e0960e57b52e822bf.jpg,frame_00060_jpg.rf.a91ec4db5757544e0960e57b52e822bf.jpg,0.7872997373342514
C:\Users\carmonta\Desktop\data-centric-cross-season-transfer\datasets\train_on_2025_all\images\frame_00060_jpg.rf.fb208306168d0801a10b0ac69cd66ca1.jpg,frame_00060_jpg.rf.fb208306168d0801a10b0ac69cd66ca1.jpg,0.6694331467151642
C:\Users\carmonta\Desktop\data-centric-cross-season-transfer\datasets\train_on_2025_all\images\frame_00061_jpg.rf.0dd3baefb60033a42637a8b41928ff8c.jpg,frame_00061_jpg.rf.0dd3baefb60033a42637a8b41928ff8c.jpg,0.4663088917732239
C:\Users\carmonta\Desktop\data-centric-cross-season-transfer\datasets\train_on_2025_all\images\frame_00061_jpg.rf.6fefeb7aacd85d9eda88be1b304eaf46.jpg,frame_00061_jpg.rf.6fefeb7aacd85d9eda88be1b304eaf46.jpg,0.36018919944763184
C:\Users\carmonta\Desktop\data-centric-cross-season-transfer\datasets\train_on_2025_all\images\frame_00061_jpg.rf.78791ebade3bd58f38237fef2466f03b.jpg,frame_00061_jpg.rf.78791ebade3bd58f38237fef2466f03b.jpg,0.46521979570388794
C:\Users\carmonta\Desktop\data-centric-cross-season-transfer\datasets\train_on_2025_all\images\frame_00062_jpg.rf.91b5a526ed44f92c3ce983b3b60527c7.jpg,frame_00062_jpg.rf.91b5a526ed44f92c3ce983b3b60527c7.jpg,0.8855191618204117
C:\Users\carmonta\Desktop\data-centric-cross-season-transfer\datasets\train_on_2025_all\images\frame_00062_jpg.rf.c9f6863db5c339a8e055e46bdaf6e45e.jpg,frame_00062_jpg.rf.c9f6863db5c339a8e055e46bdaf6e45e.jpg,0.8663700073957443
C:\Users\carmonta\Desktop\data-centric-cross-season-transfer\datasets\train_on_2025_all\images\frame_00062_jpg.rf.cda7b45cf81d89d26a129f2c42870472.jpg,frame_00062_jpg.rf.cda7b45cf81d89d26a129f2c42870472.jpg,0.970043083652854
C:\Users\carmonta\Desktop\data-centric-cross-season-transfer\datasets\train_on_2025_all\images\frame_00062_jpg.rf.e0c98974971e8165f44c33adb3558fe0.jpg,frame_00062_jpg.rf.e0c98974971e8165f44c33adb3558fe0.jpg,0.9617587961256504
C:\Users\carmonta\Desktop\data-centric-cross-season-transfer\datasets\train_on_2025_all\images\frame_00062_jpg.rf.edb5b169662cbdf04068e27e9392f83a.jpg,frame_00062_jpg.rf.edb5b169662cbdf04068e27e9392f83a.jpg,0.9621745087206364
C:\Users\carmonta\Desktop\data-centric-cross-season-transfer\datasets\train_on_2025_all\images\frame_00063_jpg.rf.0d4beb04df06aaedf7aacdaffee784be.jpg,frame_00063_jpg.rf.0d4beb04df06aaedf7aacdaffee784be.jpg,0.4526117444038391
C:\Users\carmonta\Desktop\data-centric-cross-season-transfer\datasets\train_on_2025_all\images\frame_00063_jpg.rf.366097e88b3271b65651a791386f122d.jpg,frame_00063_jpg.rf.366097e88b3271b65651a791386f122d.jpg,0.45394736528396606
C:\Users\carmonta\Desktop\data-centric-cross-season-transfer\datasets\train_on_2025_all\images\frame_00063_jpg.rf.394adbb257efd2d9e90e54aeebd6724b.jpg,frame_00063_jpg.rf.394adbb257efd2d9e90e54aeebd6724b.jpg,0.5275830328464508
C:\Users\carmonta\Desktop\data-centric-cross-season-transfer\datasets\train_on_2025_all\images\frame_00063_jpg.rf.4d8a9e0d577254ecd869044adbc435d8.jpg,frame_00063_jpg.rf.4d8a9e0d577254ecd869044adbc435d8.jpg,0.22058433294296265
C:\Users\carmonta\Desktop\data-centric-cross-season-transfer\datasets\train_on_2025_all\images\frame_00063_jpg.rf.60959ef35990a833b741320061683bc5.jpg,frame_00063_jpg.rf.60959ef35990a833b741320061683bc5.jpg,0.724444180727005
C:\Users\carmonta\Desktop\data-centric-cross-season-transfer\datasets\train_on_2025_all\images\frame_00063_jpg.rf.c1170fc4c9338149513e44e7f78ebc37.jpg,frame_00063_jpg.rf.c1170fc4c9338149513e44e7f78ebc37.jpg,0.5284917056560516
C:\Users\carmonta\Desktop\data-centric-cross-season-transfer\datasets\train_on_2025_all\images\frame_00063_jpg.rf.c9f20081e6801f7245d34d7d32f1f26a.jpg,frame_00063_jpg.rf.c9f20081e6801f7245d34d7d32f1f26a.jpg,0.5284917056560516
C:\Users\carmonta\Desktop\data-centric-cross-season-transfer\datasets\train_on_2025_all\images\frame_00063_jpg.rf.cefb80b38406708654e8e96f2ba03917.jpg,frame_00063_jpg.rf.cefb80b38406708654e8e96f2ba03917.jpg,0.21922951936721802
C:\Users\carmonta\Desktop\data-centric-cross-season-transfer\datasets\train_on_2025_all\images\frame_00063_jpg.rf.d8ec640f728839c3a5273bd262498b22.jpg,frame_00063_jpg.rf.d8ec640f728839c3a5273bd262498b22.jpg,0.2234078049659729
C:\Users\carmonta\Desktop\data-centric-cross-season-transfer\datasets\train_on_2025_all\images\frame_00063_jpg.rf.f3d9fc129aa922a9ba5016f6c3a8dc98.jpg,frame_00063_jpg.rf.f3d9fc129aa922a9ba5016f6c3a8dc98.jpg,0.6703703999519348
C:\Users\carmonta\Desktop\data-centric-cross-season-transfer\datasets\train_on_2025_all\images\frame_00064_jpg.rf.0d700a940b6900e77086213be4e53d85.jpg,frame_00064_jpg.rf.0d700a940b6900e77086213be4e53d85.jpg,0.48288434743881226
C:\Users\carmonta\Desktop\data-centric-cross-season-transfer\datasets\train_on_2025_all\images\frame_00064_jpg.rf.16d3af305ffc1b51ececbe2f6374c1fa.jpg,frame_00064_jpg.rf.16d3af305ffc1b51ececbe2f6374c1fa.jpg,0.5251260697841644
C:\Users\carmonta\Desktop\data-centric-cross-season-transfer\datasets\train_on_2025_all\images\frame_00064_jpg.rf.18c9be872a3504e86cbbcacf814225c4.jpg,frame_00064_jpg.rf.18c9be872a3504e86cbbcacf814225c4.jpg,0.5374432802200317
C:\Users\carmonta\Desktop\data-centric-cross-season-transfer\datasets\train_on_2025_all\images\frame_00064_jpg.rf.203300fd3576ed47bd2efa081e6a8ea9.jpg,frame_00064_jpg.rf.203300fd3576ed47bd2efa081e6a8ea9.jpg,0.1324315071105957
C:\Users\carmonta\Desktop\data-centric-cross-season-transfer\datasets\train_on_2025_all\images\frame_00064_jpg.rf.26ba4167c11902ffe82261a40c043028.jpg,frame_00064_jpg.rf.26ba4167c11902ffe82261a40c043028.jpg,0.9324621856212616
C:\Users\carmonta\Desktop\data-centric-cross-season-transfer\datasets\train_on_2025_all\images\frame_00064_jpg.rf.4a7a961a3c909c0c4d6d43931e4eeb36.jpg,frame_00064_jpg.rf.4a7a961a3c909c0c4d6d43931e4eeb36.jpg,0.6509610414505005
C:\Users\carmonta\Desktop\data-centric-cross-season-transfer\datasets\train_on_2025_all\images\frame_00064_jpg.rf.6a2218bf8a836e3690d8be0b502cdd19.jpg,frame_00064_jpg.rf.6a2218bf8a836e3690d8be0b502cdd19.jpg,0.6544794142246246
C:\Users\carmonta\Desktop\data-centric-cross-season-transfer\datasets\train_on_2025_all\images\frame_00064_jpg.rf.86f485686e88047b564497ab911c37e7.jpg,frame_00064_jpg.rf.86f485686e88047b564497ab911c37e7.jpg,0.6091932654380798
C:\Users\carmonta\Desktop\data-centric-cross-season-transfer\datasets\train_on_2025_all\images\frame_00064_jpg.rf.a159c0390ad9141dea9774b20c8dd680.jpg,frame_00064_jpg.rf.a159c0390ad9141dea9774b20c8dd680.jpg,0.38316643238067627
C:\Users\carmonta\Desktop\data-centric-cross-season-transfer\datasets\train_on_2025_all\images\frame_00064_jpg.rf.a20a0990d013ffea8951be4c61b55ded.jpg,frame_00064_jpg.rf.a20a0990d013ffea8951be4c61b55ded.jpg,0.565462052822113
C:\Users\carmonta\Desktop\data-centric-cross-season-transfer\datasets\train_on_2025_all\images\frame_00064_jpg.rf.acf7efe61166538d26cdbe6a3f505e67.jpg,frame_00064_jpg.rf.acf7efe61166538d26cdbe6a3f505e67.jpg,0.6563740670681
C:\Users\carmonta\Desktop\data-centric-cross-season-transfer\datasets\train_on_2025_all\images\frame_00064_jpg.rf.b479cbdc7805e86b20ba19c85dc02c95.jpg,frame_00064_jpg.rf.b479cbdc7805e86b20ba19c85dc02c95.jpg,0.4878855347633362
C:\Users\carmonta\Desktop\data-centric-cross-season-transfer\datasets\train_on_2025_all\images\frame_00064_jpg.rf.f69e394c2a71c164ddeb407e6b45a743.jpg,frame_00064_jpg.rf.f69e394c2a71c164ddeb407e6b45a743.jpg,0.613500326871872
C:\Users\carmonta\Desktop\data-centric-cross-season-transfer\datasets\train_on_2025_all\images\frame_00065_jpg.rf.111a765e54570e95e403211dbac659cc.jpg,frame_00065_jpg.rf.111a765e54570e95e403211dbac659cc.jpg,0.42965489625930786
C:\Users\carmonta\Desktop\data-centric-cross-season-transfer\datasets\train_on_2025_all\images\frame_00065_jpg.rf.1bcba97278e180cd62a88ef2a1d438fd.jpg,frame_00065_jpg.rf.1bcba97278e180cd62a88ef2a1d438fd.jpg,0.6824023127555847
C:\Users\carmonta\Desktop\data-centric-cross-season-transfer\datasets\train_on_2025_all\images\frame_00065_jpg.rf.202f5a0737ed5198f70fe96c914ac673.jpg,frame_00065_jpg.rf.202f5a0737ed5198f70fe96c914ac673.jpg,0.4310941696166992
C:\Users\carmonta\Desktop\data-centric-cross-season-transfer\datasets\train_on_2025_all\images\frame_00065_jpg.rf.2fecb18c022aacb567fe8a347423d75c.jpg,frame_00065_jpg.rf.2fecb18c022aacb567fe8a347423d75c.jpg,0.5017360150814056
C:\Users\carmonta\Desktop\data-centric-cross-season-transfer\datasets\train_on_2025_all\images\frame_00065_jpg.rf.3c546e89ee4190e4888ec0cbbe3dba14.jpg,frame_00065_jpg.rf.3c546e89ee4190e4888ec0cbbe3dba14.jpg,0.4281787872314453
C:\Users\carmonta\Desktop\data-centric-cross-season-transfer\datasets\train_on_2025_all\images\frame_00065_jpg.rf.8700323a2a9e9d964ec04d68f9d5e8b6.jpg,frame_00065_jpg.rf.8700323a2a9e9d964ec04d68f9d5e8b6.jpg,0.7440879940986633
C:\Users\carmonta\Desktop\data-centric-cross-season-transfer\datasets\train_on_2025_all\images\frame_00065_jpg.rf.887a8341a26f4a53e6785537d08e9941.jpg,frame_00065_jpg.rf.887a8341a26f4a53e6785537d08e9941.jpg,0.6462242901325226
C:\Users\carmonta\Desktop\data-centric-cross-season-transfer\datasets\train_on_2025_all\images\frame_00065_jpg.rf.99083a68d4c43a665065efe457626ac6.jpg,frame_00065_jpg.rf.99083a68d4c43a665065efe457626ac6.jpg,0.6474818587303162
C:\Users\carmonta\Desktop\data-centric-cross-season-transfer\datasets\train_on_2025_all\images\frame_00065_jpg.rf.ad2df89dd180dbf0babe19215a112e7b.jpg,frame_00065_jpg.rf.ad2df89dd180dbf0babe19215a112e7b.jpg,0.6886829137802124
C:\Users\carmonta\Desktop\data-centric-cross-season-transfer\datasets\train_on_2025_all\images\frame_00065_jpg.rf.b59dfd973073deaab029a828c64fb498.jpg,frame_00065_jpg.rf.b59dfd973073deaab029a828c64fb498.jpg,0.7417727708816528
C:\Users\carmonta\Desktop\data-centric-cross-season-transfer\datasets\train_on_2025_all\images\frame_00066_jpg.rf.09abec941dd0caa4c524fd2f2416dc0f.jpg,frame_00066_jpg.rf.09abec941dd0caa4c524fd2f2416dc0f.jpg,0.8048353791236877
C:\Users\carmonta\Desktop\data-centric-cross-season-transfer\datasets\train_on_2025_all\images\frame_00066_jpg.rf.125d68956325a8d5688dde2a00cc69a7.jpg,frame_00066_jpg.rf.125d68956325a8d5688dde2a00cc69a7.jpg,0.9532454498112202
C:\Users\carmonta\Desktop\data-centric-cross-season-transfer\datasets\train_on_2025_all\images\frame_00066_jpg.rf.3b2ed18bf8002a2acd4119c7f4144ce7.jpg,frame_00066_jpg.rf.3b2ed18bf8002a2acd4119c7f4144ce7.jpg,0.893451452255249
C:\Users\carmonta\Desktop\data-centric-cross-season-transfer\datasets\train_on_2025_all\images\frame_00066_jpg.rf.3d0078a00032a7a35a65062bf392afac.jpg,frame_00066_jpg.rf.3d0078a00032a7a35a65062bf392afac.jpg,0.8892065361142159
C:\Users\carmonta\Desktop\data-centric-cross-season-transfer\datasets\train_on_2025_all\images\frame_00066_jpg.rf.4da7e289467ccb7b657348e6a1d82dad.jpg,frame_00066_jpg.rf.4da7e289467ccb7b657348e6a1d82dad.jpg,0.8053876459598541
C:\Users\carmonta\Desktop\data-centric-cross-season-transfer\datasets\train_on_2025_all\images\frame_00066_jpg.rf.5486a3b1401cac03636500a0223be999.jpg,frame_00066_jpg.rf.5486a3b1401cac03636500a0223be999.jpg,0.9603792950510979
C:\Users\carmonta\Desktop\data-centric-cross-season-transfer\datasets\train_on_2025_all\images\frame_00066_jpg.rf.5fadc93acab59192c9756ab03096d6bd.jpg,frame_00066_jpg.rf.5fadc93acab59192c9756ab03096d6bd.jpg,0.88983004540205
C:\Users\carmonta\Desktop\data-centric-cross-season-transfer\datasets\train_on_2025_all\images\frame_00066_jpg.rf.614efc16a5637063a474e0c46fdafe6e.jpg,frame_00066_jpg.rf.614efc16a5637063a474e0c46fdafe6e.jpg,0.772666722536087
C:\Users\carmonta\Desktop\data-centric-cross-season-transfer\datasets\train_on_2025_all\images\frame_00066_jpg.rf.8bde41af216c30aec21fd4b66475b86f.jpg,frame_00066_jpg.rf.8bde41af216c30aec21fd4b66475b86f.jpg,0.7721356004476547
C:\Users\carmonta\Desktop\data-centric-cross-season-transfer\datasets\train_on_2025_all\images\frame_00066_jpg.rf.98e2674dc8653490a16dea24809c7b36.jpg,frame_00066_jpg.rf.98e2674dc8653490a16dea24809c7b36.jpg,0.9589203968644142
C:\Users\carmonta\Desktop\data-centric-cross-season-transfer\datasets\train_on_2025_all\images\frame_00066_jpg.rf.b1e1879330176dd01704e5050d2fa473.jpg,frame_00066_jpg.rf.b1e1879330176dd01704e5050d2fa473.jpg,0.8038767576217651
C:\Users\carmonta\Desktop\data-centric-cross-season-transfer\datasets\train_on_2025_all\images\frame_00066_jpg.rf.decdb418c3d75c21af81ce42b7118e38.jpg,frame_00066_jpg.rf.decdb418c3d75c21af81ce42b7118e38.jpg,0.6064198613166809
C:\Users\carmonta\Desktop\data-centric-cross-season-transfer\datasets\train_on_2025_all\images\frame_00066_jpg.rf.f0bfec309ee70e80231740077bc44974.jpg,frame_00066_jpg.rf.f0bfec309ee70e80231740077bc44974.jpg,0.6114347279071808
C:\Users\carmonta\Desktop\data-centric-cross-season-transfer\datasets\train_on_2025_all\images\frame_00067_jpg.rf.0bda41b47fa60b550a6f2ebc64bd73ce.jpg,frame_00067_jpg.rf.0bda41b47fa60b550a6f2ebc64bd73ce.jpg,0.5782515108585358
C:\Users\carmonta\Desktop\data-centric-cross-season-transfer\datasets\train_on_2025_all\images\frame_00067_jpg.rf.0cb0290ec731d4050f187d074cd3b57e.jpg,frame_00067_jpg.rf.0cb0290ec731d4050f187d074cd3b57e.jpg,0.720833033323288
C:\Users\carmonta\Desktop\data-centric-cross-season-transfer\datasets\train_on_2025_all\images\frame_00067_jpg.rf.628c0b6dd5c04f5e207bb0416fa3ac01.jpg,frame_00067_jpg.rf.628c0b6dd5c04f5e207bb0416fa3ac01.jpg,0.6955382525920868
C:\Users\carmonta\Desktop\data-centric-cross-season-transfer\datasets\train_on_2025_all\images\frame_00067_jpg.rf.6a6f462df834b8f2289e313f7a046a55.jpg,frame_00067_jpg.rf.6a6f462df834b8f2289e313f7a046a55.jpg,0.805641382932663
C:\Users\carmonta\Desktop\data-centric-cross-season-transfer\datasets\train_on_2025_all\images\frame_00067_jpg.rf.95f97b9cc1628596d78f780f0ac49896.jpg,frame_00067_jpg.rf.95f97b9cc1628596d78f780f0ac49896.jpg,0.80438232421875
C:\Users\carmonta\Desktop\data-centric-cross-season-transfer\datasets\train_on_2025_all\images\frame_00067_jpg.rf.9fd02056dfab28b8ca54fec4273c15a8.jpg,frame_00067_jpg.rf.9fd02056dfab28b8ca54fec4273c15a8.jpg,0.5782515108585358
C:\Users\carmonta\Desktop\data-centric-cross-season-transfer\datasets\train_on_2025_all\images\frame_00067_jpg.rf.a5262db5d710626fe6f6fb4a3a33e3ca.jpg,frame_00067_jpg.rf.a5262db5d710626fe6f6fb4a3a33e3ca.jpg,0.5829446315765381
C:\Users\carmonta\Desktop\data-centric-cross-season-transfer\datasets\train_on_2025_all\images\frame_00067_jpg.rf.c71d55d978ff1f30b7d831b1229a6b43.jpg,frame_00067_jpg.rf.c71d55d978ff1f30b7d831b1229a6b43.jpg,0.80438232421875
C:\Users\carmonta\Desktop\data-centric-cross-season-transfer\datasets\train_on_2025_all\images\frame_00067_jpg.rf.c77cc2c61eb3cc10e4176b67742d8782.jpg,frame_00067_jpg.rf.c77cc2c61eb3cc10e4176b67742d8782.jpg,0.6964926421642303
C:\Users\carmonta\Desktop\data-centric-cross-season-transfer\datasets\train_on_2025_all\images\frame_00067_jpg.rf.f926886bccae32320fbde4c0e66a5f25.jpg,frame_00067_jpg.rf.f926886bccae32320fbde4c0e66a5f25.jpg,0.5805003345012665
C:\Users\carmonta\Desktop\data-centric-cross-season-transfer\datasets\train_on_2025_all\images\frame_00068_jpg.rf.7c29fa7ba7d3467035279559ef29e634.jpg,frame_00068_jpg.rf.7c29fa7ba7d3467035279559ef29e634.jpg,0.3234422206878662
C:\Users\carmonta\Desktop\data-centric-cross-season-transfer\datasets\train_on_2025_all\images\frame_00068_jpg.rf.a67bab7791e286797ba38ec753e2c5a3.jpg,frame_00068_jpg.rf.a67bab7791e286797ba38ec753e2c5a3.jpg,0.32750409841537476
C:\Users\carmonta\Desktop\data-centric-cross-season-transfer\datasets\train_on_2025_all\images\frame_00068_jpg.rf.a8e02fd6da672c79207a6604cec3775c.jpg,frame_00068_jpg.rf.a8e02fd6da672c79207a6604cec3775c.jpg,0.5354535579681396
C:\Users\carmonta\Desktop\data-centric-cross-season-transfer\datasets\train_on_2025_all\images\frame_00068_jpg.rf.b13f1309326e3be0896e5eae8c19cd0e.jpg,frame_00068_jpg.rf.b13f1309326e3be0896e5eae8c19cd0e.jpg,0.3279684782028198
C:\Users\carmonta\Desktop\data-centric-cross-season-transfer\datasets\train_on_2025_all\images\frame_00068_jpg.rf.da2b8315c66f71f8c1b62d65d0195648.jpg,frame_00068_jpg.rf.da2b8315c66f71f8c1b62d65d0195648.jpg,0.5528515875339508
C:\Users\carmonta\Desktop\data-centric-cross-season-transfer\datasets\train_on_2025_all\images\frame_00069_jpg.rf.02f0cb1ba38f161301b829aa996b503a.jpg,frame_00069_jpg.rf.02f0cb1ba38f161301b829aa996b503a.jpg,0.6684184372425079
C:\Users\carmonta\Desktop\data-centric-cross-season-transfer\datasets\train_on_2025_all\images\frame_00069_jpg.rf.0a7d2fbc344024e4606e97753fe21264.jpg,frame_00069_jpg.rf.0a7d2fbc344024e4606e97753fe21264.jpg,0.37526625394821167
C:\Users\carmonta\Desktop\data-centric-cross-season-transfer\datasets\train_on_2025_all\images\frame_00069_jpg.rf.25903dade13f6786a961b879e9e00099.jpg,frame_00069_jpg.rf.25903dade13f6786a961b879e9e00099.jpg,0.37795644998550415
C:\Users\carmonta\Desktop\data-centric-cross-season-transfer\datasets\train_on_2025_all\images\frame_00069_jpg.rf.5c19e671d57e808a75859b2a65e61b4e.jpg,frame_00069_jpg.rf.5c19e671d57e808a75859b2a65e61b4e.jpg,0.16243189573287964
C:\Users\carmonta\Desktop\data-centric-cross-season-transfer\datasets\train_on_2025_all\images\frame_00069_jpg.rf.6dcacf50b049b0c3eab8e1c6a11e718e.jpg,frame_00069_jpg.rf.6dcacf50b049b0c3eab8e1c6a11e718e.jpg,0.1629728078842163
C:\Users\carmonta\Desktop\data-centric-cross-season-transfer\datasets\train_on_2025_all\images\frame_00069_jpg.rf.6e6a3210ae6fc4824c5c88d82ac4383b.jpg,frame_00069_jpg.rf.6e6a3210ae6fc4824c5c88d82ac4383b.jpg,0.1634432077407837
C:\Users\carmonta\Desktop\data-centric-cross-season-transfer\datasets\train_on_2025_all\images\frame_00069_jpg.rf.7a062688ebdb7aafae7c004d1d99b92f.jpg,frame_00069_jpg.rf.7a062688ebdb7aafae7c004d1d99b92f.jpg,0.6668164134025574
C:\Users\carmonta\Desktop\data-centric-cross-season-transfer\datasets\train_on_2025_all\images\frame_00070_jpg.rf.1055c0bb42696c104aca0cc0188701a5.jpg,frame_00070_jpg.rf.1055c0bb42696c104aca0cc0188701a5.jpg,0.7235600054264069
C:\Users\carmonta\Desktop\data-centric-cross-season-transfer\datasets\train_on_2025_all\images\frame_00070_jpg.rf.26075beb24dc5f8bd482d787a3f3648f.jpg,frame_00070_jpg.rf.26075beb24dc5f8bd482d787a3f3648f.jpg,0.817357525229454
C:\Users\carmonta\Desktop\data-centric-cross-season-transfer\datasets\train_on_2025_all\images\frame_00070_jpg.rf.294ce74478c2894004633cb722f9002c.jpg,frame_00070_jpg.rf.294ce74478c2894004633cb722f9002c.jpg,0.15369558334350586
C:\Users\carmonta\Desktop\data-centric-cross-season-transfer\datasets\train_on_2025_all\images\frame_00070_jpg.rf.304f3ab90a7aee2851d1e89274c6ed86.jpg,frame_00070_jpg.rf.304f3ab90a7aee2851d1e89274c6ed86.jpg,0.6167518794536591
C:\Users\carmonta\Desktop\data-centric-cross-season-transfer\datasets\train_on_2025_all\images\frame_00070_jpg.rf.481db2854a1a2f3a940e28bad4164da1.jpg,frame_00070_jpg.rf.481db2854a1a2f3a940e28bad4164da1.jpg,0.8219614624977112
C:\Users\carmonta\Desktop\data-centric-cross-season-transfer\datasets\train_on_2025_all\images\frame_00070_jpg.rf.bb375883367ae598d50f1b20c14b9a88.jpg,frame_00070_jpg.rf.bb375883367ae598d50f1b20c14b9a88.jpg,0.8065770119428635
C:\Users\carmonta\Desktop\data-centric-cross-season-transfer\datasets\train_on_2025_all\images\frame_00070_jpg.rf.ee3da37a8e0c69be24485bcbded502db.jpg,frame_00070_jpg.rf.ee3da37a8e0c69be24485bcbded502db.jpg,0.15370619297027588
C:\Users\carmonta\Desktop\data-centric-cross-season-transfer\datasets\train_on_2025_all\images\frame_00070_jpg.rf.fa964a70afd34f12943b6b50263bca5a.jpg,frame_00070_jpg.rf.fa964a70afd34f12943b6b50263bca5a.jpg,0.1531076431274414
C:\Users\carmonta\Desktop\data-centric-cross-season-transfer\datasets\train_on_2025_all\images\frame_00071_jpg.rf.1451b0ce6f1fbc61a5dc7c9421d8e9dd.jpg,frame_00071_jpg.rf.1451b0ce6f1fbc61a5dc7c9421d8e9dd.jpg,0.8046214878559113
C:\Users\carmonta\Desktop\data-centric-cross-season-transfer\datasets\train_on_2025_all\images\frame_00071_jpg.rf.2dded6e34e5661348f17859b13f442e2.jpg,frame_00071_jpg.rf.2dded6e34e5661348f17859b13f442e2.jpg,0.7968612760305405
C:\Users\carmonta\Desktop\data-centric-cross-season-transfer\datasets\train_on_2025_all\images\frame_00071_jpg.rf.3608209924cc34eb455da72175ee77e9.jpg,frame_00071_jpg.rf.3608209924cc34eb455da72175ee77e9.jpg,0.9039119258522987
C:\Users\carmonta\Desktop\data-centric-cross-season-transfer\datasets\train_on_2025_all\images\frame_00071_jpg.rf.532623f4be88164833252e27cd51f542.jpg,frame_00071_jpg.rf.532623f4be88164833252e27cd51f542.jpg,0.8199699521064758
C:\Users\carmonta\Desktop\data-centric-cross-season-transfer\datasets\train_on_2025_all\images\frame_00071_jpg.rf.6376ee5c1432adedcc40e6ce8a7a4a33.jpg,frame_00071_jpg.rf.6376ee5c1432adedcc40e6ce8a7a4a33.jpg,0.9340856149792671
C:\Users\carmonta\Desktop\data-centric-cross-season-transfer\datasets\train_on_2025_all\images\frame_00071_jpg.rf.65028887d12968f6347403f0e1e6fa50.jpg,frame_00071_jpg.rf.65028887d12968f6347403f0e1e6fa50.jpg,0.16993486881256104
C:\Users\carmonta\Desktop\data-centric-cross-season-transfer\datasets\train_on_2025_all\images\frame_00071_jpg.rf.7b86287905d99386d4257967c0bef6ed.jpg,frame_00071_jpg.rf.7b86287905d99386d4257967c0bef6ed.jpg,0.4020361304283142
C:\Users\carmonta\Desktop\data-centric-cross-season-transfer\datasets\train_on_2025_all\images\frame_00071_jpg.rf.86aa7b60d99a01c09b275e5d85cf90dc.jpg,frame_00071_jpg.rf.86aa7b60d99a01c09b275e5d85cf90dc.jpg,0.1695592999458313
C:\Users\carmonta\Desktop\data-centric-cross-season-transfer\datasets\train_on_2025_all\images\frame_00071_jpg.rf.9bf99b67077fc3a2fa57a17be0590f56.jpg,frame_00071_jpg.rf.9bf99b67077fc3a2fa57a17be0590f56.jpg,0.9406145997345448
C:\Users\carmonta\Desktop\data-centric-cross-season-transfer\datasets\train_on_2025_all\images\frame_00071_jpg.rf.aaadead2f0ebeff87f5495ff244424da.jpg,frame_00071_jpg.rf.aaadead2f0ebeff87f5495ff244424da.jpg,0.40392839908599854
C:\Users\carmonta\Desktop\data-centric-cross-season-transfer\datasets\train_on_2025_all\images\frame_00071_jpg.rf.e961f07c0a7dcfd1ce60cb5ce0a1b796.jpg,frame_00071_jpg.rf.e961f07c0a7dcfd1ce60cb5ce0a1b796.jpg,0.4013185501098633
C:\Users\carmonta\Desktop\data-centric-cross-season-transfer\datasets\train_on_2025_all\images\frame_00071_jpg.rf.fb1c7f1c2cd9a2f0df9b85ef128e7dfc.jpg,frame_00071_jpg.rf.fb1c7f1c2cd9a2f0df9b85ef128e7dfc.jpg,0.16954916715621948
C:\Users\carmonta\Desktop\data-centric-cross-season-transfer\datasets\train_on_2025_all\images\frame_00072_jpg.rf.031d872a6fd55704f621e183a57faae7.jpg,frame_00072_jpg.rf.031d872a6fd55704f621e183a57faae7.jpg,0.28002649545669556
C:\Users\carmonta\Desktop\data-centric-cross-season-transfer\datasets\train_on_2025_all\images\frame_00072_jpg.rf.3652c6227a9c2200d48c2b9cf058e621.jpg,frame_00072_jpg.rf.3652c6227a9c2200d48c2b9cf058e621.jpg,0.5528169870376587
C:\Users\carmonta\Desktop\data-centric-cross-season-transfer\datasets\train_on_2025_all\images\frame_00072_jpg.rf.3ca265c8a06a686862daffccdf96226a.jpg,frame_00072_jpg.rf.3ca265c8a06a686862daffccdf96226a.jpg,0.6647403836250305
C:\Users\carmonta\Desktop\data-centric-cross-season-transfer\datasets\train_on_2025_all\images\frame_00072_jpg.rf.4d492c356a33bb32bf2c0bfddbd0528f.jpg,frame_00072_jpg.rf.4d492c356a33bb32bf2c0bfddbd0528f.jpg,0.2797964811325073
C:\Users\carmonta\Desktop\data-centric-cross-season-transfer\datasets\train_on_2025_all\images\frame_00072_jpg.rf.7211dbc9db0a9cb989255fff6fda5f03.jpg,frame_00072_jpg.rf.7211dbc9db0a9cb989255fff6fda5f03.jpg,0.18669068813323975
C:\Users\carmonta\Desktop\data-centric-cross-season-transfer\datasets\train_on_2025_all\images\frame_00072_jpg.rf.731f89815be376955b67b85a6146cef5.jpg,frame_00072_jpg.rf.731f89815be376955b67b85a6146cef5.jpg,0.27929502725601196
C:\Users\carmonta\Desktop\data-centric-cross-season-transfer\datasets\train_on_2025_all\images\frame_00072_jpg.rf.7db4723d97381727e2fa72d061b02cd2.jpg,frame_00072_jpg.rf.7db4723d97381727e2fa72d061b02cd2.jpg,0.6188847720623016
C:\Users\carmonta\Desktop\data-centric-cross-season-transfer\datasets\train_on_2025_all\images\frame_00072_jpg.rf.7e03e6a8f6c089648242df24afa8be68.jpg,frame_00072_jpg.rf.7e03e6a8f6c089648242df24afa8be68.jpg,0.18452805280685425
C:\Users\carmonta\Desktop\data-centric-cross-season-transfer\datasets\train_on_2025_all\images\frame_00072_jpg.rf.a74294f2d8fd1435221b001f1f28a28c.jpg,frame_00072_jpg.rf.a74294f2d8fd1435221b001f1f28a28c.jpg,0.5615853071212769
C:\Users\carmonta\Desktop\data-centric-cross-season-transfer\datasets\train_on_2025_all\images\frame_00072_jpg.rf.cd24d2954405038196b19ec0db172ffc.jpg,frame_00072_jpg.rf.cd24d2954405038196b19ec0db172ffc.jpg,0.8478065133094788
C:\Users\carmonta\Desktop\data-centric-cross-season-transfer\datasets\train_on_2025_all\images\frame_00072_jpg.rf.e1d3ee74d12a57ea4f3a616c6427caa5.jpg,frame_00072_jpg.rf.e1d3ee74d12a57ea4f3a616c6427caa5.jpg,0.8247804790735245
C:\Users\carmonta\Desktop\data-centric-cross-season-transfer\datasets\train_on_2025_all\images\frame_00072_jpg.rf.fe846e2275e5ee3d03b0c7a54edd798a.jpg,frame_00072_jpg.rf.fe846e2275e5ee3d03b0c7a54edd798a.jpg,0.8242143243551254
C:\Users\carmonta\Desktop\data-centric-cross-season-transfer\datasets\train_on_2025_all\images\frame_00073_jpg.rf.218ae9bf196314413e299453cdf0637f.jpg,frame_00073_jpg.rf.218ae9bf196314413e299453cdf0637f.jpg,0.6697007119655609
C:\Users\carmonta\Desktop\data-centric-cross-season-transfer\datasets\train_on_2025_all\images\frame_00073_jpg.rf.754db328bfcc85173dcd6c0fb8cf8852.jpg,frame_00073_jpg.rf.754db328bfcc85173dcd6c0fb8cf8852.jpg,0.40462160110473633
C:\Users\carmonta\Desktop\data-centric-cross-season-transfer\datasets\train_on_2025_all\images\frame_00073_jpg.rf.c5b4fb51469502f736911f1cd7943147.jpg,frame_00073_jpg.rf.c5b4fb51469502f736911f1cd7943147.jpg,0.6675001382827759
C:\Users\carmonta\Desktop\data-centric-cross-season-transfer\datasets\train_on_2025_all\images\frame_00073_jpg.rf.cb206bb096c73e0fd0cf2bbd8e63e023.jpg,frame_00073_jpg.rf.cb206bb096c73e0fd0cf2bbd8e63e023.jpg,0.708977997303009
C:\Users\carmonta\Desktop\data-centric-cross-season-transfer\datasets\train_on_2025_all\images\frame_00073_jpg.rf.e3ff1d189ef4ac38c79beab7b094a7e5.jpg,frame_00073_jpg.rf.e3ff1d189ef4ac38c79beab7b094a7e5.jpg,0.40590304136276245
C:\Users\carmonta\Desktop\data-centric-cross-season-transfer\datasets\train_on_2025_all\images\frame_00073_jpg.rf.f13c3c89b945e5a7f46c7b8e1f448604.jpg,frame_00073_jpg.rf.f13c3c89b945e5a7f46c7b8e1f448604.jpg,0.708977997303009
C:\Users\carmonta\Desktop\data-centric-cross-season-transfer\datasets\train_on_2025_all\images\frame_00073_jpg.rf.fb7d14f12310127edfcbbbe13308a94c.jpg,frame_00073_jpg.rf.fb7d14f12310127edfcbbbe13308a94c.jpg,0.7095656394958496
C:\Users\carmonta\Desktop\data-centric-cross-season-transfer\datasets\train_on_2025_all\images\frame_00074_jpg.rf.4ce32ce306595408f6fdbc89fe9044fd.jpg,frame_00074_jpg.rf.4ce32ce306595408f6fdbc89fe9044fd.jpg,0.7083717882633209
C:\Users\carmonta\Desktop\data-centric-cross-season-transfer\datasets\train_on_2025_all\images\frame_00074_jpg.rf.4f8236ced638522b54875eeae2f78fec.jpg,frame_00074_jpg.rf.4f8236ced638522b54875eeae2f78fec.jpg,0.6597469449043274
C:\Users\carmonta\Desktop\data-centric-cross-season-transfer\datasets\train_on_2025_all\images\frame_00074_jpg.rf.54dd770849b30051f1e0bb904c437e88.jpg,frame_00074_jpg.rf.54dd770849b30051f1e0bb904c437e88.jpg,0.4437819719314575
C:\Users\carmonta\Desktop\data-centric-cross-season-transfer\datasets\train_on_2025_all\images\frame_00074_jpg.rf.6341fcfd1257c9c041786a039a4e6300.jpg,frame_00074_jpg.rf.6341fcfd1257c9c041786a039a4e6300.jpg,0.7403721809387207
C:\Users\carmonta\Desktop\data-centric-cross-season-transfer\datasets\train_on_2025_all\images\frame_00074_jpg.rf.635441b8e7aa45244e58e4b08f205b69.jpg,frame_00074_jpg.rf.635441b8e7aa45244e58e4b08f205b69.jpg,0.7404853105545044
C:\Users\carmonta\Desktop\data-centric-cross-season-transfer\datasets\train_on_2025_all\images\frame_00074_jpg.rf.880e91bcfd8e5e8531e244a564b0b03c.jpg,frame_00074_jpg.rf.880e91bcfd8e5e8531e244a564b0b03c.jpg,0.7809902131557465
C:\Users\carmonta\Desktop\data-centric-cross-season-transfer\datasets\train_on_2025_all\images\frame_00074_jpg.rf.9bd49ef3be99ec48eca75c16affe2249.jpg,frame_00074_jpg.rf.9bd49ef3be99ec48eca75c16affe2249.jpg,0.4442591667175293
C:\Users\carmonta\Desktop\data-centric-cross-season-transfer\datasets\train_on_2025_all\images\frame_00074_jpg.rf.b6f97053362a7fbcaaafae39845330b8.jpg,frame_00074_jpg.rf.b6f97053362a7fbcaaafae39845330b8.jpg,0.4443284869194031
C:\Users\carmonta\Desktop\data-centric-cross-season-transfer\datasets\train_on_2025_all\images\frame_00074_jpg.rf.d5a111eb744552298a852fa93ebc5897.jpg,frame_00074_jpg.rf.d5a111eb744552298a852fa93ebc5897.jpg,0.6765436232089996
C:\Users\carmonta\Desktop\data-centric-cross-season-transfer\datasets\train_on_2025_all\images\frame_00074_jpg.rf.e520cb7c9c1311b963ddb2d22aba0dfb.jpg,frame_00074_jpg.rf.e520cb7c9c1311b963ddb2d22aba0dfb.jpg,0.6571988165378571
C:\Users\carmonta\Desktop\data-centric-cross-season-transfer\datasets\train_on_2025_all\images\frame_00075_jpg.rf.02ab0eb93e3fc69167f5b1cdb25f6cf5.jpg,frame_00075_jpg.rf.02ab0eb93e3fc69167f5b1cdb25f6cf5.jpg,0.5769630372524261
C:\Users\carmonta\Desktop\data-centric-cross-season-transfer\datasets\train_on_2025_all\images\frame_00075_jpg.rf.1a14a88a7a4019bba543fc311a038dad.jpg,frame_00075_jpg.rf.1a14a88a7a4019bba543fc311a038dad.jpg,0.408227801322937
C:\Users\carmonta\Desktop\data-centric-cross-season-transfer\datasets\train_on_2025_all\images\frame_00075_jpg.rf.1a4818da34cacee1cfa1fb3faabfebcd.jpg,frame_00075_jpg.rf.1a4818da34cacee1cfa1fb3faabfebcd.jpg,0.99515480408445
C:\Users\carmonta\Desktop\data-centric-cross-season-transfer\datasets\train_on_2025_all\images\frame_00075_jpg.rf.30b706e53ef60fca7780178d4fe6a04b.jpg,frame_00075_jpg.rf.30b706e53ef60fca7780178d4fe6a04b.jpg,0.8195991963148117
C:\Users\carmonta\Desktop\data-centric-cross-season-transfer\datasets\train_on_2025_all\images\frame_00075_jpg.rf.399bf6b407d4115bfb4e938350668ffd.jpg,frame_00075_jpg.rf.399bf6b407d4115bfb4e938350668ffd.jpg,0.5688061714172363
C:\Users\carmonta\Desktop\data-centric-cross-season-transfer\datasets\train_on_2025_all\images\frame_00075_jpg.rf.3c50abbcc4e67c39c751ada87085a996.jpg,frame_00075_jpg.rf.3c50abbcc4e67c39c751ada87085a996.jpg,0.9933092892169952
C:\Users\carmonta\Desktop\data-centric-cross-season-transfer\datasets\train_on_2025_all\images\frame_00075_jpg.rf.68a8b794aae2f373a1de3367d6578397.jpg,frame_00075_jpg.rf.68a8b794aae2f373a1de3367d6578397.jpg,0.9942094553261995
C:\Users\carmonta\Desktop\data-centric-cross-season-transfer\datasets\train_on_2025_all\images\frame_00075_jpg.rf.7a94bb12511c49e1feb94ef761442de7.jpg,frame_00075_jpg.rf.7a94bb12511c49e1feb94ef761442de7.jpg,0.5842196047306061
C:\Users\carmonta\Desktop\data-centric-cross-season-transfer\datasets\train_on_2025_all\images\frame_00075_jpg.rf.a62d166cf4e2df0444f73c8a8a6c32c0.jpg,frame_00075_jpg.rf.a62d166cf4e2df0444f73c8a8a6c32c0.jpg,0.8213043212890625
C:\Users\carmonta\Desktop\data-centric-cross-season-transfer\datasets\train_on_2025_all\images\frame_00075_jpg.rf.b107b6ee16660b3db586b8f6ebd09bc2.jpg,frame_00075_jpg.rf.b107b6ee16660b3db586b8f6ebd09bc2.jpg,0.6201674342155457
C:\Users\carmonta\Desktop\data-centric-cross-season-transfer\datasets\train_on_2025_all\images\frame_00075_jpg.rf.fd35b395368da65490deb8833e478cdc.jpg,frame_00075_jpg.rf.fd35b395368da65490deb8833e478cdc.jpg,0.6838701665401459
C:\Users\carmonta\Desktop\data-centric-cross-season-transfer\datasets\train_on_2025_all\images\frame_00076_jpg.rf.1b801b6f6969c18329be1e860f31f41e.jpg,frame_00076_jpg.rf.1b801b6f6969c18329be1e860f31f41e.jpg,0.9860079549252987
C:\Users\carmonta\Desktop\data-centric-cross-season-transfer\datasets\train_on_2025_all\images\frame_00076_jpg.rf.3cb5f9fc2c76cbb07f9f51267885cdf2.jpg,frame_00076_jpg.rf.3cb5f9fc2c76cbb07f9f51267885cdf2.jpg,0.6542297601699829
C:\Users\carmonta\Desktop\data-centric-cross-season-transfer\datasets\train_on_2025_all\images\frame_00076_jpg.rf.7813f297550ab15069511cb7092bca13.jpg,frame_00076_jpg.rf.7813f297550ab15069511cb7092bca13.jpg,0.2032926082611084
C:\Users\carmonta\Desktop\data-centric-cross-season-transfer\datasets\train_on_2025_all\images\frame_00076_jpg.rf.8150792c48a14f4a6093f6e78fbb90bd.jpg,frame_00076_jpg.rf.8150792c48a14f4a6093f6e78fbb90bd.jpg,0.682033896446228
C:\Users\carmonta\Desktop\data-centric-cross-season-transfer\datasets\train_on_2025_all\images\frame_00076_jpg.rf.95825532c82d6ce147d3cc0556dd676e.jpg,frame_00076_jpg.rf.95825532c82d6ce147d3cc0556dd676e.jpg,0.4454875588417053
C:\Users\carmonta\Desktop\data-centric-cross-season-transfer\datasets\train_on_2025_all\images\frame_00076_jpg.rf.9b7801d1355d5c7cf4eb90ed10bc8953.jpg,frame_00076_jpg.rf.9b7801d1355d5c7cf4eb90ed10bc8953.jpg,0.5835396647453308
C:\Users\carmonta\Desktop\data-centric-cross-season-transfer\datasets\train_on_2025_all\images\frame_00076_jpg.rf.dbe7aca809c3709b36669bfbbb721800.jpg,frame_00076_jpg.rf.dbe7aca809c3709b36669bfbbb721800.jpg,0.6337361335754395
C:\Users\carmonta\Desktop\data-centric-cross-season-transfer\datasets\train_on_2025_all\images\frame_00076_jpg.rf.f0ee4ffc4ccccdf814cbded0c9ce0196.jpg,frame_00076_jpg.rf.f0ee4ffc4ccccdf814cbded0c9ce0196.jpg,0.5848008096218109
C:\Users\carmonta\Desktop\data-centric-cross-season-transfer\datasets\train_on_2025_all\images\frame_00076_jpg.rf.fd8678a9ae684e8234dcb6c0e937b2c5.jpg,frame_00076_jpg.rf.fd8678a9ae684e8234dcb6c0e937b2c5.jpg,0.2024562954902649
C:\Users\carmonta\Desktop\data-centric-cross-season-transfer\datasets\train_on_2025_all\images\frame_00077_jpg.rf.0094f8567360cde1c057e00ef39b4228.jpg,frame_00077_jpg.rf.0094f8567360cde1c057e00ef39b4228.jpg,0.9103756248950958
C:\Users\carmonta\Desktop\data-centric-cross-season-transfer\datasets\train_on_2025_all\images\frame_00077_jpg.rf.13cc7cb6c80a9bcb4942477416461267.jpg,frame_00077_jpg.rf.13cc7cb6c80a9bcb4942477416461267.jpg,0.7186822593212128
C:\Users\carmonta\Desktop\data-centric-cross-season-transfer\datasets\train_on_2025_all\images\frame_00077_jpg.rf.a3e28547f8d9e75b02574f44c458ecc0.jpg,frame_00077_jpg.rf.a3e28547f8d9e75b02574f44c458ecc0.jpg,0.6909030973911285
C:\Users\carmonta\Desktop\data-centric-cross-season-transfer\datasets\train_on_2025_all\images\frame_00077_jpg.rf.d586fbcfeb7a030f214bbca12e36d4c8.jpg,frame_00077_jpg.rf.d586fbcfeb7a030f214bbca12e36d4c8.jpg,0.9097491726279259
C:\Users\carmonta\Desktop\data-centric-cross-season-transfer\datasets\train_on_2025_all\images\frame_00077_jpg.rf.e59ee29e213695de4b1376c3b22f597d.jpg,frame_00077_jpg.rf.e59ee29e213695de4b1376c3b22f597d.jpg,0.9123620241880417
C:\Users\carmonta\Desktop\data-centric-cross-season-transfer\datasets\train_on_2025_all\images\frame_00078_jpg.rf.065f451bd9f0a1f9cf20054d735236be.jpg,frame_00078_jpg.rf.065f451bd9f0a1f9cf20054d735236be.jpg,0.9958347091451287
C:\Users\carmonta\Desktop\data-centric-cross-season-transfer\datasets\train_on_2025_all\images\frame_00078_jpg.rf.170475c7e1db5b5f4b519ff82454c636.jpg,frame_00078_jpg.rf.170475c7e1db5b5f4b519ff82454c636.jpg,0.7436240017414093
C:\Users\carmonta\Desktop\data-centric-cross-season-transfer\datasets\train_on_2025_all\images\frame_00078_jpg.rf.194dbdba4074b472aa06c9535550ce02.jpg,frame_00078_jpg.rf.194dbdba4074b472aa06c9535550ce02.jpg,0.9503254592418671
C:\Users\carmonta\Desktop\data-centric-cross-season-transfer\datasets\train_on_2025_all\images\frame_00078_jpg.rf.32249801d882be3b4913c1d8c9e83d14.jpg,frame_00078_jpg.rf.32249801d882be3b4913c1d8c9e83d14.jpg,0.802506148815155
C:\Users\carmonta\Desktop\data-centric-cross-season-transfer\datasets\train_on_2025_all\images\frame_00078_jpg.rf.504daa7cc396a94fa83625cb6fb21ff5.jpg,frame_00078_jpg.rf.504daa7cc396a94fa83625cb6fb21ff5.jpg,0.7436240017414093
C:\Users\carmonta\Desktop\data-centric-cross-season-transfer\datasets\train_on_2025_all\images\frame_00078_jpg.rf.618aa88c08489378deff73429bbdbcbd.jpg,frame_00078_jpg.rf.618aa88c08489378deff73429bbdbcbd.jpg,0.4005599021911621
C:\Users\carmonta\Desktop\data-centric-cross-season-transfer\datasets\train_on_2025_all\images\frame_00078_jpg.rf.68b4a8257b3c9e198d44326642bab411.jpg,frame_00078_jpg.rf.68b4a8257b3c9e198d44326642bab411.jpg,0.9958347091451287
C:\Users\carmonta\Desktop\data-centric-cross-season-transfer\datasets\train_on_2025_all\images\frame_00078_jpg.rf.941d283f666ad7a9d4b3bf846f1e2d56.jpg,frame_00078_jpg.rf.941d283f666ad7a9d4b3bf846f1e2d56.jpg,0.5213401317596436
C:\Users\carmonta\Desktop\data-centric-cross-season-transfer\datasets\train_on_2025_all\images\frame_00078_jpg.rf.a14a477a07cfdb173ec6ff3ff39d3426.jpg,frame_00078_jpg.rf.a14a477a07cfdb173ec6ff3ff39d3426.jpg,0.5218095183372498
C:\Users\carmonta\Desktop\data-centric-cross-season-transfer\datasets\train_on_2025_all\images\frame_00078_jpg.rf.c039e7d4785136ca146de790c98ecef7.jpg,frame_00078_jpg.rf.c039e7d4785136ca146de790c98ecef7.jpg,0.2958672046661377
C:\Users\carmonta\Desktop\data-centric-cross-season-transfer\datasets\train_on_2025_all\images\frame_00078_jpg.rf.d037d579470633f958a66795ae987b27.jpg,frame_00078_jpg.rf.d037d579470633f958a66795ae987b27.jpg,0.9966645676176995
C:\Users\carmonta\Desktop\data-centric-cross-season-transfer\datasets\train_on_2025_all\images\frame_00078_jpg.rf.eab9b1243312c1fa1f7675e87ee7d448.jpg,frame_00078_jpg.rf.eab9b1243312c1fa1f7675e87ee7d448.jpg,0.3271670341491699
C:\Users\carmonta\Desktop\data-centric-cross-season-transfer\datasets\train_on_2025_all\images\frame_00079_jpg.rf.443812f2743be40c22174526960aba3d.jpg,frame_00079_jpg.rf.443812f2743be40c22174526960aba3d.jpg,0.35641080141067505
C:\Users\carmonta\Desktop\data-centric-cross-season-transfer\datasets\train_on_2025_all\images\frame_00079_jpg.rf.4ff520ddb3af10ad0b92b5954946d874.jpg,frame_00079_jpg.rf.4ff520ddb3af10ad0b92b5954946d874.jpg,0.8549152761697769
C:\Users\carmonta\Desktop\data-centric-cross-season-transfer\datasets\train_on_2025_all\images\frame_00079_jpg.rf.54b654e778965e02194d03486e83d614.jpg,frame_00079_jpg.rf.54b654e778965e02194d03486e83d614.jpg,0.8549152761697769
C:\Users\carmonta\Desktop\data-centric-cross-season-transfer\datasets\train_on_2025_all\images\frame_00079_jpg.rf.60ea72b90ddd80c9307fb4c0fd5b99db.jpg,frame_00079_jpg.rf.60ea72b90ddd80c9307fb4c0fd5b99db.jpg,0.8533190488815308
C:\Users\carmonta\Desktop\data-centric-cross-season-transfer\datasets\train_on_2025_all\images\frame_00079_jpg.rf.624e5de7201ebbb4ba075ea14299ccfb.jpg,frame_00079_jpg.rf.624e5de7201ebbb4ba075ea14299ccfb.jpg,0.7812232077121735
C:\Users\carmonta\Desktop\data-centric-cross-season-transfer\datasets\train_on_2025_all\images\frame_00079_jpg.rf.728a0a9479baaa9797f8133e7d915e4f.jpg,frame_00079_jpg.rf.728a0a9479baaa9797f8133e7d915e4f.jpg,0.8422888666391373
C:\Users\carmonta\Desktop\data-centric-cross-season-transfer\datasets\train_on_2025_all\images\frame_00079_jpg.rf.8ae3de75adbf2bdb21e38c77910f3c85.jpg,frame_00079_jpg.rf.8ae3de75adbf2bdb21e38c77910f3c85.jpg,0.3466850519180298
C:\Users\carmonta\Desktop\data-centric-cross-season-transfer\datasets\train_on_2025_all\images\frame_00079_jpg.rf.b172400bbe24d9234b12f6e2e4a91065.jpg,frame_00079_jpg.rf.b172400bbe24d9234b12f6e2e4a91065.jpg,0.8612985163927078
C:\Users\carmonta\Desktop\data-centric-cross-season-transfer\datasets\train_on_2025_all\images\frame_00079_jpg.rf.d5d28d8a5eca384dc1dc208ad39df2c1.jpg,frame_00079_jpg.rf.d5d28d8a5eca384dc1dc208ad39df2c1.jpg,0.739850252866745
C:\Users\carmonta\Desktop\data-centric-cross-season-transfer\datasets\train_on_2025_all\images\frame_00079_jpg.rf.e638378c2be889e46da35047eedd3201.jpg,frame_00079_jpg.rf.e638378c2be889e46da35047eedd3201.jpg,0.6953113079071045
C:\Users\carmonta\Desktop\data-centric-cross-season-transfer\datasets\train_on_2025_all\images\frame_00079_jpg.rf.e84e782d586a2ad9110b15f241b4dadd.jpg,frame_00079_jpg.rf.e84e782d586a2ad9110b15f241b4dadd.jpg,0.3466850519180298
C:\Users\carmonta\Desktop\data-centric-cross-season-transfer\datasets\train_on_2025_all\images\frame_00079_jpg.rf.fcd18ebd156210f139b9ab564b46febb.jpg,frame_00079_jpg.rf.fcd18ebd156210f139b9ab564b46febb.jpg,0.8531867563724518
C:\Users\carmonta\Desktop\data-centric-cross-season-transfer\datasets\train_on_2025_all\images\frame_00080_jpg.rf.0960e23db69030b862466ee7b9e76999.jpg,frame_00080_jpg.rf.0960e23db69030b862466ee7b9e76999.jpg,0.5071721076965332
C:\Users\carmonta\Desktop\data-centric-cross-season-transfer\datasets\train_on_2025_all\images\frame_00080_jpg.rf.3ad17b4e998d1ab95e1255ea346784d2.jpg,frame_00080_jpg.rf.3ad17b4e998d1ab95e1255ea346784d2.jpg,0.774030476808548
C:\Users\carmonta\Desktop\data-centric-cross-season-transfer\datasets\train_on_2025_all\images\frame_00080_jpg.rf.469aa433cf7ed4698986d8666b8dd077.jpg,frame_00080_jpg.rf.469aa433cf7ed4698986d8666b8dd077.jpg,0.9319962039589882
C:\Users\carmonta\Desktop\data-centric-cross-season-transfer\datasets\train_on_2025_all\images\frame_00080_jpg.rf.4db069dc879101cec5e3458542ce7731.jpg,frame_00080_jpg.rf.4db069dc879101cec5e3458542ce7731.jpg,0.9804452266544104
C:\Users\carmonta\Desktop\data-centric-cross-season-transfer\datasets\train_on_2025_all\images\frame_00080_jpg.rf.94c78113c022d6e817d0f8a27c62ba59.jpg,frame_00080_jpg.rf.94c78113c022d6e817d0f8a27c62ba59.jpg,0.7590992599725723
C:\Users\carmonta\Desktop\data-centric-cross-season-transfer\datasets\train_on_2025_all\images\frame_00080_jpg.rf.a12f9a2b4fe95ededf300c9cef073a97.jpg,frame_00080_jpg.rf.a12f9a2b4fe95ededf300c9cef073a97.jpg,0.9276313334703445
C:\Users\carmonta\Desktop\data-centric-cross-season-transfer\datasets\train_on_2025_all\images\frame_00080_jpg.rf.b7f08447aeb94d9644fb17779145a8c5.jpg,frame_00080_jpg.rf.b7f08447aeb94d9644fb17779145a8c5.jpg,0.9807534497231245
C:\Users\carmonta\Desktop\data-centric-cross-season-transfer\datasets\train_on_2025_all\images\frame_00080_jpg.rf.d994bc3916346c0fc8ce476054ca6e78.jpg,frame_00080_jpg.rf.d994bc3916346c0fc8ce476054ca6e78.jpg,0.7231510877609253
C:\Users\carmonta\Desktop\data-centric-cross-season-transfer\datasets\train_on_2025_all\images\frame_00081_jpg.rf.11887f9ab5908308bb3c1817ecf94e3e.jpg,frame_00081_jpg.rf.11887f9ab5908308bb3c1817ecf94e3e.jpg,0.5987147986888885
C:\Users\carmonta\Desktop\data-centric-cross-season-transfer\datasets\train_on_2025_all\images\frame_00081_jpg.rf.13f8db609066cca65ce15b6cbd9ae591.jpg,frame_00081_jpg.rf.13f8db609066cca65ce15b6cbd9ae591.jpg,0.601066917181015
C:\Users\carmonta\Desktop\data-centric-cross-season-transfer\datasets\train_on_2025_all\images\frame_00081_jpg.rf.1c444e2c1adb09a3da6657ae99710a30.jpg,frame_00081_jpg.rf.1c444e2c1adb09a3da6657ae99710a30.jpg,0.6988999545574188
C:\Users\carmonta\Desktop\data-centric-cross-season-transfer\datasets\train_on_2025_all\images\frame_00081_jpg.rf.1f2dc468100e5a32f7c59e170d6a6902.jpg,frame_00081_jpg.rf.1f2dc468100e5a32f7c59e170d6a6902.jpg,0.886101983487606
C:\Users\carmonta\Desktop\data-centric-cross-season-transfer\datasets\train_on_2025_all\images\frame_00081_jpg.rf.36d9975adcb80718e876e94c0452b520.jpg,frame_00081_jpg.rf.36d9975adcb80718e876e94c0452b520.jpg,0.8584271371364594
C:\Users\carmonta\Desktop\data-centric-cross-season-transfer\datasets\train_on_2025_all\images\frame_00081_jpg.rf.4b42785a64fce5ce1cf312fda55f1a3e.jpg,frame_00081_jpg.rf.4b42785a64fce5ce1cf312fda55f1a3e.jpg,0.6977772414684296
C:\Users\carmonta\Desktop\data-centric-cross-season-transfer\datasets\train_on_2025_all\images\frame_00081_jpg.rf.5752f413ac050961397cce5ba1e6b14b.jpg,frame_00081_jpg.rf.5752f413ac050961397cce5ba1e6b14b.jpg,0.1747753620147705
C:\Users\carmonta\Desktop\data-centric-cross-season-transfer\datasets\train_on_2025_all\images\frame_00081_jpg.rf.63dd2053fa205ac5e4c4a8b6a69b769e.jpg,frame_00081_jpg.rf.63dd2053fa205ac5e4c4a8b6a69b769e.jpg,0.5354591012001038
C:\Users\carmonta\Desktop\data-centric-cross-season-transfer\datasets\train_on_2025_all\images\frame_00081_jpg.rf.88ce8e48fff75b03c58083696451802e.jpg,frame_00081_jpg.rf.88ce8e48fff75b03c58083696451802e.jpg,0.8435094505548477
C:\Users\carmonta\Desktop\data-centric-cross-season-transfer\datasets\train_on_2025_all\images\frame_00081_jpg.rf.b00049b30bec89db2977c5dec5d074c4.jpg,frame_00081_jpg.rf.b00049b30bec89db2977c5dec5d074c4.jpg,0.776602566242218
C:\Users\carmonta\Desktop\data-centric-cross-season-transfer\datasets\train_on_2025_all\images\frame_00081_jpg.rf.cbf19d311c48376276029bf7b8009858.jpg,frame_00081_jpg.rf.cbf19d311c48376276029bf7b8009858.jpg,0.7759555727243423
C:\Users\carmonta\Desktop\data-centric-cross-season-transfer\datasets\train_on_2025_all\images\frame_00081_jpg.rf.e83d2bc04541deaeb60a1036ec9fed15.jpg,frame_00081_jpg.rf.e83d2bc04541deaeb60a1036ec9fed15.jpg,0.1752879023551941
C:\Users\carmonta\Desktop\data-centric-cross-season-transfer\datasets\train_on_2025_all\images\frame_00082_jpg.rf.063d8f328d3283895b0ec095d65cce50.jpg,frame_00082_jpg.rf.063d8f328d3283895b0ec095d65cce50.jpg,0.8041355460882187
C:\Users\carmonta\Desktop\data-centric-cross-season-transfer\datasets\train_on_2025_all\images\frame_00082_jpg.rf.1f0fae801d220051008dcf07c3454ecb.jpg,frame_00082_jpg.rf.1f0fae801d220051008dcf07c3454ecb.jpg,0.8510255217552185
C:\Users\carmonta\Desktop\data-centric-cross-season-transfer\datasets\train_on_2025_all\images\frame_00082_jpg.rf.30efe1e1fe9d89be07ee68e770477d94.jpg,frame_00082_jpg.rf.30efe1e1fe9d89be07ee68e770477d94.jpg,0.8492753058671951
C:\Users\carmonta\Desktop\data-centric-cross-season-transfer\datasets\train_on_2025_all\images\frame_00082_jpg.rf.66e9da3aa73f4ae8514c6a7a5f9f051a.jpg,frame_00082_jpg.rf.66e9da3aa73f4ae8514c6a7a5f9f051a.jpg,0.8050522953271866
C:\Users\carmonta\Desktop\data-centric-cross-season-transfer\datasets\train_on_2025_all\images\frame_00082_jpg.rf.6ecb07a4b683cbca8b782c348f0279d1.jpg,frame_00082_jpg.rf.6ecb07a4b683cbca8b782c348f0279d1.jpg,0.8021043986082077
C:\Users\carmonta\Desktop\data-centric-cross-season-transfer\datasets\train_on_2025_all\images\frame_00082_jpg.rf.709df099765c3541c1032c46ab487b09.jpg,frame_00082_jpg.rf.709df099765c3541c1032c46ab487b09.jpg,0.6545507609844208
C:\Users\carmonta\Desktop\data-centric-cross-season-transfer\datasets\train_on_2025_all\images\frame_00082_jpg.rf.90cd22253090ef1fbd19d80574dc131a.jpg,frame_00082_jpg.rf.90cd22253090ef1fbd19d80574dc131a.jpg,0.631795197725296
C:\Users\carmonta\Desktop\data-centric-cross-season-transfer\datasets\train_on_2025_all\images\frame_00082_jpg.rf.9920e1bedaa7dd9207dc7f087f0a1ced.jpg,frame_00082_jpg.rf.9920e1bedaa7dd9207dc7f087f0a1ced.jpg,0.7686888873577118
C:\Users\carmonta\Desktop\data-centric-cross-season-transfer\datasets\train_on_2025_all\images\frame_00082_jpg.rf.b06217ea09d421999acb6746db3ccad1.jpg,frame_00082_jpg.rf.b06217ea09d421999acb6746db3ccad1.jpg,0.4140193462371826
C:\Users\carmonta\Desktop\data-centric-cross-season-transfer\datasets\train_on_2025_all\images\frame_00082_jpg.rf.ba4d50cea9833b778e6abe10382c0254.jpg,frame_00082_jpg.rf.ba4d50cea9833b778e6abe10382c0254.jpg,0.7724655866622925
C:\Users\carmonta\Desktop\data-centric-cross-season-transfer\datasets\train_on_2025_all\images\frame_00082_jpg.rf.c218207094b459fa878d95555d0927cb.jpg,frame_00082_jpg.rf.c218207094b459fa878d95555d0927cb.jpg,0.7693217843770981
C:\Users\carmonta\Desktop\data-centric-cross-season-transfer\datasets\train_on_2025_all\images\frame_00082_jpg.rf.c9f07f29ba97dc2a12945eeb9f684914.jpg,frame_00082_jpg.rf.c9f07f29ba97dc2a12945eeb9f684914.jpg,0.8572378307580948
C:\Users\carmonta\Desktop\data-centric-cross-season-transfer\datasets\train_on_2025_all\images\frame_00082_jpg.rf.d2890528062dfc703f5b43214247f903.jpg,frame_00082_jpg.rf.d2890528062dfc703f5b43214247f903.jpg,0.40998929738998413
C:\Users\carmonta\Desktop\data-centric-cross-season-transfer\datasets\train_on_2025_all\images\frame_00082_jpg.rf.e0204946a265f86a31495b76026a5d8d.jpg,frame_00082_jpg.rf.e0204946a265f86a31495b76026a5d8d.jpg,0.40262073278427124
C:\Users\carmonta\Desktop\data-centric-cross-season-transfer\datasets\train_on_2025_all\images\frame_00082_jpg.rf.ecd26f50652ac7457fa23bc83dc0ca39.jpg,frame_00082_jpg.rf.ecd26f50652ac7457fa23bc83dc0ca39.jpg,0.797496035695076
C:\Users\carmonta\Desktop\data-centric-cross-season-transfer\datasets\train_on_2025_all\images\frame_00083_jpg.rf.049f7ea9ad42d3e8413f59247b6a322d.jpg,frame_00083_jpg.rf.049f7ea9ad42d3e8413f59247b6a322d.jpg,0.29295241832733154
C:\Users\carmonta\Desktop\data-centric-cross-season-transfer\datasets\train_on_2025_all\images\frame_00083_jpg.rf.177135d23af9ed1b0dd194b4cebfea02.jpg,frame_00083_jpg.rf.177135d23af9ed1b0dd194b4cebfea02.jpg,0.2687816023826599
C:\Users\carmonta\Desktop\data-centric-cross-season-transfer\datasets\train_on_2025_all\images\frame_00083_jpg.rf.33a0e15c0be731a623abcfcbe06dade5.jpg,frame_00083_jpg.rf.33a0e15c0be731a623abcfcbe06dade5.jpg,0.8993003442883492
C:\Users\carmonta\Desktop\data-centric-cross-season-transfer\datasets\train_on_2025_all\images\frame_00083_jpg.rf.6d8c387a1d99ff8435a7afcf7c0e790f.jpg,frame_00083_jpg.rf.6d8c387a1d99ff8435a7afcf7c0e790f.jpg,0.2686915993690491
C:\Users\carmonta\Desktop\data-centric-cross-season-transfer\datasets\train_on_2025_all\images\frame_00083_jpg.rf.7cb7fbf9d640148e9e1e20846c9a0e59.jpg,frame_00083_jpg.rf.7cb7fbf9d640148e9e1e20846c9a0e59.jpg,0.8946545496582985
C:\Users\carmonta\Desktop\data-centric-cross-season-transfer\datasets\train_on_2025_all\images\frame_00083_jpg.rf.9607906f487bb5d7bbee5ae8d622b187.jpg,frame_00083_jpg.rf.9607906f487bb5d7bbee5ae8d622b187.jpg,0.5962454080581665
C:\Users\carmonta\Desktop\data-centric-cross-season-transfer\datasets\train_on_2025_all\images\frame_00083_jpg.rf.97c728206a90ea09a6def13141f2e0b4.jpg,frame_00083_jpg.rf.97c728206a90ea09a6def13141f2e0b4.jpg,0.2737528085708618
C:\Users\carmonta\Desktop\data-centric-cross-season-transfer\datasets\train_on_2025_all\images\frame_00083_jpg.rf.ccc2ff9db61c58375f5bd9fd1ec0b7fc.jpg,frame_00083_jpg.rf.ccc2ff9db61c58375f5bd9fd1ec0b7fc.jpg,0.9099588766694069
C:\Users\carmonta\Desktop\data-centric-cross-season-transfer\datasets\train_on_2025_all\images\frame_00083_jpg.rf.ea885b9c4b3a8f5456d574c6a5af1637.jpg,frame_00083_jpg.rf.ea885b9c4b3a8f5456d574c6a5af1637.jpg,0.2927902340888977
C:\Users\carmonta\Desktop\data-centric-cross-season-transfer\datasets\train_on_2025_all\images\frame_00083_jpg.rf.f18de3c9817e55b9755093d0e552dc04.jpg,frame_00083_jpg.rf.f18de3c9817e55b9755093d0e552dc04.jpg,0.5964938998222351
C:\Users\carmonta\Desktop\data-centric-cross-season-transfer\datasets\train_on_2025_all\images\frame_00083_jpg.rf.fd9106caad80a1970676db79de8abb5f.jpg,frame_00083_jpg.rf.fd9106caad80a1970676db79de8abb5f.jpg,0.29202157258987427
C:\Users\carmonta\Desktop\data-centric-cross-season-transfer\datasets\train_on_2025_all\images\frame_00084_jpg.rf.05c0652f6952f1f2614b42dee2aae20f.jpg,frame_00084_jpg.rf.05c0652f6952f1f2614b42dee2aae20f.jpg,0.43477100133895874
C:\Users\carmonta\Desktop\data-centric-cross-season-transfer\datasets\train_on_2025_all\images\frame_00084_jpg.rf.2d8bc5b60c7b933ca2353a4c9a6711b9.jpg,frame_00084_jpg.rf.2d8bc5b60c7b933ca2353a4c9a6711b9.jpg,0.3979194164276123
C:\Users\carmonta\Desktop\data-centric-cross-season-transfer\datasets\train_on_2025_all\images\frame_00084_jpg.rf.47fc53a43a41a74a33c3c24e77e619f0.jpg,frame_00084_jpg.rf.47fc53a43a41a74a33c3c24e77e619f0.jpg,0.566116601228714
C:\Users\carmonta\Desktop\data-centric-cross-season-transfer\datasets\train_on_2025_all\images\frame_00084_jpg.rf.86731da5195f165e41d1b5b1245dd00c.jpg,frame_00084_jpg.rf.86731da5195f165e41d1b5b1245dd00c.jpg,0.43446969985961914
C:\Users\carmonta\Desktop\data-centric-cross-season-transfer\datasets\train_on_2025_all\images\frame_00084_jpg.rf.86ca6d772a18a85c34cb9b09fc624e2d.jpg,frame_00084_jpg.rf.86ca6d772a18a85c34cb9b09fc624e2d.jpg,0.5309485197067261
C:\Users\carmonta\Desktop\data-centric-cross-season-transfer\datasets\train_on_2025_all\images\frame_00084_jpg.rf.8ff070fd0f090f60ead95a56a496f036.jpg,frame_00084_jpg.rf.8ff070fd0f090f60ead95a56a496f036.jpg,0.39454036951065063
C:\Users\carmonta\Desktop\data-centric-cross-season-transfer\datasets\train_on_2025_all\images\frame_00084_jpg.rf.95cc8d7188711f21b4e304fd4f89d67d.jpg,frame_00084_jpg.rf.95cc8d7188711f21b4e304fd4f89d67d.jpg,0.5718713700771332
C:\Users\carmonta\Desktop\data-centric-cross-season-transfer\datasets\train_on_2025_all\images\frame_00084_jpg.rf.b03fdbbeed3d555106412116f4ba62c5.jpg,frame_00084_jpg.rf.b03fdbbeed3d555106412116f4ba62c5.jpg,0.5395712554454803
C:\Users\carmonta\Desktop\data-centric-cross-season-transfer\datasets\train_on_2025_all\images\frame_00084_jpg.rf.be4e6188b6ef0533fd828220a9daf91d.jpg,frame_00084_jpg.rf.be4e6188b6ef0533fd828220a9daf91d.jpg,0.5636348128318787
C:\Users\carmonta\Desktop\data-centric-cross-season-transfer\datasets\train_on_2025_all\images\frame_00085_jpg.rf.04ec43de67b7ccce1d05f9376b6dfec4.jpg,frame_00085_jpg.rf.04ec43de67b7ccce1d05f9376b6dfec4.jpg,0.8720836490392685
C:\Users\carmonta\Desktop\data-centric-cross-season-transfer\datasets\train_on_2025_all\images\frame_00085_jpg.rf.0e9a1203946c87724bb6aac2fd156fdd.jpg,frame_00085_jpg.rf.0e9a1203946c87724bb6aac2fd156fdd.jpg,0.262336790561676
C:\Users\carmonta\Desktop\data-centric-cross-season-transfer\datasets\train_on_2025_all\images\frame_00085_jpg.rf.1161fca6571b4ad91231bf29e580b421.jpg,frame_00085_jpg.rf.1161fca6571b4ad91231bf29e580b421.jpg,0.3640109896659851
C:\Users\carmonta\Desktop\data-centric-cross-season-transfer\datasets\train_on_2025_all\images\frame_00085_jpg.rf.6cbf5cf3e20e7c34b749020a3e1b984d.jpg,frame_00085_jpg.rf.6cbf5cf3e20e7c34b749020a3e1b984d.jpg,0.36757516860961914
C:\Users\carmonta\Desktop\data-centric-cross-season-transfer\datasets\train_on_2025_all\images\frame_00085_jpg.rf.750f34d787974ff6c8c80b7f34b43cc0.jpg,frame_00085_jpg.rf.750f34d787974ff6c8c80b7f34b43cc0.jpg,0.636161595582962
C:\Users\carmonta\Desktop\data-centric-cross-season-transfer\datasets\train_on_2025_all\images\frame_00085_jpg.rf.844b01290ed551f9b286411da7f4c8fc.jpg,frame_00085_jpg.rf.844b01290ed551f9b286411da7f4c8fc.jpg,0.366041362285614
C:\Users\carmonta\Desktop\data-centric-cross-season-transfer\datasets\train_on_2025_all\images\frame_00085_jpg.rf.aa704dd311ed1ea17cf5e875c6e09a77.jpg,frame_00085_jpg.rf.aa704dd311ed1ea17cf5e875c6e09a77.jpg,0.3654387593269348
C:\Users\carmonta\Desktop\data-centric-cross-season-transfer\datasets\train_on_2025_all\images\frame_00085_jpg.rf.c591bc1e27531cd22c8390ca336d7a76.jpg,frame_00085_jpg.rf.c591bc1e27531cd22c8390ca336d7a76.jpg,0.8559351861476898
C:\Users\carmonta\Desktop\data-centric-cross-season-transfer\datasets\train_on_2025_all\images\frame_00085_jpg.rf.ded2d2a400010488d355d72962ea04c9.jpg,frame_00085_jpg.rf.ded2d2a400010488d355d72962ea04c9.jpg,0.6461526155471802
C:\Users\carmonta\Desktop\data-centric-cross-season-transfer\datasets\train_on_2025_all\images\frame_00085_jpg.rf.ecce20b9f85124d9b51b20733f86ee05.jpg,frame_00085_jpg.rf.ecce20b9f85124d9b51b20733f86ee05.jpg,0.4954437017440796
C:\Users\carmonta\Desktop\data-centric-cross-season-transfer\datasets\train_on_2025_all\images\frame_00085_jpg.rf.f2f0bb961fb7a62c4d472356c8f06666.jpg,frame_00085_jpg.rf.f2f0bb961fb7a62c4d472356c8f06666.jpg,0.6462752819061279
C:\Users\carmonta\Desktop\data-centric-cross-season-transfer\datasets\train_on_2025_all\images\frame_00085_jpg.rf.fa2421e69682de63bcb464de02e68eaf.jpg,frame_00085_jpg.rf.fa2421e69682de63bcb464de02e68eaf.jpg,0.30932700634002686
C:\Users\carmonta\Desktop\data-centric-cross-season-transfer\datasets\train_on_2025_all\images\frame_00085_jpg.rf.fcbe9a885e3254846da5e39e39df7076.jpg,frame_00085_jpg.rf.fcbe9a885e3254846da5e39e39df7076.jpg,0.26363927125930786
C:\Users\carmonta\Desktop\data-centric-cross-season-transfer\datasets\train_on_2025_all\images\frame_00085_jpg.rf.fdfe7390b29d43d0f420d8f63776a570.jpg,frame_00085_jpg.rf.fdfe7390b29d43d0f420d8f63776a570.jpg,0.8637792468070984
C:\Users\carmonta\Desktop\data-centric-cross-season-transfer\datasets\train_on_2025_all\images\frame_00086_jpg.rf.231a8ca5c74a529a2d6f1d7e6633aaea.jpg,frame_00086_jpg.rf.231a8ca5c74a529a2d6f1d7e6633aaea.jpg,0.34231019020080566
C:\Users\carmonta\Desktop\data-centric-cross-season-transfer\datasets\train_on_2025_all\images\frame_00086_jpg.rf.38d25f6e9238641c8f3f68a1dcd0feba.jpg,frame_00086_jpg.rf.38d25f6e9238641c8f3f68a1dcd0feba.jpg,0.33740031719207764
C:\Users\carmonta\Desktop\data-centric-cross-season-transfer\datasets\train_on_2025_all\images\frame_00086_jpg.rf.76c0da3e6687eb529780d69362c35429.jpg,frame_00086_jpg.rf.76c0da3e6687eb529780d69362c35429.jpg,0.44432586431503296
C:\Users\carmonta\Desktop\data-centric-cross-season-transfer\datasets\train_on_2025_all\images\frame_00086_jpg.rf.7ffe067a967065644a13b881cf777259.jpg,frame_00086_jpg.rf.7ffe067a967065644a13b881cf777259.jpg,0.48017317056655884
C:\Users\carmonta\Desktop\data-centric-cross-season-transfer\datasets\train_on_2025_all\images\frame_00086_jpg.rf.9d415e29ddb26f99ddd6d6ead4cc3f8c.jpg,frame_00086_jpg.rf.9d415e29ddb26f99ddd6d6ead4cc3f8c.jpg,0.44597744941711426
C:\Users\carmonta\Desktop\data-centric-cross-season-transfer\datasets\train_on_2025_all\images\frame_00086_jpg.rf.ae5b5728d114c52b70d77dbfb85f07b4.jpg,frame_00086_jpg.rf.ae5b5728d114c52b70d77dbfb85f07b4.jpg,0.622246503829956
C:\Users\carmonta\Desktop\data-centric-cross-season-transfer\datasets\train_on_2025_all\images\frame_00086_jpg.rf.ccb77c006309cba021e0b42f529b9105.jpg,frame_00086_jpg.rf.ccb77c006309cba021e0b42f529b9105.jpg,0.6216534078121185
C:\Users\carmonta\Desktop\data-centric-cross-season-transfer\datasets\train_on_2025_all\images\frame_00086_jpg.rf.cf2dee4e89d41c649134f6047a7f98a4.jpg,frame_00086_jpg.rf.cf2dee4e89d41c649134f6047a7f98a4.jpg,0.6204949617385864
C:\Users\carmonta\Desktop\data-centric-cross-season-transfer\datasets\train_on_2025_all\images\frame_00087_jpg.rf.0defcf7f8e9bca37291d6b0a8683a7b1.jpg,frame_00087_jpg.rf.0defcf7f8e9bca37291d6b0a8683a7b1.jpg,0.23478543758392334
C:\Users\carmonta\Desktop\data-centric-cross-season-transfer\datasets\train_on_2025_all\images\frame_00087_jpg.rf.13a12e48c3e654a3a2189530007a8d47.jpg,frame_00087_jpg.rf.13a12e48c3e654a3a2189530007a8d47.jpg,0.5200478136539459
C:\Users\carmonta\Desktop\data-centric-cross-season-transfer\datasets\train_on_2025_all\images\frame_00087_jpg.rf.6a67fb71c65caa779c3c9f99d5bfa803.jpg,frame_00087_jpg.rf.6a67fb71c65caa779c3c9f99d5bfa803.jpg,0.8253280222415924
C:\Users\carmonta\Desktop\data-centric-cross-season-transfer\datasets\train_on_2025_all\images\frame_00087_jpg.rf.702b838c9f5387c482d8281c65ca83c3.jpg,frame_00087_jpg.rf.702b838c9f5387c482d8281c65ca83c3.jpg,0.8248240798711777
C:\Users\carmonta\Desktop\data-centric-cross-season-transfer\datasets\train_on_2025_all\images\frame_00087_jpg.rf.7cb87a27d76c6be6a9a9223e89785e14.jpg,frame_00087_jpg.rf.7cb87a27d76c6be6a9a9223e89785e14.jpg,0.8096874058246613
C:\Users\carmonta\Desktop\data-centric-cross-season-transfer\datasets\train_on_2025_all\images\frame_00087_jpg.rf.8d336092e2227bd846f2adf57833a5ab.jpg,frame_00087_jpg.rf.8d336092e2227bd846f2adf57833a5ab.jpg,0.23058336973190308
C:\Users\carmonta\Desktop\data-centric-cross-season-transfer\datasets\train_on_2025_all\images\frame_00087_jpg.rf.952aefbd5877e10931c6a1b95cb44103.jpg,frame_00087_jpg.rf.952aefbd5877e10931c6a1b95cb44103.jpg,0.817406103014946
C:\Users\carmonta\Desktop\data-centric-cross-season-transfer\datasets\train_on_2025_all\images\frame_00087_jpg.rf.b7475a9039b5c11a3b48b8f848026b33.jpg,frame_00087_jpg.rf.b7475a9039b5c11a3b48b8f848026b33.jpg,0.8254010826349258
C:\Users\carmonta\Desktop\data-centric-cross-season-transfer\datasets\train_on_2025_all\images\frame_00087_jpg.rf.ea9df635dd1c909ed538be153db5548f.jpg,frame_00087_jpg.rf.ea9df635dd1c909ed538be153db5548f.jpg,0.5237179100513458
C:\Users\carmonta\Desktop\data-centric-cross-season-transfer\datasets\train_on_2025_all\images\frame_00088_jpg.rf.085d0c06516a6ac9948d7104b0a7faee.jpg,frame_00088_jpg.rf.085d0c06516a6ac9948d7104b0a7faee.jpg,0.6469144821166992
C:\Users\carmonta\Desktop\data-centric-cross-season-transfer\datasets\train_on_2025_all\images\frame_00088_jpg.rf.2c544c2ec52a3ef747e6485a7575c313.jpg,frame_00088_jpg.rf.2c544c2ec52a3ef747e6485a7575c313.jpg,0.5688592195510864
C:\Users\carmonta\Desktop\data-centric-cross-season-transfer\datasets\train_on_2025_all\images\frame_00088_jpg.rf.34d942644c8b56ace203e826c58a244b.jpg,frame_00088_jpg.rf.34d942644c8b56ace203e826c58a244b.jpg,0.6450187563896179
C:\Users\carmonta\Desktop\data-centric-cross-season-transfer\datasets\train_on_2025_all\images\frame_00088_jpg.rf.5d4c6e509de053a39b55f30a64becc79.jpg,frame_00088_jpg.rf.5d4c6e509de053a39b55f30a64becc79.jpg,0.6170074939727783
C:\Users\carmonta\Desktop\data-centric-cross-season-transfer\datasets\train_on_2025_all\images\frame_00088_jpg.rf.5da0f12485b1e6a02aacd4b8333ea691.jpg,frame_00088_jpg.rf.5da0f12485b1e6a02aacd4b8333ea691.jpg,0.6616999208927155
C:\Users\carmonta\Desktop\data-centric-cross-season-transfer\datasets\train_on_2025_all\images\frame_00088_jpg.rf.887f60abf987023f3313d57adf26e9e0.jpg,frame_00088_jpg.rf.887f60abf987023f3313d57adf26e9e0.jpg,0.642747700214386
C:\Users\carmonta\Desktop\data-centric-cross-season-transfer\datasets\train_on_2025_all\images\frame_00088_jpg.rf.91e8a70545c1721b815477917db02a4f.jpg,frame_00088_jpg.rf.91e8a70545c1721b815477917db02a4f.jpg,0.14851385354995728
C:\Users\carmonta\Desktop\data-centric-cross-season-transfer\datasets\train_on_2025_all\images\frame_00088_jpg.rf.9d925ed0828f2d28c440c1f70764ee62.jpg,frame_00088_jpg.rf.9d925ed0828f2d28c440c1f70764ee62.jpg,0.14739990234375
C:\Users\carmonta\Desktop\data-centric-cross-season-transfer\datasets\train_on_2025_all\images\frame_00088_jpg.rf.d632c5137fbbda859be9d6c361b22846.jpg,frame_00088_jpg.rf.d632c5137fbbda859be9d6c361b22846.jpg,0.6784531474113464
C:\Users\carmonta\Desktop\data-centric-cross-season-transfer\datasets\train_on_2025_all\images\frame_00088_jpg.rf.e9378952f52cfdeb79796f81477908e3.jpg,frame_00088_jpg.rf.e9378952f52cfdeb79796f81477908e3.jpg,0.7109428346157074
C:\Users\carmonta\Desktop\data-centric-cross-season-transfer\datasets\train_on_2025_all\images\frame_00088_jpg.rf.ebecc63fddba84b66d9fb72b958e09e4.jpg,frame_00088_jpg.rf.ebecc63fddba84b66d9fb72b958e09e4.jpg,0.7117819488048553
C:\Users\carmonta\Desktop\data-centric-cross-season-transfer\datasets\train_on_2025_all\images\frame_00089_jpg.rf.47f21dfe9c678478e779fae78a20c7aa.jpg,frame_00089_jpg.rf.47f21dfe9c678478e779fae78a20c7aa.jpg,0.35634392499923706
C:\Users\carmonta\Desktop\data-centric-cross-season-transfer\datasets\train_on_2025_all\images\frame_00089_jpg.rf.65357cb4c83c6223d5b3f2cfdb4bf7ae.jpg,frame_00089_jpg.rf.65357cb4c83c6223d5b3f2cfdb4bf7ae.jpg,0.1866580843925476
C:\Users\carmonta\Desktop\data-centric-cross-season-transfer\datasets\train_on_2025_all\images\frame_00089_jpg.rf.7474ace6da236cc78b6bd6516df5abb5.jpg,frame_00089_jpg.rf.7474ace6da236cc78b6bd6516df5abb5.jpg,0.35571378469467163
C:\Users\carmonta\Desktop\data-centric-cross-season-transfer\datasets\train_on_2025_all\images\frame_00089_jpg.rf.8a5da7b6a4b7a8c8807b5f50f1fab6c3.jpg,frame_00089_jpg.rf.8a5da7b6a4b7a8c8807b5f50f1fab6c3.jpg,0.35653167963027954
C:\Users\carmonta\Desktop\data-centric-cross-season-transfer\datasets\train_on_2025_all\images\frame_00089_jpg.rf.a4c637e0cb439e74ec226424f9a2e2ba.jpg,frame_00089_jpg.rf.a4c637e0cb439e74ec226424f9a2e2ba.jpg,0.3986508846282959
C:\Users\carmonta\Desktop\data-centric-cross-season-transfer\datasets\train_on_2025_all\images\frame_00089_jpg.rf.d086e38f5e66f33a99f9e4efbdcec98f.jpg,frame_00089_jpg.rf.d086e38f5e66f33a99f9e4efbdcec98f.jpg,0.3565516471862793
C:\Users\carmonta\Desktop\data-centric-cross-season-transfer\datasets\train_on_2025_all\images\frame_00090_jpg.rf.1453d75906f6168bfaf20fe8f8ea988c.jpg,frame_00090_jpg.rf.1453d75906f6168bfaf20fe8f8ea988c.jpg,0.704488068819046
C:\Users\carmonta\Desktop\data-centric-cross-season-transfer\datasets\train_on_2025_all\images\frame_00090_jpg.rf.2cd8b22f5de151c74c68ac7b1c63f48e.jpg,frame_00090_jpg.rf.2cd8b22f5de151c74c68ac7b1c63f48e.jpg,0.6765396893024445
C:\Users\carmonta\Desktop\data-centric-cross-season-transfer\datasets\train_on_2025_all\images\frame_00090_jpg.rf.2e9bd3cf5ffe63d39a534acebd42c7ec.jpg,frame_00090_jpg.rf.2e9bd3cf5ffe63d39a534acebd42c7ec.jpg,0.22008967399597168
C:\Users\carmonta\Desktop\data-centric-cross-season-transfer\datasets\train_on_2025_all\images\frame_00090_jpg.rf.30f33aec70cbb56931a078cd73039d67.jpg,frame_00090_jpg.rf.30f33aec70cbb56931a078cd73039d67.jpg,0.5943315029144287
C:\Users\carmonta\Desktop\data-centric-cross-season-transfer\datasets\train_on_2025_all\images\frame_00090_jpg.rf.4078aa3eb969768839583318d6651a91.jpg,frame_00090_jpg.rf.4078aa3eb969768839583318d6651a91.jpg,0.673057496547699
C:\Users\carmonta\Desktop\data-centric-cross-season-transfer\datasets\train_on_2025_all\images\frame_00090_jpg.rf.60de19cb6127821bb76314e44b056238.jpg,frame_00090_jpg.rf.60de19cb6127821bb76314e44b056238.jpg,0.7938756048679352
C:\Users\carmonta\Desktop\data-centric-cross-season-transfer\datasets\train_on_2025_all\images\frame_00090_jpg.rf.6ebb4d785214a49764d33dfcde83ee22.jpg,frame_00090_jpg.rf.6ebb4d785214a49764d33dfcde83ee22.jpg,0.21843141317367554
C:\Users\carmonta\Desktop\data-centric-cross-season-transfer\datasets\train_on_2025_all\images\frame_00090_jpg.rf.7bb1bdf5d4103856e5f721236f29d813.jpg,frame_00090_jpg.rf.7bb1bdf5d4103856e5f721236f29d813.jpg,0.8126716911792755
C:\Users\carmonta\Desktop\data-centric-cross-season-transfer\datasets\train_on_2025_all\images\frame_00090_jpg.rf.7ea47bf9a6bc888c967cf51784b61d75.jpg,frame_00090_jpg.rf.7ea47bf9a6bc888c967cf51784b61d75.jpg,0.7085333466529846
C:\Users\carmonta\Desktop\data-centric-cross-season-transfer\datasets\train_on_2025_all\images\frame_00090_jpg.rf.85c1060ab62efb7561ae3edbf5c7641c.jpg,frame_00090_jpg.rf.85c1060ab62efb7561ae3edbf5c7641c.jpg,0.5948955416679382
C:\Users\carmonta\Desktop\data-centric-cross-season-transfer\datasets\train_on_2025_all\images\frame_00090_jpg.rf.b38b94e1f8466f86b0794254433f0e63.jpg,frame_00090_jpg.rf.b38b94e1f8466f86b0794254433f0e63.jpg,0.7014412581920624
C:\Users\carmonta\Desktop\data-centric-cross-season-transfer\datasets\train_on_2025_all\images\frame_00090_jpg.rf.f15ee5dce3f36e649622e8213eca5f17.jpg,frame_00090_jpg.rf.f15ee5dce3f36e649622e8213eca5f17.jpg,0.21861016750335693
C:\Users\carmonta\Desktop\data-centric-cross-season-transfer\datasets\train_on_2025_all\images\frame_00090_jpg.rf.f4ac0c83dc8e91c0e68d97029549cd0d.jpg,frame_00090_jpg.rf.f4ac0c83dc8e91c0e68d97029549cd0d.jpg,0.7181216180324554
C:\Users\carmonta\Desktop\data-centric-cross-season-transfer\datasets\train_on_2025_all\images\frame_00090_jpg.rf.f9e089d1ed97088bd634444b6e2a8fae.jpg,frame_00090_jpg.rf.f9e089d1ed97088bd634444b6e2a8fae.jpg,0.8063706755638123
C:\Users\carmonta\Desktop\data-centric-cross-season-transfer\datasets\train_on_2025_all\images\frame_00091_jpg.rf.2324858d4d78912b41ff0c9185569bf3.jpg,frame_00091_jpg.rf.2324858d4d78912b41ff0c9185569bf3.jpg,0.5208119750022888
C:\Users\carmonta\Desktop\data-centric-cross-season-transfer\datasets\train_on_2025_all\images\frame_00091_jpg.rf.49a020127958af0f36f0760848f8bac6.jpg,frame_00091_jpg.rf.49a020127958af0f36f0760848f8bac6.jpg,0.864441379904747
C:\Users\carmonta\Desktop\data-centric-cross-season-transfer\datasets\train_on_2025_all\images\frame_00091_jpg.rf.974b6b31b7262170ed0c6352309f4189.jpg,frame_00091_jpg.rf.974b6b31b7262170ed0c6352309f4189.jpg,0.974276265129447
C:\Users\carmonta\Desktop\data-centric-cross-season-transfer\datasets\train_on_2025_all\images\frame_00091_jpg.rf.9e21a184196a39949dc2b962f9ee8710.jpg,frame_00091_jpg.rf.9e21a184196a39949dc2b962f9ee8710.jpg,0.4883314371109009
C:\Users\carmonta\Desktop\data-centric-cross-season-transfer\datasets\train_on_2025_all\images\frame_00091_jpg.rf.a42f4601b9810cf874fe445437e60835.jpg,frame_00091_jpg.rf.a42f4601b9810cf874fe445437e60835.jpg,0.8109062165021896
C:\Users\carmonta\Desktop\data-centric-cross-season-transfer\datasets\train_on_2025_all\images\frame_00091_jpg.rf.aebe15e8d901546151e924e367e5c36b.jpg,frame_00091_jpg.rf.aebe15e8d901546151e924e367e5c36b.jpg,0.44515639543533325
C:\Users\carmonta\Desktop\data-centric-cross-season-transfer\datasets\train_on_2025_all\images\frame_00091_jpg.rf.bbbc7a96b4f205b7acb274fece3594ff.jpg,frame_00091_jpg.rf.bbbc7a96b4f205b7acb274fece3594ff.jpg,0.8647362440824509
C:\Users\carmonta\Desktop\data-centric-cross-season-transfer\datasets\train_on_2025_all\images\frame_00091_jpg.rf.c2bf8d118dbde4895a08f0754254cde2.jpg,frame_00091_jpg.rf.c2bf8d118dbde4895a08f0754254cde2.jpg,0.5208119750022888
C:\Users\carmonta\Desktop\data-centric-cross-season-transfer\datasets\train_on_2025_all\images\frame_00091_jpg.rf.d740c5e002bb7fb8ffce657caaea2510.jpg,frame_00091_jpg.rf.d740c5e002bb7fb8ffce657caaea2510.jpg,0.9387117959558964
C:\Users\carmonta\Desktop\data-centric-cross-season-transfer\datasets\train_on_2025_all\images\frame_00091_jpg.rf.dcd8041c004425b36e0b5c671ee57609.jpg,frame_00091_jpg.rf.dcd8041c004425b36e0b5c671ee57609.jpg,0.445237934589386
C:\Users\carmonta\Desktop\data-centric-cross-season-transfer\datasets\train_on_2025_all\images\frame_00091_jpg.rf.eb58b6570b5d5863afe9af6143227bfd.jpg,frame_00091_jpg.rf.eb58b6570b5d5863afe9af6143227bfd.jpg,0.7882392257452011
C:\Users\carmonta\Desktop\data-centric-cross-season-transfer\datasets\train_on_2025_all\images\frame_00092_jpg.rf.24f8010f7fa1f9de0c2ba8b62d188036.jpg,frame_00092_jpg.rf.24f8010f7fa1f9de0c2ba8b62d188036.jpg,0.7237577736377716
C:\Users\carmonta\Desktop\data-centric-cross-season-transfer\datasets\train_on_2025_all\images\frame_00092_jpg.rf.271d5ab25dfcfaa99eeb0b9a9d21a4d9.jpg,frame_00092_jpg.rf.271d5ab25dfcfaa99eeb0b9a9d21a4d9.jpg,0.5925748944282532
C:\Users\carmonta\Desktop\data-centric-cross-season-transfer\datasets\train_on_2025_all\images\frame_00092_jpg.rf.31c834486d2db4945cc8c40280c4135a.jpg,frame_00092_jpg.rf.31c834486d2db4945cc8c40280c4135a.jpg,0.6083210706710815
C:\Users\carmonta\Desktop\data-centric-cross-season-transfer\datasets\train_on_2025_all\images\frame_00092_jpg.rf.4d717835b6bbbea0a2429fffd5d837b2.jpg,frame_00092_jpg.rf.4d717835b6bbbea0a2429fffd5d837b2.jpg,0.6078723073005676
C:\Users\carmonta\Desktop\data-centric-cross-season-transfer\datasets\train_on_2025_all\images\frame_00092_jpg.rf.4e7d1be2bab69a81a36a8b3d367322cc.jpg,frame_00092_jpg.rf.4e7d1be2bab69a81a36a8b3d367322cc.jpg,0.7051960229873657
C:\Users\carmonta\Desktop\data-centric-cross-season-transfer\datasets\train_on_2025_all\images\frame_00092_jpg.rf.50af9ccb7b23d7c46f51719eecb59d92.jpg,frame_00092_jpg.rf.50af9ccb7b23d7c46f51719eecb59d92.jpg,0.5868726670742035
C:\Users\carmonta\Desktop\data-centric-cross-season-transfer\datasets\train_on_2025_all\images\frame_00092_jpg.rf.5804fa9fb75f881883de58e3f259a5de.jpg,frame_00092_jpg.rf.5804fa9fb75f881883de58e3f259a5de.jpg,0.6054498851299286
C:\Users\carmonta\Desktop\data-centric-cross-season-transfer\datasets\train_on_2025_all\images\frame_00092_jpg.rf.5a2ce7fd47018b934894efac416a8425.jpg,frame_00092_jpg.rf.5a2ce7fd47018b934894efac416a8425.jpg,0.5188003778457642
C:\Users\carmonta\Desktop\data-centric-cross-season-transfer\datasets\train_on_2025_all\images\frame_00092_jpg.rf.b37be458bed61533b55ffe9262398f74.jpg,frame_00092_jpg.rf.b37be458bed61533b55ffe9262398f74.jpg,0.5470541417598724
C:\Users\carmonta\Desktop\data-centric-cross-season-transfer\datasets\train_on_2025_all\images\frame_00092_jpg.rf.b9d633fa9859970640e47f390fd85d08.jpg,frame_00092_jpg.rf.b9d633fa9859970640e47f390fd85d08.jpg,0.547063022851944
C:\Users\carmonta\Desktop\data-centric-cross-season-transfer\datasets\train_on_2025_all\images\frame_00092_jpg.rf.c536c659ef2a431ee6772a68f901c06e.jpg,frame_00092_jpg.rf.c536c659ef2a431ee6772a68f901c06e.jpg,0.7482962906360626
C:\Users\carmonta\Desktop\data-centric-cross-season-transfer\datasets\train_on_2025_all\images\frame_00092_jpg.rf.e6d1fed4322e6020e638f9f560df7cc4.jpg,frame_00092_jpg.rf.e6d1fed4322e6020e638f9f560df7cc4.jpg,0.5889475047588348
C:\Users\carmonta\Desktop\data-centric-cross-season-transfer\datasets\train_on_2025_all\images\frame_00093_jpg.rf.059d082d146fae63b372789316b6e454.jpg,frame_00093_jpg.rf.059d082d146fae63b372789316b6e454.jpg,0.40418505668640137
C:\Users\carmonta\Desktop\data-centric-cross-season-transfer\datasets\train_on_2025_all\images\frame_00093_jpg.rf.5f7bd94e923560a3fca2e892c7921fc7.jpg,frame_00093_jpg.rf.5f7bd94e923560a3fca2e892c7921fc7.jpg,0.39044713973999023
C:\Users\carmonta\Desktop\data-centric-cross-season-transfer\datasets\train_on_2025_all\images\frame_00093_jpg.rf.7a49d46dc68fb93f5e9a3aaf771c702d.jpg,frame_00093_jpg.rf.7a49d46dc68fb93f5e9a3aaf771c702d.jpg,0.5321967899799347
C:\Users\carmonta\Desktop\data-centric-cross-season-transfer\datasets\train_on_2025_all\images\frame_00093_jpg.rf.9ae7647d2480453df9552d026bb6935a.jpg,frame_00093_jpg.rf.9ae7647d2480453df9552d026bb6935a.jpg,0.4686819911003113
C:\Users\carmonta\Desktop\data-centric-cross-season-transfer\datasets\train_on_2025_all\images\frame_00093_jpg.rf.9f4ffe2fd18580197a7bed003d4756c7.jpg,frame_00093_jpg.rf.9f4ffe2fd18580197a7bed003d4756c7.jpg,0.5309797525405884
C:\Users\carmonta\Desktop\data-centric-cross-season-transfer\datasets\train_on_2025_all\images\frame_00093_jpg.rf.a70de9b15a46983f92a75ccd7790f9b8.jpg,frame_00093_jpg.rf.a70de9b15a46983f92a75ccd7790f9b8.jpg,0.5335156321525574
C:\Users\carmonta\Desktop\data-centric-cross-season-transfer\datasets\train_on_2025_all\images\frame_00093_jpg.rf.ae171a20e6af5a9ef50e6feb3ff4753c.jpg,frame_00093_jpg.rf.ae171a20e6af5a9ef50e6feb3ff4753c.jpg,0.7166787385940552
C:\Users\carmonta\Desktop\data-centric-cross-season-transfer\datasets\train_on_2025_all\images\frame_00093_jpg.rf.b5ac52c15d5ce6945c88cc4018240bcf.jpg,frame_00093_jpg.rf.b5ac52c15d5ce6945c88cc4018240bcf.jpg,0.40897583961486816
C:\Users\carmonta\Desktop\data-centric-cross-season-transfer\datasets\train_on_2025_all\images\frame_00093_jpg.rf.ef88df0205a9e04078fbea973180aabb.jpg,frame_00093_jpg.rf.ef88df0205a9e04078fbea973180aabb.jpg,0.4584934711456299
C:\Users\carmonta\Desktop\data-centric-cross-season-transfer\datasets\train_on_2025_all\images\frame_00094_jpg.rf.007bcd002caf661d456b7a45e0c1b308.jpg,frame_00094_jpg.rf.007bcd002caf661d456b7a45e0c1b308.jpg,0.49465757608413696
C:\Users\carmonta\Desktop\data-centric-cross-season-transfer\datasets\train_on_2025_all\images\frame_00094_jpg.rf.23682a37c4862681c825fba8ba3b59bc.jpg,frame_00094_jpg.rf.23682a37c4862681c825fba8ba3b59bc.jpg,0.31896495819091797
C:\Users\carmonta\Desktop\data-centric-cross-season-transfer\datasets\train_on_2025_all\images\frame_00094_jpg.rf.8debf0d6c0ccea18413edfc566bd0438.jpg,frame_00094_jpg.rf.8debf0d6c0ccea18413edfc566bd0438.jpg,0.3204649090766907
C:\Users\carmonta\Desktop\data-centric-cross-season-transfer\datasets\train_on_2025_all\images\frame_00094_jpg.rf.c67ff41fc16379591f8704b9954e234e.jpg,frame_00094_jpg.rf.c67ff41fc16379591f8704b9954e234e.jpg,0.3210034966468811
C:\Users\carmonta\Desktop\data-centric-cross-season-transfer\datasets\train_on_2025_all\images\frame_00094_jpg.rf.d2bc79b48cd26edc645ff9dceff78342.jpg,frame_00094_jpg.rf.d2bc79b48cd26edc645ff9dceff78342.jpg,0.7271600067615509
C:\Users\carmonta\Desktop\data-centric-cross-season-transfer\datasets\train_on_2025_all\images\frame_00094_jpg.rf.d9c61fe7d3709eadcab8c1c549f4f978.jpg,frame_00094_jpg.rf.d9c61fe7d3709eadcab8c1c549f4f978.jpg,0.727253645658493
C:\Users\carmonta\Desktop\data-centric-cross-season-transfer\datasets\train_on_2025_all\images\frame_00094_jpg.rf.f19b4af8d8c378e5460624e1574b5b22.jpg,frame_00094_jpg.rf.f19b4af8d8c378e5460624e1574b5b22.jpg,0.495891809463501
C:\Users\carmonta\Desktop\data-centric-cross-season-transfer\datasets\train_on_2025_all\images\frame_00094_jpg.rf.f7e73ba53b2612f8b092654d792a13d5.jpg,frame_00094_jpg.rf.f7e73ba53b2612f8b092654d792a13d5.jpg,0.7147340774536133
C:\Users\carmonta\Desktop\data-centric-cross-season-transfer\datasets\train_on_2025_all\images\frame_00095_jpg.rf.0254d627a599fe2f81be69842fc8dc6d.jpg,frame_00095_jpg.rf.0254d627a599fe2f81be69842fc8dc6d.jpg,0.6445156335830688
C:\Users\carmonta\Desktop\data-centric-cross-season-transfer\datasets\train_on_2025_all\images\frame_00095_jpg.rf.05b13dc43bc396f17c2980411c919ecb.jpg,frame_00095_jpg.rf.05b13dc43bc396f17c2980411c919ecb.jpg,0.48461687564849854
C:\Users\carmonta\Desktop\data-centric-cross-season-transfer\datasets\train_on_2025_all\images\frame_00095_jpg.rf.1868eb3d0df489350d76f14b2415783e.jpg,frame_00095_jpg.rf.1868eb3d0df489350d76f14b2415783e.jpg,0.6452547311782837
C:\Users\carmonta\Desktop\data-centric-cross-season-transfer\datasets\train_on_2025_all\images\frame_00095_jpg.rf.6715de46c6e4842046de99a1d999b9f2.jpg,frame_00095_jpg.rf.6715de46c6e4842046de99a1d999b9f2.jpg,0.4862169027328491
C:\Users\carmonta\Desktop\data-centric-cross-season-transfer\datasets\train_on_2025_all\images\frame_00095_jpg.rf.68ff302bad5e317275ae80601388c8a7.jpg,frame_00095_jpg.rf.68ff302bad5e317275ae80601388c8a7.jpg,0.7187206745147705
C:\Users\carmonta\Desktop\data-centric-cross-season-transfer\datasets\train_on_2025_all\images\frame_00095_jpg.rf.9f2b780fde5897e80b47d2037bbe3061.jpg,frame_00095_jpg.rf.9f2b780fde5897e80b47d2037bbe3061.jpg,0.9949717889539897
C:\Users\carmonta\Desktop\data-centric-cross-season-transfer\datasets\train_on_2025_all\images\frame_00095_jpg.rf.a28e8f2e08382d511ce94047cb89c7ce.jpg,frame_00095_jpg.rf.a28e8f2e08382d511ce94047cb89c7ce.jpg,0.7462650537490845
C:\Users\carmonta\Desktop\data-centric-cross-season-transfer\datasets\train_on_2025_all\images\frame_00095_jpg.rf.bba0cc34425cbd919b74e3322c8695d5.jpg,frame_00095_jpg.rf.bba0cc34425cbd919b74e3322c8695d5.jpg,0.6846101880073547
C:\Users\carmonta\Desktop\data-centric-cross-season-transfer\datasets\train_on_2025_all\images\frame_00095_jpg.rf.dafb561a70c86e56c77a9776ead87a97.jpg,frame_00095_jpg.rf.dafb561a70c86e56c77a9776ead87a97.jpg,0.48461687564849854
C:\Users\carmonta\Desktop\data-centric-cross-season-transfer\datasets\train_on_2025_all\images\frame_00095_jpg.rf.e5026536e80db2dad3e166f73c9b8c97.jpg,frame_00095_jpg.rf.e5026536e80db2dad3e166f73c9b8c97.jpg,0.9840386379510164
C:\Users\carmonta\Desktop\data-centric-cross-season-transfer\datasets\train_on_2025_all\images\frame_00095_jpg.rf.f70c1b2763beafa37762d453d7993bb7.jpg,frame_00095_jpg.rf.f70c1b2763beafa37762d453d7993bb7.jpg,0.7187206745147705
C:\Users\carmonta\Desktop\data-centric-cross-season-transfer\datasets\train_on_2025_all\images\frame_00096_jpg.rf.96b29308cf15a821bc3df26f8436e966.jpg,frame_00096_jpg.rf.96b29308cf15a821bc3df26f8436e966.jpg,0.8963936939835548
C:\Users\carmonta\Desktop\data-centric-cross-season-transfer\datasets\train_on_2025_all\images\frame_00096_jpg.rf.9f2c5777b312c737c0ee914fad21cda3.jpg,frame_00096_jpg.rf.9f2c5777b312c737c0ee914fad21cda3.jpg,0.7844061553478241
C:\Users\carmonta\Desktop\data-centric-cross-season-transfer\datasets\train_on_2025_all\images\frame_00096_jpg.rf.a8fb15b77325172017894c8a56f5ecb2.jpg,frame_00096_jpg.rf.a8fb15b77325172017894c8a56f5ecb2.jpg,0.8260261118412018
C:\Users\carmonta\Desktop\data-centric-cross-season-transfer\datasets\train_on_2025_all\images\frame_00096_jpg.rf.af0256ac1c6a390d00af0dd386039b15.jpg,frame_00096_jpg.rf.af0256ac1c6a390d00af0dd386039b15.jpg,0.8392508178949356
C:\Users\carmonta\Desktop\data-centric-cross-season-transfer\datasets\train_on_2025_all\images\frame_00096_jpg.rf.deb46a3b4aaed8f73db0e74e05bddd85.jpg,frame_00096_jpg.rf.deb46a3b4aaed8f73db0e74e05bddd85.jpg,0.7740783840417862
C:\Users\carmonta\Desktop\data-centric-cross-season-transfer\datasets\train_on_2025_all\images\frame_00096_jpg.rf.e538ab7f15211b59a67584363b50e54e.jpg,frame_00096_jpg.rf.e538ab7f15211b59a67584363b50e54e.jpg,0.7695144712924957
C:\Users\carmonta\Desktop\data-centric-cross-season-transfer\datasets\train_on_2025_all\images\frame_00096_jpg.rf.ea30fd5da54402eba4d7ba755b1aa607.jpg,frame_00096_jpg.rf.ea30fd5da54402eba4d7ba755b1aa607.jpg,0.8970670625567436
C:\Users\carmonta\Desktop\data-centric-cross-season-transfer\datasets\train_on_2025_all\images\frame_00097_jpg.rf.016efc57307cad84a5680d4e27eb89e4.jpg,frame_00097_jpg.rf.016efc57307cad84a5680d4e27eb89e4.jpg,0.8949515298008919
C:\Users\carmonta\Desktop\data-centric-cross-season-transfer\datasets\train_on_2025_all\images\frame_00097_jpg.rf.143be334c2f7748de71136e49dcbaa33.jpg,frame_00097_jpg.rf.143be334c2f7748de71136e49dcbaa33.jpg,0.7093937397003174
C:\Users\carmonta\Desktop\data-centric-cross-season-transfer\datasets\train_on_2025_all\images\frame_00097_jpg.rf.23026e3481b08a9bf2cdb18f2d54b3ae.jpg,frame_00097_jpg.rf.23026e3481b08a9bf2cdb18f2d54b3ae.jpg,0.8931323662400246
C:\Users\carmonta\Desktop\data-centric-cross-season-transfer\datasets\train_on_2025_all\images\frame_00097_jpg.rf.5b0ff2dcc4567f288c33f67277106824.jpg,frame_00097_jpg.rf.5b0ff2dcc4567f288c33f67277106824.jpg,0.8949627056717873
C:\Users\carmonta\Desktop\data-centric-cross-season-transfer\datasets\train_on_2025_all\images\frame_00097_jpg.rf.876cea64d3fe6ba66a95ed1d3fd15f97.jpg,frame_00097_jpg.rf.876cea64d3fe6ba66a95ed1d3fd15f97.jpg,0.9337591230869293
C:\Users\carmonta\Desktop\data-centric-cross-season-transfer\datasets\train_on_2025_all\images\frame_00097_jpg.rf.a404655f7d252186c4f5aee3be75034e.jpg,frame_00097_jpg.rf.a404655f7d252186c4f5aee3be75034e.jpg,0.9316780641674995
C:\Users\carmonta\Desktop\data-centric-cross-season-transfer\datasets\train_on_2025_all\images\frame_00097_jpg.rf.c95137855b1c0b04c0cc726eaae02669.jpg,frame_00097_jpg.rf.c95137855b1c0b04c0cc726eaae02669.jpg,0.6997262239456177
C:\Users\carmonta\Desktop\data-centric-cross-season-transfer\datasets\train_on_2025_all\images\frame_00097_jpg.rf.ca748125b041e9cded5d3b32ca1ddb0b.jpg,frame_00097_jpg.rf.ca748125b041e9cded5d3b32ca1ddb0b.jpg,0.5446847379207611
C:\Users\carmonta\Desktop\data-centric-cross-season-transfer\datasets\train_on_2025_all\images\frame_00097_jpg.rf.d2e10cecec01f1aeefa4a8d24f0931a9.jpg,frame_00097_jpg.rf.d2e10cecec01f1aeefa4a8d24f0931a9.jpg,0.7199734747409821
C:\Users\carmonta\Desktop\data-centric-cross-season-transfer\datasets\train_on_2025_all\images\frame_00097_jpg.rf.e83601e98da270289ee91c0b2e9bb05f.jpg,frame_00097_jpg.rf.e83601e98da270289ee91c0b2e9bb05f.jpg,0.5417013764381409
C:\Users\carmonta\Desktop\data-centric-cross-season-transfer\datasets\train_on_2025_all\images\frame_00098_jpg.rf.0328b7ec3df8056cb224ebc8d3c43c26.jpg,frame_00098_jpg.rf.0328b7ec3df8056cb224ebc8d3c43c26.jpg,0.6977109014987946
C:\Users\carmonta\Desktop\data-centric-cross-season-transfer\datasets\train_on_2025_all\images\frame_00098_jpg.rf.419ba1e4b0df0e0d7ba65595a1b51c01.jpg,frame_00098_jpg.rf.419ba1e4b0df0e0d7ba65595a1b51c01.jpg,0.780835747718811
C:\Users\carmonta\Desktop\data-centric-cross-season-transfer\datasets\train_on_2025_all\images\frame_00098_jpg.rf.612a3e44d02f79a8a0760687f96268bf.jpg,frame_00098_jpg.rf.612a3e44d02f79a8a0760687f96268bf.jpg,0.5031091868877411
C:\Users\carmonta\Desktop\data-centric-cross-season-transfer\datasets\train_on_2025_all\images\frame_00098_jpg.rf.7618b7522124422762858e43b5024171.jpg,frame_00098_jpg.rf.7618b7522124422762858e43b5024171.jpg,0.509137749671936
C:\Users\carmonta\Desktop\data-centric-cross-season-transfer\datasets\train_on_2025_all\images\frame_00098_jpg.rf.a57f1d33ba6920fa7e174e3a1c1b2985.jpg,frame_00098_jpg.rf.a57f1d33ba6920fa7e174e3a1c1b2985.jpg,0.509137749671936
C:\Users\carmonta\Desktop\data-centric-cross-season-transfer\datasets\train_on_2025_all\images\frame_00098_jpg.rf.b6f3a5f3da72cbac0712f61b42fffa9d.jpg,frame_00098_jpg.rf.b6f3a5f3da72cbac0712f61b42fffa9d.jpg,0.824548989534378
C:\Users\carmonta\Desktop\data-centric-cross-season-transfer\datasets\train_on_2025_all\images\frame_00098_jpg.rf.ddb4874e1fb31104eab5a006623ff744.jpg,frame_00098_jpg.rf.ddb4874e1fb31104eab5a006623ff744.jpg,0.7810795605182648
C:\Users\carmonta\Desktop\data-centric-cross-season-transfer\datasets\train_on_2025_all\images\frame_00098_jpg.rf.e2dd269f268b48d290bfb6e8808ed852.jpg,frame_00098_jpg.rf.e2dd269f268b48d290bfb6e8808ed852.jpg,0.7265982031822205
C:\Users\carmonta\Desktop\data-centric-cross-season-transfer\datasets\train_on_2025_all\images\frame_00098_jpg.rf.e6cc1c730c742d9f46408d3a1b080450.jpg,frame_00098_jpg.rf.e6cc1c730c742d9f46408d3a1b080450.jpg,0.20273345708847046
C:\Users\carmonta\Desktop\data-centric-cross-season-transfer\datasets\train_on_2025_all\images\frame_00099_jpg.rf.314941d067e31f23c281bc9f42a17afc.jpg,frame_00099_jpg.rf.314941d067e31f23c281bc9f42a17afc.jpg,0.8307436853647232
C:\Users\carmonta\Desktop\data-centric-cross-season-transfer\datasets\train_on_2025_all\images\frame_00099_jpg.rf.60ce93cee441f877c9966a4603162389.jpg,frame_00099_jpg.rf.60ce93cee441f877c9966a4603162389.jpg,0.4086805582046509
C:\Users\carmonta\Desktop\data-centric-cross-season-transfer\datasets\train_on_2025_all\images\frame_00099_jpg.rf.75ed22a1a22b1792bf842fda7d4ba948.jpg,frame_00099_jpg.rf.75ed22a1a22b1792bf842fda7d4ba948.jpg,0.8557934612035751
C:\Users\carmonta\Desktop\data-centric-cross-season-transfer\datasets\train_on_2025_all\images\frame_00099_jpg.rf.8a52471f628284602b00a531a9649369.jpg,frame_00099_jpg.rf.8a52471f628284602b00a531a9649369.jpg,0.8367186635732651
C:\Users\carmonta\Desktop\data-centric-cross-season-transfer\datasets\train_on_2025_all\images\frame_00099_jpg.rf.90d8f23910b11d6b27e6c9fc9f07baf9.jpg,frame_00099_jpg.rf.90d8f23910b11d6b27e6c9fc9f07baf9.jpg,0.9084043279290199
C:\Users\carmonta\Desktop\data-centric-cross-season-transfer\datasets\train_on_2025_all\images\frame_00099_jpg.rf.bd628caca8dedcf369c3695a5837bf7f.jpg,frame_00099_jpg.rf.bd628caca8dedcf369c3695a5837bf7f.jpg,0.37992966175079346
C:\Users\carmonta\Desktop\data-centric-cross-season-transfer\datasets\train_on_2025_all\images\frame_00099_jpg.rf.caabebfaa562d5d7d4a2dcbbdbe9970a.jpg,frame_00099_jpg.rf.caabebfaa562d5d7d4a2dcbbdbe9970a.jpg,0.4086805582046509
C:\Users\carmonta\Desktop\data-centric-cross-season-transfer\datasets\train_on_2025_all\images\frame_00099_jpg.rf.db7b17a68edd2ede531c5e0abf92bb30.jpg,frame_00099_jpg.rf.db7b17a68edd2ede531c5e0abf92bb30.jpg,0.7778056561946869
C:\Users\carmonta\Desktop\data-centric-cross-season-transfer\datasets\train_on_2025_all\images\frame_00099_jpg.rf.e0c45ea51ca6baabb3cb86611713d26d.jpg,frame_00099_jpg.rf.e0c45ea51ca6baabb3cb86611713d26d.jpg,0.9110078290104866
C:\Users\carmonta\Desktop\data-centric-cross-season-transfer\datasets\train_on_2025_all\images\frame_00099_jpg.rf.e46b35da7299b159c1b5ddb7a6e85744.jpg,frame_00099_jpg.rf.e46b35da7299b159c1b5ddb7a6e85744.jpg,0.8443790823221207
C:\Users\carmonta\Desktop\data-centric-cross-season-transfer\datasets\train_on_2025_all\images\frame_00099_jpg.rf.e7db7dcfe32749a8245a9296982dcb4d.jpg,frame_00099_jpg.rf.e7db7dcfe32749a8245a9296982dcb4d.jpg,0.9071708470582962
C:\Users\carmonta\Desktop\data-centric-cross-season-transfer\datasets\train_on_2025_all\images\frame_00099_jpg.rf.eb5b69ba439af0ff705fa68b38432c26.jpg,frame_00099_jpg.rf.eb5b69ba439af0ff705fa68b38432c26.jpg,0.8544539213180542
C:\Users\carmonta\Desktop\data-centric-cross-season-transfer\datasets\train_on_2025_all\images\frame_00099_jpg.rf.ec536df61e8504da0401145af600698d.jpg,frame_00099_jpg.rf.ec536df61e8504da0401145af600698d.jpg,0.8076111674308777
C:\Users\carmonta\Desktop\data-centric-cross-season-transfer\datasets\train_on_2025_all\images\frame_00100_jpg.rf.1235f4977071ecf2e9abcf3fc457467f.jpg,frame_00100_jpg.rf.1235f4977071ecf2e9abcf3fc457467f.jpg,0.571056455373764
C:\Users\carmonta\Desktop\data-centric-cross-season-transfer\datasets\train_on_2025_all\images\frame_00100_jpg.rf.32ddcea70f54ee615ea0f5b9bf425dc8.jpg,frame_00100_jpg.rf.32ddcea70f54ee615ea0f5b9bf425dc8.jpg,0.8117626160383224
C:\Users\carmonta\Desktop\data-centric-cross-season-transfer\datasets\train_on_2025_all\images\frame_00100_jpg.rf.38d043a8f9673a97289261a97aaf0021.jpg,frame_00100_jpg.rf.38d043a8f9673a97289261a97aaf0021.jpg,0.14570879936218262
C:\Users\carmonta\Desktop\data-centric-cross-season-transfer\datasets\train_on_2025_all\images\frame_00100_jpg.rf.3a65139c59024b3587bdb39de0204018.jpg,frame_00100_jpg.rf.3a65139c59024b3587bdb39de0204018.jpg,0.8772118613123894
C:\Users\carmonta\Desktop\data-centric-cross-season-transfer\datasets\train_on_2025_all\images\frame_00100_jpg.rf.5ecfc4d0e62910ba44076cfc45325e46.jpg,frame_00100_jpg.rf.5ecfc4d0e62910ba44076cfc45325e46.jpg,0.8771573752164841
C:\Users\carmonta\Desktop\data-centric-cross-season-transfer\datasets\train_on_2025_all\images\frame_00100_jpg.rf.60af75aaecab8c9cc7f3cbbecd6909f8.jpg,frame_00100_jpg.rf.60af75aaecab8c9cc7f3cbbecd6909f8.jpg,0.9222724884748459
C:\Users\carmonta\Desktop\data-centric-cross-season-transfer\datasets\train_on_2025_all\images\frame_00100_jpg.rf.6b775965dd421fbaf42080a905f4cb38.jpg,frame_00100_jpg.rf.6b775965dd421fbaf42080a905f4cb38.jpg,0.8774010390043259
C:\Users\carmonta\Desktop\data-centric-cross-season-transfer\datasets\train_on_2025_all\images\frame_00100_jpg.rf.7524135ca2776f107c6a6a0238346f2e.jpg,frame_00100_jpg.rf.7524135ca2776f107c6a6a0238346f2e.jpg,0.9243335723876953
C:\Users\carmonta\Desktop\data-centric-cross-season-transfer\datasets\train_on_2025_all\images\frame_00100_jpg.rf.8b0feb6cc9b36085d4e59dca973a063f.jpg,frame_00100_jpg.rf.8b0feb6cc9b36085d4e59dca973a063f.jpg,0.8229799419641495
C:\Users\carmonta\Desktop\data-centric-cross-season-transfer\datasets\train_on_2025_all\images\frame_00100_jpg.rf.976539325b2224a2b7735c48903e3960.jpg,frame_00100_jpg.rf.976539325b2224a2b7735c48903e3960.jpg,0.14545166492462158
C:\Users\carmonta\Desktop\data-centric-cross-season-transfer\datasets\train_on_2025_all\images\frame_00100_jpg.rf.dfb4b4df24c8223816f99e10a08cc818.jpg,frame_00100_jpg.rf.dfb4b4df24c8223816f99e10a08cc818.jpg,0.7927922755479813
C:\Users\carmonta\Desktop\data-centric-cross-season-transfer\datasets\train_on_2025_all\images\frame_00100_jpg.rf.efe6ba2efd42c2dbfc043d48dd74ba58.jpg,frame_00100_jpg.rf.efe6ba2efd42c2dbfc043d48dd74ba58.jpg,0.9114641919732094
C:\Users\carmonta\Desktop\data-centric-cross-season-transfer\datasets\train_on_2025_all\images\frame_00100_jpg.rf.f5e65dd01d42b213b2054432614a3ff6.jpg,frame_00100_jpg.rf.f5e65dd01d42b213b2054432614a3ff6.jpg,0.8252405971288681
C:\Users\carmonta\Desktop\data-centric-cross-season-transfer\datasets\train_on_2025_all\images\frame_00101_jpg.rf.07ea5e15f53e30ef6ac100a9443020d6.jpg,frame_00101_jpg.rf.07ea5e15f53e30ef6ac100a9443020d6.jpg,0.4629896283149719
C:\Users\carmonta\Desktop\data-centric-cross-season-transfer\datasets\train_on_2025_all\images\frame_00101_jpg.rf.157b70319ac7104db907b76981cb884b.jpg,frame_00101_jpg.rf.157b70319ac7104db907b76981cb884b.jpg,0.7715672701597214
C:\Users\carmonta\Desktop\data-centric-cross-season-transfer\datasets\train_on_2025_all\images\frame_00101_jpg.rf.292b87270c5d205743edf9461d306a59.jpg,frame_00101_jpg.rf.292b87270c5d205743edf9461d306a59.jpg,0.7923711985349655
C:\Users\carmonta\Desktop\data-centric-cross-season-transfer\datasets\train_on_2025_all\images\frame_00101_jpg.rf.456db364053d589b5146839f799eee5d.jpg,frame_00101_jpg.rf.456db364053d589b5146839f799eee5d.jpg,0.2749623656272888
C:\Users\carmonta\Desktop\data-centric-cross-season-transfer\datasets\train_on_2025_all\images\frame_00101_jpg.rf.466c9498ada59b5d9fb9124d9d141b59.jpg,frame_00101_jpg.rf.466c9498ada59b5d9fb9124d9d141b59.jpg,0.7619516253471375
C:\Users\carmonta\Desktop\data-centric-cross-season-transfer\datasets\train_on_2025_all\images\frame_00101_jpg.rf.50f2393476b5569f06686c2c79e8a176.jpg,frame_00101_jpg.rf.50f2393476b5569f06686c2c79e8a176.jpg,0.7949636727571487
C:\Users\carmonta\Desktop\data-centric-cross-season-transfer\datasets\train_on_2025_all\images\frame_00101_jpg.rf.5cb35f2e41ba7cc4999534cc1ff2e64d.jpg,frame_00101_jpg.rf.5cb35f2e41ba7cc4999534cc1ff2e64d.jpg,0.28283387422561646
C:\Users\carmonta\Desktop\data-centric-cross-season-transfer\datasets\train_on_2025_all\images\frame_00101_jpg.rf.6da38b4835a6504f20837886122c3d65.jpg,frame_00101_jpg.rf.6da38b4835a6504f20837886122c3d65.jpg,0.8573377430438995
C:\Users\carmonta\Desktop\data-centric-cross-season-transfer\datasets\train_on_2025_all\images\frame_00101_jpg.rf.7b375c7e938c979cf83a257be2318498.jpg,frame_00101_jpg.rf.7b375c7e938c979cf83a257be2318498.jpg,0.45455074310302734
C:\Users\carmonta\Desktop\data-centric-cross-season-transfer\datasets\train_on_2025_all\images\frame_00101_jpg.rf.c102f58e02524e64546eb5be7db50f9e.jpg,frame_00101_jpg.rf.c102f58e02524e64546eb5be7db50f9e.jpg,0.7954663038253784
C:\Users\carmonta\Desktop\data-centric-cross-season-transfer\datasets\train_on_2025_all\images\frame_00101_jpg.rf.cd5824ed059a2445db85eb7962001c27.jpg,frame_00101_jpg.rf.cd5824ed059a2445db85eb7962001c27.jpg,0.481905996799469
C:\Users\carmonta\Desktop\data-centric-cross-season-transfer\datasets\train_on_2025_all\images\frame_00101_jpg.rf.d31d73713c55348fad739840dda5e7f6.jpg,frame_00101_jpg.rf.d31d73713c55348fad739840dda5e7f6.jpg,0.7580440789461136
C:\Users\carmonta\Desktop\data-centric-cross-season-transfer\datasets\train_on_2025_all\images\frame_00102_jpg.rf.02cb9814887c6708aff5be8b9e390b31.jpg,frame_00102_jpg.rf.02cb9814887c6708aff5be8b9e390b31.jpg,0.6468235552310944
C:\Users\carmonta\Desktop\data-centric-cross-season-transfer\datasets\train_on_2025_all\images\frame_00102_jpg.rf.31c27773730eadd8dac837807eb65283.jpg,frame_00102_jpg.rf.31c27773730eadd8dac837807eb65283.jpg,0.4614337682723999
C:\Users\carmonta\Desktop\data-centric-cross-season-transfer\datasets\train_on_2025_all\images\frame_00102_jpg.rf.5412d4c86b50f5871d506e1337754386.jpg,frame_00102_jpg.rf.5412d4c86b50f5871d506e1337754386.jpg,0.8356778025627136
C:\Users\carmonta\Desktop\data-centric-cross-season-transfer\datasets\train_on_2025_all\images\frame_00102_jpg.rf.6c1e095fcadb2f15dbae7991f90b8166.jpg,frame_00102_jpg.rf.6c1e095fcadb2f15dbae7991f90b8166.jpg,0.4614337682723999
C:\Users\carmonta\Desktop\data-centric-cross-season-transfer\datasets\train_on_2025_all\images\frame_00102_jpg.rf.78f088c602119c1e41d78095bf96c973.jpg,frame_00102_jpg.rf.78f088c602119c1e41d78095bf96c973.jpg,0.8520782291889191
C:\Users\carmonta\Desktop\data-centric-cross-season-transfer\datasets\train_on_2025_all\images\frame_00102_jpg.rf.79a07a53c245b4af1a180965d8b669fe.jpg,frame_00102_jpg.rf.79a07a53c245b4af1a180965d8b669fe.jpg,0.8428414613008499
C:\Users\carmonta\Desktop\data-centric-cross-season-transfer\datasets\train_on_2025_all\images\frame_00102_jpg.rf.7f5acb416bf69cbe38f1e9b2dbf1d9ee.jpg,frame_00102_jpg.rf.7f5acb416bf69cbe38f1e9b2dbf1d9ee.jpg,0.4610050320625305
C:\Users\carmonta\Desktop\data-centric-cross-season-transfer\datasets\train_on_2025_all\images\frame_00102_jpg.rf.aab8ce303692aec3d50bdfb845a04b39.jpg,frame_00102_jpg.rf.aab8ce303692aec3d50bdfb845a04b39.jpg,0.7944870591163635
C:\Users\carmonta\Desktop\data-centric-cross-season-transfer\datasets\train_on_2025_all\images\frame_00102_jpg.rf.b4b0d3c3cfd74f4d89150d2ce9d40ff8.jpg,frame_00102_jpg.rf.b4b0d3c3cfd74f4d89150d2ce9d40ff8.jpg,0.6218045353889465
C:\Users\carmonta\Desktop\data-centric-cross-season-transfer\datasets\train_on_2025_all\images\frame_00102_jpg.rf.b5ffa78ef2dff523f8201b999381cf67.jpg,frame_00102_jpg.rf.b5ffa78ef2dff523f8201b999381cf67.jpg,0.8470844328403473
C:\Users\carmonta\Desktop\data-centric-cross-season-transfer\datasets\train_on_2025_all\images\frame_00103_jpg.rf.210596cdee04f60edb831fd18280b32f.jpg,frame_00103_jpg.rf.210596cdee04f60edb831fd18280b32f.jpg,0.7177287042140961
C:\Users\carmonta\Desktop\data-centric-cross-season-transfer\datasets\train_on_2025_all\images\frame_00103_jpg.rf.5345e1ebd932c457b969e8574365a3be.jpg,frame_00103_jpg.rf.5345e1ebd932c457b969e8574365a3be.jpg,0.1589972972869873
C:\Users\carmonta\Desktop\data-centric-cross-season-transfer\datasets\train_on_2025_all\images\frame_00103_jpg.rf.985dfe9db41219fff0eba5d8cd0dae28.jpg,frame_00103_jpg.rf.985dfe9db41219fff0eba5d8cd0dae28.jpg,0.6209583580493927
C:\Users\carmonta\Desktop\data-centric-cross-season-transfer\datasets\train_on_2025_all\images\frame_00103_jpg.rf.b01aa879d3a3ec42573232f6f6eb4c66.jpg,frame_00103_jpg.rf.b01aa879d3a3ec42573232f6f6eb4c66.jpg,0.158891499042511
C:\Users\carmonta\Desktop\data-centric-cross-season-transfer\datasets\train_on_2025_all\images\frame_00103_jpg.rf.b97b13115302354f811219096c9b9ebb.jpg,frame_00103_jpg.rf.b97b13115302354f811219096c9b9ebb.jpg,0.7177287042140961
C:\Users\carmonta\Desktop\data-centric-cross-season-transfer\datasets\train_on_2025_all\images\frame_00103_jpg.rf.cd17b01b2679fbdddc5bece7681ed711.jpg,frame_00103_jpg.rf.cd17b01b2679fbdddc5bece7681ed711.jpg,0.930371455848217
C:\Users\carmonta\Desktop\data-centric-cross-season-transfer\datasets\train_on_2025_all\images\frame_00103_jpg.rf.cee9890aaba090e70691ca47fd359aed.jpg,frame_00103_jpg.rf.cee9890aaba090e70691ca47fd359aed.jpg,0.6731806397438049
C:\Users\carmonta\Desktop\data-centric-cross-season-transfer\datasets\train_on_2025_all\images\frame_00103_jpg.rf.edc8e67bda955f7a9c3c63cde8873bf1.jpg,frame_00103_jpg.rf.edc8e67bda955f7a9c3c63cde8873bf1.jpg,0.9309841021895409
C:\Users\carmonta\Desktop\data-centric-cross-season-transfer\datasets\train_on_2025_all\images\frame_00103_jpg.rf.ee0047dbd8ef27c3bc20335c85779a66.jpg,frame_00103_jpg.rf.ee0047dbd8ef27c3bc20335c85779a66.jpg,0.9309841021895409
C:\Users\carmonta\Desktop\data-centric-cross-season-transfer\datasets\train_on_2025_all\images\frame_00103_jpg.rf.f4f86cdce7e6004671274b07ff67598f.jpg,frame_00103_jpg.rf.f4f86cdce7e6004671274b07ff67598f.jpg,0.6195520460605621
C:\Users\carmonta\Desktop\data-centric-cross-season-transfer\datasets\train_on_2025_all\images\frame_00104_jpg.rf.1593257adfa87dd48549a0b5f3afe258.jpg,frame_00104_jpg.rf.1593257adfa87dd48549a0b5f3afe258.jpg,0.16475486755371094
C:\Users\carmonta\Desktop\data-centric-cross-season-transfer\datasets\train_on_2025_all\images\frame_00104_jpg.rf.1b82511f026d2ee9719302eca42115f6.jpg,frame_00104_jpg.rf.1b82511f026d2ee9719302eca42115f6.jpg,0.8788565471768379
C:\Users\carmonta\Desktop\data-centric-cross-season-transfer\datasets\train_on_2025_all\images\frame_00104_jpg.rf.4919ab65f1c2dce49649acafbe36da47.jpg,frame_00104_jpg.rf.4919ab65f1c2dce49649acafbe36da47.jpg,0.8788565471768379
C:\Users\carmonta\Desktop\data-centric-cross-season-transfer\datasets\train_on_2025_all\images\frame_00104_jpg.rf.8b3a462cac5c6f9f0aa05a23dbfe9ac3.jpg,frame_00104_jpg.rf.8b3a462cac5c6f9f0aa05a23dbfe9ac3.jpg,0.8803040087223053
C:\Users\carmonta\Desktop\data-centric-cross-season-transfer\datasets\train_on_2025_all\images\frame_00104_jpg.rf.c555d13216f6888f3c17b3e94a60d939.jpg,frame_00104_jpg.rf.c555d13216f6888f3c17b3e94a60d939.jpg,0.7613559663295746
C:\Users\carmonta\Desktop\data-centric-cross-season-transfer\datasets\train_on_2025_all\images\frame_00104_jpg.rf.e01c86617d97d13184c8209331672844.jpg,frame_00104_jpg.rf.e01c86617d97d13184c8209331672844.jpg,0.7569906413555145
C:\Users\carmonta\Desktop\data-centric-cross-season-transfer\datasets\train_on_2025_all\images\frame_00104_jpg.rf.e18f0c24f01e4040c343580f346a0261.jpg,frame_00104_jpg.rf.e18f0c24f01e4040c343580f346a0261.jpg,0.37318551540374756
C:\Users\carmonta\Desktop\data-centric-cross-season-transfer\datasets\train_on_2025_all\images\frame_00105_jpg.rf.21d28dd99b370eaf6209eb167614ab26.jpg,frame_00105_jpg.rf.21d28dd99b370eaf6209eb167614ab26.jpg,0.8893115222454071
C:\Users\carmonta\Desktop\data-centric-cross-season-transfer\datasets\train_on_2025_all\images\frame_00105_jpg.rf.4a12c418657f6ed6a43ede02186db501.jpg,frame_00105_jpg.rf.4a12c418657f6ed6a43ede02186db501.jpg,0.8761746659874916
C:\Users\carmonta\Desktop\data-centric-cross-season-transfer\datasets\train_on_2025_all\images\frame_00105_jpg.rf.4e8a9c70c261a3c83d2c75a8f124d994.jpg,frame_00105_jpg.rf.4e8a9c70c261a3c83d2c75a8f124d994.jpg,0.9131886810064316
C:\Users\carmonta\Desktop\data-centric-cross-season-transfer\datasets\train_on_2025_all\images\frame_00105_jpg.rf.5620cb24d6d7c3a8842b5b06b5b0d463.jpg,frame_00105_jpg.rf.5620cb24d6d7c3a8842b5b06b5b0d463.jpg,0.6113554537296295
C:\Users\carmonta\Desktop\data-centric-cross-season-transfer\datasets\train_on_2025_all\images\frame_00105_jpg.rf.7d9d7761799cbb9637a611f62384e17f.jpg,frame_00105_jpg.rf.7d9d7761799cbb9637a611f62384e17f.jpg,0.7890251278877258
C:\Users\carmonta\Desktop\data-centric-cross-season-transfer\datasets\train_on_2025_all\images\frame_00105_jpg.rf.a8d4b1dce9041699a28aecf5868f5f50.jpg,frame_00105_jpg.rf.a8d4b1dce9041699a28aecf5868f5f50.jpg,0.5597291588783264
C:\Users\carmonta\Desktop\data-centric-cross-season-transfer\datasets\train_on_2025_all\images\frame_00105_jpg.rf.e6821fad66f51d2688d20d4e6091e6b0.jpg,frame_00105_jpg.rf.e6821fad66f51d2688d20d4e6091e6b0.jpg,0.7699068188667297
C:\Users\carmonta\Desktop\data-centric-cross-season-transfer\datasets\train_on_2025_all\images\frame_00105_jpg.rf.f712c37484c4564510b0a279da838f40.jpg,frame_00105_jpg.rf.f712c37484c4564510b0a279da838f40.jpg,0.5878956317901611
C:\Users\carmonta\Desktop\data-centric-cross-season-transfer\datasets\train_on_2025_all\images\frame_00106_jpg.rf.2e5d2a0711cb22548ae8b972f046d915.jpg,frame_00106_jpg.rf.2e5d2a0711cb22548ae8b972f046d915.jpg,0.5393033027648926
C:\Users\carmonta\Desktop\data-centric-cross-season-transfer\datasets\train_on_2025_all\images\frame_00106_jpg.rf.3c52962705f3a6e6796849d4f945be59.jpg,frame_00106_jpg.rf.3c52962705f3a6e6796849d4f945be59.jpg,0.6941512823104858
C:\Users\carmonta\Desktop\data-centric-cross-season-transfer\datasets\train_on_2025_all\images\frame_00106_jpg.rf.500de3d70b19417be35f3fd597519130.jpg,frame_00106_jpg.rf.500de3d70b19417be35f3fd597519130.jpg,0.5241056084632874
C:\Users\carmonta\Desktop\data-centric-cross-season-transfer\datasets\train_on_2025_all\images\frame_00106_jpg.rf.57f27d4c9fafbb714516a94492f03336.jpg,frame_00106_jpg.rf.57f27d4c9fafbb714516a94492f03336.jpg,0.5111039876937866
C:\Users\carmonta\Desktop\data-centric-cross-season-transfer\datasets\train_on_2025_all\images\frame_00106_jpg.rf.9eb6475d4a52ca388db65a2a1db1659a.jpg,frame_00106_jpg.rf.9eb6475d4a52ca388db65a2a1db1659a.jpg,0.5399720072746277
C:\Users\carmonta\Desktop\data-centric-cross-season-transfer\datasets\train_on_2025_all\images\frame_00106_jpg.rf.b6ad95e6ae0b27c53c9074e4586c9fb3.jpg,frame_00106_jpg.rf.b6ad95e6ae0b27c53c9074e4586c9fb3.jpg,0.6980988383293152
C:\Users\carmonta\Desktop\data-centric-cross-season-transfer\datasets\train_on_2025_all\images\frame_00106_jpg.rf.e95b206ce2e8c6a0ab5acdd3a73f8eb5.jpg,frame_00106_jpg.rf.e95b206ce2e8c6a0ab5acdd3a73f8eb5.jpg,0.5759583115577698
C:\Users\carmonta\Desktop\data-centric-cross-season-transfer\datasets\train_on_2025_all\images\frame_00107_jpg.rf.3f579cbbd0cbe112e23b3da1ef8b22fe.jpg,frame_00107_jpg.rf.3f579cbbd0cbe112e23b3da1ef8b22fe.jpg,0.7636421024799347
C:\Users\carmonta\Desktop\data-centric-cross-season-transfer\datasets\train_on_2025_all\images\frame_00107_jpg.rf.555ded7dc21559533b122b3f55f3bd09.jpg,frame_00107_jpg.rf.555ded7dc21559533b122b3f55f3bd09.jpg,0.42855435609817505
C:\Users\carmonta\Desktop\data-centric-cross-season-transfer\datasets\train_on_2025_all\images\frame_00107_jpg.rf.5ee659bc6a154faed86d15b488285056.jpg,frame_00107_jpg.rf.5ee659bc6a154faed86d15b488285056.jpg,0.43120813369750977
C:\Users\carmonta\Desktop\data-centric-cross-season-transfer\datasets\train_on_2025_all\images\frame_00107_jpg.rf.5ff8cec398ad8bb8a121691fc3d91491.jpg,frame_00107_jpg.rf.5ff8cec398ad8bb8a121691fc3d91491.jpg,0.4282352328300476
C:\Users\carmonta\Desktop\data-centric-cross-season-transfer\datasets\train_on_2025_all\images\frame_00107_jpg.rf.6bfd86ab27525baf10a6d6b7eb549c2f.jpg,frame_00107_jpg.rf.6bfd86ab27525baf10a6d6b7eb549c2f.jpg,0.7635081857442856
C:\Users\carmonta\Desktop\data-centric-cross-season-transfer\datasets\train_on_2025_all\images\frame_00107_jpg.rf.92729fdb20016a5b364533beed8806ab.jpg,frame_00107_jpg.rf.92729fdb20016a5b364533beed8806ab.jpg,0.4279612898826599
C:\Users\carmonta\Desktop\data-centric-cross-season-transfer\datasets\train_on_2025_all\images\frame_00107_jpg.rf.a17b5c916ad4231a427df4573fa8d445.jpg,frame_00107_jpg.rf.a17b5c916ad4231a427df4573fa8d445.jpg,0.7447489202022552
C:\Users\carmonta\Desktop\data-centric-cross-season-transfer\datasets\train_on_2025_all\images\frame_00107_jpg.rf.a36623f85ff058b13e804b7b3ccc03f0.jpg,frame_00107_jpg.rf.a36623f85ff058b13e804b7b3ccc03f0.jpg,0.3678619861602783
C:\Users\carmonta\Desktop\data-centric-cross-season-transfer\datasets\train_on_2025_all\images\frame_00107_jpg.rf.af6529d2365de369b48f79ac8ac1f2df.jpg,frame_00107_jpg.rf.af6529d2365de369b48f79ac8ac1f2df.jpg,0.43559157848358154
C:\Users\carmonta\Desktop\data-centric-cross-season-transfer\datasets\train_on_2025_all\images\frame_00107_jpg.rf.e16c7c48ad47fbdc234ad34eef2a83e9.jpg,frame_00107_jpg.rf.e16c7c48ad47fbdc234ad34eef2a83e9.jpg,0.4697747826576233
C:\Users\carmonta\Desktop\data-centric-cross-season-transfer\datasets\train_on_2025_all\images\frame_00107_jpg.rf.e772a62db23b6bb70035e791b7c9d953.jpg,frame_00107_jpg.rf.e772a62db23b6bb70035e791b7c9d953.jpg,0.3673197627067566
C:\Users\carmonta\Desktop\data-centric-cross-season-transfer\datasets\train_on_2025_all\images\frame_00108_jpg.rf.1d8904494a39ab8da2036eaa669c3334.jpg,frame_00108_jpg.rf.1d8904494a39ab8da2036eaa669c3334.jpg,0.35251230001449585
C:\Users\carmonta\Desktop\data-centric-cross-season-transfer\datasets\train_on_2025_all\images\frame_00108_jpg.rf.295016a819fae9d9a701eab98651587e.jpg,frame_00108_jpg.rf.295016a819fae9d9a701eab98651587e.jpg,0.560827910900116
C:\Users\carmonta\Desktop\data-centric-cross-season-transfer\datasets\train_on_2025_all\images\frame_00108_jpg.rf.636fa357314c676702ea76df28ba6d50.jpg,frame_00108_jpg.rf.636fa357314c676702ea76df28ba6d50.jpg,0.5646072328090668
C:\Users\carmonta\Desktop\data-centric-cross-season-transfer\datasets\train_on_2025_all\images\frame_00108_jpg.rf.75a6d29f4ca6297ddb6dc68469f61cf7.jpg,frame_00108_jpg.rf.75a6d29f4ca6297ddb6dc68469f61cf7.jpg,0.458124577999115
C:\Users\carmonta\Desktop\data-centric-cross-season-transfer\datasets\train_on_2025_all\images\frame_00108_jpg.rf.80c727a9f296bc0dfa8a2a786434d315.jpg,frame_00108_jpg.rf.80c727a9f296bc0dfa8a2a786434d315.jpg,0.5757410824298859
C:\Users\carmonta\Desktop\data-centric-cross-season-transfer\datasets\train_on_2025_all\images\frame_00108_jpg.rf.82c92227dba85b483a0c201e5dcd031d.jpg,frame_00108_jpg.rf.82c92227dba85b483a0c201e5dcd031d.jpg,0.5284039080142975
C:\Users\carmonta\Desktop\data-centric-cross-season-transfer\datasets\train_on_2025_all\images\frame_00108_jpg.rf.e1aa4854c204f5f6f7d86a9e827d1421.jpg,frame_00108_jpg.rf.e1aa4854c204f5f6f7d86a9e827d1421.jpg,0.559238076210022
C:\Users\carmonta\Desktop\data-centric-cross-season-transfer\datasets\train_on_2025_all\images\frame_00109_jpg.rf.2616555ce1f93e8d5963cbfc407264b2.jpg,frame_00109_jpg.rf.2616555ce1f93e8d5963cbfc407264b2.jpg,0.9262685105204582
C:\Users\carmonta\Desktop\data-centric-cross-season-transfer\datasets\train_on_2025_all\images\frame_00109_jpg.rf.2d3a8fcbff240b1cf92daddd115f5f98.jpg,frame_00109_jpg.rf.2d3a8fcbff240b1cf92daddd115f5f98.jpg,0.7186790108680725
C:\Users\carmonta\Desktop\data-centric-cross-season-transfer\datasets\train_on_2025_all\images\frame_00109_jpg.rf.48941e207f99b47e91f82bec816fc799.jpg,frame_00109_jpg.rf.48941e207f99b47e91f82bec816fc799.jpg,0.7587244063615799
C:\Users\carmonta\Desktop\data-centric-cross-season-transfer\datasets\train_on_2025_all\images\frame_00109_jpg.rf.629f5363c3a01cda593633fd7bde7586.jpg,frame_00109_jpg.rf.629f5363c3a01cda593633fd7bde7586.jpg,0.6343976259231567
C:\Users\carmonta\Desktop\data-centric-cross-season-transfer\datasets\train_on_2025_all\images\frame_00109_jpg.rf.790d287efd8ed05d3f1f5922b49adf8a.jpg,frame_00109_jpg.rf.790d287efd8ed05d3f1f5922b49adf8a.jpg,0.7155067324638367
C:\Users\carmonta\Desktop\data-centric-cross-season-transfer\datasets\train_on_2025_all\images\frame_00109_jpg.rf.a5e4232348f04ce5016bcf2d6b432d6f.jpg,frame_00109_jpg.rf.a5e4232348f04ce5016bcf2d6b432d6f.jpg,0.7191208004951477
C:\Users\carmonta\Desktop\data-centric-cross-season-transfer\datasets\train_on_2025_all\images\frame_00109_jpg.rf.a95b5d0fedaf5795d70e2943918ff3f9.jpg,frame_00109_jpg.rf.a95b5d0fedaf5795d70e2943918ff3f9.jpg,0.9203941076993942
C:\Users\carmonta\Desktop\data-centric-cross-season-transfer\datasets\train_on_2025_all\images\frame_00109_jpg.rf.ab809a5bfd374d01ed63e215a16bbac8.jpg,frame_00109_jpg.rf.ab809a5bfd374d01ed63e215a16bbac8.jpg,0.9197565615177155
C:\Users\carmonta\Desktop\data-centric-cross-season-transfer\datasets\train_on_2025_all\images\frame_00109_jpg.rf.bcc7a6eb2379383024eb52253ab22e5b.jpg,frame_00109_jpg.rf.bcc7a6eb2379383024eb52253ab22e5b.jpg,0.7467909157276154
C:\Users\carmonta\Desktop\data-centric-cross-season-transfer\datasets\train_on_2025_all\images\frame_00109_jpg.rf.cc864daacc2935b237f8485c15226d8c.jpg,frame_00109_jpg.rf.cc864daacc2935b237f8485c15226d8c.jpg,0.40837574005126953
C:\Users\carmonta\Desktop\data-centric-cross-season-transfer\datasets\train_on_2025_all\images\frame_00109_jpg.rf.cf98ba0226b2b7cc42cdc752fd574f5a.jpg,frame_00109_jpg.rf.cf98ba0226b2b7cc42cdc752fd574f5a.jpg,0.6286922097206116
C:\Users\carmonta\Desktop\data-centric-cross-season-transfer\datasets\train_on_2025_all\images\frame_00109_jpg.rf.df28320d5515d48965fb471d359aa914.jpg,frame_00109_jpg.rf.df28320d5515d48965fb471d359aa914.jpg,0.6342289745807648
C:\Users\carmonta\Desktop\data-centric-cross-season-transfer\datasets\train_on_2025_all\images\frame_00109_jpg.rf.e13574e9fa0a18843c5980fe71ef8112.jpg,frame_00109_jpg.rf.e13574e9fa0a18843c5980fe71ef8112.jpg,0.4149237871170044
C:\Users\carmonta\Desktop\data-centric-cross-season-transfer\datasets\train_on_2025_all\images\frame_00109_jpg.rf.eab00da93022e923f2ed295ceb4351b5.jpg,frame_00109_jpg.rf.eab00da93022e923f2ed295ceb4351b5.jpg,0.4077969789505005
C:\Users\carmonta\Desktop\data-centric-cross-season-transfer\datasets\train_on_2025_all\images\frame_00110_jpg.rf.5b15f5ce8687a7256ac45c0292f16688.jpg,frame_00110_jpg.rf.5b15f5ce8687a7256ac45c0292f16688.jpg,0.8839470967650414
C:\Users\carmonta\Desktop\data-centric-cross-season-transfer\datasets\train_on_2025_all\images\frame_00110_jpg.rf.5f43c88ab3e12becc187577e72c56d42.jpg,frame_00110_jpg.rf.5f43c88ab3e12becc187577e72c56d42.jpg,0.8698671758174896
C:\Users\carmonta\Desktop\data-centric-cross-season-transfer\datasets\train_on_2025_all\images\frame_00110_jpg.rf.99016d837cca7a457129e051510c08c9.jpg,frame_00110_jpg.rf.99016d837cca7a457129e051510c08c9.jpg,0.8718555122613907
C:\Users\carmonta\Desktop\data-centric-cross-season-transfer\datasets\train_on_2025_all\images\frame_00110_jpg.rf.d53bfc94f20ed3f4043023777bb77a7e.jpg,frame_00110_jpg.rf.d53bfc94f20ed3f4043023777bb77a7e.jpg,0.8515703678131104
C:\Users\carmonta\Desktop\data-centric-cross-season-transfer\datasets\train_on_2025_all\images\frame_00110_jpg.rf.db44e7e64a42df7fa68ba3dac04a10f1.jpg,frame_00110_jpg.rf.db44e7e64a42df7fa68ba3dac04a10f1.jpg,0.8656293898820877
C:\Users\carmonta\Desktop\data-centric-cross-season-transfer\datasets\train_on_2025_all\images\frame_00110_jpg.rf.df2bdf0f24daae79602d7712bc686056.jpg,frame_00110_jpg.rf.df2bdf0f24daae79602d7712bc686056.jpg,0.852625697851181
C:\Users\carmonta\Desktop\data-centric-cross-season-transfer\datasets\train_on_2025_all\images\frame_00110_jpg.rf.e16d30e2db9ee0997926eeea2c620d03.jpg,frame_00110_jpg.rf.e16d30e2db9ee0997926eeea2c620d03.jpg,0.8481347411870956
C:\Users\carmonta\Desktop\data-centric-cross-season-transfer\datasets\train_on_2025_all\images\frame_00111_jpg.rf.0b83c0866d0a78422f5412119b6810ea.jpg,frame_00111_jpg.rf.0b83c0866d0a78422f5412119b6810ea.jpg,0.7100459635257721
C:\Users\carmonta\Desktop\data-centric-cross-season-transfer\datasets\train_on_2025_all\images\frame_00111_jpg.rf.2a1796c2dd010a8cccc02a015c649fb2.jpg,frame_00111_jpg.rf.2a1796c2dd010a8cccc02a015c649fb2.jpg,0.478527307510376
C:\Users\carmonta\Desktop\data-centric-cross-season-transfer\datasets\train_on_2025_all\images\frame_00111_jpg.rf.802f1272aae167f610f57de1efa88bfa.jpg,frame_00111_jpg.rf.802f1272aae167f610f57de1efa88bfa.jpg,0.6498891115188599
C:\Users\carmonta\Desktop\data-centric-cross-season-transfer\datasets\train_on_2025_all\images\frame_00111_jpg.rf.93cb990c21c2fbde45c4a2e7ebfba9a3.jpg,frame_00111_jpg.rf.93cb990c21c2fbde45c4a2e7ebfba9a3.jpg,0.5391816198825836
C:\Users\carmonta\Desktop\data-centric-cross-season-transfer\datasets\train_on_2025_all\images\frame_00111_jpg.rf.c2aecab6cda3ed5c90407a33ef59bfee.jpg,frame_00111_jpg.rf.c2aecab6cda3ed5c90407a33ef59bfee.jpg,0.6827683746814728
C:\Users\carmonta\Desktop\data-centric-cross-season-transfer\datasets\train_on_2025_all\images\frame_00111_jpg.rf.cc1aec1f361f0e64c5690bb78b222bcf.jpg,frame_00111_jpg.rf.cc1aec1f361f0e64c5690bb78b222bcf.jpg,0.5434805452823639
C:\Users\carmonta\Desktop\data-centric-cross-season-transfer\datasets\train_on_2025_all\images\frame_00111_jpg.rf.cc35a0868d2390449ee92ee39c62753d.jpg,frame_00111_jpg.rf.cc35a0868d2390449ee92ee39c62753d.jpg,0.5382106900215149
C:\Users\carmonta\Desktop\data-centric-cross-season-transfer\datasets\train_on_2025_all\images\frame_00111_jpg.rf.e119b2b8a48bd07171abb381a1cd9586.jpg,frame_00111_jpg.rf.e119b2b8a48bd07171abb381a1cd9586.jpg,0.7131991386413574
C:\Users\carmonta\Desktop\data-centric-cross-season-transfer\datasets\train_on_2025_all\images\frame_00111_jpg.rf.f24ebfe54058aa63a50a74898323ceef.jpg,frame_00111_jpg.rf.f24ebfe54058aa63a50a74898323ceef.jpg,0.6623636186122894
C:\Users\carmonta\Desktop\data-centric-cross-season-transfer\datasets\train_on_2025_all\images\frame_00111_jpg.rf.f5507508349988f0f4b1e969b9416ea4.jpg,frame_00111_jpg.rf.f5507508349988f0f4b1e969b9416ea4.jpg,0.5441178679466248
C:\Users\carmonta\Desktop\data-centric-cross-season-transfer\datasets\train_on_2025_all\images\frame_00112_jpg.rf.06dcb17cb5a78973490bad65d47f0c29.jpg,frame_00112_jpg.rf.06dcb17cb5a78973490bad65d47f0c29.jpg,0.8909556120634079
C:\Users\carmonta\Desktop\data-centric-cross-season-transfer\datasets\train_on_2025_all\images\frame_00112_jpg.rf.19407285bd86d4c2d4094014e17c8cc9.jpg,frame_00112_jpg.rf.19407285bd86d4c2d4094014e17c8cc9.jpg,0.753151461482048
C:\Users\carmonta\Desktop\data-centric-cross-season-transfer\datasets\train_on_2025_all\images\frame_00112_jpg.rf.2a53f5731d83572a05379a2b9c173e79.jpg,frame_00112_jpg.rf.2a53f5731d83572a05379a2b9c173e79.jpg,0.7731697410345078
C:\Users\carmonta\Desktop\data-centric-cross-season-transfer\datasets\train_on_2025_all\images\frame_00112_jpg.rf.69c0bc212b9d42a4e7ebf98b492f38e4.jpg,frame_00112_jpg.rf.69c0bc212b9d42a4e7ebf98b492f38e4.jpg,0.5144427418708801
C:\Users\carmonta\Desktop\data-centric-cross-season-transfer\datasets\train_on_2025_all\images\frame_00112_jpg.rf.958fa799d8168c0eb6f65f8ba9aaecd7.jpg,frame_00112_jpg.rf.958fa799d8168c0eb6f65f8ba9aaecd7.jpg,0.8909556120634079
C:\Users\carmonta\Desktop\data-centric-cross-season-transfer\datasets\train_on_2025_all\images\frame_00112_jpg.rf.ae2c9697618e454b657dbc4c8cf9389f.jpg,frame_00112_jpg.rf.ae2c9697618e454b657dbc4c8cf9389f.jpg,0.7739002853631973
C:\Users\carmonta\Desktop\data-centric-cross-season-transfer\datasets\train_on_2025_all\images\frame_00112_jpg.rf.c1bce34a55a1d8bf0280c006ba7df21e.jpg,frame_00112_jpg.rf.c1bce34a55a1d8bf0280c006ba7df21e.jpg,0.431803822517395
C:\Users\carmonta\Desktop\data-centric-cross-season-transfer\datasets\train_on_2025_all\images\frame_00112_jpg.rf.c3d2a12078cbb07078d57cc9a654adb5.jpg,frame_00112_jpg.rf.c3d2a12078cbb07078d57cc9a654adb5.jpg,0.7581072896718979
C:\Users\carmonta\Desktop\data-centric-cross-season-transfer\datasets\train_on_2025_all\images\frame_00112_jpg.rf.cb21932a734bc66a23f757a80e283228.jpg,frame_00112_jpg.rf.cb21932a734bc66a23f757a80e283228.jpg,0.4375417232513428
C:\Users\carmonta\Desktop\data-centric-cross-season-transfer\datasets\train_on_2025_all\images\frame_00112_jpg.rf.dd4245da7b63d58847f3e0b0e612d4fd.jpg,frame_00112_jpg.rf.dd4245da7b63d58847f3e0b0e612d4fd.jpg,0.8909769654273987
C:\Users\carmonta\Desktop\data-centric-cross-season-transfer\datasets\train_on_2025_all\images\frame_00113_jpg.rf.0b67f53f8ce0619965a8ff6eff6bb093.jpg,frame_00113_jpg.rf.0b67f53f8ce0619965a8ff6eff6bb093.jpg,0.7163901031017303
C:\Users\carmonta\Desktop\data-centric-cross-season-transfer\datasets\train_on_2025_all\images\frame_00113_jpg.rf.444c3f82e39beae3824ad70ad300e72b.jpg,frame_00113_jpg.rf.444c3f82e39beae3824ad70ad300e72b.jpg,0.8548777997493744
C:\Users\carmonta\Desktop\data-centric-cross-season-transfer\datasets\train_on_2025_all\images\frame_00113_jpg.rf.74037c0447afe6169bab822371c6aa94.jpg,frame_00113_jpg.rf.74037c0447afe6169bab822371c6aa94.jpg,0.7604103684425354
C:\Users\carmonta\Desktop\data-centric-cross-season-transfer\datasets\train_on_2025_all\images\frame_00113_jpg.rf.894a00bfb54ab28be6c56321004b8dad.jpg,frame_00113_jpg.rf.894a00bfb54ab28be6c56321004b8dad.jpg,0.7566708773374557
C:\Users\carmonta\Desktop\data-centric-cross-season-transfer\datasets\train_on_2025_all\images\frame_00113_jpg.rf.a330553cbccfd2f76cece1473fb62d35.jpg,frame_00113_jpg.rf.a330553cbccfd2f76cece1473fb62d35.jpg,0.774830162525177
C:\Users\carmonta\Desktop\data-centric-cross-season-transfer\datasets\train_on_2025_all\images\frame_00113_jpg.rf.b9042cd6db344c7189821be6492d1f5c.jpg,frame_00113_jpg.rf.b9042cd6db344c7189821be6492d1f5c.jpg,0.8561126887798309
C:\Users\carmonta\Desktop\data-centric-cross-season-transfer\datasets\train_on_2025_all\images\frame_00114_jpg.rf.06b7734188569a87ab2c3138e8f31237.jpg,frame_00114_jpg.rf.06b7734188569a87ab2c3138e8f31237.jpg,0.18547749519348145
C:\Users\carmonta\Desktop\data-centric-cross-season-transfer\datasets\train_on_2025_all\images\frame_00114_jpg.rf.4843d2de7385c3146e1425f690b26d0b.jpg,frame_00114_jpg.rf.4843d2de7385c3146e1425f690b26d0b.jpg,0.5690383911132812
C:\Users\carmonta\Desktop\data-centric-cross-season-transfer\datasets\train_on_2025_all\images\frame_00114_jpg.rf.6a35770513f59880af8faafc052c840c.jpg,frame_00114_jpg.rf.6a35770513f59880af8faafc052c840c.jpg,0.18992769718170166
C:\Users\carmonta\Desktop\data-centric-cross-season-transfer\datasets\train_on_2025_all\images\frame_00114_jpg.rf.6ed9e9b499d5d829c1738439557a19d7.jpg,frame_00114_jpg.rf.6ed9e9b499d5d829c1738439557a19d7.jpg,0.9487230181694031
C:\Users\carmonta\Desktop\data-centric-cross-season-transfer\datasets\train_on_2025_all\images\frame_00114_jpg.rf.7808455ae1f37d9abe1e07e8a78fd4ba.jpg,frame_00114_jpg.rf.7808455ae1f37d9abe1e07e8a78fd4ba.jpg,0.18547749519348145
C:\Users\carmonta\Desktop\data-centric-cross-season-transfer\datasets\train_on_2025_all\images\frame_00114_jpg.rf.895561c5ed021ee1a9c5f382b675a308.jpg,frame_00114_jpg.rf.895561c5ed021ee1a9c5f382b675a308.jpg,0.9330703839659691
C:\Users\carmonta\Desktop\data-centric-cross-season-transfer\datasets\train_on_2025_all\images\frame_00114_jpg.rf.8f7841a5a06ee5b0253259c001c45978.jpg,frame_00114_jpg.rf.8f7841a5a06ee5b0253259c001c45978.jpg,0.579216480255127
C:\Users\carmonta\Desktop\data-centric-cross-season-transfer\datasets\train_on_2025_all\images\frame_00114_jpg.rf.f7dc014a4c030d536ec8430ad5c0908c.jpg,frame_00114_jpg.rf.f7dc014a4c030d536ec8430ad5c0908c.jpg,0.538802832365036
C:\Users\carmonta\Desktop\data-centric-cross-season-transfer\datasets\train_on_2025_all\images\frame_00115_jpg.rf.05e7e5751b7f10c6e2916dcdd21ee11c.jpg,frame_00115_jpg.rf.05e7e5751b7f10c6e2916dcdd21ee11c.jpg,0.8395512849092484
C:\Users\carmonta\Desktop\data-centric-cross-season-transfer\datasets\train_on_2025_all\images\frame_00115_jpg.rf.09c9e91658ee1d5b68a8417c40f4de19.jpg,frame_00115_jpg.rf.09c9e91658ee1d5b68a8417c40f4de19.jpg,0.8499997407197952
C:\Users\carmonta\Desktop\data-centric-cross-season-transfer\datasets\train_on_2025_all\images\frame_00115_jpg.rf.4d356b7cc359605444bd1fdaa19e5c02.jpg,frame_00115_jpg.rf.4d356b7cc359605444bd1fdaa19e5c02.jpg,0.8630266636610031
C:\Users\carmonta\Desktop\data-centric-cross-season-transfer\datasets\train_on_2025_all\images\frame_00115_jpg.rf.539c6d1421557a07a09d1a4313123902.jpg,frame_00115_jpg.rf.539c6d1421557a07a09d1a4313123902.jpg,0.7654052078723907
C:\Users\carmonta\Desktop\data-centric-cross-season-transfer\datasets\train_on_2025_all\images\frame_00115_jpg.rf.741abbed617a3813ba970a9635e9c9aa.jpg,frame_00115_jpg.rf.741abbed617a3813ba970a9635e9c9aa.jpg,0.7449579536914825
C:\Users\carmonta\Desktop\data-centric-cross-season-transfer\datasets\train_on_2025_all\images\frame_00115_jpg.rf.96bdc3b96eded8eb93ac882834654b51.jpg,frame_00115_jpg.rf.96bdc3b96eded8eb93ac882834654b51.jpg,0.33453547954559326
C:\Users\carmonta\Desktop\data-centric-cross-season-transfer\datasets\train_on_2025_all\images\frame_00115_jpg.rf.b2c4f1521f87f1a28e6602516cfc0366.jpg,frame_00115_jpg.rf.b2c4f1521f87f1a28e6602516cfc0366.jpg,0.8395512849092484
C:\Users\carmonta\Desktop\data-centric-cross-season-transfer\datasets\train_on_2025_all\images\frame_00115_jpg.rf.bdd0cb0709be506b0d205ca82d9f9f48.jpg,frame_00115_jpg.rf.bdd0cb0709be506b0d205ca82d9f9f48.jpg,0.7354273796081543
C:\Users\carmonta\Desktop\data-centric-cross-season-transfer\datasets\train_on_2025_all\images\frame_00115_jpg.rf.be4b4fa2ca9c26045f79efa5bf130d0c.jpg,frame_00115_jpg.rf.be4b4fa2ca9c26045f79efa5bf130d0c.jpg,0.3262173533439636
C:\Users\carmonta\Desktop\data-centric-cross-season-transfer\datasets\train_on_2025_all\images\frame_00115_jpg.rf.d917ac88808bd53fa642e599d6d855f2.jpg,frame_00115_jpg.rf.d917ac88808bd53fa642e599d6d855f2.jpg,0.32774466276168823
C:\Users\carmonta\Desktop\data-centric-cross-season-transfer\datasets\train_on_2025_all\images\frame_00115_jpg.rf.e49eec444cc3bf75fa3a16b1d3d910f2.jpg,frame_00115_jpg.rf.e49eec444cc3bf75fa3a16b1d3d910f2.jpg,0.8626229912042618
C:\Users\carmonta\Desktop\data-centric-cross-season-transfer\datasets\train_on_2025_all\images\frame_00116_jpg.rf.12c976732f54a2eacd78ab608f401a74.jpg,frame_00116_jpg.rf.12c976732f54a2eacd78ab608f401a74.jpg,0.33544641733169556
C:\Users\carmonta\Desktop\data-centric-cross-season-transfer\datasets\train_on_2025_all\images\frame_00116_jpg.rf.18a4e2724349e11594f3182eb93fb0a9.jpg,frame_00116_jpg.rf.18a4e2724349e11594f3182eb93fb0a9.jpg,0.6232602596282959
C:\Users\carmonta\Desktop\data-centric-cross-season-transfer\datasets\train_on_2025_all\images\frame_00116_jpg.rf.38336902d5fe188d1d0879eb76b1233f.jpg,frame_00116_jpg.rf.38336902d5fe188d1d0879eb76b1233f.jpg,0.6238375604152679
C:\Users\carmonta\Desktop\data-centric-cross-season-transfer\datasets\train_on_2025_all\images\frame_00116_jpg.rf.73f5aea5412dd082e45ae63003202643.jpg,frame_00116_jpg.rf.73f5aea5412dd082e45ae63003202643.jpg,0.7471000552177429
C:\Users\carmonta\Desktop\data-centric-cross-season-transfer\datasets\train_on_2025_all\images\frame_00116_jpg.rf.9e1618cbc68b1e859eb80415375c8baa.jpg,frame_00116_jpg.rf.9e1618cbc68b1e859eb80415375c8baa.jpg,0.6894187033176422
C:\Users\carmonta\Desktop\data-centric-cross-season-transfer\datasets\train_on_2025_all\images\frame_00116_jpg.rf.a2e48d3137969be32af15ae91eac0b8f.jpg,frame_00116_jpg.rf.a2e48d3137969be32af15ae91eac0b8f.jpg,0.6245878040790558
C:\Users\carmonta\Desktop\data-centric-cross-season-transfer\datasets\train_on_2025_all\images\frame_00116_jpg.rf.a98bec3a4f672c9b1f94cc8b5003d50c.jpg,frame_00116_jpg.rf.a98bec3a4f672c9b1f94cc8b5003d50c.jpg,0.6906618475914001
C:\Users\carmonta\Desktop\data-centric-cross-season-transfer\datasets\train_on_2025_all\images\frame_00116_jpg.rf.c24691d250cefd1a2ab281298ef36a6b.jpg,frame_00116_jpg.rf.c24691d250cefd1a2ab281298ef36a6b.jpg,0.7895431816577911
C:\Users\carmonta\Desktop\data-centric-cross-season-transfer\datasets\train_on_2025_all\images\frame_00116_jpg.rf.f5e0a44df96dd8e32a3785a7c75c78fe.jpg,frame_00116_jpg.rf.f5e0a44df96dd8e32a3785a7c75c78fe.jpg,0.3255537152290344
C:\Users\carmonta\Desktop\data-centric-cross-season-transfer\datasets\train_on_2025_all\images\frame_00116_jpg.rf.fe588a2b52b8ce9b437976e6cd2b3bea.jpg,frame_00116_jpg.rf.fe588a2b52b8ce9b437976e6cd2b3bea.jpg,0.32431191205978394
C:\Users\carmonta\Desktop\data-centric-cross-season-transfer\datasets\train_on_2025_all\images\frame_00117_jpg.rf.1970ff5a4cd0052c2121d20e9f8ecce4.jpg,frame_00117_jpg.rf.1970ff5a4cd0052c2121d20e9f8ecce4.jpg,0.5089129507541656
C:\Users\carmonta\Desktop\data-centric-cross-season-transfer\datasets\train_on_2025_all\images\frame_00117_jpg.rf.3ac0a78346d907b368b82e567cefcc41.jpg,frame_00117_jpg.rf.3ac0a78346d907b368b82e567cefcc41.jpg,0.5971788167953491
C:\Users\carmonta\Desktop\data-centric-cross-season-transfer\datasets\train_on_2025_all\images\frame_00117_jpg.rf.6b202153988bcb138f69eb463df643bc.jpg,frame_00117_jpg.rf.6b202153988bcb138f69eb463df643bc.jpg,0.5704562067985535
C:\Users\carmonta\Desktop\data-centric-cross-season-transfer\datasets\train_on_2025_all\images\frame_00117_jpg.rf.83ac2cd52fde18b6ec654b0265de316e.jpg,frame_00117_jpg.rf.83ac2cd52fde18b6ec654b0265de316e.jpg,0.5714673697948456
C:\Users\carmonta\Desktop\data-centric-cross-season-transfer\datasets\train_on_2025_all\images\frame_00117_jpg.rf.85d91bd7e6b3df069a2465bc9323989d.jpg,frame_00117_jpg.rf.85d91bd7e6b3df069a2465bc9323989d.jpg,0.500844419002533
C:\Users\carmonta\Desktop\data-centric-cross-season-transfer\datasets\train_on_2025_all\images\frame_00117_jpg.rf.a6908b88d56333a6782b73e6def61292.jpg,frame_00117_jpg.rf.a6908b88d56333a6782b73e6def61292.jpg,0.500983476638794
C:\Users\carmonta\Desktop\data-centric-cross-season-transfer\datasets\train_on_2025_all\images\frame_00117_jpg.rf.b0c0d6a89c281ec2402d052329d19134.jpg,frame_00117_jpg.rf.b0c0d6a89c281ec2402d052329d19134.jpg,0.559287965297699
C:\Users\carmonta\Desktop\data-centric-cross-season-transfer\datasets\train_on_2025_all\images\frame_00117_jpg.rf.d6e2354fd229f503767ebe7c4ce32d1e.jpg,frame_00117_jpg.rf.d6e2354fd229f503767ebe7c4ce32d1e.jpg,0.5930939614772797
C:\Users\carmonta\Desktop\data-centric-cross-season-transfer\datasets\train_on_2025_all\images\frame_00117_jpg.rf.de52549f73f9d80a939f45363b3456d6.jpg,frame_00117_jpg.rf.de52549f73f9d80a939f45363b3456d6.jpg,0.5014051496982574
C:\Users\carmonta\Desktop\data-centric-cross-season-transfer\datasets\train_on_2025_all\images\frame_00118_jpg.rf.02013eb21818389cabd7c810a760e637.jpg,frame_00118_jpg.rf.02013eb21818389cabd7c810a760e637.jpg,0.43943899869918823
C:\Users\carmonta\Desktop\data-centric-cross-season-transfer\datasets\train_on_2025_all\images\frame_00118_jpg.rf.1a20fc20265dbbd4b6ef38f72aa3c66c.jpg,frame_00118_jpg.rf.1a20fc20265dbbd4b6ef38f72aa3c66c.jpg,0.8106225728988647
C:\Users\carmonta\Desktop\data-centric-cross-season-transfer\datasets\train_on_2025_all\images\frame_00118_jpg.rf.32815c707da0f451d02da952b4f4f696.jpg,frame_00118_jpg.rf.32815c707da0f451d02da952b4f4f696.jpg,0.8135926723480225
C:\Users\carmonta\Desktop\data-centric-cross-season-transfer\datasets\train_on_2025_all\images\frame_00118_jpg.rf.3d7031cdcced808879ec8b1e471662cd.jpg,frame_00118_jpg.rf.3d7031cdcced808879ec8b1e471662cd.jpg,0.441009521484375
C:\Users\carmonta\Desktop\data-centric-cross-season-transfer\datasets\train_on_2025_all\images\frame_00118_jpg.rf.5fc65c6e1e9453835dbf92360317dfe5.jpg,frame_00118_jpg.rf.5fc65c6e1e9453835dbf92360317dfe5.jpg,0.44091087579727173
C:\Users\carmonta\Desktop\data-centric-cross-season-transfer\datasets\train_on_2025_all\images\frame_00118_jpg.rf.8e1b85964168f947b0cc4204d663c21c.jpg,frame_00118_jpg.rf.8e1b85964168f947b0cc4204d663c21c.jpg,0.8393551707267761
C:\Users\carmonta\Desktop\data-centric-cross-season-transfer\datasets\train_on_2025_all\images\frame_00118_jpg.rf.989f726a8f6af5078af9eff2ec7a928a.jpg,frame_00118_jpg.rf.989f726a8f6af5078af9eff2ec7a928a.jpg,0.8433841913938522
C:\Users\carmonta\Desktop\data-centric-cross-season-transfer\datasets\train_on_2025_all\images\frame_00118_jpg.rf.a57aca8cad3c454b596b8c444318f576.jpg,frame_00118_jpg.rf.a57aca8cad3c454b596b8c444318f576.jpg,0.8135926723480225
C:\Users\carmonta\Desktop\data-centric-cross-season-transfer\datasets\train_on_2025_all\images\frame_00118_jpg.rf.d01c724cc835963c5e577910080fe6f5.jpg,frame_00118_jpg.rf.d01c724cc835963c5e577910080fe6f5.jpg,0.8108346313238144
C:\Users\carmonta\Desktop\data-centric-cross-season-transfer\datasets\train_on_2025_all\images\frame_00119_jpg.rf.0c3ed7715882d5af385bc6370656f42a.jpg,frame_00119_jpg.rf.0c3ed7715882d5af385bc6370656f42a.jpg,0.9343017414212227
C:\Users\carmonta\Desktop\data-centric-cross-season-transfer\datasets\train_on_2025_all\images\frame_00119_jpg.rf.8639e4158518e728eca73c00f72f20c0.jpg,frame_00119_jpg.rf.8639e4158518e728eca73c00f72f20c0.jpg,0.9305931404232979
C:\Users\carmonta\Desktop\data-centric-cross-season-transfer\datasets\train_on_2025_all\images\frame_00119_jpg.rf.cd31434af642b5de735c4a9ed7bba404.jpg,frame_00119_jpg.rf.cd31434af642b5de735c4a9ed7bba404.jpg,0.5804104804992676
C:\Users\carmonta\Desktop\data-centric-cross-season-transfer\datasets\train_on_2025_all\images\frame_00119_jpg.rf.f68c8e97c549c106f0f3a5122b713874.jpg,frame_00119_jpg.rf.f68c8e97c549c106f0f3a5122b713874.jpg,0.5500544607639313
C:\Users\carmonta\Desktop\data-centric-cross-season-transfer\datasets\train_on_2025_all\images\frame_00120_jpg.rf.03286f38fcc5c0cc0e27cde063b92931.jpg,frame_00120_jpg.rf.03286f38fcc5c0cc0e27cde063b92931.jpg,0.7347476780414581
C:\Users\carmonta\Desktop\data-centric-cross-season-transfer\datasets\train_on_2025_all\images\frame_00120_jpg.rf.33c0adf687b0e5de5bd77583a132d8a4.jpg,frame_00120_jpg.rf.33c0adf687b0e5de5bd77583a132d8a4.jpg,0.22616982460021973
C:\Users\carmonta\Desktop\data-centric-cross-season-transfer\datasets\train_on_2025_all\images\frame_00120_jpg.rf.350501838c95d7008037892e43b15603.jpg,frame_00120_jpg.rf.350501838c95d7008037892e43b15603.jpg,0.2495424747467041
C:\Users\carmonta\Desktop\data-centric-cross-season-transfer\datasets\train_on_2025_all\images\frame_00120_jpg.rf.56d20ea5f926068fa96d9ab480ac9031.jpg,frame_00120_jpg.rf.56d20ea5f926068fa96d9ab480ac9031.jpg,0.2235296368598938
C:\Users\carmonta\Desktop\data-centric-cross-season-transfer\datasets\train_on_2025_all\images\frame_00120_jpg.rf.7149733cb63915f039bc7d97e8226486.jpg,frame_00120_jpg.rf.7149733cb63915f039bc7d97e8226486.jpg,0.25063174962997437
C:\Users\carmonta\Desktop\data-centric-cross-season-transfer\datasets\train_on_2025_all\images\frame_00120_jpg.rf.7d7dfc00e5c75e7072b13d2dda6e6bbe.jpg,frame_00120_jpg.rf.7d7dfc00e5c75e7072b13d2dda6e6bbe.jpg,0.6281140446662903
C:\Users\carmonta\Desktop\data-centric-cross-season-transfer\datasets\train_on_2025_all\images\frame_00120_jpg.rf.9eea5fd542755484b9c44837a2479ac0.jpg,frame_00120_jpg.rf.9eea5fd542755484b9c44837a2479ac0.jpg,0.778393879532814
C:\Users\carmonta\Desktop\data-centric-cross-season-transfer\datasets\train_on_2025_all\images\frame_00120_jpg.rf.ada370c3ba24caf68f8224ff3b0d9ee0.jpg,frame_00120_jpg.rf.ada370c3ba24caf68f8224ff3b0d9ee0.jpg,0.8083307296037674
C:\Users\carmonta\Desktop\data-centric-cross-season-transfer\datasets\train_on_2025_all\images\frame_00120_jpg.rf.b131c1641df0fd708e098342545ba707.jpg,frame_00120_jpg.rf.b131c1641df0fd708e098342545ba707.jpg,0.680000364780426
C:\Users\carmonta\Desktop\data-centric-cross-season-transfer\datasets\train_on_2025_all\images\frame_00120_jpg.rf.f730edffc9751ee0671726be9f6c3195.jpg,frame_00120_jpg.rf.f730edffc9751ee0671726be9f6c3195.jpg,0.8083307296037674
C:\Users\carmonta\Desktop\data-centric-cross-season-transfer\datasets\train_on_2025_all\images\frame_00121_jpg.rf.14bda0c790a6889c1a4320dbfcd85989.jpg,frame_00121_jpg.rf.14bda0c790a6889c1a4320dbfcd85989.jpg,0.8378951549530029
C:\Users\carmonta\Desktop\data-centric-cross-season-transfer\datasets\train_on_2025_all\images\frame_00121_jpg.rf.2c814e4125a92d241826aa03aa481b62.jpg,frame_00121_jpg.rf.2c814e4125a92d241826aa03aa481b62.jpg,0.8473623245954514
C:\Users\carmonta\Desktop\data-centric-cross-season-transfer\datasets\train_on_2025_all\images\frame_00121_jpg.rf.37a248aa5c93945ce985d27bf59705d8.jpg,frame_00121_jpg.rf.37a248aa5c93945ce985d27bf59705d8.jpg,0.2361508011817932
C:\Users\carmonta\Desktop\data-centric-cross-season-transfer\datasets\train_on_2025_all\images\frame_00121_jpg.rf.46fe0a6e42a1551d201bf7aa941c2630.jpg,frame_00121_jpg.rf.46fe0a6e42a1551d201bf7aa941c2630.jpg,0.23576891422271729
C:\Users\carmonta\Desktop\data-centric-cross-season-transfer\datasets\train_on_2025_all\images\frame_00121_jpg.rf.59d11ebbdabc1a39a7a4dd9fef0fbf7a.jpg,frame_00121_jpg.rf.59d11ebbdabc1a39a7a4dd9fef0fbf7a.jpg,0.23650586605072021
C:\Users\carmonta\Desktop\data-centric-cross-season-transfer\datasets\train_on_2025_all\images\frame_00121_jpg.rf.a2d6bcc752865fdb270eda410e01808a.jpg,frame_00121_jpg.rf.a2d6bcc752865fdb270eda410e01808a.jpg,0.8296298086643219
C:\Users\carmonta\Desktop\data-centric-cross-season-transfer\datasets\train_on_2025_all\images\frame_00122_jpg.rf.1beadd0d8e7d2e647f8b34c6c92b884b.jpg,frame_00122_jpg.rf.1beadd0d8e7d2e647f8b34c6c92b884b.jpg,0.7973598390817642
C:\Users\carmonta\Desktop\data-centric-cross-season-transfer\datasets\train_on_2025_all\images\frame_00122_jpg.rf.21b03a486c55ca7c1b9c915b3e445927.jpg,frame_00122_jpg.rf.21b03a486c55ca7c1b9c915b3e445927.jpg,0.8184713572263718
C:\Users\carmonta\Desktop\data-centric-cross-season-transfer\datasets\train_on_2025_all\images\frame_00122_jpg.rf.489a008afb54143c1bfd52e9e91f6c4f.jpg,frame_00122_jpg.rf.489a008afb54143c1bfd52e9e91f6c4f.jpg,0.9122590646147728
C:\Users\carmonta\Desktop\data-centric-cross-season-transfer\datasets\train_on_2025_all\images\frame_00122_jpg.rf.4f8129ff20a42b04f93005171606ced5.jpg,frame_00122_jpg.rf.4f8129ff20a42b04f93005171606ced5.jpg,0.9221300706267357
C:\Users\carmonta\Desktop\data-centric-cross-season-transfer\datasets\train_on_2025_all\images\frame_00122_jpg.rf.91078bbea19b7e2cac43f7ba6235edc4.jpg,frame_00122_jpg.rf.91078bbea19b7e2cac43f7ba6235edc4.jpg,0.15237414836883545
C:\Users\carmonta\Desktop\data-centric-cross-season-transfer\datasets\train_on_2025_all\images\frame_00122_jpg.rf.a4ef101157f6eee558b2110f359a51ec.jpg,frame_00122_jpg.rf.a4ef101157f6eee558b2110f359a51ec.jpg,0.25736939907073975
C:\Users\carmonta\Desktop\data-centric-cross-season-transfer\datasets\train_on_2025_all\images\frame_00122_jpg.rf.b94ac813ea569b1f7d7a65124a43d101.jpg,frame_00122_jpg.rf.b94ac813ea569b1f7d7a65124a43d101.jpg,0.9312384054064751
C:\Users\carmonta\Desktop\data-centric-cross-season-transfer\datasets\train_on_2025_all\images\frame_00122_jpg.rf.dffecf0315ec13a6d833a0feaec8c13b.jpg,frame_00122_jpg.rf.dffecf0315ec13a6d833a0feaec8c13b.jpg,0.8375063538551331
C:\Users\carmonta\Desktop\data-centric-cross-season-transfer\datasets\train_on_2025_all\images\frame_00123_jpg.rf.018be116b2897559b86db8a6a5e9f245.jpg,frame_00123_jpg.rf.018be116b2897559b86db8a6a5e9f245.jpg,0.8900076150894165
C:\Users\carmonta\Desktop\data-centric-cross-season-transfer\datasets\train_on_2025_all\images\frame_00123_jpg.rf.04bd875f16df4719fd14a76c1210001c.jpg,frame_00123_jpg.rf.04bd875f16df4719fd14a76c1210001c.jpg,0.8893427178263664
C:\Users\carmonta\Desktop\data-centric-cross-season-transfer\datasets\train_on_2025_all\images\frame_00123_jpg.rf.1949aa6fcfd14a07164efbad80bce888.jpg,frame_00123_jpg.rf.1949aa6fcfd14a07164efbad80bce888.jpg,0.6991687417030334
C:\Users\carmonta\Desktop\data-centric-cross-season-transfer\datasets\train_on_2025_all\images\frame_00123_jpg.rf.310ea230ee743f5bd060bfd144afbcd1.jpg,frame_00123_jpg.rf.310ea230ee743f5bd060bfd144afbcd1.jpg,0.7351543009281158
C:\Users\carmonta\Desktop\data-centric-cross-season-transfer\datasets\train_on_2025_all\images\frame_00123_jpg.rf.4f2ad28b325c4797c738e4d22ac32f15.jpg,frame_00123_jpg.rf.4f2ad28b325c4797c738e4d22ac32f15.jpg,0.752259835600853
C:\Users\carmonta\Desktop\data-centric-cross-season-transfer\datasets\train_on_2025_all\images\frame_00123_jpg.rf.516f86370658742f880782410029b2c8.jpg,frame_00123_jpg.rf.516f86370658742f880782410029b2c8.jpg,0.9112739488482475
C:\Users\carmonta\Desktop\data-centric-cross-season-transfer\datasets\train_on_2025_all\images\frame_00123_jpg.rf.8bad2c2726ee93d93ad23d450b4c2c65.jpg,frame_00123_jpg.rf.8bad2c2726ee93d93ad23d450b4c2c65.jpg,0.9077550321817398
C:\Users\carmonta\Desktop\data-centric-cross-season-transfer\datasets\train_on_2025_all\images\frame_00123_jpg.rf.e25f9193f9fd6feadbd7411c17cf17ec.jpg,frame_00123_jpg.rf.e25f9193f9fd6feadbd7411c17cf17ec.jpg,0.6991687417030334
C:\Users\carmonta\Desktop\data-centric-cross-season-transfer\datasets\train_on_2025_all\images\frame_00123_jpg.rf.e65dac330b3b3a98e3c700ea137bf77f.jpg,frame_00123_jpg.rf.e65dac330b3b3a98e3c700ea137bf77f.jpg,0.6991687417030334
C:\Users\carmonta\Desktop\data-centric-cross-season-transfer\datasets\train_on_2025_all\images\frame_00124_jpg.rf.454c0fb90c305f5c2fac713c3ff04901.jpg,frame_00124_jpg.rf.454c0fb90c305f5c2fac713c3ff04901.jpg,0.7346684336662292
C:\Users\carmonta\Desktop\data-centric-cross-season-transfer\datasets\train_on_2025_all\images\frame_00124_jpg.rf.49653cf9c03a53edfbcd68c08d3b3d53.jpg,frame_00124_jpg.rf.49653cf9c03a53edfbcd68c08d3b3d53.jpg,0.7362416684627533
C:\Users\carmonta\Desktop\data-centric-cross-season-transfer\datasets\train_on_2025_all\images\frame_00124_jpg.rf.6345f0f18c79e46304b8fe8fa214e0ca.jpg,frame_00124_jpg.rf.6345f0f18c79e46304b8fe8fa214e0ca.jpg,0.7785034626722336
C:\Users\carmonta\Desktop\data-centric-cross-season-transfer\datasets\train_on_2025_all\images\frame_00124_jpg.rf.a95bb1079e775cc8b0b156ca39e42617.jpg,frame_00124_jpg.rf.a95bb1079e775cc8b0b156ca39e42617.jpg,0.7424109876155853
C:\Users\carmonta\Desktop\data-centric-cross-season-transfer\datasets\train_on_2025_all\images\frame_00124_jpg.rf.d5bf6f89fb583bb6713c929e1ec08c42.jpg,frame_00124_jpg.rf.d5bf6f89fb583bb6713c929e1ec08c42.jpg,0.7796329259872437
C:\Users\carmonta\Desktop\data-centric-cross-season-transfer\datasets\train_on_2025_all\images\frame_00125_jpg.rf.39a5f1564f9804e59598bc4bdd2a2c05.jpg,frame_00125_jpg.rf.39a5f1564f9804e59598bc4bdd2a2c05.jpg,0.7915961891412735
C:\Users\carmonta\Desktop\data-centric-cross-season-transfer\datasets\train_on_2025_all\images\frame_00125_jpg.rf.76a359491a93abfbe591b3e6ad556163.jpg,frame_00125_jpg.rf.76a359491a93abfbe591b3e6ad556163.jpg,0.46912914514541626
C:\Users\carmonta\Desktop\data-centric-cross-season-transfer\datasets\train_on_2025_all\images\frame_00125_jpg.rf.884f5ab19987cf4aa4b6dbf011ef71cf.jpg,frame_00125_jpg.rf.884f5ab19987cf4aa4b6dbf011ef71cf.jpg,0.803301990032196
C:\Users\carmonta\Desktop\data-centric-cross-season-transfer\datasets\train_on_2025_all\images\frame_00125_jpg.rf.b622299dc01b2b54c2c28fa16389a1a4.jpg,frame_00125_jpg.rf.b622299dc01b2b54c2c28fa16389a1a4.jpg,0.8045139163732529
C:\Users\carmonta\Desktop\data-centric-cross-season-transfer\datasets\train_on_2025_all\images\frame_00125_jpg.rf.e3189d23520dbe0d409eef61d5e72701.jpg,frame_00125_jpg.rf.e3189d23520dbe0d409eef61d5e72701.jpg,0.46727049350738525
C:\Users\carmonta\Desktop\data-centric-cross-season-transfer\datasets\train_on_2025_all\images\frame_00126_jpg.rf.360f98d2d40d6b79a6ab8fcb877b1da1.jpg,frame_00126_jpg.rf.360f98d2d40d6b79a6ab8fcb877b1da1.jpg,0.6529365181922913
C:\Users\carmonta\Desktop\data-centric-cross-season-transfer\datasets\train_on_2025_all\images\frame_00126_jpg.rf.3a70037005327d7afe871880af6be7ad.jpg,frame_00126_jpg.rf.3a70037005327d7afe871880af6be7ad.jpg,0.655375212430954
C:\Users\carmonta\Desktop\data-centric-cross-season-transfer\datasets\train_on_2025_all\images\frame_00126_jpg.rf.63ece5485182a4564b7639a5bf03ce13.jpg,frame_00126_jpg.rf.63ece5485182a4564b7639a5bf03ce13.jpg,0.8841429278254509
C:\Users\carmonta\Desktop\data-centric-cross-season-transfer\datasets\train_on_2025_all\images\frame_00126_jpg.rf.ab43f518ef97b30a19d9610b646d7819.jpg,frame_00126_jpg.rf.ab43f518ef97b30a19d9610b646d7819.jpg,0.876506045460701
C:\Users\carmonta\Desktop\data-centric-cross-season-transfer\datasets\train_on_2025_all\images\frame_00126_jpg.rf.bb555e393b4ae06edbcfaa9607ef0018.jpg,frame_00126_jpg.rf.bb555e393b4ae06edbcfaa9607ef0018.jpg,0.6437557339668274
C:\Users\carmonta\Desktop\data-centric-cross-season-transfer\datasets\train_on_2025_all\images\frame_00127_jpg.rf.588c8538f1cea2aea988bbcbf1b85935.jpg,frame_00127_jpg.rf.588c8538f1cea2aea988bbcbf1b85935.jpg,0.7694981843233109
C:\Users\carmonta\Desktop\data-centric-cross-season-transfer\datasets\train_on_2025_all\images\frame_00127_jpg.rf.62c724376f94de5e33d23e7099313a3e.jpg,frame_00127_jpg.rf.62c724376f94de5e33d23e7099313a3e.jpg,0.7704562097787857
C:\Users\carmonta\Desktop\data-centric-cross-season-transfer\datasets\train_on_2025_all\images\frame_00127_jpg.rf.92f7d8d165cec57ed341966c69a50431.jpg,frame_00127_jpg.rf.92f7d8d165cec57ed341966c69a50431.jpg,0.8680835366249084
C:\Users\carmonta\Desktop\data-centric-cross-season-transfer\datasets\train_on_2025_all\images\frame_00127_jpg.rf.b0b41104fd63b4be6db846c1511dddc1.jpg,frame_00127_jpg.rf.b0b41104fd63b4be6db846c1511dddc1.jpg,0.8664922118186951
C:\Users\carmonta\Desktop\data-centric-cross-season-transfer\datasets\train_on_2025_all\images\frame_00127_jpg.rf.d03d30128cc59c0fe622e4eef3fcf48b.jpg,frame_00127_jpg.rf.d03d30128cc59c0fe622e4eef3fcf48b.jpg,0.7666949927806854
C:\Users\carmonta\Desktop\data-centric-cross-season-transfer\datasets\train_on_2025_all\images\frame_00128_jpg.rf.0a3fe145e67cc2dfdef0a14a5673290e.jpg,frame_00128_jpg.rf.0a3fe145e67cc2dfdef0a14a5673290e.jpg,0.6001757383346558
C:\Users\carmonta\Desktop\data-centric-cross-season-transfer\datasets\train_on_2025_all\images\frame_00128_jpg.rf.239f1bb0dfd721699ba816a7021dc78f.jpg,frame_00128_jpg.rf.239f1bb0dfd721699ba816a7021dc78f.jpg,0.6289268434047699
C:\Users\carmonta\Desktop\data-centric-cross-season-transfer\datasets\train_on_2025_all\images\frame_00128_jpg.rf.2fca2958d3e2e67776b74234d810cbd2.jpg,frame_00128_jpg.rf.2fca2958d3e2e67776b74234d810cbd2.jpg,0.6320750415325165
C:\Users\carmonta\Desktop\data-centric-cross-season-transfer\datasets\train_on_2025_all\images\frame_00128_jpg.rf.4f18726216e632a350b1364a02970e05.jpg,frame_00128_jpg.rf.4f18726216e632a350b1364a02970e05.jpg,0.6008731126785278
C:\Users\carmonta\Desktop\data-centric-cross-season-transfer\datasets\train_on_2025_all\images\frame_00128_jpg.rf.882c90f03db90a2287221d9fb0523707.jpg,frame_00128_jpg.rf.882c90f03db90a2287221d9fb0523707.jpg,0.632348895072937
C:\Users\carmonta\Desktop\data-centric-cross-season-transfer\datasets\train_on_2025_all\images\frame_00128_jpg.rf.de9e86bcdb7b526acf28678ee5f8d0e0.jpg,frame_00128_jpg.rf.de9e86bcdb7b526acf28678ee5f8d0e0.jpg,0.1774020791053772
C:\Users\carmonta\Desktop\data-centric-cross-season-transfer\datasets\train_on_2025_all\images\frame_00128_jpg.rf.e2d3703ea001b6f133ba292cc8b0e99d.jpg,frame_00128_jpg.rf.e2d3703ea001b6f133ba292cc8b0e99d.jpg,0.2963041067123413
C:\Users\carmonta\Desktop\data-centric-cross-season-transfer\datasets\train_on_2025_all\images\frame_00128_jpg.rf.f20228c9d9181788d4108ac90fcc4b1e.jpg,frame_00128_jpg.rf.f20228c9d9181788d4108ac90fcc4b1e.jpg,0.6040125787258148
C:\Users\carmonta\Desktop\data-centric-cross-season-transfer\datasets\train_on_2025_all\images\frame_00129_jpg.rf.0c8257ac5b84fefbc6f5c706f0bede60.jpg,frame_00129_jpg.rf.0c8257ac5b84fefbc6f5c706f0bede60.jpg,0.25511258840560913
C:\Users\carmonta\Desktop\data-centric-cross-season-transfer\datasets\train_on_2025_all\images\frame_00129_jpg.rf.0caeee9cb1f27a3ecf549ea5c448aac3.jpg,frame_00129_jpg.rf.0caeee9cb1f27a3ecf549ea5c448aac3.jpg,0.5093635022640228
C:\Users\carmonta\Desktop\data-centric-cross-season-transfer\datasets\train_on_2025_all\images\frame_00129_jpg.rf.3f0ddf4fcaa5c0bdcf8b1b5fc2fbfac3.jpg,frame_00129_jpg.rf.3f0ddf4fcaa5c0bdcf8b1b5fc2fbfac3.jpg,0.24966895580291748
C:\Users\carmonta\Desktop\data-centric-cross-season-transfer\datasets\train_on_2025_all\images\frame_00129_jpg.rf.7aa167205db888afb3d7b2ef8f915503.jpg,frame_00129_jpg.rf.7aa167205db888afb3d7b2ef8f915503.jpg,0.9939944818615913
C:\Users\carmonta\Desktop\data-centric-cross-season-transfer\datasets\train_on_2025_all\images\frame_00129_jpg.rf.bf4a18c686bb69c1caa498bc9e4cb8e1.jpg,frame_00129_jpg.rf.bf4a18c686bb69c1caa498bc9e4cb8e1.jpg,0.3974412679672241
C:\Users\carmonta\Desktop\data-centric-cross-season-transfer\datasets\train_on_2025_all\images\frame_00129_jpg.rf.ee0244760c370e84e999d4c671678c6f.jpg,frame_00129_jpg.rf.ee0244760c370e84e999d4c671678c6f.jpg,0.9932368760928512
C:\Users\carmonta\Desktop\data-centric-cross-season-transfer\datasets\train_on_2025_all\images\frame_00129_jpg.rf.f3ba0cf91a2324749bf88043fc13c19c.jpg,frame_00129_jpg.rf.f3ba0cf91a2324749bf88043fc13c19c.jpg,0.5093635022640228
C:\Users\carmonta\Desktop\data-centric-cross-season-transfer\datasets\train_on_2025_all\images\frame_00129_jpg.rf.fa38c9fec8e018e3ac8a6fb43e9b6609.jpg,frame_00129_jpg.rf.fa38c9fec8e018e3ac8a6fb43e9b6609.jpg,0.5178236961364746
C:\Users\carmonta\Desktop\data-centric-cross-season-transfer\datasets\train_on_2025_all\images\frame_00130_jpg.rf.0fed002f2be40e69b2220b5044319119.jpg,frame_00130_jpg.rf.0fed002f2be40e69b2220b5044319119.jpg,0.8562500178813934
C:\Users\carmonta\Desktop\data-centric-cross-season-transfer\datasets\train_on_2025_all\images\frame_00130_jpg.rf.2beb60324c9055adb7fd98615bf11c91.jpg,frame_00130_jpg.rf.2beb60324c9055adb7fd98615bf11c91.jpg,0.5225070714950562
C:\Users\carmonta\Desktop\data-centric-cross-season-transfer\datasets\train_on_2025_all\images\frame_00130_jpg.rf.45e80caefc366d32b849feae50a4b9ca.jpg,frame_00130_jpg.rf.45e80caefc366d32b849feae50a4b9ca.jpg,0.2539961338043213
C:\Users\carmonta\Desktop\data-centric-cross-season-transfer\datasets\train_on_2025_all\images\frame_00130_jpg.rf.7e1f78659c416a00eacd4d1af816b93b.jpg,frame_00130_jpg.rf.7e1f78659c416a00eacd4d1af816b93b.jpg,0.8631826490163803
C:\Users\carmonta\Desktop\data-centric-cross-season-transfer\datasets\train_on_2025_all\images\frame_00130_jpg.rf.9ba54399d0aca61ca6b7b63f74b4e579.jpg,frame_00130_jpg.rf.9ba54399d0aca61ca6b7b63f74b4e579.jpg,0.490311861038208
C:\Users\carmonta\Desktop\data-centric-cross-season-transfer\datasets\train_on_2025_all\images\frame_00130_jpg.rf.c81e3414baf4c4649ca2eed8020055d6.jpg,frame_00130_jpg.rf.c81e3414baf4c4649ca2eed8020055d6.jpg,0.8631826490163803
C:\Users\carmonta\Desktop\data-centric-cross-season-transfer\datasets\train_on_2025_all\images\frame_00130_jpg.rf.da130bafb87a88469e8fb7470e9b8570.jpg,frame_00130_jpg.rf.da130bafb87a88469e8fb7470e9b8570.jpg,0.5067258477210999
C:\Users\carmonta\Desktop\data-centric-cross-season-transfer\datasets\train_on_2025_all\images\frame_00130_jpg.rf.ec8fc695df5aa69c43e92708ae7c46d6.jpg,frame_00130_jpg.rf.ec8fc695df5aa69c43e92708ae7c46d6.jpg,0.25710684061050415
C:\Users\carmonta\Desktop\data-centric-cross-season-transfer\datasets\train_on_2025_all\images\frame_00130_jpg.rf.ff104f60aebfddfecbfe5a5b4f2eb169.jpg,frame_00130_jpg.rf.ff104f60aebfddfecbfe5a5b4f2eb169.jpg,0.25608664751052856
C:\Users\carmonta\Desktop\data-centric-cross-season-transfer\datasets\train_on_2025_all\images\frame_00131_jpg.rf.117eecda4e2b6703113b2b0c2ae478c7.jpg,frame_00131_jpg.rf.117eecda4e2b6703113b2b0c2ae478c7.jpg,0.7011899054050446
C:\Users\carmonta\Desktop\data-centric-cross-season-transfer\datasets\train_on_2025_all\images\frame_00131_jpg.rf.19e736e59cb4939677702fa5d607f078.jpg,frame_00131_jpg.rf.19e736e59cb4939677702fa5d607f078.jpg,0.7905983030796051
C:\Users\carmonta\Desktop\data-centric-cross-season-transfer\datasets\train_on_2025_all\images\frame_00131_jpg.rf.59a8dac1587397447cd4b291090fd993.jpg,frame_00131_jpg.rf.59a8dac1587397447cd4b291090fd993.jpg,0.6903080642223358
C:\Users\carmonta\Desktop\data-centric-cross-season-transfer\datasets\train_on_2025_all\images\frame_00131_jpg.rf.5f59d9f65560e78330110343825223fa.jpg,frame_00131_jpg.rf.5f59d9f65560e78330110343825223fa.jpg,0.6944088637828827
C:\Users\carmonta\Desktop\data-centric-cross-season-transfer\datasets\train_on_2025_all\images\frame_00131_jpg.rf.965439360d4513b556449b3603ac52c9.jpg,frame_00131_jpg.rf.965439360d4513b556449b3603ac52c9.jpg,0.7878429442644119
C:\Users\carmonta\Desktop\data-centric-cross-season-transfer\datasets\train_on_2025_all\images\frame_00131_jpg.rf.9ca22b77e4f9d84c89dca0b8d5f03ae6.jpg,frame_00131_jpg.rf.9ca22b77e4f9d84c89dca0b8d5f03ae6.jpg,0.7369271516799927
C:\Users\carmonta\Desktop\data-centric-cross-season-transfer\datasets\train_on_2025_all\images\frame_00131_jpg.rf.aeb1943c2a558f4f72e54359817b73e4.jpg,frame_00131_jpg.rf.aeb1943c2a558f4f72e54359817b73e4.jpg,0.7284560203552246
C:\Users\carmonta\Desktop\data-centric-cross-season-transfer\datasets\train_on_2025_all\images\frame_00131_jpg.rf.d93545b92fa504c2bca20d97200863ab.jpg,frame_00131_jpg.rf.d93545b92fa504c2bca20d97200863ab.jpg,0.7275360226631165
C:\Users\carmonta\Desktop\data-centric-cross-season-transfer\datasets\train_on_2025_all\images\frame_00131_jpg.rf.e4a0672861717e30d764854c71859adb.jpg,frame_00131_jpg.rf.e4a0672861717e30d764854c71859adb.jpg,0.789858028292656
C:\Users\carmonta\Desktop\data-centric-cross-season-transfer\datasets\train_on_2025_all\images\frame_00131_jpg.rf.f34bb6adf1da6e63a5059e47239b1239.jpg,frame_00131_jpg.rf.f34bb6adf1da6e63a5059e47239b1239.jpg,0.5861829519271851
C:\Users\carmonta\Desktop\data-centric-cross-season-transfer\datasets\train_on_2025_all\images\frame_00132_jpg.rf.6d924de75d91056c375d820223c33213.jpg,frame_00132_jpg.rf.6d924de75d91056c375d820223c33213.jpg,0.9262029528617859
C:\Users\carmonta\Desktop\data-centric-cross-season-transfer\datasets\train_on_2025_all\images\frame_00132_jpg.rf.7027d5a04269c082f0fc7e6d0b321376.jpg,frame_00132_jpg.rf.7027d5a04269c082f0fc7e6d0b321376.jpg,0.9254563003778458
C:\Users\carmonta\Desktop\data-centric-cross-season-transfer\datasets\train_on_2025_all\images\frame_00132_jpg.rf.82a79c10e15eb9f8fac5ca40e1f09a31.jpg,frame_00132_jpg.rf.82a79c10e15eb9f8fac5ca40e1f09a31.jpg,0.7333386838436127
C:\Users\carmonta\Desktop\data-centric-cross-season-transfer\datasets\train_on_2025_all\images\frame_00132_jpg.rf.9bf6db6b94654a736b2a77d4a6b5bb37.jpg,frame_00132_jpg.rf.9bf6db6b94654a736b2a77d4a6b5bb37.jpg,0.9983924218686298
C:\Users\carmonta\Desktop\data-centric-cross-season-transfer\datasets\train_on_2025_all\images\frame_00132_jpg.rf.cfe05cad09c75fb3337806f8917c3b01.jpg,frame_00132_jpg.rf.cfe05cad09c75fb3337806f8917c3b01.jpg,0.9178016632795334
C:\Users\carmonta\Desktop\data-centric-cross-season-transfer\datasets\train_on_2025_all\images\frame_00132_jpg.rf.d7d4523fab28c6bc3e5836b69603c2b4.jpg,frame_00132_jpg.rf.d7d4523fab28c6bc3e5836b69603c2b4.jpg,0.7333386838436127
C:\Users\carmonta\Desktop\data-centric-cross-season-transfer\datasets\train_on_2025_all\images\frame_00132_jpg.rf.f45fc4e55fe936cd09fbc9502bc0c2b5.jpg,frame_00132_jpg.rf.f45fc4e55fe936cd09fbc9502bc0c2b5.jpg,0.2816147208213806
C:\Users\carmonta\Desktop\data-centric-cross-season-transfer\datasets\train_on_2025_all\images\frame_00132_jpg.rf.fbf4b7a1e1d0819318ee02a38e0ab5a3.jpg,frame_00132_jpg.rf.fbf4b7a1e1d0819318ee02a38e0ab5a3.jpg,0.7339487671852112
C:\Users\carmonta\Desktop\data-centric-cross-season-transfer\datasets\train_on_2025_all\images\frame_00133_jpg.rf.19ed3827c6985607461d99f03a395cb5.jpg,frame_00133_jpg.rf.19ed3827c6985607461d99f03a395cb5.jpg,0.996729367878288
C:\Users\carmonta\Desktop\data-centric-cross-season-transfer\datasets\train_on_2025_all\images\frame_00133_jpg.rf.23652e3487ffe53c6e00b3c0c3476a65.jpg,frame_00133_jpg.rf.23652e3487ffe53c6e00b3c0c3476a65.jpg,0.8839059099555016
C:\Users\carmonta\Desktop\data-centric-cross-season-transfer\datasets\train_on_2025_all\images\frame_00133_jpg.rf.265eb3b7fc260c4aa89ed310cebdf52a.jpg,frame_00133_jpg.rf.265eb3b7fc260c4aa89ed310cebdf52a.jpg,0.9979319940321147
C:\Users\carmonta\Desktop\data-centric-cross-season-transfer\datasets\train_on_2025_all\images\frame_00133_jpg.rf.5d9370d1d50fb212b934a6f9b5615133.jpg,frame_00133_jpg.rf.5d9370d1d50fb212b934a6f9b5615133.jpg,0.9984598223818466
C:\Users\carmonta\Desktop\data-centric-cross-season-transfer\datasets\train_on_2025_all\images\frame_00133_jpg.rf.680144c0658d4e46b038132227eec52b.jpg,frame_00133_jpg.rf.680144c0658d4e46b038132227eec52b.jpg,0.8889850974082947
C:\Users\carmonta\Desktop\data-centric-cross-season-transfer\datasets\train_on_2025_all\images\frame_00133_jpg.rf.7a64ca55f1b24010173ec878099c9730.jpg,frame_00133_jpg.rf.7a64ca55f1b24010173ec878099c9730.jpg,0.15208321809768677
C:\Users\carmonta\Desktop\data-centric-cross-season-transfer\datasets\train_on_2025_all\images\frame_00133_jpg.rf.8d9e8af99e0b2d5c29c9d7b86642beac.jpg,frame_00133_jpg.rf.8d9e8af99e0b2d5c29c9d7b86642beac.jpg,0.9057021960616112
C:\Users\carmonta\Desktop\data-centric-cross-season-transfer\datasets\train_on_2025_all\images\frame_00133_jpg.rf.b04bb132ce18417e3375c6d3e48da10a.jpg,frame_00133_jpg.rf.b04bb132ce18417e3375c6d3e48da10a.jpg,0.7436214685440063
C:\Users\carmonta\Desktop\data-centric-cross-season-transfer\datasets\train_on_2025_all\images\frame_00133_jpg.rf.eeda2725b39842a24a768c4fa33507be.jpg,frame_00133_jpg.rf.eeda2725b39842a24a768c4fa33507be.jpg,0.7454833090305328
C:\Users\carmonta\Desktop\data-centric-cross-season-transfer\datasets\train_on_2025_all\images\frame_00133_jpg.rf.f662d51b26c88558c17afc8e300ffe05.jpg,frame_00133_jpg.rf.f662d51b26c88558c17afc8e300ffe05.jpg,0.7478940486907959
C:\Users\carmonta\Desktop\data-centric-cross-season-transfer\datasets\train_on_2025_all\images\frame_00134_jpg.rf.157d7edf7144abd39e62fa4c91012396.jpg,frame_00134_jpg.rf.157d7edf7144abd39e62fa4c91012396.jpg,0.9010601863265038
C:\Users\carmonta\Desktop\data-centric-cross-season-transfer\datasets\train_on_2025_all\images\frame_00134_jpg.rf.2336d2377605ece3a4f9cdfa9c536f08.jpg,frame_00134_jpg.rf.2336d2377605ece3a4f9cdfa9c536f08.jpg,0.5813641548156738
C:\Users\carmonta\Desktop\data-centric-cross-season-transfer\datasets\train_on_2025_all\images\frame_00134_jpg.rf.b7814d77eb0e8b4c16aeb2c45614d523.jpg,frame_00134_jpg.rf.b7814d77eb0e8b4c16aeb2c45614d523.jpg,0.5796887576580048
C:\Users\carmonta\Desktop\data-centric-cross-season-transfer\datasets\train_on_2025_all\images\frame_00134_jpg.rf.c4ba0d4d2985c40fcf7e4579b581489a.jpg,frame_00134_jpg.rf.c4ba0d4d2985c40fcf7e4579b581489a.jpg,0.9010601863265038
C:\Users\carmonta\Desktop\data-centric-cross-season-transfer\datasets\train_on_2025_all\images\frame_00134_jpg.rf.f5ccf45a61e406cdafbe1962d31eb861.jpg,frame_00134_jpg.rf.f5ccf45a61e406cdafbe1962d31eb861.jpg,0.5755886733531952
C:\Users\carmonta\Desktop\data-centric-cross-season-transfer\datasets\train_on_2025_all\images\frame_00135_jpg.rf.242295ab4acdf4d4db2cba6c30d01f48.jpg,frame_00135_jpg.rf.242295ab4acdf4d4db2cba6c30d01f48.jpg,0.14990150928497314
C:\Users\carmonta\Desktop\data-centric-cross-season-transfer\datasets\train_on_2025_all\images\frame_00135_jpg.rf.51b80e78348ed15dd6aaa9284aa30626.jpg,frame_00135_jpg.rf.51b80e78348ed15dd6aaa9284aa30626.jpg,0.8776406645774841
C:\Users\carmonta\Desktop\data-centric-cross-season-transfer\datasets\train_on_2025_all\images\frame_00135_jpg.rf.6b3359d61c361281b7ac4356ab995a63.jpg,frame_00135_jpg.rf.6b3359d61c361281b7ac4356ab995a63.jpg,0.8777905628085136
C:\Users\carmonta\Desktop\data-centric-cross-season-transfer\datasets\train_on_2025_all\images\frame_00135_jpg.rf.6c7f167fa13ebf875aa8ae86deb388ec.jpg,frame_00135_jpg.rf.6c7f167fa13ebf875aa8ae86deb388ec.jpg,0.5782741010189056
C:\Users\carmonta\Desktop\data-centric-cross-season-transfer\datasets\train_on_2025_all\images\frame_00135_jpg.rf.7dd1bf904b323d933b21ec43d6b2f67b.jpg,frame_00135_jpg.rf.7dd1bf904b323d933b21ec43d6b2f67b.jpg,0.9743484389036894
C:\Users\carmonta\Desktop\data-centric-cross-season-transfer\datasets\train_on_2025_all\images\frame_00135_jpg.rf.8d19f6ea905447d4f6f4db95cf0bf4c3.jpg,frame_00135_jpg.rf.8d19f6ea905447d4f6f4db95cf0bf4c3.jpg,0.9844103660434484
C:\Users\carmonta\Desktop\data-centric-cross-season-transfer\datasets\train_on_2025_all\images\frame_00135_jpg.rf.a16fac132ed3fd350086fb7a8c9087f4.jpg,frame_00135_jpg.rf.a16fac132ed3fd350086fb7a8c9087f4.jpg,0.15019816160202026
C:\Users\carmonta\Desktop\data-centric-cross-season-transfer\datasets\train_on_2025_all\images\frame_00135_jpg.rf.d65ae98da5097215c91ff2f2532bfd7c.jpg,frame_00135_jpg.rf.d65ae98da5097215c91ff2f2532bfd7c.jpg,0.5767326951026917
C:\Users\carmonta\Desktop\data-centric-cross-season-transfer\datasets\train_on_2025_all\images\frame_00135_jpg.rf.e43132b67313829d52015e653a4484ea.jpg,frame_00135_jpg.rf.e43132b67313829d52015e653a4484ea.jpg,0.9844103660434484
C:\Users\carmonta\Desktop\data-centric-cross-season-transfer\datasets\train_on_2025_all\images\frame_00135_jpg.rf.fa900804fa8e060326714f67eb3081b5.jpg,frame_00135_jpg.rf.fa900804fa8e060326714f67eb3081b5.jpg,0.5792979300022125
C:\Users\carmonta\Desktop\data-centric-cross-season-transfer\datasets\train_on_2025_all\images\frame_00136_jpg.rf.1ee5a2652d565197d2578f587a16a3ec.jpg,frame_00136_jpg.rf.1ee5a2652d565197d2578f587a16a3ec.jpg,0.7743545174598694
C:\Users\carmonta\Desktop\data-centric-cross-season-transfer\datasets\train_on_2025_all\images\frame_00136_jpg.rf.3fab128ad432e905956032c8a8e1db83.jpg,frame_00136_jpg.rf.3fab128ad432e905956032c8a8e1db83.jpg,0.7697395235300064
C:\Users\carmonta\Desktop\data-centric-cross-season-transfer\datasets\train_on_2025_all\images\frame_00136_jpg.rf.5552cb6268de7770faffcf0ea6ea006f.jpg,frame_00136_jpg.rf.5552cb6268de7770faffcf0ea6ea006f.jpg,0.5693531632423401
C:\Users\carmonta\Desktop\data-centric-cross-season-transfer\datasets\train_on_2025_all\images\frame_00136_jpg.rf.8aace151a0a471330d6ef3caf29b9c8d.jpg,frame_00136_jpg.rf.8aace151a0a471330d6ef3caf29b9c8d.jpg,0.5709055066108704
C:\Users\carmonta\Desktop\data-centric-cross-season-transfer\datasets\train_on_2025_all\images\frame_00136_jpg.rf.f51366dc3d4cb95bf750cc9800245338.jpg,frame_00136_jpg.rf.f51366dc3d4cb95bf750cc9800245338.jpg,0.7432504892349243
C:\Users\carmonta\Desktop\data-centric-cross-season-transfer\datasets\train_on_2025_all\images\frame_00137_jpg.rf.46197784ad047156ecd0dc499bdd0736.jpg,frame_00137_jpg.rf.46197784ad047156ecd0dc499bdd0736.jpg,0.8248114138841629
C:\Users\carmonta\Desktop\data-centric-cross-season-transfer\datasets\train_on_2025_all\images\frame_00137_jpg.rf.7ccf7986a473ebcac00a328eca25aae5.jpg,frame_00137_jpg.rf.7ccf7986a473ebcac00a328eca25aae5.jpg,0.9989900436485186
C:\Users\carmonta\Desktop\data-centric-cross-season-transfer\datasets\train_on_2025_all\images\frame_00137_jpg.rf.c2f1f6abd932bd949902a45e5f4f89a3.jpg,frame_00137_jpg.rf.c2f1f6abd932bd949902a45e5f4f89a3.jpg,0.5555330812931061
C:\Users\carmonta\Desktop\data-centric-cross-season-transfer\datasets\train_on_2025_all\images\frame_00137_jpg.rf.ccbf7b0ddfb4a4a5ec4c0599de51b6b7.jpg,frame_00137_jpg.rf.ccbf7b0ddfb4a4a5ec4c0599de51b6b7.jpg,0.556909441947937
C:\Users\carmonta\Desktop\data-centric-cross-season-transfer\datasets\train_on_2025_all\images\frame_00137_jpg.rf.da1561ff61e1185b2740b66e4cf28ed8.jpg,frame_00137_jpg.rf.da1561ff61e1185b2740b66e4cf28ed8.jpg,1.0
C:\Users\carmonta\Desktop\data-centric-cross-season-transfer\datasets\train_on_2025_all\images\frame_00137_jpg.rf.eb9b7bb2f8d7b87285335e31910d68fb.jpg,frame_00137_jpg.rf.eb9b7bb2f8d7b87285335e31910d68fb.jpg,0.822577714920044
C:\Users\carmonta\Desktop\data-centric-cross-season-transfer\datasets\train_on_2025_all\images\frame_00138_jpg.rf.1a5d07dca51b5a2b3695c2904ad9f592.jpg,frame_00138_jpg.rf.1a5d07dca51b5a2b3695c2904ad9f592.jpg,0.2866366505622864
C:\Users\carmonta\Desktop\data-centric-cross-season-transfer\datasets\train_on_2025_all\images\frame_00138_jpg.rf.2b94f2c3eb36c00ab23061d193c22385.jpg,frame_00138_jpg.rf.2b94f2c3eb36c00ab23061d193c22385.jpg,0.5237588286399841
C:\Users\carmonta\Desktop\data-centric-cross-season-transfer\datasets\train_on_2025_all\images\frame_00138_jpg.rf.2f9360b8e67ee9de50078490fcf103f6.jpg,frame_00138_jpg.rf.2f9360b8e67ee9de50078490fcf103f6.jpg,0.3557259440422058
C:\Users\carmonta\Desktop\data-centric-cross-season-transfer\datasets\train_on_2025_all\images\frame_00138_jpg.rf.8877fafbd47ee87b89942861b456e17f.jpg,frame_00138_jpg.rf.8877fafbd47ee87b89942861b456e17f.jpg,0.9809071607887745
C:\Users\carmonta\Desktop\data-centric-cross-season-transfer\datasets\train_on_2025_all\images\frame_00138_jpg.rf.9bc9f694797110d57a14cc35d9402f19.jpg,frame_00138_jpg.rf.9bc9f694797110d57a14cc35d9402f19.jpg,0.6776790022850037
C:\Users\carmonta\Desktop\data-centric-cross-season-transfer\datasets\train_on_2025_all\images\frame_00138_jpg.rf.c64346564425b0dc6cc6a369598b97c3.jpg,frame_00138_jpg.rf.c64346564425b0dc6cc6a369598b97c3.jpg,0.980054872110486
C:\Users\carmonta\Desktop\data-centric-cross-season-transfer\datasets\train_on_2025_all\images\frame_00138_jpg.rf.df1dc8b2093db768918f09d7b2682aea.jpg,frame_00138_jpg.rf.df1dc8b2093db768918f09d7b2682aea.jpg,0.66693514585495
C:\Users\carmonta\Desktop\data-centric-cross-season-transfer\datasets\train_on_2025_all\images\frame_00139_jpg.rf.46a34e6bb558fed4ad6002598b1aa351.jpg,frame_00139_jpg.rf.46a34e6bb558fed4ad6002598b1aa351.jpg,0.8346004784107208
C:\Users\carmonta\Desktop\data-centric-cross-season-transfer\datasets\train_on_2025_all\images\frame_00139_jpg.rf.dd896c90a093cea381d7f1e282f9a3f6.jpg,frame_00139_jpg.rf.dd896c90a093cea381d7f1e282f9a3f6.jpg,0.8347916007041931
C:\Users\carmonta\Desktop\data-centric-cross-season-transfer\datasets\train_on_2025_all\images\frame_00140_jpg.rf.769ecf0fdf3e74241c810e18f6adcdef.jpg,frame_00140_jpg.rf.769ecf0fdf3e74241c810e18f6adcdef.jpg,0.7134647071361542
C:\Users\carmonta\Desktop\data-centric-cross-season-transfer\datasets\train_on_2025_all\images\frame_00140_jpg.rf.996902ab64d3c5e1ee12480c2ff78e0b.jpg,frame_00140_jpg.rf.996902ab64d3c5e1ee12480c2ff78e0b.jpg,0.7698627710342407
C:\Users\carmonta\Desktop\data-centric-cross-season-transfer\datasets\train_on_2025_all\images\frame_00140_jpg.rf.c9f1a1d004cfac8d554f6b0f1ccd30b7.jpg,frame_00140_jpg.rf.c9f1a1d004cfac8d554f6b0f1ccd30b7.jpg,0.7309323251247406
C:\Users\carmonta\Desktop\data-centric-cross-season-transfer\datasets\train_on_2025_all\images\frame_00140_jpg.rf.f0cae0fff7dc8d7073d1971e0dd8abab.jpg,frame_00140_jpg.rf.f0cae0fff7dc8d7073d1971e0dd8abab.jpg,0.7680025398731232
C:\Users\carmonta\Desktop\data-centric-cross-season-transfer\datasets\train_on_2025_all\images\frame_00140_jpg.rf.f1a8a00ca8f8cb883b55b871c7ea8d93.jpg,frame_00140_jpg.rf.f1a8a00ca8f8cb883b55b871c7ea8d93.jpg,0.7846027463674545
C:\Users\carmonta\Desktop\data-centric-cross-season-transfer\datasets\train_on_2025_all\images\frame_00141_jpg.rf.3250e4682d6532d8ff8dcce474aed0f7.jpg,frame_00141_jpg.rf.3250e4682d6532d8ff8dcce474aed0f7.jpg,0.8221716284751892
C:\Users\carmonta\Desktop\data-centric-cross-season-transfer\datasets\train_on_2025_all\images\frame_00141_jpg.rf.6ecbe90e31518552dba4d81b87e4d9b3.jpg,frame_00141_jpg.rf.6ecbe90e31518552dba4d81b87e4d9b3.jpg,0.9051651731133461
C:\Users\carmonta\Desktop\data-centric-cross-season-transfer\datasets\train_on_2025_all\images\frame_00141_jpg.rf.d547fd8b62593ec80a29e9a3c2ee6590.jpg,frame_00141_jpg.rf.d547fd8b62593ec80a29e9a3c2ee6590.jpg,0.7929904162883759
C:\Users\carmonta\Desktop\data-centric-cross-season-transfer\datasets\train_on_2025_all\images\frame_00141_jpg.rf.f579336ed55e0244a5c390e83058ccbb.jpg,frame_00141_jpg.rf.f579336ed55e0244a5c390e83058ccbb.jpg,0.9049487933516502
C:\Users\carmonta\Desktop\data-centric-cross-season-transfer\datasets\train_on_2025_all\images\frame_00142_jpg.rf.1c137850e05ae8d44c54d4feaa0de114.jpg,frame_00142_jpg.rf.1c137850e05ae8d44c54d4feaa0de114.jpg,0.4249270558357239
C:\Users\carmonta\Desktop\data-centric-cross-season-transfer\datasets\train_on_2025_all\images\frame_00142_jpg.rf.610f8a54ba0571a0093de1cf30f65fc9.jpg,frame_00142_jpg.rf.610f8a54ba0571a0093de1cf30f65fc9.jpg,0.9343286976218224
C:\Users\carmonta\Desktop\data-centric-cross-season-transfer\datasets\train_on_2025_all\images\frame_00142_jpg.rf.8374ef686677f3e466c5a631f17bcc9a.jpg,frame_00142_jpg.rf.8374ef686677f3e466c5a631f17bcc9a.jpg,0.9225074127316475
C:\Users\carmonta\Desktop\data-centric-cross-season-transfer\datasets\train_on_2025_all\images\frame_00142_jpg.rf.952f224b926303ed5e8d92dd3d6bde2a.jpg,frame_00142_jpg.rf.952f224b926303ed5e8d92dd3d6bde2a.jpg,0.9298392981290817
C:\Users\carmonta\Desktop\data-centric-cross-season-transfer\datasets\train_on_2025_all\images\frame_00142_jpg.rf.b648b7575300c6338b3583bebcbbef12.jpg,frame_00142_jpg.rf.b648b7575300c6338b3583bebcbbef12.jpg,0.420617938041687
C:\Users\carmonta\Desktop\data-centric-cross-season-transfer\datasets\train_on_2025_all\images\frame_00142_jpg.rf.e0658a143f51a703580a215dbadb5860.jpg,frame_00142_jpg.rf.e0658a143f51a703580a215dbadb5860.jpg,0.42045658826828003
C:\Users\carmonta\Desktop\data-centric-cross-season-transfer\datasets\train_on_2025_all\images\frame_00143_jpg.rf.77146ed7c19c7b4c57221469eb47f4c8.jpg,frame_00143_jpg.rf.77146ed7c19c7b4c57221469eb47f4c8.jpg,0.5580995380878448
C:\Users\carmonta\Desktop\data-centric-cross-season-transfer\datasets\train_on_2025_all\images\frame_00143_jpg.rf.92891c7efaf30866c11625c81400cbce.jpg,frame_00143_jpg.rf.92891c7efaf30866c11625c81400cbce.jpg,0.7791172564029694
C:\Users\carmonta\Desktop\data-centric-cross-season-transfer\datasets\train_on_2025_all\images\frame_00143_jpg.rf.a644fc6e18c8cb00ce65e810a751855b.jpg,frame_00143_jpg.rf.a644fc6e18c8cb00ce65e810a751855b.jpg,0.7943919599056244
C:\Users\carmonta\Desktop\data-centric-cross-season-transfer\datasets\train_on_2025_all\images\frame_00143_jpg.rf.bb8c1ab3dd97c075079159c0eef48a40.jpg,frame_00143_jpg.rf.bb8c1ab3dd97c075079159c0eef48a40.jpg,0.7949307411909103
C:\Users\carmonta\Desktop\data-centric-cross-season-transfer\datasets\train_on_2025_all\images\frame_00143_jpg.rf.dd4b4668b1403a0689fb535fba746622.jpg,frame_00143_jpg.rf.dd4b4668b1403a0689fb535fba746622.jpg,0.4642351269721985
C:\Users\carmonta\Desktop\data-centric-cross-season-transfer\datasets\train_on_2025_all\images\frame_00143_jpg.rf.f161271f9ed71a83c92b87f630b1e3eb.jpg,frame_00143_jpg.rf.f161271f9ed71a83c92b87f630b1e3eb.jpg,0.46279972791671753
C:\Users\carmonta\Desktop\data-centric-cross-season-transfer\datasets\train_on_2025_all\images\frame_00144_jpg.rf.27b74098ed4b0c4e45d5f724963908da.jpg,frame_00144_jpg.rf.27b74098ed4b0c4e45d5f724963908da.jpg,0.6677894592285156
C:\Users\carmonta\Desktop\data-centric-cross-season-transfer\datasets\train_on_2025_all\images\frame_00144_jpg.rf.280199e5556f83dc6d5a536a6f0ed0f8.jpg,frame_00144_jpg.rf.280199e5556f83dc6d5a536a6f0ed0f8.jpg,0.5343691408634186
C:\Users\carmonta\Desktop\data-centric-cross-season-transfer\datasets\train_on_2025_all\images\frame_00144_jpg.rf.cea011748f29100a6a2a92642a53018a.jpg,frame_00144_jpg.rf.cea011748f29100a6a2a92642a53018a.jpg,0.5504944026470184
C:\Users\carmonta\Desktop\data-centric-cross-season-transfer\datasets\train_on_2025_all\images\frame_00144_jpg.rf.f421a82b9daaff7125de2a7e81ac69e6.jpg,frame_00144_jpg.rf.f421a82b9daaff7125de2a7e81ac69e6.jpg,0.6668406128883362
C:\Users\carmonta\Desktop\data-centric-cross-season-transfer\datasets\train_on_2025_all\images\frame_00145_jpg.rf.13fb51522c4f0fb364c11cd4519e9628.jpg,frame_00145_jpg.rf.13fb51522c4f0fb364c11cd4519e9628.jpg,0.8926938325166702
C:\Users\carmonta\Desktop\data-centric-cross-season-transfer\datasets\train_on_2025_all\images\frame_00145_jpg.rf.71cd1ba9740d339ed87f095ac5c44950.jpg,frame_00145_jpg.rf.71cd1ba9740d339ed87f095ac5c44950.jpg,0.877545528113842
C:\Users\carmonta\Desktop\data-centric-cross-season-transfer\datasets\train_on_2025_all\images\frame_00146_jpg.rf.22439534179d3e097ee7544d0793218e.jpg,frame_00146_jpg.rf.22439534179d3e097ee7544d0793218e.jpg,0.15676724910736084
C:\Users\carmonta\Desktop\data-centric-cross-season-transfer\datasets\train_on_2025_all\images\frame_00146_jpg.rf.c0ef702338015d12c408af401f8b84c5.jpg,frame_00146_jpg.rf.c0ef702338015d12c408af401f8b84c5.jpg,0.15609127283096313
C:\Users\carmonta\Desktop\data-centric-cross-season-transfer\datasets\train_on_2025_all\images\frame_00146_jpg.rf.c44f59bbbf476edb3ffcd6e16481eedb.jpg,frame_00146_jpg.rf.c44f59bbbf476edb3ffcd6e16481eedb.jpg,0.1558523178100586
C:\Users\carmonta\Desktop\data-centric-cross-season-transfer\datasets\train_on_2025_all\images\frame_00147_jpg.rf.07582adc829d3e4499b28a1faa1b84ac.jpg,frame_00147_jpg.rf.07582adc829d3e4499b28a1faa1b84ac.jpg,0.5212154686450958
C:\Users\carmonta\Desktop\data-centric-cross-season-transfer\datasets\train_on_2025_all\images\frame_00147_jpg.rf.5b907ce3a8037501fcc47c0ec08f3da3.jpg,frame_00147_jpg.rf.5b907ce3a8037501fcc47c0ec08f3da3.jpg,0.5243343710899353
C:\Users\carmonta\Desktop\data-centric-cross-season-transfer\datasets\train_on_2025_all\images\frame_00148_jpg.rf.09db0dbc65b8cb06b3d67f8b2896c814.jpg,frame_00148_jpg.rf.09db0dbc65b8cb06b3d67f8b2896c814.jpg,0.7755627185106277
C:\Users\carmonta\Desktop\data-centric-cross-season-transfer\datasets\train_on_2025_all\images\frame_00148_jpg.rf.9dd51a3eaee9e9d2563ae68cabb489b6.jpg,frame_00148_jpg.rf.9dd51a3eaee9e9d2563ae68cabb489b6.jpg,0.7642365097999573
C:\Users\carmonta\Desktop\data-centric-cross-season-transfer\datasets\train_on_2025_all\images\frame_00148_jpg.rf.f07c1d6e969fbc2600579f50c395ce27.jpg,frame_00148_jpg.rf.f07c1d6e969fbc2600579f50c395ce27.jpg,0.7657271921634674
C:\Users\carmonta\Desktop\data-centric-cross-season-transfer\datasets\train_on_2025_all\images\frame_00149_jpg.rf.1e30d105d20bc6681cdfa30f6339d212.jpg,frame_00149_jpg.rf.1e30d105d20bc6681cdfa30f6339d212.jpg,0.8734285086393356
C:\Users\carmonta\Desktop\data-centric-cross-season-transfer\datasets\train_on_2025_all\images\frame_00149_jpg.rf.6c09df71de538fc861260e64aa4695da.jpg,frame_00149_jpg.rf.6c09df71de538fc861260e64aa4695da.jpg,0.8734285086393356
C:\Users\carmonta\Desktop\data-centric-cross-season-transfer\datasets\train_on_2025_all\images\frame_00149_jpg.rf.737b2c9711d547becfb3a70b1ae5dd00.jpg,frame_00149_jpg.rf.737b2c9711d547becfb3a70b1ae5dd00.jpg,0.8733905404806137
C:\Users\carmonta\Desktop\data-centric-cross-season-transfer\datasets\train_on_2025_all\images\frame_00150_jpg.rf.85b3a55a554dd0dc7a7c63f530ca6fdf.jpg,frame_00150_jpg.rf.85b3a55a554dd0dc7a7c63f530ca6fdf.jpg,0.5455977320671082
C:\Users\carmonta\Desktop\data-centric-cross-season-transfer\datasets\train_on_2025_all\images\frame_00150_jpg.rf.9d88835f61eb0ea50e6fad9c2e4c714c.jpg,frame_00150_jpg.rf.9d88835f61eb0ea50e6fad9c2e4c714c.jpg,0.5529045164585114
C:\Users\carmonta\Desktop\data-centric-cross-season-transfer\datasets\train_on_2025_all\images\frame_00150_jpg.rf.ad504d66d0f71fab2296218d7d877275.jpg,frame_00150_jpg.rf.ad504d66d0f71fab2296218d7d877275.jpg,0.5455977320671082
C:\Users\carmonta\Desktop\data-centric-cross-season-transfer\datasets\train_on_2025_all\images\frame_00151_jpg.rf.25127a208f319c87ca9eb1b0dc94d3ad.jpg,frame_00151_jpg.rf.25127a208f319c87ca9eb1b0dc94d3ad.jpg,0.6010915040969849
C:\Users\carmonta\Desktop\data-centric-cross-season-transfer\datasets\train_on_2025_all\images\frame_00151_jpg.rf.83dcb493ba9317de5999e525e02c05eb.jpg,frame_00151_jpg.rf.83dcb493ba9317de5999e525e02c05eb.jpg,0.7525618970394135
C:\Users\carmonta\Desktop\data-centric-cross-season-transfer\datasets\train_on_2025_all\images\frame_00151_jpg.rf.9960e8ba76a410d0c351f4b7699973d1.jpg,frame_00151_jpg.rf.9960e8ba76a410d0c351f4b7699973d1.jpg,0.6225840449333191
C:\Users\carmonta\Desktop\data-centric-cross-season-transfer\datasets\train_on_2025_all\images\frame_00151_jpg.rf.a4759f429c483b19a819d062eb04aaaa.jpg,frame_00151_jpg.rf.a4759f429c483b19a819d062eb04aaaa.jpg,0.7217173874378204
C:\Users\carmonta\Desktop\data-centric-cross-season-transfer\datasets\train_on_2025_all\images\frame_00151_jpg.rf.e202f0ec9e9321ab05df1decc671e4ad.jpg,frame_00151_jpg.rf.e202f0ec9e9321ab05df1decc671e4ad.jpg,0.7211834788322449
C:\Users\carmonta\Desktop\data-centric-cross-season-transfer\datasets\train_on_2025_all\images\frame_00152_jpg.rf.14691596cbda4156410cbc179869a141.jpg,frame_00152_jpg.rf.14691596cbda4156410cbc179869a141.jpg,0.47644954919815063
C:\Users\carmonta\Desktop\data-centric-cross-season-transfer\datasets\train_on_2025_all\images\frame_00152_jpg.rf.49c9cfbcd16b7e26a5aefce5be305864.jpg,frame_00152_jpg.rf.49c9cfbcd16b7e26a5aefce5be305864.jpg,0.6792749166488647
C:\Users\carmonta\Desktop\data-centric-cross-season-transfer\datasets\train_on_2025_all\images\frame_00152_jpg.rf.66ac5fc207b972977ca969f0340fd8bc.jpg,frame_00152_jpg.rf.66ac5fc207b972977ca969f0340fd8bc.jpg,0.6497794389724731
C:\Users\carmonta\Desktop\data-centric-cross-season-transfer\datasets\train_on_2025_all\images\frame_00152_jpg.rf.977bb3e3f5fb9adc52e77783d42fad39.jpg,frame_00152_jpg.rf.977bb3e3f5fb9adc52e77783d42fad39.jpg,0.5618946254253387
C:\Users\carmonta\Desktop\data-centric-cross-season-transfer\datasets\train_on_2025_all\images\frame_00152_jpg.rf.a6c8be899adbb723e4a3e294053be3e8.jpg,frame_00152_jpg.rf.a6c8be899adbb723e4a3e294053be3e8.jpg,0.6498503386974335
C:\Users\carmonta\Desktop\data-centric-cross-season-transfer\datasets\train_on_2025_all\images\frame_00153_jpg.rf.0107d3cef0eb20e1c132a00ecb46b1b2.jpg,frame_00153_jpg.rf.0107d3cef0eb20e1c132a00ecb46b1b2.jpg,0.7725629806518555
C:\Users\carmonta\Desktop\data-centric-cross-season-transfer\datasets\train_on_2025_all\images\frame_00153_jpg.rf.0cf4dd0629bd4aa23e9e8264e941b647.jpg,frame_00153_jpg.rf.0cf4dd0629bd4aa23e9e8264e941b647.jpg,0.7716813236474991
C:\Users\carmonta\Desktop\data-centric-cross-season-transfer\datasets\train_on_2025_all\images\frame_00153_jpg.rf.fd68b21639e66f16ca08cacce2c20f97.jpg,frame_00153_jpg.rf.fd68b21639e66f16ca08cacce2c20f97.jpg,0.5648421347141266
C:\Users\carmonta\Desktop\data-centric-cross-season-transfer\datasets\train_on_2025_all\images\frame_00154_jpg.rf.6fbaef2ac7e27241841a021bd8d1447f.jpg,frame_00154_jpg.rf.6fbaef2ac7e27241841a021bd8d1447f.jpg,0.542662113904953
C:\Users\carmonta\Desktop\data-centric-cross-season-transfer\datasets\train_on_2025_all\images\frame_00154_jpg.rf.fda69b3efa100e31f966530ef7abb00b.jpg,frame_00154_jpg.rf.fda69b3efa100e31f966530ef7abb00b.jpg,0.5429893732070923
C:\Users\carmonta\Desktop\data-centric-cross-season-transfer\datasets\train_on_2025_all\images\frame_00155_jpg.rf.028ca122c29adbcbd085723570d97117.jpg,frame_00155_jpg.rf.028ca122c29adbcbd085723570d97117.jpg,0.7083558738231659
C:\Users\carmonta\Desktop\data-centric-cross-season-transfer\datasets\train_on_2025_all\images\frame_00155_jpg.rf.1ec215b688e8d920d304707c875b10cc.jpg,frame_00155_jpg.rf.1ec215b688e8d920d304707c875b10cc.jpg,0.709905356168747
C:\Users\carmonta\Desktop\data-centric-cross-season-transfer\datasets\train_on_2025_all\images\frame_00155_jpg.rf.42881d7850883c18c8faa76c84561604.jpg,frame_00155_jpg.rf.42881d7850883c18c8faa76c84561604.jpg,0.7498135566711426
C:\Users\carmonta\Desktop\data-centric-cross-season-transfer\datasets\train_on_2025_all\images\frame_00156_jpg.rf.20184709c71069625c651ae2946304c4.jpg,frame_00156_jpg.rf.20184709c71069625c651ae2946304c4.jpg,0.8880558907985687
C:\Users\carmonta\Desktop\data-centric-cross-season-transfer\datasets\train_on_2025_all\images\frame_00156_jpg.rf.2e741fa4e134d26744aed0024cf71ace.jpg,frame_00156_jpg.rf.2e741fa4e134d26744aed0024cf71ace.jpg,0.7023876905441284
C:\Users\carmonta\Desktop\data-centric-cross-season-transfer\datasets\train_on_2025_all\images\frame_00156_jpg.rf.62a59542fe45c700833ce32124554bc6.jpg,frame_00156_jpg.rf.62a59542fe45c700833ce32124554bc6.jpg,0.8742992132902145
C:\Users\carmonta\Desktop\data-centric-cross-season-transfer\datasets\train_on_2025_all\images\frame_00156_jpg.rf.a5edf66ee9a2127f3be2684e3fb6b0b7.jpg,frame_00156_jpg.rf.a5edf66ee9a2127f3be2684e3fb6b0b7.jpg,0.7008794546127319
C:\Users\carmonta\Desktop\data-centric-cross-season-transfer\datasets\train_on_2025_all\images\frame_00156_jpg.rf.c210a38594c1c05dd4404e6c9e9b6b78.jpg,frame_00156_jpg.rf.c210a38594c1c05dd4404e6c9e9b6b78.jpg,0.7023876905441284
C:\Users\carmonta\Desktop\data-centric-cross-season-transfer\datasets\train_on_2025_all\images\frame_00156_jpg.rf.eb22bd8e5f342ca1c241ea75bd8ef2ee.jpg,frame_00156_jpg.rf.eb22bd8e5f342ca1c241ea75bd8ef2ee.jpg,0.8360057175159454
C:\Users\carmonta\Desktop\data-centric-cross-season-transfer\datasets\train_on_2025_all\images\frame_00156_jpg.rf.fe3e3c7adb29b1d9031f8997b5050430.jpg,frame_00156_jpg.rf.fe3e3c7adb29b1d9031f8997b5050430.jpg,0.8791288882493973
C:\Users\carmonta\Desktop\data-centric-cross-season-transfer\datasets\train_on_2025_all\images\frame_00157_jpg.rf.2e96298f48107a25f33a33ac468af477.jpg,frame_00157_jpg.rf.2e96298f48107a25f33a33ac468af477.jpg,0.6020830869674683
C:\Users\carmonta\Desktop\data-centric-cross-season-transfer\datasets\train_on_2025_all\images\frame_00157_jpg.rf.6f525477430d924be28d766e89d00525.jpg,frame_00157_jpg.rf.6f525477430d924be28d766e89d00525.jpg,0.6296192109584808
C:\Users\carmonta\Desktop\data-centric-cross-season-transfer\datasets\train_on_2025_all\images\frame_00157_jpg.rf.9d8a6104bd80c586f84fec0e02440a5f.jpg,frame_00157_jpg.rf.9d8a6104bd80c586f84fec0e02440a5f.jpg,0.8716209083795547
C:\Users\carmonta\Desktop\data-centric-cross-season-transfer\datasets\train_on_2025_all\images\frame_00157_jpg.rf.acf60c1dea9dad110cc49b0efaa36b94.jpg,frame_00157_jpg.rf.acf60c1dea9dad110cc49b0efaa36b94.jpg,0.8550319224596024
C:\Users\carmonta\Desktop\data-centric-cross-season-transfer\datasets\train_on_2025_all\images\frame_00157_jpg.rf.c1c6827fe70694ad8ea56921a0660ea6.jpg,frame_00157_jpg.rf.c1c6827fe70694ad8ea56921a0660ea6.jpg,0.5933321416378021
C:\Users\carmonta\Desktop\data-centric-cross-season-transfer\datasets\train_on_2025_all\images\frame_00157_jpg.rf.c7256eec1ee381992e1c81cf75d90305.jpg,frame_00157_jpg.rf.c7256eec1ee381992e1c81cf75d90305.jpg,0.8614272773265839
C:\Users\carmonta\Desktop\data-centric-cross-season-transfer\datasets\train_on_2025_all\images\frame_00158_jpg.rf.3968cc5da7722b7e158db27a588c1fba.jpg,frame_00158_jpg.rf.3968cc5da7722b7e158db27a588c1fba.jpg,0.7858022153377533
C:\Users\carmonta\Desktop\data-centric-cross-season-transfer\datasets\train_on_2025_all\images\frame_00158_jpg.rf.5cf9eeda1e6e36207ef1a3d914031aef.jpg,frame_00158_jpg.rf.5cf9eeda1e6e36207ef1a3d914031aef.jpg,0.7811499387025833
C:\Users\carmonta\Desktop\data-centric-cross-season-transfer\datasets\train_on_2025_all\images\frame_00158_jpg.rf.c78563df56b77b704dd0b8bad1203d83.jpg,frame_00158_jpg.rf.c78563df56b77b704dd0b8bad1203d83.jpg,0.7791755795478821
C:\Users\carmonta\Desktop\data-centric-cross-season-transfer\datasets\train_on_2025_all\images\frame_00158_jpg.rf.f23ff55ae70492be1bd94d5b86210670.jpg,frame_00158_jpg.rf.f23ff55ae70492be1bd94d5b86210670.jpg,0.7937532067298889
C:\Users\carmonta\Desktop\data-centric-cross-season-transfer\datasets\train_on_2025_all\images\frame_00158_jpg.rf.ff544a574f8d1ca870d04abc14763614.jpg,frame_00158_jpg.rf.ff544a574f8d1ca870d04abc14763614.jpg,0.7903502732515335
C:\Users\carmonta\Desktop\data-centric-cross-season-transfer\datasets\train_on_2025_all\images\frame_00159_jpg.rf.1cb72d9ad0a612092d3c7e9afea1d0b1.jpg,frame_00159_jpg.rf.1cb72d9ad0a612092d3c7e9afea1d0b1.jpg,0.36302638053894043
C:\Users\carmonta\Desktop\data-centric-cross-season-transfer\datasets\train_on_2025_all\images\frame_00159_jpg.rf.704f776c14a6817f08da682aaef37a44.jpg,frame_00159_jpg.rf.704f776c14a6817f08da682aaef37a44.jpg,0.5278516709804535
C:\Users\carmonta\Desktop\data-centric-cross-season-transfer\datasets\train_on_2025_all\images\frame_00159_jpg.rf.af9ff0bd40cfb3ccbc7eaaa542083a8b.jpg,frame_00159_jpg.rf.af9ff0bd40cfb3ccbc7eaaa542083a8b.jpg,0.5278607308864594
C:\Users\carmonta\Desktop\data-centric-cross-season-transfer\datasets\train_on_2025_all\images\frame_00159_jpg.rf.f72a8d0e9c2464caad6df4d07d426369.jpg,frame_00159_jpg.rf.f72a8d0e9c2464caad6df4d07d426369.jpg,0.3619701862335205
C:\Users\carmonta\Desktop\data-centric-cross-season-transfer\datasets\train_on_2025_all\images\frame_00160_jpg.rf.491e4dea57ffd53d290dd3f5e9f89ddd.jpg,frame_00160_jpg.rf.491e4dea57ffd53d290dd3f5e9f89ddd.jpg,0.734763503074646
C:\Users\carmonta\Desktop\data-centric-cross-season-transfer\datasets\train_on_2025_all\images\frame_00160_jpg.rf.6809c74a981c793b351a37f90150b1d4.jpg,frame_00160_jpg.rf.6809c74a981c793b351a37f90150b1d4.jpg,0.7393500208854675
C:\Users\carmonta\Desktop\data-centric-cross-season-transfer\datasets\train_on_2025_all\images\frame_00160_jpg.rf.84e0fd1b2b3f31059a50f3e0ef97b8c6.jpg,frame_00160_jpg.rf.84e0fd1b2b3f31059a50f3e0ef97b8c6.jpg,0.23810428380966187
C:\Users\carmonta\Desktop\data-centric-cross-season-transfer\datasets\train_on_2025_all\images\frame_00160_jpg.rf.be5bc5cc114bdc274ab38367f96aac42.jpg,frame_00160_jpg.rf.be5bc5cc114bdc274ab38367f96aac42.jpg,0.2540988326072693
C:\Users\carmonta\Desktop\data-centric-cross-season-transfer\datasets\train_on_2025_all\images\frame_00160_jpg.rf.f588acbc22b644bdad6d68c70d28a3be.jpg,frame_00160_jpg.rf.f588acbc22b644bdad6d68c70d28a3be.jpg,0.2675010561943054
C:\Users\carmonta\Desktop\data-centric-cross-season-transfer\datasets\train_on_2025_all\images\frame_00161_jpg.rf.1ea14aae7ae33b1bc55cab622caea615.jpg,frame_00161_jpg.rf.1ea14aae7ae33b1bc55cab622caea615.jpg,0.7582781612873077
C:\Users\carmonta\Desktop\data-centric-cross-season-transfer\datasets\train_on_2025_all\images\frame_00161_jpg.rf.39111dbb31dc1a29a478cd71017d39e4.jpg,frame_00161_jpg.rf.39111dbb31dc1a29a478cd71017d39e4.jpg,0.7663788497447968
C:\Users\carmonta\Desktop\data-centric-cross-season-transfer\datasets\train_on_2025_all\images\frame_00161_jpg.rf.acc3bac0423e9f9d7d1a94b48847f560.jpg,frame_00161_jpg.rf.acc3bac0423e9f9d7d1a94b48847f560.jpg,0.7163394391536713
C:\Users\carmonta\Desktop\data-centric-cross-season-transfer\datasets\train_on_2025_all\images\frame_00161_jpg.rf.eea44f6894dd6990cc6c0fa912073104.jpg,frame_00161_jpg.rf.eea44f6894dd6990cc6c0fa912073104.jpg,0.7379896938800812
C:\Users\carmonta\Desktop\data-centric-cross-season-transfer\datasets\train_on_2025_all\images\frame_00162_jpg.rf.33a26dc8479feaeea860aad8ec145899.jpg,frame_00162_jpg.rf.33a26dc8479feaeea860aad8ec145899.jpg,0.49287986755371094
C:\Users\carmonta\Desktop\data-centric-cross-season-transfer\datasets\train_on_2025_all\images\frame_00162_jpg.rf.5e964c9adac6cc97e13f781883df5dd7.jpg,frame_00162_jpg.rf.5e964c9adac6cc97e13f781883df5dd7.jpg,0.6970026195049286
C:\Users\carmonta\Desktop\data-centric-cross-season-transfer\datasets\train_on_2025_all\images\frame_00162_jpg.rf.a0b8fc0b959c1be41342a34599accc46.jpg,frame_00162_jpg.rf.a0b8fc0b959c1be41342a34599accc46.jpg,0.4894847273826599
C:\Users\carmonta\Desktop\data-centric-cross-season-transfer\datasets\train_on_2025_all\images\frame_00162_jpg.rf.f2c1fdcb2c994540d846f8fa38861b5b.jpg,frame_00162_jpg.rf.f2c1fdcb2c994540d846f8fa38861b5b.jpg,0.6578710079193115
C:\Users\carmonta\Desktop\data-centric-cross-season-transfer\datasets\train_on_2025_all\images\frame_00163_jpg.rf.0ca92e1d4d6c4792c94fb3e3f9d6d972.jpg,frame_00163_jpg.rf.0ca92e1d4d6c4792c94fb3e3f9d6d972.jpg,0.7094915807247162
C:\Users\carmonta\Desktop\data-centric-cross-season-transfer\datasets\train_on_2025_all\images\frame_00163_jpg.rf.2cf82bc8c41434af60672810ede29a2c.jpg,frame_00163_jpg.rf.2cf82bc8c41434af60672810ede29a2c.jpg,0.8135315328836441
C:\Users\carmonta\Desktop\data-centric-cross-season-transfer\datasets\train_on_2025_all\images\frame_00163_jpg.rf.f29eecd8f615a2f72dad02b1a45cf101.jpg,frame_00163_jpg.rf.f29eecd8f615a2f72dad02b1a45cf101.jpg,0.7024360299110413
C:\Users\carmonta\Desktop\data-centric-cross-season-transfer\datasets\train_on_2025_all\images\frame_00164_jpg.rf.466e3dcede8dcda84863a87f555a7eb1.jpg,frame_00164_jpg.rf.466e3dcede8dcda84863a87f555a7eb1.jpg,0.7965434640645981
C:\Users\carmonta\Desktop\data-centric-cross-season-transfer\datasets\train_on_2025_all\images\frame_00164_jpg.rf.5b580d277a1c780753385a5ea1d018b6.jpg,frame_00164_jpg.rf.5b580d277a1c780753385a5ea1d018b6.jpg,0.7814064025878906
C:\Users\carmonta\Desktop\data-centric-cross-season-transfer\datasets\train_on_2025_all\images\frame_00164_jpg.rf.c2e99ba68d09104f65eb64f6e905cdcb.jpg,frame_00164_jpg.rf.c2e99ba68d09104f65eb64f6e905cdcb.jpg,0.7964911311864853
C:\Users\carmonta\Desktop\data-centric-cross-season-transfer\datasets\train_on_2025_all\images\frame_00165_jpg.rf.cf16b951d7a5e23e7e50b793fdbb461b.jpg,frame_00165_jpg.rf.cf16b951d7a5e23e7e50b793fdbb461b.jpg,0.40997421741485596
C:\Users\carmonta\Desktop\data-centric-cross-season-transfer\datasets\train_on_2025_all\images\frame_00165_jpg.rf.eae5f9f25e25f61be92c2594dc9253e0.jpg,frame_00165_jpg.rf.eae5f9f25e25f61be92c2594dc9253e0.jpg,0.4154537320137024
C:\Users\carmonta\Desktop\data-centric-cross-season-transfer\datasets\train_on_2025_all\images\frame_00166_jpg.rf.10e1ce903a10ff6b9cc62522c2a1064f.jpg,frame_00166_jpg.rf.10e1ce903a10ff6b9cc62522c2a1064f.jpg,0.3654670715332031
C:\Users\carmonta\Desktop\data-centric-cross-season-transfer\datasets\train_on_2025_all\images\frame_00166_jpg.rf.f291f6d64d0bb3bcf01db5d2a944c575.jpg,frame_00166_jpg.rf.f291f6d64d0bb3bcf01db5d2a944c575.jpg,0.25939613580703735
C:\Users\carmonta\Desktop\data-centric-cross-season-transfer\datasets\train_on_2025_all\images\frame_00167_jpg.rf.759da5276b5c83708f24835339cf9e61.jpg,frame_00167_jpg.rf.759da5276b5c83708f24835339cf9e61.jpg,0.8513617515563965
C:\Users\carmonta\Desktop\data-centric-cross-season-transfer\datasets\train_on_2025_all\images\frame_00167_jpg.rf.98a72e6b4406608988eae3d4fe579554.jpg,frame_00167_jpg.rf.98a72e6b4406608988eae3d4fe579554.jpg,0.5827268064022064
C:\Users\carmonta\Desktop\data-centric-cross-season-transfer\datasets\train_on_2025_all\images\frame_00167_jpg.rf.c52cece6ef05b0ee00088383f8bd9a31.jpg,frame_00167_jpg.rf.c52cece6ef05b0ee00088383f8bd9a31.jpg,0.868957132101059
C:\Users\carmonta\Desktop\data-centric-cross-season-transfer\datasets\train_on_2025_all\images\frame_00167_jpg.rf.efff2d38914032c0ceb34c78cdfe25ad.jpg,frame_00167_jpg.rf.efff2d38914032c0ceb34c78cdfe25ad.jpg,0.8394160717725754
C:\Users\carmonta\Desktop\data-centric-cross-season-transfer\datasets\train_on_2025_all\images\frame_00168_jpg.rf.3b8c425c57a604853819ede351a937a6.jpg,frame_00168_jpg.rf.3b8c425c57a604853819ede351a937a6.jpg,0.5841977000236511
C:\Users\carmonta\Desktop\data-centric-cross-season-transfer\datasets\train_on_2025_all\images\frame_00168_jpg.rf.90a8219f9314f6a0b33441bb3c9cccd2.jpg,frame_00168_jpg.rf.90a8219f9314f6a0b33441bb3c9cccd2.jpg,0.5855943560600281
C:\Users\carmonta\Desktop\data-centric-cross-season-transfer\datasets\train_on_2025_all\images\frame_00168_jpg.rf.a89423c362e994e2fc9809ba4acf4e86.jpg,frame_00168_jpg.rf.a89423c362e994e2fc9809ba4acf4e86.jpg,0.5840995013713837
C:\Users\carmonta\Desktop\data-centric-cross-season-transfer\datasets\train_on_2025_all\images\frame_00169_jpg.rf.4a950cfc126a03674614278c8e30014f.jpg,frame_00169_jpg.rf.4a950cfc126a03674614278c8e30014f.jpg,0.7613321989774704
C:\Users\carmonta\Desktop\data-centric-cross-season-transfer\datasets\train_on_2025_all\images\frame_00169_jpg.rf.971be5f8df0bce3af2f3983d77ea7305.jpg,frame_00169_jpg.rf.971be5f8df0bce3af2f3983d77ea7305.jpg,0.7608031928539276
C:\Users\carmonta\Desktop\data-centric-cross-season-transfer\datasets\train_on_2025_all\images\frame_00169_jpg.rf.a086e206f6108d9c5af39d6bbbadf907.jpg,frame_00169_jpg.rf.a086e206f6108d9c5af39d6bbbadf907.jpg,0.760709598660469
C:\Users\carmonta\Desktop\data-centric-cross-season-transfer\datasets\train_on_2025_all\images\frame_00170_jpg.rf.53bfcde383af20e9cbc3639906f902ce.jpg,frame_00170_jpg.rf.53bfcde383af20e9cbc3639906f902ce.jpg,0.563134104013443
C:\Users\carmonta\Desktop\data-centric-cross-season-transfer\datasets\train_on_2025_all\images\frame_00170_jpg.rf.72ee3c36b338e5032760ed088e2ab16f.jpg,frame_00170_jpg.rf.72ee3c36b338e5032760ed088e2ab16f.jpg,0.7081913352012634
C:\Users\carmonta\Desktop\data-centric-cross-season-transfer\datasets\train_on_2025_all\images\frame_00170_jpg.rf.e08b3d28c0cfc7d8c64b9fff9b8d1cd7.jpg,frame_00170_jpg.rf.e08b3d28c0cfc7d8c64b9fff9b8d1cd7.jpg,0.7082359194755554
C:\Users\carmonta\Desktop\data-centric-cross-season-transfer\datasets\train_on_2025_all\images\frame_00171_jpg.rf.0fac07f665380dc9158bc369cc7f8125.jpg,frame_00171_jpg.rf.0fac07f665380dc9158bc369cc7f8125.jpg,0.6927339136600494
C:\Users\carmonta\Desktop\data-centric-cross-season-transfer\datasets\train_on_2025_all\images\frame_00171_jpg.rf.5c84447c875eff734dce130b78cec75a.jpg,frame_00171_jpg.rf.5c84447c875eff734dce130b78cec75a.jpg,0.6260726749897003
C:\Users\carmonta\Desktop\data-centric-cross-season-transfer\datasets\train_on_2025_all\images\frame_00171_jpg.rf.7bdcaefd847a8e8f2795495b1d9508e0.jpg,frame_00171_jpg.rf.7bdcaefd847a8e8f2795495b1d9508e0.jpg,0.9485236331820488
C:\Users\carmonta\Desktop\data-centric-cross-season-transfer\datasets\train_on_2025_all\images\frame_00171_jpg.rf.8fbf046de504225c41d3b0e115020df0.jpg,frame_00171_jpg.rf.8fbf046de504225c41d3b0e115020df0.jpg,0.7183946669101715
C:\Users\carmonta\Desktop\data-centric-cross-season-transfer\datasets\train_on_2025_all\images\frame_00171_jpg.rf.94b60fed4d55736df323e12d980620ac.jpg,frame_00171_jpg.rf.94b60fed4d55736df323e12d980620ac.jpg,0.9502728022634983
C:\Users\carmonta\Desktop\data-centric-cross-season-transfer\datasets\train_on_2025_all\images\frame_00172_jpg.rf.4970dc2ec935cfadcb37a1c6a146483a.jpg,frame_00172_jpg.rf.4970dc2ec935cfadcb37a1c6a146483a.jpg,0.850012332201004
C:\Users\carmonta\Desktop\data-centric-cross-season-transfer\datasets\train_on_2025_all\images\frame_00172_jpg.rf.554cd188d7a87696b8a1bfeea5aa7215.jpg,frame_00172_jpg.rf.554cd188d7a87696b8a1bfeea5aa7215.jpg,0.8586159944534302
C:\Users\carmonta\Desktop\data-centric-cross-season-transfer\datasets\train_on_2025_all\images\frame_00172_jpg.rf.59839f61d1399f1a10f73d2a699ce70f.jpg,frame_00172_jpg.rf.59839f61d1399f1a10f73d2a699ce70f.jpg,0.9196059629321098
C:\Users\carmonta\Desktop\data-centric-cross-season-transfer\datasets\train_on_2025_all\images\frame_00172_jpg.rf.5a317a4303fd346f3d0dd092749adacc.jpg,frame_00172_jpg.rf.5a317a4303fd346f3d0dd092749adacc.jpg,0.9106604382395744
C:\Users\carmonta\Desktop\data-centric-cross-season-transfer\datasets\train_on_2025_all\images\frame_00172_jpg.rf.806af180e08d9dd8d990d55fb982a63a.jpg,frame_00172_jpg.rf.806af180e08d9dd8d990d55fb982a63a.jpg,0.9206167832016945
C:\Users\carmonta\Desktop\data-centric-cross-season-transfer\datasets\train_on_2025_all\images\frame_00172_jpg.rf.ed556298815e17ca323378d42fa23dbd.jpg,frame_00172_jpg.rf.ed556298815e17ca323378d42fa23dbd.jpg,0.8658746629953384
C:\Users\carmonta\Desktop\data-centric-cross-season-transfer\datasets\train_on_2025_all\images\frame_00173_jpg.rf.5de2ea4a74557b76612725897291b909.jpg,frame_00173_jpg.rf.5de2ea4a74557b76612725897291b909.jpg,0.5108858942985535
C:\Users\carmonta\Desktop\data-centric-cross-season-transfer\datasets\train_on_2025_all\images\frame_00173_jpg.rf.ff6dfc302737530be6c07d0e292683e4.jpg,frame_00173_jpg.rf.ff6dfc302737530be6c07d0e292683e4.jpg,0.5108268558979034
C:\Users\carmonta\Desktop\data-centric-cross-season-transfer\datasets\train_on_2025_all\images\frame_00174_jpg.rf.07aa8adc840e8e8182cad71faa519db8.jpg,frame_00174_jpg.rf.07aa8adc840e8e8182cad71faa519db8.jpg,0.473762571811676
C:\Users\carmonta\Desktop\data-centric-cross-season-transfer\datasets\train_on_2025_all\images\frame_00174_jpg.rf.204e5cb1a6bc8c55a5a51c89290330b8.jpg,frame_00174_jpg.rf.204e5cb1a6bc8c55a5a51c89290330b8.jpg,0.4568355679512024
C:\Users\carmonta\Desktop\data-centric-cross-season-transfer\datasets\train_on_2025_all\images\frame_00174_jpg.rf.585c404b3023535aadabc15bd85155d5.jpg,frame_00174_jpg.rf.585c404b3023535aadabc15bd85155d5.jpg,0.46708983182907104
C:\Users\carmonta\Desktop\data-centric-cross-season-transfer\datasets\train_on_2025_all\images\frame_00174_jpg.rf.79559def5011b4349a120c014641f0dc.jpg,frame_00174_jpg.rf.79559def5011b4349a120c014641f0dc.jpg,0.5271364748477936
C:\Users\carmonta\Desktop\data-centric-cross-season-transfer\datasets\train_on_2025_all\images\frame_00174_jpg.rf.7c891ea14948b6be405313c80acba661.jpg,frame_00174_jpg.rf.7c891ea14948b6be405313c80acba661.jpg,0.45666295289993286
C:\Users\carmonta\Desktop\data-centric-cross-season-transfer\datasets\train_on_2025_all\images\frame_00174_jpg.rf.b317a623c2563b9d3a2a74b61276472c.jpg,frame_00174_jpg.rf.b317a623c2563b9d3a2a74b61276472c.jpg,0.4573272466659546
C:\Users\carmonta\Desktop\data-centric-cross-season-transfer\datasets\train_on_2025_all\images\frame_00175_jpg.rf.40751b58a3d0fcca9bd31c5ed0e9a183.jpg,frame_00175_jpg.rf.40751b58a3d0fcca9bd31c5ed0e9a183.jpg,0.8143464773893356
C:\Users\carmonta\Desktop\data-centric-cross-season-transfer\datasets\train_on_2025_all\images\frame_00175_jpg.rf.67697b9a8a8695c19f5fb19c1204788e.jpg,frame_00175_jpg.rf.67697b9a8a8695c19f5fb19c1204788e.jpg,0.7198508679866791
C:\Users\carmonta\Desktop\data-centric-cross-season-transfer\datasets\train_on_2025_all\images\frame_00175_jpg.rf.9095ec589aea6d6c5776f11f2f3ad010.jpg,frame_00175_jpg.rf.9095ec589aea6d6c5776f11f2f3ad010.jpg,0.8260625451803207
C:\Users\carmonta\Desktop\data-centric-cross-season-transfer\datasets\train_on_2025_all\images\frame_00175_jpg.rf.b30e6a8b06c38c6ba39040e861552d65.jpg,frame_00175_jpg.rf.b30e6a8b06c38c6ba39040e861552d65.jpg,0.7392792105674744
C:\Users\carmonta\Desktop\data-centric-cross-season-transfer\datasets\train_on_2025_all\images\frame_00175_jpg.rf.b7c0e6f0bbb1cc22e99ff510e80f2b06.jpg,frame_00175_jpg.rf.b7c0e6f0bbb1cc22e99ff510e80f2b06.jpg,0.7190550565719604
C:\Users\carmonta\Desktop\data-centric-cross-season-transfer\datasets\train_on_2025_all\images\frame_00175_jpg.rf.ee1b9d954ec2d5d8d22f1012ba881718.jpg,frame_00175_jpg.rf.ee1b9d954ec2d5d8d22f1012ba881718.jpg,0.7748930603265762
C:\Users\carmonta\Desktop\data-centric-cross-season-transfer\datasets\train_on_2025_all\images\frame_00176_jpg.rf.0150d23c6192c1a9aa4aea41ea276bf6.jpg,frame_00176_jpg.rf.0150d23c6192c1a9aa4aea41ea276bf6.jpg,0.7705994844436646
C:\Users\carmonta\Desktop\data-centric-cross-season-transfer\datasets\train_on_2025_all\images\frame_00176_jpg.rf.384c91dbbd257a2aed4e0987422912a6.jpg,frame_00176_jpg.rf.384c91dbbd257a2aed4e0987422912a6.jpg,0.7900592386722565
C:\Users\carmonta\Desktop\data-centric-cross-season-transfer\datasets\train_on_2025_all\images\frame_00176_jpg.rf.4ba7661a9a11ef6f22e36c0cc23a3a1a.jpg,frame_00176_jpg.rf.4ba7661a9a11ef6f22e36c0cc23a3a1a.jpg,0.7926774471998215
C:\Users\carmonta\Desktop\data-centric-cross-season-transfer\datasets\train_on_2025_all\images\frame_00176_jpg.rf.6562206316e2ed298a61e8fb74670236.jpg,frame_00176_jpg.rf.6562206316e2ed298a61e8fb74670236.jpg,0.805306613445282
C:\Users\carmonta\Desktop\data-centric-cross-season-transfer\datasets\train_on_2025_all\images\frame_00176_jpg.rf.d168c951ef8524eff79ca36a31480391.jpg,frame_00176_jpg.rf.d168c951ef8524eff79ca36a31480391.jpg,0.7742270082235336
C:\Users\carmonta\Desktop\data-centric-cross-season-transfer\datasets\train_on_2025_all\images\frame_00176_jpg.rf.d2dff2a276a5fb586337943af3bdab0f.jpg,frame_00176_jpg.rf.d2dff2a276a5fb586337943af3bdab0f.jpg,0.7968201786279678
C:\Users\carmonta\Desktop\data-centric-cross-season-transfer\datasets\train_on_2025_all\images\frame_00177_jpg.rf.c09668ae743794967e11b192bbf9d81c.jpg,frame_00177_jpg.rf.c09668ae743794967e11b192bbf9d81c.jpg,0.7559199333190918
C:\Users\carmonta\Desktop\data-centric-cross-season-transfer\datasets\train_on_2025_all\images\frame_00177_jpg.rf.ed71c58969a1006fcfe9845e2e101f38.jpg,frame_00177_jpg.rf.ed71c58969a1006fcfe9845e2e101f38.jpg,0.7361725270748138
C:\Users\carmonta\Desktop\data-centric-cross-season-transfer\datasets\train_on_2025_all\images\frame_00178_jpg.rf.c5f08b2e6e175a9354129b147032e398.jpg,frame_00178_jpg.rf.c5f08b2e6e175a9354129b147032e398.jpg,0.40698856115341187
C:\Users\carmonta\Desktop\data-centric-cross-season-transfer\datasets\train_on_2025_all\images\frame_00178_jpg.rf.fe2afc73549f46796e8b584a9d95d48a.jpg,frame_00178_jpg.rf.fe2afc73549f46796e8b584a9d95d48a.jpg,0.40616410970687866
C:\Users\carmonta\Desktop\data-centric-cross-season-transfer\datasets\train_on_2025_all\images\frame_00179_jpg.rf.26dbccae967b77f3f598ec308e07a030.jpg,frame_00179_jpg.rf.26dbccae967b77f3f598ec308e07a030.jpg,0.700395256280899
C:\Users\carmonta\Desktop\data-centric-cross-season-transfer\datasets\train_on_2025_all\images\frame_00179_jpg.rf.78e7476ddf7188288ea95dd4087eb139.jpg,frame_00179_jpg.rf.78e7476ddf7188288ea95dd4087eb139.jpg,0.6882558166980743
C:\Users\carmonta\Desktop\data-centric-cross-season-transfer\datasets\train_on_2025_all\images\frame_00179_jpg.rf.b2d11961150acea61d778a59535d052e.jpg,frame_00179_jpg.rf.b2d11961150acea61d778a59535d052e.jpg,0.6891129016876221
C:\Users\carmonta\Desktop\data-centric-cross-season-transfer\datasets\train_on_2025_all\images\frame_00181_jpg.rf.ca7e288369a0bd2f3f72309aad708996.jpg,frame_00181_jpg.rf.ca7e288369a0bd2f3f72309aad708996.jpg,0.9205029606819153
C:\Users\carmonta\Desktop\data-centric-cross-season-transfer\datasets\train_on_2025_all\images\frame_00181_jpg.rf.dbbea8c773c75a496272c60e9e7a5c44.jpg,frame_00181_jpg.rf.dbbea8c773c75a496272c60e9e7a5c44.jpg,0.7631437182426453
C:\Users\carmonta\Desktop\data-centric-cross-season-transfer\datasets\train_on_2025_all\images\frame_00181_jpg.rf.faa56a015e4de6a4ba9aef6295a234de.jpg,frame_00181_jpg.rf.faa56a015e4de6a4ba9aef6295a234de.jpg,0.751545861363411
C:\Users\carmonta\Desktop\data-centric-cross-season-transfer\datasets\train_on_2025_all\images\frame_00182_jpg.rf.8a45aec1004c436b78d061a349eb879d.jpg,frame_00182_jpg.rf.8a45aec1004c436b78d061a349eb879d.jpg,0.7969805151224136
C:\Users\carmonta\Desktop\data-centric-cross-season-transfer\datasets\train_on_2025_all\images\frame_00182_jpg.rf.b8744c30a9b785a2e0fa3adef03441df.jpg,frame_00182_jpg.rf.b8744c30a9b785a2e0fa3adef03441df.jpg,0.7832732498645782
C:\Users\carmonta\Desktop\data-centric-cross-season-transfer\datasets\train_on_2025_all\images\frame_00182_jpg.rf.e32d65a50212ecf3adb08fca04204c77.jpg,frame_00182_jpg.rf.e32d65a50212ecf3adb08fca04204c77.jpg,0.7920753210783005
C:\Users\carmonta\Desktop\data-centric-cross-season-transfer\datasets\train_on_2025_all\images\frame_00183_jpg.rf.7f40ed458186ee2aa51920a2e44547b0.jpg,frame_00183_jpg.rf.7f40ed458186ee2aa51920a2e44547b0.jpg,0.747433602809906
C:\Users\carmonta\Desktop\data-centric-cross-season-transfer\datasets\train_on_2025_all\images\frame_00183_jpg.rf.daa6e5a84ccbcad5d525a0d9eac0d492.jpg,frame_00183_jpg.rf.daa6e5a84ccbcad5d525a0d9eac0d492.jpg,0.7779349237680435
C:\Users\carmonta\Desktop\data-centric-cross-season-transfer\datasets\train_on_2025_all\images\frame_00183_jpg.rf.f74b7e3ae9bc5792d468906bb09a0e8c.jpg,frame_00183_jpg.rf.f74b7e3ae9bc5792d468906bb09a0e8c.jpg,0.766274020075798
C:\Users\carmonta\Desktop\data-centric-cross-season-transfer\datasets\train_on_2025_all\images\frame_00184_jpg.rf.8479f2880eabb2b28feed70c5dcb9233.jpg,frame_00184_jpg.rf.8479f2880eabb2b28feed70c5dcb9233.jpg,0.3188060522079468
C:\Users\carmonta\Desktop\data-centric-cross-season-transfer\datasets\train_on_2025_all\images\frame_00184_jpg.rf.f64615418aec9e83746f397af1099e13.jpg,frame_00184_jpg.rf.f64615418aec9e83746f397af1099e13.jpg,0.31815338134765625
C:\Users\carmonta\Desktop\data-centric-cross-season-transfer\datasets\train_on_2025_all\images\frame_00186_jpg.rf.7fbb6d3da0d439072b0bdc3800e90ea1.jpg,frame_00186_jpg.rf.7fbb6d3da0d439072b0bdc3800e90ea1.jpg,0.6274615824222565
C:\Users\carmonta\Desktop\data-centric-cross-season-transfer\datasets\train_on_2025_all\images\frame_00186_jpg.rf.dbcf4c8cf050819f4ea286a19b787679.jpg,frame_00186_jpg.rf.dbcf4c8cf050819f4ea286a19b787679.jpg,0.6039178371429443
C:\Users\carmonta\Desktop\data-centric-cross-season-transfer\datasets\train_on_2025_all\images\frame_00187_jpg.rf.60ee8c263992d6650b55ec5f837da513.jpg,frame_00187_jpg.rf.60ee8c263992d6650b55ec5f837da513.jpg,0.6630222499370575
C:\Users\carmonta\Desktop\data-centric-cross-season-transfer\datasets\train_on_2025_all\images\frame_00187_jpg.rf.d7ef14f7deec82a454ed57d84fa26b91.jpg,frame_00187_jpg.rf.d7ef14f7deec82a454ed57d84fa26b91.jpg,0.6169219315052032
C:\Users\carmonta\Desktop\data-centric-cross-season-transfer\datasets\train_on_2025_all\images\frame_00187_jpg.rf.ec1a63e9583601b967401351d0c55e70.jpg,frame_00187_jpg.rf.ec1a63e9583601b967401351d0c55e70.jpg,0.6251614689826965
C:\Users\carmonta\Desktop\data-centric-cross-season-transfer\datasets\train_on_2025_all\images\frame_00188_jpg.rf.147620c1e0c10868f42b5ebce8e85ff3.jpg,frame_00188_jpg.rf.147620c1e0c10868f42b5ebce8e85ff3.jpg,0.48896539211273193
C:\Users\carmonta\Desktop\data-centric-cross-season-transfer\datasets\train_on_2025_all\images\frame_00188_jpg.rf.c3f111e1333dbd8cd3d418ac8df2b0da.jpg,frame_00188_jpg.rf.c3f111e1333dbd8cd3d418ac8df2b0da.jpg,0.47625434398651123
C:\Users\carmonta\Desktop\data-centric-cross-season-transfer\datasets\train_on_2025_all\images\frame_00188_jpg.rf.d0d20aba2bb642f96cdb718172b9bca4.jpg,frame_00188_jpg.rf.d0d20aba2bb642f96cdb718172b9bca4.jpg,0.4723619818687439
C:\Users\carmonta\Desktop\data-centric-cross-season-transfer\datasets\train_on_2025_all\images\frame_00189_jpg.rf.b4cb613f0406706a64bb085193914fde.jpg,frame_00189_jpg.rf.b4cb613f0406706a64bb085193914fde.jpg,0.5215938985347748
C:\Users\carmonta\Desktop\data-centric-cross-season-transfer\datasets\train_on_2025_all\images\frame_00189_jpg.rf.b844beed392116f44afce644597a023b.jpg,frame_00189_jpg.rf.b844beed392116f44afce644597a023b.jpg,0.46077996492385864
C:\Users\carmonta\Desktop\data-centric-cross-season-transfer\datasets\train_on_2025_all\images\frame_00189_jpg.rf.cc64ffdea48239c8c51dbc6dd6521b4c.jpg,frame_00189_jpg.rf.cc64ffdea48239c8c51dbc6dd6521b4c.jpg,0.5176986753940582
C:\Users\carmonta\Desktop\data-centric-cross-season-transfer\datasets\train_on_2025_all\images\frame_00192_jpg.rf.6a7a5f74808714effb6bee4c2105755d.jpg,frame_00192_jpg.rf.6a7a5f74808714effb6bee4c2105755d.jpg,0.5020943284034729
C:\Users\carmonta\Desktop\data-centric-cross-season-transfer\datasets\train_on_2025_all\images\frame_00192_jpg.rf.797f741c92388dd1b2e4878dc0a3e8c9.jpg,frame_00192_jpg.rf.797f741c92388dd1b2e4878dc0a3e8c9.jpg,0.552774578332901
C:\Users\carmonta\Desktop\data-centric-cross-season-transfer\datasets\train_on_2025_all\images\frame_00192_jpg.rf.c75cff2dcaee40e24c42ec2067eff920.jpg,frame_00192_jpg.rf.c75cff2dcaee40e24c42ec2067eff920.jpg,0.5607059597969055
C:\Users\carmonta\Desktop\data-centric-cross-season-transfer\datasets\train_on_2025_all\images\frame_00194_jpg.rf.0cf908debb751707cca2d6b1a7a3b78d.jpg,frame_00194_jpg.rf.0cf908debb751707cca2d6b1a7a3b78d.jpg,0.7045919895172119
C:\Users\carmonta\Desktop\data-centric-cross-season-transfer\datasets\train_on_2025_all\images\frame_00194_jpg.rf.42ae5f32903008a11269e6808962ba65.jpg,frame_00194_jpg.rf.42ae5f32903008a11269e6808962ba65.jpg,0.7093066275119781
C:\Users\carmonta\Desktop\data-centric-cross-season-transfer\datasets\train_on_2025_all\images\frame_00194_jpg.rf.97c9e4b9bf269bcba1be06614b7c5a82.jpg,frame_00194_jpg.rf.97c9e4b9bf269bcba1be06614b7c5a82.jpg,0.7106651663780212
C:\Users\carmonta\Desktop\data-centric-cross-season-transfer\datasets\train_on_2025_all\images\frame_00195_jpg.rf.2ed677f8430da08f4981aa97f59408d2.jpg,frame_00195_jpg.rf.2ed677f8430da08f4981aa97f59408d2.jpg,0.6466688215732574
C:\Users\carmonta\Desktop\data-centric-cross-season-transfer\datasets\train_on_2025_all\images\frame_00195_jpg.rf.565ddeb9e0efd2131d39b4c375cf656d.jpg,frame_00195_jpg.rf.565ddeb9e0efd2131d39b4c375cf656d.jpg,0.6007656157016754
C:\Users\carmonta\Desktop\data-centric-cross-season-transfer\datasets\train_on_2025_all\images\frame_00195_jpg.rf.c84273dcb87dc397b66627be5b488490.jpg,frame_00195_jpg.rf.c84273dcb87dc397b66627be5b488490.jpg,0.6790816187858582
C:\Users\carmonta\Desktop\data-centric-cross-season-transfer\datasets\train_on_2025_all\images\frame_00196_jpg.rf.1a4f9d6c0acc7ade63b282863f0b46df.jpg,frame_00196_jpg.rf.1a4f9d6c0acc7ade63b282863f0b46df.jpg,0.678483635187149
C:\Users\carmonta\Desktop\data-centric-cross-season-transfer\datasets\train_on_2025_all\images\frame_00196_jpg.rf.27928df31a68eaa9dbe21fef14c5544e.jpg,frame_00196_jpg.rf.27928df31a68eaa9dbe21fef14c5544e.jpg,0.6828542649745941
C:\Users\carmonta\Desktop\data-centric-cross-season-transfer\datasets\train_on_2025_all\images\frame_00196_jpg.rf.b0a05a08e0a7874e4d1af17e11403b4a.jpg,frame_00196_jpg.rf.b0a05a08e0a7874e4d1af17e11403b4a.jpg,0.6387863159179688
C:\Users\carmonta\Desktop\data-centric-cross-season-transfer\datasets\train_on_2025_all\images\frame_00197_jpg.rf.10d35142641cd74d54bcdaa82aa9bda4.jpg,frame_00197_jpg.rf.10d35142641cd74d54bcdaa82aa9bda4.jpg,0.6250288784503937
C:\Users\carmonta\Desktop\data-centric-cross-season-transfer\datasets\train_on_2025_all\images\frame_00197_jpg.rf.314f3bef9a996bfba4f8799e5db538b2.jpg,frame_00197_jpg.rf.314f3bef9a996bfba4f8799e5db538b2.jpg,0.6261850595474243
C:\Users\carmonta\Desktop\data-centric-cross-season-transfer\datasets\train_on_2025_all\images\frame_00199_jpg.rf.33140641f251ef49d428b5636df905a9.jpg,frame_00199_jpg.rf.33140641f251ef49d428b5636df905a9.jpg,0.6567720472812653
C:\Users\carmonta\Desktop\data-centric-cross-season-transfer\datasets\train_on_2025_all\images\frame_00199_jpg.rf.5db3ad63af804a38fc7264af559f109b.jpg,frame_00199_jpg.rf.5db3ad63af804a38fc7264af559f109b.jpg,0.6608382761478424
C:\Users\carmonta\Desktop\data-centric-cross-season-transfer\datasets\train_on_2025_all\images\frame_00200_jpg.rf.3306beb64c7f86100c5b2509b7ee5734.jpg,frame_00200_jpg.rf.3306beb64c7f86100c5b2509b7ee5734.jpg,0.9041656330227852
C:\Users\carmonta\Desktop\data-centric-cross-season-transfer\datasets\train_on_2025_all\images\frame_00200_jpg.rf.7ab93933120dbaef72c7a5c8c269f9e9.jpg,frame_00200_jpg.rf.7ab93933120dbaef72c7a5c8c269f9e9.jpg,0.8384232521057129
C:\Users\carmonta\Desktop\data-centric-cross-season-transfer\datasets\train_on_2025_all\images\frame_00200_jpg.rf.7c954d0c3e8bfabea55e4c9a6a030284.jpg,frame_00200_jpg.rf.7c954d0c3e8bfabea55e4c9a6a030284.jpg,0.9001975208520889
C:\Users\carmonta\Desktop\data-centric-cross-season-transfer\datasets\train_on_2025_all\images\frame_00200_jpg.rf.abf11aff7933e6ab88779a05dbcc4b14.jpg,frame_00200_jpg.rf.abf11aff7933e6ab88779a05dbcc4b14.jpg,0.8105631768703461
C:\Users\carmonta\Desktop\data-centric-cross-season-transfer\datasets\train_on_2025_all\images\frame_00200_jpg.rf.acda13896b74c24b49b94e38fa24bf4d.jpg,frame_00200_jpg.rf.acda13896b74c24b49b94e38fa24bf4d.jpg,0.9015485495328903
C:\Users\carmonta\Desktop\data-centric-cross-season-transfer\datasets\train_on_2025_all\images\frame_00204_jpg.rf.6e70f8ad724386117bdf0dc580e25215.jpg,frame_00204_jpg.rf.6e70f8ad724386117bdf0dc580e25215.jpg,0.6935220658779144
C:\Users\carmonta\Desktop\data-centric-cross-season-transfer\datasets\train_on_2025_all\images\frame_00204_jpg.rf.d46cae2e7bedfb3a63f59c6c9c23d4ef.jpg,frame_00204_jpg.rf.d46cae2e7bedfb3a63f59c6c9c23d4ef.jpg,0.7004165947437286
C:\Users\carmonta\Desktop\data-centric-cross-season-transfer\datasets\train_on_2025_all\images\frame_00205_jpg.rf.391eb1d8a251a161bf86371eb0b8857c.jpg,frame_00205_jpg.rf.391eb1d8a251a161bf86371eb0b8857c.jpg,0.7023853361606598
C:\Users\carmonta\Desktop\data-centric-cross-season-transfer\datasets\train_on_2025_all\images\frame_00205_jpg.rf.a32bd44aa7be3efb016da06e785681c7.jpg,frame_00205_jpg.rf.a32bd44aa7be3efb016da06e785681c7.jpg,0.7048095762729645
C:\Users\carmonta\Desktop\data-centric-cross-season-transfer\datasets\train_on_2025_all\images\frame_00205_jpg.rf.dd3a73842576600e3e446c4f87958904.jpg,frame_00205_jpg.rf.dd3a73842576600e3e446c4f87958904.jpg,0.7024668455123901
C:\Users\carmonta\Desktop\data-centric-cross-season-transfer\datasets\train_on_2025_all\images\frame_00206_jpg.rf.68e8b8de2b0f236759b7f3e64d7d764f.jpg,frame_00206_jpg.rf.68e8b8de2b0f236759b7f3e64d7d764f.jpg,0.6168631315231323
C:\Users\carmonta\Desktop\data-centric-cross-season-transfer\datasets\train_on_2025_all\images\frame_00206_jpg.rf.9850fcccd9ce72e6090b86736cc1c3e3.jpg,frame_00206_jpg.rf.9850fcccd9ce72e6090b86736cc1c3e3.jpg,0.5924245119094849
C:\Users\carmonta\Desktop\data-centric-cross-season-transfer\datasets\train_on_2025_all\images\frame_00207_jpg.rf.47abfc44a56f4a7b9d19a9b617bb9bc6.jpg,frame_00207_jpg.rf.47abfc44a56f4a7b9d19a9b617bb9bc6.jpg,0.7718231230974197
C:\Users\carmonta\Desktop\data-centric-cross-season-transfer\datasets\train_on_2025_all\images\frame_00207_jpg.rf.b2d8a8b6434c5e28b30d4c3e7992504b.jpg,frame_00207_jpg.rf.b2d8a8b6434c5e28b30d4c3e7992504b.jpg,0.7699809521436691
C:\Users\carmonta\Desktop\data-centric-cross-season-transfer\datasets\train_on_2025_all\images\frame_00208_jpg.rf.06de581d054804e19578718743165b6a.jpg,frame_00208_jpg.rf.06de581d054804e19578718743165b6a.jpg,0.7619359493255615
C:\Users\carmonta\Desktop\data-centric-cross-season-transfer\datasets\train_on_2025_all\images\frame_00208_jpg.rf.45444d57f6bd5923d9c934f50df136be.jpg,frame_00208_jpg.rf.45444d57f6bd5923d9c934f50df136be.jpg,0.6558926105499268
C:\Users\carmonta\Desktop\data-centric-cross-season-transfer\datasets\train_on_2025_all\images\frame_00208_jpg.rf.c0156c6de23f416f7743206fd1c7c80d.jpg,frame_00208_jpg.rf.c0156c6de23f416f7743206fd1c7c80d.jpg,0.6555404365062714
C:\Users\carmonta\Desktop\data-centric-cross-season-transfer\datasets\train_on_2025_all\images\frame_00208_jpg.rf.c7594e66d1f7e1d6360a90b5b788fa16.jpg,frame_00208_jpg.rf.c7594e66d1f7e1d6360a90b5b788fa16.jpg,0.5869174897670746
C:\Users\carmonta\Desktop\data-centric-cross-season-transfer\datasets\train_on_2025_all\images\frame_00208_jpg.rf.ce685b33bf3e98da2c9317a2d10dff5a.jpg,frame_00208_jpg.rf.ce685b33bf3e98da2c9317a2d10dff5a.jpg,0.748896062374115
C:\Users\carmonta\Desktop\data-centric-cross-season-transfer\datasets\train_on_2025_all\images\frame_00210_jpg.rf.bb206c1c559e0a4a8438cbc3f723d3bb.jpg,frame_00210_jpg.rf.bb206c1c559e0a4a8438cbc3f723d3bb.jpg,0.787473663687706
C:\Users\carmonta\Desktop\data-centric-cross-season-transfer\datasets\train_on_2025_all\images\frame_00211_jpg.rf.bd31bc31b9ead78b66804008eb621dbd.jpg,frame_00211_jpg.rf.bd31bc31b9ead78b66804008eb621dbd.jpg,0.4909868836402893
C:\Users\carmonta\Desktop\data-centric-cross-season-transfer\datasets\train_on_2025_all\images\frame_00211_jpg.rf.e717ca45b72773ba1f31b25dd26a4b50.jpg,frame_00211_jpg.rf.e717ca45b72773ba1f31b25dd26a4b50.jpg,0.5416693389415741
C:\Users\carmonta\Desktop\data-centric-cross-season-transfer\datasets\train_on_2025_all\images\frame_00211_jpg.rf.f35b7f4e47f0cabae32e5fe5ec190555.jpg,frame_00211_jpg.rf.f35b7f4e47f0cabae32e5fe5ec190555.jpg,0.5397619307041168
C:\Users\carmonta\Desktop\data-centric-cross-season-transfer\datasets\train_on_2025_all\images\frame_00212_jpg.rf.1d1b2f52634e7452db6072bc283bc5cb.jpg,frame_00212_jpg.rf.1d1b2f52634e7452db6072bc283bc5cb.jpg,0.48246103525161743
C:\Users\carmonta\Desktop\data-centric-cross-season-transfer\datasets\train_on_2025_all\images\frame_00212_jpg.rf.6084b8e5babf78d80403e0fe443f8831.jpg,frame_00212_jpg.rf.6084b8e5babf78d80403e0fe443f8831.jpg,0.48549044132232666
C:\Users\carmonta\Desktop\data-centric-cross-season-transfer\datasets\train_on_2025_all\images\frame_00212_jpg.rf.eb1be838767c9471b6156d11b07134bc.jpg,frame_00212_jpg.rf.eb1be838767c9471b6156d11b07134bc.jpg,0.5168202519416809
C:\Users\carmonta\Desktop\data-centric-cross-season-transfer\datasets\train_on_2025_all\images\frame_00213_jpg.rf.1443a5d3549554051bdbd9e1492e1285.jpg,frame_00213_jpg.rf.1443a5d3549554051bdbd9e1492e1285.jpg,0.5138531625270844
C:\Users\carmonta\Desktop\data-centric-cross-season-transfer\datasets\train_on_2025_all\images\frame_00213_jpg.rf.4482bf4d683e7afec155c54c46a181f6.jpg,frame_00213_jpg.rf.4482bf4d683e7afec155c54c46a181f6.jpg,0.5175451040267944
C:\Users\carmonta\Desktop\data-centric-cross-season-transfer\datasets\train_on_2025_all\images\frame_00214_jpg.rf.0cd658c06ea8ae50e933930534e1c29a.jpg,frame_00214_jpg.rf.0cd658c06ea8ae50e933930534e1c29a.jpg,0.8251287639141083
C:\Users\carmonta\Desktop\data-centric-cross-season-transfer\datasets\train_on_2025_all\images\frame_00214_jpg.rf.2dd2944a9b2a39821986cf0153cbfe38.jpg,frame_00214_jpg.rf.2dd2944a9b2a39821986cf0153cbfe38.jpg,0.8305863291025162
C:\Users\carmonta\Desktop\data-centric-cross-season-transfer\datasets\train_on_2025_all\images\frame_00215_jpg.rf.56d766035a9e61acf4cfac56f6db346b.jpg,frame_00215_jpg.rf.56d766035a9e61acf4cfac56f6db346b.jpg,0.6289598643779755
C:\Users\carmonta\Desktop\data-centric-cross-season-transfer\datasets\train_on_2025_all\images\frame_00215_jpg.rf.de55fc16e17e17d7ca9e58f246610cca.jpg,frame_00215_jpg.rf.de55fc16e17e17d7ca9e58f246610cca.jpg,0.7008047103881836
C:\Users\carmonta\Desktop\data-centric-cross-season-transfer\datasets\train_on_2025_all\images\frame_00216_jpg.rf.1f6a7dc2c19509b87c22e4cedaae6442.jpg,frame_00216_jpg.rf.1f6a7dc2c19509b87c22e4cedaae6442.jpg,0.8369601964950562
C:\Users\carmonta\Desktop\data-centric-cross-season-transfer\datasets\train_on_2025_all\images\frame_00216_jpg.rf.29e85c8a6739eb8e3c097d056242f6e1.jpg,frame_00216_jpg.rf.29e85c8a6739eb8e3c097d056242f6e1.jpg,0.815192922949791
C:\Users\carmonta\Desktop\data-centric-cross-season-transfer\datasets\train_on_2025_all\images\frame_00216_jpg.rf.94d0400d5834741dae3286f9d9763025.jpg,frame_00216_jpg.rf.94d0400d5834741dae3286f9d9763025.jpg,0.8149275779724121
C:\Users\carmonta\Desktop\data-centric-cross-season-transfer\datasets\train_on_2025_all\images\frame_00217_jpg.rf.42dc089fa08efbe67da4b8394c232be1.jpg,frame_00217_jpg.rf.42dc089fa08efbe67da4b8394c232be1.jpg,0.8390999734401703
C:\Users\carmonta\Desktop\data-centric-cross-season-transfer\datasets\train_on_2025_all\images\frame_00217_jpg.rf.855fd97351dbb677f49e90a048062634.jpg,frame_00217_jpg.rf.855fd97351dbb677f49e90a048062634.jpg,0.8542290776968002
C:\Users\carmonta\Desktop\data-centric-cross-season-transfer\datasets\train_on_2025_all\images\frame_00217_jpg.rf.9e7a0d495cee96c03c3b21cf0e97cee7.jpg,frame_00217_jpg.rf.9e7a0d495cee96c03c3b21cf0e97cee7.jpg,0.8617104440927505
C:\Users\carmonta\Desktop\data-centric-cross-season-transfer\datasets\train_on_2025_all\images\frame_00218_jpg.rf.03c9bc09df7d6dabb8405d1bba24f43a.jpg,frame_00218_jpg.rf.03c9bc09df7d6dabb8405d1bba24f43a.jpg,0.41361111402511597
C:\Users\carmonta\Desktop\data-centric-cross-season-transfer\datasets\train_on_2025_all\images\frame_00218_jpg.rf.66313a6512d3b3b9ac9a28852f9ec30c.jpg,frame_00218_jpg.rf.66313a6512d3b3b9ac9a28852f9ec30c.jpg,0.5241788327693939
C:\Users\carmonta\Desktop\data-centric-cross-season-transfer\datasets\train_on_2025_all\images\frame_00219_jpg.rf.a37d9fb1b17473d8bed10080c02d95a0.jpg,frame_00219_jpg.rf.a37d9fb1b17473d8bed10080c02d95a0.jpg,0.35776978731155396
C:\Users\carmonta\Desktop\data-centric-cross-season-transfer\datasets\train_on_2025_all\images\frame_00219_jpg.rf.d9f81c13117c372d6a4fa3ad67e85021.jpg,frame_00219_jpg.rf.d9f81c13117c372d6a4fa3ad67e85021.jpg,0.14405441284179688
C:\Users\carmonta\Desktop\data-centric-cross-season-transfer\datasets\train_on_2025_all\images\frame_00219_jpg.rf.e896e5e5b3680c246aa91c3a9d6f7242.jpg,frame_00219_jpg.rf.e896e5e5b3680c246aa91c3a9d6f7242.jpg,0.1444055438041687
C:\Users\carmonta\Desktop\data-centric-cross-season-transfer\datasets\train_on_2025_all\images\frame_00220_jpg.rf.840538fb65786ed5070fe22850f1380c.jpg,frame_00220_jpg.rf.840538fb65786ed5070fe22850f1380c.jpg,0.15038305521011353
C:\Users\carmonta\Desktop\data-centric-cross-season-transfer\datasets\train_on_2025_all\images\frame_00220_jpg.rf.c19d99cbbb21b2e2beea768d4a38f8b0.jpg,frame_00220_jpg.rf.c19d99cbbb21b2e2beea768d4a38f8b0.jpg,0.3616343140602112
C:\Users\carmonta\Desktop\data-centric-cross-season-transfer\datasets\train_on_2025_all\images\frame_00220_jpg.rf.c3b881a0a7ebd249c8b1c6cff6e16981.jpg,frame_00220_jpg.rf.c3b881a0a7ebd249c8b1c6cff6e16981.jpg,0.36205029487609863
C:\Users\carmonta\Desktop\data-centric-cross-season-transfer\datasets\train_on_2025_all\images\frame_00222_jpg.rf.0070bd6d392dfda7117fd4ed04fd7990.jpg,frame_00222_jpg.rf.0070bd6d392dfda7117fd4ed04fd7990.jpg,0.5770988166332245
C:\Users\carmonta\Desktop\data-centric-cross-season-transfer\datasets\train_on_2025_all\images\frame_00222_jpg.rf.81a0ddf09603136387fe32da4d508fee.jpg,frame_00222_jpg.rf.81a0ddf09603136387fe32da4d508fee.jpg,0.5560993850231171
C:\Users\carmonta\Desktop\data-centric-cross-season-transfer\datasets\train_on_2025_all\images\frame_00226_jpg.rf.218d96c1f72b455434ee473bba1672c2.jpg,frame_00226_jpg.rf.218d96c1f72b455434ee473bba1672c2.jpg,0.8651023656129837
C:\Users\carmonta\Desktop\data-centric-cross-season-transfer\datasets\train_on_2025_all\images\frame_00226_jpg.rf.7e99009c299e642848fdc908a0c226fb.jpg,frame_00226_jpg.rf.7e99009c299e642848fdc908a0c226fb.jpg,0.853833794593811
C:\Users\carmonta\Desktop\data-centric-cross-season-transfer\datasets\train_on_2025_all\images\frame_00226_jpg.rf.d631ed0f16b9d8b64aa5f259ab812830.jpg,frame_00226_jpg.rf.d631ed0f16b9d8b64aa5f259ab812830.jpg,0.8541894108057022
C:\Users\carmonta\Desktop\data-centric-cross-season-transfer\datasets\train_on_2025_all\images\frame_00231_jpg.rf.1deda93eb09388ff73ff404a6dc00997.jpg,frame_00231_jpg.rf.1deda93eb09388ff73ff404a6dc00997.jpg,0.7065900564193726
C:\Users\carmonta\Desktop\data-centric-cross-season-transfer\datasets\train_on_2025_all\images\frame_00231_jpg.rf.e23665b35c96dd5bbb695592bf8cc084.jpg,frame_00231_jpg.rf.e23665b35c96dd5bbb695592bf8cc084.jpg,0.7065900564193726
C:\Users\carmonta\Desktop\data-centric-cross-season-transfer\datasets\train_on_2025_all\images\GX010664_MP4-0024_jpg.rf.343b867058aa19586833dd1782bd9067.jpg,GX010664_MP4-0024_jpg.rf.343b867058aa19586833dd1782bd9067.jpg,0.8382348716259003
C:\Users\carmonta\Desktop\data-centric-cross-season-transfer\datasets\train_on_2025_all\images\GX010664_MP4-0026_jpg.rf.013f1bb913aa7cce8f44eec370687d3a.jpg,GX010664_MP4-0026_jpg.rf.013f1bb913aa7cce8f44eec370687d3a.jpg,0.6091063618659973
C:\Users\carmonta\Desktop\data-centric-cross-season-transfer\datasets\train_on_2025_all\images\GX010664_MP4-0026_jpg.rf.216d9c6309a2559b8a00c31de0273d0c.jpg,GX010664_MP4-0026_jpg.rf.216d9c6309a2559b8a00c31de0273d0c.jpg,0.22587662935256958
C:\Users\carmonta\Desktop\data-centric-cross-season-transfer\datasets\train_on_2025_all\images\GX010664_MP4-0026_jpg.rf.72686199d71f048028cc2b58bac6d3fe.jpg,GX010664_MP4-0026_jpg.rf.72686199d71f048028cc2b58bac6d3fe.jpg,0.22580713033676147
C:\Users\carmonta\Desktop\data-centric-cross-season-transfer\datasets\train_on_2025_all\images\GX010664_MP4-0027_jpg.rf.724cfb36346fcec21e99e36b8e08f511.jpg,GX010664_MP4-0027_jpg.rf.724cfb36346fcec21e99e36b8e08f511.jpg,0.9968970825430006
C:\Users\carmonta\Desktop\data-centric-cross-season-transfer\datasets\train_on_2025_all\images\GX010664_MP4-0030_jpg.rf.1fc2eaa7fac9b15e175628f4446dd4e9.jpg,GX010664_MP4-0030_jpg.rf.1fc2eaa7fac9b15e175628f4446dd4e9.jpg,0.2682669758796692
C:\Users\carmonta\Desktop\data-centric-cross-season-transfer\datasets\train_on_2025_all\images\GX010664_MP4-0030_jpg.rf.a733f05673dcad4dfab7c2a9b0428653.jpg,GX010664_MP4-0030_jpg.rf.a733f05673dcad4dfab7c2a9b0428653.jpg,0.2628566026687622
C:\Users\carmonta\Desktop\data-centric-cross-season-transfer\datasets\train_on_2025_all\images\GX010664_MP4-0030_jpg.rf.b3bf2e905aa6c56dacadbe39d62f9e8d.jpg,GX010664_MP4-0030_jpg.rf.b3bf2e905aa6c56dacadbe39d62f9e8d.jpg,0.26282262802124023
C:\Users\carmonta\Desktop\data-centric-cross-season-transfer\datasets\train_on_2025_all\images\GX010664_MP4-0031_jpg.rf.21e6b88640c8788c9ae311e51c217a93.jpg,GX010664_MP4-0031_jpg.rf.21e6b88640c8788c9ae311e51c217a93.jpg,0.31251275539398193
C:\Users\carmonta\Desktop\data-centric-cross-season-transfer\datasets\train_on_2025_all\images\GX010664_MP4-0032_jpg.rf.7b9ec0120ab540a3705d364f8916fc1c.jpg,GX010664_MP4-0032_jpg.rf.7b9ec0120ab540a3705d364f8916fc1c.jpg,0.4370858669281006
C:\Users\carmonta\Desktop\data-centric-cross-season-transfer\datasets\train_on_2025_all\images\GX010664_MP4-0032_jpg.rf.a8877cdfee4c798fbe588a0db2605316.jpg,GX010664_MP4-0032_jpg.rf.a8877cdfee4c798fbe588a0db2605316.jpg,0.4527322053909302
C:\Users\carmonta\Desktop\data-centric-cross-season-transfer\datasets\train_on_2025_all\images\GX010664_MP4-0032_jpg.rf.d0856926542c08aade4ff77cddeb1779.jpg,GX010664_MP4-0032_jpg.rf.d0856926542c08aade4ff77cddeb1779.jpg,0.4155709147453308
C:\Users\carmonta\Desktop\data-centric-cross-season-transfer\datasets\train_on_2025_all\images\GX010664_MP4-0034_jpg.rf.60262825d9038404e45f03e6fc114810.jpg,GX010664_MP4-0034_jpg.rf.60262825d9038404e45f03e6fc114810.jpg,0.6199754476547241
C:\Users\carmonta\Desktop\data-centric-cross-season-transfer\datasets\train_on_2025_all\images\GX010664_MP4-0034_jpg.rf.b199566f7a68c7b1220f0a4d15267da1.jpg,GX010664_MP4-0034_jpg.rf.b199566f7a68c7b1220f0a4d15267da1.jpg,0.6206589639186859
C:\Users\carmonta\Desktop\data-centric-cross-season-transfer\datasets\train_on_2025_all\images\GX010664_MP4-0034_jpg.rf.ebb32df3d1a98c87b4f45c11c2ab3fbe.jpg,GX010664_MP4-0034_jpg.rf.ebb32df3d1a98c87b4f45c11c2ab3fbe.jpg,0.6202247440814972
C:\Users\carmonta\Desktop\data-centric-cross-season-transfer\datasets\train_on_2025_all\images\GX010664_MP4-0035_jpg.rf.166cde941faed3eb6cb14e50c487f0ff.jpg,GX010664_MP4-0035_jpg.rf.166cde941faed3eb6cb14e50c487f0ff.jpg,0.24176979064941406
C:\Users\carmonta\Desktop\data-centric-cross-season-transfer\datasets\train_on_2025_all\images\GX010664_MP4-0035_jpg.rf.d94a3bf46113e625440d56f289323693.jpg,GX010664_MP4-0035_jpg.rf.d94a3bf46113e625440d56f289323693.jpg,0.2400442361831665
C:\Users\carmonta\Desktop\data-centric-cross-season-transfer\datasets\train_on_2025_all\images\GX010664_MP4-0036_jpg.rf.42895edccd77df9923e4c17e5a62bdf0.jpg,GX010664_MP4-0036_jpg.rf.42895edccd77df9923e4c17e5a62bdf0.jpg,0.8488062024116516
C:\Users\carmonta\Desktop\data-centric-cross-season-transfer\datasets\train_on_2025_all\images\GX010664_MP4-0036_jpg.rf.4c139aec080705f321ecbe015224814b.jpg,GX010664_MP4-0036_jpg.rf.4c139aec080705f321ecbe015224814b.jpg,0.8323631137609482
C:\Users\carmonta\Desktop\data-centric-cross-season-transfer\datasets\train_on_2025_all\images\GX010664_MP4-0037_jpg.rf.7a6e3fca2b5a05cbd134cb4f05c54ee5.jpg,GX010664_MP4-0037_jpg.rf.7a6e3fca2b5a05cbd134cb4f05c54ee5.jpg,0.6187936663627625
C:\Users\carmonta\Desktop\data-centric-cross-season-transfer\datasets\train_on_2025_all\images\GX010664_MP4-0037_jpg.rf.83bdfea8ef24d8cd9aa86aa7ac828ca8.jpg,GX010664_MP4-0037_jpg.rf.83bdfea8ef24d8cd9aa86aa7ac828ca8.jpg,0.6234771609306335
C:\Users\carmonta\Desktop\data-centric-cross-season-transfer\datasets\train_on_2025_all\images\GX010664_MP4-0038_jpg.rf.5e8711161789d29abea90f11ff701c7d.jpg,GX010664_MP4-0038_jpg.rf.5e8711161789d29abea90f11ff701c7d.jpg,0.44785094261169434
C:\Users\carmonta\Desktop\data-centric-cross-season-transfer\datasets\train_on_2025_all\images\GX010664_MP4-0038_jpg.rf.947f69b61906f0f63df04c2183a91934.jpg,GX010664_MP4-0038_jpg.rf.947f69b61906f0f63df04c2183a91934.jpg,0.4487115144729614
C:\Users\carmonta\Desktop\data-centric-cross-season-transfer\datasets\train_on_2025_all\images\GX010664_MP4-0039_jpg.rf.2db375ea0ec389c5d644ea589d848ed5.jpg,GX010664_MP4-0039_jpg.rf.2db375ea0ec389c5d644ea589d848ed5.jpg,0.77249476313591
C:\Users\carmonta\Desktop\data-centric-cross-season-transfer\datasets\train_on_2025_all\images\GX010664_MP4-0039_jpg.rf.6208dfd7764eb32fd3ce174f20d7174a.jpg,GX010664_MP4-0039_jpg.rf.6208dfd7764eb32fd3ce174f20d7174a.jpg,0.7600722163915634
C:\Users\carmonta\Desktop\data-centric-cross-season-transfer\datasets\train_on_2025_all\images\GX010664_MP4-0039_jpg.rf.840a996794fed1b8fbdd925a358ef3ee.jpg,GX010664_MP4-0039_jpg.rf.840a996794fed1b8fbdd925a358ef3ee.jpg,0.7845860570669174
C:\Users\carmonta\Desktop\data-centric-cross-season-transfer\datasets\train_on_2025_all\images\GX010664_MP4-0040_jpg.rf.b53ac30df8e666b382ca82a0bb4b2b9f.jpg,GX010664_MP4-0040_jpg.rf.b53ac30df8e666b382ca82a0bb4b2b9f.jpg,0.8456075191497803
C:\Users\carmonta\Desktop\data-centric-cross-season-transfer\datasets\train_on_2025_all\images\GX010664_MP4-0040_jpg.rf.eb3abc53941098561893bb700ee284e5.jpg,GX010664_MP4-0040_jpg.rf.eb3abc53941098561893bb700ee284e5.jpg,0.8725754171609879
C:\Users\carmonta\Desktop\data-centric-cross-season-transfer\datasets\train_on_2025_all\images\GX010664_MP4-0042_jpg.rf.d6104ad65a648b9369bbb761c62b19f5.jpg,GX010664_MP4-0042_jpg.rf.d6104ad65a648b9369bbb761c62b19f5.jpg,0.20430707931518555
C:\Users\carmonta\Desktop\data-centric-cross-season-transfer\datasets\train_on_2025_all\images\GX010664_MP4-0042_jpg.rf.f09255da3a3b30cdc97af4d351d92666.jpg,GX010664_MP4-0042_jpg.rf.f09255da3a3b30cdc97af4d351d92666.jpg,0.21106642484664917
C:\Users\carmonta\Desktop\data-centric-cross-season-transfer\datasets\train_on_2025_all\images\GX010664_MP4-0043_jpg.rf.9b3a06a280ba259fb528212d40bae4b0.jpg,GX010664_MP4-0043_jpg.rf.9b3a06a280ba259fb528212d40bae4b0.jpg,0.4245924949645996
C:\Users\carmonta\Desktop\data-centric-cross-season-transfer\datasets\train_on_2025_all\images\GX010664_MP4-0043_jpg.rf.ba2ab4ef9dcc13fc74001d093a672cf0.jpg,GX010664_MP4-0043_jpg.rf.ba2ab4ef9dcc13fc74001d093a672cf0.jpg,0.41915786266326904
C:\Users\carmonta\Desktop\data-centric-cross-season-transfer\datasets\train_on_2025_all\images\GX010664_MP4-0043_jpg.rf.f628fd96e0682e5aa8a8ac75a976b889.jpg,GX010664_MP4-0043_jpg.rf.f628fd96e0682e5aa8a8ac75a976b889.jpg,0.4245924949645996
C:\Users\carmonta\Desktop\data-centric-cross-season-transfer\datasets\train_on_2025_all\images\GX010664_MP4-0044_jpg.rf.7db7507c6aa587440d07f58deb9390bd.jpg,GX010664_MP4-0044_jpg.rf.7db7507c6aa587440d07f58deb9390bd.jpg,0.7666664868593216
C:\Users\carmonta\Desktop\data-centric-cross-season-transfer\datasets\train_on_2025_all\images\GX010664_MP4-0044_jpg.rf.838e1bd5c617331fd9adee0c981975f6.jpg,GX010664_MP4-0044_jpg.rf.838e1bd5c617331fd9adee0c981975f6.jpg,0.7665888071060181
C:\Users\carmonta\Desktop\data-centric-cross-season-transfer\datasets\train_on_2025_all\images\GX010664_MP4-0045_jpg.rf.a2de32173844900789374c8cafdcad03.jpg,GX010664_MP4-0045_jpg.rf.a2de32173844900789374c8cafdcad03.jpg,0.6965940594673157
C:\Users\carmonta\Desktop\data-centric-cross-season-transfer\datasets\train_on_2025_all\images\GX010664_MP4-0045_jpg.rf.c8d739d56ac4a183c4486d25701b5e9c.jpg,GX010664_MP4-0045_jpg.rf.c8d739d56ac4a183c4486d25701b5e9c.jpg,0.6974153220653534
C:\Users\carmonta\Desktop\data-centric-cross-season-transfer\datasets\train_on_2025_all\images\GX010664_MP4-0045_jpg.rf.cd33e62a2e326f1e8d88c02b3cebab12.jpg,GX010664_MP4-0045_jpg.rf.cd33e62a2e326f1e8d88c02b3cebab12.jpg,0.7194857895374298
C:\Users\carmonta\Desktop\data-centric-cross-season-transfer\datasets\train_on_2025_all\images\GX010664_MP4-0046_jpg.rf.03922ea4cbd1b99693bb44c724e43eb0.jpg,GX010664_MP4-0046_jpg.rf.03922ea4cbd1b99693bb44c724e43eb0.jpg,0.6545930504798889
C:\Users\carmonta\Desktop\data-centric-cross-season-transfer\datasets\train_on_2025_all\images\GX010664_MP4-0046_jpg.rf.525af9e46a3a8dded556d3bd8e868a12.jpg,GX010664_MP4-0046_jpg.rf.525af9e46a3a8dded556d3bd8e868a12.jpg,0.6862632632255554
C:\Users\carmonta\Desktop\data-centric-cross-season-transfer\datasets\train_on_2025_all\images\GX010664_MP4-0046_jpg.rf.928ba1555bfc55fb4355874ffd9bcede.jpg,GX010664_MP4-0046_jpg.rf.928ba1555bfc55fb4355874ffd9bcede.jpg,0.6517772972583771
C:\Users\carmonta\Desktop\data-centric-cross-season-transfer\datasets\train_on_2025_all\images\GX010664_MP4-0048_jpg.rf.2a89c3cf9bc3161369d8248490b31ceb.jpg,GX010664_MP4-0048_jpg.rf.2a89c3cf9bc3161369d8248490b31ceb.jpg,0.6375720798969269
C:\Users\carmonta\Desktop\data-centric-cross-season-transfer\datasets\train_on_2025_all\images\GX010664_MP4-0048_jpg.rf.9de34beadb4d6a9eaa4ba51bf26fa09d.jpg,GX010664_MP4-0048_jpg.rf.9de34beadb4d6a9eaa4ba51bf26fa09d.jpg,0.6375626921653748
C:\Users\carmonta\Desktop\data-centric-cross-season-transfer\datasets\train_on_2025_all\images\GX010664_MP4-0048_jpg.rf.b2d6d85b710b934adf2da8b2a5cd5ade.jpg,GX010664_MP4-0048_jpg.rf.b2d6d85b710b934adf2da8b2a5cd5ade.jpg,0.6394004225730896
C:\Users\carmonta\Desktop\data-centric-cross-season-transfer\datasets\train_on_2025_all\images\GX010664_MP4-0051_jpg.rf.3bd49c03c6d659c1a9b25fbfe57179e9.jpg,GX010664_MP4-0051_jpg.rf.3bd49c03c6d659c1a9b25fbfe57179e9.jpg,0.36277103424072266
C:\Users\carmonta\Desktop\data-centric-cross-season-transfer\datasets\train_on_2025_all\images\GX010664_MP4-0051_jpg.rf.8540b420dd448a9fc879d352d1d93da7.jpg,GX010664_MP4-0051_jpg.rf.8540b420dd448a9fc879d352d1d93da7.jpg,0.3641689419746399
C:\Users\carmonta\Desktop\data-centric-cross-season-transfer\datasets\train_on_2025_all\images\GX010664_MP4-0051_jpg.rf.b65fa5bea1d4ae9e374f95dacf7ca111.jpg,GX010664_MP4-0051_jpg.rf.b65fa5bea1d4ae9e374f95dacf7ca111.jpg,0.36838817596435547
C:\Users\carmonta\Desktop\data-centric-cross-season-transfer\datasets\train_on_2025_all\images\GX010664_MP4-0052_jpg.rf.b9eb3e34c346142c1d192b9e2ca70e54.jpg,GX010664_MP4-0052_jpg.rf.b9eb3e34c346142c1d192b9e2ca70e54.jpg,0.4288095235824585
C:\Users\carmonta\Desktop\data-centric-cross-season-transfer\datasets\train_on_2025_all\images\GX010664_MP4-0052_jpg.rf.c93919d5c669827ba932d3fa47250758.jpg,GX010664_MP4-0052_jpg.rf.c93919d5c669827ba932d3fa47250758.jpg,0.42750948667526245
C:\Users\carmonta\Desktop\data-centric-cross-season-transfer\datasets\train_on_2025_all\images\GX010664_MP4-0053_jpg.rf.0878a9b8156d04e3dae4474b73d947fb.jpg,GX010664_MP4-0053_jpg.rf.0878a9b8156d04e3dae4474b73d947fb.jpg,0.8087277710437775
C:\Users\carmonta\Desktop\data-centric-cross-season-transfer\datasets\train_on_2025_all\images\GX010664_MP4-0053_jpg.rf.13c305ab0b52c9b2e4c18d0a86098bb8.jpg,GX010664_MP4-0053_jpg.rf.13c305ab0b52c9b2e4c18d0a86098bb8.jpg,0.8082936555147171
C:\Users\carmonta\Desktop\data-centric-cross-season-transfer\datasets\train_on_2025_all\images\GX010664_MP4-0053_jpg.rf.7d7fdcecdbfaa31b42165b88c9e31e24.jpg,GX010664_MP4-0053_jpg.rf.7d7fdcecdbfaa31b42165b88c9e31e24.jpg,0.8087277710437775
C:\Users\carmonta\Desktop\data-centric-cross-season-transfer\datasets\train_on_2025_all\images\GX010664_MP4-0054_jpg.rf.44b342c758bfd84e4d3301ca6dfbe6cd.jpg,GX010664_MP4-0054_jpg.rf.44b342c758bfd84e4d3301ca6dfbe6cd.jpg,0.53305983543396
C:\Users\carmonta\Desktop\data-centric-cross-season-transfer\datasets\train_on_2025_all\images\GX010664_MP4-0054_jpg.rf.74ba8b3260dd52bf05aeedfeffa398f1.jpg,GX010664_MP4-0054_jpg.rf.74ba8b3260dd52bf05aeedfeffa398f1.jpg,0.5336348116397858
C:\Users\carmonta\Desktop\data-centric-cross-season-transfer\datasets\train_on_2025_all\images\GX010664_MP4-0054_jpg.rf.917c3d57961a5d14b2d3dd1e958fd3c1.jpg,GX010664_MP4-0054_jpg.rf.917c3d57961a5d14b2d3dd1e958fd3c1.jpg,0.5364291667938232
C:\Users\carmonta\Desktop\data-centric-cross-season-transfer\datasets\train_on_2025_all\images\GX010664_MP4-0055_jpg.rf.222df2148263a7e2e2ef3f1c6f2530bf.jpg,GX010664_MP4-0055_jpg.rf.222df2148263a7e2e2ef3f1c6f2530bf.jpg,0.8547815382480621
C:\Users\carmonta\Desktop\data-centric-cross-season-transfer\datasets\train_on_2025_all\images\GX010664_MP4-0055_jpg.rf.89bf7632fab9a369e6a3e912c3f57754.jpg,GX010664_MP4-0055_jpg.rf.89bf7632fab9a369e6a3e912c3f57754.jpg,0.8448080867528915
C:\Users\carmonta\Desktop\data-centric-cross-season-transfer\datasets\train_on_2025_all\images\GX010664_MP4-0055_jpg.rf.b7b7b2b43763f005b106eb811db0522f.jpg,GX010664_MP4-0055_jpg.rf.b7b7b2b43763f005b106eb811db0522f.jpg,0.8549237102270126
C:\Users\carmonta\Desktop\data-centric-cross-season-transfer\datasets\train_on_2025_all\images\GX010664_MP4-0056_jpg.rf.38b49449b4aef7ebe98ac241672699eb.jpg,GX010664_MP4-0056_jpg.rf.38b49449b4aef7ebe98ac241672699eb.jpg,0.5574075281620026
C:\Users\carmonta\Desktop\data-centric-cross-season-transfer\datasets\train_on_2025_all\images\GX010664_MP4-0056_jpg.rf.591700068f32ac64bd854ea0e00d5f22.jpg,GX010664_MP4-0056_jpg.rf.591700068f32ac64bd854ea0e00d5f22.jpg,0.6124435365200043
C:\Users\carmonta\Desktop\data-centric-cross-season-transfer\datasets\train_on_2025_all\images\GX010664_MP4-0056_jpg.rf.a9556e84398e9373f80f7c63358c60fe.jpg,GX010664_MP4-0056_jpg.rf.a9556e84398e9373f80f7c63358c60fe.jpg,0.6124435365200043
C:\Users\carmonta\Desktop\data-centric-cross-season-transfer\datasets\train_on_2025_all\images\GX010664_MP4-0057_jpg.rf.45b9f0af7a9bcb2ae19121dbb6dfe0a0.jpg,GX010664_MP4-0057_jpg.rf.45b9f0af7a9bcb2ae19121dbb6dfe0a0.jpg,0.6338315904140472
C:\Users\carmonta\Desktop\data-centric-cross-season-transfer\datasets\train_on_2025_all\images\GX010664_MP4-0057_jpg.rf.c7142a19c77945658599dc06f8251c86.jpg,GX010664_MP4-0057_jpg.rf.c7142a19c77945658599dc06f8251c86.jpg,0.6346778571605682
C:\Users\carmonta\Desktop\data-centric-cross-season-transfer\datasets\train_on_2025_all\images\GX010664_MP4-0057_jpg.rf.df8bcf93e4113ad1d3484adfd610061e.jpg,GX010664_MP4-0057_jpg.rf.df8bcf93e4113ad1d3484adfd610061e.jpg,0.6351168155670166
C:\Users\carmonta\Desktop\data-centric-cross-season-transfer\datasets\train_on_2025_all\images\GX010664_MP4-0059_jpg.rf.6d32fc68087320f1e760d352861b6fa1.jpg,GX010664_MP4-0059_jpg.rf.6d32fc68087320f1e760d352861b6fa1.jpg,0.8216423392295837
C:\Users\carmonta\Desktop\data-centric-cross-season-transfer\datasets\train_on_2025_all\images\GX010664_MP4-0059_jpg.rf.f29cd9878187cd9b0166657d58269fe5.jpg,GX010664_MP4-0059_jpg.rf.f29cd9878187cd9b0166657d58269fe5.jpg,0.8219651430845261
C:\Users\carmonta\Desktop\data-centric-cross-season-transfer\datasets\train_on_2025_all\images\GX010664_MP4-0060_jpg.rf.1c6bbf0e92177286d9b849346fff3ad2.jpg,GX010664_MP4-0060_jpg.rf.1c6bbf0e92177286d9b849346fff3ad2.jpg,0.7872728258371353
C:\Users\carmonta\Desktop\data-centric-cross-season-transfer\datasets\train_on_2025_all\images\GX010664_MP4-0060_jpg.rf.592bcc0e63ab073de41107a498e0e716.jpg,GX010664_MP4-0060_jpg.rf.592bcc0e63ab073de41107a498e0e716.jpg,0.787436231970787
C:\Users\carmonta\Desktop\data-centric-cross-season-transfer\datasets\train_on_2025_all\images\GX010664_MP4-0060_jpg.rf.e1b1f76eeffe76e75f931c542a69d27a.jpg,GX010664_MP4-0060_jpg.rf.e1b1f76eeffe76e75f931c542a69d27a.jpg,0.7671541720628738
C:\Users\carmonta\Desktop\data-centric-cross-season-transfer\datasets\train_on_2025_all\images\GX010664_MP4-0061_jpg.rf.1ddf1a6703c5c6516ad9152656b8450c.jpg,GX010664_MP4-0061_jpg.rf.1ddf1a6703c5c6516ad9152656b8450c.jpg,0.31752896308898926
C:\Users\carmonta\Desktop\data-centric-cross-season-transfer\datasets\train_on_2025_all\images\GX010664_MP4-0061_jpg.rf.2602c2ee14d8b3a048c8ae6e2e2acafe.jpg,GX010664_MP4-0061_jpg.rf.2602c2ee14d8b3a048c8ae6e2e2acafe.jpg,0.2927377223968506
C:\Users\carmonta\Desktop\data-centric-cross-season-transfer\datasets\train_on_2025_all\images\GX010664_MP4-0062_jpg.rf.b3ed78c3614972a9e9e3345d6c54656a.jpg,GX010664_MP4-0062_jpg.rf.b3ed78c3614972a9e9e3345d6c54656a.jpg,0.8348925709724426
C:\Users\carmonta\Desktop\data-centric-cross-season-transfer\datasets\train_on_2025_all\images\GX010664_MP4-0062_jpg.rf.c8e617920df78f9cba28e4d6fdf8c8c6.jpg,GX010664_MP4-0062_jpg.rf.c8e617920df78f9cba28e4d6fdf8c8c6.jpg,0.8014375865459442
C:\Users\carmonta\Desktop\data-centric-cross-season-transfer\datasets\train_on_2025_all\images\GX010664_MP4-0062_jpg.rf.fa075bee7c190f94973e60ed21170790.jpg,GX010664_MP4-0062_jpg.rf.fa075bee7c190f94973e60ed21170790.jpg,0.81843101978302
C:\Users\carmonta\Desktop\data-centric-cross-season-transfer\datasets\train_on_2025_all\images\GX010664_MP4-0063_jpg.rf.0d8806e163b875ddc7f2e39958a4e07a.jpg,GX010664_MP4-0063_jpg.rf.0d8806e163b875ddc7f2e39958a4e07a.jpg,0.4836764335632324
C:\Users\carmonta\Desktop\data-centric-cross-season-transfer\datasets\train_on_2025_all\images\GX010664_MP4-0063_jpg.rf.4191565fc6a19eed4a286c901fe8056e.jpg,GX010664_MP4-0063_jpg.rf.4191565fc6a19eed4a286c901fe8056e.jpg,0.5635972619056702
C:\Users\carmonta\Desktop\data-centric-cross-season-transfer\datasets\train_on_2025_all\images\GX010664_MP4-0063_jpg.rf.d01fe91db8b9f75290948cc7cc50c760.jpg,GX010664_MP4-0063_jpg.rf.d01fe91db8b9f75290948cc7cc50c760.jpg,0.4678434133529663
C:\Users\carmonta\Desktop\data-centric-cross-season-transfer\datasets\train_on_2025_all\images\GX010664_MP4-0064_jpg.rf.23934c626427d18bf199d97b6422a3fb.jpg,GX010664_MP4-0064_jpg.rf.23934c626427d18bf199d97b6422a3fb.jpg,0.9323394820094109
C:\Users\carmonta\Desktop\data-centric-cross-season-transfer\datasets\train_on_2025_all\images\GX010664_MP4-0064_jpg.rf.268ee827fc0da8f8bf85ce38c37ba501.jpg,GX010664_MP4-0064_jpg.rf.268ee827fc0da8f8bf85ce38c37ba501.jpg,0.9334135204553604
C:\Users\carmonta\Desktop\data-centric-cross-season-transfer\datasets\train_on_2025_all\images\GX010664_MP4-0064_jpg.rf.595e9389e22e8aee4512d6b18067acbe.jpg,GX010664_MP4-0064_jpg.rf.595e9389e22e8aee4512d6b18067acbe.jpg,0.9333817139267921
C:\Users\carmonta\Desktop\data-centric-cross-season-transfer\datasets\train_on_2025_all\images\GX010664_MP4-0066_jpg.rf.ee03bf7d762a50eb3e4f3aee2e3675b1.jpg,GX010664_MP4-0066_jpg.rf.ee03bf7d762a50eb3e4f3aee2e3675b1.jpg,0.7356405258178711
C:\Users\carmonta\Desktop\data-centric-cross-season-transfer\datasets\train_on_2025_all\images\GX010664_MP4-0066_jpg.rf.eebc4cbc19c9f9737bf16cb264c204e4.jpg,GX010664_MP4-0066_jpg.rf.eebc4cbc19c9f9737bf16cb264c204e4.jpg,0.7270581126213074
C:\Users\carmonta\Desktop\data-centric-cross-season-transfer\datasets\train_on_2025_all\images\GX010664_MP4-0067_jpg.rf.0e9a64f4228a54a7382988bc3e1848bc.jpg,GX010664_MP4-0067_jpg.rf.0e9a64f4228a54a7382988bc3e1848bc.jpg,0.42798006534576416
C:\Users\carmonta\Desktop\data-centric-cross-season-transfer\datasets\train_on_2025_all\images\GX010664_MP4-0068_jpg.rf.c32070203247e0bf4d89da6585202c01.jpg,GX010664_MP4-0068_jpg.rf.c32070203247e0bf4d89da6585202c01.jpg,0.29943370819091797
C:\Users\carmonta\Desktop\data-centric-cross-season-transfer\datasets\train_on_2025_all\images\GX010664_MP4-0068_jpg.rf.f6b6ee1c80ba210531fbf6db65959dce.jpg,GX010664_MP4-0068_jpg.rf.f6b6ee1c80ba210531fbf6db65959dce.jpg,0.28947293758392334
C:\Users\carmonta\Desktop\data-centric-cross-season-transfer\datasets\train_on_2025_all\images\GX010664_MP4-0069_jpg.rf.4495c999ed01c75daf249fb607633b32.jpg,GX010664_MP4-0069_jpg.rf.4495c999ed01c75daf249fb607633b32.jpg,0.42172062397003174
C:\Users\carmonta\Desktop\data-centric-cross-season-transfer\datasets\train_on_2025_all\images\GX010664_MP4-0069_jpg.rf.7aaeb445f52829dbb063f3eb529cfd1c.jpg,GX010664_MP4-0069_jpg.rf.7aaeb445f52829dbb063f3eb529cfd1c.jpg,0.41971147060394287
C:\Users\carmonta\Desktop\data-centric-cross-season-transfer\datasets\train_on_2025_all\images\GX010664_MP4-0069_jpg.rf.e48f0c58f4c3e78b4f3434ed7a2884a6.jpg,GX010664_MP4-0069_jpg.rf.e48f0c58f4c3e78b4f3434ed7a2884a6.jpg,0.41971147060394287
C:\Users\carmonta\Desktop\data-centric-cross-season-transfer\datasets\train_on_2025_all\images\GX010664_MP4-0070_jpg.rf.ad84c6491f8ee7e8fbcc798b24d38106.jpg,GX010664_MP4-0070_jpg.rf.ad84c6491f8ee7e8fbcc798b24d38106.jpg,0.7151369750499725
C:\Users\carmonta\Desktop\data-centric-cross-season-transfer\datasets\train_on_2025_all\images\GX010664_MP4-0070_jpg.rf.fd697953a47cca75dae6a29794803341.jpg,GX010664_MP4-0070_jpg.rf.fd697953a47cca75dae6a29794803341.jpg,0.7150846719741821
C:\Users\carmonta\Desktop\data-centric-cross-season-transfer\datasets\train_on_2025_all\images\GX010664_MP4-0071_jpg.rf.0cdba322b70fbf5c849076d8a352855a.jpg,GX010664_MP4-0071_jpg.rf.0cdba322b70fbf5c849076d8a352855a.jpg,0.6708837449550629
C:\Users\carmonta\Desktop\data-centric-cross-season-transfer\datasets\train_on_2025_all\images\GX010664_MP4-0071_jpg.rf.5fa5c2520ce253a68114b81090336e99.jpg,GX010664_MP4-0071_jpg.rf.5fa5c2520ce253a68114b81090336e99.jpg,0.6711960136890411
C:\Users\carmonta\Desktop\data-centric-cross-season-transfer\datasets\train_on_2025_all\images\GX010664_MP4-0072_jpg.rf.03bb667b6766896dbc8ee38fc8495027.jpg,GX010664_MP4-0072_jpg.rf.03bb667b6766896dbc8ee38fc8495027.jpg,0.814736470580101
C:\Users\carmonta\Desktop\data-centric-cross-season-transfer\datasets\train_on_2025_all\images\GX010664_MP4-0072_jpg.rf.9b374a8e461b3b3e1de4c892f80cda2c.jpg,GX010664_MP4-0072_jpg.rf.9b374a8e461b3b3e1de4c892f80cda2c.jpg,0.8181529343128204
C:\Users\carmonta\Desktop\data-centric-cross-season-transfer\datasets\train_on_2025_all\images\GX010664_MP4-0072_jpg.rf.da78ebf99222f60e4e9c115fe109a133.jpg,GX010664_MP4-0072_jpg.rf.da78ebf99222f60e4e9c115fe109a133.jpg,0.8146457672119141
C:\Users\carmonta\Desktop\data-centric-cross-season-transfer\datasets\train_on_2025_all\images\GX010664_MP4-0073_jpg.rf.b69b1295bda9a4729ba855900a713fef.jpg,GX010664_MP4-0073_jpg.rf.b69b1295bda9a4729ba855900a713fef.jpg,0.5710674226284027
C:\Users\carmonta\Desktop\data-centric-cross-season-transfer\datasets\train_on_2025_all\images\GX010664_MP4-0073_jpg.rf.ca8fb85658cc3992c5bdf72eb29450eb.jpg,GX010664_MP4-0073_jpg.rf.ca8fb85658cc3992c5bdf72eb29450eb.jpg,0.44254159927368164
C:\Users\carmonta\Desktop\data-centric-cross-season-transfer\datasets\train_on_2025_all\images\GX010664_MP4-0073_jpg.rf.ff7ff3312c62ca144794838030aa808c.jpg,GX010664_MP4-0073_jpg.rf.ff7ff3312c62ca144794838030aa808c.jpg,0.43072569370269775
C:\Users\carmonta\Desktop\data-centric-cross-season-transfer\datasets\train_on_2025_all\images\GX010664_MP4-0074_jpg.rf.5a9cf23e848a7a8868748137515df600.jpg,GX010664_MP4-0074_jpg.rf.5a9cf23e848a7a8868748137515df600.jpg,0.793917641043663
C:\Users\carmonta\Desktop\data-centric-cross-season-transfer\datasets\train_on_2025_all\images\GX010664_MP4-0074_jpg.rf.d83028a9c3a2f3d88bf21760739b6758.jpg,GX010664_MP4-0074_jpg.rf.d83028a9c3a2f3d88bf21760739b6758.jpg,0.7960356622934341
C:\Users\carmonta\Desktop\data-centric-cross-season-transfer\datasets\train_on_2025_all\images\GX010664_MP4-0076_jpg.rf.afba36d9128f0a868f4cf61fb7677063.jpg,GX010664_MP4-0076_jpg.rf.afba36d9128f0a868f4cf61fb7677063.jpg,0.5793858468532562
C:\Users\carmonta\Desktop\data-centric-cross-season-transfer\datasets\train_on_2025_all\images\GX010664_MP4-0076_jpg.rf.b12e872043dbee38d0d3ffbb857f26ab.jpg,GX010664_MP4-0076_jpg.rf.b12e872043dbee38d0d3ffbb857f26ab.jpg,0.5423388779163361
C:\Users\carmonta\Desktop\data-centric-cross-season-transfer\datasets\train_on_2025_all\images\GX010664_MP4-0076_jpg.rf.f1202483985c2c4eb0e1226e45dd983a.jpg,GX010664_MP4-0076_jpg.rf.f1202483985c2c4eb0e1226e45dd983a.jpg,0.5762684643268585
C:\Users\carmonta\Desktop\data-centric-cross-season-transfer\datasets\train_on_2025_all\images\GX010664_MP4-0077_jpg.rf.51911a1ad2a3f628d8ccc691f3b2b4a6.jpg,GX010664_MP4-0077_jpg.rf.51911a1ad2a3f628d8ccc691f3b2b4a6.jpg,0.6918987333774567
C:\Users\carmonta\Desktop\data-centric-cross-season-transfer\datasets\train_on_2025_all\images\GX010664_MP4-0077_jpg.rf.89cb082eeba859040c35896027435f96.jpg,GX010664_MP4-0077_jpg.rf.89cb082eeba859040c35896027435f96.jpg,0.6907266080379486
C:\Users\carmonta\Desktop\data-centric-cross-season-transfer\datasets\train_on_2025_all\images\GX010664_MP4-0078_jpg.rf.8ec398bb8df49178b586f2af43d95a39.jpg,GX010664_MP4-0078_jpg.rf.8ec398bb8df49178b586f2af43d95a39.jpg,0.7164854407310486
C:\Users\carmonta\Desktop\data-centric-cross-season-transfer\datasets\train_on_2025_all\images\GX010664_MP4-0079_jpg.rf.2f51dc1253c50faa758ffc167ea60433.jpg,GX010664_MP4-0079_jpg.rf.2f51dc1253c50faa758ffc167ea60433.jpg,0.4653348922729492
C:\Users\carmonta\Desktop\data-centric-cross-season-transfer\datasets\train_on_2025_all\images\GX010664_MP4-0079_jpg.rf.4dd9222c901b6466e67a2d0835055a42.jpg,GX010664_MP4-0079_jpg.rf.4dd9222c901b6466e67a2d0835055a42.jpg,0.4655466675758362
C:\Users\carmonta\Desktop\data-centric-cross-season-transfer\datasets\train_on_2025_all\images\GX010664_MP4-0079_jpg.rf.69738b17d71bcf1082757e24402a9bc9.jpg,GX010664_MP4-0079_jpg.rf.69738b17d71bcf1082757e24402a9bc9.jpg,0.4609602093696594
C:\Users\carmonta\Desktop\data-centric-cross-season-transfer\datasets\train_on_2025_all\images\GX010664_MP4-0080_jpg.rf.342316ff88aa197070dff537ec348494.jpg,GX010664_MP4-0080_jpg.rf.342316ff88aa197070dff537ec348494.jpg,0.9228541404008865
C:\Users\carmonta\Desktop\data-centric-cross-season-transfer\datasets\train_on_2025_all\images\GX010664_MP4-0080_jpg.rf.e515fc58277e25d898cd13491eaf7250.jpg,GX010664_MP4-0080_jpg.rf.e515fc58277e25d898cd13491eaf7250.jpg,0.8906367793679237
C:\Users\carmonta\Desktop\data-centric-cross-season-transfer\datasets\train_on_2025_all\images\GX010664_MP4-0080_jpg.rf.f0cc16d94bb87d49261b7f5802787a6c.jpg,GX010664_MP4-0080_jpg.rf.f0cc16d94bb87d49261b7f5802787a6c.jpg,0.9223891422152519
C:\Users\carmonta\Desktop\data-centric-cross-season-transfer\datasets\train_on_2025_all\images\GX010664_MP4-0081_jpg.rf.3e1153fe68e3175cec779bf03de663b2.jpg,GX010664_MP4-0081_jpg.rf.3e1153fe68e3175cec779bf03de663b2.jpg,0.7876592427492142
C:\Users\carmonta\Desktop\data-centric-cross-season-transfer\datasets\train_on_2025_all\images\GX010664_MP4-0081_jpg.rf.9b98d08dde4699fd8d180e901d327028.jpg,GX010664_MP4-0081_jpg.rf.9b98d08dde4699fd8d180e901d327028.jpg,0.8933763802051544
C:\Users\carmonta\Desktop\data-centric-cross-season-transfer\datasets\train_on_2025_all\images\GX010664_MP4-0081_jpg.rf.c32c93623b48e02727de62f25239c351.jpg,GX010664_MP4-0081_jpg.rf.c32c93623b48e02727de62f25239c351.jpg,0.8309031575918198
C:\Users\carmonta\Desktop\data-centric-cross-season-transfer\datasets\train_on_2025_all\images\GX010664_MP4-0082_jpg.rf.00edee151ca42ce42982468d41fe2396.jpg,GX010664_MP4-0082_jpg.rf.00edee151ca42ce42982468d41fe2396.jpg,0.28485989570617676
C:\Users\carmonta\Desktop\data-centric-cross-season-transfer\datasets\train_on_2025_all\images\GX010664_MP4-0082_jpg.rf.1394a9e90b332aeb578d219931fb0830.jpg,GX010664_MP4-0082_jpg.rf.1394a9e90b332aeb578d219931fb0830.jpg,0.3065165877342224
C:\Users\carmonta\Desktop\data-centric-cross-season-transfer\datasets\train_on_2025_all\images\GX010664_MP4-0082_jpg.rf.d81ffef8b2b93fdb52c1aae78811edcf.jpg,GX010664_MP4-0082_jpg.rf.d81ffef8b2b93fdb52c1aae78811edcf.jpg,0.3059573173522949
C:\Users\carmonta\Desktop\data-centric-cross-season-transfer\datasets\train_on_2025_all\images\GX010664_MP4-0083_jpg.rf.0c846dcfc99e20e365f3929017a59fe1.jpg,GX010664_MP4-0083_jpg.rf.0c846dcfc99e20e365f3929017a59fe1.jpg,0.83013054728508
C:\Users\carmonta\Desktop\data-centric-cross-season-transfer\datasets\train_on_2025_all\images\GX010664_MP4-0083_jpg.rf.9aff1680effc6d9a20394e1ad67914cd.jpg,GX010664_MP4-0083_jpg.rf.9aff1680effc6d9a20394e1ad67914cd.jpg,0.8073081970214844
C:\Users\carmonta\Desktop\data-centric-cross-season-transfer\datasets\train_on_2025_all\images\GX010664_MP4-0083_jpg.rf.c1c6455b566b8da1f62953ba0d064615.jpg,GX010664_MP4-0083_jpg.rf.c1c6455b566b8da1f62953ba0d064615.jpg,0.7882944196462631
C:\Users\carmonta\Desktop\data-centric-cross-season-transfer\datasets\train_on_2025_all\images\GX010664_MP4-0084_jpg.rf.354738c71897cfb319677245d8204d21.jpg,GX010664_MP4-0084_jpg.rf.354738c71897cfb319677245d8204d21.jpg,0.8954029753804207
C:\Users\carmonta\Desktop\data-centric-cross-season-transfer\datasets\train_on_2025_all\images\GX010664_MP4-0084_jpg.rf.bdb52f2d6cd46ec2565cbcecb75686db.jpg,GX010664_MP4-0084_jpg.rf.bdb52f2d6cd46ec2565cbcecb75686db.jpg,0.9016750082373619
C:\Users\carmonta\Desktop\data-centric-cross-season-transfer\datasets\train_on_2025_all\images\GX010664_MP4-0085_jpg.rf.0ca2778e2281ed2c4f8e88390a77943b.jpg,GX010664_MP4-0085_jpg.rf.0ca2778e2281ed2c4f8e88390a77943b.jpg,0.9175367057323456
C:\Users\carmonta\Desktop\data-centric-cross-season-transfer\datasets\train_on_2025_all\images\GX010664_MP4-0085_jpg.rf.b83c1bd5d8e2a54d2d0b1711015c5bf5.jpg,GX010664_MP4-0085_jpg.rf.b83c1bd5d8e2a54d2d0b1711015c5bf5.jpg,0.9174304232001305
C:\Users\carmonta\Desktop\data-centric-cross-season-transfer\datasets\train_on_2025_all\images\GX010664_MP4-0085_jpg.rf.e01ce4c22dc6a7c773c1207a43efd03f.jpg,GX010664_MP4-0085_jpg.rf.e01ce4c22dc6a7c773c1207a43efd03f.jpg,0.9165484383702278
C:\Users\carmonta\Desktop\data-centric-cross-season-transfer\datasets\train_on_2025_all\images\GX010664_MP4-0087_jpg.rf.5542af5054305e406314ff33fa2a40f1.jpg,GX010664_MP4-0087_jpg.rf.5542af5054305e406314ff33fa2a40f1.jpg,0.8216410428285599
C:\Users\carmonta\Desktop\data-centric-cross-season-transfer\datasets\train_on_2025_all\images\GX010664_MP4-0087_jpg.rf.648f557ddf59dbc0429f61985fac2cfb.jpg,GX010664_MP4-0087_jpg.rf.648f557ddf59dbc0429f61985fac2cfb.jpg,0.8534810692071915
C:\Users\carmonta\Desktop\data-centric-cross-season-transfer\datasets\train_on_2025_all\images\GX010664_MP4-0087_jpg.rf.8a8b85bddca5b951f23f333887a14e04.jpg,GX010664_MP4-0087_jpg.rf.8a8b85bddca5b951f23f333887a14e04.jpg,0.8336359411478043
C:\Users\carmonta\Desktop\data-centric-cross-season-transfer\datasets\train_on_2025_all\images\GX010664_MP4-0088_jpg.rf.494240a03bcd25f6257a187bd8c836b2.jpg,GX010664_MP4-0088_jpg.rf.494240a03bcd25f6257a187bd8c836b2.jpg,0.7481829226016998
C:\Users\carmonta\Desktop\data-centric-cross-season-transfer\datasets\train_on_2025_all\images\GX010664_MP4-0089_jpg.rf.5dbb78ccf95f85012aae87561f6925d1.jpg,GX010664_MP4-0089_jpg.rf.5dbb78ccf95f85012aae87561f6925d1.jpg,0.6989960074424744
C:\Users\carmonta\Desktop\data-centric-cross-season-transfer\datasets\train_on_2025_all\images\GX010664_MP4-0089_jpg.rf.da8a3c41d279007c2d64a7a6cd058837.jpg,GX010664_MP4-0089_jpg.rf.da8a3c41d279007c2d64a7a6cd058837.jpg,0.6960300505161285
C:\Users\carmonta\Desktop\data-centric-cross-season-transfer\datasets\train_on_2025_all\images\GX010664_MP4-0089_jpg.rf.e8d832c466c21cd9f623b9ebe5756e56.jpg,GX010664_MP4-0089_jpg.rf.e8d832c466c21cd9f623b9ebe5756e56.jpg,0.7009722292423248
C:\Users\carmonta\Desktop\data-centric-cross-season-transfer\datasets\train_on_2025_all\images\GX010664_MP4-0096_jpg.rf.b69fd4eb507e90c3694734f07462a655.jpg,GX010664_MP4-0096_jpg.rf.b69fd4eb507e90c3694734f07462a655.jpg,0.5866209864616394
C:\Users\carmonta\Desktop\data-centric-cross-season-transfer\datasets\train_on_2025_all\images\GX010664_MP4-0097_jpg.rf.30ddf802f9cef65f74df8536e08dd4d5.jpg,GX010664_MP4-0097_jpg.rf.30ddf802f9cef65f74df8536e08dd4d5.jpg,0.443118155002594
C:\Users\carmonta\Desktop\data-centric-cross-season-transfer\datasets\train_on_2025_all\images\GX010664_MP4-0097_jpg.rf.4103e3b90cbbadd996a4ab1247c57bc9.jpg,GX010664_MP4-0097_jpg.rf.4103e3b90cbbadd996a4ab1247c57bc9.jpg,0.44524139165878296
C:\Users\carmonta\Desktop\data-centric-cross-season-transfer\datasets\train_on_2025_all\images\GX010664_MP4-0097_jpg.rf.75e32ff5f5f4dc8e8fe9139a52247baa.jpg,GX010664_MP4-0097_jpg.rf.75e32ff5f5f4dc8e8fe9139a52247baa.jpg,0.4451618790626526
C:\Users\carmonta\Desktop\data-centric-cross-season-transfer\datasets\train_on_2025_all\images\GX010664_MP4-0099_jpg.rf.1c9eadfbdf7290ec6e815c0799ed4788.jpg,GX010664_MP4-0099_jpg.rf.1c9eadfbdf7290ec6e815c0799ed4788.jpg,0.591462254524231
C:\Users\carmonta\Desktop\data-centric-cross-season-transfer\datasets\train_on_2025_all\images\GX010664_MP4-0099_jpg.rf.24b4e177954f75353fb1a2e32f03d4ff.jpg,GX010664_MP4-0099_jpg.rf.24b4e177954f75353fb1a2e32f03d4ff.jpg,0.5979216396808624
C:\Users\carmonta\Desktop\data-centric-cross-season-transfer\datasets\train_on_2025_all\images\GX010664_MP4-0099_jpg.rf.391b5df9ba0ed8c4305f072faafdad86.jpg,GX010664_MP4-0099_jpg.rf.391b5df9ba0ed8c4305f072faafdad86.jpg,0.3858380913734436
C:\Users\carmonta\Desktop\data-centric-cross-season-transfer\datasets\train_on_2025_all\images\GX010664_MP4-0101_jpg.rf.d81ccc877e2b480ba181242e338f3ee9.jpg,GX010664_MP4-0101_jpg.rf.d81ccc877e2b480ba181242e338f3ee9.jpg,0.8650953769683838
C:\Users\carmonta\Desktop\data-centric-cross-season-transfer\datasets\train_on_2025_all\images\GX010664_MP4-0101_jpg.rf.fbbddac3cf611ccd749e86361bdff021.jpg,GX010664_MP4-0101_jpg.rf.fbbddac3cf611ccd749e86361bdff021.jpg,0.799101710319519
C:\Users\carmonta\Desktop\data-centric-cross-season-transfer\datasets\train_on_2025_all\images\GX010664_MP4-0102_jpg.rf.4e872ee064e022d68a14ea8a3ea13b61.jpg,GX010664_MP4-0102_jpg.rf.4e872ee064e022d68a14ea8a3ea13b61.jpg,0.21987175941467285
C:\Users\carmonta\Desktop\data-centric-cross-season-transfer\datasets\train_on_2025_all\images\GX010664_MP4-0102_jpg.rf.72768da27ce62d100ebdd2012fd90eaa.jpg,GX010664_MP4-0102_jpg.rf.72768da27ce62d100ebdd2012fd90eaa.jpg,0.22010427713394165
C:\Users\carmonta\Desktop\data-centric-cross-season-transfer\datasets\train_on_2025_all\images\GX010664_MP4-0102_jpg.rf.b08312a2a6beb58d484a463e114e90f0.jpg,GX010664_MP4-0102_jpg.rf.b08312a2a6beb58d484a463e114e90f0.jpg,0.21987998485565186
C:\Users\carmonta\Desktop\data-centric-cross-season-transfer\datasets\train_on_2025_all\images\GX010664_MP4-0103_jpg.rf.c45db5a481016102ec73a91234cd98f8.jpg,GX010664_MP4-0103_jpg.rf.c45db5a481016102ec73a91234cd98f8.jpg,0.6299680173397064
C:\Users\carmonta\Desktop\data-centric-cross-season-transfer\datasets\train_on_2025_all\images\GX010664_MP4-0103_jpg.rf.f0a68cd971320cfd3270cab447a94bb4.jpg,GX010664_MP4-0103_jpg.rf.f0a68cd971320cfd3270cab447a94bb4.jpg,0.6295583844184875
C:\Users\carmonta\Desktop\data-centric-cross-season-transfer\datasets\train_on_2025_all\images\GX010665_MP4-0012_jpg.rf.b6d399bad362a005b52d85a36946930e.jpg,GX010665_MP4-0012_jpg.rf.b6d399bad362a005b52d85a36946930e.jpg,0.9816685579717159
C:\Users\carmonta\Desktop\data-centric-cross-season-transfer\datasets\train_on_2025_all\images\GX010665_MP4-0021_jpg.rf.342f2f770b83c6e0a4ccc9a380ce386e.jpg,GX010665_MP4-0021_jpg.rf.342f2f770b83c6e0a4ccc9a380ce386e.jpg,0.2049444317817688
C:\Users\carmonta\Desktop\data-centric-cross-season-transfer\datasets\train_on_2025_all\images\GX010665_MP4-0021_jpg.rf.e5806e4bf7b94c36725374d9ecdb7645.jpg,GX010665_MP4-0021_jpg.rf.e5806e4bf7b94c36725374d9ecdb7645.jpg,0.20782464742660522
C:\Users\carmonta\Desktop\data-centric-cross-season-transfer\datasets\train_on_2025_all\images\GX010665_MP4-0021_jpg.rf.ed4fda92ba0f117676c2622240fd5566.jpg,GX010665_MP4-0021_jpg.rf.ed4fda92ba0f117676c2622240fd5566.jpg,0.1930142045021057
C:\Users\carmonta\Desktop\data-centric-cross-season-transfer\datasets\train_on_2025_all\images\GX010665_MP4-0022_jpg.rf.072b5d326b3fcd107ef6733e884dc998.jpg,GX010665_MP4-0022_jpg.rf.072b5d326b3fcd107ef6733e884dc998.jpg,0.16358214616775513
C:\Users\carmonta\Desktop\data-centric-cross-season-transfer\datasets\train_on_2025_all\images\GX010665_MP4-0022_jpg.rf.cf220d12d0bfe3a2cdffa30b9adff42b.jpg,GX010665_MP4-0022_jpg.rf.cf220d12d0bfe3a2cdffa30b9adff42b.jpg,0.166364848613739
C:\Users\carmonta\Desktop\data-centric-cross-season-transfer\datasets\train_on_2025_all\images\GX010665_MP4-0023_jpg.rf.99e1944223240057a64b80a8bb7f6a00.jpg,GX010665_MP4-0023_jpg.rf.99e1944223240057a64b80a8bb7f6a00.jpg,0.43546444177627563
C:\Users\carmonta\Desktop\data-centric-cross-season-transfer\datasets\train_on_2025_all\images\GX010665_MP4-0023_jpg.rf.f67a6efbe1eefa463baaba82ed22f471.jpg,GX010665_MP4-0023_jpg.rf.f67a6efbe1eefa463baaba82ed22f471.jpg,0.43599027395248413
C:\Users\carmonta\Desktop\data-centric-cross-season-transfer\datasets\train_on_2025_all\images\GX010665_MP4-0024_jpg.rf.700871f8708b3dbf6bee84851e0a74b6.jpg,GX010665_MP4-0024_jpg.rf.700871f8708b3dbf6bee84851e0a74b6.jpg,0.42727380990982056
C:\Users\carmonta\Desktop\data-centric-cross-season-transfer\datasets\train_on_2025_all\images\GX010665_MP4-0024_jpg.rf.aa4d80af8c6603667718c4c4c0dc6589.jpg,GX010665_MP4-0024_jpg.rf.aa4d80af8c6603667718c4c4c0dc6589.jpg,0.42757362127304077
C:\Users\carmonta\Desktop\data-centric-cross-season-transfer\datasets\train_on_2025_all\images\GX010665_MP4-0026_jpg.rf.0ba0d6d8506d07b8bfebce33646036b7.jpg,GX010665_MP4-0026_jpg.rf.0ba0d6d8506d07b8bfebce33646036b7.jpg,0.4380989670753479
C:\Users\carmonta\Desktop\data-centric-cross-season-transfer\datasets\train_on_2025_all\images\GX010665_MP4-0026_jpg.rf.419b1a60f7223ca419a861b15cf41a7a.jpg,GX010665_MP4-0026_jpg.rf.419b1a60f7223ca419a861b15cf41a7a.jpg,0.4376590847969055
C:\Users\carmonta\Desktop\data-centric-cross-season-transfer\datasets\train_on_2025_all\images\GX010665_MP4-0026_jpg.rf.efc62c6441c10fe7bd39732a5d071352.jpg,GX010665_MP4-0026_jpg.rf.efc62c6441c10fe7bd39732a5d071352.jpg,0.43690943717956543
C:\Users\carmonta\Desktop\data-centric-cross-season-transfer\datasets\train_on_2025_all\images\GX010665_MP4-0027_jpg.rf.06278f2e8eca61cebe9f0d9a18e89850.jpg,GX010665_MP4-0027_jpg.rf.06278f2e8eca61cebe9f0d9a18e89850.jpg,0.6861472129821777
C:\Users\carmonta\Desktop\data-centric-cross-season-transfer\datasets\train_on_2025_all\images\GX010665_MP4-0027_jpg.rf.4af315f4a69d88a7e1293f0e3e3b8ce3.jpg,GX010665_MP4-0027_jpg.rf.4af315f4a69d88a7e1293f0e3e3b8ce3.jpg,0.747635006904602
C:\Users\carmonta\Desktop\data-centric-cross-season-transfer\datasets\train_on_2025_all\images\GX010665_MP4-0027_jpg.rf.7e44c14da56690f78b4771f202c0f867.jpg,GX010665_MP4-0027_jpg.rf.7e44c14da56690f78b4771f202c0f867.jpg,0.7509839087724686
C:\Users\carmonta\Desktop\data-centric-cross-season-transfer\datasets\train_on_2025_all\images\GX010665_MP4-0028_jpg.rf.26ad4d941c7ddfd607778cd6d9ec57c8.jpg,GX010665_MP4-0028_jpg.rf.26ad4d941c7ddfd607778cd6d9ec57c8.jpg,0.605963945388794
C:\Users\carmonta\Desktop\data-centric-cross-season-transfer\datasets\train_on_2025_all\images\GX010665_MP4-0028_jpg.rf.a5ca2ceee9a17361e7b3d08e0db3afe4.jpg,GX010665_MP4-0028_jpg.rf.a5ca2ceee9a17361e7b3d08e0db3afe4.jpg,0.6060968339443207
C:\Users\carmonta\Desktop\data-centric-cross-season-transfer\datasets\train_on_2025_all\images\GX010665_MP4-0028_jpg.rf.f349cdd08a19a2cb29c0370a3d6fa1e9.jpg,GX010665_MP4-0028_jpg.rf.f349cdd08a19a2cb29c0370a3d6fa1e9.jpg,0.6059915721416473
C:\Users\carmonta\Desktop\data-centric-cross-season-transfer\datasets\train_on_2025_all\images\GX010665_MP4-0057_jpg.rf.7add9bb13d4af09973c089e63ef97e0a.jpg,GX010665_MP4-0057_jpg.rf.7add9bb13d4af09973c089e63ef97e0a.jpg,0.4630168676376343
C:\Users\carmonta\Desktop\data-centric-cross-season-transfer\datasets\train_on_2025_all\images\GX010665_MP4-0057_jpg.rf.f09c8723a9094d7f87f232ac769d7c16.jpg,GX010665_MP4-0057_jpg.rf.f09c8723a9094d7f87f232ac769d7c16.jpg,0.46685701608657837
C:\Users\carmonta\Desktop\data-centric-cross-season-transfer\datasets\train_on_2025_all\images\GX010665_MP4-0058_jpg.rf.5c0564a8e5c285db8301e4375735d605.jpg,GX010665_MP4-0058_jpg.rf.5c0564a8e5c285db8301e4375735d605.jpg,0.7578564286231995
C:\Users\carmonta\Desktop\data-centric-cross-season-transfer\datasets\train_on_2025_all\images\GX010665_MP4-0059_jpg.rf.652743b7c7226586b990fff2e5c35910.jpg,GX010665_MP4-0059_jpg.rf.652743b7c7226586b990fff2e5c35910.jpg,0.860964834690094
C:\Users\carmonta\Desktop\data-centric-cross-season-transfer\datasets\train_on_2025_all\images\GX010665_MP4-0059_jpg.rf.ca9bd4aee400f9209fc76ed1310b61b0.jpg,GX010665_MP4-0059_jpg.rf.ca9bd4aee400f9209fc76ed1310b61b0.jpg,0.8764696419239044
C:\Users\carmonta\Desktop\data-centric-cross-season-transfer\datasets\train_on_2025_all\images\GX010665_MP4-0059_jpg.rf.d1cf532ed6b6814657b47397dc64bc20.jpg,GX010665_MP4-0059_jpg.rf.d1cf532ed6b6814657b47397dc64bc20.jpg,0.870746985077858
C:\Users\carmonta\Desktop\data-centric-cross-season-transfer\datasets\train_on_2025_all\images\GX010665_MP4-0063_jpg.rf.8ac064a506ea4352918498ba66d69e4d.jpg,GX010665_MP4-0063_jpg.rf.8ac064a506ea4352918498ba66d69e4d.jpg,0.7765609323978424
C:\Users\carmonta\Desktop\data-centric-cross-season-transfer\datasets\train_on_2025_all\images\GX010665_MP4-0063_jpg.rf.ba6d0da80d0ef0bf1ceb5037a7c238e0.jpg,GX010665_MP4-0063_jpg.rf.ba6d0da80d0ef0bf1ceb5037a7c238e0.jpg,0.7751973420381546
C:\Users\carmonta\Desktop\data-centric-cross-season-transfer\datasets\train_on_2025_all\images\GX010665_MP4-0063_jpg.rf.da4bc323a0e859b40c9429b44058013f.jpg,GX010665_MP4-0063_jpg.rf.da4bc323a0e859b40c9429b44058013f.jpg,0.777895525097847
C:\Users\carmonta\Desktop\data-centric-cross-season-transfer\datasets\train_on_2025_all\images\GX010665_MP4-0087_jpg.rf.37bea2f8fc3b279ccf0bce6b34bdc596.jpg,GX010665_MP4-0087_jpg.rf.37bea2f8fc3b279ccf0bce6b34bdc596.jpg,0.46169358491897583
C:\Users\carmonta\Desktop\data-centric-cross-season-transfer\datasets\train_on_2025_all\images\GX010665_MP4-0087_jpg.rf.4aa99a02a0239ce75f1ee0490ae6ab3e.jpg,GX010665_MP4-0087_jpg.rf.4aa99a02a0239ce75f1ee0490ae6ab3e.jpg,0.4574161767959595
C:\Users\carmonta\Desktop\data-centric-cross-season-transfer\datasets\train_on_2025_all\images\GX010665_MP4-0087_jpg.rf.d51ca4d91f7ad0a7bd74892dec879c9c.jpg,GX010665_MP4-0087_jpg.rf.d51ca4d91f7ad0a7bd74892dec879c9c.jpg,0.45663613080978394
C:\Users\carmonta\Desktop\data-centric-cross-season-transfer\datasets\train_on_2025_all\images\GX010665_MP4-0088_jpg.rf.28457939a925f5c7c48b45c5c6318ef7.jpg,GX010665_MP4-0088_jpg.rf.28457939a925f5c7c48b45c5c6318ef7.jpg,0.49597084522247314
C:\Users\carmonta\Desktop\data-centric-cross-season-transfer\datasets\train_on_2025_all\images\GX010665_MP4-0088_jpg.rf.5c525a0fc26c71dca5cd32c19f9a319b.jpg,GX010665_MP4-0088_jpg.rf.5c525a0fc26c71dca5cd32c19f9a319b.jpg,0.4768325090408325
C:\Users\carmonta\Desktop\data-centric-cross-season-transfer\datasets\train_on_2025_all\images\GX010665_MP4-0089_jpg.rf.7fe0e9657fa1a72a2708896f9ebef5ed.jpg,GX010665_MP4-0089_jpg.rf.7fe0e9657fa1a72a2708896f9ebef5ed.jpg,0.49183326959609985
C:\Users\carmonta\Desktop\data-centric-cross-season-transfer\datasets\train_on_2025_all\images\GX010665_MP4-0089_jpg.rf.d7f24a0cae1be4eb04ece415de777176.jpg,GX010665_MP4-0089_jpg.rf.d7f24a0cae1be4eb04ece415de777176.jpg,0.4912334084510803
C:\Users\carmonta\Desktop\data-centric-cross-season-transfer\datasets\train_on_2025_all\images\GX010665_MP4-0089_jpg.rf.f4e8db4583a4642a9f2d4c3ddbdb6103.jpg,GX010665_MP4-0089_jpg.rf.f4e8db4583a4642a9f2d4c3ddbdb6103.jpg,0.4967173933982849
C:\Users\carmonta\Desktop\data-centric-cross-season-transfer\datasets\train_on_2025_all\images\GX010665_MP4-0090_jpg.rf.6c2e0422736c8cd7675515c474872929.jpg,GX010665_MP4-0090_jpg.rf.6c2e0422736c8cd7675515c474872929.jpg,0.6178091168403625
C:\Users\carmonta\Desktop\data-centric-cross-season-transfer\datasets\train_on_2025_all\images\GX010665_MP4-0090_jpg.rf.7706e729cb1e2db1425209a5fb2de190.jpg,GX010665_MP4-0090_jpg.rf.7706e729cb1e2db1425209a5fb2de190.jpg,0.6258438527584076
C:\Users\carmonta\Desktop\data-centric-cross-season-transfer\datasets\train_on_2025_all\images\GX010665_MP4-0090_jpg.rf.eba468ea34d3cb486afecb73c240931d.jpg,GX010665_MP4-0090_jpg.rf.eba468ea34d3cb486afecb73c240931d.jpg,0.6204546391963959
C:\Users\carmonta\Desktop\data-centric-cross-season-transfer\datasets\train_on_2025_all\images\GX010665_MP4-0091_jpg.rf.20b7fb17307b06108faf51918fc07af6.jpg,GX010665_MP4-0091_jpg.rf.20b7fb17307b06108faf51918fc07af6.jpg,0.5517617762088776
C:\Users\carmonta\Desktop\data-centric-cross-season-transfer\datasets\train_on_2025_all\images\GX010665_MP4-0091_jpg.rf.fe26edd525ea7504ac1942be3e1967b9.jpg,GX010665_MP4-0091_jpg.rf.fe26edd525ea7504ac1942be3e1967b9.jpg,0.5357773005962372
C:\Users\carmonta\Desktop\data-centric-cross-season-transfer\datasets\train_on_2025_all\images\GX010665_MP4-0092_jpg.rf.58781171b7ed3094ea8f5bc4e0e49a75.jpg,GX010665_MP4-0092_jpg.rf.58781171b7ed3094ea8f5bc4e0e49a75.jpg,0.5959319770336151
C:\Users\carmonta\Desktop\data-centric-cross-season-transfer\datasets\train_on_2025_all\images\GX010665_MP4-0092_jpg.rf.80cba303c613e470c43e05cbd62e66f7.jpg,GX010665_MP4-0092_jpg.rf.80cba303c613e470c43e05cbd62e66f7.jpg,0.19405734539031982
C:\Users\carmonta\Desktop\data-centric-cross-season-transfer\datasets\train_on_2025_all\images\GX010665_MP4-0099_jpg.rf.6320251c5e1b1890f9ebc1f5a3e44c13.jpg,GX010665_MP4-0099_jpg.rf.6320251c5e1b1890f9ebc1f5a3e44c13.jpg,0.8109704703092575
C:\Users\carmonta\Desktop\data-centric-cross-season-transfer\datasets\train_on_2025_all\images\GX010665_MP4-0099_jpg.rf.68da4d0d7ee75338594472166a43f893.jpg,GX010665_MP4-0099_jpg.rf.68da4d0d7ee75338594472166a43f893.jpg,0.8109704703092575
C:\Users\carmonta\Desktop\data-centric-cross-season-transfer\datasets\train_on_2025_all\images\GX010665_MP4-0100_jpg.rf.5e0da56a19b03b526a83ae4b4a0555dd.jpg,GX010665_MP4-0100_jpg.rf.5e0da56a19b03b526a83ae4b4a0555dd.jpg,0.5733369290828705
C:\Users\carmonta\Desktop\data-centric-cross-season-transfer\datasets\train_on_2025_all\images\GX010665_MP4-0101_jpg.rf.a39714489272183f4249e1ec63781bd8.jpg,GX010665_MP4-0101_jpg.rf.a39714489272183f4249e1ec63781bd8.jpg,0.5759610533714294
C:\Users\carmonta\Desktop\data-centric-cross-season-transfer\datasets\train_on_2025_all\images\GX010665_MP4-0102_jpg.rf.0c7b5292bdb66b878c54eab0351b850f.jpg,GX010665_MP4-0102_jpg.rf.0c7b5292bdb66b878c54eab0351b850f.jpg,0.6669521629810333
C:\Users\carmonta\Desktop\data-centric-cross-season-transfer\datasets\train_on_2025_all\images\GX010665_MP4-0102_jpg.rf.3f702ad7f67dd42c14bd7c7d1930bbf9.jpg,GX010665_MP4-0102_jpg.rf.3f702ad7f67dd42c14bd7c7d1930bbf9.jpg,0.6654137074947357
C:\Users\carmonta\Desktop\data-centric-cross-season-transfer\datasets\train_on_2025_all\images\GX010665_MP4-0102_jpg.rf.cdbc439f6f8e7600a24ea9a6d00588c2.jpg,GX010665_MP4-0102_jpg.rf.cdbc439f6f8e7600a24ea9a6d00588c2.jpg,0.6648903489112854
C:\Users\carmonta\Desktop\data-centric-cross-season-transfer\datasets\train_on_2025_all\images\GX010665_MP4-0103_jpg.rf.21eca401c2c7ad00476720571d7cd905.jpg,GX010665_MP4-0103_jpg.rf.21eca401c2c7ad00476720571d7cd905.jpg,0.8321979343891144
C:\Users\carmonta\Desktop\data-centric-cross-season-transfer\datasets\train_on_2025_all\images\GX010665_MP4-0103_jpg.rf.6c308f1995c3afe5b597a2c45fcc1da3.jpg,GX010665_MP4-0103_jpg.rf.6c308f1995c3afe5b597a2c45fcc1da3.jpg,0.8330075889825821
C:\Users\carmonta\Desktop\data-centric-cross-season-transfer\datasets\train_on_2025_all\images\GX010665_MP4-0108_jpg.rf.92e00390db4cf64817d5a3e2ab2aab8c.jpg,GX010665_MP4-0108_jpg.rf.92e00390db4cf64817d5a3e2ab2aab8c.jpg,0.913063757121563
C:\Users\carmonta\Desktop\data-centric-cross-season-transfer\datasets\train_on_2025_all\images\GX010665_MP4-0108_jpg.rf.b2c7dcd0ffefb0fefe89673e7b296b99.jpg,GX010665_MP4-0108_jpg.rf.b2c7dcd0ffefb0fefe89673e7b296b99.jpg,0.9168412089347839
C:\Users\carmonta\Desktop\data-centric-cross-season-transfer\datasets\train_on_2025_all\images\GX010665_MP4-0109_jpg.rf.10e147497451b184414be771b6fc6a5a.jpg,GX010665_MP4-0109_jpg.rf.10e147497451b184414be771b6fc6a5a.jpg,0.9094023257493973
C:\Users\carmonta\Desktop\data-centric-cross-season-transfer\datasets\train_on_2025_all\images\GX010665_MP4-0109_jpg.rf.9fd1499c70b70ecb0127c12a30e67a11.jpg,GX010665_MP4-0109_jpg.rf.9fd1499c70b70ecb0127c12a30e67a11.jpg,0.9094023257493973
C:\Users\carmonta\Desktop\data-centric-cross-season-transfer\datasets\train_on_2025_all\images\GX010665_MP4-0109_jpg.rf.dad896add87fe0ac390e9d95489b86a9.jpg,GX010665_MP4-0109_jpg.rf.dad896add87fe0ac390e9d95489b86a9.jpg,0.9113997295498848
C:\Users\carmonta\Desktop\data-centric-cross-season-transfer\datasets\train_on_2025_all\images\GX010665_MP4-0110_jpg.rf.81e595d4e4917d1b1a3c649e805fea15.jpg,GX010665_MP4-0110_jpg.rf.81e595d4e4917d1b1a3c649e805fea15.jpg,0.8222003877162933
C:\Users\carmonta\Desktop\data-centric-cross-season-transfer\datasets\train_on_2025_all\images\GX010665_MP4-0110_jpg.rf.8dc571bc5b27193d0b4aa09f8b6c96a9.jpg,GX010665_MP4-0110_jpg.rf.8dc571bc5b27193d0b4aa09f8b6c96a9.jpg,0.8226524293422699
C:\Users\carmonta\Desktop\data-centric-cross-season-transfer\datasets\train_on_2025_all\images\GX010665_MP4-0110_jpg.rf.99800ff25d1b188c225ff44b872df47f.jpg,GX010665_MP4-0110_jpg.rf.99800ff25d1b188c225ff44b872df47f.jpg,0.8140823245048523
C:\Users\carmonta\Desktop\data-centric-cross-season-transfer\datasets\train_on_2025_all\images\GX010665_MP4-0111_jpg.rf.28c370a4586765748f423bf5292aa213.jpg,GX010665_MP4-0111_jpg.rf.28c370a4586765748f423bf5292aa213.jpg,0.7132187783718109
C:\Users\carmonta\Desktop\data-centric-cross-season-transfer\datasets\train_on_2025_all\images\GX010665_MP4-0111_jpg.rf.9704330e5fe7240357ac3f0b17fad1c1.jpg,GX010665_MP4-0111_jpg.rf.9704330e5fe7240357ac3f0b17fad1c1.jpg,0.7136037051677704
C:\Users\carmonta\Desktop\data-centric-cross-season-transfer\datasets\train_on_2025_all\images\GX010665_MP4-0112_jpg.rf.107b18f2eec800ef9479d3b91fba5363.jpg,GX010665_MP4-0112_jpg.rf.107b18f2eec800ef9479d3b91fba5363.jpg,0.7736166566610336
C:\Users\carmonta\Desktop\data-centric-cross-season-transfer\datasets\train_on_2025_all\images\GX010665_MP4-0112_jpg.rf.b8b48ea4dbbbf1e55cd6400e8601181b.jpg,GX010665_MP4-0112_jpg.rf.b8b48ea4dbbbf1e55cd6400e8601181b.jpg,0.7741055488586426
C:\Users\carmonta\Desktop\data-centric-cross-season-transfer\datasets\train_on_2025_all\images\GX010665_MP4-0113_jpg.rf.07523ee6156b45018e4e60b55a5ba1c2.jpg,GX010665_MP4-0113_jpg.rf.07523ee6156b45018e4e60b55a5ba1c2.jpg,0.6303128600120544
C:\Users\carmonta\Desktop\data-centric-cross-season-transfer\datasets\train_on_2025_all\images\GX010665_MP4-0113_jpg.rf.3790d093b7fcdca9ae8054b48068d9ed.jpg,GX010665_MP4-0113_jpg.rf.3790d093b7fcdca9ae8054b48068d9ed.jpg,0.6765941083431244
C:\Users\carmonta\Desktop\data-centric-cross-season-transfer\datasets\train_on_2025_all\images\GX010665_MP4-0113_jpg.rf.8c61e44efffcfbab81d3d4f641461bc2.jpg,GX010665_MP4-0113_jpg.rf.8c61e44efffcfbab81d3d4f641461bc2.jpg,0.6765941083431244
C:\Users\carmonta\Desktop\data-centric-cross-season-transfer\datasets\train_on_2025_all\images\GX010665_MP4-0114_jpg.rf.0e7fa190360d96f39784b4149d3c547a.jpg,GX010665_MP4-0114_jpg.rf.0e7fa190360d96f39784b4149d3c547a.jpg,0.6266106069087982
C:\Users\carmonta\Desktop\data-centric-cross-season-transfer\datasets\train_on_2025_all\images\GX010665_MP4-0114_jpg.rf.a5e0ed3c2e169842516b075a83a1335f.jpg,GX010665_MP4-0114_jpg.rf.a5e0ed3c2e169842516b075a83a1335f.jpg,0.7646407932043076
C:\Users\carmonta\Desktop\data-centric-cross-season-transfer\datasets\train_on_2025_all\images\GX010665_MP4-0114_jpg.rf.ef4576edfd9ff5aa31f3f5d87d56364c.jpg,GX010665_MP4-0114_jpg.rf.ef4576edfd9ff5aa31f3f5d87d56364c.jpg,0.6749153137207031
C:\Users\carmonta\Desktop\data-centric-cross-season-transfer\datasets\train_on_2025_all\images\GX010665_MP4-0115_jpg.rf.21fa82305642480e4dea481692f1fe66.jpg,GX010665_MP4-0115_jpg.rf.21fa82305642480e4dea481692f1fe66.jpg,0.8193425387144089
C:\Users\carmonta\Desktop\data-centric-cross-season-transfer\datasets\train_on_2025_all\images\GX010665_MP4-0115_jpg.rf.ace7d22ef4e2022b8d9960e510b6b6f4.jpg,GX010665_MP4-0115_jpg.rf.ace7d22ef4e2022b8d9960e510b6b6f4.jpg,0.8365665525197983
C:\Users\carmonta\Desktop\data-centric-cross-season-transfer\datasets\train_on_2025_all\images\GX010665_MP4-0116_jpg.rf.0a6651813d76b66c91b5481603b60d2d.jpg,GX010665_MP4-0116_jpg.rf.0a6651813d76b66c91b5481603b60d2d.jpg,0.8801891654729843
C:\Users\carmonta\Desktop\data-centric-cross-season-transfer\datasets\train_on_2025_all\images\GX010665_MP4-0116_jpg.rf.50e082fea34ac7c7389c48ab09cb05a1.jpg,GX010665_MP4-0116_jpg.rf.50e082fea34ac7c7389c48ab09cb05a1.jpg,0.8547970205545425
C:\Users\carmonta\Desktop\data-centric-cross-season-transfer\datasets\train_on_2025_all\images\GX010665_MP4-0116_jpg.rf.6c71b4a60f6d6e167fc5c3569c75a3e2.jpg,GX010665_MP4-0116_jpg.rf.6c71b4a60f6d6e167fc5c3569c75a3e2.jpg,0.8556439578533173
C:\Users\carmonta\Desktop\data-centric-cross-season-transfer\datasets\train_on_2025_all\images\GX010665_MP4-0119_jpg.rf.c574b03407b66448aad99fbe1377524b.jpg,GX010665_MP4-0119_jpg.rf.c574b03407b66448aad99fbe1377524b.jpg,0.9297814518213272
C:\Users\carmonta\Desktop\data-centric-cross-season-transfer\datasets\train_on_2025_all\images\GX010665_MP4-0128_jpg.rf.60c8aec1d00c70e12a8c6a21fc7c91a3.jpg,GX010665_MP4-0128_jpg.rf.60c8aec1d00c70e12a8c6a21fc7c91a3.jpg,0.5628550052642822
C:\Users\carmonta\Desktop\data-centric-cross-season-transfer\datasets\train_on_2025_all\images\GX010665_MP4-0129_jpg.rf.0183f8cbb64b8610d89922b5794dbcf3.jpg,GX010665_MP4-0129_jpg.rf.0183f8cbb64b8610d89922b5794dbcf3.jpg,0.27470624446868896
C:\Users\carmonta\Desktop\data-centric-cross-season-transfer\datasets\train_on_2025_all\images\GX010665_MP4-0130_jpg.rf.103e55f0d7d7a32a40412ba08753909d.jpg,GX010665_MP4-0130_jpg.rf.103e55f0d7d7a32a40412ba08753909d.jpg,0.9384431727230549
C:\Users\carmonta\Desktop\data-centric-cross-season-transfer\datasets\train_on_2025_all\images\GX010665_MP4-0130_jpg.rf.c54d5a5ce439730f8c81c29ac54a8bfb.jpg,GX010665_MP4-0130_jpg.rf.c54d5a5ce439730f8c81c29ac54a8bfb.jpg,0.9384431727230549
C:\Users\carmonta\Desktop\data-centric-cross-season-transfer\datasets\train_on_2025_all\images\GX010665_MP4-0133_jpg.rf.11f961eed585765b5ced3ad0bdf7007c.jpg,GX010665_MP4-0133_jpg.rf.11f961eed585765b5ced3ad0bdf7007c.jpg,0.9487700685858727
C:\Users\carmonta\Desktop\data-centric-cross-season-transfer\datasets\train_on_2025_all\images\GX010665_MP4-0133_jpg.rf.4d78612c20025b75ecfd75c3d97cd906.jpg,GX010665_MP4-0133_jpg.rf.4d78612c20025b75ecfd75c3d97cd906.jpg,0.9494182616472244
C:\Users\carmonta\Desktop\data-centric-cross-season-transfer\datasets\train_on_2025_all\images\GX010665_MP4-0134_jpg.rf.22645c83f16ad0fab3c00559ae4ce7a0.jpg,GX010665_MP4-0134_jpg.rf.22645c83f16ad0fab3c00559ae4ce7a0.jpg,0.9205825850367546
C:\Users\carmonta\Desktop\data-centric-cross-season-transfer\datasets\train_on_2025_all\images\GX010665_MP4-0134_jpg.rf.b13059bc41014669614fae18160fa79c.jpg,GX010665_MP4-0134_jpg.rf.b13059bc41014669614fae18160fa79c.jpg,0.9207746684551239
C:\Users\carmonta\Desktop\data-centric-cross-season-transfer\datasets\train_on_2025_all\images\GX010665_MP4-0135_jpg.rf.509655b7c4efe4575b681d7ca53f1884.jpg,GX010665_MP4-0135_jpg.rf.509655b7c4efe4575b681d7ca53f1884.jpg,0.9418132826685905
C:\Users\carmonta\Desktop\data-centric-cross-season-transfer\datasets\train_on_2025_all\images\GX010665_MP4-0135_jpg.rf.8f8280a9921992b6846aad4143d2f5d3.jpg,GX010665_MP4-0135_jpg.rf.8f8280a9921992b6846aad4143d2f5d3.jpg,0.9373785182833672
C:\Users\carmonta\Desktop\data-centric-cross-season-transfer\datasets\train_on_2025_all\images\GX010665_MP4-0135_jpg.rf.a67e59dabd6b23ef1153ed18978df9a4.jpg,GX010665_MP4-0135_jpg.rf.a67e59dabd6b23ef1153ed18978df9a4.jpg,0.9316069185733795
C:\Users\carmonta\Desktop\data-centric-cross-season-transfer\datasets\train_on_2025_all\images\GX010665_MP4-0136_jpg.rf.e899d5e6870e48c20ce0c8a8c6b85670.jpg,GX010665_MP4-0136_jpg.rf.e899d5e6870e48c20ce0c8a8c6b85670.jpg,0.9487981647253036
C:\Users\carmonta\Desktop\data-centric-cross-season-transfer\datasets\train_on_2025_all\images\GX010665_MP4-0137_jpg.rf.bcc0d3167caa3008c5ab41d497a755fd.jpg,GX010665_MP4-0137_jpg.rf.bcc0d3167caa3008c5ab41d497a755fd.jpg,0.9564278796315193
C:\Users\carmonta\Desktop\data-centric-cross-season-transfer\datasets\train_on_2025_all\images\GX010665_MP4-0137_jpg.rf.ef06cb4c3b660b6e44019964f9e8bfec.jpg,GX010665_MP4-0137_jpg.rf.ef06cb4c3b660b6e44019964f9e8bfec.jpg,0.956191997975111
C:\Users\carmonta\Desktop\data-centric-cross-season-transfer\datasets\train_on_2025_all\images\GX010665_MP4-0138_jpg.rf.63237006cb17000814f72133f9ca3ac2.jpg,GX010665_MP4-0138_jpg.rf.63237006cb17000814f72133f9ca3ac2.jpg,0.9455834999680519
C:\Users\carmonta\Desktop\data-centric-cross-season-transfer\datasets\train_on_2025_all\images\GX010665_MP4-0138_jpg.rf.e0a496e1cf85b79b34be129f00e8e738.jpg,GX010665_MP4-0138_jpg.rf.e0a496e1cf85b79b34be129f00e8e738.jpg,0.9459426626563072
C:\Users\carmonta\Desktop\data-centric-cross-season-transfer\datasets\train_on_2025_all\images\GX010665_MP4-0138_jpg.rf.f28576c5169f2c6e331e9ee9646b2b4a.jpg,GX010665_MP4-0138_jpg.rf.f28576c5169f2c6e331e9ee9646b2b4a.jpg,0.9463742934167385
C:\Users\carmonta\Desktop\data-centric-cross-season-transfer\datasets\train_on_2025_all\images\GX010665_MP4-0139_jpg.rf.0fd45edf056321c1c65b8771e9efeb4e.jpg,GX010665_MP4-0139_jpg.rf.0fd45edf056321c1c65b8771e9efeb4e.jpg,0.953109972178936
C:\Users\carmonta\Desktop\data-centric-cross-season-transfer\datasets\train_on_2025_all\images\GX010665_MP4-0139_jpg.rf.12eaaa7163d6f7393eca5238b9e30da2.jpg,GX010665_MP4-0139_jpg.rf.12eaaa7163d6f7393eca5238b9e30da2.jpg,0.955098994076252
C:\Users\carmonta\Desktop\data-centric-cross-season-transfer\datasets\train_on_2025_all\images\GX010665_MP4-0140_jpg.rf.1c49b7421381dbf1464c265c901be303.jpg,GX010665_MP4-0140_jpg.rf.1c49b7421381dbf1464c265c901be303.jpg,0.9610399529337883
C:\Users\carmonta\Desktop\data-centric-cross-season-transfer\datasets\train_on_2025_all\images\GX010665_MP4-0140_jpg.rf.f2faa2c854690615cfb99e91bddea21a.jpg,GX010665_MP4-0140_jpg.rf.f2faa2c854690615cfb99e91bddea21a.jpg,0.9557649232447147
C:\Users\carmonta\Desktop\data-centric-cross-season-transfer\datasets\train_on_2025_all\images\GX010665_MP4-0140_jpg.rf.faba8d2bd761a83b4874ee3a5881126b.jpg,GX010665_MP4-0140_jpg.rf.faba8d2bd761a83b4874ee3a5881126b.jpg,0.9561277851462364
C:\Users\carmonta\Desktop\data-centric-cross-season-transfer\datasets\train_on_2025_all\images\GX010665_MP4-0152_jpg.rf.6ef7ee077fec852b588a18c9381d99a8.jpg,GX010665_MP4-0152_jpg.rf.6ef7ee077fec852b588a18c9381d99a8.jpg,0.5883990228176117
C:\Users\carmonta\Desktop\data-centric-cross-season-transfer\datasets\train_on_2025_all\images\GX010665_MP4-0152_jpg.rf.e779f0db5f1587c44a3b4f0b7ff0214a.jpg,GX010665_MP4-0152_jpg.rf.e779f0db5f1587c44a3b4f0b7ff0214a.jpg,0.5873970985412598
C:\Users\carmonta\Desktop\data-centric-cross-season-transfer\datasets\train_on_2025_all\images\GX010665_MP4-0152_jpg.rf.f4b4ecb7871c7f27ed499fd20a420e03.jpg,GX010665_MP4-0152_jpg.rf.f4b4ecb7871c7f27ed499fd20a420e03.jpg,0.5910252928733826
C:\Users\carmonta\Desktop\data-centric-cross-season-transfer\datasets\train_on_2025_all\images\GX010665_MP4-0171_jpg.rf.94b38e93e0033cf29489d60ce98a1b7d.jpg,GX010665_MP4-0171_jpg.rf.94b38e93e0033cf29489d60ce98a1b7d.jpg,0.17980778217315674
C:\Users\carmonta\Desktop\data-centric-cross-season-transfer\datasets\train_on_2025_all\images\GX010665_MP4-0171_jpg.rf.aa668009e06093c7f5b679fa928ee84b.jpg,GX010665_MP4-0171_jpg.rf.aa668009e06093c7f5b679fa928ee84b.jpg,0.17980778217315674
C:\Users\carmonta\Desktop\data-centric-cross-season-transfer\datasets\train_on_2025_all\images\GX010665_MP4-0189_jpg.rf.141f93edee08d1217407f95246071f23.jpg,GX010665_MP4-0189_jpg.rf.141f93edee08d1217407f95246071f23.jpg,0.1846158504486084
C:\Users\carmonta\Desktop\data-centric-cross-season-transfer\datasets\train_on_2025_all\images\GX010665_MP4-0189_jpg.rf.63548aa9017076ec478a2ca1b1b322d7.jpg,GX010665_MP4-0189_jpg.rf.63548aa9017076ec478a2ca1b1b322d7.jpg,0.7270053327083588
C:\Users\carmonta\Desktop\data-centric-cross-season-transfer\datasets\train_on_2025_all\images\GX010665_MP4-0189_jpg.rf.ac2c945f0fd6e3d3a822e896659a0ae8.jpg,GX010665_MP4-0189_jpg.rf.ac2c945f0fd6e3d3a822e896659a0ae8.jpg,0.5917995870113373
C:\Users\carmonta\Desktop\data-centric-cross-season-transfer\datasets\train_on_2025_all\images\GX010665_MP4-0190_jpg.rf.05fcbec8da10c1c2869c21f20ac7bf30.jpg,GX010665_MP4-0190_jpg.rf.05fcbec8da10c1c2869c21f20ac7bf30.jpg,0.16898858547210693
C:\Users\carmonta\Desktop\data-centric-cross-season-transfer\datasets\train_on_2025_all\images\GX010665_MP4-0190_jpg.rf.fbac7ff1462b35a537b12d5fcf9657f9.jpg,GX010665_MP4-0190_jpg.rf.fbac7ff1462b35a537b12d5fcf9657f9.jpg,0.16853070259094238
C:\Users\carmonta\Desktop\data-centric-cross-season-transfer\datasets\train_on_2025_all\images\GX010665_MP4-0191_jpg.rf.382ff4fd72c375f6c4ae8a8122f977d8.jpg,GX010665_MP4-0191_jpg.rf.382ff4fd72c375f6c4ae8a8122f977d8.jpg,0.7206674516201019
C:\Users\carmonta\Desktop\data-centric-cross-season-transfer\datasets\train_on_2025_all\images\GX010665_MP4-0191_jpg.rf.5028b7cebe14c5281ffa0a6ccf4d600d.jpg,GX010665_MP4-0191_jpg.rf.5028b7cebe14c5281ffa0a6ccf4d600d.jpg,0.7211318612098694
C:\Users\carmonta\Desktop\data-centric-cross-season-transfer\datasets\train_on_2025_all\images\GX010665_MP4-0192_jpg.rf.13e5a17667dd9f023bcd6d2313a569f9.jpg,GX010665_MP4-0192_jpg.rf.13e5a17667dd9f023bcd6d2313a569f9.jpg,0.16425693035125732
C:\Users\carmonta\Desktop\data-centric-cross-season-transfer\datasets\train_on_2025_all\images\GX010665_MP4-0192_jpg.rf.d152df4b569f08332b8110cc746fe793.jpg,GX010665_MP4-0192_jpg.rf.d152df4b569f08332b8110cc746fe793.jpg,0.1615188717842102
C:\Users\carmonta\Desktop\data-centric-cross-season-transfer\datasets\train_on_2025_all\images\GX010665_MP4-0193_jpg.rf.3882d4c5ba00f711e6f1712d42469373.jpg,GX010665_MP4-0193_jpg.rf.3882d4c5ba00f711e6f1712d42469373.jpg,0.8347245901823044
C:\Users\carmonta\Desktop\data-centric-cross-season-transfer\datasets\train_on_2025_all\images\GX010665_MP4-0193_jpg.rf.a5c8a206915c0b0a4e226bad063f31a7.jpg,GX010665_MP4-0193_jpg.rf.a5c8a206915c0b0a4e226bad063f31a7.jpg,0.8351537883281708
C:\Users\carmonta\Desktop\data-centric-cross-season-transfer\datasets\train_on_2025_all\images\GX010665_MP4-0193_jpg.rf.de34a33540e2e12f2e00011ec7378a7c.jpg,GX010665_MP4-0193_jpg.rf.de34a33540e2e12f2e00011ec7378a7c.jpg,0.7934828996658325
C:\Users\carmonta\Desktop\data-centric-cross-season-transfer\datasets\train_on_2025_all\images\GX010665_MP4-0194_jpg.rf.97663c03bb5d064c0d5056360c61b70e.jpg,GX010665_MP4-0194_jpg.rf.97663c03bb5d064c0d5056360c61b70e.jpg,0.1750965714454651
C:\Users\carmonta\Desktop\data-centric-cross-season-transfer\datasets\train_on_2025_all\images\GX010665_MP4-0194_jpg.rf.dd56a130fa04de36c550e5f34e94e12a.jpg,GX010665_MP4-0194_jpg.rf.dd56a130fa04de36c550e5f34e94e12a.jpg,0.18025732040405273
C:\Users\carmonta\Desktop\data-centric-cross-season-transfer\datasets\train_on_2025_all\images\GX010665_MP4-0195_jpg.rf.5547cb3e00bc34ccfe06304feeae1f4e.jpg,GX010665_MP4-0195_jpg.rf.5547cb3e00bc34ccfe06304feeae1f4e.jpg,0.7168046534061432
C:\Users\carmonta\Desktop\data-centric-cross-season-transfer\datasets\train_on_2025_all\images\GX010665_MP4-0195_jpg.rf.6e107406793506e41197be6544d089e4.jpg,GX010665_MP4-0195_jpg.rf.6e107406793506e41197be6544d089e4.jpg,0.7178405225276947
C:\Users\carmonta\Desktop\data-centric-cross-season-transfer\datasets\train_on_2025_all\images\GX010665_MP4-0195_jpg.rf.a235a811c1f250ad7ef6328b5c4943c3.jpg,GX010665_MP4-0195_jpg.rf.a235a811c1f250ad7ef6328b5c4943c3.jpg,0.7878725826740265
C:\Users\carmonta\Desktop\data-centric-cross-season-transfer\datasets\train_on_2025_all\images\GX010665_MP4-0196_jpg.rf.1bc91ddca75ecbe60f3502e22340a53d.jpg,GX010665_MP4-0196_jpg.rf.1bc91ddca75ecbe60f3502e22340a53d.jpg,0.8285035490989685
C:\Users\carmonta\Desktop\data-centric-cross-season-transfer\datasets\train_on_2025_all\images\GX010665_MP4-0196_jpg.rf.8b718b6b622f0db8841c6674076b55fc.jpg,GX010665_MP4-0196_jpg.rf.8b718b6b622f0db8841c6674076b55fc.jpg,0.8288170397281647
C:\Users\carmonta\Desktop\data-centric-cross-season-transfer\datasets\train_on_2025_all\images\GX010665_MP4-0196_jpg.rf.9adeffad62a0525e4ed7d6f8fca452da.jpg,GX010665_MP4-0196_jpg.rf.9adeffad62a0525e4ed7d6f8fca452da.jpg,0.8568804115056992
C:\Users\carmonta\Desktop\data-centric-cross-season-transfer\datasets\train_on_2025_all\images\GX010665_MP4-0197_jpg.rf.156b3e2b80b7b04683216d4a1985e8b3.jpg,GX010665_MP4-0197_jpg.rf.156b3e2b80b7b04683216d4a1985e8b3.jpg,0.9272743612527847
C:\Users\carmonta\Desktop\data-centric-cross-season-transfer\datasets\train_on_2025_all\images\GX010665_MP4-0197_jpg.rf.67bf2927dd48b2663f800dd540460546.jpg,GX010665_MP4-0197_jpg.rf.67bf2927dd48b2663f800dd540460546.jpg,0.9272685199975967
C:\Users\carmonta\Desktop\data-centric-cross-season-transfer\datasets\train_on_2025_all\images\GX010665_MP4-0197_jpg.rf.c960b99bafb694e685ef3b433603d2c2.jpg,GX010665_MP4-0197_jpg.rf.c960b99bafb694e685ef3b433603d2c2.jpg,0.9272496029734612
C:\Users\carmonta\Desktop\data-centric-cross-season-transfer\datasets\train_on_2025_all\images\GX010665_MP4-0198_jpg.rf.02dadef29cc5880f66f77b155bc2572c.jpg,GX010665_MP4-0198_jpg.rf.02dadef29cc5880f66f77b155bc2572c.jpg,0.789383590221405
C:\Users\carmonta\Desktop\data-centric-cross-season-transfer\datasets\train_on_2025_all\images\GX010665_MP4-0198_jpg.rf.1a2b63fc5d52052bfd8efa6715490258.jpg,GX010665_MP4-0198_jpg.rf.1a2b63fc5d52052bfd8efa6715490258.jpg,0.7894791215658188
C:\Users\carmonta\Desktop\data-centric-cross-season-transfer\datasets\train_on_2025_all\images\GX010665_MP4-0199_jpg.rf.d9815fb8b0f9e0778e0a0c9d9fff28d5.jpg,GX010665_MP4-0199_jpg.rf.d9815fb8b0f9e0778e0a0c9d9fff28d5.jpg,0.7913967967033386
C:\Users\carmonta\Desktop\data-centric-cross-season-transfer\datasets\train_on_2025_all\images\GX010665_MP4-0199_jpg.rf.f57dff5dc4bfee11ae0a6517c4bab2f5.jpg,GX010665_MP4-0199_jpg.rf.f57dff5dc4bfee11ae0a6517c4bab2f5.jpg,0.8326238095760345
C:\Users\carmonta\Desktop\data-centric-cross-season-transfer\datasets\train_on_2025_all\images\GX010665_MP4-0200_jpg.rf.1510087345131349beb283e1722503cd.jpg,GX010665_MP4-0200_jpg.rf.1510087345131349beb283e1722503cd.jpg,0.17668551206588745
C:\Users\carmonta\Desktop\data-centric-cross-season-transfer\datasets\train_on_2025_all\images\GX010665_MP4-0200_jpg.rf.1ec1782021a8fdb0d44954fcf9604ea1.jpg,GX010665_MP4-0200_jpg.rf.1ec1782021a8fdb0d44954fcf9604ea1.jpg,0.17668551206588745
C:\Users\carmonta\Desktop\data-centric-cross-season-transfer\datasets\train_on_2025_all\images\GX010665_MP4-0200_jpg.rf.2a90c08cc055c9dec247650a33b8d67e.jpg,GX010665_MP4-0200_jpg.rf.2a90c08cc055c9dec247650a33b8d67e.jpg,0.7934765815734863
C:\Users\carmonta\Desktop\data-centric-cross-season-transfer\datasets\train_on_2025_all\images\GX010665_MP4-0201_jpg.rf.266d9807796e8adc4db498db5b95b35a.jpg,GX010665_MP4-0201_jpg.rf.266d9807796e8adc4db498db5b95b35a.jpg,0.9135909751057625
C:\Users\carmonta\Desktop\data-centric-cross-season-transfer\datasets\train_on_2025_all\images\GX010665_MP4-0201_jpg.rf.4bb48434db94d3142539798668fc230d.jpg,GX010665_MP4-0201_jpg.rf.4bb48434db94d3142539798668fc230d.jpg,0.8922934979200363
C:\Users\carmonta\Desktop\data-centric-cross-season-transfer\datasets\train_on_2025_all\images\GX010665_MP4-0202_jpg.rf.03c8a1a61fe3dcbd63a7b386baf19abd.jpg,GX010665_MP4-0202_jpg.rf.03c8a1a61fe3dcbd63a7b386baf19abd.jpg,0.16339778900146484
C:\Users\carmonta\Desktop\data-centric-cross-season-transfer\datasets\train_on_2025_all\images\GX010665_MP4-0202_jpg.rf.05707d2d54ce55f3c1d943c063d2d3eb.jpg,GX010665_MP4-0202_jpg.rf.05707d2d54ce55f3c1d943c063d2d3eb.jpg,0.162933349609375
C:\Users\carmonta\Desktop\data-centric-cross-season-transfer\datasets\train_on_2025_all\images\GX010665_MP4-0202_jpg.rf.5d5aa781b58f3ee613939e8ae0949c35.jpg,GX010665_MP4-0202_jpg.rf.5d5aa781b58f3ee613939e8ae0949c35.jpg,0.17046695947647095
C:\Users\carmonta\Desktop\data-centric-cross-season-transfer\datasets\train_on_2025_all\images\GX010665_MP4-0203_jpg.rf.78bea453516a015710eaa82ccc3a54c2.jpg,GX010665_MP4-0203_jpg.rf.78bea453516a015710eaa82ccc3a54c2.jpg,0.9289764687418938
C:\Users\carmonta\Desktop\data-centric-cross-season-transfer\datasets\train_on_2025_all\images\GX010665_MP4-0203_jpg.rf.9544a3d1cb4dff4e1171cc8d130b67ef.jpg,GX010665_MP4-0203_jpg.rf.9544a3d1cb4dff4e1171cc8d130b67ef.jpg,0.9157058522105217
C:\Users\carmonta\Desktop\data-centric-cross-season-transfer\datasets\train_on_2025_all\images\GX010665_MP4-0203_jpg.rf.d3e22227841f0ea8f470b788ccc6d7ea.jpg,GX010665_MP4-0203_jpg.rf.d3e22227841f0ea8f470b788ccc6d7ea.jpg,0.9227809831500053
C:\Users\carmonta\Desktop\data-centric-cross-season-transfer\datasets\train_on_2025_all\images\GX010665_MP4-0204_jpg.rf.3cca15736b52fb746c93926dd06028a1.jpg,GX010665_MP4-0204_jpg.rf.3cca15736b52fb746c93926dd06028a1.jpg,0.9292446225881577
C:\Users\carmonta\Desktop\data-centric-cross-season-transfer\datasets\train_on_2025_all\images\GX010665_MP4-0204_jpg.rf.ac8ec5492aaafe296198564e2560eae7.jpg,GX010665_MP4-0204_jpg.rf.ac8ec5492aaafe296198564e2560eae7.jpg,0.9316863715648651
C:\Users\carmonta\Desktop\data-centric-cross-season-transfer\datasets\train_on_2025_all\images\GX010665_MP4-0204_jpg.rf.f2842c6f9aede336513a094092984662.jpg,GX010665_MP4-0204_jpg.rf.f2842c6f9aede336513a094092984662.jpg,0.931066706776619
C:\Users\carmonta\Desktop\data-centric-cross-season-transfer\datasets\train_on_2025_all\images\GX010665_MP4-0206_jpg.rf.b7a9c0588c3aca78fa42f961fb9e0753.jpg,GX010665_MP4-0206_jpg.rf.b7a9c0588c3aca78fa42f961fb9e0753.jpg,0.9489951431751251
C:\Users\carmonta\Desktop\data-centric-cross-season-transfer\datasets\train_on_2025_all\images\GX010665_MP4-0206_jpg.rf.bb206944953e70c05520e067e0fff09f.jpg,GX010665_MP4-0206_jpg.rf.bb206944953e70c05520e067e0fff09f.jpg,0.9461930654942989
C:\Users\carmonta\Desktop\data-centric-cross-season-transfer\datasets\train_on_2025_all\images\GX010665_MP4-0206_jpg.rf.c60a8c2a59c20a76d85a19f6c6104e52.jpg,GX010665_MP4-0206_jpg.rf.c60a8c2a59c20a76d85a19f6c6104e52.jpg,0.9515876770019531
C:\Users\carmonta\Desktop\data-centric-cross-season-transfer\datasets\train_on_2025_all\images\GX010665_MP4-0207_jpg.rf.5dbbf09c490dbe1b3e2b3b4a13b53f97.jpg,GX010665_MP4-0207_jpg.rf.5dbbf09c490dbe1b3e2b3b4a13b53f97.jpg,0.883215606212616
C:\Users\carmonta\Desktop\data-centric-cross-season-transfer\datasets\train_on_2025_all\images\GX010665_MP4-0207_jpg.rf.9f736959658cadaef52d95e16435fbec.jpg,GX010665_MP4-0207_jpg.rf.9f736959658cadaef52d95e16435fbec.jpg,0.8824866563081741
C:\Users\carmonta\Desktop\data-centric-cross-season-transfer\datasets\train_on_2025_all\images\GX010665_MP4-0207_jpg.rf.c0075c9f80086f1e13480e56e823c192.jpg,GX010665_MP4-0207_jpg.rf.c0075c9f80086f1e13480e56e823c192.jpg,0.8834103271365166
C:\Users\carmonta\Desktop\data-centric-cross-season-transfer\datasets\train_on_2025_all\images\GX010665_MP4-0208_jpg.rf.4924f6e0b1a85ebde063556b6b8938b7.jpg,GX010665_MP4-0208_jpg.rf.4924f6e0b1a85ebde063556b6b8938b7.jpg,0.9188798367977142
C:\Users\carmonta\Desktop\data-centric-cross-season-transfer\datasets\train_on_2025_all\images\GX010665_MP4-0208_jpg.rf.ebbf4f258a7373052afc90b069856681.jpg,GX010665_MP4-0208_jpg.rf.ebbf4f258a7373052afc90b069856681.jpg,0.9310681894421577
C:\Users\carmonta\Desktop\data-centric-cross-season-transfer\datasets\train_on_2025_all\images\GX010665_MP4-0209_jpg.rf.12a599b04ae7bc28cfb14d78be864ea7.jpg,GX010665_MP4-0209_jpg.rf.12a599b04ae7bc28cfb14d78be864ea7.jpg,0.9758413843810558
C:\Users\carmonta\Desktop\data-centric-cross-season-transfer\datasets\train_on_2025_all\images\GX010665_MP4-0209_jpg.rf.8c6f54fd8be58b60d9a6a676587cafbf.jpg,GX010665_MP4-0209_jpg.rf.8c6f54fd8be58b60d9a6a676587cafbf.jpg,0.9807031024247408
C:\Users\carmonta\Desktop\data-centric-cross-season-transfer\datasets\train_on_2025_all\images\GX010665_MP4-0209_jpg.rf.d9af353867212b11c15e7e7db740c563.jpg,GX010665_MP4-0209_jpg.rf.d9af353867212b11c15e7e7db740c563.jpg,0.9844293128699064
C:\Users\carmonta\Desktop\data-centric-cross-season-transfer\datasets\train_on_2025_all\images\GX010665_MP4-0216_jpg.rf.ff97c32aad6a49aeb3da458d7e0d0698.jpg,GX010665_MP4-0216_jpg.rf.ff97c32aad6a49aeb3da458d7e0d0698.jpg,0.6574767827987671
C:\Users\carmonta\Desktop\data-centric-cross-season-transfer\datasets\train_on_2025_all\images\GX010665_MP4-0217_jpg.rf.368f015f501164054a4d9ab7714e14fe.jpg,GX010665_MP4-0217_jpg.rf.368f015f501164054a4d9ab7714e14fe.jpg,0.9958272930234671
C:\Users\carmonta\Desktop\data-centric-cross-season-transfer\datasets\train_on_2025_all\images\GX010665_MP4-0218_jpg.rf.975123a65af100a5dd8a4edec284cf5b.jpg,GX010665_MP4-0218_jpg.rf.975123a65af100a5dd8a4edec284cf5b.jpg,0.998485657852143
C:\Users\carmonta\Desktop\data-centric-cross-season-transfer\datasets\train_on_2025_all\images\GX010665_MP4-0218_jpg.rf.ed042a0f0a6bf65f2bc8c0733add61b4.jpg,GX010665_MP4-0218_jpg.rf.ed042a0f0a6bf65f2bc8c0733add61b4.jpg,0.9981038435362279
C:\Users\carmonta\Desktop\data-centric-cross-season-transfer\datasets\train_on_2025_all\images\GX010665_MP4-0219_jpg.rf.a891000f6f3c089e02b78e3c9243c022.jpg,GX010665_MP4-0219_jpg.rf.a891000f6f3c089e02b78e3c9243c022.jpg,0.9658025465905666
C:\Users\carmonta\Desktop\data-centric-cross-season-transfer\datasets\train_on_2025_all\images\GX010665_MP4-0219_jpg.rf.f8f5dec2b39549188238cb8f2c12bd76.jpg,GX010665_MP4-0219_jpg.rf.f8f5dec2b39549188238cb8f2c12bd76.jpg,0.9692667424678802
C:\Users\carmonta\Desktop\data-centric-cross-season-transfer\datasets\train_on_2025_all\images\GX010665_MP4-0219_jpg.rf.f9539f76ef1b68ad7b951fded966d55c.jpg,GX010665_MP4-0219_jpg.rf.f9539f76ef1b68ad7b951fded966d55c.jpg,0.9623553566634655
C:\Users\carmonta\Desktop\data-centric-cross-season-transfer\datasets\train_on_2025_all\images\GX010665_MP4-0236_jpg.rf.4ea2dc97049ea00d67c2e48736249a64.jpg,GX010665_MP4-0236_jpg.rf.4ea2dc97049ea00d67c2e48736249a64.jpg,0.6797304451465607
C:\Users\carmonta\Desktop\data-centric-cross-season-transfer\datasets\train_on_2025_all\images\GX010665_MP4-0236_jpg.rf.927b70839cd8148961b8baa89ec576c1.jpg,GX010665_MP4-0236_jpg.rf.927b70839cd8148961b8baa89ec576c1.jpg,0.6733293533325195
C:\Users\carmonta\Desktop\data-centric-cross-season-transfer\datasets\train_on_2025_all\images\GX010665_MP4-0236_jpg.rf.ea06d8a6bb49dfd74c5b128ad429656a.jpg,GX010665_MP4-0236_jpg.rf.ea06d8a6bb49dfd74c5b128ad429656a.jpg,0.678770512342453
C:\Users\carmonta\Desktop\data-centric-cross-season-transfer\datasets\train_on_2025_all\images\GX010665_MP4-0237_jpg.rf.15580b6220ee0cce9ed89f87355c4990.jpg,GX010665_MP4-0237_jpg.rf.15580b6220ee0cce9ed89f87355c4990.jpg,0.7374193966388702
C:\Users\carmonta\Desktop\data-centric-cross-season-transfer\datasets\train_on_2025_all\images\GX010665_MP4-0237_jpg.rf.35ebc1cb78607ea5c84ac4f6cc6ba7c4.jpg,GX010665_MP4-0237_jpg.rf.35ebc1cb78607ea5c84ac4f6cc6ba7c4.jpg,0.7372447550296783
C:\Users\carmonta\Desktop\data-centric-cross-season-transfer\datasets\train_on_2025_all\images\GX010665_MP4-0237_jpg.rf.69bb495fb6acd49f14018854256d022b.jpg,GX010665_MP4-0237_jpg.rf.69bb495fb6acd49f14018854256d022b.jpg,0.7348704636096954
C:\Users\carmonta\Desktop\data-centric-cross-season-transfer\datasets\train_on_2025_all\images\GX010665_MP4-0239_jpg.rf.b8634aec46f03d88e9ed06819108a724.jpg,GX010665_MP4-0239_jpg.rf.b8634aec46f03d88e9ed06819108a724.jpg,0.8931681141257286
C:\Users\carmonta\Desktop\data-centric-cross-season-transfer\datasets\train_on_2025_all\images\GX010665_MP4-0240_jpg.rf.16f9723f81df2760ba2a16ceb956d37b.jpg,GX010665_MP4-0240_jpg.rf.16f9723f81df2760ba2a16ceb956d37b.jpg,0.5844359397888184
C:\Users\carmonta\Desktop\data-centric-cross-season-transfer\datasets\train_on_2025_all\images\GX010665_MP4-0240_jpg.rf.3fd8fe09c65254399775a2f4e1855fb8.jpg,GX010665_MP4-0240_jpg.rf.3fd8fe09c65254399775a2f4e1855fb8.jpg,0.17173296213150024
C:\Users\carmonta\Desktop\data-centric-cross-season-transfer\datasets\train_on_2025_all\images\GX010665_MP4-0241_jpg.rf.202e2fcb811ae165fddb0eed24539c91.jpg,GX010665_MP4-0241_jpg.rf.202e2fcb811ae165fddb0eed24539c91.jpg,0.44026273488998413
C:\Users\carmonta\Desktop\data-centric-cross-season-transfer\datasets\train_on_2025_all\images\GX010665_MP4-0241_jpg.rf.d5647a595d773ae10b69dcd9be50b5dc.jpg,GX010665_MP4-0241_jpg.rf.d5647a595d773ae10b69dcd9be50b5dc.jpg,0.4435400366783142
C:\Users\carmonta\Desktop\data-centric-cross-season-transfer\datasets\train_on_2025_all\images\GX010665_MP4-0242_jpg.rf.099af0609506b84cfe8ceb0ce03e5fea.jpg,GX010665_MP4-0242_jpg.rf.099af0609506b84cfe8ceb0ce03e5fea.jpg,0.41997188329696655
C:\Users\carmonta\Desktop\data-centric-cross-season-transfer\datasets\train_on_2025_all\images\GX010665_MP4-0242_jpg.rf.9f3e02a7799c1773616748f80c8e37f2.jpg,GX010665_MP4-0242_jpg.rf.9f3e02a7799c1773616748f80c8e37f2.jpg,0.41997188329696655
C:\Users\carmonta\Desktop\data-centric-cross-season-transfer\datasets\train_on_2025_all\images\GX010665_MP4-0242_jpg.rf.b4adee5c9be57bda728e778236ac67bd.jpg,GX010665_MP4-0242_jpg.rf.b4adee5c9be57bda728e778236ac67bd.jpg,0.42538124322891235
C:\Users\carmonta\Desktop\data-centric-cross-season-transfer\datasets\train_on_2025_all\images\GX010665_MP4-0243_jpg.rf.6eeebe6de543a1eb5dfd1a3b75fd5d0f.jpg,GX010665_MP4-0243_jpg.rf.6eeebe6de543a1eb5dfd1a3b75fd5d0f.jpg,0.3094305992126465
C:\Users\carmonta\Desktop\data-centric-cross-season-transfer\datasets\train_on_2025_all\images\GX010665_MP4-0243_jpg.rf.f2223eb8c91a55f1ddacf7d6933a7ed0.jpg,GX010665_MP4-0243_jpg.rf.f2223eb8c91a55f1ddacf7d6933a7ed0.jpg,0.3164634108543396
C:\Users\carmonta\Desktop\data-centric-cross-season-transfer\datasets\train_on_2025_all\images\GX010665_MP4-0245_jpg.rf.3978e5cc26e906f1d32f037c8d387620.jpg,GX010665_MP4-0245_jpg.rf.3978e5cc26e906f1d32f037c8d387620.jpg,0.39240562915802
C:\Users\carmonta\Desktop\data-centric-cross-season-transfer\datasets\train_on_2025_all\images\GX010665_MP4-0245_jpg.rf.674a237027b585aa3428715300e47230.jpg,GX010665_MP4-0245_jpg.rf.674a237027b585aa3428715300e47230.jpg,0.39014190435409546
C:\Users\carmonta\Desktop\data-centric-cross-season-transfer\datasets\train_on_2025_all\images\GX010665_MP4-0246_jpg.rf.4dfca76c8ef3869a9479f3df9a588ce0.jpg,GX010665_MP4-0246_jpg.rf.4dfca76c8ef3869a9479f3df9a588ce0.jpg,0.17670947313308716
C:\Users\carmonta\Desktop\data-centric-cross-season-transfer\datasets\train_on_2025_all\images\GX010665_MP4-0246_jpg.rf.b8c6bfb1b4817671897e1a1f31e2c87f.jpg,GX010665_MP4-0246_jpg.rf.b8c6bfb1b4817671897e1a1f31e2c87f.jpg,0.38108575344085693
C:\Users\carmonta\Desktop\data-centric-cross-season-transfer\datasets\train_on_2025_all\images\GX010665_MP4-0246_jpg.rf.eb9b336b7cc4fcf9b32cc3c0cbda200d.jpg,GX010665_MP4-0246_jpg.rf.eb9b336b7cc4fcf9b32cc3c0cbda200d.jpg,0.38214850425720215
C:\Users\carmonta\Desktop\data-centric-cross-season-transfer\datasets\train_on_2025_all\images\GX010665_MP4-0247_jpg.rf.3a3b932b5f4547b5d41018f8c8fb028b.jpg,GX010665_MP4-0247_jpg.rf.3a3b932b5f4547b5d41018f8c8fb028b.jpg,0.6471381187438965
C:\Users\carmonta\Desktop\data-centric-cross-season-transfer\datasets\train_on_2025_all\images\GX010665_MP4-0248_jpg.rf.55df4a04ef0f2b4a5d302dba58d64de5.jpg,GX010665_MP4-0248_jpg.rf.55df4a04ef0f2b4a5d302dba58d64de5.jpg,0.7660374492406845
C:\Users\carmonta\Desktop\data-centric-cross-season-transfer\datasets\train_on_2025_all\images\GX010665_MP4-0248_jpg.rf.f6685b50eb0df6f52f8b257421df77b8.jpg,GX010665_MP4-0248_jpg.rf.f6685b50eb0df6f52f8b257421df77b8.jpg,0.8167752474546432
C:\Users\carmonta\Desktop\data-centric-cross-season-transfer\datasets\train_on_2025_all\images\GX010665_MP4-0249_jpg.rf.150cdca07582ddab2b456f7abc51288a.jpg,GX010665_MP4-0249_jpg.rf.150cdca07582ddab2b456f7abc51288a.jpg,0.6152961552143097
C:\Users\carmonta\Desktop\data-centric-cross-season-transfer\datasets\train_on_2025_all\images\GX010665_MP4-0249_jpg.rf.e18cdcf793eabdb4cf2f13967ae074df.jpg,GX010665_MP4-0249_jpg.rf.e18cdcf793eabdb4cf2f13967ae074df.jpg,0.6071711480617523
C:\Users\carmonta\Desktop\data-centric-cross-season-transfer\datasets\train_on_2025_all\images\GX010665_MP4-0251_jpg.rf.30730c87042f23ff371dcdc2b2867497.jpg,GX010665_MP4-0251_jpg.rf.30730c87042f23ff371dcdc2b2867497.jpg,0.5145673155784607
C:\Users\carmonta\Desktop\data-centric-cross-season-transfer\datasets\train_on_2025_all\images\GX010665_MP4-0251_jpg.rf.5dcfdadab813f1094f9845a2c8e3e0f4.jpg,GX010665_MP4-0251_jpg.rf.5dcfdadab813f1094f9845a2c8e3e0f4.jpg,0.538930743932724
C:\Users\carmonta\Desktop\data-centric-cross-season-transfer\datasets\train_on_2025_all\images\GX010665_MP4-0251_jpg.rf.b77145cd89f0ac3af0e439bc1610f228.jpg,GX010665_MP4-0251_jpg.rf.b77145cd89f0ac3af0e439bc1610f228.jpg,0.534157007932663
C:\Users\carmonta\Desktop\data-centric-cross-season-transfer\datasets\train_on_2025_all\images\GX010665_MP4-0252_jpg.rf.50f8975204bae33287dee86660c9633e.jpg,GX010665_MP4-0252_jpg.rf.50f8975204bae33287dee86660c9633e.jpg,0.6621721386909485
C:\Users\carmonta\Desktop\data-centric-cross-season-transfer\datasets\train_on_2025_all\images\GX010665_MP4-0252_jpg.rf.80607bc4f56e8f5e43e3f9be4981da71.jpg,GX010665_MP4-0252_jpg.rf.80607bc4f56e8f5e43e3f9be4981da71.jpg,0.6771758198738098
C:\Users\carmonta\Desktop\data-centric-cross-season-transfer\datasets\train_on_2025_all\images\GX010665_MP4-0252_jpg.rf.cc9fc3f13f65ab6676a8a8664c6f40f0.jpg,GX010665_MP4-0252_jpg.rf.cc9fc3f13f65ab6676a8a8664c6f40f0.jpg,0.661125898361206
C:\Users\carmonta\Desktop\data-centric-cross-season-transfer\datasets\train_on_2025_all\images\GX010665_MP4-0255_jpg.rf.540141cc0649a9b3008c599d31c10155.jpg,GX010665_MP4-0255_jpg.rf.540141cc0649a9b3008c599d31c10155.jpg,0.6421396434307098
C:\Users\carmonta\Desktop\data-centric-cross-season-transfer\datasets\train_on_2025_all\images\GX010665_MP4-0255_jpg.rf.bcb6b956a37b320736bfefbd4f123eb3.jpg,GX010665_MP4-0255_jpg.rf.bcb6b956a37b320736bfefbd4f123eb3.jpg,0.5400656759738922
C:\Users\carmonta\Desktop\data-centric-cross-season-transfer\datasets\train_on_2025_all\images\GX010665_MP4-0255_jpg.rf.c547f44cc69336f02d99eac05606b899.jpg,GX010665_MP4-0255_jpg.rf.c547f44cc69336f02d99eac05606b899.jpg,0.6148236393928528
C:\Users\carmonta\Desktop\data-centric-cross-season-transfer\datasets\train_on_2025_all\images\GX010665_MP4-0256_jpg.rf.a8e93964139ff798895f65dae234696c.jpg,GX010665_MP4-0256_jpg.rf.a8e93964139ff798895f65dae234696c.jpg,0.4502994418144226
C:\Users\carmonta\Desktop\data-centric-cross-season-transfer\datasets\train_on_2025_all\images\GX010665_MP4-0257_jpg.rf.807ed4e24728f0d1b080153c9b6e52e4.jpg,GX010665_MP4-0257_jpg.rf.807ed4e24728f0d1b080153c9b6e52e4.jpg,0.6630557179450989
C:\Users\carmonta\Desktop\data-centric-cross-season-transfer\datasets\train_on_2025_all\images\GX010665_MP4-0257_jpg.rf.eb06aa824ce215d2875cc4c36de4a219.jpg,GX010665_MP4-0257_jpg.rf.eb06aa824ce215d2875cc4c36de4a219.jpg,0.640643298625946
C:\Users\carmonta\Desktop\data-centric-cross-season-transfer\datasets\train_on_2025_all\images\GX010665_MP4-0258_jpg.rf.1f2a37c59f8b8c4f8be3ead0b2e609b1.jpg,GX010665_MP4-0258_jpg.rf.1f2a37c59f8b8c4f8be3ead0b2e609b1.jpg,0.8163024336099625
C:\Users\carmonta\Desktop\data-centric-cross-season-transfer\datasets\train_on_2025_all\images\GX010665_MP4-0258_jpg.rf.ad9be34e75f45267d7e7ce4d1e4477c1.jpg,GX010665_MP4-0258_jpg.rf.ad9be34e75f45267d7e7ce4d1e4477c1.jpg,0.8246037811040878
C:\Users\carmonta\Desktop\data-centric-cross-season-transfer\datasets\train_on_2025_all\images\GX010665_MP4-0265_jpg.rf.b8acd3f7f45211d8cb0e8f43b71a0255.jpg,GX010665_MP4-0265_jpg.rf.b8acd3f7f45211d8cb0e8f43b71a0255.jpg,0.5225712954998016
C:\Users\carmonta\Desktop\data-centric-cross-season-transfer\datasets\train_on_2025_all\images\GX010665_MP4-0265_jpg.rf.dac32cdc01355953045936c7cf6ca89c.jpg,GX010665_MP4-0265_jpg.rf.dac32cdc01355953045936c7cf6ca89c.jpg,0.5212414860725403
C:\Users\carmonta\Desktop\data-centric-cross-season-transfer\datasets\train_on_2025_all\images\GX010665_MP4-0266_jpg.rf.723b871b18890719dd376095fd59f962.jpg,GX010665_MP4-0266_jpg.rf.723b871b18890719dd376095fd59f962.jpg,0.5026059150695801
C:\Users\carmonta\Desktop\data-centric-cross-season-transfer\datasets\train_on_2025_all\images\GX010665_MP4-0267_jpg.rf.5272cd81940dde95f184a96e188516da.jpg,GX010665_MP4-0267_jpg.rf.5272cd81940dde95f184a96e188516da.jpg,0.40936994552612305
C:\Users\carmonta\Desktop\data-centric-cross-season-transfer\datasets\train_on_2025_all\images\GX010665_MP4-0267_jpg.rf.7167bfe5c8551f18b592897b9d2f8a50.jpg,GX010665_MP4-0267_jpg.rf.7167bfe5c8551f18b592897b9d2f8a50.jpg,0.4103366732597351
C:\Users\carmonta\Desktop\data-centric-cross-season-transfer\datasets\train_on_2025_all\images\GX010665_MP4-0267_jpg.rf.89485987d12b7a0b530693b1620f16c4.jpg,GX010665_MP4-0267_jpg.rf.89485987d12b7a0b530693b1620f16c4.jpg,0.4113507866859436
C:\Users\carmonta\Desktop\data-centric-cross-season-transfer\datasets\train_on_2025_all\images\GX010665_MP4-0273_jpg.rf.4cf21211931fb61cb76b45282169ecf2.jpg,GX010665_MP4-0273_jpg.rf.4cf21211931fb61cb76b45282169ecf2.jpg,0.7098036408424377
C:\Users\carmonta\Desktop\data-centric-cross-season-transfer\datasets\train_on_2025_all\images\GX010665_MP4-0273_jpg.rf.5eef8c20f21de228d03ccb06e654c9aa.jpg,GX010665_MP4-0273_jpg.rf.5eef8c20f21de228d03ccb06e654c9aa.jpg,0.6837508082389832
C:\Users\carmonta\Desktop\data-centric-cross-season-transfer\datasets\train_on_2025_all\images\GX010665_MP4-0273_jpg.rf.ded6cce5d639e0ce764c33a90577586d.jpg,GX010665_MP4-0273_jpg.rf.ded6cce5d639e0ce764c33a90577586d.jpg,0.7149129211902618
C:\Users\carmonta\Desktop\data-centric-cross-season-transfer\datasets\train_on_2025_all\images\GX010666_MP4-0004_jpg.rf.9ae19c7f99db4502a95b9fc1ed8e6937.jpg,GX010666_MP4-0004_jpg.rf.9ae19c7f99db4502a95b9fc1ed8e6937.jpg,0.8624826371669769
C:\Users\carmonta\Desktop\data-centric-cross-season-transfer\datasets\train_on_2025_all\images\GX010666_MP4-0005_jpg.rf.9219df7b4228f1797f443045d37f4cf7.jpg,GX010666_MP4-0005_jpg.rf.9219df7b4228f1797f443045d37f4cf7.jpg,0.7780866175889969
C:\Users\carmonta\Desktop\data-centric-cross-season-transfer\datasets\train_on_2025_all\images\GX010666_MP4-0005_jpg.rf.df2bf4e8c9d679466ad9874bc2c7643e.jpg,GX010666_MP4-0005_jpg.rf.df2bf4e8c9d679466ad9874bc2c7643e.jpg,0.7915692627429962
C:\Users\carmonta\Desktop\data-centric-cross-season-transfer\datasets\train_on_2025_all\images\GX010666_MP4-0005_jpg.rf.f632922abcd5f0ef2996ee23caa8f24a.jpg,GX010666_MP4-0005_jpg.rf.f632922abcd5f0ef2996ee23caa8f24a.jpg,0.7923022359609604
C:\Users\carmonta\Desktop\data-centric-cross-season-transfer\datasets\train_on_2025_all\images\GX010666_MP4-0006_jpg.rf.200066aea88e512f00b75e3cac40c744.jpg,GX010666_MP4-0006_jpg.rf.200066aea88e512f00b75e3cac40c744.jpg,0.838061511516571
C:\Users\carmonta\Desktop\data-centric-cross-season-transfer\datasets\train_on_2025_all\images\GX010666_MP4-0006_jpg.rf.7b6ead4d7774b0916f05b69b5e8c84c9.jpg,GX010666_MP4-0006_jpg.rf.7b6ead4d7774b0916f05b69b5e8c84c9.jpg,0.8139276206493378
C:\Users\carmonta\Desktop\data-centric-cross-season-transfer\datasets\train_on_2025_all\images\GX010666_MP4-0006_jpg.rf.ab90481ebe01c77de019c33e349d26ab.jpg,GX010666_MP4-0006_jpg.rf.ab90481ebe01c77de019c33e349d26ab.jpg,0.7975755929946899
C:\Users\carmonta\Desktop\data-centric-cross-season-transfer\datasets\train_on_2025_all\images\GX010666_MP4-0007_jpg.rf.07f9150a3eea3dc150887e7005747e21.jpg,GX010666_MP4-0007_jpg.rf.07f9150a3eea3dc150887e7005747e21.jpg,0.5685167014598846
C:\Users\carmonta\Desktop\data-centric-cross-season-transfer\datasets\train_on_2025_all\images\GX010666_MP4-0007_jpg.rf.381d56218cdaf4f822b881b6c23972b3.jpg,GX010666_MP4-0007_jpg.rf.381d56218cdaf4f822b881b6c23972b3.jpg,0.5984101891517639
C:\Users\carmonta\Desktop\data-centric-cross-season-transfer\datasets\train_on_2025_all\images\GX010666_MP4-0007_jpg.rf.6b820df671dd91e746ab9a48024fd966.jpg,GX010666_MP4-0007_jpg.rf.6b820df671dd91e746ab9a48024fd966.jpg,0.4578658938407898
C:\Users\carmonta\Desktop\data-centric-cross-season-transfer\datasets\train_on_2025_all\images\GX010666_MP4-0008_jpg.rf.7678ea1d329436128f04c19ddc364a92.jpg,GX010666_MP4-0008_jpg.rf.7678ea1d329436128f04c19ddc364a92.jpg,0.43547606468200684
C:\Users\carmonta\Desktop\data-centric-cross-season-transfer\datasets\train_on_2025_all\images\GX010666_MP4-0008_jpg.rf.f9511d50029dabb89e781d0ce0ab12c9.jpg,GX010666_MP4-0008_jpg.rf.f9511d50029dabb89e781d0ce0ab12c9.jpg,0.4350898861885071
C:\Users\carmonta\Desktop\data-centric-cross-season-transfer\datasets\train_on_2025_all\images\GX010666_MP4-0009_jpg.rf.107f19eb9ccded2179fb921e1db07964.jpg,GX010666_MP4-0009_jpg.rf.107f19eb9ccded2179fb921e1db07964.jpg,0.14968812465667725
C:\Users\carmonta\Desktop\data-centric-cross-season-transfer\datasets\train_on_2025_all\images\GX010666_MP4-0010_jpg.rf.0cb6a80b2afec98deef20a7b61fa7fab.jpg,GX010666_MP4-0010_jpg.rf.0cb6a80b2afec98deef20a7b61fa7fab.jpg,0.7154313027858734
C:\Users\carmonta\Desktop\data-centric-cross-season-transfer\datasets\train_on_2025_all\images\GX010666_MP4-0010_jpg.rf.2a7f11fccb666a70c086e1b061e18b32.jpg,GX010666_MP4-0010_jpg.rf.2a7f11fccb666a70c086e1b061e18b32.jpg,0.6903262436389923
C:\Users\carmonta\Desktop\data-centric-cross-season-transfer\datasets\train_on_2025_all\images\GX010666_MP4-0010_jpg.rf.a1ff9d3a3a212163394ff1c7d31b10d6.jpg,GX010666_MP4-0010_jpg.rf.a1ff9d3a3a212163394ff1c7d31b10d6.jpg,0.6906253695487976
C:\Users\carmonta\Desktop\data-centric-cross-season-transfer\datasets\train_on_2025_all\images\GX010666_MP4-0011_jpg.rf.075c2b38ca27305d448e7885f945cedb.jpg,GX010666_MP4-0011_jpg.rf.075c2b38ca27305d448e7885f945cedb.jpg,0.6168994307518005
C:\Users\carmonta\Desktop\data-centric-cross-season-transfer\datasets\train_on_2025_all\images\GX010666_MP4-0011_jpg.rf.63bec81c1d706a3f75fffbd5ce49afea.jpg,GX010666_MP4-0011_jpg.rf.63bec81c1d706a3f75fffbd5ce49afea.jpg,0.5971206426620483
C:\Users\carmonta\Desktop\data-centric-cross-season-transfer\datasets\train_on_2025_all\images\GX010666_MP4-0011_jpg.rf.e1d113346cb96861515aa304cf11c08d.jpg,GX010666_MP4-0011_jpg.rf.e1d113346cb96861515aa304cf11c08d.jpg,0.5730893313884735
C:\Users\carmonta\Desktop\data-centric-cross-season-transfer\datasets\train_on_2025_all\images\GX010666_MP4-0015_jpg.rf.5cd33ac4f294388b07202720f4a29287.jpg,GX010666_MP4-0015_jpg.rf.5cd33ac4f294388b07202720f4a29287.jpg,0.6428823173046112
C:\Users\carmonta\Desktop\data-centric-cross-season-transfer\datasets\train_on_2025_all\images\GX010666_MP4-0015_jpg.rf.b662e0f1ef6877ae3eff94e93be2086c.jpg,GX010666_MP4-0015_jpg.rf.b662e0f1ef6877ae3eff94e93be2086c.jpg,0.4980694055557251
C:\Users\carmonta\Desktop\data-centric-cross-season-transfer\datasets\train_on_2025_all\images\GX010666_MP4-0015_jpg.rf.d0d4e797f2e4ee7a7c8fe4362d0291ed.jpg,GX010666_MP4-0015_jpg.rf.d0d4e797f2e4ee7a7c8fe4362d0291ed.jpg,0.4989146590232849
C:\Users\carmonta\Desktop\data-centric-cross-season-transfer\datasets\train_on_2025_all\images\GX010666_MP4-0016_jpg.rf.a5b02752ca657dbc572f7fb65d1f9b5a.jpg,GX010666_MP4-0016_jpg.rf.a5b02752ca657dbc572f7fb65d1f9b5a.jpg,0.5259871482849121
C:\Users\carmonta\Desktop\data-centric-cross-season-transfer\datasets\train_on_2025_all\images\GX010666_MP4-0016_jpg.rf.e0760cbbbedb6fead0abd236928de608.jpg,GX010666_MP4-0016_jpg.rf.e0760cbbbedb6fead0abd236928de608.jpg,0.5223573744297028
C:\Users\carmonta\Desktop\data-centric-cross-season-transfer\datasets\train_on_2025_all\images\GX010666_MP4-0016_jpg.rf.efee1c476928cd2f83d58aeaf2829c4b.jpg,GX010666_MP4-0016_jpg.rf.efee1c476928cd2f83d58aeaf2829c4b.jpg,0.5321405827999115
C:\Users\carmonta\Desktop\data-centric-cross-season-transfer\datasets\train_on_2025_all\images\GX010666_MP4-0017_jpg.rf.49f22848cf617103b755dd9afd775c82.jpg,GX010666_MP4-0017_jpg.rf.49f22848cf617103b755dd9afd775c82.jpg,0.3558635115623474
C:\Users\carmonta\Desktop\data-centric-cross-season-transfer\datasets\train_on_2025_all\images\GX010666_MP4-0017_jpg.rf.87de5837b9e20c97c615b39c19d43986.jpg,GX010666_MP4-0017_jpg.rf.87de5837b9e20c97c615b39c19d43986.jpg,0.356641948223114
C:\Users\carmonta\Desktop\data-centric-cross-season-transfer\datasets\train_on_2025_all\images\GX010666_MP4-0017_jpg.rf.bf2fb0fdbc22a5705e69271937105032.jpg,GX010666_MP4-0017_jpg.rf.bf2fb0fdbc22a5705e69271937105032.jpg,0.35582566261291504
C:\Users\carmonta\Desktop\data-centric-cross-season-transfer\datasets\train_on_2025_all\images\GX010666_MP4-0018_jpg.rf.0445994d5fdb65e26e2392ef2e526ee1.jpg,GX010666_MP4-0018_jpg.rf.0445994d5fdb65e26e2392ef2e526ee1.jpg,0.7774097919464111
C:\Users\carmonta\Desktop\data-centric-cross-season-transfer\datasets\train_on_2025_all\images\GX010666_MP4-0018_jpg.rf.7dd10511b38e4399d6effaf552d63dc1.jpg,GX010666_MP4-0018_jpg.rf.7dd10511b38e4399d6effaf552d63dc1.jpg,0.792242243885994
C:\Users\carmonta\Desktop\data-centric-cross-season-transfer\datasets\train_on_2025_all\images\GX010666_MP4-0019_jpg.rf.7abb24a4732a7b17a543cc92740fd208.jpg,GX010666_MP4-0019_jpg.rf.7abb24a4732a7b17a543cc92740fd208.jpg,0.9028505310416222
C:\Users\carmonta\Desktop\data-centric-cross-season-transfer\datasets\train_on_2025_all\images\GX010666_MP4-0019_jpg.rf.c16b29e6557101ef7e3ccc4521289381.jpg,GX010666_MP4-0019_jpg.rf.c16b29e6557101ef7e3ccc4521289381.jpg,0.8841659352183342
C:\Users\carmonta\Desktop\data-centric-cross-season-transfer\datasets\train_on_2025_all\images\GX010666_MP4-0019_jpg.rf.e1d6fe71155e0a81e0c8c75b6232c496.jpg,GX010666_MP4-0019_jpg.rf.e1d6fe71155e0a81e0c8c75b6232c496.jpg,0.8874984905123711
C:\Users\carmonta\Desktop\data-centric-cross-season-transfer\datasets\train_on_2025_all\images\GX010666_MP4-0020_jpg.rf.92fc71f3e1a2f1cf9d20004d011a30c7.jpg,GX010666_MP4-0020_jpg.rf.92fc71f3e1a2f1cf9d20004d011a30c7.jpg,0.22595125436782837
C:\Users\carmonta\Desktop\data-centric-cross-season-transfer\datasets\train_on_2025_all\images\GX010666_MP4-0021_jpg.rf.30c1cd81b0c1c1b7d3c98202b1169668.jpg,GX010666_MP4-0021_jpg.rf.30c1cd81b0c1c1b7d3c98202b1169668.jpg,0.8682928830385208
C:\Users\carmonta\Desktop\data-centric-cross-season-transfer\datasets\train_on_2025_all\images\GX010666_MP4-0021_jpg.rf.7d86bc9cc881df8baa9d38e347c23c3e.jpg,GX010666_MP4-0021_jpg.rf.7d86bc9cc881df8baa9d38e347c23c3e.jpg,0.822306901216507
C:\Users\carmonta\Desktop\data-centric-cross-season-transfer\datasets\train_on_2025_all\images\GX010666_MP4-0021_jpg.rf.fb5bed7f27a463a4ee338c7cd1a8937d.jpg,GX010666_MP4-0021_jpg.rf.fb5bed7f27a463a4ee338c7cd1a8937d.jpg,0.7938720434904099
C:\Users\carmonta\Desktop\data-centric-cross-season-transfer\datasets\train_on_2025_all\images\GX010666_MP4-0022_jpg.rf.2baeca9c63bafbf93bc292938057bdbe.jpg,GX010666_MP4-0022_jpg.rf.2baeca9c63bafbf93bc292938057bdbe.jpg,0.19010311365127563
C:\Users\carmonta\Desktop\data-centric-cross-season-transfer\datasets\train_on_2025_all\images\GX010666_MP4-0022_jpg.rf.4869d5171fbdbf82ae118102762eebda.jpg,GX010666_MP4-0022_jpg.rf.4869d5171fbdbf82ae118102762eebda.jpg,0.1896468997001648
C:\Users\carmonta\Desktop\data-centric-cross-season-transfer\datasets\train_on_2025_all\images\GX010666_MP4-0022_jpg.rf.7efefb54ce31a0be1af808ea39a345af.jpg,GX010666_MP4-0022_jpg.rf.7efefb54ce31a0be1af808ea39a345af.jpg,0.19101297855377197
C:\Users\carmonta\Desktop\data-centric-cross-season-transfer\datasets\train_on_2025_all\images\GX010666_MP4-0023_jpg.rf.078cd5f2f16450898f9dc5405a76ab9f.jpg,GX010666_MP4-0023_jpg.rf.078cd5f2f16450898f9dc5405a76ab9f.jpg,0.7954804599285126
C:\Users\carmonta\Desktop\data-centric-cross-season-transfer\datasets\train_on_2025_all\images\GX010666_MP4-0023_jpg.rf.c4503222feffe11366cec7c3faf0e871.jpg,GX010666_MP4-0023_jpg.rf.c4503222feffe11366cec7c3faf0e871.jpg,0.7973224222660065
C:\Users\carmonta\Desktop\data-centric-cross-season-transfer\datasets\train_on_2025_all\images\GX010666_MP4-0023_jpg.rf.dbe11c5411753d3a400a27e66093cb65.jpg,GX010666_MP4-0023_jpg.rf.dbe11c5411753d3a400a27e66093cb65.jpg,0.7963923513889313
C:\Users\carmonta\Desktop\data-centric-cross-season-transfer\datasets\train_on_2025_all\images\GX010666_MP4-0024_jpg.rf.51fb474a33f0d38e9df83cc997d1e071.jpg,GX010666_MP4-0024_jpg.rf.51fb474a33f0d38e9df83cc997d1e071.jpg,0.1596451997756958
C:\Users\carmonta\Desktop\data-centric-cross-season-transfer\datasets\train_on_2025_all\images\GX010666_MP4-0024_jpg.rf.52272b5299eb6e1b7ce44e804e281be7.jpg,GX010666_MP4-0024_jpg.rf.52272b5299eb6e1b7ce44e804e281be7.jpg,0.1589115858078003
C:\Users\carmonta\Desktop\data-centric-cross-season-transfer\datasets\train_on_2025_all\images\GX010666_MP4-0024_jpg.rf.e804dfc54d651732b133faf38987e5d7.jpg,GX010666_MP4-0024_jpg.rf.e804dfc54d651732b133faf38987e5d7.jpg,0.15884435176849365
C:\Users\carmonta\Desktop\data-centric-cross-season-transfer\datasets\train_on_2025_all\images\GX010666_MP4-0025_jpg.rf.ae0fbb4bbfc858fb4849fee0deecad5f.jpg,GX010666_MP4-0025_jpg.rf.ae0fbb4bbfc858fb4849fee0deecad5f.jpg,0.16251707077026367
C:\Users\carmonta\Desktop\data-centric-cross-season-transfer\datasets\train_on_2025_all\images\GX010666_MP4-0042_jpg.rf.30daa36d47f0e181f5ec0fa1bf476824.jpg,GX010666_MP4-0042_jpg.rf.30daa36d47f0e181f5ec0fa1bf476824.jpg,0.720490038394928
C:\Users\carmonta\Desktop\data-centric-cross-season-transfer\datasets\train_on_2025_all\images\GX010666_MP4-0042_jpg.rf.47b0b83b054a4d885897ed996760c78c.jpg,GX010666_MP4-0042_jpg.rf.47b0b83b054a4d885897ed996760c78c.jpg,0.6479226052761078
C:\Users\carmonta\Desktop\data-centric-cross-season-transfer\datasets\train_on_2025_all\images\GX010666_MP4-0043_jpg.rf.0f5375f5d811bedfe2bee274023eeff3.jpg,GX010666_MP4-0043_jpg.rf.0f5375f5d811bedfe2bee274023eeff3.jpg,0.16019833087921143
C:\Users\carmonta\Desktop\data-centric-cross-season-transfer\datasets\train_on_2025_all\images\GX010666_MP4-0043_jpg.rf.36d7189bd46e8aa7ff9a50e26b976be5.jpg,GX010666_MP4-0043_jpg.rf.36d7189bd46e8aa7ff9a50e26b976be5.jpg,0.15917575359344482
C:\Users\carmonta\Desktop\data-centric-cross-season-transfer\datasets\train_on_2025_all\images\GX010666_MP4-0043_jpg.rf.acf61b3f8895606af5c26bbab0fde9e6.jpg,GX010666_MP4-0043_jpg.rf.acf61b3f8895606af5c26bbab0fde9e6.jpg,0.15935146808624268
C:\Users\carmonta\Desktop\data-centric-cross-season-transfer\datasets\train_on_2025_all\images\GX010666_MP4-0044_jpg.rf.1a93f2c527186d9c59590da3ee0dc76e.jpg,GX010666_MP4-0044_jpg.rf.1a93f2c527186d9c59590da3ee0dc76e.jpg,0.9196808859705925
C:\Users\carmonta\Desktop\data-centric-cross-season-transfer\datasets\train_on_2025_all\images\GX010666_MP4-0044_jpg.rf.5c584fd873e5d7ef0c64e1c1171e2e64.jpg,GX010666_MP4-0044_jpg.rf.5c584fd873e5d7ef0c64e1c1171e2e64.jpg,0.9259779825806618
C:\Users\carmonta\Desktop\data-centric-cross-season-transfer\datasets\train_on_2025_all\images\GX010666_MP4-0045_jpg.rf.93e3835ebda75f6e407a8dbbce6139a4.jpg,GX010666_MP4-0045_jpg.rf.93e3835ebda75f6e407a8dbbce6139a4.jpg,0.7371228039264679
C:\Users\carmonta\Desktop\data-centric-cross-season-transfer\datasets\train_on_2025_all\images\GX010666_MP4-0045_jpg.rf.9dd6103a217a7bb8d9f04d3881890a9e.jpg,GX010666_MP4-0045_jpg.rf.9dd6103a217a7bb8d9f04d3881890a9e.jpg,0.7239316403865814
C:\Users\carmonta\Desktop\data-centric-cross-season-transfer\datasets\train_on_2025_all\images\GX010666_MP4-0046_jpg.rf.af2b7403e1dc54d0c21fa82bb4216860.jpg,GX010666_MP4-0046_jpg.rf.af2b7403e1dc54d0c21fa82bb4216860.jpg,0.9154099971055984
C:\Users\carmonta\Desktop\data-centric-cross-season-transfer\datasets\train_on_2025_all\images\GX010666_MP4-0046_jpg.rf.f56f813620d9c47e89973f06acb9ffb3.jpg,GX010666_MP4-0046_jpg.rf.f56f813620d9c47e89973f06acb9ffb3.jpg,0.9148259311914444
C:\Users\carmonta\Desktop\data-centric-cross-season-transfer\datasets\train_on_2025_all\images\GX010666_MP4-0055_jpg.rf.14d3e5b191560a22289c2a9c9deeefb9.jpg,GX010666_MP4-0055_jpg.rf.14d3e5b191560a22289c2a9c9deeefb9.jpg,0.596579521894455
C:\Users\carmonta\Desktop\data-centric-cross-season-transfer\datasets\train_on_2025_all\images\GX010666_MP4-0055_jpg.rf.6887713607d21251e80fc7815f9b5c63.jpg,GX010666_MP4-0055_jpg.rf.6887713607d21251e80fc7815f9b5c63.jpg,0.5973888039588928
C:\Users\carmonta\Desktop\data-centric-cross-season-transfer\datasets\train_on_2025_all\images\GX010666_MP4-0055_jpg.rf.d88b3710a45a71237583c75fa19f598e.jpg,GX010666_MP4-0055_jpg.rf.d88b3710a45a71237583c75fa19f598e.jpg,0.5979426205158234
C:\Users\carmonta\Desktop\data-centric-cross-season-transfer\datasets\train_on_2025_all\images\GX010666_MP4-0056_jpg.rf.159ea6c89ccd6641678684719e521167.jpg,GX010666_MP4-0056_jpg.rf.159ea6c89ccd6641678684719e521167.jpg,0.18764758110046387
C:\Users\carmonta\Desktop\data-centric-cross-season-transfer\datasets\train_on_2025_all\images\GX010666_MP4-0056_jpg.rf.cc1d520e3b59105d347aba5d156bc721.jpg,GX010666_MP4-0056_jpg.rf.cc1d520e3b59105d347aba5d156bc721.jpg,0.18764442205429077
C:\Users\carmonta\Desktop\data-centric-cross-season-transfer\datasets\train_on_2025_all\images\GX010666_MP4-0056_jpg.rf.e20ea62cf053b908dcc9208ea3439218.jpg,GX010666_MP4-0056_jpg.rf.e20ea62cf053b908dcc9208ea3439218.jpg,0.18925589323043823
C:\Users\carmonta\Desktop\data-centric-cross-season-transfer\datasets\train_on_2025_all\images\GX010666_MP4-0057_jpg.rf.7982ec145fc5313466a6c186be97264e.jpg,GX010666_MP4-0057_jpg.rf.7982ec145fc5313466a6c186be97264e.jpg,0.8650874942541122
C:\Users\carmonta\Desktop\data-centric-cross-season-transfer\datasets\train_on_2025_all\images\GX010666_MP4-0062_jpg.rf.390ecd914d57a1dc6adf9647627dd189.jpg,GX010666_MP4-0062_jpg.rf.390ecd914d57a1dc6adf9647627dd189.jpg,0.9976181397214532
C:\Users\carmonta\Desktop\data-centric-cross-season-transfer\datasets\train_on_2025_all\images\GX010666_MP4-0062_jpg.rf.80601f24b4ab955914311dc6270bf95a.jpg,GX010666_MP4-0062_jpg.rf.80601f24b4ab955914311dc6270bf95a.jpg,0.9972770274616778
C:\Users\carmonta\Desktop\data-centric-cross-season-transfer\datasets\train_on_2025_all\images\GX010666_MP4-0062_jpg.rf.f27a50efde63a79aa43636b80ba71a2c.jpg,GX010666_MP4-0062_jpg.rf.f27a50efde63a79aa43636b80ba71a2c.jpg,0.9975104318000376
C:\Users\carmonta\Desktop\data-centric-cross-season-transfer\datasets\train_on_2025_all\images\GX010666_MP4-0083_jpg.rf.1138a40269e7bbc40c983917a1390fe8.jpg,GX010666_MP4-0083_jpg.rf.1138a40269e7bbc40c983917a1390fe8.jpg,0.48004698753356934
C:\Users\carmonta\Desktop\data-centric-cross-season-transfer\datasets\train_on_2025_all\images\GX010666_MP4-0084_jpg.rf.74294207b8862362e4d6f67afe9e3349.jpg,GX010666_MP4-0084_jpg.rf.74294207b8862362e4d6f67afe9e3349.jpg,0.727958470582962
C:\Users\carmonta\Desktop\data-centric-cross-season-transfer\datasets\train_on_2025_all\images\GX010666_MP4-0084_jpg.rf.c299a36622e097a70a3ad48c042e2186.jpg,GX010666_MP4-0084_jpg.rf.c299a36622e097a70a3ad48c042e2186.jpg,0.7281109392642975
C:\Users\carmonta\Desktop\data-centric-cross-season-transfer\datasets\train_on_2025_all\images\GX010666_MP4-0084_jpg.rf.fe79f9f70c1b1bfd5c9c1988b2b998bd.jpg,GX010666_MP4-0084_jpg.rf.fe79f9f70c1b1bfd5c9c1988b2b998bd.jpg,0.7287930846214294
C:\Users\carmonta\Desktop\data-centric-cross-season-transfer\datasets\train_on_2025_all\images\GX010666_MP4-0085_jpg.rf.a22e269a270fda86bbf3a65f7d2e162e.jpg,GX010666_MP4-0085_jpg.rf.a22e269a270fda86bbf3a65f7d2e162e.jpg,0.890256479382515
C:\Users\carmonta\Desktop\data-centric-cross-season-transfer\datasets\train_on_2025_all\images\GX010666_MP4-0085_jpg.rf.aebb00ce57c072c0ae7aa8dcc3ae27e4.jpg,GX010666_MP4-0085_jpg.rf.aebb00ce57c072c0ae7aa8dcc3ae27e4.jpg,0.8973060622811317
C:\Users\carmonta\Desktop\data-centric-cross-season-transfer\datasets\train_on_2025_all\images\GX010666_MP4-0086_jpg.rf.08f2db355c569a0055a72d12600e64e1.jpg,GX010666_MP4-0086_jpg.rf.08f2db355c569a0055a72d12600e64e1.jpg,0.8024851977825165
C:\Users\carmonta\Desktop\data-centric-cross-season-transfer\datasets\train_on_2025_all\images\GX010666_MP4-0086_jpg.rf.e2bdba34a2c926e20e4f898eb2e684cb.jpg,GX010666_MP4-0086_jpg.rf.e2bdba34a2c926e20e4f898eb2e684cb.jpg,0.8018950968980789
C:\Users\carmonta\Desktop\data-centric-cross-season-transfer\datasets\train_on_2025_all\images\GX010666_MP4-0087_jpg.rf.08bb1cc71334cb643c3946fb14cdea4b.jpg,GX010666_MP4-0087_jpg.rf.08bb1cc71334cb643c3946fb14cdea4b.jpg,0.6994839310646057
C:\Users\carmonta\Desktop\data-centric-cross-season-transfer\datasets\train_on_2025_all\images\GX010666_MP4-0087_jpg.rf.7d105add78b8c569c9e1361044b9fa8f.jpg,GX010666_MP4-0087_jpg.rf.7d105add78b8c569c9e1361044b9fa8f.jpg,0.7670846730470657
C:\Users\carmonta\Desktop\data-centric-cross-season-transfer\datasets\train_on_2025_all\images\GX010666_MP4-0087_jpg.rf.fde8318ddef6f1508df32ed68db23926.jpg,GX010666_MP4-0087_jpg.rf.fde8318ddef6f1508df32ed68db23926.jpg,0.7408813834190369
C:\Users\carmonta\Desktop\data-centric-cross-season-transfer\datasets\train_on_2025_all\images\GX010666_MP4-0088_jpg.rf.0a70f0082a62ca640283c2aae507b54e.jpg,GX010666_MP4-0088_jpg.rf.0a70f0082a62ca640283c2aae507b54e.jpg,0.7904966175556183
C:\Users\carmonta\Desktop\data-centric-cross-season-transfer\datasets\train_on_2025_all\images\GX010666_MP4-0088_jpg.rf.72e822e70d71675a03e723d3f56268a6.jpg,GX010666_MP4-0088_jpg.rf.72e822e70d71675a03e723d3f56268a6.jpg,0.7937035113573074
C:\Users\carmonta\Desktop\data-centric-cross-season-transfer\datasets\train_on_2025_all\images\GX010666_MP4-0088_jpg.rf.f0add35f57d96e601dd3355192fa9722.jpg,GX010666_MP4-0088_jpg.rf.f0add35f57d96e601dd3355192fa9722.jpg,0.8119405657052994
C:\Users\carmonta\Desktop\data-centric-cross-season-transfer\datasets\train_on_2025_all\images\GX010666_MP4-0089_jpg.rf.649eb6b06ebef2c703a9b301aab8fd48.jpg,GX010666_MP4-0089_jpg.rf.649eb6b06ebef2c703a9b301aab8fd48.jpg,0.5712874829769135
C:\Users\carmonta\Desktop\data-centric-cross-season-transfer\datasets\train_on_2025_all\images\GX010666_MP4-0089_jpg.rf.8d1b03aac552dd7ce192573f1d09842f.jpg,GX010666_MP4-0089_jpg.rf.8d1b03aac552dd7ce192573f1d09842f.jpg,0.4289148449897766
C:\Users\carmonta\Desktop\data-centric-cross-season-transfer\datasets\train_on_2025_all\images\GX010666_MP4-0089_jpg.rf.fcda23c0c7f4b06a144f7985940cf88d.jpg,GX010666_MP4-0089_jpg.rf.fcda23c0c7f4b06a144f7985940cf88d.jpg,0.4289148449897766
C:\Users\carmonta\Desktop\data-centric-cross-season-transfer\datasets\train_on_2025_all\images\GX010666_MP4-0091_jpg.rf.72492f592e957fe2702cb9cf8068903b.jpg,GX010666_MP4-0091_jpg.rf.72492f592e957fe2702cb9cf8068903b.jpg,0.1476118564605713
C:\Users\carmonta\Desktop\data-centric-cross-season-transfer\datasets\train_on_2025_all\images\GX010666_MP4-0091_jpg.rf.84c907624e97546e739cbf56271da155.jpg,GX010666_MP4-0091_jpg.rf.84c907624e97546e739cbf56271da155.jpg,0.14492332935333252
C:\Users\carmonta\Desktop\data-centric-cross-season-transfer\datasets\train_on_2025_all\images\GX010666_MP4-0091_jpg.rf.a3ef64d67a5eecd6ed0caf00ec745381.jpg,GX010666_MP4-0091_jpg.rf.a3ef64d67a5eecd6ed0caf00ec745381.jpg,0.6576862931251526
C:\Users\carmonta\Desktop\data-centric-cross-season-transfer\datasets\train_on_2025_all\images\GX010666_MP4-0092_jpg.rf.2e8b876a83a0b31ec37b3fdcfbdae75d.jpg,GX010666_MP4-0092_jpg.rf.2e8b876a83a0b31ec37b3fdcfbdae75d.jpg,0.14570337533950806
C:\Users\carmonta\Desktop\data-centric-cross-season-transfer\datasets\train_on_2025_all\images\GX010666_MP4-0092_jpg.rf.96bc52f6c57e9b36a0d0f92fb4d4b8b9.jpg,GX010666_MP4-0092_jpg.rf.96bc52f6c57e9b36a0d0f92fb4d4b8b9.jpg,0.145588219165802
C:\Users\carmonta\Desktop\data-centric-cross-season-transfer\datasets\train_on_2025_all\images\GX010666_MP4-0093_jpg.rf.4ed3f3c95044bf210cd3c1bcb6a83dc0.jpg,GX010666_MP4-0093_jpg.rf.4ed3f3c95044bf210cd3c1bcb6a83dc0.jpg,0.784281462430954
C:\Users\carmonta\Desktop\data-centric-cross-season-transfer\datasets\train_on_2025_all\images\GX010666_MP4-0093_jpg.rf.616520198877d4de27d3252def3cb882.jpg,GX010666_MP4-0093_jpg.rf.616520198877d4de27d3252def3cb882.jpg,0.7136132419109344
C:\Users\carmonta\Desktop\data-centric-cross-season-transfer\datasets\train_on_2025_all\images\GX010666_MP4-0093_jpg.rf.a7469f3430afb849ce370a623c2f9968.jpg,GX010666_MP4-0093_jpg.rf.a7469f3430afb849ce370a623c2f9968.jpg,0.7846426367759705
C:\Users\carmonta\Desktop\data-centric-cross-season-transfer\datasets\train_on_2025_all\images\GX010666_MP4-0097_jpg.rf.0c95b7ed59e77795519b8e31ff541a53.jpg,GX010666_MP4-0097_jpg.rf.0c95b7ed59e77795519b8e31ff541a53.jpg,0.5882030725479126
C:\Users\carmonta\Desktop\data-centric-cross-season-transfer\datasets\train_on_2025_all\images\GX010666_MP4-0097_jpg.rf.7146863966a15f31abef1f6055438ffe.jpg,GX010666_MP4-0097_jpg.rf.7146863966a15f31abef1f6055438ffe.jpg,0.5883269309997559
C:\Users\carmonta\Desktop\data-centric-cross-season-transfer\datasets\train_on_2025_all\images\GX010666_MP4-0100_jpg.rf.502fdff33c1c263cd859045822530126.jpg,GX010666_MP4-0100_jpg.rf.502fdff33c1c263cd859045822530126.jpg,0.5677075386047363
C:\Users\carmonta\Desktop\data-centric-cross-season-transfer\datasets\train_on_2025_all\images\GX010666_MP4-0100_jpg.rf.93182386893c35ca15f2a6e57d022623.jpg,GX010666_MP4-0100_jpg.rf.93182386893c35ca15f2a6e57d022623.jpg,0.13744676113128662
C:\Users\carmonta\Desktop\data-centric-cross-season-transfer\datasets\train_on_2025_all\images\GX010666_MP4-0101_jpg.rf.25c3654462a1f7064bd6fa2e85241e89.jpg,GX010666_MP4-0101_jpg.rf.25c3654462a1f7064bd6fa2e85241e89.jpg,0.7109335958957672
C:\Users\carmonta\Desktop\data-centric-cross-season-transfer\datasets\train_on_2025_all\images\GX010666_MP4-0101_jpg.rf.9956ad351bc6cec7176b72e3bdd225a4.jpg,GX010666_MP4-0101_jpg.rf.9956ad351bc6cec7176b72e3bdd225a4.jpg,0.7112119495868683
C:\Users\carmonta\Desktop\data-centric-cross-season-transfer\datasets\train_on_2025_all\images\GX010666_MP4-0101_jpg.rf.c7894974f6bd06f902fa178e3caf7e07.jpg,GX010666_MP4-0101_jpg.rf.c7894974f6bd06f902fa178e3caf7e07.jpg,0.7110651731491089
C:\Users\carmonta\Desktop\data-centric-cross-season-transfer\datasets\train_on_2025_all\images\GX010666_MP4-0105_jpg.rf.3a3c59158503fec4edacbb59584dc227.jpg,GX010666_MP4-0105_jpg.rf.3a3c59158503fec4edacbb59584dc227.jpg,0.9013836681842804
C:\Users\carmonta\Desktop\data-centric-cross-season-transfer\datasets\train_on_2025_all\images\GX010666_MP4-0105_jpg.rf.e99df6f0e1741e8b1a39afd5e11017f8.jpg,GX010666_MP4-0105_jpg.rf.e99df6f0e1741e8b1a39afd5e11017f8.jpg,0.9015942737460136
C:\Users\carmonta\Desktop\data-centric-cross-season-transfer\datasets\train_on_2025_all\images\GX010666_MP4-0105_jpg.rf.f12b8bd6b3e0e017e8389b137f37e073.jpg,GX010666_MP4-0105_jpg.rf.f12b8bd6b3e0e017e8389b137f37e073.jpg,0.9011300876736641
C:\Users\carmonta\Desktop\data-centric-cross-season-transfer\datasets\train_on_2025_all\images\GX010666_MP4-0106_jpg.rf.18ec1c13692396dcb4c069714c85e2e6.jpg,GX010666_MP4-0106_jpg.rf.18ec1c13692396dcb4c069714c85e2e6.jpg,0.178899347782135
C:\Users\carmonta\Desktop\data-centric-cross-season-transfer\datasets\train_on_2025_all\images\GX010666_MP4-0106_jpg.rf.73fa9eecd42d6582ecb64ad266e3c131.jpg,GX010666_MP4-0106_jpg.rf.73fa9eecd42d6582ecb64ad266e3c131.jpg,0.17918473482131958
C:\Users\carmonta\Desktop\data-centric-cross-season-transfer\datasets\train_on_2025_all\images\GX010666_MP4-0106_jpg.rf.cdc1d0e1c3c3e31ae82e83def4bf4cd3.jpg,GX010666_MP4-0106_jpg.rf.cdc1d0e1c3c3e31ae82e83def4bf4cd3.jpg,0.178899347782135
C:\Users\carmonta\Desktop\data-centric-cross-season-transfer\datasets\train_on_2025_all\images\GX010666_MP4-0108_jpg.rf.7f1320e4bf50858515057630b841e714.jpg,GX010666_MP4-0108_jpg.rf.7f1320e4bf50858515057630b841e714.jpg,0.7241154611110687
C:\Users\carmonta\Desktop\data-centric-cross-season-transfer\datasets\train_on_2025_all\images\GX010666_MP4-0108_jpg.rf.d032f0a7adbfec6a6e9f7c8b42768add.jpg,GX010666_MP4-0108_jpg.rf.d032f0a7adbfec6a6e9f7c8b42768add.jpg,0.7238554060459137
C:\Users\carmonta\Desktop\data-centric-cross-season-transfer\datasets\train_on_2025_all\images\GX010666_MP4-0121_jpg.rf.3ede5e9ac6aab1801c87ab28d5a01adc.jpg,GX010666_MP4-0121_jpg.rf.3ede5e9ac6aab1801c87ab28d5a01adc.jpg,0.29909747838974
C:\Users\carmonta\Desktop\data-centric-cross-season-transfer\datasets\train_on_2025_all\images\GX010666_MP4-0121_jpg.rf.6d28ac45bc58f9d6d122d7f7fb5bda67.jpg,GX010666_MP4-0121_jpg.rf.6d28ac45bc58f9d6d122d7f7fb5bda67.jpg,0.2959323525428772
C:\Users\carmonta\Desktop\data-centric-cross-season-transfer\datasets\train_on_2025_all\images\GX010666_MP4-0121_jpg.rf.a91deb030dee381b2dd09ffdc4246fe2.jpg,GX010666_MP4-0121_jpg.rf.a91deb030dee381b2dd09ffdc4246fe2.jpg,0.29142117500305176
C:\Users\carmonta\Desktop\data-centric-cross-season-transfer\datasets\train_on_2025_all\images\GX010666_MP4-0122_jpg.rf.719390bba0f257a56c2e80735fe6fef4.jpg,GX010666_MP4-0122_jpg.rf.719390bba0f257a56c2e80735fe6fef4.jpg,0.4326794743537903
C:\Users\carmonta\Desktop\data-centric-cross-season-transfer\datasets\train_on_2025_all\images\GX010666_MP4-0122_jpg.rf.92e59bc7d7352fa11a193bf9778e408b.jpg,GX010666_MP4-0122_jpg.rf.92e59bc7d7352fa11a193bf9778e408b.jpg,0.43226373195648193
C:\Users\carmonta\Desktop\data-centric-cross-season-transfer\datasets\train_on_2025_all\images\GX010666_MP4-0122_jpg.rf.95b4b1004ab961b8314736c1215ad238.jpg,GX010666_MP4-0122_jpg.rf.95b4b1004ab961b8314736c1215ad238.jpg,0.5499267578125
C:\Users\carmonta\Desktop\data-centric-cross-season-transfer\datasets\train_on_2025_all\images\GX010666_MP4-0123_jpg.rf.a58e906d6d470bdf066710f10177bca9.jpg,GX010666_MP4-0123_jpg.rf.a58e906d6d470bdf066710f10177bca9.jpg,0.5587993264198303
C:\Users\carmonta\Desktop\data-centric-cross-season-transfer\datasets\train_on_2025_all\images\GX010666_MP4-0123_jpg.rf.b73e0c98e8163cfd642144c3ed3478d7.jpg,GX010666_MP4-0123_jpg.rf.b73e0c98e8163cfd642144c3ed3478d7.jpg,0.49598872661590576
C:\Users\carmonta\Desktop\data-centric-cross-season-transfer\datasets\train_on_2025_all\images\GX010666_MP4-0123_jpg.rf.d30278d147b7b7341c5f1ce8ce32d1d4.jpg,GX010666_MP4-0123_jpg.rf.d30278d147b7b7341c5f1ce8ce32d1d4.jpg,0.555124968290329
C:\Users\carmonta\Desktop\data-centric-cross-season-transfer\datasets\train_on_2025_all\images\GX010666_MP4-0124_jpg.rf.0b236bafc24dbef9a26048c9eb207d65.jpg,GX010666_MP4-0124_jpg.rf.0b236bafc24dbef9a26048c9eb207d65.jpg,0.657876044511795
C:\Users\carmonta\Desktop\data-centric-cross-season-transfer\datasets\train_on_2025_all\images\GX010666_MP4-0124_jpg.rf.9fdc505dc82f7e5e34df4ff3270e5822.jpg,GX010666_MP4-0124_jpg.rf.9fdc505dc82f7e5e34df4ff3270e5822.jpg,0.657876044511795
C:\Users\carmonta\Desktop\data-centric-cross-season-transfer\datasets\train_on_2025_all\images\GX010666_MP4-0124_jpg.rf.ebeda627a778d20a68feb04146376726.jpg,GX010666_MP4-0124_jpg.rf.ebeda627a778d20a68feb04146376726.jpg,0.6367179155349731
C:\Users\carmonta\Desktop\data-centric-cross-season-transfer\datasets\train_on_2025_all\images\GX010666_MP4-0126_jpg.rf.30f96019850c0c2e4efc0317b535a06a.jpg,GX010666_MP4-0126_jpg.rf.30f96019850c0c2e4efc0317b535a06a.jpg,0.8481623977422714
C:\Users\carmonta\Desktop\data-centric-cross-season-transfer\datasets\train_on_2025_all\images\GX010666_MP4-0126_jpg.rf.4a4dbc71ee3ea97aea03ddb64b5194a3.jpg,GX010666_MP4-0126_jpg.rf.4a4dbc71ee3ea97aea03ddb64b5194a3.jpg,0.8521313667297363
C:\Users\carmonta\Desktop\data-centric-cross-season-transfer\datasets\train_on_2025_all\images\GX010666_MP4-0126_jpg.rf.fe40fc7c4382052b19922790a5ee30d0.jpg,GX010666_MP4-0126_jpg.rf.fe40fc7c4382052b19922790a5ee30d0.jpg,0.825807049870491
C:\Users\carmonta\Desktop\data-centric-cross-season-transfer\datasets\train_on_2025_all\images\GX010666_MP4-0127_jpg.rf.f943d3c6043828725f1981dd3b9ac23e.jpg,GX010666_MP4-0127_jpg.rf.f943d3c6043828725f1981dd3b9ac23e.jpg,0.7677308022975922
C:\Users\carmonta\Desktop\data-centric-cross-season-transfer\datasets\train_on_2025_all\images\GX010666_MP4-0131_jpg.rf.6291ba1b5d270531bbcc5d8de8f0ad57.jpg,GX010666_MP4-0131_jpg.rf.6291ba1b5d270531bbcc5d8de8f0ad57.jpg,0.5526085197925568
C:\Users\carmonta\Desktop\data-centric-cross-season-transfer\datasets\train_on_2025_all\images\GX010666_MP4-0131_jpg.rf.8738a4b1d43250099d4594a372bb4d9a.jpg,GX010666_MP4-0131_jpg.rf.8738a4b1d43250099d4594a372bb4d9a.jpg,0.5590746402740479
C:\Users\carmonta\Desktop\data-centric-cross-season-transfer\datasets\train_on_2025_all\images\GX010666_MP4-0132_jpg.rf.45f812e8c22920a4abb876956c8b6afc.jpg,GX010666_MP4-0132_jpg.rf.45f812e8c22920a4abb876956c8b6afc.jpg,0.5612280070781708
C:\Users\carmonta\Desktop\data-centric-cross-season-transfer\datasets\train_on_2025_all\images\GX010666_MP4-0132_jpg.rf.f3ba8324dbf8b76ea19272939096bfb6.jpg,GX010666_MP4-0132_jpg.rf.f3ba8324dbf8b76ea19272939096bfb6.jpg,0.5612280070781708
C:\Users\carmonta\Desktop\data-centric-cross-season-transfer\datasets\train_on_2025_all\images\GX010666_MP4-0133_jpg.rf.6f4690f5840ebefa437c64a4d1791fec.jpg,GX010666_MP4-0133_jpg.rf.6f4690f5840ebefa437c64a4d1791fec.jpg,0.8663740009069443
C:\Users\carmonta\Desktop\data-centric-cross-season-transfer\datasets\train_on_2025_all\images\GX010666_MP4-0133_jpg.rf.7fc43c0792082e2e74b7fb7c5f00607c.jpg,GX010666_MP4-0133_jpg.rf.7fc43c0792082e2e74b7fb7c5f00607c.jpg,0.866517648100853
C:\Users\carmonta\Desktop\data-centric-cross-season-transfer\datasets\train_on_2025_all\images\GX010666_MP4-0133_jpg.rf.8ca289ebb473b8253e6ffd00f2dbb911.jpg,GX010666_MP4-0133_jpg.rf.8ca289ebb473b8253e6ffd00f2dbb911.jpg,0.8666091412305832
C:\Users\carmonta\Desktop\data-centric-cross-season-transfer\datasets\train_on_2025_all\images\GX010666_MP4-0134_jpg.rf.4591e6c9000b48f3f91a07bc89f2dbc3.jpg,GX010666_MP4-0134_jpg.rf.4591e6c9000b48f3f91a07bc89f2dbc3.jpg,0.8424994200468063
C:\Users\carmonta\Desktop\data-centric-cross-season-transfer\datasets\train_on_2025_all\images\GX010666_MP4-0134_jpg.rf.a1711a5d41b756706b44a35aa6c481ef.jpg,GX010666_MP4-0134_jpg.rf.a1711a5d41b756706b44a35aa6c481ef.jpg,0.8468432724475861
C:\Users\carmonta\Desktop\data-centric-cross-season-transfer\datasets\train_on_2025_all\images\GX010666_MP4-0134_jpg.rf.b425d32ef26b9291d6496f975eaca287.jpg,GX010666_MP4-0134_jpg.rf.b425d32ef26b9291d6496f975eaca287.jpg,0.8690861314535141
C:\Users\carmonta\Desktop\data-centric-cross-season-transfer\datasets\train_on_2025_all\images\GX010666_MP4-0135_jpg.rf.6976130dc140283ac6cd1f6de7330461.jpg,GX010666_MP4-0135_jpg.rf.6976130dc140283ac6cd1f6de7330461.jpg,0.7638812512159348
C:\Users\carmonta\Desktop\data-centric-cross-season-transfer\datasets\train_on_2025_all\images\GX010666_MP4-0135_jpg.rf.baebaf20dac8bff8ffbe78786151f82d.jpg,GX010666_MP4-0135_jpg.rf.baebaf20dac8bff8ffbe78786151f82d.jpg,0.7633059918880463
C:\Users\carmonta\Desktop\data-centric-cross-season-transfer\datasets\train_on_2025_all\images\GX010666_MP4-0135_jpg.rf.d0c739674d8cfdcf5c5be8f6af0a7b4c.jpg,GX010666_MP4-0135_jpg.rf.d0c739674d8cfdcf5c5be8f6af0a7b4c.jpg,0.7641374319791794
C:\Users\carmonta\Desktop\data-centric-cross-season-transfer\datasets\train_on_2025_all\images\GX010666_MP4-0136_jpg.rf.cee33e5397bf9e14854bea35d350fddf.jpg,GX010666_MP4-0136_jpg.rf.cee33e5397bf9e14854bea35d350fddf.jpg,0.5458843111991882
C:\Users\carmonta\Desktop\data-centric-cross-season-transfer\datasets\train_on_2025_all\images\GX010666_MP4-0136_jpg.rf.f7b7aa7003daaf0d57af5b90cd55354e.jpg,GX010666_MP4-0136_jpg.rf.f7b7aa7003daaf0d57af5b90cd55354e.jpg,0.5295986831188202
C:\Users\carmonta\Desktop\data-centric-cross-season-transfer\datasets\train_on_2025_all\images\GX010666_MP4-0136_jpg.rf.fd16c6902489aa5bac31fd0aacc307ac.jpg,GX010666_MP4-0136_jpg.rf.fd16c6902489aa5bac31fd0aacc307ac.jpg,0.5458843111991882
C:\Users\carmonta\Desktop\data-centric-cross-season-transfer\datasets\train_on_2025_all\images\GX010666_MP4-0137_jpg.rf.72420965bc8b9cfc7b186fd8ed4e26b6.jpg,GX010666_MP4-0137_jpg.rf.72420965bc8b9cfc7b186fd8ed4e26b6.jpg,0.6748738884925842
C:\Users\carmonta\Desktop\data-centric-cross-season-transfer\datasets\train_on_2025_all\images\GX010666_MP4-0137_jpg.rf.87bf3be20cc98b447ddec776982c8d05.jpg,GX010666_MP4-0137_jpg.rf.87bf3be20cc98b447ddec776982c8d05.jpg,0.7091537117958069
C:\Users\carmonta\Desktop\data-centric-cross-season-transfer\datasets\train_on_2025_all\images\GX010666_MP4-0138_jpg.rf.c8f31b83cb2c4207c1492f2f3671e9fd.jpg,GX010666_MP4-0138_jpg.rf.c8f31b83cb2c4207c1492f2f3671e9fd.jpg,0.4788011908531189
C:\Users\carmonta\Desktop\data-centric-cross-season-transfer\datasets\train_on_2025_all\images\GX010666_MP4-0138_jpg.rf.e2f34b34fb888e564d8ce0bdb7ac4c80.jpg,GX010666_MP4-0138_jpg.rf.e2f34b34fb888e564d8ce0bdb7ac4c80.jpg,0.49866342544555664
C:\Users\carmonta\Desktop\data-centric-cross-season-transfer\datasets\train_on_2025_all\images\GX010666_MP4-0138_jpg.rf.f958eaafb2d607837ef3fa2ba4d32ed6.jpg,GX010666_MP4-0138_jpg.rf.f958eaafb2d607837ef3fa2ba4d32ed6.jpg,0.5158175528049469
C:\Users\carmonta\Desktop\data-centric-cross-season-transfer\datasets\train_on_2025_all\images\GX010666_MP4-0139_jpg.rf.096be98e60f57b5b24e59d5a12700dfd.jpg,GX010666_MP4-0139_jpg.rf.096be98e60f57b5b24e59d5a12700dfd.jpg,0.6036720275878906
C:\Users\carmonta\Desktop\data-centric-cross-season-transfer\datasets\train_on_2025_all\images\GX010666_MP4-0139_jpg.rf.dcf90250b497ab299407200695d3e07d.jpg,GX010666_MP4-0139_jpg.rf.dcf90250b497ab299407200695d3e07d.jpg,0.6036720275878906
C:\Users\carmonta\Desktop\data-centric-cross-season-transfer\datasets\train_on_2025_all\images\GX010666_MP4-0139_jpg.rf.edb45427a0218808213d14ee3aff459c.jpg,GX010666_MP4-0139_jpg.rf.edb45427a0218808213d14ee3aff459c.jpg,0.52579465508461
C:\Users\carmonta\Desktop\data-centric-cross-season-transfer\datasets\train_on_2025_all\images\GX010666_MP4-0140_jpg.rf.cc1eb0d54aa1af3928b44596161f822b.jpg,GX010666_MP4-0140_jpg.rf.cc1eb0d54aa1af3928b44596161f822b.jpg,0.728228360414505
C:\Users\carmonta\Desktop\data-centric-cross-season-transfer\datasets\train_on_2025_all\images\GX010666_MP4-0141_jpg.rf.d9e04f06325b708f4e9db8c24be4df7b.jpg,GX010666_MP4-0141_jpg.rf.d9e04f06325b708f4e9db8c24be4df7b.jpg,0.8940470814704895
C:\Users\carmonta\Desktop\data-centric-cross-season-transfer\datasets\train_on_2025_all\images\GX010666_MP4-0141_jpg.rf.e2d702241689b23b159bb11ae984f14b.jpg,GX010666_MP4-0141_jpg.rf.e2d702241689b23b159bb11ae984f14b.jpg,0.9006794318556786
C:\Users\carmonta\Desktop\data-centric-cross-season-transfer\datasets\train_on_2025_all\images\GX010666_MP4-0142_jpg.rf.b602cad639b4aa145befff0fa559f393.jpg,GX010666_MP4-0142_jpg.rf.b602cad639b4aa145befff0fa559f393.jpg,0.7628668695688248
C:\Users\carmonta\Desktop\data-centric-cross-season-transfer\datasets\train_on_2025_all\images\GX010666_MP4-0142_jpg.rf.cf6e4b2a6c4e8b2610e128d045da10bc.jpg,GX010666_MP4-0142_jpg.rf.cf6e4b2a6c4e8b2610e128d045da10bc.jpg,0.7813728898763657
C:\Users\carmonta\Desktop\data-centric-cross-season-transfer\datasets\train_on_2025_all\images\GX010666_MP4-0142_jpg.rf.dda217082d0474f6c5f3aa124fb37ccd.jpg,GX010666_MP4-0142_jpg.rf.dda217082d0474f6c5f3aa124fb37ccd.jpg,0.7665432691574097
C:\Users\carmonta\Desktop\data-centric-cross-season-transfer\datasets\train_on_2025_all\images\GX010666_MP4-0143_jpg.rf.3b3714e69fadc3c1f526d86a9a73ac0b.jpg,GX010666_MP4-0143_jpg.rf.3b3714e69fadc3c1f526d86a9a73ac0b.jpg,0.5729036629199982
C:\Users\carmonta\Desktop\data-centric-cross-season-transfer\datasets\train_on_2025_all\images\GX010666_MP4-0143_jpg.rf.973bb8a0ebbbdcf187701b947d1bc6a8.jpg,GX010666_MP4-0143_jpg.rf.973bb8a0ebbbdcf187701b947d1bc6a8.jpg,0.5724006593227386
C:\Users\carmonta\Desktop\data-centric-cross-season-transfer\datasets\train_on_2025_all\images\GX010666_MP4-0144_jpg.rf.11d7195f98f72f7526bc18e580887100.jpg,GX010666_MP4-0144_jpg.rf.11d7195f98f72f7526bc18e580887100.jpg,0.15454310178756714
C:\Users\carmonta\Desktop\data-centric-cross-season-transfer\datasets\train_on_2025_all\images\GX010666_MP4-0145_jpg.rf.3d50a8be99b14f90659aef6be2a5096b.jpg,GX010666_MP4-0145_jpg.rf.3d50a8be99b14f90659aef6be2a5096b.jpg,0.3716527223587036
C:\Users\carmonta\Desktop\data-centric-cross-season-transfer\datasets\train_on_2025_all\images\GX010666_MP4-0145_jpg.rf.6271beeae2e67ba164e69aa10b0407d9.jpg,GX010666_MP4-0145_jpg.rf.6271beeae2e67ba164e69aa10b0407d9.jpg,0.37256723642349243
C:\Users\carmonta\Desktop\data-centric-cross-season-transfer\datasets\train_on_2025_all\images\GX010666_MP4-0145_jpg.rf.6ebbf54dadd39a064c2c0963a073e58c.jpg,GX010666_MP4-0145_jpg.rf.6ebbf54dadd39a064c2c0963a073e58c.jpg,0.37088543176651
C:\Users\carmonta\Desktop\data-centric-cross-season-transfer\datasets\train_on_2025_all\images\GX010666_MP4-0147_jpg.rf.a4bf1f54698fd55138d2486a0098ae38.jpg,GX010666_MP4-0147_jpg.rf.a4bf1f54698fd55138d2486a0098ae38.jpg,0.8122526258230209
C:\Users\carmonta\Desktop\data-centric-cross-season-transfer\datasets\train_on_2025_all\images\GX010666_MP4-0147_jpg.rf.eb40812099a25e93b2e0098b89d6e934.jpg,GX010666_MP4-0147_jpg.rf.eb40812099a25e93b2e0098b89d6e934.jpg,0.811646044254303
C:\Users\carmonta\Desktop\data-centric-cross-season-transfer\datasets\train_on_2025_all\images\GX010666_MP4-0148_jpg.rf.1f3d0a8d65f5f6fd85bcc1a979937f64.jpg,GX010666_MP4-0148_jpg.rf.1f3d0a8d65f5f6fd85bcc1a979937f64.jpg,0.3817732334136963
C:\Users\carmonta\Desktop\data-centric-cross-season-transfer\datasets\train_on_2025_all\images\GX010666_MP4-0148_jpg.rf.6a9de4138517425a8d338d5a0a633209.jpg,GX010666_MP4-0148_jpg.rf.6a9de4138517425a8d338d5a0a633209.jpg,0.3819414973258972
C:\Users\carmonta\Desktop\data-centric-cross-season-transfer\datasets\train_on_2025_all\images\GX010666_MP4-0148_jpg.rf.badcafbe5ee4b71bac4cba467275afe2.jpg,GX010666_MP4-0148_jpg.rf.badcafbe5ee4b71bac4cba467275afe2.jpg,0.17695337533950806
C:\Users\carmonta\Desktop\data-centric-cross-season-transfer\datasets\train_on_2025_all\images\GX010666_MP4-0149_jpg.rf.185697bdb0fbaa26489aa8311bb004c5.jpg,GX010666_MP4-0149_jpg.rf.185697bdb0fbaa26489aa8311bb004c5.jpg,0.9109850376844406
C:\Users\carmonta\Desktop\data-centric-cross-season-transfer\datasets\train_on_2025_all\images\GX010666_MP4-0149_jpg.rf.dc9661b7a75d10838469628fbdd3b7d0.jpg,GX010666_MP4-0149_jpg.rf.dc9661b7a75d10838469628fbdd3b7d0.jpg,0.910938523709774
C:\Users\carmonta\Desktop\data-centric-cross-season-transfer\datasets\train_on_2025_all\images\GX010666_MP4-0150_jpg.rf.3da5b139deb5c1339a83e861591b57d9.jpg,GX010666_MP4-0150_jpg.rf.3da5b139deb5c1339a83e861591b57d9.jpg,0.9263812825083733
C:\Users\carmonta\Desktop\data-centric-cross-season-transfer\datasets\train_on_2025_all\images\GX010666_MP4-0150_jpg.rf.477f9d4d825700b656315f6db744e5a7.jpg,GX010666_MP4-0150_jpg.rf.477f9d4d825700b656315f6db744e5a7.jpg,0.9259182065725327
C:\Users\carmonta\Desktop\data-centric-cross-season-transfer\datasets\train_on_2025_all\images\GX010666_MP4-0155_jpg.rf.65952bbc95be280353de100e1254694c.jpg,GX010666_MP4-0155_jpg.rf.65952bbc95be280353de100e1254694c.jpg,0.8823056891560555
C:\Users\carmonta\Desktop\data-centric-cross-season-transfer\datasets\train_on_2025_all\images\GX010666_MP4-0155_jpg.rf.b3c71857ace56f29fdf0d827a32ce292.jpg,GX010666_MP4-0155_jpg.rf.b3c71857ace56f29fdf0d827a32ce292.jpg,0.8738323450088501
C:\Users\carmonta\Desktop\data-centric-cross-season-transfer\datasets\train_on_2025_all\images\GX010666_MP4-0156_jpg.rf.33853f20f39d1be8493da06f0e727cd9.jpg,GX010666_MP4-0156_jpg.rf.33853f20f39d1be8493da06f0e727cd9.jpg,0.9552616253495216
C:\Users\carmonta\Desktop\data-centric-cross-season-transfer\datasets\train_on_2025_all\images\GX010666_MP4-0156_jpg.rf.bc7ed49f53055dcb96211486d566f5ca.jpg,GX010666_MP4-0156_jpg.rf.bc7ed49f53055dcb96211486d566f5ca.jpg,0.9546087346971035
C:\Users\carmonta\Desktop\data-centric-cross-season-transfer\datasets\train_on_2025_all\images\GX010666_MP4-0157_jpg.rf.70bd22376696a85b8cbfead72f39979e.jpg,GX010666_MP4-0157_jpg.rf.70bd22376696a85b8cbfead72f39979e.jpg,0.893120102584362
C:\Users\carmonta\Desktop\data-centric-cross-season-transfer\datasets\train_on_2025_all\images\GX010666_MP4-0157_jpg.rf.d1a19ca91e20e33c86bc426ab58b9b6a.jpg,GX010666_MP4-0157_jpg.rf.d1a19ca91e20e33c86bc426ab58b9b6a.jpg,0.8934726938605309
C:\Users\carmonta\Desktop\data-centric-cross-season-transfer\datasets\train_on_2025_all\images\GX010666_MP4-0158_jpg.rf.4c572973d94751f1317d4be6923cb4f9.jpg,GX010666_MP4-0158_jpg.rf.4c572973d94751f1317d4be6923cb4f9.jpg,0.4231501817703247
C:\Users\carmonta\Desktop\data-centric-cross-season-transfer\datasets\train_on_2025_all\images\GX010666_MP4-0158_jpg.rf.e82669177433c044c4ec364bb1ca64dd.jpg,GX010666_MP4-0158_jpg.rf.e82669177433c044c4ec364bb1ca64dd.jpg,0.4233051538467407
C:\Users\carmonta\Desktop\data-centric-cross-season-transfer\datasets\train_on_2025_all\images\GX010666_MP4-0159_jpg.rf.3310bb4cc409642710ebfa35741a5d90.jpg,GX010666_MP4-0159_jpg.rf.3310bb4cc409642710ebfa35741a5d90.jpg,0.2089608907699585
C:\Users\carmonta\Desktop\data-centric-cross-season-transfer\datasets\train_on_2025_all\images\GX010666_MP4-0159_jpg.rf.4aedae02c6408d2539c7bc223344752e.jpg,GX010666_MP4-0159_jpg.rf.4aedae02c6408d2539c7bc223344752e.jpg,0.19412755966186523
C:\Users\carmonta\Desktop\data-centric-cross-season-transfer\datasets\train_on_2025_all\images\GX010666_MP4-0159_jpg.rf.5f8355541de31b08b2d0ba072237210f.jpg,GX010666_MP4-0159_jpg.rf.5f8355541de31b08b2d0ba072237210f.jpg,0.19412755966186523
C:\Users\carmonta\Desktop\data-centric-cross-season-transfer\datasets\train_on_2025_all\images\GX010666_MP4-0160_jpg.rf.b14b92aec6afef7442c79fcd11b79d6b.jpg,GX010666_MP4-0160_jpg.rf.b14b92aec6afef7442c79fcd11b79d6b.jpg,0.35699671506881714
C:\Users\carmonta\Desktop\data-centric-cross-season-transfer\datasets\train_on_2025_all\images\GX010666_MP4-0160_jpg.rf.c7913f9106fe323915efdf6a5e3d5886.jpg,GX010666_MP4-0160_jpg.rf.c7913f9106fe323915efdf6a5e3d5886.jpg,0.3559940457344055
C:\Users\carmonta\Desktop\data-centric-cross-season-transfer\datasets\train_on_2025_all\images\GX010666_MP4-0161_jpg.rf.aacd6c329fdea796a7631a9f86f20c50.jpg,GX010666_MP4-0161_jpg.rf.aacd6c329fdea796a7631a9f86f20c50.jpg,0.2898287773132324
C:\Users\carmonta\Desktop\data-centric-cross-season-transfer\datasets\train_on_2025_all\images\GX010666_MP4-0161_jpg.rf.af237fdb0ea95cebd9938d5ec30d7be7.jpg,GX010666_MP4-0161_jpg.rf.af237fdb0ea95cebd9938d5ec30d7be7.jpg,0.29435503482818604
C:\Users\carmonta\Desktop\data-centric-cross-season-transfer\datasets\train_on_2025_all\images\GX010666_MP4-0161_jpg.rf.cad0177e825c8a427fbbb5d6c4a88762.jpg,GX010666_MP4-0161_jpg.rf.cad0177e825c8a427fbbb5d6c4a88762.jpg,0.29234570264816284
C:\Users\carmonta\Desktop\data-centric-cross-season-transfer\datasets\train_on_2025_all\images\GX010666_MP4-0162_jpg.rf.6c7c0dfc16938edce4905b9bdbd682da.jpg,GX010666_MP4-0162_jpg.rf.6c7c0dfc16938edce4905b9bdbd682da.jpg,0.8085639774799347
C:\Users\carmonta\Desktop\data-centric-cross-season-transfer\datasets\train_on_2025_all\images\GX010666_MP4-0162_jpg.rf.86dc7ca5f56570b58f6038bec9f4ad20.jpg,GX010666_MP4-0162_jpg.rf.86dc7ca5f56570b58f6038bec9f4ad20.jpg,0.8588217943906784
C:\Users\carmonta\Desktop\data-centric-cross-season-transfer\datasets\train_on_2025_all\images\GX010666_MP4-0162_jpg.rf.e61f8799b97a1e2c8a984a57382f41b2.jpg,GX010666_MP4-0162_jpg.rf.e61f8799b97a1e2c8a984a57382f41b2.jpg,0.7847440391778946
C:\Users\carmonta\Desktop\data-centric-cross-season-transfer\datasets\train_on_2025_all\images\GX010666_MP4-0163_jpg.rf.b1e929af3d9b8eba18923a12a9bb9404.jpg,GX010666_MP4-0163_jpg.rf.b1e929af3d9b8eba18923a12a9bb9404.jpg,0.15253251791000366
C:\Users\carmonta\Desktop\data-centric-cross-season-transfer\datasets\train_on_2025_all\images\GX010666_MP4-0163_jpg.rf.b3d9b32e77c238ea7c913a0fb9ed2a58.jpg,GX010666_MP4-0163_jpg.rf.b3d9b32e77c238ea7c913a0fb9ed2a58.jpg,0.3639377951622009
C:\Users\carmonta\Desktop\data-centric-cross-season-transfer\datasets\train_on_2025_all\images\GX010666_MP4-0163_jpg.rf.bdebca9e2b090a0307e55958a6fcbd50.jpg,GX010666_MP4-0163_jpg.rf.bdebca9e2b090a0307e55958a6fcbd50.jpg,0.15297579765319824
C:\Users\carmonta\Desktop\data-centric-cross-season-transfer\datasets\train_on_2025_all\images\GX010666_MP4-0164_jpg.rf.122adb8e3772d01df878f739c4cb7b55.jpg,GX010666_MP4-0164_jpg.rf.122adb8e3772d01df878f739c4cb7b55.jpg,0.17291074991226196
C:\Users\carmonta\Desktop\data-centric-cross-season-transfer\datasets\train_on_2025_all\images\GX010666_MP4-0164_jpg.rf.a179827a07d2d7e474cb55e645948295.jpg,GX010666_MP4-0164_jpg.rf.a179827a07d2d7e474cb55e645948295.jpg,0.17296475172042847
C:\Users\carmonta\Desktop\data-centric-cross-season-transfer\datasets\train_on_2025_all\images\GX010666_MP4-0165_jpg.rf.2283e575ea702b69d51b5d24bb64f5ba.jpg,GX010666_MP4-0165_jpg.rf.2283e575ea702b69d51b5d24bb64f5ba.jpg,0.7737638056278229
C:\Users\carmonta\Desktop\data-centric-cross-season-transfer\datasets\train_on_2025_all\images\GX010666_MP4-0165_jpg.rf.df31d63f1b21c733b0affce30d1a207b.jpg,GX010666_MP4-0165_jpg.rf.df31d63f1b21c733b0affce30d1a207b.jpg,0.8004077970981598
C:\Users\carmonta\Desktop\data-centric-cross-season-transfer\datasets\train_on_2025_all\images\GX010666_MP4-0165_jpg.rf.f3ebcce7f4754858d77be8861d25714b.jpg,GX010666_MP4-0165_jpg.rf.f3ebcce7f4754858d77be8861d25714b.jpg,0.7747929245233536
C:\Users\carmonta\Desktop\data-centric-cross-season-transfer\datasets\train_on_2025_all\images\GX010666_MP4-0166_jpg.rf.34d08fa3087e6860a36e42e480f2e10f.jpg,GX010666_MP4-0166_jpg.rf.34d08fa3087e6860a36e42e480f2e10f.jpg,0.8903070166707039
C:\Users\carmonta\Desktop\data-centric-cross-season-transfer\datasets\train_on_2025_all\images\GX010666_MP4-0166_jpg.rf.e57861636bd82ac62cd5da087a493322.jpg,GX010666_MP4-0166_jpg.rf.e57861636bd82ac62cd5da087a493322.jpg,0.9021224677562714
C:\Users\carmonta\Desktop\data-centric-cross-season-transfer\datasets\train_on_2025_all\images\GX010666_MP4-0167_jpg.rf.14be7df8428d866d01cbac2b31827e58.jpg,GX010666_MP4-0167_jpg.rf.14be7df8428d866d01cbac2b31827e58.jpg,0.8349291384220123
C:\Users\carmonta\Desktop\data-centric-cross-season-transfer\datasets\train_on_2025_all\images\GX010666_MP4-0167_jpg.rf.6a0e0bc9f86616b11bafe77a22cd807a.jpg,GX010666_MP4-0167_jpg.rf.6a0e0bc9f86616b11bafe77a22cd807a.jpg,0.8301306664943695
C:\Users\carmonta\Desktop\data-centric-cross-season-transfer\datasets\train_on_2025_all\images\GX010666_MP4-0167_jpg.rf.bcd241de4f353ce25dafea894e1bcc84.jpg,GX010666_MP4-0167_jpg.rf.bcd241de4f353ce25dafea894e1bcc84.jpg,0.8349291384220123
C:\Users\carmonta\Desktop\data-centric-cross-season-transfer\datasets\train_on_2025_all\images\GX010666_MP4-0168_jpg.rf.a2130e37f5fa90da071027d42512e4a8.jpg,GX010666_MP4-0168_jpg.rf.a2130e37f5fa90da071027d42512e4a8.jpg,0.14206326007843018
C:\Users\carmonta\Desktop\data-centric-cross-season-transfer\datasets\train_on_2025_all\images\GX010666_MP4-0168_jpg.rf.b2c523b3ad289a80fed83cdec646ccc3.jpg,GX010666_MP4-0168_jpg.rf.b2c523b3ad289a80fed83cdec646ccc3.jpg,0.14206326007843018
C:\Users\carmonta\Desktop\data-centric-cross-season-transfer\datasets\train_on_2025_all\images\GX010666_MP4-0168_jpg.rf.c1ad2d08cf2eba0f8d50747dc0153fa3.jpg,GX010666_MP4-0168_jpg.rf.c1ad2d08cf2eba0f8d50747dc0153fa3.jpg,0.1426856517791748
C:\Users\carmonta\Desktop\data-centric-cross-season-transfer\datasets\train_on_2025_all\images\GX010666_MP4-0169_jpg.rf.29e84e9b2e5c4b68d64b182f1b4cacf2.jpg,GX010666_MP4-0169_jpg.rf.29e84e9b2e5c4b68d64b182f1b4cacf2.jpg,0.17907410860061646
C:\Users\carmonta\Desktop\data-centric-cross-season-transfer\datasets\train_on_2025_all\images\GX010666_MP4-0169_jpg.rf.5f8256fad6bc897b78fecf90de26d28c.jpg,GX010666_MP4-0169_jpg.rf.5f8256fad6bc897b78fecf90de26d28c.jpg,0.1766555905342102
C:\Users\carmonta\Desktop\data-centric-cross-season-transfer\datasets\train_on_2025_all\images\GX010666_MP4-0169_jpg.rf.9d6d0ef80e13c150669e0e47ae7f610f.jpg,GX010666_MP4-0169_jpg.rf.9d6d0ef80e13c150669e0e47ae7f610f.jpg,0.1781834363937378
C:\Users\carmonta\Desktop\data-centric-cross-season-transfer\datasets\train_on_2025_all\images\GX010666_MP4-0171_jpg.rf.1c7516576d284f20ea2b6c55c0196473.jpg,GX010666_MP4-0171_jpg.rf.1c7516576d284f20ea2b6c55c0196473.jpg,0.6380100548267365
C:\Users\carmonta\Desktop\data-centric-cross-season-transfer\datasets\train_on_2025_all\images\GX010666_MP4-0171_jpg.rf.5892df0c9b680b17d687a289dc7bf3fd.jpg,GX010666_MP4-0171_jpg.rf.5892df0c9b680b17d687a289dc7bf3fd.jpg,0.4536113739013672
C:\Users\carmonta\Desktop\data-centric-cross-season-transfer\datasets\train_on_2025_all\images\GX010666_MP4-0172_jpg.rf.46ea6603d3f6280cc7dc482b2d241ddf.jpg,GX010666_MP4-0172_jpg.rf.46ea6603d3f6280cc7dc482b2d241ddf.jpg,0.42877691984176636
C:\Users\carmonta\Desktop\data-centric-cross-season-transfer\datasets\train_on_2025_all\images\GX010666_MP4-0172_jpg.rf.62f62321b1ee7b732dbdd0dc76e6256e.jpg,GX010666_MP4-0172_jpg.rf.62f62321b1ee7b732dbdd0dc76e6256e.jpg,0.4260643720626831
C:\Users\carmonta\Desktop\data-centric-cross-season-transfer\datasets\train_on_2025_all\images\GX010666_MP4-0172_jpg.rf.da06a409a3ae69c2308af3cded9459f6.jpg,GX010666_MP4-0172_jpg.rf.da06a409a3ae69c2308af3cded9459f6.jpg,0.4219655990600586
C:\Users\carmonta\Desktop\data-centric-cross-season-transfer\datasets\train_on_2025_all\images\GX010666_MP4-0173_jpg.rf.44849976f50e5e88c8366d77187afc24.jpg,GX010666_MP4-0173_jpg.rf.44849976f50e5e88c8366d77187afc24.jpg,0.7036996185779572
C:\Users\carmonta\Desktop\data-centric-cross-season-transfer\datasets\train_on_2025_all\images\GX010666_MP4-0173_jpg.rf.543b257dce5599019a119e6ad0d49851.jpg,GX010666_MP4-0173_jpg.rf.543b257dce5599019a119e6ad0d49851.jpg,0.7022987604141235
C:\Users\carmonta\Desktop\data-centric-cross-season-transfer\datasets\train_on_2025_all\images\GX010666_MP4-0173_jpg.rf.cecbed30207820d1ca456fe9cb3b5d3f.jpg,GX010666_MP4-0173_jpg.rf.cecbed30207820d1ca456fe9cb3b5d3f.jpg,0.7002185583114624
C:\Users\carmonta\Desktop\data-centric-cross-season-transfer\datasets\train_on_2025_all\images\GX010666_MP4-0174_jpg.rf.d92cb90ee7db635058e9a539fcd643b8.jpg,GX010666_MP4-0174_jpg.rf.d92cb90ee7db635058e9a539fcd643b8.jpg,0.7730436325073242
C:\Users\carmonta\Desktop\data-centric-cross-season-transfer\datasets\train_on_2025_all\images\GX010666_MP4-0174_jpg.rf.e6399b7bc5b4dea7d41283ab5627802b.jpg,GX010666_MP4-0174_jpg.rf.e6399b7bc5b4dea7d41283ab5627802b.jpg,0.7737970650196075
C:\Users\carmonta\Desktop\data-centric-cross-season-transfer\datasets\train_on_2025_all\images\GX010666_MP4-0176_jpg.rf.73a07a057763a46858d070591e58cd6e.jpg,GX010666_MP4-0176_jpg.rf.73a07a057763a46858d070591e58cd6e.jpg,0.30363547801971436
C:\Users\carmonta\Desktop\data-centric-cross-season-transfer\datasets\train_on_2025_all\images\GX010666_MP4-0176_jpg.rf.a475550e9772e278cbecfd9f19873f7f.jpg,GX010666_MP4-0176_jpg.rf.a475550e9772e278cbecfd9f19873f7f.jpg,0.2966820001602173
C:\Users\carmonta\Desktop\data-centric-cross-season-transfer\datasets\train_on_2025_all\images\GX010666_MP4-0178_jpg.rf.3205d1496838c8245eded20c93b19ceb.jpg,GX010666_MP4-0178_jpg.rf.3205d1496838c8245eded20c93b19ceb.jpg,0.7182632982730865
C:\Users\carmonta\Desktop\data-centric-cross-season-transfer\datasets\train_on_2025_all\images\GX010666_MP4-0178_jpg.rf.d3ed4cacc4b5e9b3b8dd7df61bd783b1.jpg,GX010666_MP4-0178_jpg.rf.d3ed4cacc4b5e9b3b8dd7df61bd783b1.jpg,0.712621420621872
C:\Users\carmonta\Desktop\data-centric-cross-season-transfer\datasets\train_on_2025_all\images\GX010666_MP4-0178_jpg.rf.d552a067f5d78ef0949e2259b0a93d21.jpg,GX010666_MP4-0178_jpg.rf.d552a067f5d78ef0949e2259b0a93d21.jpg,0.7165080606937408
C:\Users\carmonta\Desktop\data-centric-cross-season-transfer\datasets\train_on_2025_all\images\GX010666_MP4-0179_jpg.rf.731c55c255798b7af36adc7cd0d0d843.jpg,GX010666_MP4-0179_jpg.rf.731c55c255798b7af36adc7cd0d0d843.jpg,0.34561222791671753
C:\Users\carmonta\Desktop\data-centric-cross-season-transfer\datasets\train_on_2025_all\images\GX010666_MP4-0179_jpg.rf.b4bc56fdd74196573fe395c5c211b790.jpg,GX010666_MP4-0179_jpg.rf.b4bc56fdd74196573fe395c5c211b790.jpg,0.3581697344779968
C:\Users\carmonta\Desktop\data-centric-cross-season-transfer\datasets\train_on_2025_all\images\GX010666_MP4-0180_jpg.rf.33bf07bd8c302a0bc5c64f11bfe912c7.jpg,GX010666_MP4-0180_jpg.rf.33bf07bd8c302a0bc5c64f11bfe912c7.jpg,0.5306695401668549
C:\Users\carmonta\Desktop\data-centric-cross-season-transfer\datasets\train_on_2025_all\images\GX010666_MP4-0180_jpg.rf.6e77f23480680a2befbf6bdb62d670bc.jpg,GX010666_MP4-0180_jpg.rf.6e77f23480680a2befbf6bdb62d670bc.jpg,0.5306695401668549
C:\Users\carmonta\Desktop\data-centric-cross-season-transfer\datasets\train_on_2025_all\images\GX010666_MP4-0181_jpg.rf.1fcb45b4c62b6b451d72e3486439477e.jpg,GX010666_MP4-0181_jpg.rf.1fcb45b4c62b6b451d72e3486439477e.jpg,0.2725737690925598
C:\Users\carmonta\Desktop\data-centric-cross-season-transfer\datasets\train_on_2025_all\images\GX010666_MP4-0181_jpg.rf.827bdda7c9926d29e700ea6a777b0928.jpg,GX010666_MP4-0181_jpg.rf.827bdda7c9926d29e700ea6a777b0928.jpg,0.2889365553855896
C:\Users\carmonta\Desktop\data-centric-cross-season-transfer\datasets\train_on_2025_all\images\GX010666_MP4-0181_jpg.rf.96f4bae8dd9d4331a6f616ee8ee7078f.jpg,GX010666_MP4-0181_jpg.rf.96f4bae8dd9d4331a6f616ee8ee7078f.jpg,0.29085105657577515
C:\Users\carmonta\Desktop\data-centric-cross-season-transfer\datasets\train_on_2025_all\images\GX010666_MP4-0182_jpg.rf.588dbf4cfd7db242b47f3d6ec0e111ab.jpg,GX010666_MP4-0182_jpg.rf.588dbf4cfd7db242b47f3d6ec0e111ab.jpg,0.31435179710388184
C:\Users\carmonta\Desktop\data-centric-cross-season-transfer\datasets\train_on_2025_all\images\GX010666_MP4-0182_jpg.rf.8baf7fe782c37fbb5fb614c5cfd6d8e9.jpg,GX010666_MP4-0182_jpg.rf.8baf7fe782c37fbb5fb614c5cfd6d8e9.jpg,0.3145678639411926
C:\Users\carmonta\Desktop\data-centric-cross-season-transfer\datasets\train_on_2025_all\images\GX010666_MP4-0182_jpg.rf.e209c20c67968a60f584769f6495a501.jpg,GX010666_MP4-0182_jpg.rf.e209c20c67968a60f584769f6495a501.jpg,0.3146926760673523
C:\Users\carmonta\Desktop\data-centric-cross-season-transfer\datasets\train_on_2025_all\images\GX010666_MP4-0183_jpg.rf.3acf3fe42086ba1daa4e43a105fad83c.jpg,GX010666_MP4-0183_jpg.rf.3acf3fe42086ba1daa4e43a105fad83c.jpg,0.47517460584640503
C:\Users\carmonta\Desktop\data-centric-cross-season-transfer\datasets\train_on_2025_all\images\GX010666_MP4-0183_jpg.rf.5ff5827c6d87b1cefc4613b3f63df988.jpg,GX010666_MP4-0183_jpg.rf.5ff5827c6d87b1cefc4613b3f63df988.jpg,0.4738285541534424
C:\Users\carmonta\Desktop\data-centric-cross-season-transfer\datasets\train_on_2025_all\images\GX010666_MP4-0183_jpg.rf.780651479113ecfd3720ddf2a498e4fa.jpg,GX010666_MP4-0183_jpg.rf.780651479113ecfd3720ddf2a498e4fa.jpg,0.5122741758823395
C:\Users\carmonta\Desktop\data-centric-cross-season-transfer\datasets\train_on_2025_all\images\GX010666_MP4-0184_jpg.rf.4fa0ee02a81f8f70bbbeb4ca5582b0ea.jpg,GX010666_MP4-0184_jpg.rf.4fa0ee02a81f8f70bbbeb4ca5582b0ea.jpg,0.41280514001846313
C:\Users\carmonta\Desktop\data-centric-cross-season-transfer\datasets\train_on_2025_all\images\GX010666_MP4-0184_jpg.rf.ca2d2b25f35affe635b905d0275be346.jpg,GX010666_MP4-0184_jpg.rf.ca2d2b25f35affe635b905d0275be346.jpg,0.40503233671188354
C:\Users\carmonta\Desktop\data-centric-cross-season-transfer\datasets\train_on_2025_all\images\GX010666_MP4-0184_jpg.rf.dcb222b8c5149b786e77a2e836cf4146.jpg,GX010666_MP4-0184_jpg.rf.dcb222b8c5149b786e77a2e836cf4146.jpg,0.4114513397216797
C:\Users\carmonta\Desktop\data-centric-cross-season-transfer\datasets\train_on_2025_all\images\GX010666_MP4-0185_jpg.rf.40388c56d9b0ca52d9facdda9509e263.jpg,GX010666_MP4-0185_jpg.rf.40388c56d9b0ca52d9facdda9509e263.jpg,0.46940064430236816
C:\Users\carmonta\Desktop\data-centric-cross-season-transfer\datasets\train_on_2025_all\images\GX010666_MP4-0185_jpg.rf.5a2e8cac7f4d033184a3acc15a3a9196.jpg,GX010666_MP4-0185_jpg.rf.5a2e8cac7f4d033184a3acc15a3a9196.jpg,0.4686732888221741
C:\Users\carmonta\Desktop\data-centric-cross-season-transfer\datasets\train_on_2025_all\images\GX010666_MP4-0185_jpg.rf.69acb8652903b3dd1b9cef1f6386af50.jpg,GX010666_MP4-0185_jpg.rf.69acb8652903b3dd1b9cef1f6386af50.jpg,0.4951077103614807
C:\Users\carmonta\Desktop\data-centric-cross-season-transfer\datasets\train_on_2025_all\images\GX010666_MP4-0186_jpg.rf.07825e8e2fb4f424b3de3158f563cb74.jpg,GX010666_MP4-0186_jpg.rf.07825e8e2fb4f424b3de3158f563cb74.jpg,0.7223030626773834
C:\Users\carmonta\Desktop\data-centric-cross-season-transfer\datasets\train_on_2025_all\images\GX010666_MP4-0186_jpg.rf.9ef2417ae4f277ba1e0577b6c9dbe6b7.jpg,GX010666_MP4-0186_jpg.rf.9ef2417ae4f277ba1e0577b6c9dbe6b7.jpg,0.7333455979824066
C:\Users\carmonta\Desktop\data-centric-cross-season-transfer\datasets\train_on_2025_all\images\GX010666_MP4-0187_jpg.rf.5fd44cda6ace0f37958a27b738e8df80.jpg,GX010666_MP4-0187_jpg.rf.5fd44cda6ace0f37958a27b738e8df80.jpg,0.7517385929822922
C:\Users\carmonta\Desktop\data-centric-cross-season-transfer\datasets\train_on_2025_all\images\GX010666_MP4-0187_jpg.rf.cf744328786a0109e02ec6aa7061fd26.jpg,GX010666_MP4-0187_jpg.rf.cf744328786a0109e02ec6aa7061fd26.jpg,0.7391679286956787
C:\Users\carmonta\Desktop\data-centric-cross-season-transfer\datasets\train_on_2025_all\images\GX010666_MP4-0187_jpg.rf.d6c50be8e4a785add1232b37699f08c3.jpg,GX010666_MP4-0187_jpg.rf.d6c50be8e4a785add1232b37699f08c3.jpg,0.7688360661268234
C:\Users\carmonta\Desktop\data-centric-cross-season-transfer\datasets\train_on_2025_all\images\GX010666_MP4-0188_jpg.rf.1c27bd10244da70c4aeda03c725c1573.jpg,GX010666_MP4-0188_jpg.rf.1c27bd10244da70c4aeda03c725c1573.jpg,0.6821489036083221
C:\Users\carmonta\Desktop\data-centric-cross-season-transfer\datasets\train_on_2025_all\images\GX010666_MP4-0188_jpg.rf.c8627dca2b0b9385c8faac662932d8d7.jpg,GX010666_MP4-0188_jpg.rf.c8627dca2b0b9385c8faac662932d8d7.jpg,0.6981430947780609
C:\Users\carmonta\Desktop\data-centric-cross-season-transfer\datasets\train_on_2025_all\images\GX010666_MP4-0188_jpg.rf.da00b8a782eabd4d35cecee82dee7f52.jpg,GX010666_MP4-0188_jpg.rf.da00b8a782eabd4d35cecee82dee7f52.jpg,0.7330224514007568
C:\Users\carmonta\Desktop\data-centric-cross-season-transfer\datasets\train_on_2025_all\images\GX010666_MP4-0189_jpg.rf.0c267404cce0f03350b195f1c90f1bfe.jpg,GX010666_MP4-0189_jpg.rf.0c267404cce0f03350b195f1c90f1bfe.jpg,0.6290493607521057
C:\Users\carmonta\Desktop\data-centric-cross-season-transfer\datasets\train_on_2025_all\images\GX010666_MP4-0189_jpg.rf.77fdee90b9a4a11e81201c02af0d2ef9.jpg,GX010666_MP4-0189_jpg.rf.77fdee90b9a4a11e81201c02af0d2ef9.jpg,0.6286806464195251
C:\Users\carmonta\Desktop\data-centric-cross-season-transfer\datasets\train_on_2025_all\images\GX010666_MP4-0190_jpg.rf.93299b04d6fa31fa6b4659a66ab998e4.jpg,GX010666_MP4-0190_jpg.rf.93299b04d6fa31fa6b4659a66ab998e4.jpg,0.556508332490921
C:\Users\carmonta\Desktop\data-centric-cross-season-transfer\datasets\train_on_2025_all\images\GX010666_MP4-0190_jpg.rf.b20456ae0138a081a09874033b8e5e8d.jpg,GX010666_MP4-0190_jpg.rf.b20456ae0138a081a09874033b8e5e8d.jpg,0.5697895884513855
C:\Users\carmonta\Desktop\data-centric-cross-season-transfer\datasets\train_on_2025_all\images\GX010666_MP4-0190_jpg.rf.fd4c3c03642cc5917d49cde71254dfa7.jpg,GX010666_MP4-0190_jpg.rf.fd4c3c03642cc5917d49cde71254dfa7.jpg,0.556508332490921
C:\Users\carmonta\Desktop\data-centric-cross-season-transfer\datasets\train_on_2025_all\images\GX010666_MP4-0191_jpg.rf.324cc4ef7acc4e585c61ae7e69123ac3.jpg,GX010666_MP4-0191_jpg.rf.324cc4ef7acc4e585c61ae7e69123ac3.jpg,0.666509211063385
C:\Users\carmonta\Desktop\data-centric-cross-season-transfer\datasets\train_on_2025_all\images\GX010666_MP4-0191_jpg.rf.8c7275c9f2b3b5af70d8be286fd0d919.jpg,GX010666_MP4-0191_jpg.rf.8c7275c9f2b3b5af70d8be286fd0d919.jpg,0.46303534507751465
C:\Users\carmonta\Desktop\data-centric-cross-season-transfer\datasets\train_on_2025_all\images\GX010666_MP4-0191_jpg.rf.fee9b3e22106fe504a576fbc8195d3f3.jpg,GX010666_MP4-0191_jpg.rf.fee9b3e22106fe504a576fbc8195d3f3.jpg,0.39893895387649536
C:\Users\carmonta\Desktop\data-centric-cross-season-transfer\datasets\train_on_2025_all\images\GX010666_MP4-0192_jpg.rf.72e880c4f038d84a489b78ffd2548522.jpg,GX010666_MP4-0192_jpg.rf.72e880c4f038d84a489b78ffd2548522.jpg,0.6066606640815735
C:\Users\carmonta\Desktop\data-centric-cross-season-transfer\datasets\train_on_2025_all\images\GX010666_MP4-0192_jpg.rf.82de175dd379ee194d3192d21afb5273.jpg,GX010666_MP4-0192_jpg.rf.82de175dd379ee194d3192d21afb5273.jpg,0.5383304953575134
C:\Users\carmonta\Desktop\data-centric-cross-season-transfer\datasets\train_on_2025_all\images\GX010666_MP4-0192_jpg.rf.cce5dfebfaebc3c33be6646968a7e593.jpg,GX010666_MP4-0192_jpg.rf.cce5dfebfaebc3c33be6646968a7e593.jpg,0.539830207824707
C:\Users\carmonta\Desktop\data-centric-cross-season-transfer\datasets\train_on_2025_all\images\GX010666_MP4-0193_jpg.rf.5c17f224fe9877bf01f9129f645dfd97.jpg,GX010666_MP4-0193_jpg.rf.5c17f224fe9877bf01f9129f645dfd97.jpg,0.6417207717895508
C:\Users\carmonta\Desktop\data-centric-cross-season-transfer\datasets\train_on_2025_all\images\GX010666_MP4-0193_jpg.rf.68ff82daca9be7008b6e505503704940.jpg,GX010666_MP4-0193_jpg.rf.68ff82daca9be7008b6e505503704940.jpg,0.5609713494777679
C:\Users\carmonta\Desktop\data-centric-cross-season-transfer\datasets\train_on_2025_all\images\GX010666_MP4-0193_jpg.rf.ba092eac9df69c09df0dc25577be5691.jpg,GX010666_MP4-0193_jpg.rf.ba092eac9df69c09df0dc25577be5691.jpg,0.6417207717895508
C:\Users\carmonta\Desktop\data-centric-cross-season-transfer\datasets\train_on_2025_all\images\GX010666_MP4-0194_jpg.rf.0f7d6d56318782aad07b413f4e75908d.jpg,GX010666_MP4-0194_jpg.rf.0f7d6d56318782aad07b413f4e75908d.jpg,0.7209306955337524
C:\Users\carmonta\Desktop\data-centric-cross-season-transfer\datasets\train_on_2025_all\images\GX010666_MP4-0194_jpg.rf.1062958b1c75723d9ec4817507cd9b3a.jpg,GX010666_MP4-0194_jpg.rf.1062958b1c75723d9ec4817507cd9b3a.jpg,0.661345362663269
C:\Users\carmonta\Desktop\data-centric-cross-season-transfer\datasets\train_on_2025_all\images\GX010666_MP4-0194_jpg.rf.c5570f731b4198c9101d8ae5118781e4.jpg,GX010666_MP4-0194_jpg.rf.c5570f731b4198c9101d8ae5118781e4.jpg,0.6536680459976196
C:\Users\carmonta\Desktop\data-centric-cross-season-transfer\datasets\train_on_2025_all\images\GX010666_MP4-0196_jpg.rf.1f79210dbb73bd51a960231767d45d8d.jpg,GX010666_MP4-0196_jpg.rf.1f79210dbb73bd51a960231767d45d8d.jpg,0.753044918179512
C:\Users\carmonta\Desktop\data-centric-cross-season-transfer\datasets\train_on_2025_all\images\GX010666_MP4-0196_jpg.rf.531e2e0e72650d9bbcd215a29aa2b311.jpg,GX010666_MP4-0196_jpg.rf.531e2e0e72650d9bbcd215a29aa2b311.jpg,0.774590402841568
C:\Users\carmonta\Desktop\data-centric-cross-season-transfer\datasets\train_on_2025_all\images\GX010666_MP4-0196_jpg.rf.68a85c7eba4b8e6803749ac0327b66f6.jpg,GX010666_MP4-0196_jpg.rf.68a85c7eba4b8e6803749ac0327b66f6.jpg,0.7664607614278793
C:\Users\carmonta\Desktop\data-centric-cross-season-transfer\datasets\train_on_2025_all\images\GX010666_MP4-0197_jpg.rf.16d2af1c968bc7b892db557680f8e433.jpg,GX010666_MP4-0197_jpg.rf.16d2af1c968bc7b892db557680f8e433.jpg,0.8784642964601517
C:\Users\carmonta\Desktop\data-centric-cross-season-transfer\datasets\train_on_2025_all\images\GX010666_MP4-0198_jpg.rf.283151b5d3fce0ffe6c930b2f8e8267e.jpg,GX010666_MP4-0198_jpg.rf.283151b5d3fce0ffe6c930b2f8e8267e.jpg,0.6192953884601593
C:\Users\carmonta\Desktop\data-centric-cross-season-transfer\datasets\train_on_2025_all\images\GX010666_MP4-0198_jpg.rf.b011c265ff56895e5c19ae7c9f252019.jpg,GX010666_MP4-0198_jpg.rf.b011c265ff56895e5c19ae7c9f252019.jpg,0.6321613788604736
C:\Users\carmonta\Desktop\data-centric-cross-season-transfer\datasets\train_on_2025_all\images\GX010666_MP4-0199_jpg.rf.228ab633bfa62d52a3ec25533b117d6b.jpg,GX010666_MP4-0199_jpg.rf.228ab633bfa62d52a3ec25533b117d6b.jpg,0.6283479630947113
C:\Users\carmonta\Desktop\data-centric-cross-season-transfer\datasets\train_on_2025_all\images\GX010666_MP4-0199_jpg.rf.6be19237689989f2aa5e5055bd9edd4e.jpg,GX010666_MP4-0199_jpg.rf.6be19237689989f2aa5e5055bd9edd4e.jpg,0.6173247992992401
C:\Users\carmonta\Desktop\data-centric-cross-season-transfer\datasets\train_on_2025_all\images\GX010666_MP4-0200_jpg.rf.a9268edc738dbcb8d27b581a482d295d.jpg,GX010666_MP4-0200_jpg.rf.a9268edc738dbcb8d27b581a482d295d.jpg,0.29946619272232056
C:\Users\carmonta\Desktop\data-centric-cross-season-transfer\datasets\train_on_2025_all\images\GX010666_MP4-0200_jpg.rf.af995ff50b479a883f01ed8bd1ba1d6f.jpg,GX010666_MP4-0200_jpg.rf.af995ff50b479a883f01ed8bd1ba1d6f.jpg,0.3608289361000061
C:\Users\carmonta\Desktop\data-centric-cross-season-transfer\datasets\train_on_2025_all\images\GX010666_MP4-0200_jpg.rf.c3a9e9170c77a8dcb74e165d528ef0c2.jpg,GX010666_MP4-0200_jpg.rf.c3a9e9170c77a8dcb74e165d528ef0c2.jpg,0.36160099506378174
C:\Users\carmonta\Desktop\data-centric-cross-season-transfer\datasets\train_on_2025_all\images\GX010666_MP4-0201_jpg.rf.442c7a0afb25aca8855f9b184df47990.jpg,GX010666_MP4-0201_jpg.rf.442c7a0afb25aca8855f9b184df47990.jpg,0.4662427306175232
C:\Users\carmonta\Desktop\data-centric-cross-season-transfer\datasets\train_on_2025_all\images\GX010666_MP4-0201_jpg.rf.d293cac97db7deb772909bbf501cc2ab.jpg,GX010666_MP4-0201_jpg.rf.d293cac97db7deb772909bbf501cc2ab.jpg,0.4712374210357666
C:\Users\carmonta\Desktop\data-centric-cross-season-transfer\datasets\train_on_2025_all\images\GX010666_MP4-0202_jpg.rf.05c4a3388dd2b03169c95664046b051a.jpg,GX010666_MP4-0202_jpg.rf.05c4a3388dd2b03169c95664046b051a.jpg,0.7633346766233444
C:\Users\carmonta\Desktop\data-centric-cross-season-transfer\datasets\train_on_2025_all\images\GX010666_MP4-0202_jpg.rf.0f34f63cbc64f1c4102ef818fbb1a577.jpg,GX010666_MP4-0202_jpg.rf.0f34f63cbc64f1c4102ef818fbb1a577.jpg,0.7861140668392181
C:\Users\carmonta\Desktop\data-centric-cross-season-transfer\datasets\train_on_2025_all\images\GX010666_MP4-0202_jpg.rf.aa3db9e764637bfd4e097314fafb755b.jpg,GX010666_MP4-0202_jpg.rf.aa3db9e764637bfd4e097314fafb755b.jpg,0.7633346766233444
C:\Users\carmonta\Desktop\data-centric-cross-season-transfer\datasets\train_on_2025_all\images\GX010666_MP4-0203_jpg.rf.0ba39dbd5bea214aa502f333304aac21.jpg,GX010666_MP4-0203_jpg.rf.0ba39dbd5bea214aa502f333304aac21.jpg,0.6293264925479889
C:\Users\carmonta\Desktop\data-centric-cross-season-transfer\datasets\train_on_2025_all\images\GX010666_MP4-0203_jpg.rf.c8720c4d742e6f04e580e268f8fd6880.jpg,GX010666_MP4-0203_jpg.rf.c8720c4d742e6f04e580e268f8fd6880.jpg,0.6418923139572144
C:\Users\carmonta\Desktop\data-centric-cross-season-transfer\datasets\train_on_2025_all\images\GX010666_MP4-0203_jpg.rf.c8dc3bc4e44c4aa691c9d82be9761b5e.jpg,GX010666_MP4-0203_jpg.rf.c8dc3bc4e44c4aa691c9d82be9761b5e.jpg,0.639995276927948
C:\Users\carmonta\Desktop\data-centric-cross-season-transfer\datasets\train_on_2025_all\images\GX010666_MP4-0204_jpg.rf.1c0fd056a5097543ac62a73e535b29d8.jpg,GX010666_MP4-0204_jpg.rf.1c0fd056a5097543ac62a73e535b29d8.jpg,0.48332101106643677
C:\Users\carmonta\Desktop\data-centric-cross-season-transfer\datasets\train_on_2025_all\images\GX010666_MP4-0204_jpg.rf.416f1c54aae4d9e56baa12a695c91656.jpg,GX010666_MP4-0204_jpg.rf.416f1c54aae4d9e56baa12a695c91656.jpg,0.5416876971721649
C:\Users\carmonta\Desktop\data-centric-cross-season-transfer\datasets\train_on_2025_all\images\GX010666_MP4-0204_jpg.rf.cabb4f1801a0b451341c44ca5fd545ee.jpg,GX010666_MP4-0204_jpg.rf.cabb4f1801a0b451341c44ca5fd545ee.jpg,0.4833553433418274
C:\Users\carmonta\Desktop\data-centric-cross-season-transfer\datasets\train_on_2025_all\images\GX010666_MP4-0205_jpg.rf.535948819d54267c35bc97fc5eeee964.jpg,GX010666_MP4-0205_jpg.rf.535948819d54267c35bc97fc5eeee964.jpg,0.5803269445896149
C:\Users\carmonta\Desktop\data-centric-cross-season-transfer\datasets\train_on_2025_all\images\GX010666_MP4-0205_jpg.rf.86012c77ebca7152e82b33d97dda3234.jpg,GX010666_MP4-0205_jpg.rf.86012c77ebca7152e82b33d97dda3234.jpg,0.5774365961551666
C:\Users\carmonta\Desktop\data-centric-cross-season-transfer\datasets\train_on_2025_all\images\GX010666_MP4-0206_jpg.rf.cba51445898514391cea0cb662b0dfaa.jpg,GX010666_MP4-0206_jpg.rf.cba51445898514391cea0cb662b0dfaa.jpg,0.7193050980567932
C:\Users\carmonta\Desktop\data-centric-cross-season-transfer\datasets\train_on_2025_all\images\GX010666_MP4-0206_jpg.rf.f4602c49454fe61ffd24f1dc8be22cb4.jpg,GX010666_MP4-0206_jpg.rf.f4602c49454fe61ffd24f1dc8be22cb4.jpg,0.7495745420455933
C:\Users\carmonta\Desktop\data-centric-cross-season-transfer\datasets\train_on_2025_all\images\GX010666_MP4-0206_jpg.rf.fc534f35c8ba7b6314df53377248d722.jpg,GX010666_MP4-0206_jpg.rf.fc534f35c8ba7b6314df53377248d722.jpg,0.7389380931854248
C:\Users\carmonta\Desktop\data-centric-cross-season-transfer\datasets\train_on_2025_all\images\GX010666_MP4-0207_jpg.rf.391c2af893fa2e8b0a8863aaa13e9adf.jpg,GX010666_MP4-0207_jpg.rf.391c2af893fa2e8b0a8863aaa13e9adf.jpg,0.3693476915359497
C:\Users\carmonta\Desktop\data-centric-cross-season-transfer\datasets\train_on_2025_all\images\GX010666_MP4-0208_jpg.rf.63c4ab67d152de95669dcf8813e98940.jpg,GX010666_MP4-0208_jpg.rf.63c4ab67d152de95669dcf8813e98940.jpg,0.5094045102596283
C:\Users\carmonta\Desktop\data-centric-cross-season-transfer\datasets\train_on_2025_all\images\GX010666_MP4-0208_jpg.rf.b1a2e910432d763441e0dfd2be0ad3ee.jpg,GX010666_MP4-0208_jpg.rf.b1a2e910432d763441e0dfd2be0ad3ee.jpg,0.5088071823120117
C:\Users\carmonta\Desktop\data-centric-cross-season-transfer\datasets\train_on_2025_all\images\GX010666_MP4-0209_jpg.rf.869300b676a0b6988e255bb117b4c2a5.jpg,GX010666_MP4-0209_jpg.rf.869300b676a0b6988e255bb117b4c2a5.jpg,0.8621166944503784
C:\Users\carmonta\Desktop\data-centric-cross-season-transfer\datasets\train_on_2025_all\images\GX010666_MP4-0209_jpg.rf.f5dda281d1750c5925f7b171a141fa47.jpg,GX010666_MP4-0209_jpg.rf.f5dda281d1750c5925f7b171a141fa47.jpg,0.8811392933130264
C:\Users\carmonta\Desktop\data-centric-cross-season-transfer\datasets\train_on_2025_all\images\GX010666_MP4-0209_jpg.rf.fec33784833508f57e306df9a2e9492a.jpg,GX010666_MP4-0209_jpg.rf.fec33784833508f57e306df9a2e9492a.jpg,0.8865354508161545
C:\Users\carmonta\Desktop\data-centric-cross-season-transfer\datasets\train_on_2025_all\images\GX010666_MP4-0210_jpg.rf.2a8538dd18b6e5de821fa0588e54d7cd.jpg,GX010666_MP4-0210_jpg.rf.2a8538dd18b6e5de821fa0588e54d7cd.jpg,0.4741988778114319
C:\Users\carmonta\Desktop\data-centric-cross-season-transfer\datasets\train_on_2025_all\images\GX010666_MP4-0210_jpg.rf.9968af1e08ebaa7afc53158b3fad0d68.jpg,GX010666_MP4-0210_jpg.rf.9968af1e08ebaa7afc53158b3fad0d68.jpg,0.3811662197113037
C:\Users\carmonta\Desktop\data-centric-cross-season-transfer\datasets\train_on_2025_all\images\GX010666_MP4-0211_jpg.rf.14406d7adaf035157c3cde1b71cf9644.jpg,GX010666_MP4-0211_jpg.rf.14406d7adaf035157c3cde1b71cf9644.jpg,0.8101014345884323
C:\Users\carmonta\Desktop\data-centric-cross-season-transfer\datasets\train_on_2025_all\images\GX010666_MP4-0211_jpg.rf.46a82fd8c4358b3016a9898c22f547b8.jpg,GX010666_MP4-0211_jpg.rf.46a82fd8c4358b3016a9898c22f547b8.jpg,0.8073479384183884
C:\Users\carmonta\Desktop\data-centric-cross-season-transfer\datasets\train_on_2025_all\images\GX010666_MP4-0211_jpg.rf.73d22322dcc5293b8cdfbd0958b6040e.jpg,GX010666_MP4-0211_jpg.rf.73d22322dcc5293b8cdfbd0958b6040e.jpg,0.8052873760461807
C:\Users\carmonta\Desktop\data-centric-cross-season-transfer\datasets\train_on_2025_all\images\GX010666_MP4-0212_jpg.rf.19549f12fd0e2cd6281795abb0313beb.jpg,GX010666_MP4-0212_jpg.rf.19549f12fd0e2cd6281795abb0313beb.jpg,0.5235617160797119
C:\Users\carmonta\Desktop\data-centric-cross-season-transfer\datasets\train_on_2025_all\images\GX010666_MP4-0212_jpg.rf.60ed6a21b75a73f884561b0550d4b09e.jpg,GX010666_MP4-0212_jpg.rf.60ed6a21b75a73f884561b0550d4b09e.jpg,0.5667591989040375
C:\Users\carmonta\Desktop\data-centric-cross-season-transfer\datasets\train_on_2025_all\images\GX010666_MP4-0212_jpg.rf.9b35baf3af0e6966a8be824eaf60fc1d.jpg,GX010666_MP4-0212_jpg.rf.9b35baf3af0e6966a8be824eaf60fc1d.jpg,0.5502355098724365
C:\Users\carmonta\Desktop\data-centric-cross-season-transfer\datasets\train_on_2025_all\images\GX010666_MP4-0213_jpg.rf.3e01db7f7fb7a7fa3a81aeda45283943.jpg,GX010666_MP4-0213_jpg.rf.3e01db7f7fb7a7fa3a81aeda45283943.jpg,0.643375962972641
C:\Users\carmonta\Desktop\data-centric-cross-season-transfer\datasets\train_on_2025_all\images\GX010666_MP4-0213_jpg.rf.3f37a5a0a36239ebb06fc4dfe704192c.jpg,GX010666_MP4-0213_jpg.rf.3f37a5a0a36239ebb06fc4dfe704192c.jpg,0.5835254192352295
C:\Users\carmonta\Desktop\data-centric-cross-season-transfer\datasets\train_on_2025_all\images\GX010666_MP4-0214_jpg.rf.5087b94e46b13770795ebbb0d81decfb.jpg,GX010666_MP4-0214_jpg.rf.5087b94e46b13770795ebbb0d81decfb.jpg,0.6202598214149475
C:\Users\carmonta\Desktop\data-centric-cross-season-transfer\datasets\train_on_2025_all\images\GX010666_MP4-0214_jpg.rf.ddd844e8752a00af32758e4abfe25dc6.jpg,GX010666_MP4-0214_jpg.rf.ddd844e8752a00af32758e4abfe25dc6.jpg,0.6199171543121338
C:\Users\carmonta\Desktop\data-centric-cross-season-transfer\datasets\train_on_2025_all\images\GX010666_MP4-0215_jpg.rf.09fa113ca5ec8cc003b83014d06dd112.jpg,GX010666_MP4-0215_jpg.rf.09fa113ca5ec8cc003b83014d06dd112.jpg,0.7727324217557907
C:\Users\carmonta\Desktop\data-centric-cross-season-transfer\datasets\train_on_2025_all\images\GX010666_MP4-0215_jpg.rf.34ca13da01dab69197e32d85b34fafac.jpg,GX010666_MP4-0215_jpg.rf.34ca13da01dab69197e32d85b34fafac.jpg,0.7738592177629471
C:\Users\carmonta\Desktop\data-centric-cross-season-transfer\datasets\train_on_2025_all\images\GX010666_MP4-0215_jpg.rf.d85fcfac544e2870f4844df364a63b44.jpg,GX010666_MP4-0215_jpg.rf.d85fcfac544e2870f4844df364a63b44.jpg,0.7727324217557907
C:\Users\carmonta\Desktop\data-centric-cross-season-transfer\datasets\train_on_2025_all\images\GX010666_MP4-0216_jpg.rf.156cf52bf7334e2de5742016d61ba008.jpg,GX010666_MP4-0216_jpg.rf.156cf52bf7334e2de5742016d61ba008.jpg,0.570246011018753
C:\Users\carmonta\Desktop\data-centric-cross-season-transfer\datasets\train_on_2025_all\images\GX010666_MP4-0216_jpg.rf.56d60f0d2497fe2db31581b923f7af1c.jpg,GX010666_MP4-0216_jpg.rf.56d60f0d2497fe2db31581b923f7af1c.jpg,0.651681661605835
C:\Users\carmonta\Desktop\data-centric-cross-season-transfer\datasets\train_on_2025_all\images\GX010666_MP4-0216_jpg.rf.eab982db9819b08c17b7d2ad2d868916.jpg,GX010666_MP4-0216_jpg.rf.eab982db9819b08c17b7d2ad2d868916.jpg,0.5732797086238861
C:\Users\carmonta\Desktop\data-centric-cross-season-transfer\datasets\train_on_2025_all\images\GX010666_MP4-0217_jpg.rf.b2868d406aaa70980ee0db3c1490d585.jpg,GX010666_MP4-0217_jpg.rf.b2868d406aaa70980ee0db3c1490d585.jpg,0.36104464530944824
C:\Users\carmonta\Desktop\data-centric-cross-season-transfer\datasets\train_on_2025_all\images\GX010666_MP4-0217_jpg.rf.b6d5ce03605fba9cec0ae944c6a1a82a.jpg,GX010666_MP4-0217_jpg.rf.b6d5ce03605fba9cec0ae944c6a1a82a.jpg,0.36226141452789307
C:\Users\carmonta\Desktop\data-centric-cross-season-transfer\datasets\train_on_2025_all\images\GX010666_MP4-0217_jpg.rf.c0a275675fb869b3a67b6ea9948d3c4c.jpg,GX010666_MP4-0217_jpg.rf.c0a275675fb869b3a67b6ea9948d3c4c.jpg,0.3605360984802246
C:\Users\carmonta\Desktop\data-centric-cross-season-transfer\datasets\train_on_2025_all\images\GX010666_MP4-0218_jpg.rf.03945d15b90f9c82f3c1168683062297.jpg,GX010666_MP4-0218_jpg.rf.03945d15b90f9c82f3c1168683062297.jpg,0.4141239523887634
C:\Users\carmonta\Desktop\data-centric-cross-season-transfer\datasets\train_on_2025_all\images\GX010666_MP4-0218_jpg.rf.12b3ec091e86e01273a7bfcd51955624.jpg,GX010666_MP4-0218_jpg.rf.12b3ec091e86e01273a7bfcd51955624.jpg,0.3215453028678894
C:\Users\carmonta\Desktop\data-centric-cross-season-transfer\datasets\train_on_2025_all\images\GX010666_MP4-0218_jpg.rf.e2c1825e2d1155c86b39f2cc19920365.jpg,GX010666_MP4-0218_jpg.rf.e2c1825e2d1155c86b39f2cc19920365.jpg,0.4109101891517639
C:\Users\carmonta\Desktop\data-centric-cross-season-transfer\datasets\train_on_2025_all\images\GX010666_MP4-0219_jpg.rf.72344438a4f5ba7d389c2fe2d117887e.jpg,GX010666_MP4-0219_jpg.rf.72344438a4f5ba7d389c2fe2d117887e.jpg,0.8475200682878494
C:\Users\carmonta\Desktop\data-centric-cross-season-transfer\datasets\train_on_2025_all\images\GX010666_MP4-0219_jpg.rf.821b03e17a38da7ac301654981fbb814.jpg,GX010666_MP4-0219_jpg.rf.821b03e17a38da7ac301654981fbb814.jpg,0.816835954785347
C:\Users\carmonta\Desktop\data-centric-cross-season-transfer\datasets\train_on_2025_all\images\GX010666_MP4-0219_jpg.rf.8d1f00e84b096903c479ca934df28d3b.jpg,GX010666_MP4-0219_jpg.rf.8d1f00e84b096903c479ca934df28d3b.jpg,0.847646951675415
C:\Users\carmonta\Desktop\data-centric-cross-season-transfer\datasets\train_on_2025_all\images\GX010666_MP4-0220_jpg.rf.9cf9576024ac46ad993febc8c22dc5b7.jpg,GX010666_MP4-0220_jpg.rf.9cf9576024ac46ad993febc8c22dc5b7.jpg,0.8116943687200546
C:\Users\carmonta\Desktop\data-centric-cross-season-transfer\datasets\train_on_2025_all\images\GX010666_MP4-0220_jpg.rf.dc61712d01b2dd620ca05a94ebb21bba.jpg,GX010666_MP4-0220_jpg.rf.dc61712d01b2dd620ca05a94ebb21bba.jpg,0.8114200979471207
C:\Users\carmonta\Desktop\data-centric-cross-season-transfer\datasets\train_on_2025_all\images\GX010666_MP4-0220_jpg.rf.f1a51d7821618007fbae8a311a109dcb.jpg,GX010666_MP4-0220_jpg.rf.f1a51d7821618007fbae8a311a109dcb.jpg,0.8118006438016891
C:\Users\carmonta\Desktop\data-centric-cross-season-transfer\datasets\train_on_2025_all\images\GX010666_MP4-0221_jpg.rf.11c578fb0fe021fda84a94ff20209c07.jpg,GX010666_MP4-0221_jpg.rf.11c578fb0fe021fda84a94ff20209c07.jpg,0.9404507614672184
C:\Users\carmonta\Desktop\data-centric-cross-season-transfer\datasets\train_on_2025_all\images\GX010666_MP4-0221_jpg.rf.a7b8f500f71bf7222a1a51ebc0e1df30.jpg,GX010666_MP4-0221_jpg.rf.a7b8f500f71bf7222a1a51ebc0e1df30.jpg,0.9434305727481842
C:\Users\carmonta\Desktop\data-centric-cross-season-transfer\datasets\train_on_2025_all\images\GX010666_MP4-0221_jpg.rf.f119c241bf3b35aee05e628c37170643.jpg,GX010666_MP4-0221_jpg.rf.f119c241bf3b35aee05e628c37170643.jpg,0.9391580671072006
C:\Users\carmonta\Desktop\data-centric-cross-season-transfer\datasets\train_on_2025_all\images\GX010666_MP4-0223_jpg.rf.a9a0b71e6a3ee7ff6187dbb23927d430.jpg,GX010666_MP4-0223_jpg.rf.a9a0b71e6a3ee7ff6187dbb23927d430.jpg,0.19937092065811157
C:\Users\carmonta\Desktop\data-centric-cross-season-transfer\datasets\train_on_2025_all\images\GX010666_MP4-0224_jpg.rf.57c77517b268717283722d00aa8530d2.jpg,GX010666_MP4-0224_jpg.rf.57c77517b268717283722d00aa8530d2.jpg,0.5965580642223358
C:\Users\carmonta\Desktop\data-centric-cross-season-transfer\datasets\train_on_2025_all\images\GX010666_MP4-0224_jpg.rf.f0b5cdca336dc45154ebbef3e1ec88ee.jpg,GX010666_MP4-0224_jpg.rf.f0b5cdca336dc45154ebbef3e1ec88ee.jpg,0.7302885353565216
C:\Users\carmonta\Desktop\data-centric-cross-season-transfer\datasets\train_on_2025_all\images\GX010666_MP4-0225_jpg.rf.2627af77a636d0ceedcb8dacc2346a7c.jpg,GX010666_MP4-0225_jpg.rf.2627af77a636d0ceedcb8dacc2346a7c.jpg,0.68271803855896
C:\Users\carmonta\Desktop\data-centric-cross-season-transfer\datasets\train_on_2025_all\images\GX010666_MP4-0225_jpg.rf.b552cef35636c0f78a035b1948b318be.jpg,GX010666_MP4-0225_jpg.rf.b552cef35636c0f78a035b1948b318be.jpg,0.6860979199409485
C:\Users\carmonta\Desktop\data-centric-cross-season-transfer\datasets\train_on_2025_all\images\GX010666_MP4-0226_jpg.rf.b0be690106478d6d44e26adb7fe0792e.jpg,GX010666_MP4-0226_jpg.rf.b0be690106478d6d44e26adb7fe0792e.jpg,0.506197601556778
C:\Users\carmonta\Desktop\data-centric-cross-season-transfer\datasets\train_on_2025_all\images\GX010666_MP4-0226_jpg.rf.d663bd07e2a2e1f7749622dedc57023b.jpg,GX010666_MP4-0226_jpg.rf.d663bd07e2a2e1f7749622dedc57023b.jpg,0.5878828763961792
C:\Users\carmonta\Desktop\data-centric-cross-season-transfer\datasets\train_on_2025_all\images\GX010666_MP4-0229_jpg.rf.bcdadba6bd42a473cc27da88aff31615.jpg,GX010666_MP4-0229_jpg.rf.bcdadba6bd42a473cc27da88aff31615.jpg,0.5882342159748077
C:\Users\carmonta\Desktop\data-centric-cross-season-transfer\datasets\train_on_2025_all\images\GX010666_MP4-0229_jpg.rf.f8bfc0ff2089bdc8f3e3deb9dad8d9b2.jpg,GX010666_MP4-0229_jpg.rf.f8bfc0ff2089bdc8f3e3deb9dad8d9b2.jpg,0.5879628658294678
C:\Users\carmonta\Desktop\data-centric-cross-season-transfer\datasets\train_on_2025_all\images\GX010666_MP4-0232_jpg.rf.3d3ee4f2dbe2c386cbc7f996ec4f42f0.jpg,GX010666_MP4-0232_jpg.rf.3d3ee4f2dbe2c386cbc7f996ec4f42f0.jpg,0.4364467263221741
C:\Users\carmonta\Desktop\data-centric-cross-season-transfer\datasets\train_on_2025_all\images\GX010666_MP4-0233_jpg.rf.4f9c33d60ba89013945822ca407399dd.jpg,GX010666_MP4-0233_jpg.rf.4f9c33d60ba89013945822ca407399dd.jpg,0.3378834128379822
C:\Users\carmonta\Desktop\data-centric-cross-season-transfer\datasets\train_on_2025_all\images\GX010666_MP4-0233_jpg.rf.ee7adcecef2ecef160d9111c3024a6ee.jpg,GX010666_MP4-0233_jpg.rf.ee7adcecef2ecef160d9111c3024a6ee.jpg,0.38426023721694946
C:\Users\carmonta\Desktop\data-centric-cross-season-transfer\datasets\train_on_2025_all\images\GX010666_MP4-0234_jpg.rf.0046a18b6b6341a6b0577bed2f3ff9cc.jpg,GX010666_MP4-0234_jpg.rf.0046a18b6b6341a6b0577bed2f3ff9cc.jpg,0.44508546590805054
C:\Users\carmonta\Desktop\data-centric-cross-season-transfer\datasets\train_on_2025_all\images\GX010666_MP4-0234_jpg.rf.283ad4d4571921b505e240613c393d16.jpg,GX010666_MP4-0234_jpg.rf.283ad4d4571921b505e240613c393d16.jpg,0.4413303732872009
C:\Users\carmonta\Desktop\data-centric-cross-season-transfer\datasets\train_on_2025_all\images\GX010666_MP4-0235_jpg.rf.1df35261b7bb961f15d3f10839f4bee7.jpg,GX010666_MP4-0235_jpg.rf.1df35261b7bb961f15d3f10839f4bee7.jpg,0.731219083070755
C:\Users\carmonta\Desktop\data-centric-cross-season-transfer\datasets\train_on_2025_all\images\GX010666_MP4-0235_jpg.rf.44dd9a4bf95f9fa1a053396391b2487d.jpg,GX010666_MP4-0235_jpg.rf.44dd9a4bf95f9fa1a053396391b2487d.jpg,0.7330181896686554
C:\Users\carmonta\Desktop\data-centric-cross-season-transfer\datasets\train_on_2025_all\images\GX010666_MP4-0235_jpg.rf.a1d9632b71e16a802e2fc8077bad9ef7.jpg,GX010666_MP4-0235_jpg.rf.a1d9632b71e16a802e2fc8077bad9ef7.jpg,0.7448782324790955
C:\Users\carmonta\Desktop\data-centric-cross-season-transfer\datasets\train_on_2025_all\images\GX010666_MP4-0236_jpg.rf.74e9c56ef7b175bf94f54c02e8f82123.jpg,GX010666_MP4-0236_jpg.rf.74e9c56ef7b175bf94f54c02e8f82123.jpg,0.46636784076690674
C:\Users\carmonta\Desktop\data-centric-cross-season-transfer\datasets\train_on_2025_all\images\GX010666_MP4-0236_jpg.rf.f3e4f768f645fc75869fbd929e47f665.jpg,GX010666_MP4-0236_jpg.rf.f3e4f768f645fc75869fbd929e47f665.jpg,0.41959959268569946
C:\Users\carmonta\Desktop\data-centric-cross-season-transfer\datasets\train_on_2025_all\images\GX010666_MP4-0236_jpg.rf.ff90a0557dcc9e2f5542fbc755fb8448.jpg,GX010666_MP4-0236_jpg.rf.ff90a0557dcc9e2f5542fbc755fb8448.jpg,0.4456542730331421
C:\Users\carmonta\Desktop\data-centric-cross-season-transfer\datasets\train_on_2025_all\images\GX010666_MP4-0237_jpg.rf.22f143b0bda972142b3bce3cfe6b1637.jpg,GX010666_MP4-0237_jpg.rf.22f143b0bda972142b3bce3cfe6b1637.jpg,0.3926689028739929
C:\Users\carmonta\Desktop\data-centric-cross-season-transfer\datasets\train_on_2025_all\images\GX010666_MP4-0237_jpg.rf.6134c4816c818248cf712097b105fb6c.jpg,GX010666_MP4-0237_jpg.rf.6134c4816c818248cf712097b105fb6c.jpg,0.4399200677871704
C:\Users\carmonta\Desktop\data-centric-cross-season-transfer\datasets\train_on_2025_all\images\GX010666_MP4-0237_jpg.rf.c6a8286f4911e29664929f50f2d9bc47.jpg,GX010666_MP4-0237_jpg.rf.c6a8286f4911e29664929f50f2d9bc47.jpg,0.3976503014564514
C:\Users\carmonta\Desktop\data-centric-cross-season-transfer\datasets\train_on_2025_all\images\GX010666_MP4-0238_jpg.rf.cf35732d2b7e5f03386490ee48cfacd1.jpg,GX010666_MP4-0238_jpg.rf.cf35732d2b7e5f03386490ee48cfacd1.jpg,0.4376879930496216
C:\Users\carmonta\Desktop\data-centric-cross-season-transfer\datasets\train_on_2025_all\images\GX010666_MP4-0238_jpg.rf.f55f799b86a0c4e1108f75d59968c853.jpg,GX010666_MP4-0238_jpg.rf.f55f799b86a0c4e1108f75d59968c853.jpg,0.4394610524177551
C:\Users\carmonta\Desktop\data-centric-cross-season-transfer\datasets\train_on_2025_all\images\GX010666_MP4-0239_jpg.rf.901dfedecf6861e054646134ebd518fc.jpg,GX010666_MP4-0239_jpg.rf.901dfedecf6861e054646134ebd518fc.jpg,0.7466095089912415
C:\Users\carmonta\Desktop\data-centric-cross-season-transfer\datasets\train_on_2025_all\images\GX010666_MP4-0240_jpg.rf.4381ab9b93fd492910f3cc1271da97c1.jpg,GX010666_MP4-0240_jpg.rf.4381ab9b93fd492910f3cc1271da97c1.jpg,0.5201541483402252
C:\Users\carmonta\Desktop\data-centric-cross-season-transfer\datasets\train_on_2025_all\images\GX010666_MP4-0241_jpg.rf.7d4583c8476e9c2a072fc15d6f11584c.jpg,GX010666_MP4-0241_jpg.rf.7d4583c8476e9c2a072fc15d6f11584c.jpg,0.24045521020889282
C:\Users\carmonta\Desktop\data-centric-cross-season-transfer\datasets\train_on_2025_all\images\GX010666_MP4-0241_jpg.rf.eb0a426cff6a81dc5c5076e25e7ed770.jpg,GX010666_MP4-0241_jpg.rf.eb0a426cff6a81dc5c5076e25e7ed770.jpg,0.24136137962341309
C:\Users\carmonta\Desktop\data-centric-cross-season-transfer\datasets\train_on_2025_all\images\GX010666_MP4-0242_jpg.rf.c32789f640f8532c307377350792fa03.jpg,GX010666_MP4-0242_jpg.rf.c32789f640f8532c307377350792fa03.jpg,0.4600817561149597
C:\Users\carmonta\Desktop\data-centric-cross-season-transfer\datasets\train_on_2025_all\images\GX010666_MP4-0242_jpg.rf.c78a4c588922f20b487b5e1713827d17.jpg,GX010666_MP4-0242_jpg.rf.c78a4c588922f20b487b5e1713827d17.jpg,0.4193519949913025
C:\Users\carmonta\Desktop\data-centric-cross-season-transfer\datasets\train_on_2025_all\images\GX010666_MP4-0242_jpg.rf.fcec15f1c899b21cf8d01d84f7fc36ad.jpg,GX010666_MP4-0242_jpg.rf.fcec15f1c899b21cf8d01d84f7fc36ad.jpg,0.5252260267734528
C:\Users\carmonta\Desktop\data-centric-cross-season-transfer\datasets\train_on_2025_all\images\GX010666_MP4-0243_jpg.rf.373368c29a5a8c0855dbba72cb6e2a2c.jpg,GX010666_MP4-0243_jpg.rf.373368c29a5a8c0855dbba72cb6e2a2c.jpg,0.4932979941368103
C:\Users\carmonta\Desktop\data-centric-cross-season-transfer\datasets\train_on_2025_all\images\GX010666_MP4-0243_jpg.rf.586555e074f7520c1bb9669c2748aaf0.jpg,GX010666_MP4-0243_jpg.rf.586555e074f7520c1bb9669c2748aaf0.jpg,0.4862796664237976
C:\Users\carmonta\Desktop\data-centric-cross-season-transfer\datasets\train_on_2025_all\images\GX010666_MP4-0243_jpg.rf.f16abb25a1d389b7090c5d682eebc510.jpg,GX010666_MP4-0243_jpg.rf.f16abb25a1d389b7090c5d682eebc510.jpg,0.49426203966140747
C:\Users\carmonta\Desktop\data-centric-cross-season-transfer\datasets\train_on_2025_all\images\GX010666_MP4-0244_jpg.rf.45debb3fcaeb9ac36806a0a54e77ae0b.jpg,GX010666_MP4-0244_jpg.rf.45debb3fcaeb9ac36806a0a54e77ae0b.jpg,0.3358278274536133
C:\Users\carmonta\Desktop\data-centric-cross-season-transfer\datasets\train_on_2025_all\images\GX010666_MP4-0244_jpg.rf.b4e60c0ecd2de04f3b7bfa859ee463c3.jpg,GX010666_MP4-0244_jpg.rf.b4e60c0ecd2de04f3b7bfa859ee463c3.jpg,0.3981863856315613
C:\Users\carmonta\Desktop\data-centric-cross-season-transfer\datasets\train_on_2025_all\images\GX010666_MP4-0246_jpg.rf.35bd3515d446d501e0c3ae02f3e55b13.jpg,GX010666_MP4-0246_jpg.rf.35bd3515d446d501e0c3ae02f3e55b13.jpg,0.23822861909866333
C:\Users\carmonta\Desktop\data-centric-cross-season-transfer\datasets\train_on_2025_all\images\GX010666_MP4-0247_jpg.rf.23ab8a02e173d3d91b3a35158c52de5b.jpg,GX010666_MP4-0247_jpg.rf.23ab8a02e173d3d91b3a35158c52de5b.jpg,0.7920609712600708
C:\Users\carmonta\Desktop\data-centric-cross-season-transfer\datasets\train_on_2025_all\images\GX010666_MP4-0247_jpg.rf.c10223a8c6bafd9af39a57bd57e3516b.jpg,GX010666_MP4-0247_jpg.rf.c10223a8c6bafd9af39a57bd57e3516b.jpg,0.7834625244140625
C:\Users\carmonta\Desktop\data-centric-cross-season-transfer\datasets\train_on_2025_all\images\GX010666_MP4-0247_jpg.rf.fb7e1a8267acd941e08937016c122556.jpg,GX010666_MP4-0247_jpg.rf.fb7e1a8267acd941e08937016c122556.jpg,0.7932359278202057
C:\Users\carmonta\Desktop\data-centric-cross-season-transfer\datasets\train_on_2025_all\images\GX010666_MP4-0248_jpg.rf.38bb7257e89b2483aacaa1f326a50358.jpg,GX010666_MP4-0248_jpg.rf.38bb7257e89b2483aacaa1f326a50358.jpg,0.3945595622062683
C:\Users\carmonta\Desktop\data-centric-cross-season-transfer\datasets\train_on_2025_all\images\GX010666_MP4-0248_jpg.rf.980302a77336dd4ffe4b6092f93e5946.jpg,GX010666_MP4-0248_jpg.rf.980302a77336dd4ffe4b6092f93e5946.jpg,0.44385045766830444
C:\Users\carmonta\Desktop\data-centric-cross-season-transfer\datasets\train_on_2025_all\images\GX010666_MP4-0249_jpg.rf.20c64e63a5ba1abeac1d0f605db40a6c.jpg,GX010666_MP4-0249_jpg.rf.20c64e63a5ba1abeac1d0f605db40a6c.jpg,0.24719500541687012
C:\Users\carmonta\Desktop\data-centric-cross-season-transfer\datasets\train_on_2025_all\images\GX010666_MP4-0249_jpg.rf.c4c26ed2d166b9deb9fc31d15581dc69.jpg,GX010666_MP4-0249_jpg.rf.c4c26ed2d166b9deb9fc31d15581dc69.jpg,0.3839738368988037
C:\Users\carmonta\Desktop\data-centric-cross-season-transfer\datasets\train_on_2025_all\images\GX010666_MP4-0249_jpg.rf.d147ed8b123fcc9b8e2035d06cbf78d1.jpg,GX010666_MP4-0249_jpg.rf.d147ed8b123fcc9b8e2035d06cbf78d1.jpg,0.24752497673034668
C:\Users\carmonta\Desktop\data-centric-cross-season-transfer\datasets\train_on_2025_all\images\GX010666_MP4-0250_jpg.rf.0b4951af536755e383522f7c7ef7b5fd.jpg,GX010666_MP4-0250_jpg.rf.0b4951af536755e383522f7c7ef7b5fd.jpg,0.2630862593650818
C:\Users\carmonta\Desktop\data-centric-cross-season-transfer\datasets\train_on_2025_all\images\GX010666_MP4-0250_jpg.rf.330cb86eac42bf24caeef5331b546149.jpg,GX010666_MP4-0250_jpg.rf.330cb86eac42bf24caeef5331b546149.jpg,0.2691602110862732
C:\Users\carmonta\Desktop\data-centric-cross-season-transfer\datasets\train_on_2025_all\images\GX010666_MP4-0250_jpg.rf.8e91c0710f7374c38cbf12a3a56f0fad.jpg,GX010666_MP4-0250_jpg.rf.8e91c0710f7374c38cbf12a3a56f0fad.jpg,0.26086610555648804
C:\Users\carmonta\Desktop\data-centric-cross-season-transfer\datasets\train_on_2025_all\images\GX010666_MP4-0251_jpg.rf.3a7ec304e7737652c436401176affa7c.jpg,GX010666_MP4-0251_jpg.rf.3a7ec304e7737652c436401176affa7c.jpg,0.3299407958984375
C:\Users\carmonta\Desktop\data-centric-cross-season-transfer\datasets\train_on_2025_all\images\GX010666_MP4-0251_jpg.rf.7fa46dfc7b1cb6e6d44621594eed4eba.jpg,GX010666_MP4-0251_jpg.rf.7fa46dfc7b1cb6e6d44621594eed4eba.jpg,0.3985268473625183
C:\Users\carmonta\Desktop\data-centric-cross-season-transfer\datasets\train_on_2025_all\images\GX010666_MP4-0251_jpg.rf.95d61e551c54bfd400be370dbfc114fc.jpg,GX010666_MP4-0251_jpg.rf.95d61e551c54bfd400be370dbfc114fc.jpg,0.32856643199920654
C:\Users\carmonta\Desktop\data-centric-cross-season-transfer\datasets\train_on_2025_all\images\GX010666_MP4-0252_jpg.rf.8843daba6b5f00b3e54b149e6677ceba.jpg,GX010666_MP4-0252_jpg.rf.8843daba6b5f00b3e54b149e6677ceba.jpg,0.5059669613838196
C:\Users\carmonta\Desktop\data-centric-cross-season-transfer\datasets\train_on_2025_all\images\GX010666_MP4-0252_jpg.rf.aa818fe2702cc0d7ea1b618a699c237d.jpg,GX010666_MP4-0252_jpg.rf.aa818fe2702cc0d7ea1b618a699c237d.jpg,0.5064041614532471
C:\Users\carmonta\Desktop\data-centric-cross-season-transfer\datasets\train_on_2025_all\images\GX010666_MP4-0253_jpg.rf.5530ab205385b4495a23ced845cafa81.jpg,GX010666_MP4-0253_jpg.rf.5530ab205385b4495a23ced845cafa81.jpg,0.19178074598312378
C:\Users\carmonta\Desktop\data-centric-cross-season-transfer\datasets\train_on_2025_all\images\GX010666_MP4-0253_jpg.rf.ecd4e0000fdc5152fc73ffc3e3e91cd3.jpg,GX010666_MP4-0253_jpg.rf.ecd4e0000fdc5152fc73ffc3e3e91cd3.jpg,0.19181060791015625
C:\Users\carmonta\Desktop\data-centric-cross-season-transfer\datasets\train_on_2025_all\images\GX010666_MP4-0255_jpg.rf.065922a23ea8d45c3728b53f1b9306b9.jpg,GX010666_MP4-0255_jpg.rf.065922a23ea8d45c3728b53f1b9306b9.jpg,0.5311249494552612
C:\Users\carmonta\Desktop\data-centric-cross-season-transfer\datasets\train_on_2025_all\images\GX010666_MP4-0256_jpg.rf.608542657640e4f78830a83178db9ee9.jpg,GX010666_MP4-0256_jpg.rf.608542657640e4f78830a83178db9ee9.jpg,0.728696197271347
C:\Users\carmonta\Desktop\data-centric-cross-season-transfer\datasets\train_on_2025_all\images\GX010666_MP4-0256_jpg.rf.a75c171a6e098e032eba47a2d3428d00.jpg,GX010666_MP4-0256_jpg.rf.a75c171a6e098e032eba47a2d3428d00.jpg,0.730488121509552
C:\Users\carmonta\Desktop\data-centric-cross-season-transfer\datasets\train_on_2025_all\images\GX010666_MP4-0256_jpg.rf.bd58a65411b599f9dbf37deb4de16f77.jpg,GX010666_MP4-0256_jpg.rf.bd58a65411b599f9dbf37deb4de16f77.jpg,0.7316506505012512
C:\Users\carmonta\Desktop\data-centric-cross-season-transfer\datasets\train_on_2025_all\images\GX010666_MP4-0257_jpg.rf.bd5cbe9c837f7f365346f89ff6c17a76.jpg,GX010666_MP4-0257_jpg.rf.bd5cbe9c837f7f365346f89ff6c17a76.jpg,0.7720007002353668
C:\Users\carmonta\Desktop\data-centric-cross-season-transfer\datasets\train_on_2025_all\images\GX010666_MP4-0257_jpg.rf.fd8ea6106f8bb72e4b375e27014b3db3.jpg,GX010666_MP4-0257_jpg.rf.fd8ea6106f8bb72e4b375e27014b3db3.jpg,0.7725382447242737
C:\Users\carmonta\Desktop\data-centric-cross-season-transfer\datasets\train_on_2025_all\images\GX010666_MP4-0258_jpg.rf.c723f6b46b891d222ce3a64bc0514fa9.jpg,GX010666_MP4-0258_jpg.rf.c723f6b46b891d222ce3a64bc0514fa9.jpg,0.48339253664016724
C:\Users\carmonta\Desktop\data-centric-cross-season-transfer\datasets\train_on_2025_all\images\GX010666_MP4-0258_jpg.rf.ed437368bb371c8c37c374baae99ff4c.jpg,GX010666_MP4-0258_jpg.rf.ed437368bb371c8c37c374baae99ff4c.jpg,0.4782748222351074
C:\Users\carmonta\Desktop\data-centric-cross-season-transfer\datasets\train_on_2025_all\images\GX010666_MP4-0258_jpg.rf.fa2bb31a9d500dd5517ffbf65277c2fe.jpg,GX010666_MP4-0258_jpg.rf.fa2bb31a9d500dd5517ffbf65277c2fe.jpg,0.48339253664016724
C:\Users\carmonta\Desktop\data-centric-cross-season-transfer\datasets\train_on_2025_all\images\GX010666_MP4-0259_jpg.rf.3066d46da5a9686e65925de84bacb6b4.jpg,GX010666_MP4-0259_jpg.rf.3066d46da5a9686e65925de84bacb6b4.jpg,0.7092612087726593
C:\Users\carmonta\Desktop\data-centric-cross-season-transfer\datasets\train_on_2025_all\images\GX010666_MP4-0259_jpg.rf.9d5287ab3b91132861e8a633787c7ede.jpg,GX010666_MP4-0259_jpg.rf.9d5287ab3b91132861e8a633787c7ede.jpg,0.6487015783786774
C:\Users\carmonta\Desktop\data-centric-cross-season-transfer\datasets\train_on_2025_all\images\GX010666_MP4-0259_jpg.rf.b35daf3075eb23a5ee1bec3e101dde2b.jpg,GX010666_MP4-0259_jpg.rf.b35daf3075eb23a5ee1bec3e101dde2b.jpg,0.7093486487865448
C:\Users\carmonta\Desktop\data-centric-cross-season-transfer\datasets\train_on_2025_all\images\GX010666_MP4-0260_jpg.rf.b73e23de496afd12018854489edccd82.jpg,GX010666_MP4-0260_jpg.rf.b73e23de496afd12018854489edccd82.jpg,0.7154588997364044
C:\Users\carmonta\Desktop\data-centric-cross-season-transfer\datasets\train_on_2025_all\images\GX010666_MP4-0261_jpg.rf.0817003c7fa79c04478d635e817b97a6.jpg,GX010666_MP4-0261_jpg.rf.0817003c7fa79c04478d635e817b97a6.jpg,0.743233323097229
C:\Users\carmonta\Desktop\data-centric-cross-season-transfer\datasets\train_on_2025_all\images\GX010666_MP4-0261_jpg.rf.edea7f342799144967065f941a5a9ec4.jpg,GX010666_MP4-0261_jpg.rf.edea7f342799144967065f941a5a9ec4.jpg,0.743242084980011
C:\Users\carmonta\Desktop\data-centric-cross-season-transfer\datasets\train_on_2025_all\images\GX010666_MP4-0261_jpg.rf.f1532f641dd09fcc2e380fe667046e36.jpg,GX010666_MP4-0261_jpg.rf.f1532f641dd09fcc2e380fe667046e36.jpg,0.7438326179981232
C:\Users\carmonta\Desktop\data-centric-cross-season-transfer\datasets\train_on_2025_all\images\GX010666_MP4-0262_jpg.rf.1a748f3725ff6d37f2c3e62ef85441d3.jpg,GX010666_MP4-0262_jpg.rf.1a748f3725ff6d37f2c3e62ef85441d3.jpg,0.4639151096343994
C:\Users\carmonta\Desktop\data-centric-cross-season-transfer\datasets\train_on_2025_all\images\GX010666_MP4-0262_jpg.rf.2db3f92a4add9047b6b271e0c71bda78.jpg,GX010666_MP4-0262_jpg.rf.2db3f92a4add9047b6b271e0c71bda78.jpg,0.4569205045700073
C:\Users\carmonta\Desktop\data-centric-cross-season-transfer\datasets\train_on_2025_all\images\GX010666_MP4-0262_jpg.rf.9d0a09a8700244744c1202f0699fa64d.jpg,GX010666_MP4-0262_jpg.rf.9d0a09a8700244744c1202f0699fa64d.jpg,0.6567354500293732
C:\Users\carmonta\Desktop\data-centric-cross-season-transfer\datasets\train_on_2025_all\images\GX010666_MP4-0263_jpg.rf.79cd10e2ac661d6d51fa4cb8b23f4075.jpg,GX010666_MP4-0263_jpg.rf.79cd10e2ac661d6d51fa4cb8b23f4075.jpg,0.3670552372932434
C:\Users\carmonta\Desktop\data-centric-cross-season-transfer\datasets\train_on_2025_all\images\GX010666_MP4-0264_jpg.rf.0c5afebcde9c625d909af8070bb5686b.jpg,GX010666_MP4-0264_jpg.rf.0c5afebcde9c625d909af8070bb5686b.jpg,0.8514084219932556
C:\Users\carmonta\Desktop\data-centric-cross-season-transfer\datasets\train_on_2025_all\images\GX010666_MP4-0264_jpg.rf.251d2291977ca2ba0b42ad7119c12634.jpg,GX010666_MP4-0264_jpg.rf.251d2291977ca2ba0b42ad7119c12634.jpg,0.8515184670686722
C:\Users\carmonta\Desktop\data-centric-cross-season-transfer\datasets\train_on_2025_all\images\GX010666_MP4-0265_jpg.rf.2263a2fa2eb4017037859c64dd23f925.jpg,GX010666_MP4-0265_jpg.rf.2263a2fa2eb4017037859c64dd23f925.jpg,0.8252382278442383
C:\Users\carmonta\Desktop\data-centric-cross-season-transfer\datasets\train_on_2025_all\images\GX010666_MP4-0265_jpg.rf.4831e1784d0006486b7d02b28482f619.jpg,GX010666_MP4-0265_jpg.rf.4831e1784d0006486b7d02b28482f619.jpg,0.8252382278442383
C:\Users\carmonta\Desktop\data-centric-cross-season-transfer\datasets\train_on_2025_all\images\GX010666_MP4-0267_jpg.rf.4e4c9fef27dba752c281f1a0214cbf51.jpg,GX010666_MP4-0267_jpg.rf.4e4c9fef27dba752c281f1a0214cbf51.jpg,0.1445121169090271
C:\Users\carmonta\Desktop\data-centric-cross-season-transfer\datasets\train_on_2025_all\images\GX010666_MP4-0267_jpg.rf.676fa23503f3e55a7b79a7b369c19cc1.jpg,GX010666_MP4-0267_jpg.rf.676fa23503f3e55a7b79a7b369c19cc1.jpg,0.14503419399261475
C:\Users\carmonta\Desktop\data-centric-cross-season-transfer\datasets\train_on_2025_all\images\GX010666_MP4-0268_jpg.rf.042b2f1cbea42f0c196e78666b1b6933.jpg,GX010666_MP4-0268_jpg.rf.042b2f1cbea42f0c196e78666b1b6933.jpg,0.31417661905288696
C:\Users\carmonta\Desktop\data-centric-cross-season-transfer\datasets\train_on_2025_all\images\GX010666_MP4-0268_jpg.rf.d5da69f60fcd6e9edb4d064b776a4ed8.jpg,GX010666_MP4-0268_jpg.rf.d5da69f60fcd6e9edb4d064b776a4ed8.jpg,0.3273497223854065
C:\Users\carmonta\Desktop\data-centric-cross-season-transfer\datasets\train_on_2025_all\images\GX010666_MP4-0271_jpg.rf.49bb0c7b2db0cb00b3e69b63f17781c6.jpg,GX010666_MP4-0271_jpg.rf.49bb0c7b2db0cb00b3e69b63f17781c6.jpg,0.6908960938453674
C:\Users\carmonta\Desktop\data-centric-cross-season-transfer\datasets\train_on_2025_all\images\GX010666_MP4-0271_jpg.rf.5c4149e5f182ba87d4712c371fa7354f.jpg,GX010666_MP4-0271_jpg.rf.5c4149e5f182ba87d4712c371fa7354f.jpg,0.7254962921142578
C:\Users\carmonta\Desktop\data-centric-cross-season-transfer\datasets\train_on_2025_all\images\GX010666_MP4-0272_jpg.rf.41b7fc9c93b3a473fff1731e8b82212a.jpg,GX010666_MP4-0272_jpg.rf.41b7fc9c93b3a473fff1731e8b82212a.jpg,0.28577786684036255
C:\Users\carmonta\Desktop\data-centric-cross-season-transfer\datasets\train_on_2025_all\images\GX010666_MP4-0281_jpg.rf.4cfb76d007bcc2508762bdbe345a61f3.jpg,GX010666_MP4-0281_jpg.rf.4cfb76d007bcc2508762bdbe345a61f3.jpg,0.9344783946871758
C:\Users\carmonta\Desktop\data-centric-cross-season-transfer\datasets\train_on_2025_all\images\GX010666_MP4-0281_jpg.rf.5c62fa6f13a8f801e2e641e7b831aa44.jpg,GX010666_MP4-0281_jpg.rf.5c62fa6f13a8f801e2e641e7b831aa44.jpg,0.9405877627432346
C:\Users\carmonta\Desktop\data-centric-cross-season-transfer\datasets\train_on_2025_all\images\GX010666_MP4-0281_jpg.rf.f74f3beaf729a406e0a3582b92002588.jpg,GX010666_MP4-0281_jpg.rf.f74f3beaf729a406e0a3582b92002588.jpg,0.9336020797491074
C:\Users\carmonta\Desktop\data-centric-cross-season-transfer\datasets\train_on_2025_all\images\GX010666_MP4-0282_jpg.rf.010de7125387bf2c4b58aa356e762124.jpg,GX010666_MP4-0282_jpg.rf.010de7125387bf2c4b58aa356e762124.jpg,0.9904780015349388
C:\Users\carmonta\Desktop\data-centric-cross-season-transfer\datasets\train_on_2025_all\images\GX010666_MP4-0282_jpg.rf.6f6b4eabdf6c36c15d9f50db6559e724.jpg,GX010666_MP4-0282_jpg.rf.6f6b4eabdf6c36c15d9f50db6559e724.jpg,0.9922922668047249
C:\Users\carmonta\Desktop\data-centric-cross-season-transfer\datasets\train_on_2025_all\images\GX010666_MP4-0283_jpg.rf.ab26b4198daea1f5ebc1ed411cfc8b65.jpg,GX010666_MP4-0283_jpg.rf.ab26b4198daea1f5ebc1ed411cfc8b65.jpg,0.9975074767135084
C:\Users\carmonta\Desktop\data-centric-cross-season-transfer\datasets\train_on_2025_all\images\GX010666_MP4-0283_jpg.rf.b1a3f22c0d71a851e8d9a1429a018e3a.jpg,GX010666_MP4-0283_jpg.rf.b1a3f22c0d71a851e8d9a1429a018e3a.jpg,0.9980500001693144
C:\Users\carmonta\Desktop\data-centric-cross-season-transfer\datasets\train_on_2025_all\images\GX010666_MP4-0283_jpg.rf.c850cb0909ff3d2c54e1697b8c2a8cc4.jpg,GX010666_MP4-0283_jpg.rf.c850cb0909ff3d2c54e1697b8c2a8cc4.jpg,0.9973270355258137
C:\Users\carmonta\Desktop\data-centric-cross-season-transfer\datasets\train_on_2025_all\images\GX010666_MP4-0285_jpg.rf.3d3c939c2a409e50015f68c9fab4d2ab.jpg,GX010666_MP4-0285_jpg.rf.3d3c939c2a409e50015f68c9fab4d2ab.jpg,0.7100640535354614
C:\Users\carmonta\Desktop\data-centric-cross-season-transfer\datasets\train_on_2025_all\images\GX010666_MP4-0285_jpg.rf.611bfb302335feaa82207dfa61b9441b.jpg,GX010666_MP4-0285_jpg.rf.611bfb302335feaa82207dfa61b9441b.jpg,0.7621405869722366
C:\Users\carmonta\Desktop\data-centric-cross-season-transfer\datasets\train_on_2025_all\images\GX010666_MP4-0285_jpg.rf.96627b3dc8d103f4f9acf0e8a40ee826.jpg,GX010666_MP4-0285_jpg.rf.96627b3dc8d103f4f9acf0e8a40ee826.jpg,0.6359566152095795
C:\Users\carmonta\Desktop\data-centric-cross-season-transfer\datasets\train_on_2025_all\images\GX010666_MP4-0286_jpg.rf.188746edd256d352cbcda4c4068236dc.jpg,GX010666_MP4-0286_jpg.rf.188746edd256d352cbcda4c4068236dc.jpg,0.6509483456611633
C:\Users\carmonta\Desktop\data-centric-cross-season-transfer\datasets\train_on_2025_all\images\GX010666_MP4-0286_jpg.rf.a1dabdb37d7a2e62c6363ca3c95d2d2a.jpg,GX010666_MP4-0286_jpg.rf.a1dabdb37d7a2e62c6363ca3c95d2d2a.jpg,0.6610037684440613
C:\Users\carmonta\Desktop\data-centric-cross-season-transfer\datasets\train_on_2025_all\images\GX010666_MP4-0287_jpg.rf.254808ae9b297e8007157f0f17e20879.jpg,GX010666_MP4-0287_jpg.rf.254808ae9b297e8007157f0f17e20879.jpg,0.21155035495758057
C:\Users\carmonta\Desktop\data-centric-cross-season-transfer\datasets\train_on_2025_all\images\GX010666_MP4-0287_jpg.rf.3a728097d1fb67ddf5248d946b7c64f9.jpg,GX010666_MP4-0287_jpg.rf.3a728097d1fb67ddf5248d946b7c64f9.jpg,0.2057286500930786
C:\Users\carmonta\Desktop\data-centric-cross-season-transfer\datasets\train_on_2025_all\images\GX010666_MP4-0287_jpg.rf.58a25fedd9743b99b7d5c559cd159018.jpg,GX010666_MP4-0287_jpg.rf.58a25fedd9743b99b7d5c559cd159018.jpg,0.2076050043106079
C:\Users\carmonta\Desktop\data-centric-cross-season-transfer\datasets\train_on_2025_all\images\GX010666_MP4-0288_jpg.rf.6fbe92385be4df4b45eed5f8fec96d26.jpg,GX010666_MP4-0288_jpg.rf.6fbe92385be4df4b45eed5f8fec96d26.jpg,0.5677078366279602
C:\Users\carmonta\Desktop\data-centric-cross-season-transfer\datasets\train_on_2025_all\images\GX010666_MP4-0289_jpg.rf.de4ebda1fbb691af5aaed9cfd2f8b50a.jpg,GX010666_MP4-0289_jpg.rf.de4ebda1fbb691af5aaed9cfd2f8b50a.jpg,0.7865391224622726
C:\Users\carmonta\Desktop\data-centric-cross-season-transfer\datasets\train_on_2025_all\images\GX010666_MP4-0295_jpg.rf.95d2ef06dd5257a254cf04b4c510be8d.jpg,GX010666_MP4-0295_jpg.rf.95d2ef06dd5257a254cf04b4c510be8d.jpg,0.7299295365810394
C:\Users\carmonta\Desktop\data-centric-cross-season-transfer\datasets\train_on_2025_all\images\GX010666_MP4-0295_jpg.rf.af4a82c0209914dbf14df75477f3ffaf.jpg,GX010666_MP4-0295_jpg.rf.af4a82c0209914dbf14df75477f3ffaf.jpg,0.7330078482627869
C:\Users\carmonta\Desktop\data-centric-cross-season-transfer\datasets\train_on_2025_all\images\GX010666_MP4-0295_jpg.rf.bb76638c053e1c89b7d3fbc0bb32849a.jpg,GX010666_MP4-0295_jpg.rf.bb76638c053e1c89b7d3fbc0bb32849a.jpg,0.7357147634029388
C:\Users\carmonta\Desktop\data-centric-cross-season-transfer\datasets\train_on_2025_all\images\GX010666_MP4-0296_jpg.rf.55c2d0c421c81f4de09a2a9c6b26041c.jpg,GX010666_MP4-0296_jpg.rf.55c2d0c421c81f4de09a2a9c6b26041c.jpg,0.6232797503471375
C:\Users\carmonta\Desktop\data-centric-cross-season-transfer\datasets\train_on_2025_all\images\GX010666_MP4-0298_jpg.rf.4fcdd278799a00e4c5c81857fecacd41.jpg,GX010666_MP4-0298_jpg.rf.4fcdd278799a00e4c5c81857fecacd41.jpg,0.5620538890361786
C:\Users\carmonta\Desktop\data-centric-cross-season-transfer\datasets\train_on_2025_all\images\GX010666_MP4-0298_jpg.rf.a575105b8613a93e00a448d05db09720.jpg,GX010666_MP4-0298_jpg.rf.a575105b8613a93e00a448d05db09720.jpg,0.527330070734024
C:\Users\carmonta\Desktop\data-centric-cross-season-transfer\datasets\train_on_2025_all\images\GX010666_MP4-0299_jpg.rf.2f3e723385a04da79dbbc11b70791b77.jpg,GX010666_MP4-0299_jpg.rf.2f3e723385a04da79dbbc11b70791b77.jpg,0.7371470928192139
C:\Users\carmonta\Desktop\data-centric-cross-season-transfer\datasets\train_on_2025_all\images\GX010666_MP4-0300_jpg.rf.a62d07d669a06e36ef4cda2e26293e1b.jpg,GX010666_MP4-0300_jpg.rf.a62d07d669a06e36ef4cda2e26293e1b.jpg,0.5276246964931488
C:\Users\carmonta\Desktop\data-centric-cross-season-transfer\datasets\train_on_2025_all\images\GX010666_MP4-0300_jpg.rf.e03031aaf73217325382256572c1f6fc.jpg,GX010666_MP4-0300_jpg.rf.e03031aaf73217325382256572c1f6fc.jpg,0.5231851041316986
C:\Users\carmonta\Desktop\data-centric-cross-season-transfer\datasets\train_on_2025_all\images\GX010666_MP4-0301_jpg.rf.c5a72c0c597cb53e742d725765181165.jpg,GX010666_MP4-0301_jpg.rf.c5a72c0c597cb53e742d725765181165.jpg,0.567003607749939
C:\Users\carmonta\Desktop\data-centric-cross-season-transfer\datasets\train_on_2025_all\images\GX010666_MP4-0302_jpg.rf.f65229f730bc3003c066f8ec9bb16c68.jpg,GX010666_MP4-0302_jpg.rf.f65229f730bc3003c066f8ec9bb16c68.jpg,0.46140122413635254
C:\Users\carmonta\Desktop\data-centric-cross-season-transfer\datasets\train_on_2025_all\images\GX010666_MP4-0302_jpg.rf.fe91c308598096d2c5068267830d41ab.jpg,GX010666_MP4-0302_jpg.rf.fe91c308598096d2c5068267830d41ab.jpg,0.46164441108703613
C:\Users\carmonta\Desktop\data-centric-cross-season-transfer\datasets\train_on_2025_all\images\GX010666_MP4-0304_jpg.rf.34a8fd8ee8ef8c92a0964962c5815099.jpg,GX010666_MP4-0304_jpg.rf.34a8fd8ee8ef8c92a0964962c5815099.jpg,0.14994770288467407
C:\Users\carmonta\Desktop\data-centric-cross-season-transfer\datasets\train_on_2025_all\images\GX010666_MP4-0304_jpg.rf.7bfb6eeb047ee1b416e61c6a9c3c222c.jpg,GX010666_MP4-0304_jpg.rf.7bfb6eeb047ee1b416e61c6a9c3c222c.jpg,0.14896804094314575
C:\Users\carmonta\Desktop\data-centric-cross-season-transfer\datasets\train_on_2025_all\images\GX010666_MP4-0305_jpg.rf.ab108c990177ac5837aab9b46490ea21.jpg,GX010666_MP4-0305_jpg.rf.ab108c990177ac5837aab9b46490ea21.jpg,0.21955138444900513
C:\Users\carmonta\Desktop\data-centric-cross-season-transfer\datasets\train_on_2025_all\images\GX010666_MP4-0305_jpg.rf.da2fa2e07491c4833e9837818dc85384.jpg,GX010666_MP4-0305_jpg.rf.da2fa2e07491c4833e9837818dc85384.jpg,0.22119641304016113
C:\Users\carmonta\Desktop\data-centric-cross-season-transfer\datasets\train_on_2025_all\images\GX010666_MP4-0306_jpg.rf.510bdd4e207497a225938f10e6227a3c.jpg,GX010666_MP4-0306_jpg.rf.510bdd4e207497a225938f10e6227a3c.jpg,0.4985947012901306
C:\Users\carmonta\Desktop\data-centric-cross-season-transfer\datasets\train_on_2025_all\images\GX010666_MP4-0306_jpg.rf.86fa0ac0caf195213ce0fae4faa896ea.jpg,GX010666_MP4-0306_jpg.rf.86fa0ac0caf195213ce0fae4faa896ea.jpg,0.49697595834732056
C:\Users\carmonta\Desktop\data-centric-cross-season-transfer\datasets\train_on_2025_all\images\GX010666_MP4-0306_jpg.rf.f1a79089226ca8d9116e769c1ad3e272.jpg,GX010666_MP4-0306_jpg.rf.f1a79089226ca8d9116e769c1ad3e272.jpg,0.49697595834732056
C:\Users\carmonta\Desktop\data-centric-cross-season-transfer\datasets\train_on_2025_all\images\GX010666_MP4-0309_jpg.rf.3777c15f4194cc29572b1f9e5bd833dc.jpg,GX010666_MP4-0309_jpg.rf.3777c15f4194cc29572b1f9e5bd833dc.jpg,0.2571086883544922
C:\Users\carmonta\Desktop\data-centric-cross-season-transfer\datasets\train_on_2025_all\images\GX010666_MP4-0309_jpg.rf.84646b315ebed512e500219ee6e561cd.jpg,GX010666_MP4-0309_jpg.rf.84646b315ebed512e500219ee6e561cd.jpg,0.3783482313156128
C:\Users\carmonta\Desktop\data-centric-cross-season-transfer\datasets\train_on_2025_all\images\GX010666_MP4-0309_jpg.rf.c5f16fa700fc69067807134cc74d7564.jpg,GX010666_MP4-0309_jpg.rf.c5f16fa700fc69067807134cc74d7564.jpg,0.3783482313156128
C:\Users\carmonta\Desktop\data-centric-cross-season-transfer\datasets\train_on_2025_all\images\GX010666_MP4-0310_jpg.rf.8f43f3c617552358de822537d85aaf92.jpg,GX010666_MP4-0310_jpg.rf.8f43f3c617552358de822537d85aaf92.jpg,0.7568445205688477
C:\Users\carmonta\Desktop\data-centric-cross-season-transfer\datasets\train_on_2025_all\images\GX010666_MP4-0310_jpg.rf.cbc11e24136832c3e5b62741d3057572.jpg,GX010666_MP4-0310_jpg.rf.cbc11e24136832c3e5b62741d3057572.jpg,0.743492990732193
C:\Users\carmonta\Desktop\data-centric-cross-season-transfer\datasets\train_on_2025_all\images\GX010666_MP4-0310_jpg.rf.f824889c5990937dcfcc30c4d3ee8e5b.jpg,GX010666_MP4-0310_jpg.rf.f824889c5990937dcfcc30c4d3ee8e5b.jpg,0.7435140609741211
C:\Users\carmonta\Desktop\data-centric-cross-season-transfer\datasets\train_on_2025_all\images\GX010666_MP4-0311_jpg.rf.50115e02613ad286adc25371b9618b30.jpg,GX010666_MP4-0311_jpg.rf.50115e02613ad286adc25371b9618b30.jpg,0.728235274553299
C:\Users\carmonta\Desktop\data-centric-cross-season-transfer\datasets\train_on_2025_all\images\GX010666_MP4-0311_jpg.rf.d62a678d345fe9d2b5de42a53bd6a227.jpg,GX010666_MP4-0311_jpg.rf.d62a678d345fe9d2b5de42a53bd6a227.jpg,0.7331638932228088
C:\Users\carmonta\Desktop\data-centric-cross-season-transfer\datasets\train_on_2025_all\images\GX010666_MP4-0312_jpg.rf.06bcd13928296c190d713784af585dfe.jpg,GX010666_MP4-0312_jpg.rf.06bcd13928296c190d713784af585dfe.jpg,0.4476146101951599
C:\Users\carmonta\Desktop\data-centric-cross-season-transfer\datasets\train_on_2025_all\images\GX010666_MP4-0312_jpg.rf.41a55ec393ce8c33e3ae958969a05685.jpg,GX010666_MP4-0312_jpg.rf.41a55ec393ce8c33e3ae958969a05685.jpg,0.40657275915145874
C:\Users\carmonta\Desktop\data-centric-cross-season-transfer\datasets\train_on_2025_all\images\GX010666_MP4-0312_jpg.rf.73c0df0f9408768820c741cdae3c469c.jpg,GX010666_MP4-0312_jpg.rf.73c0df0f9408768820c741cdae3c469c.jpg,0.4563540816307068
C:\Users\carmonta\Desktop\data-centric-cross-season-transfer\datasets\train_on_2025_all\images\GX010666_MP4-0313_jpg.rf.77d7c963fb32634a7720c106eaca7c26.jpg,GX010666_MP4-0313_jpg.rf.77d7c963fb32634a7720c106eaca7c26.jpg,0.3615952134132385
C:\Users\carmonta\Desktop\data-centric-cross-season-transfer\datasets\train_on_2025_all\images\GX010666_MP4-0313_jpg.rf.81e7e6c8c29f5f25e422f310253c7eb8.jpg,GX010666_MP4-0313_jpg.rf.81e7e6c8c29f5f25e422f310253c7eb8.jpg,0.3654544949531555
C:\Users\carmonta\Desktop\data-centric-cross-season-transfer\datasets\train_on_2025_all\images\GX010666_MP4-0313_jpg.rf.e0cac2733ea96368f73fb4622db330f3.jpg,GX010666_MP4-0313_jpg.rf.e0cac2733ea96368f73fb4622db330f3.jpg,0.3585655093193054
C:\Users\carmonta\Desktop\data-centric-cross-season-transfer\datasets\train_on_2025_all\images\GX010666_MP4-0317_jpg.rf.12510ee19fa93a8679df3a3d793fd13d.jpg,GX010666_MP4-0317_jpg.rf.12510ee19fa93a8679df3a3d793fd13d.jpg,0.14139288663864136
C:\Users\carmonta\Desktop\data-centric-cross-season-transfer\datasets\train_on_2025_all\images\GX010666_MP4-0317_jpg.rf.6524315a2715afc69b2e4f52f3a4292f.jpg,GX010666_MP4-0317_jpg.rf.6524315a2715afc69b2e4f52f3a4292f.jpg,0.14168477058410645
C:\Users\carmonta\Desktop\data-centric-cross-season-transfer\datasets\train_on_2025_all\images\GX010666_MP4-0317_jpg.rf.ab19ee896d3bde280e396c5469129f4c.jpg,GX010666_MP4-0317_jpg.rf.ab19ee896d3bde280e396c5469129f4c.jpg,0.14201128482818604
C:\Users\carmonta\Desktop\data-centric-cross-season-transfer\datasets\train_on_2025_all\images\GX010666_MP4-0318_jpg.rf.47803a7d9adf183bd1a83d34abbc7475.jpg,GX010666_MP4-0318_jpg.rf.47803a7d9adf183bd1a83d34abbc7475.jpg,0.15002727508544922
C:\Users\carmonta\Desktop\data-centric-cross-season-transfer\datasets\train_on_2025_all\images\GX010666_MP4-0318_jpg.rf.9afde6c6ff8161c779b7aa014c630577.jpg,GX010666_MP4-0318_jpg.rf.9afde6c6ff8161c779b7aa014c630577.jpg,0.14923512935638428
C:\Users\carmonta\Desktop\data-centric-cross-season-transfer\datasets\train_on_2025_all\images\GX010666_MP4-0318_jpg.rf.cc3401eab550f515237c4a149337f7c6.jpg,GX010666_MP4-0318_jpg.rf.cc3401eab550f515237c4a149337f7c6.jpg,0.14981025457382202
C:\Users\carmonta\Desktop\data-centric-cross-season-transfer\datasets\train_on_2025_all\images\GX010666_MP4-0319_jpg.rf.773bb6d7a414d57ff3b208993b222424.jpg,GX010666_MP4-0319_jpg.rf.773bb6d7a414d57ff3b208993b222424.jpg,0.5840334892272949
C:\Users\carmonta\Desktop\data-centric-cross-season-transfer\datasets\train_on_2025_all\images\GX010666_MP4-0319_jpg.rf.803a84abbf558f58979df026c91e4275.jpg,GX010666_MP4-0319_jpg.rf.803a84abbf558f58979df026c91e4275.jpg,0.5847993493080139
C:\Users\carmonta\Desktop\data-centric-cross-season-transfer\datasets\train_on_2025_all\images\GX010666_MP4-0319_jpg.rf.9486b8bc949ad2634445610e6c943f65.jpg,GX010666_MP4-0319_jpg.rf.9486b8bc949ad2634445610e6c943f65.jpg,0.5847063064575195
C:\Users\carmonta\Desktop\data-centric-cross-season-transfer\datasets\train_on_2025_all\images\GX010666_MP4-0320_jpg.rf.7315d2642d52d03c50e7889e97a2d393.jpg,GX010666_MP4-0320_jpg.rf.7315d2642d52d03c50e7889e97a2d393.jpg,0.7065617144107819
C:\Users\carmonta\Desktop\data-centric-cross-season-transfer\datasets\train_on_2025_all\images\GX010666_MP4-0320_jpg.rf.8acb5665af136f13a0f8e38bfa2237fc.jpg,GX010666_MP4-0320_jpg.rf.8acb5665af136f13a0f8e38bfa2237fc.jpg,0.7150063812732697
C:\Users\carmonta\Desktop\data-centric-cross-season-transfer\datasets\train_on_2025_all\images\GX010666_MP4-0331_jpg.rf.1233d1e0e8af3d19563a00b3f225f920.jpg,GX010666_MP4-0331_jpg.rf.1233d1e0e8af3d19563a00b3f225f920.jpg,0.8296357989311218
C:\Users\carmonta\Desktop\data-centric-cross-season-transfer\datasets\train_on_2025_all\images\GX010666_MP4-0331_jpg.rf.12b1225fae81698b2d345fb9b90ca86c.jpg,GX010666_MP4-0331_jpg.rf.12b1225fae81698b2d345fb9b90ca86c.jpg,0.812606081366539
C:\Users\carmonta\Desktop\data-centric-cross-season-transfer\datasets\train_on_2025_all\images\GX010666_MP4-0331_jpg.rf.8ce37774b8a202299785469d139f11fe.jpg,GX010666_MP4-0331_jpg.rf.8ce37774b8a202299785469d139f11fe.jpg,0.8127346336841583
C:\Users\carmonta\Desktop\data-centric-cross-season-transfer\datasets\train_on_2025_all\images\GX010666_MP4-0333_jpg.rf.c1181e80f44cd7421284f172d4366d34.jpg,GX010666_MP4-0333_jpg.rf.c1181e80f44cd7421284f172d4366d34.jpg,0.6928850710391998
C:\Users\carmonta\Desktop\data-centric-cross-season-transfer\datasets\train_on_2025_all\images\GX010666_MP4-0333_jpg.rf.cc1512c05603c4d758a02d803bd9958f.jpg,GX010666_MP4-0333_jpg.rf.cc1512c05603c4d758a02d803bd9958f.jpg,0.6959425806999207
C:\Users\carmonta\Desktop\data-centric-cross-season-transfer\datasets\train_on_2025_all\images\GX010666_MP4-0333_jpg.rf.de2e6f143a598ccac069104972c823d1.jpg,GX010666_MP4-0333_jpg.rf.de2e6f143a598ccac069104972c823d1.jpg,0.6630890667438507
C:\Users\carmonta\Desktop\data-centric-cross-season-transfer\datasets\train_on_2025_all\images\GX010666_MP4-0334_jpg.rf.f2113772710263a1cfb2ec6402b3a9e9.jpg,GX010666_MP4-0334_jpg.rf.f2113772710263a1cfb2ec6402b3a9e9.jpg,0.6179921925067902
C:\Users\carmonta\Desktop\data-centric-cross-season-transfer\datasets\train_on_2025_all\images\GX010666_MP4-0335_jpg.rf.3a2df5f570fbd04ab6744b17bf6f2716.jpg,GX010666_MP4-0335_jpg.rf.3a2df5f570fbd04ab6744b17bf6f2716.jpg,0.4560752511024475
C:\Users\carmonta\Desktop\data-centric-cross-season-transfer\datasets\train_on_2025_all\images\GX010666_MP4-0335_jpg.rf.a6573a88eab21394f2518d824f8aeefa.jpg,GX010666_MP4-0335_jpg.rf.a6573a88eab21394f2518d824f8aeefa.jpg,0.4560752511024475
C:\Users\carmonta\Desktop\data-centric-cross-season-transfer\datasets\train_on_2025_all\images\GX010666_MP4-0336_jpg.rf.16dd18bb6b71e6bf8b7ecff86f1709dd.jpg,GX010666_MP4-0336_jpg.rf.16dd18bb6b71e6bf8b7ecff86f1709dd.jpg,0.4389216899871826
C:\Users\carmonta\Desktop\data-centric-cross-season-transfer\datasets\train_on_2025_all\images\GX010666_MP4-0336_jpg.rf.799289ccfdbffe776b02d4bb53d50ebd.jpg,GX010666_MP4-0336_jpg.rf.799289ccfdbffe776b02d4bb53d50ebd.jpg,0.4357251524925232
C:\Users\carmonta\Desktop\data-centric-cross-season-transfer\datasets\train_on_2025_all\images\GX010666_MP4-0337_jpg.rf.28dff73729102bdfa7e7dc33781aaea4.jpg,GX010666_MP4-0337_jpg.rf.28dff73729102bdfa7e7dc33781aaea4.jpg,0.4166971445083618
C:\Users\carmonta\Desktop\data-centric-cross-season-transfer\datasets\train_on_2025_all\images\GX010666_MP4-0337_jpg.rf.706a9429d7612ea5a0fcbb14b695000a.jpg,GX010666_MP4-0337_jpg.rf.706a9429d7612ea5a0fcbb14b695000a.jpg,0.4239453077316284
C:\Users\carmonta\Desktop\data-centric-cross-season-transfer\datasets\train_on_2025_all\images\GX010666_MP4-0338_jpg.rf.3799b261db8a0e481ab985c6b41772e3.jpg,GX010666_MP4-0338_jpg.rf.3799b261db8a0e481ab985c6b41772e3.jpg,0.2878263592720032
C:\Users\carmonta\Desktop\data-centric-cross-season-transfer\datasets\train_on_2025_all\images\GX010666_MP4-0338_jpg.rf.b7774e5ef1fcb252ce5fe54a0253cd88.jpg,GX010666_MP4-0338_jpg.rf.b7774e5ef1fcb252ce5fe54a0253cd88.jpg,0.28607630729675293
C:\Users\carmonta\Desktop\data-centric-cross-season-transfer\datasets\train_on_2025_all\images\GX010666_MP4-0340_jpg.rf.f99ca3971d0e767c945f365f5aec6173.jpg,GX010666_MP4-0340_jpg.rf.f99ca3971d0e767c945f365f5aec6173.jpg,0.22755539417266846
C:\Users\carmonta\Desktop\data-centric-cross-season-transfer\datasets\train_on_2025_all\images\GX010666_MP4-0341_jpg.rf.1e6125f94faff70eabd1db25f6780121.jpg,GX010666_MP4-0341_jpg.rf.1e6125f94faff70eabd1db25f6780121.jpg,0.3057115077972412
C:\Users\carmonta\Desktop\data-centric-cross-season-transfer\datasets\train_on_2025_all\images\GX010666_MP4-0341_jpg.rf.5df59413990fb4a6f1a9be4636469495.jpg,GX010666_MP4-0341_jpg.rf.5df59413990fb4a6f1a9be4636469495.jpg,0.25709497928619385
C:\Users\carmonta\Desktop\data-centric-cross-season-transfer\datasets\train_on_2025_all\images\GX010666_MP4-0341_jpg.rf.f7076ba6c37fb692c9412f6673e309ec.jpg,GX010666_MP4-0341_jpg.rf.f7076ba6c37fb692c9412f6673e309ec.jpg,0.25709497928619385
C:\Users\carmonta\Desktop\data-centric-cross-season-transfer\datasets\train_on_2025_all\images\GX010666_MP4-0342_jpg.rf.ea13702411ac8ef065586fc5b33262c9.jpg,GX010666_MP4-0342_jpg.rf.ea13702411ac8ef065586fc5b33262c9.jpg,0.24989014863967896
C:\Users\carmonta\Desktop\data-centric-cross-season-transfer\datasets\train_on_2025_all\images\GX010666_MP4-0343_jpg.rf.42c596e94cb24c3f9c0ff7aa037a526f.jpg,GX010666_MP4-0343_jpg.rf.42c596e94cb24c3f9c0ff7aa037a526f.jpg,0.35664641857147217
C:\Users\carmonta\Desktop\data-centric-cross-season-transfer\datasets\train_on_2025_all\images\GX010666_MP4-0343_jpg.rf.6d5bab6b2fa9ae2b2d9236dd90bd6982.jpg,GX010666_MP4-0343_jpg.rf.6d5bab6b2fa9ae2b2d9236dd90bd6982.jpg,0.3560994863510132
C:\Users\carmonta\Desktop\data-centric-cross-season-transfer\datasets\train_on_2025_all\images\GX010666_MP4-0344_jpg.rf.35130135f429419cef8470964c0ee9e6.jpg,GX010666_MP4-0344_jpg.rf.35130135f429419cef8470964c0ee9e6.jpg,0.5587271451950073
C:\Users\carmonta\Desktop\data-centric-cross-season-transfer\datasets\train_on_2025_all\images\GX010666_MP4-0344_jpg.rf.4ec79e127aefd1e77200aea2b2f757f0.jpg,GX010666_MP4-0344_jpg.rf.4ec79e127aefd1e77200aea2b2f757f0.jpg,0.5652028620243073
C:\Users\carmonta\Desktop\data-centric-cross-season-transfer\datasets\train_on_2025_all\images\GX010666_MP4-0344_jpg.rf.bfc00b08b1bc368bf4dc7dc682e9196b.jpg,GX010666_MP4-0344_jpg.rf.bfc00b08b1bc368bf4dc7dc682e9196b.jpg,0.5532445311546326
C:\Users\carmonta\Desktop\data-centric-cross-season-transfer\datasets\train_on_2025_all\images\GX010667_MP4-0009_jpg.rf.374e9108928bb3bf5eaf01eb2d761d1f.jpg,GX010667_MP4-0009_jpg.rf.374e9108928bb3bf5eaf01eb2d761d1f.jpg,0.26972639560699463
C:\Users\carmonta\Desktop\data-centric-cross-season-transfer\datasets\train_on_2025_all\images\GX010667_MP4-0009_jpg.rf.a109c582e200606986f6d9d7ed8353c1.jpg,GX010667_MP4-0009_jpg.rf.a109c582e200606986f6d9d7ed8353c1.jpg,0.4629417061805725
C:\Users\carmonta\Desktop\data-centric-cross-season-transfer\datasets\train_on_2025_all\images\GX010667_MP4-0009_jpg.rf.be62cedd2851a4ee09e90a9c206fcbb6.jpg,GX010667_MP4-0009_jpg.rf.be62cedd2851a4ee09e90a9c206fcbb6.jpg,0.259358286857605
C:\Users\carmonta\Desktop\data-centric-cross-season-transfer\datasets\train_on_2025_all\images\GX010667_MP4-0010_jpg.rf.2339ac84bb05cc17bc12d58c74d07574.jpg,GX010667_MP4-0010_jpg.rf.2339ac84bb05cc17bc12d58c74d07574.jpg,0.724049299955368
C:\Users\carmonta\Desktop\data-centric-cross-season-transfer\datasets\train_on_2025_all\images\GX010667_MP4-0010_jpg.rf.e0bff1a934fa0d817a1a773a4381100e.jpg,GX010667_MP4-0010_jpg.rf.e0bff1a934fa0d817a1a773a4381100e.jpg,0.7002550065517426
C:\Users\carmonta\Desktop\data-centric-cross-season-transfer\datasets\train_on_2025_all\images\GX010667_MP4-0011_jpg.rf.1b42d6f2f53648061614a26065e88b93.jpg,GX010667_MP4-0011_jpg.rf.1b42d6f2f53648061614a26065e88b93.jpg,0.5332579016685486
C:\Users\carmonta\Desktop\data-centric-cross-season-transfer\datasets\train_on_2025_all\images\GX010667_MP4-0011_jpg.rf.4fc042af0c638e65b411b64cdf306110.jpg,GX010667_MP4-0011_jpg.rf.4fc042af0c638e65b411b64cdf306110.jpg,0.5314331352710724
C:\Users\carmonta\Desktop\data-centric-cross-season-transfer\datasets\train_on_2025_all\images\GX010667_MP4-0011_jpg.rf.9d1b9718e0e09a46f3ec366270f314f0.jpg,GX010667_MP4-0011_jpg.rf.9d1b9718e0e09a46f3ec366270f314f0.jpg,0.5332579016685486
C:\Users\carmonta\Desktop\data-centric-cross-season-transfer\datasets\train_on_2025_all\images\GX010667_MP4-0012_jpg.rf.a219f495bc6f590cba43985b124d3d30.jpg,GX010667_MP4-0012_jpg.rf.a219f495bc6f590cba43985b124d3d30.jpg,0.5292453169822693
C:\Users\carmonta\Desktop\data-centric-cross-season-transfer\datasets\train_on_2025_all\images\GX010667_MP4-0012_jpg.rf.cc6edc75eb5a0a30b8825cbed07415ed.jpg,GX010667_MP4-0012_jpg.rf.cc6edc75eb5a0a30b8825cbed07415ed.jpg,0.48221534490585327
C:\Users\carmonta\Desktop\data-centric-cross-season-transfer\datasets\train_on_2025_all\images\GX010667_MP4-0013_jpg.rf.3c9962441091101677864a846c272740.jpg,GX010667_MP4-0013_jpg.rf.3c9962441091101677864a846c272740.jpg,0.5912871062755585
C:\Users\carmonta\Desktop\data-centric-cross-season-transfer\datasets\train_on_2025_all\images\GX010667_MP4-0013_jpg.rf.6b94ecf75786a83d291c79d1ce419fb0.jpg,GX010667_MP4-0013_jpg.rf.6b94ecf75786a83d291c79d1ce419fb0.jpg,0.670844554901123
C:\Users\carmonta\Desktop\data-centric-cross-season-transfer\datasets\train_on_2025_all\images\GX010667_MP4-0014_jpg.rf.129ad06866cb9f50ac07122c202f1c22.jpg,GX010667_MP4-0014_jpg.rf.129ad06866cb9f50ac07122c202f1c22.jpg,0.8072226643562317
C:\Users\carmonta\Desktop\data-centric-cross-season-transfer\datasets\train_on_2025_all\images\GX010667_MP4-0014_jpg.rf.524b32a6f2e88b9cbaa1fa4876c68c61.jpg,GX010667_MP4-0014_jpg.rf.524b32a6f2e88b9cbaa1fa4876c68c61.jpg,0.8266775906085968
C:\Users\carmonta\Desktop\data-centric-cross-season-transfer\datasets\train_on_2025_all\images\GX010667_MP4-0014_jpg.rf.ad2b6fe3a168ad7aaaa8b1147101176f.jpg,GX010667_MP4-0014_jpg.rf.ad2b6fe3a168ad7aaaa8b1147101176f.jpg,0.8270636349916458
C:\Users\carmonta\Desktop\data-centric-cross-season-transfer\datasets\train_on_2025_all\images\GX010667_MP4-0015_jpg.rf.3083a49874302846d461d771adbbb845.jpg,GX010667_MP4-0015_jpg.rf.3083a49874302846d461d771adbbb845.jpg,0.4283972978591919
C:\Users\carmonta\Desktop\data-centric-cross-season-transfer\datasets\train_on_2025_all\images\GX010667_MP4-0015_jpg.rf.76aa846f5c971746045289eff211342a.jpg,GX010667_MP4-0015_jpg.rf.76aa846f5c971746045289eff211342a.jpg,0.43303096294403076
C:\Users\carmonta\Desktop\data-centric-cross-season-transfer\datasets\train_on_2025_all\images\GX010667_MP4-0015_jpg.rf.d71883f372b1f3bd1cb0b798e9198321.jpg,GX010667_MP4-0015_jpg.rf.d71883f372b1f3bd1cb0b798e9198321.jpg,0.48228055238723755
C:\Users\carmonta\Desktop\data-centric-cross-season-transfer\datasets\train_on_2025_all\images\GX010667_MP4-0017_jpg.rf.02ebd90617f9c5c2ad8c8ed0cc34534f.jpg,GX010667_MP4-0017_jpg.rf.02ebd90617f9c5c2ad8c8ed0cc34534f.jpg,0.8755228146910667
C:\Users\carmonta\Desktop\data-centric-cross-season-transfer\datasets\train_on_2025_all\images\GX010667_MP4-0017_jpg.rf.6a80752b992961a7804c1320207edf80.jpg,GX010667_MP4-0017_jpg.rf.6a80752b992961a7804c1320207edf80.jpg,0.89187391102314
C:\Users\carmonta\Desktop\data-centric-cross-season-transfer\datasets\train_on_2025_all\images\GX010667_MP4-0018_jpg.rf.9ac0559f6e07f9a599fbb572e16cf1aa.jpg,GX010667_MP4-0018_jpg.rf.9ac0559f6e07f9a599fbb572e16cf1aa.jpg,0.8833713084459305
C:\Users\carmonta\Desktop\data-centric-cross-season-transfer\datasets\train_on_2025_all\images\GX010667_MP4-0018_jpg.rf.e3a75c20a7b4a074084272a751b43dea.jpg,GX010667_MP4-0018_jpg.rf.e3a75c20a7b4a074084272a751b43dea.jpg,0.8839125707745552
C:\Users\carmonta\Desktop\data-centric-cross-season-transfer\datasets\train_on_2025_all\images\GX010667_MP4-0019_jpg.rf.1274dbd03aff9f492ff0f8962920b567.jpg,GX010667_MP4-0019_jpg.rf.1274dbd03aff9f492ff0f8962920b567.jpg,0.6036786139011383
C:\Users\carmonta\Desktop\data-centric-cross-season-transfer\datasets\train_on_2025_all\images\GX010667_MP4-0019_jpg.rf.afdd20519d3151812172c412e7565c5c.jpg,GX010667_MP4-0019_jpg.rf.afdd20519d3151812172c412e7565c5c.jpg,0.6036278307437897
C:\Users\carmonta\Desktop\data-centric-cross-season-transfer\datasets\train_on_2025_all\images\GX010667_MP4-0019_jpg.rf.f615b8576124222ebc5efae82a86c284.jpg,GX010667_MP4-0019_jpg.rf.f615b8576124222ebc5efae82a86c284.jpg,0.4743449091911316
C:\Users\carmonta\Desktop\data-centric-cross-season-transfer\datasets\train_on_2025_all\images\GX010667_MP4-0020_jpg.rf.11910a990f70f4083fc6e87bba0857d8.jpg,GX010667_MP4-0020_jpg.rf.11910a990f70f4083fc6e87bba0857d8.jpg,0.9340300410985947
C:\Users\carmonta\Desktop\data-centric-cross-season-transfer\datasets\train_on_2025_all\images\GX010667_MP4-0020_jpg.rf.4b0363ce25ffc700725019bf383e4024.jpg,GX010667_MP4-0020_jpg.rf.4b0363ce25ffc700725019bf383e4024.jpg,0.9340300410985947
C:\Users\carmonta\Desktop\data-centric-cross-season-transfer\datasets\train_on_2025_all\images\GX010667_MP4-0021_jpg.rf.31b1d574baee80ac4326147873925a8c.jpg,GX010667_MP4-0021_jpg.rf.31b1d574baee80ac4326147873925a8c.jpg,0.9203006476163864
C:\Users\carmonta\Desktop\data-centric-cross-season-transfer\datasets\train_on_2025_all\images\GX010667_MP4-0021_jpg.rf.c25aeccd0fd354b5a14cef61f4cc6788.jpg,GX010667_MP4-0021_jpg.rf.c25aeccd0fd354b5a14cef61f4cc6788.jpg,0.915742889046669
C:\Users\carmonta\Desktop\data-centric-cross-season-transfer\datasets\train_on_2025_all\images\GX010667_MP4-0022_jpg.rf.3b7ef3e44e7233d1027df05efa2551ab.jpg,GX010667_MP4-0022_jpg.rf.3b7ef3e44e7233d1027df05efa2551ab.jpg,0.7979098558425903
C:\Users\carmonta\Desktop\data-centric-cross-season-transfer\datasets\train_on_2025_all\images\GX010667_MP4-0023_jpg.rf.fbff6355a711d5072f375377d738bc2c.jpg,GX010667_MP4-0023_jpg.rf.fbff6355a711d5072f375377d738bc2c.jpg,0.6322459280490875
C:\Users\carmonta\Desktop\data-centric-cross-season-transfer\datasets\train_on_2025_all\images\GX010667_MP4-0024_jpg.rf.7e55024bfd99399061f0d382c274e6d3.jpg,GX010667_MP4-0024_jpg.rf.7e55024bfd99399061f0d382c274e6d3.jpg,0.5825791656970978
C:\Users\carmonta\Desktop\data-centric-cross-season-transfer\datasets\train_on_2025_all\images\GX010667_MP4-0024_jpg.rf.e0ede1d3eb6620de323f3ebfb1b47299.jpg,GX010667_MP4-0024_jpg.rf.e0ede1d3eb6620de323f3ebfb1b47299.jpg,0.5997771918773651
C:\Users\carmonta\Desktop\data-centric-cross-season-transfer\datasets\train_on_2025_all\images\GX010667_MP4-0027_jpg.rf.03a51aeeb5e6b26644cd7c7bcf4be278.jpg,GX010667_MP4-0027_jpg.rf.03a51aeeb5e6b26644cd7c7bcf4be278.jpg,0.6563198566436768
C:\Users\carmonta\Desktop\data-centric-cross-season-transfer\datasets\train_on_2025_all\images\GX010667_MP4-0027_jpg.rf.1d926a44d344816703e93255afc1f746.jpg,GX010667_MP4-0027_jpg.rf.1d926a44d344816703e93255afc1f746.jpg,0.6587586402893066
C:\Users\carmonta\Desktop\data-centric-cross-season-transfer\datasets\train_on_2025_all\images\GX010667_MP4-0027_jpg.rf.a629e2c201978d3395415ff2cb12e711.jpg,GX010667_MP4-0027_jpg.rf.a629e2c201978d3395415ff2cb12e711.jpg,0.6601877510547638
C:\Users\carmonta\Desktop\data-centric-cross-season-transfer\datasets\train_on_2025_all\images\GX010667_MP4-0028_jpg.rf.075573af8e33444021e6a85b1a534cbe.jpg,GX010667_MP4-0028_jpg.rf.075573af8e33444021e6a85b1a534cbe.jpg,0.8335669040679932
C:\Users\carmonta\Desktop\data-centric-cross-season-transfer\datasets\train_on_2025_all\images\GX010667_MP4-0028_jpg.rf.1133f36e2c1504a72505b90029a1a80f.jpg,GX010667_MP4-0028_jpg.rf.1133f36e2c1504a72505b90029a1a80f.jpg,0.8428719192743301
C:\Users\carmonta\Desktop\data-centric-cross-season-transfer\datasets\train_on_2025_all\images\GX010667_MP4-0028_jpg.rf.9426dd00f9116d7a0683fea76ddadc73.jpg,GX010667_MP4-0028_jpg.rf.9426dd00f9116d7a0683fea76ddadc73.jpg,0.8213509768247604
C:\Users\carmonta\Desktop\data-centric-cross-season-transfer\datasets\train_on_2025_all\images\GX010667_MP4-0029_jpg.rf.27332be298417955f497aca231e2bfe8.jpg,GX010667_MP4-0029_jpg.rf.27332be298417955f497aca231e2bfe8.jpg,0.8553406596183777
C:\Users\carmonta\Desktop\data-centric-cross-season-transfer\datasets\train_on_2025_all\images\GX010667_MP4-0029_jpg.rf.51387df2dbc16688e5eb2869c7eb7fa7.jpg,GX010667_MP4-0029_jpg.rf.51387df2dbc16688e5eb2869c7eb7fa7.jpg,0.8657708019018173
C:\Users\carmonta\Desktop\data-centric-cross-season-transfer\datasets\train_on_2025_all\images\GX010667_MP4-0030_jpg.rf.152b35276b58dd7da2e99548febcc64d.jpg,GX010667_MP4-0030_jpg.rf.152b35276b58dd7da2e99548febcc64d.jpg,0.6232551336288452
C:\Users\carmonta\Desktop\data-centric-cross-season-transfer\datasets\train_on_2025_all\images\GX010667_MP4-0030_jpg.rf.6a8df5780107e92f73e6b86f7b4e22bc.jpg,GX010667_MP4-0030_jpg.rf.6a8df5780107e92f73e6b86f7b4e22bc.jpg,0.659087061882019
C:\Users\carmonta\Desktop\data-centric-cross-season-transfer\datasets\train_on_2025_all\images\GX010667_MP4-0030_jpg.rf.ace180d128b42f8d2a3a82cae718b306.jpg,GX010667_MP4-0030_jpg.rf.ace180d128b42f8d2a3a82cae718b306.jpg,0.6607869267463684
C:\Users\carmonta\Desktop\data-centric-cross-season-transfer\datasets\train_on_2025_all\images\GX010667_MP4-0031_jpg.rf.1dfd53e7cd8f7a21f6f0aef52ede9984.jpg,GX010667_MP4-0031_jpg.rf.1dfd53e7cd8f7a21f6f0aef52ede9984.jpg,0.4011431932449341
C:\Users\carmonta\Desktop\data-centric-cross-season-transfer\datasets\train_on_2025_all\images\GX010667_MP4-0031_jpg.rf.40ff59eb6ca6bdd24c7ba0264e986b98.jpg,GX010667_MP4-0031_jpg.rf.40ff59eb6ca6bdd24c7ba0264e986b98.jpg,0.38487446308135986
C:\Users\carmonta\Desktop\data-centric-cross-season-transfer\datasets\train_on_2025_all\images\GX010667_MP4-0031_jpg.rf.a3edae53f059c749f2df0de04173b5c4.jpg,GX010667_MP4-0031_jpg.rf.a3edae53f059c749f2df0de04173b5c4.jpg,0.39840245246887207
C:\Users\carmonta\Desktop\data-centric-cross-season-transfer\datasets\train_on_2025_all\images\GX010667_MP4-0032_jpg.rf.3ac8a6b5bc9387555567baec876234b6.jpg,GX010667_MP4-0032_jpg.rf.3ac8a6b5bc9387555567baec876234b6.jpg,0.8060319274663925
C:\Users\carmonta\Desktop\data-centric-cross-season-transfer\datasets\train_on_2025_all\images\GX010667_MP4-0032_jpg.rf.c00156a52dfca8118a51fb7121511bdb.jpg,GX010667_MP4-0032_jpg.rf.c00156a52dfca8118a51fb7121511bdb.jpg,0.8144946098327637
C:\Users\carmonta\Desktop\data-centric-cross-season-transfer\datasets\train_on_2025_all\images\GX010667_MP4-0033_jpg.rf.108aae399f3d12aa628c9e87b7ae2d64.jpg,GX010667_MP4-0033_jpg.rf.108aae399f3d12aa628c9e87b7ae2d64.jpg,0.89811871945858
C:\Users\carmonta\Desktop\data-centric-cross-season-transfer\datasets\train_on_2025_all\images\GX010667_MP4-0033_jpg.rf.4ff3b9f2e18e6e98dc5fcffbcda70eee.jpg,GX010667_MP4-0033_jpg.rf.4ff3b9f2e18e6e98dc5fcffbcda70eee.jpg,0.905453734099865
C:\Users\carmonta\Desktop\data-centric-cross-season-transfer\datasets\train_on_2025_all\images\GX010667_MP4-0033_jpg.rf.e837083c99c74841ff84af382f7f47bb.jpg,GX010667_MP4-0033_jpg.rf.e837083c99c74841ff84af382f7f47bb.jpg,0.8978842571377754
C:\Users\carmonta\Desktop\data-centric-cross-season-transfer\datasets\train_on_2025_all\images\GX010667_MP4-0034_jpg.rf.d8f3ef76b755a0fd03d74bf21a56d18f.jpg,GX010667_MP4-0034_jpg.rf.d8f3ef76b755a0fd03d74bf21a56d18f.jpg,0.7071839570999146
C:\Users\carmonta\Desktop\data-centric-cross-season-transfer\datasets\train_on_2025_all\images\GX010667_MP4-0035_jpg.rf.b6c5b72b97e2ac9b6531d6d421fe6e70.jpg,GX010667_MP4-0035_jpg.rf.b6c5b72b97e2ac9b6531d6d421fe6e70.jpg,0.798124298453331
C:\Users\carmonta\Desktop\data-centric-cross-season-transfer\datasets\train_on_2025_all\images\GX010667_MP4-0035_jpg.rf.e931147b4dbf4c16e5d0171acc14e5a0.jpg,GX010667_MP4-0035_jpg.rf.e931147b4dbf4c16e5d0171acc14e5a0.jpg,0.7983241826295853
C:\Users\carmonta\Desktop\data-centric-cross-season-transfer\datasets\train_on_2025_all\images\GX010667_MP4-0036_jpg.rf.235686e0b8a459224dbe50a5bfe2c1bd.jpg,GX010667_MP4-0036_jpg.rf.235686e0b8a459224dbe50a5bfe2c1bd.jpg,0.5733611583709717
C:\Users\carmonta\Desktop\data-centric-cross-season-transfer\datasets\train_on_2025_all\images\GX010667_MP4-0036_jpg.rf.b8e2cef8bf5b40f5db538b540dc6b810.jpg,GX010667_MP4-0036_jpg.rf.b8e2cef8bf5b40f5db538b540dc6b810.jpg,0.5732611417770386
C:\Users\carmonta\Desktop\data-centric-cross-season-transfer\datasets\train_on_2025_all\images\GX010667_MP4-0037_jpg.rf.5ed362c53f434220bbae869846478248.jpg,GX010667_MP4-0037_jpg.rf.5ed362c53f434220bbae869846478248.jpg,0.6929810345172882
C:\Users\carmonta\Desktop\data-centric-cross-season-transfer\datasets\train_on_2025_all\images\GX010667_MP4-0037_jpg.rf.8761695133d5c3146a86fc45bbe8a787.jpg,GX010667_MP4-0037_jpg.rf.8761695133d5c3146a86fc45bbe8a787.jpg,0.752678319811821
C:\Users\carmonta\Desktop\data-centric-cross-season-transfer\datasets\train_on_2025_all\images\GX010667_MP4-0037_jpg.rf.f4e733b64f963b806dca020f5ff20ffe.jpg,GX010667_MP4-0037_jpg.rf.f4e733b64f963b806dca020f5ff20ffe.jpg,0.6932213604450226
C:\Users\carmonta\Desktop\data-centric-cross-season-transfer\datasets\train_on_2025_all\images\GX010667_MP4-0040_jpg.rf.a96c0492d44d3d29bab4213056d28a7d.jpg,GX010667_MP4-0040_jpg.rf.a96c0492d44d3d29bab4213056d28a7d.jpg,0.2199137806892395
C:\Users\carmonta\Desktop\data-centric-cross-season-transfer\datasets\train_on_2025_all\images\GX010667_MP4-0040_jpg.rf.b9876e9f120bb4d33e543dff3befe208.jpg,GX010667_MP4-0040_jpg.rf.b9876e9f120bb4d33e543dff3befe208.jpg,0.21497052907943726
C:\Users\carmonta\Desktop\data-centric-cross-season-transfer\datasets\train_on_2025_all\images\GX010667_MP4-0040_jpg.rf.d820e8ced5250cf63e279b01e6d7eb46.jpg,GX010667_MP4-0040_jpg.rf.d820e8ced5250cf63e279b01e6d7eb46.jpg,0.21695858240127563
C:\Users\carmonta\Desktop\data-centric-cross-season-transfer\datasets\train_on_2025_all\images\GX010667_MP4-0041_jpg.rf.3c1f7e5b4f131c2db3487f9ca330d699.jpg,GX010667_MP4-0041_jpg.rf.3c1f7e5b4f131c2db3487f9ca330d699.jpg,0.8426656574010849
C:\Users\carmonta\Desktop\data-centric-cross-season-transfer\datasets\train_on_2025_all\images\GX010667_MP4-0041_jpg.rf.a4fcc56194f7c55f1dde94dad82cdda1.jpg,GX010667_MP4-0041_jpg.rf.a4fcc56194f7c55f1dde94dad82cdda1.jpg,0.834023967385292
C:\Users\carmonta\Desktop\data-centric-cross-season-transfer\datasets\train_on_2025_all\images\GX010667_MP4-0041_jpg.rf.ac2c58d68872ce3e5bfc1f32a29f0533.jpg,GX010667_MP4-0041_jpg.rf.ac2c58d68872ce3e5bfc1f32a29f0533.jpg,0.8503953814506531
C:\Users\carmonta\Desktop\data-centric-cross-season-transfer\datasets\train_on_2025_all\images\GX010667_MP4-0042_jpg.rf.62f8ff50bb0246d74aec7429788eee79.jpg,GX010667_MP4-0042_jpg.rf.62f8ff50bb0246d74aec7429788eee79.jpg,0.4377745985984802
C:\Users\carmonta\Desktop\data-centric-cross-season-transfer\datasets\train_on_2025_all\images\GX010667_MP4-0042_jpg.rf.67d0b052b5f5941ccaaf31ec863ed0c5.jpg,GX010667_MP4-0042_jpg.rf.67d0b052b5f5941ccaaf31ec863ed0c5.jpg,0.43650496006011963
C:\Users\carmonta\Desktop\data-centric-cross-season-transfer\datasets\train_on_2025_all\images\GX010667_MP4-0043_jpg.rf.2b629a651c77459c4793ec386bdee9e8.jpg,GX010667_MP4-0043_jpg.rf.2b629a651c77459c4793ec386bdee9e8.jpg,0.8315326422452927
C:\Users\carmonta\Desktop\data-centric-cross-season-transfer\datasets\train_on_2025_all\images\GX010667_MP4-0043_jpg.rf.4c51e3f8d19f65f0b9d0e0391716e52e.jpg,GX010667_MP4-0043_jpg.rf.4c51e3f8d19f65f0b9d0e0391716e52e.jpg,0.8154827952384949
C:\Users\carmonta\Desktop\data-centric-cross-season-transfer\datasets\train_on_2025_all\images\GX010667_MP4-0043_jpg.rf.a9851615b8188821fad580948a8b72ce.jpg,GX010667_MP4-0043_jpg.rf.a9851615b8188821fad580948a8b72ce.jpg,0.8223824352025986
C:\Users\carmonta\Desktop\data-centric-cross-season-transfer\datasets\train_on_2025_all\images\GX010667_MP4-0044_jpg.rf.05780a88b3d0708ff9429804fa7ac7c5.jpg,GX010667_MP4-0044_jpg.rf.05780a88b3d0708ff9429804fa7ac7c5.jpg,0.7861873805522919
C:\Users\carmonta\Desktop\data-centric-cross-season-transfer\datasets\train_on_2025_all\images\GX010667_MP4-0044_jpg.rf.2232efe2174e7781f06f88975723f7d5.jpg,GX010667_MP4-0044_jpg.rf.2232efe2174e7781f06f88975723f7d5.jpg,0.7622130513191223
C:\Users\carmonta\Desktop\data-centric-cross-season-transfer\datasets\train_on_2025_all\images\GX010667_MP4-0044_jpg.rf.e8b24d5738acbc69d3a07ce60690b818.jpg,GX010667_MP4-0044_jpg.rf.e8b24d5738acbc69d3a07ce60690b818.jpg,0.7453814446926117
C:\Users\carmonta\Desktop\data-centric-cross-season-transfer\datasets\train_on_2025_all\images\GX010667_MP4-0045_jpg.rf.73d391376024507fe3f6244012e65cc6.jpg,GX010667_MP4-0045_jpg.rf.73d391376024507fe3f6244012e65cc6.jpg,0.3138964772224426
C:\Users\carmonta\Desktop\data-centric-cross-season-transfer\datasets\train_on_2025_all\images\GX010667_MP4-0045_jpg.rf.80ad063bb594d34391755925f0515207.jpg,GX010667_MP4-0045_jpg.rf.80ad063bb594d34391755925f0515207.jpg,0.31252384185791016
C:\Users\carmonta\Desktop\data-centric-cross-season-transfer\datasets\train_on_2025_all\images\GX010667_MP4-0045_jpg.rf.9b9de2dc18b4e46652f6881545ee8a7d.jpg,GX010667_MP4-0045_jpg.rf.9b9de2dc18b4e46652f6881545ee8a7d.jpg,0.3064672350883484
C:\Users\carmonta\Desktop\data-centric-cross-season-transfer\datasets\train_on_2025_all\images\GX010668_MP4-0008_jpg.rf.031780dc8f563958c9457b67c3820d51.jpg,GX010668_MP4-0008_jpg.rf.031780dc8f563958c9457b67c3820d51.jpg,0.9076344966888428
C:\Users\carmonta\Desktop\data-centric-cross-season-transfer\datasets\train_on_2025_all\images\GX010668_MP4-0008_jpg.rf.a6a489c56ce85cfa0bbfadc8aacaf631.jpg,GX010668_MP4-0008_jpg.rf.a6a489c56ce85cfa0bbfadc8aacaf631.jpg,0.9081239551305771
C:\Users\carmonta\Desktop\data-centric-cross-season-transfer\datasets\train_on_2025_all\images\GX010668_MP4-0008_jpg.rf.bfe335ef5e8e8ab498cacce29a552436.jpg,GX010668_MP4-0008_jpg.rf.bfe335ef5e8e8ab498cacce29a552436.jpg,0.8742608577013016
C:\Users\carmonta\Desktop\data-centric-cross-season-transfer\datasets\train_on_2025_all\images\GX010668_MP4-0010_jpg.rf.cd0d6360663ee505ad23b6789e941256.jpg,GX010668_MP4-0010_jpg.rf.cd0d6360663ee505ad23b6789e941256.jpg,0.9482450820505619
C:\Users\carmonta\Desktop\data-centric-cross-season-transfer\datasets\train_on_2025_all\images\GX010668_MP4-0011_jpg.rf.2fd7d2c9a943391c92fd291dd546bc9e.jpg,GX010668_MP4-0011_jpg.rf.2fd7d2c9a943391c92fd291dd546bc9e.jpg,0.7169747352600098
C:\Users\carmonta\Desktop\data-centric-cross-season-transfer\datasets\train_on_2025_all\images\GX010668_MP4-0011_jpg.rf.4b70994872514a31e1a39521bca354c0.jpg,GX010668_MP4-0011_jpg.rf.4b70994872514a31e1a39521bca354c0.jpg,0.827654242515564
C:\Users\carmonta\Desktop\data-centric-cross-season-transfer\datasets\train_on_2025_all\images\GX010668_MP4-0011_jpg.rf.5232a7649214c73841239d6d5dbb4c63.jpg,GX010668_MP4-0011_jpg.rf.5232a7649214c73841239d6d5dbb4c63.jpg,0.7116293013095856
C:\Users\carmonta\Desktop\data-centric-cross-season-transfer\datasets\train_on_2025_all\images\GX010668_MP4-0019_jpg.rf.0700c79cf4896ce6b4639051d82f027b.jpg,GX010668_MP4-0019_jpg.rf.0700c79cf4896ce6b4639051d82f027b.jpg,0.6761026680469513
C:\Users\carmonta\Desktop\data-centric-cross-season-transfer\datasets\train_on_2025_all\images\GX010668_MP4-0019_jpg.rf.36c2484d8449fbb4cb3ab857776551fd.jpg,GX010668_MP4-0019_jpg.rf.36c2484d8449fbb4cb3ab857776551fd.jpg,0.6609099805355072
C:\Users\carmonta\Desktop\data-centric-cross-season-transfer\datasets\train_on_2025_all\images\GX010668_MP4-0019_jpg.rf.6ac15043b5f259806c873c5e8ac695d4.jpg,GX010668_MP4-0019_jpg.rf.6ac15043b5f259806c873c5e8ac695d4.jpg,0.6609099805355072
C:\Users\carmonta\Desktop\data-centric-cross-season-transfer\datasets\train_on_2025_all\images\GX010668_MP4-0020_jpg.rf.25733a8da806e157af0a70fcfd1964eb.jpg,GX010668_MP4-0020_jpg.rf.25733a8da806e157af0a70fcfd1964eb.jpg,0.6662279069423676
C:\Users\carmonta\Desktop\data-centric-cross-season-transfer\datasets\train_on_2025_all\images\GX010668_MP4-0020_jpg.rf.79c8d2c2a582eeadaedef7dce09798bc.jpg,GX010668_MP4-0020_jpg.rf.79c8d2c2a582eeadaedef7dce09798bc.jpg,0.6692967414855957
C:\Users\carmonta\Desktop\data-centric-cross-season-transfer\datasets\train_on_2025_all\images\GX010668_MP4-0021_jpg.rf.65bc495b504ae78fe0ba5e07eaeb98e1.jpg,GX010668_MP4-0021_jpg.rf.65bc495b504ae78fe0ba5e07eaeb98e1.jpg,0.7813774049282074
C:\Users\carmonta\Desktop\data-centric-cross-season-transfer\datasets\train_on_2025_all\images\GX010668_MP4-0021_jpg.rf.b44db91c55365af02b9dd76c1ff7e3d1.jpg,GX010668_MP4-0021_jpg.rf.b44db91c55365af02b9dd76c1ff7e3d1.jpg,0.7679330110549927
C:\Users\carmonta\Desktop\data-centric-cross-season-transfer\datasets\train_on_2025_all\images\GX010668_MP4-0021_jpg.rf.b981eca4b0edec4e1c2bc4db0437d2ae.jpg,GX010668_MP4-0021_jpg.rf.b981eca4b0edec4e1c2bc4db0437d2ae.jpg,0.7924618422985077
C:\Users\carmonta\Desktop\data-centric-cross-season-transfer\datasets\train_on_2025_all\images\GX010668_MP4-0022_jpg.rf.dced07a205ff70daf296671aea5d5742.jpg,GX010668_MP4-0022_jpg.rf.dced07a205ff70daf296671aea5d5742.jpg,0.8144744783639908
C:\Users\carmonta\Desktop\data-centric-cross-season-transfer\datasets\train_on_2025_all\images\GX010668_MP4-0022_jpg.rf.f0c4104b9cde5591ac2e1fec571ff046.jpg,GX010668_MP4-0022_jpg.rf.f0c4104b9cde5591ac2e1fec571ff046.jpg,0.80572310090065
C:\Users\carmonta\Desktop\data-centric-cross-season-transfer\datasets\train_on_2025_all\images\GX010668_MP4-0026_jpg.rf.0272e54256752302a70b4b2a83327529.jpg,GX010668_MP4-0026_jpg.rf.0272e54256752302a70b4b2a83327529.jpg,0.6566020250320435
C:\Users\carmonta\Desktop\data-centric-cross-season-transfer\datasets\train_on_2025_all\images\GX010668_MP4-0026_jpg.rf.44344fe2f8b0a1db59a010e73f044e10.jpg,GX010668_MP4-0026_jpg.rf.44344fe2f8b0a1db59a010e73f044e10.jpg,0.6332850456237793
C:\Users\carmonta\Desktop\data-centric-cross-season-transfer\datasets\train_on_2025_all\images\GX010668_MP4-0026_jpg.rf.995730358b9576ab45d9b1b3a2d34685.jpg,GX010668_MP4-0026_jpg.rf.995730358b9576ab45d9b1b3a2d34685.jpg,0.6207801103591919
C:\Users\carmonta\Desktop\data-centric-cross-season-transfer\datasets\train_on_2025_all\images\GX010668_MP4-0027_jpg.rf.96ab80e7cdfd27db21cc70924d7ebe22.jpg,GX010668_MP4-0027_jpg.rf.96ab80e7cdfd27db21cc70924d7ebe22.jpg,0.7397675216197968
C:\Users\carmonta\Desktop\data-centric-cross-season-transfer\datasets\train_on_2025_all\images\GX010668_MP4-0027_jpg.rf.dfba450f0a49c9e7d7acfc70a6b249c8.jpg,GX010668_MP4-0027_jpg.rf.dfba450f0a49c9e7d7acfc70a6b249c8.jpg,0.7456288933753967
C:\Users\carmonta\Desktop\data-centric-cross-season-transfer\datasets\train_on_2025_all\images\GX010668_MP4-0028_jpg.rf.20ecb8ddd11bc97ee4e01d5a6789bfa8.jpg,GX010668_MP4-0028_jpg.rf.20ecb8ddd11bc97ee4e01d5a6789bfa8.jpg,0.8871351853013039
C:\Users\carmonta\Desktop\data-centric-cross-season-transfer\datasets\train_on_2025_all\images\GX010668_MP4-0028_jpg.rf.c6fefb06583fb140fcf1f9c43206c21a.jpg,GX010668_MP4-0028_jpg.rf.c6fefb06583fb140fcf1f9c43206c21a.jpg,0.8792218640446663
C:\Users\carmonta\Desktop\data-centric-cross-season-transfer\datasets\train_on_2025_all\images\GX010668_MP4-0029_jpg.rf.3396c045a0d00460f4711530d9f4b00e.jpg,GX010668_MP4-0029_jpg.rf.3396c045a0d00460f4711530d9f4b00e.jpg,0.7419000864028931
C:\Users\carmonta\Desktop\data-centric-cross-season-transfer\datasets\train_on_2025_all\images\GX010668_MP4-0029_jpg.rf.a7f955d3a8af8ecd50b5eb56c8a2221e.jpg,GX010668_MP4-0029_jpg.rf.a7f955d3a8af8ecd50b5eb56c8a2221e.jpg,0.7418091893196106
C:\Users\carmonta\Desktop\data-centric-cross-season-transfer\datasets\train_on_2025_all\images\GX010668_MP4-0030_jpg.rf.bad1db2406b6ef7e205b3d6756da432d.jpg,GX010668_MP4-0030_jpg.rf.bad1db2406b6ef7e205b3d6756da432d.jpg,0.8173457235097885
C:\Users\carmonta\Desktop\data-centric-cross-season-transfer\datasets\train_on_2025_all\images\GX010668_MP4-0031_jpg.rf.48707dd97b07f90ffc4182e9465f88cd.jpg,GX010668_MP4-0031_jpg.rf.48707dd97b07f90ffc4182e9465f88cd.jpg,0.8567014932632446
C:\Users\carmonta\Desktop\data-centric-cross-season-transfer\datasets\train_on_2025_all\images\GX010668_MP4-0031_jpg.rf.8cb6d88e16db7eb68ae56c309976a2fd.jpg,GX010668_MP4-0031_jpg.rf.8cb6d88e16db7eb68ae56c309976a2fd.jpg,0.8698389381170273
C:\Users\carmonta\Desktop\data-centric-cross-season-transfer\datasets\train_on_2025_all\images\GX010668_MP4-0031_jpg.rf.fefd527de37bfce52ee3d0a27dfa4934.jpg,GX010668_MP4-0031_jpg.rf.fefd527de37bfce52ee3d0a27dfa4934.jpg,0.8620601892471313
C:\Users\carmonta\Desktop\data-centric-cross-season-transfer\datasets\train_on_2025_all\images\GX010668_MP4-0032_jpg.rf.49df7a85e93b6486a75f9b82383c7df5.jpg,GX010668_MP4-0032_jpg.rf.49df7a85e93b6486a75f9b82383c7df5.jpg,0.5744975209236145
C:\Users\carmonta\Desktop\data-centric-cross-season-transfer\datasets\train_on_2025_all\images\GX010668_MP4-0032_jpg.rf.75559e89908fca7f6ff18746f2bfd3e6.jpg,GX010668_MP4-0032_jpg.rf.75559e89908fca7f6ff18746f2bfd3e6.jpg,0.5767058432102203
C:\Users\carmonta\Desktop\data-centric-cross-season-transfer\datasets\train_on_2025_all\images\GX010668_MP4-0032_jpg.rf.e8fc2dd98912913a94c25f1c5c89102d.jpg,GX010668_MP4-0032_jpg.rf.e8fc2dd98912913a94c25f1c5c89102d.jpg,0.5758861303329468
C:\Users\carmonta\Desktop\data-centric-cross-season-transfer\datasets\train_on_2025_all\images\GX010668_MP4-0033_jpg.rf.a96287a54e72a0a1ea51bac584d7e311.jpg,GX010668_MP4-0033_jpg.rf.a96287a54e72a0a1ea51bac584d7e311.jpg,0.44939911365509033
C:\Users\carmonta\Desktop\data-centric-cross-season-transfer\datasets\train_on_2025_all\images\GX010668_MP4-0033_jpg.rf.e4636c435725b756e962969e78db31dc.jpg,GX010668_MP4-0033_jpg.rf.e4636c435725b756e962969e78db31dc.jpg,0.44459307193756104
C:\Users\carmonta\Desktop\data-centric-cross-season-transfer\datasets\train_on_2025_all\images\GX010668_MP4-0034_jpg.rf.4523f062f39efe0169376919769c804d.jpg,GX010668_MP4-0034_jpg.rf.4523f062f39efe0169376919769c804d.jpg,0.40962451696395874
C:\Users\carmonta\Desktop\data-centric-cross-season-transfer\datasets\train_on_2025_all\images\GX010668_MP4-0034_jpg.rf.75ee23a2da0110c1dc52b5ad6e5ed0e9.jpg,GX010668_MP4-0034_jpg.rf.75ee23a2da0110c1dc52b5ad6e5ed0e9.jpg,0.47096943855285645
C:\Users\carmonta\Desktop\data-centric-cross-season-transfer\datasets\train_on_2025_all\images\GX010668_MP4-0035_jpg.rf.3f0c2e1b5ff20fae277c1d112cda3252.jpg,GX010668_MP4-0035_jpg.rf.3f0c2e1b5ff20fae277c1d112cda3252.jpg,0.6250055432319641
C:\Users\carmonta\Desktop\data-centric-cross-season-transfer\datasets\train_on_2025_all\images\GX010668_MP4-0035_jpg.rf.5b5a3a57ceedf5caede684bd62ff2ed9.jpg,GX010668_MP4-0035_jpg.rf.5b5a3a57ceedf5caede684bd62ff2ed9.jpg,0.6213707625865936
C:\Users\carmonta\Desktop\data-centric-cross-season-transfer\datasets\train_on_2025_all\images\GX010668_MP4-0035_jpg.rf.fc7b066af1640282d5617a2eb5ba582a.jpg,GX010668_MP4-0035_jpg.rf.fc7b066af1640282d5617a2eb5ba582a.jpg,0.6737029850482941
C:\Users\carmonta\Desktop\data-centric-cross-season-transfer\datasets\train_on_2025_all\images\GX010668_MP4-0036_jpg.rf.112d4ad82a4f29f5f41471b4d291522c.jpg,GX010668_MP4-0036_jpg.rf.112d4ad82a4f29f5f41471b4d291522c.jpg,0.7840237021446228
C:\Users\carmonta\Desktop\data-centric-cross-season-transfer\datasets\train_on_2025_all\images\GX010668_MP4-0036_jpg.rf.9a501206f9c6669a56fc50da46f7dd20.jpg,GX010668_MP4-0036_jpg.rf.9a501206f9c6669a56fc50da46f7dd20.jpg,0.753764808177948
C:\Users\carmonta\Desktop\data-centric-cross-season-transfer\datasets\train_on_2025_all\images\GX010668_MP4-0039_jpg.rf.060990918c2661e7cb1f6f10728cf61d.jpg,GX010668_MP4-0039_jpg.rf.060990918c2661e7cb1f6f10728cf61d.jpg,0.5507358908653259
C:\Users\carmonta\Desktop\data-centric-cross-season-transfer\datasets\train_on_2025_all\images\GX010668_MP4-0039_jpg.rf.28e79bcb92b7ce8df51ff9d6d695a21c.jpg,GX010668_MP4-0039_jpg.rf.28e79bcb92b7ce8df51ff9d6d695a21c.jpg,0.5894753038883209
C:\Users\carmonta\Desktop\data-centric-cross-season-transfer\datasets\train_on_2025_all\images\GX010668_MP4-0039_jpg.rf.9854f682c056e2bdeb7beacbc3098895.jpg,GX010668_MP4-0039_jpg.rf.9854f682c056e2bdeb7beacbc3098895.jpg,0.5894753038883209
C:\Users\carmonta\Desktop\data-centric-cross-season-transfer\datasets\train_on_2025_all\images\GX010668_MP4-0040_jpg.rf.4022e52e2a91615ed75d3d2ac1ac61c8.jpg,GX010668_MP4-0040_jpg.rf.4022e52e2a91615ed75d3d2ac1ac61c8.jpg,0.8570087105035782
C:\Users\carmonta\Desktop\data-centric-cross-season-transfer\datasets\train_on_2025_all\images\GX010668_MP4-0040_jpg.rf.432371492a25bc43b9f647d664618f24.jpg,GX010668_MP4-0040_jpg.rf.432371492a25bc43b9f647d664618f24.jpg,0.8970205411314964
C:\Users\carmonta\Desktop\data-centric-cross-season-transfer\datasets\train_on_2025_all\images\GX010668_MP4-0040_jpg.rf.9915599d592171ae52130f2ff6184272.jpg,GX010668_MP4-0040_jpg.rf.9915599d592171ae52130f2ff6184272.jpg,0.8816477283835411
C:\Users\carmonta\Desktop\data-centric-cross-season-transfer\datasets\train_on_2025_all\images\GX010668_MP4-0041_jpg.rf.0eabd2885454da759586a753eef31a8c.jpg,GX010668_MP4-0041_jpg.rf.0eabd2885454da759586a753eef31a8c.jpg,0.9109990149736404
C:\Users\carmonta\Desktop\data-centric-cross-season-transfer\datasets\train_on_2025_all\images\GX010668_MP4-0041_jpg.rf.18ae3e7a3cca0b161d5c6de6ba2905d4.jpg,GX010668_MP4-0041_jpg.rf.18ae3e7a3cca0b161d5c6de6ba2905d4.jpg,0.9087159261107445
C:\Users\carmonta\Desktop\data-centric-cross-season-transfer\datasets\train_on_2025_all\images\GX010668_MP4-0042_jpg.rf.40a022ba685d07276ed83b44b71f08d4.jpg,GX010668_MP4-0042_jpg.rf.40a022ba685d07276ed83b44b71f08d4.jpg,0.6860602498054504
C:\Users\carmonta\Desktop\data-centric-cross-season-transfer\datasets\train_on_2025_all\images\GX010668_MP4-0042_jpg.rf.7a8ec4846b09c60b68735ac6f88a9f73.jpg,GX010668_MP4-0042_jpg.rf.7a8ec4846b09c60b68735ac6f88a9f73.jpg,0.6856350004673004
C:\Users\carmonta\Desktop\data-centric-cross-season-transfer\datasets\train_on_2025_all\images\GX010668_MP4-0043_jpg.rf.305437c2c5f0f0c4d4fe71226ad334b7.jpg,GX010668_MP4-0043_jpg.rf.305437c2c5f0f0c4d4fe71226ad334b7.jpg,0.6889627873897552
C:\Users\carmonta\Desktop\data-centric-cross-season-transfer\datasets\train_on_2025_all\images\GX010668_MP4-0043_jpg.rf.7d2fa3c8f1164c0b4f505eb6b0c582a5.jpg,GX010668_MP4-0043_jpg.rf.7d2fa3c8f1164c0b4f505eb6b0c582a5.jpg,0.6874927580356598
C:\Users\carmonta\Desktop\data-centric-cross-season-transfer\datasets\train_on_2025_all\images\GX010668_MP4-0043_jpg.rf.d178254d866b15b57244625b8f24a5ab.jpg,GX010668_MP4-0043_jpg.rf.d178254d866b15b57244625b8f24a5ab.jpg,0.6775481998920441
C:\Users\carmonta\Desktop\data-centric-cross-season-transfer\datasets\train_on_2025_all\images\GX010668_MP4-0044_jpg.rf.c785095c25da94657ed954d7f2efea35.jpg,GX010668_MP4-0044_jpg.rf.c785095c25da94657ed954d7f2efea35.jpg,0.759663462638855
C:\Users\carmonta\Desktop\data-centric-cross-season-transfer\datasets\train_on_2025_all\images\GX010668_MP4-0044_jpg.rf.d861e37d767ab8c44714b949e7516e04.jpg,GX010668_MP4-0044_jpg.rf.d861e37d767ab8c44714b949e7516e04.jpg,0.7524697035551071
C:\Users\carmonta\Desktop\data-centric-cross-season-transfer\datasets\train_on_2025_all\images\GX010668_MP4-0046_jpg.rf.1939afb18cb10e4b03639fc9e5231618.jpg,GX010668_MP4-0046_jpg.rf.1939afb18cb10e4b03639fc9e5231618.jpg,0.7246937155723572
C:\Users\carmonta\Desktop\data-centric-cross-season-transfer\datasets\train_on_2025_all\images\GX010668_MP4-0046_jpg.rf.33b78a8a1afa9ed88fb72f538ff2138c.jpg,GX010668_MP4-0046_jpg.rf.33b78a8a1afa9ed88fb72f538ff2138c.jpg,0.7213834226131439
C:\Users\carmonta\Desktop\data-centric-cross-season-transfer\datasets\train_on_2025_all\images\GX010668_MP4-0047_jpg.rf.3c17390151407113b67e4e264c60fe47.jpg,GX010668_MP4-0047_jpg.rf.3c17390151407113b67e4e264c60fe47.jpg,0.7926208525896072
C:\Users\carmonta\Desktop\data-centric-cross-season-transfer\datasets\train_on_2025_all\images\GX010668_MP4-0047_jpg.rf.61304002739cb49b6585ab38307ce8d1.jpg,GX010668_MP4-0047_jpg.rf.61304002739cb49b6585ab38307ce8d1.jpg,0.773855447769165
C:\Users\carmonta\Desktop\data-centric-cross-season-transfer\datasets\train_on_2025_all\images\GX010668_MP4-0047_jpg.rf.7db8667733213d10e3306d6c7be75e26.jpg,GX010668_MP4-0047_jpg.rf.7db8667733213d10e3306d6c7be75e26.jpg,0.777494490146637
C:\Users\carmonta\Desktop\data-centric-cross-season-transfer\datasets\train_on_2025_all\images\GX010668_MP4-0048_jpg.rf.01e03de86c52add316aac39fd3d8c641.jpg,GX010668_MP4-0048_jpg.rf.01e03de86c52add316aac39fd3d8c641.jpg,0.7909627258777618
C:\Users\carmonta\Desktop\data-centric-cross-season-transfer\datasets\train_on_2025_all\images\GX010668_MP4-0048_jpg.rf.809bba437ca3556388135b67ddb0aec1.jpg,GX010668_MP4-0048_jpg.rf.809bba437ca3556388135b67ddb0aec1.jpg,0.7994980663061142
C:\Users\carmonta\Desktop\data-centric-cross-season-transfer\datasets\train_on_2025_all\images\GX010668_MP4-0049_jpg.rf.494b1c44f431ac05440950b5565d1a8e.jpg,GX010668_MP4-0049_jpg.rf.494b1c44f431ac05440950b5565d1a8e.jpg,0.6070728003978729
C:\Users\carmonta\Desktop\data-centric-cross-season-transfer\datasets\train_on_2025_all\images\GX010668_MP4-0049_jpg.rf.6742a254b9d834abab20bebf3f627006.jpg,GX010668_MP4-0049_jpg.rf.6742a254b9d834abab20bebf3f627006.jpg,0.6524402797222137
C:\Users\carmonta\Desktop\data-centric-cross-season-transfer\datasets\train_on_2025_all\images\GX010668_MP4-0049_jpg.rf.e4abe9c494ecd1602860c1239da65924.jpg,GX010668_MP4-0049_jpg.rf.e4abe9c494ecd1602860c1239da65924.jpg,0.6239449977874756
C:\Users\carmonta\Desktop\data-centric-cross-season-transfer\datasets\train_on_2025_all\images\GX010668_MP4-0050_jpg.rf.201c8ef29961f165c6c1ebc6149df469.jpg,GX010668_MP4-0050_jpg.rf.201c8ef29961f165c6c1ebc6149df469.jpg,0.5130932629108429
C:\Users\carmonta\Desktop\data-centric-cross-season-transfer\datasets\train_on_2025_all\images\GX010668_MP4-0050_jpg.rf.9e52cc13b797640ad19763b755d82c5b.jpg,GX010668_MP4-0050_jpg.rf.9e52cc13b797640ad19763b755d82c5b.jpg,0.6294884383678436
C:\Users\carmonta\Desktop\data-centric-cross-season-transfer\datasets\train_on_2025_all\images\GX010668_MP4-0050_jpg.rf.d0ed6442072ffb2f0ea642fd4efb62b0.jpg,GX010668_MP4-0050_jpg.rf.d0ed6442072ffb2f0ea642fd4efb62b0.jpg,0.510941356420517
C:\Users\carmonta\Desktop\data-centric-cross-season-transfer\datasets\train_on_2025_all\images\GX010668_MP4-0052_jpg.rf.181179940c92aa57efc53e3de59d1b0e.jpg,GX010668_MP4-0052_jpg.rf.181179940c92aa57efc53e3de59d1b0e.jpg,0.8011898398399353
C:\Users\carmonta\Desktop\data-centric-cross-season-transfer\datasets\train_on_2025_all\images\GX010668_MP4-0052_jpg.rf.f79cce009715e294f3a624a19d3ff4b3.jpg,GX010668_MP4-0052_jpg.rf.f79cce009715e294f3a624a19d3ff4b3.jpg,0.7705867141485214
C:\Users\carmonta\Desktop\data-centric-cross-season-transfer\datasets\train_on_2025_all\images\GX010668_MP4-0055_jpg.rf.214f488e484f8f9870a00c7f3db42ec1.jpg,GX010668_MP4-0055_jpg.rf.214f488e484f8f9870a00c7f3db42ec1.jpg,0.5923352837562561
C:\Users\carmonta\Desktop\data-centric-cross-season-transfer\datasets\train_on_2025_all\images\GX010668_MP4-0055_jpg.rf.61cf2b75fd7fc0e3ac04d173ee79fab5.jpg,GX010668_MP4-0055_jpg.rf.61cf2b75fd7fc0e3ac04d173ee79fab5.jpg,0.6743443310260773
C:\Users\carmonta\Desktop\data-centric-cross-season-transfer\datasets\train_on_2025_all\val\images\frame_00002_jpg.rf.fd5adec830b07b6a8b0b78ef9b254547.jpg,frame_00002_jpg.rf.fd5adec830b07b6a8b0b78ef9b254547.jpg,0.711227685213089
C:\Users\carmonta\Desktop\data-centric-cross-season-transfer\datasets\train_on_2025_all\val\images\frame_00003_jpg.rf.66e740d20d8ea52a0226c18aa5b1ee34.jpg,frame_00003_jpg.rf.66e740d20d8ea52a0226c18aa5b1ee34.jpg,0.9145931005477905
C:\Users\carmonta\Desktop\data-centric-cross-season-transfer\datasets\train_on_2025_all\val\images\frame_00004_jpg.rf.88a65a3b251ebff973f73b2782f22d3b.jpg,frame_00004_jpg.rf.88a65a3b251ebff973f73b2782f22d3b.jpg,0.7742453366518021
C:\Users\carmonta\Desktop\data-centric-cross-season-transfer\datasets\train_on_2025_all\val\images\frame_00005_jpg.rf.3ef123aca7cf5c9a2ed5ef4c0a45a982.jpg,frame_00005_jpg.rf.3ef123aca7cf5c9a2ed5ef4c0a45a982.jpg,0.908149465918541
C:\Users\carmonta\Desktop\data-centric-cross-season-transfer\datasets\train_on_2025_all\val\images\frame_00005_jpg.rf.dd83f8bc596c4dcaa4c54c5201503cff.jpg,frame_00005_jpg.rf.dd83f8bc596c4dcaa4c54c5201503cff.jpg,0.8183655291795731
C:\Users\carmonta\Desktop\data-centric-cross-season-transfer\datasets\train_on_2025_all\val\images\frame_00005_jpg.rf.ee1ff3c5d2ae3129279fa10a4c898842.jpg,frame_00005_jpg.rf.ee1ff3c5d2ae3129279fa10a4c898842.jpg,0.8627012670040131
C:\Users\carmonta\Desktop\data-centric-cross-season-transfer\datasets\train_on_2025_all\val\images\frame_00006_jpg.rf.d244c72491d07ff3caa751f7461f6e6f.jpg,frame_00006_jpg.rf.d244c72491d07ff3caa751f7461f6e6f.jpg,0.8911632001399994
C:\Users\carmonta\Desktop\data-centric-cross-season-transfer\datasets\train_on_2025_all\val\images\frame_00007_jpg.rf.98b43a30c9d05e540703295926d96fa2.jpg,frame_00007_jpg.rf.98b43a30c9d05e540703295926d96fa2.jpg,0.8286409974098206
C:\Users\carmonta\Desktop\data-centric-cross-season-transfer\datasets\train_on_2025_all\val\images\frame_00008_jpg.rf.4c3ab5c00a674adb53d6140f4297a92c.jpg,frame_00008_jpg.rf.4c3ab5c00a674adb53d6140f4297a92c.jpg,0.14712578058242798
C:\Users\carmonta\Desktop\data-centric-cross-season-transfer\datasets\train_on_2025_all\val\images\frame_00008_jpg.rf.5f90c9a5afd1dff132a19b285e79aaaf.jpg,frame_00008_jpg.rf.5f90c9a5afd1dff132a19b285e79aaaf.jpg,0.7624587267637253
C:\Users\carmonta\Desktop\data-centric-cross-season-transfer\datasets\train_on_2025_all\val\images\frame_00008_jpg.rf.9b74e7cb73a2179046892b2275e6616d.jpg,frame_00008_jpg.rf.9b74e7cb73a2179046892b2275e6616d.jpg,0.8551100045442581
C:\Users\carmonta\Desktop\data-centric-cross-season-transfer\datasets\train_on_2025_all\val\images\frame_00008_jpg.rf.d5290a64e883eb2f8f33144cba83459f.jpg,frame_00008_jpg.rf.d5290a64e883eb2f8f33144cba83459f.jpg,0.14742958545684814
C:\Users\carmonta\Desktop\data-centric-cross-season-transfer\datasets\train_on_2025_all\val\images\frame_00009_jpg.rf.ae5b8f3b1ed4b46f6ad0d8b4d04c07c7.jpg,frame_00009_jpg.rf.ae5b8f3b1ed4b46f6ad0d8b4d04c07c7.jpg,0.1359407901763916
C:\Users\carmonta\Desktop\data-centric-cross-season-transfer\datasets\train_on_2025_all\val\images\frame_00010_jpg.rf.4ab3342941455220c0f130449d211282.jpg,frame_00010_jpg.rf.4ab3342941455220c0f130449d211282.jpg,0.716743677854538
C:\Users\carmonta\Desktop\data-centric-cross-season-transfer\datasets\train_on_2025_all\val\images\frame_00010_jpg.rf.6e98efa4336499cec7220a1ea4f51422.jpg,frame_00010_jpg.rf.6e98efa4336499cec7220a1ea4f51422.jpg,0.6633095145225525
C:\Users\carmonta\Desktop\data-centric-cross-season-transfer\datasets\train_on_2025_all\val\images\frame_00010_jpg.rf.9c2aa8c33a641e16d49602091aac8559.jpg,frame_00010_jpg.rf.9c2aa8c33a641e16d49602091aac8559.jpg,0.13989019393920898
C:\Users\carmonta\Desktop\data-centric-cross-season-transfer\datasets\train_on_2025_all\val\images\frame_00010_jpg.rf.c37f6413c7cadc4b5d93c128e6853979.jpg,frame_00010_jpg.rf.c37f6413c7cadc4b5d93c128e6853979.jpg,0.71820268034935
C:\Users\carmonta\Desktop\data-centric-cross-season-transfer\datasets\train_on_2025_all\val\images\frame_00011_jpg.rf.19b23fe9d0e2d713346f1cffeeab61cf.jpg,frame_00011_jpg.rf.19b23fe9d0e2d713346f1cffeeab61cf.jpg,0.3971300721168518
C:\Users\carmonta\Desktop\data-centric-cross-season-transfer\datasets\train_on_2025_all\val\images\frame_00011_jpg.rf.586fe9ab3171294332bc8ce0e6b1cb1a.jpg,frame_00011_jpg.rf.586fe9ab3171294332bc8ce0e6b1cb1a.jpg,0.8536114245653152
C:\Users\carmonta\Desktop\data-centric-cross-season-transfer\datasets\train_on_2025_all\val\images\frame_00012_jpg.rf.0ad4041ad944a3bd5d2e66b191697f06.jpg,frame_00012_jpg.rf.0ad4041ad944a3bd5d2e66b191697f06.jpg,0.9084339514374733
C:\Users\carmonta\Desktop\data-centric-cross-season-transfer\datasets\train_on_2025_all\val\images\frame_00012_jpg.rf.1c83794e43e25b69d5cb3455710aa78f.jpg,frame_00012_jpg.rf.1c83794e43e25b69d5cb3455710aa78f.jpg,0.13813000917434692
C:\Users\carmonta\Desktop\data-centric-cross-season-transfer\datasets\train_on_2025_all\val\images\frame_00012_jpg.rf.ea0abbde59a540bed5165ef4437b8825.jpg,frame_00012_jpg.rf.ea0abbde59a540bed5165ef4437b8825.jpg,0.80583555996418
C:\Users\carmonta\Desktop\data-centric-cross-season-transfer\datasets\train_on_2025_all\val\images\frame_00013_jpg.rf.de154efb15418cdd924e3d5402fe9577.jpg,frame_00013_jpg.rf.de154efb15418cdd924e3d5402fe9577.jpg,0.8913750573992729
C:\Users\carmonta\Desktop\data-centric-cross-season-transfer\datasets\train_on_2025_all\val\images\frame_00013_jpg.rf.e45c961a193811f5837d1601e4b6f9f5.jpg,frame_00013_jpg.rf.e45c961a193811f5837d1601e4b6f9f5.jpg,0.575178474187851
C:\Users\carmonta\Desktop\data-centric-cross-season-transfer\datasets\train_on_2025_all\val\images\frame_00014_jpg.rf.1a317d65cf64a09942edac87f4f0346d.jpg,frame_00014_jpg.rf.1a317d65cf64a09942edac87f4f0346d.jpg,0.844412311911583
C:\Users\carmonta\Desktop\data-centric-cross-season-transfer\datasets\train_on_2025_all\val\images\frame_00014_jpg.rf.bb3a45e97fffcb65e85d3fbf6148d297.jpg,frame_00014_jpg.rf.bb3a45e97fffcb65e85d3fbf6148d297.jpg,0.21307456493377686
C:\Users\carmonta\Desktop\data-centric-cross-season-transfer\datasets\train_on_2025_all\val\images\frame_00014_jpg.rf.f77453efcbff22b45e50530c93eaca37.jpg,frame_00014_jpg.rf.f77453efcbff22b45e50530c93eaca37.jpg,0.7579855620861053
C:\Users\carmonta\Desktop\data-centric-cross-season-transfer\datasets\train_on_2025_all\val\images\frame_00015_jpg.rf.3deac7201ca0b52b478d13b4ab1b2237.jpg,frame_00015_jpg.rf.3deac7201ca0b52b478d13b4ab1b2237.jpg,0.41490525007247925
C:\Users\carmonta\Desktop\data-centric-cross-season-transfer\datasets\train_on_2025_all\val\images\frame_00015_jpg.rf.f7f862cefee5d9c98dc8dd7098337250.jpg,frame_00015_jpg.rf.f7f862cefee5d9c98dc8dd7098337250.jpg,0.7325514256954193
C:\Users\carmonta\Desktop\data-centric-cross-season-transfer\datasets\train_on_2025_all\val\images\frame_00016_jpg.rf.4cf3b0e6d65189f3f5725a30c45877fd.jpg,frame_00016_jpg.rf.4cf3b0e6d65189f3f5725a30c45877fd.jpg,0.8593997061252594
C:\Users\carmonta\Desktop\data-centric-cross-season-transfer\datasets\train_on_2025_all\val\images\frame_00016_jpg.rf.f9f93c761abe6ac54768e761966106fd.jpg,frame_00016_jpg.rf.f9f93c761abe6ac54768e761966106fd.jpg,0.7698753625154495
C:\Users\carmonta\Desktop\data-centric-cross-season-transfer\datasets\train_on_2025_all\val\images\frame_00017_jpg.rf.0f4891f6d26b8ee34867380c79557e2b.jpg,frame_00017_jpg.rf.0f4891f6d26b8ee34867380c79557e2b.jpg,0.6531026065349579
C:\Users\carmonta\Desktop\data-centric-cross-season-transfer\datasets\train_on_2025_all\val\images\frame_00017_jpg.rf.4caa4bdc028ec295e4a6581f33b71ded.jpg,frame_00017_jpg.rf.4caa4bdc028ec295e4a6581f33b71ded.jpg,0.8925170078873634
C:\Users\carmonta\Desktop\data-centric-cross-season-transfer\datasets\train_on_2025_all\val\images\frame_00017_jpg.rf.88f80d60ea9d3d22e4df78e942facb11.jpg,frame_00017_jpg.rf.88f80d60ea9d3d22e4df78e942facb11.jpg,0.7596426606178284
C:\Users\carmonta\Desktop\data-centric-cross-season-transfer\datasets\train_on_2025_all\val\images\frame_00017_jpg.rf.abad2f215ad4874070b5a3353414e1e8.jpg,frame_00017_jpg.rf.abad2f215ad4874070b5a3353414e1e8.jpg,0.8966415971517563
C:\Users\carmonta\Desktop\data-centric-cross-season-transfer\datasets\train_on_2025_all\val\images\frame_00017_jpg.rf.ae00ccaec1b6b8170570cd8bfbc676ba.jpg,frame_00017_jpg.rf.ae00ccaec1b6b8170570cd8bfbc676ba.jpg,0.6845960319042206
C:\Users\carmonta\Desktop\data-centric-cross-season-transfer\datasets\train_on_2025_all\val\images\frame_00019_jpg.rf.10e6b4bb62d98429999bdb4ae0ae77dd.jpg,frame_00019_jpg.rf.10e6b4bb62d98429999bdb4ae0ae77dd.jpg,0.8087333142757416
C:\Users\carmonta\Desktop\data-centric-cross-season-transfer\datasets\train_on_2025_all\val\images\frame_00019_jpg.rf.2282dfd4b3e15a87cbe87c2c3b9e43ef.jpg,frame_00019_jpg.rf.2282dfd4b3e15a87cbe87c2c3b9e43ef.jpg,0.8578949123620987
C:\Users\carmonta\Desktop\data-centric-cross-season-transfer\datasets\train_on_2025_all\val\images\frame_00019_jpg.rf.697fb0f2f68c51f5bae3d7953d08b57a.jpg,frame_00019_jpg.rf.697fb0f2f68c51f5bae3d7953d08b57a.jpg,0.8574624508619308
C:\Users\carmonta\Desktop\data-centric-cross-season-transfer\datasets\train_on_2025_all\val\images\frame_00020_jpg.rf.8c2736fb75e3fc7f5086c995d4b83183.jpg,frame_00020_jpg.rf.8c2736fb75e3fc7f5086c995d4b83183.jpg,0.26827436685562134
C:\Users\carmonta\Desktop\data-centric-cross-season-transfer\datasets\train_on_2025_all\val\images\frame_00020_jpg.rf.9edc81419102a5cb1aeb970896745745.jpg,frame_00020_jpg.rf.9edc81419102a5cb1aeb970896745745.jpg,0.7508502155542374
C:\Users\carmonta\Desktop\data-centric-cross-season-transfer\datasets\train_on_2025_all\val\images\frame_00021_jpg.rf.f1be329a07d7ab6c14a91b16d41cfb84.jpg,frame_00021_jpg.rf.f1be329a07d7ab6c14a91b16d41cfb84.jpg,0.902651458978653
C:\Users\carmonta\Desktop\data-centric-cross-season-transfer\datasets\train_on_2025_all\val\images\frame_00022_jpg.rf.065eb516b074d3d3f970d92b5bc8e3a4.jpg,frame_00022_jpg.rf.065eb516b074d3d3f970d92b5bc8e3a4.jpg,0.594268798828125
C:\Users\carmonta\Desktop\data-centric-cross-season-transfer\datasets\train_on_2025_all\val\images\frame_00022_jpg.rf.2bf8c1f487c345ed44dec3d9c7ab1a27.jpg,frame_00022_jpg.rf.2bf8c1f487c345ed44dec3d9c7ab1a27.jpg,0.7143265902996063
C:\Users\carmonta\Desktop\data-centric-cross-season-transfer\datasets\train_on_2025_all\val\images\frame_00022_jpg.rf.7c6cfbb8e80256baaeee61abd7ab8c63.jpg,frame_00022_jpg.rf.7c6cfbb8e80256baaeee61abd7ab8c63.jpg,0.8460361659526825
C:\Users\carmonta\Desktop\data-centric-cross-season-transfer\datasets\train_on_2025_all\val\images\frame_00022_jpg.rf.ca782a156be5797ee7b76a6275d86ebb.jpg,frame_00022_jpg.rf.ca782a156be5797ee7b76a6275d86ebb.jpg,0.5538454651832581
C:\Users\carmonta\Desktop\data-centric-cross-season-transfer\datasets\train_on_2025_all\val\images\frame_00023_jpg.rf.23dd43f6a0025cce3c7a8d1712fdbf5a.jpg,frame_00023_jpg.rf.23dd43f6a0025cce3c7a8d1712fdbf5a.jpg,0.574367105960846
C:\Users\carmonta\Desktop\data-centric-cross-season-transfer\datasets\train_on_2025_all\val\images\frame_00023_jpg.rf.653672710b04ab9e9b1d453db06954f8.jpg,frame_00023_jpg.rf.653672710b04ab9e9b1d453db06954f8.jpg,0.693846732378006
C:\Users\carmonta\Desktop\data-centric-cross-season-transfer\datasets\train_on_2025_all\val\images\frame_00023_jpg.rf.9cebdfbf6a49a459667578decb3eaa0b.jpg,frame_00023_jpg.rf.9cebdfbf6a49a459667578decb3eaa0b.jpg,0.6010109186172485
C:\Users\carmonta\Desktop\data-centric-cross-season-transfer\datasets\train_on_2025_all\val\images\frame_00023_jpg.rf.a655fa38ded1e50510aa2bbe43708e53.jpg,frame_00023_jpg.rf.a655fa38ded1e50510aa2bbe43708e53.jpg,0.9526428058743477
C:\Users\carmonta\Desktop\data-centric-cross-season-transfer\datasets\train_on_2025_all\val\images\frame_00025_jpg.rf.047c08acd90f273eabff6c6289aaf987.jpg,frame_00025_jpg.rf.047c08acd90f273eabff6c6289aaf987.jpg,0.5378479361534119
C:\Users\carmonta\Desktop\data-centric-cross-season-transfer\datasets\train_on_2025_all\val\images\frame_00026_jpg.rf.298c14c36184f9a4cb1ff4cb8030c3c5.jpg,frame_00026_jpg.rf.298c14c36184f9a4cb1ff4cb8030c3c5.jpg,0.6940836906433105
C:\Users\carmonta\Desktop\data-centric-cross-season-transfer\datasets\train_on_2025_all\val\images\frame_00026_jpg.rf.36f214998fb1cb22ae3b9ec593c67d3d.jpg,frame_00026_jpg.rf.36f214998fb1cb22ae3b9ec593c67d3d.jpg,0.8957657963037491
C:\Users\carmonta\Desktop\data-centric-cross-season-transfer\datasets\train_on_2025_all\val\images\frame_00027_jpg.rf.0162405403d860e9019d09965da6562e.jpg,frame_00027_jpg.rf.0162405403d860e9019d09965da6562e.jpg,0.525690346956253
C:\Users\carmonta\Desktop\data-centric-cross-season-transfer\datasets\train_on_2025_all\val\images\frame_00027_jpg.rf.53f5eff50788119f7e7317099ed5a06d.jpg,frame_00027_jpg.rf.53f5eff50788119f7e7317099ed5a06d.jpg,0.6981033682823181
C:\Users\carmonta\Desktop\data-centric-cross-season-transfer\datasets\train_on_2025_all\val\images\frame_00027_jpg.rf.877aa00f6d1ccf96407372d955a6c6fa.jpg,frame_00027_jpg.rf.877aa00f6d1ccf96407372d955a6c6fa.jpg,0.7691059112548828
C:\Users\carmonta\Desktop\data-centric-cross-season-transfer\datasets\train_on_2025_all\val\images\frame_00027_jpg.rf.886949a2011613752226ef5a43a75dad.jpg,frame_00027_jpg.rf.886949a2011613752226ef5a43a75dad.jpg,0.5563823282718658
C:\Users\carmonta\Desktop\data-centric-cross-season-transfer\datasets\train_on_2025_all\val\images\frame_00027_jpg.rf.8e10812cae04d26b9a3b30e6565f1b87.jpg,frame_00027_jpg.rf.8e10812cae04d26b9a3b30e6565f1b87.jpg,0.7845164835453033
C:\Users\carmonta\Desktop\data-centric-cross-season-transfer\datasets\train_on_2025_all\val\images\frame_00027_jpg.rf.c11b39d1349ea630db20f9376bcf3808.jpg,frame_00027_jpg.rf.c11b39d1349ea630db20f9376bcf3808.jpg,0.7777235954999924
C:\Users\carmonta\Desktop\data-centric-cross-season-transfer\datasets\train_on_2025_all\val\images\frame_00027_jpg.rf.d369d90de32e7c8400c2dba4c9d7ade4.jpg,frame_00027_jpg.rf.d369d90de32e7c8400c2dba4c9d7ade4.jpg,0.7684399634599686
C:\Users\carmonta\Desktop\data-centric-cross-season-transfer\datasets\train_on_2025_all\val\images\frame_00028_jpg.rf.295d6758e9d4c5c240e8717c3a443b0f.jpg,frame_00028_jpg.rf.295d6758e9d4c5c240e8717c3a443b0f.jpg,0.8072450757026672
C:\Users\carmonta\Desktop\data-centric-cross-season-transfer\datasets\train_on_2025_all\val\images\frame_00028_jpg.rf.37c96cbf16dcbd9348dc8abe1a6f79ab.jpg,frame_00028_jpg.rf.37c96cbf16dcbd9348dc8abe1a6f79ab.jpg,0.7955537587404251
C:\Users\carmonta\Desktop\data-centric-cross-season-transfer\datasets\train_on_2025_all\val\images\frame_00028_jpg.rf.8d95d11c39395c0eff586537cdad8272.jpg,frame_00028_jpg.rf.8d95d11c39395c0eff586537cdad8272.jpg,0.8138076961040497
C:\Users\carmonta\Desktop\data-centric-cross-season-transfer\datasets\train_on_2025_all\val\images\frame_00029_jpg.rf.168b1fd4d5133a42821fdf083ca165c4.jpg,frame_00029_jpg.rf.168b1fd4d5133a42821fdf083ca165c4.jpg,0.5206516683101654
C:\Users\carmonta\Desktop\data-centric-cross-season-transfer\datasets\train_on_2025_all\val\images\frame_00029_jpg.rf.27b19e154dea1bcc629f23ec476e0a1b.jpg,frame_00029_jpg.rf.27b19e154dea1bcc629f23ec476e0a1b.jpg,0.7869550287723541
C:\Users\carmonta\Desktop\data-centric-cross-season-transfer\datasets\train_on_2025_all\val\images\frame_00029_jpg.rf.3941c516f47e92f570c8b0348c8bb46b.jpg,frame_00029_jpg.rf.3941c516f47e92f570c8b0348c8bb46b.jpg,0.6656046211719513
C:\Users\carmonta\Desktop\data-centric-cross-season-transfer\datasets\train_on_2025_all\val\images\frame_00029_jpg.rf.6660ad5363fd0e4f4294879fa8232408.jpg,frame_00029_jpg.rf.6660ad5363fd0e4f4294879fa8232408.jpg,0.5595718026161194
C:\Users\carmonta\Desktop\data-centric-cross-season-transfer\datasets\train_on_2025_all\val\images\frame_00029_jpg.rf.eaf91f4dda5554acacdd5920fe03cd2a.jpg,frame_00029_jpg.rf.eaf91f4dda5554acacdd5920fe03cd2a.jpg,0.7149599194526672
C:\Users\carmonta\Desktop\data-centric-cross-season-transfer\datasets\train_on_2025_all\val\images\frame_00030_jpg.rf.04dbb7f2d6dd06e5dfe784b9fbce6494.jpg,frame_00030_jpg.rf.04dbb7f2d6dd06e5dfe784b9fbce6494.jpg,0.4790274500846863
C:\Users\carmonta\Desktop\data-centric-cross-season-transfer\datasets\train_on_2025_all\val\images\frame_00030_jpg.rf.3b4ff49d4f601b7babc9f08844f90c86.jpg,frame_00030_jpg.rf.3b4ff49d4f601b7babc9f08844f90c86.jpg,0.48244744539260864
C:\Users\carmonta\Desktop\data-centric-cross-season-transfer\datasets\train_on_2025_all\val\images\frame_00030_jpg.rf.8c42e651a39837097e313864fbe724f0.jpg,frame_00030_jpg.rf.8c42e651a39837097e313864fbe724f0.jpg,0.4831694960594177
C:\Users\carmonta\Desktop\data-centric-cross-season-transfer\datasets\train_on_2025_all\val\images\frame_00031_jpg.rf.d10f5e4dc5f70cf6fb89c7538d1c9634.jpg,frame_00031_jpg.rf.d10f5e4dc5f70cf6fb89c7538d1c9634.jpg,0.6992465555667877
C:\Users\carmonta\Desktop\data-centric-cross-season-transfer\datasets\train_on_2025_all\val\images\frame_00031_jpg.rf.f80fe06b28208659a048697e88dfd06d.jpg,frame_00031_jpg.rf.f80fe06b28208659a048697e88dfd06d.jpg,0.6410063207149506
C:\Users\carmonta\Desktop\data-centric-cross-season-transfer\datasets\train_on_2025_all\val\images\frame_00032_jpg.rf.4a67c0b50ceccb21cbb21fbdf35dff08.jpg,frame_00032_jpg.rf.4a67c0b50ceccb21cbb21fbdf35dff08.jpg,0.16035687923431396
C:\Users\carmonta\Desktop\data-centric-cross-season-transfer\datasets\train_on_2025_all\val\images\frame_00032_jpg.rf.837aded9c5a628f1d1e1f52f6cff109a.jpg,frame_00032_jpg.rf.837aded9c5a628f1d1e1f52f6cff109a.jpg,0.9222984090447426
C:\Users\carmonta\Desktop\data-centric-cross-season-transfer\datasets\train_on_2025_all\val\images\frame_00032_jpg.rf.cfaac73fc079a7f3abc5cc2e5a37b822.jpg,frame_00032_jpg.rf.cfaac73fc079a7f3abc5cc2e5a37b822.jpg,0.7059543132781982
C:\Users\carmonta\Desktop\data-centric-cross-season-transfer\datasets\train_on_2025_all\val\images\frame_00032_jpg.rf.f51b4d759fb56cda0d27e431a37fd0c0.jpg,frame_00032_jpg.rf.f51b4d759fb56cda0d27e431a37fd0c0.jpg,0.16119986772537231
C:\Users\carmonta\Desktop\data-centric-cross-season-transfer\datasets\train_on_2025_all\val\images\frame_00032_jpg.rf.fdf9c971ed9de5d1258672c2b975cdea.jpg,frame_00032_jpg.rf.fdf9c971ed9de5d1258672c2b975cdea.jpg,0.9054685905575752
C:\Users\carmonta\Desktop\data-centric-cross-season-transfer\datasets\train_on_2025_all\val\images\frame_00032_jpg.rf.fea3897e7d07ef7b548b7904b9777f94.jpg,frame_00032_jpg.rf.fea3897e7d07ef7b548b7904b9777f94.jpg,0.5034493505954742
C:\Users\carmonta\Desktop\data-centric-cross-season-transfer\datasets\train_on_2025_all\val\images\frame_00033_jpg.rf.2c6188cc5738ae3b630475fc7d2e6a86.jpg,frame_00033_jpg.rf.2c6188cc5738ae3b630475fc7d2e6a86.jpg,0.6235283017158508
C:\Users\carmonta\Desktop\data-centric-cross-season-transfer\datasets\train_on_2025_all\val\images\frame_00034_jpg.rf.238e83c9c499f90ec13e5cc9489eaa3c.jpg,frame_00034_jpg.rf.238e83c9c499f90ec13e5cc9489eaa3c.jpg,0.7431834936141968
C:\Users\carmonta\Desktop\data-centric-cross-season-transfer\datasets\train_on_2025_all\val\images\frame_00034_jpg.rf.4cb27645834c611106d5d4130a01767b.jpg,frame_00034_jpg.rf.4cb27645834c611106d5d4130a01767b.jpg,0.8848537057638168
C:\Users\carmonta\Desktop\data-centric-cross-season-transfer\datasets\train_on_2025_all\val\images\frame_00034_jpg.rf.8397b3be101e56dfa4f972dc84d5f926.jpg,frame_00034_jpg.rf.8397b3be101e56dfa4f972dc84d5f926.jpg,0.8917044401168823
C:\Users\carmonta\Desktop\data-centric-cross-season-transfer\datasets\train_on_2025_all\val\images\frame_00034_jpg.rf.d3d9d9dd64a73c993444c9a2f91018af.jpg,frame_00034_jpg.rf.d3d9d9dd64a73c993444c9a2f91018af.jpg,0.8864441439509392
C:\Users\carmonta\Desktop\data-centric-cross-season-transfer\datasets\train_on_2025_all\val\images\frame_00035_jpg.rf.1b54ed472517a61c9bfeec7220ad64a2.jpg,frame_00035_jpg.rf.1b54ed472517a61c9bfeec7220ad64a2.jpg,0.6456452012062073
C:\Users\carmonta\Desktop\data-centric-cross-season-transfer\datasets\train_on_2025_all\val\images\frame_00035_jpg.rf.9dc37fccda377dbb0af4263476b4c604.jpg,frame_00035_jpg.rf.9dc37fccda377dbb0af4263476b4c604.jpg,0.1558893918991089
C:\Users\carmonta\Desktop\data-centric-cross-season-transfer\datasets\train_on_2025_all\val\images\frame_00035_jpg.rf.a488121fbc82e28e06e7fe9336c404a9.jpg,frame_00035_jpg.rf.a488121fbc82e28e06e7fe9336c404a9.jpg,0.5423072874546051
C:\Users\carmonta\Desktop\data-centric-cross-season-transfer\datasets\train_on_2025_all\val\images\frame_00036_jpg.rf.891c05f42e72922b936efc76f130ebaf.jpg,frame_00036_jpg.rf.891c05f42e72922b936efc76f130ebaf.jpg,0.804516926407814
C:\Users\carmonta\Desktop\data-centric-cross-season-transfer\datasets\train_on_2025_all\val\images\frame_00036_jpg.rf.98c89c2a8b355e8386a0413cd88ec542.jpg,frame_00036_jpg.rf.98c89c2a8b355e8386a0413cd88ec542.jpg,0.6930353939533234
C:\Users\carmonta\Desktop\data-centric-cross-season-transfer\datasets\train_on_2025_all\val\images\frame_00037_jpg.rf.c832809fed39f1cf33cff166f46a5295.jpg,frame_00037_jpg.rf.c832809fed39f1cf33cff166f46a5295.jpg,0.5918554961681366
C:\Users\carmonta\Desktop\data-centric-cross-season-transfer\datasets\train_on_2025_all\val\images\frame_00037_jpg.rf.cc3294623eb214102127d67f381a0b9e.jpg,frame_00037_jpg.rf.cc3294623eb214102127d67f381a0b9e.jpg,0.3786875009536743
C:\Users\carmonta\Desktop\data-centric-cross-season-transfer\datasets\train_on_2025_all\val\images\frame_00038_jpg.rf.156d4aeab70038ccdeedb8c2aa1ddbcd.jpg,frame_00038_jpg.rf.156d4aeab70038ccdeedb8c2aa1ddbcd.jpg,0.5174016356468201
C:\Users\carmonta\Desktop\data-centric-cross-season-transfer\datasets\train_on_2025_all\val\images\frame_00038_jpg.rf.92aebc9f7c406273bffccf46b4784e97.jpg,frame_00038_jpg.rf.92aebc9f7c406273bffccf46b4784e97.jpg,0.43938887119293213
C:\Users\carmonta\Desktop\data-centric-cross-season-transfer\datasets\train_on_2025_all\val\images\frame_00039_jpg.rf.387e2b6eef7d94eddb15294e20daaab8.jpg,frame_00039_jpg.rf.387e2b6eef7d94eddb15294e20daaab8.jpg,0.4997420907020569
C:\Users\carmonta\Desktop\data-centric-cross-season-transfer\datasets\train_on_2025_all\val\images\frame_00039_jpg.rf.50ad10c4731a50be3dc2d3520e7a15ef.jpg,frame_00039_jpg.rf.50ad10c4731a50be3dc2d3520e7a15ef.jpg,0.43285471200942993
C:\Users\carmonta\Desktop\data-centric-cross-season-transfer\datasets\train_on_2025_all\val\images\frame_00039_jpg.rf.584a06cb036640b776903447fe1426ad.jpg,frame_00039_jpg.rf.584a06cb036640b776903447fe1426ad.jpg,0.7259959280490875
C:\Users\carmonta\Desktop\data-centric-cross-season-transfer\datasets\train_on_2025_all\val\images\frame_00039_jpg.rf.70030802aadc30a609408af461aa5968.jpg,frame_00039_jpg.rf.70030802aadc30a609408af461aa5968.jpg,0.4988076686859131
C:\Users\carmonta\Desktop\data-centric-cross-season-transfer\datasets\train_on_2025_all\val\images\frame_00040_jpg.rf.ae7ba2eb3702ebcbcf954db422113ad8.jpg,frame_00040_jpg.rf.ae7ba2eb3702ebcbcf954db422113ad8.jpg,0.38162559270858765
C:\Users\carmonta\Desktop\data-centric-cross-season-transfer\datasets\train_on_2025_all\val\images\frame_00041_jpg.rf.820190131d46b87955b6f8ab38b0e58f.jpg,frame_00041_jpg.rf.820190131d46b87955b6f8ab38b0e58f.jpg,0.4317582845687866
C:\Users\carmonta\Desktop\data-centric-cross-season-transfer\datasets\train_on_2025_all\val\images\frame_00041_jpg.rf.97cc81e54d6d7205b5896e3424d0179b.jpg,frame_00041_jpg.rf.97cc81e54d6d7205b5896e3424d0179b.jpg,0.99691790365614
C:\Users\carmonta\Desktop\data-centric-cross-season-transfer\datasets\train_on_2025_all\val\images\frame_00041_jpg.rf.c50393c73c5d79de220ee44337c72edd.jpg,frame_00041_jpg.rf.c50393c73c5d79de220ee44337c72edd.jpg,0.7920579612255096
C:\Users\carmonta\Desktop\data-centric-cross-season-transfer\datasets\train_on_2025_all\val\images\frame_00042_jpg.rf.3f1ee8cc02886515309ec0ee5c7d23ba.jpg,frame_00042_jpg.rf.3f1ee8cc02886515309ec0ee5c7d23ba.jpg,0.5061186850070953
C:\Users\carmonta\Desktop\data-centric-cross-season-transfer\datasets\train_on_2025_all\val\images\frame_00042_jpg.rf.b65450596f6258f24ad5b9f321a1565d.jpg,frame_00042_jpg.rf.b65450596f6258f24ad5b9f321a1565d.jpg,0.38029009103775024
C:\Users\carmonta\Desktop\data-centric-cross-season-transfer\datasets\train_on_2025_all\val\images\frame_00042_jpg.rf.c4fb7eecbc8dd41362e479f4359768dc.jpg,frame_00042_jpg.rf.c4fb7eecbc8dd41362e479f4359768dc.jpg,0.5970880687236786
C:\Users\carmonta\Desktop\data-centric-cross-season-transfer\datasets\train_on_2025_all\val\images\frame_00043_jpg.rf.6c7afbdf53c901ae874ec90a49a43baa.jpg,frame_00043_jpg.rf.6c7afbdf53c901ae874ec90a49a43baa.jpg,0.6284175217151642
C:\Users\carmonta\Desktop\data-centric-cross-season-transfer\datasets\train_on_2025_all\val\images\frame_00043_jpg.rf.77b9d0f2493bc689aa7f4f6136882809.jpg,frame_00043_jpg.rf.77b9d0f2493bc689aa7f4f6136882809.jpg,0.8459533303976059
C:\Users\carmonta\Desktop\data-centric-cross-season-transfer\datasets\train_on_2025_all\val\images\frame_00043_jpg.rf.b2ff059ec76db9faed5a510c1e481bbe.jpg,frame_00043_jpg.rf.b2ff059ec76db9faed5a510c1e481bbe.jpg,0.8409393578767776
C:\Users\carmonta\Desktop\data-centric-cross-season-transfer\datasets\train_on_2025_all\val\images\frame_00043_jpg.rf.d9b5b2b1f5eac35ae015852337221329.jpg,frame_00043_jpg.rf.d9b5b2b1f5eac35ae015852337221329.jpg,0.7042268812656403
C:\Users\carmonta\Desktop\data-centric-cross-season-transfer\datasets\train_on_2025_all\val\images\frame_00044_jpg.rf.5ae100e9a3fb643ef673a9ce8e4a84b7.jpg,frame_00044_jpg.rf.5ae100e9a3fb643ef673a9ce8e4a84b7.jpg,0.1700352430343628
C:\Users\carmonta\Desktop\data-centric-cross-season-transfer\datasets\train_on_2025_all\val\images\frame_00044_jpg.rf.61ac60a97dd0dd8afad158554d190d8d.jpg,frame_00044_jpg.rf.61ac60a97dd0dd8afad158554d190d8d.jpg,0.6526215076446533
C:\Users\carmonta\Desktop\data-centric-cross-season-transfer\datasets\train_on_2025_all\val\images\frame_00044_jpg.rf.964abac006075081c6be7e3b85842dc4.jpg,frame_00044_jpg.rf.964abac006075081c6be7e3b85842dc4.jpg,0.34072965383529663
C:\Users\carmonta\Desktop\data-centric-cross-season-transfer\datasets\train_on_2025_all\val\images\frame_00044_jpg.rf.e6500204f4c000d304895fa93ace0318.jpg,frame_00044_jpg.rf.e6500204f4c000d304895fa93ace0318.jpg,0.8849174380302429
C:\Users\carmonta\Desktop\data-centric-cross-season-transfer\datasets\train_on_2025_all\val\images\frame_00045_jpg.rf.633fc43f449e325a7ecef2bc472084f6.jpg,frame_00045_jpg.rf.633fc43f449e325a7ecef2bc472084f6.jpg,0.8986973389983177
C:\Users\carmonta\Desktop\data-centric-cross-season-transfer\datasets\train_on_2025_all\val\images\frame_00045_jpg.rf.70bd37788b34a08dd992ae816ca70ffb.jpg,frame_00045_jpg.rf.70bd37788b34a08dd992ae816ca70ffb.jpg,1.0
C:\Users\carmonta\Desktop\data-centric-cross-season-transfer\datasets\train_on_2025_all\val\images\frame_00046_jpg.rf.667a47ae0bf23d6c5bfa622b17c0b6a3.jpg,frame_00046_jpg.rf.667a47ae0bf23d6c5bfa622b17c0b6a3.jpg,0.9329111576080322
C:\Users\carmonta\Desktop\data-centric-cross-season-transfer\datasets\train_on_2025_all\val\images\frame_00046_jpg.rf.74619e0a839c270af24051c9edd3d8d4.jpg,frame_00046_jpg.rf.74619e0a839c270af24051c9edd3d8d4.jpg,0.20629054307937622
C:\Users\carmonta\Desktop\data-centric-cross-season-transfer\datasets\train_on_2025_all\val\images\frame_00046_jpg.rf.756fd9d0c53212d4daf52adaab118ff7.jpg,frame_00046_jpg.rf.756fd9d0c53212d4daf52adaab118ff7.jpg,0.5816622376441956
C:\Users\carmonta\Desktop\data-centric-cross-season-transfer\datasets\train_on_2025_all\val\images\frame_00047_jpg.rf.433845c65c7fb3331ee9129330ba949d.jpg,frame_00047_jpg.rf.433845c65c7fb3331ee9129330ba949d.jpg,0.9399968199431896
C:\Users\carmonta\Desktop\data-centric-cross-season-transfer\datasets\train_on_2025_all\val\images\frame_00047_jpg.rf.cbe6514312f2c8d2a7af6d812a2f68f0.jpg,frame_00047_jpg.rf.cbe6514312f2c8d2a7af6d812a2f68f0.jpg,0.9399968199431896
C:\Users\carmonta\Desktop\data-centric-cross-season-transfer\datasets\train_on_2025_all\val\images\frame_00048_jpg.rf.bd960935debd71e3e6260cfe9a541821.jpg,frame_00048_jpg.rf.bd960935debd71e3e6260cfe9a541821.jpg,0.7907145917415619
C:\Users\carmonta\Desktop\data-centric-cross-season-transfer\datasets\train_on_2025_all\val\images\frame_00049_jpg.rf.dde136cea3816276fdb69fb03fa70905.jpg,frame_00049_jpg.rf.dde136cea3816276fdb69fb03fa70905.jpg,0.9982298206305131
C:\Users\carmonta\Desktop\data-centric-cross-season-transfer\datasets\train_on_2025_all\val\images\frame_00049_jpg.rf.e69c1947316ab7c5617b9f5ee197a630.jpg,frame_00049_jpg.rf.e69c1947316ab7c5617b9f5ee197a630.jpg,0.9975639584008604
C:\Users\carmonta\Desktop\data-centric-cross-season-transfer\datasets\train_on_2025_all\val\images\frame_00050_jpg.rf.acd80ed854a745c4c87bd7c9e2ed054b.jpg,frame_00050_jpg.rf.acd80ed854a745c4c87bd7c9e2ed054b.jpg,0.7864660769701004
C:\Users\carmonta\Desktop\data-centric-cross-season-transfer\datasets\train_on_2025_all\val\images\frame_00051_jpg.rf.3db3f71dbaf62b1e668c2b8de541fe92.jpg,frame_00051_jpg.rf.3db3f71dbaf62b1e668c2b8de541fe92.jpg,0.9205051884055138
C:\Users\carmonta\Desktop\data-centric-cross-season-transfer\datasets\train_on_2025_all\val\images\frame_00051_jpg.rf.94a6baeb03f3712098163f3a6e275923.jpg,frame_00051_jpg.rf.94a6baeb03f3712098163f3a6e275923.jpg,0.9121348410844803
C:\Users\carmonta\Desktop\data-centric-cross-season-transfer\datasets\train_on_2025_all\val\images\frame_00052_jpg.rf.580ac9a238114c53e24ff9dfe438e040.jpg,frame_00052_jpg.rf.580ac9a238114c53e24ff9dfe438e040.jpg,0.22746580839157104
C:\Users\carmonta\Desktop\data-centric-cross-season-transfer\datasets\train_on_2025_all\val\images\frame_00054_jpg.rf.14806f5143f40ef1029e6297701c8601.jpg,frame_00054_jpg.rf.14806f5143f40ef1029e6297701c8601.jpg,0.15412133932113647
C:\Users\carmonta\Desktop\data-centric-cross-season-transfer\datasets\train_on_2025_all\val\images\frame_00055_jpg.rf.17c9c4717ff187cb435daa8e2e4f867d.jpg,frame_00055_jpg.rf.17c9c4717ff187cb435daa8e2e4f867d.jpg,0.6213001012802124
C:\Users\carmonta\Desktop\data-centric-cross-season-transfer\datasets\train_on_2025_all\val\images\frame_00055_jpg.rf.734fe0ba2f8c42534349ef5b05d246ab.jpg,frame_00055_jpg.rf.734fe0ba2f8c42534349ef5b05d246ab.jpg,0.6212258040904999
C:\Users\carmonta\Desktop\data-centric-cross-season-transfer\datasets\train_on_2025_all\val\images\frame_00055_jpg.rf.742ad2b53f7612f78cd4ffa34a97abf8.jpg,frame_00055_jpg.rf.742ad2b53f7612f78cd4ffa34a97abf8.jpg,0.8083531409502029
C:\Users\carmonta\Desktop\data-centric-cross-season-transfer\datasets\train_on_2025_all\val\images\frame_00055_jpg.rf.d3da204f4f9a704905083b8d80b877d0.jpg,frame_00055_jpg.rf.d3da204f4f9a704905083b8d80b877d0.jpg,0.6219694018363953
C:\Users\carmonta\Desktop\data-centric-cross-season-transfer\datasets\train_on_2025_all\val\images\frame_00056_jpg.rf.588959678f3a9c30883ac01930ffe82b.jpg,frame_00056_jpg.rf.588959678f3a9c30883ac01930ffe82b.jpg,0.7523009926080704
C:\Users\carmonta\Desktop\data-centric-cross-season-transfer\datasets\train_on_2025_all\val\images\frame_00057_jpg.rf.3d1f5d442cd84db7e89addcc8e2719fe.jpg,frame_00057_jpg.rf.3d1f5d442cd84db7e89addcc8e2719fe.jpg,0.5015816986560822
C:\Users\carmonta\Desktop\data-centric-cross-season-transfer\datasets\train_on_2025_all\val\images\frame_00058_jpg.rf.fdc4e198f10067ef0b2deae150f72d2c.jpg,frame_00058_jpg.rf.fdc4e198f10067ef0b2deae150f72d2c.jpg,0.5845838487148285
C:\Users\carmonta\Desktop\data-centric-cross-season-transfer\datasets\train_on_2025_all\val\images\frame_00059_jpg.rf.2b707261cba4ed4365531cc74d24df93.jpg,frame_00059_jpg.rf.2b707261cba4ed4365531cc74d24df93.jpg,0.7123794853687286
C:\Users\carmonta\Desktop\data-centric-cross-season-transfer\datasets\train_on_2025_all\val\images\frame_00062_jpg.rf.a93d0afa65b1362841db11538290fdd5.jpg,frame_00062_jpg.rf.a93d0afa65b1362841db11538290fdd5.jpg,0.8737033605575562
C:\Users\carmonta\Desktop\data-centric-cross-season-transfer\datasets\train_on_2025_all\val\images\frame_00063_jpg.rf.334fc733d88ebde5f78b845fb0b7eabb.jpg,frame_00063_jpg.rf.334fc733d88ebde5f78b845fb0b7eabb.jpg,0.45301759243011475
C:\Users\carmonta\Desktop\data-centric-cross-season-transfer\datasets\train_on_2025_all\val\images\frame_00063_jpg.rf.ebcec09b94a7a03784174f0ad9ad7b0a.jpg,frame_00063_jpg.rf.ebcec09b94a7a03784174f0ad9ad7b0a.jpg,0.6738167107105255
C:\Users\carmonta\Desktop\data-centric-cross-season-transfer\datasets\train_on_2025_all\val\images\frame_00064_jpg.rf.5bb255b8f9c7d615a0cd1fcc69c0c90f.jpg,frame_00064_jpg.rf.5bb255b8f9c7d615a0cd1fcc69c0c90f.jpg,0.9365057200193405
C:\Users\carmonta\Desktop\data-centric-cross-season-transfer\datasets\train_on_2025_all\val\images\frame_00064_jpg.rf.7aceb15cb33f772f1c430577c0f66408.jpg,frame_00064_jpg.rf.7aceb15cb33f772f1c430577c0f66408.jpg,0.565462052822113
C:\Users\carmonta\Desktop\data-centric-cross-season-transfer\datasets\train_on_2025_all\val\images\frame_00064_jpg.rf.8315065276fbac7368f349c4f9613bfb.jpg,frame_00064_jpg.rf.8315065276fbac7368f349c4f9613bfb.jpg,0.3381316065788269
C:\Users\carmonta\Desktop\data-centric-cross-season-transfer\datasets\train_on_2025_all\val\images\frame_00064_jpg.rf.955bd0922d02968533e78898de6c1842.jpg,frame_00064_jpg.rf.955bd0922d02968533e78898de6c1842.jpg,0.6778345704078674
C:\Users\carmonta\Desktop\data-centric-cross-season-transfer\datasets\train_on_2025_all\val\images\frame_00064_jpg.rf.d25b3c6ce7f00a111d6af36ebd1795a7.jpg,frame_00064_jpg.rf.d25b3c6ce7f00a111d6af36ebd1795a7.jpg,0.9369420856237411
C:\Users\carmonta\Desktop\data-centric-cross-season-transfer\datasets\train_on_2025_all\val\images\frame_00065_jpg.rf.076a62b2fe945213bb9d6511e867e28c.jpg,frame_00065_jpg.rf.076a62b2fe945213bb9d6511e867e28c.jpg,0.9193823859095573
C:\Users\carmonta\Desktop\data-centric-cross-season-transfer\datasets\train_on_2025_all\val\images\frame_00065_jpg.rf.0c1069145b2596435cce952973aae2ad.jpg,frame_00065_jpg.rf.0c1069145b2596435cce952973aae2ad.jpg,0.9155032336711884
C:\Users\carmonta\Desktop\data-centric-cross-season-transfer\datasets\train_on_2025_all\val\images\frame_00065_jpg.rf.4363ca2e06cd1a079fc17ae7c222abd2.jpg,frame_00065_jpg.rf.4363ca2e06cd1a079fc17ae7c222abd2.jpg,0.8988224491477013
C:\Users\carmonta\Desktop\data-centric-cross-season-transfer\datasets\train_on_2025_all\val\images\frame_00065_jpg.rf.4eaca404fa7ea19bd444819828ac88dd.jpg,frame_00065_jpg.rf.4eaca404fa7ea19bd444819828ac88dd.jpg,0.7074214220046997
C:\Users\carmonta\Desktop\data-centric-cross-season-transfer\datasets\train_on_2025_all\val\images\frame_00065_jpg.rf.c9ba95450169526523b8b8c7ce85b709.jpg,frame_00065_jpg.rf.c9ba95450169526523b8b8c7ce85b709.jpg,0.5260339081287384
C:\Users\carmonta\Desktop\data-centric-cross-season-transfer\datasets\train_on_2025_all\val\images\frame_00066_jpg.rf.096b9a36d1f8c669a7ca1f21e482993a.jpg,frame_00066_jpg.rf.096b9a36d1f8c669a7ca1f21e482993a.jpg,0.6114347279071808
C:\Users\carmonta\Desktop\data-centric-cross-season-transfer\datasets\train_on_2025_all\val\images\frame_00066_jpg.rf.a3cde73d510c0b6d68b9d58f0db1d025.jpg,frame_00066_jpg.rf.a3cde73d510c0b6d68b9d58f0db1d025.jpg,0.8296414911746979
C:\Users\carmonta\Desktop\data-centric-cross-season-transfer\datasets\train_on_2025_all\val\images\frame_00067_jpg.rf.4fd6cc9a83f2385901c7d5cacf053aa7.jpg,frame_00067_jpg.rf.4fd6cc9a83f2385901c7d5cacf053aa7.jpg,0.5832203030586243
C:\Users\carmonta\Desktop\data-centric-cross-season-transfer\datasets\train_on_2025_all\val\images\frame_00067_jpg.rf.f57aa34dbefdfb24c8e6283320e37e8d.jpg,frame_00067_jpg.rf.f57aa34dbefdfb24c8e6283320e37e8d.jpg,0.583322137594223
C:\Users\carmonta\Desktop\data-centric-cross-season-transfer\datasets\train_on_2025_all\val\images\frame_00068_jpg.rf.53869447b4c745ee7432a6edf5b090ba.jpg,frame_00068_jpg.rf.53869447b4c745ee7432a6edf5b090ba.jpg,0.5415209233760834
C:\Users\carmonta\Desktop\data-centric-cross-season-transfer\datasets\train_on_2025_all\val\images\frame_00069_jpg.rf.106a34bc13902751dc3cf219e9618052.jpg,frame_00069_jpg.rf.106a34bc13902751dc3cf219e9618052.jpg,0.3749690651893616
C:\Users\carmonta\Desktop\data-centric-cross-season-transfer\datasets\train_on_2025_all\val\images\frame_00069_jpg.rf.c31d2a2b480c1020d8d98b1cfbb31f4a.jpg,frame_00069_jpg.rf.c31d2a2b480c1020d8d98b1cfbb31f4a.jpg,0.6214076578617096
C:\Users\carmonta\Desktop\data-centric-cross-season-transfer\datasets\train_on_2025_all\val\images\frame_00070_jpg.rf.a1e7dbe5838c818508b5212c578bb8bd.jpg,frame_00070_jpg.rf.a1e7dbe5838c818508b5212c578bb8bd.jpg,0.7277195751667023
C:\Users\carmonta\Desktop\data-centric-cross-season-transfer\datasets\train_on_2025_all\val\images\frame_00072_jpg.rf.6dc3d1d7f0e02edf7082ca2c995c40bc.jpg,frame_00072_jpg.rf.6dc3d1d7f0e02edf7082ca2c995c40bc.jpg,0.6202520430088043
C:\Users\carmonta\Desktop\data-centric-cross-season-transfer\datasets\train_on_2025_all\val\images\frame_00072_jpg.rf.80751859032d3ae0c51b2be3b08c2d60.jpg,frame_00072_jpg.rf.80751859032d3ae0c51b2be3b08c2d60.jpg,0.18662935495376587
C:\Users\carmonta\Desktop\data-centric-cross-season-transfer\datasets\train_on_2025_all\val\images\frame_00072_jpg.rf.a5353fce3bbcf846fdff8145ded201c7.jpg,frame_00072_jpg.rf.a5353fce3bbcf846fdff8145ded201c7.jpg,0.5814180672168732
C:\Users\carmonta\Desktop\data-centric-cross-season-transfer\datasets\train_on_2025_all\val\images\frame_00073_jpg.rf.0d9b74a6359cd8ebb3928132c762a3ae.jpg,frame_00073_jpg.rf.0d9b74a6359cd8ebb3928132c762a3ae.jpg,0.4057847857475281
C:\Users\carmonta\Desktop\data-centric-cross-season-transfer\datasets\train_on_2025_all\val\images\frame_00073_jpg.rf.a7526b3bbb79b7583431ecbd910fe907.jpg,frame_00073_jpg.rf.a7526b3bbb79b7583431ecbd910fe907.jpg,0.5866669118404388
C:\Users\carmonta\Desktop\data-centric-cross-season-transfer\datasets\train_on_2025_all\val\images\frame_00074_jpg.rf.1011902a7f39134d66bdbf21fb027471.jpg,frame_00074_jpg.rf.1011902a7f39134d66bdbf21fb027471.jpg,0.7405397295951843
C:\Users\carmonta\Desktop\data-centric-cross-season-transfer\datasets\train_on_2025_all\val\images\frame_00074_jpg.rf.728a64e28eb71b57c1ef8f1f7872c061.jpg,frame_00074_jpg.rf.728a64e28eb71b57c1ef8f1f7872c061.jpg,0.7082431316375732
C:\Users\carmonta\Desktop\data-centric-cross-season-transfer\datasets\train_on_2025_all\val\images\frame_00075_jpg.rf.2f4967fc89be50ac6de5ab98bba85c08.jpg,frame_00075_jpg.rf.2f4967fc89be50ac6de5ab98bba85c08.jpg,0.8350961804389954
C:\Users\carmonta\Desktop\data-centric-cross-season-transfer\datasets\train_on_2025_all\val\images\frame_00075_jpg.rf.3c2e32a75dea5c0e61cc617dc90f123c.jpg,frame_00075_jpg.rf.3c2e32a75dea5c0e61cc617dc90f123c.jpg,0.5708997547626495
C:\Users\carmonta\Desktop\data-centric-cross-season-transfer\datasets\train_on_2025_all\val\images\frame_00075_jpg.rf.69737e70b8d9fefd3042813a56d99204.jpg,frame_00075_jpg.rf.69737e70b8d9fefd3042813a56d99204.jpg,0.8551367074251175
C:\Users\carmonta\Desktop\data-centric-cross-season-transfer\datasets\train_on_2025_all\val\images\frame_00075_jpg.rf.ab9ef0e7149a7db3d36a840215742429.jpg,frame_00075_jpg.rf.ab9ef0e7149a7db3d36a840215742429.jpg,0.8552075177431107
C:\Users\carmonta\Desktop\data-centric-cross-season-transfer\datasets\train_on_2025_all\val\images\frame_00075_jpg.rf.d4c2eab44df094bd3b78f8ec0bbf96fb.jpg,frame_00075_jpg.rf.d4c2eab44df094bd3b78f8ec0bbf96fb.jpg,0.3688834309577942
C:\Users\carmonta\Desktop\data-centric-cross-season-transfer\datasets\train_on_2025_all\val\images\frame_00075_jpg.rf.e5142e81af4aae5293356e91a8365d7a.jpg,frame_00075_jpg.rf.e5142e81af4aae5293356e91a8365d7a.jpg,0.4093111753463745
C:\Users\carmonta\Desktop\data-centric-cross-season-transfer\datasets\train_on_2025_all\val\images\frame_00075_jpg.rf.fa3744e744223ca729ccec8e9e9d402d.jpg,frame_00075_jpg.rf.fa3744e744223ca729ccec8e9e9d402d.jpg,0.826765313744545
C:\Users\carmonta\Desktop\data-centric-cross-season-transfer\datasets\train_on_2025_all\val\images\frame_00076_jpg.rf.1e362698795e476f2644728bff09d949.jpg,frame_00076_jpg.rf.1e362698795e476f2644728bff09d949.jpg,0.986185047775507
C:\Users\carmonta\Desktop\data-centric-cross-season-transfer\datasets\train_on_2025_all\val\images\frame_00076_jpg.rf.771d5b00ae6e2fd470a93a26fea51fec.jpg,frame_00076_jpg.rf.771d5b00ae6e2fd470a93a26fea51fec.jpg,0.9866697965189815
C:\Users\carmonta\Desktop\data-centric-cross-season-transfer\datasets\train_on_2025_all\val\images\frame_00076_jpg.rf.e98839198aa956bbcd2274e1bc1e158e.jpg,frame_00076_jpg.rf.e98839198aa956bbcd2274e1bc1e158e.jpg,0.20434308052062988
C:\Users\carmonta\Desktop\data-centric-cross-season-transfer\datasets\train_on_2025_all\val\images\frame_00077_jpg.rf.696cb01b762432c3cfceeea1268bf616.jpg,frame_00077_jpg.rf.696cb01b762432c3cfceeea1268bf616.jpg,0.7117622196674347
C:\Users\carmonta\Desktop\data-centric-cross-season-transfer\datasets\train_on_2025_all\val\images\frame_00078_jpg.rf.2533274afcc6ebb0be9ab8b55f738016.jpg,frame_00078_jpg.rf.2533274afcc6ebb0be9ab8b55f738016.jpg,0.960128378123045
C:\Users\carmonta\Desktop\data-centric-cross-season-transfer\datasets\train_on_2025_all\val\images\frame_00078_jpg.rf.2a5d42ad2885cd3409f92077b46bb640.jpg,frame_00078_jpg.rf.2a5d42ad2885cd3409f92077b46bb640.jpg,0.9517016559839249
C:\Users\carmonta\Desktop\data-centric-cross-season-transfer\datasets\train_on_2025_all\val\images\frame_00078_jpg.rf.31bfb8e18692c0c5daf5ec14c8e0c2e0.jpg,frame_00078_jpg.rf.31bfb8e18692c0c5daf5ec14c8e0c2e0.jpg,0.3032376766204834
C:\Users\carmonta\Desktop\data-centric-cross-season-transfer\datasets\train_on_2025_all\val\images\frame_00079_jpg.rf.3bc488e5f2f464df45ab5324cffcb910.jpg,frame_00079_jpg.rf.3bc488e5f2f464df45ab5324cffcb910.jpg,0.8413679450750351
C:\Users\carmonta\Desktop\data-centric-cross-season-transfer\datasets\train_on_2025_all\val\images\frame_00079_jpg.rf.74df03ce577bc13cbf59df680c588789.jpg,frame_00079_jpg.rf.74df03ce577bc13cbf59df680c588789.jpg,0.8422636538743973
C:\Users\carmonta\Desktop\data-centric-cross-season-transfer\datasets\train_on_2025_all\val\images\frame_00079_jpg.rf.d073c9519221cd0932708db2c18bc540.jpg,frame_00079_jpg.rf.d073c9519221cd0932708db2c18bc540.jpg,0.8534175008535385
C:\Users\carmonta\Desktop\data-centric-cross-season-transfer\datasets\train_on_2025_all\val\images\frame_00080_jpg.rf.0041c5c4c989c10c303e89a9ec24092c.jpg,frame_00080_jpg.rf.0041c5c4c989c10c303e89a9ec24092c.jpg,0.9805583469569683
C:\Users\carmonta\Desktop\data-centric-cross-season-transfer\datasets\train_on_2025_all\val\images\frame_00080_jpg.rf.101b41282c551c29546fbdd51fdbeb19.jpg,frame_00080_jpg.rf.101b41282c551c29546fbdd51fdbeb19.jpg,0.7785240113735199
C:\Users\carmonta\Desktop\data-centric-cross-season-transfer\datasets\train_on_2025_all\val\images\frame_00080_jpg.rf.3f47a50ca5ab22074d46d4d5e7430630.jpg,frame_00080_jpg.rf.3f47a50ca5ab22074d46d4d5e7430630.jpg,0.5624808669090271
C:\Users\carmonta\Desktop\data-centric-cross-season-transfer\datasets\train_on_2025_all\val\images\frame_00080_jpg.rf.70b2f556ecfbbb94ec89faaf34c0466b.jpg,frame_00080_jpg.rf.70b2f556ecfbbb94ec89faaf34c0466b.jpg,0.7256723046302795
C:\Users\carmonta\Desktop\data-centric-cross-season-transfer\datasets\train_on_2025_all\val\images\frame_00080_jpg.rf.9f44c67e6a40ca4afd17a560c0a9ebd0.jpg,frame_00080_jpg.rf.9f44c67e6a40ca4afd17a560c0a9ebd0.jpg,0.927818775177002
C:\Users\carmonta\Desktop\data-centric-cross-season-transfer\datasets\train_on_2025_all\val\images\frame_00080_jpg.rf.a292d13529f876c3acc1bdfa9139ce01.jpg,frame_00080_jpg.rf.a292d13529f876c3acc1bdfa9139ce01.jpg,0.5084798336029053
C:\Users\carmonta\Desktop\data-centric-cross-season-transfer\datasets\train_on_2025_all\val\images\frame_00080_jpg.rf.ae2eb6c5966a75db7fa4cbf0800a130e.jpg,frame_00080_jpg.rf.ae2eb6c5966a75db7fa4cbf0800a130e.jpg,0.7736528217792511
C:\Users\carmonta\Desktop\data-centric-cross-season-transfer\datasets\train_on_2025_all\val\images\frame_00081_jpg.rf.14c8ff8217bf57ee3cd5cc587f9ed6db.jpg,frame_00081_jpg.rf.14c8ff8217bf57ee3cd5cc587f9ed6db.jpg,0.698040246963501
C:\Users\carmonta\Desktop\data-centric-cross-season-transfer\datasets\train_on_2025_all\val\images\frame_00081_jpg.rf.52ce65655a130601ce53aada1278983d.jpg,frame_00081_jpg.rf.52ce65655a130601ce53aada1278983d.jpg,0.7759555727243423
C:\Users\carmonta\Desktop\data-centric-cross-season-transfer\datasets\train_on_2025_all\val\images\frame_00081_jpg.rf.62014fa2a9bb0e63eadc48945b8d0111.jpg,frame_00081_jpg.rf.62014fa2a9bb0e63eadc48945b8d0111.jpg,0.292070209980011
C:\Users\carmonta\Desktop\data-centric-cross-season-transfer\datasets\train_on_2025_all\val\images\frame_00082_jpg.rf.004cc66294be97bdc0ea3cd90a45c311.jpg,frame_00082_jpg.rf.004cc66294be97bdc0ea3cd90a45c311.jpg,0.6216252446174622
C:\Users\carmonta\Desktop\data-centric-cross-season-transfer\datasets\train_on_2025_all\val\images\frame_00082_jpg.rf.5d9e33906fe0b5057e57cff10c44573d.jpg,frame_00082_jpg.rf.5d9e33906fe0b5057e57cff10c44573d.jpg,0.7355288863182068
C:\Users\carmonta\Desktop\data-centric-cross-season-transfer\datasets\train_on_2025_all\val\images\frame_00082_jpg.rf.78d1a586c98f272dac5597268ce58c75.jpg,frame_00082_jpg.rf.78d1a586c98f272dac5597268ce58c75.jpg,0.8020068258047104
C:\Users\carmonta\Desktop\data-centric-cross-season-transfer\datasets\train_on_2025_all\val\images\frame_00082_jpg.rf.8760bad924d9fc6a30511a8d358d8a93.jpg,frame_00082_jpg.rf.8760bad924d9fc6a30511a8d358d8a93.jpg,0.4044755697250366
C:\Users\carmonta\Desktop\data-centric-cross-season-transfer\datasets\train_on_2025_all\val\images\frame_00082_jpg.rf.8c44fed453d9fde0b8ac6fb47c90fab2.jpg,frame_00082_jpg.rf.8c44fed453d9fde0b8ac6fb47c90fab2.jpg,0.4155527949333191
C:\Users\carmonta\Desktop\data-centric-cross-season-transfer\datasets\train_on_2025_all\val\images\frame_00082_jpg.rf.cd65738bbb2d2df68e1570cfa6f4b2fe.jpg,frame_00082_jpg.rf.cd65738bbb2d2df68e1570cfa6f4b2fe.jpg,0.4147881269454956
C:\Users\carmonta\Desktop\data-centric-cross-season-transfer\datasets\train_on_2025_all\val\images\frame_00083_jpg.rf.8f13f187c201b8d69e77da4efbd283ab.jpg,frame_00083_jpg.rf.8f13f187c201b8d69e77da4efbd283ab.jpg,0.6095715165138245
C:\Users\carmonta\Desktop\data-centric-cross-season-transfer\datasets\train_on_2025_all\val\images\frame_00084_jpg.rf.2239c259729b12d63cfc1e666dab56f4.jpg,frame_00084_jpg.rf.2239c259729b12d63cfc1e666dab56f4.jpg,0.528387576341629
C:\Users\carmonta\Desktop\data-centric-cross-season-transfer\datasets\train_on_2025_all\val\images\frame_00084_jpg.rf.b39031b486a9fd4e52e1faac9dc452ec.jpg,frame_00084_jpg.rf.b39031b486a9fd4e52e1faac9dc452ec.jpg,0.43446969985961914
C:\Users\carmonta\Desktop\data-centric-cross-season-transfer\datasets\train_on_2025_all\val\images\frame_00084_jpg.rf.ee045bc2f2fa1c10ca2e58f4f3fc8e40.jpg,frame_00084_jpg.rf.ee045bc2f2fa1c10ca2e58f4f3fc8e40.jpg,0.3936614394187927
C:\Users\carmonta\Desktop\data-centric-cross-season-transfer\datasets\train_on_2025_all\val\images\frame_00085_jpg.rf.6fcff5ca456d3ab4362957992f3b89c8.jpg,frame_00085_jpg.rf.6fcff5ca456d3ab4362957992f3b89c8.jpg,0.2725788354873657
C:\Users\carmonta\Desktop\data-centric-cross-season-transfer\datasets\train_on_2025_all\val\images\frame_00086_jpg.rf.e89e3e0704208a6e653851173e72c0d4.jpg,frame_00086_jpg.rf.e89e3e0704208a6e653851173e72c0d4.jpg,0.3410254716873169
C:\Users\carmonta\Desktop\data-centric-cross-season-transfer\datasets\train_on_2025_all\val\images\frame_00087_jpg.rf.2273da68fbc6530498bbf110cf5cf414.jpg,frame_00087_jpg.rf.2273da68fbc6530498bbf110cf5cf414.jpg,0.5210493206977844
C:\Users\carmonta\Desktop\data-centric-cross-season-transfer\datasets\train_on_2025_all\val\images\frame_00087_jpg.rf.30487ec4f5c6f44e3f01a5de7665cd05.jpg,frame_00087_jpg.rf.30487ec4f5c6f44e3f01a5de7665cd05.jpg,0.2102009654045105
C:\Users\carmonta\Desktop\data-centric-cross-season-transfer\datasets\train_on_2025_all\val\images\frame_00087_jpg.rf.7ae06c589f24c04a399eb268b296dcbb.jpg,frame_00087_jpg.rf.7ae06c589f24c04a399eb268b296dcbb.jpg,0.8105703741312027
C:\Users\carmonta\Desktop\data-centric-cross-season-transfer\datasets\train_on_2025_all\val\images\frame_00088_jpg.rf.10bd431064e51baf4ca530d7be09cea3.jpg,frame_00088_jpg.rf.10bd431064e51baf4ca530d7be09cea3.jpg,0.622070699930191
C:\Users\carmonta\Desktop\data-centric-cross-season-transfer\datasets\train_on_2025_all\val\images\frame_00088_jpg.rf.235f7a1dfbc4a3617de678aa431e4661.jpg,frame_00088_jpg.rf.235f7a1dfbc4a3617de678aa431e4661.jpg,0.14734750986099243
C:\Users\carmonta\Desktop\data-centric-cross-season-transfer\datasets\train_on_2025_all\val\images\frame_00088_jpg.rf.5aba4656869e338f73535ca30ae7d507.jpg,frame_00088_jpg.rf.5aba4656869e338f73535ca30ae7d507.jpg,0.6432019472122192
C:\Users\carmonta\Desktop\data-centric-cross-season-transfer\datasets\train_on_2025_all\val\images\frame_00088_jpg.rf.7c0e32ae7a36439992800b99dbec2149.jpg,frame_00088_jpg.rf.7c0e32ae7a36439992800b99dbec2149.jpg,0.5960533320903778
C:\Users\carmonta\Desktop\data-centric-cross-season-transfer\datasets\train_on_2025_all\val\images\frame_00089_jpg.rf.2ed54b8ca5af0f71cd086ffff6027fa3.jpg,frame_00089_jpg.rf.2ed54b8ca5af0f71cd086ffff6027fa3.jpg,0.18676483631134033
C:\Users\carmonta\Desktop\data-centric-cross-season-transfer\datasets\train_on_2025_all\val\images\frame_00089_jpg.rf.8b995120cac38df1876a44df4065cfce.jpg,frame_00089_jpg.rf.8b995120cac38df1876a44df4065cfce.jpg,0.18608921766281128
C:\Users\carmonta\Desktop\data-centric-cross-season-transfer\datasets\train_on_2025_all\val\images\frame_00089_jpg.rf.c871ac0ade0b3596c0568865526ab8e4.jpg,frame_00089_jpg.rf.c871ac0ade0b3596c0568865526ab8e4.jpg,0.3565129041671753
C:\Users\carmonta\Desktop\data-centric-cross-season-transfer\datasets\train_on_2025_all\val\images\frame_00090_jpg.rf.02b6601feae1671dd9c7ac51528f59b8.jpg,frame_00090_jpg.rf.02b6601feae1671dd9c7ac51528f59b8.jpg,0.594579428434372
C:\Users\carmonta\Desktop\data-centric-cross-season-transfer\datasets\train_on_2025_all\val\images\frame_00091_jpg.rf.18ff8f7f145cf7ae080729f1cd0cb860.jpg,frame_00091_jpg.rf.18ff8f7f145cf7ae080729f1cd0cb860.jpg,0.4452973008155823
C:\Users\carmonta\Desktop\data-centric-cross-season-transfer\datasets\train_on_2025_all\val\images\frame_00091_jpg.rf.1a3507b58d62c2b53bf3b9fc234772f5.jpg,frame_00091_jpg.rf.1a3507b58d62c2b53bf3b9fc234772f5.jpg,0.758881226181984
C:\Users\carmonta\Desktop\data-centric-cross-season-transfer\datasets\train_on_2025_all\val\images\frame_00091_jpg.rf.53071addb72cbd0c4f705f69654ffaf2.jpg,frame_00091_jpg.rf.53071addb72cbd0c4f705f69654ffaf2.jpg,0.8731714636087418
C:\Users\carmonta\Desktop\data-centric-cross-season-transfer\datasets\train_on_2025_all\val\images\frame_00091_jpg.rf.b2b339dd0149de2dda8dd17898d3bd0e.jpg,frame_00091_jpg.rf.b2b339dd0149de2dda8dd17898d3bd0e.jpg,0.9423988573253155
C:\Users\carmonta\Desktop\data-centric-cross-season-transfer\datasets\train_on_2025_all\val\images\frame_00092_jpg.rf.e6af5053face84555e7bc2f278b1e0ed.jpg,frame_00092_jpg.rf.e6af5053face84555e7bc2f278b1e0ed.jpg,0.7159221470355988
C:\Users\carmonta\Desktop\data-centric-cross-season-transfer\datasets\train_on_2025_all\val\images\frame_00092_jpg.rf.ef54d42de7731e1528fa8cd77853b7e1.jpg,frame_00092_jpg.rf.ef54d42de7731e1528fa8cd77853b7e1.jpg,0.7248492538928986
C:\Users\carmonta\Desktop\data-centric-cross-season-transfer\datasets\train_on_2025_all\val\images\frame_00092_jpg.rf.ff5b9d9bc6889d7bf9446e6bf2b62e72.jpg,frame_00092_jpg.rf.ff5b9d9bc6889d7bf9446e6bf2b62e72.jpg,0.7051960229873657
C:\Users\carmonta\Desktop\data-centric-cross-season-transfer\datasets\train_on_2025_all\val\images\frame_00093_jpg.rf.1208dc6839eeee15348cb84900a2f2ae.jpg,frame_00093_jpg.rf.1208dc6839eeee15348cb84900a2f2ae.jpg,0.4201674461364746
C:\Users\carmonta\Desktop\data-centric-cross-season-transfer\datasets\train_on_2025_all\val\images\frame_00093_jpg.rf.737f743feaa01553acfc68547f868567.jpg,frame_00093_jpg.rf.737f743feaa01553acfc68547f868567.jpg,0.7158920466899872
C:\Users\carmonta\Desktop\data-centric-cross-season-transfer\datasets\train_on_2025_all\val\images\frame_00093_jpg.rf.75bc22dd4ea742c939d76bc83f9da916.jpg,frame_00093_jpg.rf.75bc22dd4ea742c939d76bc83f9da916.jpg,0.7167310118675232
C:\Users\carmonta\Desktop\data-centric-cross-season-transfer\datasets\train_on_2025_all\val\images\frame_00094_jpg.rf.5ef55d1da6c1b1d50fdabfa4631d4a71.jpg,frame_00094_jpg.rf.5ef55d1da6c1b1d50fdabfa4631d4a71.jpg,0.49544769525527954
C:\Users\carmonta\Desktop\data-centric-cross-season-transfer\datasets\train_on_2025_all\val\images\frame_00095_jpg.rf.6e6bb9618d6b2930ee5177c353f2da9d.jpg,frame_00095_jpg.rf.6e6bb9618d6b2930ee5177c353f2da9d.jpg,0.9866818832233548
C:\Users\carmonta\Desktop\data-centric-cross-season-transfer\datasets\train_on_2025_all\val\images\frame_00096_jpg.rf.2681eb68228fe2bef0c583b0cbb242e5.jpg,frame_00096_jpg.rf.2681eb68228fe2bef0c583b0cbb242e5.jpg,0.8440593332052231
C:\Users\carmonta\Desktop\data-centric-cross-season-transfer\datasets\train_on_2025_all\val\images\frame_00096_jpg.rf.d9c9e4ed3db078ed4ddd2c7b5d53df3f.jpg,frame_00096_jpg.rf.d9c9e4ed3db078ed4ddd2c7b5d53df3f.jpg,0.8970324099063873
C:\Users\carmonta\Desktop\data-centric-cross-season-transfer\datasets\train_on_2025_all\val\images\frame_00097_jpg.rf.1e567c8676fbf904571916ede7caf2aa.jpg,frame_00097_jpg.rf.1e567c8676fbf904571916ede7caf2aa.jpg,0.5415787100791931
C:\Users\carmonta\Desktop\data-centric-cross-season-transfer\datasets\train_on_2025_all\val\images\frame_00097_jpg.rf.22dbee2b12635b1d0b84f622f54ec38e.jpg,frame_00097_jpg.rf.22dbee2b12635b1d0b84f622f54ec38e.jpg,0.9353729039430618
C:\Users\carmonta\Desktop\data-centric-cross-season-transfer\datasets\train_on_2025_all\val\images\frame_00098_jpg.rf.13659912a3fad261bec4e2fec536937d.jpg,frame_00098_jpg.rf.13659912a3fad261bec4e2fec536937d.jpg,0.6972016096115112
C:\Users\carmonta\Desktop\data-centric-cross-season-transfer\datasets\train_on_2025_all\val\images\frame_00098_jpg.rf.2875f06c9f1abbbb4ed076e62910d445.jpg,frame_00098_jpg.rf.2875f06c9f1abbbb4ed076e62910d445.jpg,0.401464581489563
C:\Users\carmonta\Desktop\data-centric-cross-season-transfer\datasets\train_on_2025_all\val\images\frame_00098_jpg.rf.e31efa123de2666eb5a3d12117a50bd8.jpg,frame_00098_jpg.rf.e31efa123de2666eb5a3d12117a50bd8.jpg,0.2017468810081482
C:\Users\carmonta\Desktop\data-centric-cross-season-transfer\datasets\train_on_2025_all\val\images\frame_00099_jpg.rf.09377e0177be384033bb7f6e63656693.jpg,frame_00099_jpg.rf.09377e0177be384033bb7f6e63656693.jpg,0.8554096668958664
C:\Users\carmonta\Desktop\data-centric-cross-season-transfer\datasets\train_on_2025_all\val\images\frame_00099_jpg.rf.8481008a27b03b2922758b953313cbf7.jpg,frame_00099_jpg.rf.8481008a27b03b2922758b953313cbf7.jpg,0.8104413449764252
C:\Users\carmonta\Desktop\data-centric-cross-season-transfer\datasets\train_on_2025_all\val\images\frame_00100_jpg.rf.1dceade3ea5c88ff380fc0a0c08d5670.jpg,frame_00100_jpg.rf.1dceade3ea5c88ff380fc0a0c08d5670.jpg,0.5719375014305115
C:\Users\carmonta\Desktop\data-centric-cross-season-transfer\datasets\train_on_2025_all\val\images\frame_00100_jpg.rf.f229830159f18399ac8bfb5fdc30373f.jpg,frame_00100_jpg.rf.f229830159f18399ac8bfb5fdc30373f.jpg,0.14657270908355713
C:\Users\carmonta\Desktop\data-centric-cross-season-transfer\datasets\train_on_2025_all\val\images\frame_00101_jpg.rf.0aa0111fb0dc646713b263594df4cf3b.jpg,frame_00101_jpg.rf.0aa0111fb0dc646713b263594df4cf3b.jpg,0.628491073846817
C:\Users\carmonta\Desktop\data-centric-cross-season-transfer\datasets\train_on_2025_all\val\images\frame_00101_jpg.rf.52ee1280f5a3473b235ae5247b40ce2b.jpg,frame_00101_jpg.rf.52ee1280f5a3473b235ae5247b40ce2b.jpg,0.6409536302089691
C:\Users\carmonta\Desktop\data-centric-cross-season-transfer\datasets\train_on_2025_all\val\images\frame_00101_jpg.rf.6bca36fd4a9bdddcc7a9d67bfd7c08b4.jpg,frame_00101_jpg.rf.6bca36fd4a9bdddcc7a9d67bfd7c08b4.jpg,0.28043603897094727
C:\Users\carmonta\Desktop\data-centric-cross-season-transfer\datasets\train_on_2025_all\val\images\frame_00102_jpg.rf.3d45b9a19006e31ed37bf357b24b01c5.jpg,frame_00102_jpg.rf.3d45b9a19006e31ed37bf357b24b01c5.jpg,0.8112439066171646
C:\Users\carmonta\Desktop\data-centric-cross-season-transfer\datasets\train_on_2025_all\val\images\frame_00102_jpg.rf.e28f336421ee4a8591ed078277c99b8f.jpg,frame_00102_jpg.rf.e28f336421ee4a8591ed078277c99b8f.jpg,0.6186625957489014
C:\Users\carmonta\Desktop\data-centric-cross-season-transfer\datasets\train_on_2025_all\val\images\frame_00103_jpg.rf.ba425325a6711ea912fa8e9d38f41bfd.jpg,frame_00103_jpg.rf.ba425325a6711ea912fa8e9d38f41bfd.jpg,0.1587604284286499
C:\Users\carmonta\Desktop\data-centric-cross-season-transfer\datasets\train_on_2025_all\val\images\frame_00103_jpg.rf.dcfa70e447e8251d8853370424fd173b.jpg,frame_00103_jpg.rf.dcfa70e447e8251d8853370424fd173b.jpg,0.7586155980825424
C:\Users\carmonta\Desktop\data-centric-cross-season-transfer\datasets\train_on_2025_all\val\images\frame_00104_jpg.rf.02145fc01d7ab1f9ed61037fbe0efe26.jpg,frame_00104_jpg.rf.02145fc01d7ab1f9ed61037fbe0efe26.jpg,0.7574047446250916
C:\Users\carmonta\Desktop\data-centric-cross-season-transfer\datasets\train_on_2025_all\val\images\frame_00104_jpg.rf.a257a702e20d746a57e253184c43e9c5.jpg,frame_00104_jpg.rf.a257a702e20d746a57e253184c43e9c5.jpg,0.16481947898864746
C:\Users\carmonta\Desktop\data-centric-cross-season-transfer\datasets\train_on_2025_all\val\images\frame_00105_jpg.rf.33de88c8edd349c485996caa87905d61.jpg,frame_00105_jpg.rf.33de88c8edd349c485996caa87905d61.jpg,0.7890743762254715
C:\Users\carmonta\Desktop\data-centric-cross-season-transfer\datasets\train_on_2025_all\val\images\frame_00106_jpg.rf.06b3e0ce1241c6a68d34795ce103fd97.jpg,frame_00106_jpg.rf.06b3e0ce1241c6a68d34795ce103fd97.jpg,0.8657742291688919
C:\Users\carmonta\Desktop\data-centric-cross-season-transfer\datasets\train_on_2025_all\val\images\frame_00106_jpg.rf.7087fe5ce2d441301c48f19812919caf.jpg,frame_00106_jpg.rf.7087fe5ce2d441301c48f19812919caf.jpg,0.5201494991779327
C:\Users\carmonta\Desktop\data-centric-cross-season-transfer\datasets\train_on_2025_all\val\images\frame_00106_jpg.rf.8d08bf2d6c71df94caeebdb712a2e378.jpg,frame_00106_jpg.rf.8d08bf2d6c71df94caeebdb712a2e378.jpg,0.8615702688694
C:\Users\carmonta\Desktop\data-centric-cross-season-transfer\datasets\train_on_2025_all\val\images\frame_00106_jpg.rf.aebd6c0306e492303281181f8a036be8.jpg,frame_00106_jpg.rf.aebd6c0306e492303281181f8a036be8.jpg,0.696611225605011
C:\Users\carmonta\Desktop\data-centric-cross-season-transfer\datasets\train_on_2025_all\val\images\frame_00106_jpg.rf.fbbbde5c567bfa9a849e5bbf1f854437.jpg,frame_00106_jpg.rf.fbbbde5c567bfa9a849e5bbf1f854437.jpg,0.9041847959160805
C:\Users\carmonta\Desktop\data-centric-cross-season-transfer\datasets\train_on_2025_all\val\images\frame_00107_jpg.rf.6c13d14b1e88f8c287ff27d1bd6fcfc4.jpg,frame_00107_jpg.rf.6c13d14b1e88f8c287ff27d1bd6fcfc4.jpg,0.430253267288208
C:\Users\carmonta\Desktop\data-centric-cross-season-transfer\datasets\train_on_2025_all\val\images\frame_00108_jpg.rf.2797dccb22f0cec7fc8ede551c2364e4.jpg,frame_00108_jpg.rf.2797dccb22f0cec7fc8ede551c2364e4.jpg,0.3528347611427307
C:\Users\carmonta\Desktop\data-centric-cross-season-transfer\datasets\train_on_2025_all\val\images\frame_00108_jpg.rf.547d677e4d03df343ea35285be507920.jpg,frame_00108_jpg.rf.547d677e4d03df343ea35285be507920.jpg,0.42826247215270996
C:\Users\carmonta\Desktop\data-centric-cross-season-transfer\datasets\train_on_2025_all\val\images\frame_00108_jpg.rf.70aa0c3d327b78679029e41e67a4e761.jpg,frame_00108_jpg.rf.70aa0c3d327b78679029e41e67a4e761.jpg,0.562017560005188
C:\Users\carmonta\Desktop\data-centric-cross-season-transfer\datasets\train_on_2025_all\val\images\frame_00108_jpg.rf.b2c7d0406b3c9fd3d23d5d921c71b825.jpg,frame_00108_jpg.rf.b2c7d0406b3c9fd3d23d5d921c71b825.jpg,0.5771944224834442
C:\Users\carmonta\Desktop\data-centric-cross-season-transfer\datasets\train_on_2025_all\val\images\frame_00108_jpg.rf.ea294a94f1845e450333950dd385c414.jpg,frame_00108_jpg.rf.ea294a94f1845e450333950dd385c414.jpg,0.42826247215270996
C:\Users\carmonta\Desktop\data-centric-cross-season-transfer\datasets\train_on_2025_all\val\images\frame_00109_jpg.rf.8e9a9d0d60350a9ed2f9c591df835ec6.jpg,frame_00109_jpg.rf.8e9a9d0d60350a9ed2f9c591df835ec6.jpg,0.7151624262332916
C:\Users\carmonta\Desktop\data-centric-cross-season-transfer\datasets\train_on_2025_all\val\images\frame_00110_jpg.rf.393fa41abc3e8c8c24e345c3c43d9452.jpg,frame_00110_jpg.rf.393fa41abc3e8c8c24e345c3c43d9452.jpg,0.8666668385267258
C:\Users\carmonta\Desktop\data-centric-cross-season-transfer\datasets\train_on_2025_all\val\images\frame_00110_jpg.rf.8515c76436be98c9989be490e1b76a80.jpg,frame_00110_jpg.rf.8515c76436be98c9989be490e1b76a80.jpg,0.8527668118476868
C:\Users\carmonta\Desktop\data-centric-cross-season-transfer\datasets\train_on_2025_all\val\images\frame_00111_jpg.rf.589f872a64ca3f7e688d639297e27e77.jpg,frame_00111_jpg.rf.589f872a64ca3f7e688d639297e27e77.jpg,0.5387619435787201
C:\Users\carmonta\Desktop\data-centric-cross-season-transfer\datasets\train_on_2025_all\val\images\frame_00111_jpg.rf.ec03d204ba8552d72cc6dc61c7dcd1c7.jpg,frame_00111_jpg.rf.ec03d204ba8552d72cc6dc61c7dcd1c7.jpg,0.6488748490810394
C:\Users\carmonta\Desktop\data-centric-cross-season-transfer\datasets\train_on_2025_all\val\images\frame_00112_jpg.rf.02bfea7e645a79d58628a4f75a5a30bf.jpg,frame_00112_jpg.rf.02bfea7e645a79d58628a4f75a5a30bf.jpg,0.7646201997995377
C:\Users\carmonta\Desktop\data-centric-cross-season-transfer\datasets\train_on_2025_all\val\images\frame_00112_jpg.rf.c15a7c31771b10308570f6a149db3b4a.jpg,frame_00112_jpg.rf.c15a7c31771b10308570f6a149db3b4a.jpg,0.7912742793560028
C:\Users\carmonta\Desktop\data-centric-cross-season-transfer\datasets\train_on_2025_all\val\images\frame_00113_jpg.rf.03f09e6607484f67a2c8c2c4622c033e.jpg,frame_00113_jpg.rf.03f09e6607484f67a2c8c2c4622c033e.jpg,0.5753466486930847
C:\Users\carmonta\Desktop\data-centric-cross-season-transfer\datasets\train_on_2025_all\val\images\frame_00113_jpg.rf.334176fe73e3c94e030f396e71e5135e.jpg,frame_00113_jpg.rf.334176fe73e3c94e030f396e71e5135e.jpg,0.8562220185995102
C:\Users\carmonta\Desktop\data-centric-cross-season-transfer\datasets\train_on_2025_all\val\images\frame_00113_jpg.rf.e2c1539fd451ce3387e479f2344ceb82.jpg,frame_00113_jpg.rf.e2c1539fd451ce3387e479f2344ceb82.jpg,0.7831883728504181
C:\Users\carmonta\Desktop\data-centric-cross-season-transfer\datasets\train_on_2025_all\val\images\frame_00114_jpg.rf.f1e85a2ff93d0e9b6ffdfaa7e766c6cf.jpg,frame_00114_jpg.rf.f1e85a2ff93d0e9b6ffdfaa7e766c6cf.jpg,0.9522670730948448
C:\Users\carmonta\Desktop\data-centric-cross-season-transfer\datasets\train_on_2025_all\val\images\frame_00115_jpg.rf.9040928b303879825f28282e64ac9442.jpg,frame_00115_jpg.rf.9040928b303879825f28282e64ac9442.jpg,0.6976973712444305
C:\Users\carmonta\Desktop\data-centric-cross-season-transfer\datasets\train_on_2025_all\val\images\frame_00115_jpg.rf.b695a2c5c9fe0f34530f88d4c7608c41.jpg,frame_00115_jpg.rf.b695a2c5c9fe0f34530f88d4c7608c41.jpg,0.7177280187606812
C:\Users\carmonta\Desktop\data-centric-cross-season-transfer\datasets\train_on_2025_all\val\images\frame_00115_jpg.rf.b924b162ac6747db94ad9a609d63fe9f.jpg,frame_00115_jpg.rf.b924b162ac6747db94ad9a609d63fe9f.jpg,0.8511308878660202
C:\Users\carmonta\Desktop\data-centric-cross-season-transfer\datasets\train_on_2025_all\val\images\frame_00115_jpg.rf.e717a0add4db410ce8ee876487c9bc49.jpg,frame_00115_jpg.rf.e717a0add4db410ce8ee876487c9bc49.jpg,0.8061268180608749
C:\Users\carmonta\Desktop\data-centric-cross-season-transfer\datasets\train_on_2025_all\val\images\frame_00116_jpg.rf.2f6613cb62be7ec09ea284f980e05f35.jpg,frame_00116_jpg.rf.2f6613cb62be7ec09ea284f980e05f35.jpg,0.6895171105861664
C:\Users\carmonta\Desktop\data-centric-cross-season-transfer\datasets\train_on_2025_all\val\images\frame_00116_jpg.rf.ade451a39da1ce8e63b72404d49e1517.jpg,frame_00116_jpg.rf.ade451a39da1ce8e63b72404d49e1517.jpg,0.7428643107414246
C:\Users\carmonta\Desktop\data-centric-cross-season-transfer\datasets\train_on_2025_all\val\images\frame_00118_jpg.rf.0f4ceb04f723eccd1f97fa68b7c3cfc2.jpg,frame_00118_jpg.rf.0f4ceb04f723eccd1f97fa68b7c3cfc2.jpg,0.8045285046100616
C:\Users\carmonta\Desktop\data-centric-cross-season-transfer\datasets\train_on_2025_all\val\images\frame_00118_jpg.rf.4a54600ab4b174e81240dbadfdde41fb.jpg,frame_00118_jpg.rf.4a54600ab4b174e81240dbadfdde41fb.jpg,0.8607131838798523
C:\Users\carmonta\Desktop\data-centric-cross-season-transfer\datasets\train_on_2025_all\val\images\frame_00118_jpg.rf.cf533be1646a5ce023cbf0beddd73890.jpg,frame_00118_jpg.rf.cf533be1646a5ce023cbf0beddd73890.jpg,0.8277108371257782
C:\Users\carmonta\Desktop\data-centric-cross-season-transfer\datasets\train_on_2025_all\val\images\frame_00119_jpg.rf.450972c9af7ee6e83cd158412be276a3.jpg,frame_00119_jpg.rf.450972c9af7ee6e83cd158412be276a3.jpg,0.9379517138004303
C:\Users\carmonta\Desktop\data-centric-cross-season-transfer\datasets\train_on_2025_all\val\images\frame_00119_jpg.rf.ade6cfc25d5716b294234655d4f3c6bc.jpg,frame_00119_jpg.rf.ade6cfc25d5716b294234655d4f3c6bc.jpg,0.5446516573429108
C:\Users\carmonta\Desktop\data-centric-cross-season-transfer\datasets\train_on_2025_all\val\images\frame_00120_jpg.rf.49936d1e10a96662b4f6896721fb06e4.jpg,frame_00120_jpg.rf.49936d1e10a96662b4f6896721fb06e4.jpg,0.22604894638061523
C:\Users\carmonta\Desktop\data-centric-cross-season-transfer\datasets\train_on_2025_all\val\images\frame_00120_jpg.rf.b4266d71de0fe2366776d1b8b80d387a.jpg,frame_00120_jpg.rf.b4266d71de0fe2366776d1b8b80d387a.jpg,0.24989569187164307
C:\Users\carmonta\Desktop\data-centric-cross-season-transfer\datasets\train_on_2025_all\val\images\frame_00121_jpg.rf.12e93234967f812d13e845668bc04166.jpg,frame_00121_jpg.rf.12e93234967f812d13e845668bc04166.jpg,0.8172455132007599
C:\Users\carmonta\Desktop\data-centric-cross-season-transfer\datasets\train_on_2025_all\val\images\frame_00121_jpg.rf.51862acc4c728dfd7d58a45a4b2a6815.jpg,frame_00121_jpg.rf.51862acc4c728dfd7d58a45a4b2a6815.jpg,0.8376329839229584
C:\Users\carmonta\Desktop\data-centric-cross-season-transfer\datasets\train_on_2025_all\val\images\frame_00121_jpg.rf.8a9e244fc34382b707f3c5c5eecf2876.jpg,frame_00121_jpg.rf.8a9e244fc34382b707f3c5c5eecf2876.jpg,0.7830949276685715
C:\Users\carmonta\Desktop\data-centric-cross-season-transfer\datasets\train_on_2025_all\val\images\frame_00122_jpg.rf.2d586d8ae0251d9d37560156e339edac.jpg,frame_00122_jpg.rf.2d586d8ae0251d9d37560156e339edac.jpg,0.25845015048980713
C:\Users\carmonta\Desktop\data-centric-cross-season-transfer\datasets\train_on_2025_all\val\images\frame_00123_jpg.rf.23ca1f968c29286700ac1730477b1844.jpg,frame_00123_jpg.rf.23ca1f968c29286700ac1730477b1844.jpg,0.90422473102808
C:\Users\carmonta\Desktop\data-centric-cross-season-transfer\datasets\train_on_2025_all\val\images\frame_00123_jpg.rf.cbdceb48ccd7243b202cbe30e6f618dd.jpg,frame_00123_jpg.rf.cbdceb48ccd7243b202cbe30e6f618dd.jpg,0.9000151008367538
C:\Users\carmonta\Desktop\data-centric-cross-season-transfer\datasets\train_on_2025_all\val\images\frame_00123_jpg.rf.cbfd4fa2f7adbbe9449809c4c799494e.jpg,frame_00123_jpg.rf.cbfd4fa2f7adbbe9449809c4c799494e.jpg,0.7513200789690018
C:\Users\carmonta\Desktop\data-centric-cross-season-transfer\datasets\train_on_2025_all\val\images\frame_00124_jpg.rf.4e69da4dcf98dd819502fbd162b00801.jpg,frame_00124_jpg.rf.4e69da4dcf98dd819502fbd162b00801.jpg,0.7387648224830627
C:\Users\carmonta\Desktop\data-centric-cross-season-transfer\datasets\train_on_2025_all\val\images\frame_00125_jpg.rf.8a7ed71cf0443a4731c59787be324252.jpg,frame_00125_jpg.rf.8a7ed71cf0443a4731c59787be324252.jpg,0.46719419956207275
C:\Users\carmonta\Desktop\data-centric-cross-season-transfer\datasets\train_on_2025_all\val\images\frame_00126_jpg.rf.59a0317fcd7339560884d25745db7349.jpg,frame_00126_jpg.rf.59a0317fcd7339560884d25745db7349.jpg,0.881905771791935
C:\Users\carmonta\Desktop\data-centric-cross-season-transfer\datasets\train_on_2025_all\val\images\frame_00127_jpg.rf.281e67c3f0032c9577774aab7c3c032a.jpg,frame_00127_jpg.rf.281e67c3f0032c9577774aab7c3c032a.jpg,0.8626146465539932
C:\Users\carmonta\Desktop\data-centric-cross-season-transfer\datasets\train_on_2025_all\val\images\frame_00128_jpg.rf.6d859548e6535524fea3d6eae218760d.jpg,frame_00128_jpg.rf.6d859548e6535524fea3d6eae218760d.jpg,0.3825938105583191
C:\Users\carmonta\Desktop\data-centric-cross-season-transfer\datasets\train_on_2025_all\val\images\frame_00129_jpg.rf.1c6f7302635a9467f2ded694426eb6a5.jpg,frame_00129_jpg.rf.1c6f7302635a9467f2ded694426eb6a5.jpg,0.9939944818615913
C:\Users\carmonta\Desktop\data-centric-cross-season-transfer\datasets\train_on_2025_all\val\images\frame_00131_jpg.rf.d6dc81af629b4b79b91986b47f22f179.jpg,frame_00131_jpg.rf.d6dc81af629b4b79b91986b47f22f179.jpg,0.5883158445358276
C:\Users\carmonta\Desktop\data-centric-cross-season-transfer\datasets\train_on_2025_all\val\images\frame_00131_jpg.rf.f1e87553a95e6a41f499fe8e02700a7d.jpg,frame_00131_jpg.rf.f1e87553a95e6a41f499fe8e02700a7d.jpg,0.5876433253288269
C:\Users\carmonta\Desktop\data-centric-cross-season-transfer\datasets\train_on_2025_all\val\images\frame_00132_jpg.rf.1fc62a5f381fb96cc0e0bbaf3783fdad.jpg,frame_00132_jpg.rf.1fc62a5f381fb96cc0e0bbaf3783fdad.jpg,0.9981986661441624
C:\Users\carmonta\Desktop\data-centric-cross-season-transfer\datasets\train_on_2025_all\val\images\frame_00132_jpg.rf.581e58ef53bbf64fbc0070a7cc42f6ef.jpg,frame_00132_jpg.rf.581e58ef53bbf64fbc0070a7cc42f6ef.jpg,0.28199630975723267
C:\Users\carmonta\Desktop\data-centric-cross-season-transfer\datasets\train_on_2025_all\val\images\frame_00132_jpg.rf.be8e6aec1aa77bb4c1062c1e11410e2e.jpg,frame_00132_jpg.rf.be8e6aec1aa77bb4c1062c1e11410e2e.jpg,0.27711808681488037
C:\Users\carmonta\Desktop\data-centric-cross-season-transfer\datasets\train_on_2025_all\val\images\frame_00132_jpg.rf.d1397d38caa75a77d8db080b7d01d67b.jpg,frame_00132_jpg.rf.d1397d38caa75a77d8db080b7d01d67b.jpg,0.998214133665897
C:\Users\carmonta\Desktop\data-centric-cross-season-transfer\datasets\train_on_2025_all\val\images\frame_00133_jpg.rf.9f27648e38d8c0eaf06364b450069d8a.jpg,frame_00133_jpg.rf.9f27648e38d8c0eaf06364b450069d8a.jpg,0.15047913789749146
C:\Users\carmonta\Desktop\data-centric-cross-season-transfer\datasets\train_on_2025_all\val\images\frame_00133_jpg.rf.d006fda658276b0b0e3b9fc97d149fd0.jpg,frame_00133_jpg.rf.d006fda658276b0b0e3b9fc97d149fd0.jpg,0.14885234832763672
C:\Users\carmonta\Desktop\data-centric-cross-season-transfer\datasets\train_on_2025_all\val\images\frame_00134_jpg.rf.243ac01151e3061ea4ba5f8804f7db28.jpg,frame_00134_jpg.rf.243ac01151e3061ea4ba5f8804f7db28.jpg,0.9060807973146439
C:\Users\carmonta\Desktop\data-centric-cross-season-transfer\datasets\train_on_2025_all\val\images\frame_00135_jpg.rf.0b45278947642f449508ad67d27e3afd.jpg,frame_00135_jpg.rf.0b45278947642f449508ad67d27e3afd.jpg,0.8713726103305817
C:\Users\carmonta\Desktop\data-centric-cross-season-transfer\datasets\train_on_2025_all\val\images\frame_00135_jpg.rf.4421485dc0ff840381535ff25928c741.jpg,frame_00135_jpg.rf.4421485dc0ff840381535ff25928c741.jpg,0.1496511697769165
C:\Users\carmonta\Desktop\data-centric-cross-season-transfer\datasets\train_on_2025_all\val\images\frame_00136_jpg.rf.908f5ad9e3b697d883055ee46fc7ed79.jpg,frame_00136_jpg.rf.908f5ad9e3b697d883055ee46fc7ed79.jpg,0.5403462946414948
C:\Users\carmonta\Desktop\data-centric-cross-season-transfer\datasets\train_on_2025_all\val\images\frame_00137_jpg.rf.37863c62b7e5c493f8a8bbb935558e4d.jpg,frame_00137_jpg.rf.37863c62b7e5c493f8a8bbb935558e4d.jpg,0.8220604062080383
C:\Users\carmonta\Desktop\data-centric-cross-season-transfer\datasets\train_on_2025_all\val\images\frame_00137_jpg.rf.b873662714718083f0d0b8b1a9f9ff52.jpg,frame_00137_jpg.rf.b873662714718083f0d0b8b1a9f9ff52.jpg,0.5601743757724762
C:\Users\carmonta\Desktop\data-centric-cross-season-transfer\datasets\train_on_2025_all\val\images\frame_00137_jpg.rf.e485a257a4bacb1337ecafb6483895d1.jpg,frame_00137_jpg.rf.e485a257a4bacb1337ecafb6483895d1.jpg,1.0
C:\Users\carmonta\Desktop\data-centric-cross-season-transfer\datasets\train_on_2025_all\val\images\frame_00138_jpg.rf.264629fcdb2c71d636e717f4e765cdfc.jpg,frame_00138_jpg.rf.264629fcdb2c71d636e717f4e765cdfc.jpg,0.361786425113678
C:\Users\carmonta\Desktop\data-centric-cross-season-transfer\datasets\train_on_2025_all\val\images\frame_00138_jpg.rf.6b3cc9f4f6e87d758b7909dad954b389.jpg,frame_00138_jpg.rf.6b3cc9f4f6e87d758b7909dad954b389.jpg,0.9839486330747604
C:\Users\carmonta\Desktop\data-centric-cross-season-transfer\datasets\train_on_2025_all\val\images\frame_00139_jpg.rf.58ddcb5b1ec512d1c2a6acbe9424923b.jpg,frame_00139_jpg.rf.58ddcb5b1ec512d1c2a6acbe9424923b.jpg,0.8348304629325867
C:\Users\carmonta\Desktop\data-centric-cross-season-transfer\datasets\train_on_2025_all\val\images\frame_00140_jpg.rf.705c1259c649e1d4fe97303493492bdc.jpg,frame_00140_jpg.rf.705c1259c649e1d4fe97303493492bdc.jpg,0.7848166525363922
C:\Users\carmonta\Desktop\data-centric-cross-season-transfer\datasets\train_on_2025_all\val\images\frame_00141_jpg.rf.832bcbbc660f8b51e263f96e795f6ea0.jpg,frame_00141_jpg.rf.832bcbbc660f8b51e263f96e795f6ea0.jpg,0.7831950932741165
C:\Users\carmonta\Desktop\data-centric-cross-season-transfer\datasets\train_on_2025_all\val\images\frame_00141_jpg.rf.e8b31ef1bed263008e9f267fdf0573eb.jpg,frame_00141_jpg.rf.e8b31ef1bed263008e9f267fdf0573eb.jpg,0.9046539962291718
C:\Users\carmonta\Desktop\data-centric-cross-season-transfer\datasets\train_on_2025_all\val\images\frame_00143_jpg.rf.261c6ddf61083b22726507b7b8944588.jpg,frame_00143_jpg.rf.261c6ddf61083b22726507b7b8944588.jpg,0.4619181752204895
C:\Users\carmonta\Desktop\data-centric-cross-season-transfer\datasets\train_on_2025_all\val\images\frame_00143_jpg.rf.c2754e78a3449c304fad659586024299.jpg,frame_00143_jpg.rf.c2754e78a3449c304fad659586024299.jpg,0.4704098105430603
C:\Users\carmonta\Desktop\data-centric-cross-season-transfer\datasets\train_on_2025_all\val\images\frame_00143_jpg.rf.f0188ceaa25b19d08d00eb6186ec44ae.jpg,frame_00143_jpg.rf.f0188ceaa25b19d08d00eb6186ec44ae.jpg,0.4890972971916199
C:\Users\carmonta\Desktop\data-centric-cross-season-transfer\datasets\train_on_2025_all\val\images\frame_00144_jpg.rf.489c2886c1cfce6ad531645ba6f372d1.jpg,frame_00144_jpg.rf.489c2886c1cfce6ad531645ba6f372d1.jpg,0.522240400314331
C:\Users\carmonta\Desktop\data-centric-cross-season-transfer\datasets\train_on_2025_all\val\images\frame_00144_jpg.rf.af91a91769839410c716c6b7bd5213d7.jpg,frame_00144_jpg.rf.af91a91769839410c716c6b7bd5213d7.jpg,0.6567926108837128
C:\Users\carmonta\Desktop\data-centric-cross-season-transfer\datasets\train_on_2025_all\val\images\frame_00145_jpg.rf.d13337ee7253362aa896f68b52d82071.jpg,frame_00145_jpg.rf.d13337ee7253362aa896f68b52d82071.jpg,0.8928348422050476
C:\Users\carmonta\Desktop\data-centric-cross-season-transfer\datasets\train_on_2025_all\val\images\frame_00147_jpg.rf.d4eab13b71efdd10d5d96641c0c8aed1.jpg,frame_00147_jpg.rf.d4eab13b71efdd10d5d96641c0c8aed1.jpg,0.6449536383152008
C:\Users\carmonta\Desktop\data-centric-cross-season-transfer\datasets\train_on_2025_all\val\images\frame_00151_jpg.rf.4fa3ab55fa088d05bb0b7ff1c5e01832.jpg,frame_00151_jpg.rf.4fa3ab55fa088d05bb0b7ff1c5e01832.jpg,0.5993956029415131
C:\Users\carmonta\Desktop\data-centric-cross-season-transfer\datasets\train_on_2025_all\val\images\frame_00152_jpg.rf.d274e40cf9798025bd1d8688866ff402.jpg,frame_00152_jpg.rf.d274e40cf9798025bd1d8688866ff402.jpg,0.5707983076572418
C:\Users\carmonta\Desktop\data-centric-cross-season-transfer\datasets\train_on_2025_all\val\images\frame_00153_jpg.rf.06ab50cc7b88ee13cb64a262e3e52a36.jpg,frame_00153_jpg.rf.06ab50cc7b88ee13cb64a262e3e52a36.jpg,0.566284567117691
C:\Users\carmonta\Desktop\data-centric-cross-season-transfer\datasets\train_on_2025_all\val\images\frame_00153_jpg.rf.a494915e949275b1ee75c93233e8c5b3.jpg,frame_00153_jpg.rf.a494915e949275b1ee75c93233e8c5b3.jpg,0.7809805124998093
C:\Users\carmonta\Desktop\data-centric-cross-season-transfer\datasets\train_on_2025_all\val\images\frame_00153_jpg.rf.da6ea8b251faaaaa15fd3f99ecde93d7.jpg,frame_00153_jpg.rf.da6ea8b251faaaaa15fd3f99ecde93d7.jpg,0.5654627978801727
C:\Users\carmonta\Desktop\data-centric-cross-season-transfer\datasets\train_on_2025_all\val\images\frame_00154_jpg.rf.c82195ddeeec24138d56ec6bc36574fe.jpg,frame_00154_jpg.rf.c82195ddeeec24138d56ec6bc36574fe.jpg,0.5420356094837189
C:\Users\carmonta\Desktop\data-centric-cross-season-transfer\datasets\train_on_2025_all\val\images\frame_00155_jpg.rf.65b10faf8765e5753236bc40f87a060d.jpg,frame_00155_jpg.rf.65b10faf8765e5753236bc40f87a060d.jpg,0.34791797399520874
C:\Users\carmonta\Desktop\data-centric-cross-season-transfer\datasets\train_on_2025_all\val\images\frame_00155_jpg.rf.8d511c2b44137e44d60a75c60d8e4884.jpg,frame_00155_jpg.rf.8d511c2b44137e44d60a75c60d8e4884.jpg,0.33964383602142334
C:\Users\carmonta\Desktop\data-centric-cross-season-transfer\datasets\train_on_2025_all\val\images\frame_00155_jpg.rf.e3735b412f353990b93a74eb9ca0a192.jpg,frame_00155_jpg.rf.e3735b412f353990b93a74eb9ca0a192.jpg,0.2719113826751709
C:\Users\carmonta\Desktop\data-centric-cross-season-transfer\datasets\train_on_2025_all\val\images\frame_00156_jpg.rf.3570d2e7336024fd16e0c7cfe2324bbe.jpg,frame_00156_jpg.rf.3570d2e7336024fd16e0c7cfe2324bbe.jpg,0.8360057175159454
C:\Users\carmonta\Desktop\data-centric-cross-season-transfer\datasets\train_on_2025_all\val\images\frame_00156_jpg.rf.f5337bfc114b8c691fceb9d1f239ae43.jpg,frame_00156_jpg.rf.f5337bfc114b8c691fceb9d1f239ae43.jpg,0.862693190574646
C:\Users\carmonta\Desktop\data-centric-cross-season-transfer\datasets\train_on_2025_all\val\images\frame_00158_jpg.rf.49c4738f1d0b1b9bacdf5e0da5edafce.jpg,frame_00158_jpg.rf.49c4738f1d0b1b9bacdf5e0da5edafce.jpg,0.7594948261976242
C:\Users\carmonta\Desktop\data-centric-cross-season-transfer\datasets\train_on_2025_all\val\images\frame_00159_jpg.rf.7424d30cdf46154d39cf60a91ee73a5e.jpg,frame_00159_jpg.rf.7424d30cdf46154d39cf60a91ee73a5e.jpg,0.5278237462043762
C:\Users\carmonta\Desktop\data-centric-cross-season-transfer\datasets\train_on_2025_all\val\images\frame_00159_jpg.rf.ebafaf5eac6bd1d97307a917da335f25.jpg,frame_00159_jpg.rf.ebafaf5eac6bd1d97307a917da335f25.jpg,0.3627898097038269
C:\Users\carmonta\Desktop\data-centric-cross-season-transfer\datasets\train_on_2025_all\val\images\frame_00160_jpg.rf.d0bccc74926f00fbbba892391b35654d.jpg,frame_00160_jpg.rf.d0bccc74926f00fbbba892391b35654d.jpg,0.7393500208854675
C:\Users\carmonta\Desktop\data-centric-cross-season-transfer\datasets\train_on_2025_all\val\images\frame_00161_jpg.rf.1801ecd677090554daba7c8c08cad5e1.jpg,frame_00161_jpg.rf.1801ecd677090554daba7c8c08cad5e1.jpg,0.7199803292751312
C:\Users\carmonta\Desktop\data-centric-cross-season-transfer\datasets\train_on_2025_all\val\images\frame_00161_jpg.rf.bf95f0229bf0b1b52c72288fbfa0b83b.jpg,frame_00161_jpg.rf.bf95f0229bf0b1b52c72288fbfa0b83b.jpg,0.7578838169574738
C:\Users\carmonta\Desktop\data-centric-cross-season-transfer\datasets\train_on_2025_all\val\images\frame_00162_jpg.rf.77e5f6b3e9088602a07c5e46df47b95d.jpg,frame_00162_jpg.rf.77e5f6b3e9088602a07c5e46df47b95d.jpg,0.48188745975494385
C:\Users\carmonta\Desktop\data-centric-cross-season-transfer\datasets\train_on_2025_all\val\images\frame_00162_jpg.rf.7d9c85670b1dd9e517d058c275604a7a.jpg,frame_00162_jpg.rf.7d9c85670b1dd9e517d058c275604a7a.jpg,0.697781890630722
C:\Users\carmonta\Desktop\data-centric-cross-season-transfer\datasets\train_on_2025_all\val\images\frame_00165_jpg.rf.9674e1c6f39421e6b35f073c72e58345.jpg,frame_00165_jpg.rf.9674e1c6f39421e6b35f073c72e58345.jpg,0.4068196415901184
C:\Users\carmonta\Desktop\data-centric-cross-season-transfer\datasets\train_on_2025_all\val\images\frame_00166_jpg.rf.bcd08ef701bd176e14af51da16a1a659.jpg,frame_00166_jpg.rf.bcd08ef701bd176e14af51da16a1a659.jpg,0.2632169723510742
C:\Users\carmonta\Desktop\data-centric-cross-season-transfer\datasets\train_on_2025_all\val\images\frame_00167_jpg.rf.c4ece3fde9e2c8b63f44e1bf6b9b446d.jpg,frame_00167_jpg.rf.c4ece3fde9e2c8b63f44e1bf6b9b446d.jpg,0.5821500420570374
C:\Users\carmonta\Desktop\data-centric-cross-season-transfer\datasets\train_on_2025_all\val\images\frame_00167_jpg.rf.f8aaac085ca2adc17da406c40a56c3a9.jpg,frame_00167_jpg.rf.f8aaac085ca2adc17da406c40a56c3a9.jpg,0.5775004923343658
C:\Users\carmonta\Desktop\data-centric-cross-season-transfer\datasets\train_on_2025_all\val\images\frame_00171_jpg.rf.7f406999f0aa8c786521b465b5620733.jpg,frame_00171_jpg.rf.7f406999f0aa8c786521b465b5620733.jpg,0.9485759660601616
C:\Users\carmonta\Desktop\data-centric-cross-season-transfer\datasets\train_on_2025_all\val\images\frame_00173_jpg.rf.806cad28049aab045de406a04e423df8.jpg,frame_00173_jpg.rf.806cad28049aab045de406a04e423df8.jpg,0.509843111038208
C:\Users\carmonta\Desktop\data-centric-cross-season-transfer\datasets\train_on_2025_all\val\images\frame_00177_jpg.rf.bb91114be028cf18ac1ac74466435389.jpg,frame_00177_jpg.rf.bb91114be028cf18ac1ac74466435389.jpg,0.730337917804718
C:\Users\carmonta\Desktop\data-centric-cross-season-transfer\datasets\train_on_2025_all\val\images\frame_00178_jpg.rf.3e5d98a815e11b9219dfb64fba90686e.jpg,frame_00178_jpg.rf.3e5d98a815e11b9219dfb64fba90686e.jpg,0.4054051637649536
C:\Users\carmonta\Desktop\data-centric-cross-season-transfer\datasets\train_on_2025_all\val\images\frame_00184_jpg.rf.a083924429f702cde07d381bbcefd4ad.jpg,frame_00184_jpg.rf.a083924429f702cde07d381bbcefd4ad.jpg,0.3190114498138428
C:\Users\carmonta\Desktop\data-centric-cross-season-transfer\datasets\train_on_2025_all\val\images\frame_00186_jpg.rf.8590294fe807e98c263ae189d2f1695b.jpg,frame_00186_jpg.rf.8590294fe807e98c263ae189d2f1695b.jpg,0.6285454332828522
C:\Users\carmonta\Desktop\data-centric-cross-season-transfer\datasets\train_on_2025_all\val\images\frame_00197_jpg.rf.78a4bcc5fc460aca4a25e3698f3f571b.jpg,frame_00197_jpg.rf.78a4bcc5fc460aca4a25e3698f3f571b.jpg,0.5807048082351685
C:\Users\carmonta\Desktop\data-centric-cross-season-transfer\datasets\train_on_2025_all\val\images\frame_00199_jpg.rf.008f9f96e8b05275ca7d3646acf4e3bb.jpg,frame_00199_jpg.rf.008f9f96e8b05275ca7d3646acf4e3bb.jpg,0.6608382761478424
C:\Users\carmonta\Desktop\data-centric-cross-season-transfer\datasets\train_on_2025_all\val\images\frame_00200_jpg.rf.c4713d7845cc1a9f226beeb2078ac1b2.jpg,frame_00200_jpg.rf.c4713d7845cc1a9f226beeb2078ac1b2.jpg,0.7978900969028473
C:\Users\carmonta\Desktop\data-centric-cross-season-transfer\datasets\train_on_2025_all\val\images\frame_00204_jpg.rf.df2a8cfed71013deaf9a36116294ae1e.jpg,frame_00204_jpg.rf.df2a8cfed71013deaf9a36116294ae1e.jpg,0.6931572556495667
C:\Users\carmonta\Desktop\data-centric-cross-season-transfer\datasets\train_on_2025_all\val\images\frame_00206_jpg.rf.5fc951a0833df4eb51423dd47ecbf582.jpg,frame_00206_jpg.rf.5fc951a0833df4eb51423dd47ecbf582.jpg,0.5923842191696167
C:\Users\carmonta\Desktop\data-centric-cross-season-transfer\datasets\train_on_2025_all\val\images\frame_00207_jpg.rf.c2be41aaf3cc69c9d442a336a0bcefd1.jpg,frame_00207_jpg.rf.c2be41aaf3cc69c9d442a336a0bcefd1.jpg,0.7630472630262375
C:\Users\carmonta\Desktop\data-centric-cross-season-transfer\datasets\train_on_2025_all\val\images\frame_00208_jpg.rf.d546323772e2be92e59431b4e2072c4f.jpg,frame_00208_jpg.rf.d546323772e2be92e59431b4e2072c4f.jpg,0.7478353083133698
C:\Users\carmonta\Desktop\data-centric-cross-season-transfer\datasets\train_on_2025_all\val\images\frame_00210_jpg.rf.43980e32aa727d8a0413ee87c98193b6.jpg,frame_00210_jpg.rf.43980e32aa727d8a0413ee87c98193b6.jpg,0.7835506796836853
C:\Users\carmonta\Desktop\data-centric-cross-season-transfer\datasets\train_on_2025_all\val\images\frame_00210_jpg.rf.606795c4ce3783439a0b2ad231cdf465.jpg,frame_00210_jpg.rf.606795c4ce3783439a0b2ad231cdf465.jpg,0.7812984585762024
C:\Users\carmonta\Desktop\data-centric-cross-season-transfer\datasets\train_on_2025_all\val\images\frame_00213_jpg.rf.1fdb2c2f85ef35f9c854678844611de2.jpg,frame_00213_jpg.rf.1fdb2c2f85ef35f9c854678844611de2.jpg,0.5157142579555511
C:\Users\carmonta\Desktop\data-centric-cross-season-transfer\datasets\train_on_2025_all\val\images\frame_00214_jpg.rf.d417c7d9320af24acc5a959b8bc7cc36.jpg,frame_00214_jpg.rf.d417c7d9320af24acc5a959b8bc7cc36.jpg,0.846609577536583
C:\Users\carmonta\Desktop\data-centric-cross-season-transfer\datasets\train_on_2025_all\val\images\frame_00215_jpg.rf.9864f0df39c1b743d9670ccf72b3f772.jpg,frame_00215_jpg.rf.9864f0df39c1b743d9670ccf72b3f772.jpg,0.7238809764385223
C:\Users\carmonta\Desktop\data-centric-cross-season-transfer\datasets\train_on_2025_all\val\images\frame_00218_jpg.rf.6f599dc6d78396ca8375e58f8940bf6d.jpg,frame_00218_jpg.rf.6f599dc6d78396ca8375e58f8940bf6d.jpg,0.4028013348579407
C:\Users\carmonta\Desktop\data-centric-cross-season-transfer\datasets\train_on_2025_all\val\images\frame_00222_jpg.rf.0d20c02a8faa6f7ae03bae6b3f583fb1.jpg,frame_00222_jpg.rf.0d20c02a8faa6f7ae03bae6b3f583fb1.jpg,0.5586747229099274
C:\Users\carmonta\Desktop\data-centric-cross-season-transfer\datasets\train_on_2025_all\val\images\frame_00231_jpg.rf.77bc6dc4a4d81196be9b0a47348a3c33.jpg,frame_00231_jpg.rf.77bc6dc4a4d81196be9b0a47348a3c33.jpg,0.6994181871414185
C:\Users\carmonta\Desktop\data-centric-cross-season-transfer\datasets\train_on_2025_all\val\images\GX010664_MP4-0024_jpg.rf.68bdb92be47f2a72a110278707f2bb29.jpg,GX010664_MP4-0024_jpg.rf.68bdb92be47f2a72a110278707f2bb29.jpg,0.7991054803133011
C:\Users\carmonta\Desktop\data-centric-cross-season-transfer\datasets\train_on_2025_all\val\images\GX010664_MP4-0024_jpg.rf.cad3a1f7291e7b19185c3424a9b7a7a4.jpg,GX010664_MP4-0024_jpg.rf.cad3a1f7291e7b19185c3424a9b7a7a4.jpg,0.7984230220317841
C:\Users\carmonta\Desktop\data-centric-cross-season-transfer\datasets\train_on_2025_all\val\images\GX010664_MP4-0027_jpg.rf.5f8718f44188ce4277a73e163cda91c3.jpg,GX010664_MP4-0027_jpg.rf.5f8718f44188ce4277a73e163cda91c3.jpg,0.9970599510706961
C:\Users\carmonta\Desktop\data-centric-cross-season-transfer\datasets\train_on_2025_all\val\images\GX010664_MP4-0027_jpg.rf.9be1a7062e9dc99c2865c770c24da79c.jpg,GX010664_MP4-0027_jpg.rf.9be1a7062e9dc99c2865c770c24da79c.jpg,0.9962802340742201
C:\Users\carmonta\Desktop\data-centric-cross-season-transfer\datasets\train_on_2025_all\val\images\GX010664_MP4-0031_jpg.rf.c5698f3f3213b4f29f801aa910e85447.jpg,GX010664_MP4-0031_jpg.rf.c5698f3f3213b4f29f801aa910e85447.jpg,0.40632933378219604
C:\Users\carmonta\Desktop\data-centric-cross-season-transfer\datasets\train_on_2025_all\val\images\GX010664_MP4-0031_jpg.rf.eabdd5989b451952b5a892e6e1e39e22.jpg,GX010664_MP4-0031_jpg.rf.eabdd5989b451952b5a892e6e1e39e22.jpg,0.45876574516296387
C:\Users\carmonta\Desktop\data-centric-cross-season-transfer\datasets\train_on_2025_all\val\images\GX010664_MP4-0035_jpg.rf.8b7690fde7b76921c471e4a81bfcfcd6.jpg,GX010664_MP4-0035_jpg.rf.8b7690fde7b76921c471e4a81bfcfcd6.jpg,0.24237000942230225
C:\Users\carmonta\Desktop\data-centric-cross-season-transfer\datasets\train_on_2025_all\val\images\GX010664_MP4-0036_jpg.rf.7304f9f7de96081f2d1b12ff1ddcf922.jpg,GX010664_MP4-0036_jpg.rf.7304f9f7de96081f2d1b12ff1ddcf922.jpg,0.8461707383394241
C:\Users\carmonta\Desktop\data-centric-cross-season-transfer\datasets\train_on_2025_all\val\images\GX010664_MP4-0037_jpg.rf.c0ebdfe95dad9732fdb71d744b24d7a3.jpg,GX010664_MP4-0037_jpg.rf.c0ebdfe95dad9732fdb71d744b24d7a3.jpg,0.6167406141757965
C:\Users\carmonta\Desktop\data-centric-cross-season-transfer\datasets\train_on_2025_all\val\images\GX010664_MP4-0038_jpg.rf.ad6f49c423f99a13a20fe34f7699ec2c.jpg,GX010664_MP4-0038_jpg.rf.ad6f49c423f99a13a20fe34f7699ec2c.jpg,0.45471513271331787
C:\Users\carmonta\Desktop\data-centric-cross-season-transfer\datasets\train_on_2025_all\val\images\GX010664_MP4-0040_jpg.rf.ef89a1288a58225816ddf9138aede15e.jpg,GX010664_MP4-0040_jpg.rf.ef89a1288a58225816ddf9138aede15e.jpg,0.8357113003730774
C:\Users\carmonta\Desktop\data-centric-cross-season-transfer\datasets\train_on_2025_all\val\images\GX010664_MP4-0042_jpg.rf.4cb03b364f179fdfc87ba63278171cb2.jpg,GX010664_MP4-0042_jpg.rf.4cb03b364f179fdfc87ba63278171cb2.jpg,0.21003693342208862
C:\Users\carmonta\Desktop\data-centric-cross-season-transfer\datasets\train_on_2025_all\val\images\GX010664_MP4-0044_jpg.rf.f47f23f73b4661be5cebe78a1fd9b7af.jpg,GX010664_MP4-0044_jpg.rf.f47f23f73b4661be5cebe78a1fd9b7af.jpg,0.7277024686336517
C:\Users\carmonta\Desktop\data-centric-cross-season-transfer\datasets\train_on_2025_all\val\images\GX010664_MP4-0052_jpg.rf.169be3f087e1756ed6297a8615b1b5c5.jpg,GX010664_MP4-0052_jpg.rf.169be3f087e1756ed6297a8615b1b5c5.jpg,0.429534912109375
C:\Users\carmonta\Desktop\data-centric-cross-season-transfer\datasets\train_on_2025_all\val\images\GX010664_MP4-0059_jpg.rf.efc52da7042ebe72267de1f18b930db8.jpg,GX010664_MP4-0059_jpg.rf.efc52da7042ebe72267de1f18b930db8.jpg,0.8203791826963425
C:\Users\carmonta\Desktop\data-centric-cross-season-transfer\datasets\train_on_2025_all\val\images\GX010664_MP4-0061_jpg.rf.acb1d4ca69b7df99b7849bdbeb9eb42e.jpg,GX010664_MP4-0061_jpg.rf.acb1d4ca69b7df99b7849bdbeb9eb42e.jpg,0.3244490623474121
C:\Users\carmonta\Desktop\data-centric-cross-season-transfer\datasets\train_on_2025_all\val\images\GX010664_MP4-0066_jpg.rf.dbe08062cfe3b4b71322afeec9ae2fde.jpg,GX010664_MP4-0066_jpg.rf.dbe08062cfe3b4b71322afeec9ae2fde.jpg,0.7244941294193268
C:\Users\carmonta\Desktop\data-centric-cross-season-transfer\datasets\train_on_2025_all\val\images\GX010664_MP4-0067_jpg.rf.14f2ed46b0655e7fbbb2b989bafc8e8a.jpg,GX010664_MP4-0067_jpg.rf.14f2ed46b0655e7fbbb2b989bafc8e8a.jpg,0.6819159686565399
C:\Users\carmonta\Desktop\data-centric-cross-season-transfer\datasets\train_on_2025_all\val\images\GX010664_MP4-0067_jpg.rf.4ed44c5ef2ddb2cfd2635afcebf806d6.jpg,GX010664_MP4-0067_jpg.rf.4ed44c5ef2ddb2cfd2635afcebf806d6.jpg,0.5961503982543945
C:\Users\carmonta\Desktop\data-centric-cross-season-transfer\datasets\train_on_2025_all\val\images\GX010664_MP4-0068_jpg.rf.3fb4dacc98e0a4dd4187b56650c43a72.jpg,GX010664_MP4-0068_jpg.rf.3fb4dacc98e0a4dd4187b56650c43a72.jpg,0.30374765396118164
C:\Users\carmonta\Desktop\data-centric-cross-season-transfer\datasets\train_on_2025_all\val\images\GX010664_MP4-0070_jpg.rf.6351d87aaf52b0e77484587ce9af6e0c.jpg,GX010664_MP4-0070_jpg.rf.6351d87aaf52b0e77484587ce9af6e0c.jpg,0.7148956954479218
C:\Users\carmonta\Desktop\data-centric-cross-season-transfer\datasets\train_on_2025_all\val\images\GX010664_MP4-0071_jpg.rf.c325b76df4746809d9a2ea96b5172bbd.jpg,GX010664_MP4-0071_jpg.rf.c325b76df4746809d9a2ea96b5172bbd.jpg,0.6708917617797852
C:\Users\carmonta\Desktop\data-centric-cross-season-transfer\datasets\train_on_2025_all\val\images\GX010664_MP4-0074_jpg.rf.e3354f2a02abcbc5710c30504b71a234.jpg,GX010664_MP4-0074_jpg.rf.e3354f2a02abcbc5710c30504b71a234.jpg,0.7975048124790192
C:\Users\carmonta\Desktop\data-centric-cross-season-transfer\datasets\train_on_2025_all\val\images\GX010664_MP4-0077_jpg.rf.fd3058efde48559efd580f058b8e7db7.jpg,GX010664_MP4-0077_jpg.rf.fd3058efde48559efd580f058b8e7db7.jpg,0.6923247277736664
C:\Users\carmonta\Desktop\data-centric-cross-season-transfer\datasets\train_on_2025_all\val\images\GX010664_MP4-0078_jpg.rf.d52997ac14b6f99a294c925411fa7f87.jpg,GX010664_MP4-0078_jpg.rf.d52997ac14b6f99a294c925411fa7f87.jpg,0.7744687050580978
C:\Users\carmonta\Desktop\data-centric-cross-season-transfer\datasets\train_on_2025_all\val\images\GX010664_MP4-0078_jpg.rf.e7451f1d8d4eb701f83a250ce81d4788.jpg,GX010664_MP4-0078_jpg.rf.e7451f1d8d4eb701f83a250ce81d4788.jpg,0.7173872888088226
C:\Users\carmonta\Desktop\data-centric-cross-season-transfer\datasets\train_on_2025_all\val\images\GX010664_MP4-0084_jpg.rf.1efdbf3c3ad61502fe99236fe23c93b6.jpg,GX010664_MP4-0084_jpg.rf.1efdbf3c3ad61502fe99236fe23c93b6.jpg,0.9103185534477234
C:\Users\carmonta\Desktop\data-centric-cross-season-transfer\datasets\train_on_2025_all\val\images\GX010664_MP4-0088_jpg.rf.18eccdaf532449a0e9abf6b83ae7c30c.jpg,GX010664_MP4-0088_jpg.rf.18eccdaf532449a0e9abf6b83ae7c30c.jpg,0.7878278344869614
C:\Users\carmonta\Desktop\data-centric-cross-season-transfer\datasets\train_on_2025_all\val\images\GX010664_MP4-0088_jpg.rf.7da268e07567b2afa939b6c5b122c6af.jpg,GX010664_MP4-0088_jpg.rf.7da268e07567b2afa939b6c5b122c6af.jpg,0.7527904957532883
C:\Users\carmonta\Desktop\data-centric-cross-season-transfer\datasets\train_on_2025_all\val\images\GX010664_MP4-0096_jpg.rf.05009caaf0239f32d5ac0c588f4d0eb8.jpg,GX010664_MP4-0096_jpg.rf.05009caaf0239f32d5ac0c588f4d0eb8.jpg,0.4499465823173523
C:\Users\carmonta\Desktop\data-centric-cross-season-transfer\datasets\train_on_2025_all\val\images\GX010664_MP4-0096_jpg.rf.10fa759372185333fb15e69c666a4194.jpg,GX010664_MP4-0096_jpg.rf.10fa759372185333fb15e69c666a4194.jpg,0.449934720993042
C:\Users\carmonta\Desktop\data-centric-cross-season-transfer\datasets\train_on_2025_all\val\images\GX010664_MP4-0101_jpg.rf.b392e33b090c412a1bd3d16fc896ff07.jpg,GX010664_MP4-0101_jpg.rf.b392e33b090c412a1bd3d16fc896ff07.jpg,0.7990665584802628
C:\Users\carmonta\Desktop\data-centric-cross-season-transfer\datasets\train_on_2025_all\val\images\GX010664_MP4-0103_jpg.rf.2afcb4ea5e3a84325e1512278c62a6a2.jpg,GX010664_MP4-0103_jpg.rf.2afcb4ea5e3a84325e1512278c62a6a2.jpg,0.25828641653060913
C:\Users\carmonta\Desktop\data-centric-cross-season-transfer\datasets\train_on_2025_all\val\images\GX010665_MP4-0012_jpg.rf.64d04998d1e1812f48cc368919b5ff2b.jpg,GX010665_MP4-0012_jpg.rf.64d04998d1e1812f48cc368919b5ff2b.jpg,0.9826417043805122
C:\Users\carmonta\Desktop\data-centric-cross-season-transfer\datasets\train_on_2025_all\val\images\GX010665_MP4-0012_jpg.rf.a63cc12d49a95c8a6b3fa20a7de567fa.jpg,GX010665_MP4-0012_jpg.rf.a63cc12d49a95c8a6b3fa20a7de567fa.jpg,0.9796532411128283
C:\Users\carmonta\Desktop\data-centric-cross-season-transfer\datasets\train_on_2025_all\val\images\GX010665_MP4-0022_jpg.rf.723e604757d98356d2ebeed4cb48b674.jpg,GX010665_MP4-0022_jpg.rf.723e604757d98356d2ebeed4cb48b674.jpg,0.16635966300964355
C:\Users\carmonta\Desktop\data-centric-cross-season-transfer\datasets\train_on_2025_all\val\images\GX010665_MP4-0023_jpg.rf.225f6777f4ce184f96f12aa2c17ca51f.jpg,GX010665_MP4-0023_jpg.rf.225f6777f4ce184f96f12aa2c17ca51f.jpg,0.43257397413253784
C:\Users\carmonta\Desktop\data-centric-cross-season-transfer\datasets\train_on_2025_all\val\images\GX010665_MP4-0024_jpg.rf.2b2ea2848e3d1c6db7507d149117bc90.jpg,GX010665_MP4-0024_jpg.rf.2b2ea2848e3d1c6db7507d149117bc90.jpg,0.4272903800010681
C:\Users\carmonta\Desktop\data-centric-cross-season-transfer\datasets\train_on_2025_all\val\images\GX010665_MP4-0057_jpg.rf.c5ad8dd8aa8c0ff763f4af3d881ae057.jpg,GX010665_MP4-0057_jpg.rf.c5ad8dd8aa8c0ff763f4af3d881ae057.jpg,0.4747549891471863
C:\Users\carmonta\Desktop\data-centric-cross-season-transfer\datasets\train_on_2025_all\val\images\GX010665_MP4-0058_jpg.rf.0fb0ddc328651d27336a2cf05f423e2b.jpg,GX010665_MP4-0058_jpg.rf.0fb0ddc328651d27336a2cf05f423e2b.jpg,0.7238025665283203
C:\Users\carmonta\Desktop\data-centric-cross-season-transfer\datasets\train_on_2025_all\val\images\GX010665_MP4-0058_jpg.rf.15a6bf79fba796428afa4b6a5beeb9a0.jpg,GX010665_MP4-0058_jpg.rf.15a6bf79fba796428afa4b6a5beeb9a0.jpg,0.7238025665283203
C:\Users\carmonta\Desktop\data-centric-cross-season-transfer\datasets\train_on_2025_all\val\images\GX010665_MP4-0088_jpg.rf.d0e1067ed340a5059ccf59a73d7366c1.jpg,GX010665_MP4-0088_jpg.rf.d0e1067ed340a5059ccf59a73d7366c1.jpg,0.49597084522247314
C:\Users\carmonta\Desktop\data-centric-cross-season-transfer\datasets\train_on_2025_all\val\images\GX010665_MP4-0091_jpg.rf.93a5f8704847156a04d344d5aaeceab9.jpg,GX010665_MP4-0091_jpg.rf.93a5f8704847156a04d344d5aaeceab9.jpg,0.5517617762088776
C:\Users\carmonta\Desktop\data-centric-cross-season-transfer\datasets\train_on_2025_all\val\images\GX010665_MP4-0092_jpg.rf.7b917ea177a70730c7363331b404819c.jpg,GX010665_MP4-0092_jpg.rf.7b917ea177a70730c7363331b404819c.jpg,0.5952718257904053
C:\Users\carmonta\Desktop\data-centric-cross-season-transfer\datasets\train_on_2025_all\val\images\GX010665_MP4-0099_jpg.rf.222dbad1672907a88e814844be3ee105.jpg,GX010665_MP4-0099_jpg.rf.222dbad1672907a88e814844be3ee105.jpg,0.8243425190448761
C:\Users\carmonta\Desktop\data-centric-cross-season-transfer\datasets\train_on_2025_all\val\images\GX010665_MP4-0100_jpg.rf.2f48e9422b2776132e8bce5a9b039b72.jpg,GX010665_MP4-0100_jpg.rf.2f48e9422b2776132e8bce5a9b039b72.jpg,0.5698923170566559
C:\Users\carmonta\Desktop\data-centric-cross-season-transfer\datasets\train_on_2025_all\val\images\GX010665_MP4-0100_jpg.rf.7fe92a46dbd236f4104e37b487ed5e0a.jpg,GX010665_MP4-0100_jpg.rf.7fe92a46dbd236f4104e37b487ed5e0a.jpg,0.5286409556865692
C:\Users\carmonta\Desktop\data-centric-cross-season-transfer\datasets\train_on_2025_all\val\images\GX010665_MP4-0101_jpg.rf.131b63cfb62ad852ecc981bd69cafc6a.jpg,GX010665_MP4-0101_jpg.rf.131b63cfb62ad852ecc981bd69cafc6a.jpg,0.5689283013343811
C:\Users\carmonta\Desktop\data-centric-cross-season-transfer\datasets\train_on_2025_all\val\images\GX010665_MP4-0101_jpg.rf.695c98b7feb2e0761f47a995f55df818.jpg,GX010665_MP4-0101_jpg.rf.695c98b7feb2e0761f47a995f55df818.jpg,0.5732578337192535
C:\Users\carmonta\Desktop\data-centric-cross-season-transfer\datasets\train_on_2025_all\val\images\GX010665_MP4-0103_jpg.rf.ece21a21e53db3834595c3a44fe38c79.jpg,GX010665_MP4-0103_jpg.rf.ece21a21e53db3834595c3a44fe38c79.jpg,0.8335959762334824
C:\Users\carmonta\Desktop\data-centric-cross-season-transfer\datasets\train_on_2025_all\val\images\GX010665_MP4-0108_jpg.rf.5fe6fc3f438e32420992750d736dd8de.jpg,GX010665_MP4-0108_jpg.rf.5fe6fc3f438e32420992750d736dd8de.jpg,0.9145907014608383
C:\Users\carmonta\Desktop\data-centric-cross-season-transfer\datasets\train_on_2025_all\val\images\GX010665_MP4-0111_jpg.rf.dfda8ba95fe487f09a469e4f291a1acb.jpg,GX010665_MP4-0111_jpg.rf.dfda8ba95fe487f09a469e4f291a1acb.jpg,0.7136037051677704
C:\Users\carmonta\Desktop\data-centric-cross-season-transfer\datasets\train_on_2025_all\val\images\GX010665_MP4-0112_jpg.rf.522599c368b90b249eb4c5cc0e82e090.jpg,GX010665_MP4-0112_jpg.rf.522599c368b90b249eb4c5cc0e82e090.jpg,0.7094615399837494
C:\Users\carmonta\Desktop\data-centric-cross-season-transfer\datasets\train_on_2025_all\val\images\GX010665_MP4-0115_jpg.rf.70c41eb7f4be348b26a5682bfe5e218b.jpg,GX010665_MP4-0115_jpg.rf.70c41eb7f4be348b26a5682bfe5e218b.jpg,0.819577157497406
C:\Users\carmonta\Desktop\data-centric-cross-season-transfer\datasets\train_on_2025_all\val\images\GX010665_MP4-0119_jpg.rf.5f1aa092febd98b62c66ae83ed4bc8fe.jpg,GX010665_MP4-0119_jpg.rf.5f1aa092febd98b62c66ae83ed4bc8fe.jpg,0.9291359409689903
C:\Users\carmonta\Desktop\data-centric-cross-season-transfer\datasets\train_on_2025_all\val\images\GX010665_MP4-0119_jpg.rf.e3eaac99fb068f4060bcebb448f12c67.jpg,GX010665_MP4-0119_jpg.rf.e3eaac99fb068f4060bcebb448f12c67.jpg,0.9297823011875153
C:\Users\carmonta\Desktop\data-centric-cross-season-transfer\datasets\train_on_2025_all\val\images\GX010665_MP4-0128_jpg.rf.b6c1f3fae9cf9c0c7d37aacbffa551cd.jpg,GX010665_MP4-0128_jpg.rf.b6c1f3fae9cf9c0c7d37aacbffa551cd.jpg,0.5595729351043701
C:\Users\carmonta\Desktop\data-centric-cross-season-transfer\datasets\train_on_2025_all\val\images\GX010665_MP4-0128_jpg.rf.c021939037661ac7032afb4190379c60.jpg,GX010665_MP4-0128_jpg.rf.c021939037661ac7032afb4190379c60.jpg,0.5570597350597382
C:\Users\carmonta\Desktop\data-centric-cross-season-transfer\datasets\train_on_2025_all\val\images\GX010665_MP4-0129_jpg.rf.559c57886f5690dd45255de1c6b8867f.jpg,GX010665_MP4-0129_jpg.rf.559c57886f5690dd45255de1c6b8867f.jpg,0.2712836265563965
C:\Users\carmonta\Desktop\data-centric-cross-season-transfer\datasets\train_on_2025_all\val\images\GX010665_MP4-0129_jpg.rf.a37ee8b684a75dfd36727883aaabc20d.jpg,GX010665_MP4-0129_jpg.rf.a37ee8b684a75dfd36727883aaabc20d.jpg,0.28673458099365234
C:\Users\carmonta\Desktop\data-centric-cross-season-transfer\datasets\train_on_2025_all\val\images\GX010665_MP4-0130_jpg.rf.728bc198506fc41018b6b7e40531ce85.jpg,GX010665_MP4-0130_jpg.rf.728bc198506fc41018b6b7e40531ce85.jpg,0.9437984488904476
C:\Users\carmonta\Desktop\data-centric-cross-season-transfer\datasets\train_on_2025_all\val\images\GX010665_MP4-0133_jpg.rf.8d1e694efb88ca474ac6c21a0ecba158.jpg,GX010665_MP4-0133_jpg.rf.8d1e694efb88ca474ac6c21a0ecba158.jpg,0.9487700685858727
C:\Users\carmonta\Desktop\data-centric-cross-season-transfer\datasets\train_on_2025_all\val\images\GX010665_MP4-0134_jpg.rf.533a6d7d5340ff0795d17941a8751cc7.jpg,GX010665_MP4-0134_jpg.rf.533a6d7d5340ff0795d17941a8751cc7.jpg,0.9181964471936226
C:\Users\carmonta\Desktop\data-centric-cross-season-transfer\datasets\train_on_2025_all\val\images\GX010665_MP4-0136_jpg.rf.b8d7b046d6a6367157c4935830a3f9c5.jpg,GX010665_MP4-0136_jpg.rf.b8d7b046d6a6367157c4935830a3f9c5.jpg,0.9457954242825508
C:\Users\carmonta\Desktop\data-centric-cross-season-transfer\datasets\train_on_2025_all\val\images\GX010665_MP4-0136_jpg.rf.e7d4a096af4183113442395ffea99ebe.jpg,GX010665_MP4-0136_jpg.rf.e7d4a096af4183113442395ffea99ebe.jpg,0.9474929571151733
C:\Users\carmonta\Desktop\data-centric-cross-season-transfer\datasets\train_on_2025_all\val\images\GX010665_MP4-0137_jpg.rf.5716d652fe243567c028515163822762.jpg,GX010665_MP4-0137_jpg.rf.5716d652fe243567c028515163822762.jpg,0.9577402286231518
C:\Users\carmonta\Desktop\data-centric-cross-season-transfer\datasets\train_on_2025_all\val\images\GX010665_MP4-0139_jpg.rf.5956ec76ac92a8b178e918016374889a.jpg,GX010665_MP4-0139_jpg.rf.5956ec76ac92a8b178e918016374889a.jpg,0.9551369920372963
C:\Users\carmonta\Desktop\data-centric-cross-season-transfer\datasets\train_on_2025_all\val\images\GX010665_MP4-0171_jpg.rf.dd6a1ffdea81d23cc70c7551d7336ae1.jpg,GX010665_MP4-0171_jpg.rf.dd6a1ffdea81d23cc70c7551d7336ae1.jpg,0.17980778217315674
C:\Users\carmonta\Desktop\data-centric-cross-season-transfer\datasets\train_on_2025_all\val\images\GX010665_MP4-0190_jpg.rf.a65b7e47df154fcf212f40ec66fb504f.jpg,GX010665_MP4-0190_jpg.rf.a65b7e47df154fcf212f40ec66fb504f.jpg,0.1687394380569458
C:\Users\carmonta\Desktop\data-centric-cross-season-transfer\datasets\train_on_2025_all\val\images\GX010665_MP4-0191_jpg.rf.87101e23e26c8bfb2e724a4583dd0211.jpg,GX010665_MP4-0191_jpg.rf.87101e23e26c8bfb2e724a4583dd0211.jpg,0.8315540254116058
C:\Users\carmonta\Desktop\data-centric-cross-season-transfer\datasets\train_on_2025_all\val\images\GX010665_MP4-0192_jpg.rf.bc2dcc643f68819e597a8772062d467d.jpg,GX010665_MP4-0192_jpg.rf.bc2dcc643f68819e597a8772062d467d.jpg,0.1620619297027588
C:\Users\carmonta\Desktop\data-centric-cross-season-transfer\datasets\train_on_2025_all\val\images\GX010665_MP4-0194_jpg.rf.e39d415be7a76c2dac0d698d7990255f.jpg,GX010665_MP4-0194_jpg.rf.e39d415be7a76c2dac0d698d7990255f.jpg,0.18308693170547485
C:\Users\carmonta\Desktop\data-centric-cross-season-transfer\datasets\train_on_2025_all\val\images\GX010665_MP4-0198_jpg.rf.da126e10c116b5f22a8eca28f42f8830.jpg,GX010665_MP4-0198_jpg.rf.da126e10c116b5f22a8eca28f42f8830.jpg,0.7892911583185196
C:\Users\carmonta\Desktop\data-centric-cross-season-transfer\datasets\train_on_2025_all\val\images\GX010665_MP4-0199_jpg.rf.fc9b041e2f1a850141e77df9b673ff6f.jpg,GX010665_MP4-0199_jpg.rf.fc9b041e2f1a850141e77df9b673ff6f.jpg,0.7914300262928009
C:\Users\carmonta\Desktop\data-centric-cross-season-transfer\datasets\train_on_2025_all\val\images\GX010665_MP4-0201_jpg.rf.f08237b7a1cd9471ca7e44e85896f4b2.jpg,GX010665_MP4-0201_jpg.rf.f08237b7a1cd9471ca7e44e85896f4b2.jpg,0.9214904755353928
C:\Users\carmonta\Desktop\data-centric-cross-season-transfer\datasets\train_on_2025_all\val\images\GX010665_MP4-0208_jpg.rf.3a39b3e140195195576dca5b4d0c2b13.jpg,GX010665_MP4-0208_jpg.rf.3a39b3e140195195576dca5b4d0c2b13.jpg,0.9305604174733162
C:\Users\carmonta\Desktop\data-centric-cross-season-transfer\datasets\train_on_2025_all\val\images\GX010665_MP4-0216_jpg.rf.8a9ac800a2be00ba4a6db5a5cd5c6296.jpg,GX010665_MP4-0216_jpg.rf.8a9ac800a2be00ba4a6db5a5cd5c6296.jpg,0.80347640812397
C:\Users\carmonta\Desktop\data-centric-cross-season-transfer\datasets\train_on_2025_all\val\images\GX010665_MP4-0216_jpg.rf.c85471c96f32f29a4552998a0bfef644.jpg,GX010665_MP4-0216_jpg.rf.c85471c96f32f29a4552998a0bfef644.jpg,0.9031405076384544
C:\Users\carmonta\Desktop\data-centric-cross-season-transfer\datasets\train_on_2025_all\val\images\GX010665_MP4-0217_jpg.rf.4bd57d75286e8e0e214a12be1b88193d.jpg,GX010665_MP4-0217_jpg.rf.4bd57d75286e8e0e214a12be1b88193d.jpg,0.9965327042154968
C:\Users\carmonta\Desktop\data-centric-cross-season-transfer\datasets\train_on_2025_all\val\images\GX010665_MP4-0217_jpg.rf.e2002a9318e1d506b8faadfbca58652a.jpg,GX010665_MP4-0217_jpg.rf.e2002a9318e1d506b8faadfbca58652a.jpg,0.9959987630136311
C:\Users\carmonta\Desktop\data-centric-cross-season-transfer\datasets\train_on_2025_all\val\images\GX010665_MP4-0218_jpg.rf.f262a0785606543791b62b1ce9c0fa40.jpg,GX010665_MP4-0218_jpg.rf.f262a0785606543791b62b1ce9c0fa40.jpg,0.9989396445453167
C:\Users\carmonta\Desktop\data-centric-cross-season-transfer\datasets\train_on_2025_all\val\images\GX010665_MP4-0239_jpg.rf.34b15143adba3fa2a4ed93d169025d31.jpg,GX010665_MP4-0239_jpg.rf.34b15143adba3fa2a4ed93d169025d31.jpg,0.8837627544999123
C:\Users\carmonta\Desktop\data-centric-cross-season-transfer\datasets\train_on_2025_all\val\images\GX010665_MP4-0239_jpg.rf.8bd249e5768ffb3d9b34def399b31079.jpg,GX010665_MP4-0239_jpg.rf.8bd249e5768ffb3d9b34def399b31079.jpg,0.8897263780236244
C:\Users\carmonta\Desktop\data-centric-cross-season-transfer\datasets\train_on_2025_all\val\images\GX010665_MP4-0240_jpg.rf.f8a3d3fb848bdffe0c2a9bb5577d6411.jpg,GX010665_MP4-0240_jpg.rf.f8a3d3fb848bdffe0c2a9bb5577d6411.jpg,0.17162597179412842
C:\Users\carmonta\Desktop\data-centric-cross-season-transfer\datasets\train_on_2025_all\val\images\GX010665_MP4-0241_jpg.rf.244c945f5cf7ac04c9521da67e143662.jpg,GX010665_MP4-0241_jpg.rf.244c945f5cf7ac04c9521da67e143662.jpg,0.4384005665779114
C:\Users\carmonta\Desktop\data-centric-cross-season-transfer\datasets\train_on_2025_all\val\images\GX010665_MP4-0243_jpg.rf.accef6733fc2f035c3362fd5f8609c66.jpg,GX010665_MP4-0243_jpg.rf.accef6733fc2f035c3362fd5f8609c66.jpg,0.30304622650146484
C:\Users\carmonta\Desktop\data-centric-cross-season-transfer\datasets\train_on_2025_all\val\images\GX010665_MP4-0245_jpg.rf.869589090ac9cc7ecd742e12e891ab0f.jpg,GX010665_MP4-0245_jpg.rf.869589090ac9cc7ecd742e12e891ab0f.jpg,0.49159353971481323
C:\Users\carmonta\Desktop\data-centric-cross-season-transfer\datasets\train_on_2025_all\val\images\GX010665_MP4-0247_jpg.rf.98616224d4187937d215b2c866873117.jpg,GX010665_MP4-0247_jpg.rf.98616224d4187937d215b2c866873117.jpg,0.6471381187438965
C:\Users\carmonta\Desktop\data-centric-cross-season-transfer\datasets\train_on_2025_all\val\images\GX010665_MP4-0247_jpg.rf.b291053752c98daed2244321180faaae.jpg,GX010665_MP4-0247_jpg.rf.b291053752c98daed2244321180faaae.jpg,0.505911648273468
C:\Users\carmonta\Desktop\data-centric-cross-season-transfer\datasets\train_on_2025_all\val\images\GX010665_MP4-0248_jpg.rf.f00d5597c4ef6987722df80c3e51fed4.jpg,GX010665_MP4-0248_jpg.rf.f00d5597c4ef6987722df80c3e51fed4.jpg,0.7810055166482925
C:\Users\carmonta\Desktop\data-centric-cross-season-transfer\datasets\train_on_2025_all\val\images\GX010665_MP4-0249_jpg.rf.aeeb6d8243640a9be13783f2d74b8e9d.jpg,GX010665_MP4-0249_jpg.rf.aeeb6d8243640a9be13783f2d74b8e9d.jpg,0.6152961552143097
C:\Users\carmonta\Desktop\data-centric-cross-season-transfer\datasets\train_on_2025_all\val\images\GX010665_MP4-0256_jpg.rf.347aefc78a4b4e49222993bd4c07411e.jpg,GX010665_MP4-0256_jpg.rf.347aefc78a4b4e49222993bd4c07411e.jpg,0.44973814487457275
C:\Users\carmonta\Desktop\data-centric-cross-season-transfer\datasets\train_on_2025_all\val\images\GX010665_MP4-0256_jpg.rf.a144600f86882ab4aaa541dd06ed8af3.jpg,GX010665_MP4-0256_jpg.rf.a144600f86882ab4aaa541dd06ed8af3.jpg,0.4393043518066406
C:\Users\carmonta\Desktop\data-centric-cross-season-transfer\datasets\train_on_2025_all\val\images\GX010665_MP4-0257_jpg.rf.4d052d9c769d03c5369aa23452eb2957.jpg,GX010665_MP4-0257_jpg.rf.4d052d9c769d03c5369aa23452eb2957.jpg,0.6438131928443909
C:\Users\carmonta\Desktop\data-centric-cross-season-transfer\datasets\train_on_2025_all\val\images\GX010665_MP4-0258_jpg.rf.a00c002979213abbf46660d816111f51.jpg,GX010665_MP4-0258_jpg.rf.a00c002979213abbf46660d816111f51.jpg,0.8217419385910034
C:\Users\carmonta\Desktop\data-centric-cross-season-transfer\datasets\train_on_2025_all\val\images\GX010665_MP4-0265_jpg.rf.3c765632abf55afdd01d74c0dfc04471.jpg,GX010665_MP4-0265_jpg.rf.3c765632abf55afdd01d74c0dfc04471.jpg,0.5147464871406555
C:\Users\carmonta\Desktop\data-centric-cross-season-transfer\datasets\train_on_2025_all\val\images\GX010665_MP4-0266_jpg.rf.30531deb56d9820db76446a5ca7f2348.jpg,GX010665_MP4-0266_jpg.rf.30531deb56d9820db76446a5ca7f2348.jpg,0.5041232407093048
C:\Users\carmonta\Desktop\data-centric-cross-season-transfer\datasets\train_on_2025_all\val\images\GX010665_MP4-0266_jpg.rf.9f70e2c0d67e65e9c567d5ee87415e96.jpg,GX010665_MP4-0266_jpg.rf.9f70e2c0d67e65e9c567d5ee87415e96.jpg,0.4987068772315979
C:\Users\carmonta\Desktop\data-centric-cross-season-transfer\datasets\train_on_2025_all\val\images\GX010666_MP4-0004_jpg.rf.6a7092d91b8a90d1bbfc71818c7799a0.jpg,GX010666_MP4-0004_jpg.rf.6a7092d91b8a90d1bbfc71818c7799a0.jpg,0.8734382092952728
C:\Users\carmonta\Desktop\data-centric-cross-season-transfer\datasets\train_on_2025_all\val\images\GX010666_MP4-0004_jpg.rf.da5e0a007c6259c172b7e1f1911dba62.jpg,GX010666_MP4-0004_jpg.rf.da5e0a007c6259c172b7e1f1911dba62.jpg,0.8811247870326042
C:\Users\carmonta\Desktop\data-centric-cross-season-transfer\datasets\train_on_2025_all\val\images\GX010666_MP4-0008_jpg.rf.b75b894457baec5ffb5fbd2783382378.jpg,GX010666_MP4-0008_jpg.rf.b75b894457baec5ffb5fbd2783382378.jpg,0.4348817467689514
C:\Users\carmonta\Desktop\data-centric-cross-season-transfer\datasets\train_on_2025_all\val\images\GX010666_MP4-0009_jpg.rf.194361c01a17595bbd4f5ddb7c81dc92.jpg,GX010666_MP4-0009_jpg.rf.194361c01a17595bbd4f5ddb7c81dc92.jpg,0.3199464678764343
C:\Users\carmonta\Desktop\data-centric-cross-season-transfer\datasets\train_on_2025_all\val\images\GX010666_MP4-0009_jpg.rf.5191676e5cafb864c78b1ff9e737d853.jpg,GX010666_MP4-0009_jpg.rf.5191676e5cafb864c78b1ff9e737d853.jpg,0.15018987655639648
C:\Users\carmonta\Desktop\data-centric-cross-season-transfer\datasets\train_on_2025_all\val\images\GX010666_MP4-0018_jpg.rf.913f106d230da3ae0800fedec745076b.jpg,GX010666_MP4-0018_jpg.rf.913f106d230da3ae0800fedec745076b.jpg,0.7847314178943634
C:\Users\carmonta\Desktop\data-centric-cross-season-transfer\datasets\train_on_2025_all\val\images\GX010666_MP4-0020_jpg.rf.62dc814db651a4d7d87d1cdd84aec6ed.jpg,GX010666_MP4-0020_jpg.rf.62dc814db651a4d7d87d1cdd84aec6ed.jpg,0.2218616008758545
C:\Users\carmonta\Desktop\data-centric-cross-season-transfer\datasets\train_on_2025_all\val\images\GX010666_MP4-0020_jpg.rf.bdfefce51d4c9fc05c1c3aa318f04c7e.jpg,GX010666_MP4-0020_jpg.rf.bdfefce51d4c9fc05c1c3aa318f04c7e.jpg,0.23635214567184448
C:\Users\carmonta\Desktop\data-centric-cross-season-transfer\datasets\train_on_2025_all\val\images\GX010666_MP4-0025_jpg.rf.5a7c8acd6cb5e567610ec6a25c769499.jpg,GX010666_MP4-0025_jpg.rf.5a7c8acd6cb5e567610ec6a25c769499.jpg,0.16280388832092285
C:\Users\carmonta\Desktop\data-centric-cross-season-transfer\datasets\train_on_2025_all\val\images\GX010666_MP4-0025_jpg.rf.ad479c01afb6d4374a9c9120e587980f.jpg,GX010666_MP4-0025_jpg.rf.ad479c01afb6d4374a9c9120e587980f.jpg,0.16828978061676025
C:\Users\carmonta\Desktop\data-centric-cross-season-transfer\datasets\train_on_2025_all\val\images\GX010666_MP4-0042_jpg.rf.b93efda5dffa96206b9bfcd9e8b7fe24.jpg,GX010666_MP4-0042_jpg.rf.b93efda5dffa96206b9bfcd9e8b7fe24.jpg,0.6516964435577393
C:\Users\carmonta\Desktop\data-centric-cross-season-transfer\datasets\train_on_2025_all\val\images\GX010666_MP4-0044_jpg.rf.96930fb115a6d507128ccefd16ed34a1.jpg,GX010666_MP4-0044_jpg.rf.96930fb115a6d507128ccefd16ed34a1.jpg,0.925705648958683
C:\Users\carmonta\Desktop\data-centric-cross-season-transfer\datasets\train_on_2025_all\val\images\GX010666_MP4-0045_jpg.rf.36f5c5fb0f90340997a01b5530c60b26.jpg,GX010666_MP4-0045_jpg.rf.36f5c5fb0f90340997a01b5530c60b26.jpg,0.736797422170639
C:\Users\carmonta\Desktop\data-centric-cross-season-transfer\datasets\train_on_2025_all\val\images\GX010666_MP4-0046_jpg.rf.9fac1ab194c2816c72893bc39ba863ce.jpg,GX010666_MP4-0046_jpg.rf.9fac1ab194c2816c72893bc39ba863ce.jpg,0.9153736382722855
C:\Users\carmonta\Desktop\data-centric-cross-season-transfer\datasets\train_on_2025_all\val\images\GX010666_MP4-0057_jpg.rf.cfe79cc868364cd3b8caaf5d105bdd5c.jpg,GX010666_MP4-0057_jpg.rf.cfe79cc868364cd3b8caaf5d105bdd5c.jpg,0.8650953471660614
C:\Users\carmonta\Desktop\data-centric-cross-season-transfer\datasets\train_on_2025_all\val\images\GX010666_MP4-0057_jpg.rf.e3d9d5cd472a148fe152d7551250502f.jpg,GX010666_MP4-0057_jpg.rf.e3d9d5cd472a148fe152d7551250502f.jpg,0.8646134585142136
C:\Users\carmonta\Desktop\data-centric-cross-season-transfer\datasets\train_on_2025_all\val\images\GX010666_MP4-0083_jpg.rf.3bf566f01ce02754886bf6eeaf818aee.jpg,GX010666_MP4-0083_jpg.rf.3bf566f01ce02754886bf6eeaf818aee.jpg,0.47283458709716797
C:\Users\carmonta\Desktop\data-centric-cross-season-transfer\datasets\train_on_2025_all\val\images\GX010666_MP4-0083_jpg.rf.c22dd4cd2874d600a8a64a85681b2fee.jpg,GX010666_MP4-0083_jpg.rf.c22dd4cd2874d600a8a64a85681b2fee.jpg,0.45920395851135254
C:\Users\carmonta\Desktop\data-centric-cross-season-transfer\datasets\train_on_2025_all\val\images\GX010666_MP4-0085_jpg.rf.25562ec629e89ace52d74122b608293c.jpg,GX010666_MP4-0085_jpg.rf.25562ec629e89ace52d74122b608293c.jpg,0.8960921317338943
C:\Users\carmonta\Desktop\data-centric-cross-season-transfer\datasets\train_on_2025_all\val\images\GX010666_MP4-0086_jpg.rf.8408667c88331ac6251809d3431b8d12.jpg,GX010666_MP4-0086_jpg.rf.8408667c88331ac6251809d3431b8d12.jpg,0.8018227219581604
C:\Users\carmonta\Desktop\data-centric-cross-season-transfer\datasets\train_on_2025_all\val\images\GX010666_MP4-0092_jpg.rf.98440dc0da0f7d53cb81609a84f5be63.jpg,GX010666_MP4-0092_jpg.rf.98440dc0da0f7d53cb81609a84f5be63.jpg,0.14548975229263306
C:\Users\carmonta\Desktop\data-centric-cross-season-transfer\datasets\train_on_2025_all\val\images\GX010666_MP4-0097_jpg.rf.52ca7a1418a7d4daaaa38334d02bd30b.jpg,GX010666_MP4-0097_jpg.rf.52ca7a1418a7d4daaaa38334d02bd30b.jpg,0.5857021510601044
C:\Users\carmonta\Desktop\data-centric-cross-season-transfer\datasets\train_on_2025_all\val\images\GX010666_MP4-0100_jpg.rf.5a9f4dd5352981381c01e83771693578.jpg,GX010666_MP4-0100_jpg.rf.5a9f4dd5352981381c01e83771693578.jpg,0.1380765438079834
C:\Users\carmonta\Desktop\data-centric-cross-season-transfer\datasets\train_on_2025_all\val\images\GX010666_MP4-0108_jpg.rf.364b0c5a4bc22fbe9c9013a109925b37.jpg,GX010666_MP4-0108_jpg.rf.364b0c5a4bc22fbe9c9013a109925b37.jpg,0.7243439555168152
C:\Users\carmonta\Desktop\data-centric-cross-season-transfer\datasets\train_on_2025_all\val\images\GX010666_MP4-0127_jpg.rf.4062ef24e39372e1b6ef8da2813d6a13.jpg,GX010666_MP4-0127_jpg.rf.4062ef24e39372e1b6ef8da2813d6a13.jpg,0.7237510085105896
C:\Users\carmonta\Desktop\data-centric-cross-season-transfer\datasets\train_on_2025_all\val\images\GX010666_MP4-0127_jpg.rf.4809416e338ac8a6bef404af0229bd8c.jpg,GX010666_MP4-0127_jpg.rf.4809416e338ac8a6bef404af0229bd8c.jpg,0.7624693661928177
C:\Users\carmonta\Desktop\data-centric-cross-season-transfer\datasets\train_on_2025_all\val\images\GX010666_MP4-0131_jpg.rf.00cea175c515d026f1dede115be5fc5c.jpg,GX010666_MP4-0131_jpg.rf.00cea175c515d026f1dede115be5fc5c.jpg,0.554967075586319
C:\Users\carmonta\Desktop\data-centric-cross-season-transfer\datasets\train_on_2025_all\val\images\GX010666_MP4-0132_jpg.rf.61d730ff56c12fb19103ae799d159244.jpg,GX010666_MP4-0132_jpg.rf.61d730ff56c12fb19103ae799d159244.jpg,0.5638974606990814
C:\Users\carmonta\Desktop\data-centric-cross-season-transfer\datasets\train_on_2025_all\val\images\GX010666_MP4-0137_jpg.rf.ddb399f51b65857ff4ccae7f6021c9c4.jpg,GX010666_MP4-0137_jpg.rf.ddb399f51b65857ff4ccae7f6021c9c4.jpg,0.7184450924396515
C:\Users\carmonta\Desktop\data-centric-cross-season-transfer\datasets\train_on_2025_all\val\images\GX010666_MP4-0140_jpg.rf.440afc90dd61cc2544357616f1a258e8.jpg,GX010666_MP4-0140_jpg.rf.440afc90dd61cc2544357616f1a258e8.jpg,0.7571308016777039
C:\Users\carmonta\Desktop\data-centric-cross-season-transfer\datasets\train_on_2025_all\val\images\GX010666_MP4-0140_jpg.rf.4be2a7a82ba7a251f20c5d364da5afc9.jpg,GX010666_MP4-0140_jpg.rf.4be2a7a82ba7a251f20c5d364da5afc9.jpg,0.7587946802377701
C:\Users\carmonta\Desktop\data-centric-cross-season-transfer\datasets\train_on_2025_all\val\images\GX010666_MP4-0141_jpg.rf.b6ec00f4cec5d09a231beda5a9b57eef.jpg,GX010666_MP4-0141_jpg.rf.b6ec00f4cec5d09a231beda5a9b57eef.jpg,0.8808857873082161
C:\Users\carmonta\Desktop\data-centric-cross-season-transfer\datasets\train_on_2025_all\val\images\GX010666_MP4-0143_jpg.rf.c7d88373fc455d3464b259e5bb8908bb.jpg,GX010666_MP4-0143_jpg.rf.c7d88373fc455d3464b259e5bb8908bb.jpg,0.4872177243232727
C:\Users\carmonta\Desktop\data-centric-cross-season-transfer\datasets\train_on_2025_all\val\images\GX010666_MP4-0144_jpg.rf.14473fd7bedaedfea0656f432912253f.jpg,GX010666_MP4-0144_jpg.rf.14473fd7bedaedfea0656f432912253f.jpg,0.15559357404708862
C:\Users\carmonta\Desktop\data-centric-cross-season-transfer\datasets\train_on_2025_all\val\images\GX010666_MP4-0144_jpg.rf.5b830f43f156f27cfd2412098fbeec79.jpg,GX010666_MP4-0144_jpg.rf.5b830f43f156f27cfd2412098fbeec79.jpg,0.15454310178756714
C:\Users\carmonta\Desktop\data-centric-cross-season-transfer\datasets\train_on_2025_all\val\images\GX010666_MP4-0146_jpg.rf.77de6c08320ab4e50bd67d7ac826e35b.jpg,GX010666_MP4-0146_jpg.rf.77de6c08320ab4e50bd67d7ac826e35b.jpg,0.3442286252975464
C:\Users\carmonta\Desktop\data-centric-cross-season-transfer\datasets\train_on_2025_all\val\images\GX010666_MP4-0146_jpg.rf.bdee8fb84f77d6ab1f0a6acf01269911.jpg,GX010666_MP4-0146_jpg.rf.bdee8fb84f77d6ab1f0a6acf01269911.jpg,0.34347736835479736
C:\Users\carmonta\Desktop\data-centric-cross-season-transfer\datasets\train_on_2025_all\val\images\GX010666_MP4-0146_jpg.rf.c3a1096233e7935c7229add69126ae95.jpg,GX010666_MP4-0146_jpg.rf.c3a1096233e7935c7229add69126ae95.jpg,0.3480778932571411
C:\Users\carmonta\Desktop\data-centric-cross-season-transfer\datasets\train_on_2025_all\val\images\GX010666_MP4-0147_jpg.rf.cc48b4b5729e3b9b8a9ac25271ea748b.jpg,GX010666_MP4-0147_jpg.rf.cc48b4b5729e3b9b8a9ac25271ea748b.jpg,0.7755088806152344
C:\Users\carmonta\Desktop\data-centric-cross-season-transfer\datasets\train_on_2025_all\val\images\GX010666_MP4-0149_jpg.rf.96e877a9f790ebfb49ab547130b9fed5.jpg,GX010666_MP4-0149_jpg.rf.96e877a9f790ebfb49ab547130b9fed5.jpg,0.8538680523633957
C:\Users\carmonta\Desktop\data-centric-cross-season-transfer\datasets\train_on_2025_all\val\images\GX010666_MP4-0150_jpg.rf.4d440497966b2976a2c783e40b9d850a.jpg,GX010666_MP4-0150_jpg.rf.4d440497966b2976a2c783e40b9d850a.jpg,0.9264557510614395
C:\Users\carmonta\Desktop\data-centric-cross-season-transfer\datasets\train_on_2025_all\val\images\GX010666_MP4-0155_jpg.rf.256b1969f38846a9684e88939ceeace4.jpg,GX010666_MP4-0155_jpg.rf.256b1969f38846a9684e88939ceeace4.jpg,0.878808781504631
C:\Users\carmonta\Desktop\data-centric-cross-season-transfer\datasets\train_on_2025_all\val\images\GX010666_MP4-0156_jpg.rf.0e17e20b198a52cb4f51db6b3bc6a53c.jpg,GX010666_MP4-0156_jpg.rf.0e17e20b198a52cb4f51db6b3bc6a53c.jpg,0.9550860449671745
C:\Users\carmonta\Desktop\data-centric-cross-season-transfer\datasets\train_on_2025_all\val\images\GX010666_MP4-0157_jpg.rf.e7bb421fdf0c7af80746a147557794cc.jpg,GX010666_MP4-0157_jpg.rf.e7bb421fdf0c7af80746a147557794cc.jpg,0.8989505991339684
C:\Users\carmonta\Desktop\data-centric-cross-season-transfer\datasets\train_on_2025_all\val\images\GX010666_MP4-0158_jpg.rf.6edef0b1b957b68aea0d7a0a92c35db8.jpg,GX010666_MP4-0158_jpg.rf.6edef0b1b957b68aea0d7a0a92c35db8.jpg,0.4235662817955017
C:\Users\carmonta\Desktop\data-centric-cross-season-transfer\datasets\train_on_2025_all\val\images\GX010666_MP4-0160_jpg.rf.29c0cce9147c3b935da51afbf78c35c4.jpg,GX010666_MP4-0160_jpg.rf.29c0cce9147c3b935da51afbf78c35c4.jpg,0.3573775887489319
C:\Users\carmonta\Desktop\data-centric-cross-season-transfer\datasets\train_on_2025_all\val\images\GX010666_MP4-0164_jpg.rf.b84838ec6dd0c1f3ee3635948ddf888b.jpg,GX010666_MP4-0164_jpg.rf.b84838ec6dd0c1f3ee3635948ddf888b.jpg,0.3789405822753906
C:\Users\carmonta\Desktop\data-centric-cross-season-transfer\datasets\train_on_2025_all\val\images\GX010666_MP4-0166_jpg.rf.77f959386c3e205947b9fd4ab43bc953.jpg,GX010666_MP4-0166_jpg.rf.77f959386c3e205947b9fd4ab43bc953.jpg,0.8902274295687675
C:\Users\carmonta\Desktop\data-centric-cross-season-transfer\datasets\train_on_2025_all\val\images\GX010666_MP4-0171_jpg.rf.2dba5238f75cba194c34d51c6791ea50.jpg,GX010666_MP4-0171_jpg.rf.2dba5238f75cba194c34d51c6791ea50.jpg,0.6276414096355438
C:\Users\carmonta\Desktop\data-centric-cross-season-transfer\datasets\train_on_2025_all\val\images\GX010666_MP4-0174_jpg.rf.54657d26734efed91e55f3d5552cf9c0.jpg,GX010666_MP4-0174_jpg.rf.54657d26734efed91e55f3d5552cf9c0.jpg,0.7745461016893387
C:\Users\carmonta\Desktop\data-centric-cross-season-transfer\datasets\train_on_2025_all\val\images\GX010666_MP4-0176_jpg.rf.d62f481b3eb74866ba772dbbdbfd9f7e.jpg,GX010666_MP4-0176_jpg.rf.d62f481b3eb74866ba772dbbdbfd9f7e.jpg,0.29550087451934814
C:\Users\carmonta\Desktop\data-centric-cross-season-transfer\datasets\train_on_2025_all\val\images\GX010666_MP4-0179_jpg.rf.dfd6c39149dad17ffc0b36014f886e26.jpg,GX010666_MP4-0179_jpg.rf.dfd6c39149dad17ffc0b36014f886e26.jpg,0.3545258045196533
C:\Users\carmonta\Desktop\data-centric-cross-season-transfer\datasets\train_on_2025_all\val\images\GX010666_MP4-0180_jpg.rf.78ca30341432302cd3f815cacdec6610.jpg,GX010666_MP4-0180_jpg.rf.78ca30341432302cd3f815cacdec6610.jpg,0.5306695401668549
C:\Users\carmonta\Desktop\data-centric-cross-season-transfer\datasets\train_on_2025_all\val\images\GX010666_MP4-0186_jpg.rf.31e7663c062d2414f79492f77174f4f8.jpg,GX010666_MP4-0186_jpg.rf.31e7663c062d2414f79492f77174f4f8.jpg,0.7311240136623383
C:\Users\carmonta\Desktop\data-centric-cross-season-transfer\datasets\train_on_2025_all\val\images\GX010666_MP4-0189_jpg.rf.c51e70dda3da9cc4f27ada4e26178a5c.jpg,GX010666_MP4-0189_jpg.rf.c51e70dda3da9cc4f27ada4e26178a5c.jpg,0.6290493607521057
C:\Users\carmonta\Desktop\data-centric-cross-season-transfer\datasets\train_on_2025_all\val\images\GX010666_MP4-0195_jpg.rf.740b72722b57e80ba923c6c39744cf1b.jpg,GX010666_MP4-0195_jpg.rf.740b72722b57e80ba923c6c39744cf1b.jpg,0.8577781468629837
C:\Users\carmonta\Desktop\data-centric-cross-season-transfer\datasets\train_on_2025_all\val\images\GX010666_MP4-0195_jpg.rf.e993ad663996acfeed8f953407811269.jpg,GX010666_MP4-0195_jpg.rf.e993ad663996acfeed8f953407811269.jpg,0.8435996472835541
C:\Users\carmonta\Desktop\data-centric-cross-season-transfer\datasets\train_on_2025_all\val\images\GX010666_MP4-0195_jpg.rf.fe46d37526849cabda913d166ecb7ca8.jpg,GX010666_MP4-0195_jpg.rf.fe46d37526849cabda913d166ecb7ca8.jpg,0.8681820780038834
C:\Users\carmonta\Desktop\data-centric-cross-season-transfer\datasets\train_on_2025_all\val\images\GX010666_MP4-0197_jpg.rf.8f4ba82a88afd7b7fb44b2c28e57dfd6.jpg,GX010666_MP4-0197_jpg.rf.8f4ba82a88afd7b7fb44b2c28e57dfd6.jpg,0.8790082484483719
C:\Users\carmonta\Desktop\data-centric-cross-season-transfer\datasets\train_on_2025_all\val\images\GX010666_MP4-0197_jpg.rf.c7a26dc85c03543fda2a41b3498d3119.jpg,GX010666_MP4-0197_jpg.rf.c7a26dc85c03543fda2a41b3498d3119.jpg,0.8751749098300934
C:\Users\carmonta\Desktop\data-centric-cross-season-transfer\datasets\train_on_2025_all\val\images\GX010666_MP4-0198_jpg.rf.80852bfeb84ac4e5c828dd93a3d5146e.jpg,GX010666_MP4-0198_jpg.rf.80852bfeb84ac4e5c828dd93a3d5146e.jpg,0.6228379607200623
C:\Users\carmonta\Desktop\data-centric-cross-season-transfer\datasets\train_on_2025_all\val\images\GX010666_MP4-0199_jpg.rf.c02be95e05e0155b2c53e14a7dca6a7f.jpg,GX010666_MP4-0199_jpg.rf.c02be95e05e0155b2c53e14a7dca6a7f.jpg,0.6377325356006622
C:\Users\carmonta\Desktop\data-centric-cross-season-transfer\datasets\train_on_2025_all\val\images\GX010666_MP4-0201_jpg.rf.4acd5a5008a2417a774dc6600e208da8.jpg,GX010666_MP4-0201_jpg.rf.4acd5a5008a2417a774dc6600e208da8.jpg,0.4619758725166321
C:\Users\carmonta\Desktop\data-centric-cross-season-transfer\datasets\train_on_2025_all\val\images\GX010666_MP4-0205_jpg.rf.40464f1b80e8ac7fe29ddc7b58f10f97.jpg,GX010666_MP4-0205_jpg.rf.40464f1b80e8ac7fe29ddc7b58f10f97.jpg,0.6271718144416809
C:\Users\carmonta\Desktop\data-centric-cross-season-transfer\datasets\train_on_2025_all\val\images\GX010666_MP4-0207_jpg.rf.8921e5f80325e1b00a763721a3d8b11e.jpg,GX010666_MP4-0207_jpg.rf.8921e5f80325e1b00a763721a3d8b11e.jpg,0.3682142496109009
C:\Users\carmonta\Desktop\data-centric-cross-season-transfer\datasets\train_on_2025_all\val\images\GX010666_MP4-0207_jpg.rf.afdd0f8699458552c61f81b8922b3b4d.jpg,GX010666_MP4-0207_jpg.rf.afdd0f8699458552c61f81b8922b3b4d.jpg,0.36876142024993896
C:\Users\carmonta\Desktop\data-centric-cross-season-transfer\datasets\train_on_2025_all\val\images\GX010666_MP4-0208_jpg.rf.8969faa6ea46f0b400fee4df90f1673d.jpg,GX010666_MP4-0208_jpg.rf.8969faa6ea46f0b400fee4df90f1673d.jpg,0.5084219574928284
C:\Users\carmonta\Desktop\data-centric-cross-season-transfer\datasets\train_on_2025_all\val\images\GX010666_MP4-0210_jpg.rf.5547047dcde61a0e2a0ac5e51c4153ec.jpg,GX010666_MP4-0210_jpg.rf.5547047dcde61a0e2a0ac5e51c4153ec.jpg,0.5877982378005981
C:\Users\carmonta\Desktop\data-centric-cross-season-transfer\datasets\train_on_2025_all\val\images\GX010666_MP4-0213_jpg.rf.cfbe10d69e6c8ea5709ca2de5a31729a.jpg,GX010666_MP4-0213_jpg.rf.cfbe10d69e6c8ea5709ca2de5a31729a.jpg,0.5835613012313843
C:\Users\carmonta\Desktop\data-centric-cross-season-transfer\datasets\train_on_2025_all\val\images\GX010666_MP4-0214_jpg.rf.e4ff1596c3b10cdd62cbd2b981cc99f5.jpg,GX010666_MP4-0214_jpg.rf.e4ff1596c3b10cdd62cbd2b981cc99f5.jpg,0.6183815598487854
C:\Users\carmonta\Desktop\data-centric-cross-season-transfer\datasets\train_on_2025_all\val\images\GX010666_MP4-0223_jpg.rf.7c23b8601ba714e9296c6c895de15295.jpg,GX010666_MP4-0223_jpg.rf.7c23b8601ba714e9296c6c895de15295.jpg,0.19646018743515015
C:\Users\carmonta\Desktop\data-centric-cross-season-transfer\datasets\train_on_2025_all\val\images\GX010666_MP4-0223_jpg.rf.d7c54bf2e57e48b11a197876b7734c3e.jpg,GX010666_MP4-0223_jpg.rf.d7c54bf2e57e48b11a197876b7734c3e.jpg,0.1998298168182373
C:\Users\carmonta\Desktop\data-centric-cross-season-transfer\datasets\train_on_2025_all\val\images\GX010666_MP4-0224_jpg.rf.8883413aba86bbaa66521e34b09574a0.jpg,GX010666_MP4-0224_jpg.rf.8883413aba86bbaa66521e34b09574a0.jpg,0.5965362787246704
C:\Users\carmonta\Desktop\data-centric-cross-season-transfer\datasets\train_on_2025_all\val\images\GX010666_MP4-0225_jpg.rf.25cc779e7778969ebd2b9f36dbf9b061.jpg,GX010666_MP4-0225_jpg.rf.25cc779e7778969ebd2b9f36dbf9b061.jpg,0.8237720280885696
C:\Users\carmonta\Desktop\data-centric-cross-season-transfer\datasets\train_on_2025_all\val\images\GX010666_MP4-0226_jpg.rf.a25b817a88b60d64dd234311037c60e7.jpg,GX010666_MP4-0226_jpg.rf.a25b817a88b60d64dd234311037c60e7.jpg,0.3819919228553772
C:\Users\carmonta\Desktop\data-centric-cross-season-transfer\datasets\train_on_2025_all\val\images\GX010666_MP4-0229_jpg.rf.b7eb7cb0b290b8f4148606cdcdefd544.jpg,GX010666_MP4-0229_jpg.rf.b7eb7cb0b290b8f4148606cdcdefd544.jpg,0.5876820087432861
C:\Users\carmonta\Desktop\data-centric-cross-season-transfer\datasets\train_on_2025_all\val\images\GX010666_MP4-0232_jpg.rf.07b55b741bf904b558908a5192e572c7.jpg,GX010666_MP4-0232_jpg.rf.07b55b741bf904b558908a5192e572c7.jpg,0.5557156205177307
C:\Users\carmonta\Desktop\data-centric-cross-season-transfer\datasets\train_on_2025_all\val\images\GX010666_MP4-0232_jpg.rf.bf3fb42f3038b0cca4ffbd3e6fd7d63c.jpg,GX010666_MP4-0232_jpg.rf.bf3fb42f3038b0cca4ffbd3e6fd7d63c.jpg,0.4347127079963684
C:\Users\carmonta\Desktop\data-centric-cross-season-transfer\datasets\train_on_2025_all\val\images\GX010666_MP4-0233_jpg.rf.7c041f4d39881dfba32b8cf8f20a5025.jpg,GX010666_MP4-0233_jpg.rf.7c041f4d39881dfba32b8cf8f20a5025.jpg,0.3335443139076233
C:\Users\carmonta\Desktop\data-centric-cross-season-transfer\datasets\train_on_2025_all\val\images\GX010666_MP4-0234_jpg.rf.512cd6f4c812e27f7e44b0e21dfc2e13.jpg,GX010666_MP4-0234_jpg.rf.512cd6f4c812e27f7e44b0e21dfc2e13.jpg,0.40722018480300903
C:\Users\carmonta\Desktop\data-centric-cross-season-transfer\datasets\train_on_2025_all\val\images\GX010666_MP4-0238_jpg.rf.396ceae79ebd7c58dcef44b8573b1f04.jpg,GX010666_MP4-0238_jpg.rf.396ceae79ebd7c58dcef44b8573b1f04.jpg,0.44348692893981934
C:\Users\carmonta\Desktop\data-centric-cross-season-transfer\datasets\train_on_2025_all\val\images\GX010666_MP4-0239_jpg.rf.94a918d542bf392fe5b479effd8d77fc.jpg,GX010666_MP4-0239_jpg.rf.94a918d542bf392fe5b479effd8d77fc.jpg,0.7508623600006104
C:\Users\carmonta\Desktop\data-centric-cross-season-transfer\datasets\train_on_2025_all\val\images\GX010666_MP4-0239_jpg.rf.c83596d04a5f0f87bcf1a1aa1037fdbb.jpg,GX010666_MP4-0239_jpg.rf.c83596d04a5f0f87bcf1a1aa1037fdbb.jpg,0.736943930387497
C:\Users\carmonta\Desktop\data-centric-cross-season-transfer\datasets\train_on_2025_all\val\images\GX010666_MP4-0240_jpg.rf.d570fd1c3baf0fc285f0cb023a838bfb.jpg,GX010666_MP4-0240_jpg.rf.d570fd1c3baf0fc285f0cb023a838bfb.jpg,0.4937639832496643
C:\Users\carmonta\Desktop\data-centric-cross-season-transfer\datasets\train_on_2025_all\val\images\GX010666_MP4-0240_jpg.rf.db1934df6c42edc55c9f7562e7d77d86.jpg,GX010666_MP4-0240_jpg.rf.db1934df6c42edc55c9f7562e7d77d86.jpg,0.4308042526245117
C:\Users\carmonta\Desktop\data-centric-cross-season-transfer\datasets\train_on_2025_all\val\images\GX010666_MP4-0241_jpg.rf.f2c87f57841e8aff568f80765e507264.jpg,GX010666_MP4-0241_jpg.rf.f2c87f57841e8aff568f80765e507264.jpg,0.23508334159851074
C:\Users\carmonta\Desktop\data-centric-cross-season-transfer\datasets\train_on_2025_all\val\images\GX010666_MP4-0244_jpg.rf.c443041ed0911d8e6d5997af10a601f6.jpg,GX010666_MP4-0244_jpg.rf.c443041ed0911d8e6d5997af10a601f6.jpg,0.39939695596694946
C:\Users\carmonta\Desktop\data-centric-cross-season-transfer\datasets\train_on_2025_all\val\images\GX010666_MP4-0246_jpg.rf.5f244233e392480ab71194ad5a73cd37.jpg,GX010666_MP4-0246_jpg.rf.5f244233e392480ab71194ad5a73cd37.jpg,0.23783910274505615
C:\Users\carmonta\Desktop\data-centric-cross-season-transfer\datasets\train_on_2025_all\val\images\GX010666_MP4-0246_jpg.rf.606d6e0e881f2bc93c3a30d7813e9a96.jpg,GX010666_MP4-0246_jpg.rf.606d6e0e881f2bc93c3a30d7813e9a96.jpg,0.23883140087127686
C:\Users\carmonta\Desktop\data-centric-cross-season-transfer\datasets\train_on_2025_all\val\images\GX010666_MP4-0248_jpg.rf.bf4c2f201c8bdc6938514b95a8852a39.jpg,GX010666_MP4-0248_jpg.rf.bf4c2f201c8bdc6938514b95a8852a39.jpg,0.38593441247940063
C:\Users\carmonta\Desktop\data-centric-cross-season-transfer\datasets\train_on_2025_all\val\images\GX010666_MP4-0252_jpg.rf.f6740dece7b3f67bbe051605f3c1dee1.jpg,GX010666_MP4-0252_jpg.rf.f6740dece7b3f67bbe051605f3c1dee1.jpg,0.50916588306427
C:\Users\carmonta\Desktop\data-centric-cross-season-transfer\datasets\train_on_2025_all\val\images\GX010666_MP4-0253_jpg.rf.2e67648967847eedce0eb9a109e8b624.jpg,GX010666_MP4-0253_jpg.rf.2e67648967847eedce0eb9a109e8b624.jpg,0.18702811002731323
C:\Users\carmonta\Desktop\data-centric-cross-season-transfer\datasets\train_on_2025_all\val\images\GX010666_MP4-0255_jpg.rf.ec0bf8a7a8212981ecfed1ce5e70d57e.jpg,GX010666_MP4-0255_jpg.rf.ec0bf8a7a8212981ecfed1ce5e70d57e.jpg,0.5352779626846313
C:\Users\carmonta\Desktop\data-centric-cross-season-transfer\datasets\train_on_2025_all\val\images\GX010666_MP4-0255_jpg.rf.fc7453263367406d66dd73428343cac6.jpg,GX010666_MP4-0255_jpg.rf.fc7453263367406d66dd73428343cac6.jpg,0.48901301622390747
C:\Users\carmonta\Desktop\data-centric-cross-season-transfer\datasets\train_on_2025_all\val\images\GX010666_MP4-0257_jpg.rf.6287f0226bf082fbee4a6e51b41d175a.jpg,GX010666_MP4-0257_jpg.rf.6287f0226bf082fbee4a6e51b41d175a.jpg,0.7695252001285553
C:\Users\carmonta\Desktop\data-centric-cross-season-transfer\datasets\train_on_2025_all\val\images\GX010666_MP4-0260_jpg.rf.c20bae429f4e851dca8ec3a235c0640b.jpg,GX010666_MP4-0260_jpg.rf.c20bae429f4e851dca8ec3a235c0640b.jpg,0.7197052836418152
C:\Users\carmonta\Desktop\data-centric-cross-season-transfer\datasets\train_on_2025_all\val\images\GX010666_MP4-0260_jpg.rf.e8047d7182a21b9b0280ab17f9861932.jpg,GX010666_MP4-0260_jpg.rf.e8047d7182a21b9b0280ab17f9861932.jpg,0.7217800319194794
C:\Users\carmonta\Desktop\data-centric-cross-season-transfer\datasets\train_on_2025_all\val\images\GX010666_MP4-0263_jpg.rf.214f4cbcb626116ca34c0d49d6452224.jpg,GX010666_MP4-0263_jpg.rf.214f4cbcb626116ca34c0d49d6452224.jpg,0.37944746017456055
C:\Users\carmonta\Desktop\data-centric-cross-season-transfer\datasets\train_on_2025_all\val\images\GX010666_MP4-0263_jpg.rf.9e58a5e1a95279fe77c09fea88486d0d.jpg,GX010666_MP4-0263_jpg.rf.9e58a5e1a95279fe77c09fea88486d0d.jpg,0.3670552372932434
C:\Users\carmonta\Desktop\data-centric-cross-season-transfer\datasets\train_on_2025_all\val\images\GX010666_MP4-0264_jpg.rf.034ca996289d04ec60b985cbd84548de.jpg,GX010666_MP4-0264_jpg.rf.034ca996289d04ec60b985cbd84548de.jpg,0.8516729176044464
C:\Users\carmonta\Desktop\data-centric-cross-season-transfer\datasets\train_on_2025_all\val\images\GX010666_MP4-0265_jpg.rf.f62b6c1dffe95746bd9e358f1d767d75.jpg,GX010666_MP4-0265_jpg.rf.f62b6c1dffe95746bd9e358f1d767d75.jpg,0.8241099417209625
C:\Users\carmonta\Desktop\data-centric-cross-season-transfer\datasets\train_on_2025_all\val\images\GX010666_MP4-0267_jpg.rf.2c23fadd156f8b781cbf893340f4c6f5.jpg,GX010666_MP4-0267_jpg.rf.2c23fadd156f8b781cbf893340f4c6f5.jpg,0.1446526050567627
C:\Users\carmonta\Desktop\data-centric-cross-season-transfer\datasets\train_on_2025_all\val\images\GX010666_MP4-0268_jpg.rf.f283bddb7dd5be2858a4530a101edc16.jpg,GX010666_MP4-0268_jpg.rf.f283bddb7dd5be2858a4530a101edc16.jpg,0.32884806394577026
C:\Users\carmonta\Desktop\data-centric-cross-season-transfer\datasets\train_on_2025_all\val\images\GX010666_MP4-0271_jpg.rf.70c12deb202d2c1d1797c54161da3d64.jpg,GX010666_MP4-0271_jpg.rf.70c12deb202d2c1d1797c54161da3d64.jpg,0.720804363489151
C:\Users\carmonta\Desktop\data-centric-cross-season-transfer\datasets\train_on_2025_all\val\images\GX010666_MP4-0272_jpg.rf.74eeefbf52ebc445ee3c6d961811c765.jpg,GX010666_MP4-0272_jpg.rf.74eeefbf52ebc445ee3c6d961811c765.jpg,0.45235276222229004
C:\Users\carmonta\Desktop\data-centric-cross-season-transfer\datasets\train_on_2025_all\val\images\GX010666_MP4-0272_jpg.rf.8310915e2af578ea96afa408fd160703.jpg,GX010666_MP4-0272_jpg.rf.8310915e2af578ea96afa408fd160703.jpg,0.45235276222229004
C:\Users\carmonta\Desktop\data-centric-cross-season-transfer\datasets\train_on_2025_all\val\images\GX010666_MP4-0282_jpg.rf.bea18040b1063c0fc8b0f8f5a1809326.jpg,GX010666_MP4-0282_jpg.rf.bea18040b1063c0fc8b0f8f5a1809326.jpg,0.9918966982513666
C:\Users\carmonta\Desktop\data-centric-cross-season-transfer\datasets\train_on_2025_all\val\images\GX010666_MP4-0286_jpg.rf.d6b51e33b9b2acd59eb8f671d1a0f4b5.jpg,GX010666_MP4-0286_jpg.rf.d6b51e33b9b2acd59eb8f671d1a0f4b5.jpg,0.6473986208438873
C:\Users\carmonta\Desktop\data-centric-cross-season-transfer\datasets\train_on_2025_all\val\images\GX010666_MP4-0288_jpg.rf.5c3ef0fd81199c48ba0da9e52bdf1e6b.jpg,GX010666_MP4-0288_jpg.rf.5c3ef0fd81199c48ba0da9e52bdf1e6b.jpg,0.5615966618061066
C:\Users\carmonta\Desktop\data-centric-cross-season-transfer\datasets\train_on_2025_all\val\images\GX010666_MP4-0288_jpg.rf.5d019b029d29c5b3986ff017a84a5c95.jpg,GX010666_MP4-0288_jpg.rf.5d019b029d29c5b3986ff017a84a5c95.jpg,0.5558942258358002
C:\Users\carmonta\Desktop\data-centric-cross-season-transfer\datasets\train_on_2025_all\val\images\GX010666_MP4-0289_jpg.rf.0e84b5c98c056cce5850848a4bafc38a.jpg,GX010666_MP4-0289_jpg.rf.0e84b5c98c056cce5850848a4bafc38a.jpg,0.7860760241746902
C:\Users\carmonta\Desktop\data-centric-cross-season-transfer\datasets\train_on_2025_all\val\images\GX010666_MP4-0289_jpg.rf.c17c74f00c207e02c51cb4da6f45de6a.jpg,GX010666_MP4-0289_jpg.rf.c17c74f00c207e02c51cb4da6f45de6a.jpg,0.7900964468717575
C:\Users\carmonta\Desktop\data-centric-cross-season-transfer\datasets\train_on_2025_all\val\images\GX010666_MP4-0296_jpg.rf.05a9eba60e05444a01358dec605b91f3.jpg,GX010666_MP4-0296_jpg.rf.05a9eba60e05444a01358dec605b91f3.jpg,0.6179973483085632
C:\Users\carmonta\Desktop\data-centric-cross-season-transfer\datasets\train_on_2025_all\val\images\GX010666_MP4-0296_jpg.rf.e7050c79f02d1db16b416ad3e37c32e8.jpg,GX010666_MP4-0296_jpg.rf.e7050c79f02d1db16b416ad3e37c32e8.jpg,0.6232797503471375
C:\Users\carmonta\Desktop\data-centric-cross-season-transfer\datasets\train_on_2025_all\val\images\GX010666_MP4-0298_jpg.rf.74220b730d27a8600ee515215f338a79.jpg,GX010666_MP4-0298_jpg.rf.74220b730d27a8600ee515215f338a79.jpg,0.5184003710746765
C:\Users\carmonta\Desktop\data-centric-cross-season-transfer\datasets\train_on_2025_all\val\images\GX010666_MP4-0299_jpg.rf.bd13c8a01d852359623531401625f1ca.jpg,GX010666_MP4-0299_jpg.rf.bd13c8a01d852359623531401625f1ca.jpg,0.7709985226392746
C:\Users\carmonta\Desktop\data-centric-cross-season-transfer\datasets\train_on_2025_all\val\images\GX010666_MP4-0299_jpg.rf.e6a5f7569d3f69014ef7bcf201979f7d.jpg,GX010666_MP4-0299_jpg.rf.e6a5f7569d3f69014ef7bcf201979f7d.jpg,0.7376803159713745
C:\Users\carmonta\Desktop\data-centric-cross-season-transfer\datasets\train_on_2025_all\val\images\GX010666_MP4-0300_jpg.rf.cceaba67c1f209e9dc30a63cfba41765.jpg,GX010666_MP4-0300_jpg.rf.cceaba67c1f209e9dc30a63cfba41765.jpg,0.5247690677642822
C:\Users\carmonta\Desktop\data-centric-cross-season-transfer\datasets\train_on_2025_all\val\images\GX010666_MP4-0301_jpg.rf.65ba8183e454ae6c47a2e070489f4439.jpg,GX010666_MP4-0301_jpg.rf.65ba8183e454ae6c47a2e070489f4439.jpg,0.5664026141166687
C:\Users\carmonta\Desktop\data-centric-cross-season-transfer\datasets\train_on_2025_all\val\images\GX010666_MP4-0301_jpg.rf.dafefbdba219019bf0d0b2f1b86b4038.jpg,GX010666_MP4-0301_jpg.rf.dafefbdba219019bf0d0b2f1b86b4038.jpg,0.539677619934082
C:\Users\carmonta\Desktop\data-centric-cross-season-transfer\datasets\train_on_2025_all\val\images\GX010666_MP4-0302_jpg.rf.89d7d8b1be794b2c712f8a3b90d1309f.jpg,GX010666_MP4-0302_jpg.rf.89d7d8b1be794b2c712f8a3b90d1309f.jpg,0.4671946167945862
C:\Users\carmonta\Desktop\data-centric-cross-season-transfer\datasets\train_on_2025_all\val\images\GX010666_MP4-0304_jpg.rf.b4b9e06bd78ceca4e17a366087f0513e.jpg,GX010666_MP4-0304_jpg.rf.b4b9e06bd78ceca4e17a366087f0513e.jpg,0.14953339099884033
C:\Users\carmonta\Desktop\data-centric-cross-season-transfer\datasets\train_on_2025_all\val\images\GX010666_MP4-0305_jpg.rf.07664b4d6bb1bd5b0dfb7de4557cca74.jpg,GX010666_MP4-0305_jpg.rf.07664b4d6bb1bd5b0dfb7de4557cca74.jpg,0.22020584344863892
C:\Users\carmonta\Desktop\data-centric-cross-season-transfer\datasets\train_on_2025_all\val\images\GX010666_MP4-0311_jpg.rf.d677f52984eed8e775de67777d08fb7f.jpg,GX010666_MP4-0311_jpg.rf.d677f52984eed8e775de67777d08fb7f.jpg,0.7335880100727081
C:\Users\carmonta\Desktop\data-centric-cross-season-transfer\datasets\train_on_2025_all\val\images\GX010666_MP4-0320_jpg.rf.d893909b7d6c816c69e6dd0fd1952930.jpg,GX010666_MP4-0320_jpg.rf.d893909b7d6c816c69e6dd0fd1952930.jpg,0.7145410776138306
C:\Users\carmonta\Desktop\data-centric-cross-season-transfer\datasets\train_on_2025_all\val\images\GX010666_MP4-0334_jpg.rf.2d4c3e65ae90c057c51d39ee30a9c025.jpg,GX010666_MP4-0334_jpg.rf.2d4c3e65ae90c057c51d39ee30a9c025.jpg,0.6162744164466858
C:\Users\carmonta\Desktop\data-centric-cross-season-transfer\datasets\train_on_2025_all\val\images\GX010666_MP4-0334_jpg.rf.b7776ac19199ff9624143af0629407ce.jpg,GX010666_MP4-0334_jpg.rf.b7776ac19199ff9624143af0629407ce.jpg,0.6442494690418243
C:\Users\carmonta\Desktop\data-centric-cross-season-transfer\datasets\train_on_2025_all\val\images\GX010666_MP4-0335_jpg.rf.6cc1cae6519a45454a439a2b5e3db98b.jpg,GX010666_MP4-0335_jpg.rf.6cc1cae6519a45454a439a2b5e3db98b.jpg,0.5105372667312622
C:\Users\carmonta\Desktop\data-centric-cross-season-transfer\datasets\train_on_2025_all\val\images\GX010666_MP4-0336_jpg.rf.dc159427b31a5e035be9fa755481205c.jpg,GX010666_MP4-0336_jpg.rf.dc159427b31a5e035be9fa755481205c.jpg,0.43521755933761597
C:\Users\carmonta\Desktop\data-centric-cross-season-transfer\datasets\train_on_2025_all\val\images\GX010666_MP4-0337_jpg.rf.35fd43e049dd6854c92995b6921b1ccc.jpg,GX010666_MP4-0337_jpg.rf.35fd43e049dd6854c92995b6921b1ccc.jpg,0.4335715174674988
C:\Users\carmonta\Desktop\data-centric-cross-season-transfer\datasets\train_on_2025_all\val\images\GX010666_MP4-0338_jpg.rf.46d5db726d9acc1231c36beba7dd2ec1.jpg,GX010666_MP4-0338_jpg.rf.46d5db726d9acc1231c36beba7dd2ec1.jpg,0.28766947984695435
C:\Users\carmonta\Desktop\data-centric-cross-season-transfer\datasets\train_on_2025_all\val\images\GX010666_MP4-0339_jpg.rf.046507704d096d76dcf8cab009bbec2a.jpg,GX010666_MP4-0339_jpg.rf.046507704d096d76dcf8cab009bbec2a.jpg,0.31969398260116577
C:\Users\carmonta\Desktop\data-centric-cross-season-transfer\datasets\train_on_2025_all\val\images\GX010666_MP4-0339_jpg.rf.3eb56619ce1ee7a9fb922c2ed38f9af5.jpg,GX010666_MP4-0339_jpg.rf.3eb56619ce1ee7a9fb922c2ed38f9af5.jpg,0.31771016120910645
C:\Users\carmonta\Desktop\data-centric-cross-season-transfer\datasets\train_on_2025_all\val\images\GX010666_MP4-0339_jpg.rf.a2492f0d39928a079bb676992db81e9e.jpg,GX010666_MP4-0339_jpg.rf.a2492f0d39928a079bb676992db81e9e.jpg,0.31720292568206787
C:\Users\carmonta\Desktop\data-centric-cross-season-transfer\datasets\train_on_2025_all\val\images\GX010666_MP4-0340_jpg.rf.3a301476351f5892f345a294af81daf2.jpg,GX010666_MP4-0340_jpg.rf.3a301476351f5892f345a294af81daf2.jpg,0.22796952724456787
C:\Users\carmonta\Desktop\data-centric-cross-season-transfer\datasets\train_on_2025_all\val\images\GX010666_MP4-0340_jpg.rf.92e898d4d57ad41c22383fd60f123f99.jpg,GX010666_MP4-0340_jpg.rf.92e898d4d57ad41c22383fd60f123f99.jpg,0.22750580310821533
C:\Users\carmonta\Desktop\data-centric-cross-season-transfer\datasets\train_on_2025_all\val\images\GX010666_MP4-0342_jpg.rf.307ab7360849f3a6f1bedc7704393376.jpg,GX010666_MP4-0342_jpg.rf.307ab7360849f3a6f1bedc7704393376.jpg,0.316214382648468
C:\Users\carmonta\Desktop\data-centric-cross-season-transfer\datasets\train_on_2025_all\val\images\GX010666_MP4-0342_jpg.rf.aec8a183e0362ed8f788356823fc2520.jpg,GX010666_MP4-0342_jpg.rf.aec8a183e0362ed8f788356823fc2520.jpg,0.4139525294303894
C:\Users\carmonta\Desktop\data-centric-cross-season-transfer\datasets\train_on_2025_all\val\images\GX010666_MP4-0343_jpg.rf.627ce48e8c29330a85285aff925433e7.jpg,GX010666_MP4-0343_jpg.rf.627ce48e8c29330a85285aff925433e7.jpg,0.35164421796798706
C:\Users\carmonta\Desktop\data-centric-cross-season-transfer\datasets\train_on_2025_all\val\images\GX010667_MP4-0010_jpg.rf.35108ac5d2e9899bfc12b3834860925a.jpg,GX010667_MP4-0010_jpg.rf.35108ac5d2e9899bfc12b3834860925a.jpg,0.6946938931941986
C:\Users\carmonta\Desktop\data-centric-cross-season-transfer\datasets\train_on_2025_all\val\images\GX010667_MP4-0012_jpg.rf.cf6ecf450d1077abe92b5d796e2c7499.jpg,GX010667_MP4-0012_jpg.rf.cf6ecf450d1077abe92b5d796e2c7499.jpg,0.5292453169822693
C:\Users\carmonta\Desktop\data-centric-cross-season-transfer\datasets\train_on_2025_all\val\images\GX010667_MP4-0013_jpg.rf.7475ce99cc745c4d9e8a232533d5bbbf.jpg,GX010667_MP4-0013_jpg.rf.7475ce99cc745c4d9e8a232533d5bbbf.jpg,0.5912871062755585
C:\Users\carmonta\Desktop\data-centric-cross-season-transfer\datasets\train_on_2025_all\val\images\GX010667_MP4-0017_jpg.rf.838403099898006b70c33663e0660e01.jpg,GX010667_MP4-0017_jpg.rf.838403099898006b70c33663e0660e01.jpg,0.849387064576149
C:\Users\carmonta\Desktop\data-centric-cross-season-transfer\datasets\train_on_2025_all\val\images\GX010667_MP4-0018_jpg.rf.d11c1a236a2d998ecb1e5d6282e64058.jpg,GX010667_MP4-0018_jpg.rf.d11c1a236a2d998ecb1e5d6282e64058.jpg,0.8652411550283432
C:\Users\carmonta\Desktop\data-centric-cross-season-transfer\datasets\train_on_2025_all\val\images\GX010667_MP4-0020_jpg.rf.8188ca9e34801e0c8a4c895c56001c6b.jpg,GX010667_MP4-0020_jpg.rf.8188ca9e34801e0c8a4c895c56001c6b.jpg,0.934357114136219
C:\Users\carmonta\Desktop\data-centric-cross-season-transfer\datasets\train_on_2025_all\val\images\GX010667_MP4-0021_jpg.rf.94ee7ecc0e2163980c97907fabd43619.jpg,GX010667_MP4-0021_jpg.rf.94ee7ecc0e2163980c97907fabd43619.jpg,0.9203006476163864
C:\Users\carmonta\Desktop\data-centric-cross-season-transfer\datasets\train_on_2025_all\val\images\GX010667_MP4-0022_jpg.rf.af81ca00d654f5c694d1b62d10725715.jpg,GX010667_MP4-0022_jpg.rf.af81ca00d654f5c694d1b62d10725715.jpg,0.7981411218643188
C:\Users\carmonta\Desktop\data-centric-cross-season-transfer\datasets\train_on_2025_all\val\images\GX010667_MP4-0022_jpg.rf.b35bc0cb241ca9b69a134caf2bc84103.jpg,GX010667_MP4-0022_jpg.rf.b35bc0cb241ca9b69a134caf2bc84103.jpg,0.8193017542362213
C:\Users\carmonta\Desktop\data-centric-cross-season-transfer\datasets\train_on_2025_all\val\images\GX010667_MP4-0023_jpg.rf.a2fddb04c496c29453a953630637ad31.jpg,GX010667_MP4-0023_jpg.rf.a2fddb04c496c29453a953630637ad31.jpg,0.6400542557239532
C:\Users\carmonta\Desktop\data-centric-cross-season-transfer\datasets\train_on_2025_all\val\images\GX010667_MP4-0023_jpg.rf.e2b897c50463395e04a98a0c8799a02c.jpg,GX010667_MP4-0023_jpg.rf.e2b897c50463395e04a98a0c8799a02c.jpg,0.6322459280490875
C:\Users\carmonta\Desktop\data-centric-cross-season-transfer\datasets\train_on_2025_all\val\images\GX010667_MP4-0024_jpg.rf.7b82f542ef2b9a0e42a7af153d2af26f.jpg,GX010667_MP4-0024_jpg.rf.7b82f542ef2b9a0e42a7af153d2af26f.jpg,0.5825791656970978
C:\Users\carmonta\Desktop\data-centric-cross-season-transfer\datasets\train_on_2025_all\val\images\GX010667_MP4-0029_jpg.rf.e46c9bbc61b31d1cb38a15a1d0ece1b1.jpg,GX010667_MP4-0029_jpg.rf.e46c9bbc61b31d1cb38a15a1d0ece1b1.jpg,0.8638769239187241
C:\Users\carmonta\Desktop\data-centric-cross-season-transfer\datasets\train_on_2025_all\val\images\GX010667_MP4-0032_jpg.rf.5d3b71b6d3c8a243ebdec6d3b53e3638.jpg,GX010667_MP4-0032_jpg.rf.5d3b71b6d3c8a243ebdec6d3b53e3638.jpg,0.8168022036552429
C:\Users\carmonta\Desktop\data-centric-cross-season-transfer\datasets\train_on_2025_all\val\images\GX010667_MP4-0034_jpg.rf.bf9e38ea072f8aaeaa54948f15e9394e.jpg,GX010667_MP4-0034_jpg.rf.bf9e38ea072f8aaeaa54948f15e9394e.jpg,0.7071624994277954
C:\Users\carmonta\Desktop\data-centric-cross-season-transfer\datasets\train_on_2025_all\val\images\GX010667_MP4-0034_jpg.rf.c23e39750c9c5b2eaf67de12ef9183cd.jpg,GX010667_MP4-0034_jpg.rf.c23e39750c9c5b2eaf67de12ef9183cd.jpg,0.7077747285366058
C:\Users\carmonta\Desktop\data-centric-cross-season-transfer\datasets\train_on_2025_all\val\images\GX010667_MP4-0035_jpg.rf.3aa452c0839ec541b26da4f2099e24b1.jpg,GX010667_MP4-0035_jpg.rf.3aa452c0839ec541b26da4f2099e24b1.jpg,0.798124298453331
C:\Users\carmonta\Desktop\data-centric-cross-season-transfer\datasets\train_on_2025_all\val\images\GX010667_MP4-0036_jpg.rf.d3f607829b588e71aefe13e9983d415e.jpg,GX010667_MP4-0036_jpg.rf.d3f607829b588e71aefe13e9983d415e.jpg,0.6342843472957611
C:\Users\carmonta\Desktop\data-centric-cross-season-transfer\datasets\train_on_2025_all\val\images\GX010667_MP4-0042_jpg.rf.5f3f446986fd04aab6da301cd12141b5.jpg,GX010667_MP4-0042_jpg.rf.5f3f446986fd04aab6da301cd12141b5.jpg,0.4357566833496094
C:\Users\carmonta\Desktop\data-centric-cross-season-transfer\datasets\train_on_2025_all\val\images\GX010668_MP4-0010_jpg.rf.97b2853c602e0625994456d7d54236c8.jpg,GX010668_MP4-0010_jpg.rf.97b2853c602e0625994456d7d54236c8.jpg,0.9513895250856876
C:\Users\carmonta\Desktop\data-centric-cross-season-transfer\datasets\train_on_2025_all\val\images\GX010668_MP4-0010_jpg.rf.db72f1de4c57e31914b71840ef2a7b91.jpg,GX010668_MP4-0010_jpg.rf.db72f1de4c57e31914b71840ef2a7b91.jpg,0.9443873800337315
C:\Users\carmonta\Desktop\data-centric-cross-season-transfer\datasets\train_on_2025_all\val\images\GX010668_MP4-0020_jpg.rf.9f196f99a583ccdb57803aef353582cc.jpg,GX010668_MP4-0020_jpg.rf.9f196f99a583ccdb57803aef353582cc.jpg,0.6646310389041901
C:\Users\carmonta\Desktop\data-centric-cross-season-transfer\datasets\train_on_2025_all\val\images\GX010668_MP4-0022_jpg.rf.8368f4392f3f94f0b5b8b85f0523f79b.jpg,GX010668_MP4-0022_jpg.rf.8368f4392f3f94f0b5b8b85f0523f79b.jpg,0.7770469933748245
C:\Users\carmonta\Desktop\data-centric-cross-season-transfer\datasets\train_on_2025_all\val\images\GX010668_MP4-0027_jpg.rf.c07a97e29f9613f888b1ab3bd09592de.jpg,GX010668_MP4-0027_jpg.rf.c07a97e29f9613f888b1ab3bd09592de.jpg,0.739136278629303
C:\Users\carmonta\Desktop\data-centric-cross-season-transfer\datasets\train_on_2025_all\val\images\GX010668_MP4-0028_jpg.rf.f222e2189e44e6fe32d5fcf7b5e43020.jpg,GX010668_MP4-0028_jpg.rf.f222e2189e44e6fe32d5fcf7b5e43020.jpg,0.8881981447339058
C:\Users\carmonta\Desktop\data-centric-cross-season-transfer\datasets\train_on_2025_all\val\images\GX010668_MP4-0029_jpg.rf.4728abd43add36006570c09f0133d905.jpg,GX010668_MP4-0029_jpg.rf.4728abd43add36006570c09f0133d905.jpg,0.7252761423587799
C:\Users\carmonta\Desktop\data-centric-cross-season-transfer\datasets\train_on_2025_all\val\images\GX010668_MP4-0030_jpg.rf.5f98f7652d313ce2a95eafa2a87484ea.jpg,GX010668_MP4-0030_jpg.rf.5f98f7652d313ce2a95eafa2a87484ea.jpg,0.7996488064527512
C:\Users\carmonta\Desktop\data-centric-cross-season-transfer\datasets\train_on_2025_all\val\images\GX010668_MP4-0030_jpg.rf.e1ea2f046a074e01865a7f5acbea0848.jpg,GX010668_MP4-0030_jpg.rf.e1ea2f046a074e01865a7f5acbea0848.jpg,0.8082924336194992
C:\Users\carmonta\Desktop\data-centric-cross-season-transfer\datasets\train_on_2025_all\val\images\GX010668_MP4-0033_jpg.rf.3de338abf109b12b335c94b15e626587.jpg,GX010668_MP4-0033_jpg.rf.3de338abf109b12b335c94b15e626587.jpg,0.4521045684814453
C:\Users\carmonta\Desktop\data-centric-cross-season-transfer\datasets\train_on_2025_all\val\images\GX010668_MP4-0034_jpg.rf.f22267ef6b3c8c34a3efe9013da01e58.jpg,GX010668_MP4-0034_jpg.rf.f22267ef6b3c8c34a3efe9013da01e58.jpg,0.32318371534347534
C:\Users\carmonta\Desktop\data-centric-cross-season-transfer\datasets\train_on_2025_all\val\images\GX010668_MP4-0036_jpg.rf.f1eff10fd8b245b2d80c3c5be4a928cf.jpg,GX010668_MP4-0036_jpg.rf.f1eff10fd8b245b2d80c3c5be4a928cf.jpg,0.7495142817497253
C:\Users\carmonta\Desktop\data-centric-cross-season-transfer\datasets\train_on_2025_all\val\images\GX010668_MP4-0041_jpg.rf.24dd47538ac5926a707f3fe018e3c60b.jpg,GX010668_MP4-0041_jpg.rf.24dd47538ac5926a707f3fe018e3c60b.jpg,0.9091753736138344
C:\Users\carmonta\Desktop\data-centric-cross-season-transfer\datasets\train_on_2025_all\val\images\GX010668_MP4-0042_jpg.rf.fbd9b217217c29f5dc2bb1911a1f64c2.jpg,GX010668_MP4-0042_jpg.rf.fbd9b217217c29f5dc2bb1911a1f64c2.jpg,0.6620576679706573
C:\Users\carmonta\Desktop\data-centric-cross-season-transfer\datasets\train_on_2025_all\val\images\GX010668_MP4-0044_jpg.rf.62eff0ff53ea166dd6e268a427b40a9d.jpg,GX010668_MP4-0044_jpg.rf.62eff0ff53ea166dd6e268a427b40a9d.jpg,0.8184681534767151
C:\Users\carmonta\Desktop\data-centric-cross-season-transfer\datasets\train_on_2025_all\val\images\GX010668_MP4-0046_jpg.rf.b0d1b3e7fa8ae93f9dc5307911be5eb1.jpg,GX010668_MP4-0046_jpg.rf.b0d1b3e7fa8ae93f9dc5307911be5eb1.jpg,0.7101000547409058
C:\Users\carmonta\Desktop\data-centric-cross-season-transfer\datasets\train_on_2025_all\val\images\GX010668_MP4-0048_jpg.rf.4d83ad28048489ed983b46a179cf19a0.jpg,GX010668_MP4-0048_jpg.rf.4d83ad28048489ed983b46a179cf19a0.jpg,0.7895209789276123
C:\Users\carmonta\Desktop\data-centric-cross-season-transfer\datasets\train_on_2025_all\val\images\GX010668_MP4-0051_jpg.rf.1093c2416a6da9c9d803a6a59cefe382.jpg,GX010668_MP4-0051_jpg.rf.1093c2416a6da9c9d803a6a59cefe382.jpg,0.8239108622074127
C:\Users\carmonta\Desktop\data-centric-cross-season-transfer\datasets\train_on_2025_all\val\images\GX010668_MP4-0051_jpg.rf.abb035482a22e8afa71a04e04f3121d3.jpg,GX010668_MP4-0051_jpg.rf.abb035482a22e8afa71a04e04f3121d3.jpg,0.7783717513084412
C:\Users\carmonta\Desktop\data-centric-cross-season-transfer\datasets\train_on_2025_all\val\images\GX010668_MP4-0051_jpg.rf.f473773a9346d5ce61a027f98ffa3bfd.jpg,GX010668_MP4-0051_jpg.rf.f473773a9346d5ce61a027f98ffa3bfd.jpg,0.7680799812078476
C:\Users\carmonta\Desktop\data-centric-cross-season-transfer\datasets\train_on_2025_all\val\images\GX010668_MP4-0052_jpg.rf.c05ae13ee6099d1b56d04ec0095c7d1d.jpg,GX010668_MP4-0052_jpg.rf.c05ae13ee6099d1b56d04ec0095c7d1d.jpg,0.795836478471756
C:\Users\carmonta\Desktop\data-centric-cross-season-transfer\datasets\train_on_2025_all\val\images\GX010668_MP4-0055_jpg.rf.cb5bc2ad064c6ff2da627700a01f39af.jpg,GX010668_MP4-0055_jpg.rf.cb5bc2ad064c6ff2da627700a01f39af.jpg,0.6741916835308075
