image_path,season,pond
datasets/train_on_2025_all\images\GX010664_MP4-0026_jpg.rf.013f1bb913aa7cce8f44eec370687d3a.jpg,2025,mixed
datasets/train_on_2025_all\images\GX010664_MP4-0027_jpg.rf.724cfb36346fcec21e99e36b8e08f511.jpg,2025,mixed
datasets/train_on_2025_all\images\GX010664_MP4-0030_jpg.rf.a733f05673dcad4dfab7c2a9b0428653.jpg,2025,mixed
datasets/train_on_2025_all\images\GX010664_MP4-0031_jpg.rf.21e6b88640c8788c9ae311e51c217a93.jpg,2025,mixed
datasets/train_on_2025_all\images\GX010664_MP4-0032_jpg.rf.7b9ec0120ab540a3705d364f8916fc1c.jpg,2025,mixed
datasets/train_on_2025_all\images\GX010664_MP4-0032_jpg.rf.a8877cdfee4c798fbe588a0db2605316.jpg,2025,mixed
datasets/train_on_2025_all\images\GX010664_MP4-0032_jpg.rf.d0856926542c08aade4ff77cddeb1779.jpg,2025,mixed
datasets/train_on_2025_all\images\GX010664_MP4-0034_jpg.rf.b199566f7a68c7b1220f0a4d15267da1.jpg,2025,mixed
datasets/train_on_2025_all\images\GX010664_MP4-0034_jpg.rf.ebb32df3d1a98c87b4f45c11c2ab3fbe.jpg,2025,mixed
datasets/train_on_2025_all\images\GX010664_MP4-0035_jpg.rf.166cde941faed3eb6cb14e50c487f0ff.jpg,2025,mixed
datasets/train_on_2025_all\images\GX010664_MP4-0036_jpg.rf.42895edccd77df9923e4c17e5a62bdf0.jpg,2025,mixed
datasets/train_on_2025_all\images\GX010664_MP4-0036_jpg.rf.4c139aec080705f321ecbe015224814b.jpg,2025,mixed
datasets/train_on_2025_all\images\GX010664_MP4-0037_jpg.rf.83bdfea8ef24d8cd9aa86aa7ac828ca8.jpg,2025,mixed
datasets/train_on_2025_all\images\GX010664_MP4-0038_jpg.rf.947f69b61906f0f63df04c2183a91934.jpg,2025,mixed
datasets/train_on_2025_all\images\GX010664_MP4-0039_jpg.rf.2db375ea0ec389c5d644ea589d848ed5.jpg,2025,mixed
datasets/train_on_2025_all\images\GX010664_MP4-0040_jpg.rf.eb3abc53941098561893bb700ee284e5.jpg,2025,mixed
datasets/train_on_2025_all\images\GX010664_MP4-0042_jpg.rf.f09255da3a3b30cdc97af4d351d92666.jpg,2025,mixed
datasets/train_on_2025_all\images\GX010664_MP4-0043_jpg.rf.9b3a06a280ba259fb528212d40bae4b0.jpg,2025,mixed
datasets/train_on_2025_all\images\GX010664_MP4-0043_jpg.rf.ba2ab4ef9dcc13fc74001d093a672cf0.jpg,2025,mixed
datasets/train_on_2025_all\images\GX010664_MP4-0044_jpg.rf.7db7507c6aa587440d07f58deb9390bd.jpg,2025,mixed
datasets/train_on_2025_all\images\GX010664_MP4-0044_jpg.rf.838e1bd5c617331fd9adee0c981975f6.jpg,2025,mixed
datasets/train_on_2025_all\images\GX010664_MP4-0045_jpg.rf.c8d739d56ac4a183c4486d25701b5e9c.jpg,2025,mixed
datasets/train_on_2025_all\images\GX010664_MP4-0045_jpg.rf.cd33e62a2e326f1e8d88c02b3cebab12.jpg,2025,mixed
datasets/train_on_2025_all\images\GX010664_MP4-0046_jpg.rf.525af9e46a3a8dded556d3bd8e868a12.jpg,2025,mixed
datasets/train_on_2025_all\images\GX010664_MP4-0046_jpg.rf.928ba1555bfc55fb4355874ffd9bcede.jpg,2025,mixed
datasets/train_on_2025_all\images\GX010664_MP4-0048_jpg.rf.2a89c3cf9bc3161369d8248490b31ceb.jpg,2025,mixed
datasets/train_on_2025_all\images\GX010664_MP4-0048_jpg.rf.b2d6d85b710b934adf2da8b2a5cd5ade.jpg,2025,mixed
datasets/train_on_2025_all\images\GX010664_MP4-0051_jpg.rf.3bd49c03c6d659c1a9b25fbfe57179e9.jpg,2025,mixed
datasets/train_on_2025_all\images\GX010664_MP4-0052_jpg.rf.b9eb3e34c346142c1d192b9e2ca70e54.jpg,2025,mixed
datasets/train_on_2025_all\images\GX010664_MP4-0052_jpg.rf.c93919d5c669827ba932d3fa47250758.jpg,2025,mixed
datasets/train_on_2025_all\images\GX010664_MP4-0053_jpg.rf.0878a9b8156d04e3dae4474b73d947fb.jpg,2025,mixed
datasets/train_on_2025_all\images\GX010664_MP4-0053_jpg.rf.13c305ab0b52c9b2e4c18d0a86098bb8.jpg,2025,mixed
datasets/train_on_2025_all\images\GX010664_MP4-0054_jpg.rf.44b342c758bfd84e4d3301ca6dfbe6cd.jpg,2025,mixed
datasets/train_on_2025_all\images\GX010664_MP4-0054_jpg.rf.74ba8b3260dd52bf05aeedfeffa398f1.jpg,2025,mixed
datasets/train_on_2025_all\images\GX010664_MP4-0055_jpg.rf.b7b7b2b43763f005b106eb811db0522f.jpg,2025,mixed
datasets/train_on_2025_all\images\GX010664_MP4-0056_jpg.rf.38b49449b4aef7ebe98ac241672699eb.jpg,2025,mixed
datasets/train_on_2025_all\images\GX010664_MP4-0056_jpg.rf.591700068f32ac64bd854ea0e00d5f22.jpg,2025,mixed
datasets/train_on_2025_all\images\GX010664_MP4-0057_jpg.rf.45b9f0af7a9bcb2ae19121dbb6dfe0a0.jpg,2025,mixed
datasets/train_on_2025_all\images\GX010664_MP4-0059_jpg.rf.6d32fc68087320f1e760d352861b6fa1.jpg,2025,mixed
datasets/train_on_2025_all\images\GX010664_MP4-0061_jpg.rf.1ddf1a6703c5c6516ad9152656b8450c.jpg,2025,mixed
datasets/train_on_2025_all\images\GX010664_MP4-0061_jpg.rf.2602c2ee14d8b3a048c8ae6e2e2acafe.jpg,2025,mixed
datasets/train_on_2025_all\images\GX010664_MP4-0062_jpg.rf.c8e617920df78f9cba28e4d6fdf8c8c6.jpg,2025,mixed
datasets/train_on_2025_all\images\GX010664_MP4-0063_jpg.rf.d01fe91db8b9f75290948cc7cc50c760.jpg,2025,mixed
datasets/train_on_2025_all\images\GX010664_MP4-0064_jpg.rf.23934c626427d18bf199d97b6422a3fb.jpg,2025,mixed
datasets/train_on_2025_all\images\GX010664_MP4-0066_jpg.rf.ee03bf7d762a50eb3e4f3aee2e3675b1.jpg,2025,mixed
datasets/train_on_2025_all\images\GX010664_MP4-0069_jpg.rf.4495c999ed01c75daf249fb607633b32.jpg,2025,mixed
datasets/train_on_2025_all\images\GX010664_MP4-0069_jpg.rf.e48f0c58f4c3e78b4f3434ed7a2884a6.jpg,2025,mixed
datasets/train_on_2025_all\images\GX010664_MP4-0072_jpg.rf.03bb667b6766896dbc8ee38fc8495027.jpg,2025,mixed
datasets/train_on_2025_all\images\GX010664_MP4-0073_jpg.rf.ff7ff3312c62ca144794838030aa808c.jpg,2025,mixed
datasets/train_on_2025_all\images\GX010664_MP4-0074_jpg.rf.5a9cf23e848a7a8868748137515df600.jpg,2025,mixed
datasets/train_on_2025_all\images\GX010664_MP4-0076_jpg.rf.b12e872043dbee38d0d3ffbb857f26ab.jpg,2025,mixed
datasets/train_on_2025_all\images\GX010664_MP4-0077_jpg.rf.89cb082eeba859040c35896027435f96.jpg,2025,mixed
datasets/train_on_2025_all\images\GX010664_MP4-0079_jpg.rf.2f51dc1253c50faa758ffc167ea60433.jpg,2025,mixed
datasets/train_on_2025_all\images\GX010664_MP4-0079_jpg.rf.4dd9222c901b6466e67a2d0835055a42.jpg,2025,mixed
datasets/train_on_2025_all\images\GX010664_MP4-0080_jpg.rf.342316ff88aa197070dff537ec348494.jpg,2025,mixed
datasets/train_on_2025_all\images\GX010664_MP4-0081_jpg.rf.9b98d08dde4699fd8d180e901d327028.jpg,2025,mixed
datasets/train_on_2025_all\images\GX010664_MP4-0082_jpg.rf.d81ffef8b2b93fdb52c1aae78811edcf.jpg,2025,mixed
datasets/train_on_2025_all\images\GX010664_MP4-0083_jpg.rf.0c846dcfc99e20e365f3929017a59fe1.jpg,2025,mixed
datasets/train_on_2025_all\images\GX010664_MP4-0083_jpg.rf.9aff1680effc6d9a20394e1ad67914cd.jpg,2025,mixed
datasets/train_on_2025_all\images\GX010664_MP4-0084_jpg.rf.354738c71897cfb319677245d8204d21.jpg,2025,mixed
datasets/train_on_2025_all\images\GX010664_MP4-0085_jpg.rf.b83c1bd5d8e2a54d2d0b1711015c5bf5.jpg,2025,mixed
datasets/train_on_2025_all\images\GX010664_MP4-0085_jpg.rf.e01ce4c22dc6a7c773c1207a43efd03f.jpg,2025,mixed
datasets/train_on_2025_all\images\GX010664_MP4-0087_jpg.rf.8a8b85bddca5b951f23f333887a14e04.jpg,2025,mixed
datasets/train_on_2025_all\images\GX010664_MP4-0089_jpg.rf.e8d832c466c21cd9f623b9ebe5756e56.jpg,2025,mixed
datasets/train_on_2025_all\images\GX010664_MP4-0096_jpg.rf.b69fd4eb507e90c3694734f07462a655.jpg,2025,mixed
datasets/train_on_2025_all\images\GX010664_MP4-0097_jpg.rf.30ddf802f9cef65f74df8536e08dd4d5.jpg,2025,mixed
datasets/train_on_2025_all\images\GX010664_MP4-0097_jpg.rf.4103e3b90cbbadd996a4ab1247c57bc9.jpg,2025,mixed
datasets/train_on_2025_all\images\GX010664_MP4-0099_jpg.rf.1c9eadfbdf7290ec6e815c0799ed4788.jpg,2025,mixed
datasets/train_on_2025_all\images\GX010664_MP4-0099_jpg.rf.24b4e177954f75353fb1a2e32f03d4ff.jpg,2025,mixed
datasets/train_on_2025_all\images\GX010664_MP4-0099_jpg.rf.391b5df9ba0ed8c4305f072faafdad86.jpg,2025,mixed
datasets/train_on_2025_all\images\GX010664_MP4-0101_jpg.rf.fbbddac3cf611ccd749e86361bdff021.jpg,2025,mixed
datasets/train_on_2025_all\images\GX010664_MP4-0102_jpg.rf.4e872ee064e022d68a14ea8a3ea13b61.jpg,2025,mixed
datasets/train_on_2025_all\images\GX010664_MP4-0102_jpg.rf.b08312a2a6beb58d484a463e114e90f0.jpg,2025,mixed
datasets/train_on_2025_all\images\GX010664_MP4-0103_jpg.rf.c45db5a481016102ec73a91234cd98f8.jpg,2025,mixed
datasets/train_on_2025_all\images\GX010665_MP4-0012_jpg.rf.b6d399bad362a005b52d85a36946930e.jpg,2025,mixed
datasets/train_on_2025_all\images\GX010665_MP4-0021_jpg.rf.342f2f770b83c6e0a4ccc9a380ce386e.jpg,2025,mixed
datasets/train_on_2025_all\images\GX010665_MP4-0021_jpg.rf.e5806e4bf7b94c36725374d9ecdb7645.jpg,2025,mixed
datasets/train_on_2025_all\images\GX010665_MP4-0024_jpg.rf.aa4d80af8c6603667718c4c4c0dc6589.jpg,2025,mixed
datasets/train_on_2025_all\images\GX010665_MP4-0026_jpg.rf.0ba0d6d8506d07b8bfebce33646036b7.jpg,2025,mixed
datasets/train_on_2025_all\images\GX010665_MP4-0026_jpg.rf.419b1a60f7223ca419a861b15cf41a7a.jpg,2025,mixed
datasets/train_on_2025_all\images\GX010665_MP4-0027_jpg.rf.4af315f4a69d88a7e1293f0e3e3b8ce3.jpg,2025,mixed
datasets/train_on_2025_all\images\GX010665_MP4-0027_jpg.rf.7e44c14da56690f78b4771f202c0f867.jpg,2025,mixed
datasets/train_on_2025_all\images\GX010665_MP4-0059_jpg.rf.652743b7c7226586b990fff2e5c35910.jpg,2025,mixed
datasets/train_on_2025_all\images\GX010665_MP4-0063_jpg.rf.ba6d0da80d0ef0bf1ceb5037a7c238e0.jpg,2025,mixed
datasets/train_on_2025_all\images\GX010665_MP4-0087_jpg.rf.37bea2f8fc3b279ccf0bce6b34bdc596.jpg,2025,mixed
datasets/train_on_2025_all\images\GX010665_MP4-0088_jpg.rf.5c525a0fc26c71dca5cd32c19f9a319b.jpg,2025,mixed
datasets/train_on_2025_all\images\GX010665_MP4-0089_jpg.rf.f4e8db4583a4642a9f2d4c3ddbdb6103.jpg,2025,mixed
datasets/train_on_2025_all\images\GX010665_MP4-0091_jpg.rf.fe26edd525ea7504ac1942be3e1967b9.jpg,2025,mixed
datasets/train_on_2025_all\images\GX010665_MP4-0092_jpg.rf.58781171b7ed3094ea8f5bc4e0e49a75.jpg,2025,mixed
datasets/train_on_2025_all\images\GX010665_MP4-0092_jpg.rf.80cba303c613e470c43e05cbd62e66f7.jpg,2025,mixed
datasets/train_on_2025_all\images\GX010665_MP4-0099_jpg.rf.68da4d0d7ee75338594472166a43f893.jpg,2025,mixed
datasets/train_on_2025_all\images\GX010665_MP4-0100_jpg.rf.5e0da56a19b03b526a83ae4b4a0555dd.jpg,2025,mixed
datasets/train_on_2025_all\images\GX010665_MP4-0102_jpg.rf.0c7b5292bdb66b878c54eab0351b850f.jpg,2025,mixed
datasets/train_on_2025_all\images\GX010665_MP4-0102_jpg.rf.3f702ad7f67dd42c14bd7c7d1930bbf9.jpg,2025,mixed
datasets/train_on_2025_all\images\GX010665_MP4-0102_jpg.rf.cdbc439f6f8e7600a24ea9a6d00588c2.jpg,2025,mixed
datasets/train_on_2025_all\images\GX010665_MP4-0108_jpg.rf.b2c7dcd0ffefb0fefe89673e7b296b99.jpg,2025,mixed
datasets/train_on_2025_all\images\GX010665_MP4-0109_jpg.rf.9fd1499c70b70ecb0127c12a30e67a11.jpg,2025,mixed
datasets/train_on_2025_all\images\GX010665_MP4-0110_jpg.rf.81e595d4e4917d1b1a3c649e805fea15.jpg,2025,mixed
datasets/train_on_2025_all\images\GX010665_MP4-0110_jpg.rf.99800ff25d1b188c225ff44b872df47f.jpg,2025,mixed
datasets/train_on_2025_all\images\GX010665_MP4-0114_jpg.rf.a5e0ed3c2e169842516b075a83a1335f.jpg,2025,mixed
datasets/train_on_2025_all\images\GX010665_MP4-0115_jpg.rf.21fa82305642480e4dea481692f1fe66.jpg,2025,mixed
datasets/train_on_2025_all\images\GX010665_MP4-0115_jpg.rf.ace7d22ef4e2022b8d9960e510b6b6f4.jpg,2025,mixed
datasets/train_on_2025_all\images\GX010665_MP4-0116_jpg.rf.50e082fea34ac7c7389c48ab09cb05a1.jpg,2025,mixed
datasets/train_on_2025_all\images\GX010665_MP4-0128_jpg.rf.60c8aec1d00c70e12a8c6a21fc7c91a3.jpg,2025,mixed
datasets/train_on_2025_all\images\GX010665_MP4-0129_jpg.rf.0183f8cbb64b8610d89922b5794dbcf3.jpg,2025,mixed
datasets/train_on_2025_all\images\GX010665_MP4-0130_jpg.rf.c54d5a5ce439730f8c81c29ac54a8bfb.jpg,2025,mixed
datasets/train_on_2025_all\images\GX010665_MP4-0133_jpg.rf.11f961eed585765b5ced3ad0bdf7007c.jpg,2025,mixed
datasets/train_on_2025_all\images\GX010665_MP4-0133_jpg.rf.4d78612c20025b75ecfd75c3d97cd906.jpg,2025,mixed
datasets/train_on_2025_all\images\GX010665_MP4-0134_jpg.rf.22645c83f16ad0fab3c00559ae4ce7a0.jpg,2025,mixed
datasets/train_on_2025_all\images\GX010665_MP4-0135_jpg.rf.8f8280a9921992b6846aad4143d2f5d3.jpg,2025,mixed
datasets/train_on_2025_all\images\GX010665_MP4-0135_jpg.rf.a67e59dabd6b23ef1153ed18978df9a4.jpg,2025,mixed
datasets/train_on_2025_all\images\GX010665_MP4-0136_jpg.rf.e899d5e6870e48c20ce0c8a8c6b85670.jpg,2025,mixed
datasets/train_on_2025_all\images\GX010665_MP4-0137_jpg.rf.bcc0d3167caa3008c5ab41d497a755fd.jpg,2025,mixed
datasets/train_on_2025_all\images\GX010665_MP4-0138_jpg.rf.e0a496e1cf85b79b34be129f00e8e738.jpg,2025,mixed
datasets/train_on_2025_all\images\GX010665_MP4-0139_jpg.rf.0fd45edf056321c1c65b8771e9efeb4e.jpg,2025,mixed
datasets/train_on_2025_all\images\GX010665_MP4-0140_jpg.rf.1c49b7421381dbf1464c265c901be303.jpg,2025,mixed
datasets/train_on_2025_all\images\GX010665_MP4-0140_jpg.rf.faba8d2bd761a83b4874ee3a5881126b.jpg,2025,mixed
datasets/train_on_2025_all\images\GX010665_MP4-0152_jpg.rf.6ef7ee077fec852b588a18c9381d99a8.jpg,2025,mixed
datasets/train_on_2025_all\images\GX010665_MP4-0171_jpg.rf.94b38e93e0033cf29489d60ce98a1b7d.jpg,2025,mixed
datasets/train_on_2025_all\images\GX010665_MP4-0171_jpg.rf.aa668009e06093c7f5b679fa928ee84b.jpg,2025,mixed
datasets/train_on_2025_all\images\GX010665_MP4-0189_jpg.rf.141f93edee08d1217407f95246071f23.jpg,2025,mixed
datasets/train_on_2025_all\images\GX010665_MP4-0189_jpg.rf.63548aa9017076ec478a2ca1b1b322d7.jpg,2025,mixed
datasets/train_on_2025_all\images\GX010665_MP4-0189_jpg.rf.ac2c945f0fd6e3d3a822e896659a0ae8.jpg,2025,mixed
datasets/train_on_2025_all\images\GX010665_MP4-0190_jpg.rf.05fcbec8da10c1c2869c21f20ac7bf30.jpg,2025,mixed
datasets/train_on_2025_all\images\GX010665_MP4-0190_jpg.rf.fbac7ff1462b35a537b12d5fcf9657f9.jpg,2025,mixed
datasets/train_on_2025_all\images\GX010665_MP4-0193_jpg.rf.3882d4c5ba00f711e6f1712d42469373.jpg,2025,mixed
datasets/train_on_2025_all\images\GX010665_MP4-0193_jpg.rf.a5c8a206915c0b0a4e226bad063f31a7.jpg,2025,mixed
datasets/train_on_2025_all\images\GX010665_MP4-0193_jpg.rf.de34a33540e2e12f2e00011ec7378a7c.jpg,2025,mixed
datasets/train_on_2025_all\images\GX010665_MP4-0194_jpg.rf.97663c03bb5d064c0d5056360c61b70e.jpg,2025,mixed
datasets/train_on_2025_all\images\GX010665_MP4-0194_jpg.rf.dd56a130fa04de36c550e5f34e94e12a.jpg,2025,mixed
datasets/train_on_2025_all\images\GX010665_MP4-0195_jpg.rf.5547cb3e00bc34ccfe06304feeae1f4e.jpg,2025,mixed
datasets/train_on_2025_all\images\GX010665_MP4-0196_jpg.rf.1bc91ddca75ecbe60f3502e22340a53d.jpg,2025,mixed
datasets/train_on_2025_all\images\GX010665_MP4-0196_jpg.rf.9adeffad62a0525e4ed7d6f8fca452da.jpg,2025,mixed
datasets/train_on_2025_all\images\GX010665_MP4-0197_jpg.rf.156b3e2b80b7b04683216d4a1985e8b3.jpg,2025,mixed
datasets/train_on_2025_all\images\GX010665_MP4-0197_jpg.rf.67bf2927dd48b2663f800dd540460546.jpg,2025,mixed
datasets/train_on_2025_all\images\GX010665_MP4-0199_jpg.rf.f57dff5dc4bfee11ae0a6517c4bab2f5.jpg,2025,mixed
datasets/train_on_2025_all\images\GX010665_MP4-0200_jpg.rf.2a90c08cc055c9dec247650a33b8d67e.jpg,2025,mixed
datasets/train_on_2025_all\images\GX010665_MP4-0202_jpg.rf.05707d2d54ce55f3c1d943c063d2d3eb.jpg,2025,mixed
datasets/train_on_2025_all\images\GX010665_MP4-0203_jpg.rf.78bea453516a015710eaa82ccc3a54c2.jpg,2025,mixed
datasets/train_on_2025_all\images\GX010665_MP4-0203_jpg.rf.9544a3d1cb4dff4e1171cc8d130b67ef.jpg,2025,mixed
datasets/train_on_2025_all\images\GX010665_MP4-0203_jpg.rf.d3e22227841f0ea8f470b788ccc6d7ea.jpg,2025,mixed
datasets/train_on_2025_all\images\GX010665_MP4-0204_jpg.rf.ac8ec5492aaafe296198564e2560eae7.jpg,2025,mixed
datasets/train_on_2025_all\images\GX010665_MP4-0204_jpg.rf.f2842c6f9aede336513a094092984662.jpg,2025,mixed
datasets/train_on_2025_all\images\GX010665_MP4-0207_jpg.rf.5dbbf09c490dbe1b3e2b3b4a13b53f97.jpg,2025,mixed
datasets/train_on_2025_all\images\GX010665_MP4-0207_jpg.rf.9f736959658cadaef52d95e16435fbec.jpg,2025,mixed
datasets/train_on_2025_all\images\GX010665_MP4-0207_jpg.rf.c0075c9f80086f1e13480e56e823c192.jpg,2025,mixed
datasets/train_on_2025_all\images\GX010665_MP4-0208_jpg.rf.ebbf4f258a7373052afc90b069856681.jpg,2025,mixed
datasets/train_on_2025_all\images\GX010665_MP4-0209_jpg.rf.12a599b04ae7bc28cfb14d78be864ea7.jpg,2025,mixed
datasets/train_on_2025_all\images\GX010665_MP4-0209_jpg.rf.8c6f54fd8be58b60d9a6a676587cafbf.jpg,2025,mixed
datasets/train_on_2025_all\images\GX010665_MP4-0216_jpg.rf.ff97c32aad6a49aeb3da458d7e0d0698.jpg,2025,mixed
datasets/train_on_2025_all\images\GX010665_MP4-0217_jpg.rf.368f015f501164054a4d9ab7714e14fe.jpg,2025,mixed
datasets/train_on_2025_all\images\GX010665_MP4-0218_jpg.rf.ed042a0f0a6bf65f2bc8c0733add61b4.jpg,2025,mixed
datasets/train_on_2025_all\images\GX010665_MP4-0219_jpg.rf.a891000f6f3c089e02b78e3c9243c022.jpg,2025,mixed
datasets/train_on_2025_all\images\GX010665_MP4-0236_jpg.rf.4ea2dc97049ea00d67c2e48736249a64.jpg,2025,mixed
datasets/train_on_2025_all\images\GX010665_MP4-0236_jpg.rf.927b70839cd8148961b8baa89ec576c1.jpg,2025,mixed
datasets/train_on_2025_all\images\GX010665_MP4-0236_jpg.rf.ea06d8a6bb49dfd74c5b128ad429656a.jpg,2025,mixed
datasets/train_on_2025_all\images\GX010665_MP4-0237_jpg.rf.69bb495fb6acd49f14018854256d022b.jpg,2025,mixed
datasets/train_on_2025_all\images\GX010665_MP4-0240_jpg.rf.16f9723f81df2760ba2a16ceb956d37b.jpg,2025,mixed
datasets/train_on_2025_all\images\GX010665_MP4-0240_jpg.rf.3fd8fe09c65254399775a2f4e1855fb8.jpg,2025,mixed
datasets/train_on_2025_all\images\GX010665_MP4-0242_jpg.rf.099af0609506b84cfe8ceb0ce03e5fea.jpg,2025,mixed
datasets/train_on_2025_all\images\GX010665_MP4-0242_jpg.rf.b4adee5c9be57bda728e778236ac67bd.jpg,2025,mixed
datasets/train_on_2025_all\images\GX010665_MP4-0245_jpg.rf.674a237027b585aa3428715300e47230.jpg,2025,mixed
datasets/train_on_2025_all\images\GX010665_MP4-0247_jpg.rf.3a3b932b5f4547b5d41018f8c8fb028b.jpg,2025,mixed
datasets/train_on_2025_all\images\GX010665_MP4-0248_jpg.rf.f6685b50eb0df6f52f8b257421df77b8.jpg,2025,mixed
datasets/train_on_2025_all\images\GX010665_MP4-0249_jpg.rf.150cdca07582ddab2b456f7abc51288a.jpg,2025,mixed
datasets/train_on_2025_all\images\GX010665_MP4-0252_jpg.rf.50f8975204bae33287dee86660c9633e.jpg,2025,mixed
datasets/train_on_2025_all\images\GX010665_MP4-0255_jpg.rf.bcb6b956a37b320736bfefbd4f123eb3.jpg,2025,mixed
datasets/train_on_2025_all\images\GX010665_MP4-0256_jpg.rf.a8e93964139ff798895f65dae234696c.jpg,2025,mixed
datasets/train_on_2025_all\images\GX010665_MP4-0257_jpg.rf.807ed4e24728f0d1b080153c9b6e52e4.jpg,2025,mixed
datasets/train_on_2025_all\images\GX010665_MP4-0257_jpg.rf.eb06aa824ce215d2875cc4c36de4a219.jpg,2025,mixed
datasets/train_on_2025_all\images\GX010665_MP4-0265_jpg.rf.b8acd3f7f45211d8cb0e8f43b71a0255.jpg,2025,mixed
datasets/train_on_2025_all\images\GX010665_MP4-0266_jpg.rf.723b871b18890719dd376095fd59f962.jpg,2025,mixed
datasets/train_on_2025_all\images\GX010665_MP4-0267_jpg.rf.5272cd81940dde95f184a96e188516da.jpg,2025,mixed
datasets/train_on_2025_all\images\GX010665_MP4-0267_jpg.rf.7167bfe5c8551f18b592897b9d2f8a50.jpg,2025,mixed
datasets/train_on_2025_all\images\GX010665_MP4-0273_jpg.rf.ded6cce5d639e0ce764c33a90577586d.jpg,2025,mixed
datasets/train_on_2025_all\images\GX010666_MP4-0005_jpg.rf.9219df7b4228f1797f443045d37f4cf7.jpg,2025,mixed
datasets/train_on_2025_all\images\GX010666_MP4-0005_jpg.rf.df2bf4e8c9d679466ad9874bc2c7643e.jpg,2025,mixed
datasets/train_on_2025_all\images\GX010666_MP4-0005_jpg.rf.f632922abcd5f0ef2996ee23caa8f24a.jpg,2025,mixed
datasets/train_on_2025_all\images\GX010666_MP4-0007_jpg.rf.381d56218cdaf4f822b881b6c23972b3.jpg,2025,mixed
datasets/train_on_2025_all\images\GX010666_MP4-0008_jpg.rf.f9511d50029dabb89e781d0ce0ab12c9.jpg,2025,mixed
datasets/train_on_2025_all\images\GX010666_MP4-0011_jpg.rf.e1d113346cb96861515aa304cf11c08d.jpg,2025,mixed
datasets/train_on_2025_all\images\GX010666_MP4-0015_jpg.rf.d0d4e797f2e4ee7a7c8fe4362d0291ed.jpg,2025,mixed
datasets/train_on_2025_all\images\GX010666_MP4-0016_jpg.rf.a5b02752ca657dbc572f7fb65d1f9b5a.jpg,2025,mixed
datasets/train_on_2025_all\images\GX010666_MP4-0016_jpg.rf.e0760cbbbedb6fead0abd236928de608.jpg,2025,mixed
datasets/train_on_2025_all\images\GX010666_MP4-0017_jpg.rf.87de5837b9e20c97c615b39c19d43986.jpg,2025,mixed
datasets/train_on_2025_all\images\GX010666_MP4-0017_jpg.rf.bf2fb0fdbc22a5705e69271937105032.jpg,2025,mixed
datasets/train_on_2025_all\images\GX010666_MP4-0018_jpg.rf.0445994d5fdb65e26e2392ef2e526ee1.jpg,2025,mixed
datasets/train_on_2025_all\images\GX010666_MP4-0019_jpg.rf.e1d6fe71155e0a81e0c8c75b6232c496.jpg,2025,mixed
datasets/train_on_2025_all\images\GX010666_MP4-0020_jpg.rf.92fc71f3e1a2f1cf9d20004d011a30c7.jpg,2025,mixed
datasets/train_on_2025_all\images\GX010666_MP4-0021_jpg.rf.30c1cd81b0c1c1b7d3c98202b1169668.jpg,2025,mixed
datasets/train_on_2025_all\images\GX010666_MP4-0021_jpg.rf.7d86bc9cc881df8baa9d38e347c23c3e.jpg,2025,mixed
datasets/train_on_2025_all\images\GX010666_MP4-0022_jpg.rf.4869d5171fbdbf82ae118102762eebda.jpg,2025,mixed
datasets/train_on_2025_all\images\GX010666_MP4-0023_jpg.rf.078cd5f2f16450898f9dc5405a76ab9f.jpg,2025,mixed
datasets/train_on_2025_all\images\GX010666_MP4-0023_jpg.rf.c4503222feffe11366cec7c3faf0e871.jpg,2025,mixed
datasets/train_on_2025_all\images\GX010666_MP4-0024_jpg.rf.52272b5299eb6e1b7ce44e804e281be7.jpg,2025,mixed
datasets/train_on_2025_all\images\GX010666_MP4-0042_jpg.rf.30daa36d47f0e181f5ec0fa1bf476824.jpg,2025,mixed
datasets/train_on_2025_all\images\GX010666_MP4-0042_jpg.rf.47b0b83b054a4d885897ed996760c78c.jpg,2025,mixed
datasets/train_on_2025_all\images\GX010666_MP4-0044_jpg.rf.1a93f2c527186d9c59590da3ee0dc76e.jpg,2025,mixed
datasets/train_on_2025_all\images\GX010666_MP4-0044_jpg.rf.5c584fd873e5d7ef0c64e1c1171e2e64.jpg,2025,mixed
datasets/train_on_2025_all\images\GX010666_MP4-0045_jpg.rf.9dd6103a217a7bb8d9f04d3881890a9e.jpg,2025,mixed
datasets/train_on_2025_all\images\GX010666_MP4-0046_jpg.rf.af2b7403e1dc54d0c21fa82bb4216860.jpg,2025,mixed
datasets/train_on_2025_all\images\GX010666_MP4-0046_jpg.rf.f56f813620d9c47e89973f06acb9ffb3.jpg,2025,mixed
datasets/train_on_2025_all\images\GX010666_MP4-0055_jpg.rf.d88b3710a45a71237583c75fa19f598e.jpg,2025,mixed
datasets/train_on_2025_all\images\GX010666_MP4-0057_jpg.rf.7982ec145fc5313466a6c186be97264e.jpg,2025,mixed
datasets/train_on_2025_all\images\GX010666_MP4-0062_jpg.rf.f27a50efde63a79aa43636b80ba71a2c.jpg,2025,mixed
datasets/train_on_2025_all\images\GX010666_MP4-0083_jpg.rf.1138a40269e7bbc40c983917a1390fe8.jpg,2025,mixed
datasets/train_on_2025_all\images\GX010666_MP4-0084_jpg.rf.74294207b8862362e4d6f67afe9e3349.jpg,2025,mixed
datasets/train_on_2025_all\images\GX010666_MP4-0085_jpg.rf.aebb00ce57c072c0ae7aa8dcc3ae27e4.jpg,2025,mixed
datasets/train_on_2025_all\images\GX010666_MP4-0087_jpg.rf.fde8318ddef6f1508df32ed68db23926.jpg,2025,mixed
datasets/train_on_2025_all\images\GX010666_MP4-0088_jpg.rf.72e822e70d71675a03e723d3f56268a6.jpg,2025,mixed
datasets/train_on_2025_all\images\GX010666_MP4-0089_jpg.rf.649eb6b06ebef2c703a9b301aab8fd48.jpg,2025,mixed
datasets/train_on_2025_all\images\GX010666_MP4-0089_jpg.rf.8d1b03aac552dd7ce192573f1d09842f.jpg,2025,mixed
datasets/train_on_2025_all\images\GX010666_MP4-0089_jpg.rf.fcda23c0c7f4b06a144f7985940cf88d.jpg,2025,mixed
datasets/train_on_2025_all\images\GX010666_MP4-0091_jpg.rf.72492f592e957fe2702cb9cf8068903b.jpg,2025,mixed
datasets/train_on_2025_all\images\GX010666_MP4-0091_jpg.rf.84c907624e97546e739cbf56271da155.jpg,2025,mixed
datasets/train_on_2025_all\images\GX010666_MP4-0092_jpg.rf.2e8b876a83a0b31ec37b3fdcfbdae75d.jpg,2025,mixed
datasets/train_on_2025_all\images\GX010666_MP4-0097_jpg.rf.7146863966a15f31abef1f6055438ffe.jpg,2025,mixed
datasets/train_on_2025_all\images\GX010666_MP4-0100_jpg.rf.502fdff33c1c263cd859045822530126.jpg,2025,mixed
datasets/train_on_2025_all\images\GX010666_MP4-0100_jpg.rf.93182386893c35ca15f2a6e57d022623.jpg,2025,mixed
datasets/train_on_2025_all\images\GX010666_MP4-0101_jpg.rf.25c3654462a1f7064bd6fa2e85241e89.jpg,2025,mixed
datasets/train_on_2025_all\images\GX010666_MP4-0101_jpg.rf.c7894974f6bd06f902fa178e3caf7e07.jpg,2025,mixed
datasets/train_on_2025_all\images\GX010666_MP4-0105_jpg.rf.3a3c59158503fec4edacbb59584dc227.jpg,2025,mixed
datasets/train_on_2025_all\images\GX010666_MP4-0105_jpg.rf.e99df6f0e1741e8b1a39afd5e11017f8.jpg,2025,mixed
datasets/train_on_2025_all\images\GX010666_MP4-0106_jpg.rf.18ec1c13692396dcb4c069714c85e2e6.jpg,2025,mixed
datasets/train_on_2025_all\images\GX010666_MP4-0106_jpg.rf.cdc1d0e1c3c3e31ae82e83def4bf4cd3.jpg,2025,mixed
datasets/train_on_2025_all\images\GX010666_MP4-0108_jpg.rf.d032f0a7adbfec6a6e9f7c8b42768add.jpg,2025,mixed
datasets/train_on_2025_all\images\GX010666_MP4-0123_jpg.rf.a58e906d6d470bdf066710f10177bca9.jpg,2025,mixed
datasets/train_on_2025_all\images\GX010666_MP4-0123_jpg.rf.d30278d147b7b7341c5f1ce8ce32d1d4.jpg,2025,mixed
datasets/train_on_2025_all\images\GX010666_MP4-0124_jpg.rf.0b236bafc24dbef9a26048c9eb207d65.jpg,2025,mixed
datasets/train_on_2025_all\images\GX010666_MP4-0124_jpg.rf.9fdc505dc82f7e5e34df4ff3270e5822.jpg,2025,mixed
datasets/train_on_2025_all\images\GX010666_MP4-0124_jpg.rf.ebeda627a778d20a68feb04146376726.jpg,2025,mixed
datasets/train_on_2025_all\images\GX010666_MP4-0126_jpg.rf.30f96019850c0c2e4efc0317b535a06a.jpg,2025,mixed
datasets/train_on_2025_all\images\GX010666_MP4-0126_jpg.rf.fe40fc7c4382052b19922790a5ee30d0.jpg,2025,mixed
datasets/train_on_2025_all\images\GX010666_MP4-0131_jpg.rf.6291ba1b5d270531bbcc5d8de8f0ad57.jpg,2025,mixed
datasets/train_on_2025_all\images\GX010666_MP4-0131_jpg.rf.8738a4b1d43250099d4594a372bb4d9a.jpg,2025,mixed
datasets/train_on_2025_all\images\GX010666_MP4-0132_jpg.rf.f3ba8324dbf8b76ea19272939096bfb6.jpg,2025,mixed
datasets/train_on_2025_all\images\GX010666_MP4-0133_jpg.rf.6f4690f5840ebefa437c64a4d1791fec.jpg,2025,mixed
datasets/train_on_2025_all\images\GX010666_MP4-0133_jpg.rf.7fc43c0792082e2e74b7fb7c5f00607c.jpg,2025,mixed
datasets/train_on_2025_all\images\GX010666_MP4-0133_jpg.rf.8ca289ebb473b8253e6ffd00f2dbb911.jpg,2025,mixed
datasets/train_on_2025_all\images\GX010666_MP4-0134_jpg.rf.4591e6c9000b48f3f91a07bc89f2dbc3.jpg,2025,mixed
datasets/train_on_2025_all\images\GX010666_MP4-0134_jpg.rf.a1711a5d41b756706b44a35aa6c481ef.jpg,2025,mixed
datasets/train_on_2025_all\images\GX010666_MP4-0134_jpg.rf.b425d32ef26b9291d6496f975eaca287.jpg,2025,mixed
datasets/train_on_2025_all\images\GX010666_MP4-0135_jpg.rf.baebaf20dac8bff8ffbe78786151f82d.jpg,2025,mixed
datasets/train_on_2025_all\images\GX010666_MP4-0136_jpg.rf.f7b7aa7003daaf0d57af5b90cd55354e.jpg,2025,mixed
datasets/train_on_2025_all\images\GX010666_MP4-0137_jpg.rf.87bf3be20cc98b447ddec776982c8d05.jpg,2025,mixed
datasets/train_on_2025_all\images\GX010666_MP4-0138_jpg.rf.c8f31b83cb2c4207c1492f2f3671e9fd.jpg,2025,mixed
datasets/train_on_2025_all\images\GX010666_MP4-0138_jpg.rf.e2f34b34fb888e564d8ce0bdb7ac4c80.jpg,2025,mixed
datasets/train_on_2025_all\images\GX010666_MP4-0138_jpg.rf.f958eaafb2d607837ef3fa2ba4d32ed6.jpg,2025,mixed
datasets/train_on_2025_all\images\GX010666_MP4-0139_jpg.rf.096be98e60f57b5b24e59d5a12700dfd.jpg,2025,mixed
datasets/train_on_2025_all\images\GX010666_MP4-0139_jpg.rf.edb45427a0218808213d14ee3aff459c.jpg,2025,mixed
datasets/train_on_2025_all\images\GX010666_MP4-0140_jpg.rf.cc1eb0d54aa1af3928b44596161f822b.jpg,2025,mixed
datasets/train_on_2025_all\images\GX010666_MP4-0141_jpg.rf.d9e04f06325b708f4e9db8c24be4df7b.jpg,2025,mixed
datasets/train_on_2025_all\images\GX010666_MP4-0143_jpg.rf.3b3714e69fadc3c1f526d86a9a73ac0b.jpg,2025,mixed
datasets/train_on_2025_all\images\GX010666_MP4-0144_jpg.rf.11d7195f98f72f7526bc18e580887100.jpg,2025,mixed
datasets/train_on_2025_all\images\GX010666_MP4-0145_jpg.rf.6271beeae2e67ba164e69aa10b0407d9.jpg,2025,mixed
datasets/train_on_2025_all\images\GX010666_MP4-0145_jpg.rf.6ebbf54dadd39a064c2c0963a073e58c.jpg,2025,mixed
datasets/train_on_2025_all\images\GX010666_MP4-0147_jpg.rf.a4bf1f54698fd55138d2486a0098ae38.jpg,2025,mixed
datasets/train_on_2025_all\images\GX010666_MP4-0147_jpg.rf.eb40812099a25e93b2e0098b89d6e934.jpg,2025,mixed
datasets/train_on_2025_all\images\GX010666_MP4-0148_jpg.rf.6a9de4138517425a8d338d5a0a633209.jpg,2025,mixed
datasets/train_on_2025_all\images\GX010666_MP4-0148_jpg.rf.badcafbe5ee4b71bac4cba467275afe2.jpg,2025,mixed
datasets/train_on_2025_all\images\GX010666_MP4-0150_jpg.rf.477f9d4d825700b656315f6db744e5a7.jpg,2025,mixed
datasets/train_on_2025_all\images\GX010666_MP4-0155_jpg.rf.65952bbc95be280353de100e1254694c.jpg,2025,mixed
datasets/train_on_2025_all\images\GX010666_MP4-0155_jpg.rf.b3c71857ace56f29fdf0d827a32ce292.jpg,2025,mixed
datasets/train_on_2025_all\images\GX010666_MP4-0156_jpg.rf.33853f20f39d1be8493da06f0e727cd9.jpg,2025,mixed
datasets/train_on_2025_all\images\GX010666_MP4-0156_jpg.rf.bc7ed49f53055dcb96211486d566f5ca.jpg,2025,mixed
datasets/train_on_2025_all\images\GX010666_MP4-0157_jpg.rf.70bd22376696a85b8cbfead72f39979e.jpg,2025,mixed
datasets/train_on_2025_all\images\GX010666_MP4-0157_jpg.rf.d1a19ca91e20e33c86bc426ab58b9b6a.jpg,2025,mixed
datasets/train_on_2025_all\images\GX010666_MP4-0158_jpg.rf.4c572973d94751f1317d4be6923cb4f9.jpg,2025,mixed
datasets/train_on_2025_all\images\GX010666_MP4-0159_jpg.rf.3310bb4cc409642710ebfa35741a5d90.jpg,2025,mixed
datasets/train_on_2025_all\images\GX010666_MP4-0159_jpg.rf.4aedae02c6408d2539c7bc223344752e.jpg,2025,mixed
datasets/train_on_2025_all\images\GX010666_MP4-0160_jpg.rf.b14b92aec6afef7442c79fcd11b79d6b.jpg,2025,mixed
datasets/train_on_2025_all\images\GX010666_MP4-0161_jpg.rf.af237fdb0ea95cebd9938d5ec30d7be7.jpg,2025,mixed
datasets/train_on_2025_all\images\GX010666_MP4-0162_jpg.rf.6c7c0dfc16938edce4905b9bdbd682da.jpg,2025,mixed
datasets/train_on_2025_all\images\GX010666_MP4-0162_jpg.rf.e61f8799b97a1e2c8a984a57382f41b2.jpg,2025,mixed
datasets/train_on_2025_all\images\GX010666_MP4-0163_jpg.rf.b1e929af3d9b8eba18923a12a9bb9404.jpg,2025,mixed
datasets/train_on_2025_all\images\GX010666_MP4-0163_jpg.rf.b3d9b32e77c238ea7c913a0fb9ed2a58.jpg,2025,mixed
datasets/train_on_2025_all\images\GX010666_MP4-0163_jpg.rf.bdebca9e2b090a0307e55958a6fcbd50.jpg,2025,mixed
datasets/train_on_2025_all\images\GX010666_MP4-0165_jpg.rf.f3ebcce7f4754858d77be8861d25714b.jpg,2025,mixed
datasets/train_on_2025_all\images\GX010666_MP4-0167_jpg.rf.6a0e0bc9f86616b11bafe77a22cd807a.jpg,2025,mixed
datasets/train_on_2025_all\images\GX010666_MP4-0167_jpg.rf.bcd241de4f353ce25dafea894e1bcc84.jpg,2025,mixed
datasets/train_on_2025_all\images\GX010666_MP4-0168_jpg.rf.a2130e37f5fa90da071027d42512e4a8.jpg,2025,mixed
datasets/train_on_2025_all\images\GX010666_MP4-0169_jpg.rf.29e84e9b2e5c4b68d64b182f1b4cacf2.jpg,2025,mixed
datasets/train_on_2025_all\images\GX010666_MP4-0169_jpg.rf.5f8256fad6bc897b78fecf90de26d28c.jpg,2025,mixed
datasets/train_on_2025_all\images\GX010666_MP4-0169_jpg.rf.9d6d0ef80e13c150669e0e47ae7f610f.jpg,2025,mixed
datasets/train_on_2025_all\images\GX010666_MP4-0171_jpg.rf.1c7516576d284f20ea2b6c55c0196473.jpg,2025,mixed
datasets/train_on_2025_all\images\GX010666_MP4-0171_jpg.rf.5892df0c9b680b17d687a289dc7bf3fd.jpg,2025,mixed
datasets/train_on_2025_all\images\GX010666_MP4-0172_jpg.rf.46ea6603d3f6280cc7dc482b2d241ddf.jpg,2025,mixed
datasets/train_on_2025_all\images\GX010666_MP4-0172_jpg.rf.62f62321b1ee7b732dbdd0dc76e6256e.jpg,2025,mixed
datasets/train_on_2025_all\images\GX010666_MP4-0172_jpg.rf.da06a409a3ae69c2308af3cded9459f6.jpg,2025,mixed
datasets/train_on_2025_all\images\GX010666_MP4-0173_jpg.rf.44849976f50e5e88c8366d77187afc24.jpg,2025,mixed
datasets/train_on_2025_all\images\GX010666_MP4-0173_jpg.rf.cecbed30207820d1ca456fe9cb3b5d3f.jpg,2025,mixed
datasets/train_on_2025_all\images\GX010666_MP4-0174_jpg.rf.e6399b7bc5b4dea7d41283ab5627802b.jpg,2025,mixed
datasets/train_on_2025_all\images\GX010666_MP4-0176_jpg.rf.73a07a057763a46858d070591e58cd6e.jpg,2025,mixed
datasets/train_on_2025_all\images\GX010666_MP4-0178_jpg.rf.d3ed4cacc4b5e9b3b8dd7df61bd783b1.jpg,2025,mixed
datasets/train_on_2025_all\images\GX010666_MP4-0178_jpg.rf.d552a067f5d78ef0949e2259b0a93d21.jpg,2025,mixed
datasets/train_on_2025_all\images\GX010666_MP4-0179_jpg.rf.b4bc56fdd74196573fe395c5c211b790.jpg,2025,mixed
datasets/train_on_2025_all\images\GX010666_MP4-0180_jpg.rf.33bf07bd8c302a0bc5c64f11bfe912c7.jpg,2025,mixed
datasets/train_on_2025_all\images\GX010666_MP4-0181_jpg.rf.827bdda7c9926d29e700ea6a777b0928.jpg,2025,mixed
datasets/train_on_2025_all\images\GX010666_MP4-0182_jpg.rf.588dbf4cfd7db242b47f3d6ec0e111ab.jpg,2025,mixed
datasets/train_on_2025_all\images\GX010666_MP4-0182_jpg.rf.8baf7fe782c37fbb5fb614c5cfd6d8e9.jpg,2025,mixed
datasets/train_on_2025_all\images\GX010666_MP4-0184_jpg.rf.4fa0ee02a81f8f70bbbeb4ca5582b0ea.jpg,2025,mixed
datasets/train_on_2025_all\images\GX010666_MP4-0185_jpg.rf.40388c56d9b0ca52d9facdda9509e263.jpg,2025,mixed
datasets/train_on_2025_all\images\GX010666_MP4-0185_jpg.rf.5a2e8cac7f4d033184a3acc15a3a9196.jpg,2025,mixed
datasets/train_on_2025_all\images\GX010666_MP4-0186_jpg.rf.07825e8e2fb4f424b3de3158f563cb74.jpg,2025,mixed
datasets/train_on_2025_all\images\GX010666_MP4-0186_jpg.rf.9ef2417ae4f277ba1e0577b6c9dbe6b7.jpg,2025,mixed
datasets/train_on_2025_all\images\GX010666_MP4-0187_jpg.rf.5fd44cda6ace0f37958a27b738e8df80.jpg,2025,mixed
datasets/train_on_2025_all\images\GX010666_MP4-0187_jpg.rf.cf744328786a0109e02ec6aa7061fd26.jpg,2025,mixed
datasets/train_on_2025_all\images\GX010666_MP4-0190_jpg.rf.93299b04d6fa31fa6b4659a66ab998e4.jpg,2025,mixed
datasets/train_on_2025_all\images\GX010666_MP4-0190_jpg.rf.b20456ae0138a081a09874033b8e5e8d.jpg,2025,mixed
datasets/train_on_2025_all\images\GX010666_MP4-0192_jpg.rf.72e880c4f038d84a489b78ffd2548522.jpg,2025,mixed
datasets/train_on_2025_all\images\GX010666_MP4-0192_jpg.rf.82de175dd379ee194d3192d21afb5273.jpg,2025,mixed
datasets/train_on_2025_all\images\GX010666_MP4-0193_jpg.rf.5c17f224fe9877bf01f9129f645dfd97.jpg,2025,mixed
datasets/train_on_2025_all\images\GX010666_MP4-0193_jpg.rf.68ff82daca9be7008b6e505503704940.jpg,2025,mixed
datasets/train_on_2025_all\images\GX010666_MP4-0193_jpg.rf.ba092eac9df69c09df0dc25577be5691.jpg,2025,mixed
datasets/train_on_2025_all\images\GX010666_MP4-0194_jpg.rf.0f7d6d56318782aad07b413f4e75908d.jpg,2025,mixed
datasets/train_on_2025_all\images\GX010666_MP4-0198_jpg.rf.283151b5d3fce0ffe6c930b2f8e8267e.jpg,2025,mixed
datasets/train_on_2025_all\images\GX010666_MP4-0198_jpg.rf.b011c265ff56895e5c19ae7c9f252019.jpg,2025,mixed
datasets/train_on_2025_all\images\GX010666_MP4-0200_jpg.rf.af995ff50b479a883f01ed8bd1ba1d6f.jpg,2025,mixed
datasets/train_on_2025_all\images\GX010666_MP4-0200_jpg.rf.c3a9e9170c77a8dcb74e165d528ef0c2.jpg,2025,mixed
datasets/train_on_2025_all\images\GX010666_MP4-0201_jpg.rf.442c7a0afb25aca8855f9b184df47990.jpg,2025,mixed
datasets/train_on_2025_all\images\GX010666_MP4-0201_jpg.rf.d293cac97db7deb772909bbf501cc2ab.jpg,2025,mixed
datasets/train_on_2025_all\images\GX010666_MP4-0202_jpg.rf.0f34f63cbc64f1c4102ef818fbb1a577.jpg,2025,mixed
datasets/train_on_2025_all\images\GX010666_MP4-0203_jpg.rf.c8720c4d742e6f04e580e268f8fd6880.jpg,2025,mixed
datasets/train_on_2025_all\images\GX010666_MP4-0203_jpg.rf.c8dc3bc4e44c4aa691c9d82be9761b5e.jpg,2025,mixed
datasets/train_on_2025_all\images\GX010666_MP4-0204_jpg.rf.1c0fd056a5097543ac62a73e535b29d8.jpg,2025,mixed
datasets/train_on_2025_all\images\GX010666_MP4-0205_jpg.rf.535948819d54267c35bc97fc5eeee964.jpg,2025,mixed
datasets/train_on_2025_all\images\GX010666_MP4-0206_jpg.rf.cba51445898514391cea0cb662b0dfaa.jpg,2025,mixed
datasets/train_on_2025_all\images\GX010666_MP4-0207_jpg.rf.391c2af893fa2e8b0a8863aaa13e9adf.jpg,2025,mixed
datasets/train_on_2025_all\images\GX010666_MP4-0208_jpg.rf.63c4ab67d152de95669dcf8813e98940.jpg,2025,mixed
datasets/train_on_2025_all\images\GX010666_MP4-0208_jpg.rf.b1a2e910432d763441e0dfd2be0ad3ee.jpg,2025,mixed
datasets/train_on_2025_all\images\GX010666_MP4-0209_jpg.rf.869300b676a0b6988e255bb117b4c2a5.jpg,2025,mixed
datasets/train_on_2025_all\images\GX010666_MP4-0209_jpg.rf.f5dda281d1750c5925f7b171a141fa47.jpg,2025,mixed
datasets/train_on_2025_all\images\GX010666_MP4-0210_jpg.rf.2a8538dd18b6e5de821fa0588e54d7cd.jpg,2025,mixed
datasets/train_on_2025_all\images\GX010666_MP4-0211_jpg.rf.73d22322dcc5293b8cdfbd0958b6040e.jpg,2025,mixed
datasets/train_on_2025_all\images\GX010666_MP4-0212_jpg.rf.60ed6a21b75a73f884561b0550d4b09e.jpg,2025,mixed
datasets/train_on_2025_all\images\GX010666_MP4-0213_jpg.rf.3e01db7f7fb7a7fa3a81aeda45283943.jpg,2025,mixed
datasets/train_on_2025_all\images\GX010666_MP4-0213_jpg.rf.3f37a5a0a36239ebb06fc4dfe704192c.jpg,2025,mixed
datasets/train_on_2025_all\images\GX010666_MP4-0214_jpg.rf.5087b94e46b13770795ebbb0d81decfb.jpg,2025,mixed
datasets/train_on_2025_all\images\GX010666_MP4-0214_jpg.rf.ddd844e8752a00af32758e4abfe25dc6.jpg,2025,mixed
datasets/train_on_2025_all\images\GX010666_MP4-0215_jpg.rf.34ca13da01dab69197e32d85b34fafac.jpg,2025,mixed
datasets/train_on_2025_all\images\GX010666_MP4-0216_jpg.rf.156cf52bf7334e2de5742016d61ba008.jpg,2025,mixed
datasets/train_on_2025_all\images\GX010666_MP4-0216_jpg.rf.eab982db9819b08c17b7d2ad2d868916.jpg,2025,mixed
datasets/train_on_2025_all\images\GX010666_MP4-0217_jpg.rf.b2868d406aaa70980ee0db3c1490d585.jpg,2025,mixed
datasets/train_on_2025_all\images\GX010666_MP4-0217_jpg.rf.b6d5ce03605fba9cec0ae944c6a1a82a.jpg,2025,mixed
datasets/train_on_2025_all\images\GX010666_MP4-0217_jpg.rf.c0a275675fb869b3a67b6ea9948d3c4c.jpg,2025,mixed
datasets/train_on_2025_all\images\GX010666_MP4-0218_jpg.rf.03945d15b90f9c82f3c1168683062297.jpg,2025,mixed
datasets/train_on_2025_all\images\GX010666_MP4-0219_jpg.rf.821b03e17a38da7ac301654981fbb814.jpg,2025,mixed
datasets/train_on_2025_all\images\GX010666_MP4-0219_jpg.rf.8d1f00e84b096903c479ca934df28d3b.jpg,2025,mixed
datasets/train_on_2025_all\images\GX010666_MP4-0220_jpg.rf.9cf9576024ac46ad993febc8c22dc5b7.jpg,2025,mixed
datasets/train_on_2025_all\images\GX010666_MP4-0220_jpg.rf.dc61712d01b2dd620ca05a94ebb21bba.jpg,2025,mixed
datasets/train_on_2025_all\images\GX010666_MP4-0220_jpg.rf.f1a51d7821618007fbae8a311a109dcb.jpg,2025,mixed
datasets/train_on_2025_all\images\GX010666_MP4-0221_jpg.rf.11c578fb0fe021fda84a94ff20209c07.jpg,2025,mixed
datasets/train_on_2025_all\images\GX010666_MP4-0221_jpg.rf.a7b8f500f71bf7222a1a51ebc0e1df30.jpg,2025,mixed
datasets/train_on_2025_all\images\GX010666_MP4-0223_jpg.rf.a9a0b71e6a3ee7ff6187dbb23927d430.jpg,2025,mixed
datasets/train_on_2025_all\images\GX010666_MP4-0224_jpg.rf.f0b5cdca336dc45154ebbef3e1ec88ee.jpg,2025,mixed
datasets/train_on_2025_all\images\GX010666_MP4-0233_jpg.rf.4f9c33d60ba89013945822ca407399dd.jpg,2025,mixed
datasets/train_on_2025_all\images\GX010666_MP4-0233_jpg.rf.ee7adcecef2ecef160d9111c3024a6ee.jpg,2025,mixed
datasets/train_on_2025_all\images\GX010666_MP4-0234_jpg.rf.0046a18b6b6341a6b0577bed2f3ff9cc.jpg,2025,mixed
datasets/train_on_2025_all\images\GX010666_MP4-0234_jpg.rf.283ad4d4571921b505e240613c393d16.jpg,2025,mixed
datasets/train_on_2025_all\images\GX010666_MP4-0235_jpg.rf.1df35261b7bb961f15d3f10839f4bee7.jpg,2025,mixed
datasets/train_on_2025_all\images\GX010666_MP4-0235_jpg.rf.a1d9632b71e16a802e2fc8077bad9ef7.jpg,2025,mixed
datasets/train_on_2025_all\images\GX010666_MP4-0236_jpg.rf.f3e4f768f645fc75869fbd929e47f665.jpg,2025,mixed
datasets/train_on_2025_all\images\GX010666_MP4-0237_jpg.rf.22f143b0bda972142b3bce3cfe6b1637.jpg,2025,mixed
datasets/train_on_2025_all\images\GX010666_MP4-0237_jpg.rf.6134c4816c818248cf712097b105fb6c.jpg,2025,mixed
datasets/train_on_2025_all\images\GX010666_MP4-0237_jpg.rf.c6a8286f4911e29664929f50f2d9bc47.jpg,2025,mixed
datasets/train_on_2025_all\images\GX010666_MP4-0238_jpg.rf.cf35732d2b7e5f03386490ee48cfacd1.jpg,2025,mixed
datasets/train_on_2025_all\images\GX010666_MP4-0239_jpg.rf.901dfedecf6861e054646134ebd518fc.jpg,2025,mixed
datasets/train_on_2025_all\images\GX010666_MP4-0240_jpg.rf.4381ab9b93fd492910f3cc1271da97c1.jpg,2025,mixed
datasets/train_on_2025_all\images\GX010666_MP4-0242_jpg.rf.c32789f640f8532c307377350792fa03.jpg,2025,mixed
datasets/train_on_2025_all\images\GX010666_MP4-0242_jpg.rf.c78a4c588922f20b487b5e1713827d17.jpg,2025,mixed
datasets/train_on_2025_all\images\GX010666_MP4-0242_jpg.rf.fcec15f1c899b21cf8d01d84f7fc36ad.jpg,2025,mixed
datasets/train_on_2025_all\images\GX010666_MP4-0243_jpg.rf.373368c29a5a8c0855dbba72cb6e2a2c.jpg,2025,mixed
datasets/train_on_2025_all\images\GX010666_MP4-0243_jpg.rf.586555e074f7520c1bb9669c2748aaf0.jpg,2025,mixed
datasets/train_on_2025_all\images\GX010666_MP4-0246_jpg.rf.35bd3515d446d501e0c3ae02f3e55b13.jpg,2025,mixed
datasets/train_on_2025_all\images\GX010666_MP4-0247_jpg.rf.23ab8a02e173d3d91b3a35158c52de5b.jpg,2025,mixed
datasets/train_on_2025_all\images\GX010666_MP4-0248_jpg.rf.38bb7257e89b2483aacaa1f326a50358.jpg,2025,mixed
datasets/train_on_2025_all\images\GX010666_MP4-0249_jpg.rf.20c64e63a5ba1abeac1d0f605db40a6c.jpg,2025,mixed
datasets/train_on_2025_all\images\GX010666_MP4-0249_jpg.rf.d147ed8b123fcc9b8e2035d06cbf78d1.jpg,2025,mixed
datasets/train_on_2025_all\images\GX010666_MP4-0252_jpg.rf.aa818fe2702cc0d7ea1b618a699c237d.jpg,2025,mixed
datasets/train_on_2025_all\images\GX010666_MP4-0253_jpg.rf.ecd4e0000fdc5152fc73ffc3e3e91cd3.jpg,2025,mixed
datasets/train_on_2025_all\images\GX010666_MP4-0255_jpg.rf.065922a23ea8d45c3728b53f1b9306b9.jpg,2025,mixed
datasets/train_on_2025_all\images\GX010666_MP4-0256_jpg.rf.a75c171a6e098e032eba47a2d3428d00.jpg,2025,mixed
datasets/train_on_2025_all\images\GX010666_MP4-0257_jpg.rf.fd8ea6106f8bb72e4b375e27014b3db3.jpg,2025,mixed
datasets/train_on_2025_all\images\GX010666_MP4-0258_jpg.rf.c723f6b46b891d222ce3a64bc0514fa9.jpg,2025,mixed
datasets/train_on_2025_all\images\GX010666_MP4-0259_jpg.rf.b35daf3075eb23a5ee1bec3e101dde2b.jpg,2025,mixed
datasets/train_on_2025_all\images\GX010666_MP4-0260_jpg.rf.b73e23de496afd12018854489edccd82.jpg,2025,mixed
datasets/train_on_2025_all\images\GX010666_MP4-0262_jpg.rf.1a748f3725ff6d37f2c3e62ef85441d3.jpg,2025,mixed
datasets/train_on_2025_all\images\GX010666_MP4-0262_jpg.rf.9d0a09a8700244744c1202f0699fa64d.jpg,2025,mixed
datasets/train_on_2025_all\images\GX010666_MP4-0264_jpg.rf.0c5afebcde9c625d909af8070bb5686b.jpg,2025,mixed
datasets/train_on_2025_all\images\GX010666_MP4-0265_jpg.rf.2263a2fa2eb4017037859c64dd23f925.jpg,2025,mixed
datasets/train_on_2025_all\images\GX010666_MP4-0271_jpg.rf.5c4149e5f182ba87d4712c371fa7354f.jpg,2025,mixed
datasets/train_on_2025_all\images\GX010666_MP4-0272_jpg.rf.41b7fc9c93b3a473fff1731e8b82212a.jpg,2025,mixed
datasets/train_on_2025_all\images\GX010666_MP4-0281_jpg.rf.5c62fa6f13a8f801e2e641e7b831aa44.jpg,2025,mixed
datasets/train_on_2025_all\images\GX010666_MP4-0281_jpg.rf.f74f3beaf729a406e0a3582b92002588.jpg,2025,mixed
datasets/train_on_2025_all\images\GX010666_MP4-0282_jpg.rf.6f6b4eabdf6c36c15d9f50db6559e724.jpg,2025,mixed
datasets/train_on_2025_all\images\GX010666_MP4-0283_jpg.rf.b1a3f22c0d71a851e8d9a1429a018e3a.jpg,2025,mixed
datasets/train_on_2025_all\images\GX010666_MP4-0283_jpg.rf.c850cb0909ff3d2c54e1697b8c2a8cc4.jpg,2025,mixed
datasets/train_on_2025_all\images\GX010666_MP4-0286_jpg.rf.188746edd256d352cbcda4c4068236dc.jpg,2025,mixed
datasets/train_on_2025_all\images\GX010666_MP4-0286_jpg.rf.a1dabdb37d7a2e62c6363ca3c95d2d2a.jpg,2025,mixed
datasets/train_on_2025_all\images\GX010666_MP4-0287_jpg.rf.3a728097d1fb67ddf5248d946b7c64f9.jpg,2025,mixed
datasets/train_on_2025_all\images\GX010666_MP4-0287_jpg.rf.58a25fedd9743b99b7d5c559cd159018.jpg,2025,mixed
datasets/train_on_2025_all\images\GX010666_MP4-0288_jpg.rf.6fbe92385be4df4b45eed5f8fec96d26.jpg,2025,mixed
datasets/train_on_2025_all\images\GX010666_MP4-0289_jpg.rf.de4ebda1fbb691af5aaed9cfd2f8b50a.jpg,2025,mixed
datasets/train_on_2025_all\images\GX010666_MP4-0295_jpg.rf.95d2ef06dd5257a254cf04b4c510be8d.jpg,2025,mixed
datasets/train_on_2025_all\images\GX010666_MP4-0298_jpg.rf.4fcdd278799a00e4c5c81857fecacd41.jpg,2025,mixed
datasets/train_on_2025_all\images\GX010666_MP4-0300_jpg.rf.e03031aaf73217325382256572c1f6fc.jpg,2025,mixed
datasets/train_on_2025_all\images\GX010666_MP4-0302_jpg.rf.f65229f730bc3003c066f8ec9bb16c68.jpg,2025,mixed
datasets/train_on_2025_all\images\GX010666_MP4-0302_jpg.rf.fe91c308598096d2c5068267830d41ab.jpg,2025,mixed
datasets/train_on_2025_all\images\GX010666_MP4-0305_jpg.rf.da2fa2e07491c4833e9837818dc85384.jpg,2025,mixed
datasets/train_on_2025_all\images\GX010666_MP4-0306_jpg.rf.86fa0ac0caf195213ce0fae4faa896ea.jpg,2025,mixed
datasets/train_on_2025_all\images\GX010666_MP4-0309_jpg.rf.84646b315ebed512e500219ee6e561cd.jpg,2025,mixed
datasets/train_on_2025_all\images\GX010666_MP4-0310_jpg.rf.8f43f3c617552358de822537d85aaf92.jpg,2025,mixed
datasets/train_on_2025_all\images\GX010666_MP4-0310_jpg.rf.cbc11e24136832c3e5b62741d3057572.jpg,2025,mixed
datasets/train_on_2025_all\images\GX010666_MP4-0310_jpg.rf.f824889c5990937dcfcc30c4d3ee8e5b.jpg,2025,mixed
datasets/train_on_2025_all\images\GX010666_MP4-0311_jpg.rf.50115e02613ad286adc25371b9618b30.jpg,2025,mixed
datasets/train_on_2025_all\images\GX010666_MP4-0312_jpg.rf.06bcd13928296c190d713784af585dfe.jpg,2025,mixed
datasets/train_on_2025_all\images\GX010666_MP4-0313_jpg.rf.77d7c963fb32634a7720c106eaca7c26.jpg,2025,mixed
datasets/train_on_2025_all\images\GX010666_MP4-0313_jpg.rf.81e7e6c8c29f5f25e422f310253c7eb8.jpg,2025,mixed
datasets/train_on_2025_all\images\GX010666_MP4-0317_jpg.rf.12510ee19fa93a8679df3a3d793fd13d.jpg,2025,mixed
datasets/train_on_2025_all\images\GX010666_MP4-0317_jpg.rf.6524315a2715afc69b2e4f52f3a4292f.jpg,2025,mixed
datasets/train_on_2025_all\images\GX010666_MP4-0318_jpg.rf.47803a7d9adf183bd1a83d34abbc7475.jpg,2025,mixed
datasets/train_on_2025_all\images\GX010666_MP4-0318_jpg.rf.9afde6c6ff8161c779b7aa014c630577.jpg,2025,mixed
datasets/train_on_2025_all\images\GX010666_MP4-0319_jpg.rf.9486b8bc949ad2634445610e6c943f65.jpg,2025,mixed
datasets/train_on_2025_all\images\GX010666_MP4-0320_jpg.rf.8acb5665af136f13a0f8e38bfa2237fc.jpg,2025,mixed
datasets/train_on_2025_all\images\GX010666_MP4-0331_jpg.rf.12b1225fae81698b2d345fb9b90ca86c.jpg,2025,mixed
datasets/train_on_2025_all\images\GX010666_MP4-0331_jpg.rf.8ce37774b8a202299785469d139f11fe.jpg,2025,mixed
datasets/train_on_2025_all\images\GX010666_MP4-0333_jpg.rf.c1181e80f44cd7421284f172d4366d34.jpg,2025,mixed
datasets/train_on_2025_all\images\GX010666_MP4-0335_jpg.rf.3a2df5f570fbd04ab6744b17bf6f2716.jpg,2025,mixed
datasets/train_on_2025_all\images\GX010666_MP4-0335_jpg.rf.a6573a88eab21394f2518d824f8aeefa.jpg,2025,mixed
datasets/train_on_2025_all\images\GX010666_MP4-0336_jpg.rf.799289ccfdbffe776b02d4bb53d50ebd.jpg,2025,mixed
datasets/train_on_2025_all\images\GX010666_MP4-0337_jpg.rf.28dff73729102bdfa7e7dc33781aaea4.jpg,2025,mixed
datasets/train_on_2025_all\images\GX010666_MP4-0338_jpg.rf.3799b261db8a0e481ab985c6b41772e3.jpg,2025,mixed
datasets/train_on_2025_all\images\GX010666_MP4-0341_jpg.rf.1e6125f94faff70eabd1db25f6780121.jpg,2025,mixed
datasets/train_on_2025_all\images\GX010666_MP4-0344_jpg.rf.35130135f429419cef8470964c0ee9e6.jpg,2025,mixed
datasets/train_on_2025_all\images\GX010667_MP4-0009_jpg.rf.374e9108928bb3bf5eaf01eb2d761d1f.jpg,2025,mixed
datasets/train_on_2025_all\images\GX010667_MP4-0010_jpg.rf.2339ac84bb05cc17bc12d58c74d07574.jpg,2025,mixed
datasets/train_on_2025_all\images\GX010667_MP4-0010_jpg.rf.e0bff1a934fa0d817a1a773a4381100e.jpg,2025,mixed
datasets/train_on_2025_all\images\GX010667_MP4-0013_jpg.rf.3c9962441091101677864a846c272740.jpg,2025,mixed
datasets/train_on_2025_all\images\GX010667_MP4-0014_jpg.rf.129ad06866cb9f50ac07122c202f1c22.jpg,2025,mixed
datasets/train_on_2025_all\images\GX010667_MP4-0014_jpg.rf.ad2b6fe3a168ad7aaaa8b1147101176f.jpg,2025,mixed
datasets/train_on_2025_all\images\GX010667_MP4-0015_jpg.rf.3083a49874302846d461d771adbbb845.jpg,2025,mixed
datasets/train_on_2025_all\images\GX010667_MP4-0015_jpg.rf.76aa846f5c971746045289eff211342a.jpg,2025,mixed
datasets/train_on_2025_all\images\GX010667_MP4-0017_jpg.rf.02ebd90617f9c5c2ad8c8ed0cc34534f.jpg,2025,mixed
datasets/train_on_2025_all\images\GX010667_MP4-0017_jpg.rf.6a80752b992961a7804c1320207edf80.jpg,2025,mixed
datasets/train_on_2025_all\images\GX010667_MP4-0018_jpg.rf.9ac0559f6e07f9a599fbb572e16cf1aa.jpg,2025,mixed
datasets/train_on_2025_all\images\GX010667_MP4-0019_jpg.rf.1274dbd03aff9f492ff0f8962920b567.jpg,2025,mixed
datasets/train_on_2025_all\images\GX010667_MP4-0020_jpg.rf.4b0363ce25ffc700725019bf383e4024.jpg,2025,mixed
datasets/train_on_2025_all\images\GX010667_MP4-0021_jpg.rf.31b1d574baee80ac4326147873925a8c.jpg,2025,mixed
datasets/train_on_2025_all\images\GX010667_MP4-0021_jpg.rf.c25aeccd0fd354b5a14cef61f4cc6788.jpg,2025,mixed
datasets/train_on_2025_all\images\GX010667_MP4-0024_jpg.rf.7e55024bfd99399061f0d382c274e6d3.jpg,2025,mixed
datasets/train_on_2025_all\images\GX010667_MP4-0024_jpg.rf.e0ede1d3eb6620de323f3ebfb1b47299.jpg,2025,mixed
datasets/train_on_2025_all\images\GX010667_MP4-0027_jpg.rf.03a51aeeb5e6b26644cd7c7bcf4be278.jpg,2025,mixed
datasets/train_on_2025_all\images\GX010667_MP4-0027_jpg.rf.1d926a44d344816703e93255afc1f746.jpg,2025,mixed
datasets/train_on_2025_all\images\GX010667_MP4-0027_jpg.rf.a629e2c201978d3395415ff2cb12e711.jpg,2025,mixed
datasets/train_on_2025_all\images\GX010667_MP4-0028_jpg.rf.075573af8e33444021e6a85b1a534cbe.jpg,2025,mixed
datasets/train_on_2025_all\images\GX010667_MP4-0029_jpg.rf.51387df2dbc16688e5eb2869c7eb7fa7.jpg,2025,mixed
datasets/train_on_2025_all\images\GX010667_MP4-0030_jpg.rf.152b35276b58dd7da2e99548febcc64d.jpg,2025,mixed
datasets/train_on_2025_all\images\GX010667_MP4-0030_jpg.rf.6a8df5780107e92f73e6b86f7b4e22bc.jpg,2025,mixed
datasets/train_on_2025_all\images\GX010667_MP4-0031_jpg.rf.40ff59eb6ca6bdd24c7ba0264e986b98.jpg,2025,mixed
datasets/train_on_2025_all\images\GX010667_MP4-0031_jpg.rf.a3edae53f059c749f2df0de04173b5c4.jpg,2025,mixed
datasets/train_on_2025_all\images\GX010667_MP4-0032_jpg.rf.c00156a52dfca8118a51fb7121511bdb.jpg,2025,mixed
datasets/train_on_2025_all\images\GX010667_MP4-0033_jpg.rf.108aae399f3d12aa628c9e87b7ae2d64.jpg,2025,mixed
datasets/train_on_2025_all\images\GX010667_MP4-0033_jpg.rf.4ff3b9f2e18e6e98dc5fcffbcda70eee.jpg,2025,mixed
datasets/train_on_2025_all\images\GX010667_MP4-0034_jpg.rf.d8f3ef76b755a0fd03d74bf21a56d18f.jpg,2025,mixed
datasets/train_on_2025_all\images\GX010667_MP4-0035_jpg.rf.b6c5b72b97e2ac9b6531d6d421fe6e70.jpg,2025,mixed
datasets/train_on_2025_all\images\GX010667_MP4-0035_jpg.rf.e931147b4dbf4c16e5d0171acc14e5a0.jpg,2025,mixed
datasets/train_on_2025_all\images\GX010667_MP4-0037_jpg.rf.5ed362c53f434220bbae869846478248.jpg,2025,mixed
datasets/train_on_2025_all\images\GX010667_MP4-0037_jpg.rf.f4e733b64f963b806dca020f5ff20ffe.jpg,2025,mixed
datasets/train_on_2025_all\images\GX010667_MP4-0040_jpg.rf.a96c0492d44d3d29bab4213056d28a7d.jpg,2025,mixed
datasets/train_on_2025_all\images\GX010667_MP4-0040_jpg.rf.d820e8ced5250cf63e279b01e6d7eb46.jpg,2025,mixed
datasets/train_on_2025_all\images\GX010667_MP4-0041_jpg.rf.3c1f7e5b4f131c2db3487f9ca330d699.jpg,2025,mixed
datasets/train_on_2025_all\images\GX010667_MP4-0043_jpg.rf.4c51e3f8d19f65f0b9d0e0391716e52e.jpg,2025,mixed
datasets/train_on_2025_all\images\GX010667_MP4-0043_jpg.rf.a9851615b8188821fad580948a8b72ce.jpg,2025,mixed
datasets/train_on_2025_all\images\GX010667_MP4-0044_jpg.rf.05780a88b3d0708ff9429804fa7ac7c5.jpg,2025,mixed
datasets/train_on_2025_all\images\GX010667_MP4-0044_jpg.rf.2232efe2174e7781f06f88975723f7d5.jpg,2025,mixed
datasets/train_on_2025_all\images\GX010667_MP4-0044_jpg.rf.e8b24d5738acbc69d3a07ce60690b818.jpg,2025,mixed
datasets/train_on_2025_all\images\GX010667_MP4-0045_jpg.rf.73d391376024507fe3f6244012e65cc6.jpg,2025,mixed
datasets/train_on_2025_all\images\GX010667_MP4-0045_jpg.rf.9b9de2dc18b4e46652f6881545ee8a7d.jpg,2025,mixed
datasets/train_on_2025_all\images\GX010668_MP4-0008_jpg.rf.bfe335ef5e8e8ab498cacce29a552436.jpg,2025,mixed
datasets/train_on_2025_all\images\GX010668_MP4-0010_jpg.rf.cd0d6360663ee505ad23b6789e941256.jpg,2025,mixed
datasets/train_on_2025_all\images\GX010668_MP4-0011_jpg.rf.4b70994872514a31e1a39521bca354c0.jpg,2025,mixed
datasets/train_on_2025_all\images\GX010668_MP4-0019_jpg.rf.36c2484d8449fbb4cb3ab857776551fd.jpg,2025,mixed
datasets/train_on_2025_all\images\GX010668_MP4-0020_jpg.rf.25733a8da806e157af0a70fcfd1964eb.jpg,2025,mixed
datasets/train_on_2025_all\images\GX010668_MP4-0021_jpg.rf.65bc495b504ae78fe0ba5e07eaeb98e1.jpg,2025,mixed
datasets/train_on_2025_all\images\GX010668_MP4-0026_jpg.rf.0272e54256752302a70b4b2a83327529.jpg,2025,mixed
datasets/train_on_2025_all\images\GX010668_MP4-0027_jpg.rf.96ab80e7cdfd27db21cc70924d7ebe22.jpg,2025,mixed
datasets/train_on_2025_all\images\GX010668_MP4-0027_jpg.rf.dfba450f0a49c9e7d7acfc70a6b249c8.jpg,2025,mixed
datasets/train_on_2025_all\images\GX010668_MP4-0028_jpg.rf.20ecb8ddd11bc97ee4e01d5a6789bfa8.jpg,2025,mixed
datasets/train_on_2025_all\images\GX010668_MP4-0028_jpg.rf.c6fefb06583fb140fcf1f9c43206c21a.jpg,2025,mixed
datasets/train_on_2025_all\images\GX010668_MP4-0029_jpg.rf.a7f955d3a8af8ecd50b5eb56c8a2221e.jpg,2025,mixed
datasets/train_on_2025_all\images\GX010668_MP4-0031_jpg.rf.8cb6d88e16db7eb68ae56c309976a2fd.jpg,2025,mixed
datasets/train_on_2025_all\images\GX010668_MP4-0031_jpg.rf.fefd527de37bfce52ee3d0a27dfa4934.jpg,2025,mixed
datasets/train_on_2025_all\images\GX010668_MP4-0032_jpg.rf.49df7a85e93b6486a75f9b82383c7df5.jpg,2025,mixed
datasets/train_on_2025_all\images\GX010668_MP4-0034_jpg.rf.75ee23a2da0110c1dc52b5ad6e5ed0e9.jpg,2025,mixed
datasets/train_on_2025_all\images\GX010668_MP4-0035_jpg.rf.5b5a3a57ceedf5caede684bd62ff2ed9.jpg,2025,mixed
datasets/train_on_2025_all\images\GX010668_MP4-0035_jpg.rf.fc7b066af1640282d5617a2eb5ba582a.jpg,2025,mixed
datasets/train_on_2025_all\images\GX010668_MP4-0036_jpg.rf.112d4ad82a4f29f5f41471b4d291522c.jpg,2025,mixed
datasets/train_on_2025_all\images\GX010668_MP4-0036_jpg.rf.9a501206f9c6669a56fc50da46f7dd20.jpg,2025,mixed
datasets/train_on_2025_all\images\GX010668_MP4-0039_jpg.rf.060990918c2661e7cb1f6f10728cf61d.jpg,2025,mixed
datasets/train_on_2025_all\images\GX010668_MP4-0039_jpg.rf.28e79bcb92b7ce8df51ff9d6d695a21c.jpg,2025,mixed
datasets/train_on_2025_all\images\GX010668_MP4-0040_jpg.rf.4022e52e2a91615ed75d3d2ac1ac61c8.jpg,2025,mixed
datasets/train_on_2025_all\images\GX010668_MP4-0040_jpg.rf.9915599d592171ae52130f2ff6184272.jpg,2025,mixed
datasets/train_on_2025_all\images\GX010668_MP4-0041_jpg.rf.0eabd2885454da759586a753eef31a8c.jpg,2025,mixed
datasets/train_on_2025_all\images\GX010668_MP4-0042_jpg.rf.40a022ba685d07276ed83b44b71f08d4.jpg,2025,mixed
datasets/train_on_2025_all\images\GX010668_MP4-0043_jpg.rf.305437c2c5f0f0c4d4fe71226ad334b7.jpg,2025,mixed
datasets/train_on_2025_all\images\GX010668_MP4-0043_jpg.rf.d178254d866b15b57244625b8f24a5ab.jpg,2025,mixed
datasets/train_on_2025_all\images\GX010668_MP4-0044_jpg.rf.c785095c25da94657ed954d7f2efea35.jpg,2025,mixed
datasets/train_on_2025_all\images\GX010668_MP4-0044_jpg.rf.d861e37d767ab8c44714b949e7516e04.jpg,2025,mixed
datasets/train_on_2025_all\images\GX010668_MP4-0046_jpg.rf.1939afb18cb10e4b03639fc9e5231618.jpg,2025,mixed
datasets/train_on_2025_all\images\GX010668_MP4-0046_jpg.rf.33b78a8a1afa9ed88fb72f538ff2138c.jpg,2025,mixed
datasets/train_on_2025_all\images\GX010668_MP4-0047_jpg.rf.3c17390151407113b67e4e264c60fe47.jpg,2025,mixed
datasets/train_on_2025_all\images\GX010668_MP4-0047_jpg.rf.7db8667733213d10e3306d6c7be75e26.jpg,2025,mixed
datasets/train_on_2025_all\images\GX010668_MP4-0048_jpg.rf.01e03de86c52add316aac39fd3d8c641.jpg,2025,mixed
datasets/train_on_2025_all\images\GX010668_MP4-0049_jpg.rf.494b1c44f431ac05440950b5565d1a8e.jpg,2025,mixed
datasets/train_on_2025_all\images\GX010668_MP4-0050_jpg.rf.9e52cc13b797640ad19763b755d82c5b.jpg,2025,mixed
datasets/train_on_2025_all\images\GX010668_MP4-0050_jpg.rf.d0ed6442072ffb2f0ea642fd4efb62b0.jpg,2025,mixed
datasets/train_on_2025_all\images\GX010668_MP4-0052_jpg.rf.f79cce009715e294f3a624a19d3ff4b3.jpg,2025,mixed
datasets/train_on_2025_all\images\GX010668_MP4-0055_jpg.rf.214f488e484f8f9870a00c7f3db42ec1.jpg,2025,mixed
datasets/train_on_2025_all\images\GX010668_MP4-0055_jpg.rf.61cf2b75fd7fc0e3ac04d173ee79fab5.jpg,2025,mixed
datasets/train_on_2025_all\images\frame_00002_jpg.rf.81e4d2d34334c3e62d52a2aaf1841b65.jpg,2025,mixed
datasets/train_on_2025_all\images\frame_00003_jpg.rf.3ae6ccc87659809e194e2556d90c364b.jpg,2025,mixed
datasets/train_on_2025_all\images\frame_00003_jpg.rf.42c03ad0db5e42c1cc474e5ffee4acda.jpg,2025,mixed
datasets/train_on_2025_all\images\frame_00003_jpg.rf.d8d3e2d8d3c9a4cf40b2ab2e95ba1e6a.jpg,2025,mixed
datasets/train_on_2025_all\images\frame_00004_jpg.rf.218144c56928d193f449c445b97971ab.jpg,2025,mixed
datasets/train_on_2025_all\images\frame_00004_jpg.rf.6b84e6ce0ce299b222b6b2b97dcb0e31.jpg,2025,mixed
datasets/train_on_2025_all\images\frame_00004_jpg.rf.9c968ac8bae486c821c5bc257dfedd7e.jpg,2025,mixed
datasets/train_on_2025_all\images\frame_00004_jpg.rf.d1eb9dec04905336e1852cb870754a62.jpg,2025,mixed
datasets/train_on_2025_all\images\frame_00005_jpg.rf.281ffad5dbd4c5accc812baf1da4af81.jpg,2025,mixed
datasets/train_on_2025_all\images\frame_00005_jpg.rf.39862fc3570999bcc7bcbb9d51c4f1fb.jpg,2025,mixed
datasets/train_on_2025_all\images\frame_00005_jpg.rf.400a144994418b11fa5d367fdf752168.jpg,2025,mixed
datasets/train_on_2025_all\images\frame_00005_jpg.rf.543091a76c30c92669719d24e52a4f95.jpg,2025,mixed
datasets/train_on_2025_all\images\frame_00005_jpg.rf.a4fbdb6ea2709dca15495c40ef3d85c0.jpg,2025,mixed
datasets/train_on_2025_all\images\frame_00005_jpg.rf.c42ac8118f9093bec750f88f7f25b84a.jpg,2025,mixed
datasets/train_on_2025_all\images\frame_00005_jpg.rf.ce60b95c400ab73280a4d974431fbdf8.jpg,2025,mixed
datasets/train_on_2025_all\images\frame_00005_jpg.rf.dba90d4b4eaa2fe3543fd2d1abb0aa21.jpg,2025,mixed
datasets/train_on_2025_all\images\frame_00006_jpg.rf.038b169031e15fcf877d1b6ff1af1348.jpg,2025,mixed
datasets/train_on_2025_all\images\frame_00006_jpg.rf.6f104ffc740898a5b9b5bf81f307874a.jpg,2025,mixed
datasets/train_on_2025_all\images\frame_00006_jpg.rf.89372a8bf7fe3d7090f5e9d20f446fd1.jpg,2025,mixed
datasets/train_on_2025_all\images\frame_00006_jpg.rf.b1e2f6b39721d564a4a3b390602e6d74.jpg,2025,mixed
datasets/train_on_2025_all\images\frame_00006_jpg.rf.f3a0aba8fbfb1a5d5c6cd9b555cf4d99.jpg,2025,mixed
datasets/train_on_2025_all\images\frame_00007_jpg.rf.2c644dbeadfda868a6c6d6ca5c29f6eb.jpg,2025,mixed
datasets/train_on_2025_all\images\frame_00007_jpg.rf.3190f604ce8917bc6c8ad412b5d8e100.jpg,2025,mixed
datasets/train_on_2025_all\images\frame_00007_jpg.rf.5b36de2e773734c85be4a2e3df7a314d.jpg,2025,mixed
datasets/train_on_2025_all\images\frame_00007_jpg.rf.7575f4db9b9cfeac208a6e09c37ff2c3.jpg,2025,mixed
datasets/train_on_2025_all\images\frame_00007_jpg.rf.99d6e27d19ba41124d89d12e9ae68306.jpg,2025,mixed
datasets/train_on_2025_all\images\frame_00007_jpg.rf.c9c871e0ba4d59f0c64afca3615e4b5e.jpg,2025,mixed
datasets/train_on_2025_all\images\frame_00007_jpg.rf.ce845d4b9989d584fdb47d834c7814c3.jpg,2025,mixed
datasets/train_on_2025_all\images\frame_00007_jpg.rf.df175e2f7ab0148dbd824f69da57754c.jpg,2025,mixed
datasets/train_on_2025_all\images\frame_00008_jpg.rf.188ffe17721d4d241178344db4711dd6.jpg,2025,mixed
datasets/train_on_2025_all\images\frame_00008_jpg.rf.ad138de2472f10d072daac70fb4d56ba.jpg,2025,mixed
datasets/train_on_2025_all\images\frame_00008_jpg.rf.ce267c492735efd81df40bc5a5fdc882.jpg,2025,mixed
datasets/train_on_2025_all\images\frame_00009_jpg.rf.7d91091c1cf2e42ac6fba56f7103fc54.jpg,2025,mixed
datasets/train_on_2025_all\images\frame_00009_jpg.rf.c8d320a217d012645cba27190c3be9d5.jpg,2025,mixed
datasets/train_on_2025_all\images\frame_00009_jpg.rf.d2671c8d580369af76cea49833fb4a05.jpg,2025,mixed
datasets/train_on_2025_all\images\frame_00009_jpg.rf.f07aa488b2e3f43bad477b51256f7244.jpg,2025,mixed
datasets/train_on_2025_all\images\frame_00010_jpg.rf.58ca5f4adf6c42b3427723f0a2628ae5.jpg,2025,mixed
datasets/train_on_2025_all\images\frame_00010_jpg.rf.7d98e67b4ec45098752fb95486542ff9.jpg,2025,mixed
datasets/train_on_2025_all\images\frame_00010_jpg.rf.82212d4a8709b29090aff803358b1f18.jpg,2025,mixed
datasets/train_on_2025_all\images\frame_00010_jpg.rf.a1b920fbd47c25211c628be795daf4b3.jpg,2025,mixed
datasets/train_on_2025_all\images\frame_00010_jpg.rf.a52f6f0ea794c0f358b63aa3b974419b.jpg,2025,mixed
datasets/train_on_2025_all\images\frame_00010_jpg.rf.c62e1ed29eb686641fd6c490c38af66d.jpg,2025,mixed
datasets/train_on_2025_all\images\frame_00010_jpg.rf.f2f77a0e1bb2122fdd28d7c8c0a68653.jpg,2025,mixed
datasets/train_on_2025_all\images\frame_00011_jpg.rf.1fcc49c8b0fc89f7a3a3f0f9952da1df.jpg,2025,mixed
datasets/train_on_2025_all\images\frame_00011_jpg.rf.3c1775a81cf8f88d22c075a4160c2e1e.jpg,2025,mixed
datasets/train_on_2025_all\images\frame_00011_jpg.rf.4f19e68cdc93edcc14059ec620daea7d.jpg,2025,mixed
datasets/train_on_2025_all\images\frame_00011_jpg.rf.975b52169461b6e0516f23e40a98147c.jpg,2025,mixed
datasets/train_on_2025_all\images\frame_00011_jpg.rf.b66e39b2805515df290d32ae4e69c027.jpg,2025,mixed
datasets/train_on_2025_all\images\frame_00011_jpg.rf.b8b1a3fd7b62dd82d7cd3bbc682f54a7.jpg,2025,mixed
datasets/train_on_2025_all\images\frame_00011_jpg.rf.ce61f94599259c92f54fb182f780fbe2.jpg,2025,mixed
datasets/train_on_2025_all\images\frame_00011_jpg.rf.dcabad4bbba54e756b013e97dd23c08e.jpg,2025,mixed
datasets/train_on_2025_all\images\frame_00011_jpg.rf.f3e6ddd10392a0197b88fd328a73db46.jpg,2025,mixed
datasets/train_on_2025_all\images\frame_00011_jpg.rf.fef6407c8d34aa751464d063276fd291.jpg,2025,mixed
datasets/train_on_2025_all\images\frame_00012_jpg.rf.0f81f75d47a2023ae72f9bfacffec0f1.jpg,2025,mixed
datasets/train_on_2025_all\images\frame_00012_jpg.rf.11ed1fc12ec2f8b018b48bfe25c17968.jpg,2025,mixed
datasets/train_on_2025_all\images\frame_00012_jpg.rf.3515fba64554e6fc8794a683796ed5a5.jpg,2025,mixed
datasets/train_on_2025_all\images\frame_00012_jpg.rf.b327326d0cbc9e663dd5b02c13ecf1a1.jpg,2025,mixed
datasets/train_on_2025_all\images\frame_00012_jpg.rf.d5367e86c8973aad59dea34746bb7567.jpg,2025,mixed
datasets/train_on_2025_all\images\frame_00013_jpg.rf.1899238de463496a8186daabf966c102.jpg,2025,mixed
datasets/train_on_2025_all\images\frame_00013_jpg.rf.23a48c47eeee0b7fa9b0bfebd5014129.jpg,2025,mixed
datasets/train_on_2025_all\images\frame_00013_jpg.rf.5f647dda9e1171f42c6b62373e8025cb.jpg,2025,mixed
datasets/train_on_2025_all\images\frame_00013_jpg.rf.ac522859c488f77bc01bbd9ddf6874a5.jpg,2025,mixed
datasets/train_on_2025_all\images\frame_00013_jpg.rf.b3396acf74af18d7089a3047d4be5d20.jpg,2025,mixed
datasets/train_on_2025_all\images\frame_00013_jpg.rf.de50b537844f2f7bbe8ba620b59eb03f.jpg,2025,mixed
datasets/train_on_2025_all\images\frame_00014_jpg.rf.243884c77901410e44dfd1d0302003bc.jpg,2025,mixed
datasets/train_on_2025_all\images\frame_00014_jpg.rf.3736b8c466391833b4bc665e26c8075b.jpg,2025,mixed
datasets/train_on_2025_all\images\frame_00014_jpg.rf.3896287d5f1ac17f5bb01b014ffc96af.jpg,2025,mixed
datasets/train_on_2025_all\images\frame_00014_jpg.rf.6ea7fb2cf517954763e38e90ff237d01.jpg,2025,mixed
datasets/train_on_2025_all\images\frame_00014_jpg.rf.9b9bd34dc165431135ddc39fd6827b44.jpg,2025,mixed
datasets/train_on_2025_all\images\frame_00015_jpg.rf.0abf8e298d11a6e3bf029d71a9ba5b09.jpg,2025,mixed
datasets/train_on_2025_all\images\frame_00015_jpg.rf.0ca3b7f2838664bff3359ac8b4c88485.jpg,2025,mixed
datasets/train_on_2025_all\images\frame_00015_jpg.rf.5b42fbdcf94c53ca1acdf76f3e035605.jpg,2025,mixed
datasets/train_on_2025_all\images\frame_00015_jpg.rf.b93c7c20acaed42ea4d86837a3485a47.jpg,2025,mixed
datasets/train_on_2025_all\images\frame_00015_jpg.rf.cc394da2792202c34f76ada70c3efb5e.jpg,2025,mixed
datasets/train_on_2025_all\images\frame_00016_jpg.rf.0006f06b9938f0a50d749b7edc17ac5b.jpg,2025,mixed
datasets/train_on_2025_all\images\frame_00016_jpg.rf.16e8915aa59422a8497316f6cf8b7692.jpg,2025,mixed
datasets/train_on_2025_all\images\frame_00016_jpg.rf.6dfb2d04cbb42db5c89f9d08f4aec709.jpg,2025,mixed
datasets/train_on_2025_all\images\frame_00016_jpg.rf.cd8d3275b870b281a9d7025cbdfab499.jpg,2025,mixed
datasets/train_on_2025_all\images\frame_00016_jpg.rf.e44b0ad8027c5cb307c7cfa7489a6d8f.jpg,2025,mixed
datasets/train_on_2025_all\images\frame_00017_jpg.rf.19afc68b2917a45db194e789f87a5e9d.jpg,2025,mixed
datasets/train_on_2025_all\images\frame_00017_jpg.rf.28efa9110f3172cd77ae356b9fa49b9b.jpg,2025,mixed
datasets/train_on_2025_all\images\frame_00017_jpg.rf.41482e5a6c1ce704f44664dc93fd4ff8.jpg,2025,mixed
datasets/train_on_2025_all\images\frame_00017_jpg.rf.a1ee837e62f6b24c1a7f7d4cb5dbf462.jpg,2025,mixed
datasets/train_on_2025_all\images\frame_00017_jpg.rf.f337ff5f85bfdab1b81feab6827cf4d1.jpg,2025,mixed
datasets/train_on_2025_all\images\frame_00018_jpg.rf.045654780a1929c8e3a9410683e00f56.jpg,2025,mixed
datasets/train_on_2025_all\images\frame_00018_jpg.rf.179ae3e04029bd991aa85413728f9d9a.jpg,2025,mixed
datasets/train_on_2025_all\images\frame_00018_jpg.rf.278317fcbd5a9faafd688f71cbfed544.jpg,2025,mixed
datasets/train_on_2025_all\images\frame_00018_jpg.rf.2fc79adf4f348bcc0467b5a5b102bae8.jpg,2025,mixed
datasets/train_on_2025_all\images\frame_00018_jpg.rf.50801ade734e72657c66008b8589730a.jpg,2025,mixed
datasets/train_on_2025_all\images\frame_00018_jpg.rf.91f3dd57c0fd328f0cc84e09ec1f98e0.jpg,2025,mixed
datasets/train_on_2025_all\images\frame_00018_jpg.rf.9f273c1f7d6b057e34c98de7bf38df3b.jpg,2025,mixed
datasets/train_on_2025_all\images\frame_00018_jpg.rf.d42ae9613341fe7894d9414466dc603f.jpg,2025,mixed
datasets/train_on_2025_all\images\frame_00018_jpg.rf.f0ba91aa037e6904c98b49b4b8319cc3.jpg,2025,mixed
datasets/train_on_2025_all\images\frame_00018_jpg.rf.f7b0d836e8ede3457a56ecc90885e51e.jpg,2025,mixed
datasets/train_on_2025_all\images\frame_00018_jpg.rf.ffd06b013d24005afb72f5b20153d629.jpg,2025,mixed
datasets/train_on_2025_all\images\frame_00019_jpg.rf.4972f7f1306d9a19950c5aa2b1deb74c.jpg,2025,mixed
datasets/train_on_2025_all\images\frame_00019_jpg.rf.fffe4148ce522bbf09b5d76a1bda06ea.jpg,2025,mixed
datasets/train_on_2025_all\images\frame_00020_jpg.rf.0843d5ffd03ce464d91e9c0aeee009bf.jpg,2025,mixed
datasets/train_on_2025_all\images\frame_00020_jpg.rf.57a81ca25f6d90da0e6b71379228331f.jpg,2025,mixed
datasets/train_on_2025_all\images\frame_00020_jpg.rf.59db2c9a4fa2ade9da9a747a3d69d1cb.jpg,2025,mixed
datasets/train_on_2025_all\images\frame_00020_jpg.rf.9034c00facbf2733856f3e170459db10.jpg,2025,mixed
datasets/train_on_2025_all\images\frame_00020_jpg.rf.cd618e25dc4f5272b7f730cb35aa9153.jpg,2025,mixed
datasets/train_on_2025_all\images\frame_00021_jpg.rf.3d2e5a137659b5572f3ef13cc5a469a8.jpg,2025,mixed
datasets/train_on_2025_all\images\frame_00021_jpg.rf.40c6cdeea8ec812ddb4e19eb77491a39.jpg,2025,mixed
datasets/train_on_2025_all\images\frame_00021_jpg.rf.497b1453a3af357671bd3338af6d7234.jpg,2025,mixed
datasets/train_on_2025_all\images\frame_00021_jpg.rf.5fa93950d002d8747129ea453eb03005.jpg,2025,mixed
datasets/train_on_2025_all\images\frame_00021_jpg.rf.b6c62b609d77fc66457bdd13984b0c13.jpg,2025,mixed
datasets/train_on_2025_all\images\frame_00021_jpg.rf.e68a4fde0be221e55b58495bc4ae76ae.jpg,2025,mixed
datasets/train_on_2025_all\images\frame_00022_jpg.rf.00a3e8a8c59d115c010980eecbcbc981.jpg,2025,mixed
datasets/train_on_2025_all\images\frame_00022_jpg.rf.20b28e51bb708d6d59be2dde3de0b5d3.jpg,2025,mixed
datasets/train_on_2025_all\images\frame_00022_jpg.rf.8c7b269bb249e42c10204c8db51d1ee6.jpg,2025,mixed
datasets/train_on_2025_all\images\frame_00022_jpg.rf.9143511b01670e95a8a37257afd2f2a4.jpg,2025,mixed
datasets/train_on_2025_all\images\frame_00022_jpg.rf.9fc8036e0b14107e76e94ced5ba67eb1.jpg,2025,mixed
datasets/train_on_2025_all\images\frame_00022_jpg.rf.a7413cc843a178a31386ac902e68a009.jpg,2025,mixed
datasets/train_on_2025_all\images\frame_00022_jpg.rf.b77cfea51c2f942f4fcfe7bf9bfe38f6.jpg,2025,mixed
datasets/train_on_2025_all\images\frame_00022_jpg.rf.f6a124814a4412fd89e58ceafb68c3b3.jpg,2025,mixed
datasets/train_on_2025_all\images\frame_00023_jpg.rf.37719a9f4db571a4885226f11b2a1141.jpg,2025,mixed
datasets/train_on_2025_all\images\frame_00023_jpg.rf.3bb851dbfa187ed5572a1dddb75796e7.jpg,2025,mixed
datasets/train_on_2025_all\images\frame_00023_jpg.rf.41ff1bc2341bd137102db1018d38aef9.jpg,2025,mixed
datasets/train_on_2025_all\images\frame_00023_jpg.rf.5e20a01802ee77676401fc00ddb98f25.jpg,2025,mixed
datasets/train_on_2025_all\images\frame_00023_jpg.rf.6d659c188c4c9211ce5b062ec76ed9ce.jpg,2025,mixed
datasets/train_on_2025_all\images\frame_00023_jpg.rf.f99b971e043528f1771578954f7c7e65.jpg,2025,mixed
datasets/train_on_2025_all\images\frame_00024_jpg.rf.1ce1665d30deba75c8fb1833770c2e52.jpg,2025,mixed
datasets/train_on_2025_all\images\frame_00024_jpg.rf.2b73d46449ce50985da63754fb793f49.jpg,2025,mixed
datasets/train_on_2025_all\images\frame_00024_jpg.rf.328dc5ed81a6470075da56c7393f5714.jpg,2025,mixed
datasets/train_on_2025_all\images\frame_00024_jpg.rf.34358c461cc033d93d5783b5ddf5289b.jpg,2025,mixed
datasets/train_on_2025_all\images\frame_00024_jpg.rf.44840d0343e3ffeea04a77b97f7f57bf.jpg,2025,mixed
datasets/train_on_2025_all\images\frame_00024_jpg.rf.45ee8157eda53e08ca049cc9dad9ea71.jpg,2025,mixed
datasets/train_on_2025_all\images\frame_00024_jpg.rf.4c524da7088af043126614f712d60a44.jpg,2025,mixed
datasets/train_on_2025_all\images\frame_00024_jpg.rf.4e7eb7312b2bca1e8a8a7fd8a25e2c91.jpg,2025,mixed
datasets/train_on_2025_all\images\frame_00024_jpg.rf.4f130cca72d0025f399ef1c81f64eec5.jpg,2025,mixed
datasets/train_on_2025_all\images\frame_00024_jpg.rf.52d2c3122664af4a78296563cc100a2f.jpg,2025,mixed
datasets/train_on_2025_all\images\frame_00024_jpg.rf.9288bfda87a819f14c3c14f353141405.jpg,2025,mixed
datasets/train_on_2025_all\images\frame_00024_jpg.rf.9594c0a7d23cc9ae4cab491b642b90c1.jpg,2025,mixed
datasets/train_on_2025_all\images\frame_00024_jpg.rf.ccd5db1fbafa3f70e82b12b1c58c295b.jpg,2025,mixed
datasets/train_on_2025_all\images\frame_00024_jpg.rf.ebc70daf1fc619aacc8c6252b65d0986.jpg,2025,mixed
datasets/train_on_2025_all\images\frame_00025_jpg.rf.0630eb74c7796151d5eaa04852a8116d.jpg,2025,mixed
datasets/train_on_2025_all\images\frame_00025_jpg.rf.1a9444350a161ae93be8919d1c407bb8.jpg,2025,mixed
datasets/train_on_2025_all\images\frame_00025_jpg.rf.3e6b53ba9b091caffd74a4d4cb245b00.jpg,2025,mixed
datasets/train_on_2025_all\images\frame_00025_jpg.rf.55c13eb61f1fb77ca94bd7d550e6329a.jpg,2025,mixed
datasets/train_on_2025_all\images\frame_00025_jpg.rf.583c7d416d4baf248ff0678e0df47a9d.jpg,2025,mixed
datasets/train_on_2025_all\images\frame_00025_jpg.rf.8707b2fd09fedd194f9e5cfb5fc787cc.jpg,2025,mixed
datasets/train_on_2025_all\images\frame_00025_jpg.rf.8937ca4aaef9d162c5c1903c832a4f3d.jpg,2025,mixed
datasets/train_on_2025_all\images\frame_00025_jpg.rf.a4b644fa4b6e683f7bbfef5b0dfc3e3e.jpg,2025,mixed
datasets/train_on_2025_all\images\frame_00025_jpg.rf.b66601b1125282fd3d6fbe1e502ed3f9.jpg,2025,mixed
datasets/train_on_2025_all\images\frame_00025_jpg.rf.b8776ecf83367c4fcac1621f4ad3e720.jpg,2025,mixed
datasets/train_on_2025_all\images\frame_00025_jpg.rf.fd5fdb4ed544b48caff91b415a677c2b.jpg,2025,mixed
datasets/train_on_2025_all\images\frame_00026_jpg.rf.09b4ff5342fbb09376ad2bcdf68e4b0b.jpg,2025,mixed
datasets/train_on_2025_all\images\frame_00026_jpg.rf.18a6b4bac86b6c8093a18918f9d53757.jpg,2025,mixed
datasets/train_on_2025_all\images\frame_00026_jpg.rf.4fe6c121e11dba1d5ba048b469aacae6.jpg,2025,mixed
datasets/train_on_2025_all\images\frame_00026_jpg.rf.51204a4543b65166c53d6a8174374915.jpg,2025,mixed
datasets/train_on_2025_all\images\frame_00026_jpg.rf.6af6b8cd41175cebe9e5f4e4d3062d1c.jpg,2025,mixed
datasets/train_on_2025_all\images\frame_00026_jpg.rf.e31b5029d708ba2b9444a82a9e65554b.jpg,2025,mixed
datasets/train_on_2025_all\images\frame_00026_jpg.rf.f01d45646b0a7324c3a3fd9b4baa162d.jpg,2025,mixed
datasets/train_on_2025_all\images\frame_00027_jpg.rf.36e0d5c45e6edc101df3b5cb344b2b27.jpg,2025,mixed
datasets/train_on_2025_all\images\frame_00027_jpg.rf.9588b5e343899cd273aa55b75f0032ad.jpg,2025,mixed
datasets/train_on_2025_all\images\frame_00027_jpg.rf.a05589f3c63641756d62080d5f2769f2.jpg,2025,mixed
datasets/train_on_2025_all\images\frame_00028_jpg.rf.605cd7bcaa1f228d70e6099eac3aa7e0.jpg,2025,mixed
datasets/train_on_2025_all\images\frame_00028_jpg.rf.7e90b77f1e5ed5416e682eed8e26ce58.jpg,2025,mixed
datasets/train_on_2025_all\images\frame_00028_jpg.rf.a2bbb85f7973642f1c9b7c7604499e98.jpg,2025,mixed
datasets/train_on_2025_all\images\frame_00028_jpg.rf.be76e7ad97e7b9dc5fa5f5b011bb2f33.jpg,2025,mixed
datasets/train_on_2025_all\images\frame_00028_jpg.rf.c77a82685594ecbee8924d7c50865acb.jpg,2025,mixed
datasets/train_on_2025_all\images\frame_00028_jpg.rf.ca671a6b78e864c17c1444fdf695dfb2.jpg,2025,mixed
datasets/train_on_2025_all\images\frame_00028_jpg.rf.dfac5e60b1f1df28338a101bafa92877.jpg,2025,mixed
datasets/train_on_2025_all\images\frame_00029_jpg.rf.34fda7fa17f945bb8ef8e66541fea8b5.jpg,2025,mixed
datasets/train_on_2025_all\images\frame_00029_jpg.rf.402214ee5a68c2e2f9af3707f65fdbed.jpg,2025,mixed
datasets/train_on_2025_all\images\frame_00029_jpg.rf.5542ce159e6b93a4d785b34cc6873008.jpg,2025,mixed
datasets/train_on_2025_all\images\frame_00029_jpg.rf.5b3c0945cd90cd8f81ddd51bc50015d5.jpg,2025,mixed
datasets/train_on_2025_all\images\frame_00029_jpg.rf.79550d162d34f00531ac3b928257776e.jpg,2025,mixed
datasets/train_on_2025_all\images\frame_00029_jpg.rf.89013e8d6bdeca0fb11abb6e3368f38d.jpg,2025,mixed
datasets/train_on_2025_all\images\frame_00029_jpg.rf.a876375a6f4b501d74625f6afe6cb0df.jpg,2025,mixed
datasets/train_on_2025_all\images\frame_00029_jpg.rf.bb949dfd035691cac7085f2d767c3389.jpg,2025,mixed
datasets/train_on_2025_all\images\frame_00029_jpg.rf.db8a81feef0a818318c4a620d5dba3c0.jpg,2025,mixed
datasets/train_on_2025_all\images\frame_00029_jpg.rf.f90bd29d1e14571a907a0fc4492e30d4.jpg,2025,mixed
datasets/train_on_2025_all\images\frame_00030_jpg.rf.3cb05e86dbcd211a4e4a3890b9f9c5bc.jpg,2025,mixed
datasets/train_on_2025_all\images\frame_00030_jpg.rf.59fb5cf9ffbea9030bf6b6f3d1dcd00d.jpg,2025,mixed
datasets/train_on_2025_all\images\frame_00030_jpg.rf.7c658727265a757403fa2c384780cff2.jpg,2025,mixed
datasets/train_on_2025_all\images\frame_00030_jpg.rf.b8d808c0921d058f8023f0decd435751.jpg,2025,mixed
datasets/train_on_2025_all\images\frame_00030_jpg.rf.e619d510dc71d867f4d2806431669b75.jpg,2025,mixed
datasets/train_on_2025_all\images\frame_00031_jpg.rf.1a9c578210535bcad9022614c812533a.jpg,2025,mixed
datasets/train_on_2025_all\images\frame_00031_jpg.rf.1acc3f3c7430aae5b6fec95d1f1cd174.jpg,2025,mixed
datasets/train_on_2025_all\images\frame_00031_jpg.rf.2c7d41ae6980cd78c7bd2994895462ab.jpg,2025,mixed
datasets/train_on_2025_all\images\frame_00031_jpg.rf.46580164b67f87d876eb3d0f9fabb5e8.jpg,2025,mixed
datasets/train_on_2025_all\images\frame_00031_jpg.rf.5cd00e1d69a0ea6e1eefdf7614bc210e.jpg,2025,mixed
datasets/train_on_2025_all\images\frame_00031_jpg.rf.8f7c8e8d8e75f4ed7dad8149b84f6818.jpg,2025,mixed
datasets/train_on_2025_all\images\frame_00031_jpg.rf.9e1ad113cbe1e165e9d9c17452826ad1.jpg,2025,mixed
datasets/train_on_2025_all\images\frame_00031_jpg.rf.b7cfb5ff4ba804d899ca1ba5b3fec87e.jpg,2025,mixed
datasets/train_on_2025_all\images\frame_00032_jpg.rf.19fb1024274e2ba93b760d08448b20be.jpg,2025,mixed
datasets/train_on_2025_all\images\frame_00032_jpg.rf.3181ea2b9750661423687ee54ea51b15.jpg,2025,mixed
datasets/train_on_2025_all\images\frame_00032_jpg.rf.5074493bc8c3c4059abfa1847b7f7dd8.jpg,2025,mixed
datasets/train_on_2025_all\images\frame_00032_jpg.rf.61293ca16bb0841928310d1498f30ba0.jpg,2025,mixed
datasets/train_on_2025_all\images\frame_00032_jpg.rf.62e02663e8864af7ec5ffd3c76cf5119.jpg,2025,mixed
datasets/train_on_2025_all\images\frame_00032_jpg.rf.e2c01fde336c8d6ac44496382e782d2c.jpg,2025,mixed
datasets/train_on_2025_all\images\frame_00033_jpg.rf.4ee6d118b61507bfaad1b8e7df926a33.jpg,2025,mixed
datasets/train_on_2025_all\images\frame_00033_jpg.rf.860875390a07421dd4d39413e2c50761.jpg,2025,mixed
datasets/train_on_2025_all\images\frame_00033_jpg.rf.86bcef9d09dfa91103a8778566656878.jpg,2025,mixed
datasets/train_on_2025_all\images\frame_00034_jpg.rf.3916df3707323fcf1ee259cc35dce2b8.jpg,2025,mixed
datasets/train_on_2025_all\images\frame_00034_jpg.rf.423f44f0a7f9a269664ac8db1eb75535.jpg,2025,mixed
datasets/train_on_2025_all\images\frame_00034_jpg.rf.49a3d06e69b81435157af5b7a39f21e1.jpg,2025,mixed
datasets/train_on_2025_all\images\frame_00034_jpg.rf.5355868fab7778fbc4447b5d18b5d1b1.jpg,2025,mixed
datasets/train_on_2025_all\images\frame_00034_jpg.rf.7dc35098e9f95b73785c98fc95050457.jpg,2025,mixed
datasets/train_on_2025_all\images\frame_00034_jpg.rf.f0c9ebdde28c6480709f048aeea72e82.jpg,2025,mixed
datasets/train_on_2025_all\images\frame_00035_jpg.rf.006b9574c416e1d41e2ad67917225bd5.jpg,2025,mixed
datasets/train_on_2025_all\images\frame_00035_jpg.rf.198d3522797909b6184c1e08957a9762.jpg,2025,mixed
datasets/train_on_2025_all\images\frame_00035_jpg.rf.4e36ded5765ef6889719d7a4b63df052.jpg,2025,mixed
datasets/train_on_2025_all\images\frame_00035_jpg.rf.bf87576025cab309ec4a73161ec88ea8.jpg,2025,mixed
datasets/train_on_2025_all\images\frame_00036_jpg.rf.3a343fec52db39c0f3fbcbdc9083e29d.jpg,2025,mixed
datasets/train_on_2025_all\images\frame_00036_jpg.rf.415399e5e1dfc6c6dfaef042bc48d9e9.jpg,2025,mixed
datasets/train_on_2025_all\images\frame_00036_jpg.rf.5b7086bf83da4484634a4fc18d446c4c.jpg,2025,mixed
datasets/train_on_2025_all\images\frame_00036_jpg.rf.f5cf6451990ded725a81ba555ce060d3.jpg,2025,mixed
datasets/train_on_2025_all\images\frame_00037_jpg.rf.a984f285d5a95f79aecb04db41693455.jpg,2025,mixed
datasets/train_on_2025_all\images\frame_00037_jpg.rf.b6d7d403708e7e5a7c1226e945fe99ee.jpg,2025,mixed
datasets/train_on_2025_all\images\frame_00037_jpg.rf.d82c670ade8d07b5991a6ad7c137ba91.jpg,2025,mixed
datasets/train_on_2025_all\images\frame_00038_jpg.rf.09e0fc9b0e058586b15e17d4705f32ae.jpg,2025,mixed
datasets/train_on_2025_all\images\frame_00038_jpg.rf.0b82237344ce889f7f96dd083076cb8a.jpg,2025,mixed
datasets/train_on_2025_all\images\frame_00038_jpg.rf.5784603d372037a791bb83ef3c728af0.jpg,2025,mixed
datasets/train_on_2025_all\images\frame_00038_jpg.rf.595e5d0f0f19eec1d6538f85aaefa906.jpg,2025,mixed
datasets/train_on_2025_all\images\frame_00038_jpg.rf.73580e750503aa83da8ce44fb05b4934.jpg,2025,mixed
datasets/train_on_2025_all\images\frame_00038_jpg.rf.9b85f4e7fa2ffb3ae4ee0c83ccf10172.jpg,2025,mixed
datasets/train_on_2025_all\images\frame_00038_jpg.rf.a54d3524008927ef5b10aff2f8142420.jpg,2025,mixed
datasets/train_on_2025_all\images\frame_00039_jpg.rf.2afef1f1cb1580cc2e182a5eab297704.jpg,2025,mixed
datasets/train_on_2025_all\images\frame_00039_jpg.rf.e0d8558e9129ede16ad89979cba1c607.jpg,2025,mixed
datasets/train_on_2025_all\images\frame_00040_jpg.rf.165df834b029adaf38bdf1552cacb55f.jpg,2025,mixed
datasets/train_on_2025_all\images\frame_00040_jpg.rf.7520b090479d71715181902c441ebbd1.jpg,2025,mixed
datasets/train_on_2025_all\images\frame_00040_jpg.rf.8fed732a81bf55fec57cc275f7a63c00.jpg,2025,mixed
datasets/train_on_2025_all\images\frame_00040_jpg.rf.a37c004c15968d3d24bc4a500655c57e.jpg,2025,mixed
datasets/train_on_2025_all\images\frame_00040_jpg.rf.ce51232b20d604e482566b88c86c522e.jpg,2025,mixed
datasets/train_on_2025_all\images\frame_00040_jpg.rf.e9b84271c20d010c76138933f9f38a68.jpg,2025,mixed
datasets/train_on_2025_all\images\frame_00041_jpg.rf.03397bec381eb72622e64ad6e96e8ab7.jpg,2025,mixed
datasets/train_on_2025_all\images\frame_00041_jpg.rf.27dc569e88ee2ce8e2022586161af039.jpg,2025,mixed
datasets/train_on_2025_all\images\frame_00041_jpg.rf.431b566838b0e652eea2f841db657f0e.jpg,2025,mixed
datasets/train_on_2025_all\images\frame_00041_jpg.rf.45f384b360ae833ac9fd1de7899e2487.jpg,2025,mixed
datasets/train_on_2025_all\images\frame_00041_jpg.rf.51003b1a7595959902825c365d802fbc.jpg,2025,mixed
datasets/train_on_2025_all\images\frame_00041_jpg.rf.9ddfe37c077c4f6573298f88553a6487.jpg,2025,mixed
datasets/train_on_2025_all\images\frame_00041_jpg.rf.bb3f64aa62fae9ab0a841e9f3421ca74.jpg,2025,mixed
datasets/train_on_2025_all\images\frame_00041_jpg.rf.c134c0c43ebec8a8346467c6541813c2.jpg,2025,mixed
datasets/train_on_2025_all\images\frame_00041_jpg.rf.defd29a8b879cdc86fbeeb703da3cae5.jpg,2025,mixed
datasets/train_on_2025_all\images\frame_00042_jpg.rf.076c1b26ab9a16db3886f1fefc9a6921.jpg,2025,mixed
datasets/train_on_2025_all\images\frame_00042_jpg.rf.5e774e171270363775edce465c0d0178.jpg,2025,mixed
datasets/train_on_2025_all\images\frame_00042_jpg.rf.753ae542b943c4548cfa1c1946e44bab.jpg,2025,mixed
datasets/train_on_2025_all\images\frame_00042_jpg.rf.a4db0f37fd3d905f7d957779ad021e10.jpg,2025,mixed
datasets/train_on_2025_all\images\frame_00042_jpg.rf.a9b6dd7b673d1f41aa006e2ce6f0ecbe.jpg,2025,mixed
datasets/train_on_2025_all\images\frame_00042_jpg.rf.fa6dec6aba0969bd2519b2555be0f8e5.jpg,2025,mixed
datasets/train_on_2025_all\images\frame_00043_jpg.rf.1972c1decf475bae612adacc6c59ef00.jpg,2025,mixed
datasets/train_on_2025_all\images\frame_00043_jpg.rf.a320089a12e703a7c02363e1ef15446f.jpg,2025,mixed
datasets/train_on_2025_all\images\frame_00043_jpg.rf.bfcef015bff0a73ab5c80ef3b9df823f.jpg,2025,mixed
datasets/train_on_2025_all\images\frame_00043_jpg.rf.d2638a05fc8d526c556ceaaf25162937.jpg,2025,mixed
datasets/train_on_2025_all\images\frame_00043_jpg.rf.e89ad5f40376d8a2ae5476c5425759b7.jpg,2025,mixed
datasets/train_on_2025_all\images\frame_00044_jpg.rf.0806309ec042a542cf5927b5b894781d.jpg,2025,mixed
datasets/train_on_2025_all\images\frame_00044_jpg.rf.3e6ae63eeb1516ddb79b84224e970476.jpg,2025,mixed
datasets/train_on_2025_all\images\frame_00044_jpg.rf.5dba34eb445243e0044716f094c15087.jpg,2025,mixed
datasets/train_on_2025_all\images\frame_00044_jpg.rf.b1c6166ae3c5d4752a392e9c02366f25.jpg,2025,mixed
datasets/train_on_2025_all\images\frame_00044_jpg.rf.bbea3e064d3bdf147c1ce2477b8a057f.jpg,2025,mixed
datasets/train_on_2025_all\images\frame_00044_jpg.rf.c788ac9808c921921381e46c94680815.jpg,2025,mixed
datasets/train_on_2025_all\images\frame_00044_jpg.rf.fc9f4b6ba79675ee1cbf7fffeb357f9f.jpg,2025,mixed
datasets/train_on_2025_all\images\frame_00045_jpg.rf.2424dca728adfb3a0d98193540045b37.jpg,2025,mixed
datasets/train_on_2025_all\images\frame_00045_jpg.rf.c51b4ce2867f48183e5924c570a91d4b.jpg,2025,mixed
datasets/train_on_2025_all\images\frame_00045_jpg.rf.d5faf2ca98416f53cefae83c358e96b9.jpg,2025,mixed
datasets/train_on_2025_all\images\frame_00045_jpg.rf.f7b1e33f257914ed99c9ae0d815ba270.jpg,2025,mixed
datasets/train_on_2025_all\images\frame_00046_jpg.rf.662f4df52081221d0bffe610ba874102.jpg,2025,mixed
datasets/train_on_2025_all\images\frame_00046_jpg.rf.8e97cf14197d246f726eac05bf1b8591.jpg,2025,mixed
datasets/train_on_2025_all\images\frame_00046_jpg.rf.9e935bd164160566f44b921e0d0f7c45.jpg,2025,mixed
datasets/train_on_2025_all\images\frame_00046_jpg.rf.b74205aa7ed0ea0343e908912abbc439.jpg,2025,mixed
datasets/train_on_2025_all\images\frame_00046_jpg.rf.f970c8abd9ab5d5ce4fc2f4763c61ab1.jpg,2025,mixed
datasets/train_on_2025_all\images\frame_00047_jpg.rf.687c390ab727139358008bd79f61e44f.jpg,2025,mixed
datasets/train_on_2025_all\images\frame_00047_jpg.rf.cee1cf839abe08798db062184aa67055.jpg,2025,mixed
datasets/train_on_2025_all\images\frame_00047_jpg.rf.e27bc1de60d0d7aec4b21a64443bef93.jpg,2025,mixed
datasets/train_on_2025_all\images\frame_00047_jpg.rf.f18e11d2748819130279015b9f55d49f.jpg,2025,mixed
datasets/train_on_2025_all\images\frame_00048_jpg.rf.238ba7b5a529437f7e908bdd1d99166f.jpg,2025,mixed
datasets/train_on_2025_all\images\frame_00048_jpg.rf.bf4fd20ab62adc210fc7ac2ce0918b9c.jpg,2025,mixed
datasets/train_on_2025_all\images\frame_00049_jpg.rf.40c1dd21fd459e90c087e57ac4135bfc.jpg,2025,mixed
datasets/train_on_2025_all\images\frame_00049_jpg.rf.9999d6782fc24d06814790c744f353f6.jpg,2025,mixed
datasets/train_on_2025_all\images\frame_00050_jpg.rf.cbc92bf1de173e108ac90b4551c588a6.jpg,2025,mixed
datasets/train_on_2025_all\images\frame_00050_jpg.rf.f1dfb36a78749a285bbe57f351cfa785.jpg,2025,mixed
datasets/train_on_2025_all\images\frame_00051_jpg.rf.a10489b27b1a53de5e71f02e6a71d953.jpg,2025,mixed
datasets/train_on_2025_all\images\frame_00052_jpg.rf.087ee9b7582b73096e14410352fa5e45.jpg,2025,mixed
datasets/train_on_2025_all\images\frame_00052_jpg.rf.51220c9dc71a15d0704d5413b5bd63a8.jpg,2025,mixed
datasets/train_on_2025_all\images\frame_00052_jpg.rf.6dc6a580e1e89a24503f545f68e2e1e3.jpg,2025,mixed
datasets/train_on_2025_all\images\frame_00052_jpg.rf.7b61ff45edfd1dbec73961e6f1487d5c.jpg,2025,mixed
datasets/train_on_2025_all\images\frame_00052_jpg.rf.d6aff11d03cac34caa3d17ae7f0b8593.jpg,2025,mixed
datasets/train_on_2025_all\images\frame_00052_jpg.rf.de6d9bc3a82476c22bbce64a3930a770.jpg,2025,mixed
datasets/train_on_2025_all\images\frame_00053_jpg.rf.03de9cc4a9096cfbc225f32dc1180789.jpg,2025,mixed
datasets/train_on_2025_all\images\frame_00053_jpg.rf.47f2412df957ac939d22ab7bb2de536e.jpg,2025,mixed
datasets/train_on_2025_all\images\frame_00053_jpg.rf.5e7790c3dea7232c605d8c297aa0f221.jpg,2025,mixed
datasets/train_on_2025_all\images\frame_00053_jpg.rf.ccd36e00f1cfa8a0c8cab82f896ccb62.jpg,2025,mixed
datasets/train_on_2025_all\images\frame_00054_jpg.rf.969ed8beeffecebcd3b09f82f281cd68.jpg,2025,mixed
datasets/train_on_2025_all\images\frame_00054_jpg.rf.9db3c1d64293a2cf858aa5cb04880e00.jpg,2025,mixed
datasets/train_on_2025_all\images\frame_00054_jpg.rf.bf9b4cd1fe322cb102f23eb9a665b97b.jpg,2025,mixed
datasets/train_on_2025_all\images\frame_00054_jpg.rf.c2e177a6ff973395bcd1372b8fdb579c.jpg,2025,mixed
datasets/train_on_2025_all\images\frame_00054_jpg.rf.cf36a5f53c7ad15b7d097f880e047b08.jpg,2025,mixed
datasets/train_on_2025_all\images\frame_00054_jpg.rf.fb1001c54ecce03c91bffd8cca4417d3.jpg,2025,mixed
datasets/train_on_2025_all\images\frame_00055_jpg.rf.38ad522e612a549eee92f556e6fc11a2.jpg,2025,mixed
datasets/train_on_2025_all\images\frame_00055_jpg.rf.6044d206d082be83084fd8aa05898326.jpg,2025,mixed
datasets/train_on_2025_all\images\frame_00056_jpg.rf.2405d9624dec5abc4833148a2c95ae99.jpg,2025,mixed
datasets/train_on_2025_all\images\frame_00056_jpg.rf.aaa06e4e5ebf0b589b60549f4c0c97f0.jpg,2025,mixed
datasets/train_on_2025_all\images\frame_00056_jpg.rf.bfde35abefc2c6cac9dc1006b37dab24.jpg,2025,mixed
datasets/train_on_2025_all\images\frame_00057_jpg.rf.08069eac9fded06aae0e0c1e6693da16.jpg,2025,mixed
datasets/train_on_2025_all\images\frame_00057_jpg.rf.2cd8164f6ed087b9aaa601e19fbd6160.jpg,2025,mixed
datasets/train_on_2025_all\images\frame_00057_jpg.rf.5ab1904d35b074c785b029ec86408484.jpg,2025,mixed
datasets/train_on_2025_all\images\frame_00057_jpg.rf.6f5135d858b1e9ac850f75079c705cb8.jpg,2025,mixed
datasets/train_on_2025_all\images\frame_00058_jpg.rf.0169f3fefa646c4f6ea7aa838e3e2d7b.jpg,2025,mixed
datasets/train_on_2025_all\images\frame_00058_jpg.rf.04a8d30f87839b1f4021ac1f50946cce.jpg,2025,mixed
datasets/train_on_2025_all\images\frame_00058_jpg.rf.18bed995a54a4f5989cec940e5e2bbe9.jpg,2025,mixed
datasets/train_on_2025_all\images\frame_00058_jpg.rf.1e183b2d76399b34775154aa2605973c.jpg,2025,mixed
datasets/train_on_2025_all\images\frame_00058_jpg.rf.748d1c1905b928c5e1cbdab70fc34ac7.jpg,2025,mixed
datasets/train_on_2025_all\images\frame_00058_jpg.rf.a36be9d092f90c4048a374a5504b2448.jpg,2025,mixed
datasets/train_on_2025_all\images\frame_00059_jpg.rf.08c182f794d3652625896bce1d20a8b8.jpg,2025,mixed
datasets/train_on_2025_all\images\frame_00059_jpg.rf.331402a994e17271e3bd52aeb631d739.jpg,2025,mixed
datasets/train_on_2025_all\images\frame_00059_jpg.rf.d9386965781c2a692c4a0ca2a33f57c5.jpg,2025,mixed
datasets/train_on_2025_all\images\frame_00060_jpg.rf.24b833f3257b3d1f3c968c80e3b1efed.jpg,2025,mixed
datasets/train_on_2025_all\images\frame_00060_jpg.rf.7cd04008e417668ceefa2ea8e35c7a56.jpg,2025,mixed
datasets/train_on_2025_all\images\frame_00060_jpg.rf.7dbea52178dd259f40e3a87819095a4a.jpg,2025,mixed
datasets/train_on_2025_all\images\frame_00060_jpg.rf.fb208306168d0801a10b0ac69cd66ca1.jpg,2025,mixed
datasets/train_on_2025_all\images\frame_00061_jpg.rf.0dd3baefb60033a42637a8b41928ff8c.jpg,2025,mixed
datasets/train_on_2025_all\images\frame_00062_jpg.rf.cda7b45cf81d89d26a129f2c42870472.jpg,2025,mixed
datasets/train_on_2025_all\images\frame_00062_jpg.rf.e0c98974971e8165f44c33adb3558fe0.jpg,2025,mixed
datasets/train_on_2025_all\images\frame_00063_jpg.rf.366097e88b3271b65651a791386f122d.jpg,2025,mixed
datasets/train_on_2025_all\images\frame_00063_jpg.rf.394adbb257efd2d9e90e54aeebd6724b.jpg,2025,mixed
datasets/train_on_2025_all\images\frame_00063_jpg.rf.60959ef35990a833b741320061683bc5.jpg,2025,mixed
datasets/train_on_2025_all\images\frame_00063_jpg.rf.d8ec640f728839c3a5273bd262498b22.jpg,2025,mixed
datasets/train_on_2025_all\images\frame_00064_jpg.rf.16d3af305ffc1b51ececbe2f6374c1fa.jpg,2025,mixed
datasets/train_on_2025_all\images\frame_00064_jpg.rf.203300fd3576ed47bd2efa081e6a8ea9.jpg,2025,mixed
datasets/train_on_2025_all\images\frame_00064_jpg.rf.26ba4167c11902ffe82261a40c043028.jpg,2025,mixed
datasets/train_on_2025_all\images\frame_00064_jpg.rf.6a2218bf8a836e3690d8be0b502cdd19.jpg,2025,mixed
datasets/train_on_2025_all\images\frame_00064_jpg.rf.86f485686e88047b564497ab911c37e7.jpg,2025,mixed
datasets/train_on_2025_all\images\frame_00064_jpg.rf.a20a0990d013ffea8951be4c61b55ded.jpg,2025,mixed
datasets/train_on_2025_all\images\frame_00064_jpg.rf.b479cbdc7805e86b20ba19c85dc02c95.jpg,2025,mixed
datasets/train_on_2025_all\images\frame_00064_jpg.rf.f69e394c2a71c164ddeb407e6b45a743.jpg,2025,mixed
datasets/train_on_2025_all\images\frame_00065_jpg.rf.111a765e54570e95e403211dbac659cc.jpg,2025,mixed
datasets/train_on_2025_all\images\frame_00065_jpg.rf.3c546e89ee4190e4888ec0cbbe3dba14.jpg,2025,mixed
datasets/train_on_2025_all\images\frame_00065_jpg.rf.99083a68d4c43a665065efe457626ac6.jpg,2025,mixed
datasets/train_on_2025_all\images\frame_00065_jpg.rf.ad2df89dd180dbf0babe19215a112e7b.jpg,2025,mixed
datasets/train_on_2025_all\images\frame_00066_jpg.rf.3b2ed18bf8002a2acd4119c7f4144ce7.jpg,2025,mixed
datasets/train_on_2025_all\images\frame_00066_jpg.rf.614efc16a5637063a474e0c46fdafe6e.jpg,2025,mixed
datasets/train_on_2025_all\images\frame_00066_jpg.rf.98e2674dc8653490a16dea24809c7b36.jpg,2025,mixed
datasets/train_on_2025_all\images\frame_00066_jpg.rf.b1e1879330176dd01704e5050d2fa473.jpg,2025,mixed
datasets/train_on_2025_all\images\frame_00066_jpg.rf.decdb418c3d75c21af81ce42b7118e38.jpg,2025,mixed
datasets/train_on_2025_all\images\frame_00066_jpg.rf.f0bfec309ee70e80231740077bc44974.jpg,2025,mixed
datasets/train_on_2025_all\images\frame_00067_jpg.rf.9fd02056dfab28b8ca54fec4273c15a8.jpg,2025,mixed
datasets/train_on_2025_all\images\frame_00067_jpg.rf.a5262db5d710626fe6f6fb4a3a33e3ca.jpg,2025,mixed
datasets/train_on_2025_all\images\frame_00068_jpg.rf.7c29fa7ba7d3467035279559ef29e634.jpg,2025,mixed
datasets/train_on_2025_all\images\frame_00068_jpg.rf.a67bab7791e286797ba38ec753e2c5a3.jpg,2025,mixed
datasets/train_on_2025_all\images\frame_00068_jpg.rf.a8e02fd6da672c79207a6604cec3775c.jpg,2025,mixed
datasets/train_on_2025_all\images\frame_00068_jpg.rf.b13f1309326e3be0896e5eae8c19cd0e.jpg,2025,mixed
datasets/train_on_2025_all\images\frame_00068_jpg.rf.da2b8315c66f71f8c1b62d65d0195648.jpg,2025,mixed
datasets/train_on_2025_all\images\frame_00069_jpg.rf.02f0cb1ba38f161301b829aa996b503a.jpg,2025,mixed
datasets/train_on_2025_all\images\frame_00069_jpg.rf.0a7d2fbc344024e4606e97753fe21264.jpg,2025,mixed
datasets/train_on_2025_all\images\frame_00069_jpg.rf.25903dade13f6786a961b879e9e00099.jpg,2025,mixed
datasets/train_on_2025_all\images\frame_00069_jpg.rf.6dcacf50b049b0c3eab8e1c6a11e718e.jpg,2025,mixed
datasets/train_on_2025_all\images\frame_00069_jpg.rf.7a062688ebdb7aafae7c004d1d99b92f.jpg,2025,mixed
datasets/train_on_2025_all\images\frame_00070_jpg.rf.bb375883367ae598d50f1b20c14b9a88.jpg,2025,mixed
datasets/train_on_2025_all\images\frame_00070_jpg.rf.ee3da37a8e0c69be24485bcbded502db.jpg,2025,mixed
datasets/train_on_2025_all\images\frame_00070_jpg.rf.fa964a70afd34f12943b6b50263bca5a.jpg,2025,mixed
datasets/train_on_2025_all\images\frame_00071_jpg.rf.2dded6e34e5661348f17859b13f442e2.jpg,2025,mixed
datasets/train_on_2025_all\images\frame_00071_jpg.rf.3608209924cc34eb455da72175ee77e9.jpg,2025,mixed
datasets/train_on_2025_all\images\frame_00071_jpg.rf.532623f4be88164833252e27cd51f542.jpg,2025,mixed
datasets/train_on_2025_all\images\frame_00071_jpg.rf.6376ee5c1432adedcc40e6ce8a7a4a33.jpg,2025,mixed
datasets/train_on_2025_all\images\frame_00071_jpg.rf.65028887d12968f6347403f0e1e6fa50.jpg,2025,mixed
datasets/train_on_2025_all\images\frame_00071_jpg.rf.7b86287905d99386d4257967c0bef6ed.jpg,2025,mixed
datasets/train_on_2025_all\images\frame_00071_jpg.rf.e961f07c0a7dcfd1ce60cb5ce0a1b796.jpg,2025,mixed
datasets/train_on_2025_all\images\frame_00072_jpg.rf.3ca265c8a06a686862daffccdf96226a.jpg,2025,mixed
datasets/train_on_2025_all\images\frame_00072_jpg.rf.4d492c356a33bb32bf2c0bfddbd0528f.jpg,2025,mixed
datasets/train_on_2025_all\images\frame_00072_jpg.rf.731f89815be376955b67b85a6146cef5.jpg,2025,mixed
datasets/train_on_2025_all\images\frame_00072_jpg.rf.cd24d2954405038196b19ec0db172ffc.jpg,2025,mixed
datasets/train_on_2025_all\images\frame_00072_jpg.rf.e1d3ee74d12a57ea4f3a616c6427caa5.jpg,2025,mixed
datasets/train_on_2025_all\images\frame_00073_jpg.rf.218ae9bf196314413e299453cdf0637f.jpg,2025,mixed
datasets/train_on_2025_all\images\frame_00073_jpg.rf.754db328bfcc85173dcd6c0fb8cf8852.jpg,2025,mixed
datasets/train_on_2025_all\images\frame_00073_jpg.rf.c5b4fb51469502f736911f1cd7943147.jpg,2025,mixed
datasets/train_on_2025_all\images\frame_00073_jpg.rf.e3ff1d189ef4ac38c79beab7b094a7e5.jpg,2025,mixed
datasets/train_on_2025_all\images\frame_00074_jpg.rf.4ce32ce306595408f6fdbc89fe9044fd.jpg,2025,mixed
datasets/train_on_2025_all\images\frame_00074_jpg.rf.635441b8e7aa45244e58e4b08f205b69.jpg,2025,mixed
datasets/train_on_2025_all\images\frame_00074_jpg.rf.9bd49ef3be99ec48eca75c16affe2249.jpg,2025,mixed
datasets/train_on_2025_all\images\frame_00074_jpg.rf.b6f97053362a7fbcaaafae39845330b8.jpg,2025,mixed
datasets/train_on_2025_all\images\frame_00074_jpg.rf.e520cb7c9c1311b963ddb2d22aba0dfb.jpg,2025,mixed
datasets/train_on_2025_all\images\frame_00075_jpg.rf.02ab0eb93e3fc69167f5b1cdb25f6cf5.jpg,2025,mixed
datasets/train_on_2025_all\images\frame_00075_jpg.rf.1a14a88a7a4019bba543fc311a038dad.jpg,2025,mixed
datasets/train_on_2025_all\images\frame_00075_jpg.rf.1a4818da34cacee1cfa1fb3faabfebcd.jpg,2025,mixed
datasets/train_on_2025_all\images\frame_00075_jpg.rf.399bf6b407d4115bfb4e938350668ffd.jpg,2025,mixed
datasets/train_on_2025_all\images\frame_00075_jpg.rf.3c50abbcc4e67c39c751ada87085a996.jpg,2025,mixed
datasets/train_on_2025_all\images\frame_00075_jpg.rf.7a94bb12511c49e1feb94ef761442de7.jpg,2025,mixed
datasets/train_on_2025_all\images\frame_00075_jpg.rf.a62d166cf4e2df0444f73c8a8a6c32c0.jpg,2025,mixed
datasets/train_on_2025_all\images\frame_00075_jpg.rf.b107b6ee16660b3db586b8f6ebd09bc2.jpg,2025,mixed
datasets/train_on_2025_all\images\frame_00075_jpg.rf.fd35b395368da65490deb8833e478cdc.jpg,2025,mixed
datasets/train_on_2025_all\images\frame_00076_jpg.rf.1b801b6f6969c18329be1e860f31f41e.jpg,2025,mixed
datasets/train_on_2025_all\images\frame_00076_jpg.rf.3cb5f9fc2c76cbb07f9f51267885cdf2.jpg,2025,mixed
datasets/train_on_2025_all\images\frame_00076_jpg.rf.7813f297550ab15069511cb7092bca13.jpg,2025,mixed
datasets/train_on_2025_all\images\frame_00076_jpg.rf.8150792c48a14f4a6093f6e78fbb90bd.jpg,2025,mixed
datasets/train_on_2025_all\images\frame_00076_jpg.rf.95825532c82d6ce147d3cc0556dd676e.jpg,2025,mixed
datasets/train_on_2025_all\images\frame_00076_jpg.rf.f0ee4ffc4ccccdf814cbded0c9ce0196.jpg,2025,mixed
datasets/train_on_2025_all\images\frame_00076_jpg.rf.fd8678a9ae684e8234dcb6c0e937b2c5.jpg,2025,mixed
datasets/train_on_2025_all\images\frame_00077_jpg.rf.0094f8567360cde1c057e00ef39b4228.jpg,2025,mixed
datasets/train_on_2025_all\images\frame_00077_jpg.rf.a3e28547f8d9e75b02574f44c458ecc0.jpg,2025,mixed
datasets/train_on_2025_all\images\frame_00078_jpg.rf.194dbdba4074b472aa06c9535550ce02.jpg,2025,mixed
datasets/train_on_2025_all\images\frame_00078_jpg.rf.32249801d882be3b4913c1d8c9e83d14.jpg,2025,mixed
datasets/train_on_2025_all\images\frame_00078_jpg.rf.68b4a8257b3c9e198d44326642bab411.jpg,2025,mixed
datasets/train_on_2025_all\images\frame_00078_jpg.rf.941d283f666ad7a9d4b3bf846f1e2d56.jpg,2025,mixed
datasets/train_on_2025_all\images\frame_00078_jpg.rf.a14a477a07cfdb173ec6ff3ff39d3426.jpg,2025,mixed
datasets/train_on_2025_all\images\frame_00078_jpg.rf.c039e7d4785136ca146de790c98ecef7.jpg,2025,mixed
datasets/train_on_2025_all\images\frame_00079_jpg.rf.443812f2743be40c22174526960aba3d.jpg,2025,mixed
datasets/train_on_2025_all\images\frame_00079_jpg.rf.54b654e778965e02194d03486e83d614.jpg,2025,mixed
datasets/train_on_2025_all\images\frame_00079_jpg.rf.728a0a9479baaa9797f8133e7d915e4f.jpg,2025,mixed
datasets/train_on_2025_all\images\frame_00079_jpg.rf.e638378c2be889e46da35047eedd3201.jpg,2025,mixed
datasets/train_on_2025_all\images\frame_00080_jpg.rf.0960e23db69030b862466ee7b9e76999.jpg,2025,mixed
datasets/train_on_2025_all\images\frame_00080_jpg.rf.4db069dc879101cec5e3458542ce7731.jpg,2025,mixed
datasets/train_on_2025_all\images\frame_00080_jpg.rf.a12f9a2b4fe95ededf300c9cef073a97.jpg,2025,mixed
datasets/train_on_2025_all\images\frame_00080_jpg.rf.d994bc3916346c0fc8ce476054ca6e78.jpg,2025,mixed
datasets/train_on_2025_all\images\frame_00081_jpg.rf.36d9975adcb80718e876e94c0452b520.jpg,2025,mixed
datasets/train_on_2025_all\images\frame_00081_jpg.rf.5752f413ac050961397cce5ba1e6b14b.jpg,2025,mixed
datasets/train_on_2025_all\images\frame_00081_jpg.rf.88ce8e48fff75b03c58083696451802e.jpg,2025,mixed
datasets/train_on_2025_all\images\frame_00081_jpg.rf.b00049b30bec89db2977c5dec5d074c4.jpg,2025,mixed
datasets/train_on_2025_all\images\frame_00081_jpg.rf.cbf19d311c48376276029bf7b8009858.jpg,2025,mixed
datasets/train_on_2025_all\images\frame_00082_jpg.rf.66e9da3aa73f4ae8514c6a7a5f9f051a.jpg,2025,mixed
datasets/train_on_2025_all\images\frame_00082_jpg.rf.6ecb07a4b683cbca8b782c348f0279d1.jpg,2025,mixed
datasets/train_on_2025_all\images\frame_00082_jpg.rf.709df099765c3541c1032c46ab487b09.jpg,2025,mixed
datasets/train_on_2025_all\images\frame_00082_jpg.rf.90cd22253090ef1fbd19d80574dc131a.jpg,2025,mixed
datasets/train_on_2025_all\images\frame_00082_jpg.rf.b06217ea09d421999acb6746db3ccad1.jpg,2025,mixed
datasets/train_on_2025_all\images\frame_00082_jpg.rf.ba4d50cea9833b778e6abe10382c0254.jpg,2025,mixed
datasets/train_on_2025_all\images\frame_00082_jpg.rf.c9f07f29ba97dc2a12945eeb9f684914.jpg,2025,mixed
datasets/train_on_2025_all\images\frame_00083_jpg.rf.049f7ea9ad42d3e8413f59247b6a322d.jpg,2025,mixed
datasets/train_on_2025_all\images\frame_00083_jpg.rf.177135d23af9ed1b0dd194b4cebfea02.jpg,2025,mixed
datasets/train_on_2025_all\images\frame_00083_jpg.rf.6d8c387a1d99ff8435a7afcf7c0e790f.jpg,2025,mixed
datasets/train_on_2025_all\images\frame_00083_jpg.rf.9607906f487bb5d7bbee5ae8d622b187.jpg,2025,mixed
datasets/train_on_2025_all\images\frame_00083_jpg.rf.fd9106caad80a1970676db79de8abb5f.jpg,2025,mixed
datasets/train_on_2025_all\images\frame_00084_jpg.rf.86731da5195f165e41d1b5b1245dd00c.jpg,2025,mixed
datasets/train_on_2025_all\images\frame_00084_jpg.rf.b03fdbbeed3d555106412116f4ba62c5.jpg,2025,mixed
datasets/train_on_2025_all\images\frame_00084_jpg.rf.be4e6188b6ef0533fd828220a9daf91d.jpg,2025,mixed
datasets/train_on_2025_all\images\frame_00085_jpg.rf.04ec43de67b7ccce1d05f9376b6dfec4.jpg,2025,mixed
datasets/train_on_2025_all\images\frame_00085_jpg.rf.0e9a1203946c87724bb6aac2fd156fdd.jpg,2025,mixed
datasets/train_on_2025_all\images\frame_00085_jpg.rf.6cbf5cf3e20e7c34b749020a3e1b984d.jpg,2025,mixed
datasets/train_on_2025_all\images\frame_00085_jpg.rf.844b01290ed551f9b286411da7f4c8fc.jpg,2025,mixed
datasets/train_on_2025_all\images\frame_00085_jpg.rf.ded2d2a400010488d355d72962ea04c9.jpg,2025,mixed
datasets/train_on_2025_all\images\frame_00085_jpg.rf.ecce20b9f85124d9b51b20733f86ee05.jpg,2025,mixed
datasets/train_on_2025_all\images\frame_00085_jpg.rf.f2f0bb961fb7a62c4d472356c8f06666.jpg,2025,mixed
datasets/train_on_2025_all\images\frame_00085_jpg.rf.fa2421e69682de63bcb464de02e68eaf.jpg,2025,mixed
datasets/train_on_2025_all\images\frame_00085_jpg.rf.fdfe7390b29d43d0f420d8f63776a570.jpg,2025,mixed
datasets/train_on_2025_all\images\frame_00086_jpg.rf.ae5b5728d114c52b70d77dbfb85f07b4.jpg,2025,mixed
datasets/train_on_2025_all\images\frame_00087_jpg.rf.0defcf7f8e9bca37291d6b0a8683a7b1.jpg,2025,mixed
datasets/train_on_2025_all\images\frame_00087_jpg.rf.6a67fb71c65caa779c3c9f99d5bfa803.jpg,2025,mixed
datasets/train_on_2025_all\images\frame_00087_jpg.rf.952aefbd5877e10931c6a1b95cb44103.jpg,2025,mixed
datasets/train_on_2025_all\images\frame_00087_jpg.rf.b7475a9039b5c11a3b48b8f848026b33.jpg,2025,mixed
datasets/train_on_2025_all\images\frame_00087_jpg.rf.ea9df635dd1c909ed538be153db5548f.jpg,2025,mixed
datasets/train_on_2025_all\images\frame_00088_jpg.rf.2c544c2ec52a3ef747e6485a7575c313.jpg,2025,mixed
datasets/train_on_2025_all\images\frame_00088_jpg.rf.887f60abf987023f3313d57adf26e9e0.jpg,2025,mixed
datasets/train_on_2025_all\images\frame_00088_jpg.rf.91e8a70545c1721b815477917db02a4f.jpg,2025,mixed
datasets/train_on_2025_all\images\frame_00088_jpg.rf.9d925ed0828f2d28c440c1f70764ee62.jpg,2025,mixed
datasets/train_on_2025_all\images\frame_00088_jpg.rf.ebecc63fddba84b66d9fb72b958e09e4.jpg,2025,mixed
datasets/train_on_2025_all\images\frame_00089_jpg.rf.47f21dfe9c678478e779fae78a20c7aa.jpg,2025,mixed
datasets/train_on_2025_all\images\frame_00089_jpg.rf.7474ace6da236cc78b6bd6516df5abb5.jpg,2025,mixed
datasets/train_on_2025_all\images\frame_00089_jpg.rf.a4c637e0cb439e74ec226424f9a2e2ba.jpg,2025,mixed
datasets/train_on_2025_all\images\frame_00090_jpg.rf.2e9bd3cf5ffe63d39a534acebd42c7ec.jpg,2025,mixed
datasets/train_on_2025_all\images\frame_00090_jpg.rf.30f33aec70cbb56931a078cd73039d67.jpg,2025,mixed
datasets/train_on_2025_all\images\frame_00090_jpg.rf.7ea47bf9a6bc888c967cf51784b61d75.jpg,2025,mixed
datasets/train_on_2025_all\images\frame_00090_jpg.rf.f9e089d1ed97088bd634444b6e2a8fae.jpg,2025,mixed
datasets/train_on_2025_all\images\frame_00091_jpg.rf.2324858d4d78912b41ff0c9185569bf3.jpg,2025,mixed
datasets/train_on_2025_all\images\frame_00091_jpg.rf.aebe15e8d901546151e924e367e5c36b.jpg,2025,mixed
datasets/train_on_2025_all\images\frame_00091_jpg.rf.dcd8041c004425b36e0b5c671ee57609.jpg,2025,mixed
datasets/train_on_2025_all\images\frame_00092_jpg.rf.31c834486d2db4945cc8c40280c4135a.jpg,2025,mixed
datasets/train_on_2025_all\images\frame_00092_jpg.rf.50af9ccb7b23d7c46f51719eecb59d92.jpg,2025,mixed
datasets/train_on_2025_all\images\frame_00092_jpg.rf.5a2ce7fd47018b934894efac416a8425.jpg,2025,mixed
datasets/train_on_2025_all\images\frame_00093_jpg.rf.5f7bd94e923560a3fca2e892c7921fc7.jpg,2025,mixed
datasets/train_on_2025_all\images\frame_00093_jpg.rf.7a49d46dc68fb93f5e9a3aaf771c702d.jpg,2025,mixed
datasets/train_on_2025_all\images\frame_00093_jpg.rf.9f4ffe2fd18580197a7bed003d4756c7.jpg,2025,mixed
datasets/train_on_2025_all\images\frame_00093_jpg.rf.b5ac52c15d5ce6945c88cc4018240bcf.jpg,2025,mixed
datasets/train_on_2025_all\images\frame_00093_jpg.rf.ef88df0205a9e04078fbea973180aabb.jpg,2025,mixed
datasets/train_on_2025_all\images\frame_00094_jpg.rf.007bcd002caf661d456b7a45e0c1b308.jpg,2025,mixed
datasets/train_on_2025_all\images\frame_00094_jpg.rf.23682a37c4862681c825fba8ba3b59bc.jpg,2025,mixed
datasets/train_on_2025_all\images\frame_00094_jpg.rf.8debf0d6c0ccea18413edfc566bd0438.jpg,2025,mixed
datasets/train_on_2025_all\images\frame_00094_jpg.rf.c67ff41fc16379591f8704b9954e234e.jpg,2025,mixed
datasets/train_on_2025_all\images\frame_00094_jpg.rf.d9c61fe7d3709eadcab8c1c549f4f978.jpg,2025,mixed
datasets/train_on_2025_all\images\frame_00094_jpg.rf.f7e73ba53b2612f8b092654d792a13d5.jpg,2025,mixed
datasets/train_on_2025_all\images\frame_00095_jpg.rf.0254d627a599fe2f81be69842fc8dc6d.jpg,2025,mixed
datasets/train_on_2025_all\images\frame_00095_jpg.rf.05b13dc43bc396f17c2980411c919ecb.jpg,2025,mixed
datasets/train_on_2025_all\images\frame_00095_jpg.rf.6715de46c6e4842046de99a1d999b9f2.jpg,2025,mixed
datasets/train_on_2025_all\images\frame_00095_jpg.rf.68ff302bad5e317275ae80601388c8a7.jpg,2025,mixed
datasets/train_on_2025_all\images\frame_00095_jpg.rf.a28e8f2e08382d511ce94047cb89c7ce.jpg,2025,mixed
datasets/train_on_2025_all\images\frame_00096_jpg.rf.96b29308cf15a821bc3df26f8436e966.jpg,2025,mixed
datasets/train_on_2025_all\images\frame_00096_jpg.rf.af0256ac1c6a390d00af0dd386039b15.jpg,2025,mixed
datasets/train_on_2025_all\images\frame_00096_jpg.rf.e538ab7f15211b59a67584363b50e54e.jpg,2025,mixed
datasets/train_on_2025_all\images\frame_00097_jpg.rf.016efc57307cad84a5680d4e27eb89e4.jpg,2025,mixed
datasets/train_on_2025_all\images\frame_00097_jpg.rf.143be334c2f7748de71136e49dcbaa33.jpg,2025,mixed
datasets/train_on_2025_all\images\frame_00097_jpg.rf.5b0ff2dcc4567f288c33f67277106824.jpg,2025,mixed
datasets/train_on_2025_all\images\frame_00097_jpg.rf.876cea64d3fe6ba66a95ed1d3fd15f97.jpg,2025,mixed
datasets/train_on_2025_all\images\frame_00097_jpg.rf.a404655f7d252186c4f5aee3be75034e.jpg,2025,mixed
datasets/train_on_2025_all\images\frame_00097_jpg.rf.ca748125b041e9cded5d3b32ca1ddb0b.jpg,2025,mixed
datasets/train_on_2025_all\images\frame_00098_jpg.rf.612a3e44d02f79a8a0760687f96268bf.jpg,2025,mixed
datasets/train_on_2025_all\images\frame_00098_jpg.rf.7618b7522124422762858e43b5024171.jpg,2025,mixed
datasets/train_on_2025_all\images\frame_00098_jpg.rf.a57f1d33ba6920fa7e174e3a1c1b2985.jpg,2025,mixed
datasets/train_on_2025_all\images\frame_00098_jpg.rf.ddb4874e1fb31104eab5a006623ff744.jpg,2025,mixed
datasets/train_on_2025_all\images\frame_00098_jpg.rf.e6cc1c730c742d9f46408d3a1b080450.jpg,2025,mixed
datasets/train_on_2025_all\images\frame_00099_jpg.rf.75ed22a1a22b1792bf842fda7d4ba948.jpg,2025,mixed
datasets/train_on_2025_all\images\frame_00099_jpg.rf.8a52471f628284602b00a531a9649369.jpg,2025,mixed
datasets/train_on_2025_all\images\frame_00099_jpg.rf.90d8f23910b11d6b27e6c9fc9f07baf9.jpg,2025,mixed
datasets/train_on_2025_all\images\frame_00099_jpg.rf.bd628caca8dedcf369c3695a5837bf7f.jpg,2025,mixed
datasets/train_on_2025_all\images\frame_00099_jpg.rf.caabebfaa562d5d7d4a2dcbbdbe9970a.jpg,2025,mixed
datasets/train_on_2025_all\images\frame_00099_jpg.rf.e46b35da7299b159c1b5ddb7a6e85744.jpg,2025,mixed
datasets/train_on_2025_all\images\frame_00099_jpg.rf.e7db7dcfe32749a8245a9296982dcb4d.jpg,2025,mixed
datasets/train_on_2025_all\images\frame_00100_jpg.rf.38d043a8f9673a97289261a97aaf0021.jpg,2025,mixed
datasets/train_on_2025_all\images\frame_00100_jpg.rf.6b775965dd421fbaf42080a905f4cb38.jpg,2025,mixed
datasets/train_on_2025_all\images\frame_00100_jpg.rf.8b0feb6cc9b36085d4e59dca973a063f.jpg,2025,mixed
datasets/train_on_2025_all\images\frame_00100_jpg.rf.976539325b2224a2b7735c48903e3960.jpg,2025,mixed
datasets/train_on_2025_all\images\frame_00100_jpg.rf.efe6ba2efd42c2dbfc043d48dd74ba58.jpg,2025,mixed
datasets/train_on_2025_all\images\frame_00101_jpg.rf.466c9498ada59b5d9fb9124d9d141b59.jpg,2025,mixed
datasets/train_on_2025_all\images\frame_00101_jpg.rf.5cb35f2e41ba7cc4999534cc1ff2e64d.jpg,2025,mixed
datasets/train_on_2025_all\images\frame_00101_jpg.rf.7b375c7e938c979cf83a257be2318498.jpg,2025,mixed
datasets/train_on_2025_all\images\frame_00101_jpg.rf.c102f58e02524e64546eb5be7db50f9e.jpg,2025,mixed
datasets/train_on_2025_all\images\frame_00101_jpg.rf.cd5824ed059a2445db85eb7962001c27.jpg,2025,mixed
datasets/train_on_2025_all\images\frame_00102_jpg.rf.02cb9814887c6708aff5be8b9e390b31.jpg,2025,mixed
datasets/train_on_2025_all\images\frame_00102_jpg.rf.31c27773730eadd8dac837807eb65283.jpg,2025,mixed
datasets/train_on_2025_all\images\frame_00102_jpg.rf.5412d4c86b50f5871d506e1337754386.jpg,2025,mixed
datasets/train_on_2025_all\images\frame_00102_jpg.rf.78f088c602119c1e41d78095bf96c973.jpg,2025,mixed
datasets/train_on_2025_all\images\frame_00102_jpg.rf.79a07a53c245b4af1a180965d8b669fe.jpg,2025,mixed
datasets/train_on_2025_all\images\frame_00102_jpg.rf.b4b0d3c3cfd74f4d89150d2ce9d40ff8.jpg,2025,mixed
datasets/train_on_2025_all\images\frame_00103_jpg.rf.5345e1ebd932c457b969e8574365a3be.jpg,2025,mixed
datasets/train_on_2025_all\images\frame_00103_jpg.rf.b97b13115302354f811219096c9b9ebb.jpg,2025,mixed
datasets/train_on_2025_all\images\frame_00103_jpg.rf.cd17b01b2679fbdddc5bece7681ed711.jpg,2025,mixed
datasets/train_on_2025_all\images\frame_00103_jpg.rf.edc8e67bda955f7a9c3c63cde8873bf1.jpg,2025,mixed
datasets/train_on_2025_all\images\frame_00103_jpg.rf.f4f86cdce7e6004671274b07ff67598f.jpg,2025,mixed
datasets/train_on_2025_all\images\frame_00104_jpg.rf.1593257adfa87dd48549a0b5f3afe258.jpg,2025,mixed
datasets/train_on_2025_all\images\frame_00104_jpg.rf.c555d13216f6888f3c17b3e94a60d939.jpg,2025,mixed
datasets/train_on_2025_all\images\frame_00104_jpg.rf.e01c86617d97d13184c8209331672844.jpg,2025,mixed
datasets/train_on_2025_all\images\frame_00105_jpg.rf.21d28dd99b370eaf6209eb167614ab26.jpg,2025,mixed
datasets/train_on_2025_all\images\frame_00105_jpg.rf.4e8a9c70c261a3c83d2c75a8f124d994.jpg,2025,mixed
datasets/train_on_2025_all\images\frame_00105_jpg.rf.7d9d7761799cbb9637a611f62384e17f.jpg,2025,mixed
datasets/train_on_2025_all\images\frame_00105_jpg.rf.a8d4b1dce9041699a28aecf5868f5f50.jpg,2025,mixed
datasets/train_on_2025_all\images\frame_00105_jpg.rf.e6821fad66f51d2688d20d4e6091e6b0.jpg,2025,mixed
datasets/train_on_2025_all\images\frame_00105_jpg.rf.f712c37484c4564510b0a279da838f40.jpg,2025,mixed
datasets/train_on_2025_all\images\frame_00106_jpg.rf.9eb6475d4a52ca388db65a2a1db1659a.jpg,2025,mixed
datasets/train_on_2025_all\images\frame_00106_jpg.rf.b6ad95e6ae0b27c53c9074e4586c9fb3.jpg,2025,mixed
datasets/train_on_2025_all\images\frame_00106_jpg.rf.e95b206ce2e8c6a0ab5acdd3a73f8eb5.jpg,2025,mixed
datasets/train_on_2025_all\images\frame_00107_jpg.rf.3f579cbbd0cbe112e23b3da1ef8b22fe.jpg,2025,mixed
datasets/train_on_2025_all\images\frame_00107_jpg.rf.5ff8cec398ad8bb8a121691fc3d91491.jpg,2025,mixed
datasets/train_on_2025_all\images\frame_00107_jpg.rf.6bfd86ab27525baf10a6d6b7eb549c2f.jpg,2025,mixed
datasets/train_on_2025_all\images\frame_00107_jpg.rf.a36623f85ff058b13e804b7b3ccc03f0.jpg,2025,mixed
datasets/train_on_2025_all\images\frame_00107_jpg.rf.e772a62db23b6bb70035e791b7c9d953.jpg,2025,mixed
datasets/train_on_2025_all\images\frame_00108_jpg.rf.295016a819fae9d9a701eab98651587e.jpg,2025,mixed
datasets/train_on_2025_all\images\frame_00108_jpg.rf.636fa357314c676702ea76df28ba6d50.jpg,2025,mixed
datasets/train_on_2025_all\images\frame_00109_jpg.rf.2616555ce1f93e8d5963cbfc407264b2.jpg,2025,mixed
datasets/train_on_2025_all\images\frame_00109_jpg.rf.629f5363c3a01cda593633fd7bde7586.jpg,2025,mixed
datasets/train_on_2025_all\images\frame_00109_jpg.rf.a95b5d0fedaf5795d70e2943918ff3f9.jpg,2025,mixed
datasets/train_on_2025_all\images\frame_00109_jpg.rf.ab809a5bfd374d01ed63e215a16bbac8.jpg,2025,mixed
datasets/train_on_2025_all\images\frame_00109_jpg.rf.bcc7a6eb2379383024eb52253ab22e5b.jpg,2025,mixed
datasets/train_on_2025_all\images\frame_00109_jpg.rf.cc864daacc2935b237f8485c15226d8c.jpg,2025,mixed
datasets/train_on_2025_all\images\frame_00109_jpg.rf.cf98ba0226b2b7cc42cdc752fd574f5a.jpg,2025,mixed
datasets/train_on_2025_all\images\frame_00109_jpg.rf.df28320d5515d48965fb471d359aa914.jpg,2025,mixed
datasets/train_on_2025_all\images\frame_00109_jpg.rf.eab00da93022e923f2ed295ceb4351b5.jpg,2025,mixed
datasets/train_on_2025_all\images\frame_00110_jpg.rf.5f43c88ab3e12becc187577e72c56d42.jpg,2025,mixed
datasets/train_on_2025_all\images\frame_00110_jpg.rf.99016d837cca7a457129e051510c08c9.jpg,2025,mixed
datasets/train_on_2025_all\images\frame_00110_jpg.rf.d53bfc94f20ed3f4043023777bb77a7e.jpg,2025,mixed
datasets/train_on_2025_all\images\frame_00110_jpg.rf.db44e7e64a42df7fa68ba3dac04a10f1.jpg,2025,mixed
datasets/train_on_2025_all\images\frame_00110_jpg.rf.df2bdf0f24daae79602d7712bc686056.jpg,2025,mixed
datasets/train_on_2025_all\images\frame_00110_jpg.rf.e16d30e2db9ee0997926eeea2c620d03.jpg,2025,mixed
datasets/train_on_2025_all\images\frame_00111_jpg.rf.2a1796c2dd010a8cccc02a015c649fb2.jpg,2025,mixed
datasets/train_on_2025_all\images\frame_00111_jpg.rf.802f1272aae167f610f57de1efa88bfa.jpg,2025,mixed
datasets/train_on_2025_all\images\frame_00111_jpg.rf.c2aecab6cda3ed5c90407a33ef59bfee.jpg,2025,mixed
datasets/train_on_2025_all\images\frame_00111_jpg.rf.cc1aec1f361f0e64c5690bb78b222bcf.jpg,2025,mixed
datasets/train_on_2025_all\images\frame_00111_jpg.rf.f5507508349988f0f4b1e969b9416ea4.jpg,2025,mixed
datasets/train_on_2025_all\images\frame_00112_jpg.rf.06dcb17cb5a78973490bad65d47f0c29.jpg,2025,mixed
datasets/train_on_2025_all\images\frame_00112_jpg.rf.19407285bd86d4c2d4094014e17c8cc9.jpg,2025,mixed
datasets/train_on_2025_all\images\frame_00112_jpg.rf.2a53f5731d83572a05379a2b9c173e79.jpg,2025,mixed
datasets/train_on_2025_all\images\frame_00112_jpg.rf.c1bce34a55a1d8bf0280c006ba7df21e.jpg,2025,mixed
datasets/train_on_2025_all\images\frame_00112_jpg.rf.cb21932a734bc66a23f757a80e283228.jpg,2025,mixed
datasets/train_on_2025_all\images\frame_00113_jpg.rf.0b67f53f8ce0619965a8ff6eff6bb093.jpg,2025,mixed
datasets/train_on_2025_all\images\frame_00113_jpg.rf.894a00bfb54ab28be6c56321004b8dad.jpg,2025,mixed
datasets/train_on_2025_all\images\frame_00114_jpg.rf.6a35770513f59880af8faafc052c840c.jpg,2025,mixed
datasets/train_on_2025_all\images\frame_00114_jpg.rf.7808455ae1f37d9abe1e07e8a78fd4ba.jpg,2025,mixed
datasets/train_on_2025_all\images\frame_00114_jpg.rf.f7dc014a4c030d536ec8430ad5c0908c.jpg,2025,mixed
datasets/train_on_2025_all\images\frame_00115_jpg.rf.539c6d1421557a07a09d1a4313123902.jpg,2025,mixed
datasets/train_on_2025_all\images\frame_00115_jpg.rf.bdd0cb0709be506b0d205ca82d9f9f48.jpg,2025,mixed
datasets/train_on_2025_all\images\frame_00115_jpg.rf.be4b4fa2ca9c26045f79efa5bf130d0c.jpg,2025,mixed
datasets/train_on_2025_all\images\frame_00115_jpg.rf.e49eec444cc3bf75fa3a16b1d3d910f2.jpg,2025,mixed
datasets/train_on_2025_all\images\frame_00116_jpg.rf.18a4e2724349e11594f3182eb93fb0a9.jpg,2025,mixed
datasets/train_on_2025_all\images\frame_00116_jpg.rf.73f5aea5412dd082e45ae63003202643.jpg,2025,mixed
datasets/train_on_2025_all\images\frame_00116_jpg.rf.a2e48d3137969be32af15ae91eac0b8f.jpg,2025,mixed
datasets/train_on_2025_all\images\frame_00116_jpg.rf.a98bec3a4f672c9b1f94cc8b5003d50c.jpg,2025,mixed
datasets/train_on_2025_all\images\frame_00116_jpg.rf.c24691d250cefd1a2ab281298ef36a6b.jpg,2025,mixed
datasets/train_on_2025_all\images\frame_00116_jpg.rf.fe588a2b52b8ce9b437976e6cd2b3bea.jpg,2025,mixed
datasets/train_on_2025_all\images\frame_00117_jpg.rf.3ac0a78346d907b368b82e567cefcc41.jpg,2025,mixed
datasets/train_on_2025_all\images\frame_00117_jpg.rf.83ac2cd52fde18b6ec654b0265de316e.jpg,2025,mixed
datasets/train_on_2025_all\images\frame_00117_jpg.rf.a6908b88d56333a6782b73e6def61292.jpg,2025,mixed
datasets/train_on_2025_all\images\frame_00117_jpg.rf.b0c0d6a89c281ec2402d052329d19134.jpg,2025,mixed
datasets/train_on_2025_all\images\frame_00118_jpg.rf.02013eb21818389cabd7c810a760e637.jpg,2025,mixed
datasets/train_on_2025_all\images\frame_00118_jpg.rf.8e1b85964168f947b0cc4204d663c21c.jpg,2025,mixed
datasets/train_on_2025_all\images\frame_00118_jpg.rf.989f726a8f6af5078af9eff2ec7a928a.jpg,2025,mixed
datasets/train_on_2025_all\images\frame_00119_jpg.rf.8639e4158518e728eca73c00f72f20c0.jpg,2025,mixed
datasets/train_on_2025_all\images\frame_00119_jpg.rf.f68c8e97c549c106f0f3a5122b713874.jpg,2025,mixed
datasets/train_on_2025_all\images\frame_00120_jpg.rf.350501838c95d7008037892e43b15603.jpg,2025,mixed
datasets/train_on_2025_all\images\frame_00120_jpg.rf.ada370c3ba24caf68f8224ff3b0d9ee0.jpg,2025,mixed
datasets/train_on_2025_all\images\frame_00121_jpg.rf.14bda0c790a6889c1a4320dbfcd85989.jpg,2025,mixed
datasets/train_on_2025_all\images\frame_00121_jpg.rf.2c814e4125a92d241826aa03aa481b62.jpg,2025,mixed
datasets/train_on_2025_all\images\frame_00121_jpg.rf.37a248aa5c93945ce985d27bf59705d8.jpg,2025,mixed
datasets/train_on_2025_all\images\frame_00122_jpg.rf.1beadd0d8e7d2e647f8b34c6c92b884b.jpg,2025,mixed
datasets/train_on_2025_all\images\frame_00122_jpg.rf.21b03a486c55ca7c1b9c915b3e445927.jpg,2025,mixed
datasets/train_on_2025_all\images\frame_00122_jpg.rf.489a008afb54143c1bfd52e9e91f6c4f.jpg,2025,mixed
datasets/train_on_2025_all\images\frame_00122_jpg.rf.91078bbea19b7e2cac43f7ba6235edc4.jpg,2025,mixed
datasets/train_on_2025_all\images\frame_00122_jpg.rf.a4ef101157f6eee558b2110f359a51ec.jpg,2025,mixed
datasets/train_on_2025_all\images\frame_00122_jpg.rf.b94ac813ea569b1f7d7a65124a43d101.jpg,2025,mixed
datasets/train_on_2025_all\images\frame_00123_jpg.rf.018be116b2897559b86db8a6a5e9f245.jpg,2025,mixed
datasets/train_on_2025_all\images\frame_00123_jpg.rf.310ea230ee743f5bd060bfd144afbcd1.jpg,2025,mixed
datasets/train_on_2025_all\images\frame_00123_jpg.rf.4f2ad28b325c4797c738e4d22ac32f15.jpg,2025,mixed
datasets/train_on_2025_all\images\frame_00124_jpg.rf.454c0fb90c305f5c2fac713c3ff04901.jpg,2025,mixed
datasets/train_on_2025_all\images\frame_00124_jpg.rf.49653cf9c03a53edfbcd68c08d3b3d53.jpg,2025,mixed
datasets/train_on_2025_all\images\frame_00124_jpg.rf.6345f0f18c79e46304b8fe8fa214e0ca.jpg,2025,mixed
datasets/train_on_2025_all\images\frame_00125_jpg.rf.39a5f1564f9804e59598bc4bdd2a2c05.jpg,2025,mixed
datasets/train_on_2025_all\images\frame_00125_jpg.rf.76a359491a93abfbe591b3e6ad556163.jpg,2025,mixed
datasets/train_on_2025_all\images\frame_00125_jpg.rf.884f5ab19987cf4aa4b6dbf011ef71cf.jpg,2025,mixed
datasets/train_on_2025_all\images\frame_00125_jpg.rf.e3189d23520dbe0d409eef61d5e72701.jpg,2025,mixed
datasets/train_on_2025_all\images\frame_00126_jpg.rf.360f98d2d40d6b79a6ab8fcb877b1da1.jpg,2025,mixed
datasets/train_on_2025_all\images\frame_00126_jpg.rf.bb555e393b4ae06edbcfaa9607ef0018.jpg,2025,mixed
datasets/train_on_2025_all\images\frame_00127_jpg.rf.588c8538f1cea2aea988bbcbf1b85935.jpg,2025,mixed
datasets/train_on_2025_all\images\frame_00127_jpg.rf.62c724376f94de5e33d23e7099313a3e.jpg,2025,mixed
datasets/train_on_2025_all\images\frame_00127_jpg.rf.92f7d8d165cec57ed341966c69a50431.jpg,2025,mixed
datasets/train_on_2025_all\images\frame_00127_jpg.rf.b0b41104fd63b4be6db846c1511dddc1.jpg,2025,mixed
datasets/train_on_2025_all\images\frame_00128_jpg.rf.0a3fe145e67cc2dfdef0a14a5673290e.jpg,2025,mixed
datasets/train_on_2025_all\images\frame_00128_jpg.rf.239f1bb0dfd721699ba816a7021dc78f.jpg,2025,mixed
datasets/train_on_2025_all\images\frame_00128_jpg.rf.2fca2958d3e2e67776b74234d810cbd2.jpg,2025,mixed
datasets/train_on_2025_all\images\frame_00128_jpg.rf.882c90f03db90a2287221d9fb0523707.jpg,2025,mixed
datasets/train_on_2025_all\images\frame_00128_jpg.rf.de9e86bcdb7b526acf28678ee5f8d0e0.jpg,2025,mixed
datasets/train_on_2025_all\images\frame_00128_jpg.rf.e2d3703ea001b6f133ba292cc8b0e99d.jpg,2025,mixed
datasets/train_on_2025_all\images\frame_00129_jpg.rf.7aa167205db888afb3d7b2ef8f915503.jpg,2025,mixed
datasets/train_on_2025_all\images\frame_00129_jpg.rf.fa38c9fec8e018e3ac8a6fb43e9b6609.jpg,2025,mixed
datasets/train_on_2025_all\images\frame_00130_jpg.rf.45e80caefc366d32b849feae50a4b9ca.jpg,2025,mixed
datasets/train_on_2025_all\images\frame_00130_jpg.rf.7e1f78659c416a00eacd4d1af816b93b.jpg,2025,mixed
datasets/train_on_2025_all\images\frame_00130_jpg.rf.c81e3414baf4c4649ca2eed8020055d6.jpg,2025,mixed
datasets/train_on_2025_all\images\frame_00130_jpg.rf.ec8fc695df5aa69c43e92708ae7c46d6.jpg,2025,mixed
datasets/train_on_2025_all\images\frame_00130_jpg.rf.ff104f60aebfddfecbfe5a5b4f2eb169.jpg,2025,mixed
datasets/train_on_2025_all\images\frame_00131_jpg.rf.19e736e59cb4939677702fa5d607f078.jpg,2025,mixed
datasets/train_on_2025_all\images\frame_00131_jpg.rf.59a8dac1587397447cd4b291090fd993.jpg,2025,mixed
datasets/train_on_2025_all\images\frame_00131_jpg.rf.5f59d9f65560e78330110343825223fa.jpg,2025,mixed
datasets/train_on_2025_all\images\frame_00131_jpg.rf.f34bb6adf1da6e63a5059e47239b1239.jpg,2025,mixed
datasets/train_on_2025_all\images\frame_00132_jpg.rf.6d924de75d91056c375d820223c33213.jpg,2025,mixed
datasets/train_on_2025_all\images\frame_00132_jpg.rf.82a79c10e15eb9f8fac5ca40e1f09a31.jpg,2025,mixed
datasets/train_on_2025_all\images\frame_00132_jpg.rf.d7d4523fab28c6bc3e5836b69603c2b4.jpg,2025,mixed
datasets/train_on_2025_all\images\frame_00133_jpg.rf.19ed3827c6985607461d99f03a395cb5.jpg,2025,mixed
datasets/train_on_2025_all\images\frame_00133_jpg.rf.23652e3487ffe53c6e00b3c0c3476a65.jpg,2025,mixed
datasets/train_on_2025_all\images\frame_00133_jpg.rf.680144c0658d4e46b038132227eec52b.jpg,2025,mixed
datasets/train_on_2025_all\images\frame_00133_jpg.rf.8d9e8af99e0b2d5c29c9d7b86642beac.jpg,2025,mixed
datasets/train_on_2025_all\images\frame_00133_jpg.rf.eeda2725b39842a24a768c4fa33507be.jpg,2025,mixed
datasets/train_on_2025_all\images\frame_00134_jpg.rf.157d7edf7144abd39e62fa4c91012396.jpg,2025,mixed
datasets/train_on_2025_all\images\frame_00134_jpg.rf.b7814d77eb0e8b4c16aeb2c45614d523.jpg,2025,mixed
datasets/train_on_2025_all\images\frame_00134_jpg.rf.c4ba0d4d2985c40fcf7e4579b581489a.jpg,2025,mixed
datasets/train_on_2025_all\images\frame_00135_jpg.rf.242295ab4acdf4d4db2cba6c30d01f48.jpg,2025,mixed
datasets/train_on_2025_all\images\frame_00135_jpg.rf.6c7f167fa13ebf875aa8ae86deb388ec.jpg,2025,mixed
datasets/train_on_2025_all\images\frame_00135_jpg.rf.e43132b67313829d52015e653a4484ea.jpg,2025,mixed
datasets/train_on_2025_all\images\frame_00135_jpg.rf.fa900804fa8e060326714f67eb3081b5.jpg,2025,mixed
datasets/train_on_2025_all\images\frame_00136_jpg.rf.1ee5a2652d565197d2578f587a16a3ec.jpg,2025,mixed
datasets/train_on_2025_all\images\frame_00136_jpg.rf.3fab128ad432e905956032c8a8e1db83.jpg,2025,mixed
datasets/train_on_2025_all\images\frame_00136_jpg.rf.8aace151a0a471330d6ef3caf29b9c8d.jpg,2025,mixed
datasets/train_on_2025_all\images\frame_00136_jpg.rf.f51366dc3d4cb95bf750cc9800245338.jpg,2025,mixed
datasets/train_on_2025_all\images\frame_00137_jpg.rf.ccbf7b0ddfb4a4a5ec4c0599de51b6b7.jpg,2025,mixed
datasets/train_on_2025_all\images\frame_00137_jpg.rf.da1561ff61e1185b2740b66e4cf28ed8.jpg,2025,mixed
datasets/train_on_2025_all\images\frame_00138_jpg.rf.1a5d07dca51b5a2b3695c2904ad9f592.jpg,2025,mixed
datasets/train_on_2025_all\images\frame_00138_jpg.rf.2b94f2c3eb36c00ab23061d193c22385.jpg,2025,mixed
datasets/train_on_2025_all\images\frame_00138_jpg.rf.2f9360b8e67ee9de50078490fcf103f6.jpg,2025,mixed
datasets/train_on_2025_all\images\frame_00138_jpg.rf.8877fafbd47ee87b89942861b456e17f.jpg,2025,mixed
datasets/train_on_2025_all\images\frame_00138_jpg.rf.9bc9f694797110d57a14cc35d9402f19.jpg,2025,mixed
datasets/train_on_2025_all\images\frame_00138_jpg.rf.c64346564425b0dc6cc6a369598b97c3.jpg,2025,mixed
datasets/train_on_2025_all\images\frame_00138_jpg.rf.df1dc8b2093db768918f09d7b2682aea.jpg,2025,mixed
datasets/train_on_2025_all\images\frame_00139_jpg.rf.dd896c90a093cea381d7f1e282f9a3f6.jpg,2025,mixed
datasets/train_on_2025_all\images\frame_00140_jpg.rf.769ecf0fdf3e74241c810e18f6adcdef.jpg,2025,mixed
datasets/train_on_2025_all\images\frame_00140_jpg.rf.996902ab64d3c5e1ee12480c2ff78e0b.jpg,2025,mixed
datasets/train_on_2025_all\images\frame_00141_jpg.rf.f579336ed55e0244a5c390e83058ccbb.jpg,2025,mixed
datasets/train_on_2025_all\images\frame_00142_jpg.rf.b648b7575300c6338b3583bebcbbef12.jpg,2025,mixed
datasets/train_on_2025_all\images\frame_00143_jpg.rf.77146ed7c19c7b4c57221469eb47f4c8.jpg,2025,mixed
datasets/train_on_2025_all\images\frame_00143_jpg.rf.bb8c1ab3dd97c075079159c0eef48a40.jpg,2025,mixed
datasets/train_on_2025_all\images\frame_00144_jpg.rf.cea011748f29100a6a2a92642a53018a.jpg,2025,mixed
datasets/train_on_2025_all\images\frame_00144_jpg.rf.f421a82b9daaff7125de2a7e81ac69e6.jpg,2025,mixed
datasets/train_on_2025_all\images\frame_00145_jpg.rf.13fb51522c4f0fb364c11cd4519e9628.jpg,2025,mixed
datasets/train_on_2025_all\images\frame_00146_jpg.rf.c44f59bbbf476edb3ffcd6e16481eedb.jpg,2025,mixed
datasets/train_on_2025_all\images\frame_00147_jpg.rf.5b907ce3a8037501fcc47c0ec08f3da3.jpg,2025,mixed
datasets/train_on_2025_all\images\frame_00148_jpg.rf.f07c1d6e969fbc2600579f50c395ce27.jpg,2025,mixed
datasets/train_on_2025_all\images\frame_00149_jpg.rf.1e30d105d20bc6681cdfa30f6339d212.jpg,2025,mixed
datasets/train_on_2025_all\images\frame_00149_jpg.rf.6c09df71de538fc861260e64aa4695da.jpg,2025,mixed
datasets/train_on_2025_all\images\frame_00150_jpg.rf.85b3a55a554dd0dc7a7c63f530ca6fdf.jpg,2025,mixed
datasets/train_on_2025_all\images\frame_00151_jpg.rf.25127a208f319c87ca9eb1b0dc94d3ad.jpg,2025,mixed
datasets/train_on_2025_all\images\frame_00151_jpg.rf.83dcb493ba9317de5999e525e02c05eb.jpg,2025,mixed
datasets/train_on_2025_all\images\frame_00151_jpg.rf.e202f0ec9e9321ab05df1decc671e4ad.jpg,2025,mixed
datasets/train_on_2025_all\images\frame_00152_jpg.rf.14691596cbda4156410cbc179869a141.jpg,2025,mixed
datasets/train_on_2025_all\images\frame_00152_jpg.rf.49c9cfbcd16b7e26a5aefce5be305864.jpg,2025,mixed
datasets/train_on_2025_all\images\frame_00152_jpg.rf.977bb3e3f5fb9adc52e77783d42fad39.jpg,2025,mixed
datasets/train_on_2025_all\images\frame_00152_jpg.rf.a6c8be899adbb723e4a3e294053be3e8.jpg,2025,mixed
datasets/train_on_2025_all\images\frame_00153_jpg.rf.fd68b21639e66f16ca08cacce2c20f97.jpg,2025,mixed
datasets/train_on_2025_all\images\frame_00154_jpg.rf.6fbaef2ac7e27241841a021bd8d1447f.jpg,2025,mixed
datasets/train_on_2025_all\images\frame_00156_jpg.rf.eb22bd8e5f342ca1c241ea75bd8ef2ee.jpg,2025,mixed
datasets/train_on_2025_all\images\frame_00157_jpg.rf.2e96298f48107a25f33a33ac468af477.jpg,2025,mixed
datasets/train_on_2025_all\images\frame_00157_jpg.rf.6f525477430d924be28d766e89d00525.jpg,2025,mixed
datasets/train_on_2025_all\images\frame_00157_jpg.rf.acf60c1dea9dad110cc49b0efaa36b94.jpg,2025,mixed
datasets/train_on_2025_all\images\frame_00158_jpg.rf.c78563df56b77b704dd0b8bad1203d83.jpg,2025,mixed
datasets/train_on_2025_all\images\frame_00158_jpg.rf.f23ff55ae70492be1bd94d5b86210670.jpg,2025,mixed
datasets/train_on_2025_all\images\frame_00158_jpg.rf.ff544a574f8d1ca870d04abc14763614.jpg,2025,mixed
datasets/train_on_2025_all\images\frame_00159_jpg.rf.1cb72d9ad0a612092d3c7e9afea1d0b1.jpg,2025,mixed
datasets/train_on_2025_all\images\frame_00159_jpg.rf.704f776c14a6817f08da682aaef37a44.jpg,2025,mixed
datasets/train_on_2025_all\images\frame_00160_jpg.rf.84e0fd1b2b3f31059a50f3e0ef97b8c6.jpg,2025,mixed
datasets/train_on_2025_all\images\frame_00160_jpg.rf.be5bc5cc114bdc274ab38367f96aac42.jpg,2025,mixed
datasets/train_on_2025_all\images\frame_00161_jpg.rf.39111dbb31dc1a29a478cd71017d39e4.jpg,2025,mixed
datasets/train_on_2025_all\images\frame_00161_jpg.rf.acc3bac0423e9f9d7d1a94b48847f560.jpg,2025,mixed
datasets/train_on_2025_all\images\frame_00161_jpg.rf.eea44f6894dd6990cc6c0fa912073104.jpg,2025,mixed
datasets/train_on_2025_all\images\frame_00162_jpg.rf.33a26dc8479feaeea860aad8ec145899.jpg,2025,mixed
datasets/train_on_2025_all\images\frame_00162_jpg.rf.5e964c9adac6cc97e13f781883df5dd7.jpg,2025,mixed
datasets/train_on_2025_all\images\frame_00162_jpg.rf.a0b8fc0b959c1be41342a34599accc46.jpg,2025,mixed
datasets/train_on_2025_all\images\frame_00163_jpg.rf.0ca92e1d4d6c4792c94fb3e3f9d6d972.jpg,2025,mixed
datasets/train_on_2025_all\images\frame_00163_jpg.rf.f29eecd8f615a2f72dad02b1a45cf101.jpg,2025,mixed
datasets/train_on_2025_all\images\frame_00164_jpg.rf.466e3dcede8dcda84863a87f555a7eb1.jpg,2025,mixed
datasets/train_on_2025_all\images\frame_00164_jpg.rf.5b580d277a1c780753385a5ea1d018b6.jpg,2025,mixed
datasets/train_on_2025_all\images\frame_00165_jpg.rf.cf16b951d7a5e23e7e50b793fdbb461b.jpg,2025,mixed
datasets/train_on_2025_all\images\frame_00165_jpg.rf.eae5f9f25e25f61be92c2594dc9253e0.jpg,2025,mixed
datasets/train_on_2025_all\images\frame_00166_jpg.rf.10e1ce903a10ff6b9cc62522c2a1064f.jpg,2025,mixed
datasets/train_on_2025_all\images\frame_00167_jpg.rf.759da5276b5c83708f24835339cf9e61.jpg,2025,mixed
datasets/train_on_2025_all\images\frame_00167_jpg.rf.c52cece6ef05b0ee00088383f8bd9a31.jpg,2025,mixed
datasets/train_on_2025_all\images\frame_00168_jpg.rf.90a8219f9314f6a0b33441bb3c9cccd2.jpg,2025,mixed
datasets/train_on_2025_all\images\frame_00169_jpg.rf.4a950cfc126a03674614278c8e30014f.jpg,2025,mixed
datasets/train_on_2025_all\images\frame_00169_jpg.rf.a086e206f6108d9c5af39d6bbbadf907.jpg,2025,mixed
datasets/train_on_2025_all\images\frame_00170_jpg.rf.72ee3c36b338e5032760ed088e2ab16f.jpg,2025,mixed
datasets/train_on_2025_all\images\frame_00171_jpg.rf.0fac07f665380dc9158bc369cc7f8125.jpg,2025,mixed
datasets/train_on_2025_all\images\frame_00171_jpg.rf.5c84447c875eff734dce130b78cec75a.jpg,2025,mixed
datasets/train_on_2025_all\images\frame_00171_jpg.rf.7bdcaefd847a8e8f2795495b1d9508e0.jpg,2025,mixed
datasets/train_on_2025_all\images\frame_00172_jpg.rf.59839f61d1399f1a10f73d2a699ce70f.jpg,2025,mixed
datasets/train_on_2025_all\images\frame_00172_jpg.rf.5a317a4303fd346f3d0dd092749adacc.jpg,2025,mixed
datasets/train_on_2025_all\images\frame_00172_jpg.rf.806af180e08d9dd8d990d55fb982a63a.jpg,2025,mixed
datasets/train_on_2025_all\images\frame_00173_jpg.rf.5de2ea4a74557b76612725897291b909.jpg,2025,mixed
datasets/train_on_2025_all\images\frame_00173_jpg.rf.ff6dfc302737530be6c07d0e292683e4.jpg,2025,mixed
datasets/train_on_2025_all\images\frame_00174_jpg.rf.07aa8adc840e8e8182cad71faa519db8.jpg,2025,mixed
datasets/train_on_2025_all\images\frame_00174_jpg.rf.585c404b3023535aadabc15bd85155d5.jpg,2025,mixed
datasets/train_on_2025_all\images\frame_00174_jpg.rf.79559def5011b4349a120c014641f0dc.jpg,2025,mixed
datasets/train_on_2025_all\images\frame_00175_jpg.rf.9095ec589aea6d6c5776f11f2f3ad010.jpg,2025,mixed
datasets/train_on_2025_all\images\frame_00175_jpg.rf.ee1b9d954ec2d5d8d22f1012ba881718.jpg,2025,mixed
datasets/train_on_2025_all\images\frame_00176_jpg.rf.4ba7661a9a11ef6f22e36c0cc23a3a1a.jpg,2025,mixed
datasets/train_on_2025_all\images\frame_00176_jpg.rf.d168c951ef8524eff79ca36a31480391.jpg,2025,mixed
datasets/train_on_2025_all\images\frame_00177_jpg.rf.ed71c58969a1006fcfe9845e2e101f38.jpg,2025,mixed
datasets/train_on_2025_all\images\frame_00178_jpg.rf.c5f08b2e6e175a9354129b147032e398.jpg,2025,mixed
datasets/train_on_2025_all\images\frame_00178_jpg.rf.fe2afc73549f46796e8b584a9d95d48a.jpg,2025,mixed
datasets/train_on_2025_all\images\frame_00179_jpg.rf.26dbccae967b77f3f598ec308e07a030.jpg,2025,mixed
datasets/train_on_2025_all\images\frame_00179_jpg.rf.78e7476ddf7188288ea95dd4087eb139.jpg,2025,mixed
datasets/train_on_2025_all\images\frame_00181_jpg.rf.ca7e288369a0bd2f3f72309aad708996.jpg,2025,mixed
datasets/train_on_2025_all\images\frame_00181_jpg.rf.dbbea8c773c75a496272c60e9e7a5c44.jpg,2025,mixed
datasets/train_on_2025_all\images\frame_00182_jpg.rf.8a45aec1004c436b78d061a349eb879d.jpg,2025,mixed
datasets/train_on_2025_all\images\frame_00182_jpg.rf.b8744c30a9b785a2e0fa3adef03441df.jpg,2025,mixed
datasets/train_on_2025_all\images\frame_00183_jpg.rf.7f40ed458186ee2aa51920a2e44547b0.jpg,2025,mixed
datasets/train_on_2025_all\images\frame_00183_jpg.rf.daa6e5a84ccbcad5d525a0d9eac0d492.jpg,2025,mixed
datasets/train_on_2025_all\images\frame_00183_jpg.rf.f74b7e3ae9bc5792d468906bb09a0e8c.jpg,2025,mixed
datasets/train_on_2025_all\images\frame_00184_jpg.rf.f64615418aec9e83746f397af1099e13.jpg,2025,mixed
datasets/train_on_2025_all\images\frame_00187_jpg.rf.60ee8c263992d6650b55ec5f837da513.jpg,2025,mixed
datasets/train_on_2025_all\images\frame_00187_jpg.rf.d7ef14f7deec82a454ed57d84fa26b91.jpg,2025,mixed
datasets/train_on_2025_all\images\frame_00189_jpg.rf.b844beed392116f44afce644597a023b.jpg,2025,mixed
datasets/train_on_2025_all\images\frame_00189_jpg.rf.cc64ffdea48239c8c51dbc6dd6521b4c.jpg,2025,mixed
datasets/train_on_2025_all\images\frame_00194_jpg.rf.0cf908debb751707cca2d6b1a7a3b78d.jpg,2025,mixed
datasets/train_on_2025_all\images\frame_00194_jpg.rf.97c9e4b9bf269bcba1be06614b7c5a82.jpg,2025,mixed
datasets/train_on_2025_all\images\frame_00195_jpg.rf.2ed677f8430da08f4981aa97f59408d2.jpg,2025,mixed
datasets/train_on_2025_all\images\frame_00196_jpg.rf.1a4f9d6c0acc7ade63b282863f0b46df.jpg,2025,mixed
datasets/train_on_2025_all\images\frame_00196_jpg.rf.27928df31a68eaa9dbe21fef14c5544e.jpg,2025,mixed
datasets/train_on_2025_all\images\frame_00196_jpg.rf.b0a05a08e0a7874e4d1af17e11403b4a.jpg,2025,mixed
datasets/train_on_2025_all\images\frame_00199_jpg.rf.5db3ad63af804a38fc7264af559f109b.jpg,2025,mixed
datasets/train_on_2025_all\images\frame_00200_jpg.rf.acda13896b74c24b49b94e38fa24bf4d.jpg,2025,mixed
datasets/train_on_2025_all\images\frame_00204_jpg.rf.6e70f8ad724386117bdf0dc580e25215.jpg,2025,mixed
datasets/train_on_2025_all\images\frame_00205_jpg.rf.a32bd44aa7be3efb016da06e785681c7.jpg,2025,mixed
datasets/train_on_2025_all\images\frame_00205_jpg.rf.dd3a73842576600e3e446c4f87958904.jpg,2025,mixed
datasets/train_on_2025_all\images\frame_00208_jpg.rf.45444d57f6bd5923d9c934f50df136be.jpg,2025,mixed
datasets/train_on_2025_all\images\frame_00208_jpg.rf.c0156c6de23f416f7743206fd1c7c80d.jpg,2025,mixed
datasets/train_on_2025_all\images\frame_00208_jpg.rf.c7594e66d1f7e1d6360a90b5b788fa16.jpg,2025,mixed
datasets/train_on_2025_all\images\frame_00208_jpg.rf.ce685b33bf3e98da2c9317a2d10dff5a.jpg,2025,mixed
datasets/train_on_2025_all\images\frame_00210_jpg.rf.bb206c1c559e0a4a8438cbc3f723d3bb.jpg,2025,mixed
datasets/train_on_2025_all\images\frame_00212_jpg.rf.1d1b2f52634e7452db6072bc283bc5cb.jpg,2025,mixed
datasets/train_on_2025_all\images\frame_00213_jpg.rf.1443a5d3549554051bdbd9e1492e1285.jpg,2025,mixed
datasets/train_on_2025_all\images\frame_00214_jpg.rf.0cd658c06ea8ae50e933930534e1c29a.jpg,2025,mixed
datasets/train_on_2025_all\images\frame_00214_jpg.rf.2dd2944a9b2a39821986cf0153cbfe38.jpg,2025,mixed
datasets/train_on_2025_all\images\frame_00215_jpg.rf.56d766035a9e61acf4cfac56f6db346b.jpg,2025,mixed
datasets/train_on_2025_all\images\frame_00215_jpg.rf.de55fc16e17e17d7ca9e58f246610cca.jpg,2025,mixed
datasets/train_on_2025_all\images\frame_00216_jpg.rf.1f6a7dc2c19509b87c22e4cedaae6442.jpg,2025,mixed
datasets/train_on_2025_all\images\frame_00216_jpg.rf.94d0400d5834741dae3286f9d9763025.jpg,2025,mixed
datasets/train_on_2025_all\images\frame_00217_jpg.rf.855fd97351dbb677f49e90a048062634.jpg,2025,mixed
datasets/train_on_2025_all\images\frame_00218_jpg.rf.03c9bc09df7d6dabb8405d1bba24f43a.jpg,2025,mixed
datasets/train_on_2025_all\images\frame_00218_jpg.rf.66313a6512d3b3b9ac9a28852f9ec30c.jpg,2025,mixed
datasets/train_on_2025_all\images\frame_00219_jpg.rf.d9f81c13117c372d6a4fa3ad67e85021.jpg,2025,mixed
datasets/train_on_2025_all\images\frame_00219_jpg.rf.e896e5e5b3680c246aa91c3a9d6f7242.jpg,2025,mixed
datasets/train_on_2025_all\images\frame_00220_jpg.rf.840538fb65786ed5070fe22850f1380c.jpg,2025,mixed
datasets/train_on_2025_all\images\frame_00220_jpg.rf.c19d99cbbb21b2e2beea768d4a38f8b0.jpg,2025,mixed
datasets/train_on_2025_all\images\frame_00220_jpg.rf.c3b881a0a7ebd249c8b1c6cff6e16981.jpg,2025,mixed
datasets/train_on_2025_all\images\frame_00226_jpg.rf.7e99009c299e642848fdc908a0c226fb.jpg,2025,mixed
datasets/train_on_2025_all\images\frame_00231_jpg.rf.e23665b35c96dd5bbb695592bf8cc084.jpg,2025,mixed
datasets/train_on_2025_all\val\images\GX010664_MP4-0024_jpg.rf.cad3a1f7291e7b19185c3424a9b7a7a4.jpg,2025,mixed
datasets/train_on_2025_all\val\images\GX010664_MP4-0027_jpg.rf.5f8718f44188ce4277a73e163cda91c3.jpg,2025,mixed
datasets/train_on_2025_all\val\images\GX010664_MP4-0027_jpg.rf.9be1a7062e9dc99c2865c770c24da79c.jpg,2025,mixed
datasets/train_on_2025_all\val\images\GX010664_MP4-0031_jpg.rf.eabdd5989b451952b5a892e6e1e39e22.jpg,2025,mixed
datasets/train_on_2025_all\val\images\GX010664_MP4-0035_jpg.rf.8b7690fde7b76921c471e4a81bfcfcd6.jpg,2025,mixed
datasets/train_on_2025_all\val\images\GX010664_MP4-0036_jpg.rf.7304f9f7de96081f2d1b12ff1ddcf922.jpg,2025,mixed
datasets/train_on_2025_all\val\images\GX010664_MP4-0037_jpg.rf.c0ebdfe95dad9732fdb71d744b24d7a3.jpg,2025,mixed
datasets/train_on_2025_all\val\images\GX010664_MP4-0038_jpg.rf.ad6f49c423f99a13a20fe34f7699ec2c.jpg,2025,mixed
datasets/train_on_2025_all\val\images\GX010664_MP4-0040_jpg.rf.ef89a1288a58225816ddf9138aede15e.jpg,2025,mixed
datasets/train_on_2025_all\val\images\GX010664_MP4-0044_jpg.rf.f47f23f73b4661be5cebe78a1fd9b7af.jpg,2025,mixed
datasets/train_on_2025_all\val\images\GX010664_MP4-0061_jpg.rf.acb1d4ca69b7df99b7849bdbeb9eb42e.jpg,2025,mixed
datasets/train_on_2025_all\val\images\GX010664_MP4-0070_jpg.rf.6351d87aaf52b0e77484587ce9af6e0c.jpg,2025,mixed
datasets/train_on_2025_all\val\images\GX010664_MP4-0077_jpg.rf.fd3058efde48559efd580f058b8e7db7.jpg,2025,mixed
datasets/train_on_2025_all\val\images\GX010664_MP4-0096_jpg.rf.10fa759372185333fb15e69c666a4194.jpg,2025,mixed
datasets/train_on_2025_all\val\images\GX010665_MP4-0022_jpg.rf.723e604757d98356d2ebeed4cb48b674.jpg,2025,mixed
datasets/train_on_2025_all\val\images\GX010665_MP4-0023_jpg.rf.225f6777f4ce184f96f12aa2c17ca51f.jpg,2025,mixed
datasets/train_on_2025_all\val\images\GX010665_MP4-0024_jpg.rf.2b2ea2848e3d1c6db7507d149117bc90.jpg,2025,mixed
datasets/train_on_2025_all\val\images\GX010665_MP4-0058_jpg.rf.0fb0ddc328651d27336a2cf05f423e2b.jpg,2025,mixed
datasets/train_on_2025_all\val\images\GX010665_MP4-0058_jpg.rf.15a6bf79fba796428afa4b6a5beeb9a0.jpg,2025,mixed
datasets/train_on_2025_all\val\images\GX010665_MP4-0091_jpg.rf.93a5f8704847156a04d344d5aaeceab9.jpg,2025,mixed
datasets/train_on_2025_all\val\images\GX010665_MP4-0100_jpg.rf.2f48e9422b2776132e8bce5a9b039b72.jpg,2025,mixed
datasets/train_on_2025_all\val\images\GX010665_MP4-0100_jpg.rf.7fe92a46dbd236f4104e37b487ed5e0a.jpg,2025,mixed
datasets/train_on_2025_all\val\images\GX010665_MP4-0101_jpg.rf.131b63cfb62ad852ecc981bd69cafc6a.jpg,2025,mixed
datasets/train_on_2025_all\val\images\GX010665_MP4-0101_jpg.rf.695c98b7feb2e0761f47a995f55df818.jpg,2025,mixed
datasets/train_on_2025_all\val\images\GX010665_MP4-0103_jpg.rf.ece21a21e53db3834595c3a44fe38c79.jpg,2025,mixed
datasets/train_on_2025_all\val\images\GX010665_MP4-0108_jpg.rf.5fe6fc3f438e32420992750d736dd8de.jpg,2025,mixed
datasets/train_on_2025_all\val\images\GX010665_MP4-0111_jpg.rf.dfda8ba95fe487f09a469e4f291a1acb.jpg,2025,mixed
datasets/train_on_2025_all\val\images\GX010665_MP4-0128_jpg.rf.b6c1f3fae9cf9c0c7d37aacbffa551cd.jpg,2025,mixed
datasets/train_on_2025_all\val\images\GX010665_MP4-0128_jpg.rf.c021939037661ac7032afb4190379c60.jpg,2025,mixed
datasets/train_on_2025_all\val\images\GX010665_MP4-0129_jpg.rf.559c57886f5690dd45255de1c6b8867f.jpg,2025,mixed
datasets/train_on_2025_all\val\images\GX010665_MP4-0133_jpg.rf.8d1e694efb88ca474ac6c21a0ecba158.jpg,2025,mixed
datasets/train_on_2025_all\val\images\GX010665_MP4-0134_jpg.rf.533a6d7d5340ff0795d17941a8751cc7.jpg,2025,mixed
datasets/train_on_2025_all\val\images\GX010665_MP4-0136_jpg.rf.b8d7b046d6a6367157c4935830a3f9c5.jpg,2025,mixed
datasets/train_on_2025_all\val\images\GX010665_MP4-0137_jpg.rf.5716d652fe243567c028515163822762.jpg,2025,mixed
datasets/train_on_2025_all\val\images\GX010665_MP4-0194_jpg.rf.e39d415be7a76c2dac0d698d7990255f.jpg,2025,mixed
datasets/train_on_2025_all\val\images\GX010665_MP4-0198_jpg.rf.da126e10c116b5f22a8eca28f42f8830.jpg,2025,mixed
datasets/train_on_2025_all\val\images\GX010665_MP4-0208_jpg.rf.3a39b3e140195195576dca5b4d0c2b13.jpg,2025,mixed
datasets/train_on_2025_all\val\images\GX010665_MP4-0216_jpg.rf.8a9ac800a2be00ba4a6db5a5cd5c6296.jpg,2025,mixed
datasets/train_on_2025_all\val\images\GX010665_MP4-0216_jpg.rf.c85471c96f32f29a4552998a0bfef644.jpg,2025,mixed
datasets/train_on_2025_all\val\images\GX010665_MP4-0217_jpg.rf.e2002a9318e1d506b8faadfbca58652a.jpg,2025,mixed
datasets/train_on_2025_all\val\images\GX010665_MP4-0218_jpg.rf.f262a0785606543791b62b1ce9c0fa40.jpg,2025,mixed
datasets/train_on_2025_all\val\images\GX010665_MP4-0241_jpg.rf.244c945f5cf7ac04c9521da67e143662.jpg,2025,mixed
datasets/train_on_2025_all\val\images\GX010665_MP4-0243_jpg.rf.accef6733fc2f035c3362fd5f8609c66.jpg,2025,mixed
datasets/train_on_2025_all\val\images\GX010665_MP4-0245_jpg.rf.869589090ac9cc7ecd742e12e891ab0f.jpg,2025,mixed
datasets/train_on_2025_all\val\images\GX010665_MP4-0247_jpg.rf.b291053752c98daed2244321180faaae.jpg,2025,mixed
datasets/train_on_2025_all\val\images\GX010665_MP4-0248_jpg.rf.f00d5597c4ef6987722df80c3e51fed4.jpg,2025,mixed
datasets/train_on_2025_all\val\images\GX010665_MP4-0256_jpg.rf.a144600f86882ab4aaa541dd06ed8af3.jpg,2025,mixed
datasets/train_on_2025_all\val\images\GX010665_MP4-0258_jpg.rf.a00c002979213abbf46660d816111f51.jpg,2025,mixed
datasets/train_on_2025_all\val\images\GX010665_MP4-0265_jpg.rf.3c765632abf55afdd01d74c0dfc04471.jpg,2025,mixed
datasets/train_on_2025_all\val\images\GX010665_MP4-0266_jpg.rf.9f70e2c0d67e65e9c567d5ee87415e96.jpg,2025,mixed
datasets/train_on_2025_all\val\images\GX010666_MP4-0004_jpg.rf.da5e0a007c6259c172b7e1f1911dba62.jpg,2025,mixed
datasets/train_on_2025_all\val\images\GX010666_MP4-0025_jpg.rf.5a7c8acd6cb5e567610ec6a25c769499.jpg,2025,mixed
datasets/train_on_2025_all\val\images\GX010666_MP4-0042_jpg.rf.b93efda5dffa96206b9bfcd9e8b7fe24.jpg,2025,mixed
datasets/train_on_2025_all\val\images\GX010666_MP4-0044_jpg.rf.96930fb115a6d507128ccefd16ed34a1.jpg,2025,mixed
datasets/train_on_2025_all\val\images\GX010666_MP4-0057_jpg.rf.cfe79cc868364cd3b8caaf5d105bdd5c.jpg,2025,mixed
datasets/train_on_2025_all\val\images\GX010666_MP4-0083_jpg.rf.3bf566f01ce02754886bf6eeaf818aee.jpg,2025,mixed
datasets/train_on_2025_all\val\images\GX010666_MP4-0085_jpg.rf.25562ec629e89ace52d74122b608293c.jpg,2025,mixed
datasets/train_on_2025_all\val\images\GX010666_MP4-0086_jpg.rf.8408667c88331ac6251809d3431b8d12.jpg,2025,mixed
datasets/train_on_2025_all\val\images\GX010666_MP4-0097_jpg.rf.52ca7a1418a7d4daaaa38334d02bd30b.jpg,2025,mixed
datasets/train_on_2025_all\val\images\GX010666_MP4-0100_jpg.rf.5a9f4dd5352981381c01e83771693578.jpg,2025,mixed
datasets/train_on_2025_all\val\images\GX010666_MP4-0131_jpg.rf.00cea175c515d026f1dede115be5fc5c.jpg,2025,mixed
datasets/train_on_2025_all\val\images\GX010666_MP4-0140_jpg.rf.4be2a7a82ba7a251f20c5d364da5afc9.jpg,2025,mixed
datasets/train_on_2025_all\val\images\GX010666_MP4-0143_jpg.rf.c7d88373fc455d3464b259e5bb8908bb.jpg,2025,mixed
datasets/train_on_2025_all\val\images\GX010666_MP4-0144_jpg.rf.14473fd7bedaedfea0656f432912253f.jpg,2025,mixed
datasets/train_on_2025_all\val\images\GX010666_MP4-0144_jpg.rf.5b830f43f156f27cfd2412098fbeec79.jpg,2025,mixed
datasets/train_on_2025_all\val\images\GX010666_MP4-0146_jpg.rf.bdee8fb84f77d6ab1f0a6acf01269911.jpg,2025,mixed
datasets/train_on_2025_all\val\images\GX010666_MP4-0150_jpg.rf.4d440497966b2976a2c783e40b9d850a.jpg,2025,mixed
datasets/train_on_2025_all\val\images\GX010666_MP4-0157_jpg.rf.e7bb421fdf0c7af80746a147557794cc.jpg,2025,mixed
datasets/train_on_2025_all\val\images\GX010666_MP4-0174_jpg.rf.54657d26734efed91e55f3d5552cf9c0.jpg,2025,mixed
datasets/train_on_2025_all\val\images\GX010666_MP4-0189_jpg.rf.c51e70dda3da9cc4f27ada4e26178a5c.jpg,2025,mixed
datasets/train_on_2025_all\val\images\GX010666_MP4-0195_jpg.rf.fe46d37526849cabda913d166ecb7ca8.jpg,2025,mixed
datasets/train_on_2025_all\val\images\GX010666_MP4-0197_jpg.rf.8f4ba82a88afd7b7fb44b2c28e57dfd6.jpg,2025,mixed
datasets/train_on_2025_all\val\images\GX010666_MP4-0199_jpg.rf.c02be95e05e0155b2c53e14a7dca6a7f.jpg,2025,mixed
datasets/train_on_2025_all\val\images\GX010666_MP4-0205_jpg.rf.40464f1b80e8ac7fe29ddc7b58f10f97.jpg,2025,mixed
datasets/train_on_2025_all\val\images\GX010666_MP4-0207_jpg.rf.afdd0f8699458552c61f81b8922b3b4d.jpg,2025,mixed
datasets/train_on_2025_all\val\images\GX010666_MP4-0210_jpg.rf.5547047dcde61a0e2a0ac5e51c4153ec.jpg,2025,mixed
datasets/train_on_2025_all\val\images\GX010666_MP4-0224_jpg.rf.8883413aba86bbaa66521e34b09574a0.jpg,2025,mixed
datasets/train_on_2025_all\val\images\GX010666_MP4-0226_jpg.rf.a25b817a88b60d64dd234311037c60e7.jpg,2025,mixed
datasets/train_on_2025_all\val\images\GX010666_MP4-0229_jpg.rf.b7eb7cb0b290b8f4148606cdcdefd544.jpg,2025,mixed
datasets/train_on_2025_all\val\images\GX010666_MP4-0232_jpg.rf.07b55b741bf904b558908a5192e572c7.jpg,2025,mixed
datasets/train_on_2025_all\val\images\GX010666_MP4-0233_jpg.rf.7c041f4d39881dfba32b8cf8f20a5025.jpg,2025,mixed
datasets/train_on_2025_all\val\images\GX010666_MP4-0234_jpg.rf.512cd6f4c812e27f7e44b0e21dfc2e13.jpg,2025,mixed
datasets/train_on_2025_all\val\images\GX010666_MP4-0238_jpg.rf.396ceae79ebd7c58dcef44b8573b1f04.jpg,2025,mixed
datasets/train_on_2025_all\val\images\GX010666_MP4-0239_jpg.rf.94a918d542bf392fe5b479effd8d77fc.jpg,2025,mixed
datasets/train_on_2025_all\val\images\GX010666_MP4-0240_jpg.rf.d570fd1c3baf0fc285f0cb023a838bfb.jpg,2025,mixed
datasets/train_on_2025_all\val\images\GX010666_MP4-0241_jpg.rf.f2c87f57841e8aff568f80765e507264.jpg,2025,mixed
datasets/train_on_2025_all\val\images\GX010666_MP4-0244_jpg.rf.c443041ed0911d8e6d5997af10a601f6.jpg,2025,mixed
datasets/train_on_2025_all\val\images\GX010666_MP4-0246_jpg.rf.606d6e0e881f2bc93c3a30d7813e9a96.jpg,2025,mixed
datasets/train_on_2025_all\val\images\GX010666_MP4-0248_jpg.rf.bf4c2f201c8bdc6938514b95a8852a39.jpg,2025,mixed
datasets/train_on_2025_all\val\images\GX010666_MP4-0255_jpg.rf.ec0bf8a7a8212981ecfed1ce5e70d57e.jpg,2025,mixed
datasets/train_on_2025_all\val\images\GX010666_MP4-0257_jpg.rf.6287f0226bf082fbee4a6e51b41d175a.jpg,2025,mixed
datasets/train_on_2025_all\val\images\GX010666_MP4-0260_jpg.rf.c20bae429f4e851dca8ec3a235c0640b.jpg,2025,mixed
datasets/train_on_2025_all\val\images\GX010666_MP4-0271_jpg.rf.70c12deb202d2c1d1797c54161da3d64.jpg,2025,mixed
datasets/train_on_2025_all\val\images\GX010666_MP4-0272_jpg.rf.74eeefbf52ebc445ee3c6d961811c765.jpg,2025,mixed
datasets/train_on_2025_all\val\images\GX010666_MP4-0272_jpg.rf.8310915e2af578ea96afa408fd160703.jpg,2025,mixed
datasets/train_on_2025_all\val\images\GX010666_MP4-0288_jpg.rf.5c3ef0fd81199c48ba0da9e52bdf1e6b.jpg,2025,mixed
datasets/train_on_2025_all\val\images\GX010666_MP4-0288_jpg.rf.5d019b029d29c5b3986ff017a84a5c95.jpg,2025,mixed
datasets/train_on_2025_all\val\images\GX010666_MP4-0289_jpg.rf.0e84b5c98c056cce5850848a4bafc38a.jpg,2025,mixed
datasets/train_on_2025_all\val\images\GX010666_MP4-0298_jpg.rf.74220b730d27a8600ee515215f338a79.jpg,2025,mixed
datasets/train_on_2025_all\val\images\GX010666_MP4-0299_jpg.rf.bd13c8a01d852359623531401625f1ca.jpg,2025,mixed
datasets/train_on_2025_all\val\images\GX010666_MP4-0299_jpg.rf.e6a5f7569d3f69014ef7bcf201979f7d.jpg,2025,mixed
datasets/train_on_2025_all\val\images\GX010666_MP4-0300_jpg.rf.cceaba67c1f209e9dc30a63cfba41765.jpg,2025,mixed
datasets/train_on_2025_all\val\images\GX010666_MP4-0302_jpg.rf.89d7d8b1be794b2c712f8a3b90d1309f.jpg,2025,mixed
datasets/train_on_2025_all\val\images\GX010666_MP4-0304_jpg.rf.b4b9e06bd78ceca4e17a366087f0513e.jpg,2025,mixed
datasets/train_on_2025_all\val\images\GX010666_MP4-0311_jpg.rf.d677f52984eed8e775de67777d08fb7f.jpg,2025,mixed
datasets/train_on_2025_all\val\images\GX010666_MP4-0339_jpg.rf.3eb56619ce1ee7a9fb922c2ed38f9af5.jpg,2025,mixed
datasets/train_on_2025_all\val\images\GX010666_MP4-0340_jpg.rf.3a301476351f5892f345a294af81daf2.jpg,2025,mixed
datasets/train_on_2025_all\val\images\GX010666_MP4-0342_jpg.rf.307ab7360849f3a6f1bedc7704393376.jpg,2025,mixed
datasets/train_on_2025_all\val\images\GX010667_MP4-0013_jpg.rf.7475ce99cc745c4d9e8a232533d5bbbf.jpg,2025,mixed
datasets/train_on_2025_all\val\images\GX010667_MP4-0018_jpg.rf.d11c1a236a2d998ecb1e5d6282e64058.jpg,2025,mixed
datasets/train_on_2025_all\val\images\GX010667_MP4-0020_jpg.rf.8188ca9e34801e0c8a4c895c56001c6b.jpg,2025,mixed
datasets/train_on_2025_all\val\images\GX010667_MP4-0021_jpg.rf.94ee7ecc0e2163980c97907fabd43619.jpg,2025,mixed
datasets/train_on_2025_all\val\images\GX010667_MP4-0022_jpg.rf.b35bc0cb241ca9b69a134caf2bc84103.jpg,2025,mixed
datasets/train_on_2025_all\val\images\GX010667_MP4-0032_jpg.rf.5d3b71b6d3c8a243ebdec6d3b53e3638.jpg,2025,mixed
datasets/train_on_2025_all\val\images\GX010667_MP4-0035_jpg.rf.3aa452c0839ec541b26da4f2099e24b1.jpg,2025,mixed
datasets/train_on_2025_all\val\images\GX010667_MP4-0036_jpg.rf.d3f607829b588e71aefe13e9983d415e.jpg,2025,mixed
datasets/train_on_2025_all\val\images\GX010668_MP4-0020_jpg.rf.9f196f99a583ccdb57803aef353582cc.jpg,2025,mixed
datasets/train_on_2025_all\val\images\GX010668_MP4-0022_jpg.rf.8368f4392f3f94f0b5b8b85f0523f79b.jpg,2025,mixed
datasets/train_on_2025_all\val\images\GX010668_MP4-0027_jpg.rf.c07a97e29f9613f888b1ab3bd09592de.jpg,2025,mixed
datasets/train_on_2025_all\val\images\GX010668_MP4-0029_jpg.rf.4728abd43add36006570c09f0133d905.jpg,2025,mixed
datasets/train_on_2025_all\val\images\GX010668_MP4-0030_jpg.rf.5f98f7652d313ce2a95eafa2a87484ea.jpg,2025,mixed
datasets/train_on_2025_all\val\images\GX010668_MP4-0030_jpg.rf.e1ea2f046a074e01865a7f5acbea0848.jpg,2025,mixed
datasets/train_on_2025_all\val\images\GX010668_MP4-0036_jpg.rf.f1eff10fd8b245b2d80c3c5be4a928cf.jpg,2025,mixed
datasets/train_on_2025_all\val\images\GX010668_MP4-0044_jpg.rf.62eff0ff53ea166dd6e268a427b40a9d.jpg,2025,mixed
datasets/train_on_2025_all\val\images\GX010668_MP4-0046_jpg.rf.b0d1b3e7fa8ae93f9dc5307911be5eb1.jpg,2025,mixed
datasets/train_on_2025_all\val\images\GX010668_MP4-0051_jpg.rf.f473773a9346d5ce61a027f98ffa3bfd.jpg,2025,mixed
datasets/train_on_2025_all\val\images\GX010668_MP4-0055_jpg.rf.cb5bc2ad064c6ff2da627700a01f39af.jpg,2025,mixed
datasets/train_on_2025_all\val\images\frame_00003_jpg.rf.66e740d20d8ea52a0226c18aa5b1ee34.jpg,2025,mixed
datasets/train_on_2025_all\val\images\frame_00005_jpg.rf.3ef123aca7cf5c9a2ed5ef4c0a45a982.jpg,2025,mixed
datasets/train_on_2025_all\val\images\frame_00006_jpg.rf.d244c72491d07ff3caa751f7461f6e6f.jpg,2025,mixed
datasets/train_on_2025_all\val\images\frame_00007_jpg.rf.98b43a30c9d05e540703295926d96fa2.jpg,2025,mixed
datasets/train_on_2025_all\val\images\frame_00008_jpg.rf.4c3ab5c00a674adb53d6140f4297a92c.jpg,2025,mixed
datasets/train_on_2025_all\val\images\frame_00008_jpg.rf.9b74e7cb73a2179046892b2275e6616d.jpg,2025,mixed
datasets/train_on_2025_all\val\images\frame_00009_jpg.rf.ae5b8f3b1ed4b46f6ad0d8b4d04c07c7.jpg,2025,mixed
datasets/train_on_2025_all\val\images\frame_00010_jpg.rf.6e98efa4336499cec7220a1ea4f51422.jpg,2025,mixed
datasets/train_on_2025_all\val\images\frame_00010_jpg.rf.c37f6413c7cadc4b5d93c128e6853979.jpg,2025,mixed
datasets/train_on_2025_all\val\images\frame_00011_jpg.rf.19b23fe9d0e2d713346f1cffeeab61cf.jpg,2025,mixed
datasets/train_on_2025_all\val\images\frame_00011_jpg.rf.586fe9ab3171294332bc8ce0e6b1cb1a.jpg,2025,mixed
datasets/train_on_2025_all\val\images\frame_00012_jpg.rf.ea0abbde59a540bed5165ef4437b8825.jpg,2025,mixed
datasets/train_on_2025_all\val\images\frame_00013_jpg.rf.e45c961a193811f5837d1601e4b6f9f5.jpg,2025,mixed
datasets/train_on_2025_all\val\images\frame_00014_jpg.rf.bb3a45e97fffcb65e85d3fbf6148d297.jpg,2025,mixed
datasets/train_on_2025_all\val\images\frame_00014_jpg.rf.f77453efcbff22b45e50530c93eaca37.jpg,2025,mixed
datasets/train_on_2025_all\val\images\frame_00015_jpg.rf.3deac7201ca0b52b478d13b4ab1b2237.jpg,2025,mixed
datasets/train_on_2025_all\val\images\frame_00015_jpg.rf.f7f862cefee5d9c98dc8dd7098337250.jpg,2025,mixed
datasets/train_on_2025_all\val\images\frame_00017_jpg.rf.4caa4bdc028ec295e4a6581f33b71ded.jpg,2025,mixed
datasets/train_on_2025_all\val\images\frame_00019_jpg.rf.10e6b4bb62d98429999bdb4ae0ae77dd.jpg,2025,mixed
datasets/train_on_2025_all\val\images\frame_00020_jpg.rf.8c2736fb75e3fc7f5086c995d4b83183.jpg,2025,mixed
datasets/train_on_2025_all\val\images\frame_00022_jpg.rf.ca782a156be5797ee7b76a6275d86ebb.jpg,2025,mixed
datasets/train_on_2025_all\val\images\frame_00023_jpg.rf.23dd43f6a0025cce3c7a8d1712fdbf5a.jpg,2025,mixed
datasets/train_on_2025_all\val\images\frame_00023_jpg.rf.9cebdfbf6a49a459667578decb3eaa0b.jpg,2025,mixed
datasets/train_on_2025_all\val\images\frame_00023_jpg.rf.a655fa38ded1e50510aa2bbe43708e53.jpg,2025,mixed
datasets/train_on_2025_all\val\images\frame_00025_jpg.rf.047c08acd90f273eabff6c6289aaf987.jpg,2025,mixed
datasets/train_on_2025_all\val\images\frame_00026_jpg.rf.298c14c36184f9a4cb1ff4cb8030c3c5.jpg,2025,mixed
datasets/train_on_2025_all\val\images\frame_00027_jpg.rf.0162405403d860e9019d09965da6562e.jpg,2025,mixed
datasets/train_on_2025_all\val\images\frame_00027_jpg.rf.53f5eff50788119f7e7317099ed5a06d.jpg,2025,mixed
datasets/train_on_2025_all\val\images\frame_00027_jpg.rf.877aa00f6d1ccf96407372d955a6c6fa.jpg,2025,mixed
datasets/train_on_2025_all\val\images\frame_00027_jpg.rf.c11b39d1349ea630db20f9376bcf3808.jpg,2025,mixed
datasets/train_on_2025_all\val\images\frame_00027_jpg.rf.d369d90de32e7c8400c2dba4c9d7ade4.jpg,2025,mixed
datasets/train_on_2025_all\val\images\frame_00029_jpg.rf.27b19e154dea1bcc629f23ec476e0a1b.jpg,2025,mixed
datasets/train_on_2025_all\val\images\frame_00029_jpg.rf.3941c516f47e92f570c8b0348c8bb46b.jpg,2025,mixed
datasets/train_on_2025_all\val\images\frame_00030_jpg.rf.8c42e651a39837097e313864fbe724f0.jpg,2025,mixed
datasets/train_on_2025_all\val\images\frame_00031_jpg.rf.d10f5e4dc5f70cf6fb89c7538d1c9634.jpg,2025,mixed
datasets/train_on_2025_all\val\images\frame_00032_jpg.rf.4a67c0b50ceccb21cbb21fbdf35dff08.jpg,2025,mixed
datasets/train_on_2025_all\val\images\frame_00032_jpg.rf.cfaac73fc079a7f3abc5cc2e5a37b822.jpg,2025,mixed
datasets/train_on_2025_all\val\images\frame_00035_jpg.rf.1b54ed472517a61c9bfeec7220ad64a2.jpg,2025,mixed
datasets/train_on_2025_all\val\images\frame_00035_jpg.rf.a488121fbc82e28e06e7fe9336c404a9.jpg,2025,mixed
datasets/train_on_2025_all\val\images\frame_00036_jpg.rf.891c05f42e72922b936efc76f130ebaf.jpg,2025,mixed
datasets/train_on_2025_all\val\images\frame_00037_jpg.rf.c832809fed39f1cf33cff166f46a5295.jpg,2025,mixed
datasets/train_on_2025_all\val\images\frame_00038_jpg.rf.92aebc9f7c406273bffccf46b4784e97.jpg,2025,mixed
datasets/train_on_2025_all\val\images\frame_00039_jpg.rf.387e2b6eef7d94eddb15294e20daaab8.jpg,2025,mixed
datasets/train_on_2025_all\val\images\frame_00039_jpg.rf.50ad10c4731a50be3dc2d3520e7a15ef.jpg,2025,mixed
datasets/train_on_2025_all\val\images\frame_00039_jpg.rf.584a06cb036640b776903447fe1426ad.jpg,2025,mixed
datasets/train_on_2025_all\val\images\frame_00039_jpg.rf.70030802aadc30a609408af461aa5968.jpg,2025,mixed
datasets/train_on_2025_all\val\images\frame_00041_jpg.rf.97cc81e54d6d7205b5896e3424d0179b.jpg,2025,mixed
datasets/train_on_2025_all\val\images\frame_00042_jpg.rf.c4fb7eecbc8dd41362e479f4359768dc.jpg,2025,mixed
datasets/train_on_2025_all\val\images\frame_00043_jpg.rf.6c7afbdf53c901ae874ec90a49a43baa.jpg,2025,mixed
datasets/train_on_2025_all\val\images\frame_00043_jpg.rf.d9b5b2b1f5eac35ae015852337221329.jpg,2025,mixed
datasets/train_on_2025_all\val\images\frame_00044_jpg.rf.964abac006075081c6be7e3b85842dc4.jpg,2025,mixed
datasets/train_on_2025_all\val\images\frame_00045_jpg.rf.70bd37788b34a08dd992ae816ca70ffb.jpg,2025,mixed
datasets/train_on_2025_all\val\images\frame_00046_jpg.rf.667a47ae0bf23d6c5bfa622b17c0b6a3.jpg,2025,mixed
datasets/train_on_2025_all\val\images\frame_00046_jpg.rf.74619e0a839c270af24051c9edd3d8d4.jpg,2025,mixed
datasets/train_on_2025_all\val\images\frame_00047_jpg.rf.cbe6514312f2c8d2a7af6d812a2f68f0.jpg,2025,mixed
datasets/train_on_2025_all\val\images\frame_00049_jpg.rf.dde136cea3816276fdb69fb03fa70905.jpg,2025,mixed
datasets/train_on_2025_all\val\images\frame_00050_jpg.rf.acd80ed854a745c4c87bd7c9e2ed054b.jpg,2025,mixed
datasets/train_on_2025_all\val\images\frame_00051_jpg.rf.3db3f71dbaf62b1e668c2b8de541fe92.jpg,2025,mixed
datasets/train_on_2025_all\val\images\frame_00054_jpg.rf.14806f5143f40ef1029e6297701c8601.jpg,2025,mixed
datasets/train_on_2025_all\val\images\frame_00055_jpg.rf.742ad2b53f7612f78cd4ffa34a97abf8.jpg,2025,mixed
datasets/train_on_2025_all\val\images\frame_00055_jpg.rf.d3da204f4f9a704905083b8d80b877d0.jpg,2025,mixed
datasets/train_on_2025_all\val\images\frame_00063_jpg.rf.ebcec09b94a7a03784174f0ad9ad7b0a.jpg,2025,mixed
datasets/train_on_2025_all\val\images\frame_00064_jpg.rf.5bb255b8f9c7d615a0cd1fcc69c0c90f.jpg,2025,mixed
datasets/train_on_2025_all\val\images\frame_00064_jpg.rf.7aceb15cb33f772f1c430577c0f66408.jpg,2025,mixed
datasets/train_on_2025_all\val\images\frame_00064_jpg.rf.8315065276fbac7368f349c4f9613bfb.jpg,2025,mixed
datasets/train_on_2025_all\val\images\frame_00064_jpg.rf.d25b3c6ce7f00a111d6af36ebd1795a7.jpg,2025,mixed
datasets/train_on_2025_all\val\images\frame_00065_jpg.rf.076a62b2fe945213bb9d6511e867e28c.jpg,2025,mixed
datasets/train_on_2025_all\val\images\frame_00065_jpg.rf.4363ca2e06cd1a079fc17ae7c222abd2.jpg,2025,mixed
datasets/train_on_2025_all\val\images\frame_00065_jpg.rf.c9ba95450169526523b8b8c7ce85b709.jpg,2025,mixed
datasets/train_on_2025_all\val\images\frame_00066_jpg.rf.a3cde73d510c0b6d68b9d58f0db1d025.jpg,2025,mixed
datasets/train_on_2025_all\val\images\frame_00067_jpg.rf.4fd6cc9a83f2385901c7d5cacf053aa7.jpg,2025,mixed
datasets/train_on_2025_all\val\images\frame_00069_jpg.rf.106a34bc13902751dc3cf219e9618052.jpg,2025,mixed
datasets/train_on_2025_all\val\images\frame_00069_jpg.rf.c31d2a2b480c1020d8d98b1cfbb31f4a.jpg,2025,mixed
datasets/train_on_2025_all\val\images\frame_00070_jpg.rf.a1e7dbe5838c818508b5212c578bb8bd.jpg,2025,mixed
datasets/train_on_2025_all\val\images\frame_00072_jpg.rf.80751859032d3ae0c51b2be3b08c2d60.jpg,2025,mixed
datasets/train_on_2025_all\val\images\frame_00072_jpg.rf.a5353fce3bbcf846fdff8145ded201c7.jpg,2025,mixed
datasets/train_on_2025_all\val\images\frame_00073_jpg.rf.0d9b74a6359cd8ebb3928132c762a3ae.jpg,2025,mixed
datasets/train_on_2025_all\val\images\frame_00075_jpg.rf.2f4967fc89be50ac6de5ab98bba85c08.jpg,2025,mixed
datasets/train_on_2025_all\val\images\frame_00075_jpg.rf.3c2e32a75dea5c0e61cc617dc90f123c.jpg,2025,mixed
datasets/train_on_2025_all\val\images\frame_00076_jpg.rf.771d5b00ae6e2fd470a93a26fea51fec.jpg,2025,mixed
datasets/train_on_2025_all\val\images\frame_00077_jpg.rf.696cb01b762432c3cfceeea1268bf616.jpg,2025,mixed
datasets/train_on_2025_all\val\images\frame_00078_jpg.rf.2533274afcc6ebb0be9ab8b55f738016.jpg,2025,mixed
datasets/train_on_2025_all\val\images\frame_00078_jpg.rf.2a5d42ad2885cd3409f92077b46bb640.jpg,2025,mixed
datasets/train_on_2025_all\val\images\frame_00078_jpg.rf.31bfb8e18692c0c5daf5ec14c8e0c2e0.jpg,2025,mixed
datasets/train_on_2025_all\val\images\frame_00079_jpg.rf.3bc488e5f2f464df45ab5324cffcb910.jpg,2025,mixed
datasets/train_on_2025_all\val\images\frame_00079_jpg.rf.74df03ce577bc13cbf59df680c588789.jpg,2025,mixed
datasets/train_on_2025_all\val\images\frame_00079_jpg.rf.d073c9519221cd0932708db2c18bc540.jpg,2025,mixed
datasets/train_on_2025_all\val\images\frame_00080_jpg.rf.3f47a50ca5ab22074d46d4d5e7430630.jpg,2025,mixed
datasets/train_on_2025_all\val\images\frame_00080_jpg.rf.70b2f556ecfbbb94ec89faaf34c0466b.jpg,2025,mixed
datasets/train_on_2025_all\val\images\frame_00080_jpg.rf.9f44c67e6a40ca4afd17a560c0a9ebd0.jpg,2025,mixed
datasets/train_on_2025_all\val\images\frame_00080_jpg.rf.a292d13529f876c3acc1bdfa9139ce01.jpg,2025,mixed
datasets/train_on_2025_all\val\images\frame_00080_jpg.rf.ae2eb6c5966a75db7fa4cbf0800a130e.jpg,2025,mixed
datasets/train_on_2025_all\val\images\frame_00081_jpg.rf.14c8ff8217bf57ee3cd5cc587f9ed6db.jpg,2025,mixed
datasets/train_on_2025_all\val\images\frame_00081_jpg.rf.52ce65655a130601ce53aada1278983d.jpg,2025,mixed
datasets/train_on_2025_all\val\images\frame_00082_jpg.rf.004cc66294be97bdc0ea3cd90a45c311.jpg,2025,mixed
datasets/train_on_2025_all\val\images\frame_00082_jpg.rf.8760bad924d9fc6a30511a8d358d8a93.jpg,2025,mixed
datasets/train_on_2025_all\val\images\frame_00082_jpg.rf.8c44fed453d9fde0b8ac6fb47c90fab2.jpg,2025,mixed
datasets/train_on_2025_all\val\images\frame_00084_jpg.rf.2239c259729b12d63cfc1e666dab56f4.jpg,2025,mixed
datasets/train_on_2025_all\val\images\frame_00084_jpg.rf.b39031b486a9fd4e52e1faac9dc452ec.jpg,2025,mixed
datasets/train_on_2025_all\val\images\frame_00084_jpg.rf.ee045bc2f2fa1c10ca2e58f4f3fc8e40.jpg,2025,mixed
datasets/train_on_2025_all\val\images\frame_00086_jpg.rf.e89e3e0704208a6e653851173e72c0d4.jpg,2025,mixed
datasets/train_on_2025_all\val\images\frame_00087_jpg.rf.2273da68fbc6530498bbf110cf5cf414.jpg,2025,mixed
datasets/train_on_2025_all\val\images\frame_00088_jpg.rf.235f7a1dfbc4a3617de678aa431e4661.jpg,2025,mixed
datasets/train_on_2025_all\val\images\frame_00088_jpg.rf.5aba4656869e338f73535ca30ae7d507.jpg,2025,mixed
datasets/train_on_2025_all\val\images\frame_00089_jpg.rf.2ed54b8ca5af0f71cd086ffff6027fa3.jpg,2025,mixed
datasets/train_on_2025_all\val\images\frame_00089_jpg.rf.c871ac0ade0b3596c0568865526ab8e4.jpg,2025,mixed
datasets/train_on_2025_all\val\images\frame_00091_jpg.rf.18ff8f7f145cf7ae080729f1cd0cb860.jpg,2025,mixed
datasets/train_on_2025_all\val\images\frame_00091_jpg.rf.1a3507b58d62c2b53bf3b9fc234772f5.jpg,2025,mixed
datasets/train_on_2025_all\val\images\frame_00091_jpg.rf.53071addb72cbd0c4f705f69654ffaf2.jpg,2025,mixed
datasets/train_on_2025_all\val\images\frame_00091_jpg.rf.b2b339dd0149de2dda8dd17898d3bd0e.jpg,2025,mixed
datasets/train_on_2025_all\val\images\frame_00092_jpg.rf.ef54d42de7731e1528fa8cd77853b7e1.jpg,2025,mixed
datasets/train_on_2025_all\val\images\frame_00093_jpg.rf.1208dc6839eeee15348cb84900a2f2ae.jpg,2025,mixed
datasets/train_on_2025_all\val\images\frame_00093_jpg.rf.737f743feaa01553acfc68547f868567.jpg,2025,mixed
datasets/train_on_2025_all\val\images\frame_00093_jpg.rf.75bc22dd4ea742c939d76bc83f9da916.jpg,2025,mixed
datasets/train_on_2025_all\val\images\frame_00094_jpg.rf.5ef55d1da6c1b1d50fdabfa4631d4a71.jpg,2025,mixed
datasets/train_on_2025_all\val\images\frame_00095_jpg.rf.6e6bb9618d6b2930ee5177c353f2da9d.jpg,2025,mixed
datasets/train_on_2025_all\val\images\frame_00096_jpg.rf.2681eb68228fe2bef0c583b0cbb242e5.jpg,2025,mixed
datasets/train_on_2025_all\val\images\frame_00098_jpg.rf.e31efa123de2666eb5a3d12117a50bd8.jpg,2025,mixed
datasets/train_on_2025_all\val\images\frame_00099_jpg.rf.09377e0177be384033bb7f6e63656693.jpg,2025,mixed
datasets/train_on_2025_all\val\images\frame_00099_jpg.rf.8481008a27b03b2922758b953313cbf7.jpg,2025,mixed
datasets/train_on_2025_all\val\images\frame_00100_jpg.rf.1dceade3ea5c88ff380fc0a0c08d5670.jpg,2025,mixed
datasets/train_on_2025_all\val\images\frame_00100_jpg.rf.f229830159f18399ac8bfb5fdc30373f.jpg,2025,mixed
datasets/train_on_2025_all\val\images\frame_00101_jpg.rf.52ee1280f5a3473b235ae5247b40ce2b.jpg,2025,mixed
datasets/train_on_2025_all\val\images\frame_00101_jpg.rf.6bca36fd4a9bdddcc7a9d67bfd7c08b4.jpg,2025,mixed
datasets/train_on_2025_all\val\images\frame_00102_jpg.rf.3d45b9a19006e31ed37bf357b24b01c5.jpg,2025,mixed
datasets/train_on_2025_all\val\images\frame_00102_jpg.rf.e28f336421ee4a8591ed078277c99b8f.jpg,2025,mixed
datasets/train_on_2025_all\val\images\frame_00103_jpg.rf.ba425325a6711ea912fa8e9d38f41bfd.jpg,2025,mixed
datasets/train_on_2025_all\val\images\frame_00103_jpg.rf.dcfa70e447e8251d8853370424fd173b.jpg,2025,mixed
datasets/train_on_2025_all\val\images\frame_00104_jpg.rf.02145fc01d7ab1f9ed61037fbe0efe26.jpg,2025,mixed
datasets/train_on_2025_all\val\images\frame_00105_jpg.rf.33de88c8edd349c485996caa87905d61.jpg,2025,mixed
datasets/train_on_2025_all\val\images\frame_00106_jpg.rf.06b3e0ce1241c6a68d34795ce103fd97.jpg,2025,mixed
datasets/train_on_2025_all\val\images\frame_00106_jpg.rf.aebd6c0306e492303281181f8a036be8.jpg,2025,mixed
datasets/train_on_2025_all\val\images\frame_00107_jpg.rf.6c13d14b1e88f8c287ff27d1bd6fcfc4.jpg,2025,mixed
datasets/train_on_2025_all\val\images\frame_00108_jpg.rf.2797dccb22f0cec7fc8ede551c2364e4.jpg,2025,mixed
datasets/train_on_2025_all\val\images\frame_00111_jpg.rf.589f872a64ca3f7e688d639297e27e77.jpg,2025,mixed
datasets/train_on_2025_all\val\images\frame_00111_jpg.rf.ec03d204ba8552d72cc6dc61c7dcd1c7.jpg,2025,mixed
datasets/train_on_2025_all\val\images\frame_00113_jpg.rf.03f09e6607484f67a2c8c2c4622c033e.jpg,2025,mixed
datasets/train_on_2025_all\val\images\frame_00113_jpg.rf.e2c1539fd451ce3387e479f2344ceb82.jpg,2025,mixed
datasets/train_on_2025_all\val\images\frame_00116_jpg.rf.2f6613cb62be7ec09ea284f980e05f35.jpg,2025,mixed
datasets/train_on_2025_all\val\images\frame_00116_jpg.rf.ade451a39da1ce8e63b72404d49e1517.jpg,2025,mixed
datasets/train_on_2025_all\val\images\frame_00118_jpg.rf.0f4ceb04f723eccd1f97fa68b7c3cfc2.jpg,2025,mixed
datasets/train_on_2025_all\val\images\frame_00118_jpg.rf.4a54600ab4b174e81240dbadfdde41fb.jpg,2025,mixed
datasets/train_on_2025_all\val\images\frame_00119_jpg.rf.450972c9af7ee6e83cd158412be276a3.jpg,2025,mixed
datasets/train_on_2025_all\val\images\frame_00120_jpg.rf.49936d1e10a96662b4f6896721fb06e4.jpg,2025,mixed
datasets/train_on_2025_all\val\images\frame_00120_jpg.rf.b4266d71de0fe2366776d1b8b80d387a.jpg,2025,mixed
datasets/train_on_2025_all\val\images\frame_00121_jpg.rf.12e93234967f812d13e845668bc04166.jpg,2025,mixed
datasets/train_on_2025_all\val\images\frame_00121_jpg.rf.51862acc4c728dfd7d58a45a4b2a6815.jpg,2025,mixed
datasets/train_on_2025_all\val\images\frame_00121_jpg.rf.8a9e244fc34382b707f3c5c5eecf2876.jpg,2025,mixed
datasets/train_on_2025_all\val\images\frame_00123_jpg.rf.23ca1f968c29286700ac1730477b1844.jpg,2025,mixed
datasets/train_on_2025_all\val\images\frame_00125_jpg.rf.8a7ed71cf0443a4731c59787be324252.jpg,2025,mixed
datasets/train_on_2025_all\val\images\frame_00127_jpg.rf.281e67c3f0032c9577774aab7c3c032a.jpg,2025,mixed
datasets/train_on_2025_all\val\images\frame_00132_jpg.rf.581e58ef53bbf64fbc0070a7cc42f6ef.jpg,2025,mixed
datasets/train_on_2025_all\val\images\frame_00132_jpg.rf.d1397d38caa75a77d8db080b7d01d67b.jpg,2025,mixed
datasets/train_on_2025_all\val\images\frame_00133_jpg.rf.9f27648e38d8c0eaf06364b450069d8a.jpg,2025,mixed
datasets/train_on_2025_all\val\images\frame_00133_jpg.rf.d006fda658276b0b0e3b9fc97d149fd0.jpg,2025,mixed
datasets/train_on_2025_all\val\images\frame_00135_jpg.rf.0b45278947642f449508ad67d27e3afd.jpg,2025,mixed
datasets/train_on_2025_all\val\images\frame_00136_jpg.rf.908f5ad9e3b697d883055ee46fc7ed79.jpg,2025,mixed
datasets/train_on_2025_all\val\images\frame_00137_jpg.rf.37863c62b7e5c493f8a8bbb935558e4d.jpg,2025,mixed
datasets/train_on_2025_all\val\images\frame_00137_jpg.rf.e485a257a4bacb1337ecafb6483895d1.jpg,2025,mixed
datasets/train_on_2025_all\val\images\frame_00141_jpg.rf.e8b31ef1bed263008e9f267fdf0573eb.jpg,2025,mixed
datasets/train_on_2025_all\val\images\frame_00143_jpg.rf.261c6ddf61083b22726507b7b8944588.jpg,2025,mixed
datasets/train_on_2025_all\val\images\frame_00143_jpg.rf.c2754e78a3449c304fad659586024299.jpg,2025,mixed
datasets/train_on_2025_all\val\images\frame_00144_jpg.rf.489c2886c1cfce6ad531645ba6f372d1.jpg,2025,mixed
datasets/train_on_2025_all\val\images\frame_00144_jpg.rf.af91a91769839410c716c6b7bd5213d7.jpg,2025,mixed
datasets/train_on_2025_all\val\images\frame_00151_jpg.rf.4fa3ab55fa088d05bb0b7ff1c5e01832.jpg,2025,mixed
datasets/train_on_2025_all\val\images\frame_00153_jpg.rf.06ab50cc7b88ee13cb64a262e3e52a36.jpg,2025,mixed
datasets/train_on_2025_all\val\images\frame_00155_jpg.rf.65b10faf8765e5753236bc40f87a060d.jpg,2025,mixed
datasets/train_on_2025_all\val\images\frame_00155_jpg.rf.8d511c2b44137e44d60a75c60d8e4884.jpg,2025,mixed
datasets/train_on_2025_all\val\images\frame_00156_jpg.rf.3570d2e7336024fd16e0c7cfe2324bbe.jpg,2025,mixed
datasets/train_on_2025_all\val\images\frame_00156_jpg.rf.f5337bfc114b8c691fceb9d1f239ae43.jpg,2025,mixed
datasets/train_on_2025_all\val\images\frame_00160_jpg.rf.d0bccc74926f00fbbba892391b35654d.jpg,2025,mixed
datasets/train_on_2025_all\val\images\frame_00161_jpg.rf.1801ecd677090554daba7c8c08cad5e1.jpg,2025,mixed
datasets/train_on_2025_all\val\images\frame_00162_jpg.rf.77e5f6b3e9088602a07c5e46df47b95d.jpg,2025,mixed
datasets/train_on_2025_all\val\images\frame_00162_jpg.rf.7d9c85670b1dd9e517d058c275604a7a.jpg,2025,mixed
datasets/train_on_2025_all\val\images\frame_00167_jpg.rf.f8aaac085ca2adc17da406c40a56c3a9.jpg,2025,mixed
datasets/train_on_2025_all\val\images\frame_00171_jpg.rf.7f406999f0aa8c786521b465b5620733.jpg,2025,mixed
datasets/train_on_2025_all\val\images\frame_00178_jpg.rf.3e5d98a815e11b9219dfb64fba90686e.jpg,2025,mixed
datasets/train_on_2025_all\val\images\frame_00197_jpg.rf.78a4bcc5fc460aca4a25e3698f3f571b.jpg,2025,mixed
datasets/train_on_2025_all\val\images\frame_00199_jpg.rf.008f9f96e8b05275ca7d3646acf4e3bb.jpg,2025,mixed
datasets/train_on_2025_all\val\images\frame_00200_jpg.rf.c4713d7845cc1a9f226beeb2078ac1b2.jpg,2025,mixed
datasets/train_on_2025_all\val\images\frame_00204_jpg.rf.df2a8cfed71013deaf9a36116294ae1e.jpg,2025,mixed
datasets/train_on_2025_all\val\images\frame_00207_jpg.rf.c2be41aaf3cc69c9d442a336a0bcefd1.jpg,2025,mixed
datasets/train_on_2025_all\val\images\frame_00208_jpg.rf.d546323772e2be92e59431b4e2072c4f.jpg,2025,mixed
datasets/train_on_2025_all\val\images\frame_00210_jpg.rf.43980e32aa727d8a0413ee87c98193b6.jpg,2025,mixed
datasets/train_on_2025_all\val\images\frame_00210_jpg.rf.606795c4ce3783439a0b2ad231cdf465.jpg,2025,mixed
datasets/train_on_2025_all\val\images\frame_00215_jpg.rf.9864f0df39c1b743d9670ccf72b3f772.jpg,2025,mixed
datasets/train_on_2025_all\val\images\frame_00222_jpg.rf.0d20c02a8faa6f7ae03bae6b3f583fb1.jpg,2025,mixed
