image_path,split
datasets\train_on_2025_all\val\images\frame_00002_jpg.rf.fd5adec830b07b6a8b0b78ef9b254547.jpg,val
datasets\train_on_2025_all\val\images\frame_00005_jpg.rf.ee1ff3c5d2ae3129279fa10a4c898842.jpg,val
datasets\train_on_2025_all\val\images\frame_00006_jpg.rf.d244c72491d07ff3caa751f7461f6e6f.jpg,val
datasets\train_on_2025_all\val\images\frame_00007_jpg.rf.98b43a30c9d05e540703295926d96fa2.jpg,val
datasets\train_on_2025_all\val\images\frame_00008_jpg.rf.4c3ab5c00a674adb53d6140f4297a92c.jpg,val
datasets\train_on_2025_all\val\images\frame_00008_jpg.rf.9b74e7cb73a2179046892b2275e6616d.jpg,val
datasets\train_on_2025_all\val\images\frame_00009_jpg.rf.ae5b8f3b1ed4b46f6ad0d8b4d04c07c7.jpg,val
datasets\train_on_2025_all\val\images\frame_00010_jpg.rf.4ab3342941455220c0f130449d211282.jpg,val
datasets\train_on_2025_all\val\images\frame_00010_jpg.rf.6e98efa4336499cec7220a1ea4f51422.jpg,val
datasets\train_on_2025_all\val\images\frame_00010_jpg.rf.c37f6413c7cadc4b5d93c128e6853979.jpg,val
datasets\train_on_2025_all\val\images\frame_00011_jpg.rf.586fe9ab3171294332bc8ce0e6b1cb1a.jpg,val
datasets\train_on_2025_all\val\images\frame_00012_jpg.rf.1c83794e43e25b69d5cb3455710aa78f.jpg,val
datasets\train_on_2025_all\val\images\frame_00012_jpg.rf.ea0abbde59a540bed5165ef4437b8825.jpg,val
datasets\train_on_2025_all\val\images\frame_00013_jpg.rf.de154efb15418cdd924e3d5402fe9577.jpg,val
datasets\train_on_2025_all\val\images\frame_00013_jpg.rf.e45c961a193811f5837d1601e4b6f9f5.jpg,val
datasets\train_on_2025_all\val\images\frame_00014_jpg.rf.bb3a45e97fffcb65e85d3fbf6148d297.jpg,val
datasets\train_on_2025_all\val\images\frame_00014_jpg.rf.f77453efcbff22b45e50530c93eaca37.jpg,val
datasets\train_on_2025_all\val\images\frame_00016_jpg.rf.4cf3b0e6d65189f3f5725a30c45877fd.jpg,val
datasets\train_on_2025_all\val\images\frame_00017_jpg.rf.0f4891f6d26b8ee34867380c79557e2b.jpg,val
datasets\train_on_2025_all\val\images\frame_00017_jpg.rf.4caa4bdc028ec295e4a6581f33b71ded.jpg,val
datasets\train_on_2025_all\val\images\frame_00017_jpg.rf.88f80d60ea9d3d22e4df78e942facb11.jpg,val
datasets\train_on_2025_all\val\images\frame_00017_jpg.rf.ae00ccaec1b6b8170570cd8bfbc676ba.jpg,val
datasets\train_on_2025_all\val\images\frame_00022_jpg.rf.2bf8c1f487c345ed44dec3d9c7ab1a27.jpg,val
datasets\train_on_2025_all\val\images\frame_00022_jpg.rf.ca782a156be5797ee7b76a6275d86ebb.jpg,val
datasets\train_on_2025_all\val\images\frame_00023_jpg.rf.653672710b04ab9e9b1d453db06954f8.jpg,val
datasets\train_on_2025_all\val\images\frame_00023_jpg.rf.9cebdfbf6a49a459667578decb3eaa0b.jpg,val
datasets\train_on_2025_all\val\images\frame_00026_jpg.rf.298c14c36184f9a4cb1ff4cb8030c3c5.jpg,val
datasets\train_on_2025_all\val\images\frame_00027_jpg.rf.53f5eff50788119f7e7317099ed5a06d.jpg,val
datasets\train_on_2025_all\val\images\frame_00027_jpg.rf.886949a2011613752226ef5a43a75dad.jpg,val
datasets\train_on_2025_all\val\images\frame_00028_jpg.rf.295d6758e9d4c5c240e8717c3a443b0f.jpg,val
datasets\train_on_2025_all\val\images\frame_00028_jpg.rf.37c96cbf16dcbd9348dc8abe1a6f79ab.jpg,val
datasets\train_on_2025_all\val\images\frame_00028_jpg.rf.8d95d11c39395c0eff586537cdad8272.jpg,val
datasets\train_on_2025_all\val\images\frame_00030_jpg.rf.04dbb7f2d6dd06e5dfe784b9fbce6494.jpg,val
datasets\train_on_2025_all\val\images\frame_00030_jpg.rf.3b4ff49d4f601b7babc9f08844f90c86.jpg,val
datasets\train_on_2025_all\val\images\frame_00030_jpg.rf.8c42e651a39837097e313864fbe724f0.jpg,val
datasets\train_on_2025_all\val\images\frame_00031_jpg.rf.f80fe06b28208659a048697e88dfd06d.jpg,val
datasets\train_on_2025_all\val\images\frame_00032_jpg.rf.4a67c0b50ceccb21cbb21fbdf35dff08.jpg,val
datasets\train_on_2025_all\val\images\frame_00032_jpg.rf.837aded9c5a628f1d1e1f52f6cff109a.jpg,val
datasets\train_on_2025_all\val\images\frame_00032_jpg.rf.cfaac73fc079a7f3abc5cc2e5a37b822.jpg,val
datasets\train_on_2025_all\val\images\frame_00032_jpg.rf.f51b4d759fb56cda0d27e431a37fd0c0.jpg,val
datasets\train_on_2025_all\val\images\frame_00033_jpg.rf.2c6188cc5738ae3b630475fc7d2e6a86.jpg,val
datasets\train_on_2025_all\val\images\frame_00034_jpg.rf.238e83c9c499f90ec13e5cc9489eaa3c.jpg,val
datasets\train_on_2025_all\val\images\frame_00034_jpg.rf.4cb27645834c611106d5d4130a01767b.jpg,val
datasets\train_on_2025_all\val\images\frame_00035_jpg.rf.1b54ed472517a61c9bfeec7220ad64a2.jpg,val
datasets\train_on_2025_all\val\images\frame_00035_jpg.rf.9dc37fccda377dbb0af4263476b4c604.jpg,val
datasets\train_on_2025_all\val\images\frame_00036_jpg.rf.98c89c2a8b355e8386a0413cd88ec542.jpg,val
datasets\train_on_2025_all\val\images\frame_00037_jpg.rf.c832809fed39f1cf33cff166f46a5295.jpg,val
datasets\train_on_2025_all\val\images\frame_00039_jpg.rf.50ad10c4731a50be3dc2d3520e7a15ef.jpg,val
datasets\train_on_2025_all\val\images\frame_00039_jpg.rf.70030802aadc30a609408af461aa5968.jpg,val
datasets\train_on_2025_all\val\images\frame_00040_jpg.rf.ae7ba2eb3702ebcbcf954db422113ad8.jpg,val
datasets\train_on_2025_all\val\images\frame_00043_jpg.rf.b2ff059ec76db9faed5a510c1e481bbe.jpg,val
datasets\train_on_2025_all\val\images\frame_00044_jpg.rf.61ac60a97dd0dd8afad158554d190d8d.jpg,val
datasets\train_on_2025_all\val\images\frame_00044_jpg.rf.964abac006075081c6be7e3b85842dc4.jpg,val
datasets\train_on_2025_all\val\images\frame_00045_jpg.rf.633fc43f449e325a7ecef2bc472084f6.jpg,val
datasets\train_on_2025_all\val\images\frame_00046_jpg.rf.667a47ae0bf23d6c5bfa622b17c0b6a3.jpg,val
datasets\train_on_2025_all\val\images\frame_00046_jpg.rf.756fd9d0c53212d4daf52adaab118ff7.jpg,val
datasets\train_on_2025_all\val\images\frame_00047_jpg.rf.cbe6514312f2c8d2a7af6d812a2f68f0.jpg,val
datasets\train_on_2025_all\val\images\frame_00049_jpg.rf.dde136cea3816276fdb69fb03fa70905.jpg,val
datasets\train_on_2025_all\val\images\frame_00049_jpg.rf.e69c1947316ab7c5617b9f5ee197a630.jpg,val
datasets\train_on_2025_all\val\images\frame_00051_jpg.rf.3db3f71dbaf62b1e668c2b8de541fe92.jpg,val
datasets\train_on_2025_all\val\images\frame_00054_jpg.rf.14806f5143f40ef1029e6297701c8601.jpg,val
datasets\train_on_2025_all\val\images\frame_00055_jpg.rf.17c9c4717ff187cb435daa8e2e4f867d.jpg,val
datasets\train_on_2025_all\val\images\frame_00055_jpg.rf.734fe0ba2f8c42534349ef5b05d246ab.jpg,val
datasets\train_on_2025_all\val\images\frame_00055_jpg.rf.742ad2b53f7612f78cd4ffa34a97abf8.jpg,val
datasets\train_on_2025_all\val\images\frame_00056_jpg.rf.588959678f3a9c30883ac01930ffe82b.jpg,val
datasets\train_on_2025_all\val\images\frame_00057_jpg.rf.3d1f5d442cd84db7e89addcc8e2719fe.jpg,val
datasets\train_on_2025_all\val\images\frame_00062_jpg.rf.a93d0afa65b1362841db11538290fdd5.jpg,val
datasets\train_on_2025_all\val\images\frame_00064_jpg.rf.8315065276fbac7368f349c4f9613bfb.jpg,val
datasets\train_on_2025_all\val\images\frame_00064_jpg.rf.955bd0922d02968533e78898de6c1842.jpg,val
datasets\train_on_2025_all\val\images\frame_00064_jpg.rf.d25b3c6ce7f00a111d6af36ebd1795a7.jpg,val
datasets\train_on_2025_all\val\images\frame_00065_jpg.rf.076a62b2fe945213bb9d6511e867e28c.jpg,val
datasets\train_on_2025_all\val\images\frame_00065_jpg.rf.0c1069145b2596435cce952973aae2ad.jpg,val
datasets\train_on_2025_all\val\images\frame_00065_jpg.rf.4eaca404fa7ea19bd444819828ac88dd.jpg,val
datasets\train_on_2025_all\val\images\frame_00066_jpg.rf.096b9a36d1f8c669a7ca1f21e482993a.jpg,val
datasets\train_on_2025_all\val\images\frame_00067_jpg.rf.4fd6cc9a83f2385901c7d5cacf053aa7.jpg,val
datasets\train_on_2025_all\val\images\frame_00072_jpg.rf.6dc3d1d7f0e02edf7082ca2c995c40bc.jpg,val
datasets\train_on_2025_all\val\images\frame_00073_jpg.rf.a7526b3bbb79b7583431ecbd910fe907.jpg,val
datasets\train_on_2025_all\val\images\frame_00074_jpg.rf.728a64e28eb71b57c1ef8f1f7872c061.jpg,val
datasets\train_on_2025_all\val\images\frame_00075_jpg.rf.69737e70b8d9fefd3042813a56d99204.jpg,val
datasets\train_on_2025_all\val\images\frame_00075_jpg.rf.d4c2eab44df094bd3b78f8ec0bbf96fb.jpg,val
datasets\train_on_2025_all\val\images\frame_00075_jpg.rf.fa3744e744223ca729ccec8e9e9d402d.jpg,val
datasets\train_on_2025_all\val\images\frame_00076_jpg.rf.1e362698795e476f2644728bff09d949.jpg,val
datasets\train_on_2025_all\val\images\frame_00076_jpg.rf.e98839198aa956bbcd2274e1bc1e158e.jpg,val
datasets\train_on_2025_all\val\images\frame_00077_jpg.rf.696cb01b762432c3cfceeea1268bf616.jpg,val
datasets\train_on_2025_all\val\images\frame_00078_jpg.rf.31bfb8e18692c0c5daf5ec14c8e0c2e0.jpg,val
datasets\train_on_2025_all\val\images\frame_00079_jpg.rf.3bc488e5f2f464df45ab5324cffcb910.jpg,val
datasets\train_on_2025_all\val\images\frame_00079_jpg.rf.d073c9519221cd0932708db2c18bc540.jpg,val
datasets\train_on_2025_all\val\images\frame_00080_jpg.rf.0041c5c4c989c10c303e89a9ec24092c.jpg,val
datasets\train_on_2025_all\val\images\frame_00080_jpg.rf.101b41282c551c29546fbdd51fdbeb19.jpg,val
datasets\train_on_2025_all\val\images\frame_00080_jpg.rf.3f47a50ca5ab22074d46d4d5e7430630.jpg,val
datasets\train_on_2025_all\val\images\frame_00080_jpg.rf.70b2f556ecfbbb94ec89faaf34c0466b.jpg,val
datasets\train_on_2025_all\val\images\frame_00081_jpg.rf.14c8ff8217bf57ee3cd5cc587f9ed6db.jpg,val
datasets\train_on_2025_all\val\images\frame_00081_jpg.rf.62014fa2a9bb0e63eadc48945b8d0111.jpg,val
datasets\train_on_2025_all\val\images\frame_00082_jpg.rf.004cc66294be97bdc0ea3cd90a45c311.jpg,val
datasets\train_on_2025_all\val\images\frame_00082_jpg.rf.78d1a586c98f272dac5597268ce58c75.jpg,val
datasets\train_on_2025_all\val\images\frame_00082_jpg.rf.8760bad924d9fc6a30511a8d358d8a93.jpg,val
datasets\train_on_2025_all\val\images\frame_00084_jpg.rf.2239c259729b12d63cfc1e666dab56f4.jpg,val
datasets\train_on_2025_all\val\images\frame_00084_jpg.rf.b39031b486a9fd4e52e1faac9dc452ec.jpg,val
datasets\train_on_2025_all\val\images\frame_00084_jpg.rf.ee045bc2f2fa1c10ca2e58f4f3fc8e40.jpg,val
datasets\train_on_2025_all\val\images\frame_00087_jpg.rf.2273da68fbc6530498bbf110cf5cf414.jpg,val
datasets\train_on_2025_all\val\images\frame_00087_jpg.rf.7ae06c589f24c04a399eb268b296dcbb.jpg,val
datasets\train_on_2025_all\val\images\frame_00088_jpg.rf.10bd431064e51baf4ca530d7be09cea3.jpg,val
datasets\train_on_2025_all\val\images\frame_00088_jpg.rf.5aba4656869e338f73535ca30ae7d507.jpg,val
datasets\train_on_2025_all\val\images\frame_00088_jpg.rf.7c0e32ae7a36439992800b99dbec2149.jpg,val
datasets\train_on_2025_all\val\images\frame_00089_jpg.rf.c871ac0ade0b3596c0568865526ab8e4.jpg,val
datasets\train_on_2025_all\val\images\frame_00090_jpg.rf.02b6601feae1671dd9c7ac51528f59b8.jpg,val
datasets\train_on_2025_all\val\images\frame_00091_jpg.rf.18ff8f7f145cf7ae080729f1cd0cb860.jpg,val
datasets\train_on_2025_all\val\images\frame_00091_jpg.rf.1a3507b58d62c2b53bf3b9fc234772f5.jpg,val
datasets\train_on_2025_all\val\images\frame_00091_jpg.rf.53071addb72cbd0c4f705f69654ffaf2.jpg,val
datasets\train_on_2025_all\val\images\frame_00091_jpg.rf.b2b339dd0149de2dda8dd17898d3bd0e.jpg,val
datasets\train_on_2025_all\val\images\frame_00092_jpg.rf.ef54d42de7731e1528fa8cd77853b7e1.jpg,val
datasets\train_on_2025_all\val\images\frame_00093_jpg.rf.1208dc6839eeee15348cb84900a2f2ae.jpg,val
datasets\train_on_2025_all\val\images\frame_00093_jpg.rf.737f743feaa01553acfc68547f868567.jpg,val
datasets\train_on_2025_all\val\images\frame_00095_jpg.rf.6e6bb9618d6b2930ee5177c353f2da9d.jpg,val
datasets\train_on_2025_all\val\images\frame_00096_jpg.rf.2681eb68228fe2bef0c583b0cbb242e5.jpg,val
datasets\train_on_2025_all\val\images\frame_00096_jpg.rf.d9c9e4ed3db078ed4ddd2c7b5d53df3f.jpg,val
datasets\train_on_2025_all\val\images\frame_00098_jpg.rf.2875f06c9f1abbbb4ed076e62910d445.jpg,val
datasets\train_on_2025_all\val\images\frame_00098_jpg.rf.e31efa123de2666eb5a3d12117a50bd8.jpg,val
datasets\train_on_2025_all\val\images\frame_00099_jpg.rf.09377e0177be384033bb7f6e63656693.jpg,val
datasets\train_on_2025_all\val\images\frame_00100_jpg.rf.1dceade3ea5c88ff380fc0a0c08d5670.jpg,val
datasets\train_on_2025_all\val\images\frame_00101_jpg.rf.52ee1280f5a3473b235ae5247b40ce2b.jpg,val
datasets\train_on_2025_all\val\images\frame_00104_jpg.rf.a257a702e20d746a57e253184c43e9c5.jpg,val
datasets\train_on_2025_all\val\images\frame_00105_jpg.rf.33de88c8edd349c485996caa87905d61.jpg,val
datasets\train_on_2025_all\val\images\frame_00106_jpg.rf.7087fe5ce2d441301c48f19812919caf.jpg,val
datasets\train_on_2025_all\val\images\frame_00106_jpg.rf.8d08bf2d6c71df94caeebdb712a2e378.jpg,val
datasets\train_on_2025_all\val\images\frame_00107_jpg.rf.6c13d14b1e88f8c287ff27d1bd6fcfc4.jpg,val
datasets\train_on_2025_all\val\images\frame_00108_jpg.rf.2797dccb22f0cec7fc8ede551c2364e4.jpg,val
datasets\train_on_2025_all\val\images\frame_00109_jpg.rf.8e9a9d0d60350a9ed2f9c591df835ec6.jpg,val
datasets\train_on_2025_all\val\images\frame_00110_jpg.rf.8515c76436be98c9989be490e1b76a80.jpg,val
datasets\train_on_2025_all\val\images\frame_00111_jpg.rf.589f872a64ca3f7e688d639297e27e77.jpg,val
datasets\train_on_2025_all\val\images\frame_00113_jpg.rf.03f09e6607484f67a2c8c2c4622c033e.jpg,val
datasets\train_on_2025_all\val\images\frame_00113_jpg.rf.334176fe73e3c94e030f396e71e5135e.jpg,val
datasets\train_on_2025_all\val\images\frame_00113_jpg.rf.e2c1539fd451ce3387e479f2344ceb82.jpg,val
datasets\train_on_2025_all\val\images\frame_00115_jpg.rf.9040928b303879825f28282e64ac9442.jpg,val
datasets\train_on_2025_all\val\images\frame_00115_jpg.rf.b695a2c5c9fe0f34530f88d4c7608c41.jpg,val
datasets\train_on_2025_all\val\images\frame_00115_jpg.rf.e717a0add4db410ce8ee876487c9bc49.jpg,val
datasets\train_on_2025_all\val\images\frame_00116_jpg.rf.2f6613cb62be7ec09ea284f980e05f35.jpg,val
datasets\train_on_2025_all\val\images\frame_00116_jpg.rf.ade451a39da1ce8e63b72404d49e1517.jpg,val
datasets\train_on_2025_all\val\images\frame_00119_jpg.rf.450972c9af7ee6e83cd158412be276a3.jpg,val
datasets\train_on_2025_all\val\images\frame_00121_jpg.rf.51862acc4c728dfd7d58a45a4b2a6815.jpg,val
datasets\train_on_2025_all\val\images\frame_00122_jpg.rf.2d586d8ae0251d9d37560156e339edac.jpg,val
datasets\train_on_2025_all\val\images\frame_00123_jpg.rf.23ca1f968c29286700ac1730477b1844.jpg,val
datasets\train_on_2025_all\val\images\frame_00123_jpg.rf.cbdceb48ccd7243b202cbe30e6f618dd.jpg,val
datasets\train_on_2025_all\val\images\frame_00125_jpg.rf.8a7ed71cf0443a4731c59787be324252.jpg,val
datasets\train_on_2025_all\val\images\frame_00128_jpg.rf.6d859548e6535524fea3d6eae218760d.jpg,val
datasets\train_on_2025_all\val\images\frame_00129_jpg.rf.1c6f7302635a9467f2ded694426eb6a5.jpg,val
datasets\train_on_2025_all\val\images\frame_00131_jpg.rf.d6dc81af629b4b79b91986b47f22f179.jpg,val
datasets\train_on_2025_all\val\images\frame_00131_jpg.rf.f1e87553a95e6a41f499fe8e02700a7d.jpg,val
datasets\train_on_2025_all\val\images\frame_00132_jpg.rf.1fc62a5f381fb96cc0e0bbaf3783fdad.jpg,val
datasets\train_on_2025_all\val\images\frame_00132_jpg.rf.581e58ef53bbf64fbc0070a7cc42f6ef.jpg,val
datasets\train_on_2025_all\val\images\frame_00137_jpg.rf.e485a257a4bacb1337ecafb6483895d1.jpg,val
datasets\train_on_2025_all\val\images\frame_00138_jpg.rf.264629fcdb2c71d636e717f4e765cdfc.jpg,val
datasets\train_on_2025_all\val\images\frame_00138_jpg.rf.6b3cc9f4f6e87d758b7909dad954b389.jpg,val
datasets\train_on_2025_all\val\images\frame_00139_jpg.rf.58ddcb5b1ec512d1c2a6acbe9424923b.jpg,val
datasets\train_on_2025_all\val\images\frame_00141_jpg.rf.832bcbbc660f8b51e263f96e795f6ea0.jpg,val
datasets\train_on_2025_all\val\images\frame_00141_jpg.rf.e8b31ef1bed263008e9f267fdf0573eb.jpg,val
datasets\train_on_2025_all\val\images\frame_00143_jpg.rf.261c6ddf61083b22726507b7b8944588.jpg,val
datasets\train_on_2025_all\val\images\frame_00144_jpg.rf.af91a91769839410c716c6b7bd5213d7.jpg,val
datasets\train_on_2025_all\val\images\frame_00147_jpg.rf.d4eab13b71efdd10d5d96641c0c8aed1.jpg,val
datasets\train_on_2025_all\val\images\frame_00151_jpg.rf.4fa3ab55fa088d05bb0b7ff1c5e01832.jpg,val
datasets\train_on_2025_all\val\images\frame_00152_jpg.rf.d274e40cf9798025bd1d8688866ff402.jpg,val
datasets\train_on_2025_all\val\images\frame_00153_jpg.rf.06ab50cc7b88ee13cb64a262e3e52a36.jpg,val
datasets\train_on_2025_all\val\images\frame_00153_jpg.rf.da6ea8b251faaaaa15fd3f99ecde93d7.jpg,val
datasets\train_on_2025_all\val\images\frame_00155_jpg.rf.65b10faf8765e5753236bc40f87a060d.jpg,val
datasets\train_on_2025_all\val\images\frame_00155_jpg.rf.8d511c2b44137e44d60a75c60d8e4884.jpg,val
datasets\train_on_2025_all\val\images\frame_00156_jpg.rf.3570d2e7336024fd16e0c7cfe2324bbe.jpg,val
datasets\train_on_2025_all\val\images\frame_00159_jpg.rf.7424d30cdf46154d39cf60a91ee73a5e.jpg,val
datasets\train_on_2025_all\val\images\frame_00160_jpg.rf.d0bccc74926f00fbbba892391b35654d.jpg,val
datasets\train_on_2025_all\val\images\frame_00161_jpg.rf.1801ecd677090554daba7c8c08cad5e1.jpg,val
datasets\train_on_2025_all\val\images\frame_00162_jpg.rf.77e5f6b3e9088602a07c5e46df47b95d.jpg,val
datasets\train_on_2025_all\val\images\frame_00162_jpg.rf.7d9c85670b1dd9e517d058c275604a7a.jpg,val
datasets\train_on_2025_all\val\images\frame_00166_jpg.rf.bcd08ef701bd176e14af51da16a1a659.jpg,val
datasets\train_on_2025_all\val\images\frame_00173_jpg.rf.806cad28049aab045de406a04e423df8.jpg,val
datasets\train_on_2025_all\val\images\frame_00177_jpg.rf.bb91114be028cf18ac1ac74466435389.jpg,val
datasets\train_on_2025_all\val\images\frame_00197_jpg.rf.78a4bcc5fc460aca4a25e3698f3f571b.jpg,val
datasets\train_on_2025_all\val\images\frame_00204_jpg.rf.df2a8cfed71013deaf9a36116294ae1e.jpg,val
datasets\train_on_2025_all\val\images\frame_00207_jpg.rf.c2be41aaf3cc69c9d442a336a0bcefd1.jpg,val
datasets\train_on_2025_all\val\images\frame_00208_jpg.rf.d546323772e2be92e59431b4e2072c4f.jpg,val
datasets\train_on_2025_all\val\images\frame_00210_jpg.rf.606795c4ce3783439a0b2ad231cdf465.jpg,val
datasets\train_on_2025_all\val\images\frame_00214_jpg.rf.d417c7d9320af24acc5a959b8bc7cc36.jpg,val
datasets\train_on_2025_all\val\images\frame_00218_jpg.rf.6f599dc6d78396ca8375e58f8940bf6d.jpg,val
datasets\train_on_2025_all\val\images\frame_00231_jpg.rf.77bc6dc4a4d81196be9b0a47348a3c33.jpg,val
datasets\train_on_2025_all\val\images\GX010664_MP4-0031_jpg.rf.c5698f3f3213b4f29f801aa910e85447.jpg,val
datasets\train_on_2025_all\val\images\GX010664_MP4-0031_jpg.rf.eabdd5989b451952b5a892e6e1e39e22.jpg,val
datasets\train_on_2025_all\val\images\GX010664_MP4-0035_jpg.rf.8b7690fde7b76921c471e4a81bfcfcd6.jpg,val
datasets\train_on_2025_all\val\images\GX010664_MP4-0037_jpg.rf.c0ebdfe95dad9732fdb71d744b24d7a3.jpg,val
datasets\train_on_2025_all\val\images\GX010664_MP4-0066_jpg.rf.dbe08062cfe3b4b71322afeec9ae2fde.jpg,val
datasets\train_on_2025_all\val\images\GX010664_MP4-0068_jpg.rf.3fb4dacc98e0a4dd4187b56650c43a72.jpg,val
datasets\train_on_2025_all\val\images\GX010664_MP4-0071_jpg.rf.c325b76df4746809d9a2ea96b5172bbd.jpg,val
datasets\train_on_2025_all\val\images\GX010664_MP4-0078_jpg.rf.d52997ac14b6f99a294c925411fa7f87.jpg,val
datasets\train_on_2025_all\val\images\GX010664_MP4-0078_jpg.rf.e7451f1d8d4eb701f83a250ce81d4788.jpg,val
datasets\train_on_2025_all\val\images\GX010664_MP4-0084_jpg.rf.1efdbf3c3ad61502fe99236fe23c93b6.jpg,val
datasets\train_on_2025_all\val\images\GX010664_MP4-0101_jpg.rf.b392e33b090c412a1bd3d16fc896ff07.jpg,val
datasets\train_on_2025_all\val\images\GX010665_MP4-0012_jpg.rf.64d04998d1e1812f48cc368919b5ff2b.jpg,val
datasets\train_on_2025_all\val\images\GX010665_MP4-0022_jpg.rf.723e604757d98356d2ebeed4cb48b674.jpg,val
datasets\train_on_2025_all\val\images\GX010665_MP4-0023_jpg.rf.225f6777f4ce184f96f12aa2c17ca51f.jpg,val
datasets\train_on_2025_all\val\images\GX010665_MP4-0024_jpg.rf.2b2ea2848e3d1c6db7507d149117bc90.jpg,val
datasets\train_on_2025_all\val\images\GX010665_MP4-0088_jpg.rf.d0e1067ed340a5059ccf59a73d7366c1.jpg,val
datasets\train_on_2025_all\val\images\GX010665_MP4-0091_jpg.rf.93a5f8704847156a04d344d5aaeceab9.jpg,val
datasets\train_on_2025_all\val\images\GX010665_MP4-0092_jpg.rf.7b917ea177a70730c7363331b404819c.jpg,val
datasets\train_on_2025_all\val\images\GX010665_MP4-0100_jpg.rf.2f48e9422b2776132e8bce5a9b039b72.jpg,val
datasets\train_on_2025_all\val\images\GX010665_MP4-0101_jpg.rf.131b63cfb62ad852ecc981bd69cafc6a.jpg,val
datasets\train_on_2025_all\val\images\GX010665_MP4-0103_jpg.rf.ece21a21e53db3834595c3a44fe38c79.jpg,val
datasets\train_on_2025_all\val\images\GX010665_MP4-0108_jpg.rf.5fe6fc3f438e32420992750d736dd8de.jpg,val
datasets\train_on_2025_all\val\images\GX010665_MP4-0111_jpg.rf.dfda8ba95fe487f09a469e4f291a1acb.jpg,val
datasets\train_on_2025_all\val\images\GX010665_MP4-0128_jpg.rf.c021939037661ac7032afb4190379c60.jpg,val
datasets\train_on_2025_all\val\images\GX010665_MP4-0133_jpg.rf.8d1e694efb88ca474ac6c21a0ecba158.jpg,val
datasets\train_on_2025_all\val\images\GX010665_MP4-0136_jpg.rf.b8d7b046d6a6367157c4935830a3f9c5.jpg,val
datasets\train_on_2025_all\val\images\GX010665_MP4-0137_jpg.rf.5716d652fe243567c028515163822762.jpg,val
datasets\train_on_2025_all\val\images\GX010665_MP4-0171_jpg.rf.dd6a1ffdea81d23cc70c7551d7336ae1.jpg,val
datasets\train_on_2025_all\val\images\GX010665_MP4-0191_jpg.rf.87101e23e26c8bfb2e724a4583dd0211.jpg,val
datasets\train_on_2025_all\val\images\GX010665_MP4-0192_jpg.rf.bc2dcc643f68819e597a8772062d467d.jpg,val
datasets\train_on_2025_all\val\images\GX010665_MP4-0194_jpg.rf.e39d415be7a76c2dac0d698d7990255f.jpg,val
datasets\train_on_2025_all\val\images\GX010665_MP4-0198_jpg.rf.da126e10c116b5f22a8eca28f42f8830.jpg,val
datasets\train_on_2025_all\val\images\GX010665_MP4-0199_jpg.rf.fc9b041e2f1a850141e77df9b673ff6f.jpg,val
datasets\train_on_2025_all\val\images\GX010665_MP4-0201_jpg.rf.f08237b7a1cd9471ca7e44e85896f4b2.jpg,val
datasets\train_on_2025_all\val\images\GX010665_MP4-0216_jpg.rf.c85471c96f32f29a4552998a0bfef644.jpg,val
datasets\train_on_2025_all\val\images\GX010665_MP4-0218_jpg.rf.f262a0785606543791b62b1ce9c0fa40.jpg,val
datasets\train_on_2025_all\val\images\GX010665_MP4-0239_jpg.rf.8bd249e5768ffb3d9b34def399b31079.jpg,val
datasets\train_on_2025_all\val\images\GX010665_MP4-0240_jpg.rf.f8a3d3fb848bdffe0c2a9bb5577d6411.jpg,val
datasets\train_on_2025_all\val\images\GX010665_MP4-0247_jpg.rf.98616224d4187937d215b2c866873117.jpg,val
datasets\train_on_2025_all\val\images\GX010665_MP4-0247_jpg.rf.b291053752c98daed2244321180faaae.jpg,val
datasets\train_on_2025_all\val\images\GX010665_MP4-0248_jpg.rf.f00d5597c4ef6987722df80c3e51fed4.jpg,val
datasets\train_on_2025_all\val\images\GX010665_MP4-0256_jpg.rf.a144600f86882ab4aaa541dd06ed8af3.jpg,val
datasets\train_on_2025_all\val\images\GX010665_MP4-0257_jpg.rf.4d052d9c769d03c5369aa23452eb2957.jpg,val
datasets\train_on_2025_all\val\images\GX010665_MP4-0265_jpg.rf.3c765632abf55afdd01d74c0dfc04471.jpg,val
datasets\train_on_2025_all\val\images\GX010666_MP4-0004_jpg.rf.6a7092d91b8a90d1bbfc71818c7799a0.jpg,val
datasets\train_on_2025_all\val\images\GX010666_MP4-0009_jpg.rf.5191676e5cafb864c78b1ff9e737d853.jpg,val
datasets\train_on_2025_all\val\images\GX010666_MP4-0018_jpg.rf.913f106d230da3ae0800fedec745076b.jpg,val
datasets\train_on_2025_all\val\images\GX010666_MP4-0020_jpg.rf.62dc814db651a4d7d87d1cdd84aec6ed.jpg,val
datasets\train_on_2025_all\val\images\GX010666_MP4-0020_jpg.rf.bdfefce51d4c9fc05c1c3aa318f04c7e.jpg,val
datasets\train_on_2025_all\val\images\GX010666_MP4-0025_jpg.rf.5a7c8acd6cb5e567610ec6a25c769499.jpg,val
datasets\train_on_2025_all\val\images\GX010666_MP4-0042_jpg.rf.b93efda5dffa96206b9bfcd9e8b7fe24.jpg,val
datasets\train_on_2025_all\val\images\GX010666_MP4-0044_jpg.rf.96930fb115a6d507128ccefd16ed34a1.jpg,val
datasets\train_on_2025_all\val\images\GX010666_MP4-0046_jpg.rf.9fac1ab194c2816c72893bc39ba863ce.jpg,val
datasets\train_on_2025_all\val\images\GX010666_MP4-0057_jpg.rf.cfe79cc868364cd3b8caaf5d105bdd5c.jpg,val
datasets\train_on_2025_all\val\images\GX010666_MP4-0083_jpg.rf.3bf566f01ce02754886bf6eeaf818aee.jpg,val
datasets\train_on_2025_all\val\images\GX010666_MP4-0083_jpg.rf.c22dd4cd2874d600a8a64a85681b2fee.jpg,val
datasets\train_on_2025_all\val\images\GX010666_MP4-0092_jpg.rf.98440dc0da0f7d53cb81609a84f5be63.jpg,val
datasets\train_on_2025_all\val\images\GX010666_MP4-0097_jpg.rf.52ca7a1418a7d4daaaa38334d02bd30b.jpg,val
datasets\train_on_2025_all\val\images\GX010666_MP4-0100_jpg.rf.5a9f4dd5352981381c01e83771693578.jpg,val
datasets\train_on_2025_all\val\images\GX010666_MP4-0140_jpg.rf.4be2a7a82ba7a251f20c5d364da5afc9.jpg,val
datasets\train_on_2025_all\val\images\GX010666_MP4-0144_jpg.rf.14473fd7bedaedfea0656f432912253f.jpg,val
datasets\train_on_2025_all\val\images\GX010666_MP4-0144_jpg.rf.5b830f43f156f27cfd2412098fbeec79.jpg,val
datasets\train_on_2025_all\val\images\GX010666_MP4-0146_jpg.rf.77de6c08320ab4e50bd67d7ac826e35b.jpg,val
datasets\train_on_2025_all\val\images\GX010666_MP4-0146_jpg.rf.bdee8fb84f77d6ab1f0a6acf01269911.jpg,val
datasets\train_on_2025_all\val\images\GX010666_MP4-0146_jpg.rf.c3a1096233e7935c7229add69126ae95.jpg,val
datasets\train_on_2025_all\val\images\GX010666_MP4-0156_jpg.rf.0e17e20b198a52cb4f51db6b3bc6a53c.jpg,val
datasets\train_on_2025_all\val\images\GX010666_MP4-0164_jpg.rf.b84838ec6dd0c1f3ee3635948ddf888b.jpg,val
datasets\train_on_2025_all\val\images\GX010666_MP4-0166_jpg.rf.77f959386c3e205947b9fd4ab43bc953.jpg,val
datasets\train_on_2025_all\val\images\GX010666_MP4-0171_jpg.rf.2dba5238f75cba194c34d51c6791ea50.jpg,val
datasets\train_on_2025_all\val\images\GX010666_MP4-0176_jpg.rf.d62f481b3eb74866ba772dbbdbfd9f7e.jpg,val
datasets\train_on_2025_all\val\images\GX010666_MP4-0179_jpg.rf.dfd6c39149dad17ffc0b36014f886e26.jpg,val
datasets\train_on_2025_all\val\images\GX010666_MP4-0180_jpg.rf.78ca30341432302cd3f815cacdec6610.jpg,val
datasets\train_on_2025_all\val\images\GX010666_MP4-0195_jpg.rf.e993ad663996acfeed8f953407811269.jpg,val
datasets\train_on_2025_all\val\images\GX010666_MP4-0195_jpg.rf.fe46d37526849cabda913d166ecb7ca8.jpg,val
datasets\train_on_2025_all\val\images\GX010666_MP4-0197_jpg.rf.c7a26dc85c03543fda2a41b3498d3119.jpg,val
datasets\train_on_2025_all\val\images\GX010666_MP4-0205_jpg.rf.40464f1b80e8ac7fe29ddc7b58f10f97.jpg,val
datasets\train_on_2025_all\val\images\GX010666_MP4-0207_jpg.rf.afdd0f8699458552c61f81b8922b3b4d.jpg,val
datasets\train_on_2025_all\val\images\GX010666_MP4-0210_jpg.rf.5547047dcde61a0e2a0ac5e51c4153ec.jpg,val
datasets\train_on_2025_all\val\images\GX010666_MP4-0214_jpg.rf.e4ff1596c3b10cdd62cbd2b981cc99f5.jpg,val
datasets\train_on_2025_all\val\images\GX010666_MP4-0223_jpg.rf.7c23b8601ba714e9296c6c895de15295.jpg,val
datasets\train_on_2025_all\val\images\GX010666_MP4-0223_jpg.rf.d7c54bf2e57e48b11a197876b7734c3e.jpg,val
datasets\train_on_2025_all\val\images\GX010666_MP4-0224_jpg.rf.8883413aba86bbaa66521e34b09574a0.jpg,val
datasets\train_on_2025_all\val\images\GX010666_MP4-0225_jpg.rf.25cc779e7778969ebd2b9f36dbf9b061.jpg,val
datasets\train_on_2025_all\val\images\GX010666_MP4-0226_jpg.rf.a25b817a88b60d64dd234311037c60e7.jpg,val
datasets\train_on_2025_all\val\images\GX010666_MP4-0232_jpg.rf.07b55b741bf904b558908a5192e572c7.jpg,val
datasets\train_on_2025_all\val\images\GX010666_MP4-0238_jpg.rf.396ceae79ebd7c58dcef44b8573b1f04.jpg,val
datasets\train_on_2025_all\val\images\GX010666_MP4-0239_jpg.rf.94a918d542bf392fe5b479effd8d77fc.jpg,val
datasets\train_on_2025_all\val\images\GX010666_MP4-0239_jpg.rf.c83596d04a5f0f87bcf1a1aa1037fdbb.jpg,val
datasets\train_on_2025_all\val\images\GX010666_MP4-0241_jpg.rf.f2c87f57841e8aff568f80765e507264.jpg,val
datasets\train_on_2025_all\val\images\GX010666_MP4-0244_jpg.rf.c443041ed0911d8e6d5997af10a601f6.jpg,val
datasets\train_on_2025_all\val\images\GX010666_MP4-0246_jpg.rf.5f244233e392480ab71194ad5a73cd37.jpg,val
datasets\train_on_2025_all\val\images\GX010666_MP4-0253_jpg.rf.2e67648967847eedce0eb9a109e8b624.jpg,val
datasets\train_on_2025_all\val\images\GX010666_MP4-0255_jpg.rf.fc7453263367406d66dd73428343cac6.jpg,val
datasets\train_on_2025_all\val\images\GX010666_MP4-0257_jpg.rf.6287f0226bf082fbee4a6e51b41d175a.jpg,val
datasets\train_on_2025_all\val\images\GX010666_MP4-0260_jpg.rf.c20bae429f4e851dca8ec3a235c0640b.jpg,val
datasets\train_on_2025_all\val\images\GX010666_MP4-0260_jpg.rf.e8047d7182a21b9b0280ab17f9861932.jpg,val
datasets\train_on_2025_all\val\images\GX010666_MP4-0263_jpg.rf.9e58a5e1a95279fe77c09fea88486d0d.jpg,val
datasets\train_on_2025_all\val\images\GX010666_MP4-0265_jpg.rf.f62b6c1dffe95746bd9e358f1d767d75.jpg,val
datasets\train_on_2025_all\val\images\GX010666_MP4-0267_jpg.rf.2c23fadd156f8b781cbf893340f4c6f5.jpg,val
datasets\train_on_2025_all\val\images\GX010666_MP4-0268_jpg.rf.f283bddb7dd5be2858a4530a101edc16.jpg,val
datasets\train_on_2025_all\val\images\GX010666_MP4-0271_jpg.rf.70c12deb202d2c1d1797c54161da3d64.jpg,val
datasets\train_on_2025_all\val\images\GX010666_MP4-0272_jpg.rf.74eeefbf52ebc445ee3c6d961811c765.jpg,val
datasets\train_on_2025_all\val\images\GX010666_MP4-0272_jpg.rf.8310915e2af578ea96afa408fd160703.jpg,val
datasets\train_on_2025_all\val\images\GX010666_MP4-0282_jpg.rf.bea18040b1063c0fc8b0f8f5a1809326.jpg,val
datasets\train_on_2025_all\val\images\GX010666_MP4-0288_jpg.rf.5d019b029d29c5b3986ff017a84a5c95.jpg,val
datasets\train_on_2025_all\val\images\GX010666_MP4-0289_jpg.rf.c17c74f00c207e02c51cb4da6f45de6a.jpg,val
datasets\train_on_2025_all\val\images\GX010666_MP4-0296_jpg.rf.05a9eba60e05444a01358dec605b91f3.jpg,val
datasets\train_on_2025_all\val\images\GX010666_MP4-0299_jpg.rf.bd13c8a01d852359623531401625f1ca.jpg,val
datasets\train_on_2025_all\val\images\GX010666_MP4-0299_jpg.rf.e6a5f7569d3f69014ef7bcf201979f7d.jpg,val
datasets\train_on_2025_all\val\images\GX010666_MP4-0300_jpg.rf.cceaba67c1f209e9dc30a63cfba41765.jpg,val
datasets\train_on_2025_all\val\images\GX010666_MP4-0305_jpg.rf.07664b4d6bb1bd5b0dfb7de4557cca74.jpg,val
datasets\train_on_2025_all\val\images\GX010666_MP4-0311_jpg.rf.d677f52984eed8e775de67777d08fb7f.jpg,val
datasets\train_on_2025_all\val\images\GX010666_MP4-0320_jpg.rf.d893909b7d6c816c69e6dd0fd1952930.jpg,val
datasets\train_on_2025_all\val\images\GX010666_MP4-0334_jpg.rf.2d4c3e65ae90c057c51d39ee30a9c025.jpg,val
datasets\train_on_2025_all\val\images\GX010666_MP4-0335_jpg.rf.6cc1cae6519a45454a439a2b5e3db98b.jpg,val
datasets\train_on_2025_all\val\images\GX010666_MP4-0337_jpg.rf.35fd43e049dd6854c92995b6921b1ccc.jpg,val
datasets\train_on_2025_all\val\images\GX010666_MP4-0342_jpg.rf.307ab7360849f3a6f1bedc7704393376.jpg,val
datasets\train_on_2025_all\val\images\GX010666_MP4-0343_jpg.rf.627ce48e8c29330a85285aff925433e7.jpg,val
datasets\train_on_2025_all\val\images\GX010667_MP4-0010_jpg.rf.35108ac5d2e9899bfc12b3834860925a.jpg,val
datasets\train_on_2025_all\val\images\GX010667_MP4-0018_jpg.rf.d11c1a236a2d998ecb1e5d6282e64058.jpg,val
datasets\train_on_2025_all\val\images\GX010667_MP4-0021_jpg.rf.94ee7ecc0e2163980c97907fabd43619.jpg,val
datasets\train_on_2025_all\val\images\GX010667_MP4-0034_jpg.rf.bf9e38ea072f8aaeaa54948f15e9394e.jpg,val
datasets\train_on_2025_all\val\images\GX010667_MP4-0035_jpg.rf.3aa452c0839ec541b26da4f2099e24b1.jpg,val
datasets\train_on_2025_all\val\images\GX010667_MP4-0036_jpg.rf.d3f607829b588e71aefe13e9983d415e.jpg,val
datasets\train_on_2025_all\val\images\GX010668_MP4-0020_jpg.rf.9f196f99a583ccdb57803aef353582cc.jpg,val
datasets\train_on_2025_all\val\images\GX010668_MP4-0027_jpg.rf.c07a97e29f9613f888b1ab3bd09592de.jpg,val
datasets\train_on_2025_all\val\images\GX010668_MP4-0030_jpg.rf.5f98f7652d313ce2a95eafa2a87484ea.jpg,val
datasets\train_on_2025_all\val\images\GX010668_MP4-0033_jpg.rf.3de338abf109b12b335c94b15e626587.jpg,val
datasets\train_on_2025_all\val\images\GX010668_MP4-0041_jpg.rf.24dd47538ac5926a707f3fe018e3c60b.jpg,val
datasets\train_on_2025_all\val\images\GX010668_MP4-0042_jpg.rf.fbd9b217217c29f5dc2bb1911a1f64c2.jpg,val
datasets\train_on_2025_all\val\images\GX010668_MP4-0046_jpg.rf.b0d1b3e7fa8ae93f9dc5307911be5eb1.jpg,val
datasets\train_on_2025_all\val\images\GX010668_MP4-0048_jpg.rf.4d83ad28048489ed983b46a179cf19a0.jpg,val
datasets\train_on_2025_all\val\images\GX010668_MP4-0051_jpg.rf.1093c2416a6da9c9d803a6a59cefe382.jpg,val
datasets\train_on_2025_all\val\images\GX010668_MP4-0051_jpg.rf.abb035482a22e8afa71a04e04f3121d3.jpg,val
datasets\train_on_2025_all\val\images\GX010668_MP4-0051_jpg.rf.f473773a9346d5ce61a027f98ffa3bfd.jpg,val
datasets\train_on_2025_all\val\images\GX010668_MP4-0052_jpg.rf.c05ae13ee6099d1b56d04ec0095c7d1d.jpg,val
datasets\train_on_2025_all\val\images\GX010668_MP4-0055_jpg.rf.cb5bc2ad064c6ff2da627700a01f39af.jpg,val
datasets\train_on_2025_all\images\frame_00003_jpg.rf.513729ede4792fad7700d7425b5cddea.jpg,train
datasets\train_on_2025_all\images\frame_00003_jpg.rf.ba8e369f79cd8c8b862073f03aa2c390.jpg,train
datasets\train_on_2025_all\images\frame_00003_jpg.rf.d8d3e2d8d3c9a4cf40b2ab2e95ba1e6a.jpg,train
datasets\train_on_2025_all\images\frame_00003_jpg.rf.f9cdf9b0e4ad95f5b26745a774f96412.jpg,train
datasets\train_on_2025_all\images\frame_00004_jpg.rf.6b84e6ce0ce299b222b6b2b97dcb0e31.jpg,train
datasets\train_on_2025_all\images\frame_00004_jpg.rf.8c2c7414d6d9af84d057793df2085d0d.jpg,train
datasets\train_on_2025_all\images\frame_00004_jpg.rf.9c968ac8bae486c821c5bc257dfedd7e.jpg,train
datasets\train_on_2025_all\images\frame_00004_jpg.rf.c3dce6e668dc23dd39a54307390c31e3.jpg,train
datasets\train_on_2025_all\images\frame_00004_jpg.rf.d1eb9dec04905336e1852cb870754a62.jpg,train
datasets\train_on_2025_all\images\frame_00005_jpg.rf.154e351508d5071df07c41f8f49cf0c7.jpg,train
datasets\train_on_2025_all\images\frame_00005_jpg.rf.1d695ea85c20d4cac0295ca54b231eff.jpg,train
datasets\train_on_2025_all\images\frame_00005_jpg.rf.281ffad5dbd4c5accc812baf1da4af81.jpg,train
datasets\train_on_2025_all\images\frame_00005_jpg.rf.39862fc3570999bcc7bcbb9d51c4f1fb.jpg,train
datasets\train_on_2025_all\images\frame_00005_jpg.rf.400a144994418b11fa5d367fdf752168.jpg,train
datasets\train_on_2025_all\images\frame_00005_jpg.rf.543091a76c30c92669719d24e52a4f95.jpg,train
datasets\train_on_2025_all\images\frame_00005_jpg.rf.a4fbdb6ea2709dca15495c40ef3d85c0.jpg,train
datasets\train_on_2025_all\images\frame_00005_jpg.rf.dba90d4b4eaa2fe3543fd2d1abb0aa21.jpg,train
datasets\train_on_2025_all\images\frame_00006_jpg.rf.89372a8bf7fe3d7090f5e9d20f446fd1.jpg,train
datasets\train_on_2025_all\images\frame_00006_jpg.rf.b1e2f6b39721d564a4a3b390602e6d74.jpg,train
datasets\train_on_2025_all\images\frame_00007_jpg.rf.1cd3bd8f0fd768e315f652f1eff4d88b.jpg,train
datasets\train_on_2025_all\images\frame_00007_jpg.rf.3190f604ce8917bc6c8ad412b5d8e100.jpg,train
datasets\train_on_2025_all\images\frame_00007_jpg.rf.667c56881f7795cd3b47d7c16be9663b.jpg,train
datasets\train_on_2025_all\images\frame_00007_jpg.rf.b8aa26a7fa4db5f6deaf11a15cf1b867.jpg,train
datasets\train_on_2025_all\images\frame_00007_jpg.rf.df175e2f7ab0148dbd824f69da57754c.jpg,train
datasets\train_on_2025_all\images\frame_00008_jpg.rf.11cfdb679b92a4147ba6adf42754255a.jpg,train
datasets\train_on_2025_all\images\frame_00008_jpg.rf.7b299bdebf3798f9d2382fc5b351cf6a.jpg,train
datasets\train_on_2025_all\images\frame_00008_jpg.rf.ad138de2472f10d072daac70fb4d56ba.jpg,train
datasets\train_on_2025_all\images\frame_00008_jpg.rf.ad6832df77945bb62c6f6faa8b76e5c7.jpg,train
datasets\train_on_2025_all\images\frame_00008_jpg.rf.ce267c492735efd81df40bc5a5fdc882.jpg,train
datasets\train_on_2025_all\images\frame_00009_jpg.rf.705ce6e6d191da051f21cdb82d999e49.jpg,train
datasets\train_on_2025_all\images\frame_00009_jpg.rf.8f4e9c05dfd8ddbb8812213ee54b6512.jpg,train
datasets\train_on_2025_all\images\frame_00009_jpg.rf.c8d320a217d012645cba27190c3be9d5.jpg,train
datasets\train_on_2025_all\images\frame_00010_jpg.rf.2c583b78598b6ef0c2608eb15e4017e0.jpg,train
datasets\train_on_2025_all\images\frame_00010_jpg.rf.6874cef9bb075c881c26b3beaf2bb4c3.jpg,train
datasets\train_on_2025_all\images\frame_00010_jpg.rf.82212d4a8709b29090aff803358b1f18.jpg,train
datasets\train_on_2025_all\images\frame_00010_jpg.rf.a0205bcd883d3f8e2f93888ad1c2cf3c.jpg,train
datasets\train_on_2025_all\images\frame_00010_jpg.rf.b2a376e6730ed1443f5912537f8e50fb.jpg,train
datasets\train_on_2025_all\images\frame_00010_jpg.rf.c62e1ed29eb686641fd6c490c38af66d.jpg,train
datasets\train_on_2025_all\images\frame_00010_jpg.rf.f2f77a0e1bb2122fdd28d7c8c0a68653.jpg,train
datasets\train_on_2025_all\images\frame_00011_jpg.rf.1fcc49c8b0fc89f7a3a3f0f9952da1df.jpg,train
datasets\train_on_2025_all\images\frame_00011_jpg.rf.3c1775a81cf8f88d22c075a4160c2e1e.jpg,train
datasets\train_on_2025_all\images\frame_00011_jpg.rf.b66e39b2805515df290d32ae4e69c027.jpg,train
datasets\train_on_2025_all\images\frame_00011_jpg.rf.b8b1a3fd7b62dd82d7cd3bbc682f54a7.jpg,train
datasets\train_on_2025_all\images\frame_00011_jpg.rf.d9e9b77024a2390957bf5e6dd275eaf9.jpg,train
datasets\train_on_2025_all\images\frame_00011_jpg.rf.e8cce621d23b11722ac314db32d53ad3.jpg,train
datasets\train_on_2025_all\images\frame_00011_jpg.rf.fef6407c8d34aa751464d063276fd291.jpg,train
datasets\train_on_2025_all\images\frame_00012_jpg.rf.0b46ba4251e1de99d336c252b35c60e3.jpg,train
datasets\train_on_2025_all\images\frame_00012_jpg.rf.3515fba64554e6fc8794a683796ed5a5.jpg,train
datasets\train_on_2025_all\images\frame_00012_jpg.rf.b327326d0cbc9e663dd5b02c13ecf1a1.jpg,train
datasets\train_on_2025_all\images\frame_00012_jpg.rf.d5367e86c8973aad59dea34746bb7567.jpg,train
datasets\train_on_2025_all\images\frame_00013_jpg.rf.319a0513adcc6c335d9ab4228ba24610.jpg,train
datasets\train_on_2025_all\images\frame_00013_jpg.rf.7fd42a37e2e335130df78ddea7ce7837.jpg,train
datasets\train_on_2025_all\images\frame_00013_jpg.rf.90a25b49b789cdf6bad5fedd717e869d.jpg,train
datasets\train_on_2025_all\images\frame_00013_jpg.rf.9424091660d3d8faeac807af68bea7d1.jpg,train
datasets\train_on_2025_all\images\frame_00013_jpg.rf.de50b537844f2f7bbe8ba620b59eb03f.jpg,train
datasets\train_on_2025_all\images\frame_00013_jpg.rf.e1154bca91357fe48969ad8f4576566c.jpg,train
datasets\train_on_2025_all\images\frame_00013_jpg.rf.f414092ae4a557ccedf5dae2401a0476.jpg,train
datasets\train_on_2025_all\images\frame_00014_jpg.rf.027acbf6ecbcae9440eb32cc535e0f85.jpg,train
datasets\train_on_2025_all\images\frame_00014_jpg.rf.09f752e73efd453fd40d0525874a4a7e.jpg,train
datasets\train_on_2025_all\images\frame_00014_jpg.rf.0d150120491ddb479d7148119157af45.jpg,train
datasets\train_on_2025_all\images\frame_00014_jpg.rf.145cd94f711de877a1eec6747883fa55.jpg,train
datasets\train_on_2025_all\images\frame_00014_jpg.rf.243884c77901410e44dfd1d0302003bc.jpg,train
datasets\train_on_2025_all\images\frame_00014_jpg.rf.2eea9a9106aa9182cc2914addc168882.jpg,train
datasets\train_on_2025_all\images\frame_00014_jpg.rf.3896287d5f1ac17f5bb01b014ffc96af.jpg,train
datasets\train_on_2025_all\images\frame_00014_jpg.rf.741b625386bb48a28e6fdde9681c1592.jpg,train
datasets\train_on_2025_all\images\frame_00014_jpg.rf.9b9bd34dc165431135ddc39fd6827b44.jpg,train
datasets\train_on_2025_all\images\frame_00014_jpg.rf.aa50a01756de8ca57719d0b8ba173f97.jpg,train
datasets\train_on_2025_all\images\frame_00014_jpg.rf.c4e6a8b6f4bd3f38ea22abe07ec20dce.jpg,train
datasets\train_on_2025_all\images\frame_00014_jpg.rf.ef6fd92adaef6abdd424e2a31ef307f5.jpg,train
datasets\train_on_2025_all\images\frame_00015_jpg.rf.3c633cd03e10fa8856865430768d0686.jpg,train
datasets\train_on_2025_all\images\frame_00015_jpg.rf.92753c53cbba949449d856f98bee674f.jpg,train
datasets\train_on_2025_all\images\frame_00015_jpg.rf.9487e4336fa202687ed1274974ba879c.jpg,train
datasets\train_on_2025_all\images\frame_00015_jpg.rf.fa289b06dc941edd53d81c24834b273a.jpg,train
datasets\train_on_2025_all\images\frame_00016_jpg.rf.0006f06b9938f0a50d749b7edc17ac5b.jpg,train
datasets\train_on_2025_all\images\frame_00016_jpg.rf.16e8915aa59422a8497316f6cf8b7692.jpg,train
datasets\train_on_2025_all\images\frame_00016_jpg.rf.48cace9049b4cd9c1a5c40af1b489d53.jpg,train
datasets\train_on_2025_all\images\frame_00016_jpg.rf.5336e29a50b604c268497c652a73d85f.jpg,train
datasets\train_on_2025_all\images\frame_00016_jpg.rf.655bb93b3952f132402fef6f3e2e335b.jpg,train
datasets\train_on_2025_all\images\frame_00016_jpg.rf.6dfb2d04cbb42db5c89f9d08f4aec709.jpg,train
datasets\train_on_2025_all\images\frame_00016_jpg.rf.a20e9d66cb8f93c989333e18c5a89d4d.jpg,train
datasets\train_on_2025_all\images\frame_00016_jpg.rf.b9ad6a710c349e2fca2f47b535a1b2f8.jpg,train
datasets\train_on_2025_all\images\frame_00016_jpg.rf.cd8d3275b870b281a9d7025cbdfab499.jpg,train
datasets\train_on_2025_all\images\frame_00017_jpg.rf.50d7ebad9f0e1d5eb8e116034adc42ff.jpg,train
datasets\train_on_2025_all\images\frame_00017_jpg.rf.64e5f09ccc1a92f1f5d5810206e05a55.jpg,train
datasets\train_on_2025_all\images\frame_00017_jpg.rf.767a37d646b903457e2562af45bc3716.jpg,train
datasets\train_on_2025_all\images\frame_00017_jpg.rf.a1ee837e62f6b24c1a7f7d4cb5dbf462.jpg,train
datasets\train_on_2025_all\images\frame_00017_jpg.rf.f337ff5f85bfdab1b81feab6827cf4d1.jpg,train
datasets\train_on_2025_all\images\frame_00018_jpg.rf.045654780a1929c8e3a9410683e00f56.jpg,train
datasets\train_on_2025_all\images\frame_00018_jpg.rf.179ae3e04029bd991aa85413728f9d9a.jpg,train
datasets\train_on_2025_all\images\frame_00018_jpg.rf.2fc79adf4f348bcc0467b5a5b102bae8.jpg,train
datasets\train_on_2025_all\images\frame_00018_jpg.rf.50801ade734e72657c66008b8589730a.jpg,train
datasets\train_on_2025_all\images\frame_00018_jpg.rf.d42ae9613341fe7894d9414466dc603f.jpg,train
datasets\train_on_2025_all\images\frame_00018_jpg.rf.f0ba91aa037e6904c98b49b4b8319cc3.jpg,train
datasets\train_on_2025_all\images\frame_00018_jpg.rf.ffd06b013d24005afb72f5b20153d629.jpg,train
datasets\train_on_2025_all\images\frame_00019_jpg.rf.9b9f983fbfa57ad34ee97c78f81c8c8a.jpg,train
datasets\train_on_2025_all\images\frame_00020_jpg.rf.04dcebb954ece1c2d3182d95de7ca2bd.jpg,train
datasets\train_on_2025_all\images\frame_00020_jpg.rf.0843d5ffd03ce464d91e9c0aeee009bf.jpg,train
datasets\train_on_2025_all\images\frame_00020_jpg.rf.478fd706a183fd474beeb50b06a59795.jpg,train
datasets\train_on_2025_all\images\frame_00020_jpg.rf.50af1e3d7b8ad7d845ae1e6373188edf.jpg,train
datasets\train_on_2025_all\images\frame_00020_jpg.rf.59db2c9a4fa2ade9da9a747a3d69d1cb.jpg,train
datasets\train_on_2025_all\images\frame_00020_jpg.rf.9034c00facbf2733856f3e170459db10.jpg,train
datasets\train_on_2025_all\images\frame_00020_jpg.rf.af14529144fc3c278f795e5955a8d336.jpg,train
datasets\train_on_2025_all\images\frame_00020_jpg.rf.b980c2cc7dfe6781f06df891a2432cb9.jpg,train
datasets\train_on_2025_all\images\frame_00020_jpg.rf.caafb26e8a57990923665e1de57b27b7.jpg,train
datasets\train_on_2025_all\images\frame_00020_jpg.rf.d16cd44a8b1e63f465829c720fd37489.jpg,train
datasets\train_on_2025_all\images\frame_00021_jpg.rf.2c45f07b0a60c986f2f1051070cb58e4.jpg,train
datasets\train_on_2025_all\images\frame_00021_jpg.rf.497b1453a3af357671bd3338af6d7234.jpg,train
datasets\train_on_2025_all\images\frame_00021_jpg.rf.5fa93950d002d8747129ea453eb03005.jpg,train
datasets\train_on_2025_all\images\frame_00021_jpg.rf.b6c62b609d77fc66457bdd13984b0c13.jpg,train
datasets\train_on_2025_all\images\frame_00021_jpg.rf.d0e5b3351bb734ec2e1d951f03db262b.jpg,train
datasets\train_on_2025_all\images\frame_00022_jpg.rf.85c6da29ebe8e1ae76a189ef136a3bfa.jpg,train
datasets\train_on_2025_all\images\frame_00022_jpg.rf.8c7b269bb249e42c10204c8db51d1ee6.jpg,train
datasets\train_on_2025_all\images\frame_00022_jpg.rf.9143511b01670e95a8a37257afd2f2a4.jpg,train
datasets\train_on_2025_all\images\frame_00022_jpg.rf.9fc8036e0b14107e76e94ced5ba67eb1.jpg,train
datasets\train_on_2025_all\images\frame_00022_jpg.rf.a7413cc843a178a31386ac902e68a009.jpg,train
datasets\train_on_2025_all\images\frame_00022_jpg.rf.f6a124814a4412fd89e58ceafb68c3b3.jpg,train
datasets\train_on_2025_all\images\frame_00022_jpg.rf.f79b127961fa4f40fdd2f8c848f8c276.jpg,train
datasets\train_on_2025_all\images\frame_00023_jpg.rf.37719a9f4db571a4885226f11b2a1141.jpg,train
datasets\train_on_2025_all\images\frame_00023_jpg.rf.3aca143cbb032b9cc3cc6a236246326b.jpg,train
datasets\train_on_2025_all\images\frame_00023_jpg.rf.3bb851dbfa187ed5572a1dddb75796e7.jpg,train
datasets\train_on_2025_all\images\frame_00023_jpg.rf.41ff1bc2341bd137102db1018d38aef9.jpg,train
datasets\train_on_2025_all\images\frame_00023_jpg.rf.5e20a01802ee77676401fc00ddb98f25.jpg,train
datasets\train_on_2025_all\images\frame_00023_jpg.rf.6d659c188c4c9211ce5b062ec76ed9ce.jpg,train
datasets\train_on_2025_all\images\frame_00023_jpg.rf.dfdd2a1c821220b34548e2a6f236b1a7.jpg,train
datasets\train_on_2025_all\images\frame_00024_jpg.rf.0603a9f7aa21d1255b7c99bb20d1046c.jpg,train
datasets\train_on_2025_all\images\frame_00024_jpg.rf.1ce1665d30deba75c8fb1833770c2e52.jpg,train
datasets\train_on_2025_all\images\frame_00024_jpg.rf.328dc5ed81a6470075da56c7393f5714.jpg,train
datasets\train_on_2025_all\images\frame_00024_jpg.rf.34358c461cc033d93d5783b5ddf5289b.jpg,train
datasets\train_on_2025_all\images\frame_00024_jpg.rf.405745091316e7ae3d8e3c608cae7a88.jpg,train
datasets\train_on_2025_all\images\frame_00024_jpg.rf.44840d0343e3ffeea04a77b97f7f57bf.jpg,train
datasets\train_on_2025_all\images\frame_00024_jpg.rf.4e7eb7312b2bca1e8a8a7fd8a25e2c91.jpg,train
datasets\train_on_2025_all\images\frame_00024_jpg.rf.4f130cca72d0025f399ef1c81f64eec5.jpg,train
datasets\train_on_2025_all\images\frame_00024_jpg.rf.9594c0a7d23cc9ae4cab491b642b90c1.jpg,train
datasets\train_on_2025_all\images\frame_00024_jpg.rf.97200c94cd3a871039d0d742d374e029.jpg,train
datasets\train_on_2025_all\images\frame_00025_jpg.rf.1a9444350a161ae93be8919d1c407bb8.jpg,train
datasets\train_on_2025_all\images\frame_00025_jpg.rf.5f99c6e991dd83ad1ad86f823bc8fcc6.jpg,train
datasets\train_on_2025_all\images\frame_00025_jpg.rf.69511ec6079e9bf6c3d7977f60879572.jpg,train
datasets\train_on_2025_all\images\frame_00025_jpg.rf.8707b2fd09fedd194f9e5cfb5fc787cc.jpg,train
datasets\train_on_2025_all\images\frame_00025_jpg.rf.8937ca4aaef9d162c5c1903c832a4f3d.jpg,train
datasets\train_on_2025_all\images\frame_00025_jpg.rf.a4b644fa4b6e683f7bbfef5b0dfc3e3e.jpg,train
datasets\train_on_2025_all\images\frame_00025_jpg.rf.b66601b1125282fd3d6fbe1e502ed3f9.jpg,train
datasets\train_on_2025_all\images\frame_00025_jpg.rf.b8776ecf83367c4fcac1621f4ad3e720.jpg,train
datasets\train_on_2025_all\images\frame_00025_jpg.rf.d353a65083bbfb93979897560afb7ede.jpg,train
datasets\train_on_2025_all\images\frame_00025_jpg.rf.fd5fdb4ed544b48caff91b415a677c2b.jpg,train
datasets\train_on_2025_all\images\frame_00026_jpg.rf.4adf7af8a84e304d482eeaabc95168cd.jpg,train
datasets\train_on_2025_all\images\frame_00026_jpg.rf.6af6b8cd41175cebe9e5f4e4d3062d1c.jpg,train
datasets\train_on_2025_all\images\frame_00026_jpg.rf.8cc91e00894c0d1a1d55359e59163341.jpg,train
datasets\train_on_2025_all\images\frame_00027_jpg.rf.36e0d5c45e6edc101df3b5cb344b2b27.jpg,train
datasets\train_on_2025_all\images\frame_00027_jpg.rf.a05589f3c63641756d62080d5f2769f2.jpg,train
datasets\train_on_2025_all\images\frame_00027_jpg.rf.b91c6c40c247eefcacaee7783eaeaa56.jpg,train
datasets\train_on_2025_all\images\frame_00027_jpg.rf.fa3e1c62e15b7d958cf3effbd38889ac.jpg,train
datasets\train_on_2025_all\images\frame_00028_jpg.rf.605cd7bcaa1f228d70e6099eac3aa7e0.jpg,train
datasets\train_on_2025_all\images\frame_00028_jpg.rf.7e90b77f1e5ed5416e682eed8e26ce58.jpg,train
datasets\train_on_2025_all\images\frame_00028_jpg.rf.867a66856532e392d2982a736618bdbb.jpg,train
datasets\train_on_2025_all\images\frame_00028_jpg.rf.be76e7ad97e7b9dc5fa5f5b011bb2f33.jpg,train
datasets\train_on_2025_all\images\frame_00028_jpg.rf.dfac5e60b1f1df28338a101bafa92877.jpg,train
datasets\train_on_2025_all\images\frame_00028_jpg.rf.e29bea5ba3774f5bdb0e0e37e4101e57.jpg,train
datasets\train_on_2025_all\images\frame_00029_jpg.rf.01d4917ca9fe101312efab0668e7a4e9.jpg,train
datasets\train_on_2025_all\images\frame_00029_jpg.rf.2a717aca16f02b2416349a38853a0474.jpg,train
datasets\train_on_2025_all\images\frame_00029_jpg.rf.402214ee5a68c2e2f9af3707f65fdbed.jpg,train
datasets\train_on_2025_all\images\frame_00029_jpg.rf.5b3c0945cd90cd8f81ddd51bc50015d5.jpg,train
datasets\train_on_2025_all\images\frame_00029_jpg.rf.79550d162d34f00531ac3b928257776e.jpg,train
datasets\train_on_2025_all\images\frame_00029_jpg.rf.a876375a6f4b501d74625f6afe6cb0df.jpg,train
datasets\train_on_2025_all\images\frame_00029_jpg.rf.a886c308d4a2bb71a570a7288c423a8f.jpg,train
datasets\train_on_2025_all\images\frame_00029_jpg.rf.bb949dfd035691cac7085f2d767c3389.jpg,train
datasets\train_on_2025_all\images\frame_00029_jpg.rf.c07a67defc6f671101a164d0926a5275.jpg,train
datasets\train_on_2025_all\images\frame_00029_jpg.rf.db8a81feef0a818318c4a620d5dba3c0.jpg,train
datasets\train_on_2025_all\images\frame_00029_jpg.rf.e30df8db6e6b37c99d9d04bf15f259e2.jpg,train
datasets\train_on_2025_all\images\frame_00029_jpg.rf.f90bd29d1e14571a907a0fc4492e30d4.jpg,train
datasets\train_on_2025_all\images\frame_00029_jpg.rf.fc6202d6a38102cc66b9bf9572ce4139.jpg,train
datasets\train_on_2025_all\images\frame_00030_jpg.rf.294c2f5c8ec61728cee104d6ac91ac7b.jpg,train
datasets\train_on_2025_all\images\frame_00030_jpg.rf.59fb5cf9ffbea9030bf6b6f3d1dcd00d.jpg,train
datasets\train_on_2025_all\images\frame_00030_jpg.rf.6a7ad79e4239b6fdc8d9cf33bbcf7f36.jpg,train
datasets\train_on_2025_all\images\frame_00030_jpg.rf.8b77a4bdd47ff5adb08bf563f3356ab0.jpg,train
datasets\train_on_2025_all\images\frame_00030_jpg.rf.c413dd5eed41f1c9d0972ecfa792bc61.jpg,train
datasets\train_on_2025_all\images\frame_00031_jpg.rf.0931931abc87d42bbb151422fe85d443.jpg,train
datasets\train_on_2025_all\images\frame_00031_jpg.rf.11d1341fbdc22db9c0ab2278ccabebc7.jpg,train
datasets\train_on_2025_all\images\frame_00031_jpg.rf.2c7d41ae6980cd78c7bd2994895462ab.jpg,train
datasets\train_on_2025_all\images\frame_00031_jpg.rf.46580164b67f87d876eb3d0f9fabb5e8.jpg,train
datasets\train_on_2025_all\images\frame_00031_jpg.rf.466c03bcb0801249f995fa206111f05a.jpg,train
datasets\train_on_2025_all\images\frame_00031_jpg.rf.564d3a7b2e2117b9d0a735ff80014e64.jpg,train
datasets\train_on_2025_all\images\frame_00031_jpg.rf.5cd00e1d69a0ea6e1eefdf7614bc210e.jpg,train
datasets\train_on_2025_all\images\frame_00031_jpg.rf.8f7c8e8d8e75f4ed7dad8149b84f6818.jpg,train
datasets\train_on_2025_all\images\frame_00032_jpg.rf.19fb1024274e2ba93b760d08448b20be.jpg,train
datasets\train_on_2025_all\images\frame_00032_jpg.rf.29c24051896724452395dd2b7d8099dc.jpg,train
datasets\train_on_2025_all\images\frame_00032_jpg.rf.3181ea2b9750661423687ee54ea51b15.jpg,train
datasets\train_on_2025_all\images\frame_00032_jpg.rf.50e1f841f8735ad385643dae16a57155.jpg,train
datasets\train_on_2025_all\images\frame_00032_jpg.rf.61293ca16bb0841928310d1498f30ba0.jpg,train
datasets\train_on_2025_all\images\frame_00034_jpg.rf.22c94da555960d02bd734d8725ec1482.jpg,train
datasets\train_on_2025_all\images\frame_00034_jpg.rf.2fbbf69350e0652abde216d6126d1b2e.jpg,train
datasets\train_on_2025_all\images\frame_00034_jpg.rf.3916df3707323fcf1ee259cc35dce2b8.jpg,train
datasets\train_on_2025_all\images\frame_00034_jpg.rf.423f44f0a7f9a269664ac8db1eb75535.jpg,train
datasets\train_on_2025_all\images\frame_00034_jpg.rf.49a3d06e69b81435157af5b7a39f21e1.jpg,train
datasets\train_on_2025_all\images\frame_00034_jpg.rf.558ad84f38c715ff1fec4bb405b62bf6.jpg,train
datasets\train_on_2025_all\images\frame_00034_jpg.rf.7dc35098e9f95b73785c98fc95050457.jpg,train
datasets\train_on_2025_all\images\frame_00034_jpg.rf.8d5204bb68bcf6b6121d6ccd9c704ae4.jpg,train
datasets\train_on_2025_all\images\frame_00034_jpg.rf.f0c9ebdde28c6480709f048aeea72e82.jpg,train
datasets\train_on_2025_all\images\frame_00034_jpg.rf.f89bae29d26bc99eb3a49fd882811c4c.jpg,train
datasets\train_on_2025_all\images\frame_00034_jpg.rf.f8ab1f51e3d9294f041369efe344754d.jpg,train
datasets\train_on_2025_all\images\frame_00035_jpg.rf.3ca92ccdd0c4d3544290d24a35879d9b.jpg,train
datasets\train_on_2025_all\images\frame_00035_jpg.rf.4e36ded5765ef6889719d7a4b63df052.jpg,train
datasets\train_on_2025_all\images\frame_00035_jpg.rf.bf87576025cab309ec4a73161ec88ea8.jpg,train
datasets\train_on_2025_all\images\frame_00036_jpg.rf.15d67351dbe88f477c50cba558bfa3dc.jpg,train
datasets\train_on_2025_all\images\frame_00036_jpg.rf.3a343fec52db39c0f3fbcbdc9083e29d.jpg,train
datasets\train_on_2025_all\images\frame_00036_jpg.rf.415399e5e1dfc6c6dfaef042bc48d9e9.jpg,train
datasets\train_on_2025_all\images\frame_00036_jpg.rf.5b7086bf83da4484634a4fc18d446c4c.jpg,train
datasets\train_on_2025_all\images\frame_00036_jpg.rf.808ae7144eefaa17160895f4c23d8ea0.jpg,train
datasets\train_on_2025_all\images\frame_00037_jpg.rf.e01c6e859b22a47df967139ecbb8fdc6.jpg,train
datasets\train_on_2025_all\images\frame_00038_jpg.rf.5784603d372037a791bb83ef3c728af0.jpg,train
datasets\train_on_2025_all\images\frame_00038_jpg.rf.69cfe94254435220b432986ea4ab0173.jpg,train
datasets\train_on_2025_all\images\frame_00038_jpg.rf.6c089c9875f22ccd6fd6c72ab7d479cc.jpg,train
datasets\train_on_2025_all\images\frame_00038_jpg.rf.a54d3524008927ef5b10aff2f8142420.jpg,train
datasets\train_on_2025_all\images\frame_00038_jpg.rf.c0bdd34aae65acfc9031354491a21347.jpg,train
datasets\train_on_2025_all\images\frame_00039_jpg.rf.2afef1f1cb1580cc2e182a5eab297704.jpg,train
datasets\train_on_2025_all\images\frame_00039_jpg.rf.3a4a05d96e2ce5933d10e48c0d5821e5.jpg,train
datasets\train_on_2025_all\images\frame_00039_jpg.rf.e70e516fe3e260e4f11ebfe2e7018104.jpg,train
datasets\train_on_2025_all\images\frame_00040_jpg.rf.7520b090479d71715181902c441ebbd1.jpg,train
datasets\train_on_2025_all\images\frame_00040_jpg.rf.a37c004c15968d3d24bc4a500655c57e.jpg,train
datasets\train_on_2025_all\images\frame_00040_jpg.rf.ce51232b20d604e482566b88c86c522e.jpg,train
datasets\train_on_2025_all\images\frame_00040_jpg.rf.e9b84271c20d010c76138933f9f38a68.jpg,train
datasets\train_on_2025_all\images\frame_00041_jpg.rf.03397bec381eb72622e64ad6e96e8ab7.jpg,train
datasets\train_on_2025_all\images\frame_00041_jpg.rf.27dc569e88ee2ce8e2022586161af039.jpg,train
datasets\train_on_2025_all\images\frame_00041_jpg.rf.431b566838b0e652eea2f841db657f0e.jpg,train
datasets\train_on_2025_all\images\frame_00041_jpg.rf.48c59799adf4199e3cb95eea3a36efbe.jpg,train
datasets\train_on_2025_all\images\frame_00041_jpg.rf.bb3f64aa62fae9ab0a841e9f3421ca74.jpg,train
datasets\train_on_2025_all\images\frame_00041_jpg.rf.defd29a8b879cdc86fbeeb703da3cae5.jpg,train
datasets\train_on_2025_all\images\frame_00042_jpg.rf.27fedaf370ec027f1c1a3c1d34e1abd8.jpg,train
datasets\train_on_2025_all\images\frame_00042_jpg.rf.5b34fa0ad8b51849954f4e4951b243c8.jpg,train
datasets\train_on_2025_all\images\frame_00042_jpg.rf.5e774e171270363775edce465c0d0178.jpg,train
datasets\train_on_2025_all\images\frame_00042_jpg.rf.733bcfb8fc942ace3bfab5a047d3cd76.jpg,train
datasets\train_on_2025_all\images\frame_00042_jpg.rf.753ae542b943c4548cfa1c1946e44bab.jpg,train
datasets\train_on_2025_all\images\frame_00042_jpg.rf.a8e678deadbad63780ce9f60d24e31b1.jpg,train
datasets\train_on_2025_all\images\frame_00043_jpg.rf.1972c1decf475bae612adacc6c59ef00.jpg,train
datasets\train_on_2025_all\images\frame_00043_jpg.rf.3282d82e2870ff1002bc154f317b7c04.jpg,train
datasets\train_on_2025_all\images\frame_00043_jpg.rf.a320089a12e703a7c02363e1ef15446f.jpg,train
datasets\train_on_2025_all\images\frame_00043_jpg.rf.a9851d16b1edbfe41a38f0af00cc5e13.jpg,train
datasets\train_on_2025_all\images\frame_00043_jpg.rf.ab79ff923ef5f37b290c89692d30e438.jpg,train
datasets\train_on_2025_all\images\frame_00043_jpg.rf.bfcef015bff0a73ab5c80ef3b9df823f.jpg,train
datasets\train_on_2025_all\images\frame_00043_jpg.rf.e89ad5f40376d8a2ae5476c5425759b7.jpg,train
datasets\train_on_2025_all\images\frame_00043_jpg.rf.efeb38b86d227e6ec8910e8272c141fc.jpg,train
datasets\train_on_2025_all\images\frame_00044_jpg.rf.0806309ec042a542cf5927b5b894781d.jpg,train
datasets\train_on_2025_all\images\frame_00044_jpg.rf.3e6ae63eeb1516ddb79b84224e970476.jpg,train
datasets\train_on_2025_all\images\frame_00044_jpg.rf.5dba34eb445243e0044716f094c15087.jpg,train
datasets\train_on_2025_all\images\frame_00044_jpg.rf.bbea3e064d3bdf147c1ce2477b8a057f.jpg,train
datasets\train_on_2025_all\images\frame_00044_jpg.rf.ed3bb0e3a29d172e9979eafbd3cf7e2c.jpg,train
datasets\train_on_2025_all\images\frame_00044_jpg.rf.fc9f4b6ba79675ee1cbf7fffeb357f9f.jpg,train
datasets\train_on_2025_all\images\frame_00045_jpg.rf.d5faf2ca98416f53cefae83c358e96b9.jpg,train
datasets\train_on_2025_all\images\frame_00045_jpg.rf.f7b1e33f257914ed99c9ae0d815ba270.jpg,train
datasets\train_on_2025_all\images\frame_00046_jpg.rf.3467d840d9765872e992eb099475a871.jpg,train
datasets\train_on_2025_all\images\frame_00046_jpg.rf.8c48d16a50420f9c686fe49bbfb48d75.jpg,train
datasets\train_on_2025_all\images\frame_00046_jpg.rf.8e97cf14197d246f726eac05bf1b8591.jpg,train
datasets\train_on_2025_all\images\frame_00046_jpg.rf.e2b5bb16a90544985bc3ae023f0c4fbb.jpg,train
datasets\train_on_2025_all\images\frame_00047_jpg.rf.51bd6fcfac209707abb864dfa1e1c203.jpg,train
datasets\train_on_2025_all\images\frame_00047_jpg.rf.cee1cf839abe08798db062184aa67055.jpg,train
datasets\train_on_2025_all\images\frame_00047_jpg.rf.e162bc8fbc7dd03837be97d84b105b5a.jpg,train
datasets\train_on_2025_all\images\frame_00047_jpg.rf.ed5c35ad4b0d1ec610b0ec9b3884da00.jpg,train
datasets\train_on_2025_all\images\frame_00047_jpg.rf.f18e11d2748819130279015b9f55d49f.jpg,train
datasets\train_on_2025_all\images\frame_00048_jpg.rf.238ba7b5a529437f7e908bdd1d99166f.jpg,train
datasets\train_on_2025_all\images\frame_00048_jpg.rf.bf4fd20ab62adc210fc7ac2ce0918b9c.jpg,train
datasets\train_on_2025_all\images\frame_00049_jpg.rf.391b76ea640d7c9279a4a65ee41952c8.jpg,train
datasets\train_on_2025_all\images\frame_00049_jpg.rf.89cabdf8fc67da0e0dbbb5d46740f6d9.jpg,train
datasets\train_on_2025_all\images\frame_00049_jpg.rf.9999d6782fc24d06814790c744f353f6.jpg,train
datasets\train_on_2025_all\images\frame_00049_jpg.rf.ad18001821ec4e30a1bbf7bcdbbbf08c.jpg,train
datasets\train_on_2025_all\images\frame_00050_jpg.rf.f1dfb36a78749a285bbe57f351cfa785.jpg,train
datasets\train_on_2025_all\images\frame_00051_jpg.rf.0d63d86bb60b3beb0783f3cba106eb07.jpg,train
datasets\train_on_2025_all\images\frame_00051_jpg.rf.19bea96ec9f9b6316709704444db0f0f.jpg,train
datasets\train_on_2025_all\images\frame_00051_jpg.rf.a10489b27b1a53de5e71f02e6a71d953.jpg,train
datasets\train_on_2025_all\images\frame_00051_jpg.rf.ceb5d691ac6b559a8efe105a5a8d09ea.jpg,train
datasets\train_on_2025_all\images\frame_00052_jpg.rf.6dc6a580e1e89a24503f545f68e2e1e3.jpg,train
datasets\train_on_2025_all\images\frame_00052_jpg.rf.aa0266d30801faa2f6495168d599a15c.jpg,train
datasets\train_on_2025_all\images\frame_00052_jpg.rf.ca9a3a9b5cb5966fb162a28b97015f62.jpg,train
datasets\train_on_2025_all\images\frame_00052_jpg.rf.d6aff11d03cac34caa3d17ae7f0b8593.jpg,train
datasets\train_on_2025_all\images\frame_00053_jpg.rf.03de9cc4a9096cfbc225f32dc1180789.jpg,train
datasets\train_on_2025_all\images\frame_00053_jpg.rf.10c22aecff77ca6db0694a12f0ed51a8.jpg,train
datasets\train_on_2025_all\images\frame_00053_jpg.rf.1ebf30dc2a250b10014e4eee8e2a45f1.jpg,train
datasets\train_on_2025_all\images\frame_00053_jpg.rf.74a267d6a75dca3f9deb343203a0d163.jpg,train
datasets\train_on_2025_all\images\frame_00053_jpg.rf.82a3aa316e039ba77d06053bb8c969d3.jpg,train
datasets\train_on_2025_all\images\frame_00053_jpg.rf.ccd36e00f1cfa8a0c8cab82f896ccb62.jpg,train
datasets\train_on_2025_all\images\frame_00053_jpg.rf.d7874e257fcdec1dfe6e28a7cc479e65.jpg,train
datasets\train_on_2025_all\images\frame_00053_jpg.rf.f74e59f4fb178e8c088ff2a667adf86a.jpg,train
datasets\train_on_2025_all\images\frame_00054_jpg.rf.729a3e50498f0f8d42dad3d3aa179dbb.jpg,train
datasets\train_on_2025_all\images\frame_00054_jpg.rf.969ed8beeffecebcd3b09f82f281cd68.jpg,train
datasets\train_on_2025_all\images\frame_00054_jpg.rf.9db3c1d64293a2cf858aa5cb04880e00.jpg,train
datasets\train_on_2025_all\images\frame_00054_jpg.rf.bf9b4cd1fe322cb102f23eb9a665b97b.jpg,train
datasets\train_on_2025_all\images\frame_00054_jpg.rf.c2e177a6ff973395bcd1372b8fdb579c.jpg,train
datasets\train_on_2025_all\images\frame_00054_jpg.rf.cf36a5f53c7ad15b7d097f880e047b08.jpg,train
datasets\train_on_2025_all\images\frame_00055_jpg.rf.0aaa7c260073f3d725faa988f2316d1c.jpg,train
datasets\train_on_2025_all\images\frame_00055_jpg.rf.224790855ca0e94d42245bad0444e0a1.jpg,train
datasets\train_on_2025_all\images\frame_00055_jpg.rf.38ad522e612a549eee92f556e6fc11a2.jpg,train
datasets\train_on_2025_all\images\frame_00055_jpg.rf.6044d206d082be83084fd8aa05898326.jpg,train
datasets\train_on_2025_all\images\frame_00055_jpg.rf.f6a334906211942ebf70f801f6ba26df.jpg,train
datasets\train_on_2025_all\images\frame_00056_jpg.rf.2405d9624dec5abc4833148a2c95ae99.jpg,train
datasets\train_on_2025_all\images\frame_00056_jpg.rf.7a26fd318d9907c56327585b04cf4787.jpg,train
datasets\train_on_2025_all\images\frame_00056_jpg.rf.9d67c805164c28564230889b72189ce0.jpg,train
datasets\train_on_2025_all\images\frame_00056_jpg.rf.aaa06e4e5ebf0b589b60549f4c0c97f0.jpg,train
datasets\train_on_2025_all\images\frame_00056_jpg.rf.bfde35abefc2c6cac9dc1006b37dab24.jpg,train
datasets\train_on_2025_all\images\frame_00057_jpg.rf.08069eac9fded06aae0e0c1e6693da16.jpg,train
datasets\train_on_2025_all\images\frame_00057_jpg.rf.5ab1904d35b074c785b029ec86408484.jpg,train
datasets\train_on_2025_all\images\frame_00057_jpg.rf.6f5135d858b1e9ac850f75079c705cb8.jpg,train
datasets\train_on_2025_all\images\frame_00057_jpg.rf.a9ac5b5e8b144bfc1e2b8eda47380a3b.jpg,train
datasets\train_on_2025_all\images\frame_00057_jpg.rf.c80a416d645276b7004cd010ed19e3da.jpg,train
datasets\train_on_2025_all\images\frame_00057_jpg.rf.cc1c2e027a91077df85893fbe8df9ff1.jpg,train
datasets\train_on_2025_all\images\frame_00058_jpg.rf.020bfcba74f3fb6cee1e0dcf0ce0073f.jpg,train
datasets\train_on_2025_all\images\frame_00058_jpg.rf.1e183b2d76399b34775154aa2605973c.jpg,train
datasets\train_on_2025_all\images\frame_00058_jpg.rf.cf3ee9db438b69bd4e090f57ada788d1.jpg,train
datasets\train_on_2025_all\images\frame_00059_jpg.rf.12d8a42420d685ff67a5f848a7e959c8.jpg,train
datasets\train_on_2025_all\images\frame_00059_jpg.rf.90e49efdf27325b57cd50736a7a0f60a.jpg,train
datasets\train_on_2025_all\images\frame_00059_jpg.rf.d9386965781c2a692c4a0ca2a33f57c5.jpg,train
datasets\train_on_2025_all\images\frame_00060_jpg.rf.372208ded4dcb711b3480a950663d0dc.jpg,train
datasets\train_on_2025_all\images\frame_00060_jpg.rf.7cd04008e417668ceefa2ea8e35c7a56.jpg,train
datasets\train_on_2025_all\images\frame_00060_jpg.rf.7dbea52178dd259f40e3a87819095a4a.jpg,train
datasets\train_on_2025_all\images\frame_00060_jpg.rf.a07d74d619137933d26222ecaef9743e.jpg,train
datasets\train_on_2025_all\images\frame_00060_jpg.rf.a09ca859ee17e87b1d8d4b87e3e1545f.jpg,train
datasets\train_on_2025_all\images\frame_00060_jpg.rf.fb208306168d0801a10b0ac69cd66ca1.jpg,train
datasets\train_on_2025_all\images\frame_00061_jpg.rf.0dd3baefb60033a42637a8b41928ff8c.jpg,train
datasets\train_on_2025_all\images\frame_00061_jpg.rf.6fefeb7aacd85d9eda88be1b304eaf46.jpg,train
datasets\train_on_2025_all\images\frame_00062_jpg.rf.c9f6863db5c339a8e055e46bdaf6e45e.jpg,train
datasets\train_on_2025_all\images\frame_00062_jpg.rf.cda7b45cf81d89d26a129f2c42870472.jpg,train
datasets\train_on_2025_all\images\frame_00062_jpg.rf.edb5b169662cbdf04068e27e9392f83a.jpg,train
datasets\train_on_2025_all\images\frame_00063_jpg.rf.4d8a9e0d577254ecd869044adbc435d8.jpg,train
datasets\train_on_2025_all\images\frame_00063_jpg.rf.c9f20081e6801f7245d34d7d32f1f26a.jpg,train
datasets\train_on_2025_all\images\frame_00063_jpg.rf.f3d9fc129aa922a9ba5016f6c3a8dc98.jpg,train
datasets\train_on_2025_all\images\frame_00064_jpg.rf.0d700a940b6900e77086213be4e53d85.jpg,train
datasets\train_on_2025_all\images\frame_00064_jpg.rf.203300fd3576ed47bd2efa081e6a8ea9.jpg,train
datasets\train_on_2025_all\images\frame_00064_jpg.rf.26ba4167c11902ffe82261a40c043028.jpg,train
datasets\train_on_2025_all\images\frame_00064_jpg.rf.4a7a961a3c909c0c4d6d43931e4eeb36.jpg,train
datasets\train_on_2025_all\images\frame_00064_jpg.rf.6a2218bf8a836e3690d8be0b502cdd19.jpg,train
datasets\train_on_2025_all\images\frame_00064_jpg.rf.a159c0390ad9141dea9774b20c8dd680.jpg,train
datasets\train_on_2025_all\images\frame_00064_jpg.rf.a20a0990d013ffea8951be4c61b55ded.jpg,train
datasets\train_on_2025_all\images\frame_00065_jpg.rf.1bcba97278e180cd62a88ef2a1d438fd.jpg,train
datasets\train_on_2025_all\images\frame_00065_jpg.rf.202f5a0737ed5198f70fe96c914ac673.jpg,train
datasets\train_on_2025_all\images\frame_00065_jpg.rf.3c546e89ee4190e4888ec0cbbe3dba14.jpg,train
datasets\train_on_2025_all\images\frame_00065_jpg.rf.887a8341a26f4a53e6785537d08e9941.jpg,train
datasets\train_on_2025_all\images\frame_00065_jpg.rf.99083a68d4c43a665065efe457626ac6.jpg,train
datasets\train_on_2025_all\images\frame_00065_jpg.rf.ad2df89dd180dbf0babe19215a112e7b.jpg,train
datasets\train_on_2025_all\images\frame_00065_jpg.rf.b59dfd973073deaab029a828c64fb498.jpg,train
datasets\train_on_2025_all\images\frame_00066_jpg.rf.125d68956325a8d5688dde2a00cc69a7.jpg,train
datasets\train_on_2025_all\images\frame_00066_jpg.rf.3b2ed18bf8002a2acd4119c7f4144ce7.jpg,train
datasets\train_on_2025_all\images\frame_00066_jpg.rf.3d0078a00032a7a35a65062bf392afac.jpg,train
datasets\train_on_2025_all\images\frame_00066_jpg.rf.4da7e289467ccb7b657348e6a1d82dad.jpg,train
datasets\train_on_2025_all\images\frame_00066_jpg.rf.decdb418c3d75c21af81ce42b7118e38.jpg,train
datasets\train_on_2025_all\images\frame_00066_jpg.rf.f0bfec309ee70e80231740077bc44974.jpg,train
datasets\train_on_2025_all\images\frame_00067_jpg.rf.0cb0290ec731d4050f187d074cd3b57e.jpg,train
datasets\train_on_2025_all\images\frame_00067_jpg.rf.628c0b6dd5c04f5e207bb0416fa3ac01.jpg,train
datasets\train_on_2025_all\images\frame_00067_jpg.rf.6a6f462df834b8f2289e313f7a046a55.jpg,train
datasets\train_on_2025_all\images\frame_00067_jpg.rf.95f97b9cc1628596d78f780f0ac49896.jpg,train
datasets\train_on_2025_all\images\frame_00067_jpg.rf.9fd02056dfab28b8ca54fec4273c15a8.jpg,train
datasets\train_on_2025_all\images\frame_00067_jpg.rf.c71d55d978ff1f30b7d831b1229a6b43.jpg,train
datasets\train_on_2025_all\images\frame_00067_jpg.rf.f926886bccae32320fbde4c0e66a5f25.jpg,train
datasets\train_on_2025_all\images\frame_00068_jpg.rf.a67bab7791e286797ba38ec753e2c5a3.jpg,train
datasets\train_on_2025_all\images\frame_00069_jpg.rf.0a7d2fbc344024e4606e97753fe21264.jpg,train
datasets\train_on_2025_all\images\frame_00069_jpg.rf.25903dade13f6786a961b879e9e00099.jpg,train
datasets\train_on_2025_all\images\frame_00069_jpg.rf.6dcacf50b049b0c3eab8e1c6a11e718e.jpg,train
datasets\train_on_2025_all\images\frame_00069_jpg.rf.7a062688ebdb7aafae7c004d1d99b92f.jpg,train
datasets\train_on_2025_all\images\frame_00070_jpg.rf.bb375883367ae598d50f1b20c14b9a88.jpg,train
datasets\train_on_2025_all\images\frame_00071_jpg.rf.1451b0ce6f1fbc61a5dc7c9421d8e9dd.jpg,train
datasets\train_on_2025_all\images\frame_00071_jpg.rf.2dded6e34e5661348f17859b13f442e2.jpg,train
datasets\train_on_2025_all\images\frame_00071_jpg.rf.3608209924cc34eb455da72175ee77e9.jpg,train
datasets\train_on_2025_all\images\frame_00071_jpg.rf.532623f4be88164833252e27cd51f542.jpg,train
datasets\train_on_2025_all\images\frame_00071_jpg.rf.aaadead2f0ebeff87f5495ff244424da.jpg,train
datasets\train_on_2025_all\images\frame_00071_jpg.rf.fb1c7f1c2cd9a2f0df9b85ef128e7dfc.jpg,train
datasets\train_on_2025_all\images\frame_00072_jpg.rf.3652c6227a9c2200d48c2b9cf058e621.jpg,train
datasets\train_on_2025_all\images\frame_00072_jpg.rf.3ca265c8a06a686862daffccdf96226a.jpg,train
datasets\train_on_2025_all\images\frame_00072_jpg.rf.731f89815be376955b67b85a6146cef5.jpg,train
datasets\train_on_2025_all\images\frame_00072_jpg.rf.a74294f2d8fd1435221b001f1f28a28c.jpg,train
datasets\train_on_2025_all\images\frame_00072_jpg.rf.cd24d2954405038196b19ec0db172ffc.jpg,train
datasets\train_on_2025_all\images\frame_00072_jpg.rf.fe846e2275e5ee3d03b0c7a54edd798a.jpg,train
datasets\train_on_2025_all\images\frame_00073_jpg.rf.218ae9bf196314413e299453cdf0637f.jpg,train
datasets\train_on_2025_all\images\frame_00073_jpg.rf.754db328bfcc85173dcd6c0fb8cf8852.jpg,train
datasets\train_on_2025_all\images\frame_00073_jpg.rf.cb206bb096c73e0fd0cf2bbd8e63e023.jpg,train
datasets\train_on_2025_all\images\frame_00073_jpg.rf.e3ff1d189ef4ac38c79beab7b094a7e5.jpg,train
datasets\train_on_2025_all\images\frame_00073_jpg.rf.fb7d14f12310127edfcbbbe13308a94c.jpg,train
datasets\train_on_2025_all\images\frame_00074_jpg.rf.635441b8e7aa45244e58e4b08f205b69.jpg,train
datasets\train_on_2025_all\images\frame_00074_jpg.rf.e520cb7c9c1311b963ddb2d22aba0dfb.jpg,train
datasets\train_on_2025_all\images\frame_00075_jpg.rf.02ab0eb93e3fc69167f5b1cdb25f6cf5.jpg,train
datasets\train_on_2025_all\images\frame_00075_jpg.rf.30b706e53ef60fca7780178d4fe6a04b.jpg,train
datasets\train_on_2025_all\images\frame_00075_jpg.rf.3c50abbcc4e67c39c751ada87085a996.jpg,train
datasets\train_on_2025_all\images\frame_00075_jpg.rf.68a8b794aae2f373a1de3367d6578397.jpg,train
datasets\train_on_2025_all\images\frame_00075_jpg.rf.a62d166cf4e2df0444f73c8a8a6c32c0.jpg,train
datasets\train_on_2025_all\images\frame_00076_jpg.rf.3cb5f9fc2c76cbb07f9f51267885cdf2.jpg,train
datasets\train_on_2025_all\images\frame_00076_jpg.rf.8150792c48a14f4a6093f6e78fbb90bd.jpg,train
datasets\train_on_2025_all\images\frame_00076_jpg.rf.fd8678a9ae684e8234dcb6c0e937b2c5.jpg,train
datasets\train_on_2025_all\images\frame_00077_jpg.rf.a3e28547f8d9e75b02574f44c458ecc0.jpg,train
datasets\train_on_2025_all\images\frame_00077_jpg.rf.d586fbcfeb7a030f214bbca12e36d4c8.jpg,train
datasets\train_on_2025_all\images\frame_00078_jpg.rf.065f451bd9f0a1f9cf20054d735236be.jpg,train
datasets\train_on_2025_all\images\frame_00078_jpg.rf.170475c7e1db5b5f4b519ff82454c636.jpg,train
datasets\train_on_2025_all\images\frame_00078_jpg.rf.194dbdba4074b472aa06c9535550ce02.jpg,train
datasets\train_on_2025_all\images\frame_00078_jpg.rf.68b4a8257b3c9e198d44326642bab411.jpg,train
datasets\train_on_2025_all\images\frame_00078_jpg.rf.941d283f666ad7a9d4b3bf846f1e2d56.jpg,train
datasets\train_on_2025_all\images\frame_00078_jpg.rf.c039e7d4785136ca146de790c98ecef7.jpg,train
datasets\train_on_2025_all\images\frame_00078_jpg.rf.d037d579470633f958a66795ae987b27.jpg,train
datasets\train_on_2025_all\images\frame_00078_jpg.rf.eab9b1243312c1fa1f7675e87ee7d448.jpg,train
datasets\train_on_2025_all\images\frame_00079_jpg.rf.443812f2743be40c22174526960aba3d.jpg,train
datasets\train_on_2025_all\images\frame_00079_jpg.rf.4ff520ddb3af10ad0b92b5954946d874.jpg,train
datasets\train_on_2025_all\images\frame_00079_jpg.rf.60ea72b90ddd80c9307fb4c0fd5b99db.jpg,train
datasets\train_on_2025_all\images\frame_00079_jpg.rf.8ae3de75adbf2bdb21e38c77910f3c85.jpg,train
datasets\train_on_2025_all\images\frame_00079_jpg.rf.b172400bbe24d9234b12f6e2e4a91065.jpg,train
datasets\train_on_2025_all\images\frame_00079_jpg.rf.d5d28d8a5eca384dc1dc208ad39df2c1.jpg,train
datasets\train_on_2025_all\images\frame_00079_jpg.rf.fcd18ebd156210f139b9ab564b46febb.jpg,train
datasets\train_on_2025_all\images\frame_00080_jpg.rf.469aa433cf7ed4698986d8666b8dd077.jpg,train
datasets\train_on_2025_all\images\frame_00080_jpg.rf.4db069dc879101cec5e3458542ce7731.jpg,train
datasets\train_on_2025_all\images\frame_00080_jpg.rf.94c78113c022d6e817d0f8a27c62ba59.jpg,train
datasets\train_on_2025_all\images\frame_00080_jpg.rf.a12f9a2b4fe95ededf300c9cef073a97.jpg,train
datasets\train_on_2025_all\images\frame_00081_jpg.rf.1c444e2c1adb09a3da6657ae99710a30.jpg,train
datasets\train_on_2025_all\images\frame_00081_jpg.rf.36d9975adcb80718e876e94c0452b520.jpg,train
datasets\train_on_2025_all\images\frame_00081_jpg.rf.4b42785a64fce5ce1cf312fda55f1a3e.jpg,train
datasets\train_on_2025_all\images\frame_00081_jpg.rf.5752f413ac050961397cce5ba1e6b14b.jpg,train
datasets\train_on_2025_all\images\frame_00081_jpg.rf.63dd2053fa205ac5e4c4a8b6a69b769e.jpg,train
datasets\train_on_2025_all\images\frame_00081_jpg.rf.88ce8e48fff75b03c58083696451802e.jpg,train
datasets\train_on_2025_all\images\frame_00081_jpg.rf.b00049b30bec89db2977c5dec5d074c4.jpg,train
datasets\train_on_2025_all\images\frame_00081_jpg.rf.e83d2bc04541deaeb60a1036ec9fed15.jpg,train
datasets\train_on_2025_all\images\frame_00082_jpg.rf.1f0fae801d220051008dcf07c3454ecb.jpg,train
datasets\train_on_2025_all\images\frame_00082_jpg.rf.6ecb07a4b683cbca8b782c348f0279d1.jpg,train
datasets\train_on_2025_all\images\frame_00082_jpg.rf.709df099765c3541c1032c46ab487b09.jpg,train
datasets\train_on_2025_all\images\frame_00082_jpg.rf.b06217ea09d421999acb6746db3ccad1.jpg,train
datasets\train_on_2025_all\images\frame_00082_jpg.rf.c218207094b459fa878d95555d0927cb.jpg,train
datasets\train_on_2025_all\images\frame_00082_jpg.rf.c9f07f29ba97dc2a12945eeb9f684914.jpg,train
datasets\train_on_2025_all\images\frame_00082_jpg.rf.e0204946a265f86a31495b76026a5d8d.jpg,train
datasets\train_on_2025_all\images\frame_00083_jpg.rf.049f7ea9ad42d3e8413f59247b6a322d.jpg,train
datasets\train_on_2025_all\images\frame_00083_jpg.rf.177135d23af9ed1b0dd194b4cebfea02.jpg,train
datasets\train_on_2025_all\images\frame_00083_jpg.rf.33a0e15c0be731a623abcfcbe06dade5.jpg,train
datasets\train_on_2025_all\images\frame_00083_jpg.rf.6d8c387a1d99ff8435a7afcf7c0e790f.jpg,train
datasets\train_on_2025_all\images\frame_00083_jpg.rf.7cb7fbf9d640148e9e1e20846c9a0e59.jpg,train
datasets\train_on_2025_all\images\frame_00083_jpg.rf.97c728206a90ea09a6def13141f2e0b4.jpg,train
datasets\train_on_2025_all\images\frame_00083_jpg.rf.ccc2ff9db61c58375f5bd9fd1ec0b7fc.jpg,train
datasets\train_on_2025_all\images\frame_00083_jpg.rf.ea885b9c4b3a8f5456d574c6a5af1637.jpg,train
datasets\train_on_2025_all\images\frame_00083_jpg.rf.f18de3c9817e55b9755093d0e552dc04.jpg,train
datasets\train_on_2025_all\images\frame_00084_jpg.rf.05c0652f6952f1f2614b42dee2aae20f.jpg,train
datasets\train_on_2025_all\images\frame_00084_jpg.rf.8ff070fd0f090f60ead95a56a496f036.jpg,train
datasets\train_on_2025_all\images\frame_00085_jpg.rf.750f34d787974ff6c8c80b7f34b43cc0.jpg,train
datasets\train_on_2025_all\images\frame_00085_jpg.rf.844b01290ed551f9b286411da7f4c8fc.jpg,train
datasets\train_on_2025_all\images\frame_00085_jpg.rf.aa704dd311ed1ea17cf5e875c6e09a77.jpg,train
datasets\train_on_2025_all\images\frame_00085_jpg.rf.ecce20b9f85124d9b51b20733f86ee05.jpg,train
datasets\train_on_2025_all\images\frame_00085_jpg.rf.fcbe9a885e3254846da5e39e39df7076.jpg,train
datasets\train_on_2025_all\images\frame_00086_jpg.rf.231a8ca5c74a529a2d6f1d7e6633aaea.jpg,train
datasets\train_on_2025_all\images\frame_00086_jpg.rf.7ffe067a967065644a13b881cf777259.jpg,train
datasets\train_on_2025_all\images\frame_00086_jpg.rf.ae5b5728d114c52b70d77dbfb85f07b4.jpg,train
datasets\train_on_2025_all\images\frame_00087_jpg.rf.702b838c9f5387c482d8281c65ca83c3.jpg,train
datasets\train_on_2025_all\images\frame_00087_jpg.rf.7cb87a27d76c6be6a9a9223e89785e14.jpg,train
datasets\train_on_2025_all\images\frame_00087_jpg.rf.8d336092e2227bd846f2adf57833a5ab.jpg,train
datasets\train_on_2025_all\images\frame_00088_jpg.rf.5d4c6e509de053a39b55f30a64becc79.jpg,train
datasets\train_on_2025_all\images\frame_00088_jpg.rf.91e8a70545c1721b815477917db02a4f.jpg,train
datasets\train_on_2025_all\images\frame_00088_jpg.rf.9d925ed0828f2d28c440c1f70764ee62.jpg,train
datasets\train_on_2025_all\images\frame_00088_jpg.rf.e9378952f52cfdeb79796f81477908e3.jpg,train
datasets\train_on_2025_all\images\frame_00089_jpg.rf.65357cb4c83c6223d5b3f2cfdb4bf7ae.jpg,train
datasets\train_on_2025_all\images\frame_00089_jpg.rf.7474ace6da236cc78b6bd6516df5abb5.jpg,train
datasets\train_on_2025_all\images\frame_00089_jpg.rf.a4c637e0cb439e74ec226424f9a2e2ba.jpg,train
datasets\train_on_2025_all\images\frame_00090_jpg.rf.4078aa3eb969768839583318d6651a91.jpg,train
datasets\train_on_2025_all\images\frame_00090_jpg.rf.7bb1bdf5d4103856e5f721236f29d813.jpg,train
datasets\train_on_2025_all\images\frame_00090_jpg.rf.7ea47bf9a6bc888c967cf51784b61d75.jpg,train
datasets\train_on_2025_all\images\frame_00090_jpg.rf.85c1060ab62efb7561ae3edbf5c7641c.jpg,train
datasets\train_on_2025_all\images\frame_00090_jpg.rf.b38b94e1f8466f86b0794254433f0e63.jpg,train
datasets\train_on_2025_all\images\frame_00090_jpg.rf.f4ac0c83dc8e91c0e68d97029549cd0d.jpg,train
datasets\train_on_2025_all\images\frame_00090_jpg.rf.f9e089d1ed97088bd634444b6e2a8fae.jpg,train
datasets\train_on_2025_all\images\frame_00091_jpg.rf.9e21a184196a39949dc2b962f9ee8710.jpg,train
datasets\train_on_2025_all\images\frame_00091_jpg.rf.a42f4601b9810cf874fe445437e60835.jpg,train
datasets\train_on_2025_all\images\frame_00091_jpg.rf.c2bf8d118dbde4895a08f0754254cde2.jpg,train
datasets\train_on_2025_all\images\frame_00091_jpg.rf.d740c5e002bb7fb8ffce657caaea2510.jpg,train
datasets\train_on_2025_all\images\frame_00091_jpg.rf.eb58b6570b5d5863afe9af6143227bfd.jpg,train
datasets\train_on_2025_all\images\frame_00092_jpg.rf.271d5ab25dfcfaa99eeb0b9a9d21a4d9.jpg,train
datasets\train_on_2025_all\images\frame_00092_jpg.rf.4d717835b6bbbea0a2429fffd5d837b2.jpg,train
datasets\train_on_2025_all\images\frame_00092_jpg.rf.5804fa9fb75f881883de58e3f259a5de.jpg,train
datasets\train_on_2025_all\images\frame_00092_jpg.rf.b37be458bed61533b55ffe9262398f74.jpg,train
datasets\train_on_2025_all\images\frame_00092_jpg.rf.e6d1fed4322e6020e638f9f560df7cc4.jpg,train
datasets\train_on_2025_all\images\frame_00093_jpg.rf.059d082d146fae63b372789316b6e454.jpg,train
datasets\train_on_2025_all\images\frame_00093_jpg.rf.5f7bd94e923560a3fca2e892c7921fc7.jpg,train
datasets\train_on_2025_all\images\frame_00093_jpg.rf.9f4ffe2fd18580197a7bed003d4756c7.jpg,train
datasets\train_on_2025_all\images\frame_00093_jpg.rf.a70de9b15a46983f92a75ccd7790f9b8.jpg,train
datasets\train_on_2025_all\images\frame_00094_jpg.rf.007bcd002caf661d456b7a45e0c1b308.jpg,train
datasets\train_on_2025_all\images\frame_00094_jpg.rf.23682a37c4862681c825fba8ba3b59bc.jpg,train
datasets\train_on_2025_all\images\frame_00094_jpg.rf.8debf0d6c0ccea18413edfc566bd0438.jpg,train
datasets\train_on_2025_all\images\frame_00094_jpg.rf.c67ff41fc16379591f8704b9954e234e.jpg,train
datasets\train_on_2025_all\images\frame_00094_jpg.rf.d2bc79b48cd26edc645ff9dceff78342.jpg,train
datasets\train_on_2025_all\images\frame_00094_jpg.rf.f7e73ba53b2612f8b092654d792a13d5.jpg,train
datasets\train_on_2025_all\images\frame_00095_jpg.rf.1868eb3d0df489350d76f14b2415783e.jpg,train
datasets\train_on_2025_all\images\frame_00095_jpg.rf.6715de46c6e4842046de99a1d999b9f2.jpg,train
datasets\train_on_2025_all\images\frame_00095_jpg.rf.9f2b780fde5897e80b47d2037bbe3061.jpg,train
datasets\train_on_2025_all\images\frame_00095_jpg.rf.a28e8f2e08382d511ce94047cb89c7ce.jpg,train
datasets\train_on_2025_all\images\frame_00095_jpg.rf.bba0cc34425cbd919b74e3322c8695d5.jpg,train
datasets\train_on_2025_all\images\frame_00095_jpg.rf.dafb561a70c86e56c77a9776ead87a97.jpg,train
datasets\train_on_2025_all\images\frame_00095_jpg.rf.f70c1b2763beafa37762d453d7993bb7.jpg,train
datasets\train_on_2025_all\images\frame_00096_jpg.rf.96b29308cf15a821bc3df26f8436e966.jpg,train
datasets\train_on_2025_all\images\frame_00096_jpg.rf.af0256ac1c6a390d00af0dd386039b15.jpg,train
datasets\train_on_2025_all\images\frame_00096_jpg.rf.ea30fd5da54402eba4d7ba755b1aa607.jpg,train
datasets\train_on_2025_all\images\frame_00097_jpg.rf.5b0ff2dcc4567f288c33f67277106824.jpg,train
datasets\train_on_2025_all\images\frame_00097_jpg.rf.a404655f7d252186c4f5aee3be75034e.jpg,train
datasets\train_on_2025_all\images\frame_00097_jpg.rf.ca748125b041e9cded5d3b32ca1ddb0b.jpg,train
datasets\train_on_2025_all\images\frame_00097_jpg.rf.d2e10cecec01f1aeefa4a8d24f0931a9.jpg,train
datasets\train_on_2025_all\images\frame_00098_jpg.rf.0328b7ec3df8056cb224ebc8d3c43c26.jpg,train
datasets\train_on_2025_all\images\frame_00098_jpg.rf.419ba1e4b0df0e0d7ba65595a1b51c01.jpg,train
datasets\train_on_2025_all\images\frame_00098_jpg.rf.612a3e44d02f79a8a0760687f96268bf.jpg,train
datasets\train_on_2025_all\images\frame_00098_jpg.rf.7618b7522124422762858e43b5024171.jpg,train
datasets\train_on_2025_all\images\frame_00098_jpg.rf.b6f3a5f3da72cbac0712f61b42fffa9d.jpg,train
datasets\train_on_2025_all\images\frame_00098_jpg.rf.ddb4874e1fb31104eab5a006623ff744.jpg,train
datasets\train_on_2025_all\images\frame_00098_jpg.rf.e6cc1c730c742d9f46408d3a1b080450.jpg,train
datasets\train_on_2025_all\images\frame_00099_jpg.rf.314941d067e31f23c281bc9f42a17afc.jpg,train
datasets\train_on_2025_all\images\frame_00099_jpg.rf.60ce93cee441f877c9966a4603162389.jpg,train
datasets\train_on_2025_all\images\frame_00099_jpg.rf.8a52471f628284602b00a531a9649369.jpg,train
datasets\train_on_2025_all\images\frame_00099_jpg.rf.90d8f23910b11d6b27e6c9fc9f07baf9.jpg,train
datasets\train_on_2025_all\images\frame_00099_jpg.rf.bd628caca8dedcf369c3695a5837bf7f.jpg,train
datasets\train_on_2025_all\images\frame_00099_jpg.rf.e46b35da7299b159c1b5ddb7a6e85744.jpg,train
datasets\train_on_2025_all\images\frame_00099_jpg.rf.ec536df61e8504da0401145af600698d.jpg,train
datasets\train_on_2025_all\images\frame_00100_jpg.rf.38d043a8f9673a97289261a97aaf0021.jpg,train
datasets\train_on_2025_all\images\frame_00100_jpg.rf.3a65139c59024b3587bdb39de0204018.jpg,train
datasets\train_on_2025_all\images\frame_00100_jpg.rf.5ecfc4d0e62910ba44076cfc45325e46.jpg,train
datasets\train_on_2025_all\images\frame_00100_jpg.rf.60af75aaecab8c9cc7f3cbbecd6909f8.jpg,train
datasets\train_on_2025_all\images\frame_00100_jpg.rf.976539325b2224a2b7735c48903e3960.jpg,train
datasets\train_on_2025_all\images\frame_00100_jpg.rf.dfb4b4df24c8223816f99e10a08cc818.jpg,train
datasets\train_on_2025_all\images\frame_00100_jpg.rf.efe6ba2efd42c2dbfc043d48dd74ba58.jpg,train
datasets\train_on_2025_all\images\frame_00100_jpg.rf.f5e65dd01d42b213b2054432614a3ff6.jpg,train
datasets\train_on_2025_all\images\frame_00101_jpg.rf.07ea5e15f53e30ef6ac100a9443020d6.jpg,train
datasets\train_on_2025_all\images\frame_00101_jpg.rf.157b70319ac7104db907b76981cb884b.jpg,train
datasets\train_on_2025_all\images\frame_00101_jpg.rf.466c9498ada59b5d9fb9124d9d141b59.jpg,train
datasets\train_on_2025_all\images\frame_00101_jpg.rf.6da38b4835a6504f20837886122c3d65.jpg,train
datasets\train_on_2025_all\images\frame_00101_jpg.rf.c102f58e02524e64546eb5be7db50f9e.jpg,train
datasets\train_on_2025_all\images\frame_00102_jpg.rf.02cb9814887c6708aff5be8b9e390b31.jpg,train
datasets\train_on_2025_all\images\frame_00102_jpg.rf.31c27773730eadd8dac837807eb65283.jpg,train
datasets\train_on_2025_all\images\frame_00102_jpg.rf.5412d4c86b50f5871d506e1337754386.jpg,train
datasets\train_on_2025_all\images\frame_00102_jpg.rf.7f5acb416bf69cbe38f1e9b2dbf1d9ee.jpg,train
datasets\train_on_2025_all\images\frame_00102_jpg.rf.aab8ce303692aec3d50bdfb845a04b39.jpg,train
datasets\train_on_2025_all\images\frame_00102_jpg.rf.b4b0d3c3cfd74f4d89150d2ce9d40ff8.jpg,train
datasets\train_on_2025_all\images\frame_00103_jpg.rf.210596cdee04f60edb831fd18280b32f.jpg,train
datasets\train_on_2025_all\images\frame_00103_jpg.rf.5345e1ebd932c457b969e8574365a3be.jpg,train
datasets\train_on_2025_all\images\frame_00103_jpg.rf.985dfe9db41219fff0eba5d8cd0dae28.jpg,train
datasets\train_on_2025_all\images\frame_00103_jpg.rf.b01aa879d3a3ec42573232f6f6eb4c66.jpg,train
datasets\train_on_2025_all\images\frame_00103_jpg.rf.b97b13115302354f811219096c9b9ebb.jpg,train
datasets\train_on_2025_all\images\frame_00103_jpg.rf.cd17b01b2679fbdddc5bece7681ed711.jpg,train
datasets\train_on_2025_all\images\frame_00103_jpg.rf.cee9890aaba090e70691ca47fd359aed.jpg,train
datasets\train_on_2025_all\images\frame_00103_jpg.rf.f4f86cdce7e6004671274b07ff67598f.jpg,train
datasets\train_on_2025_all\images\frame_00104_jpg.rf.1593257adfa87dd48549a0b5f3afe258.jpg,train
datasets\train_on_2025_all\images\frame_00104_jpg.rf.1b82511f026d2ee9719302eca42115f6.jpg,train
datasets\train_on_2025_all\images\frame_00104_jpg.rf.8b3a462cac5c6f9f0aa05a23dbfe9ac3.jpg,train
datasets\train_on_2025_all\images\frame_00105_jpg.rf.21d28dd99b370eaf6209eb167614ab26.jpg,train
datasets\train_on_2025_all\images\frame_00105_jpg.rf.4a12c418657f6ed6a43ede02186db501.jpg,train
datasets\train_on_2025_all\images\frame_00105_jpg.rf.4e8a9c70c261a3c83d2c75a8f124d994.jpg,train
datasets\train_on_2025_all\images\frame_00105_jpg.rf.a8d4b1dce9041699a28aecf5868f5f50.jpg,train
datasets\train_on_2025_all\images\frame_00105_jpg.rf.f712c37484c4564510b0a279da838f40.jpg,train
datasets\train_on_2025_all\images\frame_00106_jpg.rf.2e5d2a0711cb22548ae8b972f046d915.jpg,train
datasets\train_on_2025_all\images\frame_00106_jpg.rf.3c52962705f3a6e6796849d4f945be59.jpg,train
datasets\train_on_2025_all\images\frame_00106_jpg.rf.500de3d70b19417be35f3fd597519130.jpg,train
datasets\train_on_2025_all\images\frame_00106_jpg.rf.9eb6475d4a52ca388db65a2a1db1659a.jpg,train
datasets\train_on_2025_all\images\frame_00106_jpg.rf.b6ad95e6ae0b27c53c9074e4586c9fb3.jpg,train
datasets\train_on_2025_all\images\frame_00107_jpg.rf.3f579cbbd0cbe112e23b3da1ef8b22fe.jpg,train
datasets\train_on_2025_all\images\frame_00107_jpg.rf.5ee659bc6a154faed86d15b488285056.jpg,train
datasets\train_on_2025_all\images\frame_00107_jpg.rf.5ff8cec398ad8bb8a121691fc3d91491.jpg,train
datasets\train_on_2025_all\images\frame_00107_jpg.rf.6bfd86ab27525baf10a6d6b7eb549c2f.jpg,train
datasets\train_on_2025_all\images\frame_00107_jpg.rf.a17b5c916ad4231a427df4573fa8d445.jpg,train
datasets\train_on_2025_all\images\frame_00107_jpg.rf.a36623f85ff058b13e804b7b3ccc03f0.jpg,train
datasets\train_on_2025_all\images\frame_00107_jpg.rf.af6529d2365de369b48f79ac8ac1f2df.jpg,train
datasets\train_on_2025_all\images\frame_00107_jpg.rf.e16c7c48ad47fbdc234ad34eef2a83e9.jpg,train
datasets\train_on_2025_all\images\frame_00108_jpg.rf.1d8904494a39ab8da2036eaa669c3334.jpg,train
datasets\train_on_2025_all\images\frame_00108_jpg.rf.75a6d29f4ca6297ddb6dc68469f61cf7.jpg,train
datasets\train_on_2025_all\images\frame_00108_jpg.rf.80c727a9f296bc0dfa8a2a786434d315.jpg,train
datasets\train_on_2025_all\images\frame_00108_jpg.rf.82c92227dba85b483a0c201e5dcd031d.jpg,train
datasets\train_on_2025_all\images\frame_00109_jpg.rf.2d3a8fcbff240b1cf92daddd115f5f98.jpg,train
datasets\train_on_2025_all\images\frame_00109_jpg.rf.48941e207f99b47e91f82bec816fc799.jpg,train
datasets\train_on_2025_all\images\frame_00109_jpg.rf.629f5363c3a01cda593633fd7bde7586.jpg,train
datasets\train_on_2025_all\images\frame_00109_jpg.rf.a5e4232348f04ce5016bcf2d6b432d6f.jpg,train
datasets\train_on_2025_all\images\frame_00109_jpg.rf.ab809a5bfd374d01ed63e215a16bbac8.jpg,train
datasets\train_on_2025_all\images\frame_00109_jpg.rf.bcc7a6eb2379383024eb52253ab22e5b.jpg,train
datasets\train_on_2025_all\images\frame_00109_jpg.rf.cf98ba0226b2b7cc42cdc752fd574f5a.jpg,train
datasets\train_on_2025_all\images\frame_00109_jpg.rf.df28320d5515d48965fb471d359aa914.jpg,train
datasets\train_on_2025_all\images\frame_00109_jpg.rf.e13574e9fa0a18843c5980fe71ef8112.jpg,train
datasets\train_on_2025_all\images\frame_00110_jpg.rf.99016d837cca7a457129e051510c08c9.jpg,train
datasets\train_on_2025_all\images\frame_00110_jpg.rf.db44e7e64a42df7fa68ba3dac04a10f1.jpg,train
datasets\train_on_2025_all\images\frame_00111_jpg.rf.c2aecab6cda3ed5c90407a33ef59bfee.jpg,train
datasets\train_on_2025_all\images\frame_00111_jpg.rf.e119b2b8a48bd07171abb381a1cd9586.jpg,train
datasets\train_on_2025_all\images\frame_00111_jpg.rf.f5507508349988f0f4b1e969b9416ea4.jpg,train
datasets\train_on_2025_all\images\frame_00112_jpg.rf.2a53f5731d83572a05379a2b9c173e79.jpg,train
datasets\train_on_2025_all\images\frame_00112_jpg.rf.ae2c9697618e454b657dbc4c8cf9389f.jpg,train
datasets\train_on_2025_all\images\frame_00112_jpg.rf.c1bce34a55a1d8bf0280c006ba7df21e.jpg,train
datasets\train_on_2025_all\images\frame_00112_jpg.rf.cb21932a734bc66a23f757a80e283228.jpg,train
datasets\train_on_2025_all\images\frame_00113_jpg.rf.0b67f53f8ce0619965a8ff6eff6bb093.jpg,train
datasets\train_on_2025_all\images\frame_00113_jpg.rf.444c3f82e39beae3824ad70ad300e72b.jpg,train
datasets\train_on_2025_all\images\frame_00113_jpg.rf.894a00bfb54ab28be6c56321004b8dad.jpg,train
datasets\train_on_2025_all\images\frame_00113_jpg.rf.a330553cbccfd2f76cece1473fb62d35.jpg,train
datasets\train_on_2025_all\images\frame_00113_jpg.rf.b9042cd6db344c7189821be6492d1f5c.jpg,train
datasets\train_on_2025_all\images\frame_00114_jpg.rf.06b7734188569a87ab2c3138e8f31237.jpg,train
datasets\train_on_2025_all\images\frame_00114_jpg.rf.4843d2de7385c3146e1425f690b26d0b.jpg,train
datasets\train_on_2025_all\images\frame_00114_jpg.rf.6a35770513f59880af8faafc052c840c.jpg,train
datasets\train_on_2025_all\images\frame_00115_jpg.rf.05e7e5751b7f10c6e2916dcdd21ee11c.jpg,train
datasets\train_on_2025_all\images\frame_00115_jpg.rf.4d356b7cc359605444bd1fdaa19e5c02.jpg,train
datasets\train_on_2025_all\images\frame_00115_jpg.rf.539c6d1421557a07a09d1a4313123902.jpg,train
datasets\train_on_2025_all\images\frame_00115_jpg.rf.96bdc3b96eded8eb93ac882834654b51.jpg,train
datasets\train_on_2025_all\images\frame_00115_jpg.rf.bdd0cb0709be506b0d205ca82d9f9f48.jpg,train
datasets\train_on_2025_all\images\frame_00115_jpg.rf.d917ac88808bd53fa642e599d6d855f2.jpg,train
datasets\train_on_2025_all\images\frame_00116_jpg.rf.38336902d5fe188d1d0879eb76b1233f.jpg,train
datasets\train_on_2025_all\images\frame_00116_jpg.rf.9e1618cbc68b1e859eb80415375c8baa.jpg,train
datasets\train_on_2025_all\images\frame_00116_jpg.rf.a98bec3a4f672c9b1f94cc8b5003d50c.jpg,train
datasets\train_on_2025_all\images\frame_00116_jpg.rf.c24691d250cefd1a2ab281298ef36a6b.jpg,train
datasets\train_on_2025_all\images\frame_00116_jpg.rf.f5e0a44df96dd8e32a3785a7c75c78fe.jpg,train
datasets\train_on_2025_all\images\frame_00116_jpg.rf.fe588a2b52b8ce9b437976e6cd2b3bea.jpg,train
datasets\train_on_2025_all\images\frame_00117_jpg.rf.1970ff5a4cd0052c2121d20e9f8ecce4.jpg,train
datasets\train_on_2025_all\images\frame_00117_jpg.rf.83ac2cd52fde18b6ec654b0265de316e.jpg,train
datasets\train_on_2025_all\images\frame_00117_jpg.rf.a6908b88d56333a6782b73e6def61292.jpg,train
datasets\train_on_2025_all\images\frame_00117_jpg.rf.b0c0d6a89c281ec2402d052329d19134.jpg,train
datasets\train_on_2025_all\images\frame_00117_jpg.rf.d6e2354fd229f503767ebe7c4ce32d1e.jpg,train
datasets\train_on_2025_all\images\frame_00118_jpg.rf.02013eb21818389cabd7c810a760e637.jpg,train
datasets\train_on_2025_all\images\frame_00118_jpg.rf.1a20fc20265dbbd4b6ef38f72aa3c66c.jpg,train
datasets\train_on_2025_all\images\frame_00118_jpg.rf.32815c707da0f451d02da952b4f4f696.jpg,train
datasets\train_on_2025_all\images\frame_00118_jpg.rf.3d7031cdcced808879ec8b1e471662cd.jpg,train
datasets\train_on_2025_all\images\frame_00118_jpg.rf.8e1b85964168f947b0cc4204d663c21c.jpg,train
datasets\train_on_2025_all\images\frame_00118_jpg.rf.989f726a8f6af5078af9eff2ec7a928a.jpg,train
datasets\train_on_2025_all\images\frame_00119_jpg.rf.8639e4158518e728eca73c00f72f20c0.jpg,train
datasets\train_on_2025_all\images\frame_00120_jpg.rf.33c0adf687b0e5de5bd77583a132d8a4.jpg,train
datasets\train_on_2025_all\images\frame_00120_jpg.rf.350501838c95d7008037892e43b15603.jpg,train
datasets\train_on_2025_all\images\frame_00120_jpg.rf.56d20ea5f926068fa96d9ab480ac9031.jpg,train
datasets\train_on_2025_all\images\frame_00120_jpg.rf.7d7dfc00e5c75e7072b13d2dda6e6bbe.jpg,train
datasets\train_on_2025_all\images\frame_00120_jpg.rf.9eea5fd542755484b9c44837a2479ac0.jpg,train
datasets\train_on_2025_all\images\frame_00120_jpg.rf.b131c1641df0fd708e098342545ba707.jpg,train
datasets\train_on_2025_all\images\frame_00121_jpg.rf.2c814e4125a92d241826aa03aa481b62.jpg,train
datasets\train_on_2025_all\images\frame_00121_jpg.rf.37a248aa5c93945ce985d27bf59705d8.jpg,train
datasets\train_on_2025_all\images\frame_00122_jpg.rf.21b03a486c55ca7c1b9c915b3e445927.jpg,train
datasets\train_on_2025_all\images\frame_00122_jpg.rf.b94ac813ea569b1f7d7a65124a43d101.jpg,train
datasets\train_on_2025_all\images\frame_00123_jpg.rf.1949aa6fcfd14a07164efbad80bce888.jpg,train
datasets\train_on_2025_all\images\frame_00123_jpg.rf.310ea230ee743f5bd060bfd144afbcd1.jpg,train
datasets\train_on_2025_all\images\frame_00123_jpg.rf.4f2ad28b325c4797c738e4d22ac32f15.jpg,train
datasets\train_on_2025_all\images\frame_00123_jpg.rf.516f86370658742f880782410029b2c8.jpg,train
datasets\train_on_2025_all\images\frame_00123_jpg.rf.8bad2c2726ee93d93ad23d450b4c2c65.jpg,train
datasets\train_on_2025_all\images\frame_00123_jpg.rf.e25f9193f9fd6feadbd7411c17cf17ec.jpg,train
datasets\train_on_2025_all\images\frame_00124_jpg.rf.454c0fb90c305f5c2fac713c3ff04901.jpg,train
datasets\train_on_2025_all\images\frame_00124_jpg.rf.49653cf9c03a53edfbcd68c08d3b3d53.jpg,train
datasets\train_on_2025_all\images\frame_00124_jpg.rf.a95bb1079e775cc8b0b156ca39e42617.jpg,train
datasets\train_on_2025_all\images\frame_00124_jpg.rf.d5bf6f89fb583bb6713c929e1ec08c42.jpg,train
datasets\train_on_2025_all\images\frame_00125_jpg.rf.39a5f1564f9804e59598bc4bdd2a2c05.jpg,train
datasets\train_on_2025_all\images\frame_00125_jpg.rf.884f5ab19987cf4aa4b6dbf011ef71cf.jpg,train
datasets\train_on_2025_all\images\frame_00126_jpg.rf.3a70037005327d7afe871880af6be7ad.jpg,train
datasets\train_on_2025_all\images\frame_00126_jpg.rf.63ece5485182a4564b7639a5bf03ce13.jpg,train
datasets\train_on_2025_all\images\frame_00126_jpg.rf.ab43f518ef97b30a19d9610b646d7819.jpg,train
datasets\train_on_2025_all\images\frame_00126_jpg.rf.bb555e393b4ae06edbcfaa9607ef0018.jpg,train
datasets\train_on_2025_all\images\frame_00127_jpg.rf.588c8538f1cea2aea988bbcbf1b85935.jpg,train
datasets\train_on_2025_all\images\frame_00127_jpg.rf.62c724376f94de5e33d23e7099313a3e.jpg,train
datasets\train_on_2025_all\images\frame_00127_jpg.rf.b0b41104fd63b4be6db846c1511dddc1.jpg,train
datasets\train_on_2025_all\images\frame_00128_jpg.rf.2fca2958d3e2e67776b74234d810cbd2.jpg,train
datasets\train_on_2025_all\images\frame_00128_jpg.rf.e2d3703ea001b6f133ba292cc8b0e99d.jpg,train
datasets\train_on_2025_all\images\frame_00129_jpg.rf.7aa167205db888afb3d7b2ef8f915503.jpg,train
datasets\train_on_2025_all\images\frame_00129_jpg.rf.bf4a18c686bb69c1caa498bc9e4cb8e1.jpg,train
datasets\train_on_2025_all\images\frame_00129_jpg.rf.ee0244760c370e84e999d4c671678c6f.jpg,train
datasets\train_on_2025_all\images\frame_00130_jpg.rf.45e80caefc366d32b849feae50a4b9ca.jpg,train
datasets\train_on_2025_all\images\frame_00130_jpg.rf.7e1f78659c416a00eacd4d1af816b93b.jpg,train
datasets\train_on_2025_all\images\frame_00130_jpg.rf.9ba54399d0aca61ca6b7b63f74b4e579.jpg,train
datasets\train_on_2025_all\images\frame_00130_jpg.rf.ff104f60aebfddfecbfe5a5b4f2eb169.jpg,train
datasets\train_on_2025_all\images\frame_00131_jpg.rf.59a8dac1587397447cd4b291090fd993.jpg,train
datasets\train_on_2025_all\images\frame_00131_jpg.rf.5f59d9f65560e78330110343825223fa.jpg,train
datasets\train_on_2025_all\images\frame_00131_jpg.rf.aeb1943c2a558f4f72e54359817b73e4.jpg,train
datasets\train_on_2025_all\images\frame_00131_jpg.rf.f34bb6adf1da6e63a5059e47239b1239.jpg,train
datasets\train_on_2025_all\images\frame_00132_jpg.rf.6d924de75d91056c375d820223c33213.jpg,train
datasets\train_on_2025_all\images\frame_00132_jpg.rf.7027d5a04269c082f0fc7e6d0b321376.jpg,train
datasets\train_on_2025_all\images\frame_00132_jpg.rf.9bf6db6b94654a736b2a77d4a6b5bb37.jpg,train
datasets\train_on_2025_all\images\frame_00132_jpg.rf.d7d4523fab28c6bc3e5836b69603c2b4.jpg,train
datasets\train_on_2025_all\images\frame_00132_jpg.rf.f45fc4e55fe936cd09fbc9502bc0c2b5.jpg,train
datasets\train_on_2025_all\images\frame_00132_jpg.rf.fbf4b7a1e1d0819318ee02a38e0ab5a3.jpg,train
datasets\train_on_2025_all\images\frame_00133_jpg.rf.19ed3827c6985607461d99f03a395cb5.jpg,train
datasets\train_on_2025_all\images\frame_00133_jpg.rf.265eb3b7fc260c4aa89ed310cebdf52a.jpg,train
datasets\train_on_2025_all\images\frame_00133_jpg.rf.680144c0658d4e46b038132227eec52b.jpg,train
datasets\train_on_2025_all\images\frame_00133_jpg.rf.7a64ca55f1b24010173ec878099c9730.jpg,train
datasets\train_on_2025_all\images\frame_00133_jpg.rf.b04bb132ce18417e3375c6d3e48da10a.jpg,train
datasets\train_on_2025_all\images\frame_00133_jpg.rf.eeda2725b39842a24a768c4fa33507be.jpg,train
datasets\train_on_2025_all\images\frame_00133_jpg.rf.f662d51b26c88558c17afc8e300ffe05.jpg,train
datasets\train_on_2025_all\images\frame_00134_jpg.rf.c4ba0d4d2985c40fcf7e4579b581489a.jpg,train
datasets\train_on_2025_all\images\frame_00135_jpg.rf.6b3359d61c361281b7ac4356ab995a63.jpg,train
datasets\train_on_2025_all\images\frame_00135_jpg.rf.7dd1bf904b323d933b21ec43d6b2f67b.jpg,train
datasets\train_on_2025_all\images\frame_00135_jpg.rf.a16fac132ed3fd350086fb7a8c9087f4.jpg,train
datasets\train_on_2025_all\images\frame_00136_jpg.rf.3fab128ad432e905956032c8a8e1db83.jpg,train
datasets\train_on_2025_all\images\frame_00136_jpg.rf.5552cb6268de7770faffcf0ea6ea006f.jpg,train
datasets\train_on_2025_all\images\frame_00136_jpg.rf.8aace151a0a471330d6ef3caf29b9c8d.jpg,train
datasets\train_on_2025_all\images\frame_00136_jpg.rf.f51366dc3d4cb95bf750cc9800245338.jpg,train
datasets\train_on_2025_all\images\frame_00137_jpg.rf.46197784ad047156ecd0dc499bdd0736.jpg,train
datasets\train_on_2025_all\images\frame_00137_jpg.rf.c2f1f6abd932bd949902a45e5f4f89a3.jpg,train
datasets\train_on_2025_all\images\frame_00138_jpg.rf.2b94f2c3eb36c00ab23061d193c22385.jpg,train
datasets\train_on_2025_all\images\frame_00138_jpg.rf.2f9360b8e67ee9de50078490fcf103f6.jpg,train
datasets\train_on_2025_all\images\frame_00138_jpg.rf.c64346564425b0dc6cc6a369598b97c3.jpg,train
datasets\train_on_2025_all\images\frame_00139_jpg.rf.46a34e6bb558fed4ad6002598b1aa351.jpg,train
datasets\train_on_2025_all\images\frame_00140_jpg.rf.c9f1a1d004cfac8d554f6b0f1ccd30b7.jpg,train
datasets\train_on_2025_all\images\frame_00140_jpg.rf.f0cae0fff7dc8d7073d1971e0dd8abab.jpg,train
datasets\train_on_2025_all\images\frame_00140_jpg.rf.f1a8a00ca8f8cb883b55b871c7ea8d93.jpg,train
datasets\train_on_2025_all\images\frame_00141_jpg.rf.3250e4682d6532d8ff8dcce474aed0f7.jpg,train
datasets\train_on_2025_all\images\frame_00141_jpg.rf.f579336ed55e0244a5c390e83058ccbb.jpg,train
datasets\train_on_2025_all\images\frame_00142_jpg.rf.952f224b926303ed5e8d92dd3d6bde2a.jpg,train
datasets\train_on_2025_all\images\frame_00142_jpg.rf.b648b7575300c6338b3583bebcbbef12.jpg,train
datasets\train_on_2025_all\images\frame_00143_jpg.rf.77146ed7c19c7b4c57221469eb47f4c8.jpg,train
datasets\train_on_2025_all\images\frame_00143_jpg.rf.92891c7efaf30866c11625c81400cbce.jpg,train
datasets\train_on_2025_all\images\frame_00143_jpg.rf.a644fc6e18c8cb00ce65e810a751855b.jpg,train
datasets\train_on_2025_all\images\frame_00143_jpg.rf.f161271f9ed71a83c92b87f630b1e3eb.jpg,train
datasets\train_on_2025_all\images\frame_00144_jpg.rf.27b74098ed4b0c4e45d5f724963908da.jpg,train
datasets\train_on_2025_all\images\frame_00144_jpg.rf.280199e5556f83dc6d5a536a6f0ed0f8.jpg,train
datasets\train_on_2025_all\images\frame_00144_jpg.rf.cea011748f29100a6a2a92642a53018a.jpg,train
datasets\train_on_2025_all\images\frame_00144_jpg.rf.f421a82b9daaff7125de2a7e81ac69e6.jpg,train
datasets\train_on_2025_all\images\frame_00145_jpg.rf.13fb51522c4f0fb364c11cd4519e9628.jpg,train
datasets\train_on_2025_all\images\frame_00146_jpg.rf.c0ef702338015d12c408af401f8b84c5.jpg,train
datasets\train_on_2025_all\images\frame_00146_jpg.rf.c44f59bbbf476edb3ffcd6e16481eedb.jpg,train
datasets\train_on_2025_all\images\frame_00149_jpg.rf.6c09df71de538fc861260e64aa4695da.jpg,train
datasets\train_on_2025_all\images\frame_00149_jpg.rf.737b2c9711d547becfb3a70b1ae5dd00.jpg,train
datasets\train_on_2025_all\images\frame_00150_jpg.rf.ad504d66d0f71fab2296218d7d877275.jpg,train
datasets\train_on_2025_all\images\frame_00151_jpg.rf.25127a208f319c87ca9eb1b0dc94d3ad.jpg,train
datasets\train_on_2025_all\images\frame_00151_jpg.rf.9960e8ba76a410d0c351f4b7699973d1.jpg,train
datasets\train_on_2025_all\images\frame_00151_jpg.rf.a4759f429c483b19a819d062eb04aaaa.jpg,train
datasets\train_on_2025_all\images\frame_00151_jpg.rf.e202f0ec9e9321ab05df1decc671e4ad.jpg,train
datasets\train_on_2025_all\images\frame_00152_jpg.rf.14691596cbda4156410cbc179869a141.jpg,train
datasets\train_on_2025_all\images\frame_00152_jpg.rf.49c9cfbcd16b7e26a5aefce5be305864.jpg,train
datasets\train_on_2025_all\images\frame_00152_jpg.rf.a6c8be899adbb723e4a3e294053be3e8.jpg,train
datasets\train_on_2025_all\images\frame_00153_jpg.rf.0cf4dd0629bd4aa23e9e8264e941b647.jpg,train
datasets\train_on_2025_all\images\frame_00154_jpg.rf.fda69b3efa100e31f966530ef7abb00b.jpg,train
datasets\train_on_2025_all\images\frame_00155_jpg.rf.028ca122c29adbcbd085723570d97117.jpg,train
datasets\train_on_2025_all\images\frame_00155_jpg.rf.1ec215b688e8d920d304707c875b10cc.jpg,train
datasets\train_on_2025_all\images\frame_00156_jpg.rf.a5edf66ee9a2127f3be2684e3fb6b0b7.jpg,train
datasets\train_on_2025_all\images\frame_00156_jpg.rf.eb22bd8e5f342ca1c241ea75bd8ef2ee.jpg,train
datasets\train_on_2025_all\images\frame_00157_jpg.rf.9d8a6104bd80c586f84fec0e02440a5f.jpg,train
datasets\train_on_2025_all\images\frame_00157_jpg.rf.acf60c1dea9dad110cc49b0efaa36b94.jpg,train
datasets\train_on_2025_all\images\frame_00157_jpg.rf.c1c6827fe70694ad8ea56921a0660ea6.jpg,train
datasets\train_on_2025_all\images\frame_00158_jpg.rf.3968cc5da7722b7e158db27a588c1fba.jpg,train
datasets\train_on_2025_all\images\frame_00158_jpg.rf.c78563df56b77b704dd0b8bad1203d83.jpg,train
datasets\train_on_2025_all\images\frame_00158_jpg.rf.f23ff55ae70492be1bd94d5b86210670.jpg,train
datasets\train_on_2025_all\images\frame_00158_jpg.rf.ff544a574f8d1ca870d04abc14763614.jpg,train
datasets\train_on_2025_all\images\frame_00159_jpg.rf.1cb72d9ad0a612092d3c7e9afea1d0b1.jpg,train
datasets\train_on_2025_all\images\frame_00159_jpg.rf.704f776c14a6817f08da682aaef37a44.jpg,train
datasets\train_on_2025_all\images\frame_00159_jpg.rf.f72a8d0e9c2464caad6df4d07d426369.jpg,train
datasets\train_on_2025_all\images\frame_00161_jpg.rf.acc3bac0423e9f9d7d1a94b48847f560.jpg,train
datasets\train_on_2025_all\images\frame_00162_jpg.rf.5e964c9adac6cc97e13f781883df5dd7.jpg,train
datasets\train_on_2025_all\images\frame_00162_jpg.rf.a0b8fc0b959c1be41342a34599accc46.jpg,train
datasets\train_on_2025_all\images\frame_00162_jpg.rf.f2c1fdcb2c994540d846f8fa38861b5b.jpg,train
datasets\train_on_2025_all\images\frame_00163_jpg.rf.0ca92e1d4d6c4792c94fb3e3f9d6d972.jpg,train
datasets\train_on_2025_all\images\frame_00164_jpg.rf.466e3dcede8dcda84863a87f555a7eb1.jpg,train
datasets\train_on_2025_all\images\frame_00164_jpg.rf.c2e99ba68d09104f65eb64f6e905cdcb.jpg,train
datasets\train_on_2025_all\images\frame_00165_jpg.rf.cf16b951d7a5e23e7e50b793fdbb461b.jpg,train
datasets\train_on_2025_all\images\frame_00166_jpg.rf.f291f6d64d0bb3bcf01db5d2a944c575.jpg,train
datasets\train_on_2025_all\images\frame_00167_jpg.rf.759da5276b5c83708f24835339cf9e61.jpg,train
datasets\train_on_2025_all\images\frame_00167_jpg.rf.98a72e6b4406608988eae3d4fe579554.jpg,train
datasets\train_on_2025_all\images\frame_00168_jpg.rf.3b8c425c57a604853819ede351a937a6.jpg,train
datasets\train_on_2025_all\images\frame_00168_jpg.rf.a89423c362e994e2fc9809ba4acf4e86.jpg,train
datasets\train_on_2025_all\images\frame_00171_jpg.rf.7bdcaefd847a8e8f2795495b1d9508e0.jpg,train
datasets\train_on_2025_all\images\frame_00171_jpg.rf.94b60fed4d55736df323e12d980620ac.jpg,train
datasets\train_on_2025_all\images\frame_00172_jpg.rf.5a317a4303fd346f3d0dd092749adacc.jpg,train
datasets\train_on_2025_all\images\frame_00172_jpg.rf.ed556298815e17ca323378d42fa23dbd.jpg,train
datasets\train_on_2025_all\images\frame_00174_jpg.rf.204e5cb1a6bc8c55a5a51c89290330b8.jpg,train
datasets\train_on_2025_all\images\frame_00174_jpg.rf.79559def5011b4349a120c014641f0dc.jpg,train
datasets\train_on_2025_all\images\frame_00175_jpg.rf.67697b9a8a8695c19f5fb19c1204788e.jpg,train
datasets\train_on_2025_all\images\frame_00175_jpg.rf.b30e6a8b06c38c6ba39040e861552d65.jpg,train
datasets\train_on_2025_all\images\frame_00175_jpg.rf.ee1b9d954ec2d5d8d22f1012ba881718.jpg,train
datasets\train_on_2025_all\images\frame_00176_jpg.rf.0150d23c6192c1a9aa4aea41ea276bf6.jpg,train
datasets\train_on_2025_all\images\frame_00176_jpg.rf.4ba7661a9a11ef6f22e36c0cc23a3a1a.jpg,train
datasets\train_on_2025_all\images\frame_00177_jpg.rf.c09668ae743794967e11b192bbf9d81c.jpg,train
datasets\train_on_2025_all\images\frame_00177_jpg.rf.ed71c58969a1006fcfe9845e2e101f38.jpg,train
datasets\train_on_2025_all\images\frame_00179_jpg.rf.78e7476ddf7188288ea95dd4087eb139.jpg,train
datasets\train_on_2025_all\images\frame_00181_jpg.rf.ca7e288369a0bd2f3f72309aad708996.jpg,train
datasets\train_on_2025_all\images\frame_00181_jpg.rf.faa56a015e4de6a4ba9aef6295a234de.jpg,train
datasets\train_on_2025_all\images\frame_00182_jpg.rf.b8744c30a9b785a2e0fa3adef03441df.jpg,train
datasets\train_on_2025_all\images\frame_00183_jpg.rf.f74b7e3ae9bc5792d468906bb09a0e8c.jpg,train
datasets\train_on_2025_all\images\frame_00186_jpg.rf.7fbb6d3da0d439072b0bdc3800e90ea1.jpg,train
datasets\train_on_2025_all\images\frame_00186_jpg.rf.dbcf4c8cf050819f4ea286a19b787679.jpg,train
datasets\train_on_2025_all\images\frame_00187_jpg.rf.60ee8c263992d6650b55ec5f837da513.jpg,train
datasets\train_on_2025_all\images\frame_00187_jpg.rf.d7ef14f7deec82a454ed57d84fa26b91.jpg,train
datasets\train_on_2025_all\images\frame_00188_jpg.rf.147620c1e0c10868f42b5ebce8e85ff3.jpg,train
datasets\train_on_2025_all\images\frame_00189_jpg.rf.b4cb613f0406706a64bb085193914fde.jpg,train
datasets\train_on_2025_all\images\frame_00189_jpg.rf.cc64ffdea48239c8c51dbc6dd6521b4c.jpg,train
datasets\train_on_2025_all\images\frame_00192_jpg.rf.6a7a5f74808714effb6bee4c2105755d.jpg,train
datasets\train_on_2025_all\images\frame_00192_jpg.rf.c75cff2dcaee40e24c42ec2067eff920.jpg,train
datasets\train_on_2025_all\images\frame_00195_jpg.rf.c84273dcb87dc397b66627be5b488490.jpg,train
datasets\train_on_2025_all\images\frame_00197_jpg.rf.10d35142641cd74d54bcdaa82aa9bda4.jpg,train
datasets\train_on_2025_all\images\frame_00197_jpg.rf.314f3bef9a996bfba4f8799e5db538b2.jpg,train
datasets\train_on_2025_all\images\frame_00199_jpg.rf.33140641f251ef49d428b5636df905a9.jpg,train
datasets\train_on_2025_all\images\frame_00200_jpg.rf.3306beb64c7f86100c5b2509b7ee5734.jpg,train
datasets\train_on_2025_all\images\frame_00200_jpg.rf.7c954d0c3e8bfabea55e4c9a6a030284.jpg,train
datasets\train_on_2025_all\images\frame_00200_jpg.rf.abf11aff7933e6ab88779a05dbcc4b14.jpg,train
datasets\train_on_2025_all\images\frame_00200_jpg.rf.acda13896b74c24b49b94e38fa24bf4d.jpg,train
datasets\train_on_2025_all\images\frame_00204_jpg.rf.d46cae2e7bedfb3a63f59c6c9c23d4ef.jpg,train
datasets\train_on_2025_all\images\frame_00205_jpg.rf.391eb1d8a251a161bf86371eb0b8857c.jpg,train
datasets\train_on_2025_all\images\frame_00205_jpg.rf.dd3a73842576600e3e446c4f87958904.jpg,train
datasets\train_on_2025_all\images\frame_00206_jpg.rf.9850fcccd9ce72e6090b86736cc1c3e3.jpg,train
datasets\train_on_2025_all\images\frame_00208_jpg.rf.06de581d054804e19578718743165b6a.jpg,train
datasets\train_on_2025_all\images\frame_00208_jpg.rf.45444d57f6bd5923d9c934f50df136be.jpg,train
datasets\train_on_2025_all\images\frame_00208_jpg.rf.c7594e66d1f7e1d6360a90b5b788fa16.jpg,train
datasets\train_on_2025_all\images\frame_00211_jpg.rf.e717ca45b72773ba1f31b25dd26a4b50.jpg,train
datasets\train_on_2025_all\images\frame_00211_jpg.rf.f35b7f4e47f0cabae32e5fe5ec190555.jpg,train
datasets\train_on_2025_all\images\frame_00212_jpg.rf.6084b8e5babf78d80403e0fe443f8831.jpg,train
datasets\train_on_2025_all\images\frame_00212_jpg.rf.eb1be838767c9471b6156d11b07134bc.jpg,train
datasets\train_on_2025_all\images\frame_00213_jpg.rf.4482bf4d683e7afec155c54c46a181f6.jpg,train
datasets\train_on_2025_all\images\frame_00214_jpg.rf.0cd658c06ea8ae50e933930534e1c29a.jpg,train
datasets\train_on_2025_all\images\frame_00215_jpg.rf.56d766035a9e61acf4cfac56f6db346b.jpg,train
datasets\train_on_2025_all\images\frame_00215_jpg.rf.de55fc16e17e17d7ca9e58f246610cca.jpg,train
datasets\train_on_2025_all\images\frame_00216_jpg.rf.29e85c8a6739eb8e3c097d056242f6e1.jpg,train
datasets\train_on_2025_all\images\frame_00217_jpg.rf.855fd97351dbb677f49e90a048062634.jpg,train
datasets\train_on_2025_all\images\frame_00218_jpg.rf.03c9bc09df7d6dabb8405d1bba24f43a.jpg,train
datasets\train_on_2025_all\images\frame_00219_jpg.rf.d9f81c13117c372d6a4fa3ad67e85021.jpg,train
datasets\train_on_2025_all\images\frame_00219_jpg.rf.e896e5e5b3680c246aa91c3a9d6f7242.jpg,train
datasets\train_on_2025_all\images\frame_00220_jpg.rf.c19d99cbbb21b2e2beea768d4a38f8b0.jpg,train
datasets\train_on_2025_all\images\GX010664_MP4-0026_jpg.rf.216d9c6309a2559b8a00c31de0273d0c.jpg,train
datasets\train_on_2025_all\images\GX010664_MP4-0026_jpg.rf.72686199d71f048028cc2b58bac6d3fe.jpg,train
datasets\train_on_2025_all\images\GX010664_MP4-0027_jpg.rf.724cfb36346fcec21e99e36b8e08f511.jpg,train
datasets\train_on_2025_all\images\GX010664_MP4-0030_jpg.rf.1fc2eaa7fac9b15e175628f4446dd4e9.jpg,train
datasets\train_on_2025_all\images\GX010664_MP4-0030_jpg.rf.a733f05673dcad4dfab7c2a9b0428653.jpg,train
datasets\train_on_2025_all\images\GX010664_MP4-0030_jpg.rf.b3bf2e905aa6c56dacadbe39d62f9e8d.jpg,train
datasets\train_on_2025_all\images\GX010664_MP4-0031_jpg.rf.21e6b88640c8788c9ae311e51c217a93.jpg,train
datasets\train_on_2025_all\images\GX010664_MP4-0032_jpg.rf.7b9ec0120ab540a3705d364f8916fc1c.jpg,train
datasets\train_on_2025_all\images\GX010664_MP4-0032_jpg.rf.d0856926542c08aade4ff77cddeb1779.jpg,train
datasets\train_on_2025_all\images\GX010664_MP4-0036_jpg.rf.42895edccd77df9923e4c17e5a62bdf0.jpg,train
datasets\train_on_2025_all\images\GX010664_MP4-0037_jpg.rf.7a6e3fca2b5a05cbd134cb4f05c54ee5.jpg,train
datasets\train_on_2025_all\images\GX010664_MP4-0037_jpg.rf.83bdfea8ef24d8cd9aa86aa7ac828ca8.jpg,train
datasets\train_on_2025_all\images\GX010664_MP4-0039_jpg.rf.2db375ea0ec389c5d644ea589d848ed5.jpg,train
datasets\train_on_2025_all\images\GX010664_MP4-0039_jpg.rf.6208dfd7764eb32fd3ce174f20d7174a.jpg,train
datasets\train_on_2025_all\images\GX010664_MP4-0040_jpg.rf.b53ac30df8e666b382ca82a0bb4b2b9f.jpg,train
datasets\train_on_2025_all\images\GX010664_MP4-0042_jpg.rf.d6104ad65a648b9369bbb761c62b19f5.jpg,train
datasets\train_on_2025_all\images\GX010664_MP4-0042_jpg.rf.f09255da3a3b30cdc97af4d351d92666.jpg,train
datasets\train_on_2025_all\images\GX010664_MP4-0043_jpg.rf.9b3a06a280ba259fb528212d40bae4b0.jpg,train
datasets\train_on_2025_all\images\GX010664_MP4-0045_jpg.rf.c8d739d56ac4a183c4486d25701b5e9c.jpg,train
datasets\train_on_2025_all\images\GX010664_MP4-0045_jpg.rf.cd33e62a2e326f1e8d88c02b3cebab12.jpg,train
datasets\train_on_2025_all\images\GX010664_MP4-0046_jpg.rf.928ba1555bfc55fb4355874ffd9bcede.jpg,train
datasets\train_on_2025_all\images\GX010664_MP4-0048_jpg.rf.9de34beadb4d6a9eaa4ba51bf26fa09d.jpg,train
datasets\train_on_2025_all\images\GX010664_MP4-0051_jpg.rf.3bd49c03c6d659c1a9b25fbfe57179e9.jpg,train
datasets\train_on_2025_all\images\GX010664_MP4-0051_jpg.rf.8540b420dd448a9fc879d352d1d93da7.jpg,train
datasets\train_on_2025_all\images\GX010664_MP4-0052_jpg.rf.b9eb3e34c346142c1d192b9e2ca70e54.jpg,train
datasets\train_on_2025_all\images\GX010664_MP4-0052_jpg.rf.c93919d5c669827ba932d3fa47250758.jpg,train
datasets\train_on_2025_all\images\GX010664_MP4-0053_jpg.rf.13c305ab0b52c9b2e4c18d0a86098bb8.jpg,train
datasets\train_on_2025_all\images\GX010664_MP4-0053_jpg.rf.7d7fdcecdbfaa31b42165b88c9e31e24.jpg,train
datasets\train_on_2025_all\images\GX010664_MP4-0055_jpg.rf.222df2148263a7e2e2ef3f1c6f2530bf.jpg,train
datasets\train_on_2025_all\images\GX010664_MP4-0057_jpg.rf.45b9f0af7a9bcb2ae19121dbb6dfe0a0.jpg,train
datasets\train_on_2025_all\images\GX010664_MP4-0057_jpg.rf.c7142a19c77945658599dc06f8251c86.jpg,train
datasets\train_on_2025_all\images\GX010664_MP4-0059_jpg.rf.6d32fc68087320f1e760d352861b6fa1.jpg,train
datasets\train_on_2025_all\images\GX010664_MP4-0059_jpg.rf.f29cd9878187cd9b0166657d58269fe5.jpg,train
datasets\train_on_2025_all\images\GX010664_MP4-0060_jpg.rf.592bcc0e63ab073de41107a498e0e716.jpg,train
datasets\train_on_2025_all\images\GX010664_MP4-0061_jpg.rf.1ddf1a6703c5c6516ad9152656b8450c.jpg,train
datasets\train_on_2025_all\images\GX010664_MP4-0061_jpg.rf.2602c2ee14d8b3a048c8ae6e2e2acafe.jpg,train
datasets\train_on_2025_all\images\GX010664_MP4-0062_jpg.rf.b3ed78c3614972a9e9e3345d6c54656a.jpg,train
datasets\train_on_2025_all\images\GX010664_MP4-0063_jpg.rf.d01fe91db8b9f75290948cc7cc50c760.jpg,train
datasets\train_on_2025_all\images\GX010664_MP4-0064_jpg.rf.23934c626427d18bf199d97b6422a3fb.jpg,train
datasets\train_on_2025_all\images\GX010664_MP4-0064_jpg.rf.268ee827fc0da8f8bf85ce38c37ba501.jpg,train
datasets\train_on_2025_all\images\GX010664_MP4-0066_jpg.rf.ee03bf7d762a50eb3e4f3aee2e3675b1.jpg,train
datasets\train_on_2025_all\images\GX010664_MP4-0068_jpg.rf.c32070203247e0bf4d89da6585202c01.jpg,train
datasets\train_on_2025_all\images\GX010664_MP4-0068_jpg.rf.f6b6ee1c80ba210531fbf6db65959dce.jpg,train
datasets\train_on_2025_all\images\GX010664_MP4-0069_jpg.rf.4495c999ed01c75daf249fb607633b32.jpg,train
datasets\train_on_2025_all\images\GX010664_MP4-0070_jpg.rf.ad84c6491f8ee7e8fbcc798b24d38106.jpg,train
datasets\train_on_2025_all\images\GX010664_MP4-0071_jpg.rf.0cdba322b70fbf5c849076d8a352855a.jpg,train
datasets\train_on_2025_all\images\GX010664_MP4-0072_jpg.rf.da78ebf99222f60e4e9c115fe109a133.jpg,train
datasets\train_on_2025_all\images\GX010664_MP4-0073_jpg.rf.b69b1295bda9a4729ba855900a713fef.jpg,train
datasets\train_on_2025_all\images\GX010664_MP4-0073_jpg.rf.ff7ff3312c62ca144794838030aa808c.jpg,train
datasets\train_on_2025_all\images\GX010664_MP4-0074_jpg.rf.5a9cf23e848a7a8868748137515df600.jpg,train
datasets\train_on_2025_all\images\GX010664_MP4-0076_jpg.rf.b12e872043dbee38d0d3ffbb857f26ab.jpg,train
datasets\train_on_2025_all\images\GX010664_MP4-0077_jpg.rf.51911a1ad2a3f628d8ccc691f3b2b4a6.jpg,train
datasets\train_on_2025_all\images\GX010664_MP4-0078_jpg.rf.8ec398bb8df49178b586f2af43d95a39.jpg,train
datasets\train_on_2025_all\images\GX010664_MP4-0079_jpg.rf.2f51dc1253c50faa758ffc167ea60433.jpg,train
datasets\train_on_2025_all\images\GX010664_MP4-0082_jpg.rf.00edee151ca42ce42982468d41fe2396.jpg,train
datasets\train_on_2025_all\images\GX010664_MP4-0082_jpg.rf.d81ffef8b2b93fdb52c1aae78811edcf.jpg,train
datasets\train_on_2025_all\images\GX010664_MP4-0083_jpg.rf.9aff1680effc6d9a20394e1ad67914cd.jpg,train
datasets\train_on_2025_all\images\GX010664_MP4-0085_jpg.rf.0ca2778e2281ed2c4f8e88390a77943b.jpg,train
datasets\train_on_2025_all\images\GX010664_MP4-0087_jpg.rf.8a8b85bddca5b951f23f333887a14e04.jpg,train
datasets\train_on_2025_all\images\GX010664_MP4-0089_jpg.rf.5dbb78ccf95f85012aae87561f6925d1.jpg,train
datasets\train_on_2025_all\images\GX010664_MP4-0089_jpg.rf.e8d832c466c21cd9f623b9ebe5756e56.jpg,train
datasets\train_on_2025_all\images\GX010664_MP4-0097_jpg.rf.30ddf802f9cef65f74df8536e08dd4d5.jpg,train
datasets\train_on_2025_all\images\GX010664_MP4-0097_jpg.rf.4103e3b90cbbadd996a4ab1247c57bc9.jpg,train
datasets\train_on_2025_all\images\GX010664_MP4-0097_jpg.rf.75e32ff5f5f4dc8e8fe9139a52247baa.jpg,train
datasets\train_on_2025_all\images\GX010664_MP4-0101_jpg.rf.d81ccc877e2b480ba181242e338f3ee9.jpg,train
datasets\train_on_2025_all\images\GX010664_MP4-0101_jpg.rf.fbbddac3cf611ccd749e86361bdff021.jpg,train
datasets\train_on_2025_all\images\GX010664_MP4-0103_jpg.rf.f0a68cd971320cfd3270cab447a94bb4.jpg,train
datasets\train_on_2025_all\images\GX010665_MP4-0022_jpg.rf.cf220d12d0bfe3a2cdffa30b9adff42b.jpg,train
datasets\train_on_2025_all\images\GX010665_MP4-0023_jpg.rf.f67a6efbe1eefa463baaba82ed22f471.jpg,train
datasets\train_on_2025_all\images\GX010665_MP4-0024_jpg.rf.700871f8708b3dbf6bee84851e0a74b6.jpg,train
datasets\train_on_2025_all\images\GX010665_MP4-0024_jpg.rf.aa4d80af8c6603667718c4c4c0dc6589.jpg,train
datasets\train_on_2025_all\images\GX010665_MP4-0026_jpg.rf.0ba0d6d8506d07b8bfebce33646036b7.jpg,train
datasets\train_on_2025_all\images\GX010665_MP4-0026_jpg.rf.419b1a60f7223ca419a861b15cf41a7a.jpg,train
datasets\train_on_2025_all\images\GX010665_MP4-0026_jpg.rf.efc62c6441c10fe7bd39732a5d071352.jpg,train
datasets\train_on_2025_all\images\GX010665_MP4-0027_jpg.rf.06278f2e8eca61cebe9f0d9a18e89850.jpg,train
datasets\train_on_2025_all\images\GX010665_MP4-0027_jpg.rf.4af315f4a69d88a7e1293f0e3e3b8ce3.jpg,train
datasets\train_on_2025_all\images\GX010665_MP4-0027_jpg.rf.7e44c14da56690f78b4771f202c0f867.jpg,train
datasets\train_on_2025_all\images\GX010665_MP4-0057_jpg.rf.f09c8723a9094d7f87f232ac769d7c16.jpg,train
datasets\train_on_2025_all\images\GX010665_MP4-0058_jpg.rf.5c0564a8e5c285db8301e4375735d605.jpg,train
datasets\train_on_2025_all\images\GX010665_MP4-0063_jpg.rf.8ac064a506ea4352918498ba66d69e4d.jpg,train
datasets\train_on_2025_all\images\GX010665_MP4-0087_jpg.rf.37bea2f8fc3b279ccf0bce6b34bdc596.jpg,train
datasets\train_on_2025_all\images\GX010665_MP4-0087_jpg.rf.4aa99a02a0239ce75f1ee0490ae6ab3e.jpg,train
datasets\train_on_2025_all\images\GX010665_MP4-0087_jpg.rf.d51ca4d91f7ad0a7bd74892dec879c9c.jpg,train
datasets\train_on_2025_all\images\GX010665_MP4-0089_jpg.rf.7fe0e9657fa1a72a2708896f9ebef5ed.jpg,train
datasets\train_on_2025_all\images\GX010665_MP4-0089_jpg.rf.d7f24a0cae1be4eb04ece415de777176.jpg,train
datasets\train_on_2025_all\images\GX010665_MP4-0091_jpg.rf.20b7fb17307b06108faf51918fc07af6.jpg,train
datasets\train_on_2025_all\images\GX010665_MP4-0092_jpg.rf.58781171b7ed3094ea8f5bc4e0e49a75.jpg,train
datasets\train_on_2025_all\images\GX010665_MP4-0092_jpg.rf.80cba303c613e470c43e05cbd62e66f7.jpg,train
datasets\train_on_2025_all\images\GX010665_MP4-0099_jpg.rf.68da4d0d7ee75338594472166a43f893.jpg,train
datasets\train_on_2025_all\images\GX010665_MP4-0101_jpg.rf.a39714489272183f4249e1ec63781bd8.jpg,train
datasets\train_on_2025_all\images\GX010665_MP4-0102_jpg.rf.0c7b5292bdb66b878c54eab0351b850f.jpg,train
datasets\train_on_2025_all\images\GX010665_MP4-0103_jpg.rf.21eca401c2c7ad00476720571d7cd905.jpg,train
datasets\train_on_2025_all\images\GX010665_MP4-0108_jpg.rf.92e00390db4cf64817d5a3e2ab2aab8c.jpg,train
datasets\train_on_2025_all\images\GX010665_MP4-0109_jpg.rf.9fd1499c70b70ecb0127c12a30e67a11.jpg,train
datasets\train_on_2025_all\images\GX010665_MP4-0111_jpg.rf.28c370a4586765748f423bf5292aa213.jpg,train
datasets\train_on_2025_all\images\GX010665_MP4-0111_jpg.rf.9704330e5fe7240357ac3f0b17fad1c1.jpg,train
datasets\train_on_2025_all\images\GX010665_MP4-0112_jpg.rf.b8b48ea4dbbbf1e55cd6400e8601181b.jpg,train
datasets\train_on_2025_all\images\GX010665_MP4-0114_jpg.rf.ef4576edfd9ff5aa31f3f5d87d56364c.jpg,train
datasets\train_on_2025_all\images\GX010665_MP4-0119_jpg.rf.c574b03407b66448aad99fbe1377524b.jpg,train
datasets\train_on_2025_all\images\GX010665_MP4-0130_jpg.rf.103e55f0d7d7a32a40412ba08753909d.jpg,train
datasets\train_on_2025_all\images\GX010665_MP4-0133_jpg.rf.11f961eed585765b5ced3ad0bdf7007c.jpg,train
datasets\train_on_2025_all\images\GX010665_MP4-0133_jpg.rf.4d78612c20025b75ecfd75c3d97cd906.jpg,train
datasets\train_on_2025_all\images\GX010665_MP4-0134_jpg.rf.22645c83f16ad0fab3c00559ae4ce7a0.jpg,train
datasets\train_on_2025_all\images\GX010665_MP4-0134_jpg.rf.b13059bc41014669614fae18160fa79c.jpg,train
datasets\train_on_2025_all\images\GX010665_MP4-0135_jpg.rf.8f8280a9921992b6846aad4143d2f5d3.jpg,train
datasets\train_on_2025_all\images\GX010665_MP4-0135_jpg.rf.a67e59dabd6b23ef1153ed18978df9a4.jpg,train
datasets\train_on_2025_all\images\GX010665_MP4-0136_jpg.rf.e899d5e6870e48c20ce0c8a8c6b85670.jpg,train
datasets\train_on_2025_all\images\GX010665_MP4-0137_jpg.rf.bcc0d3167caa3008c5ab41d497a755fd.jpg,train
datasets\train_on_2025_all\images\GX010665_MP4-0139_jpg.rf.0fd45edf056321c1c65b8771e9efeb4e.jpg,train
datasets\train_on_2025_all\images\GX010665_MP4-0139_jpg.rf.12eaaa7163d6f7393eca5238b9e30da2.jpg,train
datasets\train_on_2025_all\images\GX010665_MP4-0140_jpg.rf.1c49b7421381dbf1464c265c901be303.jpg,train
datasets\train_on_2025_all\images\GX010665_MP4-0140_jpg.rf.f2faa2c854690615cfb99e91bddea21a.jpg,train
datasets\train_on_2025_all\images\GX010665_MP4-0152_jpg.rf.e779f0db5f1587c44a3b4f0b7ff0214a.jpg,train
datasets\train_on_2025_all\images\GX010665_MP4-0189_jpg.rf.141f93edee08d1217407f95246071f23.jpg,train
datasets\train_on_2025_all\images\GX010665_MP4-0190_jpg.rf.05fcbec8da10c1c2869c21f20ac7bf30.jpg,train
datasets\train_on_2025_all\images\GX010665_MP4-0190_jpg.rf.fbac7ff1462b35a537b12d5fcf9657f9.jpg,train
datasets\train_on_2025_all\images\GX010665_MP4-0192_jpg.rf.13e5a17667dd9f023bcd6d2313a569f9.jpg,train
datasets\train_on_2025_all\images\GX010665_MP4-0193_jpg.rf.de34a33540e2e12f2e00011ec7378a7c.jpg,train
datasets\train_on_2025_all\images\GX010665_MP4-0194_jpg.rf.dd56a130fa04de36c550e5f34e94e12a.jpg,train
datasets\train_on_2025_all\images\GX010665_MP4-0195_jpg.rf.5547cb3e00bc34ccfe06304feeae1f4e.jpg,train
datasets\train_on_2025_all\images\GX010665_MP4-0195_jpg.rf.6e107406793506e41197be6544d089e4.jpg,train
datasets\train_on_2025_all\images\GX010665_MP4-0195_jpg.rf.a235a811c1f250ad7ef6328b5c4943c3.jpg,train
datasets\train_on_2025_all\images\GX010665_MP4-0196_jpg.rf.8b718b6b622f0db8841c6674076b55fc.jpg,train
datasets\train_on_2025_all\images\GX010665_MP4-0196_jpg.rf.9adeffad62a0525e4ed7d6f8fca452da.jpg,train
datasets\train_on_2025_all\images\GX010665_MP4-0197_jpg.rf.67bf2927dd48b2663f800dd540460546.jpg,train
datasets\train_on_2025_all\images\GX010665_MP4-0197_jpg.rf.c960b99bafb694e685ef3b433603d2c2.jpg,train
datasets\train_on_2025_all\images\GX010665_MP4-0199_jpg.rf.f57dff5dc4bfee11ae0a6517c4bab2f5.jpg,train
datasets\train_on_2025_all\images\GX010665_MP4-0200_jpg.rf.1ec1782021a8fdb0d44954fcf9604ea1.jpg,train
datasets\train_on_2025_all\images\GX010665_MP4-0200_jpg.rf.2a90c08cc055c9dec247650a33b8d67e.jpg,train
datasets\train_on_2025_all\images\GX010665_MP4-0201_jpg.rf.4bb48434db94d3142539798668fc230d.jpg,train
datasets\train_on_2025_all\images\GX010665_MP4-0206_jpg.rf.b7a9c0588c3aca78fa42f961fb9e0753.jpg,train
datasets\train_on_2025_all\images\GX010665_MP4-0206_jpg.rf.bb206944953e70c05520e067e0fff09f.jpg,train
datasets\train_on_2025_all\images\GX010665_MP4-0207_jpg.rf.c0075c9f80086f1e13480e56e823c192.jpg,train
datasets\train_on_2025_all\images\GX010665_MP4-0208_jpg.rf.4924f6e0b1a85ebde063556b6b8938b7.jpg,train
datasets\train_on_2025_all\images\GX010665_MP4-0208_jpg.rf.ebbf4f258a7373052afc90b069856681.jpg,train
datasets\train_on_2025_all\images\GX010665_MP4-0219_jpg.rf.a891000f6f3c089e02b78e3c9243c022.jpg,train
datasets\train_on_2025_all\images\GX010665_MP4-0236_jpg.rf.4ea2dc97049ea00d67c2e48736249a64.jpg,train
datasets\train_on_2025_all\images\GX010665_MP4-0237_jpg.rf.15580b6220ee0cce9ed89f87355c4990.jpg,train
datasets\train_on_2025_all\images\GX010665_MP4-0237_jpg.rf.35ebc1cb78607ea5c84ac4f6cc6ba7c4.jpg,train
datasets\train_on_2025_all\images\GX010665_MP4-0237_jpg.rf.69bb495fb6acd49f14018854256d022b.jpg,train
datasets\train_on_2025_all\images\GX010665_MP4-0240_jpg.rf.16f9723f81df2760ba2a16ceb956d37b.jpg,train
datasets\train_on_2025_all\images\GX010665_MP4-0241_jpg.rf.202e2fcb811ae165fddb0eed24539c91.jpg,train
datasets\train_on_2025_all\images\GX010665_MP4-0241_jpg.rf.d5647a595d773ae10b69dcd9be50b5dc.jpg,train
datasets\train_on_2025_all\images\GX010665_MP4-0242_jpg.rf.9f3e02a7799c1773616748f80c8e37f2.jpg,train
datasets\train_on_2025_all\images\GX010665_MP4-0242_jpg.rf.b4adee5c9be57bda728e778236ac67bd.jpg,train
datasets\train_on_2025_all\images\GX010665_MP4-0243_jpg.rf.f2223eb8c91a55f1ddacf7d6933a7ed0.jpg,train
datasets\train_on_2025_all\images\GX010665_MP4-0246_jpg.rf.b8c6bfb1b4817671897e1a1f31e2c87f.jpg,train
datasets\train_on_2025_all\images\GX010665_MP4-0246_jpg.rf.eb9b336b7cc4fcf9b32cc3c0cbda200d.jpg,train
datasets\train_on_2025_all\images\GX010665_MP4-0248_jpg.rf.f6685b50eb0df6f52f8b257421df77b8.jpg,train
datasets\train_on_2025_all\images\GX010665_MP4-0249_jpg.rf.150cdca07582ddab2b456f7abc51288a.jpg,train
datasets\train_on_2025_all\images\GX010665_MP4-0249_jpg.rf.e18cdcf793eabdb4cf2f13967ae074df.jpg,train
datasets\train_on_2025_all\images\GX010665_MP4-0251_jpg.rf.5dcfdadab813f1094f9845a2c8e3e0f4.jpg,train
datasets\train_on_2025_all\images\GX010665_MP4-0251_jpg.rf.b77145cd89f0ac3af0e439bc1610f228.jpg,train
datasets\train_on_2025_all\images\GX010665_MP4-0252_jpg.rf.50f8975204bae33287dee86660c9633e.jpg,train
datasets\train_on_2025_all\images\GX010665_MP4-0252_jpg.rf.80607bc4f56e8f5e43e3f9be4981da71.jpg,train
datasets\train_on_2025_all\images\GX010665_MP4-0255_jpg.rf.540141cc0649a9b3008c599d31c10155.jpg,train
datasets\train_on_2025_all\images\GX010665_MP4-0255_jpg.rf.bcb6b956a37b320736bfefbd4f123eb3.jpg,train
datasets\train_on_2025_all\images\GX010665_MP4-0255_jpg.rf.c547f44cc69336f02d99eac05606b899.jpg,train
datasets\train_on_2025_all\images\GX010665_MP4-0256_jpg.rf.a8e93964139ff798895f65dae234696c.jpg,train
datasets\train_on_2025_all\images\GX010665_MP4-0257_jpg.rf.807ed4e24728f0d1b080153c9b6e52e4.jpg,train
datasets\train_on_2025_all\images\GX010665_MP4-0257_jpg.rf.eb06aa824ce215d2875cc4c36de4a219.jpg,train
datasets\train_on_2025_all\images\GX010665_MP4-0265_jpg.rf.b8acd3f7f45211d8cb0e8f43b71a0255.jpg,train
datasets\train_on_2025_all\images\GX010665_MP4-0265_jpg.rf.dac32cdc01355953045936c7cf6ca89c.jpg,train
datasets\train_on_2025_all\images\GX010665_MP4-0266_jpg.rf.723b871b18890719dd376095fd59f962.jpg,train
datasets\train_on_2025_all\images\GX010665_MP4-0267_jpg.rf.5272cd81940dde95f184a96e188516da.jpg,train
datasets\train_on_2025_all\images\GX010665_MP4-0267_jpg.rf.7167bfe5c8551f18b592897b9d2f8a50.jpg,train
datasets\train_on_2025_all\images\GX010665_MP4-0273_jpg.rf.4cf21211931fb61cb76b45282169ecf2.jpg,train
datasets\train_on_2025_all\images\GX010665_MP4-0273_jpg.rf.5eef8c20f21de228d03ccb06e654c9aa.jpg,train
datasets\train_on_2025_all\images\GX010665_MP4-0273_jpg.rf.ded6cce5d639e0ce764c33a90577586d.jpg,train
datasets\train_on_2025_all\images\GX010666_MP4-0005_jpg.rf.df2bf4e8c9d679466ad9874bc2c7643e.jpg,train
datasets\train_on_2025_all\images\GX010666_MP4-0005_jpg.rf.f632922abcd5f0ef2996ee23caa8f24a.jpg,train
datasets\train_on_2025_all\images\GX010666_MP4-0006_jpg.rf.7b6ead4d7774b0916f05b69b5e8c84c9.jpg,train
datasets\train_on_2025_all\images\GX010666_MP4-0008_jpg.rf.7678ea1d329436128f04c19ddc364a92.jpg,train
datasets\train_on_2025_all\images\GX010666_MP4-0010_jpg.rf.0cb6a80b2afec98deef20a7b61fa7fab.jpg,train
datasets\train_on_2025_all\images\GX010666_MP4-0010_jpg.rf.a1ff9d3a3a212163394ff1c7d31b10d6.jpg,train
datasets\train_on_2025_all\images\GX010666_MP4-0011_jpg.rf.63bec81c1d706a3f75fffbd5ce49afea.jpg,train
datasets\train_on_2025_all\images\GX010666_MP4-0011_jpg.rf.e1d113346cb96861515aa304cf11c08d.jpg,train
datasets\train_on_2025_all\images\GX010666_MP4-0015_jpg.rf.5cd33ac4f294388b07202720f4a29287.jpg,train
datasets\train_on_2025_all\images\GX010666_MP4-0015_jpg.rf.b662e0f1ef6877ae3eff94e93be2086c.jpg,train
datasets\train_on_2025_all\images\GX010666_MP4-0015_jpg.rf.d0d4e797f2e4ee7a7c8fe4362d0291ed.jpg,train
datasets\train_on_2025_all\images\GX010666_MP4-0017_jpg.rf.87de5837b9e20c97c615b39c19d43986.jpg,train
datasets\train_on_2025_all\images\GX010666_MP4-0018_jpg.rf.7dd10511b38e4399d6effaf552d63dc1.jpg,train
datasets\train_on_2025_all\images\GX010666_MP4-0019_jpg.rf.7abb24a4732a7b17a543cc92740fd208.jpg,train
datasets\train_on_2025_all\images\GX010666_MP4-0019_jpg.rf.c16b29e6557101ef7e3ccc4521289381.jpg,train
datasets\train_on_2025_all\images\GX010666_MP4-0021_jpg.rf.30c1cd81b0c1c1b7d3c98202b1169668.jpg,train
datasets\train_on_2025_all\images\GX010666_MP4-0021_jpg.rf.7d86bc9cc881df8baa9d38e347c23c3e.jpg,train
datasets\train_on_2025_all\images\GX010666_MP4-0021_jpg.rf.fb5bed7f27a463a4ee338c7cd1a8937d.jpg,train
datasets\train_on_2025_all\images\GX010666_MP4-0022_jpg.rf.2baeca9c63bafbf93bc292938057bdbe.jpg,train
datasets\train_on_2025_all\images\GX010666_MP4-0023_jpg.rf.c4503222feffe11366cec7c3faf0e871.jpg,train
datasets\train_on_2025_all\images\GX010666_MP4-0024_jpg.rf.51fb474a33f0d38e9df83cc997d1e071.jpg,train
datasets\train_on_2025_all\images\GX010666_MP4-0024_jpg.rf.52272b5299eb6e1b7ce44e804e281be7.jpg,train
datasets\train_on_2025_all\images\GX010666_MP4-0024_jpg.rf.e804dfc54d651732b133faf38987e5d7.jpg,train
datasets\train_on_2025_all\images\GX010666_MP4-0042_jpg.rf.47b0b83b054a4d885897ed996760c78c.jpg,train
datasets\train_on_2025_all\images\GX010666_MP4-0043_jpg.rf.acf61b3f8895606af5c26bbab0fde9e6.jpg,train
datasets\train_on_2025_all\images\GX010666_MP4-0044_jpg.rf.5c584fd873e5d7ef0c64e1c1171e2e64.jpg,train
datasets\train_on_2025_all\images\GX010666_MP4-0045_jpg.rf.93e3835ebda75f6e407a8dbbce6139a4.jpg,train
datasets\train_on_2025_all\images\GX010666_MP4-0045_jpg.rf.9dd6103a217a7bb8d9f04d3881890a9e.jpg,train
datasets\train_on_2025_all\images\GX010666_MP4-0046_jpg.rf.f56f813620d9c47e89973f06acb9ffb3.jpg,train
datasets\train_on_2025_all\images\GX010666_MP4-0055_jpg.rf.6887713607d21251e80fc7815f9b5c63.jpg,train
datasets\train_on_2025_all\images\GX010666_MP4-0055_jpg.rf.d88b3710a45a71237583c75fa19f598e.jpg,train
datasets\train_on_2025_all\images\GX010666_MP4-0057_jpg.rf.7982ec145fc5313466a6c186be97264e.jpg,train
datasets\train_on_2025_all\images\GX010666_MP4-0062_jpg.rf.390ecd914d57a1dc6adf9647627dd189.jpg,train
datasets\train_on_2025_all\images\GX010666_MP4-0062_jpg.rf.80601f24b4ab955914311dc6270bf95a.jpg,train
datasets\train_on_2025_all\images\GX010666_MP4-0083_jpg.rf.1138a40269e7bbc40c983917a1390fe8.jpg,train
datasets\train_on_2025_all\images\GX010666_MP4-0085_jpg.rf.aebb00ce57c072c0ae7aa8dcc3ae27e4.jpg,train
datasets\train_on_2025_all\images\GX010666_MP4-0086_jpg.rf.e2bdba34a2c926e20e4f898eb2e684cb.jpg,train
datasets\train_on_2025_all\images\GX010666_MP4-0087_jpg.rf.fde8318ddef6f1508df32ed68db23926.jpg,train
datasets\train_on_2025_all\images\GX010666_MP4-0088_jpg.rf.72e822e70d71675a03e723d3f56268a6.jpg,train
datasets\train_on_2025_all\images\GX010666_MP4-0088_jpg.rf.f0add35f57d96e601dd3355192fa9722.jpg,train
datasets\train_on_2025_all\images\GX010666_MP4-0089_jpg.rf.8d1b03aac552dd7ce192573f1d09842f.jpg,train
datasets\train_on_2025_all\images\GX010666_MP4-0089_jpg.rf.fcda23c0c7f4b06a144f7985940cf88d.jpg,train
datasets\train_on_2025_all\images\GX010666_MP4-0091_jpg.rf.84c907624e97546e739cbf56271da155.jpg,train
datasets\train_on_2025_all\images\GX010666_MP4-0097_jpg.rf.0c95b7ed59e77795519b8e31ff541a53.jpg,train
datasets\train_on_2025_all\images\GX010666_MP4-0100_jpg.rf.502fdff33c1c263cd859045822530126.jpg,train
datasets\train_on_2025_all\images\GX010666_MP4-0100_jpg.rf.93182386893c35ca15f2a6e57d022623.jpg,train
datasets\train_on_2025_all\images\GX010666_MP4-0101_jpg.rf.25c3654462a1f7064bd6fa2e85241e89.jpg,train
datasets\train_on_2025_all\images\GX010666_MP4-0101_jpg.rf.c7894974f6bd06f902fa178e3caf7e07.jpg,train
datasets\train_on_2025_all\images\GX010666_MP4-0106_jpg.rf.18ec1c13692396dcb4c069714c85e2e6.jpg,train
datasets\train_on_2025_all\images\GX010666_MP4-0108_jpg.rf.7f1320e4bf50858515057630b841e714.jpg,train
datasets\train_on_2025_all\images\GX010666_MP4-0121_jpg.rf.3ede5e9ac6aab1801c87ab28d5a01adc.jpg,train
datasets\train_on_2025_all\images\GX010666_MP4-0121_jpg.rf.6d28ac45bc58f9d6d122d7f7fb5bda67.jpg,train
datasets\train_on_2025_all\images\GX010666_MP4-0123_jpg.rf.a58e906d6d470bdf066710f10177bca9.jpg,train
datasets\train_on_2025_all\images\GX010666_MP4-0123_jpg.rf.b73e0c98e8163cfd642144c3ed3478d7.jpg,train
datasets\train_on_2025_all\images\GX010666_MP4-0123_jpg.rf.d30278d147b7b7341c5f1ce8ce32d1d4.jpg,train
datasets\train_on_2025_all\images\GX010666_MP4-0124_jpg.rf.ebeda627a778d20a68feb04146376726.jpg,train
datasets\train_on_2025_all\images\GX010666_MP4-0126_jpg.rf.30f96019850c0c2e4efc0317b535a06a.jpg,train
datasets\train_on_2025_all\images\GX010666_MP4-0126_jpg.rf.4a4dbc71ee3ea97aea03ddb64b5194a3.jpg,train
datasets\train_on_2025_all\images\GX010666_MP4-0131_jpg.rf.6291ba1b5d270531bbcc5d8de8f0ad57.jpg,train
datasets\train_on_2025_all\images\GX010666_MP4-0131_jpg.rf.8738a4b1d43250099d4594a372bb4d9a.jpg,train
datasets\train_on_2025_all\images\GX010666_MP4-0132_jpg.rf.45f812e8c22920a4abb876956c8b6afc.jpg,train
datasets\train_on_2025_all\images\GX010666_MP4-0132_jpg.rf.f3ba8324dbf8b76ea19272939096bfb6.jpg,train
datasets\train_on_2025_all\images\GX010666_MP4-0133_jpg.rf.6f4690f5840ebefa437c64a4d1791fec.jpg,train
datasets\train_on_2025_all\images\GX010666_MP4-0133_jpg.rf.7fc43c0792082e2e74b7fb7c5f00607c.jpg,train
datasets\train_on_2025_all\images\GX010666_MP4-0133_jpg.rf.8ca289ebb473b8253e6ffd00f2dbb911.jpg,train
datasets\train_on_2025_all\images\GX010666_MP4-0134_jpg.rf.4591e6c9000b48f3f91a07bc89f2dbc3.jpg,train
datasets\train_on_2025_all\images\GX010666_MP4-0134_jpg.rf.b425d32ef26b9291d6496f975eaca287.jpg,train
datasets\train_on_2025_all\images\GX010666_MP4-0135_jpg.rf.6976130dc140283ac6cd1f6de7330461.jpg,train
datasets\train_on_2025_all\images\GX010666_MP4-0137_jpg.rf.72420965bc8b9cfc7b186fd8ed4e26b6.jpg,train
datasets\train_on_2025_all\images\GX010666_MP4-0137_jpg.rf.87bf3be20cc98b447ddec776982c8d05.jpg,train
datasets\train_on_2025_all\images\GX010666_MP4-0138_jpg.rf.c8f31b83cb2c4207c1492f2f3671e9fd.jpg,train
datasets\train_on_2025_all\images\GX010666_MP4-0138_jpg.rf.f958eaafb2d607837ef3fa2ba4d32ed6.jpg,train
datasets\train_on_2025_all\images\GX010666_MP4-0139_jpg.rf.dcf90250b497ab299407200695d3e07d.jpg,train
datasets\train_on_2025_all\images\GX010666_MP4-0139_jpg.rf.edb45427a0218808213d14ee3aff459c.jpg,train
datasets\train_on_2025_all\images\GX010666_MP4-0140_jpg.rf.cc1eb0d54aa1af3928b44596161f822b.jpg,train
datasets\train_on_2025_all\images\GX010666_MP4-0142_jpg.rf.b602cad639b4aa145befff0fa559f393.jpg,train
datasets\train_on_2025_all\images\GX010666_MP4-0145_jpg.rf.3d50a8be99b14f90659aef6be2a5096b.jpg,train
datasets\train_on_2025_all\images\GX010666_MP4-0145_jpg.rf.6ebbf54dadd39a064c2c0963a073e58c.jpg,train
datasets\train_on_2025_all\images\GX010666_MP4-0147_jpg.rf.a4bf1f54698fd55138d2486a0098ae38.jpg,train
datasets\train_on_2025_all\images\GX010666_MP4-0147_jpg.rf.eb40812099a25e93b2e0098b89d6e934.jpg,train
datasets\train_on_2025_all\images\GX010666_MP4-0148_jpg.rf.badcafbe5ee4b71bac4cba467275afe2.jpg,train
datasets\train_on_2025_all\images\GX010666_MP4-0150_jpg.rf.3da5b139deb5c1339a83e861591b57d9.jpg,train
datasets\train_on_2025_all\images\GX010666_MP4-0155_jpg.rf.65952bbc95be280353de100e1254694c.jpg,train
datasets\train_on_2025_all\images\GX010666_MP4-0155_jpg.rf.b3c71857ace56f29fdf0d827a32ce292.jpg,train
datasets\train_on_2025_all\images\GX010666_MP4-0157_jpg.rf.d1a19ca91e20e33c86bc426ab58b9b6a.jpg,train
datasets\train_on_2025_all\images\GX010666_MP4-0158_jpg.rf.4c572973d94751f1317d4be6923cb4f9.jpg,train
datasets\train_on_2025_all\images\GX010666_MP4-0159_jpg.rf.3310bb4cc409642710ebfa35741a5d90.jpg,train
datasets\train_on_2025_all\images\GX010666_MP4-0159_jpg.rf.4aedae02c6408d2539c7bc223344752e.jpg,train
datasets\train_on_2025_all\images\GX010666_MP4-0160_jpg.rf.b14b92aec6afef7442c79fcd11b79d6b.jpg,train
datasets\train_on_2025_all\images\GX010666_MP4-0160_jpg.rf.c7913f9106fe323915efdf6a5e3d5886.jpg,train
datasets\train_on_2025_all\images\GX010666_MP4-0161_jpg.rf.aacd6c329fdea796a7631a9f86f20c50.jpg,train
datasets\train_on_2025_all\images\GX010666_MP4-0161_jpg.rf.cad0177e825c8a427fbbb5d6c4a88762.jpg,train
datasets\train_on_2025_all\images\GX010666_MP4-0162_jpg.rf.86dc7ca5f56570b58f6038bec9f4ad20.jpg,train
datasets\train_on_2025_all\images\GX010666_MP4-0163_jpg.rf.b1e929af3d9b8eba18923a12a9bb9404.jpg,train
datasets\train_on_2025_all\images\GX010666_MP4-0163_jpg.rf.b3d9b32e77c238ea7c913a0fb9ed2a58.jpg,train
datasets\train_on_2025_all\images\GX010666_MP4-0163_jpg.rf.bdebca9e2b090a0307e55958a6fcbd50.jpg,train
datasets\train_on_2025_all\images\GX010666_MP4-0164_jpg.rf.122adb8e3772d01df878f739c4cb7b55.jpg,train
datasets\train_on_2025_all\images\GX010666_MP4-0164_jpg.rf.a179827a07d2d7e474cb55e645948295.jpg,train
datasets\train_on_2025_all\images\GX010666_MP4-0165_jpg.rf.2283e575ea702b69d51b5d24bb64f5ba.jpg,train
datasets\train_on_2025_all\images\GX010666_MP4-0165_jpg.rf.df31d63f1b21c733b0affce30d1a207b.jpg,train
datasets\train_on_2025_all\images\GX010666_MP4-0166_jpg.rf.34d08fa3087e6860a36e42e480f2e10f.jpg,train
datasets\train_on_2025_all\images\GX010666_MP4-0167_jpg.rf.6a0e0bc9f86616b11bafe77a22cd807a.jpg,train
datasets\train_on_2025_all\images\GX010666_MP4-0168_jpg.rf.b2c523b3ad289a80fed83cdec646ccc3.jpg,train
datasets\train_on_2025_all\images\GX010666_MP4-0169_jpg.rf.29e84e9b2e5c4b68d64b182f1b4cacf2.jpg,train
datasets\train_on_2025_all\images\GX010666_MP4-0169_jpg.rf.5f8256fad6bc897b78fecf90de26d28c.jpg,train
datasets\train_on_2025_all\images\GX010666_MP4-0169_jpg.rf.9d6d0ef80e13c150669e0e47ae7f610f.jpg,train
datasets\train_on_2025_all\images\GX010666_MP4-0171_jpg.rf.5892df0c9b680b17d687a289dc7bf3fd.jpg,train
datasets\train_on_2025_all\images\GX010666_MP4-0172_jpg.rf.46ea6603d3f6280cc7dc482b2d241ddf.jpg,train
datasets\train_on_2025_all\images\GX010666_MP4-0173_jpg.rf.44849976f50e5e88c8366d77187afc24.jpg,train
datasets\train_on_2025_all\images\GX010666_MP4-0173_jpg.rf.cecbed30207820d1ca456fe9cb3b5d3f.jpg,train
datasets\train_on_2025_all\images\GX010666_MP4-0176_jpg.rf.a475550e9772e278cbecfd9f19873f7f.jpg,train
datasets\train_on_2025_all\images\GX010666_MP4-0179_jpg.rf.b4bc56fdd74196573fe395c5c211b790.jpg,train
datasets\train_on_2025_all\images\GX010666_MP4-0180_jpg.rf.6e77f23480680a2befbf6bdb62d670bc.jpg,train
datasets\train_on_2025_all\images\GX010666_MP4-0181_jpg.rf.827bdda7c9926d29e700ea6a777b0928.jpg,train
datasets\train_on_2025_all\images\GX010666_MP4-0181_jpg.rf.96f4bae8dd9d4331a6f616ee8ee7078f.jpg,train
datasets\train_on_2025_all\images\GX010666_MP4-0183_jpg.rf.3acf3fe42086ba1daa4e43a105fad83c.jpg,train
datasets\train_on_2025_all\images\GX010666_MP4-0183_jpg.rf.5ff5827c6d87b1cefc4613b3f63df988.jpg,train
datasets\train_on_2025_all\images\GX010666_MP4-0184_jpg.rf.4fa0ee02a81f8f70bbbeb4ca5582b0ea.jpg,train
datasets\train_on_2025_all\images\GX010666_MP4-0185_jpg.rf.5a2e8cac7f4d033184a3acc15a3a9196.jpg,train
datasets\train_on_2025_all\images\GX010666_MP4-0187_jpg.rf.5fd44cda6ace0f37958a27b738e8df80.jpg,train
datasets\train_on_2025_all\images\GX010666_MP4-0189_jpg.rf.0c267404cce0f03350b195f1c90f1bfe.jpg,train
datasets\train_on_2025_all\images\GX010666_MP4-0190_jpg.rf.b20456ae0138a081a09874033b8e5e8d.jpg,train
datasets\train_on_2025_all\images\GX010666_MP4-0190_jpg.rf.fd4c3c03642cc5917d49cde71254dfa7.jpg,train
datasets\train_on_2025_all\images\GX010666_MP4-0191_jpg.rf.324cc4ef7acc4e585c61ae7e69123ac3.jpg,train
datasets\train_on_2025_all\images\GX010666_MP4-0192_jpg.rf.72e880c4f038d84a489b78ffd2548522.jpg,train
datasets\train_on_2025_all\images\GX010666_MP4-0192_jpg.rf.82de175dd379ee194d3192d21afb5273.jpg,train
datasets\train_on_2025_all\images\GX010666_MP4-0192_jpg.rf.cce5dfebfaebc3c33be6646968a7e593.jpg,train
datasets\train_on_2025_all\images\GX010666_MP4-0193_jpg.rf.68ff82daca9be7008b6e505503704940.jpg,train
datasets\train_on_2025_all\images\GX010666_MP4-0194_jpg.rf.1062958b1c75723d9ec4817507cd9b3a.jpg,train
datasets\train_on_2025_all\images\GX010666_MP4-0194_jpg.rf.c5570f731b4198c9101d8ae5118781e4.jpg,train
datasets\train_on_2025_all\images\GX010666_MP4-0196_jpg.rf.531e2e0e72650d9bbcd215a29aa2b311.jpg,train
datasets\train_on_2025_all\images\GX010666_MP4-0197_jpg.rf.16d2af1c968bc7b892db557680f8e433.jpg,train
datasets\train_on_2025_all\images\GX010666_MP4-0198_jpg.rf.283151b5d3fce0ffe6c930b2f8e8267e.jpg,train
datasets\train_on_2025_all\images\GX010666_MP4-0199_jpg.rf.6be19237689989f2aa5e5055bd9edd4e.jpg,train
datasets\train_on_2025_all\images\GX010666_MP4-0200_jpg.rf.a9268edc738dbcb8d27b581a482d295d.jpg,train
datasets\train_on_2025_all\images\GX010666_MP4-0200_jpg.rf.af995ff50b479a883f01ed8bd1ba1d6f.jpg,train
datasets\train_on_2025_all\images\GX010666_MP4-0201_jpg.rf.d293cac97db7deb772909bbf501cc2ab.jpg,train
datasets\train_on_2025_all\images\GX010666_MP4-0202_jpg.rf.0f34f63cbc64f1c4102ef818fbb1a577.jpg,train
datasets\train_on_2025_all\images\GX010666_MP4-0203_jpg.rf.c8720c4d742e6f04e580e268f8fd6880.jpg,train
datasets\train_on_2025_all\images\GX010666_MP4-0204_jpg.rf.416f1c54aae4d9e56baa12a695c91656.jpg,train
datasets\train_on_2025_all\images\GX010666_MP4-0204_jpg.rf.cabb4f1801a0b451341c44ca5fd545ee.jpg,train
datasets\train_on_2025_all\images\GX010666_MP4-0205_jpg.rf.86012c77ebca7152e82b33d97dda3234.jpg,train
datasets\train_on_2025_all\images\GX010666_MP4-0206_jpg.rf.fc534f35c8ba7b6314df53377248d722.jpg,train
datasets\train_on_2025_all\images\GX010666_MP4-0208_jpg.rf.63c4ab67d152de95669dcf8813e98940.jpg,train
datasets\train_on_2025_all\images\GX010666_MP4-0208_jpg.rf.b1a2e910432d763441e0dfd2be0ad3ee.jpg,train
datasets\train_on_2025_all\images\GX010666_MP4-0209_jpg.rf.fec33784833508f57e306df9a2e9492a.jpg,train
datasets\train_on_2025_all\images\GX010666_MP4-0210_jpg.rf.9968af1e08ebaa7afc53158b3fad0d68.jpg,train
datasets\train_on_2025_all\images\GX010666_MP4-0211_jpg.rf.14406d7adaf035157c3cde1b71cf9644.jpg,train
datasets\train_on_2025_all\images\GX010666_MP4-0211_jpg.rf.46a82fd8c4358b3016a9898c22f547b8.jpg,train
datasets\train_on_2025_all\images\GX010666_MP4-0212_jpg.rf.19549f12fd0e2cd6281795abb0313beb.jpg,train
datasets\train_on_2025_all\images\GX010666_MP4-0214_jpg.rf.5087b94e46b13770795ebbb0d81decfb.jpg,train
datasets\train_on_2025_all\images\GX010666_MP4-0214_jpg.rf.ddd844e8752a00af32758e4abfe25dc6.jpg,train
datasets\train_on_2025_all\images\GX010666_MP4-0215_jpg.rf.09fa113ca5ec8cc003b83014d06dd112.jpg,train
datasets\train_on_2025_all\images\GX010666_MP4-0216_jpg.rf.156cf52bf7334e2de5742016d61ba008.jpg,train
datasets\train_on_2025_all\images\GX010666_MP4-0216_jpg.rf.56d60f0d2497fe2db31581b923f7af1c.jpg,train
datasets\train_on_2025_all\images\GX010666_MP4-0218_jpg.rf.12b3ec091e86e01273a7bfcd51955624.jpg,train
datasets\train_on_2025_all\images\GX010666_MP4-0219_jpg.rf.821b03e17a38da7ac301654981fbb814.jpg,train
datasets\train_on_2025_all\images\GX010666_MP4-0219_jpg.rf.8d1f00e84b096903c479ca934df28d3b.jpg,train
datasets\train_on_2025_all\images\GX010666_MP4-0220_jpg.rf.9cf9576024ac46ad993febc8c22dc5b7.jpg,train
datasets\train_on_2025_all\images\GX010666_MP4-0220_jpg.rf.f1a51d7821618007fbae8a311a109dcb.jpg,train
datasets\train_on_2025_all\images\GX010666_MP4-0221_jpg.rf.a7b8f500f71bf7222a1a51ebc0e1df30.jpg,train
datasets\train_on_2025_all\images\GX010666_MP4-0221_jpg.rf.f119c241bf3b35aee05e628c37170643.jpg,train
datasets\train_on_2025_all\images\GX010666_MP4-0223_jpg.rf.a9a0b71e6a3ee7ff6187dbb23927d430.jpg,train
datasets\train_on_2025_all\images\GX010666_MP4-0224_jpg.rf.57c77517b268717283722d00aa8530d2.jpg,train
datasets\train_on_2025_all\images\GX010666_MP4-0226_jpg.rf.b0be690106478d6d44e26adb7fe0792e.jpg,train
datasets\train_on_2025_all\images\GX010666_MP4-0229_jpg.rf.f8bfc0ff2089bdc8f3e3deb9dad8d9b2.jpg,train
datasets\train_on_2025_all\images\GX010666_MP4-0233_jpg.rf.4f9c33d60ba89013945822ca407399dd.jpg,train
datasets\train_on_2025_all\images\GX010666_MP4-0233_jpg.rf.ee7adcecef2ecef160d9111c3024a6ee.jpg,train
datasets\train_on_2025_all\images\GX010666_MP4-0234_jpg.rf.283ad4d4571921b505e240613c393d16.jpg,train
datasets\train_on_2025_all\images\GX010666_MP4-0235_jpg.rf.44dd9a4bf95f9fa1a053396391b2487d.jpg,train
datasets\train_on_2025_all\images\GX010666_MP4-0235_jpg.rf.a1d9632b71e16a802e2fc8077bad9ef7.jpg,train
datasets\train_on_2025_all\images\GX010666_MP4-0236_jpg.rf.74e9c56ef7b175bf94f54c02e8f82123.jpg,train
datasets\train_on_2025_all\images\GX010666_MP4-0236_jpg.rf.ff90a0557dcc9e2f5542fbc755fb8448.jpg,train
datasets\train_on_2025_all\images\GX010666_MP4-0237_jpg.rf.c6a8286f4911e29664929f50f2d9bc47.jpg,train
datasets\train_on_2025_all\images\GX010666_MP4-0238_jpg.rf.cf35732d2b7e5f03386490ee48cfacd1.jpg,train
datasets\train_on_2025_all\images\GX010666_MP4-0241_jpg.rf.eb0a426cff6a81dc5c5076e25e7ed770.jpg,train
datasets\train_on_2025_all\images\GX010666_MP4-0242_jpg.rf.c78a4c588922f20b487b5e1713827d17.jpg,train
datasets\train_on_2025_all\images\GX010666_MP4-0243_jpg.rf.373368c29a5a8c0855dbba72cb6e2a2c.jpg,train
datasets\train_on_2025_all\images\GX010666_MP4-0243_jpg.rf.f16abb25a1d389b7090c5d682eebc510.jpg,train
datasets\train_on_2025_all\images\GX010666_MP4-0244_jpg.rf.b4e60c0ecd2de04f3b7bfa859ee463c3.jpg,train
datasets\train_on_2025_all\images\GX010666_MP4-0247_jpg.rf.c10223a8c6bafd9af39a57bd57e3516b.jpg,train
datasets\train_on_2025_all\images\GX010666_MP4-0248_jpg.rf.38bb7257e89b2483aacaa1f326a50358.jpg,train
datasets\train_on_2025_all\images\GX010666_MP4-0249_jpg.rf.20c64e63a5ba1abeac1d0f605db40a6c.jpg,train
datasets\train_on_2025_all\images\GX010666_MP4-0249_jpg.rf.c4c26ed2d166b9deb9fc31d15581dc69.jpg,train
datasets\train_on_2025_all\images\GX010666_MP4-0249_jpg.rf.d147ed8b123fcc9b8e2035d06cbf78d1.jpg,train
datasets\train_on_2025_all\images\GX010666_MP4-0250_jpg.rf.330cb86eac42bf24caeef5331b546149.jpg,train
datasets\train_on_2025_all\images\GX010666_MP4-0250_jpg.rf.8e91c0710f7374c38cbf12a3a56f0fad.jpg,train
datasets\train_on_2025_all\images\GX010666_MP4-0251_jpg.rf.7fa46dfc7b1cb6e6d44621594eed4eba.jpg,train
datasets\train_on_2025_all\images\GX010666_MP4-0251_jpg.rf.95d61e551c54bfd400be370dbfc114fc.jpg,train
datasets\train_on_2025_all\images\GX010666_MP4-0252_jpg.rf.8843daba6b5f00b3e54b149e6677ceba.jpg,train
datasets\train_on_2025_all\images\GX010666_MP4-0252_jpg.rf.aa818fe2702cc0d7ea1b618a699c237d.jpg,train
datasets\train_on_2025_all\images\GX010666_MP4-0253_jpg.rf.5530ab205385b4495a23ced845cafa81.jpg,train
datasets\train_on_2025_all\images\GX010666_MP4-0253_jpg.rf.ecd4e0000fdc5152fc73ffc3e3e91cd3.jpg,train
datasets\train_on_2025_all\images\GX010666_MP4-0255_jpg.rf.065922a23ea8d45c3728b53f1b9306b9.jpg,train
datasets\train_on_2025_all\images\GX010666_MP4-0256_jpg.rf.608542657640e4f78830a83178db9ee9.jpg,train
datasets\train_on_2025_all\images\GX010666_MP4-0256_jpg.rf.a75c171a6e098e032eba47a2d3428d00.jpg,train
datasets\train_on_2025_all\images\GX010666_MP4-0256_jpg.rf.bd58a65411b599f9dbf37deb4de16f77.jpg,train
datasets\train_on_2025_all\images\GX010666_MP4-0257_jpg.rf.bd5cbe9c837f7f365346f89ff6c17a76.jpg,train
datasets\train_on_2025_all\images\GX010666_MP4-0257_jpg.rf.fd8ea6106f8bb72e4b375e27014b3db3.jpg,train
datasets\train_on_2025_all\images\GX010666_MP4-0258_jpg.rf.fa2bb31a9d500dd5517ffbf65277c2fe.jpg,train
datasets\train_on_2025_all\images\GX010666_MP4-0259_jpg.rf.b35daf3075eb23a5ee1bec3e101dde2b.jpg,train
datasets\train_on_2025_all\images\GX010666_MP4-0261_jpg.rf.0817003c7fa79c04478d635e817b97a6.jpg,train
datasets\train_on_2025_all\images\GX010666_MP4-0261_jpg.rf.edea7f342799144967065f941a5a9ec4.jpg,train
datasets\train_on_2025_all\images\GX010666_MP4-0261_jpg.rf.f1532f641dd09fcc2e380fe667046e36.jpg,train
datasets\train_on_2025_all\images\GX010666_MP4-0262_jpg.rf.1a748f3725ff6d37f2c3e62ef85441d3.jpg,train
datasets\train_on_2025_all\images\GX010666_MP4-0262_jpg.rf.2db3f92a4add9047b6b271e0c71bda78.jpg,train
datasets\train_on_2025_all\images\GX010666_MP4-0262_jpg.rf.9d0a09a8700244744c1202f0699fa64d.jpg,train
datasets\train_on_2025_all\images\GX010666_MP4-0264_jpg.rf.0c5afebcde9c625d909af8070bb5686b.jpg,train
datasets\train_on_2025_all\images\GX010666_MP4-0264_jpg.rf.251d2291977ca2ba0b42ad7119c12634.jpg,train
datasets\train_on_2025_all\images\GX010666_MP4-0268_jpg.rf.042b2f1cbea42f0c196e78666b1b6933.jpg,train
datasets\train_on_2025_all\images\GX010666_MP4-0268_jpg.rf.d5da69f60fcd6e9edb4d064b776a4ed8.jpg,train
datasets\train_on_2025_all\images\GX010666_MP4-0271_jpg.rf.5c4149e5f182ba87d4712c371fa7354f.jpg,train
datasets\train_on_2025_all\images\GX010666_MP4-0281_jpg.rf.f74f3beaf729a406e0a3582b92002588.jpg,train
datasets\train_on_2025_all\images\GX010666_MP4-0282_jpg.rf.6f6b4eabdf6c36c15d9f50db6559e724.jpg,train
datasets\train_on_2025_all\images\GX010666_MP4-0283_jpg.rf.c850cb0909ff3d2c54e1697b8c2a8cc4.jpg,train
datasets\train_on_2025_all\images\GX010666_MP4-0285_jpg.rf.96627b3dc8d103f4f9acf0e8a40ee826.jpg,train
datasets\train_on_2025_all\images\GX010666_MP4-0286_jpg.rf.188746edd256d352cbcda4c4068236dc.jpg,train
datasets\train_on_2025_all\images\GX010666_MP4-0287_jpg.rf.254808ae9b297e8007157f0f17e20879.jpg,train
datasets\train_on_2025_all\images\GX010666_MP4-0295_jpg.rf.95d2ef06dd5257a254cf04b4c510be8d.jpg,train
datasets\train_on_2025_all\images\GX010666_MP4-0295_jpg.rf.af4a82c0209914dbf14df75477f3ffaf.jpg,train
datasets\train_on_2025_all\images\GX010666_MP4-0295_jpg.rf.bb76638c053e1c89b7d3fbc0bb32849a.jpg,train
datasets\train_on_2025_all\images\GX010666_MP4-0296_jpg.rf.55c2d0c421c81f4de09a2a9c6b26041c.jpg,train
datasets\train_on_2025_all\images\GX010666_MP4-0298_jpg.rf.4fcdd278799a00e4c5c81857fecacd41.jpg,train
datasets\train_on_2025_all\images\GX010666_MP4-0301_jpg.rf.c5a72c0c597cb53e742d725765181165.jpg,train
datasets\train_on_2025_all\images\GX010666_MP4-0302_jpg.rf.f65229f730bc3003c066f8ec9bb16c68.jpg,train
datasets\train_on_2025_all\images\GX010666_MP4-0302_jpg.rf.fe91c308598096d2c5068267830d41ab.jpg,train
datasets\train_on_2025_all\images\GX010666_MP4-0304_jpg.rf.34a8fd8ee8ef8c92a0964962c5815099.jpg,train
datasets\train_on_2025_all\images\GX010666_MP4-0306_jpg.rf.510bdd4e207497a225938f10e6227a3c.jpg,train
datasets\train_on_2025_all\images\GX010666_MP4-0306_jpg.rf.86fa0ac0caf195213ce0fae4faa896ea.jpg,train
datasets\train_on_2025_all\images\GX010666_MP4-0306_jpg.rf.f1a79089226ca8d9116e769c1ad3e272.jpg,train
datasets\train_on_2025_all\images\GX010666_MP4-0309_jpg.rf.3777c15f4194cc29572b1f9e5bd833dc.jpg,train
datasets\train_on_2025_all\images\GX010666_MP4-0309_jpg.rf.c5f16fa700fc69067807134cc74d7564.jpg,train
datasets\train_on_2025_all\images\GX010666_MP4-0310_jpg.rf.cbc11e24136832c3e5b62741d3057572.jpg,train
datasets\train_on_2025_all\images\GX010666_MP4-0311_jpg.rf.50115e02613ad286adc25371b9618b30.jpg,train
datasets\train_on_2025_all\images\GX010666_MP4-0313_jpg.rf.77d7c963fb32634a7720c106eaca7c26.jpg,train
datasets\train_on_2025_all\images\GX010666_MP4-0313_jpg.rf.81e7e6c8c29f5f25e422f310253c7eb8.jpg,train
datasets\train_on_2025_all\images\GX010666_MP4-0317_jpg.rf.6524315a2715afc69b2e4f52f3a4292f.jpg,train
datasets\train_on_2025_all\images\GX010666_MP4-0317_jpg.rf.ab19ee896d3bde280e396c5469129f4c.jpg,train
datasets\train_on_2025_all\images\GX010666_MP4-0318_jpg.rf.47803a7d9adf183bd1a83d34abbc7475.jpg,train
datasets\train_on_2025_all\images\GX010666_MP4-0318_jpg.rf.9afde6c6ff8161c779b7aa014c630577.jpg,train
datasets\train_on_2025_all\images\GX010666_MP4-0318_jpg.rf.cc3401eab550f515237c4a149337f7c6.jpg,train
datasets\train_on_2025_all\images\GX010666_MP4-0319_jpg.rf.773bb6d7a414d57ff3b208993b222424.jpg,train
datasets\train_on_2025_all\images\GX010666_MP4-0320_jpg.rf.7315d2642d52d03c50e7889e97a2d393.jpg,train
datasets\train_on_2025_all\images\GX010666_MP4-0320_jpg.rf.8acb5665af136f13a0f8e38bfa2237fc.jpg,train
datasets\train_on_2025_all\images\GX010666_MP4-0331_jpg.rf.12b1225fae81698b2d345fb9b90ca86c.jpg,train
datasets\train_on_2025_all\images\GX010666_MP4-0331_jpg.rf.8ce37774b8a202299785469d139f11fe.jpg,train
datasets\train_on_2025_all\images\GX010666_MP4-0333_jpg.rf.c1181e80f44cd7421284f172d4366d34.jpg,train
datasets\train_on_2025_all\images\GX010666_MP4-0333_jpg.rf.cc1512c05603c4d758a02d803bd9958f.jpg,train
datasets\train_on_2025_all\images\GX010666_MP4-0335_jpg.rf.3a2df5f570fbd04ab6744b17bf6f2716.jpg,train
datasets\train_on_2025_all\images\GX010666_MP4-0335_jpg.rf.a6573a88eab21394f2518d824f8aeefa.jpg,train
datasets\train_on_2025_all\images\GX010666_MP4-0336_jpg.rf.16dd18bb6b71e6bf8b7ecff86f1709dd.jpg,train
datasets\train_on_2025_all\images\GX010666_MP4-0336_jpg.rf.799289ccfdbffe776b02d4bb53d50ebd.jpg,train
datasets\train_on_2025_all\images\GX010666_MP4-0338_jpg.rf.3799b261db8a0e481ab985c6b41772e3.jpg,train
datasets\train_on_2025_all\images\GX010666_MP4-0338_jpg.rf.b7774e5ef1fcb252ce5fe54a0253cd88.jpg,train
datasets\train_on_2025_all\images\GX010666_MP4-0340_jpg.rf.f99ca3971d0e767c945f365f5aec6173.jpg,train
datasets\train_on_2025_all\images\GX010666_MP4-0341_jpg.rf.1e6125f94faff70eabd1db25f6780121.jpg,train
datasets\train_on_2025_all\images\GX010666_MP4-0342_jpg.rf.ea13702411ac8ef065586fc5b33262c9.jpg,train
datasets\train_on_2025_all\images\GX010666_MP4-0344_jpg.rf.4ec79e127aefd1e77200aea2b2f757f0.jpg,train
datasets\train_on_2025_all\images\GX010666_MP4-0344_jpg.rf.bfc00b08b1bc368bf4dc7dc682e9196b.jpg,train
datasets\train_on_2025_all\images\GX010667_MP4-0009_jpg.rf.a109c582e200606986f6d9d7ed8353c1.jpg,train
datasets\train_on_2025_all\images\GX010667_MP4-0009_jpg.rf.be62cedd2851a4ee09e90a9c206fcbb6.jpg,train
datasets\train_on_2025_all\images\GX010667_MP4-0010_jpg.rf.2339ac84bb05cc17bc12d58c74d07574.jpg,train
datasets\train_on_2025_all\images\GX010667_MP4-0010_jpg.rf.e0bff1a934fa0d817a1a773a4381100e.jpg,train
datasets\train_on_2025_all\images\GX010667_MP4-0013_jpg.rf.3c9962441091101677864a846c272740.jpg,train
datasets\train_on_2025_all\images\GX010667_MP4-0013_jpg.rf.6b94ecf75786a83d291c79d1ce419fb0.jpg,train
datasets\train_on_2025_all\images\GX010667_MP4-0014_jpg.rf.129ad06866cb9f50ac07122c202f1c22.jpg,train
datasets\train_on_2025_all\images\GX010667_MP4-0014_jpg.rf.ad2b6fe3a168ad7aaaa8b1147101176f.jpg,train
datasets\train_on_2025_all\images\GX010667_MP4-0015_jpg.rf.d71883f372b1f3bd1cb0b798e9198321.jpg,train
datasets\train_on_2025_all\images\GX010667_MP4-0018_jpg.rf.9ac0559f6e07f9a599fbb572e16cf1aa.jpg,train
datasets\train_on_2025_all\images\GX010667_MP4-0019_jpg.rf.1274dbd03aff9f492ff0f8962920b567.jpg,train
datasets\train_on_2025_all\images\GX010667_MP4-0020_jpg.rf.11910a990f70f4083fc6e87bba0857d8.jpg,train
datasets\train_on_2025_all\images\GX010667_MP4-0020_jpg.rf.4b0363ce25ffc700725019bf383e4024.jpg,train
datasets\train_on_2025_all\images\GX010667_MP4-0021_jpg.rf.31b1d574baee80ac4326147873925a8c.jpg,train
datasets\train_on_2025_all\images\GX010667_MP4-0021_jpg.rf.c25aeccd0fd354b5a14cef61f4cc6788.jpg,train
datasets\train_on_2025_all\images\GX010667_MP4-0024_jpg.rf.7e55024bfd99399061f0d382c274e6d3.jpg,train
datasets\train_on_2025_all\images\GX010667_MP4-0027_jpg.rf.1d926a44d344816703e93255afc1f746.jpg,train
datasets\train_on_2025_all\images\GX010667_MP4-0027_jpg.rf.a629e2c201978d3395415ff2cb12e711.jpg,train
datasets\train_on_2025_all\images\GX010667_MP4-0028_jpg.rf.075573af8e33444021e6a85b1a534cbe.jpg,train
datasets\train_on_2025_all\images\GX010667_MP4-0028_jpg.rf.1133f36e2c1504a72505b90029a1a80f.jpg,train
datasets\train_on_2025_all\images\GX010667_MP4-0028_jpg.rf.9426dd00f9116d7a0683fea76ddadc73.jpg,train
datasets\train_on_2025_all\images\GX010667_MP4-0029_jpg.rf.27332be298417955f497aca231e2bfe8.jpg,train
datasets\train_on_2025_all\images\GX010667_MP4-0030_jpg.rf.152b35276b58dd7da2e99548febcc64d.jpg,train
datasets\train_on_2025_all\images\GX010667_MP4-0033_jpg.rf.4ff3b9f2e18e6e98dc5fcffbcda70eee.jpg,train
datasets\train_on_2025_all\images\GX010667_MP4-0033_jpg.rf.e837083c99c74841ff84af382f7f47bb.jpg,train
datasets\train_on_2025_all\images\GX010667_MP4-0034_jpg.rf.d8f3ef76b755a0fd03d74bf21a56d18f.jpg,train
datasets\train_on_2025_all\images\GX010667_MP4-0035_jpg.rf.b6c5b72b97e2ac9b6531d6d421fe6e70.jpg,train
datasets\train_on_2025_all\images\GX010667_MP4-0035_jpg.rf.e931147b4dbf4c16e5d0171acc14e5a0.jpg,train
datasets\train_on_2025_all\images\GX010667_MP4-0040_jpg.rf.a96c0492d44d3d29bab4213056d28a7d.jpg,train
datasets\train_on_2025_all\images\GX010667_MP4-0040_jpg.rf.b9876e9f120bb4d33e543dff3befe208.jpg,train
datasets\train_on_2025_all\images\GX010667_MP4-0040_jpg.rf.d820e8ced5250cf63e279b01e6d7eb46.jpg,train
datasets\train_on_2025_all\images\GX010667_MP4-0041_jpg.rf.3c1f7e5b4f131c2db3487f9ca330d699.jpg,train
datasets\train_on_2025_all\images\GX010667_MP4-0041_jpg.rf.ac2c58d68872ce3e5bfc1f32a29f0533.jpg,train
datasets\train_on_2025_all\images\GX010667_MP4-0042_jpg.rf.62f8ff50bb0246d74aec7429788eee79.jpg,train
datasets\train_on_2025_all\images\GX010667_MP4-0042_jpg.rf.67d0b052b5f5941ccaaf31ec863ed0c5.jpg,train
datasets\train_on_2025_all\images\GX010667_MP4-0043_jpg.rf.2b629a651c77459c4793ec386bdee9e8.jpg,train
datasets\train_on_2025_all\images\GX010667_MP4-0043_jpg.rf.4c51e3f8d19f65f0b9d0e0391716e52e.jpg,train
datasets\train_on_2025_all\images\GX010667_MP4-0043_jpg.rf.a9851615b8188821fad580948a8b72ce.jpg,train
datasets\train_on_2025_all\images\GX010667_MP4-0044_jpg.rf.05780a88b3d0708ff9429804fa7ac7c5.jpg,train
datasets\train_on_2025_all\images\GX010667_MP4-0044_jpg.rf.e8b24d5738acbc69d3a07ce60690b818.jpg,train
datasets\train_on_2025_all\images\GX010668_MP4-0008_jpg.rf.bfe335ef5e8e8ab498cacce29a552436.jpg,train
datasets\train_on_2025_all\images\GX010668_MP4-0010_jpg.rf.cd0d6360663ee505ad23b6789e941256.jpg,train
datasets\train_on_2025_all\images\GX010668_MP4-0011_jpg.rf.5232a7649214c73841239d6d5dbb4c63.jpg,train
datasets\train_on_2025_all\images\GX010668_MP4-0019_jpg.rf.0700c79cf4896ce6b4639051d82f027b.jpg,train
datasets\train_on_2025_all\images\GX010668_MP4-0019_jpg.rf.6ac15043b5f259806c873c5e8ac695d4.jpg,train
datasets\train_on_2025_all\images\GX010668_MP4-0020_jpg.rf.79c8d2c2a582eeadaedef7dce09798bc.jpg,train
datasets\train_on_2025_all\images\GX010668_MP4-0021_jpg.rf.65bc495b504ae78fe0ba5e07eaeb98e1.jpg,train
datasets\train_on_2025_all\images\GX010668_MP4-0021_jpg.rf.b44db91c55365af02b9dd76c1ff7e3d1.jpg,train
datasets\train_on_2025_all\images\GX010668_MP4-0022_jpg.rf.dced07a205ff70daf296671aea5d5742.jpg,train
datasets\train_on_2025_all\images\GX010668_MP4-0027_jpg.rf.96ab80e7cdfd27db21cc70924d7ebe22.jpg,train
datasets\train_on_2025_all\images\GX010668_MP4-0028_jpg.rf.20ecb8ddd11bc97ee4e01d5a6789bfa8.jpg,train
datasets\train_on_2025_all\images\GX010668_MP4-0028_jpg.rf.c6fefb06583fb140fcf1f9c43206c21a.jpg,train
datasets\train_on_2025_all\images\GX010668_MP4-0029_jpg.rf.3396c045a0d00460f4711530d9f4b00e.jpg,train
datasets\train_on_2025_all\images\GX010668_MP4-0031_jpg.rf.8cb6d88e16db7eb68ae56c309976a2fd.jpg,train
datasets\train_on_2025_all\images\GX010668_MP4-0031_jpg.rf.fefd527de37bfce52ee3d0a27dfa4934.jpg,train
datasets\train_on_2025_all\images\GX010668_MP4-0032_jpg.rf.49df7a85e93b6486a75f9b82383c7df5.jpg,train
datasets\train_on_2025_all\images\GX010668_MP4-0034_jpg.rf.75ee23a2da0110c1dc52b5ad6e5ed0e9.jpg,train
datasets\train_on_2025_all\images\GX010668_MP4-0035_jpg.rf.3f0c2e1b5ff20fae277c1d112cda3252.jpg,train
datasets\train_on_2025_all\images\GX010668_MP4-0035_jpg.rf.fc7b066af1640282d5617a2eb5ba582a.jpg,train
datasets\train_on_2025_all\images\GX010668_MP4-0036_jpg.rf.112d4ad82a4f29f5f41471b4d291522c.jpg,train
datasets\train_on_2025_all\images\GX010668_MP4-0036_jpg.rf.9a501206f9c6669a56fc50da46f7dd20.jpg,train
datasets\train_on_2025_all\images\GX010668_MP4-0039_jpg.rf.060990918c2661e7cb1f6f10728cf61d.jpg,train
datasets\train_on_2025_all\images\GX010668_MP4-0039_jpg.rf.9854f682c056e2bdeb7beacbc3098895.jpg,train
datasets\train_on_2025_all\images\GX010668_MP4-0041_jpg.rf.0eabd2885454da759586a753eef31a8c.jpg,train
datasets\train_on_2025_all\images\GX010668_MP4-0041_jpg.rf.18ae3e7a3cca0b161d5c6de6ba2905d4.jpg,train
datasets\train_on_2025_all\images\GX010668_MP4-0042_jpg.rf.7a8ec4846b09c60b68735ac6f88a9f73.jpg,train
datasets\train_on_2025_all\images\GX010668_MP4-0043_jpg.rf.305437c2c5f0f0c4d4fe71226ad334b7.jpg,train
datasets\train_on_2025_all\images\GX010668_MP4-0043_jpg.rf.7d2fa3c8f1164c0b4f505eb6b0c582a5.jpg,train
datasets\train_on_2025_all\images\GX010668_MP4-0043_jpg.rf.d178254d866b15b57244625b8f24a5ab.jpg,train
datasets\train_on_2025_all\images\GX010668_MP4-0044_jpg.rf.c785095c25da94657ed954d7f2efea35.jpg,train
datasets\train_on_2025_all\images\GX010668_MP4-0046_jpg.rf.1939afb18cb10e4b03639fc9e5231618.jpg,train
datasets\train_on_2025_all\images\GX010668_MP4-0047_jpg.rf.7db8667733213d10e3306d6c7be75e26.jpg,train
datasets\train_on_2025_all\images\GX010668_MP4-0048_jpg.rf.809bba437ca3556388135b67ddb0aec1.jpg,train
datasets\train_on_2025_all\images\GX010668_MP4-0049_jpg.rf.6742a254b9d834abab20bebf3f627006.jpg,train
datasets\train_on_2025_all\images\GX010668_MP4-0050_jpg.rf.201c8ef29961f165c6c1ebc6149df469.jpg,train
datasets\train_on_2025_all\images\GX010668_MP4-0050_jpg.rf.9e52cc13b797640ad19763b755d82c5b.jpg,train
datasets\train_on_2025_all\images\GX010668_MP4-0050_jpg.rf.d0ed6442072ffb2f0ea642fd4efb62b0.jpg,train
datasets\train_on_2025_all\images\GX010668_MP4-0055_jpg.rf.61cf2b75fd7fc0e3ac04d173ee79fab5.jpg,train
