image_path,split
datasets\train_on_2025_all\val\images\frame_00004_jpg.rf.88a65a3b251ebff973f73b2782f22d3b.jpg,val
datasets\train_on_2025_all\val\images\frame_00005_jpg.rf.3ef123aca7cf5c9a2ed5ef4c0a45a982.jpg,val
datasets\train_on_2025_all\val\images\frame_00005_jpg.rf.dd83f8bc596c4dcaa4c54c5201503cff.jpg,val
datasets\train_on_2025_all\val\images\frame_00006_jpg.rf.d244c72491d07ff3caa751f7461f6e6f.jpg,val
datasets\train_on_2025_all\val\images\frame_00007_jpg.rf.98b43a30c9d05e540703295926d96fa2.jpg,val
datasets\train_on_2025_all\val\images\frame_00008_jpg.rf.4c3ab5c00a674adb53d6140f4297a92c.jpg,val
datasets\train_on_2025_all\val\images\frame_00008_jpg.rf.5f90c9a5afd1dff132a19b285e79aaaf.jpg,val
datasets\train_on_2025_all\val\images\frame_00008_jpg.rf.9b74e7cb73a2179046892b2275e6616d.jpg,val
datasets\train_on_2025_all\val\images\frame_00008_jpg.rf.d5290a64e883eb2f8f33144cba83459f.jpg,val
datasets\train_on_2025_all\val\images\frame_00010_jpg.rf.4ab3342941455220c0f130449d211282.jpg,val
datasets\train_on_2025_all\val\images\frame_00010_jpg.rf.6e98efa4336499cec7220a1ea4f51422.jpg,val
datasets\train_on_2025_all\val\images\frame_00010_jpg.rf.9c2aa8c33a641e16d49602091aac8559.jpg,val
datasets\train_on_2025_all\val\images\frame_00010_jpg.rf.c37f6413c7cadc4b5d93c128e6853979.jpg,val
datasets\train_on_2025_all\val\images\frame_00011_jpg.rf.586fe9ab3171294332bc8ce0e6b1cb1a.jpg,val
datasets\train_on_2025_all\val\images\frame_00012_jpg.rf.ea0abbde59a540bed5165ef4437b8825.jpg,val
datasets\train_on_2025_all\val\images\frame_00013_jpg.rf.de154efb15418cdd924e3d5402fe9577.jpg,val
datasets\train_on_2025_all\val\images\frame_00013_jpg.rf.e45c961a193811f5837d1601e4b6f9f5.jpg,val
datasets\train_on_2025_all\val\images\frame_00014_jpg.rf.1a317d65cf64a09942edac87f4f0346d.jpg,val
datasets\train_on_2025_all\val\images\frame_00014_jpg.rf.bb3a45e97fffcb65e85d3fbf6148d297.jpg,val
datasets\train_on_2025_all\val\images\frame_00014_jpg.rf.f77453efcbff22b45e50530c93eaca37.jpg,val
datasets\train_on_2025_all\val\images\frame_00015_jpg.rf.f7f862cefee5d9c98dc8dd7098337250.jpg,val
datasets\train_on_2025_all\val\images\frame_00016_jpg.rf.4cf3b0e6d65189f3f5725a30c45877fd.jpg,val
datasets\train_on_2025_all\val\images\frame_00017_jpg.rf.4caa4bdc028ec295e4a6581f33b71ded.jpg,val
datasets\train_on_2025_all\val\images\frame_00017_jpg.rf.88f80d60ea9d3d22e4df78e942facb11.jpg,val
datasets\train_on_2025_all\val\images\frame_00017_jpg.rf.ae00ccaec1b6b8170570cd8bfbc676ba.jpg,val
datasets\train_on_2025_all\val\images\frame_00019_jpg.rf.10e6b4bb62d98429999bdb4ae0ae77dd.jpg,val
datasets\train_on_2025_all\val\images\frame_00019_jpg.rf.697fb0f2f68c51f5bae3d7953d08b57a.jpg,val
datasets\train_on_2025_all\val\images\frame_00021_jpg.rf.f1be329a07d7ab6c14a91b16d41cfb84.jpg,val
datasets\train_on_2025_all\val\images\frame_00022_jpg.rf.7c6cfbb8e80256baaeee61abd7ab8c63.jpg,val
datasets\train_on_2025_all\val\images\frame_00023_jpg.rf.23dd43f6a0025cce3c7a8d1712fdbf5a.jpg,val
datasets\train_on_2025_all\val\images\frame_00023_jpg.rf.653672710b04ab9e9b1d453db06954f8.jpg,val
datasets\train_on_2025_all\val\images\frame_00023_jpg.rf.9cebdfbf6a49a459667578decb3eaa0b.jpg,val
datasets\train_on_2025_all\val\images\frame_00025_jpg.rf.047c08acd90f273eabff6c6289aaf987.jpg,val
datasets\train_on_2025_all\val\images\frame_00026_jpg.rf.36f214998fb1cb22ae3b9ec593c67d3d.jpg,val
datasets\train_on_2025_all\val\images\frame_00027_jpg.rf.0162405403d860e9019d09965da6562e.jpg,val
datasets\train_on_2025_all\val\images\frame_00027_jpg.rf.53f5eff50788119f7e7317099ed5a06d.jpg,val
datasets\train_on_2025_all\val\images\frame_00027_jpg.rf.877aa00f6d1ccf96407372d955a6c6fa.jpg,val
datasets\train_on_2025_all\val\images\frame_00027_jpg.rf.8e10812cae04d26b9a3b30e6565f1b87.jpg,val
datasets\train_on_2025_all\val\images\frame_00027_jpg.rf.c11b39d1349ea630db20f9376bcf3808.jpg,val
datasets\train_on_2025_all\val\images\frame_00028_jpg.rf.295d6758e9d4c5c240e8717c3a443b0f.jpg,val
datasets\train_on_2025_all\val\images\frame_00029_jpg.rf.27b19e154dea1bcc629f23ec476e0a1b.jpg,val
datasets\train_on_2025_all\val\images\frame_00029_jpg.rf.3941c516f47e92f570c8b0348c8bb46b.jpg,val
datasets\train_on_2025_all\val\images\frame_00029_jpg.rf.6660ad5363fd0e4f4294879fa8232408.jpg,val
datasets\train_on_2025_all\val\images\frame_00029_jpg.rf.eaf91f4dda5554acacdd5920fe03cd2a.jpg,val
datasets\train_on_2025_all\val\images\frame_00030_jpg.rf.3b4ff49d4f601b7babc9f08844f90c86.jpg,val
datasets\train_on_2025_all\val\images\frame_00030_jpg.rf.8c42e651a39837097e313864fbe724f0.jpg,val
datasets\train_on_2025_all\val\images\frame_00031_jpg.rf.d10f5e4dc5f70cf6fb89c7538d1c9634.jpg,val
datasets\train_on_2025_all\val\images\frame_00031_jpg.rf.f80fe06b28208659a048697e88dfd06d.jpg,val
datasets\train_on_2025_all\val\images\frame_00032_jpg.rf.fdf9c971ed9de5d1258672c2b975cdea.jpg,val
datasets\train_on_2025_all\val\images\frame_00033_jpg.rf.2c6188cc5738ae3b630475fc7d2e6a86.jpg,val
datasets\train_on_2025_all\val\images\frame_00034_jpg.rf.238e83c9c499f90ec13e5cc9489eaa3c.jpg,val
datasets\train_on_2025_all\val\images\frame_00034_jpg.rf.4cb27645834c611106d5d4130a01767b.jpg,val
datasets\train_on_2025_all\val\images\frame_00034_jpg.rf.d3d9d9dd64a73c993444c9a2f91018af.jpg,val
datasets\train_on_2025_all\val\images\frame_00035_jpg.rf.9dc37fccda377dbb0af4263476b4c604.jpg,val
datasets\train_on_2025_all\val\images\frame_00036_jpg.rf.98c89c2a8b355e8386a0413cd88ec542.jpg,val
datasets\train_on_2025_all\val\images\frame_00037_jpg.rf.cc3294623eb214102127d67f381a0b9e.jpg,val
datasets\train_on_2025_all\val\images\frame_00039_jpg.rf.584a06cb036640b776903447fe1426ad.jpg,val
datasets\train_on_2025_all\val\images\frame_00040_jpg.rf.ae7ba2eb3702ebcbcf954db422113ad8.jpg,val
datasets\train_on_2025_all\val\images\frame_00041_jpg.rf.c50393c73c5d79de220ee44337c72edd.jpg,val
datasets\train_on_2025_all\val\images\frame_00042_jpg.rf.3f1ee8cc02886515309ec0ee5c7d23ba.jpg,val
datasets\train_on_2025_all\val\images\frame_00042_jpg.rf.b65450596f6258f24ad5b9f321a1565d.jpg,val
datasets\train_on_2025_all\val\images\frame_00042_jpg.rf.c4fb7eecbc8dd41362e479f4359768dc.jpg,val
datasets\train_on_2025_all\val\images\frame_00043_jpg.rf.6c7afbdf53c901ae874ec90a49a43baa.jpg,val
datasets\train_on_2025_all\val\images\frame_00043_jpg.rf.d9b5b2b1f5eac35ae015852337221329.jpg,val
datasets\train_on_2025_all\val\images\frame_00044_jpg.rf.5ae100e9a3fb643ef673a9ce8e4a84b7.jpg,val
datasets\train_on_2025_all\val\images\frame_00044_jpg.rf.964abac006075081c6be7e3b85842dc4.jpg,val
datasets\train_on_2025_all\val\images\frame_00045_jpg.rf.633fc43f449e325a7ecef2bc472084f6.jpg,val
datasets\train_on_2025_all\val\images\frame_00047_jpg.rf.433845c65c7fb3331ee9129330ba949d.jpg,val
datasets\train_on_2025_all\val\images\frame_00048_jpg.rf.bd960935debd71e3e6260cfe9a541821.jpg,val
datasets\train_on_2025_all\val\images\frame_00049_jpg.rf.e69c1947316ab7c5617b9f5ee197a630.jpg,val
datasets\train_on_2025_all\val\images\frame_00050_jpg.rf.acd80ed854a745c4c87bd7c9e2ed054b.jpg,val
datasets\train_on_2025_all\val\images\frame_00051_jpg.rf.94a6baeb03f3712098163f3a6e275923.jpg,val
datasets\train_on_2025_all\val\images\frame_00055_jpg.rf.17c9c4717ff187cb435daa8e2e4f867d.jpg,val
datasets\train_on_2025_all\val\images\frame_00055_jpg.rf.d3da204f4f9a704905083b8d80b877d0.jpg,val
datasets\train_on_2025_all\val\images\frame_00059_jpg.rf.2b707261cba4ed4365531cc74d24df93.jpg,val
datasets\train_on_2025_all\val\images\frame_00063_jpg.rf.334fc733d88ebde5f78b845fb0b7eabb.jpg,val
datasets\train_on_2025_all\val\images\frame_00064_jpg.rf.8315065276fbac7368f349c4f9613bfb.jpg,val
datasets\train_on_2025_all\val\images\frame_00064_jpg.rf.955bd0922d02968533e78898de6c1842.jpg,val
datasets\train_on_2025_all\val\images\frame_00064_jpg.rf.d25b3c6ce7f00a111d6af36ebd1795a7.jpg,val
datasets\train_on_2025_all\val\images\frame_00065_jpg.rf.076a62b2fe945213bb9d6511e867e28c.jpg,val
datasets\train_on_2025_all\val\images\frame_00066_jpg.rf.096b9a36d1f8c669a7ca1f21e482993a.jpg,val
datasets\train_on_2025_all\val\images\frame_00066_jpg.rf.a3cde73d510c0b6d68b9d58f0db1d025.jpg,val
datasets\train_on_2025_all\val\images\frame_00067_jpg.rf.4fd6cc9a83f2385901c7d5cacf053aa7.jpg,val
datasets\train_on_2025_all\val\images\frame_00067_jpg.rf.f57aa34dbefdfb24c8e6283320e37e8d.jpg,val
datasets\train_on_2025_all\val\images\frame_00068_jpg.rf.53869447b4c745ee7432a6edf5b090ba.jpg,val
datasets\train_on_2025_all\val\images\frame_00069_jpg.rf.106a34bc13902751dc3cf219e9618052.jpg,val
datasets\train_on_2025_all\val\images\frame_00069_jpg.rf.c31d2a2b480c1020d8d98b1cfbb31f4a.jpg,val
datasets\train_on_2025_all\val\images\frame_00072_jpg.rf.6dc3d1d7f0e02edf7082ca2c995c40bc.jpg,val
datasets\train_on_2025_all\val\images\frame_00072_jpg.rf.80751859032d3ae0c51b2be3b08c2d60.jpg,val
datasets\train_on_2025_all\val\images\frame_00073_jpg.rf.0d9b74a6359cd8ebb3928132c762a3ae.jpg,val
datasets\train_on_2025_all\val\images\frame_00074_jpg.rf.1011902a7f39134d66bdbf21fb027471.jpg,val
datasets\train_on_2025_all\val\images\frame_00074_jpg.rf.728a64e28eb71b57c1ef8f1f7872c061.jpg,val
datasets\train_on_2025_all\val\images\frame_00075_jpg.rf.2f4967fc89be50ac6de5ab98bba85c08.jpg,val
datasets\train_on_2025_all\val\images\frame_00075_jpg.rf.3c2e32a75dea5c0e61cc617dc90f123c.jpg,val
datasets\train_on_2025_all\val\images\frame_00075_jpg.rf.ab9ef0e7149a7db3d36a840215742429.jpg,val
datasets\train_on_2025_all\val\images\frame_00075_jpg.rf.e5142e81af4aae5293356e91a8365d7a.jpg,val
datasets\train_on_2025_all\val\images\frame_00076_jpg.rf.771d5b00ae6e2fd470a93a26fea51fec.jpg,val
datasets\train_on_2025_all\val\images\frame_00078_jpg.rf.2533274afcc6ebb0be9ab8b55f738016.jpg,val
datasets\train_on_2025_all\val\images\frame_00078_jpg.rf.2a5d42ad2885cd3409f92077b46bb640.jpg,val
datasets\train_on_2025_all\val\images\frame_00078_jpg.rf.31bfb8e18692c0c5daf5ec14c8e0c2e0.jpg,val
datasets\train_on_2025_all\val\images\frame_00079_jpg.rf.3bc488e5f2f464df45ab5324cffcb910.jpg,val
datasets\train_on_2025_all\val\images\frame_00079_jpg.rf.74df03ce577bc13cbf59df680c588789.jpg,val
datasets\train_on_2025_all\val\images\frame_00080_jpg.rf.3f47a50ca5ab22074d46d4d5e7430630.jpg,val
datasets\train_on_2025_all\val\images\frame_00080_jpg.rf.70b2f556ecfbbb94ec89faaf34c0466b.jpg,val
datasets\train_on_2025_all\val\images\frame_00080_jpg.rf.9f44c67e6a40ca4afd17a560c0a9ebd0.jpg,val
datasets\train_on_2025_all\val\images\frame_00081_jpg.rf.52ce65655a130601ce53aada1278983d.jpg,val
datasets\train_on_2025_all\val\images\frame_00081_jpg.rf.62014fa2a9bb0e63eadc48945b8d0111.jpg,val
datasets\train_on_2025_all\val\images\frame_00082_jpg.rf.8c44fed453d9fde0b8ac6fb47c90fab2.jpg,val
datasets\train_on_2025_all\val\images\frame_00082_jpg.rf.cd65738bbb2d2df68e1570cfa6f4b2fe.jpg,val
datasets\train_on_2025_all\val\images\frame_00086_jpg.rf.e89e3e0704208a6e653851173e72c0d4.jpg,val
datasets\train_on_2025_all\val\images\frame_00087_jpg.rf.30487ec4f5c6f44e3f01a5de7665cd05.jpg,val
datasets\train_on_2025_all\val\images\frame_00087_jpg.rf.7ae06c589f24c04a399eb268b296dcbb.jpg,val
datasets\train_on_2025_all\val\images\frame_00088_jpg.rf.10bd431064e51baf4ca530d7be09cea3.jpg,val
datasets\train_on_2025_all\val\images\frame_00088_jpg.rf.235f7a1dfbc4a3617de678aa431e4661.jpg,val
datasets\train_on_2025_all\val\images\frame_00088_jpg.rf.7c0e32ae7a36439992800b99dbec2149.jpg,val
datasets\train_on_2025_all\val\images\frame_00089_jpg.rf.2ed54b8ca5af0f71cd086ffff6027fa3.jpg,val
datasets\train_on_2025_all\val\images\frame_00091_jpg.rf.18ff8f7f145cf7ae080729f1cd0cb860.jpg,val
datasets\train_on_2025_all\val\images\frame_00091_jpg.rf.53071addb72cbd0c4f705f69654ffaf2.jpg,val
datasets\train_on_2025_all\val\images\frame_00093_jpg.rf.737f743feaa01553acfc68547f868567.jpg,val
datasets\train_on_2025_all\val\images\frame_00093_jpg.rf.75bc22dd4ea742c939d76bc83f9da916.jpg,val
datasets\train_on_2025_all\val\images\frame_00094_jpg.rf.5ef55d1da6c1b1d50fdabfa4631d4a71.jpg,val
datasets\train_on_2025_all\val\images\frame_00095_jpg.rf.6e6bb9618d6b2930ee5177c353f2da9d.jpg,val
datasets\train_on_2025_all\val\images\frame_00096_jpg.rf.2681eb68228fe2bef0c583b0cbb242e5.jpg,val
datasets\train_on_2025_all\val\images\frame_00097_jpg.rf.1e567c8676fbf904571916ede7caf2aa.jpg,val
datasets\train_on_2025_all\val\images\frame_00098_jpg.rf.13659912a3fad261bec4e2fec536937d.jpg,val
datasets\train_on_2025_all\val\images\frame_00098_jpg.rf.e31efa123de2666eb5a3d12117a50bd8.jpg,val
datasets\train_on_2025_all\val\images\frame_00099_jpg.rf.09377e0177be384033bb7f6e63656693.jpg,val
datasets\train_on_2025_all\val\images\frame_00100_jpg.rf.f229830159f18399ac8bfb5fdc30373f.jpg,val
datasets\train_on_2025_all\val\images\frame_00101_jpg.rf.52ee1280f5a3473b235ae5247b40ce2b.jpg,val
datasets\train_on_2025_all\val\images\frame_00103_jpg.rf.ba425325a6711ea912fa8e9d38f41bfd.jpg,val
datasets\train_on_2025_all\val\images\frame_00104_jpg.rf.02145fc01d7ab1f9ed61037fbe0efe26.jpg,val
datasets\train_on_2025_all\val\images\frame_00104_jpg.rf.a257a702e20d746a57e253184c43e9c5.jpg,val
datasets\train_on_2025_all\val\images\frame_00106_jpg.rf.06b3e0ce1241c6a68d34795ce103fd97.jpg,val
datasets\train_on_2025_all\val\images\frame_00106_jpg.rf.7087fe5ce2d441301c48f19812919caf.jpg,val
datasets\train_on_2025_all\val\images\frame_00106_jpg.rf.aebd6c0306e492303281181f8a036be8.jpg,val
datasets\train_on_2025_all\val\images\frame_00107_jpg.rf.6c13d14b1e88f8c287ff27d1bd6fcfc4.jpg,val
datasets\train_on_2025_all\val\images\frame_00108_jpg.rf.2797dccb22f0cec7fc8ede551c2364e4.jpg,val
datasets\train_on_2025_all\val\images\frame_00108_jpg.rf.547d677e4d03df343ea35285be507920.jpg,val
datasets\train_on_2025_all\val\images\frame_00108_jpg.rf.b2c7d0406b3c9fd3d23d5d921c71b825.jpg,val
datasets\train_on_2025_all\val\images\frame_00108_jpg.rf.ea294a94f1845e450333950dd385c414.jpg,val
datasets\train_on_2025_all\val\images\frame_00109_jpg.rf.8e9a9d0d60350a9ed2f9c591df835ec6.jpg,val
datasets\train_on_2025_all\val\images\frame_00110_jpg.rf.8515c76436be98c9989be490e1b76a80.jpg,val
datasets\train_on_2025_all\val\images\frame_00112_jpg.rf.c15a7c31771b10308570f6a149db3b4a.jpg,val
datasets\train_on_2025_all\val\images\frame_00115_jpg.rf.9040928b303879825f28282e64ac9442.jpg,val
datasets\train_on_2025_all\val\images\frame_00115_jpg.rf.b695a2c5c9fe0f34530f88d4c7608c41.jpg,val
datasets\train_on_2025_all\val\images\frame_00116_jpg.rf.2f6613cb62be7ec09ea284f980e05f35.jpg,val
datasets\train_on_2025_all\val\images\frame_00118_jpg.rf.4a54600ab4b174e81240dbadfdde41fb.jpg,val
datasets\train_on_2025_all\val\images\frame_00118_jpg.rf.cf533be1646a5ce023cbf0beddd73890.jpg,val
datasets\train_on_2025_all\val\images\frame_00121_jpg.rf.51862acc4c728dfd7d58a45a4b2a6815.jpg,val
datasets\train_on_2025_all\val\images\frame_00121_jpg.rf.8a9e244fc34382b707f3c5c5eecf2876.jpg,val
datasets\train_on_2025_all\val\images\frame_00122_jpg.rf.2d586d8ae0251d9d37560156e339edac.jpg,val
datasets\train_on_2025_all\val\images\frame_00123_jpg.rf.23ca1f968c29286700ac1730477b1844.jpg,val
datasets\train_on_2025_all\val\images\frame_00123_jpg.rf.cbdceb48ccd7243b202cbe30e6f618dd.jpg,val
datasets\train_on_2025_all\val\images\frame_00123_jpg.rf.cbfd4fa2f7adbbe9449809c4c799494e.jpg,val
datasets\train_on_2025_all\val\images\frame_00128_jpg.rf.6d859548e6535524fea3d6eae218760d.jpg,val
datasets\train_on_2025_all\val\images\frame_00129_jpg.rf.1c6f7302635a9467f2ded694426eb6a5.jpg,val
datasets\train_on_2025_all\val\images\frame_00131_jpg.rf.d6dc81af629b4b79b91986b47f22f179.jpg,val
datasets\train_on_2025_all\val\images\frame_00132_jpg.rf.1fc62a5f381fb96cc0e0bbaf3783fdad.jpg,val
datasets\train_on_2025_all\val\images\frame_00132_jpg.rf.d1397d38caa75a77d8db080b7d01d67b.jpg,val
datasets\train_on_2025_all\val\images\frame_00133_jpg.rf.9f27648e38d8c0eaf06364b450069d8a.jpg,val
datasets\train_on_2025_all\val\images\frame_00134_jpg.rf.243ac01151e3061ea4ba5f8804f7db28.jpg,val
datasets\train_on_2025_all\val\images\frame_00136_jpg.rf.908f5ad9e3b697d883055ee46fc7ed79.jpg,val
datasets\train_on_2025_all\val\images\frame_00138_jpg.rf.264629fcdb2c71d636e717f4e765cdfc.jpg,val
datasets\train_on_2025_all\val\images\frame_00138_jpg.rf.6b3cc9f4f6e87d758b7909dad954b389.jpg,val
datasets\train_on_2025_all\val\images\frame_00140_jpg.rf.705c1259c649e1d4fe97303493492bdc.jpg,val
datasets\train_on_2025_all\val\images\frame_00143_jpg.rf.261c6ddf61083b22726507b7b8944588.jpg,val
datasets\train_on_2025_all\val\images\frame_00144_jpg.rf.489c2886c1cfce6ad531645ba6f372d1.jpg,val
datasets\train_on_2025_all\val\images\frame_00151_jpg.rf.4fa3ab55fa088d05bb0b7ff1c5e01832.jpg,val
datasets\train_on_2025_all\val\images\frame_00153_jpg.rf.06ab50cc7b88ee13cb64a262e3e52a36.jpg,val
datasets\train_on_2025_all\val\images\frame_00153_jpg.rf.a494915e949275b1ee75c93233e8c5b3.jpg,val
datasets\train_on_2025_all\val\images\frame_00153_jpg.rf.da6ea8b251faaaaa15fd3f99ecde93d7.jpg,val
datasets\train_on_2025_all\val\images\frame_00154_jpg.rf.c82195ddeeec24138d56ec6bc36574fe.jpg,val
datasets\train_on_2025_all\val\images\frame_00155_jpg.rf.8d511c2b44137e44d60a75c60d8e4884.jpg,val
datasets\train_on_2025_all\val\images\frame_00156_jpg.rf.3570d2e7336024fd16e0c7cfe2324bbe.jpg,val
datasets\train_on_2025_all\val\images\frame_00156_jpg.rf.f5337bfc114b8c691fceb9d1f239ae43.jpg,val
datasets\train_on_2025_all\val\images\frame_00158_jpg.rf.49c4738f1d0b1b9bacdf5e0da5edafce.jpg,val
datasets\train_on_2025_all\val\images\frame_00161_jpg.rf.1801ecd677090554daba7c8c08cad5e1.jpg,val
datasets\train_on_2025_all\val\images\frame_00161_jpg.rf.bf95f0229bf0b1b52c72288fbfa0b83b.jpg,val
datasets\train_on_2025_all\val\images\frame_00162_jpg.rf.77e5f6b3e9088602a07c5e46df47b95d.jpg,val
datasets\train_on_2025_all\val\images\frame_00167_jpg.rf.c4ece3fde9e2c8b63f44e1bf6b9b446d.jpg,val
datasets\train_on_2025_all\val\images\frame_00173_jpg.rf.806cad28049aab045de406a04e423df8.jpg,val
datasets\train_on_2025_all\val\images\frame_00186_jpg.rf.8590294fe807e98c263ae189d2f1695b.jpg,val
datasets\train_on_2025_all\val\images\frame_00199_jpg.rf.008f9f96e8b05275ca7d3646acf4e3bb.jpg,val
datasets\train_on_2025_all\val\images\frame_00200_jpg.rf.c4713d7845cc1a9f226beeb2078ac1b2.jpg,val
datasets\train_on_2025_all\val\images\frame_00207_jpg.rf.c2be41aaf3cc69c9d442a336a0bcefd1.jpg,val
datasets\train_on_2025_all\val\images\frame_00208_jpg.rf.d546323772e2be92e59431b4e2072c4f.jpg,val
datasets\train_on_2025_all\val\images\frame_00210_jpg.rf.606795c4ce3783439a0b2ad231cdf465.jpg,val
datasets\train_on_2025_all\val\images\frame_00214_jpg.rf.d417c7d9320af24acc5a959b8bc7cc36.jpg,val
datasets\train_on_2025_all\val\images\frame_00222_jpg.rf.0d20c02a8faa6f7ae03bae6b3f583fb1.jpg,val
datasets\train_on_2025_all\val\images\GX010664_MP4-0027_jpg.rf.5f8718f44188ce4277a73e163cda91c3.jpg,val
datasets\train_on_2025_all\val\images\GX010664_MP4-0031_jpg.rf.c5698f3f3213b4f29f801aa910e85447.jpg,val
datasets\train_on_2025_all\val\images\GX010664_MP4-0035_jpg.rf.8b7690fde7b76921c471e4a81bfcfcd6.jpg,val
datasets\train_on_2025_all\val\images\GX010664_MP4-0038_jpg.rf.ad6f49c423f99a13a20fe34f7699ec2c.jpg,val
datasets\train_on_2025_all\val\images\GX010664_MP4-0059_jpg.rf.efc52da7042ebe72267de1f18b930db8.jpg,val
datasets\train_on_2025_all\val\images\GX010664_MP4-0067_jpg.rf.14f2ed46b0655e7fbbb2b989bafc8e8a.jpg,val
datasets\train_on_2025_all\val\images\GX010664_MP4-0067_jpg.rf.4ed44c5ef2ddb2cfd2635afcebf806d6.jpg,val
datasets\train_on_2025_all\val\images\GX010664_MP4-0071_jpg.rf.c325b76df4746809d9a2ea96b5172bbd.jpg,val
datasets\train_on_2025_all\val\images\GX010664_MP4-0074_jpg.rf.e3354f2a02abcbc5710c30504b71a234.jpg,val
datasets\train_on_2025_all\val\images\GX010664_MP4-0078_jpg.rf.e7451f1d8d4eb701f83a250ce81d4788.jpg,val
datasets\train_on_2025_all\val\images\GX010664_MP4-0096_jpg.rf.05009caaf0239f32d5ac0c588f4d0eb8.jpg,val
datasets\train_on_2025_all\val\images\GX010664_MP4-0096_jpg.rf.10fa759372185333fb15e69c666a4194.jpg,val
datasets\train_on_2025_all\val\images\GX010664_MP4-0101_jpg.rf.b392e33b090c412a1bd3d16fc896ff07.jpg,val
datasets\train_on_2025_all\val\images\GX010665_MP4-0022_jpg.rf.723e604757d98356d2ebeed4cb48b674.jpg,val
datasets\train_on_2025_all\val\images\GX010665_MP4-0058_jpg.rf.15a6bf79fba796428afa4b6a5beeb9a0.jpg,val
datasets\train_on_2025_all\val\images\GX010665_MP4-0088_jpg.rf.d0e1067ed340a5059ccf59a73d7366c1.jpg,val
datasets\train_on_2025_all\val\images\GX010665_MP4-0091_jpg.rf.93a5f8704847156a04d344d5aaeceab9.jpg,val
datasets\train_on_2025_all\val\images\GX010665_MP4-0099_jpg.rf.222dbad1672907a88e814844be3ee105.jpg,val
datasets\train_on_2025_all\val\images\GX010665_MP4-0100_jpg.rf.7fe92a46dbd236f4104e37b487ed5e0a.jpg,val
datasets\train_on_2025_all\val\images\GX010665_MP4-0101_jpg.rf.131b63cfb62ad852ecc981bd69cafc6a.jpg,val
datasets\train_on_2025_all\val\images\GX010665_MP4-0103_jpg.rf.ece21a21e53db3834595c3a44fe38c79.jpg,val
datasets\train_on_2025_all\val\images\GX010665_MP4-0108_jpg.rf.5fe6fc3f438e32420992750d736dd8de.jpg,val
datasets\train_on_2025_all\val\images\GX010665_MP4-0111_jpg.rf.dfda8ba95fe487f09a469e4f291a1acb.jpg,val
datasets\train_on_2025_all\val\images\GX010665_MP4-0112_jpg.rf.522599c368b90b249eb4c5cc0e82e090.jpg,val
datasets\train_on_2025_all\val\images\GX010665_MP4-0119_jpg.rf.5f1aa092febd98b62c66ae83ed4bc8fe.jpg,val
datasets\train_on_2025_all\val\images\GX010665_MP4-0119_jpg.rf.e3eaac99fb068f4060bcebb448f12c67.jpg,val
datasets\train_on_2025_all\val\images\GX010665_MP4-0130_jpg.rf.728bc198506fc41018b6b7e40531ce85.jpg,val
datasets\train_on_2025_all\val\images\GX010665_MP4-0133_jpg.rf.8d1e694efb88ca474ac6c21a0ecba158.jpg,val
datasets\train_on_2025_all\val\images\GX010665_MP4-0136_jpg.rf.b8d7b046d6a6367157c4935830a3f9c5.jpg,val
datasets\train_on_2025_all\val\images\GX010665_MP4-0136_jpg.rf.e7d4a096af4183113442395ffea99ebe.jpg,val
datasets\train_on_2025_all\val\images\GX010665_MP4-0137_jpg.rf.5716d652fe243567c028515163822762.jpg,val
datasets\train_on_2025_all\val\images\GX010665_MP4-0139_jpg.rf.5956ec76ac92a8b178e918016374889a.jpg,val
datasets\train_on_2025_all\val\images\GX010665_MP4-0171_jpg.rf.dd6a1ffdea81d23cc70c7551d7336ae1.jpg,val
datasets\train_on_2025_all\val\images\GX010665_MP4-0194_jpg.rf.e39d415be7a76c2dac0d698d7990255f.jpg,val
datasets\train_on_2025_all\val\images\GX010665_MP4-0198_jpg.rf.da126e10c116b5f22a8eca28f42f8830.jpg,val
datasets\train_on_2025_all\val\images\GX010665_MP4-0201_jpg.rf.f08237b7a1cd9471ca7e44e85896f4b2.jpg,val
datasets\train_on_2025_all\val\images\GX010665_MP4-0217_jpg.rf.e2002a9318e1d506b8faadfbca58652a.jpg,val
datasets\train_on_2025_all\val\images\GX010665_MP4-0239_jpg.rf.8bd249e5768ffb3d9b34def399b31079.jpg,val
datasets\train_on_2025_all\val\images\GX010665_MP4-0240_jpg.rf.f8a3d3fb848bdffe0c2a9bb5577d6411.jpg,val
datasets\train_on_2025_all\val\images\GX010665_MP4-0241_jpg.rf.244c945f5cf7ac04c9521da67e143662.jpg,val
datasets\train_on_2025_all\val\images\GX010665_MP4-0243_jpg.rf.accef6733fc2f035c3362fd5f8609c66.jpg,val
datasets\train_on_2025_all\val\images\GX010665_MP4-0247_jpg.rf.b291053752c98daed2244321180faaae.jpg,val
datasets\train_on_2025_all\val\images\GX010665_MP4-0248_jpg.rf.f00d5597c4ef6987722df80c3e51fed4.jpg,val
datasets\train_on_2025_all\val\images\GX010665_MP4-0249_jpg.rf.aeeb6d8243640a9be13783f2d74b8e9d.jpg,val
datasets\train_on_2025_all\val\images\GX010665_MP4-0256_jpg.rf.347aefc78a4b4e49222993bd4c07411e.jpg,val
datasets\train_on_2025_all\val\images\GX010665_MP4-0266_jpg.rf.9f70e2c0d67e65e9c567d5ee87415e96.jpg,val
datasets\train_on_2025_all\val\images\GX010666_MP4-0004_jpg.rf.6a7092d91b8a90d1bbfc71818c7799a0.jpg,val
datasets\train_on_2025_all\val\images\GX010666_MP4-0008_jpg.rf.b75b894457baec5ffb5fbd2783382378.jpg,val
datasets\train_on_2025_all\val\images\GX010666_MP4-0009_jpg.rf.194361c01a17595bbd4f5ddb7c81dc92.jpg,val
datasets\train_on_2025_all\val\images\GX010666_MP4-0009_jpg.rf.5191676e5cafb864c78b1ff9e737d853.jpg,val
datasets\train_on_2025_all\val\images\GX010666_MP4-0020_jpg.rf.62dc814db651a4d7d87d1cdd84aec6ed.jpg,val
datasets\train_on_2025_all\val\images\GX010666_MP4-0025_jpg.rf.5a7c8acd6cb5e567610ec6a25c769499.jpg,val
datasets\train_on_2025_all\val\images\GX010666_MP4-0042_jpg.rf.b93efda5dffa96206b9bfcd9e8b7fe24.jpg,val
datasets\train_on_2025_all\val\images\GX010666_MP4-0046_jpg.rf.9fac1ab194c2816c72893bc39ba863ce.jpg,val
datasets\train_on_2025_all\val\images\GX010666_MP4-0083_jpg.rf.3bf566f01ce02754886bf6eeaf818aee.jpg,val
datasets\train_on_2025_all\val\images\GX010666_MP4-0085_jpg.rf.25562ec629e89ace52d74122b608293c.jpg,val
datasets\train_on_2025_all\val\images\GX010666_MP4-0127_jpg.rf.4809416e338ac8a6bef404af0229bd8c.jpg,val
datasets\train_on_2025_all\val\images\GX010666_MP4-0131_jpg.rf.00cea175c515d026f1dede115be5fc5c.jpg,val
datasets\train_on_2025_all\val\images\GX010666_MP4-0141_jpg.rf.b6ec00f4cec5d09a231beda5a9b57eef.jpg,val
datasets\train_on_2025_all\val\images\GX010666_MP4-0144_jpg.rf.14473fd7bedaedfea0656f432912253f.jpg,val
datasets\train_on_2025_all\val\images\GX010666_MP4-0146_jpg.rf.bdee8fb84f77d6ab1f0a6acf01269911.jpg,val
datasets\train_on_2025_all\val\images\GX010666_MP4-0149_jpg.rf.96e877a9f790ebfb49ab547130b9fed5.jpg,val
datasets\train_on_2025_all\val\images\GX010666_MP4-0155_jpg.rf.256b1969f38846a9684e88939ceeace4.jpg,val
datasets\train_on_2025_all\val\images\GX010666_MP4-0156_jpg.rf.0e17e20b198a52cb4f51db6b3bc6a53c.jpg,val
datasets\train_on_2025_all\val\images\GX010666_MP4-0157_jpg.rf.e7bb421fdf0c7af80746a147557794cc.jpg,val
datasets\train_on_2025_all\val\images\GX010666_MP4-0158_jpg.rf.6edef0b1b957b68aea0d7a0a92c35db8.jpg,val
datasets\train_on_2025_all\val\images\GX010666_MP4-0171_jpg.rf.2dba5238f75cba194c34d51c6791ea50.jpg,val
datasets\train_on_2025_all\val\images\GX010666_MP4-0174_jpg.rf.54657d26734efed91e55f3d5552cf9c0.jpg,val
datasets\train_on_2025_all\val\images\GX010666_MP4-0180_jpg.rf.78ca30341432302cd3f815cacdec6610.jpg,val
datasets\train_on_2025_all\val\images\GX010666_MP4-0195_jpg.rf.740b72722b57e80ba923c6c39744cf1b.jpg,val
datasets\train_on_2025_all\val\images\GX010666_MP4-0195_jpg.rf.e993ad663996acfeed8f953407811269.jpg,val
datasets\train_on_2025_all\val\images\GX010666_MP4-0195_jpg.rf.fe46d37526849cabda913d166ecb7ca8.jpg,val
datasets\train_on_2025_all\val\images\GX010666_MP4-0198_jpg.rf.80852bfeb84ac4e5c828dd93a3d5146e.jpg,val
datasets\train_on_2025_all\val\images\GX010666_MP4-0199_jpg.rf.c02be95e05e0155b2c53e14a7dca6a7f.jpg,val
datasets\train_on_2025_all\val\images\GX010666_MP4-0205_jpg.rf.40464f1b80e8ac7fe29ddc7b58f10f97.jpg,val
datasets\train_on_2025_all\val\images\GX010666_MP4-0207_jpg.rf.8921e5f80325e1b00a763721a3d8b11e.jpg,val
datasets\train_on_2025_all\val\images\GX010666_MP4-0207_jpg.rf.afdd0f8699458552c61f81b8922b3b4d.jpg,val
datasets\train_on_2025_all\val\images\GX010666_MP4-0210_jpg.rf.5547047dcde61a0e2a0ac5e51c4153ec.jpg,val
datasets\train_on_2025_all\val\images\GX010666_MP4-0213_jpg.rf.cfbe10d69e6c8ea5709ca2de5a31729a.jpg,val
datasets\train_on_2025_all\val\images\GX010666_MP4-0223_jpg.rf.7c23b8601ba714e9296c6c895de15295.jpg,val
datasets\train_on_2025_all\val\images\GX010666_MP4-0225_jpg.rf.25cc779e7778969ebd2b9f36dbf9b061.jpg,val
datasets\train_on_2025_all\val\images\GX010666_MP4-0226_jpg.rf.a25b817a88b60d64dd234311037c60e7.jpg,val
datasets\train_on_2025_all\val\images\GX010666_MP4-0232_jpg.rf.07b55b741bf904b558908a5192e572c7.jpg,val
datasets\train_on_2025_all\val\images\GX010666_MP4-0233_jpg.rf.7c041f4d39881dfba32b8cf8f20a5025.jpg,val
datasets\train_on_2025_all\val\images\GX010666_MP4-0234_jpg.rf.512cd6f4c812e27f7e44b0e21dfc2e13.jpg,val
datasets\train_on_2025_all\val\images\GX010666_MP4-0239_jpg.rf.94a918d542bf392fe5b479effd8d77fc.jpg,val
datasets\train_on_2025_all\val\images\GX010666_MP4-0239_jpg.rf.c83596d04a5f0f87bcf1a1aa1037fdbb.jpg,val
datasets\train_on_2025_all\val\images\GX010666_MP4-0240_jpg.rf.db1934df6c42edc55c9f7562e7d77d86.jpg,val
datasets\train_on_2025_all\val\images\GX010666_MP4-0246_jpg.rf.606d6e0e881f2bc93c3a30d7813e9a96.jpg,val
datasets\train_on_2025_all\val\images\GX010666_MP4-0248_jpg.rf.bf4c2f201c8bdc6938514b95a8852a39.jpg,val
datasets\train_on_2025_all\val\images\GX010666_MP4-0252_jpg.rf.f6740dece7b3f67bbe051605f3c1dee1.jpg,val
datasets\train_on_2025_all\val\images\GX010666_MP4-0255_jpg.rf.ec0bf8a7a8212981ecfed1ce5e70d57e.jpg,val
datasets\train_on_2025_all\val\images\GX010666_MP4-0263_jpg.rf.9e58a5e1a95279fe77c09fea88486d0d.jpg,val
datasets\train_on_2025_all\val\images\GX010666_MP4-0264_jpg.rf.034ca996289d04ec60b985cbd84548de.jpg,val
datasets\train_on_2025_all\val\images\GX010666_MP4-0267_jpg.rf.2c23fadd156f8b781cbf893340f4c6f5.jpg,val
datasets\train_on_2025_all\val\images\GX010666_MP4-0271_jpg.rf.70c12deb202d2c1d1797c54161da3d64.jpg,val
datasets\train_on_2025_all\val\images\GX010666_MP4-0272_jpg.rf.74eeefbf52ebc445ee3c6d961811c765.jpg,val
datasets\train_on_2025_all\val\images\GX010666_MP4-0288_jpg.rf.5c3ef0fd81199c48ba0da9e52bdf1e6b.jpg,val
datasets\train_on_2025_all\val\images\GX010666_MP4-0289_jpg.rf.0e84b5c98c056cce5850848a4bafc38a.jpg,val
datasets\train_on_2025_all\val\images\GX010666_MP4-0296_jpg.rf.e7050c79f02d1db16b416ad3e37c32e8.jpg,val
datasets\train_on_2025_all\val\images\GX010666_MP4-0299_jpg.rf.bd13c8a01d852359623531401625f1ca.jpg,val
datasets\train_on_2025_all\val\images\GX010666_MP4-0299_jpg.rf.e6a5f7569d3f69014ef7bcf201979f7d.jpg,val
datasets\train_on_2025_all\val\images\GX010666_MP4-0300_jpg.rf.cceaba67c1f209e9dc30a63cfba41765.jpg,val
datasets\train_on_2025_all\val\images\GX010666_MP4-0301_jpg.rf.dafefbdba219019bf0d0b2f1b86b4038.jpg,val
datasets\train_on_2025_all\val\images\GX010666_MP4-0302_jpg.rf.89d7d8b1be794b2c712f8a3b90d1309f.jpg,val
datasets\train_on_2025_all\val\images\GX010666_MP4-0304_jpg.rf.b4b9e06bd78ceca4e17a366087f0513e.jpg,val
datasets\train_on_2025_all\val\images\GX010666_MP4-0305_jpg.rf.07664b4d6bb1bd5b0dfb7de4557cca74.jpg,val
datasets\train_on_2025_all\val\images\GX010666_MP4-0320_jpg.rf.d893909b7d6c816c69e6dd0fd1952930.jpg,val
datasets\train_on_2025_all\val\images\GX010666_MP4-0334_jpg.rf.2d4c3e65ae90c057c51d39ee30a9c025.jpg,val
datasets\train_on_2025_all\val\images\GX010666_MP4-0334_jpg.rf.b7776ac19199ff9624143af0629407ce.jpg,val
datasets\train_on_2025_all\val\images\GX010666_MP4-0335_jpg.rf.6cc1cae6519a45454a439a2b5e3db98b.jpg,val
datasets\train_on_2025_all\val\images\GX010666_MP4-0339_jpg.rf.046507704d096d76dcf8cab009bbec2a.jpg,val
datasets\train_on_2025_all\val\images\GX010666_MP4-0339_jpg.rf.3eb56619ce1ee7a9fb922c2ed38f9af5.jpg,val
datasets\train_on_2025_all\val\images\GX010666_MP4-0340_jpg.rf.3a301476351f5892f345a294af81daf2.jpg,val
datasets\train_on_2025_all\val\images\GX010666_MP4-0343_jpg.rf.627ce48e8c29330a85285aff925433e7.jpg,val
datasets\train_on_2025_all\val\images\GX010667_MP4-0010_jpg.rf.35108ac5d2e9899bfc12b3834860925a.jpg,val
datasets\train_on_2025_all\val\images\GX010667_MP4-0017_jpg.rf.838403099898006b70c33663e0660e01.jpg,val
datasets\train_on_2025_all\val\images\GX010667_MP4-0022_jpg.rf.af81ca00d654f5c694d1b62d10725715.jpg,val
datasets\train_on_2025_all\val\images\GX010667_MP4-0022_jpg.rf.b35bc0cb241ca9b69a134caf2bc84103.jpg,val
datasets\train_on_2025_all\val\images\GX010667_MP4-0023_jpg.rf.a2fddb04c496c29453a953630637ad31.jpg,val
datasets\train_on_2025_all\val\images\GX010667_MP4-0024_jpg.rf.7b82f542ef2b9a0e42a7af153d2af26f.jpg,val
datasets\train_on_2025_all\val\images\GX010667_MP4-0029_jpg.rf.e46c9bbc61b31d1cb38a15a1d0ece1b1.jpg,val
datasets\train_on_2025_all\val\images\GX010667_MP4-0034_jpg.rf.bf9e38ea072f8aaeaa54948f15e9394e.jpg,val
datasets\train_on_2025_all\val\images\GX010667_MP4-0034_jpg.rf.c23e39750c9c5b2eaf67de12ef9183cd.jpg,val
datasets\train_on_2025_all\val\images\GX010667_MP4-0035_jpg.rf.3aa452c0839ec541b26da4f2099e24b1.jpg,val
datasets\train_on_2025_all\val\images\GX010667_MP4-0036_jpg.rf.d3f607829b588e71aefe13e9983d415e.jpg,val
datasets\train_on_2025_all\val\images\GX010668_MP4-0010_jpg.rf.97b2853c602e0625994456d7d54236c8.jpg,val
datasets\train_on_2025_all\val\images\GX010668_MP4-0020_jpg.rf.9f196f99a583ccdb57803aef353582cc.jpg,val
datasets\train_on_2025_all\val\images\GX010668_MP4-0022_jpg.rf.8368f4392f3f94f0b5b8b85f0523f79b.jpg,val
datasets\train_on_2025_all\val\images\GX010668_MP4-0028_jpg.rf.f222e2189e44e6fe32d5fcf7b5e43020.jpg,val
datasets\train_on_2025_all\val\images\GX010668_MP4-0030_jpg.rf.5f98f7652d313ce2a95eafa2a87484ea.jpg,val
datasets\train_on_2025_all\val\images\GX010668_MP4-0030_jpg.rf.e1ea2f046a074e01865a7f5acbea0848.jpg,val
datasets\train_on_2025_all\val\images\GX010668_MP4-0034_jpg.rf.f22267ef6b3c8c34a3efe9013da01e58.jpg,val
datasets\train_on_2025_all\val\images\GX010668_MP4-0036_jpg.rf.f1eff10fd8b245b2d80c3c5be4a928cf.jpg,val
datasets\train_on_2025_all\val\images\GX010668_MP4-0044_jpg.rf.62eff0ff53ea166dd6e268a427b40a9d.jpg,val
datasets\train_on_2025_all\val\images\GX010668_MP4-0046_jpg.rf.b0d1b3e7fa8ae93f9dc5307911be5eb1.jpg,val
datasets\train_on_2025_all\val\images\GX010668_MP4-0048_jpg.rf.4d83ad28048489ed983b46a179cf19a0.jpg,val
datasets\train_on_2025_all\val\images\GX010668_MP4-0051_jpg.rf.1093c2416a6da9c9d803a6a59cefe382.jpg,val
datasets\train_on_2025_all\val\images\GX010668_MP4-0051_jpg.rf.abb035482a22e8afa71a04e04f3121d3.jpg,val
datasets\train_on_2025_all\val\images\GX010668_MP4-0055_jpg.rf.cb5bc2ad064c6ff2da627700a01f39af.jpg,val
datasets\train_on_2025_all\images\frame_00002_jpg.rf.81e4d2d34334c3e62d52a2aaf1841b65.jpg,train
datasets\train_on_2025_all\images\frame_00002_jpg.rf.c133fc4781eee7587233f43432fbbbf5.jpg,train
datasets\train_on_2025_all\images\frame_00003_jpg.rf.513729ede4792fad7700d7425b5cddea.jpg,train
datasets\train_on_2025_all\images\frame_00003_jpg.rf.b9b8d4f7af3993256d7a9ece090bd229.jpg,train
datasets\train_on_2025_all\images\frame_00003_jpg.rf.ba8e369f79cd8c8b862073f03aa2c390.jpg,train
datasets\train_on_2025_all\images\frame_00003_jpg.rf.d8d3e2d8d3c9a4cf40b2ab2e95ba1e6a.jpg,train
datasets\train_on_2025_all\images\frame_00004_jpg.rf.54b21877958724da379aee0e0e4684fa.jpg,train
datasets\train_on_2025_all\images\frame_00004_jpg.rf.6b84e6ce0ce299b222b6b2b97dcb0e31.jpg,train
datasets\train_on_2025_all\images\frame_00004_jpg.rf.7f29194939f516713e2afbc2fbf16389.jpg,train
datasets\train_on_2025_all\images\frame_00004_jpg.rf.d1eb9dec04905336e1852cb870754a62.jpg,train
datasets\train_on_2025_all\images\frame_00005_jpg.rf.036a737ef8862a76891fa078924bebd0.jpg,train
datasets\train_on_2025_all\images\frame_00005_jpg.rf.154e351508d5071df07c41f8f49cf0c7.jpg,train
datasets\train_on_2025_all\images\frame_00005_jpg.rf.400a144994418b11fa5d367fdf752168.jpg,train
datasets\train_on_2025_all\images\frame_00005_jpg.rf.543091a76c30c92669719d24e52a4f95.jpg,train
datasets\train_on_2025_all\images\frame_00005_jpg.rf.9e94c2badff0303ade53cbbb8f873195.jpg,train
datasets\train_on_2025_all\images\frame_00005_jpg.rf.ce60b95c400ab73280a4d974431fbdf8.jpg,train
datasets\train_on_2025_all\images\frame_00005_jpg.rf.dba90d4b4eaa2fe3543fd2d1abb0aa21.jpg,train
datasets\train_on_2025_all\images\frame_00006_jpg.rf.2fa5dc9a295d4e35e49d6b9eaed11a7a.jpg,train
datasets\train_on_2025_all\images\frame_00006_jpg.rf.89372a8bf7fe3d7090f5e9d20f446fd1.jpg,train
datasets\train_on_2025_all\images\frame_00006_jpg.rf.a35b0490b87b7416423c3d938a181032.jpg,train
datasets\train_on_2025_all\images\frame_00006_jpg.rf.b1e2f6b39721d564a4a3b390602e6d74.jpg,train
datasets\train_on_2025_all\images\frame_00006_jpg.rf.f3a0aba8fbfb1a5d5c6cd9b555cf4d99.jpg,train
datasets\train_on_2025_all\images\frame_00007_jpg.rf.1cd3bd8f0fd768e315f652f1eff4d88b.jpg,train
datasets\train_on_2025_all\images\frame_00007_jpg.rf.2c644dbeadfda868a6c6d6ca5c29f6eb.jpg,train
datasets\train_on_2025_all\images\frame_00007_jpg.rf.667c56881f7795cd3b47d7c16be9663b.jpg,train
datasets\train_on_2025_all\images\frame_00007_jpg.rf.b8aa26a7fa4db5f6deaf11a15cf1b867.jpg,train
datasets\train_on_2025_all\images\frame_00007_jpg.rf.c9c871e0ba4d59f0c64afca3615e4b5e.jpg,train
datasets\train_on_2025_all\images\frame_00007_jpg.rf.df175e2f7ab0148dbd824f69da57754c.jpg,train
datasets\train_on_2025_all\images\frame_00008_jpg.rf.ce267c492735efd81df40bc5a5fdc882.jpg,train
datasets\train_on_2025_all\images\frame_00009_jpg.rf.3c5231dd711265c35729c5f88b56f813.jpg,train
datasets\train_on_2025_all\images\frame_00009_jpg.rf.7d91091c1cf2e42ac6fba56f7103fc54.jpg,train
datasets\train_on_2025_all\images\frame_00009_jpg.rf.8f4e9c05dfd8ddbb8812213ee54b6512.jpg,train
datasets\train_on_2025_all\images\frame_00009_jpg.rf.c8d320a217d012645cba27190c3be9d5.jpg,train
datasets\train_on_2025_all\images\frame_00009_jpg.rf.f07aa488b2e3f43bad477b51256f7244.jpg,train
datasets\train_on_2025_all\images\frame_00010_jpg.rf.2c583b78598b6ef0c2608eb15e4017e0.jpg,train
datasets\train_on_2025_all\images\frame_00010_jpg.rf.58ca5f4adf6c42b3427723f0a2628ae5.jpg,train
datasets\train_on_2025_all\images\frame_00010_jpg.rf.82212d4a8709b29090aff803358b1f18.jpg,train
datasets\train_on_2025_all\images\frame_00010_jpg.rf.a1b920fbd47c25211c628be795daf4b3.jpg,train
datasets\train_on_2025_all\images\frame_00010_jpg.rf.b3c82e9a3cad6672f9603ad9463310f2.jpg,train
datasets\train_on_2025_all\images\frame_00010_jpg.rf.c46e629a1a7b5eaa396024d9c9d44b55.jpg,train
datasets\train_on_2025_all\images\frame_00010_jpg.rf.c62e1ed29eb686641fd6c490c38af66d.jpg,train
datasets\train_on_2025_all\images\frame_00010_jpg.rf.d9527b21a602532451cfcef3b38f5782.jpg,train
datasets\train_on_2025_all\images\frame_00010_jpg.rf.f2f77a0e1bb2122fdd28d7c8c0a68653.jpg,train
datasets\train_on_2025_all\images\frame_00011_jpg.rf.1fcc49c8b0fc89f7a3a3f0f9952da1df.jpg,train
datasets\train_on_2025_all\images\frame_00011_jpg.rf.4f19e68cdc93edcc14059ec620daea7d.jpg,train
datasets\train_on_2025_all\images\frame_00011_jpg.rf.b8b1a3fd7b62dd82d7cd3bbc682f54a7.jpg,train
datasets\train_on_2025_all\images\frame_00011_jpg.rf.dcabad4bbba54e756b013e97dd23c08e.jpg,train
datasets\train_on_2025_all\images\frame_00011_jpg.rf.f3e6ddd10392a0197b88fd328a73db46.jpg,train
datasets\train_on_2025_all\images\frame_00012_jpg.rf.0b46ba4251e1de99d336c252b35c60e3.jpg,train
datasets\train_on_2025_all\images\frame_00012_jpg.rf.0f81f75d47a2023ae72f9bfacffec0f1.jpg,train
datasets\train_on_2025_all\images\frame_00012_jpg.rf.11ed1fc12ec2f8b018b48bfe25c17968.jpg,train
datasets\train_on_2025_all\images\frame_00012_jpg.rf.3515fba64554e6fc8794a683796ed5a5.jpg,train
datasets\train_on_2025_all\images\frame_00012_jpg.rf.5f59c1f919c599da973037db994c8b0f.jpg,train
datasets\train_on_2025_all\images\frame_00013_jpg.rf.1899238de463496a8186daabf966c102.jpg,train
datasets\train_on_2025_all\images\frame_00013_jpg.rf.319a0513adcc6c335d9ab4228ba24610.jpg,train
datasets\train_on_2025_all\images\frame_00013_jpg.rf.33495cc14bd83aa5c060bf2c86eafd9d.jpg,train
datasets\train_on_2025_all\images\frame_00013_jpg.rf.3cfbf60c3b10c9fb572307cdefb596fe.jpg,train
datasets\train_on_2025_all\images\frame_00013_jpg.rf.5f647dda9e1171f42c6b62373e8025cb.jpg,train
datasets\train_on_2025_all\images\frame_00013_jpg.rf.7fd42a37e2e335130df78ddea7ce7837.jpg,train
datasets\train_on_2025_all\images\frame_00013_jpg.rf.90a25b49b789cdf6bad5fedd717e869d.jpg,train
datasets\train_on_2025_all\images\frame_00013_jpg.rf.9424091660d3d8faeac807af68bea7d1.jpg,train
datasets\train_on_2025_all\images\frame_00013_jpg.rf.ac522859c488f77bc01bbd9ddf6874a5.jpg,train
datasets\train_on_2025_all\images\frame_00013_jpg.rf.b3396acf74af18d7089a3047d4be5d20.jpg,train
datasets\train_on_2025_all\images\frame_00013_jpg.rf.e1154bca91357fe48969ad8f4576566c.jpg,train
datasets\train_on_2025_all\images\frame_00014_jpg.rf.027acbf6ecbcae9440eb32cc535e0f85.jpg,train
datasets\train_on_2025_all\images\frame_00014_jpg.rf.09f752e73efd453fd40d0525874a4a7e.jpg,train
datasets\train_on_2025_all\images\frame_00014_jpg.rf.243884c77901410e44dfd1d0302003bc.jpg,train
datasets\train_on_2025_all\images\frame_00014_jpg.rf.3736b8c466391833b4bc665e26c8075b.jpg,train
datasets\train_on_2025_all\images\frame_00014_jpg.rf.6ea7fb2cf517954763e38e90ff237d01.jpg,train
datasets\train_on_2025_all\images\frame_00014_jpg.rf.741b625386bb48a28e6fdde9681c1592.jpg,train
datasets\train_on_2025_all\images\frame_00014_jpg.rf.aafbf3f9f4df4749b95fc1001d610c62.jpg,train
datasets\train_on_2025_all\images\frame_00014_jpg.rf.c4e6a8b6f4bd3f38ea22abe07ec20dce.jpg,train
datasets\train_on_2025_all\images\frame_00014_jpg.rf.ef6fd92adaef6abdd424e2a31ef307f5.jpg,train
datasets\train_on_2025_all\images\frame_00015_jpg.rf.5b42fbdcf94c53ca1acdf76f3e035605.jpg,train
datasets\train_on_2025_all\images\frame_00015_jpg.rf.92753c53cbba949449d856f98bee674f.jpg,train
datasets\train_on_2025_all\images\frame_00015_jpg.rf.a38684bd0696640d5259274d2b740fb6.jpg,train
datasets\train_on_2025_all\images\frame_00015_jpg.rf.b93c7c20acaed42ea4d86837a3485a47.jpg,train
datasets\train_on_2025_all\images\frame_00015_jpg.rf.cc394da2792202c34f76ada70c3efb5e.jpg,train
datasets\train_on_2025_all\images\frame_00016_jpg.rf.5336e29a50b604c268497c652a73d85f.jpg,train
datasets\train_on_2025_all\images\frame_00016_jpg.rf.655bb93b3952f132402fef6f3e2e335b.jpg,train
datasets\train_on_2025_all\images\frame_00016_jpg.rf.b9ad6a710c349e2fca2f47b535a1b2f8.jpg,train
datasets\train_on_2025_all\images\frame_00016_jpg.rf.d34909c5df4e3b53c5709a9edff0138d.jpg,train
datasets\train_on_2025_all\images\frame_00016_jpg.rf.e44b0ad8027c5cb307c7cfa7489a6d8f.jpg,train
datasets\train_on_2025_all\images\frame_00016_jpg.rf.f10e1d271453f680ef83a085acc37925.jpg,train
datasets\train_on_2025_all\images\frame_00017_jpg.rf.767a37d646b903457e2562af45bc3716.jpg,train
datasets\train_on_2025_all\images\frame_00017_jpg.rf.af5669c1e03e8911783bbead0f991dd5.jpg,train
datasets\train_on_2025_all\images\frame_00017_jpg.rf.f337ff5f85bfdab1b81feab6827cf4d1.jpg,train
datasets\train_on_2025_all\images\frame_00018_jpg.rf.045654780a1929c8e3a9410683e00f56.jpg,train
datasets\train_on_2025_all\images\frame_00018_jpg.rf.179ae3e04029bd991aa85413728f9d9a.jpg,train
datasets\train_on_2025_all\images\frame_00018_jpg.rf.278317fcbd5a9faafd688f71cbfed544.jpg,train
datasets\train_on_2025_all\images\frame_00018_jpg.rf.9f273c1f7d6b057e34c98de7bf38df3b.jpg,train
datasets\train_on_2025_all\images\frame_00018_jpg.rf.e16244cefb436c26dfc4ffa4d0d72d08.jpg,train
datasets\train_on_2025_all\images\frame_00018_jpg.rf.f0ba91aa037e6904c98b49b4b8319cc3.jpg,train
datasets\train_on_2025_all\images\frame_00019_jpg.rf.27047bb0ec9e4dca1125763faff6787e.jpg,train
datasets\train_on_2025_all\images\frame_00019_jpg.rf.7057e6351c81e5954cb19768d3f3899b.jpg,train
datasets\train_on_2025_all\images\frame_00019_jpg.rf.9b9f983fbfa57ad34ee97c78f81c8c8a.jpg,train
datasets\train_on_2025_all\images\frame_00019_jpg.rf.dafae3f61ce0844c6bc21c1febf65c8a.jpg,train
datasets\train_on_2025_all\images\frame_00019_jpg.rf.fffe4148ce522bbf09b5d76a1bda06ea.jpg,train
datasets\train_on_2025_all\images\frame_00020_jpg.rf.478fd706a183fd474beeb50b06a59795.jpg,train
datasets\train_on_2025_all\images\frame_00020_jpg.rf.50af1e3d7b8ad7d845ae1e6373188edf.jpg,train
datasets\train_on_2025_all\images\frame_00020_jpg.rf.af14529144fc3c278f795e5955a8d336.jpg,train
datasets\train_on_2025_all\images\frame_00020_jpg.rf.b980c2cc7dfe6781f06df891a2432cb9.jpg,train
datasets\train_on_2025_all\images\frame_00020_jpg.rf.caafb26e8a57990923665e1de57b27b7.jpg,train
datasets\train_on_2025_all\images\frame_00020_jpg.rf.cd618e25dc4f5272b7f730cb35aa9153.jpg,train
datasets\train_on_2025_all\images\frame_00020_jpg.rf.d16cd44a8b1e63f465829c720fd37489.jpg,train
datasets\train_on_2025_all\images\frame_00020_jpg.rf.fb2e0b18dfe6a45fb4a0a789e0ff4d6e.jpg,train
datasets\train_on_2025_all\images\frame_00021_jpg.rf.2316509f3264f0f6f967c8f6427b96b0.jpg,train
datasets\train_on_2025_all\images\frame_00021_jpg.rf.2c45f07b0a60c986f2f1051070cb58e4.jpg,train
datasets\train_on_2025_all\images\frame_00021_jpg.rf.3d2e5a137659b5572f3ef13cc5a469a8.jpg,train
datasets\train_on_2025_all\images\frame_00021_jpg.rf.40c6cdeea8ec812ddb4e19eb77491a39.jpg,train
datasets\train_on_2025_all\images\frame_00021_jpg.rf.497b1453a3af357671bd3338af6d7234.jpg,train
datasets\train_on_2025_all\images\frame_00021_jpg.rf.d30b91cd09a6d3bb01bf14d720659f66.jpg,train
datasets\train_on_2025_all\images\frame_00021_jpg.rf.e68a4fde0be221e55b58495bc4ae76ae.jpg,train
datasets\train_on_2025_all\images\frame_00022_jpg.rf.00a3e8a8c59d115c010980eecbcbc981.jpg,train
datasets\train_on_2025_all\images\frame_00022_jpg.rf.9143511b01670e95a8a37257afd2f2a4.jpg,train
datasets\train_on_2025_all\images\frame_00022_jpg.rf.9fc8036e0b14107e76e94ced5ba67eb1.jpg,train
datasets\train_on_2025_all\images\frame_00022_jpg.rf.b77cfea51c2f942f4fcfe7bf9bfe38f6.jpg,train
datasets\train_on_2025_all\images\frame_00022_jpg.rf.f6a124814a4412fd89e58ceafb68c3b3.jpg,train
datasets\train_on_2025_all\images\frame_00022_jpg.rf.f79b127961fa4f40fdd2f8c848f8c276.jpg,train
datasets\train_on_2025_all\images\frame_00023_jpg.rf.3bb851dbfa187ed5572a1dddb75796e7.jpg,train
datasets\train_on_2025_all\images\frame_00023_jpg.rf.5e20a01802ee77676401fc00ddb98f25.jpg,train
datasets\train_on_2025_all\images\frame_00023_jpg.rf.6560fb4675063ff9339f219997231f43.jpg,train
datasets\train_on_2025_all\images\frame_00023_jpg.rf.6d659c188c4c9211ce5b062ec76ed9ce.jpg,train
datasets\train_on_2025_all\images\frame_00023_jpg.rf.7e6ce5e0e460132de146b42a5f13bb0f.jpg,train
datasets\train_on_2025_all\images\frame_00023_jpg.rf.f99b971e043528f1771578954f7c7e65.jpg,train
datasets\train_on_2025_all\images\frame_00024_jpg.rf.0603a9f7aa21d1255b7c99bb20d1046c.jpg,train
datasets\train_on_2025_all\images\frame_00024_jpg.rf.1ce1665d30deba75c8fb1833770c2e52.jpg,train
datasets\train_on_2025_all\images\frame_00024_jpg.rf.2b73d46449ce50985da63754fb793f49.jpg,train
datasets\train_on_2025_all\images\frame_00024_jpg.rf.328dc5ed81a6470075da56c7393f5714.jpg,train
datasets\train_on_2025_all\images\frame_00024_jpg.rf.34358c461cc033d93d5783b5ddf5289b.jpg,train
datasets\train_on_2025_all\images\frame_00024_jpg.rf.405745091316e7ae3d8e3c608cae7a88.jpg,train
datasets\train_on_2025_all\images\frame_00024_jpg.rf.44840d0343e3ffeea04a77b97f7f57bf.jpg,train
datasets\train_on_2025_all\images\frame_00024_jpg.rf.4e7eb7312b2bca1e8a8a7fd8a25e2c91.jpg,train
datasets\train_on_2025_all\images\frame_00024_jpg.rf.9288bfda87a819f14c3c14f353141405.jpg,train
datasets\train_on_2025_all\images\frame_00024_jpg.rf.9594c0a7d23cc9ae4cab491b642b90c1.jpg,train
datasets\train_on_2025_all\images\frame_00024_jpg.rf.ebc70daf1fc619aacc8c6252b65d0986.jpg,train
datasets\train_on_2025_all\images\frame_00025_jpg.rf.125fbb836524e40971a7bb6c38bd365f.jpg,train
datasets\train_on_2025_all\images\frame_00025_jpg.rf.1a9444350a161ae93be8919d1c407bb8.jpg,train
datasets\train_on_2025_all\images\frame_00025_jpg.rf.228dcf1d9ef935d3b90a95aaf7991ea6.jpg,train
datasets\train_on_2025_all\images\frame_00025_jpg.rf.3e6b53ba9b091caffd74a4d4cb245b00.jpg,train
datasets\train_on_2025_all\images\frame_00025_jpg.rf.55c13eb61f1fb77ca94bd7d550e6329a.jpg,train
datasets\train_on_2025_all\images\frame_00025_jpg.rf.a4b644fa4b6e683f7bbfef5b0dfc3e3e.jpg,train
datasets\train_on_2025_all\images\frame_00025_jpg.rf.b8776ecf83367c4fcac1621f4ad3e720.jpg,train
datasets\train_on_2025_all\images\frame_00025_jpg.rf.d353a65083bbfb93979897560afb7ede.jpg,train
datasets\train_on_2025_all\images\frame_00025_jpg.rf.fd5fdb4ed544b48caff91b415a677c2b.jpg,train
datasets\train_on_2025_all\images\frame_00026_jpg.rf.1796cb6440b58ae59c92da3a2b545c6f.jpg,train
datasets\train_on_2025_all\images\frame_00026_jpg.rf.18a6b4bac86b6c8093a18918f9d53757.jpg,train
datasets\train_on_2025_all\images\frame_00026_jpg.rf.4fe6c121e11dba1d5ba048b469aacae6.jpg,train
datasets\train_on_2025_all\images\frame_00026_jpg.rf.51204a4543b65166c53d6a8174374915.jpg,train
datasets\train_on_2025_all\images\frame_00026_jpg.rf.52dcb73083860cfa5a11394b329ff7e7.jpg,train
datasets\train_on_2025_all\images\frame_00026_jpg.rf.5c0010d3003ae3d118b045f83fe49b76.jpg,train
datasets\train_on_2025_all\images\frame_00026_jpg.rf.8cc91e00894c0d1a1d55359e59163341.jpg,train
datasets\train_on_2025_all\images\frame_00027_jpg.rf.9588b5e343899cd273aa55b75f0032ad.jpg,train
datasets\train_on_2025_all\images\frame_00027_jpg.rf.a05589f3c63641756d62080d5f2769f2.jpg,train
datasets\train_on_2025_all\images\frame_00027_jpg.rf.aa6c76ec1f299d201da8d4f02bc2ffe2.jpg,train
datasets\train_on_2025_all\images\frame_00027_jpg.rf.e9a09a72f387cb1644ad86d61db5cdae.jpg,train
datasets\train_on_2025_all\images\frame_00028_jpg.rf.0296acef29e7a319297dcce68c640fd2.jpg,train
datasets\train_on_2025_all\images\frame_00028_jpg.rf.7e90b77f1e5ed5416e682eed8e26ce58.jpg,train
datasets\train_on_2025_all\images\frame_00028_jpg.rf.867a66856532e392d2982a736618bdbb.jpg,train
datasets\train_on_2025_all\images\frame_00028_jpg.rf.a2bbb85f7973642f1c9b7c7604499e98.jpg,train
datasets\train_on_2025_all\images\frame_00028_jpg.rf.a9c8982d759de51215ab42a52bfd77ac.jpg,train
datasets\train_on_2025_all\images\frame_00028_jpg.rf.be76e7ad97e7b9dc5fa5f5b011bb2f33.jpg,train
datasets\train_on_2025_all\images\frame_00028_jpg.rf.c77a82685594ecbee8924d7c50865acb.jpg,train
datasets\train_on_2025_all\images\frame_00029_jpg.rf.01d4917ca9fe101312efab0668e7a4e9.jpg,train
datasets\train_on_2025_all\images\frame_00029_jpg.rf.5542ce159e6b93a4d785b34cc6873008.jpg,train
datasets\train_on_2025_all\images\frame_00029_jpg.rf.5b3c0945cd90cd8f81ddd51bc50015d5.jpg,train
datasets\train_on_2025_all\images\frame_00029_jpg.rf.a876375a6f4b501d74625f6afe6cb0df.jpg,train
datasets\train_on_2025_all\images\frame_00029_jpg.rf.a886c308d4a2bb71a570a7288c423a8f.jpg,train
datasets\train_on_2025_all\images\frame_00029_jpg.rf.e30df8db6e6b37c99d9d04bf15f259e2.jpg,train
datasets\train_on_2025_all\images\frame_00029_jpg.rf.fc6202d6a38102cc66b9bf9572ce4139.jpg,train
datasets\train_on_2025_all\images\frame_00030_jpg.rf.294c2f5c8ec61728cee104d6ac91ac7b.jpg,train
datasets\train_on_2025_all\images\frame_00030_jpg.rf.65d07c02730033362a6df23ca8123da6.jpg,train
datasets\train_on_2025_all\images\frame_00030_jpg.rf.7c658727265a757403fa2c384780cff2.jpg,train
datasets\train_on_2025_all\images\frame_00030_jpg.rf.c413dd5eed41f1c9d0972ecfa792bc61.jpg,train
datasets\train_on_2025_all\images\frame_00030_jpg.rf.e619d510dc71d867f4d2806431669b75.jpg,train
datasets\train_on_2025_all\images\frame_00031_jpg.rf.0931931abc87d42bbb151422fe85d443.jpg,train
datasets\train_on_2025_all\images\frame_00031_jpg.rf.1acc3f3c7430aae5b6fec95d1f1cd174.jpg,train
datasets\train_on_2025_all\images\frame_00031_jpg.rf.466c03bcb0801249f995fa206111f05a.jpg,train
datasets\train_on_2025_all\images\frame_00031_jpg.rf.9e1ad113cbe1e165e9d9c17452826ad1.jpg,train
datasets\train_on_2025_all\images\frame_00031_jpg.rf.b6132af0dcdfbb0294f1f16a336b37a4.jpg,train
datasets\train_on_2025_all\images\frame_00032_jpg.rf.3181ea2b9750661423687ee54ea51b15.jpg,train
datasets\train_on_2025_all\images\frame_00032_jpg.rf.5074493bc8c3c4059abfa1847b7f7dd8.jpg,train
datasets\train_on_2025_all\images\frame_00032_jpg.rf.e2c01fde336c8d6ac44496382e782d2c.jpg,train
datasets\train_on_2025_all\images\frame_00033_jpg.rf.860875390a07421dd4d39413e2c50761.jpg,train
datasets\train_on_2025_all\images\frame_00033_jpg.rf.86bcef9d09dfa91103a8778566656878.jpg,train
datasets\train_on_2025_all\images\frame_00033_jpg.rf.da9de6f6aa43bc12defe288239d18c3d.jpg,train
datasets\train_on_2025_all\images\frame_00034_jpg.rf.49a3d06e69b81435157af5b7a39f21e1.jpg,train
datasets\train_on_2025_all\images\frame_00034_jpg.rf.5355868fab7778fbc4447b5d18b5d1b1.jpg,train
datasets\train_on_2025_all\images\frame_00034_jpg.rf.558ad84f38c715ff1fec4bb405b62bf6.jpg,train
datasets\train_on_2025_all\images\frame_00034_jpg.rf.8d5204bb68bcf6b6121d6ccd9c704ae4.jpg,train
datasets\train_on_2025_all\images\frame_00034_jpg.rf.f8ab1f51e3d9294f041369efe344754d.jpg,train
datasets\train_on_2025_all\images\frame_00035_jpg.rf.198d3522797909b6184c1e08957a9762.jpg,train
datasets\train_on_2025_all\images\frame_00035_jpg.rf.4e36ded5765ef6889719d7a4b63df052.jpg,train
datasets\train_on_2025_all\images\frame_00035_jpg.rf.b1c2cb20639c26b9b36936b53e6b319e.jpg,train
datasets\train_on_2025_all\images\frame_00035_jpg.rf.c947c34b2961be3c447f79f21c38c135.jpg,train
datasets\train_on_2025_all\images\frame_00036_jpg.rf.0801e2a8f5b0e25e3be7fe933ed8ffc7.jpg,train
datasets\train_on_2025_all\images\frame_00036_jpg.rf.3a343fec52db39c0f3fbcbdc9083e29d.jpg,train
datasets\train_on_2025_all\images\frame_00037_jpg.rf.8f7bc436b329f03f41210d2b801bba91.jpg,train
datasets\train_on_2025_all\images\frame_00037_jpg.rf.9aa3466f808486291505e1fe39e67aa6.jpg,train
datasets\train_on_2025_all\images\frame_00037_jpg.rf.a984f285d5a95f79aecb04db41693455.jpg,train
datasets\train_on_2025_all\images\frame_00037_jpg.rf.b6d7d403708e7e5a7c1226e945fe99ee.jpg,train
datasets\train_on_2025_all\images\frame_00037_jpg.rf.cf9739f76479596d4cd5c60128c1c82b.jpg,train
datasets\train_on_2025_all\images\frame_00038_jpg.rf.09e0fc9b0e058586b15e17d4705f32ae.jpg,train
datasets\train_on_2025_all\images\frame_00038_jpg.rf.0b82237344ce889f7f96dd083076cb8a.jpg,train
datasets\train_on_2025_all\images\frame_00038_jpg.rf.17949edba82e4343214f1f921b2e9dae.jpg,train
datasets\train_on_2025_all\images\frame_00038_jpg.rf.9b85f4e7fa2ffb3ae4ee0c83ccf10172.jpg,train
datasets\train_on_2025_all\images\frame_00039_jpg.rf.1c1783e6196710ccd061089079928dba.jpg,train
datasets\train_on_2025_all\images\frame_00039_jpg.rf.3a4a05d96e2ce5933d10e48c0d5821e5.jpg,train
datasets\train_on_2025_all\images\frame_00039_jpg.rf.814c06a5232cbb484a604a4e90829bba.jpg,train
datasets\train_on_2025_all\images\frame_00039_jpg.rf.e0d8558e9129ede16ad89979cba1c607.jpg,train
datasets\train_on_2025_all\images\frame_00039_jpg.rf.e70e516fe3e260e4f11ebfe2e7018104.jpg,train
datasets\train_on_2025_all\images\frame_00040_jpg.rf.165df834b029adaf38bdf1552cacb55f.jpg,train
datasets\train_on_2025_all\images\frame_00040_jpg.rf.723fdaa3a3450e86a919c442f001457f.jpg,train
datasets\train_on_2025_all\images\frame_00040_jpg.rf.8fed732a81bf55fec57cc275f7a63c00.jpg,train
datasets\train_on_2025_all\images\frame_00040_jpg.rf.a37c004c15968d3d24bc4a500655c57e.jpg,train
datasets\train_on_2025_all\images\frame_00041_jpg.rf.03397bec381eb72622e64ad6e96e8ab7.jpg,train
datasets\train_on_2025_all\images\frame_00041_jpg.rf.27dc569e88ee2ce8e2022586161af039.jpg,train
datasets\train_on_2025_all\images\frame_00041_jpg.rf.34b9eff779b9cfca8fcde63b31e1c5d2.jpg,train
datasets\train_on_2025_all\images\frame_00041_jpg.rf.431b566838b0e652eea2f841db657f0e.jpg,train
datasets\train_on_2025_all\images\frame_00041_jpg.rf.89cf6e1ac6bc54a6babe63867975c81f.jpg,train
datasets\train_on_2025_all\images\frame_00041_jpg.rf.9ddfe37c077c4f6573298f88553a6487.jpg,train
datasets\train_on_2025_all\images\frame_00041_jpg.rf.defd29a8b879cdc86fbeeb703da3cae5.jpg,train
datasets\train_on_2025_all\images\frame_00042_jpg.rf.03d32dfc6eef9e27a09ca6f16d221330.jpg,train
datasets\train_on_2025_all\images\frame_00042_jpg.rf.27fedaf370ec027f1c1a3c1d34e1abd8.jpg,train
datasets\train_on_2025_all\images\frame_00042_jpg.rf.5e774e171270363775edce465c0d0178.jpg,train
datasets\train_on_2025_all\images\frame_00042_jpg.rf.733bcfb8fc942ace3bfab5a047d3cd76.jpg,train
datasets\train_on_2025_all\images\frame_00042_jpg.rf.753ae542b943c4548cfa1c1946e44bab.jpg,train
datasets\train_on_2025_all\images\frame_00042_jpg.rf.a8e678deadbad63780ce9f60d24e31b1.jpg,train
datasets\train_on_2025_all\images\frame_00042_jpg.rf.a9b6dd7b673d1f41aa006e2ce6f0ecbe.jpg,train
datasets\train_on_2025_all\images\frame_00042_jpg.rf.fa6dec6aba0969bd2519b2555be0f8e5.jpg,train
datasets\train_on_2025_all\images\frame_00043_jpg.rf.6f79656ec36a58aecb68e77169699777.jpg,train
datasets\train_on_2025_all\images\frame_00043_jpg.rf.a9851d16b1edbfe41a38f0af00cc5e13.jpg,train
datasets\train_on_2025_all\images\frame_00043_jpg.rf.ab79ff923ef5f37b290c89692d30e438.jpg,train
datasets\train_on_2025_all\images\frame_00043_jpg.rf.e89ad5f40376d8a2ae5476c5425759b7.jpg,train
datasets\train_on_2025_all\images\frame_00044_jpg.rf.3e6ae63eeb1516ddb79b84224e970476.jpg,train
datasets\train_on_2025_all\images\frame_00044_jpg.rf.723839087e3c0575ce7f60ad95989a29.jpg,train
datasets\train_on_2025_all\images\frame_00044_jpg.rf.b1c6166ae3c5d4752a392e9c02366f25.jpg,train
datasets\train_on_2025_all\images\frame_00044_jpg.rf.c788ac9808c921921381e46c94680815.jpg,train
datasets\train_on_2025_all\images\frame_00044_jpg.rf.ed3bb0e3a29d172e9979eafbd3cf7e2c.jpg,train
datasets\train_on_2025_all\images\frame_00045_jpg.rf.0b2ed76f2bb110714d0b57d70ff83131.jpg,train
datasets\train_on_2025_all\images\frame_00046_jpg.rf.662f4df52081221d0bffe610ba874102.jpg,train
datasets\train_on_2025_all\images\frame_00046_jpg.rf.8c48d16a50420f9c686fe49bbfb48d75.jpg,train
datasets\train_on_2025_all\images\frame_00046_jpg.rf.9e935bd164160566f44b921e0d0f7c45.jpg,train
datasets\train_on_2025_all\images\frame_00046_jpg.rf.b74205aa7ed0ea0343e908912abbc439.jpg,train
datasets\train_on_2025_all\images\frame_00047_jpg.rf.48e518377bd2c2ea5b3906a8076e9e4d.jpg,train
datasets\train_on_2025_all\images\frame_00047_jpg.rf.687c390ab727139358008bd79f61e44f.jpg,train
datasets\train_on_2025_all\images\frame_00047_jpg.rf.cee1cf839abe08798db062184aa67055.jpg,train
datasets\train_on_2025_all\images\frame_00047_jpg.rf.e27bc1de60d0d7aec4b21a64443bef93.jpg,train
datasets\train_on_2025_all\images\frame_00048_jpg.rf.4bb8b1c5455b4fa56f03333ebe65bc54.jpg,train
datasets\train_on_2025_all\images\frame_00048_jpg.rf.ab8cb99c7b0a7945bf1cc97a473dc9b1.jpg,train
datasets\train_on_2025_all\images\frame_00049_jpg.rf.391b76ea640d7c9279a4a65ee41952c8.jpg,train
datasets\train_on_2025_all\images\frame_00049_jpg.rf.ad18001821ec4e30a1bbf7bcdbbbf08c.jpg,train
datasets\train_on_2025_all\images\frame_00049_jpg.rf.bd1ac7477176faccd8a0bfc7492e598c.jpg,train
datasets\train_on_2025_all\images\frame_00051_jpg.rf.0547a45e5ccd2b55e42429352271e1a0.jpg,train
datasets\train_on_2025_all\images\frame_00051_jpg.rf.0d63d86bb60b3beb0783f3cba106eb07.jpg,train
datasets\train_on_2025_all\images\frame_00051_jpg.rf.59d65e664e5d9a5850e46f7f264297a2.jpg,train
datasets\train_on_2025_all\images\frame_00051_jpg.rf.a8336cac8ad91f0367810ad238303946.jpg,train
datasets\train_on_2025_all\images\frame_00052_jpg.rf.087ee9b7582b73096e14410352fa5e45.jpg,train
datasets\train_on_2025_all\images\frame_00052_jpg.rf.51220c9dc71a15d0704d5413b5bd63a8.jpg,train
datasets\train_on_2025_all\images\frame_00052_jpg.rf.ca9a3a9b5cb5966fb162a28b97015f62.jpg,train
datasets\train_on_2025_all\images\frame_00052_jpg.rf.d6aff11d03cac34caa3d17ae7f0b8593.jpg,train
datasets\train_on_2025_all\images\frame_00052_jpg.rf.de6d9bc3a82476c22bbce64a3930a770.jpg,train
datasets\train_on_2025_all\images\frame_00053_jpg.rf.03de9cc4a9096cfbc225f32dc1180789.jpg,train
datasets\train_on_2025_all\images\frame_00053_jpg.rf.10c22aecff77ca6db0694a12f0ed51a8.jpg,train
datasets\train_on_2025_all\images\frame_00053_jpg.rf.1ebf30dc2a250b10014e4eee8e2a45f1.jpg,train
datasets\train_on_2025_all\images\frame_00053_jpg.rf.2d32fb5c9ff4534d8e2631efd8354b7f.jpg,train
datasets\train_on_2025_all\images\frame_00053_jpg.rf.47f2412df957ac939d22ab7bb2de536e.jpg,train
datasets\train_on_2025_all\images\frame_00053_jpg.rf.74a267d6a75dca3f9deb343203a0d163.jpg,train
datasets\train_on_2025_all\images\frame_00053_jpg.rf.a9b14b05fb884321e1d19acb611ee9be.jpg,train
datasets\train_on_2025_all\images\frame_00053_jpg.rf.ccd36e00f1cfa8a0c8cab82f896ccb62.jpg,train
datasets\train_on_2025_all\images\frame_00054_jpg.rf.48411bfcf22e8d65a85eebd853b6433a.jpg,train
datasets\train_on_2025_all\images\frame_00054_jpg.rf.729a3e50498f0f8d42dad3d3aa179dbb.jpg,train
datasets\train_on_2025_all\images\frame_00054_jpg.rf.9db3c1d64293a2cf858aa5cb04880e00.jpg,train
datasets\train_on_2025_all\images\frame_00054_jpg.rf.c2e177a6ff973395bcd1372b8fdb579c.jpg,train
datasets\train_on_2025_all\images\frame_00054_jpg.rf.deea6340e5df05cab442acbf6f170bb4.jpg,train
datasets\train_on_2025_all\images\frame_00054_jpg.rf.f15593d2495c4a93c8204fd60e80a051.jpg,train
datasets\train_on_2025_all\images\frame_00054_jpg.rf.fb1001c54ecce03c91bffd8cca4417d3.jpg,train
datasets\train_on_2025_all\images\frame_00055_jpg.rf.0aaa7c260073f3d725faa988f2316d1c.jpg,train
datasets\train_on_2025_all\images\frame_00055_jpg.rf.224790855ca0e94d42245bad0444e0a1.jpg,train
datasets\train_on_2025_all\images\frame_00055_jpg.rf.38ad522e612a549eee92f556e6fc11a2.jpg,train
datasets\train_on_2025_all\images\frame_00055_jpg.rf.f6a334906211942ebf70f801f6ba26df.jpg,train
datasets\train_on_2025_all\images\frame_00056_jpg.rf.2405d9624dec5abc4833148a2c95ae99.jpg,train
datasets\train_on_2025_all\images\frame_00056_jpg.rf.7a26fd318d9907c56327585b04cf4787.jpg,train
datasets\train_on_2025_all\images\frame_00056_jpg.rf.aaa06e4e5ebf0b589b60549f4c0c97f0.jpg,train
datasets\train_on_2025_all\images\frame_00056_jpg.rf.bfde35abefc2c6cac9dc1006b37dab24.jpg,train
datasets\train_on_2025_all\images\frame_00057_jpg.rf.08069eac9fded06aae0e0c1e6693da16.jpg,train
datasets\train_on_2025_all\images\frame_00057_jpg.rf.23b926327323386637b51dd726ae2a33.jpg,train
datasets\train_on_2025_all\images\frame_00057_jpg.rf.2cd8164f6ed087b9aaa601e19fbd6160.jpg,train
datasets\train_on_2025_all\images\frame_00057_jpg.rf.6f5135d858b1e9ac850f75079c705cb8.jpg,train
datasets\train_on_2025_all\images\frame_00057_jpg.rf.9aeabafb11518acae27347d5f65343de.jpg,train
datasets\train_on_2025_all\images\frame_00057_jpg.rf.a9ac5b5e8b144bfc1e2b8eda47380a3b.jpg,train
datasets\train_on_2025_all\images\frame_00057_jpg.rf.cc1c2e027a91077df85893fbe8df9ff1.jpg,train
datasets\train_on_2025_all\images\frame_00058_jpg.rf.020bfcba74f3fb6cee1e0dcf0ce0073f.jpg,train
datasets\train_on_2025_all\images\frame_00058_jpg.rf.8e997188f6935be2cca367e385640906.jpg,train
datasets\train_on_2025_all\images\frame_00058_jpg.rf.a90a6c2c0eea84ad6c0df395ed10721e.jpg,train
datasets\train_on_2025_all\images\frame_00058_jpg.rf.cf3ee9db438b69bd4e090f57ada788d1.jpg,train
datasets\train_on_2025_all\images\frame_00059_jpg.rf.08c182f794d3652625896bce1d20a8b8.jpg,train
datasets\train_on_2025_all\images\frame_00059_jpg.rf.12d8a42420d685ff67a5f848a7e959c8.jpg,train
datasets\train_on_2025_all\images\frame_00059_jpg.rf.90e49efdf27325b57cd50736a7a0f60a.jpg,train
datasets\train_on_2025_all\images\frame_00059_jpg.rf.d7ac39dae0f138e00d9340f6e790366e.jpg,train
datasets\train_on_2025_all\images\frame_00059_jpg.rf.d9386965781c2a692c4a0ca2a33f57c5.jpg,train
datasets\train_on_2025_all\images\frame_00059_jpg.rf.f28f815e196c1cd0a091aa7bad41ad16.jpg,train
datasets\train_on_2025_all\images\frame_00060_jpg.rf.372208ded4dcb711b3480a950663d0dc.jpg,train
datasets\train_on_2025_all\images\frame_00060_jpg.rf.9b4fb6783022ba1eb6092e21fa446b94.jpg,train
datasets\train_on_2025_all\images\frame_00060_jpg.rf.a91ec4db5757544e0960e57b52e822bf.jpg,train
datasets\train_on_2025_all\images\frame_00060_jpg.rf.fb208306168d0801a10b0ac69cd66ca1.jpg,train
datasets\train_on_2025_all\images\frame_00061_jpg.rf.0dd3baefb60033a42637a8b41928ff8c.jpg,train
datasets\train_on_2025_all\images\frame_00062_jpg.rf.c9f6863db5c339a8e055e46bdaf6e45e.jpg,train
datasets\train_on_2025_all\images\frame_00062_jpg.rf.cda7b45cf81d89d26a129f2c42870472.jpg,train
datasets\train_on_2025_all\images\frame_00063_jpg.rf.0d4beb04df06aaedf7aacdaffee784be.jpg,train
datasets\train_on_2025_all\images\frame_00063_jpg.rf.4d8a9e0d577254ecd869044adbc435d8.jpg,train
datasets\train_on_2025_all\images\frame_00063_jpg.rf.c1170fc4c9338149513e44e7f78ebc37.jpg,train
datasets\train_on_2025_all\images\frame_00063_jpg.rf.c9f20081e6801f7245d34d7d32f1f26a.jpg,train
datasets\train_on_2025_all\images\frame_00064_jpg.rf.4a7a961a3c909c0c4d6d43931e4eeb36.jpg,train
datasets\train_on_2025_all\images\frame_00064_jpg.rf.86f485686e88047b564497ab911c37e7.jpg,train
datasets\train_on_2025_all\images\frame_00065_jpg.rf.2fecb18c022aacb567fe8a347423d75c.jpg,train
datasets\train_on_2025_all\images\frame_00065_jpg.rf.8700323a2a9e9d964ec04d68f9d5e8b6.jpg,train
datasets\train_on_2025_all\images\frame_00065_jpg.rf.99083a68d4c43a665065efe457626ac6.jpg,train
datasets\train_on_2025_all\images\frame_00065_jpg.rf.ad2df89dd180dbf0babe19215a112e7b.jpg,train
datasets\train_on_2025_all\images\frame_00065_jpg.rf.b59dfd973073deaab029a828c64fb498.jpg,train
datasets\train_on_2025_all\images\frame_00066_jpg.rf.5486a3b1401cac03636500a0223be999.jpg,train
datasets\train_on_2025_all\images\frame_00066_jpg.rf.614efc16a5637063a474e0c46fdafe6e.jpg,train
datasets\train_on_2025_all\images\frame_00066_jpg.rf.8bde41af216c30aec21fd4b66475b86f.jpg,train
datasets\train_on_2025_all\images\frame_00066_jpg.rf.decdb418c3d75c21af81ce42b7118e38.jpg,train
datasets\train_on_2025_all\images\frame_00066_jpg.rf.f0bfec309ee70e80231740077bc44974.jpg,train
datasets\train_on_2025_all\images\frame_00067_jpg.rf.0cb0290ec731d4050f187d074cd3b57e.jpg,train
datasets\train_on_2025_all\images\frame_00067_jpg.rf.6a6f462df834b8f2289e313f7a046a55.jpg,train
datasets\train_on_2025_all\images\frame_00067_jpg.rf.95f97b9cc1628596d78f780f0ac49896.jpg,train
datasets\train_on_2025_all\images\frame_00067_jpg.rf.9fd02056dfab28b8ca54fec4273c15a8.jpg,train
datasets\train_on_2025_all\images\frame_00067_jpg.rf.c71d55d978ff1f30b7d831b1229a6b43.jpg,train
datasets\train_on_2025_all\images\frame_00067_jpg.rf.f926886bccae32320fbde4c0e66a5f25.jpg,train
datasets\train_on_2025_all\images\frame_00068_jpg.rf.7c29fa7ba7d3467035279559ef29e634.jpg,train
datasets\train_on_2025_all\images\frame_00068_jpg.rf.a67bab7791e286797ba38ec753e2c5a3.jpg,train
datasets\train_on_2025_all\images\frame_00068_jpg.rf.a8e02fd6da672c79207a6604cec3775c.jpg,train
datasets\train_on_2025_all\images\frame_00069_jpg.rf.02f0cb1ba38f161301b829aa996b503a.jpg,train
datasets\train_on_2025_all\images\frame_00069_jpg.rf.25903dade13f6786a961b879e9e00099.jpg,train
datasets\train_on_2025_all\images\frame_00069_jpg.rf.5c19e671d57e808a75859b2a65e61b4e.jpg,train
datasets\train_on_2025_all\images\frame_00069_jpg.rf.7a062688ebdb7aafae7c004d1d99b92f.jpg,train
datasets\train_on_2025_all\images\frame_00070_jpg.rf.1055c0bb42696c104aca0cc0188701a5.jpg,train
datasets\train_on_2025_all\images\frame_00070_jpg.rf.26075beb24dc5f8bd482d787a3f3648f.jpg,train
datasets\train_on_2025_all\images\frame_00070_jpg.rf.294ce74478c2894004633cb722f9002c.jpg,train
datasets\train_on_2025_all\images\frame_00070_jpg.rf.304f3ab90a7aee2851d1e89274c6ed86.jpg,train
datasets\train_on_2025_all\images\frame_00070_jpg.rf.bb375883367ae598d50f1b20c14b9a88.jpg,train
datasets\train_on_2025_all\images\frame_00070_jpg.rf.ee3da37a8e0c69be24485bcbded502db.jpg,train
datasets\train_on_2025_all\images\frame_00071_jpg.rf.2dded6e34e5661348f17859b13f442e2.jpg,train
datasets\train_on_2025_all\images\frame_00071_jpg.rf.3608209924cc34eb455da72175ee77e9.jpg,train
datasets\train_on_2025_all\images\frame_00071_jpg.rf.6376ee5c1432adedcc40e6ce8a7a4a33.jpg,train
datasets\train_on_2025_all\images\frame_00071_jpg.rf.7b86287905d99386d4257967c0bef6ed.jpg,train
datasets\train_on_2025_all\images\frame_00071_jpg.rf.86aa7b60d99a01c09b275e5d85cf90dc.jpg,train
datasets\train_on_2025_all\images\frame_00071_jpg.rf.aaadead2f0ebeff87f5495ff244424da.jpg,train
datasets\train_on_2025_all\images\frame_00072_jpg.rf.3652c6227a9c2200d48c2b9cf058e621.jpg,train
datasets\train_on_2025_all\images\frame_00072_jpg.rf.3ca265c8a06a686862daffccdf96226a.jpg,train
datasets\train_on_2025_all\images\frame_00072_jpg.rf.4d492c356a33bb32bf2c0bfddbd0528f.jpg,train
datasets\train_on_2025_all\images\frame_00072_jpg.rf.7e03e6a8f6c089648242df24afa8be68.jpg,train
datasets\train_on_2025_all\images\frame_00072_jpg.rf.a74294f2d8fd1435221b001f1f28a28c.jpg,train
datasets\train_on_2025_all\images\frame_00072_jpg.rf.e1d3ee74d12a57ea4f3a616c6427caa5.jpg,train
datasets\train_on_2025_all\images\frame_00072_jpg.rf.fe846e2275e5ee3d03b0c7a54edd798a.jpg,train
datasets\train_on_2025_all\images\frame_00073_jpg.rf.f13c3c89b945e5a7f46c7b8e1f448604.jpg,train
datasets\train_on_2025_all\images\frame_00074_jpg.rf.4f8236ced638522b54875eeae2f78fec.jpg,train
datasets\train_on_2025_all\images\frame_00074_jpg.rf.635441b8e7aa45244e58e4b08f205b69.jpg,train
datasets\train_on_2025_all\images\frame_00074_jpg.rf.880e91bcfd8e5e8531e244a564b0b03c.jpg,train
datasets\train_on_2025_all\images\frame_00074_jpg.rf.b6f97053362a7fbcaaafae39845330b8.jpg,train
datasets\train_on_2025_all\images\frame_00074_jpg.rf.d5a111eb744552298a852fa93ebc5897.jpg,train
datasets\train_on_2025_all\images\frame_00075_jpg.rf.1a4818da34cacee1cfa1fb3faabfebcd.jpg,train
datasets\train_on_2025_all\images\frame_00075_jpg.rf.399bf6b407d4115bfb4e938350668ffd.jpg,train
datasets\train_on_2025_all\images\frame_00075_jpg.rf.3c50abbcc4e67c39c751ada87085a996.jpg,train
datasets\train_on_2025_all\images\frame_00075_jpg.rf.7a94bb12511c49e1feb94ef761442de7.jpg,train
datasets\train_on_2025_all\images\frame_00075_jpg.rf.a62d166cf4e2df0444f73c8a8a6c32c0.jpg,train
datasets\train_on_2025_all\images\frame_00075_jpg.rf.fd35b395368da65490deb8833e478cdc.jpg,train
datasets\train_on_2025_all\images\frame_00076_jpg.rf.1b801b6f6969c18329be1e860f31f41e.jpg,train
datasets\train_on_2025_all\images\frame_00076_jpg.rf.3cb5f9fc2c76cbb07f9f51267885cdf2.jpg,train
datasets\train_on_2025_all\images\frame_00076_jpg.rf.8150792c48a14f4a6093f6e78fbb90bd.jpg,train
datasets\train_on_2025_all\images\frame_00076_jpg.rf.9b7801d1355d5c7cf4eb90ed10bc8953.jpg,train
datasets\train_on_2025_all\images\frame_00076_jpg.rf.dbe7aca809c3709b36669bfbbb721800.jpg,train
datasets\train_on_2025_all\images\frame_00076_jpg.rf.fd8678a9ae684e8234dcb6c0e937b2c5.jpg,train
datasets\train_on_2025_all\images\frame_00077_jpg.rf.13cc7cb6c80a9bcb4942477416461267.jpg,train
datasets\train_on_2025_all\images\frame_00077_jpg.rf.a3e28547f8d9e75b02574f44c458ecc0.jpg,train
datasets\train_on_2025_all\images\frame_00077_jpg.rf.e59ee29e213695de4b1376c3b22f597d.jpg,train
datasets\train_on_2025_all\images\frame_00078_jpg.rf.194dbdba4074b472aa06c9535550ce02.jpg,train
datasets\train_on_2025_all\images\frame_00078_jpg.rf.504daa7cc396a94fa83625cb6fb21ff5.jpg,train
datasets\train_on_2025_all\images\frame_00078_jpg.rf.941d283f666ad7a9d4b3bf846f1e2d56.jpg,train
datasets\train_on_2025_all\images\frame_00078_jpg.rf.a14a477a07cfdb173ec6ff3ff39d3426.jpg,train
datasets\train_on_2025_all\images\frame_00078_jpg.rf.d037d579470633f958a66795ae987b27.jpg,train
datasets\train_on_2025_all\images\frame_00079_jpg.rf.4ff520ddb3af10ad0b92b5954946d874.jpg,train
datasets\train_on_2025_all\images\frame_00079_jpg.rf.624e5de7201ebbb4ba075ea14299ccfb.jpg,train
datasets\train_on_2025_all\images\frame_00079_jpg.rf.728a0a9479baaa9797f8133e7d915e4f.jpg,train
datasets\train_on_2025_all\images\frame_00079_jpg.rf.8ae3de75adbf2bdb21e38c77910f3c85.jpg,train
datasets\train_on_2025_all\images\frame_00079_jpg.rf.d5d28d8a5eca384dc1dc208ad39df2c1.jpg,train
datasets\train_on_2025_all\images\frame_00079_jpg.rf.e638378c2be889e46da35047eedd3201.jpg,train
datasets\train_on_2025_all\images\frame_00079_jpg.rf.fcd18ebd156210f139b9ab564b46febb.jpg,train
datasets\train_on_2025_all\images\frame_00080_jpg.rf.3ad17b4e998d1ab95e1255ea346784d2.jpg,train
datasets\train_on_2025_all\images\frame_00080_jpg.rf.4db069dc879101cec5e3458542ce7731.jpg,train
datasets\train_on_2025_all\images\frame_00081_jpg.rf.11887f9ab5908308bb3c1817ecf94e3e.jpg,train
datasets\train_on_2025_all\images\frame_00081_jpg.rf.4b42785a64fce5ce1cf312fda55f1a3e.jpg,train
datasets\train_on_2025_all\images\frame_00081_jpg.rf.63dd2053fa205ac5e4c4a8b6a69b769e.jpg,train
datasets\train_on_2025_all\images\frame_00081_jpg.rf.88ce8e48fff75b03c58083696451802e.jpg,train
datasets\train_on_2025_all\images\frame_00082_jpg.rf.90cd22253090ef1fbd19d80574dc131a.jpg,train
datasets\train_on_2025_all\images\frame_00082_jpg.rf.9920e1bedaa7dd9207dc7f087f0a1ced.jpg,train
datasets\train_on_2025_all\images\frame_00082_jpg.rf.b06217ea09d421999acb6746db3ccad1.jpg,train
datasets\train_on_2025_all\images\frame_00082_jpg.rf.c218207094b459fa878d95555d0927cb.jpg,train
datasets\train_on_2025_all\images\frame_00082_jpg.rf.d2890528062dfc703f5b43214247f903.jpg,train
datasets\train_on_2025_all\images\frame_00082_jpg.rf.e0204946a265f86a31495b76026a5d8d.jpg,train
datasets\train_on_2025_all\images\frame_00082_jpg.rf.ecd26f50652ac7457fa23bc83dc0ca39.jpg,train
datasets\train_on_2025_all\images\frame_00083_jpg.rf.049f7ea9ad42d3e8413f59247b6a322d.jpg,train
datasets\train_on_2025_all\images\frame_00083_jpg.rf.33a0e15c0be731a623abcfcbe06dade5.jpg,train
datasets\train_on_2025_all\images\frame_00083_jpg.rf.9607906f487bb5d7bbee5ae8d622b187.jpg,train
datasets\train_on_2025_all\images\frame_00083_jpg.rf.97c728206a90ea09a6def13141f2e0b4.jpg,train
datasets\train_on_2025_all\images\frame_00083_jpg.rf.ea885b9c4b3a8f5456d574c6a5af1637.jpg,train
datasets\train_on_2025_all\images\frame_00083_jpg.rf.f18de3c9817e55b9755093d0e552dc04.jpg,train
datasets\train_on_2025_all\images\frame_00083_jpg.rf.fd9106caad80a1970676db79de8abb5f.jpg,train
datasets\train_on_2025_all\images\frame_00084_jpg.rf.05c0652f6952f1f2614b42dee2aae20f.jpg,train
datasets\train_on_2025_all\images\frame_00084_jpg.rf.86ca6d772a18a85c34cb9b09fc624e2d.jpg,train
datasets\train_on_2025_all\images\frame_00084_jpg.rf.8ff070fd0f090f60ead95a56a496f036.jpg,train
datasets\train_on_2025_all\images\frame_00084_jpg.rf.95cc8d7188711f21b4e304fd4f89d67d.jpg,train
datasets\train_on_2025_all\images\frame_00084_jpg.rf.b03fdbbeed3d555106412116f4ba62c5.jpg,train
datasets\train_on_2025_all\images\frame_00084_jpg.rf.be4e6188b6ef0533fd828220a9daf91d.jpg,train
datasets\train_on_2025_all\images\frame_00085_jpg.rf.1161fca6571b4ad91231bf29e580b421.jpg,train
datasets\train_on_2025_all\images\frame_00085_jpg.rf.6cbf5cf3e20e7c34b749020a3e1b984d.jpg,train
datasets\train_on_2025_all\images\frame_00085_jpg.rf.750f34d787974ff6c8c80b7f34b43cc0.jpg,train
datasets\train_on_2025_all\images\frame_00085_jpg.rf.ecce20b9f85124d9b51b20733f86ee05.jpg,train
datasets\train_on_2025_all\images\frame_00085_jpg.rf.fa2421e69682de63bcb464de02e68eaf.jpg,train
datasets\train_on_2025_all\images\frame_00085_jpg.rf.fcbe9a885e3254846da5e39e39df7076.jpg,train
datasets\train_on_2025_all\images\frame_00086_jpg.rf.231a8ca5c74a529a2d6f1d7e6633aaea.jpg,train
datasets\train_on_2025_all\images\frame_00086_jpg.rf.38d25f6e9238641c8f3f68a1dcd0feba.jpg,train
datasets\train_on_2025_all\images\frame_00086_jpg.rf.ccb77c006309cba021e0b42f529b9105.jpg,train
datasets\train_on_2025_all\images\frame_00087_jpg.rf.702b838c9f5387c482d8281c65ca83c3.jpg,train
datasets\train_on_2025_all\images\frame_00087_jpg.rf.7cb87a27d76c6be6a9a9223e89785e14.jpg,train
datasets\train_on_2025_all\images\frame_00088_jpg.rf.5d4c6e509de053a39b55f30a64becc79.jpg,train
datasets\train_on_2025_all\images\frame_00088_jpg.rf.5da0f12485b1e6a02aacd4b8333ea691.jpg,train
datasets\train_on_2025_all\images\frame_00088_jpg.rf.91e8a70545c1721b815477917db02a4f.jpg,train
datasets\train_on_2025_all\images\frame_00088_jpg.rf.9d925ed0828f2d28c440c1f70764ee62.jpg,train
datasets\train_on_2025_all\images\frame_00088_jpg.rf.d632c5137fbbda859be9d6c361b22846.jpg,train
datasets\train_on_2025_all\images\frame_00088_jpg.rf.e9378952f52cfdeb79796f81477908e3.jpg,train
datasets\train_on_2025_all\images\frame_00088_jpg.rf.ebecc63fddba84b66d9fb72b958e09e4.jpg,train
datasets\train_on_2025_all\images\frame_00089_jpg.rf.8a5da7b6a4b7a8c8807b5f50f1fab6c3.jpg,train
datasets\train_on_2025_all\images\frame_00089_jpg.rf.a4c637e0cb439e74ec226424f9a2e2ba.jpg,train
datasets\train_on_2025_all\images\frame_00089_jpg.rf.d086e38f5e66f33a99f9e4efbdcec98f.jpg,train
datasets\train_on_2025_all\images\frame_00090_jpg.rf.1453d75906f6168bfaf20fe8f8ea988c.jpg,train
datasets\train_on_2025_all\images\frame_00090_jpg.rf.2cd8b22f5de151c74c68ac7b1c63f48e.jpg,train
datasets\train_on_2025_all\images\frame_00090_jpg.rf.6ebb4d785214a49764d33dfcde83ee22.jpg,train
datasets\train_on_2025_all\images\frame_00090_jpg.rf.7ea47bf9a6bc888c967cf51784b61d75.jpg,train
datasets\train_on_2025_all\images\frame_00090_jpg.rf.85c1060ab62efb7561ae3edbf5c7641c.jpg,train
datasets\train_on_2025_all\images\frame_00090_jpg.rf.b38b94e1f8466f86b0794254433f0e63.jpg,train
datasets\train_on_2025_all\images\frame_00090_jpg.rf.f9e089d1ed97088bd634444b6e2a8fae.jpg,train
datasets\train_on_2025_all\images\frame_00091_jpg.rf.49a020127958af0f36f0760848f8bac6.jpg,train
datasets\train_on_2025_all\images\frame_00091_jpg.rf.974b6b31b7262170ed0c6352309f4189.jpg,train
datasets\train_on_2025_all\images\frame_00091_jpg.rf.9e21a184196a39949dc2b962f9ee8710.jpg,train
datasets\train_on_2025_all\images\frame_00091_jpg.rf.aebe15e8d901546151e924e367e5c36b.jpg,train
datasets\train_on_2025_all\images\frame_00091_jpg.rf.bbbc7a96b4f205b7acb274fece3594ff.jpg,train
datasets\train_on_2025_all\images\frame_00091_jpg.rf.c2bf8d118dbde4895a08f0754254cde2.jpg,train
datasets\train_on_2025_all\images\frame_00091_jpg.rf.eb58b6570b5d5863afe9af6143227bfd.jpg,train
datasets\train_on_2025_all\images\frame_00092_jpg.rf.31c834486d2db4945cc8c40280c4135a.jpg,train
datasets\train_on_2025_all\images\frame_00092_jpg.rf.4d717835b6bbbea0a2429fffd5d837b2.jpg,train
datasets\train_on_2025_all\images\frame_00092_jpg.rf.5a2ce7fd47018b934894efac416a8425.jpg,train
datasets\train_on_2025_all\images\frame_00092_jpg.rf.b9d633fa9859970640e47f390fd85d08.jpg,train
datasets\train_on_2025_all\images\frame_00092_jpg.rf.e6d1fed4322e6020e638f9f560df7cc4.jpg,train
datasets\train_on_2025_all\images\frame_00093_jpg.rf.7a49d46dc68fb93f5e9a3aaf771c702d.jpg,train
datasets\train_on_2025_all\images\frame_00093_jpg.rf.9f4ffe2fd18580197a7bed003d4756c7.jpg,train
datasets\train_on_2025_all\images\frame_00093_jpg.rf.ef88df0205a9e04078fbea973180aabb.jpg,train
datasets\train_on_2025_all\images\frame_00094_jpg.rf.d2bc79b48cd26edc645ff9dceff78342.jpg,train
datasets\train_on_2025_all\images\frame_00094_jpg.rf.f19b4af8d8c378e5460624e1574b5b22.jpg,train
datasets\train_on_2025_all\images\frame_00095_jpg.rf.9f2b780fde5897e80b47d2037bbe3061.jpg,train
datasets\train_on_2025_all\images\frame_00095_jpg.rf.bba0cc34425cbd919b74e3322c8695d5.jpg,train
datasets\train_on_2025_all\images\frame_00095_jpg.rf.dafb561a70c86e56c77a9776ead87a97.jpg,train
datasets\train_on_2025_all\images\frame_00096_jpg.rf.9f2c5777b312c737c0ee914fad21cda3.jpg,train
datasets\train_on_2025_all\images\frame_00096_jpg.rf.a8fb15b77325172017894c8a56f5ecb2.jpg,train
datasets\train_on_2025_all\images\frame_00096_jpg.rf.deb46a3b4aaed8f73db0e74e05bddd85.jpg,train
datasets\train_on_2025_all\images\frame_00096_jpg.rf.e538ab7f15211b59a67584363b50e54e.jpg,train
datasets\train_on_2025_all\images\frame_00096_jpg.rf.ea30fd5da54402eba4d7ba755b1aa607.jpg,train
datasets\train_on_2025_all\images\frame_00097_jpg.rf.016efc57307cad84a5680d4e27eb89e4.jpg,train
datasets\train_on_2025_all\images\frame_00097_jpg.rf.23026e3481b08a9bf2cdb18f2d54b3ae.jpg,train
datasets\train_on_2025_all\images\frame_00097_jpg.rf.876cea64d3fe6ba66a95ed1d3fd15f97.jpg,train
datasets\train_on_2025_all\images\frame_00097_jpg.rf.c95137855b1c0b04c0cc726eaae02669.jpg,train
datasets\train_on_2025_all\images\frame_00097_jpg.rf.ca748125b041e9cded5d3b32ca1ddb0b.jpg,train
datasets\train_on_2025_all\images\frame_00097_jpg.rf.d2e10cecec01f1aeefa4a8d24f0931a9.jpg,train
datasets\train_on_2025_all\images\frame_00098_jpg.rf.419ba1e4b0df0e0d7ba65595a1b51c01.jpg,train
datasets\train_on_2025_all\images\frame_00098_jpg.rf.612a3e44d02f79a8a0760687f96268bf.jpg,train
datasets\train_on_2025_all\images\frame_00098_jpg.rf.ddb4874e1fb31104eab5a006623ff744.jpg,train
datasets\train_on_2025_all\images\frame_00098_jpg.rf.e6cc1c730c742d9f46408d3a1b080450.jpg,train
datasets\train_on_2025_all\images\frame_00099_jpg.rf.314941d067e31f23c281bc9f42a17afc.jpg,train
datasets\train_on_2025_all\images\frame_00099_jpg.rf.90d8f23910b11d6b27e6c9fc9f07baf9.jpg,train
datasets\train_on_2025_all\images\frame_00099_jpg.rf.db7b17a68edd2ede531c5e0abf92bb30.jpg,train
datasets\train_on_2025_all\images\frame_00099_jpg.rf.e0c45ea51ca6baabb3cb86611713d26d.jpg,train
datasets\train_on_2025_all\images\frame_00099_jpg.rf.e46b35da7299b159c1b5ddb7a6e85744.jpg,train
datasets\train_on_2025_all\images\frame_00099_jpg.rf.e7db7dcfe32749a8245a9296982dcb4d.jpg,train
datasets\train_on_2025_all\images\frame_00099_jpg.rf.eb5b69ba439af0ff705fa68b38432c26.jpg,train
datasets\train_on_2025_all\images\frame_00099_jpg.rf.ec536df61e8504da0401145af600698d.jpg,train
datasets\train_on_2025_all\images\frame_00100_jpg.rf.1235f4977071ecf2e9abcf3fc457467f.jpg,train
datasets\train_on_2025_all\images\frame_00100_jpg.rf.32ddcea70f54ee615ea0f5b9bf425dc8.jpg,train
datasets\train_on_2025_all\images\frame_00100_jpg.rf.3a65139c59024b3587bdb39de0204018.jpg,train
datasets\train_on_2025_all\images\frame_00100_jpg.rf.60af75aaecab8c9cc7f3cbbecd6909f8.jpg,train
datasets\train_on_2025_all\images\frame_00100_jpg.rf.8b0feb6cc9b36085d4e59dca973a063f.jpg,train
datasets\train_on_2025_all\images\frame_00100_jpg.rf.976539325b2224a2b7735c48903e3960.jpg,train
datasets\train_on_2025_all\images\frame_00100_jpg.rf.dfb4b4df24c8223816f99e10a08cc818.jpg,train
datasets\train_on_2025_all\images\frame_00101_jpg.rf.456db364053d589b5146839f799eee5d.jpg,train
datasets\train_on_2025_all\images\frame_00101_jpg.rf.50f2393476b5569f06686c2c79e8a176.jpg,train
datasets\train_on_2025_all\images\frame_00101_jpg.rf.6da38b4835a6504f20837886122c3d65.jpg,train
datasets\train_on_2025_all\images\frame_00101_jpg.rf.7b375c7e938c979cf83a257be2318498.jpg,train
datasets\train_on_2025_all\images\frame_00102_jpg.rf.02cb9814887c6708aff5be8b9e390b31.jpg,train
datasets\train_on_2025_all\images\frame_00102_jpg.rf.31c27773730eadd8dac837807eb65283.jpg,train
datasets\train_on_2025_all\images\frame_00102_jpg.rf.5412d4c86b50f5871d506e1337754386.jpg,train
datasets\train_on_2025_all\images\frame_00102_jpg.rf.6c1e095fcadb2f15dbae7991f90b8166.jpg,train
datasets\train_on_2025_all\images\frame_00102_jpg.rf.78f088c602119c1e41d78095bf96c973.jpg,train
datasets\train_on_2025_all\images\frame_00102_jpg.rf.79a07a53c245b4af1a180965d8b669fe.jpg,train
datasets\train_on_2025_all\images\frame_00102_jpg.rf.aab8ce303692aec3d50bdfb845a04b39.jpg,train
datasets\train_on_2025_all\images\frame_00102_jpg.rf.b4b0d3c3cfd74f4d89150d2ce9d40ff8.jpg,train
datasets\train_on_2025_all\images\frame_00103_jpg.rf.210596cdee04f60edb831fd18280b32f.jpg,train
datasets\train_on_2025_all\images\frame_00103_jpg.rf.985dfe9db41219fff0eba5d8cd0dae28.jpg,train
datasets\train_on_2025_all\images\frame_00103_jpg.rf.cd17b01b2679fbdddc5bece7681ed711.jpg,train
datasets\train_on_2025_all\images\frame_00103_jpg.rf.cee9890aaba090e70691ca47fd359aed.jpg,train
datasets\train_on_2025_all\images\frame_00103_jpg.rf.ee0047dbd8ef27c3bc20335c85779a66.jpg,train
datasets\train_on_2025_all\images\frame_00104_jpg.rf.1593257adfa87dd48549a0b5f3afe258.jpg,train
datasets\train_on_2025_all\images\frame_00104_jpg.rf.1b82511f026d2ee9719302eca42115f6.jpg,train
datasets\train_on_2025_all\images\frame_00104_jpg.rf.8b3a462cac5c6f9f0aa05a23dbfe9ac3.jpg,train
datasets\train_on_2025_all\images\frame_00105_jpg.rf.21d28dd99b370eaf6209eb167614ab26.jpg,train
datasets\train_on_2025_all\images\frame_00105_jpg.rf.4e8a9c70c261a3c83d2c75a8f124d994.jpg,train
datasets\train_on_2025_all\images\frame_00105_jpg.rf.7d9d7761799cbb9637a611f62384e17f.jpg,train
datasets\train_on_2025_all\images\frame_00106_jpg.rf.2e5d2a0711cb22548ae8b972f046d915.jpg,train
datasets\train_on_2025_all\images\frame_00106_jpg.rf.3c52962705f3a6e6796849d4f945be59.jpg,train
datasets\train_on_2025_all\images\frame_00107_jpg.rf.6bfd86ab27525baf10a6d6b7eb549c2f.jpg,train
datasets\train_on_2025_all\images\frame_00107_jpg.rf.92729fdb20016a5b364533beed8806ab.jpg,train
datasets\train_on_2025_all\images\frame_00107_jpg.rf.a36623f85ff058b13e804b7b3ccc03f0.jpg,train
datasets\train_on_2025_all\images\frame_00107_jpg.rf.e16c7c48ad47fbdc234ad34eef2a83e9.jpg,train
datasets\train_on_2025_all\images\frame_00107_jpg.rf.e772a62db23b6bb70035e791b7c9d953.jpg,train
datasets\train_on_2025_all\images\frame_00108_jpg.rf.1d8904494a39ab8da2036eaa669c3334.jpg,train
datasets\train_on_2025_all\images\frame_00108_jpg.rf.80c727a9f296bc0dfa8a2a786434d315.jpg,train
datasets\train_on_2025_all\images\frame_00108_jpg.rf.82c92227dba85b483a0c201e5dcd031d.jpg,train
datasets\train_on_2025_all\images\frame_00108_jpg.rf.e1aa4854c204f5f6f7d86a9e827d1421.jpg,train
datasets\train_on_2025_all\images\frame_00109_jpg.rf.2616555ce1f93e8d5963cbfc407264b2.jpg,train
datasets\train_on_2025_all\images\frame_00109_jpg.rf.48941e207f99b47e91f82bec816fc799.jpg,train
datasets\train_on_2025_all\images\frame_00109_jpg.rf.a95b5d0fedaf5795d70e2943918ff3f9.jpg,train
datasets\train_on_2025_all\images\frame_00109_jpg.rf.ab809a5bfd374d01ed63e215a16bbac8.jpg,train
datasets\train_on_2025_all\images\frame_00109_jpg.rf.cc864daacc2935b237f8485c15226d8c.jpg,train
datasets\train_on_2025_all\images\frame_00109_jpg.rf.e13574e9fa0a18843c5980fe71ef8112.jpg,train
datasets\train_on_2025_all\images\frame_00110_jpg.rf.99016d837cca7a457129e051510c08c9.jpg,train
datasets\train_on_2025_all\images\frame_00110_jpg.rf.d53bfc94f20ed3f4043023777bb77a7e.jpg,train
datasets\train_on_2025_all\images\frame_00110_jpg.rf.e16d30e2db9ee0997926eeea2c620d03.jpg,train
datasets\train_on_2025_all\images\frame_00111_jpg.rf.2a1796c2dd010a8cccc02a015c649fb2.jpg,train
datasets\train_on_2025_all\images\frame_00111_jpg.rf.802f1272aae167f610f57de1efa88bfa.jpg,train
datasets\train_on_2025_all\images\frame_00111_jpg.rf.93cb990c21c2fbde45c4a2e7ebfba9a3.jpg,train
datasets\train_on_2025_all\images\frame_00111_jpg.rf.c2aecab6cda3ed5c90407a33ef59bfee.jpg,train
datasets\train_on_2025_all\images\frame_00111_jpg.rf.e119b2b8a48bd07171abb381a1cd9586.jpg,train
datasets\train_on_2025_all\images\frame_00111_jpg.rf.f24ebfe54058aa63a50a74898323ceef.jpg,train
datasets\train_on_2025_all\images\frame_00111_jpg.rf.f5507508349988f0f4b1e969b9416ea4.jpg,train
datasets\train_on_2025_all\images\frame_00112_jpg.rf.06dcb17cb5a78973490bad65d47f0c29.jpg,train
datasets\train_on_2025_all\images\frame_00112_jpg.rf.958fa799d8168c0eb6f65f8ba9aaecd7.jpg,train
datasets\train_on_2025_all\images\frame_00112_jpg.rf.ae2c9697618e454b657dbc4c8cf9389f.jpg,train
datasets\train_on_2025_all\images\frame_00112_jpg.rf.c3d2a12078cbb07078d57cc9a654adb5.jpg,train
datasets\train_on_2025_all\images\frame_00113_jpg.rf.444c3f82e39beae3824ad70ad300e72b.jpg,train
datasets\train_on_2025_all\images\frame_00113_jpg.rf.74037c0447afe6169bab822371c6aa94.jpg,train
datasets\train_on_2025_all\images\frame_00113_jpg.rf.b9042cd6db344c7189821be6492d1f5c.jpg,train
datasets\train_on_2025_all\images\frame_00114_jpg.rf.6ed9e9b499d5d829c1738439557a19d7.jpg,train
datasets\train_on_2025_all\images\frame_00115_jpg.rf.4d356b7cc359605444bd1fdaa19e5c02.jpg,train
datasets\train_on_2025_all\images\frame_00115_jpg.rf.b2c4f1521f87f1a28e6602516cfc0366.jpg,train
datasets\train_on_2025_all\images\frame_00115_jpg.rf.bdd0cb0709be506b0d205ca82d9f9f48.jpg,train
datasets\train_on_2025_all\images\frame_00115_jpg.rf.be4b4fa2ca9c26045f79efa5bf130d0c.jpg,train
datasets\train_on_2025_all\images\frame_00115_jpg.rf.d917ac88808bd53fa642e599d6d855f2.jpg,train
datasets\train_on_2025_all\images\frame_00115_jpg.rf.e49eec444cc3bf75fa3a16b1d3d910f2.jpg,train
datasets\train_on_2025_all\images\frame_00116_jpg.rf.12c976732f54a2eacd78ab608f401a74.jpg,train
datasets\train_on_2025_all\images\frame_00116_jpg.rf.73f5aea5412dd082e45ae63003202643.jpg,train
datasets\train_on_2025_all\images\frame_00116_jpg.rf.9e1618cbc68b1e859eb80415375c8baa.jpg,train
datasets\train_on_2025_all\images\frame_00116_jpg.rf.a2e48d3137969be32af15ae91eac0b8f.jpg,train
datasets\train_on_2025_all\images\frame_00116_jpg.rf.a98bec3a4f672c9b1f94cc8b5003d50c.jpg,train
datasets\train_on_2025_all\images\frame_00116_jpg.rf.c24691d250cefd1a2ab281298ef36a6b.jpg,train
datasets\train_on_2025_all\images\frame_00116_jpg.rf.fe588a2b52b8ce9b437976e6cd2b3bea.jpg,train
datasets\train_on_2025_all\images\frame_00117_jpg.rf.3ac0a78346d907b368b82e567cefcc41.jpg,train
datasets\train_on_2025_all\images\frame_00117_jpg.rf.85d91bd7e6b3df069a2465bc9323989d.jpg,train
datasets\train_on_2025_all\images\frame_00117_jpg.rf.b0c0d6a89c281ec2402d052329d19134.jpg,train
datasets\train_on_2025_all\images\frame_00117_jpg.rf.de52549f73f9d80a939f45363b3456d6.jpg,train
datasets\train_on_2025_all\images\frame_00118_jpg.rf.02013eb21818389cabd7c810a760e637.jpg,train
datasets\train_on_2025_all\images\frame_00118_jpg.rf.1a20fc20265dbbd4b6ef38f72aa3c66c.jpg,train
datasets\train_on_2025_all\images\frame_00118_jpg.rf.3d7031cdcced808879ec8b1e471662cd.jpg,train
datasets\train_on_2025_all\images\frame_00118_jpg.rf.5fc65c6e1e9453835dbf92360317dfe5.jpg,train
datasets\train_on_2025_all\images\frame_00118_jpg.rf.8e1b85964168f947b0cc4204d663c21c.jpg,train
datasets\train_on_2025_all\images\frame_00118_jpg.rf.989f726a8f6af5078af9eff2ec7a928a.jpg,train
datasets\train_on_2025_all\images\frame_00118_jpg.rf.a57aca8cad3c454b596b8c444318f576.jpg,train
datasets\train_on_2025_all\images\frame_00118_jpg.rf.d01c724cc835963c5e577910080fe6f5.jpg,train
datasets\train_on_2025_all\images\frame_00119_jpg.rf.0c3ed7715882d5af385bc6370656f42a.jpg,train
datasets\train_on_2025_all\images\frame_00119_jpg.rf.8639e4158518e728eca73c00f72f20c0.jpg,train
datasets\train_on_2025_all\images\frame_00119_jpg.rf.cd31434af642b5de735c4a9ed7bba404.jpg,train
datasets\train_on_2025_all\images\frame_00120_jpg.rf.03286f38fcc5c0cc0e27cde063b92931.jpg,train
datasets\train_on_2025_all\images\frame_00120_jpg.rf.350501838c95d7008037892e43b15603.jpg,train
datasets\train_on_2025_all\images\frame_00120_jpg.rf.56d20ea5f926068fa96d9ab480ac9031.jpg,train
datasets\train_on_2025_all\images\frame_00120_jpg.rf.7149733cb63915f039bc7d97e8226486.jpg,train
datasets\train_on_2025_all\images\frame_00120_jpg.rf.7d7dfc00e5c75e7072b13d2dda6e6bbe.jpg,train
datasets\train_on_2025_all\images\frame_00120_jpg.rf.ada370c3ba24caf68f8224ff3b0d9ee0.jpg,train
datasets\train_on_2025_all\images\frame_00121_jpg.rf.37a248aa5c93945ce985d27bf59705d8.jpg,train
datasets\train_on_2025_all\images\frame_00121_jpg.rf.59d11ebbdabc1a39a7a4dd9fef0fbf7a.jpg,train
datasets\train_on_2025_all\images\frame_00122_jpg.rf.4f8129ff20a42b04f93005171606ced5.jpg,train
datasets\train_on_2025_all\images\frame_00122_jpg.rf.91078bbea19b7e2cac43f7ba6235edc4.jpg,train
datasets\train_on_2025_all\images\frame_00122_jpg.rf.a4ef101157f6eee558b2110f359a51ec.jpg,train
datasets\train_on_2025_all\images\frame_00123_jpg.rf.04bd875f16df4719fd14a76c1210001c.jpg,train
datasets\train_on_2025_all\images\frame_00123_jpg.rf.1949aa6fcfd14a07164efbad80bce888.jpg,train
datasets\train_on_2025_all\images\frame_00123_jpg.rf.4f2ad28b325c4797c738e4d22ac32f15.jpg,train
datasets\train_on_2025_all\images\frame_00123_jpg.rf.516f86370658742f880782410029b2c8.jpg,train
datasets\train_on_2025_all\images\frame_00123_jpg.rf.8bad2c2726ee93d93ad23d450b4c2c65.jpg,train
datasets\train_on_2025_all\images\frame_00123_jpg.rf.e65dac330b3b3a98e3c700ea137bf77f.jpg,train
datasets\train_on_2025_all\images\frame_00124_jpg.rf.454c0fb90c305f5c2fac713c3ff04901.jpg,train
datasets\train_on_2025_all\images\frame_00124_jpg.rf.49653cf9c03a53edfbcd68c08d3b3d53.jpg,train
datasets\train_on_2025_all\images\frame_00124_jpg.rf.a95bb1079e775cc8b0b156ca39e42617.jpg,train
datasets\train_on_2025_all\images\frame_00125_jpg.rf.76a359491a93abfbe591b3e6ad556163.jpg,train
datasets\train_on_2025_all\images\frame_00125_jpg.rf.b622299dc01b2b54c2c28fa16389a1a4.jpg,train
datasets\train_on_2025_all\images\frame_00126_jpg.rf.360f98d2d40d6b79a6ab8fcb877b1da1.jpg,train
datasets\train_on_2025_all\images\frame_00126_jpg.rf.ab43f518ef97b30a19d9610b646d7819.jpg,train
datasets\train_on_2025_all\images\frame_00127_jpg.rf.92f7d8d165cec57ed341966c69a50431.jpg,train
datasets\train_on_2025_all\images\frame_00127_jpg.rf.b0b41104fd63b4be6db846c1511dddc1.jpg,train
datasets\train_on_2025_all\images\frame_00127_jpg.rf.d03d30128cc59c0fe622e4eef3fcf48b.jpg,train
datasets\train_on_2025_all\images\frame_00128_jpg.rf.4f18726216e632a350b1364a02970e05.jpg,train
datasets\train_on_2025_all\images\frame_00128_jpg.rf.e2d3703ea001b6f133ba292cc8b0e99d.jpg,train
datasets\train_on_2025_all\images\frame_00129_jpg.rf.3f0ddf4fcaa5c0bdcf8b1b5fc2fbfac3.jpg,train
datasets\train_on_2025_all\images\frame_00129_jpg.rf.f3ba0cf91a2324749bf88043fc13c19c.jpg,train
datasets\train_on_2025_all\images\frame_00130_jpg.rf.2beb60324c9055adb7fd98615bf11c91.jpg,train
datasets\train_on_2025_all\images\frame_00130_jpg.rf.9ba54399d0aca61ca6b7b63f74b4e579.jpg,train
datasets\train_on_2025_all\images\frame_00130_jpg.rf.ec8fc695df5aa69c43e92708ae7c46d6.jpg,train
datasets\train_on_2025_all\images\frame_00130_jpg.rf.ff104f60aebfddfecbfe5a5b4f2eb169.jpg,train
datasets\train_on_2025_all\images\frame_00131_jpg.rf.19e736e59cb4939677702fa5d607f078.jpg,train
datasets\train_on_2025_all\images\frame_00131_jpg.rf.5f59d9f65560e78330110343825223fa.jpg,train
datasets\train_on_2025_all\images\frame_00131_jpg.rf.e4a0672861717e30d764854c71859adb.jpg,train
datasets\train_on_2025_all\images\frame_00132_jpg.rf.7027d5a04269c082f0fc7e6d0b321376.jpg,train
datasets\train_on_2025_all\images\frame_00132_jpg.rf.82a79c10e15eb9f8fac5ca40e1f09a31.jpg,train
datasets\train_on_2025_all\images\frame_00132_jpg.rf.9bf6db6b94654a736b2a77d4a6b5bb37.jpg,train
datasets\train_on_2025_all\images\frame_00132_jpg.rf.d7d4523fab28c6bc3e5836b69603c2b4.jpg,train
datasets\train_on_2025_all\images\frame_00132_jpg.rf.fbf4b7a1e1d0819318ee02a38e0ab5a3.jpg,train
datasets\train_on_2025_all\images\frame_00133_jpg.rf.19ed3827c6985607461d99f03a395cb5.jpg,train
datasets\train_on_2025_all\images\frame_00133_jpg.rf.265eb3b7fc260c4aa89ed310cebdf52a.jpg,train
datasets\train_on_2025_all\images\frame_00133_jpg.rf.680144c0658d4e46b038132227eec52b.jpg,train
datasets\train_on_2025_all\images\frame_00133_jpg.rf.7a64ca55f1b24010173ec878099c9730.jpg,train
datasets\train_on_2025_all\images\frame_00133_jpg.rf.b04bb132ce18417e3375c6d3e48da10a.jpg,train
datasets\train_on_2025_all\images\frame_00134_jpg.rf.157d7edf7144abd39e62fa4c91012396.jpg,train
datasets\train_on_2025_all\images\frame_00134_jpg.rf.f5ccf45a61e406cdafbe1962d31eb861.jpg,train
datasets\train_on_2025_all\images\frame_00135_jpg.rf.51b80e78348ed15dd6aaa9284aa30626.jpg,train
datasets\train_on_2025_all\images\frame_00135_jpg.rf.6c7f167fa13ebf875aa8ae86deb388ec.jpg,train
datasets\train_on_2025_all\images\frame_00135_jpg.rf.8d19f6ea905447d4f6f4db95cf0bf4c3.jpg,train
datasets\train_on_2025_all\images\frame_00135_jpg.rf.d65ae98da5097215c91ff2f2532bfd7c.jpg,train
datasets\train_on_2025_all\images\frame_00135_jpg.rf.e43132b67313829d52015e653a4484ea.jpg,train
datasets\train_on_2025_all\images\frame_00136_jpg.rf.1ee5a2652d565197d2578f587a16a3ec.jpg,train
datasets\train_on_2025_all\images\frame_00136_jpg.rf.8aace151a0a471330d6ef3caf29b9c8d.jpg,train
datasets\train_on_2025_all\images\frame_00136_jpg.rf.f51366dc3d4cb95bf750cc9800245338.jpg,train
datasets\train_on_2025_all\images\frame_00137_jpg.rf.c2f1f6abd932bd949902a45e5f4f89a3.jpg,train
datasets\train_on_2025_all\images\frame_00137_jpg.rf.eb9b7bb2f8d7b87285335e31910d68fb.jpg,train
datasets\train_on_2025_all\images\frame_00138_jpg.rf.1a5d07dca51b5a2b3695c2904ad9f592.jpg,train
datasets\train_on_2025_all\images\frame_00138_jpg.rf.2b94f2c3eb36c00ab23061d193c22385.jpg,train
datasets\train_on_2025_all\images\frame_00138_jpg.rf.8877fafbd47ee87b89942861b456e17f.jpg,train
datasets\train_on_2025_all\images\frame_00138_jpg.rf.9bc9f694797110d57a14cc35d9402f19.jpg,train
datasets\train_on_2025_all\images\frame_00138_jpg.rf.c64346564425b0dc6cc6a369598b97c3.jpg,train
datasets\train_on_2025_all\images\frame_00138_jpg.rf.df1dc8b2093db768918f09d7b2682aea.jpg,train
datasets\train_on_2025_all\images\frame_00139_jpg.rf.46a34e6bb558fed4ad6002598b1aa351.jpg,train
datasets\train_on_2025_all\images\frame_00140_jpg.rf.769ecf0fdf3e74241c810e18f6adcdef.jpg,train
datasets\train_on_2025_all\images\frame_00140_jpg.rf.f1a8a00ca8f8cb883b55b871c7ea8d93.jpg,train
datasets\train_on_2025_all\images\frame_00141_jpg.rf.f579336ed55e0244a5c390e83058ccbb.jpg,train
datasets\train_on_2025_all\images\frame_00142_jpg.rf.952f224b926303ed5e8d92dd3d6bde2a.jpg,train
datasets\train_on_2025_all\images\frame_00143_jpg.rf.a644fc6e18c8cb00ce65e810a751855b.jpg,train
datasets\train_on_2025_all\images\frame_00143_jpg.rf.bb8c1ab3dd97c075079159c0eef48a40.jpg,train
datasets\train_on_2025_all\images\frame_00143_jpg.rf.dd4b4668b1403a0689fb535fba746622.jpg,train
datasets\train_on_2025_all\images\frame_00143_jpg.rf.f161271f9ed71a83c92b87f630b1e3eb.jpg,train
datasets\train_on_2025_all\images\frame_00144_jpg.rf.27b74098ed4b0c4e45d5f724963908da.jpg,train
datasets\train_on_2025_all\images\frame_00144_jpg.rf.280199e5556f83dc6d5a536a6f0ed0f8.jpg,train
datasets\train_on_2025_all\images\frame_00144_jpg.rf.f421a82b9daaff7125de2a7e81ac69e6.jpg,train
datasets\train_on_2025_all\images\frame_00146_jpg.rf.22439534179d3e097ee7544d0793218e.jpg,train
datasets\train_on_2025_all\images\frame_00146_jpg.rf.c0ef702338015d12c408af401f8b84c5.jpg,train
datasets\train_on_2025_all\images\frame_00147_jpg.rf.07582adc829d3e4499b28a1faa1b84ac.jpg,train
datasets\train_on_2025_all\images\frame_00147_jpg.rf.5b907ce3a8037501fcc47c0ec08f3da3.jpg,train
datasets\train_on_2025_all\images\frame_00148_jpg.rf.f07c1d6e969fbc2600579f50c395ce27.jpg,train
datasets\train_on_2025_all\images\frame_00149_jpg.rf.737b2c9711d547becfb3a70b1ae5dd00.jpg,train
datasets\train_on_2025_all\images\frame_00151_jpg.rf.25127a208f319c87ca9eb1b0dc94d3ad.jpg,train
datasets\train_on_2025_all\images\frame_00151_jpg.rf.9960e8ba76a410d0c351f4b7699973d1.jpg,train
datasets\train_on_2025_all\images\frame_00151_jpg.rf.e202f0ec9e9321ab05df1decc671e4ad.jpg,train
datasets\train_on_2025_all\images\frame_00152_jpg.rf.14691596cbda4156410cbc179869a141.jpg,train
datasets\train_on_2025_all\images\frame_00152_jpg.rf.49c9cfbcd16b7e26a5aefce5be305864.jpg,train
datasets\train_on_2025_all\images\frame_00152_jpg.rf.977bb3e3f5fb9adc52e77783d42fad39.jpg,train
datasets\train_on_2025_all\images\frame_00152_jpg.rf.a6c8be899adbb723e4a3e294053be3e8.jpg,train
datasets\train_on_2025_all\images\frame_00153_jpg.rf.0107d3cef0eb20e1c132a00ecb46b1b2.jpg,train
datasets\train_on_2025_all\images\frame_00153_jpg.rf.fd68b21639e66f16ca08cacce2c20f97.jpg,train
datasets\train_on_2025_all\images\frame_00154_jpg.rf.6fbaef2ac7e27241841a021bd8d1447f.jpg,train
datasets\train_on_2025_all\images\frame_00156_jpg.rf.eb22bd8e5f342ca1c241ea75bd8ef2ee.jpg,train
datasets\train_on_2025_all\images\frame_00157_jpg.rf.6f525477430d924be28d766e89d00525.jpg,train
datasets\train_on_2025_all\images\frame_00157_jpg.rf.9d8a6104bd80c586f84fec0e02440a5f.jpg,train
datasets\train_on_2025_all\images\frame_00157_jpg.rf.c7256eec1ee381992e1c81cf75d90305.jpg,train
datasets\train_on_2025_all\images\frame_00158_jpg.rf.3968cc5da7722b7e158db27a588c1fba.jpg,train
datasets\train_on_2025_all\images\frame_00158_jpg.rf.c78563df56b77b704dd0b8bad1203d83.jpg,train
datasets\train_on_2025_all\images\frame_00158_jpg.rf.f23ff55ae70492be1bd94d5b86210670.jpg,train
datasets\train_on_2025_all\images\frame_00158_jpg.rf.ff544a574f8d1ca870d04abc14763614.jpg,train
datasets\train_on_2025_all\images\frame_00159_jpg.rf.1cb72d9ad0a612092d3c7e9afea1d0b1.jpg,train
datasets\train_on_2025_all\images\frame_00159_jpg.rf.af9ff0bd40cfb3ccbc7eaaa542083a8b.jpg,train
datasets\train_on_2025_all\images\frame_00159_jpg.rf.f72a8d0e9c2464caad6df4d07d426369.jpg,train
datasets\train_on_2025_all\images\frame_00160_jpg.rf.491e4dea57ffd53d290dd3f5e9f89ddd.jpg,train
datasets\train_on_2025_all\images\frame_00160_jpg.rf.6809c74a981c793b351a37f90150b1d4.jpg,train
datasets\train_on_2025_all\images\frame_00161_jpg.rf.39111dbb31dc1a29a478cd71017d39e4.jpg,train
datasets\train_on_2025_all\images\frame_00161_jpg.rf.eea44f6894dd6990cc6c0fa912073104.jpg,train
datasets\train_on_2025_all\images\frame_00162_jpg.rf.33a26dc8479feaeea860aad8ec145899.jpg,train
datasets\train_on_2025_all\images\frame_00162_jpg.rf.5e964c9adac6cc97e13f781883df5dd7.jpg,train
datasets\train_on_2025_all\images\frame_00162_jpg.rf.a0b8fc0b959c1be41342a34599accc46.jpg,train
datasets\train_on_2025_all\images\frame_00163_jpg.rf.0ca92e1d4d6c4792c94fb3e3f9d6d972.jpg,train
datasets\train_on_2025_all\images\frame_00164_jpg.rf.c2e99ba68d09104f65eb64f6e905cdcb.jpg,train
datasets\train_on_2025_all\images\frame_00165_jpg.rf.cf16b951d7a5e23e7e50b793fdbb461b.jpg,train
datasets\train_on_2025_all\images\frame_00166_jpg.rf.f291f6d64d0bb3bcf01db5d2a944c575.jpg,train
datasets\train_on_2025_all\images\frame_00167_jpg.rf.759da5276b5c83708f24835339cf9e61.jpg,train
datasets\train_on_2025_all\images\frame_00167_jpg.rf.c52cece6ef05b0ee00088383f8bd9a31.jpg,train
datasets\train_on_2025_all\images\frame_00168_jpg.rf.a89423c362e994e2fc9809ba4acf4e86.jpg,train
datasets\train_on_2025_all\images\frame_00169_jpg.rf.971be5f8df0bce3af2f3983d77ea7305.jpg,train
datasets\train_on_2025_all\images\frame_00171_jpg.rf.0fac07f665380dc9158bc369cc7f8125.jpg,train
datasets\train_on_2025_all\images\frame_00171_jpg.rf.8fbf046de504225c41d3b0e115020df0.jpg,train
datasets\train_on_2025_all\images\frame_00171_jpg.rf.94b60fed4d55736df323e12d980620ac.jpg,train
datasets\train_on_2025_all\images\frame_00172_jpg.rf.5a317a4303fd346f3d0dd092749adacc.jpg,train
datasets\train_on_2025_all\images\frame_00172_jpg.rf.ed556298815e17ca323378d42fa23dbd.jpg,train
datasets\train_on_2025_all\images\frame_00173_jpg.rf.5de2ea4a74557b76612725897291b909.jpg,train
datasets\train_on_2025_all\images\frame_00173_jpg.rf.ff6dfc302737530be6c07d0e292683e4.jpg,train
datasets\train_on_2025_all\images\frame_00174_jpg.rf.204e5cb1a6bc8c55a5a51c89290330b8.jpg,train
datasets\train_on_2025_all\images\frame_00174_jpg.rf.585c404b3023535aadabc15bd85155d5.jpg,train
datasets\train_on_2025_all\images\frame_00174_jpg.rf.79559def5011b4349a120c014641f0dc.jpg,train
datasets\train_on_2025_all\images\frame_00174_jpg.rf.7c891ea14948b6be405313c80acba661.jpg,train
datasets\train_on_2025_all\images\frame_00175_jpg.rf.40751b58a3d0fcca9bd31c5ed0e9a183.jpg,train
datasets\train_on_2025_all\images\frame_00175_jpg.rf.67697b9a8a8695c19f5fb19c1204788e.jpg,train
datasets\train_on_2025_all\images\frame_00175_jpg.rf.b30e6a8b06c38c6ba39040e861552d65.jpg,train
datasets\train_on_2025_all\images\frame_00176_jpg.rf.0150d23c6192c1a9aa4aea41ea276bf6.jpg,train
datasets\train_on_2025_all\images\frame_00176_jpg.rf.6562206316e2ed298a61e8fb74670236.jpg,train
datasets\train_on_2025_all\images\frame_00176_jpg.rf.d168c951ef8524eff79ca36a31480391.jpg,train
datasets\train_on_2025_all\images\frame_00177_jpg.rf.c09668ae743794967e11b192bbf9d81c.jpg,train
datasets\train_on_2025_all\images\frame_00177_jpg.rf.ed71c58969a1006fcfe9845e2e101f38.jpg,train
datasets\train_on_2025_all\images\frame_00181_jpg.rf.dbbea8c773c75a496272c60e9e7a5c44.jpg,train
datasets\train_on_2025_all\images\frame_00181_jpg.rf.faa56a015e4de6a4ba9aef6295a234de.jpg,train
datasets\train_on_2025_all\images\frame_00182_jpg.rf.e32d65a50212ecf3adb08fca04204c77.jpg,train
datasets\train_on_2025_all\images\frame_00183_jpg.rf.daa6e5a84ccbcad5d525a0d9eac0d492.jpg,train
datasets\train_on_2025_all\images\frame_00183_jpg.rf.f74b7e3ae9bc5792d468906bb09a0e8c.jpg,train
datasets\train_on_2025_all\images\frame_00184_jpg.rf.8479f2880eabb2b28feed70c5dcb9233.jpg,train
datasets\train_on_2025_all\images\frame_00187_jpg.rf.60ee8c263992d6650b55ec5f837da513.jpg,train
datasets\train_on_2025_all\images\frame_00188_jpg.rf.d0d20aba2bb642f96cdb718172b9bca4.jpg,train
datasets\train_on_2025_all\images\frame_00192_jpg.rf.6a7a5f74808714effb6bee4c2105755d.jpg,train
datasets\train_on_2025_all\images\frame_00192_jpg.rf.797f741c92388dd1b2e4878dc0a3e8c9.jpg,train
datasets\train_on_2025_all\images\frame_00192_jpg.rf.c75cff2dcaee40e24c42ec2067eff920.jpg,train
datasets\train_on_2025_all\images\frame_00194_jpg.rf.0cf908debb751707cca2d6b1a7a3b78d.jpg,train
datasets\train_on_2025_all\images\frame_00194_jpg.rf.42ae5f32903008a11269e6808962ba65.jpg,train
datasets\train_on_2025_all\images\frame_00194_jpg.rf.97c9e4b9bf269bcba1be06614b7c5a82.jpg,train
datasets\train_on_2025_all\images\frame_00195_jpg.rf.2ed677f8430da08f4981aa97f59408d2.jpg,train
datasets\train_on_2025_all\images\frame_00195_jpg.rf.c84273dcb87dc397b66627be5b488490.jpg,train
datasets\train_on_2025_all\images\frame_00196_jpg.rf.1a4f9d6c0acc7ade63b282863f0b46df.jpg,train
datasets\train_on_2025_all\images\frame_00196_jpg.rf.27928df31a68eaa9dbe21fef14c5544e.jpg,train
datasets\train_on_2025_all\images\frame_00196_jpg.rf.b0a05a08e0a7874e4d1af17e11403b4a.jpg,train
datasets\train_on_2025_all\images\frame_00197_jpg.rf.314f3bef9a996bfba4f8799e5db538b2.jpg,train
datasets\train_on_2025_all\images\frame_00199_jpg.rf.5db3ad63af804a38fc7264af559f109b.jpg,train
datasets\train_on_2025_all\images\frame_00204_jpg.rf.6e70f8ad724386117bdf0dc580e25215.jpg,train
datasets\train_on_2025_all\images\frame_00205_jpg.rf.a32bd44aa7be3efb016da06e785681c7.jpg,train
datasets\train_on_2025_all\images\frame_00205_jpg.rf.dd3a73842576600e3e446c4f87958904.jpg,train
datasets\train_on_2025_all\images\frame_00206_jpg.rf.68e8b8de2b0f236759b7f3e64d7d764f.jpg,train
datasets\train_on_2025_all\images\frame_00207_jpg.rf.47abfc44a56f4a7b9d19a9b617bb9bc6.jpg,train
datasets\train_on_2025_all\images\frame_00208_jpg.rf.06de581d054804e19578718743165b6a.jpg,train
datasets\train_on_2025_all\images\frame_00208_jpg.rf.45444d57f6bd5923d9c934f50df136be.jpg,train
datasets\train_on_2025_all\images\frame_00208_jpg.rf.c0156c6de23f416f7743206fd1c7c80d.jpg,train
datasets\train_on_2025_all\images\frame_00208_jpg.rf.c7594e66d1f7e1d6360a90b5b788fa16.jpg,train
datasets\train_on_2025_all\images\frame_00208_jpg.rf.ce685b33bf3e98da2c9317a2d10dff5a.jpg,train
datasets\train_on_2025_all\images\frame_00211_jpg.rf.e717ca45b72773ba1f31b25dd26a4b50.jpg,train
datasets\train_on_2025_all\images\frame_00213_jpg.rf.1443a5d3549554051bdbd9e1492e1285.jpg,train
datasets\train_on_2025_all\images\frame_00214_jpg.rf.0cd658c06ea8ae50e933930534e1c29a.jpg,train
datasets\train_on_2025_all\images\frame_00214_jpg.rf.2dd2944a9b2a39821986cf0153cbfe38.jpg,train
datasets\train_on_2025_all\images\frame_00215_jpg.rf.de55fc16e17e17d7ca9e58f246610cca.jpg,train
datasets\train_on_2025_all\images\frame_00216_jpg.rf.29e85c8a6739eb8e3c097d056242f6e1.jpg,train
datasets\train_on_2025_all\images\frame_00216_jpg.rf.94d0400d5834741dae3286f9d9763025.jpg,train
datasets\train_on_2025_all\images\frame_00217_jpg.rf.42dc089fa08efbe67da4b8394c232be1.jpg,train
datasets\train_on_2025_all\images\frame_00218_jpg.rf.66313a6512d3b3b9ac9a28852f9ec30c.jpg,train
datasets\train_on_2025_all\images\frame_00219_jpg.rf.a37d9fb1b17473d8bed10080c02d95a0.jpg,train
datasets\train_on_2025_all\images\frame_00219_jpg.rf.e896e5e5b3680c246aa91c3a9d6f7242.jpg,train
datasets\train_on_2025_all\images\frame_00220_jpg.rf.840538fb65786ed5070fe22850f1380c.jpg,train
datasets\train_on_2025_all\images\frame_00220_jpg.rf.c19d99cbbb21b2e2beea768d4a38f8b0.jpg,train
datasets\train_on_2025_all\images\frame_00222_jpg.rf.0070bd6d392dfda7117fd4ed04fd7990.jpg,train
datasets\train_on_2025_all\images\frame_00222_jpg.rf.81a0ddf09603136387fe32da4d508fee.jpg,train
datasets\train_on_2025_all\images\frame_00226_jpg.rf.218d96c1f72b455434ee473bba1672c2.jpg,train
datasets\train_on_2025_all\images\frame_00226_jpg.rf.7e99009c299e642848fdc908a0c226fb.jpg,train
datasets\train_on_2025_all\images\frame_00231_jpg.rf.e23665b35c96dd5bbb695592bf8cc084.jpg,train
datasets\train_on_2025_all\images\GX010664_MP4-0024_jpg.rf.343b867058aa19586833dd1782bd9067.jpg,train
datasets\train_on_2025_all\images\GX010664_MP4-0030_jpg.rf.a733f05673dcad4dfab7c2a9b0428653.jpg,train
datasets\train_on_2025_all\images\GX010664_MP4-0031_jpg.rf.21e6b88640c8788c9ae311e51c217a93.jpg,train
datasets\train_on_2025_all\images\GX010664_MP4-0032_jpg.rf.a8877cdfee4c798fbe588a0db2605316.jpg,train
datasets\train_on_2025_all\images\GX010664_MP4-0032_jpg.rf.d0856926542c08aade4ff77cddeb1779.jpg,train
datasets\train_on_2025_all\images\GX010664_MP4-0034_jpg.rf.60262825d9038404e45f03e6fc114810.jpg,train
datasets\train_on_2025_all\images\GX010664_MP4-0037_jpg.rf.7a6e3fca2b5a05cbd134cb4f05c54ee5.jpg,train
datasets\train_on_2025_all\images\GX010664_MP4-0039_jpg.rf.6208dfd7764eb32fd3ce174f20d7174a.jpg,train
datasets\train_on_2025_all\images\GX010664_MP4-0039_jpg.rf.840a996794fed1b8fbdd925a358ef3ee.jpg,train
datasets\train_on_2025_all\images\GX010664_MP4-0040_jpg.rf.b53ac30df8e666b382ca82a0bb4b2b9f.jpg,train
datasets\train_on_2025_all\images\GX010664_MP4-0040_jpg.rf.eb3abc53941098561893bb700ee284e5.jpg,train
datasets\train_on_2025_all\images\GX010664_MP4-0042_jpg.rf.f09255da3a3b30cdc97af4d351d92666.jpg,train
datasets\train_on_2025_all\images\GX010664_MP4-0043_jpg.rf.ba2ab4ef9dcc13fc74001d093a672cf0.jpg,train
datasets\train_on_2025_all\images\GX010664_MP4-0044_jpg.rf.838e1bd5c617331fd9adee0c981975f6.jpg,train
datasets\train_on_2025_all\images\GX010664_MP4-0045_jpg.rf.cd33e62a2e326f1e8d88c02b3cebab12.jpg,train
datasets\train_on_2025_all\images\GX010664_MP4-0046_jpg.rf.525af9e46a3a8dded556d3bd8e868a12.jpg,train
datasets\train_on_2025_all\images\GX010664_MP4-0048_jpg.rf.2a89c3cf9bc3161369d8248490b31ceb.jpg,train
datasets\train_on_2025_all\images\GX010664_MP4-0048_jpg.rf.b2d6d85b710b934adf2da8b2a5cd5ade.jpg,train
datasets\train_on_2025_all\images\GX010664_MP4-0051_jpg.rf.8540b420dd448a9fc879d352d1d93da7.jpg,train
datasets\train_on_2025_all\images\GX010664_MP4-0051_jpg.rf.b65fa5bea1d4ae9e374f95dacf7ca111.jpg,train
datasets\train_on_2025_all\images\GX010664_MP4-0052_jpg.rf.b9eb3e34c346142c1d192b9e2ca70e54.jpg,train
datasets\train_on_2025_all\images\GX010664_MP4-0053_jpg.rf.0878a9b8156d04e3dae4474b73d947fb.jpg,train
datasets\train_on_2025_all\images\GX010664_MP4-0053_jpg.rf.13c305ab0b52c9b2e4c18d0a86098bb8.jpg,train
datasets\train_on_2025_all\images\GX010664_MP4-0054_jpg.rf.44b342c758bfd84e4d3301ca6dfbe6cd.jpg,train
datasets\train_on_2025_all\images\GX010664_MP4-0055_jpg.rf.89bf7632fab9a369e6a3e912c3f57754.jpg,train
datasets\train_on_2025_all\images\GX010664_MP4-0055_jpg.rf.b7b7b2b43763f005b106eb811db0522f.jpg,train
datasets\train_on_2025_all\images\GX010664_MP4-0056_jpg.rf.38b49449b4aef7ebe98ac241672699eb.jpg,train
datasets\train_on_2025_all\images\GX010664_MP4-0056_jpg.rf.591700068f32ac64bd854ea0e00d5f22.jpg,train
datasets\train_on_2025_all\images\GX010664_MP4-0057_jpg.rf.c7142a19c77945658599dc06f8251c86.jpg,train
datasets\train_on_2025_all\images\GX010664_MP4-0060_jpg.rf.592bcc0e63ab073de41107a498e0e716.jpg,train
datasets\train_on_2025_all\images\GX010664_MP4-0061_jpg.rf.1ddf1a6703c5c6516ad9152656b8450c.jpg,train
datasets\train_on_2025_all\images\GX010664_MP4-0062_jpg.rf.b3ed78c3614972a9e9e3345d6c54656a.jpg,train
datasets\train_on_2025_all\images\GX010664_MP4-0062_jpg.rf.c8e617920df78f9cba28e4d6fdf8c8c6.jpg,train
datasets\train_on_2025_all\images\GX010664_MP4-0062_jpg.rf.fa075bee7c190f94973e60ed21170790.jpg,train
datasets\train_on_2025_all\images\GX010664_MP4-0063_jpg.rf.0d8806e163b875ddc7f2e39958a4e07a.jpg,train
datasets\train_on_2025_all\images\GX010664_MP4-0063_jpg.rf.4191565fc6a19eed4a286c901fe8056e.jpg,train
datasets\train_on_2025_all\images\GX010664_MP4-0063_jpg.rf.d01fe91db8b9f75290948cc7cc50c760.jpg,train
datasets\train_on_2025_all\images\GX010664_MP4-0064_jpg.rf.23934c626427d18bf199d97b6422a3fb.jpg,train
datasets\train_on_2025_all\images\GX010664_MP4-0064_jpg.rf.268ee827fc0da8f8bf85ce38c37ba501.jpg,train
datasets\train_on_2025_all\images\GX010664_MP4-0064_jpg.rf.595e9389e22e8aee4512d6b18067acbe.jpg,train
datasets\train_on_2025_all\images\GX010664_MP4-0066_jpg.rf.ee03bf7d762a50eb3e4f3aee2e3675b1.jpg,train
datasets\train_on_2025_all\images\GX010664_MP4-0066_jpg.rf.eebc4cbc19c9f9737bf16cb264c204e4.jpg,train
datasets\train_on_2025_all\images\GX010664_MP4-0068_jpg.rf.c32070203247e0bf4d89da6585202c01.jpg,train
datasets\train_on_2025_all\images\GX010664_MP4-0069_jpg.rf.4495c999ed01c75daf249fb607633b32.jpg,train
datasets\train_on_2025_all\images\GX010664_MP4-0069_jpg.rf.7aaeb445f52829dbb063f3eb529cfd1c.jpg,train
datasets\train_on_2025_all\images\GX010664_MP4-0070_jpg.rf.fd697953a47cca75dae6a29794803341.jpg,train
datasets\train_on_2025_all\images\GX010664_MP4-0071_jpg.rf.5fa5c2520ce253a68114b81090336e99.jpg,train
datasets\train_on_2025_all\images\GX010664_MP4-0072_jpg.rf.9b374a8e461b3b3e1de4c892f80cda2c.jpg,train
datasets\train_on_2025_all\images\GX010664_MP4-0072_jpg.rf.da78ebf99222f60e4e9c115fe109a133.jpg,train
datasets\train_on_2025_all\images\GX010664_MP4-0073_jpg.rf.b69b1295bda9a4729ba855900a713fef.jpg,train
datasets\train_on_2025_all\images\GX010664_MP4-0073_jpg.rf.ff7ff3312c62ca144794838030aa808c.jpg,train
datasets\train_on_2025_all\images\GX010664_MP4-0080_jpg.rf.342316ff88aa197070dff537ec348494.jpg,train
datasets\train_on_2025_all\images\GX010664_MP4-0080_jpg.rf.f0cc16d94bb87d49261b7f5802787a6c.jpg,train
datasets\train_on_2025_all\images\GX010664_MP4-0081_jpg.rf.9b98d08dde4699fd8d180e901d327028.jpg,train
datasets\train_on_2025_all\images\GX010664_MP4-0081_jpg.rf.c32c93623b48e02727de62f25239c351.jpg,train
datasets\train_on_2025_all\images\GX010664_MP4-0082_jpg.rf.1394a9e90b332aeb578d219931fb0830.jpg,train
datasets\train_on_2025_all\images\GX010664_MP4-0083_jpg.rf.0c846dcfc99e20e365f3929017a59fe1.jpg,train
datasets\train_on_2025_all\images\GX010664_MP4-0083_jpg.rf.9aff1680effc6d9a20394e1ad67914cd.jpg,train
datasets\train_on_2025_all\images\GX010664_MP4-0083_jpg.rf.c1c6455b566b8da1f62953ba0d064615.jpg,train
datasets\train_on_2025_all\images\GX010664_MP4-0084_jpg.rf.bdb52f2d6cd46ec2565cbcecb75686db.jpg,train
datasets\train_on_2025_all\images\GX010664_MP4-0085_jpg.rf.e01ce4c22dc6a7c773c1207a43efd03f.jpg,train
datasets\train_on_2025_all\images\GX010664_MP4-0089_jpg.rf.5dbb78ccf95f85012aae87561f6925d1.jpg,train
datasets\train_on_2025_all\images\GX010664_MP4-0096_jpg.rf.b69fd4eb507e90c3694734f07462a655.jpg,train
datasets\train_on_2025_all\images\GX010664_MP4-0097_jpg.rf.4103e3b90cbbadd996a4ab1247c57bc9.jpg,train
datasets\train_on_2025_all\images\GX010664_MP4-0101_jpg.rf.fbbddac3cf611ccd749e86361bdff021.jpg,train
datasets\train_on_2025_all\images\GX010664_MP4-0103_jpg.rf.c45db5a481016102ec73a91234cd98f8.jpg,train
datasets\train_on_2025_all\images\GX010665_MP4-0021_jpg.rf.342f2f770b83c6e0a4ccc9a380ce386e.jpg,train
datasets\train_on_2025_all\images\GX010665_MP4-0021_jpg.rf.ed4fda92ba0f117676c2622240fd5566.jpg,train
datasets\train_on_2025_all\images\GX010665_MP4-0022_jpg.rf.072b5d326b3fcd107ef6733e884dc998.jpg,train
datasets\train_on_2025_all\images\GX010665_MP4-0022_jpg.rf.cf220d12d0bfe3a2cdffa30b9adff42b.jpg,train
datasets\train_on_2025_all\images\GX010665_MP4-0023_jpg.rf.99e1944223240057a64b80a8bb7f6a00.jpg,train
datasets\train_on_2025_all\images\GX010665_MP4-0023_jpg.rf.f67a6efbe1eefa463baaba82ed22f471.jpg,train
datasets\train_on_2025_all\images\GX010665_MP4-0024_jpg.rf.aa4d80af8c6603667718c4c4c0dc6589.jpg,train
datasets\train_on_2025_all\images\GX010665_MP4-0026_jpg.rf.0ba0d6d8506d07b8bfebce33646036b7.jpg,train
datasets\train_on_2025_all\images\GX010665_MP4-0026_jpg.rf.419b1a60f7223ca419a861b15cf41a7a.jpg,train
datasets\train_on_2025_all\images\GX010665_MP4-0027_jpg.rf.06278f2e8eca61cebe9f0d9a18e89850.jpg,train
datasets\train_on_2025_all\images\GX010665_MP4-0027_jpg.rf.7e44c14da56690f78b4771f202c0f867.jpg,train
datasets\train_on_2025_all\images\GX010665_MP4-0028_jpg.rf.a5ca2ceee9a17361e7b3d08e0db3afe4.jpg,train
datasets\train_on_2025_all\images\GX010665_MP4-0028_jpg.rf.f349cdd08a19a2cb29c0370a3d6fa1e9.jpg,train
datasets\train_on_2025_all\images\GX010665_MP4-0057_jpg.rf.7add9bb13d4af09973c089e63ef97e0a.jpg,train
datasets\train_on_2025_all\images\GX010665_MP4-0057_jpg.rf.f09c8723a9094d7f87f232ac769d7c16.jpg,train
datasets\train_on_2025_all\images\GX010665_MP4-0058_jpg.rf.5c0564a8e5c285db8301e4375735d605.jpg,train
datasets\train_on_2025_all\images\GX010665_MP4-0059_jpg.rf.652743b7c7226586b990fff2e5c35910.jpg,train
datasets\train_on_2025_all\images\GX010665_MP4-0063_jpg.rf.8ac064a506ea4352918498ba66d69e4d.jpg,train
datasets\train_on_2025_all\images\GX010665_MP4-0063_jpg.rf.ba6d0da80d0ef0bf1ceb5037a7c238e0.jpg,train
datasets\train_on_2025_all\images\GX010665_MP4-0063_jpg.rf.da4bc323a0e859b40c9429b44058013f.jpg,train
datasets\train_on_2025_all\images\GX010665_MP4-0087_jpg.rf.37bea2f8fc3b279ccf0bce6b34bdc596.jpg,train
datasets\train_on_2025_all\images\GX010665_MP4-0087_jpg.rf.d51ca4d91f7ad0a7bd74892dec879c9c.jpg,train
datasets\train_on_2025_all\images\GX010665_MP4-0088_jpg.rf.28457939a925f5c7c48b45c5c6318ef7.jpg,train
datasets\train_on_2025_all\images\GX010665_MP4-0089_jpg.rf.7fe0e9657fa1a72a2708896f9ebef5ed.jpg,train
datasets\train_on_2025_all\images\GX010665_MP4-0089_jpg.rf.f4e8db4583a4642a9f2d4c3ddbdb6103.jpg,train
datasets\train_on_2025_all\images\GX010665_MP4-0091_jpg.rf.20b7fb17307b06108faf51918fc07af6.jpg,train
datasets\train_on_2025_all\images\GX010665_MP4-0092_jpg.rf.80cba303c613e470c43e05cbd62e66f7.jpg,train
datasets\train_on_2025_all\images\GX010665_MP4-0099_jpg.rf.6320251c5e1b1890f9ebc1f5a3e44c13.jpg,train
datasets\train_on_2025_all\images\GX010665_MP4-0100_jpg.rf.5e0da56a19b03b526a83ae4b4a0555dd.jpg,train
datasets\train_on_2025_all\images\GX010665_MP4-0102_jpg.rf.0c7b5292bdb66b878c54eab0351b850f.jpg,train
datasets\train_on_2025_all\images\GX010665_MP4-0102_jpg.rf.cdbc439f6f8e7600a24ea9a6d00588c2.jpg,train
datasets\train_on_2025_all\images\GX010665_MP4-0103_jpg.rf.21eca401c2c7ad00476720571d7cd905.jpg,train
datasets\train_on_2025_all\images\GX010665_MP4-0103_jpg.rf.6c308f1995c3afe5b597a2c45fcc1da3.jpg,train
datasets\train_on_2025_all\images\GX010665_MP4-0108_jpg.rf.92e00390db4cf64817d5a3e2ab2aab8c.jpg,train
datasets\train_on_2025_all\images\GX010665_MP4-0109_jpg.rf.9fd1499c70b70ecb0127c12a30e67a11.jpg,train
datasets\train_on_2025_all\images\GX010665_MP4-0109_jpg.rf.dad896add87fe0ac390e9d95489b86a9.jpg,train
datasets\train_on_2025_all\images\GX010665_MP4-0110_jpg.rf.99800ff25d1b188c225ff44b872df47f.jpg,train
datasets\train_on_2025_all\images\GX010665_MP4-0111_jpg.rf.28c370a4586765748f423bf5292aa213.jpg,train
datasets\train_on_2025_all\images\GX010665_MP4-0112_jpg.rf.107b18f2eec800ef9479d3b91fba5363.jpg,train
datasets\train_on_2025_all\images\GX010665_MP4-0112_jpg.rf.b8b48ea4dbbbf1e55cd6400e8601181b.jpg,train
datasets\train_on_2025_all\images\GX010665_MP4-0113_jpg.rf.3790d093b7fcdca9ae8054b48068d9ed.jpg,train
datasets\train_on_2025_all\images\GX010665_MP4-0113_jpg.rf.8c61e44efffcfbab81d3d4f641461bc2.jpg,train
datasets\train_on_2025_all\images\GX010665_MP4-0114_jpg.rf.a5e0ed3c2e169842516b075a83a1335f.jpg,train
datasets\train_on_2025_all\images\GX010665_MP4-0114_jpg.rf.ef4576edfd9ff5aa31f3f5d87d56364c.jpg,train
datasets\train_on_2025_all\images\GX010665_MP4-0115_jpg.rf.21fa82305642480e4dea481692f1fe66.jpg,train
datasets\train_on_2025_all\images\GX010665_MP4-0129_jpg.rf.0183f8cbb64b8610d89922b5794dbcf3.jpg,train
datasets\train_on_2025_all\images\GX010665_MP4-0133_jpg.rf.11f961eed585765b5ced3ad0bdf7007c.jpg,train
datasets\train_on_2025_all\images\GX010665_MP4-0134_jpg.rf.b13059bc41014669614fae18160fa79c.jpg,train
datasets\train_on_2025_all\images\GX010665_MP4-0135_jpg.rf.8f8280a9921992b6846aad4143d2f5d3.jpg,train
datasets\train_on_2025_all\images\GX010665_MP4-0135_jpg.rf.a67e59dabd6b23ef1153ed18978df9a4.jpg,train
datasets\train_on_2025_all\images\GX010665_MP4-0136_jpg.rf.e899d5e6870e48c20ce0c8a8c6b85670.jpg,train
datasets\train_on_2025_all\images\GX010665_MP4-0138_jpg.rf.63237006cb17000814f72133f9ca3ac2.jpg,train
datasets\train_on_2025_all\images\GX010665_MP4-0139_jpg.rf.0fd45edf056321c1c65b8771e9efeb4e.jpg,train
datasets\train_on_2025_all\images\GX010665_MP4-0139_jpg.rf.12eaaa7163d6f7393eca5238b9e30da2.jpg,train
datasets\train_on_2025_all\images\GX010665_MP4-0140_jpg.rf.f2faa2c854690615cfb99e91bddea21a.jpg,train
datasets\train_on_2025_all\images\GX010665_MP4-0140_jpg.rf.faba8d2bd761a83b4874ee3a5881126b.jpg,train
datasets\train_on_2025_all\images\GX010665_MP4-0152_jpg.rf.e779f0db5f1587c44a3b4f0b7ff0214a.jpg,train
datasets\train_on_2025_all\images\GX010665_MP4-0171_jpg.rf.94b38e93e0033cf29489d60ce98a1b7d.jpg,train
datasets\train_on_2025_all\images\GX010665_MP4-0171_jpg.rf.aa668009e06093c7f5b679fa928ee84b.jpg,train
datasets\train_on_2025_all\images\GX010665_MP4-0189_jpg.rf.63548aa9017076ec478a2ca1b1b322d7.jpg,train
datasets\train_on_2025_all\images\GX010665_MP4-0189_jpg.rf.ac2c945f0fd6e3d3a822e896659a0ae8.jpg,train
datasets\train_on_2025_all\images\GX010665_MP4-0190_jpg.rf.05fcbec8da10c1c2869c21f20ac7bf30.jpg,train
datasets\train_on_2025_all\images\GX010665_MP4-0190_jpg.rf.fbac7ff1462b35a537b12d5fcf9657f9.jpg,train
datasets\train_on_2025_all\images\GX010665_MP4-0193_jpg.rf.a5c8a206915c0b0a4e226bad063f31a7.jpg,train
datasets\train_on_2025_all\images\GX010665_MP4-0193_jpg.rf.de34a33540e2e12f2e00011ec7378a7c.jpg,train
datasets\train_on_2025_all\images\GX010665_MP4-0195_jpg.rf.a235a811c1f250ad7ef6328b5c4943c3.jpg,train
datasets\train_on_2025_all\images\GX010665_MP4-0196_jpg.rf.9adeffad62a0525e4ed7d6f8fca452da.jpg,train
datasets\train_on_2025_all\images\GX010665_MP4-0197_jpg.rf.156b3e2b80b7b04683216d4a1985e8b3.jpg,train
datasets\train_on_2025_all\images\GX010665_MP4-0197_jpg.rf.67bf2927dd48b2663f800dd540460546.jpg,train
datasets\train_on_2025_all\images\GX010665_MP4-0199_jpg.rf.f57dff5dc4bfee11ae0a6517c4bab2f5.jpg,train
datasets\train_on_2025_all\images\GX010665_MP4-0200_jpg.rf.1ec1782021a8fdb0d44954fcf9604ea1.jpg,train
datasets\train_on_2025_all\images\GX010665_MP4-0202_jpg.rf.03c8a1a61fe3dcbd63a7b386baf19abd.jpg,train
datasets\train_on_2025_all\images\GX010665_MP4-0202_jpg.rf.05707d2d54ce55f3c1d943c063d2d3eb.jpg,train
datasets\train_on_2025_all\images\GX010665_MP4-0202_jpg.rf.5d5aa781b58f3ee613939e8ae0949c35.jpg,train
datasets\train_on_2025_all\images\GX010665_MP4-0203_jpg.rf.78bea453516a015710eaa82ccc3a54c2.jpg,train
datasets\train_on_2025_all\images\GX010665_MP4-0204_jpg.rf.3cca15736b52fb746c93926dd06028a1.jpg,train
datasets\train_on_2025_all\images\GX010665_MP4-0204_jpg.rf.ac8ec5492aaafe296198564e2560eae7.jpg,train
datasets\train_on_2025_all\images\GX010665_MP4-0204_jpg.rf.f2842c6f9aede336513a094092984662.jpg,train
datasets\train_on_2025_all\images\GX010665_MP4-0207_jpg.rf.5dbbf09c490dbe1b3e2b3b4a13b53f97.jpg,train
datasets\train_on_2025_all\images\GX010665_MP4-0207_jpg.rf.9f736959658cadaef52d95e16435fbec.jpg,train
datasets\train_on_2025_all\images\GX010665_MP4-0207_jpg.rf.c0075c9f80086f1e13480e56e823c192.jpg,train
datasets\train_on_2025_all\images\GX010665_MP4-0208_jpg.rf.4924f6e0b1a85ebde063556b6b8938b7.jpg,train
datasets\train_on_2025_all\images\GX010665_MP4-0208_jpg.rf.ebbf4f258a7373052afc90b069856681.jpg,train
datasets\train_on_2025_all\images\GX010665_MP4-0209_jpg.rf.12a599b04ae7bc28cfb14d78be864ea7.jpg,train
datasets\train_on_2025_all\images\GX010665_MP4-0217_jpg.rf.368f015f501164054a4d9ab7714e14fe.jpg,train
datasets\train_on_2025_all\images\GX010665_MP4-0218_jpg.rf.975123a65af100a5dd8a4edec284cf5b.jpg,train
datasets\train_on_2025_all\images\GX010665_MP4-0219_jpg.rf.a891000f6f3c089e02b78e3c9243c022.jpg,train
datasets\train_on_2025_all\images\GX010665_MP4-0219_jpg.rf.f8f5dec2b39549188238cb8f2c12bd76.jpg,train
datasets\train_on_2025_all\images\GX010665_MP4-0219_jpg.rf.f9539f76ef1b68ad7b951fded966d55c.jpg,train
datasets\train_on_2025_all\images\GX010665_MP4-0236_jpg.rf.ea06d8a6bb49dfd74c5b128ad429656a.jpg,train
datasets\train_on_2025_all\images\GX010665_MP4-0237_jpg.rf.69bb495fb6acd49f14018854256d022b.jpg,train
datasets\train_on_2025_all\images\GX010665_MP4-0241_jpg.rf.202e2fcb811ae165fddb0eed24539c91.jpg,train
datasets\train_on_2025_all\images\GX010665_MP4-0242_jpg.rf.099af0609506b84cfe8ceb0ce03e5fea.jpg,train
datasets\train_on_2025_all\images\GX010665_MP4-0242_jpg.rf.b4adee5c9be57bda728e778236ac67bd.jpg,train
datasets\train_on_2025_all\images\GX010665_MP4-0243_jpg.rf.6eeebe6de543a1eb5dfd1a3b75fd5d0f.jpg,train
datasets\train_on_2025_all\images\GX010665_MP4-0246_jpg.rf.4dfca76c8ef3869a9479f3df9a588ce0.jpg,train
datasets\train_on_2025_all\images\GX010665_MP4-0248_jpg.rf.55df4a04ef0f2b4a5d302dba58d64de5.jpg,train
datasets\train_on_2025_all\images\GX010665_MP4-0248_jpg.rf.f6685b50eb0df6f52f8b257421df77b8.jpg,train
datasets\train_on_2025_all\images\GX010665_MP4-0249_jpg.rf.150cdca07582ddab2b456f7abc51288a.jpg,train
datasets\train_on_2025_all\images\GX010665_MP4-0249_jpg.rf.e18cdcf793eabdb4cf2f13967ae074df.jpg,train
datasets\train_on_2025_all\images\GX010665_MP4-0251_jpg.rf.b77145cd89f0ac3af0e439bc1610f228.jpg,train
datasets\train_on_2025_all\images\GX010665_MP4-0252_jpg.rf.50f8975204bae33287dee86660c9633e.jpg,train
datasets\train_on_2025_all\images\GX010665_MP4-0252_jpg.rf.cc9fc3f13f65ab6676a8a8664c6f40f0.jpg,train
datasets\train_on_2025_all\images\GX010665_MP4-0255_jpg.rf.540141cc0649a9b3008c599d31c10155.jpg,train
datasets\train_on_2025_all\images\GX010665_MP4-0255_jpg.rf.bcb6b956a37b320736bfefbd4f123eb3.jpg,train
datasets\train_on_2025_all\images\GX010665_MP4-0255_jpg.rf.c547f44cc69336f02d99eac05606b899.jpg,train
datasets\train_on_2025_all\images\GX010665_MP4-0256_jpg.rf.a8e93964139ff798895f65dae234696c.jpg,train
datasets\train_on_2025_all\images\GX010665_MP4-0257_jpg.rf.eb06aa824ce215d2875cc4c36de4a219.jpg,train
datasets\train_on_2025_all\images\GX010665_MP4-0258_jpg.rf.1f2a37c59f8b8c4f8be3ead0b2e609b1.jpg,train
datasets\train_on_2025_all\images\GX010665_MP4-0265_jpg.rf.b8acd3f7f45211d8cb0e8f43b71a0255.jpg,train
datasets\train_on_2025_all\images\GX010665_MP4-0265_jpg.rf.dac32cdc01355953045936c7cf6ca89c.jpg,train
datasets\train_on_2025_all\images\GX010665_MP4-0273_jpg.rf.4cf21211931fb61cb76b45282169ecf2.jpg,train
datasets\train_on_2025_all\images\GX010666_MP4-0004_jpg.rf.9ae19c7f99db4502a95b9fc1ed8e6937.jpg,train
datasets\train_on_2025_all\images\GX010666_MP4-0005_jpg.rf.f632922abcd5f0ef2996ee23caa8f24a.jpg,train
datasets\train_on_2025_all\images\GX010666_MP4-0006_jpg.rf.200066aea88e512f00b75e3cac40c744.jpg,train
datasets\train_on_2025_all\images\GX010666_MP4-0006_jpg.rf.7b6ead4d7774b0916f05b69b5e8c84c9.jpg,train
datasets\train_on_2025_all\images\GX010666_MP4-0006_jpg.rf.ab90481ebe01c77de019c33e349d26ab.jpg,train
datasets\train_on_2025_all\images\GX010666_MP4-0007_jpg.rf.07f9150a3eea3dc150887e7005747e21.jpg,train
datasets\train_on_2025_all\images\GX010666_MP4-0007_jpg.rf.381d56218cdaf4f822b881b6c23972b3.jpg,train
datasets\train_on_2025_all\images\GX010666_MP4-0008_jpg.rf.f9511d50029dabb89e781d0ce0ab12c9.jpg,train
datasets\train_on_2025_all\images\GX010666_MP4-0009_jpg.rf.107f19eb9ccded2179fb921e1db07964.jpg,train
datasets\train_on_2025_all\images\GX010666_MP4-0011_jpg.rf.075c2b38ca27305d448e7885f945cedb.jpg,train
datasets\train_on_2025_all\images\GX010666_MP4-0015_jpg.rf.b662e0f1ef6877ae3eff94e93be2086c.jpg,train
datasets\train_on_2025_all\images\GX010666_MP4-0015_jpg.rf.d0d4e797f2e4ee7a7c8fe4362d0291ed.jpg,train
datasets\train_on_2025_all\images\GX010666_MP4-0016_jpg.rf.a5b02752ca657dbc572f7fb65d1f9b5a.jpg,train
datasets\train_on_2025_all\images\GX010666_MP4-0016_jpg.rf.e0760cbbbedb6fead0abd236928de608.jpg,train
datasets\train_on_2025_all\images\GX010666_MP4-0017_jpg.rf.49f22848cf617103b755dd9afd775c82.jpg,train
datasets\train_on_2025_all\images\GX010666_MP4-0018_jpg.rf.0445994d5fdb65e26e2392ef2e526ee1.jpg,train
datasets\train_on_2025_all\images\GX010666_MP4-0018_jpg.rf.7dd10511b38e4399d6effaf552d63dc1.jpg,train
datasets\train_on_2025_all\images\GX010666_MP4-0019_jpg.rf.e1d6fe71155e0a81e0c8c75b6232c496.jpg,train
datasets\train_on_2025_all\images\GX010666_MP4-0020_jpg.rf.92fc71f3e1a2f1cf9d20004d011a30c7.jpg,train
datasets\train_on_2025_all\images\GX010666_MP4-0021_jpg.rf.30c1cd81b0c1c1b7d3c98202b1169668.jpg,train
datasets\train_on_2025_all\images\GX010666_MP4-0021_jpg.rf.7d86bc9cc881df8baa9d38e347c23c3e.jpg,train
datasets\train_on_2025_all\images\GX010666_MP4-0021_jpg.rf.fb5bed7f27a463a4ee338c7cd1a8937d.jpg,train
datasets\train_on_2025_all\images\GX010666_MP4-0024_jpg.rf.52272b5299eb6e1b7ce44e804e281be7.jpg,train
datasets\train_on_2025_all\images\GX010666_MP4-0024_jpg.rf.e804dfc54d651732b133faf38987e5d7.jpg,train
datasets\train_on_2025_all\images\GX010666_MP4-0025_jpg.rf.ae0fbb4bbfc858fb4849fee0deecad5f.jpg,train
datasets\train_on_2025_all\images\GX010666_MP4-0043_jpg.rf.0f5375f5d811bedfe2bee274023eeff3.jpg,train
datasets\train_on_2025_all\images\GX010666_MP4-0043_jpg.rf.36d7189bd46e8aa7ff9a50e26b976be5.jpg,train
datasets\train_on_2025_all\images\GX010666_MP4-0045_jpg.rf.9dd6103a217a7bb8d9f04d3881890a9e.jpg,train
datasets\train_on_2025_all\images\GX010666_MP4-0046_jpg.rf.f56f813620d9c47e89973f06acb9ffb3.jpg,train
datasets\train_on_2025_all\images\GX010666_MP4-0055_jpg.rf.14d3e5b191560a22289c2a9c9deeefb9.jpg,train
datasets\train_on_2025_all\images\GX010666_MP4-0055_jpg.rf.6887713607d21251e80fc7815f9b5c63.jpg,train
datasets\train_on_2025_all\images\GX010666_MP4-0055_jpg.rf.d88b3710a45a71237583c75fa19f598e.jpg,train
datasets\train_on_2025_all\images\GX010666_MP4-0056_jpg.rf.cc1d520e3b59105d347aba5d156bc721.jpg,train
datasets\train_on_2025_all\images\GX010666_MP4-0056_jpg.rf.e20ea62cf053b908dcc9208ea3439218.jpg,train
datasets\train_on_2025_all\images\GX010666_MP4-0062_jpg.rf.f27a50efde63a79aa43636b80ba71a2c.jpg,train
datasets\train_on_2025_all\images\GX010666_MP4-0083_jpg.rf.1138a40269e7bbc40c983917a1390fe8.jpg,train
datasets\train_on_2025_all\images\GX010666_MP4-0084_jpg.rf.fe79f9f70c1b1bfd5c9c1988b2b998bd.jpg,train
datasets\train_on_2025_all\images\GX010666_MP4-0085_jpg.rf.a22e269a270fda86bbf3a65f7d2e162e.jpg,train
datasets\train_on_2025_all\images\GX010666_MP4-0086_jpg.rf.08f2db355c569a0055a72d12600e64e1.jpg,train
datasets\train_on_2025_all\images\GX010666_MP4-0086_jpg.rf.e2bdba34a2c926e20e4f898eb2e684cb.jpg,train
datasets\train_on_2025_all\images\GX010666_MP4-0087_jpg.rf.08bb1cc71334cb643c3946fb14cdea4b.jpg,train
datasets\train_on_2025_all\images\GX010666_MP4-0087_jpg.rf.7d105add78b8c569c9e1361044b9fa8f.jpg,train
datasets\train_on_2025_all\images\GX010666_MP4-0088_jpg.rf.0a70f0082a62ca640283c2aae507b54e.jpg,train
datasets\train_on_2025_all\images\GX010666_MP4-0089_jpg.rf.649eb6b06ebef2c703a9b301aab8fd48.jpg,train
datasets\train_on_2025_all\images\GX010666_MP4-0089_jpg.rf.8d1b03aac552dd7ce192573f1d09842f.jpg,train
datasets\train_on_2025_all\images\GX010666_MP4-0089_jpg.rf.fcda23c0c7f4b06a144f7985940cf88d.jpg,train
datasets\train_on_2025_all\images\GX010666_MP4-0091_jpg.rf.84c907624e97546e739cbf56271da155.jpg,train
datasets\train_on_2025_all\images\GX010666_MP4-0091_jpg.rf.a3ef64d67a5eecd6ed0caf00ec745381.jpg,train
datasets\train_on_2025_all\images\GX010666_MP4-0093_jpg.rf.616520198877d4de27d3252def3cb882.jpg,train
datasets\train_on_2025_all\images\GX010666_MP4-0100_jpg.rf.502fdff33c1c263cd859045822530126.jpg,train
datasets\train_on_2025_all\images\GX010666_MP4-0100_jpg.rf.93182386893c35ca15f2a6e57d022623.jpg,train
datasets\train_on_2025_all\images\GX010666_MP4-0105_jpg.rf.f12b8bd6b3e0e017e8389b137f37e073.jpg,train
datasets\train_on_2025_all\images\GX010666_MP4-0106_jpg.rf.18ec1c13692396dcb4c069714c85e2e6.jpg,train
datasets\train_on_2025_all\images\GX010666_MP4-0106_jpg.rf.73fa9eecd42d6582ecb64ad266e3c131.jpg,train
datasets\train_on_2025_all\images\GX010666_MP4-0106_jpg.rf.cdc1d0e1c3c3e31ae82e83def4bf4cd3.jpg,train
datasets\train_on_2025_all\images\GX010666_MP4-0108_jpg.rf.7f1320e4bf50858515057630b841e714.jpg,train
datasets\train_on_2025_all\images\GX010666_MP4-0108_jpg.rf.d032f0a7adbfec6a6e9f7c8b42768add.jpg,train
datasets\train_on_2025_all\images\GX010666_MP4-0121_jpg.rf.6d28ac45bc58f9d6d122d7f7fb5bda67.jpg,train
datasets\train_on_2025_all\images\GX010666_MP4-0121_jpg.rf.a91deb030dee381b2dd09ffdc4246fe2.jpg,train
datasets\train_on_2025_all\images\GX010666_MP4-0123_jpg.rf.b73e0c98e8163cfd642144c3ed3478d7.jpg,train
datasets\train_on_2025_all\images\GX010666_MP4-0124_jpg.rf.0b236bafc24dbef9a26048c9eb207d65.jpg,train
datasets\train_on_2025_all\images\GX010666_MP4-0126_jpg.rf.4a4dbc71ee3ea97aea03ddb64b5194a3.jpg,train
datasets\train_on_2025_all\images\GX010666_MP4-0126_jpg.rf.fe40fc7c4382052b19922790a5ee30d0.jpg,train
datasets\train_on_2025_all\images\GX010666_MP4-0131_jpg.rf.6291ba1b5d270531bbcc5d8de8f0ad57.jpg,train
datasets\train_on_2025_all\images\GX010666_MP4-0132_jpg.rf.45f812e8c22920a4abb876956c8b6afc.jpg,train
datasets\train_on_2025_all\images\GX010666_MP4-0132_jpg.rf.f3ba8324dbf8b76ea19272939096bfb6.jpg,train
datasets\train_on_2025_all\images\GX010666_MP4-0133_jpg.rf.6f4690f5840ebefa437c64a4d1791fec.jpg,train
datasets\train_on_2025_all\images\GX010666_MP4-0133_jpg.rf.7fc43c0792082e2e74b7fb7c5f00607c.jpg,train
datasets\train_on_2025_all\images\GX010666_MP4-0133_jpg.rf.8ca289ebb473b8253e6ffd00f2dbb911.jpg,train
datasets\train_on_2025_all\images\GX010666_MP4-0134_jpg.rf.4591e6c9000b48f3f91a07bc89f2dbc3.jpg,train
datasets\train_on_2025_all\images\GX010666_MP4-0134_jpg.rf.a1711a5d41b756706b44a35aa6c481ef.jpg,train
datasets\train_on_2025_all\images\GX010666_MP4-0136_jpg.rf.cee33e5397bf9e14854bea35d350fddf.jpg,train
datasets\train_on_2025_all\images\GX010666_MP4-0136_jpg.rf.fd16c6902489aa5bac31fd0aacc307ac.jpg,train
datasets\train_on_2025_all\images\GX010666_MP4-0138_jpg.rf.c8f31b83cb2c4207c1492f2f3671e9fd.jpg,train
datasets\train_on_2025_all\images\GX010666_MP4-0138_jpg.rf.f958eaafb2d607837ef3fa2ba4d32ed6.jpg,train
datasets\train_on_2025_all\images\GX010666_MP4-0139_jpg.rf.096be98e60f57b5b24e59d5a12700dfd.jpg,train
datasets\train_on_2025_all\images\GX010666_MP4-0139_jpg.rf.dcf90250b497ab299407200695d3e07d.jpg,train
datasets\train_on_2025_all\images\GX010666_MP4-0139_jpg.rf.edb45427a0218808213d14ee3aff459c.jpg,train
datasets\train_on_2025_all\images\GX010666_MP4-0141_jpg.rf.d9e04f06325b708f4e9db8c24be4df7b.jpg,train
datasets\train_on_2025_all\images\GX010666_MP4-0142_jpg.rf.cf6e4b2a6c4e8b2610e128d045da10bc.jpg,train
datasets\train_on_2025_all\images\GX010666_MP4-0143_jpg.rf.3b3714e69fadc3c1f526d86a9a73ac0b.jpg,train
datasets\train_on_2025_all\images\GX010666_MP4-0143_jpg.rf.973bb8a0ebbbdcf187701b947d1bc6a8.jpg,train
datasets\train_on_2025_all\images\GX010666_MP4-0144_jpg.rf.11d7195f98f72f7526bc18e580887100.jpg,train
datasets\train_on_2025_all\images\GX010666_MP4-0145_jpg.rf.6271beeae2e67ba164e69aa10b0407d9.jpg,train
datasets\train_on_2025_all\images\GX010666_MP4-0145_jpg.rf.6ebbf54dadd39a064c2c0963a073e58c.jpg,train
datasets\train_on_2025_all\images\GX010666_MP4-0147_jpg.rf.a4bf1f54698fd55138d2486a0098ae38.jpg,train
datasets\train_on_2025_all\images\GX010666_MP4-0148_jpg.rf.1f3d0a8d65f5f6fd85bcc1a979937f64.jpg,train
datasets\train_on_2025_all\images\GX010666_MP4-0148_jpg.rf.badcafbe5ee4b71bac4cba467275afe2.jpg,train
datasets\train_on_2025_all\images\GX010666_MP4-0150_jpg.rf.477f9d4d825700b656315f6db744e5a7.jpg,train
datasets\train_on_2025_all\images\GX010666_MP4-0155_jpg.rf.65952bbc95be280353de100e1254694c.jpg,train
datasets\train_on_2025_all\images\GX010666_MP4-0156_jpg.rf.33853f20f39d1be8493da06f0e727cd9.jpg,train
datasets\train_on_2025_all\images\GX010666_MP4-0156_jpg.rf.bc7ed49f53055dcb96211486d566f5ca.jpg,train
datasets\train_on_2025_all\images\GX010666_MP4-0157_jpg.rf.70bd22376696a85b8cbfead72f39979e.jpg,train
datasets\train_on_2025_all\images\GX010666_MP4-0158_jpg.rf.4c572973d94751f1317d4be6923cb4f9.jpg,train
datasets\train_on_2025_all\images\GX010666_MP4-0158_jpg.rf.e82669177433c044c4ec364bb1ca64dd.jpg,train
datasets\train_on_2025_all\images\GX010666_MP4-0159_jpg.rf.3310bb4cc409642710ebfa35741a5d90.jpg,train
datasets\train_on_2025_all\images\GX010666_MP4-0159_jpg.rf.5f8355541de31b08b2d0ba072237210f.jpg,train
datasets\train_on_2025_all\images\GX010666_MP4-0160_jpg.rf.b14b92aec6afef7442c79fcd11b79d6b.jpg,train
datasets\train_on_2025_all\images\GX010666_MP4-0160_jpg.rf.c7913f9106fe323915efdf6a5e3d5886.jpg,train
datasets\train_on_2025_all\images\GX010666_MP4-0161_jpg.rf.aacd6c329fdea796a7631a9f86f20c50.jpg,train
datasets\train_on_2025_all\images\GX010666_MP4-0161_jpg.rf.af237fdb0ea95cebd9938d5ec30d7be7.jpg,train
datasets\train_on_2025_all\images\GX010666_MP4-0161_jpg.rf.cad0177e825c8a427fbbb5d6c4a88762.jpg,train
datasets\train_on_2025_all\images\GX010666_MP4-0162_jpg.rf.6c7c0dfc16938edce4905b9bdbd682da.jpg,train
datasets\train_on_2025_all\images\GX010666_MP4-0162_jpg.rf.86dc7ca5f56570b58f6038bec9f4ad20.jpg,train
datasets\train_on_2025_all\images\GX010666_MP4-0162_jpg.rf.e61f8799b97a1e2c8a984a57382f41b2.jpg,train
datasets\train_on_2025_all\images\GX010666_MP4-0163_jpg.rf.b3d9b32e77c238ea7c913a0fb9ed2a58.jpg,train
datasets\train_on_2025_all\images\GX010666_MP4-0164_jpg.rf.a179827a07d2d7e474cb55e645948295.jpg,train
datasets\train_on_2025_all\images\GX010666_MP4-0165_jpg.rf.2283e575ea702b69d51b5d24bb64f5ba.jpg,train
datasets\train_on_2025_all\images\GX010666_MP4-0166_jpg.rf.e57861636bd82ac62cd5da087a493322.jpg,train
datasets\train_on_2025_all\images\GX010666_MP4-0167_jpg.rf.14be7df8428d866d01cbac2b31827e58.jpg,train
datasets\train_on_2025_all\images\GX010666_MP4-0167_jpg.rf.6a0e0bc9f86616b11bafe77a22cd807a.jpg,train
datasets\train_on_2025_all\images\GX010666_MP4-0167_jpg.rf.bcd241de4f353ce25dafea894e1bcc84.jpg,train
datasets\train_on_2025_all\images\GX010666_MP4-0168_jpg.rf.a2130e37f5fa90da071027d42512e4a8.jpg,train
datasets\train_on_2025_all\images\GX010666_MP4-0168_jpg.rf.b2c523b3ad289a80fed83cdec646ccc3.jpg,train
datasets\train_on_2025_all\images\GX010666_MP4-0169_jpg.rf.9d6d0ef80e13c150669e0e47ae7f610f.jpg,train
datasets\train_on_2025_all\images\GX010666_MP4-0172_jpg.rf.da06a409a3ae69c2308af3cded9459f6.jpg,train
datasets\train_on_2025_all\images\GX010666_MP4-0173_jpg.rf.44849976f50e5e88c8366d77187afc24.jpg,train
datasets\train_on_2025_all\images\GX010666_MP4-0173_jpg.rf.543b257dce5599019a119e6ad0d49851.jpg,train
datasets\train_on_2025_all\images\GX010666_MP4-0173_jpg.rf.cecbed30207820d1ca456fe9cb3b5d3f.jpg,train
datasets\train_on_2025_all\images\GX010666_MP4-0174_jpg.rf.e6399b7bc5b4dea7d41283ab5627802b.jpg,train
datasets\train_on_2025_all\images\GX010666_MP4-0176_jpg.rf.73a07a057763a46858d070591e58cd6e.jpg,train
datasets\train_on_2025_all\images\GX010666_MP4-0178_jpg.rf.d3ed4cacc4b5e9b3b8dd7df61bd783b1.jpg,train
datasets\train_on_2025_all\images\GX010666_MP4-0179_jpg.rf.731c55c255798b7af36adc7cd0d0d843.jpg,train
datasets\train_on_2025_all\images\GX010666_MP4-0181_jpg.rf.827bdda7c9926d29e700ea6a777b0928.jpg,train
datasets\train_on_2025_all\images\GX010666_MP4-0182_jpg.rf.588dbf4cfd7db242b47f3d6ec0e111ab.jpg,train
datasets\train_on_2025_all\images\GX010666_MP4-0182_jpg.rf.8baf7fe782c37fbb5fb614c5cfd6d8e9.jpg,train
datasets\train_on_2025_all\images\GX010666_MP4-0183_jpg.rf.5ff5827c6d87b1cefc4613b3f63df988.jpg,train
datasets\train_on_2025_all\images\GX010666_MP4-0184_jpg.rf.ca2d2b25f35affe635b905d0275be346.jpg,train
datasets\train_on_2025_all\images\GX010666_MP4-0184_jpg.rf.dcb222b8c5149b786e77a2e836cf4146.jpg,train
datasets\train_on_2025_all\images\GX010666_MP4-0185_jpg.rf.40388c56d9b0ca52d9facdda9509e263.jpg,train
datasets\train_on_2025_all\images\GX010666_MP4-0186_jpg.rf.9ef2417ae4f277ba1e0577b6c9dbe6b7.jpg,train
datasets\train_on_2025_all\images\GX010666_MP4-0187_jpg.rf.cf744328786a0109e02ec6aa7061fd26.jpg,train
datasets\train_on_2025_all\images\GX010666_MP4-0188_jpg.rf.c8627dca2b0b9385c8faac662932d8d7.jpg,train
datasets\train_on_2025_all\images\GX010666_MP4-0189_jpg.rf.0c267404cce0f03350b195f1c90f1bfe.jpg,train
datasets\train_on_2025_all\images\GX010666_MP4-0189_jpg.rf.77fdee90b9a4a11e81201c02af0d2ef9.jpg,train
datasets\train_on_2025_all\images\GX010666_MP4-0190_jpg.rf.93299b04d6fa31fa6b4659a66ab998e4.jpg,train
datasets\train_on_2025_all\images\GX010666_MP4-0192_jpg.rf.82de175dd379ee194d3192d21afb5273.jpg,train
datasets\train_on_2025_all\images\GX010666_MP4-0194_jpg.rf.0f7d6d56318782aad07b413f4e75908d.jpg,train
datasets\train_on_2025_all\images\GX010666_MP4-0194_jpg.rf.1062958b1c75723d9ec4817507cd9b3a.jpg,train
datasets\train_on_2025_all\images\GX010666_MP4-0194_jpg.rf.c5570f731b4198c9101d8ae5118781e4.jpg,train
datasets\train_on_2025_all\images\GX010666_MP4-0196_jpg.rf.1f79210dbb73bd51a960231767d45d8d.jpg,train
datasets\train_on_2025_all\images\GX010666_MP4-0196_jpg.rf.531e2e0e72650d9bbcd215a29aa2b311.jpg,train
datasets\train_on_2025_all\images\GX010666_MP4-0196_jpg.rf.68a85c7eba4b8e6803749ac0327b66f6.jpg,train
datasets\train_on_2025_all\images\GX010666_MP4-0197_jpg.rf.16d2af1c968bc7b892db557680f8e433.jpg,train
datasets\train_on_2025_all\images\GX010666_MP4-0199_jpg.rf.6be19237689989f2aa5e5055bd9edd4e.jpg,train
datasets\train_on_2025_all\images\GX010666_MP4-0200_jpg.rf.af995ff50b479a883f01ed8bd1ba1d6f.jpg,train
datasets\train_on_2025_all\images\GX010666_MP4-0200_jpg.rf.c3a9e9170c77a8dcb74e165d528ef0c2.jpg,train
datasets\train_on_2025_all\images\GX010666_MP4-0201_jpg.rf.442c7a0afb25aca8855f9b184df47990.jpg,train
datasets\train_on_2025_all\images\GX010666_MP4-0202_jpg.rf.05c4a3388dd2b03169c95664046b051a.jpg,train
datasets\train_on_2025_all\images\GX010666_MP4-0202_jpg.rf.0f34f63cbc64f1c4102ef818fbb1a577.jpg,train
datasets\train_on_2025_all\images\GX010666_MP4-0203_jpg.rf.0ba39dbd5bea214aa502f333304aac21.jpg,train
datasets\train_on_2025_all\images\GX010666_MP4-0203_jpg.rf.c8720c4d742e6f04e580e268f8fd6880.jpg,train
datasets\train_on_2025_all\images\GX010666_MP4-0204_jpg.rf.1c0fd056a5097543ac62a73e535b29d8.jpg,train
datasets\train_on_2025_all\images\GX010666_MP4-0204_jpg.rf.cabb4f1801a0b451341c44ca5fd545ee.jpg,train
datasets\train_on_2025_all\images\GX010666_MP4-0205_jpg.rf.535948819d54267c35bc97fc5eeee964.jpg,train
datasets\train_on_2025_all\images\GX010666_MP4-0206_jpg.rf.f4602c49454fe61ffd24f1dc8be22cb4.jpg,train
datasets\train_on_2025_all\images\GX010666_MP4-0206_jpg.rf.fc534f35c8ba7b6314df53377248d722.jpg,train
datasets\train_on_2025_all\images\GX010666_MP4-0207_jpg.rf.391c2af893fa2e8b0a8863aaa13e9adf.jpg,train
datasets\train_on_2025_all\images\GX010666_MP4-0208_jpg.rf.63c4ab67d152de95669dcf8813e98940.jpg,train
datasets\train_on_2025_all\images\GX010666_MP4-0209_jpg.rf.f5dda281d1750c5925f7b171a141fa47.jpg,train
datasets\train_on_2025_all\images\GX010666_MP4-0209_jpg.rf.fec33784833508f57e306df9a2e9492a.jpg,train
datasets\train_on_2025_all\images\GX010666_MP4-0210_jpg.rf.2a8538dd18b6e5de821fa0588e54d7cd.jpg,train
datasets\train_on_2025_all\images\GX010666_MP4-0212_jpg.rf.60ed6a21b75a73f884561b0550d4b09e.jpg,train
datasets\train_on_2025_all\images\GX010666_MP4-0212_jpg.rf.9b35baf3af0e6966a8be824eaf60fc1d.jpg,train
datasets\train_on_2025_all\images\GX010666_MP4-0213_jpg.rf.3e01db7f7fb7a7fa3a81aeda45283943.jpg,train
datasets\train_on_2025_all\images\GX010666_MP4-0214_jpg.rf.5087b94e46b13770795ebbb0d81decfb.jpg,train
datasets\train_on_2025_all\images\GX010666_MP4-0214_jpg.rf.ddd844e8752a00af32758e4abfe25dc6.jpg,train
datasets\train_on_2025_all\images\GX010666_MP4-0215_jpg.rf.34ca13da01dab69197e32d85b34fafac.jpg,train
datasets\train_on_2025_all\images\GX010666_MP4-0215_jpg.rf.d85fcfac544e2870f4844df364a63b44.jpg,train
datasets\train_on_2025_all\images\GX010666_MP4-0216_jpg.rf.156cf52bf7334e2de5742016d61ba008.jpg,train
datasets\train_on_2025_all\images\GX010666_MP4-0216_jpg.rf.56d60f0d2497fe2db31581b923f7af1c.jpg,train
datasets\train_on_2025_all\images\GX010666_MP4-0216_jpg.rf.eab982db9819b08c17b7d2ad2d868916.jpg,train
datasets\train_on_2025_all\images\GX010666_MP4-0217_jpg.rf.b6d5ce03605fba9cec0ae944c6a1a82a.jpg,train
datasets\train_on_2025_all\images\GX010666_MP4-0218_jpg.rf.03945d15b90f9c82f3c1168683062297.jpg,train
datasets\train_on_2025_all\images\GX010666_MP4-0219_jpg.rf.72344438a4f5ba7d389c2fe2d117887e.jpg,train
datasets\train_on_2025_all\images\GX010666_MP4-0219_jpg.rf.8d1f00e84b096903c479ca934df28d3b.jpg,train
datasets\train_on_2025_all\images\GX010666_MP4-0220_jpg.rf.dc61712d01b2dd620ca05a94ebb21bba.jpg,train
datasets\train_on_2025_all\images\GX010666_MP4-0221_jpg.rf.f119c241bf3b35aee05e628c37170643.jpg,train
datasets\train_on_2025_all\images\GX010666_MP4-0225_jpg.rf.2627af77a636d0ceedcb8dacc2346a7c.jpg,train
datasets\train_on_2025_all\images\GX010666_MP4-0225_jpg.rf.b552cef35636c0f78a035b1948b318be.jpg,train
datasets\train_on_2025_all\images\GX010666_MP4-0229_jpg.rf.bcdadba6bd42a473cc27da88aff31615.jpg,train
datasets\train_on_2025_all\images\GX010666_MP4-0229_jpg.rf.f8bfc0ff2089bdc8f3e3deb9dad8d9b2.jpg,train
datasets\train_on_2025_all\images\GX010666_MP4-0232_jpg.rf.3d3ee4f2dbe2c386cbc7f996ec4f42f0.jpg,train
datasets\train_on_2025_all\images\GX010666_MP4-0233_jpg.rf.4f9c33d60ba89013945822ca407399dd.jpg,train
datasets\train_on_2025_all\images\GX010666_MP4-0234_jpg.rf.0046a18b6b6341a6b0577bed2f3ff9cc.jpg,train
datasets\train_on_2025_all\images\GX010666_MP4-0234_jpg.rf.283ad4d4571921b505e240613c393d16.jpg,train
datasets\train_on_2025_all\images\GX010666_MP4-0235_jpg.rf.1df35261b7bb961f15d3f10839f4bee7.jpg,train
datasets\train_on_2025_all\images\GX010666_MP4-0235_jpg.rf.44dd9a4bf95f9fa1a053396391b2487d.jpg,train
datasets\train_on_2025_all\images\GX010666_MP4-0236_jpg.rf.f3e4f768f645fc75869fbd929e47f665.jpg,train
datasets\train_on_2025_all\images\GX010666_MP4-0236_jpg.rf.ff90a0557dcc9e2f5542fbc755fb8448.jpg,train
datasets\train_on_2025_all\images\GX010666_MP4-0237_jpg.rf.22f143b0bda972142b3bce3cfe6b1637.jpg,train
datasets\train_on_2025_all\images\GX010666_MP4-0237_jpg.rf.6134c4816c818248cf712097b105fb6c.jpg,train
datasets\train_on_2025_all\images\GX010666_MP4-0237_jpg.rf.c6a8286f4911e29664929f50f2d9bc47.jpg,train
datasets\train_on_2025_all\images\GX010666_MP4-0238_jpg.rf.cf35732d2b7e5f03386490ee48cfacd1.jpg,train
datasets\train_on_2025_all\images\GX010666_MP4-0238_jpg.rf.f55f799b86a0c4e1108f75d59968c853.jpg,train
datasets\train_on_2025_all\images\GX010666_MP4-0242_jpg.rf.c32789f640f8532c307377350792fa03.jpg,train
datasets\train_on_2025_all\images\GX010666_MP4-0242_jpg.rf.c78a4c588922f20b487b5e1713827d17.jpg,train
datasets\train_on_2025_all\images\GX010666_MP4-0243_jpg.rf.373368c29a5a8c0855dbba72cb6e2a2c.jpg,train
datasets\train_on_2025_all\images\GX010666_MP4-0246_jpg.rf.35bd3515d446d501e0c3ae02f3e55b13.jpg,train
datasets\train_on_2025_all\images\GX010666_MP4-0247_jpg.rf.23ab8a02e173d3d91b3a35158c52de5b.jpg,train
datasets\train_on_2025_all\images\GX010666_MP4-0247_jpg.rf.fb7e1a8267acd941e08937016c122556.jpg,train
datasets\train_on_2025_all\images\GX010666_MP4-0248_jpg.rf.38bb7257e89b2483aacaa1f326a50358.jpg,train
datasets\train_on_2025_all\images\GX010666_MP4-0249_jpg.rf.d147ed8b123fcc9b8e2035d06cbf78d1.jpg,train
datasets\train_on_2025_all\images\GX010666_MP4-0250_jpg.rf.0b4951af536755e383522f7c7ef7b5fd.jpg,train
datasets\train_on_2025_all\images\GX010666_MP4-0252_jpg.rf.8843daba6b5f00b3e54b149e6677ceba.jpg,train
datasets\train_on_2025_all\images\GX010666_MP4-0256_jpg.rf.bd58a65411b599f9dbf37deb4de16f77.jpg,train
datasets\train_on_2025_all\images\GX010666_MP4-0257_jpg.rf.bd5cbe9c837f7f365346f89ff6c17a76.jpg,train
datasets\train_on_2025_all\images\GX010666_MP4-0257_jpg.rf.fd8ea6106f8bb72e4b375e27014b3db3.jpg,train
datasets\train_on_2025_all\images\GX010666_MP4-0258_jpg.rf.fa2bb31a9d500dd5517ffbf65277c2fe.jpg,train
datasets\train_on_2025_all\images\GX010666_MP4-0259_jpg.rf.b35daf3075eb23a5ee1bec3e101dde2b.jpg,train
datasets\train_on_2025_all\images\GX010666_MP4-0260_jpg.rf.b73e23de496afd12018854489edccd82.jpg,train
datasets\train_on_2025_all\images\GX010666_MP4-0261_jpg.rf.0817003c7fa79c04478d635e817b97a6.jpg,train
datasets\train_on_2025_all\images\GX010666_MP4-0261_jpg.rf.edea7f342799144967065f941a5a9ec4.jpg,train
datasets\train_on_2025_all\images\GX010666_MP4-0261_jpg.rf.f1532f641dd09fcc2e380fe667046e36.jpg,train
datasets\train_on_2025_all\images\GX010666_MP4-0262_jpg.rf.1a748f3725ff6d37f2c3e62ef85441d3.jpg,train
datasets\train_on_2025_all\images\GX010666_MP4-0262_jpg.rf.2db3f92a4add9047b6b271e0c71bda78.jpg,train
datasets\train_on_2025_all\images\GX010666_MP4-0264_jpg.rf.0c5afebcde9c625d909af8070bb5686b.jpg,train
datasets\train_on_2025_all\images\GX010666_MP4-0264_jpg.rf.251d2291977ca2ba0b42ad7119c12634.jpg,train
datasets\train_on_2025_all\images\GX010666_MP4-0265_jpg.rf.2263a2fa2eb4017037859c64dd23f925.jpg,train
datasets\train_on_2025_all\images\GX010666_MP4-0265_jpg.rf.4831e1784d0006486b7d02b28482f619.jpg,train
datasets\train_on_2025_all\images\GX010666_MP4-0267_jpg.rf.4e4c9fef27dba752c281f1a0214cbf51.jpg,train
datasets\train_on_2025_all\images\GX010666_MP4-0267_jpg.rf.676fa23503f3e55a7b79a7b369c19cc1.jpg,train
datasets\train_on_2025_all\images\GX010666_MP4-0271_jpg.rf.49bb0c7b2db0cb00b3e69b63f17781c6.jpg,train
datasets\train_on_2025_all\images\GX010666_MP4-0281_jpg.rf.f74f3beaf729a406e0a3582b92002588.jpg,train
datasets\train_on_2025_all\images\GX010666_MP4-0282_jpg.rf.010de7125387bf2c4b58aa356e762124.jpg,train
datasets\train_on_2025_all\images\GX010666_MP4-0282_jpg.rf.6f6b4eabdf6c36c15d9f50db6559e724.jpg,train
datasets\train_on_2025_all\images\GX010666_MP4-0285_jpg.rf.611bfb302335feaa82207dfa61b9441b.jpg,train
datasets\train_on_2025_all\images\GX010666_MP4-0286_jpg.rf.188746edd256d352cbcda4c4068236dc.jpg,train
datasets\train_on_2025_all\images\GX010666_MP4-0287_jpg.rf.254808ae9b297e8007157f0f17e20879.jpg,train
datasets\train_on_2025_all\images\GX010666_MP4-0287_jpg.rf.58a25fedd9743b99b7d5c559cd159018.jpg,train
datasets\train_on_2025_all\images\GX010666_MP4-0288_jpg.rf.6fbe92385be4df4b45eed5f8fec96d26.jpg,train
datasets\train_on_2025_all\images\GX010666_MP4-0289_jpg.rf.de4ebda1fbb691af5aaed9cfd2f8b50a.jpg,train
datasets\train_on_2025_all\images\GX010666_MP4-0295_jpg.rf.95d2ef06dd5257a254cf04b4c510be8d.jpg,train
datasets\train_on_2025_all\images\GX010666_MP4-0295_jpg.rf.bb76638c053e1c89b7d3fbc0bb32849a.jpg,train
datasets\train_on_2025_all\images\GX010666_MP4-0298_jpg.rf.a575105b8613a93e00a448d05db09720.jpg,train
datasets\train_on_2025_all\images\GX010666_MP4-0300_jpg.rf.a62d07d669a06e36ef4cda2e26293e1b.jpg,train
datasets\train_on_2025_all\images\GX010666_MP4-0300_jpg.rf.e03031aaf73217325382256572c1f6fc.jpg,train
datasets\train_on_2025_all\images\GX010666_MP4-0301_jpg.rf.c5a72c0c597cb53e742d725765181165.jpg,train
datasets\train_on_2025_all\images\GX010666_MP4-0302_jpg.rf.f65229f730bc3003c066f8ec9bb16c68.jpg,train
datasets\train_on_2025_all\images\GX010666_MP4-0304_jpg.rf.34a8fd8ee8ef8c92a0964962c5815099.jpg,train
datasets\train_on_2025_all\images\GX010666_MP4-0309_jpg.rf.3777c15f4194cc29572b1f9e5bd833dc.jpg,train
datasets\train_on_2025_all\images\GX010666_MP4-0309_jpg.rf.c5f16fa700fc69067807134cc74d7564.jpg,train
datasets\train_on_2025_all\images\GX010666_MP4-0310_jpg.rf.8f43f3c617552358de822537d85aaf92.jpg,train
datasets\train_on_2025_all\images\GX010666_MP4-0310_jpg.rf.cbc11e24136832c3e5b62741d3057572.jpg,train
datasets\train_on_2025_all\images\GX010666_MP4-0310_jpg.rf.f824889c5990937dcfcc30c4d3ee8e5b.jpg,train
datasets\train_on_2025_all\images\GX010666_MP4-0311_jpg.rf.d62a678d345fe9d2b5de42a53bd6a227.jpg,train
datasets\train_on_2025_all\images\GX010666_MP4-0312_jpg.rf.06bcd13928296c190d713784af585dfe.jpg,train
datasets\train_on_2025_all\images\GX010666_MP4-0312_jpg.rf.41a55ec393ce8c33e3ae958969a05685.jpg,train
datasets\train_on_2025_all\images\GX010666_MP4-0312_jpg.rf.73c0df0f9408768820c741cdae3c469c.jpg,train
datasets\train_on_2025_all\images\GX010666_MP4-0317_jpg.rf.12510ee19fa93a8679df3a3d793fd13d.jpg,train
datasets\train_on_2025_all\images\GX010666_MP4-0317_jpg.rf.6524315a2715afc69b2e4f52f3a4292f.jpg,train
datasets\train_on_2025_all\images\GX010666_MP4-0317_jpg.rf.ab19ee896d3bde280e396c5469129f4c.jpg,train
datasets\train_on_2025_all\images\GX010666_MP4-0320_jpg.rf.7315d2642d52d03c50e7889e97a2d393.jpg,train
datasets\train_on_2025_all\images\GX010666_MP4-0331_jpg.rf.1233d1e0e8af3d19563a00b3f225f920.jpg,train
datasets\train_on_2025_all\images\GX010666_MP4-0333_jpg.rf.cc1512c05603c4d758a02d803bd9958f.jpg,train
datasets\train_on_2025_all\images\GX010666_MP4-0334_jpg.rf.f2113772710263a1cfb2ec6402b3a9e9.jpg,train
datasets\train_on_2025_all\images\GX010666_MP4-0335_jpg.rf.3a2df5f570fbd04ab6744b17bf6f2716.jpg,train
datasets\train_on_2025_all\images\GX010666_MP4-0336_jpg.rf.16dd18bb6b71e6bf8b7ecff86f1709dd.jpg,train
datasets\train_on_2025_all\images\GX010666_MP4-0340_jpg.rf.f99ca3971d0e767c945f365f5aec6173.jpg,train
datasets\train_on_2025_all\images\GX010666_MP4-0341_jpg.rf.5df59413990fb4a6f1a9be4636469495.jpg,train
datasets\train_on_2025_all\images\GX010666_MP4-0341_jpg.rf.f7076ba6c37fb692c9412f6673e309ec.jpg,train
datasets\train_on_2025_all\images\GX010666_MP4-0343_jpg.rf.42c596e94cb24c3f9c0ff7aa037a526f.jpg,train
datasets\train_on_2025_all\images\GX010666_MP4-0343_jpg.rf.6d5bab6b2fa9ae2b2d9236dd90bd6982.jpg,train
datasets\train_on_2025_all\images\GX010666_MP4-0344_jpg.rf.4ec79e127aefd1e77200aea2b2f757f0.jpg,train
datasets\train_on_2025_all\images\GX010667_MP4-0011_jpg.rf.9d1b9718e0e09a46f3ec366270f314f0.jpg,train
datasets\train_on_2025_all\images\GX010667_MP4-0012_jpg.rf.a219f495bc6f590cba43985b124d3d30.jpg,train
datasets\train_on_2025_all\images\GX010667_MP4-0012_jpg.rf.cc6edc75eb5a0a30b8825cbed07415ed.jpg,train
datasets\train_on_2025_all\images\GX010667_MP4-0014_jpg.rf.ad2b6fe3a168ad7aaaa8b1147101176f.jpg,train
datasets\train_on_2025_all\images\GX010667_MP4-0015_jpg.rf.76aa846f5c971746045289eff211342a.jpg,train
datasets\train_on_2025_all\images\GX010667_MP4-0015_jpg.rf.d71883f372b1f3bd1cb0b798e9198321.jpg,train
datasets\train_on_2025_all\images\GX010667_MP4-0018_jpg.rf.e3a75c20a7b4a074084272a751b43dea.jpg,train
datasets\train_on_2025_all\images\GX010667_MP4-0019_jpg.rf.1274dbd03aff9f492ff0f8962920b567.jpg,train
datasets\train_on_2025_all\images\GX010667_MP4-0019_jpg.rf.afdd20519d3151812172c412e7565c5c.jpg,train
datasets\train_on_2025_all\images\GX010667_MP4-0019_jpg.rf.f615b8576124222ebc5efae82a86c284.jpg,train
datasets\train_on_2025_all\images\GX010667_MP4-0020_jpg.rf.11910a990f70f4083fc6e87bba0857d8.jpg,train
datasets\train_on_2025_all\images\GX010667_MP4-0021_jpg.rf.31b1d574baee80ac4326147873925a8c.jpg,train
datasets\train_on_2025_all\images\GX010667_MP4-0021_jpg.rf.c25aeccd0fd354b5a14cef61f4cc6788.jpg,train
datasets\train_on_2025_all\images\GX010667_MP4-0023_jpg.rf.fbff6355a711d5072f375377d738bc2c.jpg,train
datasets\train_on_2025_all\images\GX010667_MP4-0024_jpg.rf.7e55024bfd99399061f0d382c274e6d3.jpg,train
datasets\train_on_2025_all\images\GX010667_MP4-0027_jpg.rf.1d926a44d344816703e93255afc1f746.jpg,train
datasets\train_on_2025_all\images\GX010667_MP4-0028_jpg.rf.1133f36e2c1504a72505b90029a1a80f.jpg,train
datasets\train_on_2025_all\images\GX010667_MP4-0028_jpg.rf.9426dd00f9116d7a0683fea76ddadc73.jpg,train
datasets\train_on_2025_all\images\GX010667_MP4-0030_jpg.rf.6a8df5780107e92f73e6b86f7b4e22bc.jpg,train
datasets\train_on_2025_all\images\GX010667_MP4-0031_jpg.rf.a3edae53f059c749f2df0de04173b5c4.jpg,train
datasets\train_on_2025_all\images\GX010667_MP4-0033_jpg.rf.4ff3b9f2e18e6e98dc5fcffbcda70eee.jpg,train
datasets\train_on_2025_all\images\GX010667_MP4-0034_jpg.rf.d8f3ef76b755a0fd03d74bf21a56d18f.jpg,train
datasets\train_on_2025_all\images\GX010667_MP4-0035_jpg.rf.b6c5b72b97e2ac9b6531d6d421fe6e70.jpg,train
datasets\train_on_2025_all\images\GX010667_MP4-0036_jpg.rf.235686e0b8a459224dbe50a5bfe2c1bd.jpg,train
datasets\train_on_2025_all\images\GX010667_MP4-0036_jpg.rf.b8e2cef8bf5b40f5db538b540dc6b810.jpg,train
datasets\train_on_2025_all\images\GX010667_MP4-0037_jpg.rf.5ed362c53f434220bbae869846478248.jpg,train
datasets\train_on_2025_all\images\GX010667_MP4-0037_jpg.rf.8761695133d5c3146a86fc45bbe8a787.jpg,train
datasets\train_on_2025_all\images\GX010667_MP4-0037_jpg.rf.f4e733b64f963b806dca020f5ff20ffe.jpg,train
datasets\train_on_2025_all\images\GX010667_MP4-0041_jpg.rf.3c1f7e5b4f131c2db3487f9ca330d699.jpg,train
datasets\train_on_2025_all\images\GX010667_MP4-0041_jpg.rf.ac2c58d68872ce3e5bfc1f32a29f0533.jpg,train
datasets\train_on_2025_all\images\GX010667_MP4-0042_jpg.rf.62f8ff50bb0246d74aec7429788eee79.jpg,train
datasets\train_on_2025_all\images\GX010667_MP4-0043_jpg.rf.4c51e3f8d19f65f0b9d0e0391716e52e.jpg,train
datasets\train_on_2025_all\images\GX010667_MP4-0044_jpg.rf.05780a88b3d0708ff9429804fa7ac7c5.jpg,train
datasets\train_on_2025_all\images\GX010667_MP4-0044_jpg.rf.2232efe2174e7781f06f88975723f7d5.jpg,train
datasets\train_on_2025_all\images\GX010667_MP4-0044_jpg.rf.e8b24d5738acbc69d3a07ce60690b818.jpg,train
datasets\train_on_2025_all\images\GX010667_MP4-0045_jpg.rf.73d391376024507fe3f6244012e65cc6.jpg,train
datasets\train_on_2025_all\images\GX010668_MP4-0008_jpg.rf.bfe335ef5e8e8ab498cacce29a552436.jpg,train
datasets\train_on_2025_all\images\GX010668_MP4-0010_jpg.rf.cd0d6360663ee505ad23b6789e941256.jpg,train
datasets\train_on_2025_all\images\GX010668_MP4-0011_jpg.rf.4b70994872514a31e1a39521bca354c0.jpg,train
datasets\train_on_2025_all\images\GX010668_MP4-0011_jpg.rf.5232a7649214c73841239d6d5dbb4c63.jpg,train
datasets\train_on_2025_all\images\GX010668_MP4-0019_jpg.rf.0700c79cf4896ce6b4639051d82f027b.jpg,train
datasets\train_on_2025_all\images\GX010668_MP4-0020_jpg.rf.79c8d2c2a582eeadaedef7dce09798bc.jpg,train
datasets\train_on_2025_all\images\GX010668_MP4-0022_jpg.rf.dced07a205ff70daf296671aea5d5742.jpg,train
datasets\train_on_2025_all\images\GX010668_MP4-0022_jpg.rf.f0c4104b9cde5591ac2e1fec571ff046.jpg,train
datasets\train_on_2025_all\images\GX010668_MP4-0026_jpg.rf.0272e54256752302a70b4b2a83327529.jpg,train
datasets\train_on_2025_all\images\GX010668_MP4-0026_jpg.rf.44344fe2f8b0a1db59a010e73f044e10.jpg,train
datasets\train_on_2025_all\images\GX010668_MP4-0027_jpg.rf.dfba450f0a49c9e7d7acfc70a6b249c8.jpg,train
datasets\train_on_2025_all\images\GX010668_MP4-0028_jpg.rf.20ecb8ddd11bc97ee4e01d5a6789bfa8.jpg,train
datasets\train_on_2025_all\images\GX010668_MP4-0028_jpg.rf.c6fefb06583fb140fcf1f9c43206c21a.jpg,train
datasets\train_on_2025_all\images\GX010668_MP4-0029_jpg.rf.a7f955d3a8af8ecd50b5eb56c8a2221e.jpg,train
datasets\train_on_2025_all\images\GX010668_MP4-0030_jpg.rf.bad1db2406b6ef7e205b3d6756da432d.jpg,train
datasets\train_on_2025_all\images\GX010668_MP4-0031_jpg.rf.48707dd97b07f90ffc4182e9465f88cd.jpg,train
datasets\train_on_2025_all\images\GX010668_MP4-0031_jpg.rf.8cb6d88e16db7eb68ae56c309976a2fd.jpg,train
datasets\train_on_2025_all\images\GX010668_MP4-0032_jpg.rf.49df7a85e93b6486a75f9b82383c7df5.jpg,train
datasets\train_on_2025_all\images\GX010668_MP4-0032_jpg.rf.75559e89908fca7f6ff18746f2bfd3e6.jpg,train
datasets\train_on_2025_all\images\GX010668_MP4-0032_jpg.rf.e8fc2dd98912913a94c25f1c5c89102d.jpg,train
datasets\train_on_2025_all\images\GX010668_MP4-0034_jpg.rf.4523f062f39efe0169376919769c804d.jpg,train
datasets\train_on_2025_all\images\GX010668_MP4-0035_jpg.rf.3f0c2e1b5ff20fae277c1d112cda3252.jpg,train
datasets\train_on_2025_all\images\GX010668_MP4-0036_jpg.rf.112d4ad82a4f29f5f41471b4d291522c.jpg,train
datasets\train_on_2025_all\images\GX010668_MP4-0036_jpg.rf.9a501206f9c6669a56fc50da46f7dd20.jpg,train
datasets\train_on_2025_all\images\GX010668_MP4-0039_jpg.rf.060990918c2661e7cb1f6f10728cf61d.jpg,train
datasets\train_on_2025_all\images\GX010668_MP4-0039_jpg.rf.9854f682c056e2bdeb7beacbc3098895.jpg,train
datasets\train_on_2025_all\images\GX010668_MP4-0041_jpg.rf.0eabd2885454da759586a753eef31a8c.jpg,train
datasets\train_on_2025_all\images\GX010668_MP4-0042_jpg.rf.7a8ec4846b09c60b68735ac6f88a9f73.jpg,train
datasets\train_on_2025_all\images\GX010668_MP4-0043_jpg.rf.305437c2c5f0f0c4d4fe71226ad334b7.jpg,train
datasets\train_on_2025_all\images\GX010668_MP4-0043_jpg.rf.7d2fa3c8f1164c0b4f505eb6b0c582a5.jpg,train
datasets\train_on_2025_all\images\GX010668_MP4-0044_jpg.rf.d861e37d767ab8c44714b949e7516e04.jpg,train
datasets\train_on_2025_all\images\GX010668_MP4-0047_jpg.rf.3c17390151407113b67e4e264c60fe47.jpg,train
datasets\train_on_2025_all\images\GX010668_MP4-0047_jpg.rf.61304002739cb49b6585ab38307ce8d1.jpg,train
datasets\train_on_2025_all\images\GX010668_MP4-0050_jpg.rf.d0ed6442072ffb2f0ea642fd4efb62b0.jpg,train
datasets\train_on_2025_all\images\GX010668_MP4-0052_jpg.rf.f79cce009715e294f3a624a19d3ff4b3.jpg,train
datasets\train_on_2025_all\images\GX010668_MP4-0055_jpg.rf.214f488e484f8f9870a00c7f3db42ec1.jpg,train
