image_path,basename,carapace_px,total_px,bbox_area_px,orientation_deg,label_found
C:\Users\carmonta\Desktop\data-centric-cross-season-transfer\datasets\train_on_2025_all\images\frame_00002_jpg.rf.81e4d2d34334c3e62d52a2aaf1841b65.jpg,frame_00002_jpg.rf.81e4d2d34334c3e62d52a2aaf1841b65.jpg,922.6345599815488,473.5872143727157,7645.0,249.40022899433535,True
C:\Users\carmonta\Desktop\data-centric-cross-season-transfer\datasets\train_on_2025_all\images\frame_00002_jpg.rf.c133fc4781eee7587233f43432fbbbf5.jpg,frame_00002_jpg.rf.c133fc4781eee7587233f43432fbbbf5.jpg,922.6345599815488,473.5872143727157,7645.0,249.40022899433535,True
C:\Users\carmonta\Desktop\data-centric-cross-season-transfer\datasets\train_on_2025_all\images\frame_00003_jpg.rf.3ae6ccc87659809e194e2556d90c364b.jpg,frame_00003_jpg.rf.3ae6ccc87659809e194e2556d90c364b.jpg,1086.5093855316861,527.419244776217,16790.0,242.08963544721618,True
C:\Users\carmonta\Desktop\data-centric-cross-season-transfer\datasets\train_on_2025_all\images\frame_00003_jpg.rf.42c03ad0db5e42c1cc474e5ffee4acda.jpg,frame_00003_jpg.rf.42c03ad0db5e42c1cc474e5ffee4acda.jpg,957.6260837588226,486.23602902471526,6922.5,232.80710572576925,True
C:\Users\carmonta\Desktop\data-centric-cross-season-transfer\datasets\train_on_2025_all\images\frame_00003_jpg.rf.513729ede4792fad7700d7425b5cddea.jpg,frame_00003_jpg.rf.513729ede4792fad7700d7425b5cddea.jpg,885.474172464084,768.7037222343733,4422.0,298.7500728159713,True
C:\Users\carmonta\Desktop\data-centric-cross-season-transfer\datasets\train_on_2025_all\images\frame_00003_jpg.rf.b6c0410e93749729dfb7ee0391ac5426.jpg,frame_00003_jpg.rf.b6c0410e93749729dfb7ee0391ac5426.jpg,957.6260837588226,486.23602902471526,6922.5,232.80710572576925,True
C:\Users\carmonta\Desktop\data-centric-cross-season-transfer\datasets\train_on_2025_all\images\frame_00003_jpg.rf.b9b8d4f7af3993256d7a9ece090bd229.jpg,frame_00003_jpg.rf.b9b8d4f7af3993256d7a9ece090bd229.jpg,885.474172464084,768.7037222343733,4422.0,298.7500728159713,True
C:\Users\carmonta\Desktop\data-centric-cross-season-transfer\datasets\train_on_2025_all\images\frame_00003_jpg.rf.ba8e369f79cd8c8b862073f03aa2c390.jpg,frame_00003_jpg.rf.ba8e369f79cd8c8b862073f03aa2c390.jpg,957.6260837588226,486.23602902471526,6922.5,232.80710572576925,True
C:\Users\carmonta\Desktop\data-centric-cross-season-transfer\datasets\train_on_2025_all\images\frame_00003_jpg.rf.d8d3e2d8d3c9a4cf40b2ab2e95ba1e6a.jpg,frame_00003_jpg.rf.d8d3e2d8d3c9a4cf40b2ab2e95ba1e6a.jpg,885.474172464084,768.7037222343733,4422.0,298.7500728159713,True
C:\Users\carmonta\Desktop\data-centric-cross-season-transfer\datasets\train_on_2025_all\images\frame_00003_jpg.rf.f9cdf9b0e4ad95f5b26745a774f96412.jpg,frame_00003_jpg.rf.f9cdf9b0e4ad95f5b26745a774f96412.jpg,1086.5093855316861,527.419244776217,16790.0,242.08963544721618,True
C:\Users\carmonta\Desktop\data-centric-cross-season-transfer\datasets\train_on_2025_all\images\frame_00004_jpg.rf.218144c56928d193f449c445b97971ab.jpg,frame_00004_jpg.rf.218144c56928d193f449c445b97971ab.jpg,891.9390791420293,631.1927009934817,8569.500000000002,288.9668438663913,True
C:\Users\carmonta\Desktop\data-centric-cross-season-transfer\datasets\train_on_2025_all\images\frame_00004_jpg.rf.54b21877958724da379aee0e0e4684fa.jpg,frame_00004_jpg.rf.54b21877958724da379aee0e0e4684fa.jpg,891.9390791420293,631.1927009934817,8569.500000000002,288.9668438663913,True
C:\Users\carmonta\Desktop\data-centric-cross-season-transfer\datasets\train_on_2025_all\images\frame_00004_jpg.rf.6b84e6ce0ce299b222b6b2b97dcb0e31.jpg,frame_00004_jpg.rf.6b84e6ce0ce299b222b6b2b97dcb0e31.jpg,1088.674627457761,527.1865866265939,18360.0,244.95298464025564,True
C:\Users\carmonta\Desktop\data-centric-cross-season-transfer\datasets\train_on_2025_all\images\frame_00004_jpg.rf.7f29194939f516713e2afbc2fbf16389.jpg,frame_00004_jpg.rf.7f29194939f516713e2afbc2fbf16389.jpg,1088.674627457761,527.1865866265939,18360.0,244.95298464025564,True
C:\Users\carmonta\Desktop\data-centric-cross-season-transfer\datasets\train_on_2025_all\images\frame_00004_jpg.rf.8c2c7414d6d9af84d057793df2085d0d.jpg,frame_00004_jpg.rf.8c2c7414d6d9af84d057793df2085d0d.jpg,1191.5564657862824,606.5692351056949,4476.750000000001,260.33408741986244,True
C:\Users\carmonta\Desktop\data-centric-cross-season-transfer\datasets\train_on_2025_all\images\frame_00004_jpg.rf.9c968ac8bae486c821c5bc257dfedd7e.jpg,frame_00004_jpg.rf.9c968ac8bae486c821c5bc257dfedd7e.jpg,891.9390791420293,631.1927009934817,8569.500000000002,288.9668438663913,True
C:\Users\carmonta\Desktop\data-centric-cross-season-transfer\datasets\train_on_2025_all\images\frame_00004_jpg.rf.c3dce6e668dc23dd39a54307390c31e3.jpg,frame_00004_jpg.rf.c3dce6e668dc23dd39a54307390c31e3.jpg,1191.5564657862824,606.5692351056949,4476.750000000001,260.33408741986244,True
C:\Users\carmonta\Desktop\data-centric-cross-season-transfer\datasets\train_on_2025_all\images\frame_00004_jpg.rf.d1eb9dec04905336e1852cb870754a62.jpg,frame_00004_jpg.rf.d1eb9dec04905336e1852cb870754a62.jpg,1088.674627457761,527.1865866265939,18360.0,244.95298464025564,True
C:\Users\carmonta\Desktop\data-centric-cross-season-transfer\datasets\train_on_2025_all\images\frame_00005_jpg.rf.036a737ef8862a76891fa078924bebd0.jpg,frame_00005_jpg.rf.036a737ef8862a76891fa078924bebd0.jpg,1028.2739909377592,521.0208919448642,11233.0,259.2855731572122,True
C:\Users\carmonta\Desktop\data-centric-cross-season-transfer\datasets\train_on_2025_all\images\frame_00005_jpg.rf.154e351508d5071df07c41f8f49cf0c7.jpg,frame_00005_jpg.rf.154e351508d5071df07c41f8f49cf0c7.jpg,917.2960696554496,580.5377559418109,8955.0,282.94106581636595,True
C:\Users\carmonta\Desktop\data-centric-cross-season-transfer\datasets\train_on_2025_all\images\frame_00005_jpg.rf.1d695ea85c20d4cac0295ca54b231eff.jpg,frame_00005_jpg.rf.1d695ea85c20d4cac0295ca54b231eff.jpg,1028.2739909377592,521.0208919448642,11233.0,259.2855731572122,True
C:\Users\carmonta\Desktop\data-centric-cross-season-transfer\datasets\train_on_2025_all\images\frame_00005_jpg.rf.281ffad5dbd4c5accc812baf1da4af81.jpg,frame_00005_jpg.rf.281ffad5dbd4c5accc812baf1da4af81.jpg,862.830531598067,575.6035775861147,7308.0,284.12571641253805,True
C:\Users\carmonta\Desktop\data-centric-cross-season-transfer\datasets\train_on_2025_all\images\frame_00005_jpg.rf.39862fc3570999bcc7bcbb9d51c4f1fb.jpg,frame_00005_jpg.rf.39862fc3570999bcc7bcbb9d51c4f1fb.jpg,1028.2739909377592,521.0208919448642,11233.0,259.2855731572122,True
C:\Users\carmonta\Desktop\data-centric-cross-season-transfer\datasets\train_on_2025_all\images\frame_00005_jpg.rf.400a144994418b11fa5d367fdf752168.jpg,frame_00005_jpg.rf.400a144994418b11fa5d367fdf752168.jpg,862.830531598067,575.6035775861147,7308.0,284.12571641253805,True
C:\Users\carmonta\Desktop\data-centric-cross-season-transfer\datasets\train_on_2025_all\images\frame_00005_jpg.rf.543091a76c30c92669719d24e52a4f95.jpg,frame_00005_jpg.rf.543091a76c30c92669719d24e52a4f95.jpg,857.3610351474127,578.143950694757,8268.0,280.4110623347193,True
C:\Users\carmonta\Desktop\data-centric-cross-season-transfer\datasets\train_on_2025_all\images\frame_00005_jpg.rf.9e94c2badff0303ade53cbbb8f873195.jpg,frame_00005_jpg.rf.9e94c2badff0303ade53cbbb8f873195.jpg,857.3610351474127,578.143950694757,8268.0,280.4110623347193,True
C:\Users\carmonta\Desktop\data-centric-cross-season-transfer\datasets\train_on_2025_all\images\frame_00005_jpg.rf.a4fbdb6ea2709dca15495c40ef3d85c0.jpg,frame_00005_jpg.rf.a4fbdb6ea2709dca15495c40ef3d85c0.jpg,1176.5923971917825,596.7344080476023,5278.0,259.4974552794737,True
C:\Users\carmonta\Desktop\data-centric-cross-season-transfer\datasets\train_on_2025_all\images\frame_00005_jpg.rf.c42ac8118f9093bec750f88f7f25b84a.jpg,frame_00005_jpg.rf.c42ac8118f9093bec750f88f7f25b84a.jpg,862.830531598067,575.6035775861147,7308.0,284.12571641253805,True
C:\Users\carmonta\Desktop\data-centric-cross-season-transfer\datasets\train_on_2025_all\images\frame_00005_jpg.rf.ce60b95c400ab73280a4d974431fbdf8.jpg,frame_00005_jpg.rf.ce60b95c400ab73280a4d974431fbdf8.jpg,917.2960696554496,580.5377559418109,8955.0,282.94106581636595,True
C:\Users\carmonta\Desktop\data-centric-cross-season-transfer\datasets\train_on_2025_all\images\frame_00005_jpg.rf.dba90d4b4eaa2fe3543fd2d1abb0aa21.jpg,frame_00005_jpg.rf.dba90d4b4eaa2fe3543fd2d1abb0aa21.jpg,1176.5923971917825,596.7344080476023,5278.0,259.4974552794737,True
C:\Users\carmonta\Desktop\data-centric-cross-season-transfer\datasets\train_on_2025_all\images\frame_00006_jpg.rf.038b169031e15fcf877d1b6ff1af1348.jpg,frame_00006_jpg.rf.038b169031e15fcf877d1b6ff1af1348.jpg,1038.280409079912,586.2994892133966,7802.0,274.09895892289563,True
C:\Users\carmonta\Desktop\data-centric-cross-season-transfer\datasets\train_on_2025_all\images\frame_00006_jpg.rf.2fa5dc9a295d4e35e49d6b9eaed11a7a.jpg,frame_00006_jpg.rf.2fa5dc9a295d4e35e49d6b9eaed11a7a.jpg,876.4403066682015,741.1929690295118,6882.75,294.3925750224562,True
C:\Users\carmonta\Desktop\data-centric-cross-season-transfer\datasets\train_on_2025_all\images\frame_00006_jpg.rf.6f104ffc740898a5b9b5bf81f307874a.jpg,frame_00006_jpg.rf.6f104ffc740898a5b9b5bf81f307874a.jpg,1038.280409079912,586.2994892133966,7802.0,274.09895892289563,True
C:\Users\carmonta\Desktop\data-centric-cross-season-transfer\datasets\train_on_2025_all\images\frame_00006_jpg.rf.86bb6dbf680c436150405f0f17b61b05.jpg,frame_00006_jpg.rf.86bb6dbf680c436150405f0f17b61b05.jpg,849.7024611381896,581.9653140617376,4388.5,284.93618697395493,True
C:\Users\carmonta\Desktop\data-centric-cross-season-transfer\datasets\train_on_2025_all\images\frame_00006_jpg.rf.89372a8bf7fe3d7090f5e9d20f446fd1.jpg,frame_00006_jpg.rf.89372a8bf7fe3d7090f5e9d20f446fd1.jpg,849.7024611381896,581.9653140617376,4388.5,284.93618697395493,True
C:\Users\carmonta\Desktop\data-centric-cross-season-transfer\datasets\train_on_2025_all\images\frame_00006_jpg.rf.a35b0490b87b7416423c3d938a181032.jpg,frame_00006_jpg.rf.a35b0490b87b7416423c3d938a181032.jpg,876.4403066682015,741.1929690295118,6882.75,294.3925750224562,True
C:\Users\carmonta\Desktop\data-centric-cross-season-transfer\datasets\train_on_2025_all\images\frame_00006_jpg.rf.b1e2f6b39721d564a4a3b390602e6d74.jpg,frame_00006_jpg.rf.b1e2f6b39721d564a4a3b390602e6d74.jpg,876.4403066682015,741.1929690295118,6882.75,294.3925750224562,True
C:\Users\carmonta\Desktop\data-centric-cross-season-transfer\datasets\train_on_2025_all\images\frame_00006_jpg.rf.f3a0aba8fbfb1a5d5c6cd9b555cf4d99.jpg,frame_00006_jpg.rf.f3a0aba8fbfb1a5d5c6cd9b555cf4d99.jpg,1038.280409079912,586.2994892133966,7802.0,274.09895892289563,True
C:\Users\carmonta\Desktop\data-centric-cross-season-transfer\datasets\train_on_2025_all\images\frame_00007_jpg.rf.1cd3bd8f0fd768e315f652f1eff4d88b.jpg,frame_00007_jpg.rf.1cd3bd8f0fd768e315f652f1eff4d88b.jpg,1195.1594080811956,620.5671388664147,5717.250000000001,256.3601455682726,True
C:\Users\carmonta\Desktop\data-centric-cross-season-transfer\datasets\train_on_2025_all\images\frame_00007_jpg.rf.2c644dbeadfda868a6c6d6ca5c29f6eb.jpg,frame_00007_jpg.rf.2c644dbeadfda868a6c6d6ca5c29f6eb.jpg,1027.4489466843256,510.24488428552814,4751.25,257.82077159931447,True
C:\Users\carmonta\Desktop\data-centric-cross-season-transfer\datasets\train_on_2025_all\images\frame_00007_jpg.rf.3190f604ce8917bc6c8ad412b5d8e100.jpg,frame_00007_jpg.rf.3190f604ce8917bc6c8ad412b5d8e100.jpg,874.2489474988383,451.4513766814789,11610.0,256.915568586812,True
C:\Users\carmonta\Desktop\data-centric-cross-season-transfer\datasets\train_on_2025_all\images\frame_00007_jpg.rf.5b36de2e773734c85be4a2e3df7a314d.jpg,frame_00007_jpg.rf.5b36de2e773734c85be4a2e3df7a314d.jpg,874.2489474988383,451.4513766814789,11610.0,256.915568586812,True
C:\Users\carmonta\Desktop\data-centric-cross-season-transfer\datasets\train_on_2025_all\images\frame_00007_jpg.rf.667c56881f7795cd3b47d7c16be9663b.jpg,frame_00007_jpg.rf.667c56881f7795cd3b47d7c16be9663b.jpg,1195.1594080811956,620.5671388664147,5717.250000000001,256.3601455682726,True
C:\Users\carmonta\Desktop\data-centric-cross-season-transfer\datasets\train_on_2025_all\images\frame_00007_jpg.rf.7575f4db9b9cfeac208a6e09c37ff2c3.jpg,frame_00007_jpg.rf.7575f4db9b9cfeac208a6e09c37ff2c3.jpg,894.6557351952997,576.1192008026673,3226.25,282.50417708046587,True
C:\Users\carmonta\Desktop\data-centric-cross-season-transfer\datasets\train_on_2025_all\images\frame_00007_jpg.rf.99d6e27d19ba41124d89d12e9ae68306.jpg,frame_00007_jpg.rf.99d6e27d19ba41124d89d12e9ae68306.jpg,874.2489474988383,451.4513766814789,11610.0,256.915568586812,True
C:\Users\carmonta\Desktop\data-centric-cross-season-transfer\datasets\train_on_2025_all\images\frame_00007_jpg.rf.b8aa26a7fa4db5f6deaf11a15cf1b867.jpg,frame_00007_jpg.rf.b8aa26a7fa4db5f6deaf11a15cf1b867.jpg,1195.1594080811956,620.5671388664147,5717.250000000001,256.3601455682726,True
C:\Users\carmonta\Desktop\data-centric-cross-season-transfer\datasets\train_on_2025_all\images\frame_00007_jpg.rf.c9c871e0ba4d59f0c64afca3615e4b5e.jpg,frame_00007_jpg.rf.c9c871e0ba4d59f0c64afca3615e4b5e.jpg,1027.4489466843256,510.24488428552814,4751.25,257.82077159931447,True
C:\Users\carmonta\Desktop\data-centric-cross-season-transfer\datasets\train_on_2025_all\images\frame_00007_jpg.rf.ce845d4b9989d584fdb47d834c7814c3.jpg,frame_00007_jpg.rf.ce845d4b9989d584fdb47d834c7814c3.jpg,894.6557351952997,576.1192008026673,3226.25,282.50417708046587,True
C:\Users\carmonta\Desktop\data-centric-cross-season-transfer\datasets\train_on_2025_all\images\frame_00007_jpg.rf.df175e2f7ab0148dbd824f69da57754c.jpg,frame_00007_jpg.rf.df175e2f7ab0148dbd824f69da57754c.jpg,894.6557351952997,576.1192008026673,3226.25,282.50417708046587,True
C:\Users\carmonta\Desktop\data-centric-cross-season-transfer\datasets\train_on_2025_all\images\frame_00008_jpg.rf.11cfdb679b92a4147ba6adf42754255a.jpg,frame_00008_jpg.rf.11cfdb679b92a4147ba6adf42754255a.jpg,1067.2698850809252,511.21679478960914,11268.0,233.3142857053685,True
C:\Users\carmonta\Desktop\data-centric-cross-season-transfer\datasets\train_on_2025_all\images\frame_00008_jpg.rf.188ffe17721d4d241178344db4711dd6.jpg,frame_00008_jpg.rf.188ffe17721d4d241178344db4711dd6.jpg,1014.1360450910523,475.9664150581103,7550.0,243.25405107655217,True
C:\Users\carmonta\Desktop\data-centric-cross-season-transfer\datasets\train_on_2025_all\images\frame_00008_jpg.rf.6a4027daa752b930212f9a9b54e77b10.jpg,frame_00008_jpg.rf.6a4027daa752b930212f9a9b54e77b10.jpg,1014.1360450910523,475.9664150581103,7550.0,243.25405107655217,True
C:\Users\carmonta\Desktop\data-centric-cross-season-transfer\datasets\train_on_2025_all\images\frame_00008_jpg.rf.7b299bdebf3798f9d2382fc5b351cf6a.jpg,frame_00008_jpg.rf.7b299bdebf3798f9d2382fc5b351cf6a.jpg,955.248624300771,599.2410044996296,6274.5,281.3457801433248,True
C:\Users\carmonta\Desktop\data-centric-cross-season-transfer\datasets\train_on_2025_all\images\frame_00008_jpg.rf.ad138de2472f10d072daac70fb4d56ba.jpg,frame_00008_jpg.rf.ad138de2472f10d072daac70fb4d56ba.jpg,1032.5864371673283,652.3011013113679,7314.0,281.5223259012233,True
C:\Users\carmonta\Desktop\data-centric-cross-season-transfer\datasets\train_on_2025_all\images\frame_00008_jpg.rf.ad6832df77945bb62c6f6faa8b76e5c7.jpg,frame_00008_jpg.rf.ad6832df77945bb62c6f6faa8b76e5c7.jpg,1032.5864371673283,652.3011013113679,7314.0,281.5223259012233,True
C:\Users\carmonta\Desktop\data-centric-cross-season-transfer\datasets\train_on_2025_all\images\frame_00008_jpg.rf.ce267c492735efd81df40bc5a5fdc882.jpg,frame_00008_jpg.rf.ce267c492735efd81df40bc5a5fdc882.jpg,1032.5864371673283,652.3011013113679,7314.0,281.5223259012233,True
C:\Users\carmonta\Desktop\data-centric-cross-season-transfer\datasets\train_on_2025_all\images\frame_00008_jpg.rf.fc43621626aa3aa99924f367b0417b4d.jpg,frame_00008_jpg.rf.fc43621626aa3aa99924f367b0417b4d.jpg,1067.2698850809252,511.21679478960914,11268.0,233.3142857053685,True
C:\Users\carmonta\Desktop\data-centric-cross-season-transfer\datasets\train_on_2025_all\images\frame_00009_jpg.rf.3c5231dd711265c35729c5f88b56f813.jpg,frame_00009_jpg.rf.3c5231dd711265c35729c5f88b56f813.jpg,889.0354693343002,605.639513268129,6634.0,287.26286233714643,True
C:\Users\carmonta\Desktop\data-centric-cross-season-transfer\datasets\train_on_2025_all\images\frame_00009_jpg.rf.705ce6e6d191da051f21cdb82d999e49.jpg,frame_00009_jpg.rf.705ce6e6d191da051f21cdb82d999e49.jpg,914.1046129263633,487.3028328600312,6756.75,267.553695468291,True
C:\Users\carmonta\Desktop\data-centric-cross-season-transfer\datasets\train_on_2025_all\images\frame_00009_jpg.rf.7d91091c1cf2e42ac6fba56f7103fc54.jpg,frame_00009_jpg.rf.7d91091c1cf2e42ac6fba56f7103fc54.jpg,945.4607680441062,567.1445530505267,3967.5,277.4822883935767,True
C:\Users\carmonta\Desktop\data-centric-cross-season-transfer\datasets\train_on_2025_all\images\frame_00009_jpg.rf.8f4e9c05dfd8ddbb8812213ee54b6512.jpg,frame_00009_jpg.rf.8f4e9c05dfd8ddbb8812213ee54b6512.jpg,889.0354693343002,605.639513268129,6634.0,287.26286233714643,True
C:\Users\carmonta\Desktop\data-centric-cross-season-transfer\datasets\train_on_2025_all\images\frame_00009_jpg.rf.af500b7865630015723c330f6e8d729c.jpg,frame_00009_jpg.rf.af500b7865630015723c330f6e8d729c.jpg,945.4607680441062,567.1445530505267,3967.5,277.4822883935767,True
C:\Users\carmonta\Desktop\data-centric-cross-season-transfer\datasets\train_on_2025_all\images\frame_00009_jpg.rf.c8d320a217d012645cba27190c3be9d5.jpg,frame_00009_jpg.rf.c8d320a217d012645cba27190c3be9d5.jpg,889.0354693343002,605.639513268129,6634.0,287.26286233714643,True
C:\Users\carmonta\Desktop\data-centric-cross-season-transfer\datasets\train_on_2025_all\images\frame_00009_jpg.rf.d2671c8d580369af76cea49833fb4a05.jpg,frame_00009_jpg.rf.d2671c8d580369af76cea49833fb4a05.jpg,945.4607680441062,567.1445530505267,3967.5,277.4822883935767,True
C:\Users\carmonta\Desktop\data-centric-cross-season-transfer\datasets\train_on_2025_all\images\frame_00009_jpg.rf.f07aa488b2e3f43bad477b51256f7244.jpg,frame_00009_jpg.rf.f07aa488b2e3f43bad477b51256f7244.jpg,914.1046129263633,487.3028328600312,6756.75,267.553695468291,True
C:\Users\carmonta\Desktop\data-centric-cross-season-transfer\datasets\train_on_2025_all\images\frame_00010_jpg.rf.2c583b78598b6ef0c2608eb15e4017e0.jpg,frame_00010_jpg.rf.2c583b78598b6ef0c2608eb15e4017e0.jpg,938.3268470451213,575.0942897801636,11670.75,280.9192388431471,True
C:\Users\carmonta\Desktop\data-centric-cross-season-transfer\datasets\train_on_2025_all\images\frame_00010_jpg.rf.58ca5f4adf6c42b3427723f0a2628ae5.jpg,frame_00010_jpg.rf.58ca5f4adf6c42b3427723f0a2628ae5.jpg,895.4065870271668,449.0951136223935,8452.5,257.0256743395623,True
C:\Users\carmonta\Desktop\data-centric-cross-season-transfer\datasets\train_on_2025_all\images\frame_00010_jpg.rf.6874cef9bb075c881c26b3beaf2bb4c3.jpg,frame_00010_jpg.rf.6874cef9bb075c881c26b3beaf2bb4c3.jpg,891.2034032517481,426.1565454068569,5996.5,247.9139456956084,True
C:\Users\carmonta\Desktop\data-centric-cross-season-transfer\datasets\train_on_2025_all\images\frame_00010_jpg.rf.7d98e67b4ec45098752fb95486542ff9.jpg,frame_00010_jpg.rf.7d98e67b4ec45098752fb95486542ff9.jpg,895.4065870271668,449.0951136223935,8452.5,257.0256743395623,True
C:\Users\carmonta\Desktop\data-centric-cross-season-transfer\datasets\train_on_2025_all\images\frame_00010_jpg.rf.82212d4a8709b29090aff803358b1f18.jpg,frame_00010_jpg.rf.82212d4a8709b29090aff803358b1f18.jpg,938.3268470451213,575.0942897801636,11670.75,280.9192388431471,True
C:\Users\carmonta\Desktop\data-centric-cross-season-transfer\datasets\train_on_2025_all\images\frame_00010_jpg.rf.a0205bcd883d3f8e2f93888ad1c2cf3c.jpg,frame_00010_jpg.rf.a0205bcd883d3f8e2f93888ad1c2cf3c.jpg,1140.6955375463092,576.1456278614576,10470.25,250.12207491160072,True
C:\Users\carmonta\Desktop\data-centric-cross-season-transfer\datasets\train_on_2025_all\images\frame_00010_jpg.rf.a1b920fbd47c25211c628be795daf4b3.jpg,frame_00010_jpg.rf.a1b920fbd47c25211c628be795daf4b3.jpg,801.7302785455664,468.9139620114448,8126.0,277.5627306037424,True
C:\Users\carmonta\Desktop\data-centric-cross-season-transfer\datasets\train_on_2025_all\images\frame_00010_jpg.rf.a52f6f0ea794c0f358b63aa3b974419b.jpg,frame_00010_jpg.rf.a52f6f0ea794c0f358b63aa3b974419b.jpg,801.7302785455664,468.9139620114448,8126.0,277.5627306037424,True
C:\Users\carmonta\Desktop\data-centric-cross-season-transfer\datasets\train_on_2025_all\images\frame_00010_jpg.rf.b2a376e6730ed1443f5912537f8e50fb.jpg,frame_00010_jpg.rf.b2a376e6730ed1443f5912537f8e50fb.jpg,1140.6955375463092,576.1456278614576,10470.25,250.12207491160072,True
C:\Users\carmonta\Desktop\data-centric-cross-season-transfer\datasets\train_on_2025_all\images\frame_00010_jpg.rf.b3c82e9a3cad6672f9603ad9463310f2.jpg,frame_00010_jpg.rf.b3c82e9a3cad6672f9603ad9463310f2.jpg,938.3268470451213,575.0942897801636,11670.75,280.9192388431471,True
C:\Users\carmonta\Desktop\data-centric-cross-season-transfer\datasets\train_on_2025_all\images\frame_00010_jpg.rf.c46e629a1a7b5eaa396024d9c9d44b55.jpg,frame_00010_jpg.rf.c46e629a1a7b5eaa396024d9c9d44b55.jpg,801.7302785455664,468.9139620114448,8126.0,277.5627306037424,True
C:\Users\carmonta\Desktop\data-centric-cross-season-transfer\datasets\train_on_2025_all\images\frame_00010_jpg.rf.c62e1ed29eb686641fd6c490c38af66d.jpg,frame_00010_jpg.rf.c62e1ed29eb686641fd6c490c38af66d.jpg,1056.1413712353165,604.2520495514625,6194.0,274.50087934957753,True
C:\Users\carmonta\Desktop\data-centric-cross-season-transfer\datasets\train_on_2025_all\images\frame_00010_jpg.rf.d9527b21a602532451cfcef3b38f5782.jpg,frame_00010_jpg.rf.d9527b21a602532451cfcef3b38f5782.jpg,891.2034032517481,426.1565454068569,5996.5,247.9139456956084,True
C:\Users\carmonta\Desktop\data-centric-cross-season-transfer\datasets\train_on_2025_all\images\frame_00010_jpg.rf.f2f77a0e1bb2122fdd28d7c8c0a68653.jpg,frame_00010_jpg.rf.f2f77a0e1bb2122fdd28d7c8c0a68653.jpg,895.4065870271668,449.0951136223935,8452.5,257.0256743395623,True
C:\Users\carmonta\Desktop\data-centric-cross-season-transfer\datasets\train_on_2025_all\images\frame_00011_jpg.rf.1fcc49c8b0fc89f7a3a3f0f9952da1df.jpg,frame_00011_jpg.rf.1fcc49c8b0fc89f7a3a3f0f9952da1df.jpg,990.1651759144117,467.05117951960284,12096.0,240.62129538906174,True
C:\Users\carmonta\Desktop\data-centric-cross-season-transfer\datasets\train_on_2025_all\images\frame_00011_jpg.rf.3c1775a81cf8f88d22c075a4160c2e1e.jpg,frame_00011_jpg.rf.3c1775a81cf8f88d22c075a4160c2e1e.jpg,1066.541854750146,512.0294466608412,8984.5,249.83691633768592,True
C:\Users\carmonta\Desktop\data-centric-cross-season-transfer\datasets\train_on_2025_all\images\frame_00011_jpg.rf.4f19e68cdc93edcc14059ec620daea7d.jpg,frame_00011_jpg.rf.4f19e68cdc93edcc14059ec620daea7d.jpg,901.5122090489793,430.61712657745454,5751.25,245.99982044530555,True
C:\Users\carmonta\Desktop\data-centric-cross-season-transfer\datasets\train_on_2025_all\images\frame_00011_jpg.rf.8cdfc1f3a550d613af79bd25989f0999.jpg,frame_00011_jpg.rf.8cdfc1f3a550d613af79bd25989f0999.jpg,1165.0867041747917,576.5094586504355,8951.250000000002,231.76318867693158,True
C:\Users\carmonta\Desktop\data-centric-cross-season-transfer\datasets\train_on_2025_all\images\frame_00011_jpg.rf.975b52169461b6e0516f23e40a98147c.jpg,frame_00011_jpg.rf.975b52169461b6e0516f23e40a98147c.jpg,905.7646693746134,516.4671447728963,10692.0,275.60124704238854,True
C:\Users\carmonta\Desktop\data-centric-cross-season-transfer\datasets\train_on_2025_all\images\frame_00011_jpg.rf.b66e39b2805515df290d32ae4e69c027.jpg,frame_00011_jpg.rf.b66e39b2805515df290d32ae4e69c027.jpg,901.5122090489793,430.61712657745454,5751.25,245.99982044530555,True
C:\Users\carmonta\Desktop\data-centric-cross-season-transfer\datasets\train_on_2025_all\images\frame_00011_jpg.rf.b8b1a3fd7b62dd82d7cd3bbc682f54a7.jpg,frame_00011_jpg.rf.b8b1a3fd7b62dd82d7cd3bbc682f54a7.jpg,901.5122090489793,430.61712657745454,5751.25,245.99982044530555,True
C:\Users\carmonta\Desktop\data-centric-cross-season-transfer\datasets\train_on_2025_all\images\frame_00011_jpg.rf.ce61f94599259c92f54fb182f780fbe2.jpg,frame_00011_jpg.rf.ce61f94599259c92f54fb182f780fbe2.jpg,1066.541854750146,512.0294466608412,8984.5,249.83691633768592,True
C:\Users\carmonta\Desktop\data-centric-cross-season-transfer\datasets\train_on_2025_all\images\frame_00011_jpg.rf.d9e9b77024a2390957bf5e6dd275eaf9.jpg,frame_00011_jpg.rf.d9e9b77024a2390957bf5e6dd275eaf9.jpg,905.7646693746134,516.4671447728963,10692.0,275.60124704238854,True
C:\Users\carmonta\Desktop\data-centric-cross-season-transfer\datasets\train_on_2025_all\images\frame_00011_jpg.rf.dcabad4bbba54e756b013e97dd23c08e.jpg,frame_00011_jpg.rf.dcabad4bbba54e756b013e97dd23c08e.jpg,1165.0867041747917,576.5094586504355,8951.250000000002,231.76318867693158,True
C:\Users\carmonta\Desktop\data-centric-cross-season-transfer\datasets\train_on_2025_all\images\frame_00011_jpg.rf.e8cce621d23b11722ac314db32d53ad3.jpg,frame_00011_jpg.rf.e8cce621d23b11722ac314db32d53ad3.jpg,905.7646693746134,516.4671447728963,10692.0,275.60124704238854,True
C:\Users\carmonta\Desktop\data-centric-cross-season-transfer\datasets\train_on_2025_all\images\frame_00011_jpg.rf.f3e6ddd10392a0197b88fd328a73db46.jpg,frame_00011_jpg.rf.f3e6ddd10392a0197b88fd328a73db46.jpg,990.1651759144117,467.05117951960284,12096.0,240.62129538906174,True
C:\Users\carmonta\Desktop\data-centric-cross-season-transfer\datasets\train_on_2025_all\images\frame_00011_jpg.rf.fef6407c8d34aa751464d063276fd291.jpg,frame_00011_jpg.rf.fef6407c8d34aa751464d063276fd291.jpg,1066.541854750146,512.0294466608412,8984.5,249.83691633768592,True
C:\Users\carmonta\Desktop\data-centric-cross-season-transfer\datasets\train_on_2025_all\images\frame_00012_jpg.rf.0b46ba4251e1de99d336c252b35c60e3.jpg,frame_00012_jpg.rf.0b46ba4251e1de99d336c252b35c60e3.jpg,796.6218830890131,401.60930219184917,9834.0,263.883192033195,True
C:\Users\carmonta\Desktop\data-centric-cross-season-transfer\datasets\train_on_2025_all\images\frame_00012_jpg.rf.0f81f75d47a2023ae72f9bfacffec0f1.jpg,frame_00012_jpg.rf.0f81f75d47a2023ae72f9bfacffec0f1.jpg,1187.528190516689,619.7583186991058,6638.500000000001,217.21309476038107,True
C:\Users\carmonta\Desktop\data-centric-cross-season-transfer\datasets\train_on_2025_all\images\frame_00012_jpg.rf.11ed1fc12ec2f8b018b48bfe25c17968.jpg,frame_00012_jpg.rf.11ed1fc12ec2f8b018b48bfe25c17968.jpg,796.6218830890131,401.60930219184917,9834.0,263.883192033195,True
C:\Users\carmonta\Desktop\data-centric-cross-season-transfer\datasets\train_on_2025_all\images\frame_00012_jpg.rf.3515fba64554e6fc8794a683796ed5a5.jpg,frame_00012_jpg.rf.3515fba64554e6fc8794a683796ed5a5.jpg,839.1380500844753,532.0252542496013,13045.5,276.2124198887544,True
C:\Users\carmonta\Desktop\data-centric-cross-season-transfer\datasets\train_on_2025_all\images\frame_00012_jpg.rf.3e1c00c467c5a01f645f4cdcdd59428e.jpg,frame_00012_jpg.rf.3e1c00c467c5a01f645f4cdcdd59428e.jpg,927.7868560668778,466.01095657281945,18204.0,263.81950643946146,True
C:\Users\carmonta\Desktop\data-centric-cross-season-transfer\datasets\train_on_2025_all\images\frame_00012_jpg.rf.5f59c1f919c599da973037db994c8b0f.jpg,frame_00012_jpg.rf.5f59c1f919c599da973037db994c8b0f.jpg,796.6218830890131,401.60930219184917,9834.0,263.883192033195,True
C:\Users\carmonta\Desktop\data-centric-cross-season-transfer\datasets\train_on_2025_all\images\frame_00012_jpg.rf.6cfefd072aee9506808de677ebe42cf5.jpg,frame_00012_jpg.rf.6cfefd072aee9506808de677ebe42cf5.jpg,1187.528190516689,619.7583186991058,6638.500000000001,217.21309476038107,True
C:\Users\carmonta\Desktop\data-centric-cross-season-transfer\datasets\train_on_2025_all\images\frame_00012_jpg.rf.b327326d0cbc9e663dd5b02c13ecf1a1.jpg,frame_00012_jpg.rf.b327326d0cbc9e663dd5b02c13ecf1a1.jpg,927.7868560668778,466.01095657281945,18204.0,263.81950643946146,True
C:\Users\carmonta\Desktop\data-centric-cross-season-transfer\datasets\train_on_2025_all\images\frame_00012_jpg.rf.d5367e86c8973aad59dea34746bb7567.jpg,frame_00012_jpg.rf.d5367e86c8973aad59dea34746bb7567.jpg,839.1380500844753,532.0252542496013,13045.5,276.2124198887544,True
C:\Users\carmonta\Desktop\data-centric-cross-season-transfer\datasets\train_on_2025_all\images\frame_00013_jpg.rf.1899238de463496a8186daabf966c102.jpg,frame_00013_jpg.rf.1899238de463496a8186daabf966c102.jpg,1155.8766726763256,586.1747203131177,6698.749999999999,245.57192843166354,True
C:\Users\carmonta\Desktop\data-centric-cross-season-transfer\datasets\train_on_2025_all\images\frame_00013_jpg.rf.2293b7358d448393725953de5a24f690.jpg,frame_00013_jpg.rf.2293b7358d448393725953de5a24f690.jpg,1117.2553551430121,544.8900072126088,11200.0,246.6992659311058,True
C:\Users\carmonta\Desktop\data-centric-cross-season-transfer\datasets\train_on_2025_all\images\frame_00013_jpg.rf.23a48c47eeee0b7fa9b0bfebd5014129.jpg,frame_00013_jpg.rf.23a48c47eeee0b7fa9b0bfebd5014129.jpg,929.8777888601992,636.2745206402786,8530.25,282.0980201374515,True
C:\Users\carmonta\Desktop\data-centric-cross-season-transfer\datasets\train_on_2025_all\images\frame_00013_jpg.rf.319a0513adcc6c335d9ab4228ba24610.jpg,frame_00013_jpg.rf.319a0513adcc6c335d9ab4228ba24610.jpg,865.8758142366485,620.6266590727768,7781.5,290.80197985362537,True
C:\Users\carmonta\Desktop\data-centric-cross-season-transfer\datasets\train_on_2025_all\images\frame_00013_jpg.rf.33495cc14bd83aa5c060bf2c86eafd9d.jpg,frame_00013_jpg.rf.33495cc14bd83aa5c060bf2c86eafd9d.jpg,928.4664628151265,685.4407224019634,11246.5,291.18853722916566,True
C:\Users\carmonta\Desktop\data-centric-cross-season-transfer\datasets\train_on_2025_all\images\frame_00013_jpg.rf.3cfbf60c3b10c9fb572307cdefb596fe.jpg,frame_00013_jpg.rf.3cfbf60c3b10c9fb572307cdefb596fe.jpg,781.469664889719,899.7080885314202,8858.75,308.80171015819803,True
C:\Users\carmonta\Desktop\data-centric-cross-season-transfer\datasets\train_on_2025_all\images\frame_00013_jpg.rf.5f647dda9e1171f42c6b62373e8025cb.jpg,frame_00013_jpg.rf.5f647dda9e1171f42c6b62373e8025cb.jpg,865.8758142366485,620.6266590727768,7781.5,290.80197985362537,True
C:\Users\carmonta\Desktop\data-centric-cross-season-transfer\datasets\train_on_2025_all\images\frame_00013_jpg.rf.7fd42a37e2e335130df78ddea7ce7837.jpg,frame_00013_jpg.rf.7fd42a37e2e335130df78ddea7ce7837.jpg,929.8777888601992,636.2745206402786,8530.25,282.0980201374515,True
C:\Users\carmonta\Desktop\data-centric-cross-season-transfer\datasets\train_on_2025_all\images\frame_00013_jpg.rf.90a25b49b789cdf6bad5fedd717e869d.jpg,frame_00013_jpg.rf.90a25b49b789cdf6bad5fedd717e869d.jpg,929.8777888601992,636.2745206402786,8530.25,282.0980201374515,True
C:\Users\carmonta\Desktop\data-centric-cross-season-transfer\datasets\train_on_2025_all\images\frame_00013_jpg.rf.9424091660d3d8faeac807af68bea7d1.jpg,frame_00013_jpg.rf.9424091660d3d8faeac807af68bea7d1.jpg,1155.8766726763256,586.1747203131177,6698.749999999999,245.57192843166354,True
C:\Users\carmonta\Desktop\data-centric-cross-season-transfer\datasets\train_on_2025_all\images\frame_00013_jpg.rf.a7626f97a6e8c7976f77563ec43b7434.jpg,frame_00013_jpg.rf.a7626f97a6e8c7976f77563ec43b7434.jpg,1117.2553551430121,544.8900072126088,11200.0,246.6992659311058,True
C:\Users\carmonta\Desktop\data-centric-cross-season-transfer\datasets\train_on_2025_all\images\frame_00013_jpg.rf.ac522859c488f77bc01bbd9ddf6874a5.jpg,frame_00013_jpg.rf.ac522859c488f77bc01bbd9ddf6874a5.jpg,1117.2553551430121,544.8900072126088,11200.0,246.6992659311058,True
C:\Users\carmonta\Desktop\data-centric-cross-season-transfer\datasets\train_on_2025_all\images\frame_00013_jpg.rf.b3396acf74af18d7089a3047d4be5d20.jpg,frame_00013_jpg.rf.b3396acf74af18d7089a3047d4be5d20.jpg,781.469664889719,899.7080885314202,8858.75,308.80171015819803,True
C:\Users\carmonta\Desktop\data-centric-cross-season-transfer\datasets\train_on_2025_all\images\frame_00013_jpg.rf.de50b537844f2f7bbe8ba620b59eb03f.jpg,frame_00013_jpg.rf.de50b537844f2f7bbe8ba620b59eb03f.jpg,781.469664889719,899.7080885314202,8858.75,308.80171015819803,True
C:\Users\carmonta\Desktop\data-centric-cross-season-transfer\datasets\train_on_2025_all\images\frame_00013_jpg.rf.e1154bca91357fe48969ad8f4576566c.jpg,frame_00013_jpg.rf.e1154bca91357fe48969ad8f4576566c.jpg,1155.8766726763256,586.1747203131177,6698.749999999999,245.57192843166354,True
C:\Users\carmonta\Desktop\data-centric-cross-season-transfer\datasets\train_on_2025_all\images\frame_00013_jpg.rf.f414092ae4a557ccedf5dae2401a0476.jpg,frame_00013_jpg.rf.f414092ae4a557ccedf5dae2401a0476.jpg,928.4664628151265,685.4407224019634,11246.5,291.18853722916566,True
C:\Users\carmonta\Desktop\data-centric-cross-season-transfer\datasets\train_on_2025_all\images\frame_00014_jpg.rf.027acbf6ecbcae9440eb32cc535e0f85.jpg,frame_00014_jpg.rf.027acbf6ecbcae9440eb32cc535e0f85.jpg,1015.8139871171924,545.1963979817482,13020.0,260.8609318942255,True
C:\Users\carmonta\Desktop\data-centric-cross-season-transfer\datasets\train_on_2025_all\images\frame_00014_jpg.rf.09f752e73efd453fd40d0525874a4a7e.jpg,frame_00014_jpg.rf.09f752e73efd453fd40d0525874a4a7e.jpg,1016.6214153554506,656.272501718395,7097.0,281.0028716017431,True
C:\Users\carmonta\Desktop\data-centric-cross-season-transfer\datasets\train_on_2025_all\images\frame_00014_jpg.rf.0d150120491ddb479d7148119157af45.jpg,frame_00014_jpg.rf.0d150120491ddb479d7148119157af45.jpg,1016.6214153554506,656.272501718395,7097.0,281.0028716017431,True
C:\Users\carmonta\Desktop\data-centric-cross-season-transfer\datasets\train_on_2025_all\images\frame_00014_jpg.rf.145cd94f711de877a1eec6747883fa55.jpg,frame_00014_jpg.rf.145cd94f711de877a1eec6747883fa55.jpg,1134.1582101831655,555.2768661606339,10836.0,241.31593590369891,True
C:\Users\carmonta\Desktop\data-centric-cross-season-transfer\datasets\train_on_2025_all\images\frame_00014_jpg.rf.243884c77901410e44dfd1d0302003bc.jpg,frame_00014_jpg.rf.243884c77901410e44dfd1d0302003bc.jpg,1134.1582101831655,555.2768661606339,10836.0,241.31593590369891,True
C:\Users\carmonta\Desktop\data-centric-cross-season-transfer\datasets\train_on_2025_all\images\frame_00014_jpg.rf.2eea9a9106aa9182cc2914addc168882.jpg,frame_00014_jpg.rf.2eea9a9106aa9182cc2914addc168882.jpg,917.5403708026256,771.0717239317459,9800.0,294.26445909031054,True
C:\Users\carmonta\Desktop\data-centric-cross-season-transfer\datasets\train_on_2025_all\images\frame_00014_jpg.rf.3736b8c466391833b4bc665e26c8075b.jpg,frame_00014_jpg.rf.3736b8c466391833b4bc665e26c8075b.jpg,749.2069667847776,490.5280643160804,23102.75,286.7627106309214,True
C:\Users\carmonta\Desktop\data-centric-cross-season-transfer\datasets\train_on_2025_all\images\frame_00014_jpg.rf.3896287d5f1ac17f5bb01b014ffc96af.jpg,frame_00014_jpg.rf.3896287d5f1ac17f5bb01b014ffc96af.jpg,749.2069667847776,490.5280643160804,23102.75,286.7627106309214,True
C:\Users\carmonta\Desktop\data-centric-cross-season-transfer\datasets\train_on_2025_all\images\frame_00014_jpg.rf.6ea7fb2cf517954763e38e90ff237d01.jpg,frame_00014_jpg.rf.6ea7fb2cf517954763e38e90ff237d01.jpg,1016.6214153554506,656.272501718395,7097.0,281.0028716017431,True
C:\Users\carmonta\Desktop\data-centric-cross-season-transfer\datasets\train_on_2025_all\images\frame_00014_jpg.rf.741b625386bb48a28e6fdde9681c1592.jpg,frame_00014_jpg.rf.741b625386bb48a28e6fdde9681c1592.jpg,858.1698620237611,678.379894089436,7453.000000000001,294.2615335116191,True
C:\Users\carmonta\Desktop\data-centric-cross-season-transfer\datasets\train_on_2025_all\images\frame_00014_jpg.rf.9b9bd34dc165431135ddc39fd6827b44.jpg,frame_00014_jpg.rf.9b9bd34dc165431135ddc39fd6827b44.jpg,1134.1582101831655,555.2768661606339,10836.0,241.31593590369891,True
C:\Users\carmonta\Desktop\data-centric-cross-season-transfer\datasets\train_on_2025_all\images\frame_00014_jpg.rf.aa50a01756de8ca57719d0b8ba173f97.jpg,frame_00014_jpg.rf.aa50a01756de8ca57719d0b8ba173f97.jpg,917.5403708026256,771.0717239317459,9800.0,294.26445909031054,True
C:\Users\carmonta\Desktop\data-centric-cross-season-transfer\datasets\train_on_2025_all\images\frame_00014_jpg.rf.aafbf3f9f4df4749b95fc1001d610c62.jpg,frame_00014_jpg.rf.aafbf3f9f4df4749b95fc1001d610c62.jpg,1015.8139871171924,545.1963979817482,13020.0,260.8609318942255,True
C:\Users\carmonta\Desktop\data-centric-cross-season-transfer\datasets\train_on_2025_all\images\frame_00014_jpg.rf.c4e6a8b6f4bd3f38ea22abe07ec20dce.jpg,frame_00014_jpg.rf.c4e6a8b6f4bd3f38ea22abe07ec20dce.jpg,749.2069667847776,490.5280643160804,23102.75,286.7627106309214,True
C:\Users\carmonta\Desktop\data-centric-cross-season-transfer\datasets\train_on_2025_all\images\frame_00014_jpg.rf.ef6fd92adaef6abdd424e2a31ef307f5.jpg,frame_00014_jpg.rf.ef6fd92adaef6abdd424e2a31ef307f5.jpg,858.1698620237611,678.379894089436,7453.000000000001,294.2615335116191,True
C:\Users\carmonta\Desktop\data-centric-cross-season-transfer\datasets\train_on_2025_all\images\frame_00015_jpg.rf.0abf8e298d11a6e3bf029d71a9ba5b09.jpg,frame_00015_jpg.rf.0abf8e298d11a6e3bf029d71a9ba5b09.jpg,898.2064094587225,514.5323828932236,12723.75,268.14282516652935,True
C:\Users\carmonta\Desktop\data-centric-cross-season-transfer\datasets\train_on_2025_all\images\frame_00015_jpg.rf.0ca3b7f2838664bff3359ac8b4c88485.jpg,frame_00015_jpg.rf.0ca3b7f2838664bff3359ac8b4c88485.jpg,772.043410702006,789.853086985138,8786.0,304.3342442740136,True
C:\Users\carmonta\Desktop\data-centric-cross-season-transfer\datasets\train_on_2025_all\images\frame_00015_jpg.rf.3c633cd03e10fa8856865430768d0686.jpg,frame_00015_jpg.rf.3c633cd03e10fa8856865430768d0686.jpg,1077.7090154374894,539.1649881300917,7062.749999999999,248.86115729823808,True
C:\Users\carmonta\Desktop\data-centric-cross-season-transfer\datasets\train_on_2025_all\images\frame_00015_jpg.rf.4fde44cc0ae7a7a6cfaa76db98cb4787.jpg,frame_00015_jpg.rf.4fde44cc0ae7a7a6cfaa76db98cb4787.jpg,898.2064094587225,514.5323828932236,12723.75,268.14282516652935,True
C:\Users\carmonta\Desktop\data-centric-cross-season-transfer\datasets\train_on_2025_all\images\frame_00015_jpg.rf.5b42fbdcf94c53ca1acdf76f3e035605.jpg,frame_00015_jpg.rf.5b42fbdcf94c53ca1acdf76f3e035605.jpg,1077.7090154374894,539.1649881300917,7062.749999999999,248.86115729823808,True
C:\Users\carmonta\Desktop\data-centric-cross-season-transfer\datasets\train_on_2025_all\images\frame_00015_jpg.rf.6a773fa8d4718b2424325a1ef0685270.jpg,frame_00015_jpg.rf.6a773fa8d4718b2424325a1ef0685270.jpg,1077.7090154374894,539.1649881300917,7062.749999999999,248.86115729823808,True
C:\Users\carmonta\Desktop\data-centric-cross-season-transfer\datasets\train_on_2025_all\images\frame_00015_jpg.rf.92753c53cbba949449d856f98bee674f.jpg,frame_00015_jpg.rf.92753c53cbba949449d856f98bee674f.jpg,828.0914818575455,666.9906476787074,9765.0,296.40341790228604,True
C:\Users\carmonta\Desktop\data-centric-cross-season-transfer\datasets\train_on_2025_all\images\frame_00015_jpg.rf.9487e4336fa202687ed1274974ba879c.jpg,frame_00015_jpg.rf.9487e4336fa202687ed1274974ba879c.jpg,831.227987454208,393.6681372684084,10890.000000000002,246.93313451649155,True
C:\Users\carmonta\Desktop\data-centric-cross-season-transfer\datasets\train_on_2025_all\images\frame_00015_jpg.rf.a38684bd0696640d5259274d2b740fb6.jpg,frame_00015_jpg.rf.a38684bd0696640d5259274d2b740fb6.jpg,831.227987454208,393.6681372684084,10890.000000000002,246.93313451649155,True
C:\Users\carmonta\Desktop\data-centric-cross-season-transfer\datasets\train_on_2025_all\images\frame_00015_jpg.rf.a9177aba30cd3c5b88aa2c5b72ce9d2a.jpg,frame_00015_jpg.rf.a9177aba30cd3c5b88aa2c5b72ce9d2a.jpg,772.043410702006,789.853086985138,8786.0,304.3342442740136,True
C:\Users\carmonta\Desktop\data-centric-cross-season-transfer\datasets\train_on_2025_all\images\frame_00015_jpg.rf.b93c7c20acaed42ea4d86837a3485a47.jpg,frame_00015_jpg.rf.b93c7c20acaed42ea4d86837a3485a47.jpg,898.2064094587225,514.5323828932236,12723.75,268.14282516652935,True
C:\Users\carmonta\Desktop\data-centric-cross-season-transfer\datasets\train_on_2025_all\images\frame_00015_jpg.rf.cc394da2792202c34f76ada70c3efb5e.jpg,frame_00015_jpg.rf.cc394da2792202c34f76ada70c3efb5e.jpg,772.043410702006,789.853086985138,8786.0,304.3342442740136,True
C:\Users\carmonta\Desktop\data-centric-cross-season-transfer\datasets\train_on_2025_all\images\frame_00015_jpg.rf.fa289b06dc941edd53d81c24834b273a.jpg,frame_00015_jpg.rf.fa289b06dc941edd53d81c24834b273a.jpg,828.0914818575455,666.9906476787074,9765.0,296.40341790228604,True
C:\Users\carmonta\Desktop\data-centric-cross-season-transfer\datasets\train_on_2025_all\images\frame_00016_jpg.rf.0006f06b9938f0a50d749b7edc17ac5b.jpg,frame_00016_jpg.rf.0006f06b9938f0a50d749b7edc17ac5b.jpg,941.8155091953631,554.2813375246621,10293.250000000002,274.42453914138105,True
C:\Users\carmonta\Desktop\data-centric-cross-season-transfer\datasets\train_on_2025_all\images\frame_00016_jpg.rf.16e8915aa59422a8497316f6cf8b7692.jpg,frame_00016_jpg.rf.16e8915aa59422a8497316f6cf8b7692.jpg,1202.1288707308158,716.8273336960461,10687.5,274.6563880776057,True
C:\Users\carmonta\Desktop\data-centric-cross-season-transfer\datasets\train_on_2025_all\images\frame_00016_jpg.rf.48cace9049b4cd9c1a5c40af1b489d53.jpg,frame_00016_jpg.rf.48cace9049b4cd9c1a5c40af1b489d53.jpg,1202.1288707308158,716.8273336960461,10687.5,274.6563880776057,True
C:\Users\carmonta\Desktop\data-centric-cross-season-transfer\datasets\train_on_2025_all\images\frame_00016_jpg.rf.5336e29a50b604c268497c652a73d85f.jpg,frame_00016_jpg.rf.5336e29a50b604c268497c652a73d85f.jpg,1004.5459053384054,574.2027976781887,12522.75,268.4024239588785,True
C:\Users\carmonta\Desktop\data-centric-cross-season-transfer\datasets\train_on_2025_all\images\frame_00016_jpg.rf.655bb93b3952f132402fef6f3e2e335b.jpg,frame_00016_jpg.rf.655bb93b3952f132402fef6f3e2e335b.jpg,1177.1331537001638,604.1571720212767,3748.5,221.65958105469375,True
C:\Users\carmonta\Desktop\data-centric-cross-season-transfer\datasets\train_on_2025_all\images\frame_00016_jpg.rf.6dfb2d04cbb42db5c89f9d08f4aec709.jpg,frame_00016_jpg.rf.6dfb2d04cbb42db5c89f9d08f4aec709.jpg,1177.1331537001638,604.1571720212767,3748.5,221.65958105469375,True
C:\Users\carmonta\Desktop\data-centric-cross-season-transfer\datasets\train_on_2025_all\images\frame_00016_jpg.rf.a20e9d66cb8f93c989333e18c5a89d4d.jpg,frame_00016_jpg.rf.a20e9d66cb8f93c989333e18c5a89d4d.jpg,941.8155091953631,554.2813375246621,10293.250000000002,274.42453914138105,True
C:\Users\carmonta\Desktop\data-centric-cross-season-transfer\datasets\train_on_2025_all\images\frame_00016_jpg.rf.b9ad6a710c349e2fca2f47b535a1b2f8.jpg,frame_00016_jpg.rf.b9ad6a710c349e2fca2f47b535a1b2f8.jpg,1004.5459053384054,574.2027976781887,12522.75,268.4024239588785,True
C:\Users\carmonta\Desktop\data-centric-cross-season-transfer\datasets\train_on_2025_all\images\frame_00016_jpg.rf.cd8d3275b870b281a9d7025cbdfab499.jpg,frame_00016_jpg.rf.cd8d3275b870b281a9d7025cbdfab499.jpg,941.8155091953631,554.2813375246621,10293.250000000002,274.42453914138105,True
C:\Users\carmonta\Desktop\data-centric-cross-season-transfer\datasets\train_on_2025_all\images\frame_00016_jpg.rf.d34909c5df4e3b53c5709a9edff0138d.jpg,frame_00016_jpg.rf.d34909c5df4e3b53c5709a9edff0138d.jpg,1199.6050424275961,622.5224771482334,15410.0,224.7551432295334,True
C:\Users\carmonta\Desktop\data-centric-cross-season-transfer\datasets\train_on_2025_all\images\frame_00016_jpg.rf.e44b0ad8027c5cb307c7cfa7489a6d8f.jpg,frame_00016_jpg.rf.e44b0ad8027c5cb307c7cfa7489a6d8f.jpg,1177.1331537001638,604.1571720212767,3748.5,221.65958105469375,True
C:\Users\carmonta\Desktop\data-centric-cross-season-transfer\datasets\train_on_2025_all\images\frame_00016_jpg.rf.ee599fdcbb1e8f33e7230583b9c24776.jpg,frame_00016_jpg.rf.ee599fdcbb1e8f33e7230583b9c24776.jpg,1202.1288707308158,716.8273336960461,10687.5,274.6563880776057,True
C:\Users\carmonta\Desktop\data-centric-cross-season-transfer\datasets\train_on_2025_all\images\frame_00016_jpg.rf.f10e1d271453f680ef83a085acc37925.jpg,frame_00016_jpg.rf.f10e1d271453f680ef83a085acc37925.jpg,1199.6050424275961,622.5224771482334,15410.0,224.7551432295334,True
C:\Users\carmonta\Desktop\data-centric-cross-season-transfer\datasets\train_on_2025_all\images\frame_00017_jpg.rf.19afc68b2917a45db194e789f87a5e9d.jpg,frame_00017_jpg.rf.19afc68b2917a45db194e789f87a5e9d.jpg,957.0699277997729,697.2659715618993,10503.999999999998,291.28992686514437,True
C:\Users\carmonta\Desktop\data-centric-cross-season-transfer\datasets\train_on_2025_all\images\frame_00017_jpg.rf.28efa9110f3172cd77ae356b9fa49b9b.jpg,frame_00017_jpg.rf.28efa9110f3172cd77ae356b9fa49b9b.jpg,1249.7180894415637,647.290315268994,10342.500000000002,253.28280092313653,True
C:\Users\carmonta\Desktop\data-centric-cross-season-transfer\datasets\train_on_2025_all\images\frame_00017_jpg.rf.41482e5a6c1ce704f44664dc93fd4ff8.jpg,frame_00017_jpg.rf.41482e5a6c1ce704f44664dc93fd4ff8.jpg,1249.7180894415637,647.290315268994,10342.500000000002,253.28280092313653,True
C:\Users\carmonta\Desktop\data-centric-cross-season-transfer\datasets\train_on_2025_all\images\frame_00017_jpg.rf.50d7ebad9f0e1d5eb8e116034adc42ff.jpg,frame_00017_jpg.rf.50d7ebad9f0e1d5eb8e116034adc42ff.jpg,1121.0916778417318,693.0351906803036,8223.75,275.78404364809376,True
C:\Users\carmonta\Desktop\data-centric-cross-season-transfer\datasets\train_on_2025_all\images\frame_00017_jpg.rf.5e70a891dec4cf0ae0e286694c630b0c.jpg,frame_00017_jpg.rf.5e70a891dec4cf0ae0e286694c630b0c.jpg,1141.1880883471044,610.2501377864252,11130.25,264.5533636290557,True
C:\Users\carmonta\Desktop\data-centric-cross-season-transfer\datasets\train_on_2025_all\images\frame_00017_jpg.rf.64e5f09ccc1a92f1f5d5810206e05a55.jpg,frame_00017_jpg.rf.64e5f09ccc1a92f1f5d5810206e05a55.jpg,1249.7180894415637,647.290315268994,10342.500000000002,253.28280092313653,True
C:\Users\carmonta\Desktop\data-centric-cross-season-transfer\datasets\train_on_2025_all\images\frame_00017_jpg.rf.767a37d646b903457e2562af45bc3716.jpg,frame_00017_jpg.rf.767a37d646b903457e2562af45bc3716.jpg,819.4326650534543,869.5604671553906,2758.25,305.65718798236634,True
C:\Users\carmonta\Desktop\data-centric-cross-season-transfer\datasets\train_on_2025_all\images\frame_00017_jpg.rf.a1ee837e62f6b24c1a7f7d4cb5dbf462.jpg,frame_00017_jpg.rf.a1ee837e62f6b24c1a7f7d4cb5dbf462.jpg,957.0699277997729,697.2659715618993,10503.999999999998,291.28992686514437,True
C:\Users\carmonta\Desktop\data-centric-cross-season-transfer\datasets\train_on_2025_all\images\frame_00017_jpg.rf.af5669c1e03e8911783bbead0f991dd5.jpg,frame_00017_jpg.rf.af5669c1e03e8911783bbead0f991dd5.jpg,819.4326650534543,869.5604671553906,2758.25,305.65718798236634,True
C:\Users\carmonta\Desktop\data-centric-cross-season-transfer\datasets\train_on_2025_all\images\frame_00017_jpg.rf.f337ff5f85bfdab1b81feab6827cf4d1.jpg,frame_00017_jpg.rf.f337ff5f85bfdab1b81feab6827cf4d1.jpg,819.4326650534543,869.5604671553906,2758.25,305.65718798236634,True
C:\Users\carmonta\Desktop\data-centric-cross-season-transfer\datasets\train_on_2025_all\images\frame_00018_jpg.rf.045654780a1929c8e3a9410683e00f56.jpg,frame_00018_jpg.rf.045654780a1929c8e3a9410683e00f56.jpg,1136.1562034887518,581.3081347134306,6641.25,261.4332380455295,True
C:\Users\carmonta\Desktop\data-centric-cross-season-transfer\datasets\train_on_2025_all\images\frame_00018_jpg.rf.179ae3e04029bd991aa85413728f9d9a.jpg,frame_00018_jpg.rf.179ae3e04029bd991aa85413728f9d9a.jpg,795.4538163050928,671.5201029771885,9486.000000000002,296.82563958927847,True
C:\Users\carmonta\Desktop\data-centric-cross-season-transfer\datasets\train_on_2025_all\images\frame_00018_jpg.rf.278317fcbd5a9faafd688f71cbfed544.jpg,frame_00018_jpg.rf.278317fcbd5a9faafd688f71cbfed544.jpg,795.4538163050928,671.5201029771885,9486.000000000002,296.82563958927847,True
C:\Users\carmonta\Desktop\data-centric-cross-season-transfer\datasets\train_on_2025_all\images\frame_00018_jpg.rf.283451d7c2c9a3dab6dfa275af49e1de.jpg,frame_00018_jpg.rf.283451d7c2c9a3dab6dfa275af49e1de.jpg,1152.0139226572805,558.8006711568609,5394.0,251.53889678052622,True
C:\Users\carmonta\Desktop\data-centric-cross-season-transfer\datasets\train_on_2025_all\images\frame_00018_jpg.rf.2fc79adf4f348bcc0467b5a5b102bae8.jpg,frame_00018_jpg.rf.2fc79adf4f348bcc0467b5a5b102bae8.jpg,875.9920674034365,621.7500132413091,4845.0,289.8775165348691,True
C:\Users\carmonta\Desktop\data-centric-cross-season-transfer\datasets\train_on_2025_all\images\frame_00018_jpg.rf.50801ade734e72657c66008b8589730a.jpg,frame_00018_jpg.rf.50801ade734e72657c66008b8589730a.jpg,815.7472111824495,685.1244487847437,12428.249999999998,295.2313468127797,True
C:\Users\carmonta\Desktop\data-centric-cross-season-transfer\datasets\train_on_2025_all\images\frame_00018_jpg.rf.6ed95c9daea9ba9fd104cd9a5e0bf231.jpg,frame_00018_jpg.rf.6ed95c9daea9ba9fd104cd9a5e0bf231.jpg,1136.1562034887518,581.3081347134306,6641.25,261.4332380455295,True
C:\Users\carmonta\Desktop\data-centric-cross-season-transfer\datasets\train_on_2025_all\images\frame_00018_jpg.rf.91f3dd57c0fd328f0cc84e09ec1f98e0.jpg,frame_00018_jpg.rf.91f3dd57c0fd328f0cc84e09ec1f98e0.jpg,795.4538163050928,671.5201029771885,9486.000000000002,296.82563958927847,True
C:\Users\carmonta\Desktop\data-centric-cross-season-transfer\datasets\train_on_2025_all\images\frame_00018_jpg.rf.9f273c1f7d6b057e34c98de7bf38df3b.jpg,frame_00018_jpg.rf.9f273c1f7d6b057e34c98de7bf38df3b.jpg,1136.1562034887518,581.3081347134306,6641.25,261.4332380455295,True
C:\Users\carmonta\Desktop\data-centric-cross-season-transfer\datasets\train_on_2025_all\images\frame_00018_jpg.rf.d42ae9613341fe7894d9414466dc603f.jpg,frame_00018_jpg.rf.d42ae9613341fe7894d9414466dc603f.jpg,875.9920674034365,621.7500132413091,4845.0,289.8775165348691,True
C:\Users\carmonta\Desktop\data-centric-cross-season-transfer\datasets\train_on_2025_all\images\frame_00018_jpg.rf.e16244cefb436c26dfc4ffa4d0d72d08.jpg,frame_00018_jpg.rf.e16244cefb436c26dfc4ffa4d0d72d08.jpg,1152.0139226572805,558.8006711568609,5394.0,251.53889678052622,True
C:\Users\carmonta\Desktop\data-centric-cross-season-transfer\datasets\train_on_2025_all\images\frame_00018_jpg.rf.e1a2b77505cda3a8c61d291dc45cda95.jpg,frame_00018_jpg.rf.e1a2b77505cda3a8c61d291dc45cda95.jpg,815.7472111824495,685.1244487847437,12428.249999999998,295.2313468127797,True
C:\Users\carmonta\Desktop\data-centric-cross-season-transfer\datasets\train_on_2025_all\images\frame_00018_jpg.rf.f0ba91aa037e6904c98b49b4b8319cc3.jpg,frame_00018_jpg.rf.f0ba91aa037e6904c98b49b4b8319cc3.jpg,1152.0139226572805,558.8006711568609,5394.0,251.53889678052622,True
C:\Users\carmonta\Desktop\data-centric-cross-season-transfer\datasets\train_on_2025_all\images\frame_00018_jpg.rf.f7b0d836e8ede3457a56ecc90885e51e.jpg,frame_00018_jpg.rf.f7b0d836e8ede3457a56ecc90885e51e.jpg,815.7472111824495,685.1244487847437,12428.249999999998,295.2313468127797,True
C:\Users\carmonta\Desktop\data-centric-cross-season-transfer\datasets\train_on_2025_all\images\frame_00018_jpg.rf.ffd06b013d24005afb72f5b20153d629.jpg,frame_00018_jpg.rf.ffd06b013d24005afb72f5b20153d629.jpg,875.9920674034365,621.7500132413091,4845.0,289.8775165348691,True
C:\Users\carmonta\Desktop\data-centric-cross-season-transfer\datasets\train_on_2025_all\images\frame_00019_jpg.rf.27047bb0ec9e4dca1125763faff6787e.jpg,frame_00019_jpg.rf.27047bb0ec9e4dca1125763faff6787e.jpg,962.6726017295654,701.4254182117327,9545.25,286.9720776504874,True
C:\Users\carmonta\Desktop\data-centric-cross-season-transfer\datasets\train_on_2025_all\images\frame_00019_jpg.rf.4972f7f1306d9a19950c5aa2b1deb74c.jpg,frame_00019_jpg.rf.4972f7f1306d9a19950c5aa2b1deb74c.jpg,780.0490684068822,536.3033575056631,8267.999999999998,286.3440715316963,True
C:\Users\carmonta\Desktop\data-centric-cross-season-transfer\datasets\train_on_2025_all\images\frame_00019_jpg.rf.7057e6351c81e5954cb19768d3f3899b.jpg,frame_00019_jpg.rf.7057e6351c81e5954cb19768d3f3899b.jpg,780.0490684068822,536.3033575056631,8267.999999999998,286.3440715316963,True
C:\Users\carmonta\Desktop\data-centric-cross-season-transfer\datasets\train_on_2025_all\images\frame_00019_jpg.rf.9b9f983fbfa57ad34ee97c78f81c8c8a.jpg,frame_00019_jpg.rf.9b9f983fbfa57ad34ee97c78f81c8c8a.jpg,1084.5466636029241,514.8801624152691,9928.0,236.1985305115611,True
C:\Users\carmonta\Desktop\data-centric-cross-season-transfer\datasets\train_on_2025_all\images\frame_00019_jpg.rf.dafae3f61ce0844c6bc21c1febf65c8a.jpg,frame_00019_jpg.rf.dafae3f61ce0844c6bc21c1febf65c8a.jpg,1084.5466636029241,514.8801624152691,9928.0,236.1985305115611,True
C:\Users\carmonta\Desktop\data-centric-cross-season-transfer\datasets\train_on_2025_all\images\frame_00019_jpg.rf.fffe4148ce522bbf09b5d76a1bda06ea.jpg,frame_00019_jpg.rf.fffe4148ce522bbf09b5d76a1bda06ea.jpg,780.0490684068822,536.3033575056631,8267.999999999998,286.3440715316963,True
C:\Users\carmonta\Desktop\data-centric-cross-season-transfer\datasets\train_on_2025_all\images\frame_00020_jpg.rf.04dcebb954ece1c2d3182d95de7ca2bd.jpg,frame_00020_jpg.rf.04dcebb954ece1c2d3182d95de7ca2bd.jpg,747.6970187265894,460.25711095721243,7708.0,278.3507799858838,True
C:\Users\carmonta\Desktop\data-centric-cross-season-transfer\datasets\train_on_2025_all\images\frame_00020_jpg.rf.0843d5ffd03ce464d91e9c0aeee009bf.jpg,frame_00020_jpg.rf.0843d5ffd03ce464d91e9c0aeee009bf.jpg,1026.0422306422688,493.4376294512144,9549.5,229.40641126649078,True
C:\Users\carmonta\Desktop\data-centric-cross-season-transfer\datasets\train_on_2025_all\images\frame_00020_jpg.rf.0bf67cc49262c4c00cfe5bb742150a26.jpg,frame_00020_jpg.rf.0bf67cc49262c4c00cfe5bb742150a26.jpg,939.7191942803502,604.7647203690844,13075.75,278.9695599871548,True
C:\Users\carmonta\Desktop\data-centric-cross-season-transfer\datasets\train_on_2025_all\images\frame_00020_jpg.rf.335d4bb6e3dadde88a38036d7e42b395.jpg,frame_00020_jpg.rf.335d4bb6e3dadde88a38036d7e42b395.jpg,808.7508100202672,883.4517937545147,2620.0,306.4425700274849,True
C:\Users\carmonta\Desktop\data-centric-cross-season-transfer\datasets\train_on_2025_all\images\frame_00020_jpg.rf.478fd706a183fd474beeb50b06a59795.jpg,frame_00020_jpg.rf.478fd706a183fd474beeb50b06a59795.jpg,939.7191942803502,604.7647203690844,13075.75,278.9695599871548,True
C:\Users\carmonta\Desktop\data-centric-cross-season-transfer\datasets\train_on_2025_all\images\frame_00020_jpg.rf.50af1e3d7b8ad7d845ae1e6373188edf.jpg,frame_00020_jpg.rf.50af1e3d7b8ad7d845ae1e6373188edf.jpg,758.3474176701495,780.7527282567659,7140.0,304.6199783212375,True
C:\Users\carmonta\Desktop\data-centric-cross-season-transfer\datasets\train_on_2025_all\images\frame_00020_jpg.rf.57a81ca25f6d90da0e6b71379228331f.jpg,frame_00020_jpg.rf.57a81ca25f6d90da0e6b71379228331f.jpg,863.8203285740408,862.1327518234549,5355.0,303.95734464786676,True
C:\Users\carmonta\Desktop\data-centric-cross-season-transfer\datasets\train_on_2025_all\images\frame_00020_jpg.rf.59db2c9a4fa2ade9da9a747a3d69d1cb.jpg,frame_00020_jpg.rf.59db2c9a4fa2ade9da9a747a3d69d1cb.jpg,863.8203285740408,862.1327518234549,5355.0,303.95734464786676,True
C:\Users\carmonta\Desktop\data-centric-cross-season-transfer\datasets\train_on_2025_all\images\frame_00020_jpg.rf.9034c00facbf2733856f3e170459db10.jpg,frame_00020_jpg.rf.9034c00facbf2733856f3e170459db10.jpg,758.3474176701495,780.7527282567659,7140.0,304.6199783212375,True
C:\Users\carmonta\Desktop\data-centric-cross-season-transfer\datasets\train_on_2025_all\images\frame_00020_jpg.rf.af14529144fc3c278f795e5955a8d336.jpg,frame_00020_jpg.rf.af14529144fc3c278f795e5955a8d336.jpg,747.6970187265894,460.25711095721243,7708.0,278.3507799858838,True
C:\Users\carmonta\Desktop\data-centric-cross-season-transfer\datasets\train_on_2025_all\images\frame_00020_jpg.rf.b980c2cc7dfe6781f06df891a2432cb9.jpg,frame_00020_jpg.rf.b980c2cc7dfe6781f06df891a2432cb9.jpg,758.3474176701495,780.7527282567659,7140.0,304.6199783212375,True
C:\Users\carmonta\Desktop\data-centric-cross-season-transfer\datasets\train_on_2025_all\images\frame_00020_jpg.rf.ca71f166c8d4421c30ae180fad6e68de.jpg,frame_00020_jpg.rf.ca71f166c8d4421c30ae180fad6e68de.jpg,863.8203285740408,862.1327518234549,5355.0,303.95734464786676,True
C:\Users\carmonta\Desktop\data-centric-cross-season-transfer\datasets\train_on_2025_all\images\frame_00020_jpg.rf.caafb26e8a57990923665e1de57b27b7.jpg,frame_00020_jpg.rf.caafb26e8a57990923665e1de57b27b7.jpg,808.7508100202672,883.4517937545147,2620.0,306.4425700274849,True
C:\Users\carmonta\Desktop\data-centric-cross-season-transfer\datasets\train_on_2025_all\images\frame_00020_jpg.rf.cd618e25dc4f5272b7f730cb35aa9153.jpg,frame_00020_jpg.rf.cd618e25dc4f5272b7f730cb35aa9153.jpg,1026.0422306422688,493.4376294512144,9549.5,229.40641126649078,True
C:\Users\carmonta\Desktop\data-centric-cross-season-transfer\datasets\train_on_2025_all\images\frame_00020_jpg.rf.d16cd44a8b1e63f465829c720fd37489.jpg,frame_00020_jpg.rf.d16cd44a8b1e63f465829c720fd37489.jpg,808.7508100202672,883.4517937545147,2620.0,306.4425700274849,True
C:\Users\carmonta\Desktop\data-centric-cross-season-transfer\datasets\train_on_2025_all\images\frame_00020_jpg.rf.fb2e0b18dfe6a45fb4a0a789e0ff4d6e.jpg,frame_00020_jpg.rf.fb2e0b18dfe6a45fb4a0a789e0ff4d6e.jpg,747.6970187265894,460.25711095721243,7708.0,278.3507799858838,True
C:\Users\carmonta\Desktop\data-centric-cross-season-transfer\datasets\train_on_2025_all\images\frame_00021_jpg.rf.2316509f3264f0f6f967c8f6427b96b0.jpg,frame_00021_jpg.rf.2316509f3264f0f6f967c8f6427b96b0.jpg,980.9489138400631,546.9706945249768,11925.0,264.9249675266442,True
C:\Users\carmonta\Desktop\data-centric-cross-season-transfer\datasets\train_on_2025_all\images\frame_00021_jpg.rf.2c45f07b0a60c986f2f1051070cb58e4.jpg,frame_00021_jpg.rf.2c45f07b0a60c986f2f1051070cb58e4.jpg,1004.8906708737395,527.6334062142843,7654.5,261.820505328594,True
C:\Users\carmonta\Desktop\data-centric-cross-season-transfer\datasets\train_on_2025_all\images\frame_00021_jpg.rf.3d2e5a137659b5572f3ef13cc5a469a8.jpg,frame_00021_jpg.rf.3d2e5a137659b5572f3ef13cc5a469a8.jpg,946.3171668659809,677.3838281849017,13068.000000000002,286.630762827739,True
C:\Users\carmonta\Desktop\data-centric-cross-season-transfer\datasets\train_on_2025_all\images\frame_00021_jpg.rf.40c6cdeea8ec812ddb4e19eb77491a39.jpg,frame_00021_jpg.rf.40c6cdeea8ec812ddb4e19eb77491a39.jpg,717.1651214502492,389.748919301594,8405.0,266.6134893380042,True
C:\Users\carmonta\Desktop\data-centric-cross-season-transfer\datasets\train_on_2025_all\images\frame_00021_jpg.rf.497b1453a3af357671bd3338af6d7234.jpg,frame_00021_jpg.rf.497b1453a3af357671bd3338af6d7234.jpg,946.3171668659809,677.3838281849017,13068.000000000002,286.630762827739,True
C:\Users\carmonta\Desktop\data-centric-cross-season-transfer\datasets\train_on_2025_all\images\frame_00021_jpg.rf.5fa93950d002d8747129ea453eb03005.jpg,frame_00021_jpg.rf.5fa93950d002d8747129ea453eb03005.jpg,1004.8906708737395,527.6334062142843,7654.5,261.820505328594,True
C:\Users\carmonta\Desktop\data-centric-cross-season-transfer\datasets\train_on_2025_all\images\frame_00021_jpg.rf.b6c62b609d77fc66457bdd13984b0c13.jpg,frame_00021_jpg.rf.b6c62b609d77fc66457bdd13984b0c13.jpg,980.9489138400631,546.9706945249768,11925.0,264.9249675266442,True
C:\Users\carmonta\Desktop\data-centric-cross-season-transfer\datasets\train_on_2025_all\images\frame_00021_jpg.rf.b913730f934fc4ad243f16da9955766b.jpg,frame_00021_jpg.rf.b913730f934fc4ad243f16da9955766b.jpg,946.3171668659809,677.3838281849017,13068.000000000002,286.630762827739,True
C:\Users\carmonta\Desktop\data-centric-cross-season-transfer\datasets\train_on_2025_all\images\frame_00021_jpg.rf.d0e5b3351bb734ec2e1d951f03db262b.jpg,frame_00021_jpg.rf.d0e5b3351bb734ec2e1d951f03db262b.jpg,717.1651214502492,389.748919301594,8405.0,266.6134893380042,True
C:\Users\carmonta\Desktop\data-centric-cross-season-transfer\datasets\train_on_2025_all\images\frame_00021_jpg.rf.d30b91cd09a6d3bb01bf14d720659f66.jpg,frame_00021_jpg.rf.d30b91cd09a6d3bb01bf14d720659f66.jpg,717.1651214502492,389.748919301594,8405.0,266.6134893380042,True
C:\Users\carmonta\Desktop\data-centric-cross-season-transfer\datasets\train_on_2025_all\images\frame_00021_jpg.rf.e68a4fde0be221e55b58495bc4ae76ae.jpg,frame_00021_jpg.rf.e68a4fde0be221e55b58495bc4ae76ae.jpg,980.9489138400631,546.9706945249768,11925.0,264.9249675266442,True
C:\Users\carmonta\Desktop\data-centric-cross-season-transfer\datasets\train_on_2025_all\images\frame_00022_jpg.rf.00a3e8a8c59d115c010980eecbcbc981.jpg,frame_00022_jpg.rf.00a3e8a8c59d115c010980eecbcbc981.jpg,851.5463145538782,637.6628712697996,3385.5,289.0106457595784,True
C:\Users\carmonta\Desktop\data-centric-cross-season-transfer\datasets\train_on_2025_all\images\frame_00022_jpg.rf.20b28e51bb708d6d59be2dde3de0b5d3.jpg,frame_00022_jpg.rf.20b28e51bb708d6d59be2dde3de0b5d3.jpg,952.9796578703636,479.1467947814419,6814.5,260.68936559325215,True
C:\Users\carmonta\Desktop\data-centric-cross-season-transfer\datasets\train_on_2025_all\images\frame_00022_jpg.rf.493671c38f04d4834eb744ae6618632e.jpg,frame_00022_jpg.rf.493671c38f04d4834eb744ae6618632e.jpg,851.5463145538782,637.6628712697996,3385.5,289.0106457595784,True
C:\Users\carmonta\Desktop\data-centric-cross-season-transfer\datasets\train_on_2025_all\images\frame_00022_jpg.rf.85c6da29ebe8e1ae76a189ef136a3bfa.jpg,frame_00022_jpg.rf.85c6da29ebe8e1ae76a189ef136a3bfa.jpg,999.351087990058,508.8290019456375,9761.0,258.7981358721455,True
C:\Users\carmonta\Desktop\data-centric-cross-season-transfer\datasets\train_on_2025_all\images\frame_00022_jpg.rf.8c7b269bb249e42c10204c8db51d1ee6.jpg,frame_00022_jpg.rf.8c7b269bb249e42c10204c8db51d1ee6.jpg,952.9796578703636,479.1467947814419,6814.5,260.68936559325215,True
C:\Users\carmonta\Desktop\data-centric-cross-season-transfer\datasets\train_on_2025_all\images\frame_00022_jpg.rf.9143511b01670e95a8a37257afd2f2a4.jpg,frame_00022_jpg.rf.9143511b01670e95a8a37257afd2f2a4.jpg,1220.1199528817724,663.6633964677593,12424.5,260.4685463985922,True
C:\Users\carmonta\Desktop\data-centric-cross-season-transfer\datasets\train_on_2025_all\images\frame_00022_jpg.rf.9fc8036e0b14107e76e94ced5ba67eb1.jpg,frame_00022_jpg.rf.9fc8036e0b14107e76e94ced5ba67eb1.jpg,994.4592964769556,716.5953670050332,10875.0,285.404134518068,True
C:\Users\carmonta\Desktop\data-centric-cross-season-transfer\datasets\train_on_2025_all\images\frame_00022_jpg.rf.a7413cc843a178a31386ac902e68a009.jpg,frame_00022_jpg.rf.a7413cc843a178a31386ac902e68a009.jpg,999.351087990058,508.8290019456375,9761.0,258.7981358721455,True
C:\Users\carmonta\Desktop\data-centric-cross-season-transfer\datasets\train_on_2025_all\images\frame_00022_jpg.rf.b77cfea51c2f942f4fcfe7bf9bfe38f6.jpg,frame_00022_jpg.rf.b77cfea51c2f942f4fcfe7bf9bfe38f6.jpg,1220.1199528817724,663.6633964677593,12424.5,260.4685463985922,True
C:\Users\carmonta\Desktop\data-centric-cross-season-transfer\datasets\train_on_2025_all\images\frame_00022_jpg.rf.f6a124814a4412fd89e58ceafb68c3b3.jpg,frame_00022_jpg.rf.f6a124814a4412fd89e58ceafb68c3b3.jpg,994.4592964769556,716.5953670050332,10875.0,285.404134518068,True
C:\Users\carmonta\Desktop\data-centric-cross-season-transfer\datasets\train_on_2025_all\images\frame_00022_jpg.rf.f79b127961fa4f40fdd2f8c848f8c276.jpg,frame_00022_jpg.rf.f79b127961fa4f40fdd2f8c848f8c276.jpg,999.351087990058,508.8290019456375,9761.0,258.7981358721455,True
C:\Users\carmonta\Desktop\data-centric-cross-season-transfer\datasets\train_on_2025_all\images\frame_00023_jpg.rf.37719a9f4db571a4885226f11b2a1141.jpg,frame_00023_jpg.rf.37719a9f4db571a4885226f11b2a1141.jpg,937.3264509132488,474.75301843768494,5565.75,260.83573310788654,True
C:\Users\carmonta\Desktop\data-centric-cross-season-transfer\datasets\train_on_2025_all\images\frame_00023_jpg.rf.3aca143cbb032b9cc3cc6a236246326b.jpg,frame_00023_jpg.rf.3aca143cbb032b9cc3cc6a236246326b.jpg,1081.019008986806,589.5475153760555,5883.25,263.79577148105096,True
C:\Users\carmonta\Desktop\data-centric-cross-season-transfer\datasets\train_on_2025_all\images\frame_00023_jpg.rf.3bb851dbfa187ed5572a1dddb75796e7.jpg,frame_00023_jpg.rf.3bb851dbfa187ed5572a1dddb75796e7.jpg,998.8038608851762,730.1426678168577,7049.0,287.7496657723209,True
C:\Users\carmonta\Desktop\data-centric-cross-season-transfer\datasets\train_on_2025_all\images\frame_00023_jpg.rf.41ff1bc2341bd137102db1018d38aef9.jpg,frame_00023_jpg.rf.41ff1bc2341bd137102db1018d38aef9.jpg,998.8038608851762,730.1426678168577,7049.0,287.7496657723209,True
C:\Users\carmonta\Desktop\data-centric-cross-season-transfer\datasets\train_on_2025_all\images\frame_00023_jpg.rf.5e20a01802ee77676401fc00ddb98f25.jpg,frame_00023_jpg.rf.5e20a01802ee77676401fc00ddb98f25.jpg,774.7680318606002,565.640732472862,10240.0,290.70518338963484,True
C:\Users\carmonta\Desktop\data-centric-cross-season-transfer\datasets\train_on_2025_all\images\frame_00023_jpg.rf.6560fb4675063ff9339f219997231f43.jpg,frame_00023_jpg.rf.6560fb4675063ff9339f219997231f43.jpg,881.7746935561095,704.309701564309,6353.5,293.4327826770508,True
C:\Users\carmonta\Desktop\data-centric-cross-season-transfer\datasets\train_on_2025_all\images\frame_00023_jpg.rf.6d659c188c4c9211ce5b062ec76ed9ce.jpg,frame_00023_jpg.rf.6d659c188c4c9211ce5b062ec76ed9ce.jpg,881.7746935561095,704.309701564309,6353.5,293.4327826770508,True
C:\Users\carmonta\Desktop\data-centric-cross-season-transfer\datasets\train_on_2025_all\images\frame_00023_jpg.rf.7e6ce5e0e460132de146b42a5f13bb0f.jpg,frame_00023_jpg.rf.7e6ce5e0e460132de146b42a5f13bb0f.jpg,937.3264509132488,474.75301843768494,5565.75,260.83573310788654,True
C:\Users\carmonta\Desktop\data-centric-cross-season-transfer\datasets\train_on_2025_all\images\frame_00023_jpg.rf.c81a20fcc264aa8e23fa5e4771013c3a.jpg,frame_00023_jpg.rf.c81a20fcc264aa8e23fa5e4771013c3a.jpg,881.7746935561095,704.309701564309,6353.5,293.4327826770508,True
C:\Users\carmonta\Desktop\data-centric-cross-season-transfer\datasets\train_on_2025_all\images\frame_00023_jpg.rf.dfdd2a1c821220b34548e2a6f236b1a7.jpg,frame_00023_jpg.rf.dfdd2a1c821220b34548e2a6f236b1a7.jpg,937.3264509132488,474.75301843768494,5565.75,260.83573310788654,True
C:\Users\carmonta\Desktop\data-centric-cross-season-transfer\datasets\train_on_2025_all\images\frame_00023_jpg.rf.f99b971e043528f1771578954f7c7e65.jpg,frame_00023_jpg.rf.f99b971e043528f1771578954f7c7e65.jpg,774.7680318606002,565.640732472862,10240.0,290.70518338963484,True
C:\Users\carmonta\Desktop\data-centric-cross-season-transfer\datasets\train_on_2025_all\images\frame_00024_jpg.rf.0603a9f7aa21d1255b7c99bb20d1046c.jpg,frame_00024_jpg.rf.0603a9f7aa21d1255b7c99bb20d1046c.jpg,1069.268655326536,536.6669517272245,10595.0,248.54777173272245,True
C:\Users\carmonta\Desktop\data-centric-cross-season-transfer\datasets\train_on_2025_all\images\frame_00024_jpg.rf.1ce1665d30deba75c8fb1833770c2e52.jpg,frame_00024_jpg.rf.1ce1665d30deba75c8fb1833770c2e52.jpg,880.5267313400226,756.0872114558676,8938.0,297.8652591711215,True
C:\Users\carmonta\Desktop\data-centric-cross-season-transfer\datasets\train_on_2025_all\images\frame_00024_jpg.rf.2b73d46449ce50985da63754fb793f49.jpg,frame_00024_jpg.rf.2b73d46449ce50985da63754fb793f49.jpg,880.5267313400226,756.0872114558676,8938.0,297.8652591711215,True
C:\Users\carmonta\Desktop\data-centric-cross-season-transfer\datasets\train_on_2025_all\images\frame_00024_jpg.rf.328dc5ed81a6470075da56c7393f5714.jpg,frame_00024_jpg.rf.328dc5ed81a6470075da56c7393f5714.jpg,949.720630498343,599.6688039288447,11163.75,281.70397211177317,True
C:\Users\carmonta\Desktop\data-centric-cross-season-transfer\datasets\train_on_2025_all\images\frame_00024_jpg.rf.34358c461cc033d93d5783b5ddf5289b.jpg,frame_00024_jpg.rf.34358c461cc033d93d5783b5ddf5289b.jpg,1069.268655326536,536.6669517272245,10595.0,248.54777173272245,True
C:\Users\carmonta\Desktop\data-centric-cross-season-transfer\datasets\train_on_2025_all\images\frame_00024_jpg.rf.405745091316e7ae3d8e3c608cae7a88.jpg,frame_00024_jpg.rf.405745091316e7ae3d8e3c608cae7a88.jpg,1069.268655326536,536.6669517272245,10595.0,248.54777173272245,True
C:\Users\carmonta\Desktop\data-centric-cross-season-transfer\datasets\train_on_2025_all\images\frame_00024_jpg.rf.44840d0343e3ffeea04a77b97f7f57bf.jpg,frame_00024_jpg.rf.44840d0343e3ffeea04a77b97f7f57bf.jpg,949.720630498343,599.6688039288447,11163.75,281.70397211177317,True
C:\Users\carmonta\Desktop\data-centric-cross-season-transfer\datasets\train_on_2025_all\images\frame_00024_jpg.rf.45ee8157eda53e08ca049cc9dad9ea71.jpg,frame_00024_jpg.rf.45ee8157eda53e08ca049cc9dad9ea71.jpg,981.7551227236198,660.5340189251207,11633.75,280.87077572616977,True
C:\Users\carmonta\Desktop\data-centric-cross-season-transfer\datasets\train_on_2025_all\images\frame_00024_jpg.rf.4c524da7088af043126614f712d60a44.jpg,frame_00024_jpg.rf.4c524da7088af043126614f712d60a44.jpg,917.8301900711567,559.4991475870326,6077.5,279.8811931477393,True
C:\Users\carmonta\Desktop\data-centric-cross-season-transfer\datasets\train_on_2025_all\images\frame_00024_jpg.rf.4e7eb7312b2bca1e8a8a7fd8a25e2c91.jpg,frame_00024_jpg.rf.4e7eb7312b2bca1e8a8a7fd8a25e2c91.jpg,981.7551227236198,660.5340189251207,11633.75,280.87077572616977,True
C:\Users\carmonta\Desktop\data-centric-cross-season-transfer\datasets\train_on_2025_all\images\frame_00024_jpg.rf.4f130cca72d0025f399ef1c81f64eec5.jpg,frame_00024_jpg.rf.4f130cca72d0025f399ef1c81f64eec5.jpg,1057.9153508257598,694.9611859276914,4050.0,280.8683734090239,True
C:\Users\carmonta\Desktop\data-centric-cross-season-transfer\datasets\train_on_2025_all\images\frame_00024_jpg.rf.52d2c3122664af4a78296563cc100a2f.jpg,frame_00024_jpg.rf.52d2c3122664af4a78296563cc100a2f.jpg,981.7551227236198,660.5340189251207,11633.75,280.87077572616977,True
C:\Users\carmonta\Desktop\data-centric-cross-season-transfer\datasets\train_on_2025_all\images\frame_00024_jpg.rf.6cb40621908d5515aef6a2b22ba3564f.jpg,frame_00024_jpg.rf.6cb40621908d5515aef6a2b22ba3564f.jpg,917.8301900711567,559.4991475870326,6077.5,279.8811931477393,True
C:\Users\carmonta\Desktop\data-centric-cross-season-transfer\datasets\train_on_2025_all\images\frame_00024_jpg.rf.9288bfda87a819f14c3c14f353141405.jpg,frame_00024_jpg.rf.9288bfda87a819f14c3c14f353141405.jpg,880.5267313400226,756.0872114558676,8938.0,297.8652591711215,True
C:\Users\carmonta\Desktop\data-centric-cross-season-transfer\datasets\train_on_2025_all\images\frame_00024_jpg.rf.9594c0a7d23cc9ae4cab491b642b90c1.jpg,frame_00024_jpg.rf.9594c0a7d23cc9ae4cab491b642b90c1.jpg,917.8301900711567,559.4991475870326,6077.5,279.8811931477393,True
C:\Users\carmonta\Desktop\data-centric-cross-season-transfer\datasets\train_on_2025_all\images\frame_00024_jpg.rf.97200c94cd3a871039d0d742d374e029.jpg,frame_00024_jpg.rf.97200c94cd3a871039d0d742d374e029.jpg,1057.9153508257598,694.9611859276914,4050.0,280.8683734090239,True
C:\Users\carmonta\Desktop\data-centric-cross-season-transfer\datasets\train_on_2025_all\images\frame_00024_jpg.rf.ccd5db1fbafa3f70e82b12b1c58c295b.jpg,frame_00024_jpg.rf.ccd5db1fbafa3f70e82b12b1c58c295b.jpg,949.720630498343,599.6688039288447,11163.75,281.70397211177317,True
C:\Users\carmonta\Desktop\data-centric-cross-season-transfer\datasets\train_on_2025_all\images\frame_00024_jpg.rf.ebc70daf1fc619aacc8c6252b65d0986.jpg,frame_00024_jpg.rf.ebc70daf1fc619aacc8c6252b65d0986.jpg,1057.9153508257598,694.9611859276914,4050.0,280.8683734090239,True
C:\Users\carmonta\Desktop\data-centric-cross-season-transfer\datasets\train_on_2025_all\images\frame_00025_jpg.rf.0630eb74c7796151d5eaa04852a8116d.jpg,frame_00025_jpg.rf.0630eb74c7796151d5eaa04852a8116d.jpg,1031.2004621515448,628.2130817212545,11067.5,273.349853223848,True
C:\Users\carmonta\Desktop\data-centric-cross-season-transfer\datasets\train_on_2025_all\images\frame_00025_jpg.rf.125fbb836524e40971a7bb6c38bd365f.jpg,frame_00025_jpg.rf.125fbb836524e40971a7bb6c38bd365f.jpg,913.9084389200258,672.5915742208971,4646.0,287.2943310833872,True
C:\Users\carmonta\Desktop\data-centric-cross-season-transfer\datasets\train_on_2025_all\images\frame_00025_jpg.rf.1a9444350a161ae93be8919d1c407bb8.jpg,frame_00025_jpg.rf.1a9444350a161ae93be8919d1c407bb8.jpg,943.6172856836963,572.2603541249687,6098.25,278.5301605963065,True
C:\Users\carmonta\Desktop\data-centric-cross-season-transfer\datasets\train_on_2025_all\images\frame_00025_jpg.rf.228dcf1d9ef935d3b90a95aaf7991ea6.jpg,frame_00025_jpg.rf.228dcf1d9ef935d3b90a95aaf7991ea6.jpg,1113.9691468399385,612.3014782344668,6034.75,269.7608514242536,True
C:\Users\carmonta\Desktop\data-centric-cross-season-transfer\datasets\train_on_2025_all\images\frame_00025_jpg.rf.3e6b53ba9b091caffd74a4d4cb245b00.jpg,frame_00025_jpg.rf.3e6b53ba9b091caffd74a4d4cb245b00.jpg,1113.9691468399385,612.3014782344668,6034.75,269.7608514242536,True
C:\Users\carmonta\Desktop\data-centric-cross-season-transfer\datasets\train_on_2025_all\images\frame_00025_jpg.rf.55c13eb61f1fb77ca94bd7d550e6329a.jpg,frame_00025_jpg.rf.55c13eb61f1fb77ca94bd7d550e6329a.jpg,1113.9691468399385,612.3014782344668,6034.75,269.7608514242536,True
C:\Users\carmonta\Desktop\data-centric-cross-season-transfer\datasets\train_on_2025_all\images\frame_00025_jpg.rf.583c7d416d4baf248ff0678e0df47a9d.jpg,frame_00025_jpg.rf.583c7d416d4baf248ff0678e0df47a9d.jpg,1124.403991324236,580.6002930245966,9438.0,255.29107189520852,True
C:\Users\carmonta\Desktop\data-centric-cross-season-transfer\datasets\train_on_2025_all\images\frame_00025_jpg.rf.5f99c6e991dd83ad1ad86f823bc8fcc6.jpg,frame_00025_jpg.rf.5f99c6e991dd83ad1ad86f823bc8fcc6.jpg,1005.4033260843041,541.3915380387847,4680.75,266.8600052384764,True
C:\Users\carmonta\Desktop\data-centric-cross-season-transfer\datasets\train_on_2025_all\images\frame_00025_jpg.rf.69511ec6079e9bf6c3d7977f60879572.jpg,frame_00025_jpg.rf.69511ec6079e9bf6c3d7977f60879572.jpg,1005.4033260843041,541.3915380387847,4680.75,266.8600052384764,True
C:\Users\carmonta\Desktop\data-centric-cross-season-transfer\datasets\train_on_2025_all\images\frame_00025_jpg.rf.8707b2fd09fedd194f9e5cfb5fc787cc.jpg,frame_00025_jpg.rf.8707b2fd09fedd194f9e5cfb5fc787cc.jpg,943.6172856836963,572.2603541249687,6098.25,278.5301605963065,True
C:\Users\carmonta\Desktop\data-centric-cross-season-transfer\datasets\train_on_2025_all\images\frame_00025_jpg.rf.8937ca4aaef9d162c5c1903c832a4f3d.jpg,frame_00025_jpg.rf.8937ca4aaef9d162c5c1903c832a4f3d.jpg,1124.403991324236,580.6002930245966,9438.0,255.29107189520852,True
C:\Users\carmonta\Desktop\data-centric-cross-season-transfer\datasets\train_on_2025_all\images\frame_00025_jpg.rf.a4b644fa4b6e683f7bbfef5b0dfc3e3e.jpg,frame_00025_jpg.rf.a4b644fa4b6e683f7bbfef5b0dfc3e3e.jpg,1005.4033260843041,541.3915380387847,4680.75,266.8600052384764,True
C:\Users\carmonta\Desktop\data-centric-cross-season-transfer\datasets\train_on_2025_all\images\frame_00025_jpg.rf.b66601b1125282fd3d6fbe1e502ed3f9.jpg,frame_00025_jpg.rf.b66601b1125282fd3d6fbe1e502ed3f9.jpg,1124.403991324236,580.6002930245966,9438.0,255.29107189520852,True
C:\Users\carmonta\Desktop\data-centric-cross-season-transfer\datasets\train_on_2025_all\images\frame_00025_jpg.rf.b8776ecf83367c4fcac1621f4ad3e720.jpg,frame_00025_jpg.rf.b8776ecf83367c4fcac1621f4ad3e720.jpg,1031.2004621515448,628.2130817212545,11067.5,273.349853223848,True
C:\Users\carmonta\Desktop\data-centric-cross-season-transfer\datasets\train_on_2025_all\images\frame_00025_jpg.rf.d353a65083bbfb93979897560afb7ede.jpg,frame_00025_jpg.rf.d353a65083bbfb93979897560afb7ede.jpg,943.6172856836963,572.2603541249687,6098.25,278.5301605963065,True
C:\Users\carmonta\Desktop\data-centric-cross-season-transfer\datasets\train_on_2025_all\images\frame_00025_jpg.rf.f812559d22604b6d9f3dd2d48cb3d00f.jpg,frame_00025_jpg.rf.f812559d22604b6d9f3dd2d48cb3d00f.jpg,913.9084389200258,672.5915742208971,4646.0,287.2943310833872,True
C:\Users\carmonta\Desktop\data-centric-cross-season-transfer\datasets\train_on_2025_all\images\frame_00025_jpg.rf.fd5fdb4ed544b48caff91b415a677c2b.jpg,frame_00025_jpg.rf.fd5fdb4ed544b48caff91b415a677c2b.jpg,913.9084389200258,672.5915742208971,4646.0,287.2943310833872,True
C:\Users\carmonta\Desktop\data-centric-cross-season-transfer\datasets\train_on_2025_all\images\frame_00026_jpg.rf.09b4ff5342fbb09376ad2bcdf68e4b0b.jpg,frame_00026_jpg.rf.09b4ff5342fbb09376ad2bcdf68e4b0b.jpg,868.0423040804646,421.0095635774377,9327.5,249.41546635520055,True
C:\Users\carmonta\Desktop\data-centric-cross-season-transfer\datasets\train_on_2025_all\images\frame_00026_jpg.rf.1796cb6440b58ae59c92da3a2b545c6f.jpg,frame_00026_jpg.rf.1796cb6440b58ae59c92da3a2b545c6f.jpg,868.0423040804646,421.0095635774377,9327.5,249.41546635520055,True
C:\Users\carmonta\Desktop\data-centric-cross-season-transfer\datasets\train_on_2025_all\images\frame_00026_jpg.rf.18a6b4bac86b6c8093a18918f9d53757.jpg,frame_00026_jpg.rf.18a6b4bac86b6c8093a18918f9d53757.jpg,1032.032476041459,505.2099328005485,8597.5,247.5215877165739,True
C:\Users\carmonta\Desktop\data-centric-cross-season-transfer\datasets\train_on_2025_all\images\frame_00026_jpg.rf.4adf7af8a84e304d482eeaabc95168cd.jpg,frame_00026_jpg.rf.4adf7af8a84e304d482eeaabc95168cd.jpg,917.5988197630867,687.5986156450937,8410.5,287.55142434745403,True
C:\Users\carmonta\Desktop\data-centric-cross-season-transfer\datasets\train_on_2025_all\images\frame_00026_jpg.rf.4fe6c121e11dba1d5ba048b469aacae6.jpg,frame_00026_jpg.rf.4fe6c121e11dba1d5ba048b469aacae6.jpg,1032.032476041459,505.2099328005485,8597.5,247.5215877165739,True
C:\Users\carmonta\Desktop\data-centric-cross-season-transfer\datasets\train_on_2025_all\images\frame_00026_jpg.rf.51204a4543b65166c53d6a8174374915.jpg,frame_00026_jpg.rf.51204a4543b65166c53d6a8174374915.jpg,905.8443377229902,536.4510068276164,5868.5,271.3236710325627,True
C:\Users\carmonta\Desktop\data-centric-cross-season-transfer\datasets\train_on_2025_all\images\frame_00026_jpg.rf.52dcb73083860cfa5a11394b329ff7e7.jpg,frame_00026_jpg.rf.52dcb73083860cfa5a11394b329ff7e7.jpg,917.5988197630867,687.5986156450937,8410.5,287.55142434745403,True
C:\Users\carmonta\Desktop\data-centric-cross-season-transfer\datasets\train_on_2025_all\images\frame_00026_jpg.rf.5c0010d3003ae3d118b045f83fe49b76.jpg,frame_00026_jpg.rf.5c0010d3003ae3d118b045f83fe49b76.jpg,866.3957246651311,722.9359851638591,13300.0,293.6355632168958,True
C:\Users\carmonta\Desktop\data-centric-cross-season-transfer\datasets\train_on_2025_all\images\frame_00026_jpg.rf.6af6b8cd41175cebe9e5f4e4d3062d1c.jpg,frame_00026_jpg.rf.6af6b8cd41175cebe9e5f4e4d3062d1c.jpg,917.5988197630867,687.5986156450937,8410.5,287.55142434745403,True
C:\Users\carmonta\Desktop\data-centric-cross-season-transfer\datasets\train_on_2025_all\images\frame_00026_jpg.rf.8cc91e00894c0d1a1d55359e59163341.jpg,frame_00026_jpg.rf.8cc91e00894c0d1a1d55359e59163341.jpg,866.3957246651311,722.9359851638591,13300.0,293.6355632168958,True
C:\Users\carmonta\Desktop\data-centric-cross-season-transfer\datasets\train_on_2025_all\images\frame_00026_jpg.rf.bf9e61a48a0ed36e68b4c59bef0ccdd2.jpg,frame_00026_jpg.rf.bf9e61a48a0ed36e68b4c59bef0ccdd2.jpg,905.8443377229902,536.4510068276164,5868.5,271.3236710325627,True
C:\Users\carmonta\Desktop\data-centric-cross-season-transfer\datasets\train_on_2025_all\images\frame_00026_jpg.rf.e31b5029d708ba2b9444a82a9e65554b.jpg,frame_00026_jpg.rf.e31b5029d708ba2b9444a82a9e65554b.jpg,905.8443377229902,536.4510068276164,5868.5,271.3236710325627,True
C:\Users\carmonta\Desktop\data-centric-cross-season-transfer\datasets\train_on_2025_all\images\frame_00026_jpg.rf.f01d45646b0a7324c3a3fd9b4baa162d.jpg,frame_00026_jpg.rf.f01d45646b0a7324c3a3fd9b4baa162d.jpg,866.3957246651311,722.9359851638591,13300.0,293.6355632168958,True
C:\Users\carmonta\Desktop\data-centric-cross-season-transfer\datasets\train_on_2025_all\images\frame_00027_jpg.rf.36e0d5c45e6edc101df3b5cb344b2b27.jpg,frame_00027_jpg.rf.36e0d5c45e6edc101df3b5cb344b2b27.jpg,875.8563582428269,523.5877312135111,11708.25,272.39841999843236,True
C:\Users\carmonta\Desktop\data-centric-cross-season-transfer\datasets\train_on_2025_all\images\frame_00027_jpg.rf.9588b5e343899cd273aa55b75f0032ad.jpg,frame_00027_jpg.rf.9588b5e343899cd273aa55b75f0032ad.jpg,1020.2427461193645,555.4514630812567,6876.0,260.9319996027693,True
C:\Users\carmonta\Desktop\data-centric-cross-season-transfer\datasets\train_on_2025_all\images\frame_00027_jpg.rf.a05589f3c63641756d62080d5f2769f2.jpg,frame_00027_jpg.rf.a05589f3c63641756d62080d5f2769f2.jpg,1056.7489389289033,515.7822480560217,8788.5,247.47546494367617,True
C:\Users\carmonta\Desktop\data-centric-cross-season-transfer\datasets\train_on_2025_all\images\frame_00027_jpg.rf.aa6c76ec1f299d201da8d4f02bc2ffe2.jpg,frame_00027_jpg.rf.aa6c76ec1f299d201da8d4f02bc2ffe2.jpg,1020.2427461193645,555.4514630812567,6876.0,260.9319996027693,True
C:\Users\carmonta\Desktop\data-centric-cross-season-transfer\datasets\train_on_2025_all\images\frame_00027_jpg.rf.b91c6c40c247eefcacaee7783eaeaa56.jpg,frame_00027_jpg.rf.b91c6c40c247eefcacaee7783eaeaa56.jpg,1056.7489389289033,515.7822480560217,8788.5,247.47546494367617,True
C:\Users\carmonta\Desktop\data-centric-cross-season-transfer\datasets\train_on_2025_all\images\frame_00027_jpg.rf.e3a7b6a1f85861f7c359391f66edf5d9.jpg,frame_00027_jpg.rf.e3a7b6a1f85861f7c359391f66edf5d9.jpg,917.16612259886,521.6202093218542,7110.0,273.6886862911515,True
C:\Users\carmonta\Desktop\data-centric-cross-season-transfer\datasets\train_on_2025_all\images\frame_00027_jpg.rf.e9a09a72f387cb1644ad86d61db5cdae.jpg,frame_00027_jpg.rf.e9a09a72f387cb1644ad86d61db5cdae.jpg,875.8563582428269,523.5877312135111,11708.25,272.39841999843236,True
C:\Users\carmonta\Desktop\data-centric-cross-season-transfer\datasets\train_on_2025_all\images\frame_00027_jpg.rf.fa3e1c62e15b7d958cf3effbd38889ac.jpg,frame_00027_jpg.rf.fa3e1c62e15b7d958cf3effbd38889ac.jpg,917.16612259886,521.6202093218542,7110.0,273.6886862911515,True
C:\Users\carmonta\Desktop\data-centric-cross-season-transfer\datasets\train_on_2025_all\images\frame_00028_jpg.rf.0296acef29e7a319297dcce68c640fd2.jpg,frame_00028_jpg.rf.0296acef29e7a319297dcce68c640fd2.jpg,1028.1843206264891,621.0608290873444,7575.25,275.05688650251955,True
C:\Users\carmonta\Desktop\data-centric-cross-season-transfer\datasets\train_on_2025_all\images\frame_00028_jpg.rf.605cd7bcaa1f228d70e6099eac3aa7e0.jpg,frame_00028_jpg.rf.605cd7bcaa1f228d70e6099eac3aa7e0.jpg,894.9391493594507,560.5401490423179,9240.000000000002,280.2605039188271,True
C:\Users\carmonta\Desktop\data-centric-cross-season-transfer\datasets\train_on_2025_all\images\frame_00028_jpg.rf.7e90b77f1e5ed5416e682eed8e26ce58.jpg,frame_00028_jpg.rf.7e90b77f1e5ed5416e682eed8e26ce58.jpg,1028.1843206264891,621.0608290873444,7575.25,275.05688650251955,True
C:\Users\carmonta\Desktop\data-centric-cross-season-transfer\datasets\train_on_2025_all\images\frame_00028_jpg.rf.867a66856532e392d2982a736618bdbb.jpg,frame_00028_jpg.rf.867a66856532e392d2982a736618bdbb.jpg,871.7679458704031,608.6441836844406,4899.75,286.2301160641406,True
C:\Users\carmonta\Desktop\data-centric-cross-season-transfer\datasets\train_on_2025_all\images\frame_00028_jpg.rf.a2bbb85f7973642f1c9b7c7604499e98.jpg,frame_00028_jpg.rf.a2bbb85f7973642f1c9b7c7604499e98.jpg,1070.264555278779,637.6913386211517,9276.25,271.4792571136162,True
C:\Users\carmonta\Desktop\data-centric-cross-season-transfer\datasets\train_on_2025_all\images\frame_00028_jpg.rf.a9c8982d759de51215ab42a52bfd77ac.jpg,frame_00028_jpg.rf.a9c8982d759de51215ab42a52bfd77ac.jpg,1084.2755965682138,563.6868313019645,5667.999999999999,265.0572320905776,True
C:\Users\carmonta\Desktop\data-centric-cross-season-transfer\datasets\train_on_2025_all\images\frame_00028_jpg.rf.be76e7ad97e7b9dc5fa5f5b011bb2f33.jpg,frame_00028_jpg.rf.be76e7ad97e7b9dc5fa5f5b011bb2f33.jpg,1084.2755965682138,563.6868313019645,5667.999999999999,265.0572320905776,True
C:\Users\carmonta\Desktop\data-centric-cross-season-transfer\datasets\train_on_2025_all\images\frame_00028_jpg.rf.c3e2488e8bfb2ba34a1c28408a87a3be.jpg,frame_00028_jpg.rf.c3e2488e8bfb2ba34a1c28408a87a3be.jpg,894.9391493594507,560.5401490423179,9240.000000000002,280.2605039188271,True
C:\Users\carmonta\Desktop\data-centric-cross-season-transfer\datasets\train_on_2025_all\images\frame_00028_jpg.rf.c77a82685594ecbee8924d7c50865acb.jpg,frame_00028_jpg.rf.c77a82685594ecbee8924d7c50865acb.jpg,1028.1843206264891,621.0608290873444,7575.25,275.05688650251955,True
C:\Users\carmonta\Desktop\data-centric-cross-season-transfer\datasets\train_on_2025_all\images\frame_00028_jpg.rf.ca671a6b78e864c17c1444fdf695dfb2.jpg,frame_00028_jpg.rf.ca671a6b78e864c17c1444fdf695dfb2.jpg,1084.2755965682138,563.6868313019645,5667.999999999999,265.0572320905776,True
C:\Users\carmonta\Desktop\data-centric-cross-season-transfer\datasets\train_on_2025_all\images\frame_00028_jpg.rf.dfac5e60b1f1df28338a101bafa92877.jpg,frame_00028_jpg.rf.dfac5e60b1f1df28338a101bafa92877.jpg,1070.264555278779,637.6913386211517,9276.25,271.4792571136162,True
C:\Users\carmonta\Desktop\data-centric-cross-season-transfer\datasets\train_on_2025_all\images\frame_00028_jpg.rf.e29bea5ba3774f5bdb0e0e37e4101e57.jpg,frame_00028_jpg.rf.e29bea5ba3774f5bdb0e0e37e4101e57.jpg,894.9391493594507,560.5401490423179,9240.000000000002,280.2605039188271,True
C:\Users\carmonta\Desktop\data-centric-cross-season-transfer\datasets\train_on_2025_all\images\frame_00029_jpg.rf.01d4917ca9fe101312efab0668e7a4e9.jpg,frame_00029_jpg.rf.01d4917ca9fe101312efab0668e7a4e9.jpg,992.0552788526155,734.0368217811514,11608.749999999998,286.3196047528356,True
C:\Users\carmonta\Desktop\data-centric-cross-season-transfer\datasets\train_on_2025_all\images\frame_00029_jpg.rf.2a717aca16f02b2416349a38853a0474.jpg,frame_00029_jpg.rf.2a717aca16f02b2416349a38853a0474.jpg,992.0552788526155,734.0368217811514,11608.749999999998,286.3196047528356,True
C:\Users\carmonta\Desktop\data-centric-cross-season-transfer\datasets\train_on_2025_all\images\frame_00029_jpg.rf.34fda7fa17f945bb8ef8e66541fea8b5.jpg,frame_00029_jpg.rf.34fda7fa17f945bb8ef8e66541fea8b5.jpg,1091.8306912042817,598.7059634503888,14790.0,264.8317988613626,True
C:\Users\carmonta\Desktop\data-centric-cross-season-transfer\datasets\train_on_2025_all\images\frame_00029_jpg.rf.402214ee5a68c2e2f9af3707f65fdbed.jpg,frame_00029_jpg.rf.402214ee5a68c2e2f9af3707f65fdbed.jpg,1091.8306912042817,598.7059634503888,14790.0,264.8317988613626,True
C:\Users\carmonta\Desktop\data-centric-cross-season-transfer\datasets\train_on_2025_all\images\frame_00029_jpg.rf.4febb2f9988702d2a1125cef21f3ff13.jpg,frame_00029_jpg.rf.4febb2f9988702d2a1125cef21f3ff13.jpg,954.8539272451072,533.8008552535728,12486.5,272.7833343793604,True
C:\Users\carmonta\Desktop\data-centric-cross-season-transfer\datasets\train_on_2025_all\images\frame_00029_jpg.rf.5542ce159e6b93a4d785b34cc6873008.jpg,frame_00029_jpg.rf.5542ce159e6b93a4d785b34cc6873008.jpg,1091.8306912042817,598.7059634503888,14790.0,264.8317988613626,True
C:\Users\carmonta\Desktop\data-centric-cross-season-transfer\datasets\train_on_2025_all\images\frame_00029_jpg.rf.5b3c0945cd90cd8f81ddd51bc50015d5.jpg,frame_00029_jpg.rf.5b3c0945cd90cd8f81ddd51bc50015d5.jpg,918.9626146507156,517.8948976702789,7705.25,266.9493707266729,True
C:\Users\carmonta\Desktop\data-centric-cross-season-transfer\datasets\train_on_2025_all\images\frame_00029_jpg.rf.79550d162d34f00531ac3b928257776e.jpg,frame_00029_jpg.rf.79550d162d34f00531ac3b928257776e.jpg,912.3484948194389,694.6645559837112,4774.0,293.01705400547854,True
C:\Users\carmonta\Desktop\data-centric-cross-season-transfer\datasets\train_on_2025_all\images\frame_00029_jpg.rf.7c9f3429de35748ef20e899c1d39cde3.jpg,frame_00029_jpg.rf.7c9f3429de35748ef20e899c1d39cde3.jpg,889.9663381352373,489.2128521075219,7796.250000000001,266.8116117260623,True
C:\Users\carmonta\Desktop\data-centric-cross-season-transfer\datasets\train_on_2025_all\images\frame_00029_jpg.rf.89013e8d6bdeca0fb11abb6e3368f38d.jpg,frame_00029_jpg.rf.89013e8d6bdeca0fb11abb6e3368f38d.jpg,992.0552788526155,734.0368217811514,11608.749999999998,286.3196047528356,True
C:\Users\carmonta\Desktop\data-centric-cross-season-transfer\datasets\train_on_2025_all\images\frame_00029_jpg.rf.a727a5ee9c0b22958e511bd4062cc22b.jpg,frame_00029_jpg.rf.a727a5ee9c0b22958e511bd4062cc22b.jpg,889.9663381352373,489.2128521075219,7796.250000000001,266.8116117260623,True
C:\Users\carmonta\Desktop\data-centric-cross-season-transfer\datasets\train_on_2025_all\images\frame_00029_jpg.rf.a876375a6f4b501d74625f6afe6cb0df.jpg,frame_00029_jpg.rf.a876375a6f4b501d74625f6afe6cb0df.jpg,1040.4418021386737,572.2192758241681,6550.25,271.50040629332904,True
C:\Users\carmonta\Desktop\data-centric-cross-season-transfer\datasets\train_on_2025_all\images\frame_00029_jpg.rf.a886c308d4a2bb71a570a7288c423a8f.jpg,frame_00029_jpg.rf.a886c308d4a2bb71a570a7288c423a8f.jpg,918.9626146507156,517.8948976702789,7705.25,266.9493707266729,True
C:\Users\carmonta\Desktop\data-centric-cross-season-transfer\datasets\train_on_2025_all\images\frame_00029_jpg.rf.bb949dfd035691cac7085f2d767c3389.jpg,frame_00029_jpg.rf.bb949dfd035691cac7085f2d767c3389.jpg,1040.4418021386737,572.2192758241681,6550.25,271.50040629332904,True
C:\Users\carmonta\Desktop\data-centric-cross-season-transfer\datasets\train_on_2025_all\images\frame_00029_jpg.rf.c07a67defc6f671101a164d0926a5275.jpg,frame_00029_jpg.rf.c07a67defc6f671101a164d0926a5275.jpg,1040.4418021386737,572.2192758241681,6550.25,271.50040629332904,True
C:\Users\carmonta\Desktop\data-centric-cross-season-transfer\datasets\train_on_2025_all\images\frame_00029_jpg.rf.db8a81feef0a818318c4a620d5dba3c0.jpg,frame_00029_jpg.rf.db8a81feef0a818318c4a620d5dba3c0.jpg,912.3484948194389,694.6645559837112,4774.0,293.01705400547854,True
C:\Users\carmonta\Desktop\data-centric-cross-season-transfer\datasets\train_on_2025_all\images\frame_00029_jpg.rf.e30df8db6e6b37c99d9d04bf15f259e2.jpg,frame_00029_jpg.rf.e30df8db6e6b37c99d9d04bf15f259e2.jpg,1067.2494609228893,574.747311297206,9252.749999999998,259.22092626998824,True
C:\Users\carmonta\Desktop\data-centric-cross-season-transfer\datasets\train_on_2025_all\images\frame_00029_jpg.rf.f90bd29d1e14571a907a0fc4492e30d4.jpg,frame_00029_jpg.rf.f90bd29d1e14571a907a0fc4492e30d4.jpg,918.9626146507156,517.8948976702789,7705.25,266.9493707266729,True
C:\Users\carmonta\Desktop\data-centric-cross-season-transfer\datasets\train_on_2025_all\images\frame_00029_jpg.rf.fc6202d6a38102cc66b9bf9572ce4139.jpg,frame_00029_jpg.rf.fc6202d6a38102cc66b9bf9572ce4139.jpg,954.8539272451072,533.8008552535728,12486.5,272.7833343793604,True
C:\Users\carmonta\Desktop\data-centric-cross-season-transfer\datasets\train_on_2025_all\images\frame_00030_jpg.rf.294c2f5c8ec61728cee104d6ac91ac7b.jpg,frame_00030_jpg.rf.294c2f5c8ec61728cee104d6ac91ac7b.jpg,1016.9970242799533,560.1350643126152,6072.0,262.8877678962067,True
C:\Users\carmonta\Desktop\data-centric-cross-season-transfer\datasets\train_on_2025_all\images\frame_00030_jpg.rf.3cb05e86dbcd211a4e4a3890b9f9c5bc.jpg,frame_00030_jpg.rf.3cb05e86dbcd211a4e4a3890b9f9c5bc.jpg,896.0368255644805,525.6677107573747,6277.5,269.26642550828257,True
C:\Users\carmonta\Desktop\data-centric-cross-season-transfer\datasets\train_on_2025_all\images\frame_00030_jpg.rf.4cc027641512f1bbedb7822f5844e12c.jpg,frame_00030_jpg.rf.4cc027641512f1bbedb7822f5844e12c.jpg,785.6026608081675,445.86824603138217,7095.0,271.9925205105661,True
C:\Users\carmonta\Desktop\data-centric-cross-season-transfer\datasets\train_on_2025_all\images\frame_00030_jpg.rf.59fb5cf9ffbea9030bf6b6f3d1dcd00d.jpg,frame_00030_jpg.rf.59fb5cf9ffbea9030bf6b6f3d1dcd00d.jpg,926.2600059338458,455.90066471345574,4042.5,253.89546345027884,True
C:\Users\carmonta\Desktop\data-centric-cross-season-transfer\datasets\train_on_2025_all\images\frame_00030_jpg.rf.61b1899f49b3fef74c26b165c45465d2.jpg,frame_00030_jpg.rf.61b1899f49b3fef74c26b165c45465d2.jpg,1016.9970242799533,560.1350643126152,6072.0,262.8877678962067,True
C:\Users\carmonta\Desktop\data-centric-cross-season-transfer\datasets\train_on_2025_all\images\frame_00030_jpg.rf.65d07c02730033362a6df23ca8123da6.jpg,frame_00030_jpg.rf.65d07c02730033362a6df23ca8123da6.jpg,896.0368255644805,525.6677107573747,6277.5,269.26642550828257,True
C:\Users\carmonta\Desktop\data-centric-cross-season-transfer\datasets\train_on_2025_all\images\frame_00030_jpg.rf.6a7ad79e4239b6fdc8d9cf33bbcf7f36.jpg,frame_00030_jpg.rf.6a7ad79e4239b6fdc8d9cf33bbcf7f36.jpg,896.0368255644805,525.6677107573747,6277.5,269.26642550828257,True
C:\Users\carmonta\Desktop\data-centric-cross-season-transfer\datasets\train_on_2025_all\images\frame_00030_jpg.rf.7c658727265a757403fa2c384780cff2.jpg,frame_00030_jpg.rf.7c658727265a757403fa2c384780cff2.jpg,926.2600059338458,455.90066471345574,4042.5,253.89546345027884,True
C:\Users\carmonta\Desktop\data-centric-cross-season-transfer\datasets\train_on_2025_all\images\frame_00030_jpg.rf.8b77a4bdd47ff5adb08bf563f3356ab0.jpg,frame_00030_jpg.rf.8b77a4bdd47ff5adb08bf563f3356ab0.jpg,1016.9970242799533,560.1350643126152,6072.0,262.8877678962067,True
C:\Users\carmonta\Desktop\data-centric-cross-season-transfer\datasets\train_on_2025_all\images\frame_00030_jpg.rf.b8d808c0921d058f8023f0decd435751.jpg,frame_00030_jpg.rf.b8d808c0921d058f8023f0decd435751.jpg,785.6026608081675,445.86824603138217,7095.0,271.9925205105661,True
C:\Users\carmonta\Desktop\data-centric-cross-season-transfer\datasets\train_on_2025_all\images\frame_00030_jpg.rf.c413dd5eed41f1c9d0972ecfa792bc61.jpg,frame_00030_jpg.rf.c413dd5eed41f1c9d0972ecfa792bc61.jpg,926.2600059338458,455.90066471345574,4042.5,253.89546345027884,True
C:\Users\carmonta\Desktop\data-centric-cross-season-transfer\datasets\train_on_2025_all\images\frame_00030_jpg.rf.e619d510dc71d867f4d2806431669b75.jpg,frame_00030_jpg.rf.e619d510dc71d867f4d2806431669b75.jpg,785.6026608081675,445.86824603138217,7095.0,271.9925205105661,True
C:\Users\carmonta\Desktop\data-centric-cross-season-transfer\datasets\train_on_2025_all\images\frame_00031_jpg.rf.0931931abc87d42bbb151422fe85d443.jpg,frame_00031_jpg.rf.0931931abc87d42bbb151422fe85d443.jpg,985.5277864738451,624.7432836181085,3953.0,282.55468569019064,True
C:\Users\carmonta\Desktop\data-centric-cross-season-transfer\datasets\train_on_2025_all\images\frame_00031_jpg.rf.11d1341fbdc22db9c0ab2278ccabebc7.jpg,frame_00031_jpg.rf.11d1341fbdc22db9c0ab2278ccabebc7.jpg,899.3332400428926,503.8328347818616,7279.999999999999,266.7612096775721,True
C:\Users\carmonta\Desktop\data-centric-cross-season-transfer\datasets\train_on_2025_all\images\frame_00031_jpg.rf.1a9c578210535bcad9022614c812533a.jpg,frame_00031_jpg.rf.1a9c578210535bcad9022614c812533a.jpg,1024.8367083369485,484.7279953629205,6094.999999999999,233.57158753777827,True
C:\Users\carmonta\Desktop\data-centric-cross-season-transfer\datasets\train_on_2025_all\images\frame_00031_jpg.rf.1acc3f3c7430aae5b6fec95d1f1cd174.jpg,frame_00031_jpg.rf.1acc3f3c7430aae5b6fec95d1f1cd174.jpg,1070.4958682273295,653.7060207642216,8713.5,273.8752236899888,True
C:\Users\carmonta\Desktop\data-centric-cross-season-transfer\datasets\train_on_2025_all\images\frame_00031_jpg.rf.26a51fca9a69d1ca2567c63b8a6a6043.jpg,frame_00031_jpg.rf.26a51fca9a69d1ca2567c63b8a6a6043.jpg,982.7682923737954,557.1116409532476,9579.0,269.7075861109353,True
C:\Users\carmonta\Desktop\data-centric-cross-season-transfer\datasets\train_on_2025_all\images\frame_00031_jpg.rf.2c7d41ae6980cd78c7bd2994895462ab.jpg,frame_00031_jpg.rf.2c7d41ae6980cd78c7bd2994895462ab.jpg,899.3332400428926,503.8328347818616,7279.999999999999,266.7612096775721,True
C:\Users\carmonta\Desktop\data-centric-cross-season-transfer\datasets\train_on_2025_all\images\frame_00031_jpg.rf.2cad186ee4b3256487ccf6eba3f37931.jpg,frame_00031_jpg.rf.2cad186ee4b3256487ccf6eba3f37931.jpg,1024.8367083369485,484.7279953629205,6094.999999999999,233.57158753777827,True
C:\Users\carmonta\Desktop\data-centric-cross-season-transfer\datasets\train_on_2025_all\images\frame_00031_jpg.rf.46580164b67f87d876eb3d0f9fabb5e8.jpg,frame_00031_jpg.rf.46580164b67f87d876eb3d0f9fabb5e8.jpg,1097.1671145597559,545.4826319280802,11657.75,229.90576448171947,True
C:\Users\carmonta\Desktop\data-centric-cross-season-transfer\datasets\train_on_2025_all\images\frame_00031_jpg.rf.466c03bcb0801249f995fa206111f05a.jpg,frame_00031_jpg.rf.466c03bcb0801249f995fa206111f05a.jpg,982.7682923737954,557.1116409532476,9579.0,269.7075861109353,True
C:\Users\carmonta\Desktop\data-centric-cross-season-transfer\datasets\train_on_2025_all\images\frame_00031_jpg.rf.564d3a7b2e2117b9d0a735ff80014e64.jpg,frame_00031_jpg.rf.564d3a7b2e2117b9d0a735ff80014e64.jpg,985.5277864738451,624.7432836181085,3953.0,282.55468569019064,True
C:\Users\carmonta\Desktop\data-centric-cross-season-transfer\datasets\train_on_2025_all\images\frame_00031_jpg.rf.5cd00e1d69a0ea6e1eefdf7614bc210e.jpg,frame_00031_jpg.rf.5cd00e1d69a0ea6e1eefdf7614bc210e.jpg,899.3332400428926,503.8328347818616,7279.999999999999,266.7612096775721,True
C:\Users\carmonta\Desktop\data-centric-cross-season-transfer\datasets\train_on_2025_all\images\frame_00031_jpg.rf.8f7c8e8d8e75f4ed7dad8149b84f6818.jpg,frame_00031_jpg.rf.8f7c8e8d8e75f4ed7dad8149b84f6818.jpg,1070.4958682273295,653.7060207642216,8713.5,273.8752236899888,True
C:\Users\carmonta\Desktop\data-centric-cross-season-transfer\datasets\train_on_2025_all\images\frame_00031_jpg.rf.9e1ad113cbe1e165e9d9c17452826ad1.jpg,frame_00031_jpg.rf.9e1ad113cbe1e165e9d9c17452826ad1.jpg,1097.1671145597559,545.4826319280802,11657.75,229.90576448171947,True
C:\Users\carmonta\Desktop\data-centric-cross-season-transfer\datasets\train_on_2025_all\images\frame_00031_jpg.rf.b6132af0dcdfbb0294f1f16a336b37a4.jpg,frame_00031_jpg.rf.b6132af0dcdfbb0294f1f16a336b37a4.jpg,985.5277864738451,624.7432836181085,3953.0,282.55468569019064,True
C:\Users\carmonta\Desktop\data-centric-cross-season-transfer\datasets\train_on_2025_all\images\frame_00031_jpg.rf.b7cfb5ff4ba804d899ca1ba5b3fec87e.jpg,frame_00031_jpg.rf.b7cfb5ff4ba804d899ca1ba5b3fec87e.jpg,1070.4958682273295,653.7060207642216,8713.5,273.8752236899888,True
C:\Users\carmonta\Desktop\data-centric-cross-season-transfer\datasets\train_on_2025_all\images\frame_00031_jpg.rf.c071584b88c644c9fff02bf8c517e50e.jpg,frame_00031_jpg.rf.c071584b88c644c9fff02bf8c517e50e.jpg,982.7682923737954,557.1116409532476,9579.0,269.7075861109353,True
C:\Users\carmonta\Desktop\data-centric-cross-season-transfer\datasets\train_on_2025_all\images\frame_00032_jpg.rf.19fb1024274e2ba93b760d08448b20be.jpg,frame_00032_jpg.rf.19fb1024274e2ba93b760d08448b20be.jpg,869.499019880424,456.88956596136256,8364.0,255.97387802894593,True
C:\Users\carmonta\Desktop\data-centric-cross-season-transfer\datasets\train_on_2025_all\images\frame_00032_jpg.rf.29c24051896724452395dd2b7d8099dc.jpg,frame_00032_jpg.rf.29c24051896724452395dd2b7d8099dc.jpg,804.4599197225918,500.55998525691757,8694.0,275.3661609312036,True
C:\Users\carmonta\Desktop\data-centric-cross-season-transfer\datasets\train_on_2025_all\images\frame_00032_jpg.rf.3181ea2b9750661423687ee54ea51b15.jpg,frame_00032_jpg.rf.3181ea2b9750661423687ee54ea51b15.jpg,933.3107874525222,608.0195240554041,6678.75,278.3682163562984,True
C:\Users\carmonta\Desktop\data-centric-cross-season-transfer\datasets\train_on_2025_all\images\frame_00032_jpg.rf.5074493bc8c3c4059abfa1847b7f7dd8.jpg,frame_00032_jpg.rf.5074493bc8c3c4059abfa1847b7f7dd8.jpg,1001.30571189632,630.6332490441825,11968.5,276.1595713820047,True
C:\Users\carmonta\Desktop\data-centric-cross-season-transfer\datasets\train_on_2025_all\images\frame_00032_jpg.rf.50e1f841f8735ad385643dae16a57155.jpg,frame_00032_jpg.rf.50e1f841f8735ad385643dae16a57155.jpg,804.4599197225918,500.55998525691757,8694.0,275.3661609312036,True
C:\Users\carmonta\Desktop\data-centric-cross-season-transfer\datasets\train_on_2025_all\images\frame_00032_jpg.rf.61293ca16bb0841928310d1498f30ba0.jpg,frame_00032_jpg.rf.61293ca16bb0841928310d1498f30ba0.jpg,933.3107874525222,608.0195240554041,6678.75,278.3682163562984,True
C:\Users\carmonta\Desktop\data-centric-cross-season-transfer\datasets\train_on_2025_all\images\frame_00032_jpg.rf.62e02663e8864af7ec5ffd3c76cf5119.jpg,frame_00032_jpg.rf.62e02663e8864af7ec5ffd3c76cf5119.jpg,998.556450553055,572.1203706345084,13478.0,269.2868045443406,True
C:\Users\carmonta\Desktop\data-centric-cross-season-transfer\datasets\train_on_2025_all\images\frame_00032_jpg.rf.7d46e933266919c2bd9fc24eff04621b.jpg,frame_00032_jpg.rf.7d46e933266919c2bd9fc24eff04621b.jpg,869.499019880424,456.88956596136256,8364.0,255.97387802894593,True
C:\Users\carmonta\Desktop\data-centric-cross-season-transfer\datasets\train_on_2025_all\images\frame_00032_jpg.rf.e2c01fde336c8d6ac44496382e782d2c.jpg,frame_00032_jpg.rf.e2c01fde336c8d6ac44496382e782d2c.jpg,804.4599197225918,500.55998525691757,8694.0,275.3661609312036,True
C:\Users\carmonta\Desktop\data-centric-cross-season-transfer\datasets\train_on_2025_all\images\frame_00033_jpg.rf.4ee6d118b61507bfaad1b8e7df926a33.jpg,frame_00033_jpg.rf.4ee6d118b61507bfaad1b8e7df926a33.jpg,915.6187104975222,586.0093168656764,13395.0,276.33237496263774,True
C:\Users\carmonta\Desktop\data-centric-cross-season-transfer\datasets\train_on_2025_all\images\frame_00033_jpg.rf.6039676c2cd6a2c704f912e8754e6bec.jpg,frame_00033_jpg.rf.6039676c2cd6a2c704f912e8754e6bec.jpg,930.770438710314,577.2752226371645,5900.0,276.55430627781516,True
C:\Users\carmonta\Desktop\data-centric-cross-season-transfer\datasets\train_on_2025_all\images\frame_00033_jpg.rf.860875390a07421dd4d39413e2c50761.jpg,frame_00033_jpg.rf.860875390a07421dd4d39413e2c50761.jpg,930.770438710314,577.2752226371645,5900.0,276.55430627781516,True
C:\Users\carmonta\Desktop\data-centric-cross-season-transfer\datasets\train_on_2025_all\images\frame_00033_jpg.rf.86bcef9d09dfa91103a8778566656878.jpg,frame_00033_jpg.rf.86bcef9d09dfa91103a8778566656878.jpg,915.6187104975222,586.0093168656764,13395.0,276.33237496263774,True
C:\Users\carmonta\Desktop\data-centric-cross-season-transfer\datasets\train_on_2025_all\images\frame_00033_jpg.rf.da9de6f6aa43bc12defe288239d18c3d.jpg,frame_00033_jpg.rf.da9de6f6aa43bc12defe288239d18c3d.jpg,930.770438710314,577.2752226371645,5900.0,276.55430627781516,True
C:\Users\carmonta\Desktop\data-centric-cross-season-transfer\datasets\train_on_2025_all\images\frame_00034_jpg.rf.22c94da555960d02bd734d8725ec1482.jpg,frame_00034_jpg.rf.22c94da555960d02bd734d8725ec1482.jpg,712.388795469356,398.7246432747725,14152.5,274.92757111030187,True
C:\Users\carmonta\Desktop\data-centric-cross-season-transfer\datasets\train_on_2025_all\images\frame_00034_jpg.rf.23e0236d639634e6a7297589c01fbf6c.jpg,frame_00034_jpg.rf.23e0236d639634e6a7297589c01fbf6c.jpg,1038.0089096532615,593.4617875304659,16168.0,267.81225769868524,True
C:\Users\carmonta\Desktop\data-centric-cross-season-transfer\datasets\train_on_2025_all\images\frame_00034_jpg.rf.2fbbf69350e0652abde216d6126d1b2e.jpg,frame_00034_jpg.rf.2fbbf69350e0652abde216d6126d1b2e.jpg,847.2258416668559,544.2226720307838,12682.5,285.08220706438493,True
C:\Users\carmonta\Desktop\data-centric-cross-season-transfer\datasets\train_on_2025_all\images\frame_00034_jpg.rf.3916df3707323fcf1ee259cc35dce2b8.jpg,frame_00034_jpg.rf.3916df3707323fcf1ee259cc35dce2b8.jpg,712.388795469356,398.7246432747725,14152.5,274.92757111030187,True
C:\Users\carmonta\Desktop\data-centric-cross-season-transfer\datasets\train_on_2025_all\images\frame_00034_jpg.rf.423f44f0a7f9a269664ac8db1eb75535.jpg,frame_00034_jpg.rf.423f44f0a7f9a269664ac8db1eb75535.jpg,712.388795469356,398.7246432747725,14152.5,274.92757111030187,True
C:\Users\carmonta\Desktop\data-centric-cross-season-transfer\datasets\train_on_2025_all\images\frame_00034_jpg.rf.49a3d06e69b81435157af5b7a39f21e1.jpg,frame_00034_jpg.rf.49a3d06e69b81435157af5b7a39f21e1.jpg,964.7565550871603,589.1626259826412,5326.5,281.3359712605361,True
C:\Users\carmonta\Desktop\data-centric-cross-season-transfer\datasets\train_on_2025_all\images\frame_00034_jpg.rf.5355868fab7778fbc4447b5d18b5d1b1.jpg,frame_00034_jpg.rf.5355868fab7778fbc4447b5d18b5d1b1.jpg,1038.0089096532615,593.4617875304659,16168.0,267.81225769868524,True
C:\Users\carmonta\Desktop\data-centric-cross-season-transfer\datasets\train_on_2025_all\images\frame_00034_jpg.rf.558ad84f38c715ff1fec4bb405b62bf6.jpg,frame_00034_jpg.rf.558ad84f38c715ff1fec4bb405b62bf6.jpg,704.8853875076001,383.8153445228675,13331.25,273.5407281357076,True
C:\Users\carmonta\Desktop\data-centric-cross-season-transfer\datasets\train_on_2025_all\images\frame_00034_jpg.rf.7dc35098e9f95b73785c98fc95050457.jpg,frame_00034_jpg.rf.7dc35098e9f95b73785c98fc95050457.jpg,1038.0089096532615,593.4617875304659,16168.0,267.81225769868524,True
C:\Users\carmonta\Desktop\data-centric-cross-season-transfer\datasets\train_on_2025_all\images\frame_00034_jpg.rf.8d5204bb68bcf6b6121d6ccd9c704ae4.jpg,frame_00034_jpg.rf.8d5204bb68bcf6b6121d6ccd9c704ae4.jpg,1145.7686565853382,672.1259807986627,6802.25,270.29077614281084,True
C:\Users\carmonta\Desktop\data-centric-cross-season-transfer\datasets\train_on_2025_all\images\frame_00034_jpg.rf.90cef8dc981f3d063c56155c3dda4df7.jpg,frame_00034_jpg.rf.90cef8dc981f3d063c56155c3dda4df7.jpg,847.2258416668559,544.2226720307838,12682.5,285.08220706438493,True
C:\Users\carmonta\Desktop\data-centric-cross-season-transfer\datasets\train_on_2025_all\images\frame_00034_jpg.rf.f0c9ebdde28c6480709f048aeea72e82.jpg,frame_00034_jpg.rf.f0c9ebdde28c6480709f048aeea72e82.jpg,1145.7686565853382,672.1259807986627,6802.25,270.29077614281084,True
C:\Users\carmonta\Desktop\data-centric-cross-season-transfer\datasets\train_on_2025_all\images\frame_00034_jpg.rf.f89bae29d26bc99eb3a49fd882811c4c.jpg,frame_00034_jpg.rf.f89bae29d26bc99eb3a49fd882811c4c.jpg,704.8853875076001,383.8153445228675,13331.25,273.5407281357076,True
C:\Users\carmonta\Desktop\data-centric-cross-season-transfer\datasets\train_on_2025_all\images\frame_00034_jpg.rf.f8ab1f51e3d9294f041369efe344754d.jpg,frame_00034_jpg.rf.f8ab1f51e3d9294f041369efe344754d.jpg,1145.7686565853382,672.1259807986627,6802.25,270.29077614281084,True
C:\Users\carmonta\Desktop\data-centric-cross-season-transfer\datasets\train_on_2025_all\images\frame_00035_jpg.rf.006b9574c416e1d41e2ad67917225bd5.jpg,frame_00035_jpg.rf.006b9574c416e1d41e2ad67917225bd5.jpg,1037.294733588651,659.8184098022388,9860.000000000002,278.25408896888496,True
C:\Users\carmonta\Desktop\data-centric-cross-season-transfer\datasets\train_on_2025_all\images\frame_00035_jpg.rf.198d3522797909b6184c1e08957a9762.jpg,frame_00035_jpg.rf.198d3522797909b6184c1e08957a9762.jpg,1037.294733588651,659.8184098022388,9860.000000000002,278.25408896888496,True
C:\Users\carmonta\Desktop\data-centric-cross-season-transfer\datasets\train_on_2025_all\images\frame_00035_jpg.rf.3ca92ccdd0c4d3544290d24a35879d9b.jpg,frame_00035_jpg.rf.3ca92ccdd0c4d3544290d24a35879d9b.jpg,871.4258458443377,579.8199606819323,7492.5,280.24942060821246,True
C:\Users\carmonta\Desktop\data-centric-cross-season-transfer\datasets\train_on_2025_all\images\frame_00035_jpg.rf.4e36ded5765ef6889719d7a4b63df052.jpg,frame_00035_jpg.rf.4e36ded5765ef6889719d7a4b63df052.jpg,1072.7005259988985,651.991452673352,13786.5,274.2509505301871,True
C:\Users\carmonta\Desktop\data-centric-cross-season-transfer\datasets\train_on_2025_all\images\frame_00035_jpg.rf.69889312eec1fe90b15bef6edae0b542.jpg,frame_00035_jpg.rf.69889312eec1fe90b15bef6edae0b542.jpg,1072.7005259988985,651.991452673352,13786.5,274.2509505301871,True
C:\Users\carmonta\Desktop\data-centric-cross-season-transfer\datasets\train_on_2025_all\images\frame_00035_jpg.rf.77081af4b19d9c287fc1e726f68d0b80.jpg,frame_00035_jpg.rf.77081af4b19d9c287fc1e726f68d0b80.jpg,1071.7396548856664,645.006946567875,6681.75,277.3243929107997,True
C:\Users\carmonta\Desktop\data-centric-cross-season-transfer\datasets\train_on_2025_all\images\frame_00035_jpg.rf.b1c2cb20639c26b9b36936b53e6b319e.jpg,frame_00035_jpg.rf.b1c2cb20639c26b9b36936b53e6b319e.jpg,1037.294733588651,659.8184098022388,9860.000000000002,278.25408896888496,True
C:\Users\carmonta\Desktop\data-centric-cross-season-transfer\datasets\train_on_2025_all\images\frame_00035_jpg.rf.bf87576025cab309ec4a73161ec88ea8.jpg,frame_00035_jpg.rf.bf87576025cab309ec4a73161ec88ea8.jpg,898.3240597354418,695.4695222558655,7432.25,289.843657127312,True
C:\Users\carmonta\Desktop\data-centric-cross-season-transfer\datasets\train_on_2025_all\images\frame_00035_jpg.rf.c947c34b2961be3c447f79f21c38c135.jpg,frame_00035_jpg.rf.c947c34b2961be3c447f79f21c38c135.jpg,1071.7396548856664,645.006946567875,6681.75,277.3243929107997,True
C:\Users\carmonta\Desktop\data-centric-cross-season-transfer\datasets\train_on_2025_all\images\frame_00035_jpg.rf.d88e42d4efef807497309488dfe35f91.jpg,frame_00035_jpg.rf.d88e42d4efef807497309488dfe35f91.jpg,1071.7396548856664,645.006946567875,6681.75,277.3243929107997,True
C:\Users\carmonta\Desktop\data-centric-cross-season-transfer\datasets\train_on_2025_all\images\frame_00035_jpg.rf.dfc02acd38d775396b06d50bcb0a057a.jpg,frame_00035_jpg.rf.dfc02acd38d775396b06d50bcb0a057a.jpg,898.3240597354418,695.4695222558655,7432.25,289.843657127312,True
C:\Users\carmonta\Desktop\data-centric-cross-season-transfer\datasets\train_on_2025_all\images\frame_00035_jpg.rf.ed37b5c1de8d6a733a7fe727e3606bbe.jpg,frame_00035_jpg.rf.ed37b5c1de8d6a733a7fe727e3606bbe.jpg,898.3240597354418,695.4695222558655,7432.25,289.843657127312,True
C:\Users\carmonta\Desktop\data-centric-cross-season-transfer\datasets\train_on_2025_all\images\frame_00036_jpg.rf.0801e2a8f5b0e25e3be7fe933ed8ffc7.jpg,frame_00036_jpg.rf.0801e2a8f5b0e25e3be7fe933ed8ffc7.jpg,1106.3328392558851,605.3045404205117,11578.500000000002,262.7331269135216,True
C:\Users\carmonta\Desktop\data-centric-cross-season-transfer\datasets\train_on_2025_all\images\frame_00036_jpg.rf.15d67351dbe88f477c50cba558bfa3dc.jpg,frame_00036_jpg.rf.15d67351dbe88f477c50cba558bfa3dc.jpg,933.8019214024866,706.991921547177,6567.249999999999,289.44396705283583,True
C:\Users\carmonta\Desktop\data-centric-cross-season-transfer\datasets\train_on_2025_all\images\frame_00036_jpg.rf.3a343fec52db39c0f3fbcbdc9083e29d.jpg,frame_00036_jpg.rf.3a343fec52db39c0f3fbcbdc9083e29d.jpg,1106.3328392558851,605.3045404205117,11578.500000000002,262.7331269135216,True
C:\Users\carmonta\Desktop\data-centric-cross-season-transfer\datasets\train_on_2025_all\images\frame_00036_jpg.rf.415399e5e1dfc6c6dfaef042bc48d9e9.jpg,frame_00036_jpg.rf.415399e5e1dfc6c6dfaef042bc48d9e9.jpg,1012.7398537711907,595.259012947534,7623.5,277.7361598004933,True
C:\Users\carmonta\Desktop\data-centric-cross-season-transfer\datasets\train_on_2025_all\images\frame_00036_jpg.rf.5b7086bf83da4484634a4fc18d446c4c.jpg,frame_00036_jpg.rf.5b7086bf83da4484634a4fc18d446c4c.jpg,933.8019214024866,706.991921547177,6567.249999999999,289.44396705283583,True
C:\Users\carmonta\Desktop\data-centric-cross-season-transfer\datasets\train_on_2025_all\images\frame_00036_jpg.rf.808ae7144eefaa17160895f4c23d8ea0.jpg,frame_00036_jpg.rf.808ae7144eefaa17160895f4c23d8ea0.jpg,933.8019214024866,706.991921547177,6567.249999999999,289.44396705283583,True
C:\Users\carmonta\Desktop\data-centric-cross-season-transfer\datasets\train_on_2025_all\images\frame_00036_jpg.rf.f5cf6451990ded725a81ba555ce060d3.jpg,frame_00036_jpg.rf.f5cf6451990ded725a81ba555ce060d3.jpg,1012.7398537711907,595.259012947534,7623.5,277.7361598004933,True
C:\Users\carmonta\Desktop\data-centric-cross-season-transfer\datasets\train_on_2025_all\images\frame_00037_jpg.rf.8f7bc436b329f03f41210d2b801bba91.jpg,frame_00037_jpg.rf.8f7bc436b329f03f41210d2b801bba91.jpg,977.2461573087572,565.311304818751,8866.25,269.16452227240154,True
C:\Users\carmonta\Desktop\data-centric-cross-season-transfer\datasets\train_on_2025_all\images\frame_00037_jpg.rf.9aa3466f808486291505e1fe39e67aa6.jpg,frame_00037_jpg.rf.9aa3466f808486291505e1fe39e67aa6.jpg,1026.8189271489703,635.2365550185966,8646.0,281.6005057067343,True
C:\Users\carmonta\Desktop\data-centric-cross-season-transfer\datasets\train_on_2025_all\images\frame_00037_jpg.rf.a984f285d5a95f79aecb04db41693455.jpg,frame_00037_jpg.rf.a984f285d5a95f79aecb04db41693455.jpg,1026.8189271489703,635.2365550185966,8646.0,281.6005057067343,True
C:\Users\carmonta\Desktop\data-centric-cross-season-transfer\datasets\train_on_2025_all\images\frame_00037_jpg.rf.b6d7d403708e7e5a7c1226e945fe99ee.jpg,frame_00037_jpg.rf.b6d7d403708e7e5a7c1226e945fe99ee.jpg,977.2461573087572,565.311304818751,8866.25,269.16452227240154,True
C:\Users\carmonta\Desktop\data-centric-cross-season-transfer\datasets\train_on_2025_all\images\frame_00037_jpg.rf.cf9739f76479596d4cd5c60128c1c82b.jpg,frame_00037_jpg.rf.cf9739f76479596d4cd5c60128c1c82b.jpg,1128.3310089634815,631.4065357834907,12480.0,273.3178708049633,True
C:\Users\carmonta\Desktop\data-centric-cross-season-transfer\datasets\train_on_2025_all\images\frame_00037_jpg.rf.d82c670ade8d07b5991a6ad7c137ba91.jpg,frame_00037_jpg.rf.d82c670ade8d07b5991a6ad7c137ba91.jpg,1128.3310089634815,631.4065357834907,12480.0,273.3178708049633,True
C:\Users\carmonta\Desktop\data-centric-cross-season-transfer\datasets\train_on_2025_all\images\frame_00037_jpg.rf.e01c6e859b22a47df967139ecbb8fdc6.jpg,frame_00037_jpg.rf.e01c6e859b22a47df967139ecbb8fdc6.jpg,1128.3310089634815,631.4065357834907,12480.0,273.3178708049633,True
C:\Users\carmonta\Desktop\data-centric-cross-season-transfer\datasets\train_on_2025_all\images\frame_00038_jpg.rf.089b70690c918d4a8831c2f12dd1aec7.jpg,frame_00038_jpg.rf.089b70690c918d4a8831c2f12dd1aec7.jpg,1110.027593176826,572.7643567664917,7701.75,252.82158222536884,True
C:\Users\carmonta\Desktop\data-centric-cross-season-transfer\datasets\train_on_2025_all\images\frame_00038_jpg.rf.09e0fc9b0e058586b15e17d4705f32ae.jpg,frame_00038_jpg.rf.09e0fc9b0e058586b15e17d4705f32ae.jpg,1141.415806491614,536.0882243894476,10028.0,238.22842686479663,True
C:\Users\carmonta\Desktop\data-centric-cross-season-transfer\datasets\train_on_2025_all\images\frame_00038_jpg.rf.0b82237344ce889f7f96dd083076cb8a.jpg,frame_00038_jpg.rf.0b82237344ce889f7f96dd083076cb8a.jpg,1110.027593176826,572.7643567664917,7701.75,252.82158222536884,True
C:\Users\carmonta\Desktop\data-centric-cross-season-transfer\datasets\train_on_2025_all\images\frame_00038_jpg.rf.17949edba82e4343214f1f921b2e9dae.jpg,frame_00038_jpg.rf.17949edba82e4343214f1f921b2e9dae.jpg,1098.4386384215954,603.3316276520687,3682.25,268.6007616358083,True
C:\Users\carmonta\Desktop\data-centric-cross-season-transfer\datasets\train_on_2025_all\images\frame_00038_jpg.rf.5784603d372037a791bb83ef3c728af0.jpg,frame_00038_jpg.rf.5784603d372037a791bb83ef3c728af0.jpg,1141.415806491614,536.0882243894476,10028.0,238.22842686479663,True
C:\Users\carmonta\Desktop\data-centric-cross-season-transfer\datasets\train_on_2025_all\images\frame_00038_jpg.rf.595e5d0f0f19eec1d6538f85aaefa906.jpg,frame_00038_jpg.rf.595e5d0f0f19eec1d6538f85aaefa906.jpg,1015.0285673959344,581.3542737452723,6050.000000000001,267.2125714609997,True
C:\Users\carmonta\Desktop\data-centric-cross-season-transfer\datasets\train_on_2025_all\images\frame_00038_jpg.rf.69cfe94254435220b432986ea4ab0173.jpg,frame_00038_jpg.rf.69cfe94254435220b432986ea4ab0173.jpg,1015.0285673959344,581.3542737452723,6050.000000000001,267.2125714609997,True
C:\Users\carmonta\Desktop\data-centric-cross-season-transfer\datasets\train_on_2025_all\images\frame_00038_jpg.rf.6c089c9875f22ccd6fd6c72ab7d479cc.jpg,frame_00038_jpg.rf.6c089c9875f22ccd6fd6c72ab7d479cc.jpg,953.3471309150041,671.8116880457869,12159.0,289.2555693061119,True
C:\Users\carmonta\Desktop\data-centric-cross-season-transfer\datasets\train_on_2025_all\images\frame_00038_jpg.rf.73580e750503aa83da8ce44fb05b4934.jpg,frame_00038_jpg.rf.73580e750503aa83da8ce44fb05b4934.jpg,1110.027593176826,572.7643567664917,7701.75,252.82158222536884,True
C:\Users\carmonta\Desktop\data-centric-cross-season-transfer\datasets\train_on_2025_all\images\frame_00038_jpg.rf.9b85f4e7fa2ffb3ae4ee0c83ccf10172.jpg,frame_00038_jpg.rf.9b85f4e7fa2ffb3ae4ee0c83ccf10172.jpg,953.3471309150041,671.8116880457869,12159.0,289.2555693061119,True
C:\Users\carmonta\Desktop\data-centric-cross-season-transfer\datasets\train_on_2025_all\images\frame_00038_jpg.rf.a54d3524008927ef5b10aff2f8142420.jpg,frame_00038_jpg.rf.a54d3524008927ef5b10aff2f8142420.jpg,1141.415806491614,536.0882243894476,10028.0,238.22842686479663,True
C:\Users\carmonta\Desktop\data-centric-cross-season-transfer\datasets\train_on_2025_all\images\frame_00038_jpg.rf.c0bdd34aae65acfc9031354491a21347.jpg,frame_00038_jpg.rf.c0bdd34aae65acfc9031354491a21347.jpg,1015.0285673959344,581.3542737452723,6050.000000000001,267.2125714609997,True
C:\Users\carmonta\Desktop\data-centric-cross-season-transfer\datasets\train_on_2025_all\images\frame_00038_jpg.rf.cd631779af27d05901ffa3119b5f71a2.jpg,frame_00038_jpg.rf.cd631779af27d05901ffa3119b5f71a2.jpg,953.3471309150041,671.8116880457869,12159.0,289.2555693061119,True
C:\Users\carmonta\Desktop\data-centric-cross-season-transfer\datasets\train_on_2025_all\images\frame_00039_jpg.rf.1c1783e6196710ccd061089079928dba.jpg,frame_00039_jpg.rf.1c1783e6196710ccd061089079928dba.jpg,1087.4392507599068,570.2015162064199,3276.0,263.5096576405843,True
C:\Users\carmonta\Desktop\data-centric-cross-season-transfer\datasets\train_on_2025_all\images\frame_00039_jpg.rf.2afef1f1cb1580cc2e182a5eab297704.jpg,frame_00039_jpg.rf.2afef1f1cb1580cc2e182a5eab297704.jpg,1038.7610183086574,553.1290591399761,5742.0,257.0882680586413,True
C:\Users\carmonta\Desktop\data-centric-cross-season-transfer\datasets\train_on_2025_all\images\frame_00039_jpg.rf.2cd947d5f76f8209b6f8eb0b7a22dca6.jpg,frame_00039_jpg.rf.2cd947d5f76f8209b6f8eb0b7a22dca6.jpg,1115.711155987861,576.815417154003,11625.0,258.0822321800204,True
C:\Users\carmonta\Desktop\data-centric-cross-season-transfer\datasets\train_on_2025_all\images\frame_00039_jpg.rf.3a4a05d96e2ce5933d10e48c0d5821e5.jpg,frame_00039_jpg.rf.3a4a05d96e2ce5933d10e48c0d5821e5.jpg,1054.6844032918348,652.6533334765705,6438.5,280.9395479494553,True
C:\Users\carmonta\Desktop\data-centric-cross-season-transfer\datasets\train_on_2025_all\images\frame_00039_jpg.rf.673c2933e14af182e9cfbf398a8082a8.jpg,frame_00039_jpg.rf.673c2933e14af182e9cfbf398a8082a8.jpg,1227.7546727953336,629.0248191025995,9844.0,222.49272368024296,True
C:\Users\carmonta\Desktop\data-centric-cross-season-transfer\datasets\train_on_2025_all\images\frame_00039_jpg.rf.6e7757c56320c594c77f96616a249ff6.jpg,frame_00039_jpg.rf.6e7757c56320c594c77f96616a249ff6.jpg,1087.4392507599068,570.2015162064199,3276.0,263.5096576405843,True
C:\Users\carmonta\Desktop\data-centric-cross-season-transfer\datasets\train_on_2025_all\images\frame_00039_jpg.rf.814c06a5232cbb484a604a4e90829bba.jpg,frame_00039_jpg.rf.814c06a5232cbb484a604a4e90829bba.jpg,1038.7610183086574,553.1290591399761,5742.0,257.0882680586413,True
C:\Users\carmonta\Desktop\data-centric-cross-season-transfer\datasets\train_on_2025_all\images\frame_00039_jpg.rf.975912d8dc07d7bfcb296cbc2bc4ff78.jpg,frame_00039_jpg.rf.975912d8dc07d7bfcb296cbc2bc4ff78.jpg,1087.4392507599068,570.2015162064199,3276.0,263.5096576405843,True
C:\Users\carmonta\Desktop\data-centric-cross-season-transfer\datasets\train_on_2025_all\images\frame_00039_jpg.rf.b136d98d2c8e6b2d8d7ee041817d3c5e.jpg,frame_00039_jpg.rf.b136d98d2c8e6b2d8d7ee041817d3c5e.jpg,1038.7610183086574,553.1290591399761,5742.0,257.0882680586413,True
C:\Users\carmonta\Desktop\data-centric-cross-season-transfer\datasets\train_on_2025_all\images\frame_00039_jpg.rf.e0d8558e9129ede16ad89979cba1c607.jpg,frame_00039_jpg.rf.e0d8558e9129ede16ad89979cba1c607.jpg,1115.711155987861,576.815417154003,11625.0,258.0822321800204,True
C:\Users\carmonta\Desktop\data-centric-cross-season-transfer\datasets\train_on_2025_all\images\frame_00039_jpg.rf.e70e516fe3e260e4f11ebfe2e7018104.jpg,frame_00039_jpg.rf.e70e516fe3e260e4f11ebfe2e7018104.jpg,1227.7546727953336,629.0248191025995,9844.0,222.49272368024296,True
C:\Users\carmonta\Desktop\data-centric-cross-season-transfer\datasets\train_on_2025_all\images\frame_00040_jpg.rf.165df834b029adaf38bdf1552cacb55f.jpg,frame_00040_jpg.rf.165df834b029adaf38bdf1552cacb55f.jpg,864.9942565643149,575.6404205607303,4115.250000000001,280.5488355044521,True
C:\Users\carmonta\Desktop\data-centric-cross-season-transfer\datasets\train_on_2025_all\images\frame_00040_jpg.rf.723fdaa3a3450e86a919c442f001457f.jpg,frame_00040_jpg.rf.723fdaa3a3450e86a919c442f001457f.jpg,864.9942565643149,575.6404205607303,4115.250000000001,280.5488355044521,True
C:\Users\carmonta\Desktop\data-centric-cross-season-transfer\datasets\train_on_2025_all\images\frame_00040_jpg.rf.7520b090479d71715181902c441ebbd1.jpg,frame_00040_jpg.rf.7520b090479d71715181902c441ebbd1.jpg,1126.321992376613,540.3093160745851,3905.0000000000005,236.3797676992816,True
C:\Users\carmonta\Desktop\data-centric-cross-season-transfer\datasets\train_on_2025_all\images\frame_00040_jpg.rf.8fed732a81bf55fec57cc275f7a63c00.jpg,frame_00040_jpg.rf.8fed732a81bf55fec57cc275f7a63c00.jpg,1126.321992376613,540.3093160745851,3905.0000000000005,236.3797676992816,True
C:\Users\carmonta\Desktop\data-centric-cross-season-transfer\datasets\train_on_2025_all\images\frame_00040_jpg.rf.a37c004c15968d3d24bc4a500655c57e.jpg,frame_00040_jpg.rf.a37c004c15968d3d24bc4a500655c57e.jpg,1043.1595474565652,561.296271847671,11235.0,269.7397575104965,True
C:\Users\carmonta\Desktop\data-centric-cross-season-transfer\datasets\train_on_2025_all\images\frame_00040_jpg.rf.b2b95b1f65a38a9ddd877368e4224e62.jpg,frame_00040_jpg.rf.b2b95b1f65a38a9ddd877368e4224e62.jpg,1043.1595474565652,561.296271847671,11235.0,269.7397575104965,True
C:\Users\carmonta\Desktop\data-centric-cross-season-transfer\datasets\train_on_2025_all\images\frame_00040_jpg.rf.ce51232b20d604e482566b88c86c522e.jpg,frame_00040_jpg.rf.ce51232b20d604e482566b88c86c522e.jpg,1126.321992376613,540.3093160745851,3905.0000000000005,236.3797676992816,True
C:\Users\carmonta\Desktop\data-centric-cross-season-transfer\datasets\train_on_2025_all\images\frame_00040_jpg.rf.e9b84271c20d010c76138933f9f38a68.jpg,frame_00040_jpg.rf.e9b84271c20d010c76138933f9f38a68.jpg,864.9942565643149,575.6404205607303,4115.250000000001,280.5488355044521,True
C:\Users\carmonta\Desktop\data-centric-cross-season-transfer\datasets\train_on_2025_all\images\frame_00041_jpg.rf.03397bec381eb72622e64ad6e96e8ab7.jpg,frame_00041_jpg.rf.03397bec381eb72622e64ad6e96e8ab7.jpg,1182.600676400041,607.32149174309,11340.0,251.78067193777446,True
C:\Users\carmonta\Desktop\data-centric-cross-season-transfer\datasets\train_on_2025_all\images\frame_00041_jpg.rf.27dc569e88ee2ce8e2022586161af039.jpg,frame_00041_jpg.rf.27dc569e88ee2ce8e2022586161af039.jpg,880.4288670386545,470.4640644566089,5882.0,258.9725264054936,True
C:\Users\carmonta\Desktop\data-centric-cross-season-transfer\datasets\train_on_2025_all\images\frame_00041_jpg.rf.34b9eff779b9cfca8fcde63b31e1c5d2.jpg,frame_00041_jpg.rf.34b9eff779b9cfca8fcde63b31e1c5d2.jpg,793.4745423230115,726.1337943819005,8255.5,296.7894733059301,True
C:\Users\carmonta\Desktop\data-centric-cross-season-transfer\datasets\train_on_2025_all\images\frame_00041_jpg.rf.431b566838b0e652eea2f841db657f0e.jpg,frame_00041_jpg.rf.431b566838b0e652eea2f841db657f0e.jpg,880.4288670386545,470.4640644566089,5882.0,258.9725264054936,True
C:\Users\carmonta\Desktop\data-centric-cross-season-transfer\datasets\train_on_2025_all\images\frame_00041_jpg.rf.45f384b360ae833ac9fd1de7899e2487.jpg,frame_00041_jpg.rf.45f384b360ae833ac9fd1de7899e2487.jpg,793.4745423230115,726.1337943819005,8255.5,296.7894733059301,True
C:\Users\carmonta\Desktop\data-centric-cross-season-transfer\datasets\train_on_2025_all\images\frame_00041_jpg.rf.48c59799adf4199e3cb95eea3a36efbe.jpg,frame_00041_jpg.rf.48c59799adf4199e3cb95eea3a36efbe.jpg,1182.600676400041,607.32149174309,11340.0,251.78067193777446,True
C:\Users\carmonta\Desktop\data-centric-cross-season-transfer\datasets\train_on_2025_all\images\frame_00041_jpg.rf.51003b1a7595959902825c365d802fbc.jpg,frame_00041_jpg.rf.51003b1a7595959902825c365d802fbc.jpg,1182.600676400041,607.32149174309,11340.0,251.78067193777446,True
C:\Users\carmonta\Desktop\data-centric-cross-season-transfer\datasets\train_on_2025_all\images\frame_00041_jpg.rf.89cf6e1ac6bc54a6babe63867975c81f.jpg,frame_00041_jpg.rf.89cf6e1ac6bc54a6babe63867975c81f.jpg,1060.1981466975508,663.856297155174,6572.5,277.42880836056986,True
C:\Users\carmonta\Desktop\data-centric-cross-season-transfer\datasets\train_on_2025_all\images\frame_00041_jpg.rf.9ddfe37c077c4f6573298f88553a6487.jpg,frame_00041_jpg.rf.9ddfe37c077c4f6573298f88553a6487.jpg,1075.268123633647,545.5787807024599,16274.0,258.2741312007698,True
C:\Users\carmonta\Desktop\data-centric-cross-season-transfer\datasets\train_on_2025_all\images\frame_00041_jpg.rf.bb3f64aa62fae9ab0a841e9f3421ca74.jpg,frame_00041_jpg.rf.bb3f64aa62fae9ab0a841e9f3421ca74.jpg,1060.1981466975508,663.856297155174,6572.5,277.42880836056986,True
C:\Users\carmonta\Desktop\data-centric-cross-season-transfer\datasets\train_on_2025_all\images\frame_00041_jpg.rf.c134c0c43ebec8a8346467c6541813c2.jpg,frame_00041_jpg.rf.c134c0c43ebec8a8346467c6541813c2.jpg,880.4288670386545,470.4640644566089,5882.0,258.9725264054936,True
C:\Users\carmonta\Desktop\data-centric-cross-season-transfer\datasets\train_on_2025_all\images\frame_00041_jpg.rf.defd29a8b879cdc86fbeeb703da3cae5.jpg,frame_00041_jpg.rf.defd29a8b879cdc86fbeeb703da3cae5.jpg,1075.268123633647,545.5787807024599,16274.0,258.2741312007698,True
C:\Users\carmonta\Desktop\data-centric-cross-season-transfer\datasets\train_on_2025_all\images\frame_00042_jpg.rf.03d32dfc6eef9e27a09ca6f16d221330.jpg,frame_00042_jpg.rf.03d32dfc6eef9e27a09ca6f16d221330.jpg,942.8114759835806,460.12789098697255,5043.5,253.31790581867398,True
C:\Users\carmonta\Desktop\data-centric-cross-season-transfer\datasets\train_on_2025_all\images\frame_00042_jpg.rf.076c1b26ab9a16db3886f1fefc9a6921.jpg,frame_00042_jpg.rf.076c1b26ab9a16db3886f1fefc9a6921.jpg,942.8114759835806,460.12789098697255,5043.5,253.31790581867398,True
C:\Users\carmonta\Desktop\data-centric-cross-season-transfer\datasets\train_on_2025_all\images\frame_00042_jpg.rf.27fedaf370ec027f1c1a3c1d34e1abd8.jpg,frame_00042_jpg.rf.27fedaf370ec027f1c1a3c1d34e1abd8.jpg,942.8114759835806,460.12789098697255,5043.5,253.31790581867398,True
C:\Users\carmonta\Desktop\data-centric-cross-season-transfer\datasets\train_on_2025_all\images\frame_00042_jpg.rf.37d12f995a8d0511b9fa9506d959601d.jpg,frame_00042_jpg.rf.37d12f995a8d0511b9fa9506d959601d.jpg,1071.7992619522397,538.1196131959207,7262.5,239.3022768986077,True
C:\Users\carmonta\Desktop\data-centric-cross-season-transfer\datasets\train_on_2025_all\images\frame_00042_jpg.rf.5b34fa0ad8b51849954f4e4951b243c8.jpg,frame_00042_jpg.rf.5b34fa0ad8b51849954f4e4951b243c8.jpg,1071.7992619522397,538.1196131959207,7262.5,239.3022768986077,True
C:\Users\carmonta\Desktop\data-centric-cross-season-transfer\datasets\train_on_2025_all\images\frame_00042_jpg.rf.5e774e171270363775edce465c0d0178.jpg,frame_00042_jpg.rf.5e774e171270363775edce465c0d0178.jpg,1162.568173521521,583.8890638734209,9518.25,248.11015272034552,True
C:\Users\carmonta\Desktop\data-centric-cross-season-transfer\datasets\train_on_2025_all\images\frame_00042_jpg.rf.733bcfb8fc942ace3bfab5a047d3cd76.jpg,frame_00042_jpg.rf.733bcfb8fc942ace3bfab5a047d3cd76.jpg,821.3631758050997,670.6645847859332,9550.75,293.70517798759715,True
C:\Users\carmonta\Desktop\data-centric-cross-season-transfer\datasets\train_on_2025_all\images\frame_00042_jpg.rf.753ae542b943c4548cfa1c1946e44bab.jpg,frame_00042_jpg.rf.753ae542b943c4548cfa1c1946e44bab.jpg,1162.568173521521,583.8890638734209,9518.25,248.11015272034552,True
C:\Users\carmonta\Desktop\data-centric-cross-season-transfer\datasets\train_on_2025_all\images\frame_00042_jpg.rf.a4db0f37fd3d905f7d957779ad021e10.jpg,frame_00042_jpg.rf.a4db0f37fd3d905f7d957779ad021e10.jpg,1162.568173521521,583.8890638734209,9518.25,248.11015272034552,True
C:\Users\carmonta\Desktop\data-centric-cross-season-transfer\datasets\train_on_2025_all\images\frame_00042_jpg.rf.a8e678deadbad63780ce9f60d24e31b1.jpg,frame_00042_jpg.rf.a8e678deadbad63780ce9f60d24e31b1.jpg,1092.513535694416,569.0129492200423,15529.0,263.28027522396644,True
C:\Users\carmonta\Desktop\data-centric-cross-season-transfer\datasets\train_on_2025_all\images\frame_00042_jpg.rf.a9b6dd7b673d1f41aa006e2ce6f0ecbe.jpg,frame_00042_jpg.rf.a9b6dd7b673d1f41aa006e2ce6f0ecbe.jpg,1071.7992619522397,538.1196131959207,7262.5,239.3022768986077,True
C:\Users\carmonta\Desktop\data-centric-cross-season-transfer\datasets\train_on_2025_all\images\frame_00042_jpg.rf.fa6dec6aba0969bd2519b2555be0f8e5.jpg,frame_00042_jpg.rf.fa6dec6aba0969bd2519b2555be0f8e5.jpg,821.3631758050997,670.6645847859332,9550.75,293.70517798759715,True
C:\Users\carmonta\Desktop\data-centric-cross-season-transfer\datasets\train_on_2025_all\images\frame_00043_jpg.rf.1972c1decf475bae612adacc6c59ef00.jpg,frame_00043_jpg.rf.1972c1decf475bae612adacc6c59ef00.jpg,938.0584844563487,738.8510914481163,10023.75,290.0083334497864,True
C:\Users\carmonta\Desktop\data-centric-cross-season-transfer\datasets\train_on_2025_all\images\frame_00043_jpg.rf.1f6c942349c784902360fc306d3fd0c2.jpg,frame_00043_jpg.rf.1f6c942349c784902360fc306d3fd0c2.jpg,847.9188747470705,656.4139897616584,6286.25,294.30394409283554,True
C:\Users\carmonta\Desktop\data-centric-cross-season-transfer\datasets\train_on_2025_all\images\frame_00043_jpg.rf.3282d82e2870ff1002bc154f317b7c04.jpg,frame_00043_jpg.rf.3282d82e2870ff1002bc154f317b7c04.jpg,847.9188747470705,656.4139897616584,6286.25,294.30394409283554,True
C:\Users\carmonta\Desktop\data-centric-cross-season-transfer\datasets\train_on_2025_all\images\frame_00043_jpg.rf.6f79656ec36a58aecb68e77169699777.jpg,frame_00043_jpg.rf.6f79656ec36a58aecb68e77169699777.jpg,910.6013659494636,558.0653463050315,11896.5,281.60059715894573,True
C:\Users\carmonta\Desktop\data-centric-cross-season-transfer\datasets\train_on_2025_all\images\frame_00043_jpg.rf.a320089a12e703a7c02363e1ef15446f.jpg,frame_00043_jpg.rf.a320089a12e703a7c02363e1ef15446f.jpg,938.0584844563487,738.8510914481163,10023.75,290.0083334497864,True
C:\Users\carmonta\Desktop\data-centric-cross-season-transfer\datasets\train_on_2025_all\images\frame_00043_jpg.rf.a9851d16b1edbfe41a38f0af00cc5e13.jpg,frame_00043_jpg.rf.a9851d16b1edbfe41a38f0af00cc5e13.jpg,938.0584844563487,738.8510914481163,10023.75,290.0083334497864,True
C:\Users\carmonta\Desktop\data-centric-cross-season-transfer\datasets\train_on_2025_all\images\frame_00043_jpg.rf.ab79ff923ef5f37b290c89692d30e438.jpg,frame_00043_jpg.rf.ab79ff923ef5f37b290c89692d30e438.jpg,814.763166539503,446.456699425775,11072.25,259.39176618661986,True
C:\Users\carmonta\Desktop\data-centric-cross-season-transfer\datasets\train_on_2025_all\images\frame_00043_jpg.rf.bfcef015bff0a73ab5c80ef3b9df823f.jpg,frame_00043_jpg.rf.bfcef015bff0a73ab5c80ef3b9df823f.jpg,1087.5335150561093,622.9410927512403,19385.5,271.1349035343294,True
C:\Users\carmonta\Desktop\data-centric-cross-season-transfer\datasets\train_on_2025_all\images\frame_00043_jpg.rf.d2638a05fc8d526c556ceaaf25162937.jpg,frame_00043_jpg.rf.d2638a05fc8d526c556ceaaf25162937.jpg,847.9188747470705,656.4139897616584,6286.25,294.30394409283554,True
C:\Users\carmonta\Desktop\data-centric-cross-season-transfer\datasets\train_on_2025_all\images\frame_00043_jpg.rf.e89ad5f40376d8a2ae5476c5425759b7.jpg,frame_00043_jpg.rf.e89ad5f40376d8a2ae5476c5425759b7.jpg,910.6013659494636,558.0653463050315,11896.5,281.60059715894573,True
C:\Users\carmonta\Desktop\data-centric-cross-season-transfer\datasets\train_on_2025_all\images\frame_00043_jpg.rf.efeb38b86d227e6ec8910e8272c141fc.jpg,frame_00043_jpg.rf.efeb38b86d227e6ec8910e8272c141fc.jpg,1087.5335150561093,622.9410927512403,19385.5,271.1349035343294,True
C:\Users\carmonta\Desktop\data-centric-cross-season-transfer\datasets\train_on_2025_all\images\frame_00044_jpg.rf.0806309ec042a542cf5927b5b894781d.jpg,frame_00044_jpg.rf.0806309ec042a542cf5927b5b894781d.jpg,752.2505556246406,434.25670496317275,9212.25,266.9086461288304,True
C:\Users\carmonta\Desktop\data-centric-cross-season-transfer\datasets\train_on_2025_all\images\frame_00044_jpg.rf.3e6ae63eeb1516ddb79b84224e970476.jpg,frame_00044_jpg.rf.3e6ae63eeb1516ddb79b84224e970476.jpg,1045.3172763375835,558.7077431965494,10044.75,263.18118023140806,True
C:\Users\carmonta\Desktop\data-centric-cross-season-transfer\datasets\train_on_2025_all\images\frame_00044_jpg.rf.5dba34eb445243e0044716f094c15087.jpg,frame_00044_jpg.rf.5dba34eb445243e0044716f094c15087.jpg,1026.3288524564266,652.1593748337264,4254.5,282.31946627197874,True
C:\Users\carmonta\Desktop\data-centric-cross-season-transfer\datasets\train_on_2025_all\images\frame_00044_jpg.rf.723839087e3c0575ce7f60ad95989a29.jpg,frame_00044_jpg.rf.723839087e3c0575ce7f60ad95989a29.jpg,1045.3172763375835,558.7077431965494,10044.75,263.18118023140806,True
C:\Users\carmonta\Desktop\data-centric-cross-season-transfer\datasets\train_on_2025_all\images\frame_00044_jpg.rf.b1c6166ae3c5d4752a392e9c02366f25.jpg,frame_00044_jpg.rf.b1c6166ae3c5d4752a392e9c02366f25.jpg,1026.3288524564266,652.1593748337264,4254.5,282.31946627197874,True
C:\Users\carmonta\Desktop\data-centric-cross-season-transfer\datasets\train_on_2025_all\images\frame_00044_jpg.rf.bbea3e064d3bdf147c1ce2477b8a057f.jpg,frame_00044_jpg.rf.bbea3e064d3bdf147c1ce2477b8a057f.jpg,1076.5477521321377,673.7497020265442,14626.0,277.5763314912942,True
C:\Users\carmonta\Desktop\data-centric-cross-season-transfer\datasets\train_on_2025_all\images\frame_00044_jpg.rf.c788ac9808c921921381e46c94680815.jpg,frame_00044_jpg.rf.c788ac9808c921921381e46c94680815.jpg,752.2505556246406,434.25670496317275,9212.25,266.9086461288304,True
C:\Users\carmonta\Desktop\data-centric-cross-season-transfer\datasets\train_on_2025_all\images\frame_00044_jpg.rf.ed3bb0e3a29d172e9979eafbd3cf7e2c.jpg,frame_00044_jpg.rf.ed3bb0e3a29d172e9979eafbd3cf7e2c.jpg,1076.5477521321377,673.7497020265442,14626.0,277.5763314912942,True
C:\Users\carmonta\Desktop\data-centric-cross-season-transfer\datasets\train_on_2025_all\images\frame_00044_jpg.rf.f345433c8768d5d3fb45c128eddb5cdf.jpg,frame_00044_jpg.rf.f345433c8768d5d3fb45c128eddb5cdf.jpg,975.4156171026056,503.3800464016203,5417.500000000001,250.5056160733683,True
C:\Users\carmonta\Desktop\data-centric-cross-season-transfer\datasets\train_on_2025_all\images\frame_00044_jpg.rf.f5c35a6409d76d1add99674643426eff.jpg,frame_00044_jpg.rf.f5c35a6409d76d1add99674643426eff.jpg,1076.5477521321377,673.7497020265442,14626.0,277.5763314912942,True
C:\Users\carmonta\Desktop\data-centric-cross-season-transfer\datasets\train_on_2025_all\images\frame_00044_jpg.rf.fc9f4b6ba79675ee1cbf7fffeb357f9f.jpg,frame_00044_jpg.rf.fc9f4b6ba79675ee1cbf7fffeb357f9f.jpg,975.4156171026056,503.3800464016203,5417.500000000001,250.5056160733683,True
C:\Users\carmonta\Desktop\data-centric-cross-season-transfer\datasets\train_on_2025_all\images\frame_00045_jpg.rf.0b2ed76f2bb110714d0b57d70ff83131.jpg,frame_00045_jpg.rf.0b2ed76f2bb110714d0b57d70ff83131.jpg,982.283460452021,477.9316382799561,12655.25,243.4187390430634,True
C:\Users\carmonta\Desktop\data-centric-cross-season-transfer\datasets\train_on_2025_all\images\frame_00045_jpg.rf.2424dca728adfb3a0d98193540045b37.jpg,frame_00045_jpg.rf.2424dca728adfb3a0d98193540045b37.jpg,1105.955674131773,524.4953766189072,5985.0,247.15809563984774,True
C:\Users\carmonta\Desktop\data-centric-cross-season-transfer\datasets\train_on_2025_all\images\frame_00045_jpg.rf.2c97d7b3dc9632a32a0785509e00d7e3.jpg,frame_00045_jpg.rf.2c97d7b3dc9632a32a0785509e00d7e3.jpg,982.283460452021,477.9316382799561,12655.25,243.4187390430634,True
C:\Users\carmonta\Desktop\data-centric-cross-season-transfer\datasets\train_on_2025_all\images\frame_00045_jpg.rf.c51b4ce2867f48183e5924c570a91d4b.jpg,frame_00045_jpg.rf.c51b4ce2867f48183e5924c570a91d4b.jpg,1158.2106716535075,555.9148528746697,14781.25,255.8149066074568,True
C:\Users\carmonta\Desktop\data-centric-cross-season-transfer\datasets\train_on_2025_all\images\frame_00045_jpg.rf.d5faf2ca98416f53cefae83c358e96b9.jpg,frame_00045_jpg.rf.d5faf2ca98416f53cefae83c358e96b9.jpg,1105.955674131773,524.4953766189072,5985.0,247.15809563984774,True
C:\Users\carmonta\Desktop\data-centric-cross-season-transfer\datasets\train_on_2025_all\images\frame_00045_jpg.rf.f7b1e33f257914ed99c9ae0d815ba270.jpg,frame_00045_jpg.rf.f7b1e33f257914ed99c9ae0d815ba270.jpg,982.283460452021,477.9316382799561,12655.25,243.4187390430634,True
C:\Users\carmonta\Desktop\data-centric-cross-season-transfer\datasets\train_on_2025_all\images\frame_00045_jpg.rf.f81ca390a78e9ffb34c835c77e06ee7d.jpg,frame_00045_jpg.rf.f81ca390a78e9ffb34c835c77e06ee7d.jpg,1158.2106716535075,555.9148528746697,14781.25,255.8149066074568,True
C:\Users\carmonta\Desktop\data-centric-cross-season-transfer\datasets\train_on_2025_all\images\frame_00046_jpg.rf.3467d840d9765872e992eb099475a871.jpg,frame_00046_jpg.rf.3467d840d9765872e992eb099475a871.jpg,747.5582270440015,663.3327464002534,5021.25,299.57188886908807,True
C:\Users\carmonta\Desktop\data-centric-cross-season-transfer\datasets\train_on_2025_all\images\frame_00046_jpg.rf.5f2867d3c24090d43e9ab566e98ba40d.jpg,frame_00046_jpg.rf.5f2867d3c24090d43e9ab566e98ba40d.jpg,1232.7600214366198,613.3539258941059,13209.0,243.21770747310978,True
C:\Users\carmonta\Desktop\data-centric-cross-season-transfer\datasets\train_on_2025_all\images\frame_00046_jpg.rf.662f4df52081221d0bffe610ba874102.jpg,frame_00046_jpg.rf.662f4df52081221d0bffe610ba874102.jpg,747.5582270440015,663.3327464002534,5021.25,299.57188886908807,True
C:\Users\carmonta\Desktop\data-centric-cross-season-transfer\datasets\train_on_2025_all\images\frame_00046_jpg.rf.8c48d16a50420f9c686fe49bbfb48d75.jpg,frame_00046_jpg.rf.8c48d16a50420f9c686fe49bbfb48d75.jpg,899.1011973090731,461.7718489426549,10867.499999999998,253.50682905357522,True
C:\Users\carmonta\Desktop\data-centric-cross-season-transfer\datasets\train_on_2025_all\images\frame_00046_jpg.rf.8e97cf14197d246f726eac05bf1b8591.jpg,frame_00046_jpg.rf.8e97cf14197d246f726eac05bf1b8591.jpg,894.762763179199,522.9253127965931,6699.0,276.147086088651,True
C:\Users\carmonta\Desktop\data-centric-cross-season-transfer\datasets\train_on_2025_all\images\frame_00046_jpg.rf.9e935bd164160566f44b921e0d0f7c45.jpg,frame_00046_jpg.rf.9e935bd164160566f44b921e0d0f7c45.jpg,1232.7600214366198,613.3539258941059,13209.0,243.21770747310978,True
C:\Users\carmonta\Desktop\data-centric-cross-season-transfer\datasets\train_on_2025_all\images\frame_00046_jpg.rf.b74205aa7ed0ea0343e908912abbc439.jpg,frame_00046_jpg.rf.b74205aa7ed0ea0343e908912abbc439.jpg,894.762763179199,522.9253127965931,6699.0,276.147086088651,True
C:\Users\carmonta\Desktop\data-centric-cross-season-transfer\datasets\train_on_2025_all\images\frame_00046_jpg.rf.e2b5bb16a90544985bc3ae023f0c4fbb.jpg,frame_00046_jpg.rf.e2b5bb16a90544985bc3ae023f0c4fbb.jpg,1232.7600214366198,613.3539258941059,13209.0,243.21770747310978,True
C:\Users\carmonta\Desktop\data-centric-cross-season-transfer\datasets\train_on_2025_all\images\frame_00046_jpg.rf.f970c8abd9ab5d5ce4fc2f4763c61ab1.jpg,frame_00046_jpg.rf.f970c8abd9ab5d5ce4fc2f4763c61ab1.jpg,899.1011973090731,461.7718489426549,10867.499999999998,253.50682905357522,True
C:\Users\carmonta\Desktop\data-centric-cross-season-transfer\datasets\train_on_2025_all\images\frame_00047_jpg.rf.19beaf312e62be29bf7d4c3cd171c961.jpg,frame_00047_jpg.rf.19beaf312e62be29bf7d4c3cd171c961.jpg,955.226536434193,472.78095384555957,9360.5,232.89776170122673,True
C:\Users\carmonta\Desktop\data-centric-cross-season-transfer\datasets\train_on_2025_all\images\frame_00047_jpg.rf.48e518377bd2c2ea5b3906a8076e9e4d.jpg,frame_00047_jpg.rf.48e518377bd2c2ea5b3906a8076e9e4d.jpg,883.4276113890805,604.3721368863436,4107.0,282.35250407928584,True
C:\Users\carmonta\Desktop\data-centric-cross-season-transfer\datasets\train_on_2025_all\images\frame_00047_jpg.rf.51bd6fcfac209707abb864dfa1e1c203.jpg,frame_00047_jpg.rf.51bd6fcfac209707abb864dfa1e1c203.jpg,955.226536434193,472.78095384555957,9360.5,232.89776170122673,True
C:\Users\carmonta\Desktop\data-centric-cross-season-transfer\datasets\train_on_2025_all\images\frame_00047_jpg.rf.687c390ab727139358008bd79f61e44f.jpg,frame_00047_jpg.rf.687c390ab727139358008bd79f61e44f.jpg,883.4276113890805,604.3721368863436,4107.0,282.35250407928584,True
C:\Users\carmonta\Desktop\data-centric-cross-season-transfer\datasets\train_on_2025_all\images\frame_00047_jpg.rf.b50ea3b014d57ac720c0562a2efe6140.jpg,frame_00047_jpg.rf.b50ea3b014d57ac720c0562a2efe6140.jpg,1191.8926883773279,632.1763356127658,12811.5,262.8449983427704,True
C:\Users\carmonta\Desktop\data-centric-cross-season-transfer\datasets\train_on_2025_all\images\frame_00047_jpg.rf.cee1cf839abe08798db062184aa67055.jpg,frame_00047_jpg.rf.cee1cf839abe08798db062184aa67055.jpg,1191.8926883773279,632.1763356127658,12811.5,262.8449983427704,True
C:\Users\carmonta\Desktop\data-centric-cross-season-transfer\datasets\train_on_2025_all\images\frame_00047_jpg.rf.e162bc8fbc7dd03837be97d84b105b5a.jpg,frame_00047_jpg.rf.e162bc8fbc7dd03837be97d84b105b5a.jpg,1191.8926883773279,632.1763356127658,12811.5,262.8449983427704,True
C:\Users\carmonta\Desktop\data-centric-cross-season-transfer\datasets\train_on_2025_all\images\frame_00047_jpg.rf.e27bc1de60d0d7aec4b21a64443bef93.jpg,frame_00047_jpg.rf.e27bc1de60d0d7aec4b21a64443bef93.jpg,1063.8046001884534,516.8604684814222,5775.000000000001,252.35576960868497,True
C:\Users\carmonta\Desktop\data-centric-cross-season-transfer\datasets\train_on_2025_all\images\frame_00047_jpg.rf.ed5c35ad4b0d1ec610b0ec9b3884da00.jpg,frame_00047_jpg.rf.ed5c35ad4b0d1ec610b0ec9b3884da00.jpg,955.226536434193,472.78095384555957,9360.5,232.89776170122673,True
C:\Users\carmonta\Desktop\data-centric-cross-season-transfer\datasets\train_on_2025_all\images\frame_00047_jpg.rf.f18e11d2748819130279015b9f55d49f.jpg,frame_00047_jpg.rf.f18e11d2748819130279015b9f55d49f.jpg,883.4276113890805,604.3721368863436,4107.0,282.35250407928584,True
C:\Users\carmonta\Desktop\data-centric-cross-season-transfer\datasets\train_on_2025_all\images\frame_00048_jpg.rf.238ba7b5a529437f7e908bdd1d99166f.jpg,frame_00048_jpg.rf.238ba7b5a529437f7e908bdd1d99166f.jpg,862.9067588318242,684.3145065153782,17119.0,291.3935853287464,True
C:\Users\carmonta\Desktop\data-centric-cross-season-transfer\datasets\train_on_2025_all\images\frame_00048_jpg.rf.4af94e2b59a0489bad1d80552508a8b2.jpg,frame_00048_jpg.rf.4af94e2b59a0489bad1d80552508a8b2.jpg,755.0642370365325,823.2692523680381,5173.999999999999,304.36057814249347,True
C:\Users\carmonta\Desktop\data-centric-cross-season-transfer\datasets\train_on_2025_all\images\frame_00048_jpg.rf.4bb8b1c5455b4fa56f03333ebe65bc54.jpg,frame_00048_jpg.rf.4bb8b1c5455b4fa56f03333ebe65bc54.jpg,755.0642370365325,823.2692523680381,5173.999999999999,304.36057814249347,True
C:\Users\carmonta\Desktop\data-centric-cross-season-transfer\datasets\train_on_2025_all\images\frame_00048_jpg.rf.ab8cb99c7b0a7945bf1cc97a473dc9b1.jpg,frame_00048_jpg.rf.ab8cb99c7b0a7945bf1cc97a473dc9b1.jpg,862.9067588318242,684.3145065153782,17119.0,291.3935853287464,True
C:\Users\carmonta\Desktop\data-centric-cross-season-transfer\datasets\train_on_2025_all\images\frame_00048_jpg.rf.bf4fd20ab62adc210fc7ac2ce0918b9c.jpg,frame_00048_jpg.rf.bf4fd20ab62adc210fc7ac2ce0918b9c.jpg,755.0642370365325,823.2692523680381,5173.999999999999,304.36057814249347,True
C:\Users\carmonta\Desktop\data-centric-cross-season-transfer\datasets\train_on_2025_all\images\frame_00049_jpg.rf.391b76ea640d7c9279a4a65ee41952c8.jpg,frame_00049_jpg.rf.391b76ea640d7c9279a4a65ee41952c8.jpg,758.332876682738,568.1589367926163,10242.5,288.57876564159346,True
C:\Users\carmonta\Desktop\data-centric-cross-season-transfer\datasets\train_on_2025_all\images\frame_00049_jpg.rf.3dc70d4e7a0a10e67f193b78c0f2f27f.jpg,frame_00049_jpg.rf.3dc70d4e7a0a10e67f193b78c0f2f27f.jpg,969.5610922819657,494.1083303016373,8487.0,230.20720522455113,True
C:\Users\carmonta\Desktop\data-centric-cross-season-transfer\datasets\train_on_2025_all\images\frame_00049_jpg.rf.40c1dd21fd459e90c087e57ac4135bfc.jpg,frame_00049_jpg.rf.40c1dd21fd459e90c087e57ac4135bfc.jpg,1062.7547859658418,526.2381853458613,7315.000000000001,246.04252728144192,True
C:\Users\carmonta\Desktop\data-centric-cross-season-transfer\datasets\train_on_2025_all\images\frame_00049_jpg.rf.89cabdf8fc67da0e0dbbb5d46740f6d9.jpg,frame_00049_jpg.rf.89cabdf8fc67da0e0dbbb5d46740f6d9.jpg,758.332876682738,568.1589367926163,10242.5,288.57876564159346,True
C:\Users\carmonta\Desktop\data-centric-cross-season-transfer\datasets\train_on_2025_all\images\frame_00049_jpg.rf.9999d6782fc24d06814790c744f353f6.jpg,frame_00049_jpg.rf.9999d6782fc24d06814790c744f353f6.jpg,969.5610922819657,494.1083303016373,8487.0,230.20720522455113,True
C:\Users\carmonta\Desktop\data-centric-cross-season-transfer\datasets\train_on_2025_all\images\frame_00049_jpg.rf.ad18001821ec4e30a1bbf7bcdbbbf08c.jpg,frame_00049_jpg.rf.ad18001821ec4e30a1bbf7bcdbbbf08c.jpg,969.5610922819657,494.1083303016373,8487.0,230.20720522455113,True
C:\Users\carmonta\Desktop\data-centric-cross-season-transfer\datasets\train_on_2025_all\images\frame_00049_jpg.rf.bd1ac7477176faccd8a0bfc7492e598c.jpg,frame_00049_jpg.rf.bd1ac7477176faccd8a0bfc7492e598c.jpg,758.332876682738,568.1589367926163,10242.5,288.57876564159346,True
C:\Users\carmonta\Desktop\data-centric-cross-season-transfer\datasets\train_on_2025_all\images\frame_00050_jpg.rf.cbc92bf1de173e108ac90b4551c588a6.jpg,frame_00050_jpg.rf.cbc92bf1de173e108ac90b4551c588a6.jpg,694.0625600269052,756.7535114741509,8078.75,303.99934881460086,True
C:\Users\carmonta\Desktop\data-centric-cross-season-transfer\datasets\train_on_2025_all\images\frame_00050_jpg.rf.f1dfb36a78749a285bbe57f351cfa785.jpg,frame_00050_jpg.rf.f1dfb36a78749a285bbe57f351cfa785.jpg,694.0625600269052,756.7535114741509,8078.75,303.99934881460086,True
C:\Users\carmonta\Desktop\data-centric-cross-season-transfer\datasets\train_on_2025_all\images\frame_00051_jpg.rf.0547a45e5ccd2b55e42429352271e1a0.jpg,frame_00051_jpg.rf.0547a45e5ccd2b55e42429352271e1a0.jpg,1014.04826635506,610.3147816027903,5244.0,276.1205515363972,True
C:\Users\carmonta\Desktop\data-centric-cross-season-transfer\datasets\train_on_2025_all\images\frame_00051_jpg.rf.0d63d86bb60b3beb0783f3cba106eb07.jpg,frame_00051_jpg.rf.0d63d86bb60b3beb0783f3cba106eb07.jpg,1014.04826635506,610.3147816027903,5244.0,276.1205515363972,True
C:\Users\carmonta\Desktop\data-centric-cross-season-transfer\datasets\train_on_2025_all\images\frame_00051_jpg.rf.19bea96ec9f9b6316709704444db0f0f.jpg,frame_00051_jpg.rf.19bea96ec9f9b6316709704444db0f0f.jpg,1091.2346622188318,519.8848774622326,17889.0,231.00185479369136,True
C:\Users\carmonta\Desktop\data-centric-cross-season-transfer\datasets\train_on_2025_all\images\frame_00051_jpg.rf.59d65e664e5d9a5850e46f7f264297a2.jpg,frame_00051_jpg.rf.59d65e664e5d9a5850e46f7f264297a2.jpg,1014.04826635506,610.3147816027903,5244.0,276.1205515363972,True
C:\Users\carmonta\Desktop\data-centric-cross-season-transfer\datasets\train_on_2025_all\images\frame_00051_jpg.rf.a10489b27b1a53de5e71f02e6a71d953.jpg,frame_00051_jpg.rf.a10489b27b1a53de5e71f02e6a71d953.jpg,1091.2346622188318,519.8848774622326,17889.0,231.00185479369136,True
C:\Users\carmonta\Desktop\data-centric-cross-season-transfer\datasets\train_on_2025_all\images\frame_00051_jpg.rf.a8336cac8ad91f0367810ad238303946.jpg,frame_00051_jpg.rf.a8336cac8ad91f0367810ad238303946.jpg,1047.964015646373,624.0023330671933,6683.25,275.6999082917908,True
C:\Users\carmonta\Desktop\data-centric-cross-season-transfer\datasets\train_on_2025_all\images\frame_00051_jpg.rf.ceb5d691ac6b559a8efe105a5a8d09ea.jpg,frame_00051_jpg.rf.ceb5d691ac6b559a8efe105a5a8d09ea.jpg,1091.2346622188318,519.8848774622326,17889.0,231.00185479369136,True
C:\Users\carmonta\Desktop\data-centric-cross-season-transfer\datasets\train_on_2025_all\images\frame_00052_jpg.rf.087ee9b7582b73096e14410352fa5e45.jpg,frame_00052_jpg.rf.087ee9b7582b73096e14410352fa5e45.jpg,1039.9778634923991,520.4135785597156,9282.0,254.27727539853544,True
C:\Users\carmonta\Desktop\data-centric-cross-season-transfer\datasets\train_on_2025_all\images\frame_00052_jpg.rf.51220c9dc71a15d0704d5413b5bd63a8.jpg,frame_00052_jpg.rf.51220c9dc71a15d0704d5413b5bd63a8.jpg,1039.9778634923991,520.4135785597156,9282.0,254.27727539853544,True
C:\Users\carmonta\Desktop\data-centric-cross-season-transfer\datasets\train_on_2025_all\images\frame_00052_jpg.rf.6dc6a580e1e89a24503f545f68e2e1e3.jpg,frame_00052_jpg.rf.6dc6a580e1e89a24503f545f68e2e1e3.jpg,1039.9778634923991,520.4135785597156,9282.0,254.27727539853544,True
C:\Users\carmonta\Desktop\data-centric-cross-season-transfer\datasets\train_on_2025_all\images\frame_00052_jpg.rf.7b61ff45edfd1dbec73961e6f1487d5c.jpg,frame_00052_jpg.rf.7b61ff45edfd1dbec73961e6f1487d5c.jpg,1149.3078252697599,636.3806344883877,6354.5,269.7042513279958,True
C:\Users\carmonta\Desktop\data-centric-cross-season-transfer\datasets\train_on_2025_all\images\frame_00052_jpg.rf.aa0266d30801faa2f6495168d599a15c.jpg,frame_00052_jpg.rf.aa0266d30801faa2f6495168d599a15c.jpg,899.3478087223533,651.9763415575907,3674.0,290.5518447318122,True
C:\Users\carmonta\Desktop\data-centric-cross-season-transfer\datasets\train_on_2025_all\images\frame_00052_jpg.rf.ca9a3a9b5cb5966fb162a28b97015f62.jpg,frame_00052_jpg.rf.ca9a3a9b5cb5966fb162a28b97015f62.jpg,899.3478087223533,651.9763415575907,3674.0,290.5518447318122,True
C:\Users\carmonta\Desktop\data-centric-cross-season-transfer\datasets\train_on_2025_all\images\frame_00052_jpg.rf.d6aff11d03cac34caa3d17ae7f0b8593.jpg,frame_00052_jpg.rf.d6aff11d03cac34caa3d17ae7f0b8593.jpg,1149.3078252697599,636.3806344883877,6354.5,269.7042513279958,True
C:\Users\carmonta\Desktop\data-centric-cross-season-transfer\datasets\train_on_2025_all\images\frame_00052_jpg.rf.de6d9bc3a82476c22bbce64a3930a770.jpg,frame_00052_jpg.rf.de6d9bc3a82476c22bbce64a3930a770.jpg,1149.3078252697599,636.3806344883877,6354.5,269.7042513279958,True
C:\Users\carmonta\Desktop\data-centric-cross-season-transfer\datasets\train_on_2025_all\images\frame_00053_jpg.rf.03de9cc4a9096cfbc225f32dc1180789.jpg,frame_00053_jpg.rf.03de9cc4a9096cfbc225f32dc1180789.jpg,1018.4604147900845,597.9811896634575,9744.75,275.27246021913066,True
C:\Users\carmonta\Desktop\data-centric-cross-season-transfer\datasets\train_on_2025_all\images\frame_00053_jpg.rf.10c22aecff77ca6db0694a12f0ed51a8.jpg,frame_00053_jpg.rf.10c22aecff77ca6db0694a12f0ed51a8.jpg,1018.4604147900845,597.9811896634575,9744.75,275.27246021913066,True
C:\Users\carmonta\Desktop\data-centric-cross-season-transfer\datasets\train_on_2025_all\images\frame_00053_jpg.rf.1ebf30dc2a250b10014e4eee8e2a45f1.jpg,frame_00053_jpg.rf.1ebf30dc2a250b10014e4eee8e2a45f1.jpg,874.2139200294496,706.4135076808082,11377.499999999998,293.2637534629454,True
C:\Users\carmonta\Desktop\data-centric-cross-season-transfer\datasets\train_on_2025_all\images\frame_00053_jpg.rf.2d32fb5c9ff4534d8e2631efd8354b7f.jpg,frame_00053_jpg.rf.2d32fb5c9ff4534d8e2631efd8354b7f.jpg,950.0464577698219,526.749655304542,5505.5,267.8751971106227,True
C:\Users\carmonta\Desktop\data-centric-cross-season-transfer\datasets\train_on_2025_all\images\frame_00053_jpg.rf.47f2412df957ac939d22ab7bb2de536e.jpg,frame_00053_jpg.rf.47f2412df957ac939d22ab7bb2de536e.jpg,1018.4604147900845,597.9811896634575,9744.75,275.27246021913066,True
C:\Users\carmonta\Desktop\data-centric-cross-season-transfer\datasets\train_on_2025_all\images\frame_00053_jpg.rf.5e7790c3dea7232c605d8c297aa0f221.jpg,frame_00053_jpg.rf.5e7790c3dea7232c605d8c297aa0f221.jpg,874.2139200294496,706.4135076808082,11377.499999999998,293.2637534629454,True
C:\Users\carmonta\Desktop\data-centric-cross-season-transfer\datasets\train_on_2025_all\images\frame_00053_jpg.rf.74a267d6a75dca3f9deb343203a0d163.jpg,frame_00053_jpg.rf.74a267d6a75dca3f9deb343203a0d163.jpg,826.1084164296733,646.6816495945576,8989.0,295.0962254890988,True
C:\Users\carmonta\Desktop\data-centric-cross-season-transfer\datasets\train_on_2025_all\images\frame_00053_jpg.rf.82a3aa316e039ba77d06053bb8c969d3.jpg,frame_00053_jpg.rf.82a3aa316e039ba77d06053bb8c969d3.jpg,826.1084164296733,646.6816495945576,8989.0,295.0962254890988,True
C:\Users\carmonta\Desktop\data-centric-cross-season-transfer\datasets\train_on_2025_all\images\frame_00053_jpg.rf.a9b14b05fb884321e1d19acb611ee9be.jpg,frame_00053_jpg.rf.a9b14b05fb884321e1d19acb611ee9be.jpg,874.2139200294496,706.4135076808082,11377.499999999998,293.2637534629454,True
C:\Users\carmonta\Desktop\data-centric-cross-season-transfer\datasets\train_on_2025_all\images\frame_00053_jpg.rf.ccd36e00f1cfa8a0c8cab82f896ccb62.jpg,frame_00053_jpg.rf.ccd36e00f1cfa8a0c8cab82f896ccb62.jpg,826.1084164296733,646.6816495945576,8989.0,295.0962254890988,True
C:\Users\carmonta\Desktop\data-centric-cross-season-transfer\datasets\train_on_2025_all\images\frame_00053_jpg.rf.d7874e257fcdec1dfe6e28a7cc479e65.jpg,frame_00053_jpg.rf.d7874e257fcdec1dfe6e28a7cc479e65.jpg,950.0464577698219,526.749655304542,5505.5,267.8751971106227,True
C:\Users\carmonta\Desktop\data-centric-cross-season-transfer\datasets\train_on_2025_all\images\frame_00053_jpg.rf.f74e59f4fb178e8c088ff2a667adf86a.jpg,frame_00053_jpg.rf.f74e59f4fb178e8c088ff2a667adf86a.jpg,950.0464577698219,526.749655304542,5505.5,267.8751971106227,True
C:\Users\carmonta\Desktop\data-centric-cross-season-transfer\datasets\train_on_2025_all\images\frame_00054_jpg.rf.48411bfcf22e8d65a85eebd853b6433a.jpg,frame_00054_jpg.rf.48411bfcf22e8d65a85eebd853b6433a.jpg,785.672382770418,786.7502561380652,5338.25,300.95295395336655,True
C:\Users\carmonta\Desktop\data-centric-cross-season-transfer\datasets\train_on_2025_all\images\frame_00054_jpg.rf.729a3e50498f0f8d42dad3d3aa179dbb.jpg,frame_00054_jpg.rf.729a3e50498f0f8d42dad3d3aa179dbb.jpg,983.4101965643364,489.23449858679794,5737.5,237.91613357975,True
C:\Users\carmonta\Desktop\data-centric-cross-season-transfer\datasets\train_on_2025_all\images\frame_00054_jpg.rf.969ed8beeffecebcd3b09f82f281cd68.jpg,frame_00054_jpg.rf.969ed8beeffecebcd3b09f82f281cd68.jpg,901.1983485969838,593.3994898890095,9030.0,281.22717038603423,True
C:\Users\carmonta\Desktop\data-centric-cross-season-transfer\datasets\train_on_2025_all\images\frame_00054_jpg.rf.9db3c1d64293a2cf858aa5cb04880e00.jpg,frame_00054_jpg.rf.9db3c1d64293a2cf858aa5cb04880e00.jpg,901.1983485969838,593.3994898890095,9030.0,281.22717038603423,True
C:\Users\carmonta\Desktop\data-centric-cross-season-transfer\datasets\train_on_2025_all\images\frame_00054_jpg.rf.bf9b4cd1fe322cb102f23eb9a665b97b.jpg,frame_00054_jpg.rf.bf9b4cd1fe322cb102f23eb9a665b97b.jpg,983.4101965643364,489.23449858679794,5737.5,237.91613357975,True
C:\Users\carmonta\Desktop\data-centric-cross-season-transfer\datasets\train_on_2025_all\images\frame_00054_jpg.rf.c2e177a6ff973395bcd1372b8fdb579c.jpg,frame_00054_jpg.rf.c2e177a6ff973395bcd1372b8fdb579c.jpg,901.1983485969838,593.3994898890095,9030.0,281.22717038603423,True
C:\Users\carmonta\Desktop\data-centric-cross-season-transfer\datasets\train_on_2025_all\images\frame_00054_jpg.rf.cf36a5f53c7ad15b7d097f880e047b08.jpg,frame_00054_jpg.rf.cf36a5f53c7ad15b7d097f880e047b08.jpg,785.672382770418,786.7502561380652,5338.25,300.95295395336655,True
C:\Users\carmonta\Desktop\data-centric-cross-season-transfer\datasets\train_on_2025_all\images\frame_00054_jpg.rf.deea6340e5df05cab442acbf6f170bb4.jpg,frame_00054_jpg.rf.deea6340e5df05cab442acbf6f170bb4.jpg,994.8529845280923,701.1778967115932,7182.5,284.0607954393438,True
C:\Users\carmonta\Desktop\data-centric-cross-season-transfer\datasets\train_on_2025_all\images\frame_00054_jpg.rf.f15593d2495c4a93c8204fd60e80a051.jpg,frame_00054_jpg.rf.f15593d2495c4a93c8204fd60e80a051.jpg,994.8529845280923,701.1778967115932,7182.5,284.0607954393438,True
C:\Users\carmonta\Desktop\data-centric-cross-season-transfer\datasets\train_on_2025_all\images\frame_00054_jpg.rf.f42679ee50b530d37c29aea222eb2f17.jpg,frame_00054_jpg.rf.f42679ee50b530d37c29aea222eb2f17.jpg,785.672382770418,786.7502561380652,5338.25,300.95295395336655,True
C:\Users\carmonta\Desktop\data-centric-cross-season-transfer\datasets\train_on_2025_all\images\frame_00054_jpg.rf.fb1001c54ecce03c91bffd8cca4417d3.jpg,frame_00054_jpg.rf.fb1001c54ecce03c91bffd8cca4417d3.jpg,994.8529845280923,701.1778967115932,7182.5,284.0607954393438,True
C:\Users\carmonta\Desktop\data-centric-cross-season-transfer\datasets\train_on_2025_all\images\frame_00055_jpg.rf.0aaa7c260073f3d725faa988f2316d1c.jpg,frame_00055_jpg.rf.0aaa7c260073f3d725faa988f2316d1c.jpg,975.4550010743627,542.3352225033944,10223.5,265.96448344848807,True
C:\Users\carmonta\Desktop\data-centric-cross-season-transfer\datasets\train_on_2025_all\images\frame_00055_jpg.rf.224790855ca0e94d42245bad0444e0a1.jpg,frame_00055_jpg.rf.224790855ca0e94d42245bad0444e0a1.jpg,1010.6773142459432,487.122122322523,8882.500000000002,244.2217071708465,True
C:\Users\carmonta\Desktop\data-centric-cross-season-transfer\datasets\train_on_2025_all\images\frame_00055_jpg.rf.38ad522e612a549eee92f556e6fc11a2.jpg,frame_00055_jpg.rf.38ad522e612a549eee92f556e6fc11a2.jpg,975.4550010743627,542.3352225033944,10223.5,265.96448344848807,True
C:\Users\carmonta\Desktop\data-centric-cross-season-transfer\datasets\train_on_2025_all\images\frame_00055_jpg.rf.6044d206d082be83084fd8aa05898326.jpg,frame_00055_jpg.rf.6044d206d082be83084fd8aa05898326.jpg,1010.6773142459432,487.122122322523,8882.500000000002,244.2217071708465,True
C:\Users\carmonta\Desktop\data-centric-cross-season-transfer\datasets\train_on_2025_all\images\frame_00055_jpg.rf.f6a334906211942ebf70f801f6ba26df.jpg,frame_00055_jpg.rf.f6a334906211942ebf70f801f6ba26df.jpg,1010.6773142459432,487.122122322523,8882.500000000002,244.2217071708465,True
C:\Users\carmonta\Desktop\data-centric-cross-season-transfer\datasets\train_on_2025_all\images\frame_00056_jpg.rf.2405d9624dec5abc4833148a2c95ae99.jpg,frame_00056_jpg.rf.2405d9624dec5abc4833148a2c95ae99.jpg,930.6717650428975,547.4417178633238,11068.5,268.98820525843485,True
C:\Users\carmonta\Desktop\data-centric-cross-season-transfer\datasets\train_on_2025_all\images\frame_00056_jpg.rf.7a26fd318d9907c56327585b04cf4787.jpg,frame_00056_jpg.rf.7a26fd318d9907c56327585b04cf4787.jpg,1057.465868991246,556.4245877875859,4850.25,258.9880392089114,True
C:\Users\carmonta\Desktop\data-centric-cross-season-transfer\datasets\train_on_2025_all\images\frame_00056_jpg.rf.9d67c805164c28564230889b72189ce0.jpg,frame_00056_jpg.rf.9d67c805164c28564230889b72189ce0.jpg,1057.465868991246,556.4245877875859,4850.25,258.9880392089114,True
C:\Users\carmonta\Desktop\data-centric-cross-season-transfer\datasets\train_on_2025_all\images\frame_00056_jpg.rf.aaa06e4e5ebf0b589b60549f4c0c97f0.jpg,frame_00056_jpg.rf.aaa06e4e5ebf0b589b60549f4c0c97f0.jpg,1057.465868991246,556.4245877875859,4850.25,258.9880392089114,True
C:\Users\carmonta\Desktop\data-centric-cross-season-transfer\datasets\train_on_2025_all\images\frame_00056_jpg.rf.bfde35abefc2c6cac9dc1006b37dab24.jpg,frame_00056_jpg.rf.bfde35abefc2c6cac9dc1006b37dab24.jpg,930.6717650428975,547.4417178633238,11068.5,268.98820525843485,True
C:\Users\carmonta\Desktop\data-centric-cross-season-transfer\datasets\train_on_2025_all\images\frame_00057_jpg.rf.08069eac9fded06aae0e0c1e6693da16.jpg,frame_00057_jpg.rf.08069eac9fded06aae0e0c1e6693da16.jpg,893.9559325180169,591.9627942839601,9818.5,279.2485819550536,True
C:\Users\carmonta\Desktop\data-centric-cross-season-transfer\datasets\train_on_2025_all\images\frame_00057_jpg.rf.23b926327323386637b51dd726ae2a33.jpg,frame_00057_jpg.rf.23b926327323386637b51dd726ae2a33.jpg,1000.7207875354666,584.1392867398198,4360.25,274.61953238934433,True
C:\Users\carmonta\Desktop\data-centric-cross-season-transfer\datasets\train_on_2025_all\images\frame_00057_jpg.rf.2cd8164f6ed087b9aaa601e19fbd6160.jpg,frame_00057_jpg.rf.2cd8164f6ed087b9aaa601e19fbd6160.jpg,893.9559325180169,591.9627942839601,9818.5,279.2485819550536,True
C:\Users\carmonta\Desktop\data-centric-cross-season-transfer\datasets\train_on_2025_all\images\frame_00057_jpg.rf.4cbd5cd02408130bc9331b731159ccc2.jpg,frame_00057_jpg.rf.4cbd5cd02408130bc9331b731159ccc2.jpg,892.0304558545272,589.8906349819024,9062.5,285.6976264234963,True
C:\Users\carmonta\Desktop\data-centric-cross-season-transfer\datasets\train_on_2025_all\images\frame_00057_jpg.rf.5ab1904d35b074c785b029ec86408484.jpg,frame_00057_jpg.rf.5ab1904d35b074c785b029ec86408484.jpg,1115.542355626055,587.6280119873431,7632.0,257.44334751861527,True
C:\Users\carmonta\Desktop\data-centric-cross-season-transfer\datasets\train_on_2025_all\images\frame_00057_jpg.rf.6f5135d858b1e9ac850f75079c705cb8.jpg,frame_00057_jpg.rf.6f5135d858b1e9ac850f75079c705cb8.jpg,1000.7207875354666,584.1392867398198,4360.25,274.61953238934433,True
C:\Users\carmonta\Desktop\data-centric-cross-season-transfer\datasets\train_on_2025_all\images\frame_00057_jpg.rf.86a55ea6a1e28b4e97bd5b49b76fb2e5.jpg,frame_00057_jpg.rf.86a55ea6a1e28b4e97bd5b49b76fb2e5.jpg,892.0304558545272,589.8906349819024,9062.5,285.6976264234963,True
C:\Users\carmonta\Desktop\data-centric-cross-season-transfer\datasets\train_on_2025_all\images\frame_00057_jpg.rf.9aeabafb11518acae27347d5f65343de.jpg,frame_00057_jpg.rf.9aeabafb11518acae27347d5f65343de.jpg,1115.542355626055,587.6280119873431,7632.0,257.44334751861527,True
C:\Users\carmonta\Desktop\data-centric-cross-season-transfer\datasets\train_on_2025_all\images\frame_00057_jpg.rf.a9ac5b5e8b144bfc1e2b8eda47380a3b.jpg,frame_00057_jpg.rf.a9ac5b5e8b144bfc1e2b8eda47380a3b.jpg,893.9559325180169,591.9627942839601,9818.5,279.2485819550536,True
C:\Users\carmonta\Desktop\data-centric-cross-season-transfer\datasets\train_on_2025_all\images\frame_00057_jpg.rf.c80a416d645276b7004cd010ed19e3da.jpg,frame_00057_jpg.rf.c80a416d645276b7004cd010ed19e3da.jpg,1115.542355626055,587.6280119873431,7632.0,257.44334751861527,True
C:\Users\carmonta\Desktop\data-centric-cross-season-transfer\datasets\train_on_2025_all\images\frame_00057_jpg.rf.cc1c2e027a91077df85893fbe8df9ff1.jpg,frame_00057_jpg.rf.cc1c2e027a91077df85893fbe8df9ff1.jpg,892.0304558545272,589.8906349819024,9062.5,285.6976264234963,True
C:\Users\carmonta\Desktop\data-centric-cross-season-transfer\datasets\train_on_2025_all\images\frame_00058_jpg.rf.0169f3fefa646c4f6ea7aa838e3e2d7b.jpg,frame_00058_jpg.rf.0169f3fefa646c4f6ea7aa838e3e2d7b.jpg,866.3215718485335,684.498471031268,12320.0,295.4354346836222,True
C:\Users\carmonta\Desktop\data-centric-cross-season-transfer\datasets\train_on_2025_all\images\frame_00058_jpg.rf.020bfcba74f3fb6cee1e0dcf0ce0073f.jpg,frame_00058_jpg.rf.020bfcba74f3fb6cee1e0dcf0ce0073f.jpg,1104.4788401756464,607.6354991128121,9054.5,263.90029147847537,True
C:\Users\carmonta\Desktop\data-centric-cross-season-transfer\datasets\train_on_2025_all\images\frame_00058_jpg.rf.04a8d30f87839b1f4021ac1f50946cce.jpg,frame_00058_jpg.rf.04a8d30f87839b1f4021ac1f50946cce.jpg,1104.4788401756464,607.6354991128121,9054.5,263.90029147847537,True
C:\Users\carmonta\Desktop\data-centric-cross-season-transfer\datasets\train_on_2025_all\images\frame_00058_jpg.rf.18bed995a54a4f5989cec940e5e2bbe9.jpg,frame_00058_jpg.rf.18bed995a54a4f5989cec940e5e2bbe9.jpg,866.3215718485335,684.498471031268,12320.0,295.4354346836222,True
C:\Users\carmonta\Desktop\data-centric-cross-season-transfer\datasets\train_on_2025_all\images\frame_00058_jpg.rf.1e183b2d76399b34775154aa2605973c.jpg,frame_00058_jpg.rf.1e183b2d76399b34775154aa2605973c.jpg,735.0245831757005,506.4616532017666,8228.75,289.136635483711,True
C:\Users\carmonta\Desktop\data-centric-cross-season-transfer\datasets\train_on_2025_all\images\frame_00058_jpg.rf.748d1c1905b928c5e1cbdab70fc34ac7.jpg,frame_00058_jpg.rf.748d1c1905b928c5e1cbdab70fc34ac7.jpg,785.3989918638949,610.1397455198178,8123.5,293.19994303483355,True
C:\Users\carmonta\Desktop\data-centric-cross-season-transfer\datasets\train_on_2025_all\images\frame_00058_jpg.rf.8e997188f6935be2cca367e385640906.jpg,frame_00058_jpg.rf.8e997188f6935be2cca367e385640906.jpg,785.3989918638949,610.1397455198178,8123.5,293.19994303483355,True
C:\Users\carmonta\Desktop\data-centric-cross-season-transfer\datasets\train_on_2025_all\images\frame_00058_jpg.rf.a36be9d092f90c4048a374a5504b2448.jpg,frame_00058_jpg.rf.a36be9d092f90c4048a374a5504b2448.jpg,866.3215718485335,684.498471031268,12320.0,295.4354346836222,True
C:\Users\carmonta\Desktop\data-centric-cross-season-transfer\datasets\train_on_2025_all\images\frame_00058_jpg.rf.a90a6c2c0eea84ad6c0df395ed10721e.jpg,frame_00058_jpg.rf.a90a6c2c0eea84ad6c0df395ed10721e.jpg,1104.4788401756464,607.6354991128121,9054.5,263.90029147847537,True
C:\Users\carmonta\Desktop\data-centric-cross-season-transfer\datasets\train_on_2025_all\images\frame_00058_jpg.rf.a96520aae212e3a9dfda0b814a211720.jpg,frame_00058_jpg.rf.a96520aae212e3a9dfda0b814a211720.jpg,785.3989918638949,610.1397455198178,8123.5,293.19994303483355,True
C:\Users\carmonta\Desktop\data-centric-cross-season-transfer\datasets\train_on_2025_all\images\frame_00058_jpg.rf.cf3ee9db438b69bd4e090f57ada788d1.jpg,frame_00058_jpg.rf.cf3ee9db438b69bd4e090f57ada788d1.jpg,735.0245831757005,506.4616532017666,8228.75,289.136635483711,True
C:\Users\carmonta\Desktop\data-centric-cross-season-transfer\datasets\train_on_2025_all\images\frame_00059_jpg.rf.08c182f794d3652625896bce1d20a8b8.jpg,frame_00059_jpg.rf.08c182f794d3652625896bce1d20a8b8.jpg,856.0438142679292,596.6307160989132,8099.0,287.3480927946756,True
C:\Users\carmonta\Desktop\data-centric-cross-season-transfer\datasets\train_on_2025_all\images\frame_00059_jpg.rf.12d8a42420d685ff67a5f848a7e959c8.jpg,frame_00059_jpg.rf.12d8a42420d685ff67a5f848a7e959c8.jpg,1059.5334296104531,562.4982778374233,4398.749999999999,261.6388453615368,True
C:\Users\carmonta\Desktop\data-centric-cross-season-transfer\datasets\train_on_2025_all\images\frame_00059_jpg.rf.331402a994e17271e3bd52aeb631d739.jpg,frame_00059_jpg.rf.331402a994e17271e3bd52aeb631d739.jpg,1059.5334296104531,562.4982778374233,4398.749999999999,261.6388453615368,True
C:\Users\carmonta\Desktop\data-centric-cross-season-transfer\datasets\train_on_2025_all\images\frame_00059_jpg.rf.90e49efdf27325b57cd50736a7a0f60a.jpg,frame_00059_jpg.rf.90e49efdf27325b57cd50736a7a0f60a.jpg,918.2754050326851,462.5951901607551,13250.0,248.109324475043,True
C:\Users\carmonta\Desktop\data-centric-cross-season-transfer\datasets\train_on_2025_all\images\frame_00059_jpg.rf.d7ac39dae0f138e00d9340f6e790366e.jpg,frame_00059_jpg.rf.d7ac39dae0f138e00d9340f6e790366e.jpg,856.0438142679292,596.6307160989132,8099.0,287.3480927946756,True
C:\Users\carmonta\Desktop\data-centric-cross-season-transfer\datasets\train_on_2025_all\images\frame_00059_jpg.rf.d9386965781c2a692c4a0ca2a33f57c5.jpg,frame_00059_jpg.rf.d9386965781c2a692c4a0ca2a33f57c5.jpg,856.0438142679292,596.6307160989132,8099.0,287.3480927946756,True
C:\Users\carmonta\Desktop\data-centric-cross-season-transfer\datasets\train_on_2025_all\images\frame_00059_jpg.rf.ed90ca6ef6f63634c17ae3fc7df713ab.jpg,frame_00059_jpg.rf.ed90ca6ef6f63634c17ae3fc7df713ab.jpg,918.2754050326851,462.5951901607551,13250.0,248.109324475043,True
C:\Users\carmonta\Desktop\data-centric-cross-season-transfer\datasets\train_on_2025_all\images\frame_00059_jpg.rf.f28f815e196c1cd0a091aa7bad41ad16.jpg,frame_00059_jpg.rf.f28f815e196c1cd0a091aa7bad41ad16.jpg,1059.5334296104531,562.4982778374233,4398.749999999999,261.6388453615368,True
C:\Users\carmonta\Desktop\data-centric-cross-season-transfer\datasets\train_on_2025_all\images\frame_00060_jpg.rf.24b833f3257b3d1f3c968c80e3b1efed.jpg,frame_00060_jpg.rf.24b833f3257b3d1f3c968c80e3b1efed.jpg,711.9455371554537,445.15746475906866,11776.0,282.91975657591377,True
C:\Users\carmonta\Desktop\data-centric-cross-season-transfer\datasets\train_on_2025_all\images\frame_00060_jpg.rf.372208ded4dcb711b3480a950663d0dc.jpg,frame_00060_jpg.rf.372208ded4dcb711b3480a950663d0dc.jpg,1036.2189405898869,567.6670360739782,8730.0,265.4461984532419,True
C:\Users\carmonta\Desktop\data-centric-cross-season-transfer\datasets\train_on_2025_all\images\frame_00060_jpg.rf.7cd04008e417668ceefa2ea8e35c7a56.jpg,frame_00060_jpg.rf.7cd04008e417668ceefa2ea8e35c7a56.jpg,1036.2189405898869,567.6670360739782,8730.0,265.4461984532419,True
C:\Users\carmonta\Desktop\data-centric-cross-season-transfer\datasets\train_on_2025_all\images\frame_00060_jpg.rf.7dbea52178dd259f40e3a87819095a4a.jpg,frame_00060_jpg.rf.7dbea52178dd259f40e3a87819095a4a.jpg,1036.2189405898869,567.6670360739782,8730.0,265.4461984532419,True
C:\Users\carmonta\Desktop\data-centric-cross-season-transfer\datasets\train_on_2025_all\images\frame_00060_jpg.rf.9b4fb6783022ba1eb6092e21fa446b94.jpg,frame_00060_jpg.rf.9b4fb6783022ba1eb6092e21fa446b94.jpg,999.490730033637,499.70699000999616,8351.25,236.9027433131707,True
C:\Users\carmonta\Desktop\data-centric-cross-season-transfer\datasets\train_on_2025_all\images\frame_00060_jpg.rf.a07d74d619137933d26222ecaef9743e.jpg,frame_00060_jpg.rf.a07d74d619137933d26222ecaef9743e.jpg,711.9455371554537,445.15746475906866,11776.0,282.91975657591377,True
C:\Users\carmonta\Desktop\data-centric-cross-season-transfer\datasets\train_on_2025_all\images\frame_00060_jpg.rf.a09ca859ee17e87b1d8d4b87e3e1545f.jpg,frame_00060_jpg.rf.a09ca859ee17e87b1d8d4b87e3e1545f.jpg,999.490730033637,499.70699000999616,8351.25,236.9027433131707,True
C:\Users\carmonta\Desktop\data-centric-cross-season-transfer\datasets\train_on_2025_all\images\frame_00060_jpg.rf.a91ec4db5757544e0960e57b52e822bf.jpg,frame_00060_jpg.rf.a91ec4db5757544e0960e57b52e822bf.jpg,999.490730033637,499.70699000999616,8351.25,236.9027433131707,True
C:\Users\carmonta\Desktop\data-centric-cross-season-transfer\datasets\train_on_2025_all\images\frame_00060_jpg.rf.fb208306168d0801a10b0ac69cd66ca1.jpg,frame_00060_jpg.rf.fb208306168d0801a10b0ac69cd66ca1.jpg,711.9455371554537,445.15746475906866,11776.0,282.91975657591377,True
C:\Users\carmonta\Desktop\data-centric-cross-season-transfer\datasets\train_on_2025_all\images\frame_00061_jpg.rf.0dd3baefb60033a42637a8b41928ff8c.jpg,frame_00061_jpg.rf.0dd3baefb60033a42637a8b41928ff8c.jpg,1038.098168899208,651.0811231347647,5791.500000000001,277.9068405334569,True
C:\Users\carmonta\Desktop\data-centric-cross-season-transfer\datasets\train_on_2025_all\images\frame_00061_jpg.rf.6fefeb7aacd85d9eda88be1b304eaf46.jpg,frame_00061_jpg.rf.6fefeb7aacd85d9eda88be1b304eaf46.jpg,1038.098168899208,651.0811231347647,5791.500000000001,277.9068405334569,True
C:\Users\carmonta\Desktop\data-centric-cross-season-transfer\datasets\train_on_2025_all\images\frame_00061_jpg.rf.78791ebade3bd58f38237fef2466f03b.jpg,frame_00061_jpg.rf.78791ebade3bd58f38237fef2466f03b.jpg,1038.098168899208,651.0811231347647,5791.500000000001,277.9068405334569,True
C:\Users\carmonta\Desktop\data-centric-cross-season-transfer\datasets\train_on_2025_all\images\frame_00062_jpg.rf.91b5a526ed44f92c3ce983b3b60527c7.jpg,frame_00062_jpg.rf.91b5a526ed44f92c3ce983b3b60527c7.jpg,996.2673737287051,726.9045591755563,7294.25,287.81443765037795,True
C:\Users\carmonta\Desktop\data-centric-cross-season-transfer\datasets\train_on_2025_all\images\frame_00062_jpg.rf.c9f6863db5c339a8e055e46bdaf6e45e.jpg,frame_00062_jpg.rf.c9f6863db5c339a8e055e46bdaf6e45e.jpg,996.2673737287051,726.9045591755563,7294.25,287.81443765037795,True
C:\Users\carmonta\Desktop\data-centric-cross-season-transfer\datasets\train_on_2025_all\images\frame_00062_jpg.rf.cda7b45cf81d89d26a129f2c42870472.jpg,frame_00062_jpg.rf.cda7b45cf81d89d26a129f2c42870472.jpg,980.9179904515594,588.0140492599343,4480.5,277.7382357839005,True
C:\Users\carmonta\Desktop\data-centric-cross-season-transfer\datasets\train_on_2025_all\images\frame_00062_jpg.rf.e0c98974971e8165f44c33adb3558fe0.jpg,frame_00062_jpg.rf.e0c98974971e8165f44c33adb3558fe0.jpg,980.9179904515594,588.0140492599343,4480.5,277.7382357839005,True
C:\Users\carmonta\Desktop\data-centric-cross-season-transfer\datasets\train_on_2025_all\images\frame_00062_jpg.rf.edb5b169662cbdf04068e27e9392f83a.jpg,frame_00062_jpg.rf.edb5b169662cbdf04068e27e9392f83a.jpg,980.9179904515594,588.0140492599343,4480.5,277.7382357839005,True
C:\Users\carmonta\Desktop\data-centric-cross-season-transfer\datasets\train_on_2025_all\images\frame_00063_jpg.rf.0d4beb04df06aaedf7aacdaffee784be.jpg,frame_00063_jpg.rf.0d4beb04df06aaedf7aacdaffee784be.jpg,1000.4420981739578,627.9104007356773,5824.0,276.45931266944314,True
C:\Users\carmonta\Desktop\data-centric-cross-season-transfer\datasets\train_on_2025_all\images\frame_00063_jpg.rf.366097e88b3271b65651a791386f122d.jpg,frame_00063_jpg.rf.366097e88b3271b65651a791386f122d.jpg,1000.4420981739578,627.9104007356773,5824.0,276.45931266944314,True
C:\Users\carmonta\Desktop\data-centric-cross-season-transfer\datasets\train_on_2025_all\images\frame_00063_jpg.rf.394adbb257efd2d9e90e54aeebd6724b.jpg,frame_00063_jpg.rf.394adbb257efd2d9e90e54aeebd6724b.jpg,819.522745541064,637.0715687780742,7270.5,288.5859289236438,True
C:\Users\carmonta\Desktop\data-centric-cross-season-transfer\datasets\train_on_2025_all\images\frame_00063_jpg.rf.4d8a9e0d577254ecd869044adbc435d8.jpg,frame_00063_jpg.rf.4d8a9e0d577254ecd869044adbc435d8.jpg,982.7253957744033,654.0363850982231,5969.000000000001,281.8009741020535,True
C:\Users\carmonta\Desktop\data-centric-cross-season-transfer\datasets\train_on_2025_all\images\frame_00063_jpg.rf.60959ef35990a833b741320061683bc5.jpg,frame_00063_jpg.rf.60959ef35990a833b741320061683bc5.jpg,1080.3576644456564,504.4555419076119,6966.0,230.01885448722098,True
C:\Users\carmonta\Desktop\data-centric-cross-season-transfer\datasets\train_on_2025_all\images\frame_00063_jpg.rf.c1170fc4c9338149513e44e7f78ebc37.jpg,frame_00063_jpg.rf.c1170fc4c9338149513e44e7f78ebc37.jpg,819.522745541064,637.0715687780742,7270.5,288.5859289236438,True
C:\Users\carmonta\Desktop\data-centric-cross-season-transfer\datasets\train_on_2025_all\images\frame_00063_jpg.rf.c9f20081e6801f7245d34d7d32f1f26a.jpg,frame_00063_jpg.rf.c9f20081e6801f7245d34d7d32f1f26a.jpg,819.522745541064,637.0715687780742,7270.5,288.5859289236438,True
C:\Users\carmonta\Desktop\data-centric-cross-season-transfer\datasets\train_on_2025_all\images\frame_00063_jpg.rf.cefb80b38406708654e8e96f2ba03917.jpg,frame_00063_jpg.rf.cefb80b38406708654e8e96f2ba03917.jpg,982.7253957744033,654.0363850982231,5969.000000000001,281.8009741020535,True
C:\Users\carmonta\Desktop\data-centric-cross-season-transfer\datasets\train_on_2025_all\images\frame_00063_jpg.rf.d8ec640f728839c3a5273bd262498b22.jpg,frame_00063_jpg.rf.d8ec640f728839c3a5273bd262498b22.jpg,982.7253957744033,654.0363850982231,5969.000000000001,281.8009741020535,True
C:\Users\carmonta\Desktop\data-centric-cross-season-transfer\datasets\train_on_2025_all\images\frame_00063_jpg.rf.f3d9fc129aa922a9ba5016f6c3a8dc98.jpg,frame_00063_jpg.rf.f3d9fc129aa922a9ba5016f6c3a8dc98.jpg,1080.3576644456564,504.4555419076119,6966.0,230.01885448722098,True
C:\Users\carmonta\Desktop\data-centric-cross-season-transfer\datasets\train_on_2025_all\images\frame_00064_jpg.rf.0d700a940b6900e77086213be4e53d85.jpg,frame_00064_jpg.rf.0d700a940b6900e77086213be4e53d85.jpg,1000.6943346902495,557.9734522135981,7140.0,267.08068087756277,True
C:\Users\carmonta\Desktop\data-centric-cross-season-transfer\datasets\train_on_2025_all\images\frame_00064_jpg.rf.16d3af305ffc1b51ececbe2f6374c1fa.jpg,frame_00064_jpg.rf.16d3af305ffc1b51ececbe2f6374c1fa.jpg,846.678200781415,495.30246262798664,9033.5,267.632508737797,True
C:\Users\carmonta\Desktop\data-centric-cross-season-transfer\datasets\train_on_2025_all\images\frame_00064_jpg.rf.18c9be872a3504e86cbbcacf814225c4.jpg,frame_00064_jpg.rf.18c9be872a3504e86cbbcacf814225c4.jpg,930.1523287032747,470.69357127527326,8313.0,256.8526490895041,True
C:\Users\carmonta\Desktop\data-centric-cross-season-transfer\datasets\train_on_2025_all\images\frame_00064_jpg.rf.203300fd3576ed47bd2efa081e6a8ea9.jpg,frame_00064_jpg.rf.203300fd3576ed47bd2efa081e6a8ea9.jpg,783.8946724923528,459.14449392586414,7843.5,278.1444876913275,True
C:\Users\carmonta\Desktop\data-centric-cross-season-transfer\datasets\train_on_2025_all\images\frame_00064_jpg.rf.26ba4167c11902ffe82261a40c043028.jpg,frame_00064_jpg.rf.26ba4167c11902ffe82261a40c043028.jpg,846.1601838685655,408.18185957685625,7920.0,258.0309747791691,True
C:\Users\carmonta\Desktop\data-centric-cross-season-transfer\datasets\train_on_2025_all\images\frame_00064_jpg.rf.4a7a961a3c909c0c4d6d43931e4eeb36.jpg,frame_00064_jpg.rf.4a7a961a3c909c0c4d6d43931e4eeb36.jpg,1013.6892328463257,544.5168527022075,7279.5,260.3266832743137,True
C:\Users\carmonta\Desktop\data-centric-cross-season-transfer\datasets\train_on_2025_all\images\frame_00064_jpg.rf.6a2218bf8a836e3690d8be0b502cdd19.jpg,frame_00064_jpg.rf.6a2218bf8a836e3690d8be0b502cdd19.jpg,930.1523287032747,470.69357127527326,8313.0,256.8526490895041,True
C:\Users\carmonta\Desktop\data-centric-cross-season-transfer\datasets\train_on_2025_all\images\frame_00064_jpg.rf.86f485686e88047b564497ab911c37e7.jpg,frame_00064_jpg.rf.86f485686e88047b564497ab911c37e7.jpg,930.1523287032747,470.69357127527326,8313.0,256.8526490895041,True
C:\Users\carmonta\Desktop\data-centric-cross-season-transfer\datasets\train_on_2025_all\images\frame_00064_jpg.rf.a159c0390ad9141dea9774b20c8dd680.jpg,frame_00064_jpg.rf.a159c0390ad9141dea9774b20c8dd680.jpg,1000.6943346902495,557.9734522135981,7140.0,267.08068087756277,True
C:\Users\carmonta\Desktop\data-centric-cross-season-transfer\datasets\train_on_2025_all\images\frame_00064_jpg.rf.a20a0990d013ffea8951be4c61b55ded.jpg,frame_00064_jpg.rf.a20a0990d013ffea8951be4c61b55ded.jpg,783.8946724923528,459.14449392586414,7843.5,278.1444876913275,True
C:\Users\carmonta\Desktop\data-centric-cross-season-transfer\datasets\train_on_2025_all\images\frame_00064_jpg.rf.acf7efe61166538d26cdbe6a3f505e67.jpg,frame_00064_jpg.rf.acf7efe61166538d26cdbe6a3f505e67.jpg,846.678200781415,495.30246262798664,9033.5,267.632508737797,True
C:\Users\carmonta\Desktop\data-centric-cross-season-transfer\datasets\train_on_2025_all\images\frame_00064_jpg.rf.b479cbdc7805e86b20ba19c85dc02c95.jpg,frame_00064_jpg.rf.b479cbdc7805e86b20ba19c85dc02c95.jpg,1000.6943346902495,557.9734522135981,7140.0,267.08068087756277,True
C:\Users\carmonta\Desktop\data-centric-cross-season-transfer\datasets\train_on_2025_all\images\frame_00064_jpg.rf.f69e394c2a71c164ddeb407e6b45a743.jpg,frame_00064_jpg.rf.f69e394c2a71c164ddeb407e6b45a743.jpg,1013.6892328463257,544.5168527022075,7279.5,260.3266832743137,True
C:\Users\carmonta\Desktop\data-centric-cross-season-transfer\datasets\train_on_2025_all\images\frame_00065_jpg.rf.111a765e54570e95e403211dbac659cc.jpg,frame_00065_jpg.rf.111a765e54570e95e403211dbac659cc.jpg,995.1487947187742,512.344845323801,5582.5,258.4105423999798,True
C:\Users\carmonta\Desktop\data-centric-cross-season-transfer\datasets\train_on_2025_all\images\frame_00065_jpg.rf.1bcba97278e180cd62a88ef2a1d438fd.jpg,frame_00065_jpg.rf.1bcba97278e180cd62a88ef2a1d438fd.jpg,883.4526749856929,734.2737673215379,8470.000000000002,293.4260968149122,True
C:\Users\carmonta\Desktop\data-centric-cross-season-transfer\datasets\train_on_2025_all\images\frame_00065_jpg.rf.202f5a0737ed5198f70fe96c914ac673.jpg,frame_00065_jpg.rf.202f5a0737ed5198f70fe96c914ac673.jpg,995.1487947187742,512.344845323801,5582.5,258.4105423999798,True
C:\Users\carmonta\Desktop\data-centric-cross-season-transfer\datasets\train_on_2025_all\images\frame_00065_jpg.rf.2fecb18c022aacb567fe8a347423d75c.jpg,frame_00065_jpg.rf.2fecb18c022aacb567fe8a347423d75c.jpg,883.4526749856929,734.2737673215379,8470.000000000002,293.4260968149122,True
C:\Users\carmonta\Desktop\data-centric-cross-season-transfer\datasets\train_on_2025_all\images\frame_00065_jpg.rf.3c546e89ee4190e4888ec0cbbe3dba14.jpg,frame_00065_jpg.rf.3c546e89ee4190e4888ec0cbbe3dba14.jpg,995.1487947187742,512.344845323801,5582.5,258.4105423999798,True
C:\Users\carmonta\Desktop\data-centric-cross-season-transfer\datasets\train_on_2025_all\images\frame_00065_jpg.rf.8700323a2a9e9d964ec04d68f9d5e8b6.jpg,frame_00065_jpg.rf.8700323a2a9e9d964ec04d68f9d5e8b6.jpg,907.2250623086312,643.7674071283597,8894.25,290.0047774962395,True
C:\Users\carmonta\Desktop\data-centric-cross-season-transfer\datasets\train_on_2025_all\images\frame_00065_jpg.rf.887a8341a26f4a53e6785537d08e9941.jpg,frame_00065_jpg.rf.887a8341a26f4a53e6785537d08e9941.jpg,887.9602427273528,443.1516409795078,4551.0,260.516919710626,True
C:\Users\carmonta\Desktop\data-centric-cross-season-transfer\datasets\train_on_2025_all\images\frame_00065_jpg.rf.99083a68d4c43a665065efe457626ac6.jpg,frame_00065_jpg.rf.99083a68d4c43a665065efe457626ac6.jpg,887.9602427273528,443.1516409795078,4551.0,260.516919710626,True
C:\Users\carmonta\Desktop\data-centric-cross-season-transfer\datasets\train_on_2025_all\images\frame_00065_jpg.rf.ad2df89dd180dbf0babe19215a112e7b.jpg,frame_00065_jpg.rf.ad2df89dd180dbf0babe19215a112e7b.jpg,887.9602427273528,443.1516409795078,4551.0,260.516919710626,True
C:\Users\carmonta\Desktop\data-centric-cross-season-transfer\datasets\train_on_2025_all\images\frame_00065_jpg.rf.b59dfd973073deaab029a828c64fb498.jpg,frame_00065_jpg.rf.b59dfd973073deaab029a828c64fb498.jpg,907.2250623086312,643.7674071283597,8894.25,290.0047774962395,True
C:\Users\carmonta\Desktop\data-centric-cross-season-transfer\datasets\train_on_2025_all\images\frame_00066_jpg.rf.09abec941dd0caa4c524fd2f2416dc0f.jpg,frame_00066_jpg.rf.09abec941dd0caa4c524fd2f2416dc0f.jpg,850.6615459132869,501.84190814563357,9788.75,273.14280579159407,True
C:\Users\carmonta\Desktop\data-centric-cross-season-transfer\datasets\train_on_2025_all\images\frame_00066_jpg.rf.125d68956325a8d5688dde2a00cc69a7.jpg,frame_00066_jpg.rf.125d68956325a8d5688dde2a00cc69a7.jpg,1091.9028341531819,586.85699854968,10438.0,257.8013097015348,True
C:\Users\carmonta\Desktop\data-centric-cross-season-transfer\datasets\train_on_2025_all\images\frame_00066_jpg.rf.3b2ed18bf8002a2acd4119c7f4144ce7.jpg,frame_00066_jpg.rf.3b2ed18bf8002a2acd4119c7f4144ce7.jpg,785.0822274153816,550.7840170019444,11591.5,286.82233957977286,True
C:\Users\carmonta\Desktop\data-centric-cross-season-transfer\datasets\train_on_2025_all\images\frame_00066_jpg.rf.3d0078a00032a7a35a65062bf392afac.jpg,frame_00066_jpg.rf.3d0078a00032a7a35a65062bf392afac.jpg,785.0822274153816,550.7840170019444,11591.5,286.82233957977286,True
C:\Users\carmonta\Desktop\data-centric-cross-season-transfer\datasets\train_on_2025_all\images\frame_00066_jpg.rf.4da7e289467ccb7b657348e6a1d82dad.jpg,frame_00066_jpg.rf.4da7e289467ccb7b657348e6a1d82dad.jpg,850.6615459132869,501.84190814563357,9788.75,273.14280579159407,True
C:\Users\carmonta\Desktop\data-centric-cross-season-transfer\datasets\train_on_2025_all\images\frame_00066_jpg.rf.5486a3b1401cac03636500a0223be999.jpg,frame_00066_jpg.rf.5486a3b1401cac03636500a0223be999.jpg,1091.9028341531819,586.85699854968,10438.0,257.8013097015348,True
C:\Users\carmonta\Desktop\data-centric-cross-season-transfer\datasets\train_on_2025_all\images\frame_00066_jpg.rf.5fadc93acab59192c9756ab03096d6bd.jpg,frame_00066_jpg.rf.5fadc93acab59192c9756ab03096d6bd.jpg,785.0822274153816,550.7840170019444,11591.5,286.82233957977286,True
C:\Users\carmonta\Desktop\data-centric-cross-season-transfer\datasets\train_on_2025_all\images\frame_00066_jpg.rf.614efc16a5637063a474e0c46fdafe6e.jpg,frame_00066_jpg.rf.614efc16a5637063a474e0c46fdafe6e.jpg,867.2856103657815,596.8852215575728,6832.75,286.2055168842705,True
C:\Users\carmonta\Desktop\data-centric-cross-season-transfer\datasets\train_on_2025_all\images\frame_00066_jpg.rf.8bde41af216c30aec21fd4b66475b86f.jpg,frame_00066_jpg.rf.8bde41af216c30aec21fd4b66475b86f.jpg,867.2856103657815,596.8852215575728,6832.75,286.2055168842705,True
C:\Users\carmonta\Desktop\data-centric-cross-season-transfer\datasets\train_on_2025_all\images\frame_00066_jpg.rf.98e2674dc8653490a16dea24809c7b36.jpg,frame_00066_jpg.rf.98e2674dc8653490a16dea24809c7b36.jpg,1091.9028341531819,586.85699854968,10438.0,257.8013097015348,True
C:\Users\carmonta\Desktop\data-centric-cross-season-transfer\datasets\train_on_2025_all\images\frame_00066_jpg.rf.b1e1879330176dd01704e5050d2fa473.jpg,frame_00066_jpg.rf.b1e1879330176dd01704e5050d2fa473.jpg,867.2856103657815,596.8852215575728,6832.75,286.2055168842705,True
C:\Users\carmonta\Desktop\data-centric-cross-season-transfer\datasets\train_on_2025_all\images\frame_00066_jpg.rf.decdb418c3d75c21af81ce42b7118e38.jpg,frame_00066_jpg.rf.decdb418c3d75c21af81ce42b7118e38.jpg,908.2034205471489,710.4333141137334,8961.0,290.2758555447331,True
C:\Users\carmonta\Desktop\data-centric-cross-season-transfer\datasets\train_on_2025_all\images\frame_00066_jpg.rf.f0bfec309ee70e80231740077bc44974.jpg,frame_00066_jpg.rf.f0bfec309ee70e80231740077bc44974.jpg,908.2034205471489,710.4333141137334,8961.0,290.2758555447331,True
C:\Users\carmonta\Desktop\data-centric-cross-season-transfer\datasets\train_on_2025_all\images\frame_00067_jpg.rf.0bda41b47fa60b550a6f2ebc64bd73ce.jpg,frame_00067_jpg.rf.0bda41b47fa60b550a6f2ebc64bd73ce.jpg,817.1035570886493,757.4109545819401,11937.0,300.2044475432574,True
C:\Users\carmonta\Desktop\data-centric-cross-season-transfer\datasets\train_on_2025_all\images\frame_00067_jpg.rf.0cb0290ec731d4050f187d074cd3b57e.jpg,frame_00067_jpg.rf.0cb0290ec731d4050f187d074cd3b57e.jpg,896.4087095366573,455.0033447623508,11129.250000000002,251.14080894493773,True
C:\Users\carmonta\Desktop\data-centric-cross-season-transfer\datasets\train_on_2025_all\images\frame_00067_jpg.rf.628c0b6dd5c04f5e207bb0416fa3ac01.jpg,frame_00067_jpg.rf.628c0b6dd5c04f5e207bb0416fa3ac01.jpg,896.4087095366573,455.0033447623508,11129.250000000002,251.14080894493773,True
C:\Users\carmonta\Desktop\data-centric-cross-season-transfer\datasets\train_on_2025_all\images\frame_00067_jpg.rf.6a6f462df834b8f2289e313f7a046a55.jpg,frame_00067_jpg.rf.6a6f462df834b8f2289e313f7a046a55.jpg,789.2147148982199,594.887924989791,7828.25,289.97391291317956,True
C:\Users\carmonta\Desktop\data-centric-cross-season-transfer\datasets\train_on_2025_all\images\frame_00067_jpg.rf.95f97b9cc1628596d78f780f0ac49896.jpg,frame_00067_jpg.rf.95f97b9cc1628596d78f780f0ac49896.jpg,789.2147148982199,594.887924989791,7828.25,289.97391291317956,True
C:\Users\carmonta\Desktop\data-centric-cross-season-transfer\datasets\train_on_2025_all\images\frame_00067_jpg.rf.9fd02056dfab28b8ca54fec4273c15a8.jpg,frame_00067_jpg.rf.9fd02056dfab28b8ca54fec4273c15a8.jpg,817.1035570886493,757.4109545819401,11937.0,300.2044475432574,True
C:\Users\carmonta\Desktop\data-centric-cross-season-transfer\datasets\train_on_2025_all\images\frame_00067_jpg.rf.a5262db5d710626fe6f6fb4a3a33e3ca.jpg,frame_00067_jpg.rf.a5262db5d710626fe6f6fb4a3a33e3ca.jpg,1059.8189051283825,575.711013540524,13562.5,264.5617459919704,True
C:\Users\carmonta\Desktop\data-centric-cross-season-transfer\datasets\train_on_2025_all\images\frame_00067_jpg.rf.c71d55d978ff1f30b7d831b1229a6b43.jpg,frame_00067_jpg.rf.c71d55d978ff1f30b7d831b1229a6b43.jpg,789.2147148982199,594.887924989791,7828.25,289.97391291317956,True
C:\Users\carmonta\Desktop\data-centric-cross-season-transfer\datasets\train_on_2025_all\images\frame_00067_jpg.rf.c77cc2c61eb3cc10e4176b67742d8782.jpg,frame_00067_jpg.rf.c77cc2c61eb3cc10e4176b67742d8782.jpg,896.4087095366573,455.0033447623508,11129.250000000002,251.14080894493773,True
C:\Users\carmonta\Desktop\data-centric-cross-season-transfer\datasets\train_on_2025_all\images\frame_00067_jpg.rf.f926886bccae32320fbde4c0e66a5f25.jpg,frame_00067_jpg.rf.f926886bccae32320fbde4c0e66a5f25.jpg,817.1035570886493,757.4109545819401,11937.0,300.2044475432574,True
C:\Users\carmonta\Desktop\data-centric-cross-season-transfer\datasets\train_on_2025_all\images\frame_00068_jpg.rf.7c29fa7ba7d3467035279559ef29e634.jpg,frame_00068_jpg.rf.7c29fa7ba7d3467035279559ef29e634.jpg,947.0838100632124,501.8999131102095,6734.0,266.71528660631225,True
C:\Users\carmonta\Desktop\data-centric-cross-season-transfer\datasets\train_on_2025_all\images\frame_00068_jpg.rf.a67bab7791e286797ba38ec753e2c5a3.jpg,frame_00068_jpg.rf.a67bab7791e286797ba38ec753e2c5a3.jpg,947.0838100632124,501.8999131102095,6734.0,266.71528660631225,True
C:\Users\carmonta\Desktop\data-centric-cross-season-transfer\datasets\train_on_2025_all\images\frame_00068_jpg.rf.a8e02fd6da672c79207a6604cec3775c.jpg,frame_00068_jpg.rf.a8e02fd6da672c79207a6604cec3775c.jpg,1038.5137524585086,558.6017518044099,14960.0,261.6142032445707,True
C:\Users\carmonta\Desktop\data-centric-cross-season-transfer\datasets\train_on_2025_all\images\frame_00068_jpg.rf.b13f1309326e3be0896e5eae8c19cd0e.jpg,frame_00068_jpg.rf.b13f1309326e3be0896e5eae8c19cd0e.jpg,947.0838100632124,501.8999131102095,6734.0,266.71528660631225,True
C:\Users\carmonta\Desktop\data-centric-cross-season-transfer\datasets\train_on_2025_all\images\frame_00068_jpg.rf.da2b8315c66f71f8c1b62d65d0195648.jpg,frame_00068_jpg.rf.da2b8315c66f71f8c1b62d65d0195648.jpg,1038.5137524585086,558.6017518044099,14960.0,261.6142032445707,True
C:\Users\carmonta\Desktop\data-centric-cross-season-transfer\datasets\train_on_2025_all\images\frame_00069_jpg.rf.02f0cb1ba38f161301b829aa996b503a.jpg,frame_00069_jpg.rf.02f0cb1ba38f161301b829aa996b503a.jpg,1016.591162808082,538.8614378897787,15890.0,258.5280380906049,True
C:\Users\carmonta\Desktop\data-centric-cross-season-transfer\datasets\train_on_2025_all\images\frame_00069_jpg.rf.0a7d2fbc344024e4606e97753fe21264.jpg,frame_00069_jpg.rf.0a7d2fbc344024e4606e97753fe21264.jpg,1086.9789782487505,542.9436696928208,7012.5,259.0080454322307,True
C:\Users\carmonta\Desktop\data-centric-cross-season-transfer\datasets\train_on_2025_all\images\frame_00069_jpg.rf.25903dade13f6786a961b879e9e00099.jpg,frame_00069_jpg.rf.25903dade13f6786a961b879e9e00099.jpg,1086.9789782487505,542.9436696928208,7012.5,259.0080454322307,True
C:\Users\carmonta\Desktop\data-centric-cross-season-transfer\datasets\train_on_2025_all\images\frame_00069_jpg.rf.5c19e671d57e808a75859b2a65e61b4e.jpg,frame_00069_jpg.rf.5c19e671d57e808a75859b2a65e61b4e.jpg,831.9621517509944,496.6951065123456,8695.0,274.8287891541788,True
C:\Users\carmonta\Desktop\data-centric-cross-season-transfer\datasets\train_on_2025_all\images\frame_00069_jpg.rf.6dcacf50b049b0c3eab8e1c6a11e718e.jpg,frame_00069_jpg.rf.6dcacf50b049b0c3eab8e1c6a11e718e.jpg,831.9621517509944,496.6951065123456,8695.0,274.8287891541788,True
C:\Users\carmonta\Desktop\data-centric-cross-season-transfer\datasets\train_on_2025_all\images\frame_00069_jpg.rf.6e6a3210ae6fc4824c5c88d82ac4383b.jpg,frame_00069_jpg.rf.6e6a3210ae6fc4824c5c88d82ac4383b.jpg,831.9621517509944,496.6951065123456,8695.0,274.8287891541788,True
C:\Users\carmonta\Desktop\data-centric-cross-season-transfer\datasets\train_on_2025_all\images\frame_00069_jpg.rf.7a062688ebdb7aafae7c004d1d99b92f.jpg,frame_00069_jpg.rf.7a062688ebdb7aafae7c004d1d99b92f.jpg,1016.591162808082,538.8614378897787,15890.0,258.5280380906049,True
C:\Users\carmonta\Desktop\data-centric-cross-season-transfer\datasets\train_on_2025_all\images\frame_00070_jpg.rf.1055c0bb42696c104aca0cc0188701a5.jpg,frame_00070_jpg.rf.1055c0bb42696c104aca0cc0188701a5.jpg,939.8292394999652,681.1682191468395,6660.0,285.5968704193432,True
C:\Users\carmonta\Desktop\data-centric-cross-season-transfer\datasets\train_on_2025_all\images\frame_00070_jpg.rf.26075beb24dc5f8bd482d787a3f3648f.jpg,frame_00070_jpg.rf.26075beb24dc5f8bd482d787a3f3648f.jpg,1126.299274090259,540.6007072849336,8140.000000000001,226.77025501339253,True
C:\Users\carmonta\Desktop\data-centric-cross-season-transfer\datasets\train_on_2025_all\images\frame_00070_jpg.rf.294ce74478c2894004633cb722f9002c.jpg,frame_00070_jpg.rf.294ce74478c2894004633cb722f9002c.jpg,1035.8983076473503,558.7590237478278,5768.0,268.0462949204561,True
C:\Users\carmonta\Desktop\data-centric-cross-season-transfer\datasets\train_on_2025_all\images\frame_00070_jpg.rf.304f3ab90a7aee2851d1e89274c6ed86.jpg,frame_00070_jpg.rf.304f3ab90a7aee2851d1e89274c6ed86.jpg,939.8292394999652,681.1682191468395,6660.0,285.5968704193432,True
C:\Users\carmonta\Desktop\data-centric-cross-season-transfer\datasets\train_on_2025_all\images\frame_00070_jpg.rf.481db2854a1a2f3a940e28bad4164da1.jpg,frame_00070_jpg.rf.481db2854a1a2f3a940e28bad4164da1.jpg,1126.299274090259,540.6007072849336,8140.000000000001,226.77025501339253,True
C:\Users\carmonta\Desktop\data-centric-cross-season-transfer\datasets\train_on_2025_all\images\frame_00070_jpg.rf.bb375883367ae598d50f1b20c14b9a88.jpg,frame_00070_jpg.rf.bb375883367ae598d50f1b20c14b9a88.jpg,1126.299274090259,540.6007072849336,8140.000000000001,226.77025501339253,True
C:\Users\carmonta\Desktop\data-centric-cross-season-transfer\datasets\train_on_2025_all\images\frame_00070_jpg.rf.ee3da37a8e0c69be24485bcbded502db.jpg,frame_00070_jpg.rf.ee3da37a8e0c69be24485bcbded502db.jpg,1035.8983076473503,558.7590237478278,5768.0,268.0462949204561,True
C:\Users\carmonta\Desktop\data-centric-cross-season-transfer\datasets\train_on_2025_all\images\frame_00070_jpg.rf.fa964a70afd34f12943b6b50263bca5a.jpg,frame_00070_jpg.rf.fa964a70afd34f12943b6b50263bca5a.jpg,1035.8983076473503,558.7590237478278,5768.0,268.0462949204561,True
C:\Users\carmonta\Desktop\data-centric-cross-season-transfer\datasets\train_on_2025_all\images\frame_00071_jpg.rf.1451b0ce6f1fbc61a5dc7c9421d8e9dd.jpg,frame_00071_jpg.rf.1451b0ce6f1fbc61a5dc7c9421d8e9dd.jpg,874.317099205663,460.01037135544914,12430.000000000002,252.055786460518,True
C:\Users\carmonta\Desktop\data-centric-cross-season-transfer\datasets\train_on_2025_all\images\frame_00071_jpg.rf.2dded6e34e5661348f17859b13f442e2.jpg,frame_00071_jpg.rf.2dded6e34e5661348f17859b13f442e2.jpg,874.317099205663,460.01037135544914,12430.000000000002,252.055786460518,True
C:\Users\carmonta\Desktop\data-centric-cross-season-transfer\datasets\train_on_2025_all\images\frame_00071_jpg.rf.3608209924cc34eb455da72175ee77e9.jpg,frame_00071_jpg.rf.3608209924cc34eb455da72175ee77e9.jpg,912.7965048615905,522.9759492847704,10536.75,276.03000071660836,True
C:\Users\carmonta\Desktop\data-centric-cross-season-transfer\datasets\train_on_2025_all\images\frame_00071_jpg.rf.532623f4be88164833252e27cd51f542.jpg,frame_00071_jpg.rf.532623f4be88164833252e27cd51f542.jpg,874.317099205663,460.01037135544914,12430.000000000002,252.055786460518,True
C:\Users\carmonta\Desktop\data-centric-cross-season-transfer\datasets\train_on_2025_all\images\frame_00071_jpg.rf.6376ee5c1432adedcc40e6ce8a7a4a33.jpg,frame_00071_jpg.rf.6376ee5c1432adedcc40e6ce8a7a4a33.jpg,912.7965048615905,522.9759492847704,10536.75,276.03000071660836,True
C:\Users\carmonta\Desktop\data-centric-cross-season-transfer\datasets\train_on_2025_all\images\frame_00071_jpg.rf.65028887d12968f6347403f0e1e6fa50.jpg,frame_00071_jpg.rf.65028887d12968f6347403f0e1e6fa50.jpg,1008.481097807815,538.6681403844991,4284.750000000001,267.44892643571103,True
C:\Users\carmonta\Desktop\data-centric-cross-season-transfer\datasets\train_on_2025_all\images\frame_00071_jpg.rf.7b86287905d99386d4257967c0bef6ed.jpg,frame_00071_jpg.rf.7b86287905d99386d4257967c0bef6ed.jpg,786.6767875525208,506.32861581644454,10508.0,284.43572688914065,True
C:\Users\carmonta\Desktop\data-centric-cross-season-transfer\datasets\train_on_2025_all\images\frame_00071_jpg.rf.86aa7b60d99a01c09b275e5d85cf90dc.jpg,frame_00071_jpg.rf.86aa7b60d99a01c09b275e5d85cf90dc.jpg,1008.481097807815,538.6681403844991,4284.750000000001,267.44892643571103,True
C:\Users\carmonta\Desktop\data-centric-cross-season-transfer\datasets\train_on_2025_all\images\frame_00071_jpg.rf.9bf99b67077fc3a2fa57a17be0590f56.jpg,frame_00071_jpg.rf.9bf99b67077fc3a2fa57a17be0590f56.jpg,912.7965048615905,522.9759492847704,10536.75,276.03000071660836,True
C:\Users\carmonta\Desktop\data-centric-cross-season-transfer\datasets\train_on_2025_all\images\frame_00071_jpg.rf.aaadead2f0ebeff87f5495ff244424da.jpg,frame_00071_jpg.rf.aaadead2f0ebeff87f5495ff244424da.jpg,786.6767875525208,506.32861581644454,10508.0,284.43572688914065,True
C:\Users\carmonta\Desktop\data-centric-cross-season-transfer\datasets\train_on_2025_all\images\frame_00071_jpg.rf.e961f07c0a7dcfd1ce60cb5ce0a1b796.jpg,frame_00071_jpg.rf.e961f07c0a7dcfd1ce60cb5ce0a1b796.jpg,786.6767875525208,506.32861581644454,10508.0,284.43572688914065,True
C:\Users\carmonta\Desktop\data-centric-cross-season-transfer\datasets\train_on_2025_all\images\frame_00071_jpg.rf.fb1c7f1c2cd9a2f0df9b85ef128e7dfc.jpg,frame_00071_jpg.rf.fb1c7f1c2cd9a2f0df9b85ef128e7dfc.jpg,1008.481097807815,538.6681403844991,4284.750000000001,267.44892643571103,True
C:\Users\carmonta\Desktop\data-centric-cross-season-transfer\datasets\train_on_2025_all\images\frame_00072_jpg.rf.031d872a6fd55704f621e183a57faae7.jpg,frame_00072_jpg.rf.031d872a6fd55704f621e183a57faae7.jpg,1010.630816638378,620.0465644785035,5734.75,279.1947504324471,True
C:\Users\carmonta\Desktop\data-centric-cross-season-transfer\datasets\train_on_2025_all\images\frame_00072_jpg.rf.3652c6227a9c2200d48c2b9cf058e621.jpg,frame_00072_jpg.rf.3652c6227a9c2200d48c2b9cf058e621.jpg,997.4783045332657,473.79979354267385,9541.0,230.8068130761784,True
C:\Users\carmonta\Desktop\data-centric-cross-season-transfer\datasets\train_on_2025_all\images\frame_00072_jpg.rf.3ca265c8a06a686862daffccdf96226a.jpg,frame_00072_jpg.rf.3ca265c8a06a686862daffccdf96226a.jpg,997.4783045332657,473.79979354267385,9541.0,230.8068130761784,True
C:\Users\carmonta\Desktop\data-centric-cross-season-transfer\datasets\train_on_2025_all\images\frame_00072_jpg.rf.4d492c356a33bb32bf2c0bfddbd0528f.jpg,frame_00072_jpg.rf.4d492c356a33bb32bf2c0bfddbd0528f.jpg,1010.630816638378,620.0465644785035,5734.75,279.1947504324471,True
C:\Users\carmonta\Desktop\data-centric-cross-season-transfer\datasets\train_on_2025_all\images\frame_00072_jpg.rf.7211dbc9db0a9cb989255fff6fda5f03.jpg,frame_00072_jpg.rf.7211dbc9db0a9cb989255fff6fda5f03.jpg,955.7806093245888,474.3374547592731,17507.25,249.56656247306762,True
C:\Users\carmonta\Desktop\data-centric-cross-season-transfer\datasets\train_on_2025_all\images\frame_00072_jpg.rf.731f89815be376955b67b85a6146cef5.jpg,frame_00072_jpg.rf.731f89815be376955b67b85a6146cef5.jpg,1010.630816638378,620.0465644785035,5734.75,279.1947504324471,True
C:\Users\carmonta\Desktop\data-centric-cross-season-transfer\datasets\train_on_2025_all\images\frame_00072_jpg.rf.7db4723d97381727e2fa72d061b02cd2.jpg,frame_00072_jpg.rf.7db4723d97381727e2fa72d061b02cd2.jpg,976.0083126009645,485.8369837366607,9964.0,259.4679355606193,True
C:\Users\carmonta\Desktop\data-centric-cross-season-transfer\datasets\train_on_2025_all\images\frame_00072_jpg.rf.7e03e6a8f6c089648242df24afa8be68.jpg,frame_00072_jpg.rf.7e03e6a8f6c089648242df24afa8be68.jpg,955.7806093245888,474.3374547592731,17507.25,249.56656247306762,True
C:\Users\carmonta\Desktop\data-centric-cross-season-transfer\datasets\train_on_2025_all\images\frame_00072_jpg.rf.a74294f2d8fd1435221b001f1f28a28c.jpg,frame_00072_jpg.rf.a74294f2d8fd1435221b001f1f28a28c.jpg,997.4783045332657,473.79979354267385,9541.0,230.8068130761784,True
C:\Users\carmonta\Desktop\data-centric-cross-season-transfer\datasets\train_on_2025_all\images\frame_00072_jpg.rf.cd24d2954405038196b19ec0db172ffc.jpg,frame_00072_jpg.rf.cd24d2954405038196b19ec0db172ffc.jpg,801.0486418073014,452.84501527293065,13214.5,267.2939567549779,True
C:\Users\carmonta\Desktop\data-centric-cross-season-transfer\datasets\train_on_2025_all\images\frame_00072_jpg.rf.e1d3ee74d12a57ea4f3a616c6427caa5.jpg,frame_00072_jpg.rf.e1d3ee74d12a57ea4f3a616c6427caa5.jpg,801.0486418073014,452.84501527293065,13214.5,267.2939567549779,True
C:\Users\carmonta\Desktop\data-centric-cross-season-transfer\datasets\train_on_2025_all\images\frame_00072_jpg.rf.fe846e2275e5ee3d03b0c7a54edd798a.jpg,frame_00072_jpg.rf.fe846e2275e5ee3d03b0c7a54edd798a.jpg,801.0486418073014,452.84501527293065,13214.5,267.2939567549779,True
C:\Users\carmonta\Desktop\data-centric-cross-season-transfer\datasets\train_on_2025_all\images\frame_00073_jpg.rf.218ae9bf196314413e299453cdf0637f.jpg,frame_00073_jpg.rf.218ae9bf196314413e299453cdf0637f.jpg,880.6986792133059,584.7670908338151,8610.0,284.686535837502,True
C:\Users\carmonta\Desktop\data-centric-cross-season-transfer\datasets\train_on_2025_all\images\frame_00073_jpg.rf.754db328bfcc85173dcd6c0fb8cf8852.jpg,frame_00073_jpg.rf.754db328bfcc85173dcd6c0fb8cf8852.jpg,1000.5182157520112,493.0831343371296,9180.0,257.55183957346935,True
C:\Users\carmonta\Desktop\data-centric-cross-season-transfer\datasets\train_on_2025_all\images\frame_00073_jpg.rf.c5b4fb51469502f736911f1cd7943147.jpg,frame_00073_jpg.rf.c5b4fb51469502f736911f1cd7943147.jpg,880.6986792133059,584.7670908338151,8610.0,284.686535837502,True
C:\Users\carmonta\Desktop\data-centric-cross-season-transfer\datasets\train_on_2025_all\images\frame_00073_jpg.rf.cb206bb096c73e0fd0cf2bbd8e63e023.jpg,frame_00073_jpg.rf.cb206bb096c73e0fd0cf2bbd8e63e023.jpg,1053.6057388592567,638.7207822102607,5958.75,278.31487761001114,True
C:\Users\carmonta\Desktop\data-centric-cross-season-transfer\datasets\train_on_2025_all\images\frame_00073_jpg.rf.e3ff1d189ef4ac38c79beab7b094a7e5.jpg,frame_00073_jpg.rf.e3ff1d189ef4ac38c79beab7b094a7e5.jpg,1000.5182157520112,493.0831343371296,9180.0,257.55183957346935,True
C:\Users\carmonta\Desktop\data-centric-cross-season-transfer\datasets\train_on_2025_all\images\frame_00073_jpg.rf.f13c3c89b945e5a7f46c7b8e1f448604.jpg,frame_00073_jpg.rf.f13c3c89b945e5a7f46c7b8e1f448604.jpg,1053.6057388592567,638.7207822102607,5958.75,278.31487761001114,True
C:\Users\carmonta\Desktop\data-centric-cross-season-transfer\datasets\train_on_2025_all\images\frame_00073_jpg.rf.fb7d14f12310127edfcbbbe13308a94c.jpg,frame_00073_jpg.rf.fb7d14f12310127edfcbbbe13308a94c.jpg,1053.6057388592567,638.7207822102607,5958.75,278.31487761001114,True
C:\Users\carmonta\Desktop\data-centric-cross-season-transfer\datasets\train_on_2025_all\images\frame_00074_jpg.rf.4ce32ce306595408f6fdbc89fe9044fd.jpg,frame_00074_jpg.rf.4ce32ce306595408f6fdbc89fe9044fd.jpg,1069.0567753631149,527.2670662165044,13854.75,235.79827669004214,True
C:\Users\carmonta\Desktop\data-centric-cross-season-transfer\datasets\train_on_2025_all\images\frame_00074_jpg.rf.4f8236ced638522b54875eeae2f78fec.jpg,frame_00074_jpg.rf.4f8236ced638522b54875eeae2f78fec.jpg,790.83520599933,438.23054973240903,12180.0,272.37314988572956,True
C:\Users\carmonta\Desktop\data-centric-cross-season-transfer\datasets\train_on_2025_all\images\frame_00074_jpg.rf.54dd770849b30051f1e0bb904c437e88.jpg,frame_00074_jpg.rf.54dd770849b30051f1e0bb904c437e88.jpg,1011.9821357114876,500.7466300424397,8250.000000000002,257.5126706885168,True
C:\Users\carmonta\Desktop\data-centric-cross-season-transfer\datasets\train_on_2025_all\images\frame_00074_jpg.rf.6341fcfd1257c9c041786a039a4e6300.jpg,frame_00074_jpg.rf.6341fcfd1257c9c041786a039a4e6300.jpg,863.1635076815442,454.5289546944689,16017.5,260.18180510724335,True
C:\Users\carmonta\Desktop\data-centric-cross-season-transfer\datasets\train_on_2025_all\images\frame_00074_jpg.rf.635441b8e7aa45244e58e4b08f205b69.jpg,frame_00074_jpg.rf.635441b8e7aa45244e58e4b08f205b69.jpg,863.1635076815442,454.5289546944689,16017.5,260.18180510724335,True
C:\Users\carmonta\Desktop\data-centric-cross-season-transfer\datasets\train_on_2025_all\images\frame_00074_jpg.rf.880e91bcfd8e5e8531e244a564b0b03c.jpg,frame_00074_jpg.rf.880e91bcfd8e5e8531e244a564b0b03c.jpg,1069.0567753631149,527.2670662165044,13854.75,235.79827669004214,True
C:\Users\carmonta\Desktop\data-centric-cross-season-transfer\datasets\train_on_2025_all\images\frame_00074_jpg.rf.9bd49ef3be99ec48eca75c16affe2249.jpg,frame_00074_jpg.rf.9bd49ef3be99ec48eca75c16affe2249.jpg,1011.9821357114876,500.7466300424397,8250.000000000002,257.5126706885168,True
C:\Users\carmonta\Desktop\data-centric-cross-season-transfer\datasets\train_on_2025_all\images\frame_00074_jpg.rf.b6f97053362a7fbcaaafae39845330b8.jpg,frame_00074_jpg.rf.b6f97053362a7fbcaaafae39845330b8.jpg,1011.9821357114876,500.7466300424397,8250.000000000002,257.5126706885168,True
C:\Users\carmonta\Desktop\data-centric-cross-season-transfer\datasets\train_on_2025_all\images\frame_00074_jpg.rf.d5a111eb744552298a852fa93ebc5897.jpg,frame_00074_jpg.rf.d5a111eb744552298a852fa93ebc5897.jpg,790.83520599933,438.23054973240903,12180.0,272.37314988572956,True
C:\Users\carmonta\Desktop\data-centric-cross-season-transfer\datasets\train_on_2025_all\images\frame_00074_jpg.rf.e520cb7c9c1311b963ddb2d22aba0dfb.jpg,frame_00074_jpg.rf.e520cb7c9c1311b963ddb2d22aba0dfb.jpg,790.83520599933,438.23054973240903,12180.0,272.37314988572956,True
C:\Users\carmonta\Desktop\data-centric-cross-season-transfer\datasets\train_on_2025_all\images\frame_00075_jpg.rf.02ab0eb93e3fc69167f5b1cdb25f6cf5.jpg,frame_00075_jpg.rf.02ab0eb93e3fc69167f5b1cdb25f6cf5.jpg,963.3202242111392,618.3800395283798,10788.000000000002,284.0560806636945,True
C:\Users\carmonta\Desktop\data-centric-cross-season-transfer\datasets\train_on_2025_all\images\frame_00075_jpg.rf.1a14a88a7a4019bba543fc311a038dad.jpg,frame_00075_jpg.rf.1a14a88a7a4019bba543fc311a038dad.jpg,981.2506319998816,531.7991524774011,7149.5,265.72677318725835,True
C:\Users\carmonta\Desktop\data-centric-cross-season-transfer\datasets\train_on_2025_all\images\frame_00075_jpg.rf.1a4818da34cacee1cfa1fb3faabfebcd.jpg,frame_00075_jpg.rf.1a4818da34cacee1cfa1fb3faabfebcd.jpg,1219.2858634192353,638.1245909836431,12486.5,258.89562181594476,True
C:\Users\carmonta\Desktop\data-centric-cross-season-transfer\datasets\train_on_2025_all\images\frame_00075_jpg.rf.30b706e53ef60fca7780178d4fe6a04b.jpg,frame_00075_jpg.rf.30b706e53ef60fca7780178d4fe6a04b.jpg,827.3434905375899,721.1111524581869,4792.5,298.5221431115377,True
C:\Users\carmonta\Desktop\data-centric-cross-season-transfer\datasets\train_on_2025_all\images\frame_00075_jpg.rf.399bf6b407d4115bfb4e938350668ffd.jpg,frame_00075_jpg.rf.399bf6b407d4115bfb4e938350668ffd.jpg,838.9932696402515,656.4081901279138,7755.0,292.6175214170832,True
C:\Users\carmonta\Desktop\data-centric-cross-season-transfer\datasets\train_on_2025_all\images\frame_00075_jpg.rf.3c50abbcc4e67c39c751ada87085a996.jpg,frame_00075_jpg.rf.3c50abbcc4e67c39c751ada87085a996.jpg,1219.2858634192353,638.1245909836431,12486.5,258.89562181594476,True
C:\Users\carmonta\Desktop\data-centric-cross-season-transfer\datasets\train_on_2025_all\images\frame_00075_jpg.rf.68a8b794aae2f373a1de3367d6578397.jpg,frame_00075_jpg.rf.68a8b794aae2f373a1de3367d6578397.jpg,1219.2858634192353,638.1245909836431,12486.5,258.89562181594476,True
C:\Users\carmonta\Desktop\data-centric-cross-season-transfer\datasets\train_on_2025_all\images\frame_00075_jpg.rf.7a94bb12511c49e1feb94ef761442de7.jpg,frame_00075_jpg.rf.7a94bb12511c49e1feb94ef761442de7.jpg,963.3202242111392,618.3800395283798,10788.000000000002,284.0560806636945,True
C:\Users\carmonta\Desktop\data-centric-cross-season-transfer\datasets\train_on_2025_all\images\frame_00075_jpg.rf.a62d166cf4e2df0444f73c8a8a6c32c0.jpg,frame_00075_jpg.rf.a62d166cf4e2df0444f73c8a8a6c32c0.jpg,827.3434905375899,721.1111524581869,4792.5,298.5221431115377,True
C:\Users\carmonta\Desktop\data-centric-cross-season-transfer\datasets\train_on_2025_all\images\frame_00075_jpg.rf.b107b6ee16660b3db586b8f6ebd09bc2.jpg,frame_00075_jpg.rf.b107b6ee16660b3db586b8f6ebd09bc2.jpg,963.3202242111392,618.3800395283798,10788.000000000002,284.0560806636945,True
C:\Users\carmonta\Desktop\data-centric-cross-season-transfer\datasets\train_on_2025_all\images\frame_00075_jpg.rf.fd35b395368da65490deb8833e478cdc.jpg,frame_00075_jpg.rf.fd35b395368da65490deb8833e478cdc.jpg,838.9932696402515,656.4081901279138,7755.0,292.6175214170832,True
C:\Users\carmonta\Desktop\data-centric-cross-season-transfer\datasets\train_on_2025_all\images\frame_00076_jpg.rf.1b801b6f6969c18329be1e860f31f41e.jpg,frame_00076_jpg.rf.1b801b6f6969c18329be1e860f31f41e.jpg,1001.0243648076301,485.5193915546916,8085.0,256.1904332390204,True
C:\Users\carmonta\Desktop\data-centric-cross-season-transfer\datasets\train_on_2025_all\images\frame_00076_jpg.rf.3cb5f9fc2c76cbb07f9f51267885cdf2.jpg,frame_00076_jpg.rf.3cb5f9fc2c76cbb07f9f51267885cdf2.jpg,1087.805602387311,551.3606301153474,18130.5,223.12279018937372,True
C:\Users\carmonta\Desktop\data-centric-cross-season-transfer\datasets\train_on_2025_all\images\frame_00076_jpg.rf.7813f297550ab15069511cb7092bca13.jpg,frame_00076_jpg.rf.7813f297550ab15069511cb7092bca13.jpg,1079.4412344020584,588.485701736021,6151.25,269.9734499289399,True
C:\Users\carmonta\Desktop\data-centric-cross-season-transfer\datasets\train_on_2025_all\images\frame_00076_jpg.rf.8150792c48a14f4a6093f6e78fbb90bd.jpg,frame_00076_jpg.rf.8150792c48a14f4a6093f6e78fbb90bd.jpg,1087.805602387311,551.3606301153474,18130.5,223.12279018937372,True
C:\Users\carmonta\Desktop\data-centric-cross-season-transfer\datasets\train_on_2025_all\images\frame_00076_jpg.rf.95825532c82d6ce147d3cc0556dd676e.jpg,frame_00076_jpg.rf.95825532c82d6ce147d3cc0556dd676e.jpg,811.0979728131239,496.2165321805903,7164.75,280.1841891744002,True
C:\Users\carmonta\Desktop\data-centric-cross-season-transfer\datasets\train_on_2025_all\images\frame_00076_jpg.rf.9b7801d1355d5c7cf4eb90ed10bc8953.jpg,frame_00076_jpg.rf.9b7801d1355d5c7cf4eb90ed10bc8953.jpg,811.0979728131239,496.2165321805903,7164.75,280.1841891744002,True
C:\Users\carmonta\Desktop\data-centric-cross-season-transfer\datasets\train_on_2025_all\images\frame_00076_jpg.rf.dbe7aca809c3709b36669bfbbb721800.jpg,frame_00076_jpg.rf.dbe7aca809c3709b36669bfbbb721800.jpg,1087.805602387311,551.3606301153474,18130.5,223.12279018937372,True
C:\Users\carmonta\Desktop\data-centric-cross-season-transfer\datasets\train_on_2025_all\images\frame_00076_jpg.rf.f0ee4ffc4ccccdf814cbded0c9ce0196.jpg,frame_00076_jpg.rf.f0ee4ffc4ccccdf814cbded0c9ce0196.jpg,811.0979728131239,496.2165321805903,7164.75,280.1841891744002,True
C:\Users\carmonta\Desktop\data-centric-cross-season-transfer\datasets\train_on_2025_all\images\frame_00076_jpg.rf.fd8678a9ae684e8234dcb6c0e937b2c5.jpg,frame_00076_jpg.rf.fd8678a9ae684e8234dcb6c0e937b2c5.jpg,1079.4412344020584,588.485701736021,6151.25,269.9734499289399,True
C:\Users\carmonta\Desktop\data-centric-cross-season-transfer\datasets\train_on_2025_all\images\frame_00077_jpg.rf.0094f8567360cde1c057e00ef39b4228.jpg,frame_00077_jpg.rf.0094f8567360cde1c057e00ef39b4228.jpg,994.7982799890767,514.3018659776963,6902.000000000001,253.8856917267985,True
C:\Users\carmonta\Desktop\data-centric-cross-season-transfer\datasets\train_on_2025_all\images\frame_00077_jpg.rf.13cc7cb6c80a9bcb4942477416461267.jpg,frame_00077_jpg.rf.13cc7cb6c80a9bcb4942477416461267.jpg,1137.4622560832734,659.1877483235455,5876.5,274.86917751538715,True
C:\Users\carmonta\Desktop\data-centric-cross-season-transfer\datasets\train_on_2025_all\images\frame_00077_jpg.rf.a3e28547f8d9e75b02574f44c458ecc0.jpg,frame_00077_jpg.rf.a3e28547f8d9e75b02574f44c458ecc0.jpg,1137.4622560832734,659.1877483235455,5876.5,274.86917751538715,True
C:\Users\carmonta\Desktop\data-centric-cross-season-transfer\datasets\train_on_2025_all\images\frame_00077_jpg.rf.d586fbcfeb7a030f214bbca12e36d4c8.jpg,frame_00077_jpg.rf.d586fbcfeb7a030f214bbca12e36d4c8.jpg,994.7982799890767,514.3018659776963,6902.000000000001,253.8856917267985,True
C:\Users\carmonta\Desktop\data-centric-cross-season-transfer\datasets\train_on_2025_all\images\frame_00077_jpg.rf.e59ee29e213695de4b1376c3b22f597d.jpg,frame_00077_jpg.rf.e59ee29e213695de4b1376c3b22f597d.jpg,994.7982799890767,514.3018659776963,6902.000000000001,253.8856917267985,True
C:\Users\carmonta\Desktop\data-centric-cross-season-transfer\datasets\train_on_2025_all\images\frame_00078_jpg.rf.065f451bd9f0a1f9cf20054d735236be.jpg,frame_00078_jpg.rf.065f451bd9f0a1f9cf20054d735236be.jpg,925.2508699782098,475.4749866397766,10146.75,256.285777500828,True
C:\Users\carmonta\Desktop\data-centric-cross-season-transfer\datasets\train_on_2025_all\images\frame_00078_jpg.rf.170475c7e1db5b5f4b519ff82454c636.jpg,frame_00078_jpg.rf.170475c7e1db5b5f4b519ff82454c636.jpg,923.4542164373772,729.9119401398244,6525.0,295.1009915624929,True
C:\Users\carmonta\Desktop\data-centric-cross-season-transfer\datasets\train_on_2025_all\images\frame_00078_jpg.rf.194dbdba4074b472aa06c9535550ce02.jpg,frame_00078_jpg.rf.194dbdba4074b472aa06c9535550ce02.jpg,921.1024562150709,818.1252449857802,7365.75,298.3561228074477,True
C:\Users\carmonta\Desktop\data-centric-cross-season-transfer\datasets\train_on_2025_all\images\frame_00078_jpg.rf.32249801d882be3b4913c1d8c9e83d14.jpg,frame_00078_jpg.rf.32249801d882be3b4913c1d8c9e83d14.jpg,923.4542164373772,729.9119401398244,6525.0,295.1009915624929,True
C:\Users\carmonta\Desktop\data-centric-cross-season-transfer\datasets\train_on_2025_all\images\frame_00078_jpg.rf.504daa7cc396a94fa83625cb6fb21ff5.jpg,frame_00078_jpg.rf.504daa7cc396a94fa83625cb6fb21ff5.jpg,923.4542164373772,729.9119401398244,6525.0,295.1009915624929,True
C:\Users\carmonta\Desktop\data-centric-cross-season-transfer\datasets\train_on_2025_all\images\frame_00078_jpg.rf.618aa88c08489378deff73429bbdbcbd.jpg,frame_00078_jpg.rf.618aa88c08489378deff73429bbdbcbd.jpg,1094.0714070929198,664.0414680422091,6948.0,274.70379109871004,True
C:\Users\carmonta\Desktop\data-centric-cross-season-transfer\datasets\train_on_2025_all\images\frame_00078_jpg.rf.68b4a8257b3c9e198d44326642bab411.jpg,frame_00078_jpg.rf.68b4a8257b3c9e198d44326642bab411.jpg,925.2508699782098,475.4749866397766,10146.75,256.285777500828,True
C:\Users\carmonta\Desktop\data-centric-cross-season-transfer\datasets\train_on_2025_all\images\frame_00078_jpg.rf.941d283f666ad7a9d4b3bf846f1e2d56.jpg,frame_00078_jpg.rf.941d283f666ad7a9d4b3bf846f1e2d56.jpg,1094.0714070929198,664.0414680422091,6948.0,274.70379109871004,True
C:\Users\carmonta\Desktop\data-centric-cross-season-transfer\datasets\train_on_2025_all\images\frame_00078_jpg.rf.a14a477a07cfdb173ec6ff3ff39d3426.jpg,frame_00078_jpg.rf.a14a477a07cfdb173ec6ff3ff39d3426.jpg,1094.0714070929198,664.0414680422091,6948.0,274.70379109871004,True
C:\Users\carmonta\Desktop\data-centric-cross-season-transfer\datasets\train_on_2025_all\images\frame_00078_jpg.rf.c039e7d4785136ca146de790c98ecef7.jpg,frame_00078_jpg.rf.c039e7d4785136ca146de790c98ecef7.jpg,1197.9556709429876,591.0678662268851,5004.0,255.87767626814684,True
C:\Users\carmonta\Desktop\data-centric-cross-season-transfer\datasets\train_on_2025_all\images\frame_00078_jpg.rf.d037d579470633f958a66795ae987b27.jpg,frame_00078_jpg.rf.d037d579470633f958a66795ae987b27.jpg,925.2508699782098,475.4749866397766,10146.75,256.285777500828,True
C:\Users\carmonta\Desktop\data-centric-cross-season-transfer\datasets\train_on_2025_all\images\frame_00078_jpg.rf.eab9b1243312c1fa1f7675e87ee7d448.jpg,frame_00078_jpg.rf.eab9b1243312c1fa1f7675e87ee7d448.jpg,1197.9556709429876,591.0678662268851,5004.0,255.87767626814684,True
C:\Users\carmonta\Desktop\data-centric-cross-season-transfer\datasets\train_on_2025_all\images\frame_00079_jpg.rf.443812f2743be40c22174526960aba3d.jpg,frame_00079_jpg.rf.443812f2743be40c22174526960aba3d.jpg,1161.8989887903022,635.4248375999495,5950.0,270.4660212960107,True
C:\Users\carmonta\Desktop\data-centric-cross-season-transfer\datasets\train_on_2025_all\images\frame_00079_jpg.rf.4ff520ddb3af10ad0b92b5954946d874.jpg,frame_00079_jpg.rf.4ff520ddb3af10ad0b92b5954946d874.jpg,1131.9955854116315,646.3068335453812,9009.0,268.0575995999227,True
C:\Users\carmonta\Desktop\data-centric-cross-season-transfer\datasets\train_on_2025_all\images\frame_00079_jpg.rf.54b654e778965e02194d03486e83d614.jpg,frame_00079_jpg.rf.54b654e778965e02194d03486e83d614.jpg,1131.9955854116315,646.3068335453812,9009.0,268.0575995999227,True
C:\Users\carmonta\Desktop\data-centric-cross-season-transfer\datasets\train_on_2025_all\images\frame_00079_jpg.rf.60ea72b90ddd80c9307fb4c0fd5b99db.jpg,frame_00079_jpg.rf.60ea72b90ddd80c9307fb4c0fd5b99db.jpg,791.0099086910583,746.5792978771626,15237.499999999998,303.13336289477525,True
C:\Users\carmonta\Desktop\data-centric-cross-season-transfer\datasets\train_on_2025_all\images\frame_00079_jpg.rf.624e5de7201ebbb4ba075ea14299ccfb.jpg,frame_00079_jpg.rf.624e5de7201ebbb4ba075ea14299ccfb.jpg,932.446980419085,565.5670593046124,12397.0,280.25037930491936,True
C:\Users\carmonta\Desktop\data-centric-cross-season-transfer\datasets\train_on_2025_all\images\frame_00079_jpg.rf.728a0a9479baaa9797f8133e7d915e4f.jpg,frame_00079_jpg.rf.728a0a9479baaa9797f8133e7d915e4f.jpg,1002.6527701446943,576.098885714141,8452.5,275.8810775144819,True
C:\Users\carmonta\Desktop\data-centric-cross-season-transfer\datasets\train_on_2025_all\images\frame_00079_jpg.rf.8ae3de75adbf2bdb21e38c77910f3c85.jpg,frame_00079_jpg.rf.8ae3de75adbf2bdb21e38c77910f3c85.jpg,1161.8989887903022,635.4248375999495,5950.0,270.4660212960107,True
C:\Users\carmonta\Desktop\data-centric-cross-season-transfer\datasets\train_on_2025_all\images\frame_00079_jpg.rf.b172400bbe24d9234b12f6e2e4a91065.jpg,frame_00079_jpg.rf.b172400bbe24d9234b12f6e2e4a91065.jpg,1131.9955854116315,646.3068335453812,9009.0,268.0575995999227,True
C:\Users\carmonta\Desktop\data-centric-cross-season-transfer\datasets\train_on_2025_all\images\frame_00079_jpg.rf.d5d28d8a5eca384dc1dc208ad39df2c1.jpg,frame_00079_jpg.rf.d5d28d8a5eca384dc1dc208ad39df2c1.jpg,932.446980419085,565.5670593046124,12397.0,280.25037930491936,True
C:\Users\carmonta\Desktop\data-centric-cross-season-transfer\datasets\train_on_2025_all\images\frame_00079_jpg.rf.e638378c2be889e46da35047eedd3201.jpg,frame_00079_jpg.rf.e638378c2be889e46da35047eedd3201.jpg,932.446980419085,565.5670593046124,12397.0,280.25037930491936,True
C:\Users\carmonta\Desktop\data-centric-cross-season-transfer\datasets\train_on_2025_all\images\frame_00079_jpg.rf.e84e782d586a2ad9110b15f241b4dadd.jpg,frame_00079_jpg.rf.e84e782d586a2ad9110b15f241b4dadd.jpg,1161.8989887903022,635.4248375999495,5950.0,270.4660212960107,True
C:\Users\carmonta\Desktop\data-centric-cross-season-transfer\datasets\train_on_2025_all\images\frame_00079_jpg.rf.fcd18ebd156210f139b9ab564b46febb.jpg,frame_00079_jpg.rf.fcd18ebd156210f139b9ab564b46febb.jpg,791.0099086910583,746.5792978771626,15237.499999999998,303.13336289477525,True
C:\Users\carmonta\Desktop\data-centric-cross-season-transfer\datasets\train_on_2025_all\images\frame_00080_jpg.rf.0960e23db69030b862466ee7b9e76999.jpg,frame_00080_jpg.rf.0960e23db69030b862466ee7b9e76999.jpg,803.2290574055883,587.3727928616364,5928.999999999999,286.88740685110974,True
C:\Users\carmonta\Desktop\data-centric-cross-season-transfer\datasets\train_on_2025_all\images\frame_00080_jpg.rf.3ad17b4e998d1ab95e1255ea346784d2.jpg,frame_00080_jpg.rf.3ad17b4e998d1ab95e1255ea346784d2.jpg,895.3175192337071,531.2076542858863,9923.5,276.2346288919647,True
C:\Users\carmonta\Desktop\data-centric-cross-season-transfer\datasets\train_on_2025_all\images\frame_00080_jpg.rf.469aa433cf7ed4698986d8666b8dd077.jpg,frame_00080_jpg.rf.469aa433cf7ed4698986d8666b8dd077.jpg,974.4839832086651,608.4272291476493,9515.999999999998,278.2893121518035,True
C:\Users\carmonta\Desktop\data-centric-cross-season-transfer\datasets\train_on_2025_all\images\frame_00080_jpg.rf.4db069dc879101cec5e3458542ce7731.jpg,frame_00080_jpg.rf.4db069dc879101cec5e3458542ce7731.jpg,1137.8748852817344,573.6579211395309,12776.5,261.818320626801,True
C:\Users\carmonta\Desktop\data-centric-cross-season-transfer\datasets\train_on_2025_all\images\frame_00080_jpg.rf.94c78113c022d6e817d0f8a27c62ba59.jpg,frame_00080_jpg.rf.94c78113c022d6e817d0f8a27c62ba59.jpg,969.9987532123597,765.2968292513794,11205.75,293.2942471282202,True
C:\Users\carmonta\Desktop\data-centric-cross-season-transfer\datasets\train_on_2025_all\images\frame_00080_jpg.rf.a12f9a2b4fe95ededf300c9cef073a97.jpg,frame_00080_jpg.rf.a12f9a2b4fe95ededf300c9cef073a97.jpg,974.4839832086651,608.4272291476493,9515.999999999998,278.2893121518035,True
C:\Users\carmonta\Desktop\data-centric-cross-season-transfer\datasets\train_on_2025_all\images\frame_00080_jpg.rf.b7f08447aeb94d9644fb17779145a8c5.jpg,frame_00080_jpg.rf.b7f08447aeb94d9644fb17779145a8c5.jpg,1137.8748852817344,573.6579211395309,12776.5,261.818320626801,True
C:\Users\carmonta\Desktop\data-centric-cross-season-transfer\datasets\train_on_2025_all\images\frame_00080_jpg.rf.d994bc3916346c0fc8ce476054ca6e78.jpg,frame_00080_jpg.rf.d994bc3916346c0fc8ce476054ca6e78.jpg,969.9987532123597,765.2968292513794,11205.75,293.2942471282202,True
C:\Users\carmonta\Desktop\data-centric-cross-season-transfer\datasets\train_on_2025_all\images\frame_00081_jpg.rf.11887f9ab5908308bb3c1817ecf94e3e.jpg,frame_00081_jpg.rf.11887f9ab5908308bb3c1817ecf94e3e.jpg,910.6700267117099,600.1688430668665,10496.0,283.9900687292281,True
C:\Users\carmonta\Desktop\data-centric-cross-season-transfer\datasets\train_on_2025_all\images\frame_00081_jpg.rf.13f8db609066cca65ce15b6cbd9ae591.jpg,frame_00081_jpg.rf.13f8db609066cca65ce15b6cbd9ae591.jpg,910.6700267117099,600.1688430668665,10496.0,283.9900687292281,True
C:\Users\carmonta\Desktop\data-centric-cross-season-transfer\datasets\train_on_2025_all\images\frame_00081_jpg.rf.1c444e2c1adb09a3da6657ae99710a30.jpg,frame_00081_jpg.rf.1c444e2c1adb09a3da6657ae99710a30.jpg,933.8744346124968,602.3380452845726,10758.75,283.78412769468497,True
C:\Users\carmonta\Desktop\data-centric-cross-season-transfer\datasets\train_on_2025_all\images\frame_00081_jpg.rf.1f2dc468100e5a32f7c59e170d6a6902.jpg,frame_00081_jpg.rf.1f2dc468100e5a32f7c59e170d6a6902.jpg,1047.7141350026895,508.81810252512776,9537.75,247.59920267684413,True
C:\Users\carmonta\Desktop\data-centric-cross-season-transfer\datasets\train_on_2025_all\images\frame_00081_jpg.rf.36d9975adcb80718e876e94c0452b520.jpg,frame_00081_jpg.rf.36d9975adcb80718e876e94c0452b520.jpg,1047.7141350026895,508.81810252512776,9537.75,247.59920267684413,True
C:\Users\carmonta\Desktop\data-centric-cross-season-transfer\datasets\train_on_2025_all\images\frame_00081_jpg.rf.4b42785a64fce5ce1cf312fda55f1a3e.jpg,frame_00081_jpg.rf.4b42785a64fce5ce1cf312fda55f1a3e.jpg,933.8744346124968,602.3380452845726,10758.75,283.78412769468497,True
C:\Users\carmonta\Desktop\data-centric-cross-season-transfer\datasets\train_on_2025_all\images\frame_00081_jpg.rf.5752f413ac050961397cce5ba1e6b14b.jpg,frame_00081_jpg.rf.5752f413ac050961397cce5ba1e6b14b.jpg,854.3565522703258,543.8413607252534,10556.000000000002,280.6810862871962,True
C:\Users\carmonta\Desktop\data-centric-cross-season-transfer\datasets\train_on_2025_all\images\frame_00081_jpg.rf.63dd2053fa205ac5e4c4a8b6a69b769e.jpg,frame_00081_jpg.rf.63dd2053fa205ac5e4c4a8b6a69b769e.jpg,910.6700267117099,600.1688430668665,10496.0,283.9900687292281,True
C:\Users\carmonta\Desktop\data-centric-cross-season-transfer\datasets\train_on_2025_all\images\frame_00081_jpg.rf.88ce8e48fff75b03c58083696451802e.jpg,frame_00081_jpg.rf.88ce8e48fff75b03c58083696451802e.jpg,1047.7141350026895,508.81810252512776,9537.75,247.59920267684413,True
C:\Users\carmonta\Desktop\data-centric-cross-season-transfer\datasets\train_on_2025_all\images\frame_00081_jpg.rf.b00049b30bec89db2977c5dec5d074c4.jpg,frame_00081_jpg.rf.b00049b30bec89db2977c5dec5d074c4.jpg,1030.958775074898,599.6109937972296,7172.0,273.2747134093865,True
C:\Users\carmonta\Desktop\data-centric-cross-season-transfer\datasets\train_on_2025_all\images\frame_00081_jpg.rf.cbf19d311c48376276029bf7b8009858.jpg,frame_00081_jpg.rf.cbf19d311c48376276029bf7b8009858.jpg,1030.958775074898,599.6109937972296,7172.0,273.2747134093865,True
C:\Users\carmonta\Desktop\data-centric-cross-season-transfer\datasets\train_on_2025_all\images\frame_00081_jpg.rf.e83d2bc04541deaeb60a1036ec9fed15.jpg,frame_00081_jpg.rf.e83d2bc04541deaeb60a1036ec9fed15.jpg,854.3565522703258,543.8413607252534,10556.000000000002,280.6810862871962,True
C:\Users\carmonta\Desktop\data-centric-cross-season-transfer\datasets\train_on_2025_all\images\frame_00082_jpg.rf.063d8f328d3283895b0ec095d65cce50.jpg,frame_00082_jpg.rf.063d8f328d3283895b0ec095d65cce50.jpg,1100.57870817733,579.5682475103407,9255.5,258.70492540036633,True
C:\Users\carmonta\Desktop\data-centric-cross-season-transfer\datasets\train_on_2025_all\images\frame_00082_jpg.rf.1f0fae801d220051008dcf07c3454ecb.jpg,frame_00082_jpg.rf.1f0fae801d220051008dcf07c3454ecb.jpg,1021.7838035102932,474.06917985120117,12696.0,241.84428210271162,True
C:\Users\carmonta\Desktop\data-centric-cross-season-transfer\datasets\train_on_2025_all\images\frame_00082_jpg.rf.30efe1e1fe9d89be07ee68e770477d94.jpg,frame_00082_jpg.rf.30efe1e1fe9d89be07ee68e770477d94.jpg,1021.7838035102932,474.06917985120117,12696.0,241.84428210271162,True
C:\Users\carmonta\Desktop\data-centric-cross-season-transfer\datasets\train_on_2025_all\images\frame_00082_jpg.rf.66e9da3aa73f4ae8514c6a7a5f9f051a.jpg,frame_00082_jpg.rf.66e9da3aa73f4ae8514c6a7a5f9f051a.jpg,1100.57870817733,579.5682475103407,9255.5,258.70492540036633,True
C:\Users\carmonta\Desktop\data-centric-cross-season-transfer\datasets\train_on_2025_all\images\frame_00082_jpg.rf.6ecb07a4b683cbca8b782c348f0279d1.jpg,frame_00082_jpg.rf.6ecb07a4b683cbca8b782c348f0279d1.jpg,1002.9854883843938,474.5730477310252,8219.25,249.8551092338654,True
C:\Users\carmonta\Desktop\data-centric-cross-season-transfer\datasets\train_on_2025_all\images\frame_00082_jpg.rf.709df099765c3541c1032c46ab487b09.jpg,frame_00082_jpg.rf.709df099765c3541c1032c46ab487b09.jpg,860.110966988173,731.0080691895554,11172.5,296.78086568443723,True
C:\Users\carmonta\Desktop\data-centric-cross-season-transfer\datasets\train_on_2025_all\images\frame_00082_jpg.rf.90cd22253090ef1fbd19d80574dc131a.jpg,frame_00082_jpg.rf.90cd22253090ef1fbd19d80574dc131a.jpg,860.110966988173,731.0080691895554,11172.5,296.78086568443723,True
C:\Users\carmonta\Desktop\data-centric-cross-season-transfer\datasets\train_on_2025_all\images\frame_00082_jpg.rf.9920e1bedaa7dd9207dc7f087f0a1ced.jpg,frame_00082_jpg.rf.9920e1bedaa7dd9207dc7f087f0a1ced.jpg,938.7935781244465,576.1535773042726,7568.0,272.81556846365254,True
C:\Users\carmonta\Desktop\data-centric-cross-season-transfer\datasets\train_on_2025_all\images\frame_00082_jpg.rf.b06217ea09d421999acb6746db3ccad1.jpg,frame_00082_jpg.rf.b06217ea09d421999acb6746db3ccad1.jpg,888.5218180101234,560.4463243390912,14732.000000000002,277.23022657594584,True
C:\Users\carmonta\Desktop\data-centric-cross-season-transfer\datasets\train_on_2025_all\images\frame_00082_jpg.rf.ba4d50cea9833b778e6abe10382c0254.jpg,frame_00082_jpg.rf.ba4d50cea9833b778e6abe10382c0254.jpg,938.7935781244465,576.1535773042726,7568.0,272.81556846365254,True
C:\Users\carmonta\Desktop\data-centric-cross-season-transfer\datasets\train_on_2025_all\images\frame_00082_jpg.rf.c218207094b459fa878d95555d0927cb.jpg,frame_00082_jpg.rf.c218207094b459fa878d95555d0927cb.jpg,938.7935781244465,576.1535773042726,7568.0,272.81556846365254,True
C:\Users\carmonta\Desktop\data-centric-cross-season-transfer\datasets\train_on_2025_all\images\frame_00082_jpg.rf.c9f07f29ba97dc2a12945eeb9f684914.jpg,frame_00082_jpg.rf.c9f07f29ba97dc2a12945eeb9f684914.jpg,1021.7838035102932,474.06917985120117,12696.0,241.84428210271162,True
C:\Users\carmonta\Desktop\data-centric-cross-season-transfer\datasets\train_on_2025_all\images\frame_00082_jpg.rf.d2890528062dfc703f5b43214247f903.jpg,frame_00082_jpg.rf.d2890528062dfc703f5b43214247f903.jpg,862.304483613937,517.8883676058942,8394.5,277.1388454148875,True
C:\Users\carmonta\Desktop\data-centric-cross-season-transfer\datasets\train_on_2025_all\images\frame_00082_jpg.rf.e0204946a265f86a31495b76026a5d8d.jpg,frame_00082_jpg.rf.e0204946a265f86a31495b76026a5d8d.jpg,862.304483613937,517.8883676058942,8394.5,277.1388454148875,True
C:\Users\carmonta\Desktop\data-centric-cross-season-transfer\datasets\train_on_2025_all\images\frame_00082_jpg.rf.ecd26f50652ac7457fa23bc83dc0ca39.jpg,frame_00082_jpg.rf.ecd26f50652ac7457fa23bc83dc0ca39.jpg,1002.9854883843938,474.5730477310252,8219.25,249.8551092338654,True
C:\Users\carmonta\Desktop\data-centric-cross-season-transfer\datasets\train_on_2025_all\images\frame_00083_jpg.rf.049f7ea9ad42d3e8413f59247b6a322d.jpg,frame_00083_jpg.rf.049f7ea9ad42d3e8413f59247b6a322d.jpg,988.3390046535618,548.9762957226643,8952.75,268.5166872067131,True
C:\Users\carmonta\Desktop\data-centric-cross-season-transfer\datasets\train_on_2025_all\images\frame_00083_jpg.rf.177135d23af9ed1b0dd194b4cebfea02.jpg,frame_00083_jpg.rf.177135d23af9ed1b0dd194b4cebfea02.jpg,1185.3694872142755,581.1935931258836,10902.0,247.18684092792301,True
C:\Users\carmonta\Desktop\data-centric-cross-season-transfer\datasets\train_on_2025_all\images\frame_00083_jpg.rf.33a0e15c0be731a623abcfcbe06dade5.jpg,frame_00083_jpg.rf.33a0e15c0be731a623abcfcbe06dade5.jpg,907.8758675878966,473.6689535452892,10956.0,268.13891948536036,True
C:\Users\carmonta\Desktop\data-centric-cross-season-transfer\datasets\train_on_2025_all\images\frame_00083_jpg.rf.6d8c387a1d99ff8435a7afcf7c0e790f.jpg,frame_00083_jpg.rf.6d8c387a1d99ff8435a7afcf7c0e790f.jpg,1185.3694872142755,581.1935931258836,10902.0,247.18684092792301,True
C:\Users\carmonta\Desktop\data-centric-cross-season-transfer\datasets\train_on_2025_all\images\frame_00083_jpg.rf.7cb7fbf9d640148e9e1e20846c9a0e59.jpg,frame_00083_jpg.rf.7cb7fbf9d640148e9e1e20846c9a0e59.jpg,907.8758675878966,473.6689535452892,10956.0,268.13891948536036,True
C:\Users\carmonta\Desktop\data-centric-cross-season-transfer\datasets\train_on_2025_all\images\frame_00083_jpg.rf.9607906f487bb5d7bbee5ae8d622b187.jpg,frame_00083_jpg.rf.9607906f487bb5d7bbee5ae8d622b187.jpg,813.0863303549418,660.5055849749831,4721.750000000001,292.8204536187912,True
C:\Users\carmonta\Desktop\data-centric-cross-season-transfer\datasets\train_on_2025_all\images\frame_00083_jpg.rf.97c728206a90ea09a6def13141f2e0b4.jpg,frame_00083_jpg.rf.97c728206a90ea09a6def13141f2e0b4.jpg,1185.3694872142755,581.1935931258836,10902.0,247.18684092792301,True
C:\Users\carmonta\Desktop\data-centric-cross-season-transfer\datasets\train_on_2025_all\images\frame_00083_jpg.rf.ccc2ff9db61c58375f5bd9fd1ec0b7fc.jpg,frame_00083_jpg.rf.ccc2ff9db61c58375f5bd9fd1ec0b7fc.jpg,907.8758675878966,473.6689535452892,10956.0,268.13891948536036,True
C:\Users\carmonta\Desktop\data-centric-cross-season-transfer\datasets\train_on_2025_all\images\frame_00083_jpg.rf.ea885b9c4b3a8f5456d574c6a5af1637.jpg,frame_00083_jpg.rf.ea885b9c4b3a8f5456d574c6a5af1637.jpg,988.3390046535618,548.9762957226643,8952.75,268.5166872067131,True
C:\Users\carmonta\Desktop\data-centric-cross-season-transfer\datasets\train_on_2025_all\images\frame_00083_jpg.rf.f18de3c9817e55b9755093d0e552dc04.jpg,frame_00083_jpg.rf.f18de3c9817e55b9755093d0e552dc04.jpg,813.0863303549418,660.5055849749831,4721.750000000001,292.8204536187912,True
C:\Users\carmonta\Desktop\data-centric-cross-season-transfer\datasets\train_on_2025_all\images\frame_00083_jpg.rf.fd9106caad80a1970676db79de8abb5f.jpg,frame_00083_jpg.rf.fd9106caad80a1970676db79de8abb5f.jpg,988.3390046535618,548.9762957226643,8952.75,268.5166872067131,True
C:\Users\carmonta\Desktop\data-centric-cross-season-transfer\datasets\train_on_2025_all\images\frame_00084_jpg.rf.05c0652f6952f1f2614b42dee2aae20f.jpg,frame_00084_jpg.rf.05c0652f6952f1f2614b42dee2aae20f.jpg,937.1739888054324,610.7309542446093,6231.0,281.96932401099497,True
C:\Users\carmonta\Desktop\data-centric-cross-season-transfer\datasets\train_on_2025_all\images\frame_00084_jpg.rf.2d8bc5b60c7b933ca2353a4c9a6711b9.jpg,frame_00084_jpg.rf.2d8bc5b60c7b933ca2353a4c9a6711b9.jpg,1114.7742787797215,603.8100114776367,10880.0,262.0858967641296,True
C:\Users\carmonta\Desktop\data-centric-cross-season-transfer\datasets\train_on_2025_all\images\frame_00084_jpg.rf.47fc53a43a41a74a33c3c24e77e619f0.jpg,frame_00084_jpg.rf.47fc53a43a41a74a33c3c24e77e619f0.jpg,910.404230097242,507.316314024725,12561.0,274.6303128090743,True
C:\Users\carmonta\Desktop\data-centric-cross-season-transfer\datasets\train_on_2025_all\images\frame_00084_jpg.rf.86731da5195f165e41d1b5b1245dd00c.jpg,frame_00084_jpg.rf.86731da5195f165e41d1b5b1245dd00c.jpg,937.1739888054324,610.7309542446093,6231.0,281.96932401099497,True
C:\Users\carmonta\Desktop\data-centric-cross-season-transfer\datasets\train_on_2025_all\images\frame_00084_jpg.rf.86ca6d772a18a85c34cb9b09fc624e2d.jpg,frame_00084_jpg.rf.86ca6d772a18a85c34cb9b09fc624e2d.jpg,895.2747990768361,553.2167188545494,7590.0,275.3305055397342,True
C:\Users\carmonta\Desktop\data-centric-cross-season-transfer\datasets\train_on_2025_all\images\frame_00084_jpg.rf.8ff070fd0f090f60ead95a56a496f036.jpg,frame_00084_jpg.rf.8ff070fd0f090f60ead95a56a496f036.jpg,1114.7742787797215,603.8100114776367,10880.0,262.0858967641296,True
C:\Users\carmonta\Desktop\data-centric-cross-season-transfer\datasets\train_on_2025_all\images\frame_00084_jpg.rf.95cc8d7188711f21b4e304fd4f89d67d.jpg,frame_00084_jpg.rf.95cc8d7188711f21b4e304fd4f89d67d.jpg,910.404230097242,507.316314024725,12561.0,274.6303128090743,True
C:\Users\carmonta\Desktop\data-centric-cross-season-transfer\datasets\train_on_2025_all\images\frame_00084_jpg.rf.b03fdbbeed3d555106412116f4ba62c5.jpg,frame_00084_jpg.rf.b03fdbbeed3d555106412116f4ba62c5.jpg,895.2747990768361,553.2167188545494,7590.0,275.3305055397342,True
C:\Users\carmonta\Desktop\data-centric-cross-season-transfer\datasets\train_on_2025_all\images\frame_00084_jpg.rf.be4e6188b6ef0533fd828220a9daf91d.jpg,frame_00084_jpg.rf.be4e6188b6ef0533fd828220a9daf91d.jpg,910.404230097242,507.316314024725,12561.0,274.6303128090743,True
C:\Users\carmonta\Desktop\data-centric-cross-season-transfer\datasets\train_on_2025_all\images\frame_00085_jpg.rf.04ec43de67b7ccce1d05f9376b6dfec4.jpg,frame_00085_jpg.rf.04ec43de67b7ccce1d05f9376b6dfec4.jpg,1044.7317527362804,684.8691621861083,6063.5,281.0272164154677,True
C:\Users\carmonta\Desktop\data-centric-cross-season-transfer\datasets\train_on_2025_all\images\frame_00085_jpg.rf.0e9a1203946c87724bb6aac2fd156fdd.jpg,frame_00085_jpg.rf.0e9a1203946c87724bb6aac2fd156fdd.jpg,842.3452802197525,539.0495034483002,4796.5,281.99383421448454,True
C:\Users\carmonta\Desktop\data-centric-cross-season-transfer\datasets\train_on_2025_all\images\frame_00085_jpg.rf.1161fca6571b4ad91231bf29e580b421.jpg,frame_00085_jpg.rf.1161fca6571b4ad91231bf29e580b421.jpg,936.7203205844629,466.43786014099385,10295.25,258.38926195045235,True
C:\Users\carmonta\Desktop\data-centric-cross-season-transfer\datasets\train_on_2025_all\images\frame_00085_jpg.rf.6cbf5cf3e20e7c34b749020a3e1b984d.jpg,frame_00085_jpg.rf.6cbf5cf3e20e7c34b749020a3e1b984d.jpg,936.7203205844629,466.43786014099385,10295.25,258.38926195045235,True
C:\Users\carmonta\Desktop\data-centric-cross-season-transfer\datasets\train_on_2025_all\images\frame_00085_jpg.rf.750f34d787974ff6c8c80b7f34b43cc0.jpg,frame_00085_jpg.rf.750f34d787974ff6c8c80b7f34b43cc0.jpg,915.6064435342729,684.6647893560106,5022.0,287.7323216997332,True
C:\Users\carmonta\Desktop\data-centric-cross-season-transfer\datasets\train_on_2025_all\images\frame_00085_jpg.rf.844b01290ed551f9b286411da7f4c8fc.jpg,frame_00085_jpg.rf.844b01290ed551f9b286411da7f4c8fc.jpg,1101.4930389049466,596.0201780425765,7024.5,262.5749270594368,True
C:\Users\carmonta\Desktop\data-centric-cross-season-transfer\datasets\train_on_2025_all\images\frame_00085_jpg.rf.aa704dd311ed1ea17cf5e875c6e09a77.jpg,frame_00085_jpg.rf.aa704dd311ed1ea17cf5e875c6e09a77.jpg,1101.4930389049466,596.0201780425765,7024.5,262.5749270594368,True
C:\Users\carmonta\Desktop\data-centric-cross-season-transfer\datasets\train_on_2025_all\images\frame_00085_jpg.rf.c591bc1e27531cd22c8390ca336d7a76.jpg,frame_00085_jpg.rf.c591bc1e27531cd22c8390ca336d7a76.jpg,1044.7317527362804,684.8691621861083,6063.5,281.0272164154677,True
C:\Users\carmonta\Desktop\data-centric-cross-season-transfer\datasets\train_on_2025_all\images\frame_00085_jpg.rf.ded2d2a400010488d355d72962ea04c9.jpg,frame_00085_jpg.rf.ded2d2a400010488d355d72962ea04c9.jpg,915.6064435342729,684.6647893560106,5022.0,287.7323216997332,True
C:\Users\carmonta\Desktop\data-centric-cross-season-transfer\datasets\train_on_2025_all\images\frame_00085_jpg.rf.ecce20b9f85124d9b51b20733f86ee05.jpg,frame_00085_jpg.rf.ecce20b9f85124d9b51b20733f86ee05.jpg,936.7203205844629,466.43786014099385,10295.25,258.38926195045235,True
C:\Users\carmonta\Desktop\data-centric-cross-season-transfer\datasets\train_on_2025_all\images\frame_00085_jpg.rf.f2f0bb961fb7a62c4d472356c8f06666.jpg,frame_00085_jpg.rf.f2f0bb961fb7a62c4d472356c8f06666.jpg,915.6064435342729,684.6647893560106,5022.0,287.7323216997332,True
C:\Users\carmonta\Desktop\data-centric-cross-season-transfer\datasets\train_on_2025_all\images\frame_00085_jpg.rf.fa2421e69682de63bcb464de02e68eaf.jpg,frame_00085_jpg.rf.fa2421e69682de63bcb464de02e68eaf.jpg,1101.4930389049466,596.0201780425765,7024.5,262.5749270594368,True
C:\Users\carmonta\Desktop\data-centric-cross-season-transfer\datasets\train_on_2025_all\images\frame_00085_jpg.rf.fcbe9a885e3254846da5e39e39df7076.jpg,frame_00085_jpg.rf.fcbe9a885e3254846da5e39e39df7076.jpg,842.3452802197525,539.0495034483002,4796.5,281.99383421448454,True
C:\Users\carmonta\Desktop\data-centric-cross-season-transfer\datasets\train_on_2025_all\images\frame_00085_jpg.rf.fdfe7390b29d43d0f420d8f63776a570.jpg,frame_00085_jpg.rf.fdfe7390b29d43d0f420d8f63776a570.jpg,1044.7317527362804,684.8691621861083,6063.5,281.0272164154677,True
C:\Users\carmonta\Desktop\data-centric-cross-season-transfer\datasets\train_on_2025_all\images\frame_00086_jpg.rf.231a8ca5c74a529a2d6f1d7e6633aaea.jpg,frame_00086_jpg.rf.231a8ca5c74a529a2d6f1d7e6633aaea.jpg,824.7636564278046,598.5306869936935,9746.5,289.866898689134,True
C:\Users\carmonta\Desktop\data-centric-cross-season-transfer\datasets\train_on_2025_all\images\frame_00086_jpg.rf.38d25f6e9238641c8f3f68a1dcd0feba.jpg,frame_00086_jpg.rf.38d25f6e9238641c8f3f68a1dcd0feba.jpg,824.7636564278046,598.5306869936935,9746.5,289.866898689134,True
C:\Users\carmonta\Desktop\data-centric-cross-season-transfer\datasets\train_on_2025_all\images\frame_00086_jpg.rf.76c0da3e6687eb529780d69362c35429.jpg,frame_00086_jpg.rf.76c0da3e6687eb529780d69362c35429.jpg,1076.4374178010994,624.829507099823,7414.75,268.802579912004,True
C:\Users\carmonta\Desktop\data-centric-cross-season-transfer\datasets\train_on_2025_all\images\frame_00086_jpg.rf.7ffe067a967065644a13b881cf777259.jpg,frame_00086_jpg.rf.7ffe067a967065644a13b881cf777259.jpg,1076.4374178010994,624.829507099823,7414.75,268.802579912004,True
C:\Users\carmonta\Desktop\data-centric-cross-season-transfer\datasets\train_on_2025_all\images\frame_00086_jpg.rf.9d415e29ddb26f99ddd6d6ead4cc3f8c.jpg,frame_00086_jpg.rf.9d415e29ddb26f99ddd6d6ead4cc3f8c.jpg,1076.4374178010994,624.829507099823,7414.75,268.802579912004,True
C:\Users\carmonta\Desktop\data-centric-cross-season-transfer\datasets\train_on_2025_all\images\frame_00086_jpg.rf.ae5b5728d114c52b70d77dbfb85f07b4.jpg,frame_00086_jpg.rf.ae5b5728d114c52b70d77dbfb85f07b4.jpg,858.5374512242521,477.7963613294304,8084.999999999999,272.76424707739073,True
C:\Users\carmonta\Desktop\data-centric-cross-season-transfer\datasets\train_on_2025_all\images\frame_00086_jpg.rf.ccb77c006309cba021e0b42f529b9105.jpg,frame_00086_jpg.rf.ccb77c006309cba021e0b42f529b9105.jpg,858.5374512242521,477.7963613294304,8084.999999999999,272.76424707739073,True
C:\Users\carmonta\Desktop\data-centric-cross-season-transfer\datasets\train_on_2025_all\images\frame_00086_jpg.rf.cf2dee4e89d41c649134f6047a7f98a4.jpg,frame_00086_jpg.rf.cf2dee4e89d41c649134f6047a7f98a4.jpg,858.5374512242521,477.7963613294304,8084.999999999999,272.76424707739073,True
C:\Users\carmonta\Desktop\data-centric-cross-season-transfer\datasets\train_on_2025_all\images\frame_00087_jpg.rf.0defcf7f8e9bca37291d6b0a8683a7b1.jpg,frame_00087_jpg.rf.0defcf7f8e9bca37291d6b0a8683a7b1.jpg,845.0030543557717,554.4120289477685,9287.25,281.2399246423372,True
C:\Users\carmonta\Desktop\data-centric-cross-season-transfer\datasets\train_on_2025_all\images\frame_00087_jpg.rf.13a12e48c3e654a3a2189530007a8d47.jpg,frame_00087_jpg.rf.13a12e48c3e654a3a2189530007a8d47.jpg,1082.7591914585605,622.7722292025968,8151.5,270.11713691908835,True
C:\Users\carmonta\Desktop\data-centric-cross-season-transfer\datasets\train_on_2025_all\images\frame_00087_jpg.rf.6a67fb71c65caa779c3c9f99d5bfa803.jpg,frame_00087_jpg.rf.6a67fb71c65caa779c3c9f99d5bfa803.jpg,1248.26651399661,680.4567460865114,8137.0,262.5661005040213,True
C:\Users\carmonta\Desktop\data-centric-cross-season-transfer\datasets\train_on_2025_all\images\frame_00087_jpg.rf.702b838c9f5387c482d8281c65ca83c3.jpg,frame_00087_jpg.rf.702b838c9f5387c482d8281c65ca83c3.jpg,1248.26651399661,680.4567460865114,8137.0,262.5661005040213,True
C:\Users\carmonta\Desktop\data-centric-cross-season-transfer\datasets\train_on_2025_all\images\frame_00087_jpg.rf.7cb87a27d76c6be6a9a9223e89785e14.jpg,frame_00087_jpg.rf.7cb87a27d76c6be6a9a9223e89785e14.jpg,881.3445872450502,545.6272369398761,10998.0,278.09237718613997,True
C:\Users\carmonta\Desktop\data-centric-cross-season-transfer\datasets\train_on_2025_all\images\frame_00087_jpg.rf.8d336092e2227bd846f2adf57833a5ab.jpg,frame_00087_jpg.rf.8d336092e2227bd846f2adf57833a5ab.jpg,845.0030543557717,554.4120289477685,9287.25,281.2399246423372,True
C:\Users\carmonta\Desktop\data-centric-cross-season-transfer\datasets\train_on_2025_all\images\frame_00087_jpg.rf.952aefbd5877e10931c6a1b95cb44103.jpg,frame_00087_jpg.rf.952aefbd5877e10931c6a1b95cb44103.jpg,881.3445872450502,545.6272369398761,10998.0,278.09237718613997,True
C:\Users\carmonta\Desktop\data-centric-cross-season-transfer\datasets\train_on_2025_all\images\frame_00087_jpg.rf.b7475a9039b5c11a3b48b8f848026b33.jpg,frame_00087_jpg.rf.b7475a9039b5c11a3b48b8f848026b33.jpg,1248.26651399661,680.4567460865114,8137.0,262.5661005040213,True
C:\Users\carmonta\Desktop\data-centric-cross-season-transfer\datasets\train_on_2025_all\images\frame_00087_jpg.rf.ea9df635dd1c909ed538be153db5548f.jpg,frame_00087_jpg.rf.ea9df635dd1c909ed538be153db5548f.jpg,1082.7591914585605,622.7722292025968,8151.5,270.11713691908835,True
C:\Users\carmonta\Desktop\data-centric-cross-season-transfer\datasets\train_on_2025_all\images\frame_00088_jpg.rf.085d0c06516a6ac9948d7104b0a7faee.jpg,frame_00088_jpg.rf.085d0c06516a6ac9948d7104b0a7faee.jpg,1150.3278417618526,692.2669235911786,14574.5,270.9583664891222,True
C:\Users\carmonta\Desktop\data-centric-cross-season-transfer\datasets\train_on_2025_all\images\frame_00088_jpg.rf.2c544c2ec52a3ef747e6485a7575c313.jpg,frame_00088_jpg.rf.2c544c2ec52a3ef747e6485a7575c313.jpg,1018.599237092675,566.4037158223475,8475.0,269.052250210611,True
C:\Users\carmonta\Desktop\data-centric-cross-season-transfer\datasets\train_on_2025_all\images\frame_00088_jpg.rf.34d942644c8b56ace203e826c58a244b.jpg,frame_00088_jpg.rf.34d942644c8b56ace203e826c58a244b.jpg,1150.3278417618526,692.2669235911786,14574.5,270.9583664891222,True
C:\Users\carmonta\Desktop\data-centric-cross-season-transfer\datasets\train_on_2025_all\images\frame_00088_jpg.rf.5d4c6e509de053a39b55f30a64becc79.jpg,frame_00088_jpg.rf.5d4c6e509de053a39b55f30a64becc79.jpg,845.5310631387812,656.6648220510167,14174.999999999998,294.72569548620726,True
C:\Users\carmonta\Desktop\data-centric-cross-season-transfer\datasets\train_on_2025_all\images\frame_00088_jpg.rf.5da0f12485b1e6a02aacd4b8333ea691.jpg,frame_00088_jpg.rf.5da0f12485b1e6a02aacd4b8333ea691.jpg,1025.4264548827482,535.8297833034597,9561.750000000002,260.28605617599595,True
C:\Users\carmonta\Desktop\data-centric-cross-season-transfer\datasets\train_on_2025_all\images\frame_00088_jpg.rf.887f60abf987023f3313d57adf26e9e0.jpg,frame_00088_jpg.rf.887f60abf987023f3313d57adf26e9e0.jpg,1150.3278417618526,692.2669235911786,14574.5,270.9583664891222,True
C:\Users\carmonta\Desktop\data-centric-cross-season-transfer\datasets\train_on_2025_all\images\frame_00088_jpg.rf.91e8a70545c1721b815477917db02a4f.jpg,frame_00088_jpg.rf.91e8a70545c1721b815477917db02a4f.jpg,866.9171461982355,526.5224878206232,11126.249999999998,276.27846928447093,True
C:\Users\carmonta\Desktop\data-centric-cross-season-transfer\datasets\train_on_2025_all\images\frame_00088_jpg.rf.9d925ed0828f2d28c440c1f70764ee62.jpg,frame_00088_jpg.rf.9d925ed0828f2d28c440c1f70764ee62.jpg,866.9171461982355,526.5224878206232,11126.249999999998,276.27846928447093,True
C:\Users\carmonta\Desktop\data-centric-cross-season-transfer\datasets\train_on_2025_all\images\frame_00088_jpg.rf.d632c5137fbbda859be9d6c361b22846.jpg,frame_00088_jpg.rf.d632c5137fbbda859be9d6c361b22846.jpg,1025.4264548827482,535.8297833034597,9561.750000000002,260.28605617599595,True
C:\Users\carmonta\Desktop\data-centric-cross-season-transfer\datasets\train_on_2025_all\images\frame_00088_jpg.rf.e9378952f52cfdeb79796f81477908e3.jpg,frame_00088_jpg.rf.e9378952f52cfdeb79796f81477908e3.jpg,1018.599237092675,566.4037158223475,8475.0,269.052250210611,True
C:\Users\carmonta\Desktop\data-centric-cross-season-transfer\datasets\train_on_2025_all\images\frame_00088_jpg.rf.ebecc63fddba84b66d9fb72b958e09e4.jpg,frame_00088_jpg.rf.ebecc63fddba84b66d9fb72b958e09e4.jpg,1018.599237092675,566.4037158223475,8475.0,269.052250210611,True
C:\Users\carmonta\Desktop\data-centric-cross-season-transfer\datasets\train_on_2025_all\images\frame_00089_jpg.rf.47f21dfe9c678478e779fae78a20c7aa.jpg,frame_00089_jpg.rf.47f21dfe9c678478e779fae78a20c7aa.jpg,1059.1780703313527,514.2639159141676,10500.0,230.99871936357937,True
C:\Users\carmonta\Desktop\data-centric-cross-season-transfer\datasets\train_on_2025_all\images\frame_00089_jpg.rf.65357cb4c83c6223d5b3f2cfdb4bf7ae.jpg,frame_00089_jpg.rf.65357cb4c83c6223d5b3f2cfdb4bf7ae.jpg,942.9284859553167,605.3738611800131,12066.250000000002,283.6384320631576,True
C:\Users\carmonta\Desktop\data-centric-cross-season-transfer\datasets\train_on_2025_all\images\frame_00089_jpg.rf.7474ace6da236cc78b6bd6516df5abb5.jpg,frame_00089_jpg.rf.7474ace6da236cc78b6bd6516df5abb5.jpg,1059.1780703313527,514.2639159141676,10500.0,230.99871936357937,True
C:\Users\carmonta\Desktop\data-centric-cross-season-transfer\datasets\train_on_2025_all\images\frame_00089_jpg.rf.8a5da7b6a4b7a8c8807b5f50f1fab6c3.jpg,frame_00089_jpg.rf.8a5da7b6a4b7a8c8807b5f50f1fab6c3.jpg,852.4392113180461,526.6981974981585,7344.0,277.21748496847397,True
C:\Users\carmonta\Desktop\data-centric-cross-season-transfer\datasets\train_on_2025_all\images\frame_00089_jpg.rf.a4c637e0cb439e74ec226424f9a2e2ba.jpg,frame_00089_jpg.rf.a4c637e0cb439e74ec226424f9a2e2ba.jpg,1059.1780703313527,514.2639159141676,10500.0,230.99871936357937,True
C:\Users\carmonta\Desktop\data-centric-cross-season-transfer\datasets\train_on_2025_all\images\frame_00089_jpg.rf.d086e38f5e66f33a99f9e4efbdcec98f.jpg,frame_00089_jpg.rf.d086e38f5e66f33a99f9e4efbdcec98f.jpg,852.4392113180461,526.6981974981585,7344.0,277.21748496847397,True
C:\Users\carmonta\Desktop\data-centric-cross-season-transfer\datasets\train_on_2025_all\images\frame_00090_jpg.rf.1453d75906f6168bfaf20fe8f8ea988c.jpg,frame_00090_jpg.rf.1453d75906f6168bfaf20fe8f8ea988c.jpg,1014.1168407080717,555.4866151653155,14355.000000000002,271.3965945433788,True
C:\Users\carmonta\Desktop\data-centric-cross-season-transfer\datasets\train_on_2025_all\images\frame_00090_jpg.rf.2cd8b22f5de151c74c68ac7b1c63f48e.jpg,frame_00090_jpg.rf.2cd8b22f5de151c74c68ac7b1c63f48e.jpg,1014.1168407080717,555.4866151653155,14355.000000000002,271.3965945433788,True
C:\Users\carmonta\Desktop\data-centric-cross-season-transfer\datasets\train_on_2025_all\images\frame_00090_jpg.rf.2e9bd3cf5ffe63d39a534acebd42c7ec.jpg,frame_00090_jpg.rf.2e9bd3cf5ffe63d39a534acebd42c7ec.jpg,835.2147443969988,534.5513679258461,9900.25,279.49686467720716,True
C:\Users\carmonta\Desktop\data-centric-cross-season-transfer\datasets\train_on_2025_all\images\frame_00090_jpg.rf.30f33aec70cbb56931a078cd73039d67.jpg,frame_00090_jpg.rf.30f33aec70cbb56931a078cd73039d67.jpg,876.111055395674,430.1951541222649,6114.75,254.457253720624,True
C:\Users\carmonta\Desktop\data-centric-cross-season-transfer\datasets\train_on_2025_all\images\frame_00090_jpg.rf.4078aa3eb969768839583318d6651a91.jpg,frame_00090_jpg.rf.4078aa3eb969768839583318d6651a91.jpg,850.9150599629965,831.702013966095,5934.75,300.30813717726886,True
C:\Users\carmonta\Desktop\data-centric-cross-season-transfer\datasets\train_on_2025_all\images\frame_00090_jpg.rf.60de19cb6127821bb76314e44b056238.jpg,frame_00090_jpg.rf.60de19cb6127821bb76314e44b056238.jpg,1096.1387159688318,554.1404164414832,7488.0,236.82977220497662,True
C:\Users\carmonta\Desktop\data-centric-cross-season-transfer\datasets\train_on_2025_all\images\frame_00090_jpg.rf.6ebb4d785214a49764d33dfcde83ee22.jpg,frame_00090_jpg.rf.6ebb4d785214a49764d33dfcde83ee22.jpg,835.2147443969988,534.5513679258461,9900.25,279.49686467720716,True
C:\Users\carmonta\Desktop\data-centric-cross-season-transfer\datasets\train_on_2025_all\images\frame_00090_jpg.rf.7bb1bdf5d4103856e5f721236f29d813.jpg,frame_00090_jpg.rf.7bb1bdf5d4103856e5f721236f29d813.jpg,1096.1387159688318,554.1404164414832,7488.0,236.82977220497662,True
C:\Users\carmonta\Desktop\data-centric-cross-season-transfer\datasets\train_on_2025_all\images\frame_00090_jpg.rf.7ea47bf9a6bc888c967cf51784b61d75.jpg,frame_00090_jpg.rf.7ea47bf9a6bc888c967cf51784b61d75.jpg,1014.1168407080717,555.4866151653155,14355.000000000002,271.3965945433788,True
C:\Users\carmonta\Desktop\data-centric-cross-season-transfer\datasets\train_on_2025_all\images\frame_00090_jpg.rf.85c1060ab62efb7561ae3edbf5c7641c.jpg,frame_00090_jpg.rf.85c1060ab62efb7561ae3edbf5c7641c.jpg,876.111055395674,430.1951541222649,6114.75,254.457253720624,True
C:\Users\carmonta\Desktop\data-centric-cross-season-transfer\datasets\train_on_2025_all\images\frame_00090_jpg.rf.b38b94e1f8466f86b0794254433f0e63.jpg,frame_00090_jpg.rf.b38b94e1f8466f86b0794254433f0e63.jpg,850.9150599629965,831.702013966095,5934.75,300.30813717726886,True
C:\Users\carmonta\Desktop\data-centric-cross-season-transfer\datasets\train_on_2025_all\images\frame_00090_jpg.rf.f15ee5dce3f36e649622e8213eca5f17.jpg,frame_00090_jpg.rf.f15ee5dce3f36e649622e8213eca5f17.jpg,835.2147443969988,534.5513679258461,9900.25,279.49686467720716,True
C:\Users\carmonta\Desktop\data-centric-cross-season-transfer\datasets\train_on_2025_all\images\frame_00090_jpg.rf.f4ac0c83dc8e91c0e68d97029549cd0d.jpg,frame_00090_jpg.rf.f4ac0c83dc8e91c0e68d97029549cd0d.jpg,850.9150599629965,831.702013966095,5934.75,300.30813717726886,True
C:\Users\carmonta\Desktop\data-centric-cross-season-transfer\datasets\train_on_2025_all\images\frame_00090_jpg.rf.f9e089d1ed97088bd634444b6e2a8fae.jpg,frame_00090_jpg.rf.f9e089d1ed97088bd634444b6e2a8fae.jpg,1096.1387159688318,554.1404164414832,7488.0,236.82977220497662,True
C:\Users\carmonta\Desktop\data-centric-cross-season-transfer\datasets\train_on_2025_all\images\frame_00091_jpg.rf.2324858d4d78912b41ff0c9185569bf3.jpg,frame_00091_jpg.rf.2324858d4d78912b41ff0c9185569bf3.jpg,900.819553723617,756.732090974142,5381.25,297.3136502243042,True
C:\Users\carmonta\Desktop\data-centric-cross-season-transfer\datasets\train_on_2025_all\images\frame_00091_jpg.rf.49a020127958af0f36f0760848f8bac6.jpg,frame_00091_jpg.rf.49a020127958af0f36f0760848f8bac6.jpg,1058.3456081289262,506.3086182265556,15048.000000000002,249.68962843905143,True
C:\Users\carmonta\Desktop\data-centric-cross-season-transfer\datasets\train_on_2025_all\images\frame_00091_jpg.rf.974b6b31b7262170ed0c6352309f4189.jpg,frame_00091_jpg.rf.974b6b31b7262170ed0c6352309f4189.jpg,865.6618296995723,539.3528821579124,13282.0,274.67265584679063,True
C:\Users\carmonta\Desktop\data-centric-cross-season-transfer\datasets\train_on_2025_all\images\frame_00091_jpg.rf.9e21a184196a39949dc2b962f9ee8710.jpg,frame_00091_jpg.rf.9e21a184196a39949dc2b962f9ee8710.jpg,900.819553723617,756.732090974142,5381.25,297.3136502243042,True
C:\Users\carmonta\Desktop\data-centric-cross-season-transfer\datasets\train_on_2025_all\images\frame_00091_jpg.rf.a42f4601b9810cf874fe445437e60835.jpg,frame_00091_jpg.rf.a42f4601b9810cf874fe445437e60835.jpg,994.5747224856175,489.69465538094715,15986.25,237.14825409200114,True
C:\Users\carmonta\Desktop\data-centric-cross-season-transfer\datasets\train_on_2025_all\images\frame_00091_jpg.rf.aebe15e8d901546151e924e367e5c36b.jpg,frame_00091_jpg.rf.aebe15e8d901546151e924e367e5c36b.jpg,1018.9565107874129,558.7060507810993,6441.0,270.5795431226146,True
C:\Users\carmonta\Desktop\data-centric-cross-season-transfer\datasets\train_on_2025_all\images\frame_00091_jpg.rf.bbbc7a96b4f205b7acb274fece3594ff.jpg,frame_00091_jpg.rf.bbbc7a96b4f205b7acb274fece3594ff.jpg,1058.3456081289262,506.3086182265556,15048.000000000002,249.68962843905143,True
C:\Users\carmonta\Desktop\data-centric-cross-season-transfer\datasets\train_on_2025_all\images\frame_00091_jpg.rf.c2bf8d118dbde4895a08f0754254cde2.jpg,frame_00091_jpg.rf.c2bf8d118dbde4895a08f0754254cde2.jpg,900.819553723617,756.732090974142,5381.25,297.3136502243042,True
C:\Users\carmonta\Desktop\data-centric-cross-season-transfer\datasets\train_on_2025_all\images\frame_00091_jpg.rf.d740c5e002bb7fb8ffce657caaea2510.jpg,frame_00091_jpg.rf.d740c5e002bb7fb8ffce657caaea2510.jpg,865.6618296995723,539.3528821579124,13282.0,274.67265584679063,True
C:\Users\carmonta\Desktop\data-centric-cross-season-transfer\datasets\train_on_2025_all\images\frame_00091_jpg.rf.dcd8041c004425b36e0b5c671ee57609.jpg,frame_00091_jpg.rf.dcd8041c004425b36e0b5c671ee57609.jpg,1018.9565107874129,558.7060507810993,6441.0,270.5795431226146,True
C:\Users\carmonta\Desktop\data-centric-cross-season-transfer\datasets\train_on_2025_all\images\frame_00091_jpg.rf.eb58b6570b5d5863afe9af6143227bfd.jpg,frame_00091_jpg.rf.eb58b6570b5d5863afe9af6143227bfd.jpg,994.5747224856175,489.69465538094715,15986.25,237.14825409200114,True
C:\Users\carmonta\Desktop\data-centric-cross-season-transfer\datasets\train_on_2025_all\images\frame_00092_jpg.rf.24f8010f7fa1f9de0c2ba8b62d188036.jpg,frame_00092_jpg.rf.24f8010f7fa1f9de0c2ba8b62d188036.jpg,992.9865402858662,693.5182064248079,10222.0,283.15020083311623,True
C:\Users\carmonta\Desktop\data-centric-cross-season-transfer\datasets\train_on_2025_all\images\frame_00092_jpg.rf.271d5ab25dfcfaa99eeb0b9a9d21a4d9.jpg,frame_00092_jpg.rf.271d5ab25dfcfaa99eeb0b9a9d21a4d9.jpg,1055.7338944951407,617.0107559716431,8376.75,276.19165039276254,True
C:\Users\carmonta\Desktop\data-centric-cross-season-transfer\datasets\train_on_2025_all\images\frame_00092_jpg.rf.31c834486d2db4945cc8c40280c4135a.jpg,frame_00092_jpg.rf.31c834486d2db4945cc8c40280c4135a.jpg,902.6041867650039,651.0159190580894,7913.0,285.8096831976824,True
C:\Users\carmonta\Desktop\data-centric-cross-season-transfer\datasets\train_on_2025_all\images\frame_00092_jpg.rf.4d717835b6bbbea0a2429fffd5d837b2.jpg,frame_00092_jpg.rf.4d717835b6bbbea0a2429fffd5d837b2.jpg,902.6041867650039,651.0159190580894,7913.0,285.8096831976824,True
C:\Users\carmonta\Desktop\data-centric-cross-season-transfer\datasets\train_on_2025_all\images\frame_00092_jpg.rf.4e7d1be2bab69a81a36a8b3d367322cc.jpg,frame_00092_jpg.rf.4e7d1be2bab69a81a36a8b3d367322cc.jpg,863.9663801193469,747.9209365964147,7735.0,298.5439698159848,True
C:\Users\carmonta\Desktop\data-centric-cross-season-transfer\datasets\train_on_2025_all\images\frame_00092_jpg.rf.50af9ccb7b23d7c46f51719eecb59d92.jpg,frame_00092_jpg.rf.50af9ccb7b23d7c46f51719eecb59d92.jpg,935.6923641694541,803.9684399228288,12528.0,298.0457745497777,True
C:\Users\carmonta\Desktop\data-centric-cross-season-transfer\datasets\train_on_2025_all\images\frame_00092_jpg.rf.5804fa9fb75f881883de58e3f259a5de.jpg,frame_00092_jpg.rf.5804fa9fb75f881883de58e3f259a5de.jpg,902.6041867650039,651.0159190580894,7913.0,285.8096831976824,True
C:\Users\carmonta\Desktop\data-centric-cross-season-transfer\datasets\train_on_2025_all\images\frame_00092_jpg.rf.5a2ce7fd47018b934894efac416a8425.jpg,frame_00092_jpg.rf.5a2ce7fd47018b934894efac416a8425.jpg,935.6923641694541,803.9684399228288,12528.0,298.0457745497777,True
C:\Users\carmonta\Desktop\data-centric-cross-season-transfer\datasets\train_on_2025_all\images\frame_00092_jpg.rf.b37be458bed61533b55ffe9262398f74.jpg,frame_00092_jpg.rf.b37be458bed61533b55ffe9262398f74.jpg,1055.7338944951407,617.0107559716431,8376.75,276.19165039276254,True
C:\Users\carmonta\Desktop\data-centric-cross-season-transfer\datasets\train_on_2025_all\images\frame_00092_jpg.rf.b9d633fa9859970640e47f390fd85d08.jpg,frame_00092_jpg.rf.b9d633fa9859970640e47f390fd85d08.jpg,1055.7338944951407,617.0107559716431,8376.75,276.19165039276254,True
C:\Users\carmonta\Desktop\data-centric-cross-season-transfer\datasets\train_on_2025_all\images\frame_00092_jpg.rf.c536c659ef2a431ee6772a68f901c06e.jpg,frame_00092_jpg.rf.c536c659ef2a431ee6772a68f901c06e.jpg,992.9865402858662,693.5182064248079,10222.0,283.15020083311623,True
C:\Users\carmonta\Desktop\data-centric-cross-season-transfer\datasets\train_on_2025_all\images\frame_00092_jpg.rf.e6d1fed4322e6020e638f9f560df7cc4.jpg,frame_00092_jpg.rf.e6d1fed4322e6020e638f9f560df7cc4.jpg,935.6923641694541,803.9684399228288,12528.0,298.0457745497777,True
C:\Users\carmonta\Desktop\data-centric-cross-season-transfer\datasets\train_on_2025_all\images\frame_00093_jpg.rf.059d082d146fae63b372789316b6e454.jpg,frame_00093_jpg.rf.059d082d146fae63b372789316b6e454.jpg,833.4218148124935,724.8706388465671,12205.5,294.5890314600375,True
C:\Users\carmonta\Desktop\data-centric-cross-season-transfer\datasets\train_on_2025_all\images\frame_00093_jpg.rf.5f7bd94e923560a3fca2e892c7921fc7.jpg,frame_00093_jpg.rf.5f7bd94e923560a3fca2e892c7921fc7.jpg,848.0554701124337,773.9722894266531,10500.0,299.8398219281195,True
C:\Users\carmonta\Desktop\data-centric-cross-season-transfer\datasets\train_on_2025_all\images\frame_00093_jpg.rf.7a49d46dc68fb93f5e9a3aaf771c702d.jpg,frame_00093_jpg.rf.7a49d46dc68fb93f5e9a3aaf771c702d.jpg,995.1099781730553,585.5806733836192,9087.0,269.5886014404657,True
C:\Users\carmonta\Desktop\data-centric-cross-season-transfer\datasets\train_on_2025_all\images\frame_00093_jpg.rf.9ae7647d2480453df9552d026bb6935a.jpg,frame_00093_jpg.rf.9ae7647d2480453df9552d026bb6935a.jpg,833.4218148124935,724.8706388465671,12205.5,294.5890314600375,True
C:\Users\carmonta\Desktop\data-centric-cross-season-transfer\datasets\train_on_2025_all\images\frame_00093_jpg.rf.9f4ffe2fd18580197a7bed003d4756c7.jpg,frame_00093_jpg.rf.9f4ffe2fd18580197a7bed003d4756c7.jpg,995.1099781730553,585.5806733836192,9087.0,269.5886014404657,True
C:\Users\carmonta\Desktop\data-centric-cross-season-transfer\datasets\train_on_2025_all\images\frame_00093_jpg.rf.a70de9b15a46983f92a75ccd7790f9b8.jpg,frame_00093_jpg.rf.a70de9b15a46983f92a75ccd7790f9b8.jpg,995.1099781730553,585.5806733836192,9087.0,269.5886014404657,True
C:\Users\carmonta\Desktop\data-centric-cross-season-transfer\datasets\train_on_2025_all\images\frame_00093_jpg.rf.ae171a20e6af5a9ef50e6feb3ff4753c.jpg,frame_00093_jpg.rf.ae171a20e6af5a9ef50e6feb3ff4753c.jpg,925.6490311432924,547.3914790280353,8500.0,270.91912523503834,True
C:\Users\carmonta\Desktop\data-centric-cross-season-transfer\datasets\train_on_2025_all\images\frame_00093_jpg.rf.b5ac52c15d5ce6945c88cc4018240bcf.jpg,frame_00093_jpg.rf.b5ac52c15d5ce6945c88cc4018240bcf.jpg,848.0554701124337,773.9722894266531,10500.0,299.8398219281195,True
C:\Users\carmonta\Desktop\data-centric-cross-season-transfer\datasets\train_on_2025_all\images\frame_00093_jpg.rf.ef88df0205a9e04078fbea973180aabb.jpg,frame_00093_jpg.rf.ef88df0205a9e04078fbea973180aabb.jpg,833.4218148124935,724.8706388465671,12205.5,294.5890314600375,True
C:\Users\carmonta\Desktop\data-centric-cross-season-transfer\datasets\train_on_2025_all\images\frame_00094_jpg.rf.007bcd002caf661d456b7a45e0c1b308.jpg,frame_00094_jpg.rf.007bcd002caf661d456b7a45e0c1b308.jpg,909.6991201556423,611.2077371558831,7625.0,282.0001068884472,True
C:\Users\carmonta\Desktop\data-centric-cross-season-transfer\datasets\train_on_2025_all\images\frame_00094_jpg.rf.23682a37c4862681c825fba8ba3b59bc.jpg,frame_00094_jpg.rf.23682a37c4862681c825fba8ba3b59bc.jpg,869.9260134616959,747.6562789514873,7125.0,297.0308308217163,True
C:\Users\carmonta\Desktop\data-centric-cross-season-transfer\datasets\train_on_2025_all\images\frame_00094_jpg.rf.8debf0d6c0ccea18413edfc566bd0438.jpg,frame_00094_jpg.rf.8debf0d6c0ccea18413edfc566bd0438.jpg,869.9260134616959,747.6562789514873,7125.0,297.0308308217163,True
C:\Users\carmonta\Desktop\data-centric-cross-season-transfer\datasets\train_on_2025_all\images\frame_00094_jpg.rf.c67ff41fc16379591f8704b9954e234e.jpg,frame_00094_jpg.rf.c67ff41fc16379591f8704b9954e234e.jpg,869.9260134616959,747.6562789514873,7125.0,297.0308308217163,True
C:\Users\carmonta\Desktop\data-centric-cross-season-transfer\datasets\train_on_2025_all\images\frame_00094_jpg.rf.d2bc79b48cd26edc645ff9dceff78342.jpg,frame_00094_jpg.rf.d2bc79b48cd26edc645ff9dceff78342.jpg,1003.2693863225564,607.1136409452392,6112.0,274.73591019360117,True
C:\Users\carmonta\Desktop\data-centric-cross-season-transfer\datasets\train_on_2025_all\images\frame_00094_jpg.rf.d9c61fe7d3709eadcab8c1c549f4f978.jpg,frame_00094_jpg.rf.d9c61fe7d3709eadcab8c1c549f4f978.jpg,1003.2693863225564,607.1136409452392,6112.0,274.73591019360117,True
C:\Users\carmonta\Desktop\data-centric-cross-season-transfer\datasets\train_on_2025_all\images\frame_00094_jpg.rf.f19b4af8d8c378e5460624e1574b5b22.jpg,frame_00094_jpg.rf.f19b4af8d8c378e5460624e1574b5b22.jpg,909.6991201556423,611.2077371558831,7625.0,282.0001068884472,True
C:\Users\carmonta\Desktop\data-centric-cross-season-transfer\datasets\train_on_2025_all\images\frame_00094_jpg.rf.f7e73ba53b2612f8b092654d792a13d5.jpg,frame_00094_jpg.rf.f7e73ba53b2612f8b092654d792a13d5.jpg,1003.2693863225564,607.1136409452392,6112.0,274.73591019360117,True
C:\Users\carmonta\Desktop\data-centric-cross-season-transfer\datasets\train_on_2025_all\images\frame_00095_jpg.rf.0254d627a599fe2f81be69842fc8dc6d.jpg,frame_00095_jpg.rf.0254d627a599fe2f81be69842fc8dc6d.jpg,1080.7684661107342,533.2927030990303,11529.0,232.81709855531807,True
C:\Users\carmonta\Desktop\data-centric-cross-season-transfer\datasets\train_on_2025_all\images\frame_00095_jpg.rf.05b13dc43bc396f17c2980411c919ecb.jpg,frame_00095_jpg.rf.05b13dc43bc396f17c2980411c919ecb.jpg,865.3882305458008,672.5354094805358,9585.0,291.753877553244,True
C:\Users\carmonta\Desktop\data-centric-cross-season-transfer\datasets\train_on_2025_all\images\frame_00095_jpg.rf.1868eb3d0df489350d76f14b2415783e.jpg,frame_00095_jpg.rf.1868eb3d0df489350d76f14b2415783e.jpg,1080.7684661107342,533.2927030990303,11529.0,232.81709855531807,True
C:\Users\carmonta\Desktop\data-centric-cross-season-transfer\datasets\train_on_2025_all\images\frame_00095_jpg.rf.6715de46c6e4842046de99a1d999b9f2.jpg,frame_00095_jpg.rf.6715de46c6e4842046de99a1d999b9f2.jpg,865.3882305458008,672.5354094805358,9585.0,291.753877553244,True
C:\Users\carmonta\Desktop\data-centric-cross-season-transfer\datasets\train_on_2025_all\images\frame_00095_jpg.rf.68ff302bad5e317275ae80601388c8a7.jpg,frame_00095_jpg.rf.68ff302bad5e317275ae80601388c8a7.jpg,848.6521973791386,471.2026148870978,13981.5,266.8280041627253,True
C:\Users\carmonta\Desktop\data-centric-cross-season-transfer\datasets\train_on_2025_all\images\frame_00095_jpg.rf.9f2b780fde5897e80b47d2037bbe3061.jpg,frame_00095_jpg.rf.9f2b780fde5897e80b47d2037bbe3061.jpg,1181.5827396397758,564.6434207173153,8201.250000000002,234.70208862281208,True
C:\Users\carmonta\Desktop\data-centric-cross-season-transfer\datasets\train_on_2025_all\images\frame_00095_jpg.rf.a28e8f2e08382d511ce94047cb89c7ce.jpg,frame_00095_jpg.rf.a28e8f2e08382d511ce94047cb89c7ce.jpg,848.6521973791386,471.2026148870978,13981.5,266.8280041627253,True
C:\Users\carmonta\Desktop\data-centric-cross-season-transfer\datasets\train_on_2025_all\images\frame_00095_jpg.rf.bba0cc34425cbd919b74e3322c8695d5.jpg,frame_00095_jpg.rf.bba0cc34425cbd919b74e3322c8695d5.jpg,1080.7684661107342,533.2927030990303,11529.0,232.81709855531807,True
C:\Users\carmonta\Desktop\data-centric-cross-season-transfer\datasets\train_on_2025_all\images\frame_00095_jpg.rf.dafb561a70c86e56c77a9776ead87a97.jpg,frame_00095_jpg.rf.dafb561a70c86e56c77a9776ead87a97.jpg,865.3882305458008,672.5354094805358,9585.0,291.753877553244,True
C:\Users\carmonta\Desktop\data-centric-cross-season-transfer\datasets\train_on_2025_all\images\frame_00095_jpg.rf.e5026536e80db2dad3e166f73c9b8c97.jpg,frame_00095_jpg.rf.e5026536e80db2dad3e166f73c9b8c97.jpg,1181.5827396397758,564.6434207173153,8201.250000000002,234.70208862281208,True
C:\Users\carmonta\Desktop\data-centric-cross-season-transfer\datasets\train_on_2025_all\images\frame_00095_jpg.rf.f70c1b2763beafa37762d453d7993bb7.jpg,frame_00095_jpg.rf.f70c1b2763beafa37762d453d7993bb7.jpg,848.6521973791386,471.2026148870978,13981.5,266.8280041627253,True
C:\Users\carmonta\Desktop\data-centric-cross-season-transfer\datasets\train_on_2025_all\images\frame_00096_jpg.rf.96b29308cf15a821bc3df26f8436e966.jpg,frame_00096_jpg.rf.96b29308cf15a821bc3df26f8436e966.jpg,905.8339397386871,654.7637375633443,9720.000000000002,289.84369713281126,True
C:\Users\carmonta\Desktop\data-centric-cross-season-transfer\datasets\train_on_2025_all\images\frame_00096_jpg.rf.9f2c5777b312c737c0ee914fad21cda3.jpg,frame_00096_jpg.rf.9f2c5777b312c737c0ee914fad21cda3.jpg,834.4413713902852,694.0143226018849,9993.75,295.16370880632576,True
C:\Users\carmonta\Desktop\data-centric-cross-season-transfer\datasets\train_on_2025_all\images\frame_00096_jpg.rf.a8fb15b77325172017894c8a56f5ecb2.jpg,frame_00096_jpg.rf.a8fb15b77325172017894c8a56f5ecb2.jpg,885.7801150483282,638.6210038028629,9084.999999999998,287.3408278713524,True
C:\Users\carmonta\Desktop\data-centric-cross-season-transfer\datasets\train_on_2025_all\images\frame_00096_jpg.rf.af0256ac1c6a390d00af0dd386039b15.jpg,frame_00096_jpg.rf.af0256ac1c6a390d00af0dd386039b15.jpg,885.7801150483282,638.6210038028629,9084.999999999998,287.3408278713524,True
C:\Users\carmonta\Desktop\data-centric-cross-season-transfer\datasets\train_on_2025_all\images\frame_00096_jpg.rf.deb46a3b4aaed8f73db0e74e05bddd85.jpg,frame_00096_jpg.rf.deb46a3b4aaed8f73db0e74e05bddd85.jpg,834.4413713902852,694.0143226018849,9993.75,295.16370880632576,True
C:\Users\carmonta\Desktop\data-centric-cross-season-transfer\datasets\train_on_2025_all\images\frame_00096_jpg.rf.e538ab7f15211b59a67584363b50e54e.jpg,frame_00096_jpg.rf.e538ab7f15211b59a67584363b50e54e.jpg,834.4413713902852,694.0143226018849,9993.75,295.16370880632576,True
C:\Users\carmonta\Desktop\data-centric-cross-season-transfer\datasets\train_on_2025_all\images\frame_00096_jpg.rf.ea30fd5da54402eba4d7ba755b1aa607.jpg,frame_00096_jpg.rf.ea30fd5da54402eba4d7ba755b1aa607.jpg,905.8339397386871,654.7637375633443,9720.000000000002,289.84369713281126,True
C:\Users\carmonta\Desktop\data-centric-cross-season-transfer\datasets\train_on_2025_all\images\frame_00097_jpg.rf.016efc57307cad84a5680d4e27eb89e4.jpg,frame_00097_jpg.rf.016efc57307cad84a5680d4e27eb89e4.jpg,976.7764523399491,654.8601761041435,10190.5,283.42749686331507,True
C:\Users\carmonta\Desktop\data-centric-cross-season-transfer\datasets\train_on_2025_all\images\frame_00097_jpg.rf.143be334c2f7748de71136e49dcbaa33.jpg,frame_00097_jpg.rf.143be334c2f7748de71136e49dcbaa33.jpg,933.3253404392866,712.5906937818663,2575.5,293.0926429202641,True
C:\Users\carmonta\Desktop\data-centric-cross-season-transfer\datasets\train_on_2025_all\images\frame_00097_jpg.rf.23026e3481b08a9bf2cdb18f2d54b3ae.jpg,frame_00097_jpg.rf.23026e3481b08a9bf2cdb18f2d54b3ae.jpg,976.7764523399491,654.8601761041435,10190.5,283.42749686331507,True
C:\Users\carmonta\Desktop\data-centric-cross-season-transfer\datasets\train_on_2025_all\images\frame_00097_jpg.rf.5b0ff2dcc4567f288c33f67277106824.jpg,frame_00097_jpg.rf.5b0ff2dcc4567f288c33f67277106824.jpg,976.7764523399491,654.8601761041435,10190.5,283.42749686331507,True
C:\Users\carmonta\Desktop\data-centric-cross-season-transfer\datasets\train_on_2025_all\images\frame_00097_jpg.rf.876cea64d3fe6ba66a95ed1d3fd15f97.jpg,frame_00097_jpg.rf.876cea64d3fe6ba66a95ed1d3fd15f97.jpg,849.1989440871005,521.4467742468645,15887.5,277.9616839945352,True
C:\Users\carmonta\Desktop\data-centric-cross-season-transfer\datasets\train_on_2025_all\images\frame_00097_jpg.rf.a404655f7d252186c4f5aee3be75034e.jpg,frame_00097_jpg.rf.a404655f7d252186c4f5aee3be75034e.jpg,849.1989440871005,521.4467742468645,15887.5,277.9616839945352,True
C:\Users\carmonta\Desktop\data-centric-cross-season-transfer\datasets\train_on_2025_all\images\frame_00097_jpg.rf.c95137855b1c0b04c0cc726eaae02669.jpg,frame_00097_jpg.rf.c95137855b1c0b04c0cc726eaae02669.jpg,933.3253404392866,712.5906937818663,2575.5,293.0926429202641,True
C:\Users\carmonta\Desktop\data-centric-cross-season-transfer\datasets\train_on_2025_all\images\frame_00097_jpg.rf.ca748125b041e9cded5d3b32ca1ddb0b.jpg,frame_00097_jpg.rf.ca748125b041e9cded5d3b32ca1ddb0b.jpg,950.1881273976946,540.403410546851,4419.75,274.00196341620256,True
C:\Users\carmonta\Desktop\data-centric-cross-season-transfer\datasets\train_on_2025_all\images\frame_00097_jpg.rf.d2e10cecec01f1aeefa4a8d24f0931a9.jpg,frame_00097_jpg.rf.d2e10cecec01f1aeefa4a8d24f0931a9.jpg,933.3253404392866,712.5906937818663,2575.5,293.0926429202641,True
C:\Users\carmonta\Desktop\data-centric-cross-season-transfer\datasets\train_on_2025_all\images\frame_00097_jpg.rf.e83601e98da270289ee91c0b2e9bb05f.jpg,frame_00097_jpg.rf.e83601e98da270289ee91c0b2e9bb05f.jpg,950.1881273976946,540.403410546851,4419.75,274.00196341620256,True
C:\Users\carmonta\Desktop\data-centric-cross-season-transfer\datasets\train_on_2025_all\images\frame_00098_jpg.rf.0328b7ec3df8056cb224ebc8d3c43c26.jpg,frame_00098_jpg.rf.0328b7ec3df8056cb224ebc8d3c43c26.jpg,964.2073450103087,483.7168058033929,9993.75,261.8319404090808,True
C:\Users\carmonta\Desktop\data-centric-cross-season-transfer\datasets\train_on_2025_all\images\frame_00098_jpg.rf.419ba1e4b0df0e0d7ba65595a1b51c01.jpg,frame_00098_jpg.rf.419ba1e4b0df0e0d7ba65595a1b51c01.jpg,818.1260950397004,401.4538352190096,13674.0,243.98756711917406,True
C:\Users\carmonta\Desktop\data-centric-cross-season-transfer\datasets\train_on_2025_all\images\frame_00098_jpg.rf.612a3e44d02f79a8a0760687f96268bf.jpg,frame_00098_jpg.rf.612a3e44d02f79a8a0760687f96268bf.jpg,851.7242846484527,458.7307109053136,7175.999999999999,266.66928875852517,True
C:\Users\carmonta\Desktop\data-centric-cross-season-transfer\datasets\train_on_2025_all\images\frame_00098_jpg.rf.7618b7522124422762858e43b5024171.jpg,frame_00098_jpg.rf.7618b7522124422762858e43b5024171.jpg,851.7242846484527,458.7307109053136,7175.999999999999,266.66928875852517,True
C:\Users\carmonta\Desktop\data-centric-cross-season-transfer\datasets\train_on_2025_all\images\frame_00098_jpg.rf.a57f1d33ba6920fa7e174e3a1c1b2985.jpg,frame_00098_jpg.rf.a57f1d33ba6920fa7e174e3a1c1b2985.jpg,851.7242846484527,458.7307109053136,7175.999999999999,266.66928875852517,True
C:\Users\carmonta\Desktop\data-centric-cross-season-transfer\datasets\train_on_2025_all\images\frame_00098_jpg.rf.b6f3a5f3da72cbac0712f61b42fffa9d.jpg,frame_00098_jpg.rf.b6f3a5f3da72cbac0712f61b42fffa9d.jpg,818.1260950397004,401.4538352190096,13674.0,243.98756711917406,True
C:\Users\carmonta\Desktop\data-centric-cross-season-transfer\datasets\train_on_2025_all\images\frame_00098_jpg.rf.ddb4874e1fb31104eab5a006623ff744.jpg,frame_00098_jpg.rf.ddb4874e1fb31104eab5a006623ff744.jpg,818.1260950397004,401.4538352190096,13674.0,243.98756711917406,True
C:\Users\carmonta\Desktop\data-centric-cross-season-transfer\datasets\train_on_2025_all\images\frame_00098_jpg.rf.e2dd269f268b48d290bfb6e8808ed852.jpg,frame_00098_jpg.rf.e2dd269f268b48d290bfb6e8808ed852.jpg,964.2073450103087,483.7168058033929,9993.75,261.8319404090808,True
C:\Users\carmonta\Desktop\data-centric-cross-season-transfer\datasets\train_on_2025_all\images\frame_00098_jpg.rf.e6cc1c730c742d9f46408d3a1b080450.jpg,frame_00098_jpg.rf.e6cc1c730c742d9f46408d3a1b080450.jpg,1095.1618922174089,523.5351235306078,7540.0,240.26755934442883,True
C:\Users\carmonta\Desktop\data-centric-cross-season-transfer\datasets\train_on_2025_all\images\frame_00099_jpg.rf.314941d067e31f23c281bc9f42a17afc.jpg,frame_00099_jpg.rf.314941d067e31f23c281bc9f42a17afc.jpg,906.0001289710787,754.7238117619054,7438.5,295.43677239508486,True
C:\Users\carmonta\Desktop\data-centric-cross-season-transfer\datasets\train_on_2025_all\images\frame_00099_jpg.rf.60ce93cee441f877c9966a4603162389.jpg,frame_00099_jpg.rf.60ce93cee441f877c9966a4603162389.jpg,794.4586315461187,402.46212071695174,9598.5,245.2434666374396,True
C:\Users\carmonta\Desktop\data-centric-cross-season-transfer\datasets\train_on_2025_all\images\frame_00099_jpg.rf.75ed22a1a22b1792bf842fda7d4ba948.jpg,frame_00099_jpg.rf.75ed22a1a22b1792bf842fda7d4ba948.jpg,987.1249300756033,479.1980776448263,7100.0,256.509419191166,True
C:\Users\carmonta\Desktop\data-centric-cross-season-transfer\datasets\train_on_2025_all\images\frame_00099_jpg.rf.8a52471f628284602b00a531a9649369.jpg,frame_00099_jpg.rf.8a52471f628284602b00a531a9649369.jpg,906.0001289710787,754.7238117619054,7438.5,295.43677239508486,True
C:\Users\carmonta\Desktop\data-centric-cross-season-transfer\datasets\train_on_2025_all\images\frame_00099_jpg.rf.90d8f23910b11d6b27e6c9fc9f07baf9.jpg,frame_00099_jpg.rf.90d8f23910b11d6b27e6c9fc9f07baf9.jpg,1046.6589320664189,491.5426621470433,8444.25,234.37012678442332,True
C:\Users\carmonta\Desktop\data-centric-cross-season-transfer\datasets\train_on_2025_all\images\frame_00099_jpg.rf.bd628caca8dedcf369c3695a5837bf7f.jpg,frame_00099_jpg.rf.bd628caca8dedcf369c3695a5837bf7f.jpg,794.4586315461187,402.46212071695174,9598.5,245.2434666374396,True
C:\Users\carmonta\Desktop\data-centric-cross-season-transfer\datasets\train_on_2025_all\images\frame_00099_jpg.rf.caabebfaa562d5d7d4a2dcbbdbe9970a.jpg,frame_00099_jpg.rf.caabebfaa562d5d7d4a2dcbbdbe9970a.jpg,794.4586315461187,402.46212071695174,9598.5,245.2434666374396,True
C:\Users\carmonta\Desktop\data-centric-cross-season-transfer\datasets\train_on_2025_all\images\frame_00099_jpg.rf.db7b17a68edd2ede531c5e0abf92bb30.jpg,frame_00099_jpg.rf.db7b17a68edd2ede531c5e0abf92bb30.jpg,864.2841329075029,832.1863455949725,3893.25,302.0916813459424,True
C:\Users\carmonta\Desktop\data-centric-cross-season-transfer\datasets\train_on_2025_all\images\frame_00099_jpg.rf.e0c45ea51ca6baabb3cb86611713d26d.jpg,frame_00099_jpg.rf.e0c45ea51ca6baabb3cb86611713d26d.jpg,1046.6589320664189,491.5426621470433,8444.25,234.37012678442332,True
C:\Users\carmonta\Desktop\data-centric-cross-season-transfer\datasets\train_on_2025_all\images\frame_00099_jpg.rf.e46b35da7299b159c1b5ddb7a6e85744.jpg,frame_00099_jpg.rf.e46b35da7299b159c1b5ddb7a6e85744.jpg,906.0001289710787,754.7238117619054,7438.5,295.43677239508486,True
C:\Users\carmonta\Desktop\data-centric-cross-season-transfer\datasets\train_on_2025_all\images\frame_00099_jpg.rf.e7db7dcfe32749a8245a9296982dcb4d.jpg,frame_00099_jpg.rf.e7db7dcfe32749a8245a9296982dcb4d.jpg,1046.6589320664189,491.5426621470433,8444.25,234.37012678442332,True
C:\Users\carmonta\Desktop\data-centric-cross-season-transfer\datasets\train_on_2025_all\images\frame_00099_jpg.rf.eb5b69ba439af0ff705fa68b38432c26.jpg,frame_00099_jpg.rf.eb5b69ba439af0ff705fa68b38432c26.jpg,987.1249300756033,479.1980776448263,7100.0,256.509419191166,True
C:\Users\carmonta\Desktop\data-centric-cross-season-transfer\datasets\train_on_2025_all\images\frame_00099_jpg.rf.ec536df61e8504da0401145af600698d.jpg,frame_00099_jpg.rf.ec536df61e8504da0401145af600698d.jpg,864.2841329075029,832.1863455949725,3893.25,302.0916813459424,True
C:\Users\carmonta\Desktop\data-centric-cross-season-transfer\datasets\train_on_2025_all\images\frame_00100_jpg.rf.1235f4977071ecf2e9abcf3fc457467f.jpg,frame_00100_jpg.rf.1235f4977071ecf2e9abcf3fc457467f.jpg,1008.602142315591,478.4842599909015,9078.0,235.37053901273617,True
C:\Users\carmonta\Desktop\data-centric-cross-season-transfer\datasets\train_on_2025_all\images\frame_00100_jpg.rf.32ddcea70f54ee615ea0f5b9bf425dc8.jpg,frame_00100_jpg.rf.32ddcea70f54ee615ea0f5b9bf425dc8.jpg,789.1216880542639,820.8383161800183,6473.5,306.04222082926833,True
C:\Users\carmonta\Desktop\data-centric-cross-season-transfer\datasets\train_on_2025_all\images\frame_00100_jpg.rf.38d043a8f9673a97289261a97aaf0021.jpg,frame_00100_jpg.rf.38d043a8f9673a97289261a97aaf0021.jpg,974.477247296877,638.203684115615,3318.0,283.8606436375901,True
C:\Users\carmonta\Desktop\data-centric-cross-season-transfer\datasets\train_on_2025_all\images\frame_00100_jpg.rf.3a65139c59024b3587bdb39de0204018.jpg,frame_00100_jpg.rf.3a65139c59024b3587bdb39de0204018.jpg,1021.8264565259691,515.9894858694721,12718.75,249.25922057714018,True
C:\Users\carmonta\Desktop\data-centric-cross-season-transfer\datasets\train_on_2025_all\images\frame_00100_jpg.rf.5ecfc4d0e62910ba44076cfc45325e46.jpg,frame_00100_jpg.rf.5ecfc4d0e62910ba44076cfc45325e46.jpg,1021.8264565259691,515.9894858694721,12718.75,249.25922057714018,True
C:\Users\carmonta\Desktop\data-centric-cross-season-transfer\datasets\train_on_2025_all\images\frame_00100_jpg.rf.60af75aaecab8c9cc7f3cbbecd6909f8.jpg,frame_00100_jpg.rf.60af75aaecab8c9cc7f3cbbecd6909f8.jpg,1173.5602875961551,646.2844126994044,8372.25,265.4606768433407,True
C:\Users\carmonta\Desktop\data-centric-cross-season-transfer\datasets\train_on_2025_all\images\frame_00100_jpg.rf.6b775965dd421fbaf42080a905f4cb38.jpg,frame_00100_jpg.rf.6b775965dd421fbaf42080a905f4cb38.jpg,1021.8264565259691,515.9894858694721,12718.75,249.25922057714018,True
C:\Users\carmonta\Desktop\data-centric-cross-season-transfer\datasets\train_on_2025_all\images\frame_00100_jpg.rf.7524135ca2776f107c6a6a0238346f2e.jpg,frame_00100_jpg.rf.7524135ca2776f107c6a6a0238346f2e.jpg,1173.5602875961551,646.2844126994044,8372.25,265.4606768433407,True
C:\Users\carmonta\Desktop\data-centric-cross-season-transfer\datasets\train_on_2025_all\images\frame_00100_jpg.rf.8b0feb6cc9b36085d4e59dca973a063f.jpg,frame_00100_jpg.rf.8b0feb6cc9b36085d4e59dca973a063f.jpg,789.1216880542639,820.8383161800183,6473.5,306.04222082926833,True
C:\Users\carmonta\Desktop\data-centric-cross-season-transfer\datasets\train_on_2025_all\images\frame_00100_jpg.rf.976539325b2224a2b7735c48903e3960.jpg,frame_00100_jpg.rf.976539325b2224a2b7735c48903e3960.jpg,974.477247296877,638.203684115615,3318.0,283.8606436375901,True
C:\Users\carmonta\Desktop\data-centric-cross-season-transfer\datasets\train_on_2025_all\images\frame_00100_jpg.rf.dfb4b4df24c8223816f99e10a08cc818.jpg,frame_00100_jpg.rf.dfb4b4df24c8223816f99e10a08cc818.jpg,1008.602142315591,478.4842599909015,9078.0,235.37053901273617,True
C:\Users\carmonta\Desktop\data-centric-cross-season-transfer\datasets\train_on_2025_all\images\frame_00100_jpg.rf.efe6ba2efd42c2dbfc043d48dd74ba58.jpg,frame_00100_jpg.rf.efe6ba2efd42c2dbfc043d48dd74ba58.jpg,1173.5602875961551,646.2844126994044,8372.25,265.4606768433407,True
C:\Users\carmonta\Desktop\data-centric-cross-season-transfer\datasets\train_on_2025_all\images\frame_00100_jpg.rf.f5e65dd01d42b213b2054432614a3ff6.jpg,frame_00100_jpg.rf.f5e65dd01d42b213b2054432614a3ff6.jpg,789.1216880542639,820.8383161800183,6473.5,306.04222082926833,True
C:\Users\carmonta\Desktop\data-centric-cross-season-transfer\datasets\train_on_2025_all\images\frame_00101_jpg.rf.07ea5e15f53e30ef6ac100a9443020d6.jpg,frame_00101_jpg.rf.07ea5e15f53e30ef6ac100a9443020d6.jpg,963.0620131587849,613.8939253969296,5916.0,279.8563221666493,True
C:\Users\carmonta\Desktop\data-centric-cross-season-transfer\datasets\train_on_2025_all\images\frame_00101_jpg.rf.157b70319ac7104db907b76981cb884b.jpg,frame_00101_jpg.rf.157b70319ac7104db907b76981cb884b.jpg,959.4106880597731,605.456851941441,3784.5,281.37277411646664,True
C:\Users\carmonta\Desktop\data-centric-cross-season-transfer\datasets\train_on_2025_all\images\frame_00101_jpg.rf.292b87270c5d205743edf9461d306a59.jpg,frame_00101_jpg.rf.292b87270c5d205743edf9461d306a59.jpg,1062.3013568867007,526.717530725683,9854.999999999998,226.20473684522577,True
C:\Users\carmonta\Desktop\data-centric-cross-season-transfer\datasets\train_on_2025_all\images\frame_00101_jpg.rf.456db364053d589b5146839f799eee5d.jpg,frame_00101_jpg.rf.456db364053d589b5146839f799eee5d.jpg,845.4665757593073,715.9729508708508,8305.25,297.37356396804677,True
C:\Users\carmonta\Desktop\data-centric-cross-season-transfer\datasets\train_on_2025_all\images\frame_00101_jpg.rf.466c9498ada59b5d9fb9124d9d141b59.jpg,frame_00101_jpg.rf.466c9498ada59b5d9fb9124d9d141b59.jpg,959.4106880597731,605.456851941441,3784.5,281.37277411646664,True
C:\Users\carmonta\Desktop\data-centric-cross-season-transfer\datasets\train_on_2025_all\images\frame_00101_jpg.rf.50f2393476b5569f06686c2c79e8a176.jpg,frame_00101_jpg.rf.50f2393476b5569f06686c2c79e8a176.jpg,1062.3013568867007,526.717530725683,9854.999999999998,226.20473684522577,True
C:\Users\carmonta\Desktop\data-centric-cross-season-transfer\datasets\train_on_2025_all\images\frame_00101_jpg.rf.5cb35f2e41ba7cc4999534cc1ff2e64d.jpg,frame_00101_jpg.rf.5cb35f2e41ba7cc4999534cc1ff2e64d.jpg,845.4665757593073,715.9729508708508,8305.25,297.37356396804677,True
C:\Users\carmonta\Desktop\data-centric-cross-season-transfer\datasets\train_on_2025_all\images\frame_00101_jpg.rf.6da38b4835a6504f20837886122c3d65.jpg,frame_00101_jpg.rf.6da38b4835a6504f20837886122c3d65.jpg,959.4106880597731,605.456851941441,3784.5,281.37277411646664,True
C:\Users\carmonta\Desktop\data-centric-cross-season-transfer\datasets\train_on_2025_all\images\frame_00101_jpg.rf.7b375c7e938c979cf83a257be2318498.jpg,frame_00101_jpg.rf.7b375c7e938c979cf83a257be2318498.jpg,963.0620131587849,613.8939253969296,5916.0,279.8563221666493,True
C:\Users\carmonta\Desktop\data-centric-cross-season-transfer\datasets\train_on_2025_all\images\frame_00101_jpg.rf.c102f58e02524e64546eb5be7db50f9e.jpg,frame_00101_jpg.rf.c102f58e02524e64546eb5be7db50f9e.jpg,1062.3013568867007,526.717530725683,9854.999999999998,226.20473684522577,True
C:\Users\carmonta\Desktop\data-centric-cross-season-transfer\datasets\train_on_2025_all\images\frame_00101_jpg.rf.cd5824ed059a2445db85eb7962001c27.jpg,frame_00101_jpg.rf.cd5824ed059a2445db85eb7962001c27.jpg,963.0620131587849,613.8939253969296,5916.0,279.8563221666493,True
C:\Users\carmonta\Desktop\data-centric-cross-season-transfer\datasets\train_on_2025_all\images\frame_00101_jpg.rf.d31d73713c55348fad739840dda5e7f6.jpg,frame_00101_jpg.rf.d31d73713c55348fad739840dda5e7f6.jpg,1102.883577744401,600.7988551020376,10808.0,264.4212100183468,True
C:\Users\carmonta\Desktop\data-centric-cross-season-transfer\datasets\train_on_2025_all\images\frame_00102_jpg.rf.02cb9814887c6708aff5be8b9e390b31.jpg,frame_00102_jpg.rf.02cb9814887c6708aff5be8b9e390b31.jpg,872.1262679688126,589.7019041323956,7125.0,285.72976521161684,True
C:\Users\carmonta\Desktop\data-centric-cross-season-transfer\datasets\train_on_2025_all\images\frame_00102_jpg.rf.31c27773730eadd8dac837807eb65283.jpg,frame_00102_jpg.rf.31c27773730eadd8dac837807eb65283.jpg,995.7036595223854,585.3400428326529,4101.25,275.9015410157245,True
C:\Users\carmonta\Desktop\data-centric-cross-season-transfer\datasets\train_on_2025_all\images\frame_00102_jpg.rf.5412d4c86b50f5871d506e1337754386.jpg,frame_00102_jpg.rf.5412d4c86b50f5871d506e1337754386.jpg,1141.0026769237043,586.8244488435074,13454.999999999998,220.0570992620477,True
C:\Users\carmonta\Desktop\data-centric-cross-season-transfer\datasets\train_on_2025_all\images\frame_00102_jpg.rf.6c1e095fcadb2f15dbae7991f90b8166.jpg,frame_00102_jpg.rf.6c1e095fcadb2f15dbae7991f90b8166.jpg,995.7036595223854,585.3400428326529,4101.25,275.9015410157245,True
C:\Users\carmonta\Desktop\data-centric-cross-season-transfer\datasets\train_on_2025_all\images\frame_00102_jpg.rf.78f088c602119c1e41d78095bf96c973.jpg,frame_00102_jpg.rf.78f088c602119c1e41d78095bf96c973.jpg,867.1692835369607,504.99501749964384,7783.25,276.60849415837856,True
C:\Users\carmonta\Desktop\data-centric-cross-season-transfer\datasets\train_on_2025_all\images\frame_00102_jpg.rf.79a07a53c245b4af1a180965d8b669fe.jpg,frame_00102_jpg.rf.79a07a53c245b4af1a180965d8b669fe.jpg,867.1692835369607,504.99501749964384,7783.25,276.60849415837856,True
C:\Users\carmonta\Desktop\data-centric-cross-season-transfer\datasets\train_on_2025_all\images\frame_00102_jpg.rf.7f5acb416bf69cbe38f1e9b2dbf1d9ee.jpg,frame_00102_jpg.rf.7f5acb416bf69cbe38f1e9b2dbf1d9ee.jpg,995.7036595223854,585.3400428326529,4101.25,275.9015410157245,True
C:\Users\carmonta\Desktop\data-centric-cross-season-transfer\datasets\train_on_2025_all\images\frame_00102_jpg.rf.aab8ce303692aec3d50bdfb845a04b39.jpg,frame_00102_jpg.rf.aab8ce303692aec3d50bdfb845a04b39.jpg,1141.0026769237043,586.8244488435074,13454.999999999998,220.0570992620477,True
C:\Users\carmonta\Desktop\data-centric-cross-season-transfer\datasets\train_on_2025_all\images\frame_00102_jpg.rf.b4b0d3c3cfd74f4d89150d2ce9d40ff8.jpg,frame_00102_jpg.rf.b4b0d3c3cfd74f4d89150d2ce9d40ff8.jpg,872.1262679688126,589.7019041323956,7125.0,285.72976521161684,True
C:\Users\carmonta\Desktop\data-centric-cross-season-transfer\datasets\train_on_2025_all\images\frame_00102_jpg.rf.b5ffa78ef2dff523f8201b999381cf67.jpg,frame_00102_jpg.rf.b5ffa78ef2dff523f8201b999381cf67.jpg,867.1692835369607,504.99501749964384,7783.25,276.60849415837856,True
C:\Users\carmonta\Desktop\data-centric-cross-season-transfer\datasets\train_on_2025_all\images\frame_00103_jpg.rf.210596cdee04f60edb831fd18280b32f.jpg,frame_00103_jpg.rf.210596cdee04f60edb831fd18280b32f.jpg,1086.0654766586063,568.2136178905255,15059.249999999998,257.07018822618835,True
C:\Users\carmonta\Desktop\data-centric-cross-season-transfer\datasets\train_on_2025_all\images\frame_00103_jpg.rf.5345e1ebd932c457b969e8574365a3be.jpg,frame_00103_jpg.rf.5345e1ebd932c457b969e8574365a3be.jpg,1194.2982581253732,614.2669356502196,9792.0,217.8305866014286,True
C:\Users\carmonta\Desktop\data-centric-cross-season-transfer\datasets\train_on_2025_all\images\frame_00103_jpg.rf.985dfe9db41219fff0eba5d8cd0dae28.jpg,frame_00103_jpg.rf.985dfe9db41219fff0eba5d8cd0dae28.jpg,1032.1121034349756,595.9797186389868,8341.5,269.91801018669867,True
C:\Users\carmonta\Desktop\data-centric-cross-season-transfer\datasets\train_on_2025_all\images\frame_00103_jpg.rf.b01aa879d3a3ec42573232f6f6eb4c66.jpg,frame_00103_jpg.rf.b01aa879d3a3ec42573232f6f6eb4c66.jpg,1194.2982581253732,614.2669356502196,9792.0,217.8305866014286,True
C:\Users\carmonta\Desktop\data-centric-cross-season-transfer\datasets\train_on_2025_all\images\frame_00103_jpg.rf.b97b13115302354f811219096c9b9ebb.jpg,frame_00103_jpg.rf.b97b13115302354f811219096c9b9ebb.jpg,1086.0654766586063,568.2136178905255,15059.249999999998,257.07018822618835,True
C:\Users\carmonta\Desktop\data-centric-cross-season-transfer\datasets\train_on_2025_all\images\frame_00103_jpg.rf.cd17b01b2679fbdddc5bece7681ed711.jpg,frame_00103_jpg.rf.cd17b01b2679fbdddc5bece7681ed711.jpg,948.7582961042953,563.7770104380045,4223.749999999999,277.7477597466787,True
C:\Users\carmonta\Desktop\data-centric-cross-season-transfer\datasets\train_on_2025_all\images\frame_00103_jpg.rf.cee9890aaba090e70691ca47fd359aed.jpg,frame_00103_jpg.rf.cee9890aaba090e70691ca47fd359aed.jpg,1032.1121034349756,595.9797186389868,8341.5,269.91801018669867,True
C:\Users\carmonta\Desktop\data-centric-cross-season-transfer\datasets\train_on_2025_all\images\frame_00103_jpg.rf.edc8e67bda955f7a9c3c63cde8873bf1.jpg,frame_00103_jpg.rf.edc8e67bda955f7a9c3c63cde8873bf1.jpg,948.7582961042953,563.7770104380045,4223.749999999999,277.7477597466787,True
C:\Users\carmonta\Desktop\data-centric-cross-season-transfer\datasets\train_on_2025_all\images\frame_00103_jpg.rf.ee0047dbd8ef27c3bc20335c85779a66.jpg,frame_00103_jpg.rf.ee0047dbd8ef27c3bc20335c85779a66.jpg,948.7582961042953,563.7770104380045,4223.749999999999,277.7477597466787,True
C:\Users\carmonta\Desktop\data-centric-cross-season-transfer\datasets\train_on_2025_all\images\frame_00103_jpg.rf.f4f86cdce7e6004671274b07ff67598f.jpg,frame_00103_jpg.rf.f4f86cdce7e6004671274b07ff67598f.jpg,1032.1121034349756,595.9797186389868,8341.5,269.91801018669867,True
C:\Users\carmonta\Desktop\data-centric-cross-season-transfer\datasets\train_on_2025_all\images\frame_00104_jpg.rf.1593257adfa87dd48549a0b5f3afe258.jpg,frame_00104_jpg.rf.1593257adfa87dd48549a0b5f3afe258.jpg,707.5735016495797,460.4280745270579,8349.0,284.90296308045964,True
C:\Users\carmonta\Desktop\data-centric-cross-season-transfer\datasets\train_on_2025_all\images\frame_00104_jpg.rf.1b82511f026d2ee9719302eca42115f6.jpg,frame_00104_jpg.rf.1b82511f026d2ee9719302eca42115f6.jpg,869.0280149062988,491.4534988298638,4966.25,273.61039587271125,True
C:\Users\carmonta\Desktop\data-centric-cross-season-transfer\datasets\train_on_2025_all\images\frame_00104_jpg.rf.4919ab65f1c2dce49649acafbe36da47.jpg,frame_00104_jpg.rf.4919ab65f1c2dce49649acafbe36da47.jpg,869.0280149062988,491.4534988298638,4966.25,273.61039587271125,True
C:\Users\carmonta\Desktop\data-centric-cross-season-transfer\datasets\train_on_2025_all\images\frame_00104_jpg.rf.8b3a462cac5c6f9f0aa05a23dbfe9ac3.jpg,frame_00104_jpg.rf.8b3a462cac5c6f9f0aa05a23dbfe9ac3.jpg,869.0280149062988,491.4534988298638,4966.25,273.61039587271125,True
C:\Users\carmonta\Desktop\data-centric-cross-season-transfer\datasets\train_on_2025_all\images\frame_00104_jpg.rf.c555d13216f6888f3c17b3e94a60d939.jpg,frame_00104_jpg.rf.c555d13216f6888f3c17b3e94a60d939.jpg,716.772613004487,717.634983753776,6720.0,304.62549270476364,True
C:\Users\carmonta\Desktop\data-centric-cross-season-transfer\datasets\train_on_2025_all\images\frame_00104_jpg.rf.e01c86617d97d13184c8209331672844.jpg,frame_00104_jpg.rf.e01c86617d97d13184c8209331672844.jpg,716.772613004487,717.634983753776,6720.0,304.62549270476364,True
C:\Users\carmonta\Desktop\data-centric-cross-season-transfer\datasets\train_on_2025_all\images\frame_00104_jpg.rf.e18f0c24f01e4040c343580f346a0261.jpg,frame_00104_jpg.rf.e18f0c24f01e4040c343580f346a0261.jpg,707.5735016495797,460.4280745270579,8349.0,284.90296308045964,True
C:\Users\carmonta\Desktop\data-centric-cross-season-transfer\datasets\train_on_2025_all\images\frame_00105_jpg.rf.21d28dd99b370eaf6209eb167614ab26.jpg,frame_00105_jpg.rf.21d28dd99b370eaf6209eb167614ab26.jpg,836.1444576087554,706.8811051093467,12870.0,299.2750789416686,True
C:\Users\carmonta\Desktop\data-centric-cross-season-transfer\datasets\train_on_2025_all\images\frame_00105_jpg.rf.4a12c418657f6ed6a43ede02186db501.jpg,frame_00105_jpg.rf.4a12c418657f6ed6a43ede02186db501.jpg,836.1444576087554,706.8811051093467,12870.0,299.2750789416686,True
C:\Users\carmonta\Desktop\data-centric-cross-season-transfer\datasets\train_on_2025_all\images\frame_00105_jpg.rf.4e8a9c70c261a3c83d2c75a8f124d994.jpg,frame_00105_jpg.rf.4e8a9c70c261a3c83d2c75a8f124d994.jpg,836.1444576087554,706.8811051093467,12870.0,299.2750789416686,True
C:\Users\carmonta\Desktop\data-centric-cross-season-transfer\datasets\train_on_2025_all\images\frame_00105_jpg.rf.5620cb24d6d7c3a8842b5b06b5b0d463.jpg,frame_00105_jpg.rf.5620cb24d6d7c3a8842b5b06b5b0d463.jpg,895.4302772778123,420.28197393303964,9111.249999999998,251.6443540482149,True
C:\Users\carmonta\Desktop\data-centric-cross-season-transfer\datasets\train_on_2025_all\images\frame_00105_jpg.rf.7d9d7761799cbb9637a611f62384e17f.jpg,frame_00105_jpg.rf.7d9d7761799cbb9637a611f62384e17f.jpg,735.3895633850541,433.6869001641606,11524.0,278.05936795280354,True
C:\Users\carmonta\Desktop\data-centric-cross-season-transfer\datasets\train_on_2025_all\images\frame_00105_jpg.rf.a8d4b1dce9041699a28aecf5868f5f50.jpg,frame_00105_jpg.rf.a8d4b1dce9041699a28aecf5868f5f50.jpg,895.4302772778123,420.28197393303964,9111.249999999998,251.6443540482149,True
C:\Users\carmonta\Desktop\data-centric-cross-season-transfer\datasets\train_on_2025_all\images\frame_00105_jpg.rf.e6821fad66f51d2688d20d4e6091e6b0.jpg,frame_00105_jpg.rf.e6821fad66f51d2688d20d4e6091e6b0.jpg,735.3895633850541,433.6869001641606,11524.0,278.05936795280354,True
C:\Users\carmonta\Desktop\data-centric-cross-season-transfer\datasets\train_on_2025_all\images\frame_00105_jpg.rf.f712c37484c4564510b0a279da838f40.jpg,frame_00105_jpg.rf.f712c37484c4564510b0a279da838f40.jpg,895.4302772778123,420.28197393303964,9111.249999999998,251.6443540482149,True
C:\Users\carmonta\Desktop\data-centric-cross-season-transfer\datasets\train_on_2025_all\images\frame_00106_jpg.rf.2e5d2a0711cb22548ae8b972f046d915.jpg,frame_00106_jpg.rf.2e5d2a0711cb22548ae8b972f046d915.jpg,741.1954899333217,386.61540542576205,8875.25,266.71813099288926,True
C:\Users\carmonta\Desktop\data-centric-cross-season-transfer\datasets\train_on_2025_all\images\frame_00106_jpg.rf.3c52962705f3a6e6796849d4f945be59.jpg,frame_00106_jpg.rf.3c52962705f3a6e6796849d4f945be59.jpg,1046.5087118803494,569.4033373484264,7866.25,267.4184622188809,True
C:\Users\carmonta\Desktop\data-centric-cross-season-transfer\datasets\train_on_2025_all\images\frame_00106_jpg.rf.500de3d70b19417be35f3fd597519130.jpg,frame_00106_jpg.rf.500de3d70b19417be35f3fd597519130.jpg,775.3390888401151,407.72171617015243,11553.75,264.74529473287123,True
C:\Users\carmonta\Desktop\data-centric-cross-season-transfer\datasets\train_on_2025_all\images\frame_00106_jpg.rf.57f27d4c9fafbb714516a94492f03336.jpg,frame_00106_jpg.rf.57f27d4c9fafbb714516a94492f03336.jpg,741.1954899333217,386.61540542576205,8875.25,266.71813099288926,True
C:\Users\carmonta\Desktop\data-centric-cross-season-transfer\datasets\train_on_2025_all\images\frame_00106_jpg.rf.9eb6475d4a52ca388db65a2a1db1659a.jpg,frame_00106_jpg.rf.9eb6475d4a52ca388db65a2a1db1659a.jpg,741.1954899333217,386.61540542576205,8875.25,266.71813099288926,True
C:\Users\carmonta\Desktop\data-centric-cross-season-transfer\datasets\train_on_2025_all\images\frame_00106_jpg.rf.b6ad95e6ae0b27c53c9074e4586c9fb3.jpg,frame_00106_jpg.rf.b6ad95e6ae0b27c53c9074e4586c9fb3.jpg,1046.5087118803494,569.4033373484264,7866.25,267.4184622188809,True
C:\Users\carmonta\Desktop\data-centric-cross-season-transfer\datasets\train_on_2025_all\images\frame_00106_jpg.rf.e95b206ce2e8c6a0ab5acdd3a73f8eb5.jpg,frame_00106_jpg.rf.e95b206ce2e8c6a0ab5acdd3a73f8eb5.jpg,775.3390888401151,407.72171617015243,11553.75,264.74529473287123,True
C:\Users\carmonta\Desktop\data-centric-cross-season-transfer\datasets\train_on_2025_all\images\frame_00107_jpg.rf.3f579cbbd0cbe112e23b3da1ef8b22fe.jpg,frame_00107_jpg.rf.3f579cbbd0cbe112e23b3da1ef8b22fe.jpg,912.5875997778239,625.7193042582522,9003.75,282.7386327473796,True
C:\Users\carmonta\Desktop\data-centric-cross-season-transfer\datasets\train_on_2025_all\images\frame_00107_jpg.rf.555ded7dc21559533b122b3f55f3bd09.jpg,frame_00107_jpg.rf.555ded7dc21559533b122b3f55f3bd09.jpg,913.8553295623614,575.0391759301773,12852.0,279.39806197562024,True
C:\Users\carmonta\Desktop\data-centric-cross-season-transfer\datasets\train_on_2025_all\images\frame_00107_jpg.rf.5ee659bc6a154faed86d15b488285056.jpg,frame_00107_jpg.rf.5ee659bc6a154faed86d15b488285056.jpg,905.3711676538383,605.6094788343584,7074.0,285.28656672850343,True
C:\Users\carmonta\Desktop\data-centric-cross-season-transfer\datasets\train_on_2025_all\images\frame_00107_jpg.rf.5ff8cec398ad8bb8a121691fc3d91491.jpg,frame_00107_jpg.rf.5ff8cec398ad8bb8a121691fc3d91491.jpg,913.8553295623614,575.0391759301773,12852.0,279.39806197562024,True
C:\Users\carmonta\Desktop\data-centric-cross-season-transfer\datasets\train_on_2025_all\images\frame_00107_jpg.rf.6bfd86ab27525baf10a6d6b7eb549c2f.jpg,frame_00107_jpg.rf.6bfd86ab27525baf10a6d6b7eb549c2f.jpg,912.5875997778239,625.7193042582522,9003.75,282.7386327473796,True
C:\Users\carmonta\Desktop\data-centric-cross-season-transfer\datasets\train_on_2025_all\images\frame_00107_jpg.rf.92729fdb20016a5b364533beed8806ab.jpg,frame_00107_jpg.rf.92729fdb20016a5b364533beed8806ab.jpg,913.8553295623614,575.0391759301773,12852.0,279.39806197562024,True
C:\Users\carmonta\Desktop\data-centric-cross-season-transfer\datasets\train_on_2025_all\images\frame_00107_jpg.rf.a17b5c916ad4231a427df4573fa8d445.jpg,frame_00107_jpg.rf.a17b5c916ad4231a427df4573fa8d445.jpg,912.5875997778239,625.7193042582522,9003.75,282.7386327473796,True
C:\Users\carmonta\Desktop\data-centric-cross-season-transfer\datasets\train_on_2025_all\images\frame_00107_jpg.rf.a36623f85ff058b13e804b7b3ccc03f0.jpg,frame_00107_jpg.rf.a36623f85ff058b13e804b7b3ccc03f0.jpg,905.3711676538383,605.6094788343584,7074.0,285.28656672850343,True
C:\Users\carmonta\Desktop\data-centric-cross-season-transfer\datasets\train_on_2025_all\images\frame_00107_jpg.rf.af6529d2365de369b48f79ac8ac1f2df.jpg,frame_00107_jpg.rf.af6529d2365de369b48f79ac8ac1f2df.jpg,953.0021150214178,525.4964815089434,9477.5,272.0354500819329,True
C:\Users\carmonta\Desktop\data-centric-cross-season-transfer\datasets\train_on_2025_all\images\frame_00107_jpg.rf.e16c7c48ad47fbdc234ad34eef2a83e9.jpg,frame_00107_jpg.rf.e16c7c48ad47fbdc234ad34eef2a83e9.jpg,953.0021150214178,525.4964815089434,9477.5,272.0354500819329,True
C:\Users\carmonta\Desktop\data-centric-cross-season-transfer\datasets\train_on_2025_all\images\frame_00107_jpg.rf.e772a62db23b6bb70035e791b7c9d953.jpg,frame_00107_jpg.rf.e772a62db23b6bb70035e791b7c9d953.jpg,905.3711676538383,605.6094788343584,7074.0,285.28656672850343,True
C:\Users\carmonta\Desktop\data-centric-cross-season-transfer\datasets\train_on_2025_all\images\frame_00108_jpg.rf.1d8904494a39ab8da2036eaa669c3334.jpg,frame_00108_jpg.rf.1d8904494a39ab8da2036eaa669c3334.jpg,846.8511531753977,651.8535620999569,11494.5,294.4294898206661,True
C:\Users\carmonta\Desktop\data-centric-cross-season-transfer\datasets\train_on_2025_all\images\frame_00108_jpg.rf.295016a819fae9d9a701eab98651587e.jpg,frame_00108_jpg.rf.295016a819fae9d9a701eab98651587e.jpg,978.4103179359764,680.6863040183089,7030.5,288.6000954306727,True
C:\Users\carmonta\Desktop\data-centric-cross-season-transfer\datasets\train_on_2025_all\images\frame_00108_jpg.rf.636fa357314c676702ea76df28ba6d50.jpg,frame_00108_jpg.rf.636fa357314c676702ea76df28ba6d50.jpg,914.8010693075306,578.0334649201133,9753.75,276.7230361753202,True
C:\Users\carmonta\Desktop\data-centric-cross-season-transfer\datasets\train_on_2025_all\images\frame_00108_jpg.rf.75a6d29f4ca6297ddb6dc68469f61cf7.jpg,frame_00108_jpg.rf.75a6d29f4ca6297ddb6dc68469f61cf7.jpg,1065.0646754294569,527.102525720898,9517.5,254.6231702832386,True
C:\Users\carmonta\Desktop\data-centric-cross-season-transfer\datasets\train_on_2025_all\images\frame_00108_jpg.rf.80c727a9f296bc0dfa8a2a786434d315.jpg,frame_00108_jpg.rf.80c727a9f296bc0dfa8a2a786434d315.jpg,914.8010693075306,578.0334649201133,9753.75,276.7230361753202,True
C:\Users\carmonta\Desktop\data-centric-cross-season-transfer\datasets\train_on_2025_all\images\frame_00108_jpg.rf.82c92227dba85b483a0c201e5dcd031d.jpg,frame_00108_jpg.rf.82c92227dba85b483a0c201e5dcd031d.jpg,846.8511531753977,651.8535620999569,11494.5,294.4294898206661,True
C:\Users\carmonta\Desktop\data-centric-cross-season-transfer\datasets\train_on_2025_all\images\frame_00108_jpg.rf.e1aa4854c204f5f6f7d86a9e827d1421.jpg,frame_00108_jpg.rf.e1aa4854c204f5f6f7d86a9e827d1421.jpg,978.4103179359764,680.6863040183089,7030.5,288.6000954306727,True
C:\Users\carmonta\Desktop\data-centric-cross-season-transfer\datasets\train_on_2025_all\images\frame_00109_jpg.rf.2616555ce1f93e8d5963cbfc407264b2.jpg,frame_00109_jpg.rf.2616555ce1f93e8d5963cbfc407264b2.jpg,919.528276283478,597.7432244383336,5952.000000000001,277.8934231947051,True
C:\Users\carmonta\Desktop\data-centric-cross-season-transfer\datasets\train_on_2025_all\images\frame_00109_jpg.rf.2d3a8fcbff240b1cf92daddd115f5f98.jpg,frame_00109_jpg.rf.2d3a8fcbff240b1cf92daddd115f5f98.jpg,985.0405252671583,592.2443520344394,15939.0,275.89261820543675,True
C:\Users\carmonta\Desktop\data-centric-cross-season-transfer\datasets\train_on_2025_all\images\frame_00109_jpg.rf.48941e207f99b47e91f82bec816fc799.jpg,frame_00109_jpg.rf.48941e207f99b47e91f82bec816fc799.jpg,1042.0656348408493,526.4730642429998,8715.0,240.56699224987847,True
C:\Users\carmonta\Desktop\data-centric-cross-season-transfer\datasets\train_on_2025_all\images\frame_00109_jpg.rf.629f5363c3a01cda593633fd7bde7586.jpg,frame_00109_jpg.rf.629f5363c3a01cda593633fd7bde7586.jpg,940.5603840626088,524.8722037182613,15862.5,268.2781738061631,True
C:\Users\carmonta\Desktop\data-centric-cross-season-transfer\datasets\train_on_2025_all\images\frame_00109_jpg.rf.790d287efd8ed05d3f1f5922b49adf8a.jpg,frame_00109_jpg.rf.790d287efd8ed05d3f1f5922b49adf8a.jpg,985.0405252671583,592.2443520344394,15939.0,275.89261820543675,True
C:\Users\carmonta\Desktop\data-centric-cross-season-transfer\datasets\train_on_2025_all\images\frame_00109_jpg.rf.a5e4232348f04ce5016bcf2d6b432d6f.jpg,frame_00109_jpg.rf.a5e4232348f04ce5016bcf2d6b432d6f.jpg,1042.0656348408493,526.4730642429998,8715.0,240.56699224987847,True
C:\Users\carmonta\Desktop\data-centric-cross-season-transfer\datasets\train_on_2025_all\images\frame_00109_jpg.rf.a95b5d0fedaf5795d70e2943918ff3f9.jpg,frame_00109_jpg.rf.a95b5d0fedaf5795d70e2943918ff3f9.jpg,919.528276283478,597.7432244383336,5952.000000000001,277.8934231947051,True
C:\Users\carmonta\Desktop\data-centric-cross-season-transfer\datasets\train_on_2025_all\images\frame_00109_jpg.rf.ab809a5bfd374d01ed63e215a16bbac8.jpg,frame_00109_jpg.rf.ab809a5bfd374d01ed63e215a16bbac8.jpg,919.528276283478,597.7432244383336,5952.000000000001,277.8934231947051,True
C:\Users\carmonta\Desktop\data-centric-cross-season-transfer\datasets\train_on_2025_all\images\frame_00109_jpg.rf.bcc7a6eb2379383024eb52253ab22e5b.jpg,frame_00109_jpg.rf.bcc7a6eb2379383024eb52253ab22e5b.jpg,1042.0656348408493,526.4730642429998,8715.0,240.56699224987847,True
C:\Users\carmonta\Desktop\data-centric-cross-season-transfer\datasets\train_on_2025_all\images\frame_00109_jpg.rf.cc864daacc2935b237f8485c15226d8c.jpg,frame_00109_jpg.rf.cc864daacc2935b237f8485c15226d8c.jpg,1131.2220196609924,664.3563434423319,6873.75,273.11816549207157,True
C:\Users\carmonta\Desktop\data-centric-cross-season-transfer\datasets\train_on_2025_all\images\frame_00109_jpg.rf.cf98ba0226b2b7cc42cdc752fd574f5a.jpg,frame_00109_jpg.rf.cf98ba0226b2b7cc42cdc752fd574f5a.jpg,940.5603840626088,524.8722037182613,15862.5,268.2781738061631,True
C:\Users\carmonta\Desktop\data-centric-cross-season-transfer\datasets\train_on_2025_all\images\frame_00109_jpg.rf.df28320d5515d48965fb471d359aa914.jpg,frame_00109_jpg.rf.df28320d5515d48965fb471d359aa914.jpg,940.5603840626088,524.8722037182613,15862.5,268.2781738061631,True
C:\Users\carmonta\Desktop\data-centric-cross-season-transfer\datasets\train_on_2025_all\images\frame_00109_jpg.rf.e13574e9fa0a18843c5980fe71ef8112.jpg,frame_00109_jpg.rf.e13574e9fa0a18843c5980fe71ef8112.jpg,1131.2220196609924,664.3563434423319,6873.75,273.11816549207157,True
C:\Users\carmonta\Desktop\data-centric-cross-season-transfer\datasets\train_on_2025_all\images\frame_00109_jpg.rf.eab00da93022e923f2ed295ceb4351b5.jpg,frame_00109_jpg.rf.eab00da93022e923f2ed295ceb4351b5.jpg,1131.2220196609924,664.3563434423319,6873.75,273.11816549207157,True
C:\Users\carmonta\Desktop\data-centric-cross-season-transfer\datasets\train_on_2025_all\images\frame_00110_jpg.rf.5b15f5ce8687a7256ac45c0292f16688.jpg,frame_00110_jpg.rf.5b15f5ce8687a7256ac45c0292f16688.jpg,923.0772375849392,524.0486151524797,5832.75,266.405572725819,True
C:\Users\carmonta\Desktop\data-centric-cross-season-transfer\datasets\train_on_2025_all\images\frame_00110_jpg.rf.5f43c88ab3e12becc187577e72c56d42.jpg,frame_00110_jpg.rf.5f43c88ab3e12becc187577e72c56d42.jpg,923.0772375849392,524.0486151524797,5832.75,266.405572725819,True
C:\Users\carmonta\Desktop\data-centric-cross-season-transfer\datasets\train_on_2025_all\images\frame_00110_jpg.rf.99016d837cca7a457129e051510c08c9.jpg,frame_00110_jpg.rf.99016d837cca7a457129e051510c08c9.jpg,923.0772375849392,524.0486151524797,5832.75,266.405572725819,True
C:\Users\carmonta\Desktop\data-centric-cross-season-transfer\datasets\train_on_2025_all\images\frame_00110_jpg.rf.d53bfc94f20ed3f4043023777bb77a7e.jpg,frame_00110_jpg.rf.d53bfc94f20ed3f4043023777bb77a7e.jpg,1021.2077003065173,523.4740311788936,7267.5,249.43680981438985,True
C:\Users\carmonta\Desktop\data-centric-cross-season-transfer\datasets\train_on_2025_all\images\frame_00110_jpg.rf.db44e7e64a42df7fa68ba3dac04a10f1.jpg,frame_00110_jpg.rf.db44e7e64a42df7fa68ba3dac04a10f1.jpg,884.5751919000095,591.9493015309779,7348.25,280.7535107195513,True
C:\Users\carmonta\Desktop\data-centric-cross-season-transfer\datasets\train_on_2025_all\images\frame_00110_jpg.rf.df2bdf0f24daae79602d7712bc686056.jpg,frame_00110_jpg.rf.df2bdf0f24daae79602d7712bc686056.jpg,1021.2077003065173,523.4740311788936,7267.5,249.43680981438985,True
C:\Users\carmonta\Desktop\data-centric-cross-season-transfer\datasets\train_on_2025_all\images\frame_00110_jpg.rf.e16d30e2db9ee0997926eeea2c620d03.jpg,frame_00110_jpg.rf.e16d30e2db9ee0997926eeea2c620d03.jpg,884.5751919000095,591.9493015309779,7348.25,280.7535107195513,True
C:\Users\carmonta\Desktop\data-centric-cross-season-transfer\datasets\train_on_2025_all\images\frame_00111_jpg.rf.0b83c0866d0a78422f5412119b6810ea.jpg,frame_00111_jpg.rf.0b83c0866d0a78422f5412119b6810ea.jpg,1002.3455365093301,526.3207035548375,6844.5,255.62321960080024,True
C:\Users\carmonta\Desktop\data-centric-cross-season-transfer\datasets\train_on_2025_all\images\frame_00111_jpg.rf.2a1796c2dd010a8cccc02a015c649fb2.jpg,frame_00111_jpg.rf.2a1796c2dd010a8cccc02a015c649fb2.jpg,937.4553967340231,683.6754458763063,4940.0,290.472068326479,True
C:\Users\carmonta\Desktop\data-centric-cross-season-transfer\datasets\train_on_2025_all\images\frame_00111_jpg.rf.802f1272aae167f610f57de1efa88bfa.jpg,frame_00111_jpg.rf.802f1272aae167f610f57de1efa88bfa.jpg,1037.2694650219278,525.7273454810529,17479.0,241.58911738679592,True
C:\Users\carmonta\Desktop\data-centric-cross-season-transfer\datasets\train_on_2025_all\images\frame_00111_jpg.rf.93cb990c21c2fbde45c4a2e7ebfba9a3.jpg,frame_00111_jpg.rf.93cb990c21c2fbde45c4a2e7ebfba9a3.jpg,947.559222996358,481.14924905576686,5390.000000000001,237.86266295572864,True
C:\Users\carmonta\Desktop\data-centric-cross-season-transfer\datasets\train_on_2025_all\images\frame_00111_jpg.rf.c2aecab6cda3ed5c90407a33ef59bfee.jpg,frame_00111_jpg.rf.c2aecab6cda3ed5c90407a33ef59bfee.jpg,1002.3455365093301,526.3207035548375,6844.5,255.62321960080024,True
C:\Users\carmonta\Desktop\data-centric-cross-season-transfer\datasets\train_on_2025_all\images\frame_00111_jpg.rf.cc1aec1f361f0e64c5690bb78b222bcf.jpg,frame_00111_jpg.rf.cc1aec1f361f0e64c5690bb78b222bcf.jpg,937.4553967340231,683.6754458763063,4940.0,290.472068326479,True
C:\Users\carmonta\Desktop\data-centric-cross-season-transfer\datasets\train_on_2025_all\images\frame_00111_jpg.rf.cc35a0868d2390449ee92ee39c62753d.jpg,frame_00111_jpg.rf.cc35a0868d2390449ee92ee39c62753d.jpg,947.559222996358,481.14924905576686,5390.000000000001,237.86266295572864,True
C:\Users\carmonta\Desktop\data-centric-cross-season-transfer\datasets\train_on_2025_all\images\frame_00111_jpg.rf.e119b2b8a48bd07171abb381a1cd9586.jpg,frame_00111_jpg.rf.e119b2b8a48bd07171abb381a1cd9586.jpg,1002.3455365093301,526.3207035548375,6844.5,255.62321960080024,True
C:\Users\carmonta\Desktop\data-centric-cross-season-transfer\datasets\train_on_2025_all\images\frame_00111_jpg.rf.f24ebfe54058aa63a50a74898323ceef.jpg,frame_00111_jpg.rf.f24ebfe54058aa63a50a74898323ceef.jpg,1037.2694650219278,525.7273454810529,17479.0,241.58911738679592,True
C:\Users\carmonta\Desktop\data-centric-cross-season-transfer\datasets\train_on_2025_all\images\frame_00111_jpg.rf.f5507508349988f0f4b1e969b9416ea4.jpg,frame_00111_jpg.rf.f5507508349988f0f4b1e969b9416ea4.jpg,937.4553967340231,683.6754458763063,4940.0,290.472068326479,True
C:\Users\carmonta\Desktop\data-centric-cross-season-transfer\datasets\train_on_2025_all\images\frame_00112_jpg.rf.06dcb17cb5a78973490bad65d47f0c29.jpg,frame_00112_jpg.rf.06dcb17cb5a78973490bad65d47f0c29.jpg,831.4829378412101,432.22987555853433,4830.0,262.5428073578911,True
C:\Users\carmonta\Desktop\data-centric-cross-season-transfer\datasets\train_on_2025_all\images\frame_00112_jpg.rf.19407285bd86d4c2d4094014e17c8cc9.jpg,frame_00112_jpg.rf.19407285bd86d4c2d4094014e17c8cc9.jpg,976.9501062328487,529.2288239847265,7966.5,263.87627007923425,True
C:\Users\carmonta\Desktop\data-centric-cross-season-transfer\datasets\train_on_2025_all\images\frame_00112_jpg.rf.2a53f5731d83572a05379a2b9c173e79.jpg,frame_00112_jpg.rf.2a53f5731d83572a05379a2b9c173e79.jpg,976.3935398627591,515.4944503150315,10683.750000000002,257.5754064118213,True
C:\Users\carmonta\Desktop\data-centric-cross-season-transfer\datasets\train_on_2025_all\images\frame_00112_jpg.rf.69c0bc212b9d42a4e7ebf98b492f38e4.jpg,frame_00112_jpg.rf.69c0bc212b9d42a4e7ebf98b492f38e4.jpg,1137.0332813708653,581.8259864279956,3319.25,261.0388797752181,True
C:\Users\carmonta\Desktop\data-centric-cross-season-transfer\datasets\train_on_2025_all\images\frame_00112_jpg.rf.958fa799d8168c0eb6f65f8ba9aaecd7.jpg,frame_00112_jpg.rf.958fa799d8168c0eb6f65f8ba9aaecd7.jpg,831.4829378412101,432.22987555853433,4830.0,262.5428073578911,True
C:\Users\carmonta\Desktop\data-centric-cross-season-transfer\datasets\train_on_2025_all\images\frame_00112_jpg.rf.ae2c9697618e454b657dbc4c8cf9389f.jpg,frame_00112_jpg.rf.ae2c9697618e454b657dbc4c8cf9389f.jpg,976.3935398627591,515.4944503150315,10683.750000000002,257.5754064118213,True
C:\Users\carmonta\Desktop\data-centric-cross-season-transfer\datasets\train_on_2025_all\images\frame_00112_jpg.rf.c1bce34a55a1d8bf0280c006ba7df21e.jpg,frame_00112_jpg.rf.c1bce34a55a1d8bf0280c006ba7df21e.jpg,1137.0332813708653,581.8259864279956,3319.25,261.0388797752181,True
C:\Users\carmonta\Desktop\data-centric-cross-season-transfer\datasets\train_on_2025_all\images\frame_00112_jpg.rf.c3d2a12078cbb07078d57cc9a654adb5.jpg,frame_00112_jpg.rf.c3d2a12078cbb07078d57cc9a654adb5.jpg,976.9501062328487,529.2288239847265,7966.5,263.87627007923425,True
C:\Users\carmonta\Desktop\data-centric-cross-season-transfer\datasets\train_on_2025_all\images\frame_00112_jpg.rf.cb21932a734bc66a23f757a80e283228.jpg,frame_00112_jpg.rf.cb21932a734bc66a23f757a80e283228.jpg,1137.0332813708653,581.8259864279956,3319.25,261.0388797752181,True
C:\Users\carmonta\Desktop\data-centric-cross-season-transfer\datasets\train_on_2025_all\images\frame_00112_jpg.rf.dd4245da7b63d58847f3e0b0e612d4fd.jpg,frame_00112_jpg.rf.dd4245da7b63d58847f3e0b0e612d4fd.jpg,831.4829378412101,432.22987555853433,4830.0,262.5428073578911,True
C:\Users\carmonta\Desktop\data-centric-cross-season-transfer\datasets\train_on_2025_all\images\frame_00113_jpg.rf.0b67f53f8ce0619965a8ff6eff6bb093.jpg,frame_00113_jpg.rf.0b67f53f8ce0619965a8ff6eff6bb093.jpg,969.1659140299386,510.3248915371912,8840.0,257.3607209714932,True
C:\Users\carmonta\Desktop\data-centric-cross-season-transfer\datasets\train_on_2025_all\images\frame_00113_jpg.rf.444c3f82e39beae3824ad70ad300e72b.jpg,frame_00113_jpg.rf.444c3f82e39beae3824ad70ad300e72b.jpg,815.4690398707965,432.87006823600365,8040.0,269.34723764604104,True
C:\Users\carmonta\Desktop\data-centric-cross-season-transfer\datasets\train_on_2025_all\images\frame_00113_jpg.rf.74037c0447afe6169bab822371c6aa94.jpg,frame_00113_jpg.rf.74037c0447afe6169bab822371c6aa94.jpg,1157.6934927556852,565.1151656113619,6832.75,221.85477013333218,True
C:\Users\carmonta\Desktop\data-centric-cross-season-transfer\datasets\train_on_2025_all\images\frame_00113_jpg.rf.894a00bfb54ab28be6c56321004b8dad.jpg,frame_00113_jpg.rf.894a00bfb54ab28be6c56321004b8dad.jpg,969.1659140299386,510.3248915371912,8840.0,257.3607209714932,True
C:\Users\carmonta\Desktop\data-centric-cross-season-transfer\datasets\train_on_2025_all\images\frame_00113_jpg.rf.a330553cbccfd2f76cece1473fb62d35.jpg,frame_00113_jpg.rf.a330553cbccfd2f76cece1473fb62d35.jpg,1157.6934927556852,565.1151656113619,6832.75,221.85477013333218,True
C:\Users\carmonta\Desktop\data-centric-cross-season-transfer\datasets\train_on_2025_all\images\frame_00113_jpg.rf.b9042cd6db344c7189821be6492d1f5c.jpg,frame_00113_jpg.rf.b9042cd6db344c7189821be6492d1f5c.jpg,815.4690398707965,432.87006823600365,8040.0,269.34723764604104,True
C:\Users\carmonta\Desktop\data-centric-cross-season-transfer\datasets\train_on_2025_all\images\frame_00114_jpg.rf.06b7734188569a87ab2c3138e8f31237.jpg,frame_00114_jpg.rf.06b7734188569a87ab2c3138e8f31237.jpg,944.7196166402185,510.7748018069109,9544.5,263.00617077823085,True
C:\Users\carmonta\Desktop\data-centric-cross-season-transfer\datasets\train_on_2025_all\images\frame_00114_jpg.rf.4843d2de7385c3146e1425f690b26d0b.jpg,frame_00114_jpg.rf.4843d2de7385c3146e1425f690b26d0b.jpg,814.265836347181,389.8278916824632,5445.000000000001,252.39565155174392,True
C:\Users\carmonta\Desktop\data-centric-cross-season-transfer\datasets\train_on_2025_all\images\frame_00114_jpg.rf.6a35770513f59880af8faafc052c840c.jpg,frame_00114_jpg.rf.6a35770513f59880af8faafc052c840c.jpg,944.7196166402185,510.7748018069109,9544.5,263.00617077823085,True
C:\Users\carmonta\Desktop\data-centric-cross-season-transfer\datasets\train_on_2025_all\images\frame_00114_jpg.rf.6ed9e9b499d5d829c1738439557a19d7.jpg,frame_00114_jpg.rf.6ed9e9b499d5d829c1738439557a19d7.jpg,849.9592332974714,415.95973813725425,16508.249999999996,258.62436352229986,True
C:\Users\carmonta\Desktop\data-centric-cross-season-transfer\datasets\train_on_2025_all\images\frame_00114_jpg.rf.7808455ae1f37d9abe1e07e8a78fd4ba.jpg,frame_00114_jpg.rf.7808455ae1f37d9abe1e07e8a78fd4ba.jpg,944.7196166402185,510.7748018069109,9544.5,263.00617077823085,True
C:\Users\carmonta\Desktop\data-centric-cross-season-transfer\datasets\train_on_2025_all\images\frame_00114_jpg.rf.895561c5ed021ee1a9c5f382b675a308.jpg,frame_00114_jpg.rf.895561c5ed021ee1a9c5f382b675a308.jpg,849.9592332974714,415.95973813725425,16508.249999999996,258.62436352229986,True
C:\Users\carmonta\Desktop\data-centric-cross-season-transfer\datasets\train_on_2025_all\images\frame_00114_jpg.rf.8f7841a5a06ee5b0253259c001c45978.jpg,frame_00114_jpg.rf.8f7841a5a06ee5b0253259c001c45978.jpg,814.265836347181,389.8278916824632,5445.000000000001,252.39565155174392,True
C:\Users\carmonta\Desktop\data-centric-cross-season-transfer\datasets\train_on_2025_all\images\frame_00114_jpg.rf.f7dc014a4c030d536ec8430ad5c0908c.jpg,frame_00114_jpg.rf.f7dc014a4c030d536ec8430ad5c0908c.jpg,814.265836347181,389.8278916824632,5445.000000000001,252.39565155174392,True
C:\Users\carmonta\Desktop\data-centric-cross-season-transfer\datasets\train_on_2025_all\images\frame_00115_jpg.rf.05e7e5751b7f10c6e2916dcdd21ee11c.jpg,frame_00115_jpg.rf.05e7e5751b7f10c6e2916dcdd21ee11c.jpg,920.0731388225213,725.2772083507062,4704.0,294.2718900294797,True
C:\Users\carmonta\Desktop\data-centric-cross-season-transfer\datasets\train_on_2025_all\images\frame_00115_jpg.rf.09c9e91658ee1d5b68a8417c40f4de19.jpg,frame_00115_jpg.rf.09c9e91658ee1d5b68a8417c40f4de19.jpg,981.9215113828259,708.8743793489821,8347.25,285.65984117301366,True
C:\Users\carmonta\Desktop\data-centric-cross-season-transfer\datasets\train_on_2025_all\images\frame_00115_jpg.rf.4d356b7cc359605444bd1fdaa19e5c02.jpg,frame_00115_jpg.rf.4d356b7cc359605444bd1fdaa19e5c02.jpg,981.9215113828259,708.8743793489821,8347.25,285.65984117301366,True
C:\Users\carmonta\Desktop\data-centric-cross-season-transfer\datasets\train_on_2025_all\images\frame_00115_jpg.rf.539c6d1421557a07a09d1a4313123902.jpg,frame_00115_jpg.rf.539c6d1421557a07a09d1a4313123902.jpg,899.7281934527502,576.3623303828637,7657.0,282.4794816172271,True
C:\Users\carmonta\Desktop\data-centric-cross-season-transfer\datasets\train_on_2025_all\images\frame_00115_jpg.rf.741abbed617a3813ba970a9635e9c9aa.jpg,frame_00115_jpg.rf.741abbed617a3813ba970a9635e9c9aa.jpg,899.7281934527502,576.3623303828637,7657.0,282.4794816172271,True
C:\Users\carmonta\Desktop\data-centric-cross-season-transfer\datasets\train_on_2025_all\images\frame_00115_jpg.rf.96bdc3b96eded8eb93ac882834654b51.jpg,frame_00115_jpg.rf.96bdc3b96eded8eb93ac882834654b51.jpg,771.692061979141,876.3265046432074,4858.749999999999,308.5302084069268,True
C:\Users\carmonta\Desktop\data-centric-cross-season-transfer\datasets\train_on_2025_all\images\frame_00115_jpg.rf.b2c4f1521f87f1a28e6602516cfc0366.jpg,frame_00115_jpg.rf.b2c4f1521f87f1a28e6602516cfc0366.jpg,920.0731388225213,725.2772083507062,4704.0,294.2718900294797,True
C:\Users\carmonta\Desktop\data-centric-cross-season-transfer\datasets\train_on_2025_all\images\frame_00115_jpg.rf.bdd0cb0709be506b0d205ca82d9f9f48.jpg,frame_00115_jpg.rf.bdd0cb0709be506b0d205ca82d9f9f48.jpg,1034.958095121246,491.33231414253663,8358.5,244.8834092479056,True
C:\Users\carmonta\Desktop\data-centric-cross-season-transfer\datasets\train_on_2025_all\images\frame_00115_jpg.rf.be4b4fa2ca9c26045f79efa5bf130d0c.jpg,frame_00115_jpg.rf.be4b4fa2ca9c26045f79efa5bf130d0c.jpg,771.692061979141,876.3265046432074,4858.749999999999,308.5302084069268,True
C:\Users\carmonta\Desktop\data-centric-cross-season-transfer\datasets\train_on_2025_all\images\frame_00115_jpg.rf.d917ac88808bd53fa642e599d6d855f2.jpg,frame_00115_jpg.rf.d917ac88808bd53fa642e599d6d855f2.jpg,771.692061979141,876.3265046432074,4858.749999999999,308.5302084069268,True
C:\Users\carmonta\Desktop\data-centric-cross-season-transfer\datasets\train_on_2025_all\images\frame_00115_jpg.rf.e49eec444cc3bf75fa3a16b1d3d910f2.jpg,frame_00115_jpg.rf.e49eec444cc3bf75fa3a16b1d3d910f2.jpg,981.9215113828259,708.8743793489821,8347.25,285.65984117301366,True
C:\Users\carmonta\Desktop\data-centric-cross-season-transfer\datasets\train_on_2025_all\images\frame_00116_jpg.rf.12c976732f54a2eacd78ab608f401a74.jpg,frame_00116_jpg.rf.12c976732f54a2eacd78ab608f401a74.jpg,896.0088014952454,477.54884950470137,13780.75,266.15922845857585,True
C:\Users\carmonta\Desktop\data-centric-cross-season-transfer\datasets\train_on_2025_all\images\frame_00116_jpg.rf.18a4e2724349e11594f3182eb93fb0a9.jpg,frame_00116_jpg.rf.18a4e2724349e11594f3182eb93fb0a9.jpg,808.6509235919186,490.61387569003875,8625.0,278.21424337942653,True
C:\Users\carmonta\Desktop\data-centric-cross-season-transfer\datasets\train_on_2025_all\images\frame_00116_jpg.rf.38336902d5fe188d1d0879eb76b1233f.jpg,frame_00116_jpg.rf.38336902d5fe188d1d0879eb76b1233f.jpg,808.6509235919186,490.61387569003875,8625.0,278.21424337942653,True
C:\Users\carmonta\Desktop\data-centric-cross-season-transfer\datasets\train_on_2025_all\images\frame_00116_jpg.rf.73f5aea5412dd082e45ae63003202643.jpg,frame_00116_jpg.rf.73f5aea5412dd082e45ae63003202643.jpg,1003.046571461359,595.9646402131644,9000.0,271.58576789097873,True
C:\Users\carmonta\Desktop\data-centric-cross-season-transfer\datasets\train_on_2025_all\images\frame_00116_jpg.rf.9e1618cbc68b1e859eb80415375c8baa.jpg,frame_00116_jpg.rf.9e1618cbc68b1e859eb80415375c8baa.jpg,1028.676982191082,575.700661849463,5618.75,269.5349554039683,True
C:\Users\carmonta\Desktop\data-centric-cross-season-transfer\datasets\train_on_2025_all\images\frame_00116_jpg.rf.a2e48d3137969be32af15ae91eac0b8f.jpg,frame_00116_jpg.rf.a2e48d3137969be32af15ae91eac0b8f.jpg,808.6509235919186,490.61387569003875,8625.0,278.21424337942653,True
C:\Users\carmonta\Desktop\data-centric-cross-season-transfer\datasets\train_on_2025_all\images\frame_00116_jpg.rf.a98bec3a4f672c9b1f94cc8b5003d50c.jpg,frame_00116_jpg.rf.a98bec3a4f672c9b1f94cc8b5003d50c.jpg,1028.676982191082,575.700661849463,5618.75,269.5349554039683,True
C:\Users\carmonta\Desktop\data-centric-cross-season-transfer\datasets\train_on_2025_all\images\frame_00116_jpg.rf.c24691d250cefd1a2ab281298ef36a6b.jpg,frame_00116_jpg.rf.c24691d250cefd1a2ab281298ef36a6b.jpg,1003.046571461359,595.9646402131644,9000.0,271.58576789097873,True
C:\Users\carmonta\Desktop\data-centric-cross-season-transfer\datasets\train_on_2025_all\images\frame_00116_jpg.rf.f5e0a44df96dd8e32a3785a7c75c78fe.jpg,frame_00116_jpg.rf.f5e0a44df96dd8e32a3785a7c75c78fe.jpg,896.0088014952454,477.54884950470137,13780.75,266.15922845857585,True
C:\Users\carmonta\Desktop\data-centric-cross-season-transfer\datasets\train_on_2025_all\images\frame_00116_jpg.rf.fe588a2b52b8ce9b437976e6cd2b3bea.jpg,frame_00116_jpg.rf.fe588a2b52b8ce9b437976e6cd2b3bea.jpg,896.0088014952454,477.54884950470137,13780.75,266.15922845857585,True
C:\Users\carmonta\Desktop\data-centric-cross-season-transfer\datasets\train_on_2025_all\images\frame_00117_jpg.rf.1970ff5a4cd0052c2121d20e9f8ecce4.jpg,frame_00117_jpg.rf.1970ff5a4cd0052c2121d20e9f8ecce4.jpg,1025.7027471127712,511.4457186985737,7638.0,235.1836411856542,True
C:\Users\carmonta\Desktop\data-centric-cross-season-transfer\datasets\train_on_2025_all\images\frame_00117_jpg.rf.3ac0a78346d907b368b82e567cefcc41.jpg,frame_00117_jpg.rf.3ac0a78346d907b368b82e567cefcc41.jpg,1025.7027471127712,511.4457186985737,7638.0,235.1836411856542,True
C:\Users\carmonta\Desktop\data-centric-cross-season-transfer\datasets\train_on_2025_all\images\frame_00117_jpg.rf.6b202153988bcb138f69eb463df643bc.jpg,frame_00117_jpg.rf.6b202153988bcb138f69eb463df643bc.jpg,833.0181092046355,457.9966063730759,9694.5,271.26306570781236,True
C:\Users\carmonta\Desktop\data-centric-cross-season-transfer\datasets\train_on_2025_all\images\frame_00117_jpg.rf.83ac2cd52fde18b6ec654b0265de316e.jpg,frame_00117_jpg.rf.83ac2cd52fde18b6ec654b0265de316e.jpg,833.0181092046355,457.9966063730759,9694.5,271.26306570781236,True
C:\Users\carmonta\Desktop\data-centric-cross-season-transfer\datasets\train_on_2025_all\images\frame_00117_jpg.rf.85d91bd7e6b3df069a2465bc9323989d.jpg,frame_00117_jpg.rf.85d91bd7e6b3df069a2465bc9323989d.jpg,861.8325522476982,455.88425166055646,6444.25,261.0767988635045,True
C:\Users\carmonta\Desktop\data-centric-cross-season-transfer\datasets\train_on_2025_all\images\frame_00117_jpg.rf.a6908b88d56333a6782b73e6def61292.jpg,frame_00117_jpg.rf.a6908b88d56333a6782b73e6def61292.jpg,861.8325522476982,455.88425166055646,6444.25,261.0767988635045,True
C:\Users\carmonta\Desktop\data-centric-cross-season-transfer\datasets\train_on_2025_all\images\frame_00117_jpg.rf.b0c0d6a89c281ec2402d052329d19134.jpg,frame_00117_jpg.rf.b0c0d6a89c281ec2402d052329d19134.jpg,833.0181092046355,457.9966063730759,9694.5,271.26306570781236,True
C:\Users\carmonta\Desktop\data-centric-cross-season-transfer\datasets\train_on_2025_all\images\frame_00117_jpg.rf.d6e2354fd229f503767ebe7c4ce32d1e.jpg,frame_00117_jpg.rf.d6e2354fd229f503767ebe7c4ce32d1e.jpg,1025.7027471127712,511.4457186985737,7638.0,235.1836411856542,True
C:\Users\carmonta\Desktop\data-centric-cross-season-transfer\datasets\train_on_2025_all\images\frame_00117_jpg.rf.de52549f73f9d80a939f45363b3456d6.jpg,frame_00117_jpg.rf.de52549f73f9d80a939f45363b3456d6.jpg,861.8325522476982,455.88425166055646,6444.25,261.0767988635045,True
C:\Users\carmonta\Desktop\data-centric-cross-season-transfer\datasets\train_on_2025_all\images\frame_00118_jpg.rf.02013eb21818389cabd7c810a760e637.jpg,frame_00118_jpg.rf.02013eb21818389cabd7c810a760e637.jpg,1069.395097938024,552.2472049114058,7350.0,264.5681236756955,True
C:\Users\carmonta\Desktop\data-centric-cross-season-transfer\datasets\train_on_2025_all\images\frame_00118_jpg.rf.1a20fc20265dbbd4b6ef38f72aa3c66c.jpg,frame_00118_jpg.rf.1a20fc20265dbbd4b6ef38f72aa3c66c.jpg,963.873539162113,501.50653599211074,5485.5,254.03132624459585,True
C:\Users\carmonta\Desktop\data-centric-cross-season-transfer\datasets\train_on_2025_all\images\frame_00118_jpg.rf.32815c707da0f451d02da952b4f4f696.jpg,frame_00118_jpg.rf.32815c707da0f451d02da952b4f4f696.jpg,1118.3618383787555,570.4703988786783,7923.0,245.0290967719654,True
C:\Users\carmonta\Desktop\data-centric-cross-season-transfer\datasets\train_on_2025_all\images\frame_00118_jpg.rf.3d7031cdcced808879ec8b1e471662cd.jpg,frame_00118_jpg.rf.3d7031cdcced808879ec8b1e471662cd.jpg,1069.395097938024,552.2472049114058,7350.0,264.5681236756955,True
C:\Users\carmonta\Desktop\data-centric-cross-season-transfer\datasets\train_on_2025_all\images\frame_00118_jpg.rf.5fc65c6e1e9453835dbf92360317dfe5.jpg,frame_00118_jpg.rf.5fc65c6e1e9453835dbf92360317dfe5.jpg,1069.395097938024,552.2472049114058,7350.0,264.5681236756955,True
C:\Users\carmonta\Desktop\data-centric-cross-season-transfer\datasets\train_on_2025_all\images\frame_00118_jpg.rf.8e1b85964168f947b0cc4204d663c21c.jpg,frame_00118_jpg.rf.8e1b85964168f947b0cc4204d663c21c.jpg,1071.809040977171,560.9034098225928,13688.000000000002,258.13016515506604,True
C:\Users\carmonta\Desktop\data-centric-cross-season-transfer\datasets\train_on_2025_all\images\frame_00118_jpg.rf.989f726a8f6af5078af9eff2ec7a928a.jpg,frame_00118_jpg.rf.989f726a8f6af5078af9eff2ec7a928a.jpg,1071.809040977171,560.9034098225928,13688.000000000002,258.13016515506604,True
C:\Users\carmonta\Desktop\data-centric-cross-season-transfer\datasets\train_on_2025_all\images\frame_00118_jpg.rf.a57aca8cad3c454b596b8c444318f576.jpg,frame_00118_jpg.rf.a57aca8cad3c454b596b8c444318f576.jpg,1118.3618383787555,570.4703988786783,7923.0,245.0290967719654,True
C:\Users\carmonta\Desktop\data-centric-cross-season-transfer\datasets\train_on_2025_all\images\frame_00118_jpg.rf.d01c724cc835963c5e577910080fe6f5.jpg,frame_00118_jpg.rf.d01c724cc835963c5e577910080fe6f5.jpg,1118.3618383787555,570.4703988786783,7923.0,245.0290967719654,True
C:\Users\carmonta\Desktop\data-centric-cross-season-transfer\datasets\train_on_2025_all\images\frame_00119_jpg.rf.0c3ed7715882d5af385bc6370656f42a.jpg,frame_00119_jpg.rf.0c3ed7715882d5af385bc6370656f42a.jpg,923.1137885895095,504.5698216648966,5827.25,266.8229118430064,True
C:\Users\carmonta\Desktop\data-centric-cross-season-transfer\datasets\train_on_2025_all\images\frame_00119_jpg.rf.8639e4158518e728eca73c00f72f20c0.jpg,frame_00119_jpg.rf.8639e4158518e728eca73c00f72f20c0.jpg,923.1137885895095,504.5698216648966,5827.25,266.8229118430064,True
C:\Users\carmonta\Desktop\data-centric-cross-season-transfer\datasets\train_on_2025_all\images\frame_00119_jpg.rf.cd31434af642b5de735c4a9ed7bba404.jpg,frame_00119_jpg.rf.cd31434af642b5de735c4a9ed7bba404.jpg,1125.0415064996046,652.9200295744164,7561.5,271.1700512283326,True
C:\Users\carmonta\Desktop\data-centric-cross-season-transfer\datasets\train_on_2025_all\images\frame_00119_jpg.rf.f68c8e97c549c106f0f3a5122b713874.jpg,frame_00119_jpg.rf.f68c8e97c549c106f0f3a5122b713874.jpg,1125.0415064996046,652.9200295744164,7561.5,271.1700512283326,True
C:\Users\carmonta\Desktop\data-centric-cross-season-transfer\datasets\train_on_2025_all\images\frame_00120_jpg.rf.03286f38fcc5c0cc0e27cde063b92931.jpg,frame_00120_jpg.rf.03286f38fcc5c0cc0e27cde063b92931.jpg,1146.9664790388167,613.8984968441928,14280.0,265.2379797661732,True
C:\Users\carmonta\Desktop\data-centric-cross-season-transfer\datasets\train_on_2025_all\images\frame_00120_jpg.rf.33c0adf687b0e5de5bd77583a132d8a4.jpg,frame_00120_jpg.rf.33c0adf687b0e5de5bd77583a132d8a4.jpg,926.9438536596181,681.9584484934709,9769.5,292.3855643704729,True
C:\Users\carmonta\Desktop\data-centric-cross-season-transfer\datasets\train_on_2025_all\images\frame_00120_jpg.rf.350501838c95d7008037892e43b15603.jpg,frame_00120_jpg.rf.350501838c95d7008037892e43b15603.jpg,935.0340808538366,652.5487738236449,10013.25,286.2582411074643,True
C:\Users\carmonta\Desktop\data-centric-cross-season-transfer\datasets\train_on_2025_all\images\frame_00120_jpg.rf.56d20ea5f926068fa96d9ab480ac9031.jpg,frame_00120_jpg.rf.56d20ea5f926068fa96d9ab480ac9031.jpg,926.9438536596181,681.9584484934709,9769.5,292.3855643704729,True
C:\Users\carmonta\Desktop\data-centric-cross-season-transfer\datasets\train_on_2025_all\images\frame_00120_jpg.rf.7149733cb63915f039bc7d97e8226486.jpg,frame_00120_jpg.rf.7149733cb63915f039bc7d97e8226486.jpg,935.0340808538366,652.5487738236449,10013.25,286.2582411074643,True
C:\Users\carmonta\Desktop\data-centric-cross-season-transfer\datasets\train_on_2025_all\images\frame_00120_jpg.rf.7d7dfc00e5c75e7072b13d2dda6e6bbe.jpg,frame_00120_jpg.rf.7d7dfc00e5c75e7072b13d2dda6e6bbe.jpg,1146.9664790388167,613.8984968441928,14280.0,265.2379797661732,True
C:\Users\carmonta\Desktop\data-centric-cross-season-transfer\datasets\train_on_2025_all\images\frame_00120_jpg.rf.9eea5fd542755484b9c44837a2479ac0.jpg,frame_00120_jpg.rf.9eea5fd542755484b9c44837a2479ac0.jpg,1147.3231476710405,582.6040363056644,11259.0,231.88485327713752,True
C:\Users\carmonta\Desktop\data-centric-cross-season-transfer\datasets\train_on_2025_all\images\frame_00120_jpg.rf.ada370c3ba24caf68f8224ff3b0d9ee0.jpg,frame_00120_jpg.rf.ada370c3ba24caf68f8224ff3b0d9ee0.jpg,1147.3231476710405,582.6040363056644,11259.0,231.88485327713752,True
C:\Users\carmonta\Desktop\data-centric-cross-season-transfer\datasets\train_on_2025_all\images\frame_00120_jpg.rf.b131c1641df0fd708e098342545ba707.jpg,frame_00120_jpg.rf.b131c1641df0fd708e098342545ba707.jpg,1146.9664790388167,613.8984968441928,14280.0,265.2379797661732,True
C:\Users\carmonta\Desktop\data-centric-cross-season-transfer\datasets\train_on_2025_all\images\frame_00120_jpg.rf.f730edffc9751ee0671726be9f6c3195.jpg,frame_00120_jpg.rf.f730edffc9751ee0671726be9f6c3195.jpg,1147.3231476710405,582.6040363056644,11259.0,231.88485327713752,True
C:\Users\carmonta\Desktop\data-centric-cross-season-transfer\datasets\train_on_2025_all\images\frame_00121_jpg.rf.14bda0c790a6889c1a4320dbfcd85989.jpg,frame_00121_jpg.rf.14bda0c790a6889c1a4320dbfcd85989.jpg,882.9253434072394,498.82348965314054,5880.0,269.54271220442337,True
C:\Users\carmonta\Desktop\data-centric-cross-season-transfer\datasets\train_on_2025_all\images\frame_00121_jpg.rf.2c814e4125a92d241826aa03aa481b62.jpg,frame_00121_jpg.rf.2c814e4125a92d241826aa03aa481b62.jpg,882.9253434072394,498.82348965314054,5880.0,269.54271220442337,True
C:\Users\carmonta\Desktop\data-centric-cross-season-transfer\datasets\train_on_2025_all\images\frame_00121_jpg.rf.37a248aa5c93945ce985d27bf59705d8.jpg,frame_00121_jpg.rf.37a248aa5c93945ce985d27bf59705d8.jpg,923.65283953823,636.9120498416737,5887.5,285.9018284461604,True
C:\Users\carmonta\Desktop\data-centric-cross-season-transfer\datasets\train_on_2025_all\images\frame_00121_jpg.rf.46fe0a6e42a1551d201bf7aa941c2630.jpg,frame_00121_jpg.rf.46fe0a6e42a1551d201bf7aa941c2630.jpg,923.65283953823,636.9120498416737,5887.5,285.9018284461604,True
C:\Users\carmonta\Desktop\data-centric-cross-season-transfer\datasets\train_on_2025_all\images\frame_00121_jpg.rf.59d11ebbdabc1a39a7a4dd9fef0fbf7a.jpg,frame_00121_jpg.rf.59d11ebbdabc1a39a7a4dd9fef0fbf7a.jpg,923.65283953823,636.9120498416737,5887.5,285.9018284461604,True
C:\Users\carmonta\Desktop\data-centric-cross-season-transfer\datasets\train_on_2025_all\images\frame_00121_jpg.rf.a2d6bcc752865fdb270eda410e01808a.jpg,frame_00121_jpg.rf.a2d6bcc752865fdb270eda410e01808a.jpg,1151.865459576917,648.9689380531589,9503.0,269.90838529718764,True
C:\Users\carmonta\Desktop\data-centric-cross-season-transfer\datasets\train_on_2025_all\images\frame_00122_jpg.rf.1beadd0d8e7d2e647f8b34c6c92b884b.jpg,frame_00122_jpg.rf.1beadd0d8e7d2e647f8b34c6c92b884b.jpg,838.611832234817,549.3489118916872,6790.0,280.5632781691403,True
C:\Users\carmonta\Desktop\data-centric-cross-season-transfer\datasets\train_on_2025_all\images\frame_00122_jpg.rf.21b03a486c55ca7c1b9c915b3e445927.jpg,frame_00122_jpg.rf.21b03a486c55ca7c1b9c915b3e445927.jpg,838.611832234817,549.3489118916872,6790.0,280.5632781691403,True
C:\Users\carmonta\Desktop\data-centric-cross-season-transfer\datasets\train_on_2025_all\images\frame_00122_jpg.rf.489a008afb54143c1bfd52e9e91f6c4f.jpg,frame_00122_jpg.rf.489a008afb54143c1bfd52e9e91f6c4f.jpg,1059.3266293635097,684.5786512278911,10251.5,278.5019174822166,True
C:\Users\carmonta\Desktop\data-centric-cross-season-transfer\datasets\train_on_2025_all\images\frame_00122_jpg.rf.4f8129ff20a42b04f93005171606ced5.jpg,frame_00122_jpg.rf.4f8129ff20a42b04f93005171606ced5.jpg,1059.3266293635097,684.5786512278911,10251.5,278.5019174822166,True
C:\Users\carmonta\Desktop\data-centric-cross-season-transfer\datasets\train_on_2025_all\images\frame_00122_jpg.rf.91078bbea19b7e2cac43f7ba6235edc4.jpg,frame_00122_jpg.rf.91078bbea19b7e2cac43f7ba6235edc4.jpg,1124.3742136879837,588.8091750935217,10230.000000000002,256.00149669142195,True
C:\Users\carmonta\Desktop\data-centric-cross-season-transfer\datasets\train_on_2025_all\images\frame_00122_jpg.rf.a4ef101157f6eee558b2110f359a51ec.jpg,frame_00122_jpg.rf.a4ef101157f6eee558b2110f359a51ec.jpg,1124.3742136879837,588.8091750935217,10230.000000000002,256.00149669142195,True
C:\Users\carmonta\Desktop\data-centric-cross-season-transfer\datasets\train_on_2025_all\images\frame_00122_jpg.rf.b94ac813ea569b1f7d7a65124a43d101.jpg,frame_00122_jpg.rf.b94ac813ea569b1f7d7a65124a43d101.jpg,1059.3266293635097,684.5786512278911,10251.5,278.5019174822166,True
C:\Users\carmonta\Desktop\data-centric-cross-season-transfer\datasets\train_on_2025_all\images\frame_00122_jpg.rf.dffecf0315ec13a6d833a0feaec8c13b.jpg,frame_00122_jpg.rf.dffecf0315ec13a6d833a0feaec8c13b.jpg,838.611832234817,549.3489118916872,6790.0,280.5632781691403,True
C:\Users\carmonta\Desktop\data-centric-cross-season-transfer\datasets\train_on_2025_all\images\frame_00123_jpg.rf.018be116b2897559b86db8a6a5e9f245.jpg,frame_00123_jpg.rf.018be116b2897559b86db8a6a5e9f245.jpg,908.0986475947204,828.2577766950018,1440.0,299.62323111083083,True
C:\Users\carmonta\Desktop\data-centric-cross-season-transfer\datasets\train_on_2025_all\images\frame_00123_jpg.rf.04bd875f16df4719fd14a76c1210001c.jpg,frame_00123_jpg.rf.04bd875f16df4719fd14a76c1210001c.jpg,908.0986475947204,828.2577766950018,1440.0,299.62323111083083,True
C:\Users\carmonta\Desktop\data-centric-cross-season-transfer\datasets\train_on_2025_all\images\frame_00123_jpg.rf.1949aa6fcfd14a07164efbad80bce888.jpg,frame_00123_jpg.rf.1949aa6fcfd14a07164efbad80bce888.jpg,999.684221651525,558.0959846373869,4374.0,264.34216189382596,True
C:\Users\carmonta\Desktop\data-centric-cross-season-transfer\datasets\train_on_2025_all\images\frame_00123_jpg.rf.310ea230ee743f5bd060bfd144afbcd1.jpg,frame_00123_jpg.rf.310ea230ee743f5bd060bfd144afbcd1.jpg,1134.2656773370163,542.1132918811396,3432.75,233.676342222178,True
C:\Users\carmonta\Desktop\data-centric-cross-season-transfer\datasets\train_on_2025_all\images\frame_00123_jpg.rf.4f2ad28b325c4797c738e4d22ac32f15.jpg,frame_00123_jpg.rf.4f2ad28b325c4797c738e4d22ac32f15.jpg,1134.2656773370163,542.1132918811396,3432.75,233.676342222178,True
C:\Users\carmonta\Desktop\data-centric-cross-season-transfer\datasets\train_on_2025_all\images\frame_00123_jpg.rf.516f86370658742f880782410029b2c8.jpg,frame_00123_jpg.rf.516f86370658742f880782410029b2c8.jpg,850.2787760435649,503.6004615615999,7016.750000000001,272.1047061979809,True
C:\Users\carmonta\Desktop\data-centric-cross-season-transfer\datasets\train_on_2025_all\images\frame_00123_jpg.rf.8bad2c2726ee93d93ad23d450b4c2c65.jpg,frame_00123_jpg.rf.8bad2c2726ee93d93ad23d450b4c2c65.jpg,850.2787760435649,503.6004615615999,7016.750000000001,272.1047061979809,True
C:\Users\carmonta\Desktop\data-centric-cross-season-transfer\datasets\train_on_2025_all\images\frame_00123_jpg.rf.e25f9193f9fd6feadbd7411c17cf17ec.jpg,frame_00123_jpg.rf.e25f9193f9fd6feadbd7411c17cf17ec.jpg,999.684221651525,558.0959846373869,4374.0,264.34216189382596,True
C:\Users\carmonta\Desktop\data-centric-cross-season-transfer\datasets\train_on_2025_all\images\frame_00123_jpg.rf.e65dac330b3b3a98e3c700ea137bf77f.jpg,frame_00123_jpg.rf.e65dac330b3b3a98e3c700ea137bf77f.jpg,999.684221651525,558.0959846373869,4374.0,264.34216189382596,True
C:\Users\carmonta\Desktop\data-centric-cross-season-transfer\datasets\train_on_2025_all\images\frame_00124_jpg.rf.454c0fb90c305f5c2fac713c3ff04901.jpg,frame_00124_jpg.rf.454c0fb90c305f5c2fac713c3ff04901.jpg,862.4796878500662,636.7680525175626,9617.0,292.26503703977176,True
C:\Users\carmonta\Desktop\data-centric-cross-season-transfer\datasets\train_on_2025_all\images\frame_00124_jpg.rf.49653cf9c03a53edfbcd68c08d3b3d53.jpg,frame_00124_jpg.rf.49653cf9c03a53edfbcd68c08d3b3d53.jpg,862.4796878500662,636.7680525175626,9617.0,292.26503703977176,True
C:\Users\carmonta\Desktop\data-centric-cross-season-transfer\datasets\train_on_2025_all\images\frame_00124_jpg.rf.6345f0f18c79e46304b8fe8fa214e0ca.jpg,frame_00124_jpg.rf.6345f0f18c79e46304b8fe8fa214e0ca.jpg,993.3775121091118,513.2210934186015,3139.0,257.34213638548965,True
C:\Users\carmonta\Desktop\data-centric-cross-season-transfer\datasets\train_on_2025_all\images\frame_00124_jpg.rf.a95bb1079e775cc8b0b156ca39e42617.jpg,frame_00124_jpg.rf.a95bb1079e775cc8b0b156ca39e42617.jpg,993.3775121091118,513.2210934186015,3139.0,257.34213638548965,True
C:\Users\carmonta\Desktop\data-centric-cross-season-transfer\datasets\train_on_2025_all\images\frame_00124_jpg.rf.d5bf6f89fb583bb6713c929e1ec08c42.jpg,frame_00124_jpg.rf.d5bf6f89fb583bb6713c929e1ec08c42.jpg,993.3775121091118,513.2210934186015,3139.0,257.34213638548965,True
C:\Users\carmonta\Desktop\data-centric-cross-season-transfer\datasets\train_on_2025_all\images\frame_00125_jpg.rf.39a5f1564f9804e59598bc4bdd2a2c05.jpg,frame_00125_jpg.rf.39a5f1564f9804e59598bc4bdd2a2c05.jpg,830.0015801007481,749.79983389962,6650.0,299.51810095522416,True
C:\Users\carmonta\Desktop\data-centric-cross-season-transfer\datasets\train_on_2025_all\images\frame_00125_jpg.rf.76a359491a93abfbe591b3e6ad556163.jpg,frame_00125_jpg.rf.76a359491a93abfbe591b3e6ad556163.jpg,859.5739708685826,423.28195601278304,11360.0,258.4102334791475,True
C:\Users\carmonta\Desktop\data-centric-cross-season-transfer\datasets\train_on_2025_all\images\frame_00125_jpg.rf.884f5ab19987cf4aa4b6dbf011ef71cf.jpg,frame_00125_jpg.rf.884f5ab19987cf4aa4b6dbf011ef71cf.jpg,830.0015801007481,749.79983389962,6650.0,299.51810095522416,True
C:\Users\carmonta\Desktop\data-centric-cross-season-transfer\datasets\train_on_2025_all\images\frame_00125_jpg.rf.b622299dc01b2b54c2c28fa16389a1a4.jpg,frame_00125_jpg.rf.b622299dc01b2b54c2c28fa16389a1a4.jpg,830.0015801007481,749.79983389962,6650.0,299.51810095522416,True
C:\Users\carmonta\Desktop\data-centric-cross-season-transfer\datasets\train_on_2025_all\images\frame_00125_jpg.rf.e3189d23520dbe0d409eef61d5e72701.jpg,frame_00125_jpg.rf.e3189d23520dbe0d409eef61d5e72701.jpg,859.5739708685826,423.28195601278304,11360.0,258.4102334791475,True
C:\Users\carmonta\Desktop\data-centric-cross-season-transfer\datasets\train_on_2025_all\images\frame_00126_jpg.rf.360f98d2d40d6b79a6ab8fcb877b1da1.jpg,frame_00126_jpg.rf.360f98d2d40d6b79a6ab8fcb877b1da1.jpg,863.8929977977923,407.3893688949888,7594.5,252.11283982552172,True
C:\Users\carmonta\Desktop\data-centric-cross-season-transfer\datasets\train_on_2025_all\images\frame_00126_jpg.rf.3a70037005327d7afe871880af6be7ad.jpg,frame_00126_jpg.rf.3a70037005327d7afe871880af6be7ad.jpg,863.8929977977923,407.3893688949888,7594.5,252.11283982552172,True
C:\Users\carmonta\Desktop\data-centric-cross-season-transfer\datasets\train_on_2025_all\images\frame_00126_jpg.rf.63ece5485182a4564b7639a5bf03ce13.jpg,frame_00126_jpg.rf.63ece5485182a4564b7639a5bf03ce13.jpg,808.0121751054348,693.2316793015199,8621.25,296.2244740943118,True
C:\Users\carmonta\Desktop\data-centric-cross-season-transfer\datasets\train_on_2025_all\images\frame_00126_jpg.rf.ab43f518ef97b30a19d9610b646d7819.jpg,frame_00126_jpg.rf.ab43f518ef97b30a19d9610b646d7819.jpg,808.0121751054348,693.2316793015199,8621.25,296.2244740943118,True
C:\Users\carmonta\Desktop\data-centric-cross-season-transfer\datasets\train_on_2025_all\images\frame_00126_jpg.rf.bb555e393b4ae06edbcfaa9607ef0018.jpg,frame_00126_jpg.rf.bb555e393b4ae06edbcfaa9607ef0018.jpg,863.8929977977923,407.3893688949888,7594.5,252.11283982552172,True
C:\Users\carmonta\Desktop\data-centric-cross-season-transfer\datasets\train_on_2025_all\images\frame_00127_jpg.rf.588c8538f1cea2aea988bbcbf1b85935.jpg,frame_00127_jpg.rf.588c8538f1cea2aea988bbcbf1b85935.jpg,1010.457833946351,641.9812098289071,7841.25,277.6973532658673,True
C:\Users\carmonta\Desktop\data-centric-cross-season-transfer\datasets\train_on_2025_all\images\frame_00127_jpg.rf.62c724376f94de5e33d23e7099313a3e.jpg,frame_00127_jpg.rf.62c724376f94de5e33d23e7099313a3e.jpg,1010.457833946351,641.9812098289071,7841.25,277.6973532658673,True
C:\Users\carmonta\Desktop\data-centric-cross-season-transfer\datasets\train_on_2025_all\images\frame_00127_jpg.rf.92f7d8d165cec57ed341966c69a50431.jpg,frame_00127_jpg.rf.92f7d8d165cec57ed341966c69a50431.jpg,1031.1134612182107,510.22690829178316,4580.250000000001,242.93319693615257,True
C:\Users\carmonta\Desktop\data-centric-cross-season-transfer\datasets\train_on_2025_all\images\frame_00127_jpg.rf.b0b41104fd63b4be6db846c1511dddc1.jpg,frame_00127_jpg.rf.b0b41104fd63b4be6db846c1511dddc1.jpg,1031.1134612182107,510.22690829178316,4580.250000000001,242.93319693615257,True
C:\Users\carmonta\Desktop\data-centric-cross-season-transfer\datasets\train_on_2025_all\images\frame_00127_jpg.rf.d03d30128cc59c0fe622e4eef3fcf48b.jpg,frame_00127_jpg.rf.d03d30128cc59c0fe622e4eef3fcf48b.jpg,1010.457833946351,641.9812098289071,7841.25,277.6973532658673,True
C:\Users\carmonta\Desktop\data-centric-cross-season-transfer\datasets\train_on_2025_all\images\frame_00128_jpg.rf.0a3fe145e67cc2dfdef0a14a5673290e.jpg,frame_00128_jpg.rf.0a3fe145e67cc2dfdef0a14a5673290e.jpg,906.9706105848229,508.10117659496615,5457.0,274.1655902558894,True
C:\Users\carmonta\Desktop\data-centric-cross-season-transfer\datasets\train_on_2025_all\images\frame_00128_jpg.rf.239f1bb0dfd721699ba816a7021dc78f.jpg,frame_00128_jpg.rf.239f1bb0dfd721699ba816a7021dc78f.jpg,1079.9822524236522,566.2454812858964,9191.0,257.5544491516782,True
C:\Users\carmonta\Desktop\data-centric-cross-season-transfer\datasets\train_on_2025_all\images\frame_00128_jpg.rf.2fca2958d3e2e67776b74234d810cbd2.jpg,frame_00128_jpg.rf.2fca2958d3e2e67776b74234d810cbd2.jpg,1079.9822524236522,566.2454812858964,9191.0,257.5544491516782,True
C:\Users\carmonta\Desktop\data-centric-cross-season-transfer\datasets\train_on_2025_all\images\frame_00128_jpg.rf.4f18726216e632a350b1364a02970e05.jpg,frame_00128_jpg.rf.4f18726216e632a350b1364a02970e05.jpg,906.9706105848229,508.10117659496615,5457.0,274.1655902558894,True
C:\Users\carmonta\Desktop\data-centric-cross-season-transfer\datasets\train_on_2025_all\images\frame_00128_jpg.rf.882c90f03db90a2287221d9fb0523707.jpg,frame_00128_jpg.rf.882c90f03db90a2287221d9fb0523707.jpg,1079.9822524236522,566.2454812858964,9191.0,257.5544491516782,True
C:\Users\carmonta\Desktop\data-centric-cross-season-transfer\datasets\train_on_2025_all\images\frame_00128_jpg.rf.de9e86bcdb7b526acf28678ee5f8d0e0.jpg,frame_00128_jpg.rf.de9e86bcdb7b526acf28678ee5f8d0e0.jpg,721.657224606381,541.4755734035141,5304.0,288.073514408708,True
C:\Users\carmonta\Desktop\data-centric-cross-season-transfer\datasets\train_on_2025_all\images\frame_00128_jpg.rf.e2d3703ea001b6f133ba292cc8b0e99d.jpg,frame_00128_jpg.rf.e2d3703ea001b6f133ba292cc8b0e99d.jpg,721.657224606381,541.4755734035141,5304.0,288.073514408708,True
C:\Users\carmonta\Desktop\data-centric-cross-season-transfer\datasets\train_on_2025_all\images\frame_00128_jpg.rf.f20228c9d9181788d4108ac90fcc4b1e.jpg,frame_00128_jpg.rf.f20228c9d9181788d4108ac90fcc4b1e.jpg,906.9706105848229,508.10117659496615,5457.0,274.1655902558894,True
C:\Users\carmonta\Desktop\data-centric-cross-season-transfer\datasets\train_on_2025_all\images\frame_00129_jpg.rf.0c8257ac5b84fefbc6f5c706f0bede60.jpg,frame_00129_jpg.rf.0c8257ac5b84fefbc6f5c706f0bede60.jpg,879.5707407682748,500.7336050377842,11457.0,275.60132383422047,True
C:\Users\carmonta\Desktop\data-centric-cross-season-transfer\datasets\train_on_2025_all\images\frame_00129_jpg.rf.0caeee9cb1f27a3ecf549ea5c448aac3.jpg,frame_00129_jpg.rf.0caeee9cb1f27a3ecf549ea5c448aac3.jpg,795.224052155079,793.3835720178012,4653.0,302.21415009117226,True
C:\Users\carmonta\Desktop\data-centric-cross-season-transfer\datasets\train_on_2025_all\images\frame_00129_jpg.rf.3f0ddf4fcaa5c0bdcf8b1b5fc2fbfac3.jpg,frame_00129_jpg.rf.3f0ddf4fcaa5c0bdcf8b1b5fc2fbfac3.jpg,879.5707407682748,500.7336050377842,11457.0,275.60132383422047,True
C:\Users\carmonta\Desktop\data-centric-cross-season-transfer\datasets\train_on_2025_all\images\frame_00129_jpg.rf.7aa167205db888afb3d7b2ef8f915503.jpg,frame_00129_jpg.rf.7aa167205db888afb3d7b2ef8f915503.jpg,825.1566784300658,701.2702680942654,4650.0,294.4221038699957,True
C:\Users\carmonta\Desktop\data-centric-cross-season-transfer\datasets\train_on_2025_all\images\frame_00129_jpg.rf.bf4a18c686bb69c1caa498bc9e4cb8e1.jpg,frame_00129_jpg.rf.bf4a18c686bb69c1caa498bc9e4cb8e1.jpg,879.5707407682748,500.7336050377842,11457.0,275.60132383422047,True
C:\Users\carmonta\Desktop\data-centric-cross-season-transfer\datasets\train_on_2025_all\images\frame_00129_jpg.rf.ee0244760c370e84e999d4c671678c6f.jpg,frame_00129_jpg.rf.ee0244760c370e84e999d4c671678c6f.jpg,825.1566784300658,701.2702680942654,4650.0,294.4221038699957,True
C:\Users\carmonta\Desktop\data-centric-cross-season-transfer\datasets\train_on_2025_all\images\frame_00129_jpg.rf.f3ba0cf91a2324749bf88043fc13c19c.jpg,frame_00129_jpg.rf.f3ba0cf91a2324749bf88043fc13c19c.jpg,795.224052155079,793.3835720178012,4653.0,302.21415009117226,True
C:\Users\carmonta\Desktop\data-centric-cross-season-transfer\datasets\train_on_2025_all\images\frame_00129_jpg.rf.fa38c9fec8e018e3ac8a6fb43e9b6609.jpg,frame_00129_jpg.rf.fa38c9fec8e018e3ac8a6fb43e9b6609.jpg,795.224052155079,793.3835720178012,4653.0,302.21415009117226,True
C:\Users\carmonta\Desktop\data-centric-cross-season-transfer\datasets\train_on_2025_all\images\frame_00130_jpg.rf.0fed002f2be40e69b2220b5044319119.jpg,frame_00130_jpg.rf.0fed002f2be40e69b2220b5044319119.jpg,777.20971414864,882.6936357225925,5730.0,307.31170546850325,True
C:\Users\carmonta\Desktop\data-centric-cross-season-transfer\datasets\train_on_2025_all\images\frame_00130_jpg.rf.2beb60324c9055adb7fd98615bf11c91.jpg,frame_00130_jpg.rf.2beb60324c9055adb7fd98615bf11c91.jpg,971.9433593690121,724.6638450931645,4105.5,289.84197106766794,True
C:\Users\carmonta\Desktop\data-centric-cross-season-transfer\datasets\train_on_2025_all\images\frame_00130_jpg.rf.45e80caefc366d32b849feae50a4b9ca.jpg,frame_00130_jpg.rf.45e80caefc366d32b849feae50a4b9ca.jpg,1093.2658123532194,565.6254576564992,12295.75,252.98023695194746,True
C:\Users\carmonta\Desktop\data-centric-cross-season-transfer\datasets\train_on_2025_all\images\frame_00130_jpg.rf.7e1f78659c416a00eacd4d1af816b93b.jpg,frame_00130_jpg.rf.7e1f78659c416a00eacd4d1af816b93b.jpg,777.20971414864,882.6936357225925,5730.0,307.31170546850325,True
C:\Users\carmonta\Desktop\data-centric-cross-season-transfer\datasets\train_on_2025_all\images\frame_00130_jpg.rf.9ba54399d0aca61ca6b7b63f74b4e579.jpg,frame_00130_jpg.rf.9ba54399d0aca61ca6b7b63f74b4e579.jpg,971.9433593690121,724.6638450931645,4105.5,289.84197106766794,True
C:\Users\carmonta\Desktop\data-centric-cross-season-transfer\datasets\train_on_2025_all\images\frame_00130_jpg.rf.c81e3414baf4c4649ca2eed8020055d6.jpg,frame_00130_jpg.rf.c81e3414baf4c4649ca2eed8020055d6.jpg,777.20971414864,882.6936357225925,5730.0,307.31170546850325,True
C:\Users\carmonta\Desktop\data-centric-cross-season-transfer\datasets\train_on_2025_all\images\frame_00130_jpg.rf.da130bafb87a88469e8fb7470e9b8570.jpg,frame_00130_jpg.rf.da130bafb87a88469e8fb7470e9b8570.jpg,971.9433593690121,724.6638450931645,4105.5,289.84197106766794,True
C:\Users\carmonta\Desktop\data-centric-cross-season-transfer\datasets\train_on_2025_all\images\frame_00130_jpg.rf.ec8fc695df5aa69c43e92708ae7c46d6.jpg,frame_00130_jpg.rf.ec8fc695df5aa69c43e92708ae7c46d6.jpg,1093.2658123532194,565.6254576564992,12295.75,252.98023695194746,True
C:\Users\carmonta\Desktop\data-centric-cross-season-transfer\datasets\train_on_2025_all\images\frame_00130_jpg.rf.ff104f60aebfddfecbfe5a5b4f2eb169.jpg,frame_00130_jpg.rf.ff104f60aebfddfecbfe5a5b4f2eb169.jpg,1093.2658123532194,565.6254576564992,12295.75,252.98023695194746,True
C:\Users\carmonta\Desktop\data-centric-cross-season-transfer\datasets\train_on_2025_all\images\frame_00131_jpg.rf.117eecda4e2b6703113b2b0c2ae478c7.jpg,frame_00131_jpg.rf.117eecda4e2b6703113b2b0c2ae478c7.jpg,723.6772458507148,378.41634663030993,11062.5,264.5273224682818,True
C:\Users\carmonta\Desktop\data-centric-cross-season-transfer\datasets\train_on_2025_all\images\frame_00131_jpg.rf.19e736e59cb4939677702fa5d607f078.jpg,frame_00131_jpg.rf.19e736e59cb4939677702fa5d607f078.jpg,738.8556540256529,595.3049719422271,8069.25,294.019694558878,True
C:\Users\carmonta\Desktop\data-centric-cross-season-transfer\datasets\train_on_2025_all\images\frame_00131_jpg.rf.59a8dac1587397447cd4b291090fd993.jpg,frame_00131_jpg.rf.59a8dac1587397447cd4b291090fd993.jpg,723.6772458507148,378.41634663030993,11062.5,264.5273224682818,True
C:\Users\carmonta\Desktop\data-centric-cross-season-transfer\datasets\train_on_2025_all\images\frame_00131_jpg.rf.5f59d9f65560e78330110343825223fa.jpg,frame_00131_jpg.rf.5f59d9f65560e78330110343825223fa.jpg,723.6772458507148,378.41634663030993,11062.5,264.5273224682818,True
C:\Users\carmonta\Desktop\data-centric-cross-season-transfer\datasets\train_on_2025_all\images\frame_00131_jpg.rf.965439360d4513b556449b3603ac52c9.jpg,frame_00131_jpg.rf.965439360d4513b556449b3603ac52c9.jpg,738.8556540256529,595.3049719422271,8069.25,294.019694558878,True
C:\Users\carmonta\Desktop\data-centric-cross-season-transfer\datasets\train_on_2025_all\images\frame_00131_jpg.rf.9ca22b77e4f9d84c89dca0b8d5f03ae6.jpg,frame_00131_jpg.rf.9ca22b77e4f9d84c89dca0b8d5f03ae6.jpg,1030.2777800978465,522.3746484639655,10175.000000000002,244.435946551793,True
C:\Users\carmonta\Desktop\data-centric-cross-season-transfer\datasets\train_on_2025_all\images\frame_00131_jpg.rf.aeb1943c2a558f4f72e54359817b73e4.jpg,frame_00131_jpg.rf.aeb1943c2a558f4f72e54359817b73e4.jpg,1030.2777800978465,522.3746484639655,10175.000000000002,244.435946551793,True
C:\Users\carmonta\Desktop\data-centric-cross-season-transfer\datasets\train_on_2025_all\images\frame_00131_jpg.rf.d93545b92fa504c2bca20d97200863ab.jpg,frame_00131_jpg.rf.d93545b92fa504c2bca20d97200863ab.jpg,1030.2777800978465,522.3746484639655,10175.000000000002,244.435946551793,True
C:\Users\carmonta\Desktop\data-centric-cross-season-transfer\datasets\train_on_2025_all\images\frame_00131_jpg.rf.e4a0672861717e30d764854c71859adb.jpg,frame_00131_jpg.rf.e4a0672861717e30d764854c71859adb.jpg,738.8556540256529,595.3049719422271,8069.25,294.019694558878,True
C:\Users\carmonta\Desktop\data-centric-cross-season-transfer\datasets\train_on_2025_all\images\frame_00131_jpg.rf.f34bb6adf1da6e63a5059e47239b1239.jpg,frame_00131_jpg.rf.f34bb6adf1da6e63a5059e47239b1239.jpg,998.9113901740928,555.0249485770915,4758.0,269.4278639847677,True
C:\Users\carmonta\Desktop\data-centric-cross-season-transfer\datasets\train_on_2025_all\images\frame_00132_jpg.rf.6d924de75d91056c375d820223c33213.jpg,frame_00132_jpg.rf.6d924de75d91056c375d820223c33213.jpg,721.4196058430479,377.5919496271266,6720.0,267.80264367837106,True
C:\Users\carmonta\Desktop\data-centric-cross-season-transfer\datasets\train_on_2025_all\images\frame_00132_jpg.rf.7027d5a04269c082f0fc7e6d0b321376.jpg,frame_00132_jpg.rf.7027d5a04269c082f0fc7e6d0b321376.jpg,721.4196058430479,377.5919496271266,6720.0,267.80264367837106,True
C:\Users\carmonta\Desktop\data-centric-cross-season-transfer\datasets\train_on_2025_all\images\frame_00132_jpg.rf.82a79c10e15eb9f8fac5ca40e1f09a31.jpg,frame_00132_jpg.rf.82a79c10e15eb9f8fac5ca40e1f09a31.jpg,1049.7534009378887,711.4551039888983,6582.75,286.1699839048377,True
C:\Users\carmonta\Desktop\data-centric-cross-season-transfer\datasets\train_on_2025_all\images\frame_00132_jpg.rf.9bf6db6b94654a736b2a77d4a6b5bb37.jpg,frame_00132_jpg.rf.9bf6db6b94654a736b2a77d4a6b5bb37.jpg,902.1407743395268,463.20443342986994,17324.0,255.41206715793064,True
C:\Users\carmonta\Desktop\data-centric-cross-season-transfer\datasets\train_on_2025_all\images\frame_00132_jpg.rf.cfe05cad09c75fb3337806f8917c3b01.jpg,frame_00132_jpg.rf.cfe05cad09c75fb3337806f8917c3b01.jpg,721.4196058430479,377.5919496271266,6720.0,267.80264367837106,True
C:\Users\carmonta\Desktop\data-centric-cross-season-transfer\datasets\train_on_2025_all\images\frame_00132_jpg.rf.d7d4523fab28c6bc3e5836b69603c2b4.jpg,frame_00132_jpg.rf.d7d4523fab28c6bc3e5836b69603c2b4.jpg,1049.7534009378887,711.4551039888983,6582.75,286.1699839048377,True
C:\Users\carmonta\Desktop\data-centric-cross-season-transfer\datasets\train_on_2025_all\images\frame_00132_jpg.rf.f45fc4e55fe936cd09fbc9502bc0c2b5.jpg,frame_00132_jpg.rf.f45fc4e55fe936cd09fbc9502bc0c2b5.jpg,1004.5742296407085,504.06884737703075,6124.999999999999,256.98485333488406,True
C:\Users\carmonta\Desktop\data-centric-cross-season-transfer\datasets\train_on_2025_all\images\frame_00132_jpg.rf.fbf4b7a1e1d0819318ee02a38e0ab5a3.jpg,frame_00132_jpg.rf.fbf4b7a1e1d0819318ee02a38e0ab5a3.jpg,1049.7534009378887,711.4551039888983,6582.75,286.1699839048377,True
C:\Users\carmonta\Desktop\data-centric-cross-season-transfer\datasets\train_on_2025_all\images\frame_00133_jpg.rf.19ed3827c6985607461d99f03a395cb5.jpg,frame_00133_jpg.rf.19ed3827c6985607461d99f03a395cb5.jpg,809.2227062221455,499.3340784616657,11822.0,275.2115574197493,True
C:\Users\carmonta\Desktop\data-centric-cross-season-transfer\datasets\train_on_2025_all\images\frame_00133_jpg.rf.23652e3487ffe53c6e00b3c0c3476a65.jpg,frame_00133_jpg.rf.23652e3487ffe53c6e00b3c0c3476a65.jpg,1096.394286942351,583.4043352359347,5811.75,266.24592424397997,True
C:\Users\carmonta\Desktop\data-centric-cross-season-transfer\datasets\train_on_2025_all\images\frame_00133_jpg.rf.265eb3b7fc260c4aa89ed310cebdf52a.jpg,frame_00133_jpg.rf.265eb3b7fc260c4aa89ed310cebdf52a.jpg,809.2227062221455,499.3340784616657,11822.0,275.2115574197493,True
C:\Users\carmonta\Desktop\data-centric-cross-season-transfer\datasets\train_on_2025_all\images\frame_00133_jpg.rf.5d9370d1d50fb212b934a6f9b5615133.jpg,frame_00133_jpg.rf.5d9370d1d50fb212b934a6f9b5615133.jpg,809.2227062221455,499.3340784616657,11822.0,275.2115574197493,True
C:\Users\carmonta\Desktop\data-centric-cross-season-transfer\datasets\train_on_2025_all\images\frame_00133_jpg.rf.680144c0658d4e46b038132227eec52b.jpg,frame_00133_jpg.rf.680144c0658d4e46b038132227eec52b.jpg,1096.394286942351,583.4043352359347,5811.75,266.24592424397997,True
C:\Users\carmonta\Desktop\data-centric-cross-season-transfer\datasets\train_on_2025_all\images\frame_00133_jpg.rf.7a64ca55f1b24010173ec878099c9730.jpg,frame_00133_jpg.rf.7a64ca55f1b24010173ec878099c9730.jpg,996.3141813139523,489.8173483554182,7348.0,255.36584218006266,True
C:\Users\carmonta\Desktop\data-centric-cross-season-transfer\datasets\train_on_2025_all\images\frame_00133_jpg.rf.8d9e8af99e0b2d5c29c9d7b86642beac.jpg,frame_00133_jpg.rf.8d9e8af99e0b2d5c29c9d7b86642beac.jpg,1096.394286942351,583.4043352359347,5811.75,266.24592424397997,True
C:\Users\carmonta\Desktop\data-centric-cross-season-transfer\datasets\train_on_2025_all\images\frame_00133_jpg.rf.b04bb132ce18417e3375c6d3e48da10a.jpg,frame_00133_jpg.rf.b04bb132ce18417e3375c6d3e48da10a.jpg,1114.641247128195,605.451616385964,13988.5,259.861366331035,True
C:\Users\carmonta\Desktop\data-centric-cross-season-transfer\datasets\train_on_2025_all\images\frame_00133_jpg.rf.eeda2725b39842a24a768c4fa33507be.jpg,frame_00133_jpg.rf.eeda2725b39842a24a768c4fa33507be.jpg,1114.641247128195,605.451616385964,13988.5,259.861366331035,True
C:\Users\carmonta\Desktop\data-centric-cross-season-transfer\datasets\train_on_2025_all\images\frame_00133_jpg.rf.f662d51b26c88558c17afc8e300ffe05.jpg,frame_00133_jpg.rf.f662d51b26c88558c17afc8e300ffe05.jpg,1114.641247128195,605.451616385964,13988.5,259.861366331035,True
C:\Users\carmonta\Desktop\data-centric-cross-season-transfer\datasets\train_on_2025_all\images\frame_00134_jpg.rf.157d7edf7144abd39e62fa4c91012396.jpg,frame_00134_jpg.rf.157d7edf7144abd39e62fa4c91012396.jpg,1164.2601012493951,567.9774664512345,3202.5,226.89997019183846,True
C:\Users\carmonta\Desktop\data-centric-cross-season-transfer\datasets\train_on_2025_all\images\frame_00134_jpg.rf.2336d2377605ece3a4f9cdfa9c536f08.jpg,frame_00134_jpg.rf.2336d2377605ece3a4f9cdfa9c536f08.jpg,973.391317327256,488.5833045061319,5095.5,258.59478465049585,True
C:\Users\carmonta\Desktop\data-centric-cross-season-transfer\datasets\train_on_2025_all\images\frame_00134_jpg.rf.b7814d77eb0e8b4c16aeb2c45614d523.jpg,frame_00134_jpg.rf.b7814d77eb0e8b4c16aeb2c45614d523.jpg,973.391317327256,488.5833045061319,5095.5,258.59478465049585,True
C:\Users\carmonta\Desktop\data-centric-cross-season-transfer\datasets\train_on_2025_all\images\frame_00134_jpg.rf.c4ba0d4d2985c40fcf7e4579b581489a.jpg,frame_00134_jpg.rf.c4ba0d4d2985c40fcf7e4579b581489a.jpg,1164.2601012493951,567.9774664512345,3202.5,226.89997019183846,True
C:\Users\carmonta\Desktop\data-centric-cross-season-transfer\datasets\train_on_2025_all\images\frame_00134_jpg.rf.f5ccf45a61e406cdafbe1962d31eb861.jpg,frame_00134_jpg.rf.f5ccf45a61e406cdafbe1962d31eb861.jpg,973.391317327256,488.5833045061319,5095.5,258.59478465049585,True
C:\Users\carmonta\Desktop\data-centric-cross-season-transfer\datasets\train_on_2025_all\images\frame_00135_jpg.rf.242295ab4acdf4d4db2cba6c30d01f48.jpg,frame_00135_jpg.rf.242295ab4acdf4d4db2cba6c30d01f48.jpg,1158.398762518061,686.2325403021151,4941.0,274.9567403479514,True
C:\Users\carmonta\Desktop\data-centric-cross-season-transfer\datasets\train_on_2025_all\images\frame_00135_jpg.rf.51b80e78348ed15dd6aaa9284aa30626.jpg,frame_00135_jpg.rf.51b80e78348ed15dd6aaa9284aa30626.jpg,769.2761199679329,785.6825144735958,6194.0,301.40225584686607,True
C:\Users\carmonta\Desktop\data-centric-cross-season-transfer\datasets\train_on_2025_all\images\frame_00135_jpg.rf.6b3359d61c361281b7ac4356ab995a63.jpg,frame_00135_jpg.rf.6b3359d61c361281b7ac4356ab995a63.jpg,769.2761199679329,785.6825144735958,6194.0,301.40225584686607,True
C:\Users\carmonta\Desktop\data-centric-cross-season-transfer\datasets\train_on_2025_all\images\frame_00135_jpg.rf.6c7f167fa13ebf875aa8ae86deb388ec.jpg,frame_00135_jpg.rf.6c7f167fa13ebf875aa8ae86deb388ec.jpg,1146.7791462283737,538.3050134598567,11832.0,247.214571086572,True
C:\Users\carmonta\Desktop\data-centric-cross-season-transfer\datasets\train_on_2025_all\images\frame_00135_jpg.rf.7dd1bf904b323d933b21ec43d6b2f67b.jpg,frame_00135_jpg.rf.7dd1bf904b323d933b21ec43d6b2f67b.jpg,927.7674612029887,515.3998490571721,3906.0,270.547419761729,True
C:\Users\carmonta\Desktop\data-centric-cross-season-transfer\datasets\train_on_2025_all\images\frame_00135_jpg.rf.8d19f6ea905447d4f6f4db95cf0bf4c3.jpg,frame_00135_jpg.rf.8d19f6ea905447d4f6f4db95cf0bf4c3.jpg,927.7674612029887,515.3998490571721,3906.0,270.547419761729,True
C:\Users\carmonta\Desktop\data-centric-cross-season-transfer\datasets\train_on_2025_all\images\frame_00135_jpg.rf.a16fac132ed3fd350086fb7a8c9087f4.jpg,frame_00135_jpg.rf.a16fac132ed3fd350086fb7a8c9087f4.jpg,1158.398762518061,686.2325403021151,4941.0,274.9567403479514,True
C:\Users\carmonta\Desktop\data-centric-cross-season-transfer\datasets\train_on_2025_all\images\frame_00135_jpg.rf.d65ae98da5097215c91ff2f2532bfd7c.jpg,frame_00135_jpg.rf.d65ae98da5097215c91ff2f2532bfd7c.jpg,1146.7791462283737,538.3050134598567,11832.0,247.214571086572,True
C:\Users\carmonta\Desktop\data-centric-cross-season-transfer\datasets\train_on_2025_all\images\frame_00135_jpg.rf.e43132b67313829d52015e653a4484ea.jpg,frame_00135_jpg.rf.e43132b67313829d52015e653a4484ea.jpg,927.7674612029887,515.3998490571721,3906.0,270.547419761729,True
C:\Users\carmonta\Desktop\data-centric-cross-season-transfer\datasets\train_on_2025_all\images\frame_00135_jpg.rf.fa900804fa8e060326714f67eb3081b5.jpg,frame_00135_jpg.rf.fa900804fa8e060326714f67eb3081b5.jpg,1146.7791462283737,538.3050134598567,11832.0,247.214571086572,True
C:\Users\carmonta\Desktop\data-centric-cross-season-transfer\datasets\train_on_2025_all\images\frame_00136_jpg.rf.1ee5a2652d565197d2578f587a16a3ec.jpg,frame_00136_jpg.rf.1ee5a2652d565197d2578f587a16a3ec.jpg,944.5993973468355,513.4454886276396,4001.5,262.16454788813076,True
C:\Users\carmonta\Desktop\data-centric-cross-season-transfer\datasets\train_on_2025_all\images\frame_00136_jpg.rf.3fab128ad432e905956032c8a8e1db83.jpg,frame_00136_jpg.rf.3fab128ad432e905956032c8a8e1db83.jpg,944.5993973468355,513.4454886276396,4001.5,262.16454788813076,True
C:\Users\carmonta\Desktop\data-centric-cross-season-transfer\datasets\train_on_2025_all\images\frame_00136_jpg.rf.5552cb6268de7770faffcf0ea6ea006f.jpg,frame_00136_jpg.rf.5552cb6268de7770faffcf0ea6ea006f.jpg,1086.5360460157094,568.739401704346,9787.5,253.51794699299123,True
C:\Users\carmonta\Desktop\data-centric-cross-season-transfer\datasets\train_on_2025_all\images\frame_00136_jpg.rf.8aace151a0a471330d6ef3caf29b9c8d.jpg,frame_00136_jpg.rf.8aace151a0a471330d6ef3caf29b9c8d.jpg,1086.5360460157094,568.739401704346,9787.5,253.51794699299123,True
C:\Users\carmonta\Desktop\data-centric-cross-season-transfer\datasets\train_on_2025_all\images\frame_00136_jpg.rf.f51366dc3d4cb95bf750cc9800245338.jpg,frame_00136_jpg.rf.f51366dc3d4cb95bf750cc9800245338.jpg,944.5993973468355,513.4454886276396,4001.5,262.16454788813076,True
C:\Users\carmonta\Desktop\data-centric-cross-season-transfer\datasets\train_on_2025_all\images\frame_00137_jpg.rf.46197784ad047156ecd0dc499bdd0736.jpg,frame_00137_jpg.rf.46197784ad047156ecd0dc499bdd0736.jpg,1088.6096723852868,642.6833125227341,8262.0,269.46184542269265,True
C:\Users\carmonta\Desktop\data-centric-cross-season-transfer\datasets\train_on_2025_all\images\frame_00137_jpg.rf.7ccf7986a473ebcac00a328eca25aae5.jpg,frame_00137_jpg.rf.7ccf7986a473ebcac00a328eca25aae5.jpg,893.0194542779478,454.9686398417594,4889.25,261.887555838648,True
C:\Users\carmonta\Desktop\data-centric-cross-season-transfer\datasets\train_on_2025_all\images\frame_00137_jpg.rf.c2f1f6abd932bd949902a45e5f4f89a3.jpg,frame_00137_jpg.rf.c2f1f6abd932bd949902a45e5f4f89a3.jpg,910.3952974437427,506.0097120682303,4080.0,268.4569369070684,True
C:\Users\carmonta\Desktop\data-centric-cross-season-transfer\datasets\train_on_2025_all\images\frame_00137_jpg.rf.ccbf7b0ddfb4a4a5ec4c0599de51b6b7.jpg,frame_00137_jpg.rf.ccbf7b0ddfb4a4a5ec4c0599de51b6b7.jpg,910.3952974437427,506.0097120682303,4080.0,268.4569369070684,True
C:\Users\carmonta\Desktop\data-centric-cross-season-transfer\datasets\train_on_2025_all\images\frame_00137_jpg.rf.da1561ff61e1185b2740b66e4cf28ed8.jpg,frame_00137_jpg.rf.da1561ff61e1185b2740b66e4cf28ed8.jpg,893.0194542779478,454.9686398417594,4889.25,261.887555838648,True
C:\Users\carmonta\Desktop\data-centric-cross-season-transfer\datasets\train_on_2025_all\images\frame_00137_jpg.rf.eb9b7bb2f8d7b87285335e31910d68fb.jpg,frame_00137_jpg.rf.eb9b7bb2f8d7b87285335e31910d68fb.jpg,1088.6096723852868,642.6833125227341,8262.0,269.46184542269265,True
C:\Users\carmonta\Desktop\data-centric-cross-season-transfer\datasets\train_on_2025_all\images\frame_00138_jpg.rf.1a5d07dca51b5a2b3695c2904ad9f592.jpg,frame_00138_jpg.rf.1a5d07dca51b5a2b3695c2904ad9f592.jpg,936.7085831271789,486.22066880470686,13376.25,250.36050896542883,True
C:\Users\carmonta\Desktop\data-centric-cross-season-transfer\datasets\train_on_2025_all\images\frame_00138_jpg.rf.2b94f2c3eb36c00ab23061d193c22385.jpg,frame_00138_jpg.rf.2b94f2c3eb36c00ab23061d193c22385.jpg,1072.2589073990648,576.6255941031045,11147.5,269.0529141603543,True
C:\Users\carmonta\Desktop\data-centric-cross-season-transfer\datasets\train_on_2025_all\images\frame_00138_jpg.rf.2f9360b8e67ee9de50078490fcf103f6.jpg,frame_00138_jpg.rf.2f9360b8e67ee9de50078490fcf103f6.jpg,1072.2589073990648,576.6255941031045,11147.5,269.0529141603543,True
C:\Users\carmonta\Desktop\data-centric-cross-season-transfer\datasets\train_on_2025_all\images\frame_00138_jpg.rf.8877fafbd47ee87b89942861b456e17f.jpg,frame_00138_jpg.rf.8877fafbd47ee87b89942861b456e17f.jpg,1043.2804223737464,499.07352665248413,3361.5,241.78302945340897,True
C:\Users\carmonta\Desktop\data-centric-cross-season-transfer\datasets\train_on_2025_all\images\frame_00138_jpg.rf.9bc9f694797110d57a14cc35d9402f19.jpg,frame_00138_jpg.rf.9bc9f694797110d57a14cc35d9402f19.jpg,936.7085831271789,486.22066880470686,13376.25,250.36050896542883,True
C:\Users\carmonta\Desktop\data-centric-cross-season-transfer\datasets\train_on_2025_all\images\frame_00138_jpg.rf.c64346564425b0dc6cc6a369598b97c3.jpg,frame_00138_jpg.rf.c64346564425b0dc6cc6a369598b97c3.jpg,1043.2804223737464,499.07352665248413,3361.5,241.78302945340897,True
C:\Users\carmonta\Desktop\data-centric-cross-season-transfer\datasets\train_on_2025_all\images\frame_00138_jpg.rf.df1dc8b2093db768918f09d7b2682aea.jpg,frame_00138_jpg.rf.df1dc8b2093db768918f09d7b2682aea.jpg,936.7085831271789,486.22066880470686,13376.25,250.36050896542883,True
C:\Users\carmonta\Desktop\data-centric-cross-season-transfer\datasets\train_on_2025_all\images\frame_00139_jpg.rf.46a34e6bb558fed4ad6002598b1aa351.jpg,frame_00139_jpg.rf.46a34e6bb558fed4ad6002598b1aa351.jpg,1085.7490310571745,667.6484092310633,9275.0,275.83034260129693,True
C:\Users\carmonta\Desktop\data-centric-cross-season-transfer\datasets\train_on_2025_all\images\frame_00139_jpg.rf.dd896c90a093cea381d7f1e282f9a3f6.jpg,frame_00139_jpg.rf.dd896c90a093cea381d7f1e282f9a3f6.jpg,1085.7490310571745,667.6484092310633,9275.0,275.83034260129693,True
C:\Users\carmonta\Desktop\data-centric-cross-season-transfer\datasets\train_on_2025_all\images\frame_00140_jpg.rf.769ecf0fdf3e74241c810e18f6adcdef.jpg,frame_00140_jpg.rf.769ecf0fdf3e74241c810e18f6adcdef.jpg,842.4232655873368,665.9107635047171,4950.75,291.25116109665714,True
C:\Users\carmonta\Desktop\data-centric-cross-season-transfer\datasets\train_on_2025_all\images\frame_00140_jpg.rf.996902ab64d3c5e1ee12480c2ff78e0b.jpg,frame_00140_jpg.rf.996902ab64d3c5e1ee12480c2ff78e0b.jpg,1070.1155925365838,576.6780220272716,10874.25,268.37865223139613,True
C:\Users\carmonta\Desktop\data-centric-cross-season-transfer\datasets\train_on_2025_all\images\frame_00140_jpg.rf.c9f1a1d004cfac8d554f6b0f1ccd30b7.jpg,frame_00140_jpg.rf.c9f1a1d004cfac8d554f6b0f1ccd30b7.jpg,1070.1155925365838,576.6780220272716,10874.25,268.37865223139613,True
C:\Users\carmonta\Desktop\data-centric-cross-season-transfer\datasets\train_on_2025_all\images\frame_00140_jpg.rf.f0cae0fff7dc8d7073d1971e0dd8abab.jpg,frame_00140_jpg.rf.f0cae0fff7dc8d7073d1971e0dd8abab.jpg,1070.1155925365838,576.6780220272716,10874.25,268.37865223139613,True
C:\Users\carmonta\Desktop\data-centric-cross-season-transfer\datasets\train_on_2025_all\images\frame_00140_jpg.rf.f1a8a00ca8f8cb883b55b871c7ea8d93.jpg,frame_00140_jpg.rf.f1a8a00ca8f8cb883b55b871c7ea8d93.jpg,842.4232655873368,665.9107635047171,4950.75,291.25116109665714,True
C:\Users\carmonta\Desktop\data-centric-cross-season-transfer\datasets\train_on_2025_all\images\frame_00141_jpg.rf.3250e4682d6532d8ff8dcce474aed0f7.jpg,frame_00141_jpg.rf.3250e4682d6532d8ff8dcce474aed0f7.jpg,1135.960982544114,637.5731036568283,3844.0,268.5647318625813,True
C:\Users\carmonta\Desktop\data-centric-cross-season-transfer\datasets\train_on_2025_all\images\frame_00141_jpg.rf.6ecbe90e31518552dba4d81b87e4d9b3.jpg,frame_00141_jpg.rf.6ecbe90e31518552dba4d81b87e4d9b3.jpg,820.3131072079624,492.2884285729922,5642.0,272.39522223275503,True
C:\Users\carmonta\Desktop\data-centric-cross-season-transfer\datasets\train_on_2025_all\images\frame_00141_jpg.rf.d547fd8b62593ec80a29e9a3c2ee6590.jpg,frame_00141_jpg.rf.d547fd8b62593ec80a29e9a3c2ee6590.jpg,1135.960982544114,637.5731036568283,3844.0,268.5647318625813,True
C:\Users\carmonta\Desktop\data-centric-cross-season-transfer\datasets\train_on_2025_all\images\frame_00141_jpg.rf.f579336ed55e0244a5c390e83058ccbb.jpg,frame_00141_jpg.rf.f579336ed55e0244a5c390e83058ccbb.jpg,820.3131072079624,492.2884285729922,5642.0,272.39522223275503,True
C:\Users\carmonta\Desktop\data-centric-cross-season-transfer\datasets\train_on_2025_all\images\frame_00142_jpg.rf.1c137850e05ae8d44c54d4feaa0de114.jpg,frame_00142_jpg.rf.1c137850e05ae8d44c54d4feaa0de114.jpg,1134.3602135082376,532.1711722183647,8275.0,238.44147707967414,True
C:\Users\carmonta\Desktop\data-centric-cross-season-transfer\datasets\train_on_2025_all\images\frame_00142_jpg.rf.610f8a54ba0571a0093de1cf30f65fc9.jpg,frame_00142_jpg.rf.610f8a54ba0571a0093de1cf30f65fc9.jpg,1060.1913938230775,632.1041828682328,6531.25,277.7246812591372,True
C:\Users\carmonta\Desktop\data-centric-cross-season-transfer\datasets\train_on_2025_all\images\frame_00142_jpg.rf.8374ef686677f3e466c5a631f17bcc9a.jpg,frame_00142_jpg.rf.8374ef686677f3e466c5a631f17bcc9a.jpg,1060.1913938230775,632.1041828682328,6531.25,277.7246812591372,True
C:\Users\carmonta\Desktop\data-centric-cross-season-transfer\datasets\train_on_2025_all\images\frame_00142_jpg.rf.952f224b926303ed5e8d92dd3d6bde2a.jpg,frame_00142_jpg.rf.952f224b926303ed5e8d92dd3d6bde2a.jpg,1060.1913938230775,632.1041828682328,6531.25,277.7246812591372,True
C:\Users\carmonta\Desktop\data-centric-cross-season-transfer\datasets\train_on_2025_all\images\frame_00142_jpg.rf.b648b7575300c6338b3583bebcbbef12.jpg,frame_00142_jpg.rf.b648b7575300c6338b3583bebcbbef12.jpg,1134.3602135082376,532.1711722183647,8275.0,238.44147707967414,True
C:\Users\carmonta\Desktop\data-centric-cross-season-transfer\datasets\train_on_2025_all\images\frame_00142_jpg.rf.e0658a143f51a703580a215dbadb5860.jpg,frame_00142_jpg.rf.e0658a143f51a703580a215dbadb5860.jpg,1134.3602135082376,532.1711722183647,8275.0,238.44147707967414,True
C:\Users\carmonta\Desktop\data-centric-cross-season-transfer\datasets\train_on_2025_all\images\frame_00143_jpg.rf.77146ed7c19c7b4c57221469eb47f4c8.jpg,frame_00143_jpg.rf.77146ed7c19c7b4c57221469eb47f4c8.jpg,1172.2665958407142,565.5317974105934,3735.0,244.46518369409432,True
C:\Users\carmonta\Desktop\data-centric-cross-season-transfer\datasets\train_on_2025_all\images\frame_00143_jpg.rf.92891c7efaf30866c11625c81400cbce.jpg,frame_00143_jpg.rf.92891c7efaf30866c11625c81400cbce.jpg,985.1356871279235,728.8018116275057,4240.0,288.45112784109364,True
C:\Users\carmonta\Desktop\data-centric-cross-season-transfer\datasets\train_on_2025_all\images\frame_00143_jpg.rf.a644fc6e18c8cb00ce65e810a751855b.jpg,frame_00143_jpg.rf.a644fc6e18c8cb00ce65e810a751855b.jpg,985.1356871279235,728.8018116275057,4240.0,288.45112784109364,True
C:\Users\carmonta\Desktop\data-centric-cross-season-transfer\datasets\train_on_2025_all\images\frame_00143_jpg.rf.bb8c1ab3dd97c075079159c0eef48a40.jpg,frame_00143_jpg.rf.bb8c1ab3dd97c075079159c0eef48a40.jpg,985.1356871279235,728.8018116275057,4240.0,288.45112784109364,True
C:\Users\carmonta\Desktop\data-centric-cross-season-transfer\datasets\train_on_2025_all\images\frame_00143_jpg.rf.dd4b4668b1403a0689fb535fba746622.jpg,frame_00143_jpg.rf.dd4b4668b1403a0689fb535fba746622.jpg,1026.9795954417718,615.2573264352644,8325.0,278.7700446414001,True
C:\Users\carmonta\Desktop\data-centric-cross-season-transfer\datasets\train_on_2025_all\images\frame_00143_jpg.rf.f161271f9ed71a83c92b87f630b1e3eb.jpg,frame_00143_jpg.rf.f161271f9ed71a83c92b87f630b1e3eb.jpg,1026.9795954417718,615.2573264352644,8325.0,278.7700446414001,True
C:\Users\carmonta\Desktop\data-centric-cross-season-transfer\datasets\train_on_2025_all\images\frame_00144_jpg.rf.27b74098ed4b0c4e45d5f724963908da.jpg,frame_00144_jpg.rf.27b74098ed4b0c4e45d5f724963908da.jpg,875.3835043768527,572.4829362625372,9203.5,285.27761554732604,True
C:\Users\carmonta\Desktop\data-centric-cross-season-transfer\datasets\train_on_2025_all\images\frame_00144_jpg.rf.280199e5556f83dc6d5a536a6f0ed0f8.jpg,frame_00144_jpg.rf.280199e5556f83dc6d5a536a6f0ed0f8.jpg,1038.3284132331817,570.0503367055908,6050.0,270.9669653591839,True
C:\Users\carmonta\Desktop\data-centric-cross-season-transfer\datasets\train_on_2025_all\images\frame_00144_jpg.rf.cea011748f29100a6a2a92642a53018a.jpg,frame_00144_jpg.rf.cea011748f29100a6a2a92642a53018a.jpg,1038.3284132331817,570.0503367055908,6050.0,270.9669653591839,True
C:\Users\carmonta\Desktop\data-centric-cross-season-transfer\datasets\train_on_2025_all\images\frame_00144_jpg.rf.f421a82b9daaff7125de2a7e81ac69e6.jpg,frame_00144_jpg.rf.f421a82b9daaff7125de2a7e81ac69e6.jpg,875.3835043768527,572.4829362625372,9203.5,285.27761554732604,True
C:\Users\carmonta\Desktop\data-centric-cross-season-transfer\datasets\train_on_2025_all\images\frame_00145_jpg.rf.13fb51522c4f0fb364c11cd4519e9628.jpg,frame_00145_jpg.rf.13fb51522c4f0fb364c11cd4519e9628.jpg,881.9897076431258,413.32454852159435,9295.000000000002,245.5710415452146,True
C:\Users\carmonta\Desktop\data-centric-cross-season-transfer\datasets\train_on_2025_all\images\frame_00145_jpg.rf.71cd1ba9740d339ed87f095ac5c44950.jpg,frame_00145_jpg.rf.71cd1ba9740d339ed87f095ac5c44950.jpg,881.9897076431258,413.32454852159435,9295.000000000002,245.5710415452146,True
C:\Users\carmonta\Desktop\data-centric-cross-season-transfer\datasets\train_on_2025_all\images\frame_00146_jpg.rf.22439534179d3e097ee7544d0793218e.jpg,frame_00146_jpg.rf.22439534179d3e097ee7544d0793218e.jpg,856.801146831503,659.922690191445,6587.5,288.9028777905713,True
C:\Users\carmonta\Desktop\data-centric-cross-season-transfer\datasets\train_on_2025_all\images\frame_00146_jpg.rf.c0ef702338015d12c408af401f8b84c5.jpg,frame_00146_jpg.rf.c0ef702338015d12c408af401f8b84c5.jpg,856.801146831503,659.922690191445,6587.5,288.9028777905713,True
C:\Users\carmonta\Desktop\data-centric-cross-season-transfer\datasets\train_on_2025_all\images\frame_00146_jpg.rf.c44f59bbbf476edb3ffcd6e16481eedb.jpg,frame_00146_jpg.rf.c44f59bbbf476edb3ffcd6e16481eedb.jpg,856.801146831503,659.922690191445,6587.5,288.9028777905713,True
C:\Users\carmonta\Desktop\data-centric-cross-season-transfer\datasets\train_on_2025_all\images\frame_00147_jpg.rf.07582adc829d3e4499b28a1faa1b84ac.jpg,frame_00147_jpg.rf.07582adc829d3e4499b28a1faa1b84ac.jpg,887.6393340299984,499.21211321106506,9850.500000000002,268.32998532223706,True
C:\Users\carmonta\Desktop\data-centric-cross-season-transfer\datasets\train_on_2025_all\images\frame_00147_jpg.rf.5b907ce3a8037501fcc47c0ec08f3da3.jpg,frame_00147_jpg.rf.5b907ce3a8037501fcc47c0ec08f3da3.jpg,887.6393340299984,499.21211321106506,9850.500000000002,268.32998532223706,True
C:\Users\carmonta\Desktop\data-centric-cross-season-transfer\datasets\train_on_2025_all\images\frame_00148_jpg.rf.09db0dbc65b8cb06b3d67f8b2896c814.jpg,frame_00148_jpg.rf.09db0dbc65b8cb06b3d67f8b2896c814.jpg,1027.450242976277,602.9869791519801,6272.0,270.52901627524534,True
C:\Users\carmonta\Desktop\data-centric-cross-season-transfer\datasets\train_on_2025_all\images\frame_00148_jpg.rf.9dd51a3eaee9e9d2563ae68cabb489b6.jpg,frame_00148_jpg.rf.9dd51a3eaee9e9d2563ae68cabb489b6.jpg,1027.450242976277,602.9869791519801,6272.0,270.52901627524534,True
C:\Users\carmonta\Desktop\data-centric-cross-season-transfer\datasets\train_on_2025_all\images\frame_00148_jpg.rf.f07c1d6e969fbc2600579f50c395ce27.jpg,frame_00148_jpg.rf.f07c1d6e969fbc2600579f50c395ce27.jpg,1027.450242976277,602.9869791519801,6272.0,270.52901627524534,True
C:\Users\carmonta\Desktop\data-centric-cross-season-transfer\datasets\train_on_2025_all\images\frame_00149_jpg.rf.1e30d105d20bc6681cdfa30f6339d212.jpg,frame_00149_jpg.rf.1e30d105d20bc6681cdfa30f6339d212.jpg,749.5617799276777,599.3245138076675,9263.25,296.8171736559517,True
C:\Users\carmonta\Desktop\data-centric-cross-season-transfer\datasets\train_on_2025_all\images\frame_00149_jpg.rf.6c09df71de538fc861260e64aa4695da.jpg,frame_00149_jpg.rf.6c09df71de538fc861260e64aa4695da.jpg,749.5617799276777,599.3245138076675,9263.25,296.8171736559517,True
C:\Users\carmonta\Desktop\data-centric-cross-season-transfer\datasets\train_on_2025_all\images\frame_00149_jpg.rf.737b2c9711d547becfb3a70b1ae5dd00.jpg,frame_00149_jpg.rf.737b2c9711d547becfb3a70b1ae5dd00.jpg,749.5617799276777,599.3245138076675,9263.25,296.8171736559517,True
C:\Users\carmonta\Desktop\data-centric-cross-season-transfer\datasets\train_on_2025_all\images\frame_00150_jpg.rf.85b3a55a554dd0dc7a7c63f530ca6fdf.jpg,frame_00150_jpg.rf.85b3a55a554dd0dc7a7c63f530ca6fdf.jpg,761.0509001926713,374.2096037705985,8989.0,259.8942242222374,True
C:\Users\carmonta\Desktop\data-centric-cross-season-transfer\datasets\train_on_2025_all\images\frame_00150_jpg.rf.9d88835f61eb0ea50e6fad9c2e4c714c.jpg,frame_00150_jpg.rf.9d88835f61eb0ea50e6fad9c2e4c714c.jpg,761.0509001926713,374.2096037705985,8989.0,259.8942242222374,True
C:\Users\carmonta\Desktop\data-centric-cross-season-transfer\datasets\train_on_2025_all\images\frame_00150_jpg.rf.ad504d66d0f71fab2296218d7d877275.jpg,frame_00150_jpg.rf.ad504d66d0f71fab2296218d7d877275.jpg,761.0509001926713,374.2096037705985,8989.0,259.8942242222374,True
C:\Users\carmonta\Desktop\data-centric-cross-season-transfer\datasets\train_on_2025_all\images\frame_00151_jpg.rf.25127a208f319c87ca9eb1b0dc94d3ad.jpg,frame_00151_jpg.rf.25127a208f319c87ca9eb1b0dc94d3ad.jpg,1025.0094451453624,548.8719304466972,7424.0,267.1644340798067,True
C:\Users\carmonta\Desktop\data-centric-cross-season-transfer\datasets\train_on_2025_all\images\frame_00151_jpg.rf.83dcb493ba9317de5999e525e02c05eb.jpg,frame_00151_jpg.rf.83dcb493ba9317de5999e525e02c05eb.jpg,1111.037922905453,549.7142156757823,11160.5,256.9703277328223,True
C:\Users\carmonta\Desktop\data-centric-cross-season-transfer\datasets\train_on_2025_all\images\frame_00151_jpg.rf.9960e8ba76a410d0c351f4b7699973d1.jpg,frame_00151_jpg.rf.9960e8ba76a410d0c351f4b7699973d1.jpg,1025.0094451453624,548.8719304466972,7424.0,267.1644340798067,True
C:\Users\carmonta\Desktop\data-centric-cross-season-transfer\datasets\train_on_2025_all\images\frame_00151_jpg.rf.a4759f429c483b19a819d062eb04aaaa.jpg,frame_00151_jpg.rf.a4759f429c483b19a819d062eb04aaaa.jpg,1111.037922905453,549.7142156757823,11160.5,256.9703277328223,True
C:\Users\carmonta\Desktop\data-centric-cross-season-transfer\datasets\train_on_2025_all\images\frame_00151_jpg.rf.e202f0ec9e9321ab05df1decc671e4ad.jpg,frame_00151_jpg.rf.e202f0ec9e9321ab05df1decc671e4ad.jpg,1111.037922905453,549.7142156757823,11160.5,256.9703277328223,True
C:\Users\carmonta\Desktop\data-centric-cross-season-transfer\datasets\train_on_2025_all\images\frame_00152_jpg.rf.14691596cbda4156410cbc179869a141.jpg,frame_00152_jpg.rf.14691596cbda4156410cbc179869a141.jpg,1037.66622766969,615.2753693114082,8497.5,275.272199368987,True
C:\Users\carmonta\Desktop\data-centric-cross-season-transfer\datasets\train_on_2025_all\images\frame_00152_jpg.rf.49c9cfbcd16b7e26a5aefce5be305864.jpg,frame_00152_jpg.rf.49c9cfbcd16b7e26a5aefce5be305864.jpg,977.9121986325817,699.072346211552,9504.0,289.9960568816888,True
C:\Users\carmonta\Desktop\data-centric-cross-season-transfer\datasets\train_on_2025_all\images\frame_00152_jpg.rf.66ac5fc207b972977ca969f0340fd8bc.jpg,frame_00152_jpg.rf.66ac5fc207b972977ca969f0340fd8bc.jpg,977.9121986325817,699.072346211552,9504.0,289.9960568816888,True
C:\Users\carmonta\Desktop\data-centric-cross-season-transfer\datasets\train_on_2025_all\images\frame_00152_jpg.rf.977bb3e3f5fb9adc52e77783d42fad39.jpg,frame_00152_jpg.rf.977bb3e3f5fb9adc52e77783d42fad39.jpg,1037.66622766969,615.2753693114082,8497.5,275.272199368987,True
C:\Users\carmonta\Desktop\data-centric-cross-season-transfer\datasets\train_on_2025_all\images\frame_00152_jpg.rf.a6c8be899adbb723e4a3e294053be3e8.jpg,frame_00152_jpg.rf.a6c8be899adbb723e4a3e294053be3e8.jpg,977.9121986325817,699.072346211552,9504.0,289.9960568816888,True
C:\Users\carmonta\Desktop\data-centric-cross-season-transfer\datasets\train_on_2025_all\images\frame_00153_jpg.rf.0107d3cef0eb20e1c132a00ecb46b1b2.jpg,frame_00153_jpg.rf.0107d3cef0eb20e1c132a00ecb46b1b2.jpg,959.7969640255653,477.4443030878614,9236.5,259.52407751931884,True
C:\Users\carmonta\Desktop\data-centric-cross-season-transfer\datasets\train_on_2025_all\images\frame_00153_jpg.rf.0cf4dd0629bd4aa23e9e8264e941b647.jpg,frame_00153_jpg.rf.0cf4dd0629bd4aa23e9e8264e941b647.jpg,959.7969640255653,477.4443030878614,9236.5,259.52407751931884,True
C:\Users\carmonta\Desktop\data-centric-cross-season-transfer\datasets\train_on_2025_all\images\frame_00153_jpg.rf.fd68b21639e66f16ca08cacce2c20f97.jpg,frame_00153_jpg.rf.fd68b21639e66f16ca08cacce2c20f97.jpg,1068.6604215324276,631.6717052769286,8117.5,274.4819428442729,True
C:\Users\carmonta\Desktop\data-centric-cross-season-transfer\datasets\train_on_2025_all\images\frame_00154_jpg.rf.6fbaef2ac7e27241841a021bd8d1447f.jpg,frame_00154_jpg.rf.6fbaef2ac7e27241841a021bd8d1447f.jpg,1029.2349405455268,537.326563028418,7548.0,261.04806301286254,True
C:\Users\carmonta\Desktop\data-centric-cross-season-transfer\datasets\train_on_2025_all\images\frame_00154_jpg.rf.fda69b3efa100e31f966530ef7abb00b.jpg,frame_00154_jpg.rf.fda69b3efa100e31f966530ef7abb00b.jpg,1029.2349405455268,537.326563028418,7548.0,261.04806301286254,True
C:\Users\carmonta\Desktop\data-centric-cross-season-transfer\datasets\train_on_2025_all\images\frame_00155_jpg.rf.028ca122c29adbcbd085723570d97117.jpg,frame_00155_jpg.rf.028ca122c29adbcbd085723570d97117.jpg,1068.5017502713467,588.9923287233286,16500.0,263.67224498312487,True
C:\Users\carmonta\Desktop\data-centric-cross-season-transfer\datasets\train_on_2025_all\images\frame_00155_jpg.rf.1ec215b688e8d920d304707c875b10cc.jpg,frame_00155_jpg.rf.1ec215b688e8d920d304707c875b10cc.jpg,1068.5017502713467,588.9923287233286,16500.0,263.67224498312487,True
C:\Users\carmonta\Desktop\data-centric-cross-season-transfer\datasets\train_on_2025_all\images\frame_00155_jpg.rf.42881d7850883c18c8faa76c84561604.jpg,frame_00155_jpg.rf.42881d7850883c18c8faa76c84561604.jpg,1068.5017502713467,588.9923287233286,16500.0,263.67224498312487,True
C:\Users\carmonta\Desktop\data-centric-cross-season-transfer\datasets\train_on_2025_all\images\frame_00156_jpg.rf.20184709c71069625c651ae2946304c4.jpg,frame_00156_jpg.rf.20184709c71069625c651ae2946304c4.jpg,1145.2606459249328,584.832361997311,12144.0,248.28675850941792,True
C:\Users\carmonta\Desktop\data-centric-cross-season-transfer\datasets\train_on_2025_all\images\frame_00156_jpg.rf.2e741fa4e134d26744aed0024cf71ace.jpg,frame_00156_jpg.rf.2e741fa4e134d26744aed0024cf71ace.jpg,1075.9711544203058,549.4325367006712,8133.75,225.91615508872465,True
C:\Users\carmonta\Desktop\data-centric-cross-season-transfer\datasets\train_on_2025_all\images\frame_00156_jpg.rf.62a59542fe45c700833ce32124554bc6.jpg,frame_00156_jpg.rf.62a59542fe45c700833ce32124554bc6.jpg,1145.2606459249328,584.832361997311,12144.0,248.28675850941792,True
C:\Users\carmonta\Desktop\data-centric-cross-season-transfer\datasets\train_on_2025_all\images\frame_00156_jpg.rf.a5edf66ee9a2127f3be2684e3fb6b0b7.jpg,frame_00156_jpg.rf.a5edf66ee9a2127f3be2684e3fb6b0b7.jpg,1075.9711544203058,549.4325367006712,8133.75,225.91615508872465,True
C:\Users\carmonta\Desktop\data-centric-cross-season-transfer\datasets\train_on_2025_all\images\frame_00156_jpg.rf.c210a38594c1c05dd4404e6c9e9b6b78.jpg,frame_00156_jpg.rf.c210a38594c1c05dd4404e6c9e9b6b78.jpg,1075.9711544203058,549.4325367006712,8133.75,225.91615508872465,True
C:\Users\carmonta\Desktop\data-centric-cross-season-transfer\datasets\train_on_2025_all\images\frame_00156_jpg.rf.eb22bd8e5f342ca1c241ea75bd8ef2ee.jpg,frame_00156_jpg.rf.eb22bd8e5f342ca1c241ea75bd8ef2ee.jpg,995.8554637383033,464.3715239811171,7316.0,234.50546242654298,True
C:\Users\carmonta\Desktop\data-centric-cross-season-transfer\datasets\train_on_2025_all\images\frame_00156_jpg.rf.fe3e3c7adb29b1d9031f8997b5050430.jpg,frame_00156_jpg.rf.fe3e3c7adb29b1d9031f8997b5050430.jpg,1145.2606459249328,584.832361997311,12144.0,248.28675850941792,True
C:\Users\carmonta\Desktop\data-centric-cross-season-transfer\datasets\train_on_2025_all\images\frame_00157_jpg.rf.2e96298f48107a25f33a33ac468af477.jpg,frame_00157_jpg.rf.2e96298f48107a25f33a33ac468af477.jpg,987.1558248799797,692.2959399279955,8134.5,282.78353001872375,True
C:\Users\carmonta\Desktop\data-centric-cross-season-transfer\datasets\train_on_2025_all\images\frame_00157_jpg.rf.6f525477430d924be28d766e89d00525.jpg,frame_00157_jpg.rf.6f525477430d924be28d766e89d00525.jpg,987.1558248799797,692.2959399279955,8134.5,282.78353001872375,True
C:\Users\carmonta\Desktop\data-centric-cross-season-transfer\datasets\train_on_2025_all\images\frame_00157_jpg.rf.9d8a6104bd80c586f84fec0e02440a5f.jpg,frame_00157_jpg.rf.9d8a6104bd80c586f84fec0e02440a5f.jpg,1160.5512726745094,611.6234799154448,6987.5,261.5633070856064,True
C:\Users\carmonta\Desktop\data-centric-cross-season-transfer\datasets\train_on_2025_all\images\frame_00157_jpg.rf.acf60c1dea9dad110cc49b0efaa36b94.jpg,frame_00157_jpg.rf.acf60c1dea9dad110cc49b0efaa36b94.jpg,1160.5512726745094,611.6234799154448,6987.5,261.5633070856064,True
C:\Users\carmonta\Desktop\data-centric-cross-season-transfer\datasets\train_on_2025_all\images\frame_00157_jpg.rf.c1c6827fe70694ad8ea56921a0660ea6.jpg,frame_00157_jpg.rf.c1c6827fe70694ad8ea56921a0660ea6.jpg,987.1558248799797,692.2959399279955,8134.5,282.78353001872375,True
C:\Users\carmonta\Desktop\data-centric-cross-season-transfer\datasets\train_on_2025_all\images\frame_00157_jpg.rf.c7256eec1ee381992e1c81cf75d90305.jpg,frame_00157_jpg.rf.c7256eec1ee381992e1c81cf75d90305.jpg,1160.5512726745094,611.6234799154448,6987.5,261.5633070856064,True
C:\Users\carmonta\Desktop\data-centric-cross-season-transfer\datasets\train_on_2025_all\images\frame_00158_jpg.rf.3968cc5da7722b7e158db27a588c1fba.jpg,frame_00158_jpg.rf.3968cc5da7722b7e158db27a588c1fba.jpg,789.0495176845046,672.1111557062051,8927.0,294.9467766173236,True
C:\Users\carmonta\Desktop\data-centric-cross-season-transfer\datasets\train_on_2025_all\images\frame_00158_jpg.rf.5cf9eeda1e6e36207ef1a3d914031aef.jpg,frame_00158_jpg.rf.5cf9eeda1e6e36207ef1a3d914031aef.jpg,1169.925416798038,565.7519852078657,4922.75,246.76576328584417,True
C:\Users\carmonta\Desktop\data-centric-cross-season-transfer\datasets\train_on_2025_all\images\frame_00158_jpg.rf.c78563df56b77b704dd0b8bad1203d83.jpg,frame_00158_jpg.rf.c78563df56b77b704dd0b8bad1203d83.jpg,1169.925416798038,565.7519852078657,4922.75,246.76576328584417,True
C:\Users\carmonta\Desktop\data-centric-cross-season-transfer\datasets\train_on_2025_all\images\frame_00158_jpg.rf.f23ff55ae70492be1bd94d5b86210670.jpg,frame_00158_jpg.rf.f23ff55ae70492be1bd94d5b86210670.jpg,789.0495176845046,672.1111557062051,8927.0,294.9467766173236,True
C:\Users\carmonta\Desktop\data-centric-cross-season-transfer\datasets\train_on_2025_all\images\frame_00158_jpg.rf.ff544a574f8d1ca870d04abc14763614.jpg,frame_00158_jpg.rf.ff544a574f8d1ca870d04abc14763614.jpg,789.0495176845046,672.1111557062051,8927.0,294.9467766173236,True
C:\Users\carmonta\Desktop\data-centric-cross-season-transfer\datasets\train_on_2025_all\images\frame_00159_jpg.rf.1cb72d9ad0a612092d3c7e9afea1d0b1.jpg,frame_00159_jpg.rf.1cb72d9ad0a612092d3c7e9afea1d0b1.jpg,972.3108710624825,632.5154684739614,6903.0,283.51373460333593,True
C:\Users\carmonta\Desktop\data-centric-cross-season-transfer\datasets\train_on_2025_all\images\frame_00159_jpg.rf.704f776c14a6817f08da682aaef37a44.jpg,frame_00159_jpg.rf.704f776c14a6817f08da682aaef37a44.jpg,910.8656399263898,682.110767080176,6339.75,288.6021450200462,True
C:\Users\carmonta\Desktop\data-centric-cross-season-transfer\datasets\train_on_2025_all\images\frame_00159_jpg.rf.af9ff0bd40cfb3ccbc7eaaa542083a8b.jpg,frame_00159_jpg.rf.af9ff0bd40cfb3ccbc7eaaa542083a8b.jpg,910.8656399263898,682.110767080176,6339.75,288.6021450200462,True
C:\Users\carmonta\Desktop\data-centric-cross-season-transfer\datasets\train_on_2025_all\images\frame_00159_jpg.rf.f72a8d0e9c2464caad6df4d07d426369.jpg,frame_00159_jpg.rf.f72a8d0e9c2464caad6df4d07d426369.jpg,972.3108710624825,632.5154684739614,6903.0,283.51373460333593,True
C:\Users\carmonta\Desktop\data-centric-cross-season-transfer\datasets\train_on_2025_all\images\frame_00160_jpg.rf.491e4dea57ffd53d290dd3f5e9f89ddd.jpg,frame_00160_jpg.rf.491e4dea57ffd53d290dd3f5e9f89ddd.jpg,992.6302490554812,464.3966125672679,7648.0,239.90085276920857,True
C:\Users\carmonta\Desktop\data-centric-cross-season-transfer\datasets\train_on_2025_all\images\frame_00160_jpg.rf.6809c74a981c793b351a37f90150b1d4.jpg,frame_00160_jpg.rf.6809c74a981c793b351a37f90150b1d4.jpg,992.6302490554812,464.3966125672679,7648.0,239.90085276920857,True
C:\Users\carmonta\Desktop\data-centric-cross-season-transfer\datasets\train_on_2025_all\images\frame_00160_jpg.rf.84e0fd1b2b3f31059a50f3e0ef97b8c6.jpg,frame_00160_jpg.rf.84e0fd1b2b3f31059a50f3e0ef97b8c6.jpg,937.4668608775653,542.8525786550978,8400.0,269.99796665487554,True
C:\Users\carmonta\Desktop\data-centric-cross-season-transfer\datasets\train_on_2025_all\images\frame_00160_jpg.rf.be5bc5cc114bdc274ab38367f96aac42.jpg,frame_00160_jpg.rf.be5bc5cc114bdc274ab38367f96aac42.jpg,937.4668608775653,542.8525786550978,8400.0,269.99796665487554,True
C:\Users\carmonta\Desktop\data-centric-cross-season-transfer\datasets\train_on_2025_all\images\frame_00160_jpg.rf.f588acbc22b644bdad6d68c70d28a3be.jpg,frame_00160_jpg.rf.f588acbc22b644bdad6d68c70d28a3be.jpg,937.4668608775653,542.8525786550978,8400.0,269.99796665487554,True
C:\Users\carmonta\Desktop\data-centric-cross-season-transfer\datasets\train_on_2025_all\images\frame_00161_jpg.rf.1ea14aae7ae33b1bc55cab622caea615.jpg,frame_00161_jpg.rf.1ea14aae7ae33b1bc55cab622caea615.jpg,923.4231489224418,573.9784164478627,4642.0,277.59315925004734,True
C:\Users\carmonta\Desktop\data-centric-cross-season-transfer\datasets\train_on_2025_all\images\frame_00161_jpg.rf.39111dbb31dc1a29a478cd71017d39e4.jpg,frame_00161_jpg.rf.39111dbb31dc1a29a478cd71017d39e4.jpg,923.4231489224418,573.9784164478627,4642.0,277.59315925004734,True
C:\Users\carmonta\Desktop\data-centric-cross-season-transfer\datasets\train_on_2025_all\images\frame_00161_jpg.rf.acc3bac0423e9f9d7d1a94b48847f560.jpg,frame_00161_jpg.rf.acc3bac0423e9f9d7d1a94b48847f560.jpg,1186.3592548590454,654.2240147177242,8569.5,262.47164553904423,True
C:\Users\carmonta\Desktop\data-centric-cross-season-transfer\datasets\train_on_2025_all\images\frame_00161_jpg.rf.eea44f6894dd6990cc6c0fa912073104.jpg,frame_00161_jpg.rf.eea44f6894dd6990cc6c0fa912073104.jpg,1186.3592548590454,654.2240147177242,8569.5,262.47164553904423,True
C:\Users\carmonta\Desktop\data-centric-cross-season-transfer\datasets\train_on_2025_all\images\frame_00162_jpg.rf.33a26dc8479feaeea860aad8ec145899.jpg,frame_00162_jpg.rf.33a26dc8479feaeea860aad8ec145899.jpg,814.8959235780436,813.1635707615386,6604.5,303.7379700488345,True
C:\Users\carmonta\Desktop\data-centric-cross-season-transfer\datasets\train_on_2025_all\images\frame_00162_jpg.rf.5e964c9adac6cc97e13f781883df5dd7.jpg,frame_00162_jpg.rf.5e964c9adac6cc97e13f781883df5dd7.jpg,842.211366688663,845.4784233895575,6192.0,304.2164016467797,True
C:\Users\carmonta\Desktop\data-centric-cross-season-transfer\datasets\train_on_2025_all\images\frame_00162_jpg.rf.a0b8fc0b959c1be41342a34599accc46.jpg,frame_00162_jpg.rf.a0b8fc0b959c1be41342a34599accc46.jpg,814.8959235780436,813.1635707615386,6604.5,303.7379700488345,True
C:\Users\carmonta\Desktop\data-centric-cross-season-transfer\datasets\train_on_2025_all\images\frame_00162_jpg.rf.f2c1fdcb2c994540d846f8fa38861b5b.jpg,frame_00162_jpg.rf.f2c1fdcb2c994540d846f8fa38861b5b.jpg,842.211366688663,845.4784233895575,6192.0,304.2164016467797,True
C:\Users\carmonta\Desktop\data-centric-cross-season-transfer\datasets\train_on_2025_all\images\frame_00163_jpg.rf.0ca92e1d4d6c4792c94fb3e3f9d6d972.jpg,frame_00163_jpg.rf.0ca92e1d4d6c4792c94fb3e3f9d6d972.jpg,791.7290838279011,473.389754233061,16700.5,279.94761185907475,True
C:\Users\carmonta\Desktop\data-centric-cross-season-transfer\datasets\train_on_2025_all\images\frame_00163_jpg.rf.2cf82bc8c41434af60672810ede29a2c.jpg,frame_00163_jpg.rf.2cf82bc8c41434af60672810ede29a2c.jpg,791.7290838279011,473.389754233061,16700.5,279.94761185907475,True
C:\Users\carmonta\Desktop\data-centric-cross-season-transfer\datasets\train_on_2025_all\images\frame_00163_jpg.rf.f29eecd8f615a2f72dad02b1a45cf101.jpg,frame_00163_jpg.rf.f29eecd8f615a2f72dad02b1a45cf101.jpg,791.7290838279011,473.389754233061,16700.5,279.94761185907475,True
C:\Users\carmonta\Desktop\data-centric-cross-season-transfer\datasets\train_on_2025_all\images\frame_00164_jpg.rf.466e3dcede8dcda84863a87f555a7eb1.jpg,frame_00164_jpg.rf.466e3dcede8dcda84863a87f555a7eb1.jpg,882.9015618142435,672.2967285321135,7626.0,288.8479778368105,True
C:\Users\carmonta\Desktop\data-centric-cross-season-transfer\datasets\train_on_2025_all\images\frame_00164_jpg.rf.5b580d277a1c780753385a5ea1d018b6.jpg,frame_00164_jpg.rf.5b580d277a1c780753385a5ea1d018b6.jpg,882.9015618142435,672.2967285321135,7626.0,288.8479778368105,True
C:\Users\carmonta\Desktop\data-centric-cross-season-transfer\datasets\train_on_2025_all\images\frame_00164_jpg.rf.c2e99ba68d09104f65eb64f6e905cdcb.jpg,frame_00164_jpg.rf.c2e99ba68d09104f65eb64f6e905cdcb.jpg,882.9015618142435,672.2967285321135,7626.0,288.8479778368105,True
C:\Users\carmonta\Desktop\data-centric-cross-season-transfer\datasets\train_on_2025_all\images\frame_00165_jpg.rf.cf16b951d7a5e23e7e50b793fdbb461b.jpg,frame_00165_jpg.rf.cf16b951d7a5e23e7e50b793fdbb461b.jpg,874.3141209373259,486.61143447294097,6534.0,264.4019233916049,True
C:\Users\carmonta\Desktop\data-centric-cross-season-transfer\datasets\train_on_2025_all\images\frame_00165_jpg.rf.eae5f9f25e25f61be92c2594dc9253e0.jpg,frame_00165_jpg.rf.eae5f9f25e25f61be92c2594dc9253e0.jpg,874.3141209373259,486.61143447294097,6534.0,264.4019233916049,True
C:\Users\carmonta\Desktop\data-centric-cross-season-transfer\datasets\train_on_2025_all\images\frame_00166_jpg.rf.10e1ce903a10ff6b9cc62522c2a1064f.jpg,frame_00166_jpg.rf.10e1ce903a10ff6b9cc62522c2a1064f.jpg,813.0808356410855,527.3873893959872,8699.5,283.08588605147054,True
C:\Users\carmonta\Desktop\data-centric-cross-season-transfer\datasets\train_on_2025_all\images\frame_00166_jpg.rf.f291f6d64d0bb3bcf01db5d2a944c575.jpg,frame_00166_jpg.rf.f291f6d64d0bb3bcf01db5d2a944c575.jpg,813.0808356410855,527.3873893959872,8699.5,283.08588605147054,True
C:\Users\carmonta\Desktop\data-centric-cross-season-transfer\datasets\train_on_2025_all\images\frame_00167_jpg.rf.759da5276b5c83708f24835339cf9e61.jpg,frame_00167_jpg.rf.759da5276b5c83708f24835339cf9e61.jpg,716.4640174541904,615.1036123895889,7316.75,299.5673731386537,True
C:\Users\carmonta\Desktop\data-centric-cross-season-transfer\datasets\train_on_2025_all\images\frame_00167_jpg.rf.98a72e6b4406608988eae3d4fe579554.jpg,frame_00167_jpg.rf.98a72e6b4406608988eae3d4fe579554.jpg,947.1836951220854,672.9241754273529,9185.75,286.3551521183552,True
C:\Users\carmonta\Desktop\data-centric-cross-season-transfer\datasets\train_on_2025_all\images\frame_00167_jpg.rf.c52cece6ef05b0ee00088383f8bd9a31.jpg,frame_00167_jpg.rf.c52cece6ef05b0ee00088383f8bd9a31.jpg,716.4640174541904,615.1036123895889,7316.75,299.5673731386537,True
C:\Users\carmonta\Desktop\data-centric-cross-season-transfer\datasets\train_on_2025_all\images\frame_00167_jpg.rf.efff2d38914032c0ceb34c78cdfe25ad.jpg,frame_00167_jpg.rf.efff2d38914032c0ceb34c78cdfe25ad.jpg,716.4640174541904,615.1036123895889,7316.75,299.5673731386537,True
C:\Users\carmonta\Desktop\data-centric-cross-season-transfer\datasets\train_on_2025_all\images\frame_00168_jpg.rf.3b8c425c57a604853819ede351a937a6.jpg,frame_00168_jpg.rf.3b8c425c57a604853819ede351a937a6.jpg,925.896356431022,491.98241968923617,11275.000000000002,263.7104267578575,True
C:\Users\carmonta\Desktop\data-centric-cross-season-transfer\datasets\train_on_2025_all\images\frame_00168_jpg.rf.90a8219f9314f6a0b33441bb3c9cccd2.jpg,frame_00168_jpg.rf.90a8219f9314f6a0b33441bb3c9cccd2.jpg,925.896356431022,491.98241968923617,11275.000000000002,263.7104267578575,True
C:\Users\carmonta\Desktop\data-centric-cross-season-transfer\datasets\train_on_2025_all\images\frame_00168_jpg.rf.a89423c362e994e2fc9809ba4acf4e86.jpg,frame_00168_jpg.rf.a89423c362e994e2fc9809ba4acf4e86.jpg,925.896356431022,491.98241968923617,11275.000000000002,263.7104267578575,True
C:\Users\carmonta\Desktop\data-centric-cross-season-transfer\datasets\train_on_2025_all\images\frame_00169_jpg.rf.4a950cfc126a03674614278c8e30014f.jpg,frame_00169_jpg.rf.4a950cfc126a03674614278c8e30014f.jpg,1083.4792286576444,673.5153862913617,10199.0,276.2268709851816,True
C:\Users\carmonta\Desktop\data-centric-cross-season-transfer\datasets\train_on_2025_all\images\frame_00169_jpg.rf.971be5f8df0bce3af2f3983d77ea7305.jpg,frame_00169_jpg.rf.971be5f8df0bce3af2f3983d77ea7305.jpg,1083.4792286576444,673.5153862913617,10199.0,276.2268709851816,True
C:\Users\carmonta\Desktop\data-centric-cross-season-transfer\datasets\train_on_2025_all\images\frame_00169_jpg.rf.a086e206f6108d9c5af39d6bbbadf907.jpg,frame_00169_jpg.rf.a086e206f6108d9c5af39d6bbbadf907.jpg,1083.4792286576444,673.5153862913617,10199.0,276.2268709851816,True
C:\Users\carmonta\Desktop\data-centric-cross-season-transfer\datasets\train_on_2025_all\images\frame_00170_jpg.rf.53bfcde383af20e9cbc3639906f902ce.jpg,frame_00170_jpg.rf.53bfcde383af20e9cbc3639906f902ce.jpg,1085.6631203047266,552.2421315712141,10440.000000000002,238.84719444169082,True
C:\Users\carmonta\Desktop\data-centric-cross-season-transfer\datasets\train_on_2025_all\images\frame_00170_jpg.rf.72ee3c36b338e5032760ed088e2ab16f.jpg,frame_00170_jpg.rf.72ee3c36b338e5032760ed088e2ab16f.jpg,1085.6631203047266,552.2421315712141,10440.000000000002,238.84719444169082,True
C:\Users\carmonta\Desktop\data-centric-cross-season-transfer\datasets\train_on_2025_all\images\frame_00170_jpg.rf.e08b3d28c0cfc7d8c64b9fff9b8d1cd7.jpg,frame_00170_jpg.rf.e08b3d28c0cfc7d8c64b9fff9b8d1cd7.jpg,1085.6631203047266,552.2421315712141,10440.000000000002,238.84719444169082,True
C:\Users\carmonta\Desktop\data-centric-cross-season-transfer\datasets\train_on_2025_all\images\frame_00171_jpg.rf.0fac07f665380dc9158bc369cc7f8125.jpg,frame_00171_jpg.rf.0fac07f665380dc9158bc369cc7f8125.jpg,1020.8689336642389,494.4195323794921,11340.0,248.77642952859048,True
C:\Users\carmonta\Desktop\data-centric-cross-season-transfer\datasets\train_on_2025_all\images\frame_00171_jpg.rf.5c84447c875eff734dce130b78cec75a.jpg,frame_00171_jpg.rf.5c84447c875eff734dce130b78cec75a.jpg,1020.8689336642389,494.4195323794921,11340.0,248.77642952859048,True
C:\Users\carmonta\Desktop\data-centric-cross-season-transfer\datasets\train_on_2025_all\images\frame_00171_jpg.rf.7bdcaefd847a8e8f2795495b1d9508e0.jpg,frame_00171_jpg.rf.7bdcaefd847a8e8f2795495b1d9508e0.jpg,1078.9710218912512,674.1104901635318,5285.0,279.4001028611842,True
C:\Users\carmonta\Desktop\data-centric-cross-season-transfer\datasets\train_on_2025_all\images\frame_00171_jpg.rf.8fbf046de504225c41d3b0e115020df0.jpg,frame_00171_jpg.rf.8fbf046de504225c41d3b0e115020df0.jpg,1020.8689336642389,494.4195323794921,11340.0,248.77642952859048,True
C:\Users\carmonta\Desktop\data-centric-cross-season-transfer\datasets\train_on_2025_all\images\frame_00171_jpg.rf.94b60fed4d55736df323e12d980620ac.jpg,frame_00171_jpg.rf.94b60fed4d55736df323e12d980620ac.jpg,1078.9710218912512,674.1104901635318,5285.0,279.4001028611842,True
C:\Users\carmonta\Desktop\data-centric-cross-season-transfer\datasets\train_on_2025_all\images\frame_00172_jpg.rf.4970dc2ec935cfadcb37a1c6a146483a.jpg,frame_00172_jpg.rf.4970dc2ec935cfadcb37a1c6a146483a.jpg,1012.0714134834932,627.6597454944208,6237.0,277.79358403633574,True
C:\Users\carmonta\Desktop\data-centric-cross-season-transfer\datasets\train_on_2025_all\images\frame_00172_jpg.rf.554cd188d7a87696b8a1bfeea5aa7215.jpg,frame_00172_jpg.rf.554cd188d7a87696b8a1bfeea5aa7215.jpg,1012.0714134834932,627.6597454944208,6237.0,277.79358403633574,True
C:\Users\carmonta\Desktop\data-centric-cross-season-transfer\datasets\train_on_2025_all\images\frame_00172_jpg.rf.59839f61d1399f1a10f73d2a699ce70f.jpg,frame_00172_jpg.rf.59839f61d1399f1a10f73d2a699ce70f.jpg,1075.0056115683674,652.9638039646086,6615.0,275.5564735419137,True
C:\Users\carmonta\Desktop\data-centric-cross-season-transfer\datasets\train_on_2025_all\images\frame_00172_jpg.rf.5a317a4303fd346f3d0dd092749adacc.jpg,frame_00172_jpg.rf.5a317a4303fd346f3d0dd092749adacc.jpg,1075.0056115683674,652.9638039646086,6615.0,275.5564735419137,True
C:\Users\carmonta\Desktop\data-centric-cross-season-transfer\datasets\train_on_2025_all\images\frame_00172_jpg.rf.806af180e08d9dd8d990d55fb982a63a.jpg,frame_00172_jpg.rf.806af180e08d9dd8d990d55fb982a63a.jpg,1075.0056115683674,652.9638039646086,6615.0,275.5564735419137,True
C:\Users\carmonta\Desktop\data-centric-cross-season-transfer\datasets\train_on_2025_all\images\frame_00172_jpg.rf.ed556298815e17ca323378d42fa23dbd.jpg,frame_00172_jpg.rf.ed556298815e17ca323378d42fa23dbd.jpg,1012.0714134834932,627.6597454944208,6237.0,277.79358403633574,True
C:\Users\carmonta\Desktop\data-centric-cross-season-transfer\datasets\train_on_2025_all\images\frame_00173_jpg.rf.5de2ea4a74557b76612725897291b909.jpg,frame_00173_jpg.rf.5de2ea4a74557b76612725897291b909.jpg,960.1025249768624,573.8538313998333,4427.499999999999,274.1500990937929,True
C:\Users\carmonta\Desktop\data-centric-cross-season-transfer\datasets\train_on_2025_all\images\frame_00173_jpg.rf.ff6dfc302737530be6c07d0e292683e4.jpg,frame_00173_jpg.rf.ff6dfc302737530be6c07d0e292683e4.jpg,960.1025249768624,573.8538313998333,4427.499999999999,274.1500990937929,True
C:\Users\carmonta\Desktop\data-centric-cross-season-transfer\datasets\train_on_2025_all\images\frame_00174_jpg.rf.07aa8adc840e8e8182cad71faa519db8.jpg,frame_00174_jpg.rf.07aa8adc840e8e8182cad71faa519db8.jpg,1018.9573797594244,645.098554136261,8334.5,277.6851294339355,True
C:\Users\carmonta\Desktop\data-centric-cross-season-transfer\datasets\train_on_2025_all\images\frame_00174_jpg.rf.204e5cb1a6bc8c55a5a51c89290330b8.jpg,frame_00174_jpg.rf.204e5cb1a6bc8c55a5a51c89290330b8.jpg,950.3989260083118,616.6480387890657,5433.25,284.6115061565876,True
C:\Users\carmonta\Desktop\data-centric-cross-season-transfer\datasets\train_on_2025_all\images\frame_00174_jpg.rf.585c404b3023535aadabc15bd85155d5.jpg,frame_00174_jpg.rf.585c404b3023535aadabc15bd85155d5.jpg,1018.9573797594244,645.098554136261,8334.5,277.6851294339355,True
C:\Users\carmonta\Desktop\data-centric-cross-season-transfer\datasets\train_on_2025_all\images\frame_00174_jpg.rf.79559def5011b4349a120c014641f0dc.jpg,frame_00174_jpg.rf.79559def5011b4349a120c014641f0dc.jpg,1018.9573797594244,645.098554136261,8334.5,277.6851294339355,True
C:\Users\carmonta\Desktop\data-centric-cross-season-transfer\datasets\train_on_2025_all\images\frame_00174_jpg.rf.7c891ea14948b6be405313c80acba661.jpg,frame_00174_jpg.rf.7c891ea14948b6be405313c80acba661.jpg,950.3989260083118,616.6480387890657,5433.25,284.6115061565876,True
C:\Users\carmonta\Desktop\data-centric-cross-season-transfer\datasets\train_on_2025_all\images\frame_00174_jpg.rf.b317a623c2563b9d3a2a74b61276472c.jpg,frame_00174_jpg.rf.b317a623c2563b9d3a2a74b61276472c.jpg,950.3989260083118,616.6480387890657,5433.25,284.6115061565876,True
C:\Users\carmonta\Desktop\data-centric-cross-season-transfer\datasets\train_on_2025_all\images\frame_00175_jpg.rf.40751b58a3d0fcca9bd31c5ed0e9a183.jpg,frame_00175_jpg.rf.40751b58a3d0fcca9bd31c5ed0e9a183.jpg,864.8789237299887,471.36304915722604,8662.0,270.4325884016823,True
C:\Users\carmonta\Desktop\data-centric-cross-season-transfer\datasets\train_on_2025_all\images\frame_00175_jpg.rf.67697b9a8a8695c19f5fb19c1204788e.jpg,frame_00175_jpg.rf.67697b9a8a8695c19f5fb19c1204788e.jpg,972.7841866672325,592.2837266974785,8950.5,273.42055418751977,True
C:\Users\carmonta\Desktop\data-centric-cross-season-transfer\datasets\train_on_2025_all\images\frame_00175_jpg.rf.9095ec589aea6d6c5776f11f2f3ad010.jpg,frame_00175_jpg.rf.9095ec589aea6d6c5776f11f2f3ad010.jpg,864.8789237299887,471.36304915722604,8662.0,270.4325884016823,True
C:\Users\carmonta\Desktop\data-centric-cross-season-transfer\datasets\train_on_2025_all\images\frame_00175_jpg.rf.b30e6a8b06c38c6ba39040e861552d65.jpg,frame_00175_jpg.rf.b30e6a8b06c38c6ba39040e861552d65.jpg,972.7841866672325,592.2837266974785,8950.5,273.42055418751977,True
C:\Users\carmonta\Desktop\data-centric-cross-season-transfer\datasets\train_on_2025_all\images\frame_00175_jpg.rf.b7c0e6f0bbb1cc22e99ff510e80f2b06.jpg,frame_00175_jpg.rf.b7c0e6f0bbb1cc22e99ff510e80f2b06.jpg,972.7841866672325,592.2837266974785,8950.5,273.42055418751977,True
C:\Users\carmonta\Desktop\data-centric-cross-season-transfer\datasets\train_on_2025_all\images\frame_00175_jpg.rf.ee1b9d954ec2d5d8d22f1012ba881718.jpg,frame_00175_jpg.rf.ee1b9d954ec2d5d8d22f1012ba881718.jpg,864.8789237299887,471.36304915722604,8662.0,270.4325884016823,True
C:\Users\carmonta\Desktop\data-centric-cross-season-transfer\datasets\train_on_2025_all\images\frame_00176_jpg.rf.0150d23c6192c1a9aa4aea41ea276bf6.jpg,frame_00176_jpg.rf.0150d23c6192c1a9aa4aea41ea276bf6.jpg,971.971628166334,534.2577068098223,7820.0,260.34555811097846,True
C:\Users\carmonta\Desktop\data-centric-cross-season-transfer\datasets\train_on_2025_all\images\frame_00176_jpg.rf.384c91dbbd257a2aed4e0987422912a6.jpg,frame_00176_jpg.rf.384c91dbbd257a2aed4e0987422912a6.jpg,971.971628166334,534.2577068098223,7820.0,260.34555811097846,True
C:\Users\carmonta\Desktop\data-centric-cross-season-transfer\datasets\train_on_2025_all\images\frame_00176_jpg.rf.4ba7661a9a11ef6f22e36c0cc23a3a1a.jpg,frame_00176_jpg.rf.4ba7661a9a11ef6f22e36c0cc23a3a1a.jpg,971.0058473655796,729.1285652444273,6800.5,288.1336536327151,True
C:\Users\carmonta\Desktop\data-centric-cross-season-transfer\datasets\train_on_2025_all\images\frame_00176_jpg.rf.6562206316e2ed298a61e8fb74670236.jpg,frame_00176_jpg.rf.6562206316e2ed298a61e8fb74670236.jpg,971.0058473655796,729.1285652444273,6800.5,288.1336536327151,True
C:\Users\carmonta\Desktop\data-centric-cross-season-transfer\datasets\train_on_2025_all\images\frame_00176_jpg.rf.d168c951ef8524eff79ca36a31480391.jpg,frame_00176_jpg.rf.d168c951ef8524eff79ca36a31480391.jpg,971.971628166334,534.2577068098223,7820.0,260.34555811097846,True
C:\Users\carmonta\Desktop\data-centric-cross-season-transfer\datasets\train_on_2025_all\images\frame_00176_jpg.rf.d2dff2a276a5fb586337943af3bdab0f.jpg,frame_00176_jpg.rf.d2dff2a276a5fb586337943af3bdab0f.jpg,971.0058473655796,729.1285652444273,6800.5,288.1336536327151,True
C:\Users\carmonta\Desktop\data-centric-cross-season-transfer\datasets\train_on_2025_all\images\frame_00177_jpg.rf.c09668ae743794967e11b192bbf9d81c.jpg,frame_00177_jpg.rf.c09668ae743794967e11b192bbf9d81c.jpg,1046.7792050372916,552.240459849539,6254.0,264.8357666242464,True
C:\Users\carmonta\Desktop\data-centric-cross-season-transfer\datasets\train_on_2025_all\images\frame_00177_jpg.rf.ed71c58969a1006fcfe9845e2e101f38.jpg,frame_00177_jpg.rf.ed71c58969a1006fcfe9845e2e101f38.jpg,1046.7792050372916,552.240459849539,6254.0,264.8357666242464,True
C:\Users\carmonta\Desktop\data-centric-cross-season-transfer\datasets\train_on_2025_all\images\frame_00178_jpg.rf.c5f08b2e6e175a9354129b147032e398.jpg,frame_00178_jpg.rf.c5f08b2e6e175a9354129b147032e398.jpg,936.6483126999792,694.9403455622617,5727.0,291.96667317282134,True
C:\Users\carmonta\Desktop\data-centric-cross-season-transfer\datasets\train_on_2025_all\images\frame_00178_jpg.rf.fe2afc73549f46796e8b584a9d95d48a.jpg,frame_00178_jpg.rf.fe2afc73549f46796e8b584a9d95d48a.jpg,936.6483126999792,694.9403455622617,5727.0,291.96667317282134,True
C:\Users\carmonta\Desktop\data-centric-cross-season-transfer\datasets\train_on_2025_all\images\frame_00179_jpg.rf.26dbccae967b77f3f598ec308e07a030.jpg,frame_00179_jpg.rf.26dbccae967b77f3f598ec308e07a030.jpg,875.9478090417691,586.8026215852595,4952.25,281.07042903075626,True
C:\Users\carmonta\Desktop\data-centric-cross-season-transfer\datasets\train_on_2025_all\images\frame_00179_jpg.rf.78e7476ddf7188288ea95dd4087eb139.jpg,frame_00179_jpg.rf.78e7476ddf7188288ea95dd4087eb139.jpg,875.9478090417691,586.8026215852595,4952.25,281.07042903075626,True
C:\Users\carmonta\Desktop\data-centric-cross-season-transfer\datasets\train_on_2025_all\images\frame_00179_jpg.rf.b2d11961150acea61d778a59535d052e.jpg,frame_00179_jpg.rf.b2d11961150acea61d778a59535d052e.jpg,875.9478090417691,586.8026215852595,4952.25,281.07042903075626,True
C:\Users\carmonta\Desktop\data-centric-cross-season-transfer\datasets\train_on_2025_all\images\frame_00181_jpg.rf.ca7e288369a0bd2f3f72309aad708996.jpg,frame_00181_jpg.rf.ca7e288369a0bd2f3f72309aad708996.jpg,993.6199868734686,703.5682077162522,7314.0,283.9428249934406,True
C:\Users\carmonta\Desktop\data-centric-cross-season-transfer\datasets\train_on_2025_all\images\frame_00181_jpg.rf.dbbea8c773c75a496272c60e9e7a5c44.jpg,frame_00181_jpg.rf.dbbea8c773c75a496272c60e9e7a5c44.jpg,993.6199868734686,703.5682077162522,7314.0,283.9428249934406,True
C:\Users\carmonta\Desktop\data-centric-cross-season-transfer\datasets\train_on_2025_all\images\frame_00181_jpg.rf.faa56a015e4de6a4ba9aef6295a234de.jpg,frame_00181_jpg.rf.faa56a015e4de6a4ba9aef6295a234de.jpg,993.6199868734686,703.5682077162522,7314.0,283.9428249934406,True
C:\Users\carmonta\Desktop\data-centric-cross-season-transfer\datasets\train_on_2025_all\images\frame_00182_jpg.rf.8a45aec1004c436b78d061a349eb879d.jpg,frame_00182_jpg.rf.8a45aec1004c436b78d061a349eb879d.jpg,1054.4307656216158,542.1516162204276,9502.5,250.95795056471587,True
C:\Users\carmonta\Desktop\data-centric-cross-season-transfer\datasets\train_on_2025_all\images\frame_00182_jpg.rf.b8744c30a9b785a2e0fa3adef03441df.jpg,frame_00182_jpg.rf.b8744c30a9b785a2e0fa3adef03441df.jpg,1054.4307656216158,542.1516162204276,9502.5,250.95795056471587,True
C:\Users\carmonta\Desktop\data-centric-cross-season-transfer\datasets\train_on_2025_all\images\frame_00182_jpg.rf.e32d65a50212ecf3adb08fca04204c77.jpg,frame_00182_jpg.rf.e32d65a50212ecf3adb08fca04204c77.jpg,1054.4307656216158,542.1516162204276,9502.5,250.95795056471587,True
C:\Users\carmonta\Desktop\data-centric-cross-season-transfer\datasets\train_on_2025_all\images\frame_00183_jpg.rf.7f40ed458186ee2aa51920a2e44547b0.jpg,frame_00183_jpg.rf.7f40ed458186ee2aa51920a2e44547b0.jpg,1134.6973078445794,558.6000938687076,10004.5,237.2846287463933,True
C:\Users\carmonta\Desktop\data-centric-cross-season-transfer\datasets\train_on_2025_all\images\frame_00183_jpg.rf.daa6e5a84ccbcad5d525a0d9eac0d492.jpg,frame_00183_jpg.rf.daa6e5a84ccbcad5d525a0d9eac0d492.jpg,1134.6973078445794,558.6000938687076,10004.5,237.2846287463933,True
C:\Users\carmonta\Desktop\data-centric-cross-season-transfer\datasets\train_on_2025_all\images\frame_00183_jpg.rf.f74b7e3ae9bc5792d468906bb09a0e8c.jpg,frame_00183_jpg.rf.f74b7e3ae9bc5792d468906bb09a0e8c.jpg,1134.6973078445794,558.6000938687076,10004.5,237.2846287463933,True
C:\Users\carmonta\Desktop\data-centric-cross-season-transfer\datasets\train_on_2025_all\images\frame_00184_jpg.rf.8479f2880eabb2b28feed70c5dcb9233.jpg,frame_00184_jpg.rf.8479f2880eabb2b28feed70c5dcb9233.jpg,877.0646888569761,702.5394311246449,9291.0,291.5982313487027,True
C:\Users\carmonta\Desktop\data-centric-cross-season-transfer\datasets\train_on_2025_all\images\frame_00184_jpg.rf.f64615418aec9e83746f397af1099e13.jpg,frame_00184_jpg.rf.f64615418aec9e83746f397af1099e13.jpg,877.0646888569761,702.5394311246449,9291.0,291.5982313487027,True
C:\Users\carmonta\Desktop\data-centric-cross-season-transfer\datasets\train_on_2025_all\images\frame_00186_jpg.rf.7fbb6d3da0d439072b0bdc3800e90ea1.jpg,frame_00186_jpg.rf.7fbb6d3da0d439072b0bdc3800e90ea1.jpg,921.4931464202303,662.7287185631182,10706.0,284.9471080210454,True
C:\Users\carmonta\Desktop\data-centric-cross-season-transfer\datasets\train_on_2025_all\images\frame_00186_jpg.rf.dbcf4c8cf050819f4ea286a19b787679.jpg,frame_00186_jpg.rf.dbcf4c8cf050819f4ea286a19b787679.jpg,921.4931464202303,662.7287185631182,10706.0,284.9471080210454,True
C:\Users\carmonta\Desktop\data-centric-cross-season-transfer\datasets\train_on_2025_all\images\frame_00187_jpg.rf.60ee8c263992d6650b55ec5f837da513.jpg,frame_00187_jpg.rf.60ee8c263992d6650b55ec5f837da513.jpg,895.8457034330157,813.6141205318456,3952.5,300.56156436877444,True
C:\Users\carmonta\Desktop\data-centric-cross-season-transfer\datasets\train_on_2025_all\images\frame_00187_jpg.rf.d7ef14f7deec82a454ed57d84fa26b91.jpg,frame_00187_jpg.rf.d7ef14f7deec82a454ed57d84fa26b91.jpg,895.8457034330157,813.6141205318456,3952.5,300.56156436877444,True
C:\Users\carmonta\Desktop\data-centric-cross-season-transfer\datasets\train_on_2025_all\images\frame_00187_jpg.rf.ec1a63e9583601b967401351d0c55e70.jpg,frame_00187_jpg.rf.ec1a63e9583601b967401351d0c55e70.jpg,895.8457034330157,813.6141205318456,3952.5,300.56156436877444,True
C:\Users\carmonta\Desktop\data-centric-cross-season-transfer\datasets\train_on_2025_all\images\frame_00188_jpg.rf.147620c1e0c10868f42b5ebce8e85ff3.jpg,frame_00188_jpg.rf.147620c1e0c10868f42b5ebce8e85ff3.jpg,950.2240446900238,545.6226615948868,6313.5,275.0984186049222,True
C:\Users\carmonta\Desktop\data-centric-cross-season-transfer\datasets\train_on_2025_all\images\frame_00188_jpg.rf.c3f111e1333dbd8cd3d418ac8df2b0da.jpg,frame_00188_jpg.rf.c3f111e1333dbd8cd3d418ac8df2b0da.jpg,950.2240446900238,545.6226615948868,6313.5,275.0984186049222,True
C:\Users\carmonta\Desktop\data-centric-cross-season-transfer\datasets\train_on_2025_all\images\frame_00188_jpg.rf.d0d20aba2bb642f96cdb718172b9bca4.jpg,frame_00188_jpg.rf.d0d20aba2bb642f96cdb718172b9bca4.jpg,950.2240446900238,545.6226615948868,6313.5,275.0984186049222,True
C:\Users\carmonta\Desktop\data-centric-cross-season-transfer\datasets\train_on_2025_all\images\frame_00189_jpg.rf.b4cb613f0406706a64bb085193914fde.jpg,frame_00189_jpg.rf.b4cb613f0406706a64bb085193914fde.jpg,1003.6714688249591,512.2390301335448,11058.0,261.56167586806316,True
C:\Users\carmonta\Desktop\data-centric-cross-season-transfer\datasets\train_on_2025_all\images\frame_00189_jpg.rf.b844beed392116f44afce644597a023b.jpg,frame_00189_jpg.rf.b844beed392116f44afce644597a023b.jpg,1003.6714688249591,512.2390301335448,11058.0,261.56167586806316,True
C:\Users\carmonta\Desktop\data-centric-cross-season-transfer\datasets\train_on_2025_all\images\frame_00189_jpg.rf.cc64ffdea48239c8c51dbc6dd6521b4c.jpg,frame_00189_jpg.rf.cc64ffdea48239c8c51dbc6dd6521b4c.jpg,1003.6714688249591,512.2390301335448,11058.0,261.56167586806316,True
C:\Users\carmonta\Desktop\data-centric-cross-season-transfer\datasets\train_on_2025_all\images\frame_00192_jpg.rf.6a7a5f74808714effb6bee4c2105755d.jpg,frame_00192_jpg.rf.6a7a5f74808714effb6bee4c2105755d.jpg,1057.9706384089682,568.3936644136663,7320.0,260.42451660363093,True
C:\Users\carmonta\Desktop\data-centric-cross-season-transfer\datasets\train_on_2025_all\images\frame_00192_jpg.rf.797f741c92388dd1b2e4878dc0a3e8c9.jpg,frame_00192_jpg.rf.797f741c92388dd1b2e4878dc0a3e8c9.jpg,1057.9706384089682,568.3936644136663,7320.0,260.42451660363093,True
C:\Users\carmonta\Desktop\data-centric-cross-season-transfer\datasets\train_on_2025_all\images\frame_00192_jpg.rf.c75cff2dcaee40e24c42ec2067eff920.jpg,frame_00192_jpg.rf.c75cff2dcaee40e24c42ec2067eff920.jpg,1057.9706384089682,568.3936644136663,7320.0,260.42451660363093,True
C:\Users\carmonta\Desktop\data-centric-cross-season-transfer\datasets\train_on_2025_all\images\frame_00194_jpg.rf.0cf908debb751707cca2d6b1a7a3b78d.jpg,frame_00194_jpg.rf.0cf908debb751707cca2d6b1a7a3b78d.jpg,818.8041763992029,736.2304195921911,8855.000000000002,301.088338105484,True
C:\Users\carmonta\Desktop\data-centric-cross-season-transfer\datasets\train_on_2025_all\images\frame_00194_jpg.rf.42ae5f32903008a11269e6808962ba65.jpg,frame_00194_jpg.rf.42ae5f32903008a11269e6808962ba65.jpg,818.8041763992029,736.2304195921911,8855.000000000002,301.088338105484,True
C:\Users\carmonta\Desktop\data-centric-cross-season-transfer\datasets\train_on_2025_all\images\frame_00194_jpg.rf.97c9e4b9bf269bcba1be06614b7c5a82.jpg,frame_00194_jpg.rf.97c9e4b9bf269bcba1be06614b7c5a82.jpg,818.8041763992029,736.2304195921911,8855.000000000002,301.088338105484,True
C:\Users\carmonta\Desktop\data-centric-cross-season-transfer\datasets\train_on_2025_all\images\frame_00195_jpg.rf.2ed677f8430da08f4981aa97f59408d2.jpg,frame_00195_jpg.rf.2ed677f8430da08f4981aa97f59408d2.jpg,701.2623960235841,681.8766622213029,7411.500000000001,299.9603044336966,True
C:\Users\carmonta\Desktop\data-centric-cross-season-transfer\datasets\train_on_2025_all\images\frame_00195_jpg.rf.565ddeb9e0efd2131d39b4c375cf656d.jpg,frame_00195_jpg.rf.565ddeb9e0efd2131d39b4c375cf656d.jpg,701.2623960235841,681.8766622213029,7411.500000000001,299.9603044336966,True
C:\Users\carmonta\Desktop\data-centric-cross-season-transfer\datasets\train_on_2025_all\images\frame_00195_jpg.rf.c84273dcb87dc397b66627be5b488490.jpg,frame_00195_jpg.rf.c84273dcb87dc397b66627be5b488490.jpg,701.2623960235841,681.8766622213029,7411.500000000001,299.9603044336966,True
C:\Users\carmonta\Desktop\data-centric-cross-season-transfer\datasets\train_on_2025_all\images\frame_00196_jpg.rf.1a4f9d6c0acc7ade63b282863f0b46df.jpg,frame_00196_jpg.rf.1a4f9d6c0acc7ade63b282863f0b46df.jpg,706.0429917342384,619.8630793028408,8742.5,295.69680852643387,True
C:\Users\carmonta\Desktop\data-centric-cross-season-transfer\datasets\train_on_2025_all\images\frame_00196_jpg.rf.27928df31a68eaa9dbe21fef14c5544e.jpg,frame_00196_jpg.rf.27928df31a68eaa9dbe21fef14c5544e.jpg,706.0429917342384,619.8630793028408,8742.5,295.69680852643387,True
C:\Users\carmonta\Desktop\data-centric-cross-season-transfer\datasets\train_on_2025_all\images\frame_00196_jpg.rf.b0a05a08e0a7874e4d1af17e11403b4a.jpg,frame_00196_jpg.rf.b0a05a08e0a7874e4d1af17e11403b4a.jpg,706.0429917342384,619.8630793028408,8742.5,295.69680852643387,True
C:\Users\carmonta\Desktop\data-centric-cross-season-transfer\datasets\train_on_2025_all\images\frame_00197_jpg.rf.10d35142641cd74d54bcdaa82aa9bda4.jpg,frame_00197_jpg.rf.10d35142641cd74d54bcdaa82aa9bda4.jpg,1033.8740968745783,527.2640843046729,6825.0,237.87859635365731,True
C:\Users\carmonta\Desktop\data-centric-cross-season-transfer\datasets\train_on_2025_all\images\frame_00197_jpg.rf.314f3bef9a996bfba4f8799e5db538b2.jpg,frame_00197_jpg.rf.314f3bef9a996bfba4f8799e5db538b2.jpg,1033.8740968745783,527.2640843046729,6825.0,237.87859635365731,True
C:\Users\carmonta\Desktop\data-centric-cross-season-transfer\datasets\train_on_2025_all\images\frame_00199_jpg.rf.33140641f251ef49d428b5636df905a9.jpg,frame_00199_jpg.rf.33140641f251ef49d428b5636df905a9.jpg,752.5135427916953,543.3162700671189,7108.75,291.5049714617113,True
C:\Users\carmonta\Desktop\data-centric-cross-season-transfer\datasets\train_on_2025_all\images\frame_00199_jpg.rf.5db3ad63af804a38fc7264af559f109b.jpg,frame_00199_jpg.rf.5db3ad63af804a38fc7264af559f109b.jpg,752.5135427916953,543.3162700671189,7108.75,291.5049714617113,True
C:\Users\carmonta\Desktop\data-centric-cross-season-transfer\datasets\train_on_2025_all\images\frame_00200_jpg.rf.3306beb64c7f86100c5b2509b7ee5734.jpg,frame_00200_jpg.rf.3306beb64c7f86100c5b2509b7ee5734.jpg,831.7134300825234,654.9979877251359,5552.75,293.41649508727494,True
C:\Users\carmonta\Desktop\data-centric-cross-season-transfer\datasets\train_on_2025_all\images\frame_00200_jpg.rf.7ab93933120dbaef72c7a5c8c269f9e9.jpg,frame_00200_jpg.rf.7ab93933120dbaef72c7a5c8c269f9e9.jpg,1184.0197873390473,677.6204519329625,7375.0,268.61031399016,True
C:\Users\carmonta\Desktop\data-centric-cross-season-transfer\datasets\train_on_2025_all\images\frame_00200_jpg.rf.7c954d0c3e8bfabea55e4c9a6a030284.jpg,frame_00200_jpg.rf.7c954d0c3e8bfabea55e4c9a6a030284.jpg,831.7134300825234,654.9979877251359,5552.75,293.41649508727494,True
C:\Users\carmonta\Desktop\data-centric-cross-season-transfer\datasets\train_on_2025_all\images\frame_00200_jpg.rf.abf11aff7933e6ab88779a05dbcc4b14.jpg,frame_00200_jpg.rf.abf11aff7933e6ab88779a05dbcc4b14.jpg,1184.0197873390473,677.6204519329625,7375.0,268.61031399016,True
C:\Users\carmonta\Desktop\data-centric-cross-season-transfer\datasets\train_on_2025_all\images\frame_00200_jpg.rf.acda13896b74c24b49b94e38fa24bf4d.jpg,frame_00200_jpg.rf.acda13896b74c24b49b94e38fa24bf4d.jpg,831.7134300825234,654.9979877251359,5552.75,293.41649508727494,True
C:\Users\carmonta\Desktop\data-centric-cross-season-transfer\datasets\train_on_2025_all\images\frame_00204_jpg.rf.6e70f8ad724386117bdf0dc580e25215.jpg,frame_00204_jpg.rf.6e70f8ad724386117bdf0dc580e25215.jpg,1133.7416084560566,559.6204998644752,6350.000000000001,253.5679337284986,True
C:\Users\carmonta\Desktop\data-centric-cross-season-transfer\datasets\train_on_2025_all\images\frame_00204_jpg.rf.d46cae2e7bedfb3a63f59c6c9c23d4ef.jpg,frame_00204_jpg.rf.d46cae2e7bedfb3a63f59c6c9c23d4ef.jpg,1133.7416084560566,559.6204998644752,6350.000000000001,253.5679337284986,True
C:\Users\carmonta\Desktop\data-centric-cross-season-transfer\datasets\train_on_2025_all\images\frame_00205_jpg.rf.391eb1d8a251a161bf86371eb0b8857c.jpg,frame_00205_jpg.rf.391eb1d8a251a161bf86371eb0b8857c.jpg,1045.7620208549547,579.8303262845419,14803.0,267.33450885458126,True
C:\Users\carmonta\Desktop\data-centric-cross-season-transfer\datasets\train_on_2025_all\images\frame_00205_jpg.rf.a32bd44aa7be3efb016da06e785681c7.jpg,frame_00205_jpg.rf.a32bd44aa7be3efb016da06e785681c7.jpg,1045.7620208549547,579.8303262845419,14803.0,267.33450885458126,True
C:\Users\carmonta\Desktop\data-centric-cross-season-transfer\datasets\train_on_2025_all\images\frame_00205_jpg.rf.dd3a73842576600e3e446c4f87958904.jpg,frame_00205_jpg.rf.dd3a73842576600e3e446c4f87958904.jpg,1045.7620208549547,579.8303262845419,14803.0,267.33450885458126,True
C:\Users\carmonta\Desktop\data-centric-cross-season-transfer\datasets\train_on_2025_all\images\frame_00206_jpg.rf.68e8b8de2b0f236759b7f3e64d7d764f.jpg,frame_00206_jpg.rf.68e8b8de2b0f236759b7f3e64d7d764f.jpg,1029.4622276827242,544.300673406066,10230.000000000002,256.62163951433246,True
C:\Users\carmonta\Desktop\data-centric-cross-season-transfer\datasets\train_on_2025_all\images\frame_00206_jpg.rf.9850fcccd9ce72e6090b86736cc1c3e3.jpg,frame_00206_jpg.rf.9850fcccd9ce72e6090b86736cc1c3e3.jpg,1029.4622276827242,544.300673406066,10230.000000000002,256.62163951433246,True
C:\Users\carmonta\Desktop\data-centric-cross-season-transfer\datasets\train_on_2025_all\images\frame_00207_jpg.rf.47abfc44a56f4a7b9d19a9b617bb9bc6.jpg,frame_00207_jpg.rf.47abfc44a56f4a7b9d19a9b617bb9bc6.jpg,1053.492053111541,557.7229799293699,9159.0,255.18324150680687,True
C:\Users\carmonta\Desktop\data-centric-cross-season-transfer\datasets\train_on_2025_all\images\frame_00207_jpg.rf.b2d8a8b6434c5e28b30d4c3e7992504b.jpg,frame_00207_jpg.rf.b2d8a8b6434c5e28b30d4c3e7992504b.jpg,1053.492053111541,557.7229799293699,9159.0,255.18324150680687,True
C:\Users\carmonta\Desktop\data-centric-cross-season-transfer\datasets\train_on_2025_all\images\frame_00208_jpg.rf.06de581d054804e19578718743165b6a.jpg,frame_00208_jpg.rf.06de581d054804e19578718743165b6a.jpg,1057.4247586089884,644.3331662782525,9222.5,273.33568532896516,True
C:\Users\carmonta\Desktop\data-centric-cross-season-transfer\datasets\train_on_2025_all\images\frame_00208_jpg.rf.45444d57f6bd5923d9c934f50df136be.jpg,frame_00208_jpg.rf.45444d57f6bd5923d9c934f50df136be.jpg,686.7067481692136,550.5065099781909,7117.499999999999,295.60389191921047,True
C:\Users\carmonta\Desktop\data-centric-cross-season-transfer\datasets\train_on_2025_all\images\frame_00208_jpg.rf.c0156c6de23f416f7743206fd1c7c80d.jpg,frame_00208_jpg.rf.c0156c6de23f416f7743206fd1c7c80d.jpg,686.7067481692136,550.5065099781909,7117.499999999999,295.60389191921047,True
C:\Users\carmonta\Desktop\data-centric-cross-season-transfer\datasets\train_on_2025_all\images\frame_00208_jpg.rf.c7594e66d1f7e1d6360a90b5b788fa16.jpg,frame_00208_jpg.rf.c7594e66d1f7e1d6360a90b5b788fa16.jpg,686.7067481692136,550.5065099781909,7117.499999999999,295.60389191921047,True
C:\Users\carmonta\Desktop\data-centric-cross-season-transfer\datasets\train_on_2025_all\images\frame_00208_jpg.rf.ce685b33bf3e98da2c9317a2d10dff5a.jpg,frame_00208_jpg.rf.ce685b33bf3e98da2c9317a2d10dff5a.jpg,1057.4247586089884,644.3331662782525,9222.5,273.33568532896516,True
C:\Users\carmonta\Desktop\data-centric-cross-season-transfer\datasets\train_on_2025_all\images\frame_00210_jpg.rf.bb206c1c559e0a4a8438cbc3f723d3bb.jpg,frame_00210_jpg.rf.bb206c1c559e0a4a8438cbc3f723d3bb.jpg,1095.0059853737835,637.6270641011384,5616.0,270.00630460286715,True
C:\Users\carmonta\Desktop\data-centric-cross-season-transfer\datasets\train_on_2025_all\images\frame_00211_jpg.rf.bd31bc31b9ead78b66804008eb621dbd.jpg,frame_00211_jpg.rf.bd31bc31b9ead78b66804008eb621dbd.jpg,1065.1146283299986,664.7529699986482,10703.25,278.5416328545692,True
C:\Users\carmonta\Desktop\data-centric-cross-season-transfer\datasets\train_on_2025_all\images\frame_00211_jpg.rf.e717ca45b72773ba1f31b25dd26a4b50.jpg,frame_00211_jpg.rf.e717ca45b72773ba1f31b25dd26a4b50.jpg,1065.1146283299986,664.7529699986482,10703.25,278.5416328545692,True
C:\Users\carmonta\Desktop\data-centric-cross-season-transfer\datasets\train_on_2025_all\images\frame_00211_jpg.rf.f35b7f4e47f0cabae32e5fe5ec190555.jpg,frame_00211_jpg.rf.f35b7f4e47f0cabae32e5fe5ec190555.jpg,1065.1146283299986,664.7529699986482,10703.25,278.5416328545692,True
C:\Users\carmonta\Desktop\data-centric-cross-season-transfer\datasets\train_on_2025_all\images\frame_00212_jpg.rf.1d1b2f52634e7452db6072bc283bc5cb.jpg,frame_00212_jpg.rf.1d1b2f52634e7452db6072bc283bc5cb.jpg,1019.2721366573227,638.6179749119126,8950.5,275.136174585531,True
C:\Users\carmonta\Desktop\data-centric-cross-season-transfer\datasets\train_on_2025_all\images\frame_00212_jpg.rf.6084b8e5babf78d80403e0fe443f8831.jpg,frame_00212_jpg.rf.6084b8e5babf78d80403e0fe443f8831.jpg,1019.2721366573227,638.6179749119126,8950.5,275.136174585531,True
C:\Users\carmonta\Desktop\data-centric-cross-season-transfer\datasets\train_on_2025_all\images\frame_00212_jpg.rf.eb1be838767c9471b6156d11b07134bc.jpg,frame_00212_jpg.rf.eb1be838767c9471b6156d11b07134bc.jpg,1019.2721366573227,638.6179749119126,8950.5,275.136174585531,True
C:\Users\carmonta\Desktop\data-centric-cross-season-transfer\datasets\train_on_2025_all\images\frame_00213_jpg.rf.1443a5d3549554051bdbd9e1492e1285.jpg,frame_00213_jpg.rf.1443a5d3549554051bdbd9e1492e1285.jpg,1018.8622880257504,638.3601100371718,4653.5,275.2530113618873,True
C:\Users\carmonta\Desktop\data-centric-cross-season-transfer\datasets\train_on_2025_all\images\frame_00213_jpg.rf.4482bf4d683e7afec155c54c46a181f6.jpg,frame_00213_jpg.rf.4482bf4d683e7afec155c54c46a181f6.jpg,1018.8622880257504,638.3601100371718,4653.5,275.2530113618873,True
C:\Users\carmonta\Desktop\data-centric-cross-season-transfer\datasets\train_on_2025_all\images\frame_00214_jpg.rf.0cd658c06ea8ae50e933930534e1c29a.jpg,frame_00214_jpg.rf.0cd658c06ea8ae50e933930534e1c29a.jpg,1022.1447612508895,566.5842047992306,6987.5,263.5370325189051,True
C:\Users\carmonta\Desktop\data-centric-cross-season-transfer\datasets\train_on_2025_all\images\frame_00214_jpg.rf.2dd2944a9b2a39821986cf0153cbfe38.jpg,frame_00214_jpg.rf.2dd2944a9b2a39821986cf0153cbfe38.jpg,1022.1447612508895,566.5842047992306,6987.5,263.5370325189051,True
C:\Users\carmonta\Desktop\data-centric-cross-season-transfer\datasets\train_on_2025_all\images\frame_00215_jpg.rf.56d766035a9e61acf4cfac56f6db346b.jpg,frame_00215_jpg.rf.56d766035a9e61acf4cfac56f6db346b.jpg,1113.6574180659068,581.7956363035685,9535.5,254.96994804544312,True
C:\Users\carmonta\Desktop\data-centric-cross-season-transfer\datasets\train_on_2025_all\images\frame_00215_jpg.rf.de55fc16e17e17d7ca9e58f246610cca.jpg,frame_00215_jpg.rf.de55fc16e17e17d7ca9e58f246610cca.jpg,1113.6574180659068,581.7956363035685,9535.5,254.96994804544312,True
C:\Users\carmonta\Desktop\data-centric-cross-season-transfer\datasets\train_on_2025_all\images\frame_00216_jpg.rf.1f6a7dc2c19509b87c22e4cedaae6442.jpg,frame_00216_jpg.rf.1f6a7dc2c19509b87c22e4cedaae6442.jpg,1005.036102460544,503.19972475855513,5871.0,239.51053448894595,True
C:\Users\carmonta\Desktop\data-centric-cross-season-transfer\datasets\train_on_2025_all\images\frame_00216_jpg.rf.29e85c8a6739eb8e3c097d056242f6e1.jpg,frame_00216_jpg.rf.29e85c8a6739eb8e3c097d056242f6e1.jpg,1005.036102460544,503.19972475855513,5871.0,239.51053448894595,True
C:\Users\carmonta\Desktop\data-centric-cross-season-transfer\datasets\train_on_2025_all\images\frame_00216_jpg.rf.94d0400d5834741dae3286f9d9763025.jpg,frame_00216_jpg.rf.94d0400d5834741dae3286f9d9763025.jpg,1005.036102460544,503.19972475855513,5871.0,239.51053448894595,True
C:\Users\carmonta\Desktop\data-centric-cross-season-transfer\datasets\train_on_2025_all\images\frame_00217_jpg.rf.42dc089fa08efbe67da4b8394c232be1.jpg,frame_00217_jpg.rf.42dc089fa08efbe67da4b8394c232be1.jpg,1114.238310159798,531.200821714378,8905.0,237.12752543441678,True
C:\Users\carmonta\Desktop\data-centric-cross-season-transfer\datasets\train_on_2025_all\images\frame_00217_jpg.rf.855fd97351dbb677f49e90a048062634.jpg,frame_00217_jpg.rf.855fd97351dbb677f49e90a048062634.jpg,1114.238310159798,531.200821714378,8905.0,237.12752543441678,True
C:\Users\carmonta\Desktop\data-centric-cross-season-transfer\datasets\train_on_2025_all\images\frame_00217_jpg.rf.9e7a0d495cee96c03c3b21cf0e97cee7.jpg,frame_00217_jpg.rf.9e7a0d495cee96c03c3b21cf0e97cee7.jpg,1114.238310159798,531.200821714378,8905.0,237.12752543441678,True
C:\Users\carmonta\Desktop\data-centric-cross-season-transfer\datasets\train_on_2025_all\images\frame_00218_jpg.rf.03c9bc09df7d6dabb8405d1bba24f43a.jpg,frame_00218_jpg.rf.03c9bc09df7d6dabb8405d1bba24f43a.jpg,1121.8061395457353,633.9139241202429,6624.0,267.0465979013156,True
C:\Users\carmonta\Desktop\data-centric-cross-season-transfer\datasets\train_on_2025_all\images\frame_00218_jpg.rf.66313a6512d3b3b9ac9a28852f9ec30c.jpg,frame_00218_jpg.rf.66313a6512d3b3b9ac9a28852f9ec30c.jpg,1121.8061395457353,633.9139241202429,6624.0,267.0465979013156,True
C:\Users\carmonta\Desktop\data-centric-cross-season-transfer\datasets\train_on_2025_all\images\frame_00219_jpg.rf.a37d9fb1b17473d8bed10080c02d95a0.jpg,frame_00219_jpg.rf.a37d9fb1b17473d8bed10080c02d95a0.jpg,1110.6291597596141,605.1691075065046,6000.0,262.28504993938213,True
C:\Users\carmonta\Desktop\data-centric-cross-season-transfer\datasets\train_on_2025_all\images\frame_00219_jpg.rf.d9f81c13117c372d6a4fa3ad67e85021.jpg,frame_00219_jpg.rf.d9f81c13117c372d6a4fa3ad67e85021.jpg,1110.6291597596141,605.1691075065046,6000.0,262.28504993938213,True
C:\Users\carmonta\Desktop\data-centric-cross-season-transfer\datasets\train_on_2025_all\images\frame_00219_jpg.rf.e896e5e5b3680c246aa91c3a9d6f7242.jpg,frame_00219_jpg.rf.e896e5e5b3680c246aa91c3a9d6f7242.jpg,1110.6291597596141,605.1691075065046,6000.0,262.28504993938213,True
C:\Users\carmonta\Desktop\data-centric-cross-season-transfer\datasets\train_on_2025_all\images\frame_00220_jpg.rf.840538fb65786ed5070fe22850f1380c.jpg,frame_00220_jpg.rf.840538fb65786ed5070fe22850f1380c.jpg,1137.0981635386092,592.6372268533603,7914.75,260.0793907389839,True
C:\Users\carmonta\Desktop\data-centric-cross-season-transfer\datasets\train_on_2025_all\images\frame_00220_jpg.rf.c19d99cbbb21b2e2beea768d4a38f8b0.jpg,frame_00220_jpg.rf.c19d99cbbb21b2e2beea768d4a38f8b0.jpg,1137.0981635386092,592.6372268533603,7914.75,260.0793907389839,True
C:\Users\carmonta\Desktop\data-centric-cross-season-transfer\datasets\train_on_2025_all\images\frame_00220_jpg.rf.c3b881a0a7ebd249c8b1c6cff6e16981.jpg,frame_00220_jpg.rf.c3b881a0a7ebd249c8b1c6cff6e16981.jpg,1137.0981635386092,592.6372268533603,7914.75,260.0793907389839,True
C:\Users\carmonta\Desktop\data-centric-cross-season-transfer\datasets\train_on_2025_all\images\frame_00222_jpg.rf.0070bd6d392dfda7117fd4ed04fd7990.jpg,frame_00222_jpg.rf.0070bd6d392dfda7117fd4ed04fd7990.jpg,1042.9516764051268,555.8472473738599,11793.25,261.1921038884921,True
C:\Users\carmonta\Desktop\data-centric-cross-season-transfer\datasets\train_on_2025_all\images\frame_00222_jpg.rf.81a0ddf09603136387fe32da4d508fee.jpg,frame_00222_jpg.rf.81a0ddf09603136387fe32da4d508fee.jpg,1042.9516764051268,555.8472473738599,11793.25,261.1921038884921,True
C:\Users\carmonta\Desktop\data-centric-cross-season-transfer\datasets\train_on_2025_all\images\frame_00226_jpg.rf.218d96c1f72b455434ee473bba1672c2.jpg,frame_00226_jpg.rf.218d96c1f72b455434ee473bba1672c2.jpg,1044.6729948860425,745.6195800092454,6808.0,286.413627194809,True
C:\Users\carmonta\Desktop\data-centric-cross-season-transfer\datasets\train_on_2025_all\images\frame_00226_jpg.rf.7e99009c299e642848fdc908a0c226fb.jpg,frame_00226_jpg.rf.7e99009c299e642848fdc908a0c226fb.jpg,1044.6729948860425,745.6195800092454,6808.0,286.413627194809,True
C:\Users\carmonta\Desktop\data-centric-cross-season-transfer\datasets\train_on_2025_all\images\frame_00226_jpg.rf.d631ed0f16b9d8b64aa5f259ab812830.jpg,frame_00226_jpg.rf.d631ed0f16b9d8b64aa5f259ab812830.jpg,1044.6729948860425,745.6195800092454,6808.0,286.413627194809,True
C:\Users\carmonta\Desktop\data-centric-cross-season-transfer\datasets\train_on_2025_all\images\frame_00231_jpg.rf.1deda93eb09388ff73ff404a6dc00997.jpg,frame_00231_jpg.rf.1deda93eb09388ff73ff404a6dc00997.jpg,1103.740000574103,674.4931099332491,3504.0,274.0299435968676,True
C:\Users\carmonta\Desktop\data-centric-cross-season-transfer\datasets\train_on_2025_all\images\frame_00231_jpg.rf.e23665b35c96dd5bbb695592bf8cc084.jpg,frame_00231_jpg.rf.e23665b35c96dd5bbb695592bf8cc084.jpg,1103.740000574103,674.4931099332491,3504.0,274.0299435968676,True
C:\Users\carmonta\Desktop\data-centric-cross-season-transfer\datasets\train_on_2025_all\images\GX010664_MP4-0024_jpg.rf.343b867058aa19586833dd1782bd9067.jpg,GX010664_MP4-0024_jpg.rf.343b867058aa19586833dd1782bd9067.jpg,668.1464727833109,385.584278200327,3608.0,269.28210749762025,True
C:\Users\carmonta\Desktop\data-centric-cross-season-transfer\datasets\train_on_2025_all\images\GX010664_MP4-0026_jpg.rf.013f1bb913aa7cce8f44eec370687d3a.jpg,GX010664_MP4-0026_jpg.rf.013f1bb913aa7cce8f44eec370687d3a.jpg,718.7977692986842,384.6488336398244,2800.0,259.61404314547553,True
C:\Users\carmonta\Desktop\data-centric-cross-season-transfer\datasets\train_on_2025_all\images\GX010664_MP4-0026_jpg.rf.216d9c6309a2559b8a00c31de0273d0c.jpg,GX010664_MP4-0026_jpg.rf.216d9c6309a2559b8a00c31de0273d0c.jpg,718.7977692986842,384.6488336398244,2800.0,259.61404314547553,True
C:\Users\carmonta\Desktop\data-centric-cross-season-transfer\datasets\train_on_2025_all\images\GX010664_MP4-0026_jpg.rf.72686199d71f048028cc2b58bac6d3fe.jpg,GX010664_MP4-0026_jpg.rf.72686199d71f048028cc2b58bac6d3fe.jpg,718.7977692986842,384.6488336398244,2800.0,259.61404314547553,True
C:\Users\carmonta\Desktop\data-centric-cross-season-transfer\datasets\train_on_2025_all\images\GX010664_MP4-0027_jpg.rf.724cfb36346fcec21e99e36b8e08f511.jpg,GX010664_MP4-0027_jpg.rf.724cfb36346fcec21e99e36b8e08f511.jpg,776.3451134084231,390.1923151599185,1862.5,249.28651570544807,True
C:\Users\carmonta\Desktop\data-centric-cross-season-transfer\datasets\train_on_2025_all\images\GX010664_MP4-0030_jpg.rf.1fc2eaa7fac9b15e175628f4446dd4e9.jpg,GX010664_MP4-0030_jpg.rf.1fc2eaa7fac9b15e175628f4446dd4e9.jpg,796.0174914113782,409.6252382981309,2316.5,264.91880575912137,True
C:\Users\carmonta\Desktop\data-centric-cross-season-transfer\datasets\train_on_2025_all\images\GX010664_MP4-0030_jpg.rf.a733f05673dcad4dfab7c2a9b0428653.jpg,GX010664_MP4-0030_jpg.rf.a733f05673dcad4dfab7c2a9b0428653.jpg,796.0174914113782,409.6252382981309,2316.5,264.91880575912137,True
C:\Users\carmonta\Desktop\data-centric-cross-season-transfer\datasets\train_on_2025_all\images\GX010664_MP4-0030_jpg.rf.b3bf2e905aa6c56dacadbe39d62f9e8d.jpg,GX010664_MP4-0030_jpg.rf.b3bf2e905aa6c56dacadbe39d62f9e8d.jpg,796.0174914113782,409.6252382981309,2316.5,264.91880575912137,True
C:\Users\carmonta\Desktop\data-centric-cross-season-transfer\datasets\train_on_2025_all\images\GX010664_MP4-0031_jpg.rf.21e6b88640c8788c9ae311e51c217a93.jpg,GX010664_MP4-0031_jpg.rf.21e6b88640c8788c9ae311e51c217a93.jpg,799.0058329626108,436.31347745963603,4945.5,264.04226508060657,True
C:\Users\carmonta\Desktop\data-centric-cross-season-transfer\datasets\train_on_2025_all\images\GX010664_MP4-0032_jpg.rf.7b9ec0120ab540a3705d364f8916fc1c.jpg,GX010664_MP4-0032_jpg.rf.7b9ec0120ab540a3705d364f8916fc1c.jpg,816.8754008477822,442.7381593363388,3529.5,263.5686980163372,True
C:\Users\carmonta\Desktop\data-centric-cross-season-transfer\datasets\train_on_2025_all\images\GX010664_MP4-0032_jpg.rf.a8877cdfee4c798fbe588a0db2605316.jpg,GX010664_MP4-0032_jpg.rf.a8877cdfee4c798fbe588a0db2605316.jpg,816.8754008477822,442.7381593363388,3529.5,263.5686980163372,True
C:\Users\carmonta\Desktop\data-centric-cross-season-transfer\datasets\train_on_2025_all\images\GX010664_MP4-0032_jpg.rf.d0856926542c08aade4ff77cddeb1779.jpg,GX010664_MP4-0032_jpg.rf.d0856926542c08aade4ff77cddeb1779.jpg,816.8754008477822,442.7381593363388,3529.5,263.5686980163372,True
C:\Users\carmonta\Desktop\data-centric-cross-season-transfer\datasets\train_on_2025_all\images\GX010664_MP4-0034_jpg.rf.60262825d9038404e45f03e6fc114810.jpg,GX010664_MP4-0034_jpg.rf.60262825d9038404e45f03e6fc114810.jpg,834.9587486621132,439.46101935607334,2359.5,258.48404896417037,True
C:\Users\carmonta\Desktop\data-centric-cross-season-transfer\datasets\train_on_2025_all\images\GX010664_MP4-0034_jpg.rf.b199566f7a68c7b1220f0a4d15267da1.jpg,GX010664_MP4-0034_jpg.rf.b199566f7a68c7b1220f0a4d15267da1.jpg,834.9587486621132,439.46101935607334,2359.5,258.48404896417037,True
C:\Users\carmonta\Desktop\data-centric-cross-season-transfer\datasets\train_on_2025_all\images\GX010664_MP4-0034_jpg.rf.ebb32df3d1a98c87b4f45c11c2ab3fbe.jpg,GX010664_MP4-0034_jpg.rf.ebb32df3d1a98c87b4f45c11c2ab3fbe.jpg,834.9587486621132,439.46101935607334,2359.5,258.48404896417037,True
C:\Users\carmonta\Desktop\data-centric-cross-season-transfer\datasets\train_on_2025_all\images\GX010664_MP4-0035_jpg.rf.166cde941faed3eb6cb14e50c487f0ff.jpg,GX010664_MP4-0035_jpg.rf.166cde941faed3eb6cb14e50c487f0ff.jpg,852.2040354475337,449.44849326570056,3823.7499999999995,259.09897905329984,True
C:\Users\carmonta\Desktop\data-centric-cross-season-transfer\datasets\train_on_2025_all\images\GX010664_MP4-0035_jpg.rf.d94a3bf46113e625440d56f289323693.jpg,GX010664_MP4-0035_jpg.rf.d94a3bf46113e625440d56f289323693.jpg,852.2040354475337,449.44849326570056,3823.7499999999995,259.09897905329984,True
C:\Users\carmonta\Desktop\data-centric-cross-season-transfer\datasets\train_on_2025_all\images\GX010664_MP4-0036_jpg.rf.42895edccd77df9923e4c17e5a62bdf0.jpg,GX010664_MP4-0036_jpg.rf.42895edccd77df9923e4c17e5a62bdf0.jpg,748.1641501964389,402.35766933415505,8756.0,262.96269154082097,True
C:\Users\carmonta\Desktop\data-centric-cross-season-transfer\datasets\train_on_2025_all\images\GX010664_MP4-0036_jpg.rf.4c139aec080705f321ecbe015224814b.jpg,GX010664_MP4-0036_jpg.rf.4c139aec080705f321ecbe015224814b.jpg,748.1641501964389,402.35766933415505,8756.0,262.96269154082097,True
C:\Users\carmonta\Desktop\data-centric-cross-season-transfer\datasets\train_on_2025_all\images\GX010664_MP4-0037_jpg.rf.7a6e3fca2b5a05cbd134cb4f05c54ee5.jpg,GX010664_MP4-0037_jpg.rf.7a6e3fca2b5a05cbd134cb4f05c54ee5.jpg,755.9556483016969,423.74015514903334,6870.5,264.95563970355386,True
C:\Users\carmonta\Desktop\data-centric-cross-season-transfer\datasets\train_on_2025_all\images\GX010664_MP4-0037_jpg.rf.83bdfea8ef24d8cd9aa86aa7ac828ca8.jpg,GX010664_MP4-0037_jpg.rf.83bdfea8ef24d8cd9aa86aa7ac828ca8.jpg,755.9556483016969,423.74015514903334,6870.5,264.95563970355386,True
C:\Users\carmonta\Desktop\data-centric-cross-season-transfer\datasets\train_on_2025_all\images\GX010664_MP4-0038_jpg.rf.5e8711161789d29abea90f11ff701c7d.jpg,GX010664_MP4-0038_jpg.rf.5e8711161789d29abea90f11ff701c7d.jpg,789.1694742009852,463.9074306508016,8568.0,270.4371567488968,True
C:\Users\carmonta\Desktop\data-centric-cross-season-transfer\datasets\train_on_2025_all\images\GX010664_MP4-0038_jpg.rf.947f69b61906f0f63df04c2183a91934.jpg,GX010664_MP4-0038_jpg.rf.947f69b61906f0f63df04c2183a91934.jpg,789.1694742009852,463.9074306508016,8568.0,270.4371567488968,True
C:\Users\carmonta\Desktop\data-centric-cross-season-transfer\datasets\train_on_2025_all\images\GX010664_MP4-0039_jpg.rf.2db375ea0ec389c5d644ea589d848ed5.jpg,GX010664_MP4-0039_jpg.rf.2db375ea0ec389c5d644ea589d848ed5.jpg,824.0942100617773,512.3197987854804,7458.75,275.02293926738946,True
C:\Users\carmonta\Desktop\data-centric-cross-season-transfer\datasets\train_on_2025_all\images\GX010664_MP4-0039_jpg.rf.6208dfd7764eb32fd3ce174f20d7174a.jpg,GX010664_MP4-0039_jpg.rf.6208dfd7764eb32fd3ce174f20d7174a.jpg,824.0942100617773,512.3197987854804,7458.75,275.02293926738946,True
C:\Users\carmonta\Desktop\data-centric-cross-season-transfer\datasets\train_on_2025_all\images\GX010664_MP4-0039_jpg.rf.840a996794fed1b8fbdd925a358ef3ee.jpg,GX010664_MP4-0039_jpg.rf.840a996794fed1b8fbdd925a358ef3ee.jpg,824.0942100617773,512.3197987854804,7458.75,275.02293926738946,True
C:\Users\carmonta\Desktop\data-centric-cross-season-transfer\datasets\train_on_2025_all\images\GX010664_MP4-0040_jpg.rf.b53ac30df8e666b382ca82a0bb4b2b9f.jpg,GX010664_MP4-0040_jpg.rf.b53ac30df8e666b382ca82a0bb4b2b9f.jpg,821.1336037689061,527.9532858297662,6327.75,277.8966434378212,True
C:\Users\carmonta\Desktop\data-centric-cross-season-transfer\datasets\train_on_2025_all\images\GX010664_MP4-0040_jpg.rf.eb3abc53941098561893bb700ee284e5.jpg,GX010664_MP4-0040_jpg.rf.eb3abc53941098561893bb700ee284e5.jpg,821.1336037689061,527.9532858297662,6327.75,277.8966434378212,True
C:\Users\carmonta\Desktop\data-centric-cross-season-transfer\datasets\train_on_2025_all\images\GX010664_MP4-0042_jpg.rf.d6104ad65a648b9369bbb761c62b19f5.jpg,GX010664_MP4-0042_jpg.rf.d6104ad65a648b9369bbb761c62b19f5.jpg,826.2491956269201,551.0818215181289,8726.25,280.7150559055219,True
C:\Users\carmonta\Desktop\data-centric-cross-season-transfer\datasets\train_on_2025_all\images\GX010664_MP4-0042_jpg.rf.f09255da3a3b30cdc97af4d351d92666.jpg,GX010664_MP4-0042_jpg.rf.f09255da3a3b30cdc97af4d351d92666.jpg,826.2491956269201,551.0818215181289,8726.25,280.7150559055219,True
C:\Users\carmonta\Desktop\data-centric-cross-season-transfer\datasets\train_on_2025_all\images\GX010664_MP4-0043_jpg.rf.9b3a06a280ba259fb528212d40bae4b0.jpg,GX010664_MP4-0043_jpg.rf.9b3a06a280ba259fb528212d40bae4b0.jpg,825.2498768666165,561.9995793036916,6460.5,281.87734868256604,True
C:\Users\carmonta\Desktop\data-centric-cross-season-transfer\datasets\train_on_2025_all\images\GX010664_MP4-0043_jpg.rf.ba2ab4ef9dcc13fc74001d093a672cf0.jpg,GX010664_MP4-0043_jpg.rf.ba2ab4ef9dcc13fc74001d093a672cf0.jpg,825.2498768666165,561.9995793036916,6460.5,281.87734868256604,True
C:\Users\carmonta\Desktop\data-centric-cross-season-transfer\datasets\train_on_2025_all\images\GX010664_MP4-0043_jpg.rf.f628fd96e0682e5aa8a8ac75a976b889.jpg,GX010664_MP4-0043_jpg.rf.f628fd96e0682e5aa8a8ac75a976b889.jpg,825.2498768666165,561.9995793036916,6460.5,281.87734868256604,True
C:\Users\carmonta\Desktop\data-centric-cross-season-transfer\datasets\train_on_2025_all\images\GX010664_MP4-0044_jpg.rf.7db7507c6aa587440d07f58deb9390bd.jpg,GX010664_MP4-0044_jpg.rf.7db7507c6aa587440d07f58deb9390bd.jpg,828.9117146092809,544.6679713245734,6808.0,279.85340116239377,True
C:\Users\carmonta\Desktop\data-centric-cross-season-transfer\datasets\train_on_2025_all\images\GX010664_MP4-0044_jpg.rf.838e1bd5c617331fd9adee0c981975f6.jpg,GX010664_MP4-0044_jpg.rf.838e1bd5c617331fd9adee0c981975f6.jpg,828.9117146092809,544.6679713245734,6808.0,279.85340116239377,True
C:\Users\carmonta\Desktop\data-centric-cross-season-transfer\datasets\train_on_2025_all\images\GX010664_MP4-0045_jpg.rf.a2de32173844900789374c8cafdcad03.jpg,GX010664_MP4-0045_jpg.rf.a2de32173844900789374c8cafdcad03.jpg,847.8030565986719,563.0145333814481,11838.750000000002,279.95699592126823,True
C:\Users\carmonta\Desktop\data-centric-cross-season-transfer\datasets\train_on_2025_all\images\GX010664_MP4-0045_jpg.rf.c8d739d56ac4a183c4486d25701b5e9c.jpg,GX010664_MP4-0045_jpg.rf.c8d739d56ac4a183c4486d25701b5e9c.jpg,847.8030565986719,563.0145333814481,11838.750000000002,279.95699592126823,True
C:\Users\carmonta\Desktop\data-centric-cross-season-transfer\datasets\train_on_2025_all\images\GX010664_MP4-0045_jpg.rf.cd33e62a2e326f1e8d88c02b3cebab12.jpg,GX010664_MP4-0045_jpg.rf.cd33e62a2e326f1e8d88c02b3cebab12.jpg,847.8030565986719,563.0145333814481,11838.750000000002,279.95699592126823,True
C:\Users\carmonta\Desktop\data-centric-cross-season-transfer\datasets\train_on_2025_all\images\GX010664_MP4-0046_jpg.rf.03922ea4cbd1b99693bb44c724e43eb0.jpg,GX010664_MP4-0046_jpg.rf.03922ea4cbd1b99693bb44c724e43eb0.jpg,860.5042824583095,587.7521105361214,6594.0,282.3703478665487,True
C:\Users\carmonta\Desktop\data-centric-cross-season-transfer\datasets\train_on_2025_all\images\GX010664_MP4-0046_jpg.rf.525af9e46a3a8dded556d3bd8e868a12.jpg,GX010664_MP4-0046_jpg.rf.525af9e46a3a8dded556d3bd8e868a12.jpg,860.5042824583095,587.7521105361214,6594.0,282.3703478665487,True
C:\Users\carmonta\Desktop\data-centric-cross-season-transfer\datasets\train_on_2025_all\images\GX010664_MP4-0046_jpg.rf.928ba1555bfc55fb4355874ffd9bcede.jpg,GX010664_MP4-0046_jpg.rf.928ba1555bfc55fb4355874ffd9bcede.jpg,860.5042824583095,587.7521105361214,6594.0,282.3703478665487,True
C:\Users\carmonta\Desktop\data-centric-cross-season-transfer\datasets\train_on_2025_all\images\GX010664_MP4-0048_jpg.rf.2a89c3cf9bc3161369d8248490b31ceb.jpg,GX010664_MP4-0048_jpg.rf.2a89c3cf9bc3161369d8248490b31ceb.jpg,855.2652402614721,526.5732280731567,7965.5,275.0653504643764,True
C:\Users\carmonta\Desktop\data-centric-cross-season-transfer\datasets\train_on_2025_all\images\GX010664_MP4-0048_jpg.rf.9de34beadb4d6a9eaa4ba51bf26fa09d.jpg,GX010664_MP4-0048_jpg.rf.9de34beadb4d6a9eaa4ba51bf26fa09d.jpg,855.2652402614721,526.5732280731567,7965.5,275.0653504643764,True
C:\Users\carmonta\Desktop\data-centric-cross-season-transfer\datasets\train_on_2025_all\images\GX010664_MP4-0048_jpg.rf.b2d6d85b710b934adf2da8b2a5cd5ade.jpg,GX010664_MP4-0048_jpg.rf.b2d6d85b710b934adf2da8b2a5cd5ade.jpg,855.2652402614721,526.5732280731567,7965.5,275.0653504643764,True
C:\Users\carmonta\Desktop\data-centric-cross-season-transfer\datasets\train_on_2025_all\images\GX010664_MP4-0051_jpg.rf.3bd49c03c6d659c1a9b25fbfe57179e9.jpg,GX010664_MP4-0051_jpg.rf.3bd49c03c6d659c1a9b25fbfe57179e9.jpg,961.8658313109133,561.6346298425582,4488.0,273.2780183963358,True
C:\Users\carmonta\Desktop\data-centric-cross-season-transfer\datasets\train_on_2025_all\images\GX010664_MP4-0051_jpg.rf.8540b420dd448a9fc879d352d1d93da7.jpg,GX010664_MP4-0051_jpg.rf.8540b420dd448a9fc879d352d1d93da7.jpg,961.8658313109133,561.6346298425582,4488.0,273.2780183963358,True
C:\Users\carmonta\Desktop\data-centric-cross-season-transfer\datasets\train_on_2025_all\images\GX010664_MP4-0051_jpg.rf.b65fa5bea1d4ae9e374f95dacf7ca111.jpg,GX010664_MP4-0051_jpg.rf.b65fa5bea1d4ae9e374f95dacf7ca111.jpg,961.8658313109133,561.6346298425582,4488.0,273.2780183963358,True
C:\Users\carmonta\Desktop\data-centric-cross-season-transfer\datasets\train_on_2025_all\images\GX010664_MP4-0052_jpg.rf.b9eb3e34c346142c1d192b9e2ca70e54.jpg,GX010664_MP4-0052_jpg.rf.b9eb3e34c346142c1d192b9e2ca70e54.jpg,899.6844283213859,505.07774030214097,7885.0,264.91517977326527,True
C:\Users\carmonta\Desktop\data-centric-cross-season-transfer\datasets\train_on_2025_all\images\GX010664_MP4-0052_jpg.rf.c93919d5c669827ba932d3fa47250758.jpg,GX010664_MP4-0052_jpg.rf.c93919d5c669827ba932d3fa47250758.jpg,899.6844283213859,505.07774030214097,7885.0,264.91517977326527,True
C:\Users\carmonta\Desktop\data-centric-cross-season-transfer\datasets\train_on_2025_all\images\GX010664_MP4-0053_jpg.rf.0878a9b8156d04e3dae4474b73d947fb.jpg,GX010664_MP4-0053_jpg.rf.0878a9b8156d04e3dae4474b73d947fb.jpg,862.2121109532874,475.91422188287146,7300.5,261.8353693452419,True
C:\Users\carmonta\Desktop\data-centric-cross-season-transfer\datasets\train_on_2025_all\images\GX010664_MP4-0053_jpg.rf.13c305ab0b52c9b2e4c18d0a86098bb8.jpg,GX010664_MP4-0053_jpg.rf.13c305ab0b52c9b2e4c18d0a86098bb8.jpg,862.2121109532874,475.91422188287146,7300.5,261.8353693452419,True
C:\Users\carmonta\Desktop\data-centric-cross-season-transfer\datasets\train_on_2025_all\images\GX010664_MP4-0053_jpg.rf.7d7fdcecdbfaa31b42165b88c9e31e24.jpg,GX010664_MP4-0053_jpg.rf.7d7fdcecdbfaa31b42165b88c9e31e24.jpg,862.2121109532874,475.91422188287146,7300.5,261.8353693452419,True
C:\Users\carmonta\Desktop\data-centric-cross-season-transfer\datasets\train_on_2025_all\images\GX010664_MP4-0054_jpg.rf.44b342c758bfd84e4d3301ca6dfbe6cd.jpg,GX010664_MP4-0054_jpg.rf.44b342c758bfd84e4d3301ca6dfbe6cd.jpg,856.6997055810726,444.4635795375072,7300.5,254.28040651516295,True
C:\Users\carmonta\Desktop\data-centric-cross-season-transfer\datasets\train_on_2025_all\images\GX010664_MP4-0054_jpg.rf.74ba8b3260dd52bf05aeedfeffa398f1.jpg,GX010664_MP4-0054_jpg.rf.74ba8b3260dd52bf05aeedfeffa398f1.jpg,856.6997055810726,444.4635795375072,7300.5,254.28040651516295,True
C:\Users\carmonta\Desktop\data-centric-cross-season-transfer\datasets\train_on_2025_all\images\GX010664_MP4-0054_jpg.rf.917c3d57961a5d14b2d3dd1e958fd3c1.jpg,GX010664_MP4-0054_jpg.rf.917c3d57961a5d14b2d3dd1e958fd3c1.jpg,856.6997055810726,444.4635795375072,7300.5,254.28040651516295,True
C:\Users\carmonta\Desktop\data-centric-cross-season-transfer\datasets\train_on_2025_all\images\GX010664_MP4-0055_jpg.rf.222df2148263a7e2e2ef3f1c6f2530bf.jpg,GX010664_MP4-0055_jpg.rf.222df2148263a7e2e2ef3f1c6f2530bf.jpg,1030.4162673440305,620.0468841080966,5181.75,274.2384046903346,True
C:\Users\carmonta\Desktop\data-centric-cross-season-transfer\datasets\train_on_2025_all\images\GX010664_MP4-0055_jpg.rf.89bf7632fab9a369e6a3e912c3f57754.jpg,GX010664_MP4-0055_jpg.rf.89bf7632fab9a369e6a3e912c3f57754.jpg,1030.4162673440305,620.0468841080966,5181.75,274.2384046903346,True
C:\Users\carmonta\Desktop\data-centric-cross-season-transfer\datasets\train_on_2025_all\images\GX010664_MP4-0055_jpg.rf.b7b7b2b43763f005b106eb811db0522f.jpg,GX010664_MP4-0055_jpg.rf.b7b7b2b43763f005b106eb811db0522f.jpg,1030.4162673440305,620.0468841080966,5181.75,274.2384046903346,True
C:\Users\carmonta\Desktop\data-centric-cross-season-transfer\datasets\train_on_2025_all\images\GX010664_MP4-0056_jpg.rf.38b49449b4aef7ebe98ac241672699eb.jpg,GX010664_MP4-0056_jpg.rf.38b49449b4aef7ebe98ac241672699eb.jpg,991.1892692768483,540.306075528732,2153.5,265.9403304971153,True
C:\Users\carmonta\Desktop\data-centric-cross-season-transfer\datasets\train_on_2025_all\images\GX010664_MP4-0056_jpg.rf.591700068f32ac64bd854ea0e00d5f22.jpg,GX010664_MP4-0056_jpg.rf.591700068f32ac64bd854ea0e00d5f22.jpg,991.1892692768483,540.306075528732,2153.5,265.9403304971153,True
C:\Users\carmonta\Desktop\data-centric-cross-season-transfer\datasets\train_on_2025_all\images\GX010664_MP4-0056_jpg.rf.a9556e84398e9373f80f7c63358c60fe.jpg,GX010664_MP4-0056_jpg.rf.a9556e84398e9373f80f7c63358c60fe.jpg,991.1892692768483,540.306075528732,2153.5,265.9403304971153,True
C:\Users\carmonta\Desktop\data-centric-cross-season-transfer\datasets\train_on_2025_all\images\GX010664_MP4-0057_jpg.rf.45b9f0af7a9bcb2ae19121dbb6dfe0a0.jpg,GX010664_MP4-0057_jpg.rf.45b9f0af7a9bcb2ae19121dbb6dfe0a0.jpg,978.4615790197511,521.2263742768936,3559.5,262.34301699589025,True
C:\Users\carmonta\Desktop\data-centric-cross-season-transfer\datasets\train_on_2025_all\images\GX010664_MP4-0057_jpg.rf.c7142a19c77945658599dc06f8251c86.jpg,GX010664_MP4-0057_jpg.rf.c7142a19c77945658599dc06f8251c86.jpg,978.4615790197511,521.2263742768936,3559.5,262.34301699589025,True
C:\Users\carmonta\Desktop\data-centric-cross-season-transfer\datasets\train_on_2025_all\images\GX010664_MP4-0057_jpg.rf.df8bcf93e4113ad1d3484adfd610061e.jpg,GX010664_MP4-0057_jpg.rf.df8bcf93e4113ad1d3484adfd610061e.jpg,978.4615790197511,521.2263742768936,3559.5,262.34301699589025,True
C:\Users\carmonta\Desktop\data-centric-cross-season-transfer\datasets\train_on_2025_all\images\GX010664_MP4-0059_jpg.rf.6d32fc68087320f1e760d352861b6fa1.jpg,GX010664_MP4-0059_jpg.rf.6d32fc68087320f1e760d352861b6fa1.jpg,972.626387671753,507.2321067461445,4197.5,260.16693307213836,True
C:\Users\carmonta\Desktop\data-centric-cross-season-transfer\datasets\train_on_2025_all\images\GX010664_MP4-0059_jpg.rf.f29cd9878187cd9b0166657d58269fe5.jpg,GX010664_MP4-0059_jpg.rf.f29cd9878187cd9b0166657d58269fe5.jpg,972.626387671753,507.2321067461445,4197.5,260.16693307213836,True
C:\Users\carmonta\Desktop\data-centric-cross-season-transfer\datasets\train_on_2025_all\images\GX010664_MP4-0060_jpg.rf.1c6bbf0e92177286d9b849346fff3ad2.jpg,GX010664_MP4-0060_jpg.rf.1c6bbf0e92177286d9b849346fff3ad2.jpg,1057.783957426958,593.6856496075142,3953.0,267.3913555842859,True
C:\Users\carmonta\Desktop\data-centric-cross-season-transfer\datasets\train_on_2025_all\images\GX010664_MP4-0060_jpg.rf.592bcc0e63ab073de41107a498e0e716.jpg,GX010664_MP4-0060_jpg.rf.592bcc0e63ab073de41107a498e0e716.jpg,1057.783957426958,593.6856496075142,3953.0,267.3913555842859,True
C:\Users\carmonta\Desktop\data-centric-cross-season-transfer\datasets\train_on_2025_all\images\GX010664_MP4-0060_jpg.rf.e1b1f76eeffe76e75f931c542a69d27a.jpg,GX010664_MP4-0060_jpg.rf.e1b1f76eeffe76e75f931c542a69d27a.jpg,1057.783957426958,593.6856496075142,3953.0,267.3913555842859,True
C:\Users\carmonta\Desktop\data-centric-cross-season-transfer\datasets\train_on_2025_all\images\GX010664_MP4-0061_jpg.rf.1ddf1a6703c5c6516ad9152656b8450c.jpg,GX010664_MP4-0061_jpg.rf.1ddf1a6703c5c6516ad9152656b8450c.jpg,1051.4987688796111,564.8147390379463,6916.0,261.9153487412246,True
C:\Users\carmonta\Desktop\data-centric-cross-season-transfer\datasets\train_on_2025_all\images\GX010664_MP4-0061_jpg.rf.2602c2ee14d8b3a048c8ae6e2e2acafe.jpg,GX010664_MP4-0061_jpg.rf.2602c2ee14d8b3a048c8ae6e2e2acafe.jpg,1051.4987688796111,564.8147390379463,6916.0,261.9153487412246,True
C:\Users\carmonta\Desktop\data-centric-cross-season-transfer\datasets\train_on_2025_all\images\GX010664_MP4-0062_jpg.rf.b3ed78c3614972a9e9e3345d6c54656a.jpg,GX010664_MP4-0062_jpg.rf.b3ed78c3614972a9e9e3345d6c54656a.jpg,991.0960944331401,554.1376592835273,7827.75,267.04418569560136,True
C:\Users\carmonta\Desktop\data-centric-cross-season-transfer\datasets\train_on_2025_all\images\GX010664_MP4-0062_jpg.rf.c8e617920df78f9cba28e4d6fdf8c8c6.jpg,GX010664_MP4-0062_jpg.rf.c8e617920df78f9cba28e4d6fdf8c8c6.jpg,991.0960944331401,554.1376592835273,7827.75,267.04418569560136,True
C:\Users\carmonta\Desktop\data-centric-cross-season-transfer\datasets\train_on_2025_all\images\GX010664_MP4-0062_jpg.rf.fa075bee7c190f94973e60ed21170790.jpg,GX010664_MP4-0062_jpg.rf.fa075bee7c190f94973e60ed21170790.jpg,991.0960944331401,554.1376592835273,7827.75,267.04418569560136,True
C:\Users\carmonta\Desktop\data-centric-cross-season-transfer\datasets\train_on_2025_all\images\GX010664_MP4-0063_jpg.rf.0d8806e163b875ddc7f2e39958a4e07a.jpg,GX010664_MP4-0063_jpg.rf.0d8806e163b875ddc7f2e39958a4e07a.jpg,932.099875499357,588.4560163245133,4435.25,278.29053169524195,True
C:\Users\carmonta\Desktop\data-centric-cross-season-transfer\datasets\train_on_2025_all\images\GX010664_MP4-0063_jpg.rf.4191565fc6a19eed4a286c901fe8056e.jpg,GX010664_MP4-0063_jpg.rf.4191565fc6a19eed4a286c901fe8056e.jpg,932.099875499357,588.4560163245133,4435.25,278.29053169524195,True
C:\Users\carmonta\Desktop\data-centric-cross-season-transfer\datasets\train_on_2025_all\images\GX010664_MP4-0063_jpg.rf.d01fe91db8b9f75290948cc7cc50c760.jpg,GX010664_MP4-0063_jpg.rf.d01fe91db8b9f75290948cc7cc50c760.jpg,932.099875499357,588.4560163245133,4435.25,278.29053169524195,True
C:\Users\carmonta\Desktop\data-centric-cross-season-transfer\datasets\train_on_2025_all\images\GX010664_MP4-0064_jpg.rf.23934c626427d18bf199d97b6422a3fb.jpg,GX010664_MP4-0064_jpg.rf.23934c626427d18bf199d97b6422a3fb.jpg,892.4552427871967,623.4577480685352,4435.25,285.1186288304779,True
C:\Users\carmonta\Desktop\data-centric-cross-season-transfer\datasets\train_on_2025_all\images\GX010664_MP4-0064_jpg.rf.268ee827fc0da8f8bf85ce38c37ba501.jpg,GX010664_MP4-0064_jpg.rf.268ee827fc0da8f8bf85ce38c37ba501.jpg,892.4552427871967,623.4577480685352,4435.25,285.1186288304779,True
C:\Users\carmonta\Desktop\data-centric-cross-season-transfer\datasets\train_on_2025_all\images\GX010664_MP4-0064_jpg.rf.595e9389e22e8aee4512d6b18067acbe.jpg,GX010664_MP4-0064_jpg.rf.595e9389e22e8aee4512d6b18067acbe.jpg,892.4552427871967,623.4577480685352,4435.25,285.1186288304779,True
C:\Users\carmonta\Desktop\data-centric-cross-season-transfer\datasets\train_on_2025_all\images\GX010664_MP4-0066_jpg.rf.ee03bf7d762a50eb3e4f3aee2e3675b1.jpg,GX010664_MP4-0066_jpg.rf.ee03bf7d762a50eb3e4f3aee2e3675b1.jpg,831.5789972822539,671.642065437231,2816.0,292.83511141796055,True
C:\Users\carmonta\Desktop\data-centric-cross-season-transfer\datasets\train_on_2025_all\images\GX010664_MP4-0066_jpg.rf.eebc4cbc19c9f9737bf16cb264c204e4.jpg,GX010664_MP4-0066_jpg.rf.eebc4cbc19c9f9737bf16cb264c204e4.jpg,831.5789972822539,671.642065437231,2816.0,292.83511141796055,True
C:\Users\carmonta\Desktop\data-centric-cross-season-transfer\datasets\train_on_2025_all\images\GX010664_MP4-0067_jpg.rf.0e9a64f4228a54a7382988bc3e1848bc.jpg,GX010664_MP4-0067_jpg.rf.0e9a64f4228a54a7382988bc3e1848bc.jpg,831.0116629716424,677.7238528835499,3596.9999999999995,293.14181814575994,True
C:\Users\carmonta\Desktop\data-centric-cross-season-transfer\datasets\train_on_2025_all\images\GX010664_MP4-0068_jpg.rf.c32070203247e0bf4d89da6585202c01.jpg,GX010664_MP4-0068_jpg.rf.c32070203247e0bf4d89da6585202c01.jpg,715.454065495167,780.4895505232477,3059.0,305.49320399650526,True
C:\Users\carmonta\Desktop\data-centric-cross-season-transfer\datasets\train_on_2025_all\images\GX010664_MP4-0068_jpg.rf.f6b6ee1c80ba210531fbf6db65959dce.jpg,GX010664_MP4-0068_jpg.rf.f6b6ee1c80ba210531fbf6db65959dce.jpg,715.454065495167,780.4895505232477,3059.0,305.49320399650526,True
C:\Users\carmonta\Desktop\data-centric-cross-season-transfer\datasets\train_on_2025_all\images\GX010664_MP4-0069_jpg.rf.4495c999ed01c75daf249fb607633b32.jpg,GX010664_MP4-0069_jpg.rf.4495c999ed01c75daf249fb607633b32.jpg,817.8344137376981,727.591738474701,3504.25,296.62487910681676,True
C:\Users\carmonta\Desktop\data-centric-cross-season-transfer\datasets\train_on_2025_all\images\GX010664_MP4-0069_jpg.rf.7aaeb445f52829dbb063f3eb529cfd1c.jpg,GX010664_MP4-0069_jpg.rf.7aaeb445f52829dbb063f3eb529cfd1c.jpg,817.8344137376981,727.591738474701,3504.25,296.62487910681676,True
C:\Users\carmonta\Desktop\data-centric-cross-season-transfer\datasets\train_on_2025_all\images\GX010664_MP4-0069_jpg.rf.e48f0c58f4c3e78b4f3434ed7a2884a6.jpg,GX010664_MP4-0069_jpg.rf.e48f0c58f4c3e78b4f3434ed7a2884a6.jpg,817.8344137376981,727.591738474701,3504.25,296.62487910681676,True
C:\Users\carmonta\Desktop\data-centric-cross-season-transfer\datasets\train_on_2025_all\images\GX010664_MP4-0070_jpg.rf.ad84c6491f8ee7e8fbcc798b24d38106.jpg,GX010664_MP4-0070_jpg.rf.ad84c6491f8ee7e8fbcc798b24d38106.jpg,819.9417870744379,757.0869632594545,2829.0,298.72257839697414,True
C:\Users\carmonta\Desktop\data-centric-cross-season-transfer\datasets\train_on_2025_all\images\GX010664_MP4-0070_jpg.rf.fd697953a47cca75dae6a29794803341.jpg,GX010664_MP4-0070_jpg.rf.fd697953a47cca75dae6a29794803341.jpg,819.9417870744379,757.0869632594545,2829.0,298.72257839697414,True
C:\Users\carmonta\Desktop\data-centric-cross-season-transfer\datasets\train_on_2025_all\images\GX010664_MP4-0071_jpg.rf.0cdba322b70fbf5c849076d8a352855a.jpg,GX010664_MP4-0071_jpg.rf.0cdba322b70fbf5c849076d8a352855a.jpg,819.2773568727852,768.5671476683971,2906.75,299.3520186295956,True
C:\Users\carmonta\Desktop\data-centric-cross-season-transfer\datasets\train_on_2025_all\images\GX010664_MP4-0071_jpg.rf.5fa5c2520ce253a68114b81090336e99.jpg,GX010664_MP4-0071_jpg.rf.5fa5c2520ce253a68114b81090336e99.jpg,819.2773568727852,768.5671476683971,2906.75,299.3520186295956,True
C:\Users\carmonta\Desktop\data-centric-cross-season-transfer\datasets\train_on_2025_all\images\GX010664_MP4-0072_jpg.rf.03bb667b6766896dbc8ee38fc8495027.jpg,GX010664_MP4-0072_jpg.rf.03bb667b6766896dbc8ee38fc8495027.jpg,799.3350047007038,712.8478981388116,3034.5,297.31896025752553,True
C:\Users\carmonta\Desktop\data-centric-cross-season-transfer\datasets\train_on_2025_all\images\GX010664_MP4-0072_jpg.rf.9b374a8e461b3b3e1de4c892f80cda2c.jpg,GX010664_MP4-0072_jpg.rf.9b374a8e461b3b3e1de4c892f80cda2c.jpg,799.3350047007038,712.8478981388116,3034.5,297.31896025752553,True
C:\Users\carmonta\Desktop\data-centric-cross-season-transfer\datasets\train_on_2025_all\images\GX010664_MP4-0072_jpg.rf.da78ebf99222f60e4e9c115fe109a133.jpg,GX010664_MP4-0072_jpg.rf.da78ebf99222f60e4e9c115fe109a133.jpg,799.3350047007038,712.8478981388116,3034.5,297.31896025752553,True
C:\Users\carmonta\Desktop\data-centric-cross-season-transfer\datasets\train_on_2025_all\images\GX010664_MP4-0073_jpg.rf.b69b1295bda9a4729ba855900a713fef.jpg,GX010664_MP4-0073_jpg.rf.b69b1295bda9a4729ba855900a713fef.jpg,789.7851676957685,693.7027570193335,6792.5,296.5382157168991,True
C:\Users\carmonta\Desktop\data-centric-cross-season-transfer\datasets\train_on_2025_all\images\GX010664_MP4-0073_jpg.rf.ca8fb85658cc3992c5bdf72eb29450eb.jpg,GX010664_MP4-0073_jpg.rf.ca8fb85658cc3992c5bdf72eb29450eb.jpg,789.7851676957685,693.7027570193335,6792.5,296.5382157168991,True
C:\Users\carmonta\Desktop\data-centric-cross-season-transfer\datasets\train_on_2025_all\images\GX010664_MP4-0073_jpg.rf.ff7ff3312c62ca144794838030aa808c.jpg,GX010664_MP4-0073_jpg.rf.ff7ff3312c62ca144794838030aa808c.jpg,789.7851676957685,693.7027570193335,6792.5,296.5382157168991,True
C:\Users\carmonta\Desktop\data-centric-cross-season-transfer\datasets\train_on_2025_all\images\GX010664_MP4-0074_jpg.rf.5a9cf23e848a7a8868748137515df600.jpg,GX010664_MP4-0074_jpg.rf.5a9cf23e848a7a8868748137515df600.jpg,773.7787347221896,676.6797271766202,3307.75,296.50547058045186,True
C:\Users\carmonta\Desktop\data-centric-cross-season-transfer\datasets\train_on_2025_all\images\GX010664_MP4-0074_jpg.rf.d83028a9c3a2f3d88bf21760739b6758.jpg,GX010664_MP4-0074_jpg.rf.d83028a9c3a2f3d88bf21760739b6758.jpg,773.7787347221896,676.6797271766202,3307.75,296.50547058045186,True
C:\Users\carmonta\Desktop\data-centric-cross-season-transfer\datasets\train_on_2025_all\images\GX010664_MP4-0076_jpg.rf.afba36d9128f0a868f4cf61fb7677063.jpg,GX010664_MP4-0076_jpg.rf.afba36d9128f0a868f4cf61fb7677063.jpg,773.4895442775556,634.036548954196,4039.75,293.585994384672,True
C:\Users\carmonta\Desktop\data-centric-cross-season-transfer\datasets\train_on_2025_all\images\GX010664_MP4-0076_jpg.rf.b12e872043dbee38d0d3ffbb857f26ab.jpg,GX010664_MP4-0076_jpg.rf.b12e872043dbee38d0d3ffbb857f26ab.jpg,773.4895442775556,634.036548954196,4039.75,293.585994384672,True
C:\Users\carmonta\Desktop\data-centric-cross-season-transfer\datasets\train_on_2025_all\images\GX010664_MP4-0076_jpg.rf.f1202483985c2c4eb0e1226e45dd983a.jpg,GX010664_MP4-0076_jpg.rf.f1202483985c2c4eb0e1226e45dd983a.jpg,773.4895442775556,634.036548954196,4039.75,293.585994384672,True
C:\Users\carmonta\Desktop\data-centric-cross-season-transfer\datasets\train_on_2025_all\images\GX010664_MP4-0077_jpg.rf.51911a1ad2a3f628d8ccc691f3b2b4a6.jpg,GX010664_MP4-0077_jpg.rf.51911a1ad2a3f628d8ccc691f3b2b4a6.jpg,776.4524650759193,621.5731977049456,3629.5,292.37893669298813,True
C:\Users\carmonta\Desktop\data-centric-cross-season-transfer\datasets\train_on_2025_all\images\GX010664_MP4-0077_jpg.rf.89cb082eeba859040c35896027435f96.jpg,GX010664_MP4-0077_jpg.rf.89cb082eeba859040c35896027435f96.jpg,776.4524650759193,621.5731977049456,3629.5,292.37893669298813,True
C:\Users\carmonta\Desktop\data-centric-cross-season-transfer\datasets\train_on_2025_all\images\GX010664_MP4-0078_jpg.rf.8ec398bb8df49178b586f2af43d95a39.jpg,GX010664_MP4-0078_jpg.rf.8ec398bb8df49178b586f2af43d95a39.jpg,775.8593118739924,650.5472643857826,3805.5,294.72172633562076,True
C:\Users\carmonta\Desktop\data-centric-cross-season-transfer\datasets\train_on_2025_all\images\GX010664_MP4-0079_jpg.rf.2f51dc1253c50faa758ffc167ea60433.jpg,GX010664_MP4-0079_jpg.rf.2f51dc1253c50faa758ffc167ea60433.jpg,779.8494862976455,661.0557708521692,5010.75,295.1657722549014,True
C:\Users\carmonta\Desktop\data-centric-cross-season-transfer\datasets\train_on_2025_all\images\GX010664_MP4-0079_jpg.rf.4dd9222c901b6466e67a2d0835055a42.jpg,GX010664_MP4-0079_jpg.rf.4dd9222c901b6466e67a2d0835055a42.jpg,779.8494862976455,661.0557708521692,5010.75,295.1657722549014,True
C:\Users\carmonta\Desktop\data-centric-cross-season-transfer\datasets\train_on_2025_all\images\GX010664_MP4-0079_jpg.rf.69738b17d71bcf1082757e24402a9bc9.jpg,GX010664_MP4-0079_jpg.rf.69738b17d71bcf1082757e24402a9bc9.jpg,779.8494862976455,661.0557708521692,5010.75,295.1657722549014,True
C:\Users\carmonta\Desktop\data-centric-cross-season-transfer\datasets\train_on_2025_all\images\GX010664_MP4-0080_jpg.rf.342316ff88aa197070dff537ec348494.jpg,GX010664_MP4-0080_jpg.rf.342316ff88aa197070dff537ec348494.jpg,788.052536182853,681.1128474150756,3312.0,295.97902546898354,True
C:\Users\carmonta\Desktop\data-centric-cross-season-transfer\datasets\train_on_2025_all\images\GX010664_MP4-0080_jpg.rf.e515fc58277e25d898cd13491eaf7250.jpg,GX010664_MP4-0080_jpg.rf.e515fc58277e25d898cd13491eaf7250.jpg,788.052536182853,681.1128474150756,3312.0,295.97902546898354,True
C:\Users\carmonta\Desktop\data-centric-cross-season-transfer\datasets\train_on_2025_all\images\GX010664_MP4-0080_jpg.rf.f0cc16d94bb87d49261b7f5802787a6c.jpg,GX010664_MP4-0080_jpg.rf.f0cc16d94bb87d49261b7f5802787a6c.jpg,788.052536182853,681.1128474150756,3312.0,295.97902546898354,True
C:\Users\carmonta\Desktop\data-centric-cross-season-transfer\datasets\train_on_2025_all\images\GX010664_MP4-0081_jpg.rf.3e1153fe68e3175cec779bf03de663b2.jpg,GX010664_MP4-0081_jpg.rf.3e1153fe68e3175cec779bf03de663b2.jpg,824.612579454974,663.0238796263139,2897.5,292.5115272111409,True
C:\Users\carmonta\Desktop\data-centric-cross-season-transfer\datasets\train_on_2025_all\images\GX010664_MP4-0081_jpg.rf.9b98d08dde4699fd8d180e901d327028.jpg,GX010664_MP4-0081_jpg.rf.9b98d08dde4699fd8d180e901d327028.jpg,824.612579454974,663.0238796263139,2897.5,292.5115272111409,True
C:\Users\carmonta\Desktop\data-centric-cross-season-transfer\datasets\train_on_2025_all\images\GX010664_MP4-0081_jpg.rf.c32c93623b48e02727de62f25239c351.jpg,GX010664_MP4-0081_jpg.rf.c32c93623b48e02727de62f25239c351.jpg,824.612579454974,663.0238796263139,2897.5,292.5115272111409,True
C:\Users\carmonta\Desktop\data-centric-cross-season-transfer\datasets\train_on_2025_all\images\GX010664_MP4-0082_jpg.rf.00edee151ca42ce42982468d41fe2396.jpg,GX010664_MP4-0082_jpg.rf.00edee151ca42ce42982468d41fe2396.jpg,858.4965154863733,749.1069275140885,2570.5,296.12013327475086,True
C:\Users\carmonta\Desktop\data-centric-cross-season-transfer\datasets\train_on_2025_all\images\GX010664_MP4-0082_jpg.rf.1394a9e90b332aeb578d219931fb0830.jpg,GX010664_MP4-0082_jpg.rf.1394a9e90b332aeb578d219931fb0830.jpg,858.4965154863733,749.1069275140885,2570.5,296.12013327475086,True
C:\Users\carmonta\Desktop\data-centric-cross-season-transfer\datasets\train_on_2025_all\images\GX010664_MP4-0082_jpg.rf.d81ffef8b2b93fdb52c1aae78811edcf.jpg,GX010664_MP4-0082_jpg.rf.d81ffef8b2b93fdb52c1aae78811edcf.jpg,858.4965154863733,749.1069275140885,2570.5,296.12013327475086,True
C:\Users\carmonta\Desktop\data-centric-cross-season-transfer\datasets\train_on_2025_all\images\GX010664_MP4-0083_jpg.rf.0c846dcfc99e20e365f3929017a59fe1.jpg,GX010664_MP4-0083_jpg.rf.0c846dcfc99e20e365f3929017a59fe1.jpg,764.7201936773284,581.8627723751733,1335.2499999999998,289.8475243794641,True
C:\Users\carmonta\Desktop\data-centric-cross-season-transfer\datasets\train_on_2025_all\images\GX010664_MP4-0083_jpg.rf.9aff1680effc6d9a20394e1ad67914cd.jpg,GX010664_MP4-0083_jpg.rf.9aff1680effc6d9a20394e1ad67914cd.jpg,764.7201936773284,581.8627723751733,1335.2499999999998,289.8475243794641,True
C:\Users\carmonta\Desktop\data-centric-cross-season-transfer\datasets\train_on_2025_all\images\GX010664_MP4-0083_jpg.rf.c1c6455b566b8da1f62953ba0d064615.jpg,GX010664_MP4-0083_jpg.rf.c1c6455b566b8da1f62953ba0d064615.jpg,764.7201936773284,581.8627723751733,1335.2499999999998,289.8475243794641,True
C:\Users\carmonta\Desktop\data-centric-cross-season-transfer\datasets\train_on_2025_all\images\GX010664_MP4-0084_jpg.rf.354738c71897cfb319677245d8204d21.jpg,GX010664_MP4-0084_jpg.rf.354738c71897cfb319677245d8204d21.jpg,948.1324167369881,700.2167278431826,4788.0,288.1763932963855,True
C:\Users\carmonta\Desktop\data-centric-cross-season-transfer\datasets\train_on_2025_all\images\GX010664_MP4-0084_jpg.rf.bdb52f2d6cd46ec2565cbcecb75686db.jpg,GX010664_MP4-0084_jpg.rf.bdb52f2d6cd46ec2565cbcecb75686db.jpg,948.1324167369881,700.2167278431826,4788.0,288.1763932963855,True
C:\Users\carmonta\Desktop\data-centric-cross-season-transfer\datasets\train_on_2025_all\images\GX010664_MP4-0085_jpg.rf.0ca2778e2281ed2c4f8e88390a77943b.jpg,GX010664_MP4-0085_jpg.rf.0ca2778e2281ed2c4f8e88390a77943b.jpg,1009.7973248994602,608.5101319535586,4299.75,274.4411363357308,True
C:\Users\carmonta\Desktop\data-centric-cross-season-transfer\datasets\train_on_2025_all\images\GX010664_MP4-0085_jpg.rf.b83c1bd5d8e2a54d2d0b1711015c5bf5.jpg,GX010664_MP4-0085_jpg.rf.b83c1bd5d8e2a54d2d0b1711015c5bf5.jpg,1009.7973248994602,608.5101319535586,4299.75,274.4411363357308,True
C:\Users\carmonta\Desktop\data-centric-cross-season-transfer\datasets\train_on_2025_all\images\GX010664_MP4-0085_jpg.rf.e01ce4c22dc6a7c773c1207a43efd03f.jpg,GX010664_MP4-0085_jpg.rf.e01ce4c22dc6a7c773c1207a43efd03f.jpg,1009.7973248994602,608.5101319535586,4299.75,274.4411363357308,True
C:\Users\carmonta\Desktop\data-centric-cross-season-transfer\datasets\train_on_2025_all\images\GX010664_MP4-0087_jpg.rf.5542af5054305e406314ff33fa2a40f1.jpg,GX010664_MP4-0087_jpg.rf.5542af5054305e406314ff33fa2a40f1.jpg,1072.1204634320723,546.2337378449291,4754.75,253.13495499426188,True
C:\Users\carmonta\Desktop\data-centric-cross-season-transfer\datasets\train_on_2025_all\images\GX010664_MP4-0087_jpg.rf.648f557ddf59dbc0429f61985fac2cfb.jpg,GX010664_MP4-0087_jpg.rf.648f557ddf59dbc0429f61985fac2cfb.jpg,1072.1204634320723,546.2337378449291,4754.75,253.13495499426188,True
C:\Users\carmonta\Desktop\data-centric-cross-season-transfer\datasets\train_on_2025_all\images\GX010664_MP4-0087_jpg.rf.8a8b85bddca5b951f23f333887a14e04.jpg,GX010664_MP4-0087_jpg.rf.8a8b85bddca5b951f23f333887a14e04.jpg,1072.1204634320723,546.2337378449291,4754.75,253.13495499426188,True
C:\Users\carmonta\Desktop\data-centric-cross-season-transfer\datasets\train_on_2025_all\images\GX010664_MP4-0088_jpg.rf.494240a03bcd25f6257a187bd8c836b2.jpg,GX010664_MP4-0088_jpg.rf.494240a03bcd25f6257a187bd8c836b2.jpg,1081.7152521070695,540.5586666020248,3800.0,243.76465507103694,True
C:\Users\carmonta\Desktop\data-centric-cross-season-transfer\datasets\train_on_2025_all\images\GX010664_MP4-0089_jpg.rf.5dbb78ccf95f85012aae87561f6925d1.jpg,GX010664_MP4-0089_jpg.rf.5dbb78ccf95f85012aae87561f6925d1.jpg,1075.456514661566,536.1405728790538,6160.5,235.1950509642154,True
C:\Users\carmonta\Desktop\data-centric-cross-season-transfer\datasets\train_on_2025_all\images\GX010664_MP4-0089_jpg.rf.da8a3c41d279007c2d64a7a6cd058837.jpg,GX010664_MP4-0089_jpg.rf.da8a3c41d279007c2d64a7a6cd058837.jpg,1075.456514661566,536.1405728790538,6160.5,235.1950509642154,True
C:\Users\carmonta\Desktop\data-centric-cross-season-transfer\datasets\train_on_2025_all\images\GX010664_MP4-0089_jpg.rf.e8d832c466c21cd9f623b9ebe5756e56.jpg,GX010664_MP4-0089_jpg.rf.e8d832c466c21cd9f623b9ebe5756e56.jpg,1075.456514661566,536.1405728790538,6160.5,235.1950509642154,True
C:\Users\carmonta\Desktop\data-centric-cross-season-transfer\datasets\train_on_2025_all\images\GX010664_MP4-0096_jpg.rf.b69fd4eb507e90c3694734f07462a655.jpg,GX010664_MP4-0096_jpg.rf.b69fd4eb507e90c3694734f07462a655.jpg,1028.1928032110138,508.4026876275823,3750.0,232.7901534562729,True
C:\Users\carmonta\Desktop\data-centric-cross-season-transfer\datasets\train_on_2025_all\images\GX010664_MP4-0097_jpg.rf.30ddf802f9cef65f74df8536e08dd4d5.jpg,GX010664_MP4-0097_jpg.rf.30ddf802f9cef65f74df8536e08dd4d5.jpg,1015.9252585248979,508.1299632619228,3750.0,232.7055857328117,True
C:\Users\carmonta\Desktop\data-centric-cross-season-transfer\datasets\train_on_2025_all\images\GX010664_MP4-0097_jpg.rf.4103e3b90cbbadd996a4ab1247c57bc9.jpg,GX010664_MP4-0097_jpg.rf.4103e3b90cbbadd996a4ab1247c57bc9.jpg,1015.9252585248979,508.1299632619228,3750.0,232.7055857328117,True
C:\Users\carmonta\Desktop\data-centric-cross-season-transfer\datasets\train_on_2025_all\images\GX010664_MP4-0097_jpg.rf.75e32ff5f5f4dc8e8fe9139a52247baa.jpg,GX010664_MP4-0097_jpg.rf.75e32ff5f5f4dc8e8fe9139a52247baa.jpg,1015.9252585248979,508.1299632619228,3750.0,232.7055857328117,True
C:\Users\carmonta\Desktop\data-centric-cross-season-transfer\datasets\train_on_2025_all\images\GX010664_MP4-0099_jpg.rf.1c9eadfbdf7290ec6e815c0799ed4788.jpg,GX010664_MP4-0099_jpg.rf.1c9eadfbdf7290ec6e815c0799ed4788.jpg,974.6120120432382,484.16122577855475,3570.0,239.44722868201808,True
C:\Users\carmonta\Desktop\data-centric-cross-season-transfer\datasets\train_on_2025_all\images\GX010664_MP4-0099_jpg.rf.24b4e177954f75353fb1a2e32f03d4ff.jpg,GX010664_MP4-0099_jpg.rf.24b4e177954f75353fb1a2e32f03d4ff.jpg,974.6120120432382,484.16122577855475,3570.0,239.44722868201808,True
C:\Users\carmonta\Desktop\data-centric-cross-season-transfer\datasets\train_on_2025_all\images\GX010664_MP4-0099_jpg.rf.391b5df9ba0ed8c4305f072faafdad86.jpg,GX010664_MP4-0099_jpg.rf.391b5df9ba0ed8c4305f072faafdad86.jpg,974.6120120432382,484.16122577855475,3570.0,239.44722868201808,True
C:\Users\carmonta\Desktop\data-centric-cross-season-transfer\datasets\train_on_2025_all\images\GX010664_MP4-0101_jpg.rf.d81ccc877e2b480ba181242e338f3ee9.jpg,GX010664_MP4-0101_jpg.rf.d81ccc877e2b480ba181242e338f3ee9.jpg,1001.7390635424823,697.7051487937853,3202.5,286.41561778176964,True
C:\Users\carmonta\Desktop\data-centric-cross-season-transfer\datasets\train_on_2025_all\images\GX010664_MP4-0101_jpg.rf.fbbddac3cf611ccd749e86361bdff021.jpg,GX010664_MP4-0101_jpg.rf.fbbddac3cf611ccd749e86361bdff021.jpg,1001.7390635424823,697.7051487937853,3202.5,286.41561778176964,True
C:\Users\carmonta\Desktop\data-centric-cross-season-transfer\datasets\train_on_2025_all\images\GX010664_MP4-0102_jpg.rf.4e872ee064e022d68a14ea8a3ea13b61.jpg,GX010664_MP4-0102_jpg.rf.4e872ee064e022d68a14ea8a3ea13b61.jpg,1053.0946210140066,582.1285602458112,4252.499999999999,268.1257558225234,True
C:\Users\carmonta\Desktop\data-centric-cross-season-transfer\datasets\train_on_2025_all\images\GX010664_MP4-0102_jpg.rf.72768da27ce62d100ebdd2012fd90eaa.jpg,GX010664_MP4-0102_jpg.rf.72768da27ce62d100ebdd2012fd90eaa.jpg,1053.0946210140066,582.1285602458112,4252.499999999999,268.1257558225234,True
C:\Users\carmonta\Desktop\data-centric-cross-season-transfer\datasets\train_on_2025_all\images\GX010664_MP4-0102_jpg.rf.b08312a2a6beb58d484a463e114e90f0.jpg,GX010664_MP4-0102_jpg.rf.b08312a2a6beb58d484a463e114e90f0.jpg,1053.0946210140066,582.1285602458112,4252.499999999999,268.1257558225234,True
C:\Users\carmonta\Desktop\data-centric-cross-season-transfer\datasets\train_on_2025_all\images\GX010664_MP4-0103_jpg.rf.c45db5a481016102ec73a91234cd98f8.jpg,GX010664_MP4-0103_jpg.rf.c45db5a481016102ec73a91234cd98f8.jpg,1062.7151266460012,534.8839186130193,3538.0,254.0018491523382,True
C:\Users\carmonta\Desktop\data-centric-cross-season-transfer\datasets\train_on_2025_all\images\GX010664_MP4-0103_jpg.rf.f0a68cd971320cfd3270cab447a94bb4.jpg,GX010664_MP4-0103_jpg.rf.f0a68cd971320cfd3270cab447a94bb4.jpg,1062.7151266460012,534.8839186130193,3538.0,254.0018491523382,True
C:\Users\carmonta\Desktop\data-centric-cross-season-transfer\datasets\train_on_2025_all\images\GX010665_MP4-0012_jpg.rf.b6d399bad362a005b52d85a36946930e.jpg,GX010665_MP4-0012_jpg.rf.b6d399bad362a005b52d85a36946930e.jpg,833.7670698351646,449.39666553296325,2110.5,263.4749321293591,True
C:\Users\carmonta\Desktop\data-centric-cross-season-transfer\datasets\train_on_2025_all\images\GX010665_MP4-0021_jpg.rf.342f2f770b83c6e0a4ccc9a380ce386e.jpg,GX010665_MP4-0021_jpg.rf.342f2f770b83c6e0a4ccc9a380ce386e.jpg,931.3038372788113,669.3045646498267,9832.499999999998,289.97605325270143,True
C:\Users\carmonta\Desktop\data-centric-cross-season-transfer\datasets\train_on_2025_all\images\GX010665_MP4-0021_jpg.rf.e5806e4bf7b94c36725374d9ecdb7645.jpg,GX010665_MP4-0021_jpg.rf.e5806e4bf7b94c36725374d9ecdb7645.jpg,931.3038372788113,669.3045646498267,9832.499999999998,289.97605325270143,True
C:\Users\carmonta\Desktop\data-centric-cross-season-transfer\datasets\train_on_2025_all\images\GX010665_MP4-0021_jpg.rf.ed4fda92ba0f117676c2622240fd5566.jpg,GX010665_MP4-0021_jpg.rf.ed4fda92ba0f117676c2622240fd5566.jpg,931.3038372788113,669.3045646498267,9832.499999999998,289.97605325270143,True
C:\Users\carmonta\Desktop\data-centric-cross-season-transfer\datasets\train_on_2025_all\images\GX010665_MP4-0022_jpg.rf.072b5d326b3fcd107ef6733e884dc998.jpg,GX010665_MP4-0022_jpg.rf.072b5d326b3fcd107ef6733e884dc998.jpg,939.4058485078125,578.9209151017465,13014.0,280.8081017909863,True
C:\Users\carmonta\Desktop\data-centric-cross-season-transfer\datasets\train_on_2025_all\images\GX010665_MP4-0022_jpg.rf.cf220d12d0bfe3a2cdffa30b9adff42b.jpg,GX010665_MP4-0022_jpg.rf.cf220d12d0bfe3a2cdffa30b9adff42b.jpg,939.4058485078125,578.9209151017465,13014.0,280.8081017909863,True
C:\Users\carmonta\Desktop\data-centric-cross-season-transfer\datasets\train_on_2025_all\images\GX010665_MP4-0023_jpg.rf.99e1944223240057a64b80a8bb7f6a00.jpg,GX010665_MP4-0023_jpg.rf.99e1944223240057a64b80a8bb7f6a00.jpg,905.0313031635359,595.916018917528,6446.75,284.4794811207482,True
C:\Users\carmonta\Desktop\data-centric-cross-season-transfer\datasets\train_on_2025_all\images\GX010665_MP4-0023_jpg.rf.f67a6efbe1eefa463baaba82ed22f471.jpg,GX010665_MP4-0023_jpg.rf.f67a6efbe1eefa463baaba82ed22f471.jpg,905.0313031635359,595.916018917528,6446.75,284.4794811207482,True
C:\Users\carmonta\Desktop\data-centric-cross-season-transfer\datasets\train_on_2025_all\images\GX010665_MP4-0024_jpg.rf.700871f8708b3dbf6bee84851e0a74b6.jpg,GX010665_MP4-0024_jpg.rf.700871f8708b3dbf6bee84851e0a74b6.jpg,935.3235525668321,665.353409338321,6253.0,287.96110604251817,True
C:\Users\carmonta\Desktop\data-centric-cross-season-transfer\datasets\train_on_2025_all\images\GX010665_MP4-0024_jpg.rf.aa4d80af8c6603667718c4c4c0dc6589.jpg,GX010665_MP4-0024_jpg.rf.aa4d80af8c6603667718c4c4c0dc6589.jpg,935.3235525668321,665.353409338321,6253.0,287.96110604251817,True
C:\Users\carmonta\Desktop\data-centric-cross-season-transfer\datasets\train_on_2025_all\images\GX010665_MP4-0026_jpg.rf.0ba0d6d8506d07b8bfebce33646036b7.jpg,GX010665_MP4-0026_jpg.rf.0ba0d6d8506d07b8bfebce33646036b7.jpg,1182.9711120700554,676.2945039453426,7873.5,269.13445729159247,True
C:\Users\carmonta\Desktop\data-centric-cross-season-transfer\datasets\train_on_2025_all\images\GX010665_MP4-0026_jpg.rf.419b1a60f7223ca419a861b15cf41a7a.jpg,GX010665_MP4-0026_jpg.rf.419b1a60f7223ca419a861b15cf41a7a.jpg,1182.9711120700554,676.2945039453426,7873.5,269.13445729159247,True
C:\Users\carmonta\Desktop\data-centric-cross-season-transfer\datasets\train_on_2025_all\images\GX010665_MP4-0026_jpg.rf.efc62c6441c10fe7bd39732a5d071352.jpg,GX010665_MP4-0026_jpg.rf.efc62c6441c10fe7bd39732a5d071352.jpg,1182.9711120700554,676.2945039453426,7873.5,269.13445729159247,True
C:\Users\carmonta\Desktop\data-centric-cross-season-transfer\datasets\train_on_2025_all\images\GX010665_MP4-0027_jpg.rf.06278f2e8eca61cebe9f0d9a18e89850.jpg,GX010665_MP4-0027_jpg.rf.06278f2e8eca61cebe9f0d9a18e89850.jpg,1189.1039588322328,638.0029170554748,6152.5,261.43015428672214,True
C:\Users\carmonta\Desktop\data-centric-cross-season-transfer\datasets\train_on_2025_all\images\GX010665_MP4-0027_jpg.rf.4af315f4a69d88a7e1293f0e3e3b8ce3.jpg,GX010665_MP4-0027_jpg.rf.4af315f4a69d88a7e1293f0e3e3b8ce3.jpg,1189.1039588322328,638.0029170554748,6152.5,261.43015428672214,True
C:\Users\carmonta\Desktop\data-centric-cross-season-transfer\datasets\train_on_2025_all\images\GX010665_MP4-0027_jpg.rf.7e44c14da56690f78b4771f202c0f867.jpg,GX010665_MP4-0027_jpg.rf.7e44c14da56690f78b4771f202c0f867.jpg,1189.1039588322328,638.0029170554748,6152.5,261.43015428672214,True
C:\Users\carmonta\Desktop\data-centric-cross-season-transfer\datasets\train_on_2025_all\images\GX010665_MP4-0028_jpg.rf.26ad4d941c7ddfd607778cd6d9ec57c8.jpg,GX010665_MP4-0028_jpg.rf.26ad4d941c7ddfd607778cd6d9ec57c8.jpg,1213.9338382664043,603.2638926320113,7072.5,243.18140549306253,True
C:\Users\carmonta\Desktop\data-centric-cross-season-transfer\datasets\train_on_2025_all\images\GX010665_MP4-0028_jpg.rf.a5ca2ceee9a17361e7b3d08e0db3afe4.jpg,GX010665_MP4-0028_jpg.rf.a5ca2ceee9a17361e7b3d08e0db3afe4.jpg,1213.9338382664043,603.2638926320113,7072.5,243.18140549306253,True
C:\Users\carmonta\Desktop\data-centric-cross-season-transfer\datasets\train_on_2025_all\images\GX010665_MP4-0028_jpg.rf.f349cdd08a19a2cb29c0370a3d6fa1e9.jpg,GX010665_MP4-0028_jpg.rf.f349cdd08a19a2cb29c0370a3d6fa1e9.jpg,1213.9338382664043,603.2638926320113,7072.5,243.18140549306253,True
C:\Users\carmonta\Desktop\data-centric-cross-season-transfer\datasets\train_on_2025_all\images\GX010665_MP4-0057_jpg.rf.7add9bb13d4af09973c089e63ef97e0a.jpg,GX010665_MP4-0057_jpg.rf.7add9bb13d4af09973c089e63ef97e0a.jpg,715.3123946176228,809.2154374733618,13500.0,305.2489477852413,True
C:\Users\carmonta\Desktop\data-centric-cross-season-transfer\datasets\train_on_2025_all\images\GX010665_MP4-0057_jpg.rf.f09c8723a9094d7f87f232ac769d7c16.jpg,GX010665_MP4-0057_jpg.rf.f09c8723a9094d7f87f232ac769d7c16.jpg,715.3123946176228,809.2154374733618,13500.0,305.2489477852413,True
C:\Users\carmonta\Desktop\data-centric-cross-season-transfer\datasets\train_on_2025_all\images\GX010665_MP4-0058_jpg.rf.5c0564a8e5c285db8301e4375735d605.jpg,GX010665_MP4-0058_jpg.rf.5c0564a8e5c285db8301e4375735d605.jpg,693.1563490540173,612.626887274642,9171.5,295.60292801487697,True
C:\Users\carmonta\Desktop\data-centric-cross-season-transfer\datasets\train_on_2025_all\images\GX010665_MP4-0059_jpg.rf.652743b7c7226586b990fff2e5c35910.jpg,GX010665_MP4-0059_jpg.rf.652743b7c7226586b990fff2e5c35910.jpg,711.4316512175927,485.18109095960773,15867.0,281.1067567945281,True
C:\Users\carmonta\Desktop\data-centric-cross-season-transfer\datasets\train_on_2025_all\images\GX010665_MP4-0059_jpg.rf.ca9bd4aee400f9209fc76ed1310b61b0.jpg,GX010665_MP4-0059_jpg.rf.ca9bd4aee400f9209fc76ed1310b61b0.jpg,711.4316512175927,485.18109095960773,15867.0,281.1067567945281,True
C:\Users\carmonta\Desktop\data-centric-cross-season-transfer\datasets\train_on_2025_all\images\GX010665_MP4-0059_jpg.rf.d1cf532ed6b6814657b47397dc64bc20.jpg,GX010665_MP4-0059_jpg.rf.d1cf532ed6b6814657b47397dc64bc20.jpg,711.4316512175927,485.18109095960773,15867.0,281.1067567945281,True
C:\Users\carmonta\Desktop\data-centric-cross-season-transfer\datasets\train_on_2025_all\images\GX010665_MP4-0063_jpg.rf.8ac064a506ea4352918498ba66d69e4d.jpg,GX010665_MP4-0063_jpg.rf.8ac064a506ea4352918498ba66d69e4d.jpg,1096.733914823764,522.7024290676115,5850.0,229.1814497558844,True
C:\Users\carmonta\Desktop\data-centric-cross-season-transfer\datasets\train_on_2025_all\images\GX010665_MP4-0063_jpg.rf.ba6d0da80d0ef0bf1ceb5037a7c238e0.jpg,GX010665_MP4-0063_jpg.rf.ba6d0da80d0ef0bf1ceb5037a7c238e0.jpg,1096.733914823764,522.7024290676115,5850.0,229.1814497558844,True
C:\Users\carmonta\Desktop\data-centric-cross-season-transfer\datasets\train_on_2025_all\images\GX010665_MP4-0063_jpg.rf.da4bc323a0e859b40c9429b44058013f.jpg,GX010665_MP4-0063_jpg.rf.da4bc323a0e859b40c9429b44058013f.jpg,1096.733914823764,522.7024290676115,5850.0,229.1814497558844,True
C:\Users\carmonta\Desktop\data-centric-cross-season-transfer\datasets\train_on_2025_all\images\GX010665_MP4-0087_jpg.rf.37bea2f8fc3b279ccf0bce6b34bdc596.jpg,GX010665_MP4-0087_jpg.rf.37bea2f8fc3b279ccf0bce6b34bdc596.jpg,977.161465476516,631.3480925623477,8830.25,283.780759356868,True
C:\Users\carmonta\Desktop\data-centric-cross-season-transfer\datasets\train_on_2025_all\images\GX010665_MP4-0087_jpg.rf.4aa99a02a0239ce75f1ee0490ae6ab3e.jpg,GX010665_MP4-0087_jpg.rf.4aa99a02a0239ce75f1ee0490ae6ab3e.jpg,977.161465476516,631.3480925623477,8830.25,283.780759356868,True
C:\Users\carmonta\Desktop\data-centric-cross-season-transfer\datasets\train_on_2025_all\images\GX010665_MP4-0087_jpg.rf.d51ca4d91f7ad0a7bd74892dec879c9c.jpg,GX010665_MP4-0087_jpg.rf.d51ca4d91f7ad0a7bd74892dec879c9c.jpg,977.161465476516,631.3480925623477,8830.25,283.780759356868,True
C:\Users\carmonta\Desktop\data-centric-cross-season-transfer\datasets\train_on_2025_all\images\GX010665_MP4-0088_jpg.rf.28457939a925f5c7c48b45c5c6318ef7.jpg,GX010665_MP4-0088_jpg.rf.28457939a925f5c7c48b45c5c6318ef7.jpg,969.7020258392115,502.4841488730237,14319.0,264.93712764642623,True
C:\Users\carmonta\Desktop\data-centric-cross-season-transfer\datasets\train_on_2025_all\images\GX010665_MP4-0088_jpg.rf.5c525a0fc26c71dca5cd32c19f9a319b.jpg,GX010665_MP4-0088_jpg.rf.5c525a0fc26c71dca5cd32c19f9a319b.jpg,969.7020258392115,502.4841488730237,14319.0,264.93712764642623,True
C:\Users\carmonta\Desktop\data-centric-cross-season-transfer\datasets\train_on_2025_all\images\GX010665_MP4-0089_jpg.rf.7fe0e9657fa1a72a2708896f9ebef5ed.jpg,GX010665_MP4-0089_jpg.rf.7fe0e9657fa1a72a2708896f9ebef5ed.jpg,1215.6818874083428,572.4319856433656,16583.0,239.5793586833317,True
C:\Users\carmonta\Desktop\data-centric-cross-season-transfer\datasets\train_on_2025_all\images\GX010665_MP4-0089_jpg.rf.d7f24a0cae1be4eb04ece415de777176.jpg,GX010665_MP4-0089_jpg.rf.d7f24a0cae1be4eb04ece415de777176.jpg,1215.6818874083428,572.4319856433656,16583.0,239.5793586833317,True
C:\Users\carmonta\Desktop\data-centric-cross-season-transfer\datasets\train_on_2025_all\images\GX010665_MP4-0089_jpg.rf.f4e8db4583a4642a9f2d4c3ddbdb6103.jpg,GX010665_MP4-0089_jpg.rf.f4e8db4583a4642a9f2d4c3ddbdb6103.jpg,1215.6818874083428,572.4319856433656,16583.0,239.5793586833317,True
C:\Users\carmonta\Desktop\data-centric-cross-season-transfer\datasets\train_on_2025_all\images\GX010665_MP4-0090_jpg.rf.6c2e0422736c8cd7675515c474872929.jpg,GX010665_MP4-0090_jpg.rf.6c2e0422736c8cd7675515c474872929.jpg,876.1533072762043,440.3376184819654,8591.25,257.89297516329395,True
C:\Users\carmonta\Desktop\data-centric-cross-season-transfer\datasets\train_on_2025_all\images\GX010665_MP4-0090_jpg.rf.7706e729cb1e2db1425209a5fb2de190.jpg,GX010665_MP4-0090_jpg.rf.7706e729cb1e2db1425209a5fb2de190.jpg,876.1533072762043,440.3376184819654,8591.25,257.89297516329395,True
C:\Users\carmonta\Desktop\data-centric-cross-season-transfer\datasets\train_on_2025_all\images\GX010665_MP4-0090_jpg.rf.eba468ea34d3cb486afecb73c240931d.jpg,GX010665_MP4-0090_jpg.rf.eba468ea34d3cb486afecb73c240931d.jpg,876.1533072762043,440.3376184819654,8591.25,257.89297516329395,True
C:\Users\carmonta\Desktop\data-centric-cross-season-transfer\datasets\train_on_2025_all\images\GX010665_MP4-0091_jpg.rf.20b7fb17307b06108faf51918fc07af6.jpg,GX010665_MP4-0091_jpg.rf.20b7fb17307b06108faf51918fc07af6.jpg,892.0721948198023,428.7131567076551,3291.7500000000005,245.86634269040616,True
C:\Users\carmonta\Desktop\data-centric-cross-season-transfer\datasets\train_on_2025_all\images\GX010665_MP4-0091_jpg.rf.fe26edd525ea7504ac1942be3e1967b9.jpg,GX010665_MP4-0091_jpg.rf.fe26edd525ea7504ac1942be3e1967b9.jpg,892.0721948198023,428.7131567076551,3291.7500000000005,245.86634269040616,True
C:\Users\carmonta\Desktop\data-centric-cross-season-transfer\datasets\train_on_2025_all\images\GX010665_MP4-0092_jpg.rf.58781171b7ed3094ea8f5bc4e0e49a75.jpg,GX010665_MP4-0092_jpg.rf.58781171b7ed3094ea8f5bc4e0e49a75.jpg,1002.8021856153105,481.3162339268209,2422.5,234.37689275207396,True
C:\Users\carmonta\Desktop\data-centric-cross-season-transfer\datasets\train_on_2025_all\images\GX010665_MP4-0092_jpg.rf.80cba303c613e470c43e05cbd62e66f7.jpg,GX010665_MP4-0092_jpg.rf.80cba303c613e470c43e05cbd62e66f7.jpg,1002.8021856153105,481.3162339268209,2422.5,234.37689275207396,True
C:\Users\carmonta\Desktop\data-centric-cross-season-transfer\datasets\train_on_2025_all\images\GX010665_MP4-0099_jpg.rf.6320251c5e1b1890f9ebc1f5a3e44c13.jpg,GX010665_MP4-0099_jpg.rf.6320251c5e1b1890f9ebc1f5a3e44c13.jpg,1180.4251596409647,682.5068772223578,6746.5,274.0607556029787,True
C:\Users\carmonta\Desktop\data-centric-cross-season-transfer\datasets\train_on_2025_all\images\GX010665_MP4-0099_jpg.rf.68da4d0d7ee75338594472166a43f893.jpg,GX010665_MP4-0099_jpg.rf.68da4d0d7ee75338594472166a43f893.jpg,1180.4251596409647,682.5068772223578,6746.5,274.0607556029787,True
C:\Users\carmonta\Desktop\data-centric-cross-season-transfer\datasets\train_on_2025_all\images\GX010665_MP4-0100_jpg.rf.5e0da56a19b03b526a83ae4b4a0555dd.jpg,GX010665_MP4-0100_jpg.rf.5e0da56a19b03b526a83ae4b4a0555dd.jpg,1166.8209287526718,568.0481608172338,7675.5,251.67550971759312,True
C:\Users\carmonta\Desktop\data-centric-cross-season-transfer\datasets\train_on_2025_all\images\GX010665_MP4-0101_jpg.rf.a39714489272183f4249e1ec63781bd8.jpg,GX010665_MP4-0101_jpg.rf.a39714489272183f4249e1ec63781bd8.jpg,1111.4684646479475,532.8372314157698,10366.0,236.7294648494501,True
C:\Users\carmonta\Desktop\data-centric-cross-season-transfer\datasets\train_on_2025_all\images\GX010665_MP4-0102_jpg.rf.0c7b5292bdb66b878c54eab0351b850f.jpg,GX010665_MP4-0102_jpg.rf.0c7b5292bdb66b878c54eab0351b850f.jpg,1019.9965193805533,489.41613838812657,14344.0,237.44124472707176,True
C:\Users\carmonta\Desktop\data-centric-cross-season-transfer\datasets\train_on_2025_all\images\GX010665_MP4-0102_jpg.rf.3f702ad7f67dd42c14bd7c7d1930bbf9.jpg,GX010665_MP4-0102_jpg.rf.3f702ad7f67dd42c14bd7c7d1930bbf9.jpg,1019.9965193805533,489.41613838812657,14344.0,237.44124472707176,True
C:\Users\carmonta\Desktop\data-centric-cross-season-transfer\datasets\train_on_2025_all\images\GX010665_MP4-0102_jpg.rf.cdbc439f6f8e7600a24ea9a6d00588c2.jpg,GX010665_MP4-0102_jpg.rf.cdbc439f6f8e7600a24ea9a6d00588c2.jpg,1019.9965193805533,489.41613838812657,14344.0,237.44124472707176,True
C:\Users\carmonta\Desktop\data-centric-cross-season-transfer\datasets\train_on_2025_all\images\GX010665_MP4-0103_jpg.rf.21eca401c2c7ad00476720571d7cd905.jpg,GX010665_MP4-0103_jpg.rf.21eca401c2c7ad00476720571d7cd905.jpg,997.4047595427586,488.5065845188178,3280.0,252.87248876655377,True
C:\Users\carmonta\Desktop\data-centric-cross-season-transfer\datasets\train_on_2025_all\images\GX010665_MP4-0103_jpg.rf.6c308f1995c3afe5b597a2c45fcc1da3.jpg,GX010665_MP4-0103_jpg.rf.6c308f1995c3afe5b597a2c45fcc1da3.jpg,997.4047595427586,488.5065845188178,3280.0,252.87248876655377,True
C:\Users\carmonta\Desktop\data-centric-cross-season-transfer\datasets\train_on_2025_all\images\GX010665_MP4-0108_jpg.rf.92e00390db4cf64817d5a3e2ab2aab8c.jpg,GX010665_MP4-0108_jpg.rf.92e00390db4cf64817d5a3e2ab2aab8c.jpg,939.9983966367926,486.82132908145917,7560.0,255.27525130400267,True
C:\Users\carmonta\Desktop\data-centric-cross-season-transfer\datasets\train_on_2025_all\images\GX010665_MP4-0108_jpg.rf.b2c7dcd0ffefb0fefe89673e7b296b99.jpg,GX010665_MP4-0108_jpg.rf.b2c7dcd0ffefb0fefe89673e7b296b99.jpg,939.9983966367926,486.82132908145917,7560.0,255.27525130400267,True
C:\Users\carmonta\Desktop\data-centric-cross-season-transfer\datasets\train_on_2025_all\images\GX010665_MP4-0109_jpg.rf.10e147497451b184414be771b6fc6a5a.jpg,GX010665_MP4-0109_jpg.rf.10e147497451b184414be771b6fc6a5a.jpg,929.8915789415187,497.2688729470145,6045.0,261.04712418628316,True
C:\Users\carmonta\Desktop\data-centric-cross-season-transfer\datasets\train_on_2025_all\images\GX010665_MP4-0109_jpg.rf.9fd1499c70b70ecb0127c12a30e67a11.jpg,GX010665_MP4-0109_jpg.rf.9fd1499c70b70ecb0127c12a30e67a11.jpg,929.8915789415187,497.2688729470145,6045.0,261.04712418628316,True
C:\Users\carmonta\Desktop\data-centric-cross-season-transfer\datasets\train_on_2025_all\images\GX010665_MP4-0109_jpg.rf.dad896add87fe0ac390e9d95489b86a9.jpg,GX010665_MP4-0109_jpg.rf.dad896add87fe0ac390e9d95489b86a9.jpg,929.8915789415187,497.2688729470145,6045.0,261.04712418628316,True
C:\Users\carmonta\Desktop\data-centric-cross-season-transfer\datasets\train_on_2025_all\images\GX010665_MP4-0110_jpg.rf.81e595d4e4917d1b1a3c649e805fea15.jpg,GX010665_MP4-0110_jpg.rf.81e595d4e4917d1b1a3c649e805fea15.jpg,943.5233202323914,527.4518794269738,6336.0,265.5605160787302,True
C:\Users\carmonta\Desktop\data-centric-cross-season-transfer\datasets\train_on_2025_all\images\GX010665_MP4-0110_jpg.rf.8dc571bc5b27193d0b4aa09f8b6c96a9.jpg,GX010665_MP4-0110_jpg.rf.8dc571bc5b27193d0b4aa09f8b6c96a9.jpg,943.5233202323914,527.4518794269738,6336.0,265.5605160787302,True
C:\Users\carmonta\Desktop\data-centric-cross-season-transfer\datasets\train_on_2025_all\images\GX010665_MP4-0110_jpg.rf.99800ff25d1b188c225ff44b872df47f.jpg,GX010665_MP4-0110_jpg.rf.99800ff25d1b188c225ff44b872df47f.jpg,943.5233202323914,527.4518794269738,6336.0,265.5605160787302,True
C:\Users\carmonta\Desktop\data-centric-cross-season-transfer\datasets\train_on_2025_all\images\GX010665_MP4-0111_jpg.rf.28c370a4586765748f423bf5292aa213.jpg,GX010665_MP4-0111_jpg.rf.28c370a4586765748f423bf5292aa213.jpg,999.9508845488292,569.816622232098,7754.25,267.65510481677785,True
C:\Users\carmonta\Desktop\data-centric-cross-season-transfer\datasets\train_on_2025_all\images\GX010665_MP4-0111_jpg.rf.9704330e5fe7240357ac3f0b17fad1c1.jpg,GX010665_MP4-0111_jpg.rf.9704330e5fe7240357ac3f0b17fad1c1.jpg,999.9508845488292,569.816622232098,7754.25,267.65510481677785,True
C:\Users\carmonta\Desktop\data-centric-cross-season-transfer\datasets\train_on_2025_all\images\GX010665_MP4-0112_jpg.rf.107b18f2eec800ef9479d3b91fba5363.jpg,GX010665_MP4-0112_jpg.rf.107b18f2eec800ef9479d3b91fba5363.jpg,1049.0251680094811,584.5004547596812,6386.25,265.79754097307693,True
C:\Users\carmonta\Desktop\data-centric-cross-season-transfer\datasets\train_on_2025_all\images\GX010665_MP4-0112_jpg.rf.b8b48ea4dbbbf1e55cd6400e8601181b.jpg,GX010665_MP4-0112_jpg.rf.b8b48ea4dbbbf1e55cd6400e8601181b.jpg,1049.0251680094811,584.5004547596812,6386.25,265.79754097307693,True
C:\Users\carmonta\Desktop\data-centric-cross-season-transfer\datasets\train_on_2025_all\images\GX010665_MP4-0113_jpg.rf.07523ee6156b45018e4e60b55a5ba1c2.jpg,GX010665_MP4-0113_jpg.rf.07523ee6156b45018e4e60b55a5ba1c2.jpg,1055.7105584093301,587.0888059862784,6488.75,265.6371803342624,True
C:\Users\carmonta\Desktop\data-centric-cross-season-transfer\datasets\train_on_2025_all\images\GX010665_MP4-0113_jpg.rf.3790d093b7fcdca9ae8054b48068d9ed.jpg,GX010665_MP4-0113_jpg.rf.3790d093b7fcdca9ae8054b48068d9ed.jpg,1055.7105584093301,587.0888059862784,6488.75,265.6371803342624,True
C:\Users\carmonta\Desktop\data-centric-cross-season-transfer\datasets\train_on_2025_all\images\GX010665_MP4-0113_jpg.rf.8c61e44efffcfbab81d3d4f641461bc2.jpg,GX010665_MP4-0113_jpg.rf.8c61e44efffcfbab81d3d4f641461bc2.jpg,1055.7105584093301,587.0888059862784,6488.75,265.6371803342624,True
C:\Users\carmonta\Desktop\data-centric-cross-season-transfer\datasets\train_on_2025_all\images\GX010665_MP4-0114_jpg.rf.0e7fa190360d96f39784b4149d3c547a.jpg,GX010665_MP4-0114_jpg.rf.0e7fa190360d96f39784b4149d3c547a.jpg,1082.0012040282136,581.5688445780994,5208.0,260.98583974255644,True
C:\Users\carmonta\Desktop\data-centric-cross-season-transfer\datasets\train_on_2025_all\images\GX010665_MP4-0114_jpg.rf.a5e0ed3c2e169842516b075a83a1335f.jpg,GX010665_MP4-0114_jpg.rf.a5e0ed3c2e169842516b075a83a1335f.jpg,1082.0012040282136,581.5688445780994,5208.0,260.98583974255644,True
C:\Users\carmonta\Desktop\data-centric-cross-season-transfer\datasets\train_on_2025_all\images\GX010665_MP4-0114_jpg.rf.ef4576edfd9ff5aa31f3f5d87d56364c.jpg,GX010665_MP4-0114_jpg.rf.ef4576edfd9ff5aa31f3f5d87d56364c.jpg,1082.0012040282136,581.5688445780994,5208.0,260.98583974255644,True
C:\Users\carmonta\Desktop\data-centric-cross-season-transfer\datasets\train_on_2025_all\images\GX010665_MP4-0115_jpg.rf.21fa82305642480e4dea481692f1fe66.jpg,GX010665_MP4-0115_jpg.rf.21fa82305642480e4dea481692f1fe66.jpg,1101.0790476043903,575.3640974283215,4141.0,256.54471622821086,True
C:\Users\carmonta\Desktop\data-centric-cross-season-transfer\datasets\train_on_2025_all\images\GX010665_MP4-0115_jpg.rf.ace7d22ef4e2022b8d9960e510b6b6f4.jpg,GX010665_MP4-0115_jpg.rf.ace7d22ef4e2022b8d9960e510b6b6f4.jpg,1101.0790476043903,575.3640974283215,4141.0,256.54471622821086,True
C:\Users\carmonta\Desktop\data-centric-cross-season-transfer\datasets\train_on_2025_all\images\GX010665_MP4-0116_jpg.rf.0a6651813d76b66c91b5481603b60d2d.jpg,GX010665_MP4-0116_jpg.rf.0a6651813d76b66c91b5481603b60d2d.jpg,1122.7710862452427,566.7580617337263,3921.75,251.26240738568237,True
C:\Users\carmonta\Desktop\data-centric-cross-season-transfer\datasets\train_on_2025_all\images\GX010665_MP4-0116_jpg.rf.50e082fea34ac7c7389c48ab09cb05a1.jpg,GX010665_MP4-0116_jpg.rf.50e082fea34ac7c7389c48ab09cb05a1.jpg,1122.7710862452427,566.7580617337263,3921.75,251.26240738568237,True
C:\Users\carmonta\Desktop\data-centric-cross-season-transfer\datasets\train_on_2025_all\images\GX010665_MP4-0116_jpg.rf.6c71b4a60f6d6e167fc5c3569c75a3e2.jpg,GX010665_MP4-0116_jpg.rf.6c71b4a60f6d6e167fc5c3569c75a3e2.jpg,1122.7710862452427,566.7580617337263,3921.75,251.26240738568237,True
C:\Users\carmonta\Desktop\data-centric-cross-season-transfer\datasets\train_on_2025_all\images\GX010665_MP4-0119_jpg.rf.c574b03407b66448aad99fbe1377524b.jpg,GX010665_MP4-0119_jpg.rf.c574b03407b66448aad99fbe1377524b.jpg,1248.7562713804878,636.1330206953659,5365.499999999999,225.11553092043115,True
C:\Users\carmonta\Desktop\data-centric-cross-season-transfer\datasets\train_on_2025_all\images\GX010665_MP4-0128_jpg.rf.60c8aec1d00c70e12a8c6a21fc7c91a3.jpg,GX010665_MP4-0128_jpg.rf.60c8aec1d00c70e12a8c6a21fc7c91a3.jpg,1080.0605505197918,702.0696781861217,4046.0,283.7214586712971,True
C:\Users\carmonta\Desktop\data-centric-cross-season-transfer\datasets\train_on_2025_all\images\GX010665_MP4-0129_jpg.rf.0183f8cbb64b8610d89922b5794dbcf3.jpg,GX010665_MP4-0129_jpg.rf.0183f8cbb64b8610d89922b5794dbcf3.jpg,1057.62573342577,693.088905967121,5069.0,284.14292256999,True
C:\Users\carmonta\Desktop\data-centric-cross-season-transfer\datasets\train_on_2025_all\images\GX010665_MP4-0130_jpg.rf.103e55f0d7d7a32a40412ba08753909d.jpg,GX010665_MP4-0130_jpg.rf.103e55f0d7d7a32a40412ba08753909d.jpg,1011.465587220256,645.0898407325706,7290.0,281.955586928107,True
C:\Users\carmonta\Desktop\data-centric-cross-season-transfer\datasets\train_on_2025_all\images\GX010665_MP4-0130_jpg.rf.c54d5a5ce439730f8c81c29ac54a8bfb.jpg,GX010665_MP4-0130_jpg.rf.c54d5a5ce439730f8c81c29ac54a8bfb.jpg,1011.465587220256,645.0898407325706,7290.0,281.955586928107,True
C:\Users\carmonta\Desktop\data-centric-cross-season-transfer\datasets\train_on_2025_all\images\GX010665_MP4-0133_jpg.rf.11f961eed585765b5ced3ad0bdf7007c.jpg,GX010665_MP4-0133_jpg.rf.11f961eed585765b5ced3ad0bdf7007c.jpg,1001.2260898318319,479.19765892141186,4692.0,239.3692162471222,True
C:\Users\carmonta\Desktop\data-centric-cross-season-transfer\datasets\train_on_2025_all\images\GX010665_MP4-0133_jpg.rf.4d78612c20025b75ecfd75c3d97cd906.jpg,GX010665_MP4-0133_jpg.rf.4d78612c20025b75ecfd75c3d97cd906.jpg,1001.2260898318319,479.19765892141186,4692.0,239.3692162471222,True
C:\Users\carmonta\Desktop\data-centric-cross-season-transfer\datasets\train_on_2025_all\images\GX010665_MP4-0134_jpg.rf.22645c83f16ad0fab3c00559ae4ce7a0.jpg,GX010665_MP4-0134_jpg.rf.22645c83f16ad0fab3c00559ae4ce7a0.jpg,1013.3809943359098,676.9907531552961,7790.0,283.63366012305397,True
C:\Users\carmonta\Desktop\data-centric-cross-season-transfer\datasets\train_on_2025_all\images\GX010665_MP4-0134_jpg.rf.b13059bc41014669614fae18160fa79c.jpg,GX010665_MP4-0134_jpg.rf.b13059bc41014669614fae18160fa79c.jpg,1013.3809943359098,676.9907531552961,7790.0,283.63366012305397,True
C:\Users\carmonta\Desktop\data-centric-cross-season-transfer\datasets\train_on_2025_all\images\GX010665_MP4-0135_jpg.rf.509655b7c4efe4575b681d7ca53f1884.jpg,GX010665_MP4-0135_jpg.rf.509655b7c4efe4575b681d7ca53f1884.jpg,1034.7187118976015,622.3930654150189,10554.5,274.8760163739736,True
C:\Users\carmonta\Desktop\data-centric-cross-season-transfer\datasets\train_on_2025_all\images\GX010665_MP4-0135_jpg.rf.8f8280a9921992b6846aad4143d2f5d3.jpg,GX010665_MP4-0135_jpg.rf.8f8280a9921992b6846aad4143d2f5d3.jpg,1034.7187118976015,622.3930654150189,10554.5,274.8760163739736,True
C:\Users\carmonta\Desktop\data-centric-cross-season-transfer\datasets\train_on_2025_all\images\GX010665_MP4-0135_jpg.rf.a67e59dabd6b23ef1153ed18978df9a4.jpg,GX010665_MP4-0135_jpg.rf.a67e59dabd6b23ef1153ed18978df9a4.jpg,1034.7187118976015,622.3930654150189,10554.5,274.8760163739736,True
C:\Users\carmonta\Desktop\data-centric-cross-season-transfer\datasets\train_on_2025_all\images\GX010665_MP4-0136_jpg.rf.e899d5e6870e48c20ce0c8a8c6b85670.jpg,GX010665_MP4-0136_jpg.rf.e899d5e6870e48c20ce0c8a8c6b85670.jpg,1055.5184699569572,569.8636914179178,13104.0,264.1757571754831,True
C:\Users\carmonta\Desktop\data-centric-cross-season-transfer\datasets\train_on_2025_all\images\GX010665_MP4-0137_jpg.rf.bcc0d3167caa3008c5ab41d497a755fd.jpg,GX010665_MP4-0137_jpg.rf.bcc0d3167caa3008c5ab41d497a755fd.jpg,1097.65557068589,535.4777743996649,12420.0,247.69575031867902,True
C:\Users\carmonta\Desktop\data-centric-cross-season-transfer\datasets\train_on_2025_all\images\GX010665_MP4-0137_jpg.rf.ef06cb4c3b660b6e44019964f9e8bfec.jpg,GX010665_MP4-0137_jpg.rf.ef06cb4c3b660b6e44019964f9e8bfec.jpg,1097.65557068589,535.4777743996649,12420.0,247.69575031867902,True
C:\Users\carmonta\Desktop\data-centric-cross-season-transfer\datasets\train_on_2025_all\images\GX010665_MP4-0138_jpg.rf.63237006cb17000814f72133f9ca3ac2.jpg,GX010665_MP4-0138_jpg.rf.63237006cb17000814f72133f9ca3ac2.jpg,1133.425856393423,555.7939346824274,11192.500000000002,232.3127607930634,True
C:\Users\carmonta\Desktop\data-centric-cross-season-transfer\datasets\train_on_2025_all\images\GX010665_MP4-0138_jpg.rf.e0a496e1cf85b79b34be129f00e8e738.jpg,GX010665_MP4-0138_jpg.rf.e0a496e1cf85b79b34be129f00e8e738.jpg,1133.425856393423,555.7939346824274,11192.500000000002,232.3127607930634,True
C:\Users\carmonta\Desktop\data-centric-cross-season-transfer\datasets\train_on_2025_all\images\GX010665_MP4-0138_jpg.rf.f28576c5169f2c6e331e9ee9646b2b4a.jpg,GX010665_MP4-0138_jpg.rf.f28576c5169f2c6e331e9ee9646b2b4a.jpg,1133.425856393423,555.7939346824274,11192.500000000002,232.3127607930634,True
C:\Users\carmonta\Desktop\data-centric-cross-season-transfer\datasets\train_on_2025_all\images\GX010665_MP4-0139_jpg.rf.0fd45edf056321c1c65b8771e9efeb4e.jpg,GX010665_MP4-0139_jpg.rf.0fd45edf056321c1c65b8771e9efeb4e.jpg,1133.3345116523442,564.6631849300433,7006.0,220.76791456133904,True
C:\Users\carmonta\Desktop\data-centric-cross-season-transfer\datasets\train_on_2025_all\images\GX010665_MP4-0139_jpg.rf.12eaaa7163d6f7393eca5238b9e30da2.jpg,GX010665_MP4-0139_jpg.rf.12eaaa7163d6f7393eca5238b9e30da2.jpg,1133.3345116523442,564.6631849300433,7006.0,220.76791456133904,True
C:\Users\carmonta\Desktop\data-centric-cross-season-transfer\datasets\train_on_2025_all\images\GX010665_MP4-0140_jpg.rf.1c49b7421381dbf1464c265c901be303.jpg,GX010665_MP4-0140_jpg.rf.1c49b7421381dbf1464c265c901be303.jpg,943.7956374207102,444.0774124764155,5071.5,240.16502972837117,True
C:\Users\carmonta\Desktop\data-centric-cross-season-transfer\datasets\train_on_2025_all\images\GX010665_MP4-0140_jpg.rf.f2faa2c854690615cfb99e91bddea21a.jpg,GX010665_MP4-0140_jpg.rf.f2faa2c854690615cfb99e91bddea21a.jpg,943.7956374207102,444.0774124764155,5071.5,240.16502972837117,True
C:\Users\carmonta\Desktop\data-centric-cross-season-transfer\datasets\train_on_2025_all\images\GX010665_MP4-0140_jpg.rf.faba8d2bd761a83b4874ee3a5881126b.jpg,GX010665_MP4-0140_jpg.rf.faba8d2bd761a83b4874ee3a5881126b.jpg,943.7956374207102,444.0774124764155,5071.5,240.16502972837117,True
C:\Users\carmonta\Desktop\data-centric-cross-season-transfer\datasets\train_on_2025_all\images\GX010665_MP4-0152_jpg.rf.6ef7ee077fec852b588a18c9381d99a8.jpg,GX010665_MP4-0152_jpg.rf.6ef7ee077fec852b588a18c9381d99a8.jpg,1261.8885369327604,687.3335960061798,6160.0,214.55699076960522,True
C:\Users\carmonta\Desktop\data-centric-cross-season-transfer\datasets\train_on_2025_all\images\GX010665_MP4-0152_jpg.rf.e779f0db5f1587c44a3b4f0b7ff0214a.jpg,GX010665_MP4-0152_jpg.rf.e779f0db5f1587c44a3b4f0b7ff0214a.jpg,1261.8885369327604,687.3335960061798,6160.0,214.55699076960522,True
C:\Users\carmonta\Desktop\data-centric-cross-season-transfer\datasets\train_on_2025_all\images\GX010665_MP4-0152_jpg.rf.f4b4ecb7871c7f27ed499fd20a420e03.jpg,GX010665_MP4-0152_jpg.rf.f4b4ecb7871c7f27ed499fd20a420e03.jpg,1261.8885369327604,687.3335960061798,6160.0,214.55699076960522,True
C:\Users\carmonta\Desktop\data-centric-cross-season-transfer\datasets\train_on_2025_all\images\GX010665_MP4-0171_jpg.rf.94b38e93e0033cf29489d60ce98a1b7d.jpg,GX010665_MP4-0171_jpg.rf.94b38e93e0033cf29489d60ce98a1b7d.jpg,1173.3703959534064,668.4479618543998,6480.0,269.9581020583402,True
C:\Users\carmonta\Desktop\data-centric-cross-season-transfer\datasets\train_on_2025_all\images\GX010665_MP4-0171_jpg.rf.aa668009e06093c7f5b679fa928ee84b.jpg,GX010665_MP4-0171_jpg.rf.aa668009e06093c7f5b679fa928ee84b.jpg,1173.3703959534064,668.4479618543998,6480.0,269.9581020583402,True
C:\Users\carmonta\Desktop\data-centric-cross-season-transfer\datasets\train_on_2025_all\images\GX010665_MP4-0189_jpg.rf.141f93edee08d1217407f95246071f23.jpg,GX010665_MP4-0189_jpg.rf.141f93edee08d1217407f95246071f23.jpg,831.4216947742773,723.3992311325422,6930.0,298.25556930671763,True
C:\Users\carmonta\Desktop\data-centric-cross-season-transfer\datasets\train_on_2025_all\images\GX010665_MP4-0189_jpg.rf.63548aa9017076ec478a2ca1b1b322d7.jpg,GX010665_MP4-0189_jpg.rf.63548aa9017076ec478a2ca1b1b322d7.jpg,831.4216947742773,723.3992311325422,6930.0,298.25556930671763,True
C:\Users\carmonta\Desktop\data-centric-cross-season-transfer\datasets\train_on_2025_all\images\GX010665_MP4-0189_jpg.rf.ac2c945f0fd6e3d3a822e896659a0ae8.jpg,GX010665_MP4-0189_jpg.rf.ac2c945f0fd6e3d3a822e896659a0ae8.jpg,831.4216947742773,723.3992311325422,6930.0,298.25556930671763,True
C:\Users\carmonta\Desktop\data-centric-cross-season-transfer\datasets\train_on_2025_all\images\GX010665_MP4-0190_jpg.rf.05fcbec8da10c1c2869c21f20ac7bf30.jpg,GX010665_MP4-0190_jpg.rf.05fcbec8da10c1c2869c21f20ac7bf30.jpg,845.3825054757189,638.745215959681,5373.0,291.1481227273159,True
C:\Users\carmonta\Desktop\data-centric-cross-season-transfer\datasets\train_on_2025_all\images\GX010665_MP4-0190_jpg.rf.fbac7ff1462b35a537b12d5fcf9657f9.jpg,GX010665_MP4-0190_jpg.rf.fbac7ff1462b35a537b12d5fcf9657f9.jpg,845.3825054757189,638.745215959681,5373.0,291.1481227273159,True
C:\Users\carmonta\Desktop\data-centric-cross-season-transfer\datasets\train_on_2025_all\images\GX010665_MP4-0191_jpg.rf.382ff4fd72c375f6c4ae8a8122f977d8.jpg,GX010665_MP4-0191_jpg.rf.382ff4fd72c375f6c4ae8a8122f977d8.jpg,857.8784334518739,600.6525378239385,7295.25,287.68793577172215,True
C:\Users\carmonta\Desktop\data-centric-cross-season-transfer\datasets\train_on_2025_all\images\GX010665_MP4-0191_jpg.rf.5028b7cebe14c5281ffa0a6ccf4d600d.jpg,GX010665_MP4-0191_jpg.rf.5028b7cebe14c5281ffa0a6ccf4d600d.jpg,857.8784334518739,600.6525378239385,7295.25,287.68793577172215,True
C:\Users\carmonta\Desktop\data-centric-cross-season-transfer\datasets\train_on_2025_all\images\GX010665_MP4-0192_jpg.rf.13e5a17667dd9f023bcd6d2313a569f9.jpg,GX010665_MP4-0192_jpg.rf.13e5a17667dd9f023bcd6d2313a569f9.jpg,875.1523010113294,559.0961841697195,12710.0,281.6442934808908,True
C:\Users\carmonta\Desktop\data-centric-cross-season-transfer\datasets\train_on_2025_all\images\GX010665_MP4-0192_jpg.rf.d152df4b569f08332b8110cc746fe793.jpg,GX010665_MP4-0192_jpg.rf.d152df4b569f08332b8110cc746fe793.jpg,875.1523010113294,559.0961841697195,12710.0,281.6442934808908,True
C:\Users\carmonta\Desktop\data-centric-cross-season-transfer\datasets\train_on_2025_all\images\GX010665_MP4-0193_jpg.rf.3882d4c5ba00f711e6f1712d42469373.jpg,GX010665_MP4-0193_jpg.rf.3882d4c5ba00f711e6f1712d42469373.jpg,895.392447951478,540.6591559218915,9630.5,277.6343185705385,True
C:\Users\carmonta\Desktop\data-centric-cross-season-transfer\datasets\train_on_2025_all\images\GX010665_MP4-0193_jpg.rf.a5c8a206915c0b0a4e226bad063f31a7.jpg,GX010665_MP4-0193_jpg.rf.a5c8a206915c0b0a4e226bad063f31a7.jpg,895.392447951478,540.6591559218915,9630.5,277.6343185705385,True
C:\Users\carmonta\Desktop\data-centric-cross-season-transfer\datasets\train_on_2025_all\images\GX010665_MP4-0193_jpg.rf.de34a33540e2e12f2e00011ec7378a7c.jpg,GX010665_MP4-0193_jpg.rf.de34a33540e2e12f2e00011ec7378a7c.jpg,895.392447951478,540.6591559218915,9630.5,277.6343185705385,True
C:\Users\carmonta\Desktop\data-centric-cross-season-transfer\datasets\train_on_2025_all\images\GX010665_MP4-0194_jpg.rf.97663c03bb5d064c0d5056360c61b70e.jpg,GX010665_MP4-0194_jpg.rf.97663c03bb5d064c0d5056360c61b70e.jpg,911.2480097373077,524.6051537038584,7791.0,273.3792566968041,True
C:\Users\carmonta\Desktop\data-centric-cross-season-transfer\datasets\train_on_2025_all\images\GX010665_MP4-0194_jpg.rf.dd56a130fa04de36c550e5f34e94e12a.jpg,GX010665_MP4-0194_jpg.rf.dd56a130fa04de36c550e5f34e94e12a.jpg,911.2480097373077,524.6051537038584,7791.0,273.3792566968041,True
C:\Users\carmonta\Desktop\data-centric-cross-season-transfer\datasets\train_on_2025_all\images\GX010665_MP4-0195_jpg.rf.5547cb3e00bc34ccfe06304feeae1f4e.jpg,GX010665_MP4-0195_jpg.rf.5547cb3e00bc34ccfe06304feeae1f4e.jpg,950.4876407993477,511.39694114481046,10416.0,265.4703434910151,True
C:\Users\carmonta\Desktop\data-centric-cross-season-transfer\datasets\train_on_2025_all\images\GX010665_MP4-0195_jpg.rf.6e107406793506e41197be6544d089e4.jpg,GX010665_MP4-0195_jpg.rf.6e107406793506e41197be6544d089e4.jpg,950.4876407993477,511.39694114481046,10416.0,265.4703434910151,True
C:\Users\carmonta\Desktop\data-centric-cross-season-transfer\datasets\train_on_2025_all\images\GX010665_MP4-0195_jpg.rf.a235a811c1f250ad7ef6328b5c4943c3.jpg,GX010665_MP4-0195_jpg.rf.a235a811c1f250ad7ef6328b5c4943c3.jpg,950.4876407993477,511.39694114481046,10416.0,265.4703434910151,True
C:\Users\carmonta\Desktop\data-centric-cross-season-transfer\datasets\train_on_2025_all\images\GX010665_MP4-0196_jpg.rf.1bc91ddca75ecbe60f3502e22340a53d.jpg,GX010665_MP4-0196_jpg.rf.1bc91ddca75ecbe60f3502e22340a53d.jpg,984.4655665716945,517.067964667946,6515.5,260.1594527671851,True
C:\Users\carmonta\Desktop\data-centric-cross-season-transfer\datasets\train_on_2025_all\images\GX010665_MP4-0196_jpg.rf.8b718b6b622f0db8841c6674076b55fc.jpg,GX010665_MP4-0196_jpg.rf.8b718b6b622f0db8841c6674076b55fc.jpg,984.4655665716945,517.067964667946,6515.5,260.1594527671851,True
C:\Users\carmonta\Desktop\data-centric-cross-season-transfer\datasets\train_on_2025_all\images\GX010665_MP4-0196_jpg.rf.9adeffad62a0525e4ed7d6f8fca452da.jpg,GX010665_MP4-0196_jpg.rf.9adeffad62a0525e4ed7d6f8fca452da.jpg,984.4655665716945,517.067964667946,6515.5,260.1594527671851,True
C:\Users\carmonta\Desktop\data-centric-cross-season-transfer\datasets\train_on_2025_all\images\GX010665_MP4-0197_jpg.rf.156b3e2b80b7b04683216d4a1985e8b3.jpg,GX010665_MP4-0197_jpg.rf.156b3e2b80b7b04683216d4a1985e8b3.jpg,1031.787867288063,533.8757566074449,13942.25,256.51437894621745,True
C:\Users\carmonta\Desktop\data-centric-cross-season-transfer\datasets\train_on_2025_all\images\GX010665_MP4-0197_jpg.rf.67bf2927dd48b2663f800dd540460546.jpg,GX010665_MP4-0197_jpg.rf.67bf2927dd48b2663f800dd540460546.jpg,1031.787867288063,533.8757566074449,13942.25,256.51437894621745,True
C:\Users\carmonta\Desktop\data-centric-cross-season-transfer\datasets\train_on_2025_all\images\GX010665_MP4-0197_jpg.rf.c960b99bafb694e685ef3b433603d2c2.jpg,GX010665_MP4-0197_jpg.rf.c960b99bafb694e685ef3b433603d2c2.jpg,1031.787867288063,533.8757566074449,13942.25,256.51437894621745,True
C:\Users\carmonta\Desktop\data-centric-cross-season-transfer\datasets\train_on_2025_all\images\GX010665_MP4-0198_jpg.rf.02dadef29cc5880f66f77b155bc2572c.jpg,GX010665_MP4-0198_jpg.rf.02dadef29cc5880f66f77b155bc2572c.jpg,1066.0992345240365,545.7771689152071,9096.5,254.4111624286867,True
C:\Users\carmonta\Desktop\data-centric-cross-season-transfer\datasets\train_on_2025_all\images\GX010665_MP4-0198_jpg.rf.1a2b63fc5d52052bfd8efa6715490258.jpg,GX010665_MP4-0198_jpg.rf.1a2b63fc5d52052bfd8efa6715490258.jpg,1066.0992345240365,545.7771689152071,9096.5,254.4111624286867,True
C:\Users\carmonta\Desktop\data-centric-cross-season-transfer\datasets\train_on_2025_all\images\GX010665_MP4-0199_jpg.rf.d9815fb8b0f9e0778e0a0c9d9fff28d5.jpg,GX010665_MP4-0199_jpg.rf.d9815fb8b0f9e0778e0a0c9d9fff28d5.jpg,1106.0718058951861,559.5980219136916,6808.5,251.40244373305083,True
C:\Users\carmonta\Desktop\data-centric-cross-season-transfer\datasets\train_on_2025_all\images\GX010665_MP4-0199_jpg.rf.f57dff5dc4bfee11ae0a6517c4bab2f5.jpg,GX010665_MP4-0199_jpg.rf.f57dff5dc4bfee11ae0a6517c4bab2f5.jpg,1106.0718058951861,559.5980219136916,6808.5,251.40244373305083,True
C:\Users\carmonta\Desktop\data-centric-cross-season-transfer\datasets\train_on_2025_all\images\GX010665_MP4-0200_jpg.rf.1510087345131349beb283e1722503cd.jpg,GX010665_MP4-0200_jpg.rf.1510087345131349beb283e1722503cd.jpg,1117.747220902651,560.8917199453479,8443.75,250.728195072539,True
C:\Users\carmonta\Desktop\data-centric-cross-season-transfer\datasets\train_on_2025_all\images\GX010665_MP4-0200_jpg.rf.1ec1782021a8fdb0d44954fcf9604ea1.jpg,GX010665_MP4-0200_jpg.rf.1ec1782021a8fdb0d44954fcf9604ea1.jpg,1117.747220902651,560.8917199453479,8443.75,250.728195072539,True
C:\Users\carmonta\Desktop\data-centric-cross-season-transfer\datasets\train_on_2025_all\images\GX010665_MP4-0200_jpg.rf.2a90c08cc055c9dec247650a33b8d67e.jpg,GX010665_MP4-0200_jpg.rf.2a90c08cc055c9dec247650a33b8d67e.jpg,1117.747220902651,560.8917199453479,8443.75,250.728195072539,True
C:\Users\carmonta\Desktop\data-centric-cross-season-transfer\datasets\train_on_2025_all\images\GX010665_MP4-0201_jpg.rf.266d9807796e8adc4db498db5b95b35a.jpg,GX010665_MP4-0201_jpg.rf.266d9807796e8adc4db498db5b95b35a.jpg,1127.2653749646208,562.4077049133662,11453.750000000002,249.05829425666238,True
C:\Users\carmonta\Desktop\data-centric-cross-season-transfer\datasets\train_on_2025_all\images\GX010665_MP4-0201_jpg.rf.4bb48434db94d3142539798668fc230d.jpg,GX010665_MP4-0201_jpg.rf.4bb48434db94d3142539798668fc230d.jpg,1127.2653749646208,562.4077049133662,11453.750000000002,249.05829425666238,True
C:\Users\carmonta\Desktop\data-centric-cross-season-transfer\datasets\train_on_2025_all\images\GX010665_MP4-0202_jpg.rf.03c8a1a61fe3dcbd63a7b386baf19abd.jpg,GX010665_MP4-0202_jpg.rf.03c8a1a61fe3dcbd63a7b386baf19abd.jpg,1145.5660624045343,554.6764122915665,8546.25,241.30337741968515,True
C:\Users\carmonta\Desktop\data-centric-cross-season-transfer\datasets\train_on_2025_all\images\GX010665_MP4-0202_jpg.rf.05707d2d54ce55f3c1d943c063d2d3eb.jpg,GX010665_MP4-0202_jpg.rf.05707d2d54ce55f3c1d943c063d2d3eb.jpg,1145.5660624045343,554.6764122915665,8546.25,241.30337741968515,True
C:\Users\carmonta\Desktop\data-centric-cross-season-transfer\datasets\train_on_2025_all\images\GX010665_MP4-0202_jpg.rf.5d5aa781b58f3ee613939e8ae0949c35.jpg,GX010665_MP4-0202_jpg.rf.5d5aa781b58f3ee613939e8ae0949c35.jpg,1145.5660624045343,554.6764122915665,8546.25,241.30337741968515,True
C:\Users\carmonta\Desktop\data-centric-cross-season-transfer\datasets\train_on_2025_all\images\GX010665_MP4-0203_jpg.rf.78bea453516a015710eaa82ccc3a54c2.jpg,GX010665_MP4-0203_jpg.rf.78bea453516a015710eaa82ccc3a54c2.jpg,1138.621313846512,542.1290628960261,5429.0,239.94625332554534,True
C:\Users\carmonta\Desktop\data-centric-cross-season-transfer\datasets\train_on_2025_all\images\GX010665_MP4-0203_jpg.rf.9544a3d1cb4dff4e1171cc8d130b67ef.jpg,GX010665_MP4-0203_jpg.rf.9544a3d1cb4dff4e1171cc8d130b67ef.jpg,1138.621313846512,542.1290628960261,5429.0,239.94625332554534,True
C:\Users\carmonta\Desktop\data-centric-cross-season-transfer\datasets\train_on_2025_all\images\GX010665_MP4-0203_jpg.rf.d3e22227841f0ea8f470b788ccc6d7ea.jpg,GX010665_MP4-0203_jpg.rf.d3e22227841f0ea8f470b788ccc6d7ea.jpg,1138.621313846512,542.1290628960261,5429.0,239.94625332554534,True
C:\Users\carmonta\Desktop\data-centric-cross-season-transfer\datasets\train_on_2025_all\images\GX010665_MP4-0204_jpg.rf.3cca15736b52fb746c93926dd06028a1.jpg,GX010665_MP4-0204_jpg.rf.3cca15736b52fb746c93926dd06028a1.jpg,1122.4705886313845,536.2486918644449,5075.25,235.70249055273985,True
C:\Users\carmonta\Desktop\data-centric-cross-season-transfer\datasets\train_on_2025_all\images\GX010665_MP4-0204_jpg.rf.ac8ec5492aaafe296198564e2560eae7.jpg,GX010665_MP4-0204_jpg.rf.ac8ec5492aaafe296198564e2560eae7.jpg,1122.4705886313845,536.2486918644449,5075.25,235.70249055273985,True
C:\Users\carmonta\Desktop\data-centric-cross-season-transfer\datasets\train_on_2025_all\images\GX010665_MP4-0204_jpg.rf.f2842c6f9aede336513a094092984662.jpg,GX010665_MP4-0204_jpg.rf.f2842c6f9aede336513a094092984662.jpg,1122.4705886313845,536.2486918644449,5075.25,235.70249055273985,True
C:\Users\carmonta\Desktop\data-centric-cross-season-transfer\datasets\train_on_2025_all\images\GX010665_MP4-0206_jpg.rf.b7a9c0588c3aca78fa42f961fb9e0753.jpg,GX010665_MP4-0206_jpg.rf.b7a9c0588c3aca78fa42f961fb9e0753.jpg,1087.1662033274033,517.6945983769788,7297.5,233.38224299980337,True
C:\Users\carmonta\Desktop\data-centric-cross-season-transfer\datasets\train_on_2025_all\images\GX010665_MP4-0206_jpg.rf.bb206944953e70c05520e067e0fff09f.jpg,GX010665_MP4-0206_jpg.rf.bb206944953e70c05520e067e0fff09f.jpg,1087.1662033274033,517.6945983769788,7297.5,233.38224299980337,True
C:\Users\carmonta\Desktop\data-centric-cross-season-transfer\datasets\train_on_2025_all\images\GX010665_MP4-0206_jpg.rf.c60a8c2a59c20a76d85a19f6c6104e52.jpg,GX010665_MP4-0206_jpg.rf.c60a8c2a59c20a76d85a19f6c6104e52.jpg,1087.1662033274033,517.6945983769788,7297.5,233.38224299980337,True
C:\Users\carmonta\Desktop\data-centric-cross-season-transfer\datasets\train_on_2025_all\images\GX010665_MP4-0207_jpg.rf.5dbbf09c490dbe1b3e2b3b4a13b53f97.jpg,GX010665_MP4-0207_jpg.rf.5dbbf09c490dbe1b3e2b3b4a13b53f97.jpg,1054.4584238520408,502.8171255339177,10905.249999999998,232.36332180634253,True
C:\Users\carmonta\Desktop\data-centric-cross-season-transfer\datasets\train_on_2025_all\images\GX010665_MP4-0207_jpg.rf.9f736959658cadaef52d95e16435fbec.jpg,GX010665_MP4-0207_jpg.rf.9f736959658cadaef52d95e16435fbec.jpg,1054.4584238520408,502.8171255339177,10905.249999999998,232.36332180634253,True
C:\Users\carmonta\Desktop\data-centric-cross-season-transfer\datasets\train_on_2025_all\images\GX010665_MP4-0207_jpg.rf.c0075c9f80086f1e13480e56e823c192.jpg,GX010665_MP4-0207_jpg.rf.c0075c9f80086f1e13480e56e823c192.jpg,1054.4584238520408,502.8171255339177,10905.249999999998,232.36332180634253,True
C:\Users\carmonta\Desktop\data-centric-cross-season-transfer\datasets\train_on_2025_all\images\GX010665_MP4-0208_jpg.rf.4924f6e0b1a85ebde063556b6b8938b7.jpg,GX010665_MP4-0208_jpg.rf.4924f6e0b1a85ebde063556b6b8938b7.jpg,1022.7774900155624,489.320995385137,5945.0,231.83817939548558,True
C:\Users\carmonta\Desktop\data-centric-cross-season-transfer\datasets\train_on_2025_all\images\GX010665_MP4-0208_jpg.rf.ebbf4f258a7373052afc90b069856681.jpg,GX010665_MP4-0208_jpg.rf.ebbf4f258a7373052afc90b069856681.jpg,1022.7774900155624,489.320995385137,5945.0,231.83817939548558,True
C:\Users\carmonta\Desktop\data-centric-cross-season-transfer\datasets\train_on_2025_all\images\GX010665_MP4-0209_jpg.rf.12a599b04ae7bc28cfb14d78be864ea7.jpg,GX010665_MP4-0209_jpg.rf.12a599b04ae7bc28cfb14d78be864ea7.jpg,990.0267989359029,475.3756941267334,6514.5,229.94715776608598,True
C:\Users\carmonta\Desktop\data-centric-cross-season-transfer\datasets\train_on_2025_all\images\GX010665_MP4-0209_jpg.rf.8c6f54fd8be58b60d9a6a676587cafbf.jpg,GX010665_MP4-0209_jpg.rf.8c6f54fd8be58b60d9a6a676587cafbf.jpg,990.0267989359029,475.3756941267334,6514.5,229.94715776608598,True
C:\Users\carmonta\Desktop\data-centric-cross-season-transfer\datasets\train_on_2025_all\images\GX010665_MP4-0209_jpg.rf.d9af353867212b11c15e7e7db740c563.jpg,GX010665_MP4-0209_jpg.rf.d9af353867212b11c15e7e7db740c563.jpg,990.0267989359029,475.3756941267334,6514.5,229.94715776608598,True
C:\Users\carmonta\Desktop\data-centric-cross-season-transfer\datasets\train_on_2025_all\images\GX010665_MP4-0216_jpg.rf.ff97c32aad6a49aeb3da458d7e0d0698.jpg,GX010665_MP4-0216_jpg.rf.ff97c32aad6a49aeb3da458d7e0d0698.jpg,867.3288049265545,418.98397936569825,6435.0,249.82268661625568,True
C:\Users\carmonta\Desktop\data-centric-cross-season-transfer\datasets\train_on_2025_all\images\GX010665_MP4-0217_jpg.rf.368f015f501164054a4d9ab7714e14fe.jpg,GX010665_MP4-0217_jpg.rf.368f015f501164054a4d9ab7714e14fe.jpg,840.755284319454,430.76201689847056,3440.0,261.2753970919994,True
C:\Users\carmonta\Desktop\data-centric-cross-season-transfer\datasets\train_on_2025_all\images\GX010665_MP4-0218_jpg.rf.975123a65af100a5dd8a4edec284cf5b.jpg,GX010665_MP4-0218_jpg.rf.975123a65af100a5dd8a4edec284cf5b.jpg,813.7424411586771,443.66854371175106,7767.5,268.75672988354984,True
C:\Users\carmonta\Desktop\data-centric-cross-season-transfer\datasets\train_on_2025_all\images\GX010665_MP4-0218_jpg.rf.ed042a0f0a6bf65f2bc8c0733add61b4.jpg,GX010665_MP4-0218_jpg.rf.ed042a0f0a6bf65f2bc8c0733add61b4.jpg,813.7424411586771,443.66854371175106,7767.5,268.75672988354984,True
C:\Users\carmonta\Desktop\data-centric-cross-season-transfer\datasets\train_on_2025_all\images\GX010665_MP4-0219_jpg.rf.a891000f6f3c089e02b78e3c9243c022.jpg,GX010665_MP4-0219_jpg.rf.a891000f6f3c089e02b78e3c9243c022.jpg,823.6623646211308,389.80869163371875,4032.0,251.33785988893248,True
C:\Users\carmonta\Desktop\data-centric-cross-season-transfer\datasets\train_on_2025_all\images\GX010665_MP4-0219_jpg.rf.f8f5dec2b39549188238cb8f2c12bd76.jpg,GX010665_MP4-0219_jpg.rf.f8f5dec2b39549188238cb8f2c12bd76.jpg,823.6623646211308,389.80869163371875,4032.0,251.33785988893248,True
C:\Users\carmonta\Desktop\data-centric-cross-season-transfer\datasets\train_on_2025_all\images\GX010665_MP4-0219_jpg.rf.f9539f76ef1b68ad7b951fded966d55c.jpg,GX010665_MP4-0219_jpg.rf.f9539f76ef1b68ad7b951fded966d55c.jpg,823.6623646211308,389.80869163371875,4032.0,251.33785988893248,True
C:\Users\carmonta\Desktop\data-centric-cross-season-transfer\datasets\train_on_2025_all\images\GX010665_MP4-0236_jpg.rf.4ea2dc97049ea00d67c2e48736249a64.jpg,GX010665_MP4-0236_jpg.rf.4ea2dc97049ea00d67c2e48736249a64.jpg,713.9860388947999,395.1632590002153,1840.0,265.7695495956398,True
C:\Users\carmonta\Desktop\data-centric-cross-season-transfer\datasets\train_on_2025_all\images\GX010665_MP4-0236_jpg.rf.927b70839cd8148961b8baa89ec576c1.jpg,GX010665_MP4-0236_jpg.rf.927b70839cd8148961b8baa89ec576c1.jpg,713.9860388947999,395.1632590002153,1840.0,265.7695495956398,True
C:\Users\carmonta\Desktop\data-centric-cross-season-transfer\datasets\train_on_2025_all\images\GX010665_MP4-0236_jpg.rf.ea06d8a6bb49dfd74c5b128ad429656a.jpg,GX010665_MP4-0236_jpg.rf.ea06d8a6bb49dfd74c5b128ad429656a.jpg,713.9860388947999,395.1632590002153,1840.0,265.7695495956398,True
C:\Users\carmonta\Desktop\data-centric-cross-season-transfer\datasets\train_on_2025_all\images\GX010665_MP4-0237_jpg.rf.15580b6220ee0cce9ed89f87355c4990.jpg,GX010665_MP4-0237_jpg.rf.15580b6220ee0cce9ed89f87355c4990.jpg,695.5886956542801,448.8551181199423,4290.0,279.74592293685987,True
C:\Users\carmonta\Desktop\data-centric-cross-season-transfer\datasets\train_on_2025_all\images\GX010665_MP4-0237_jpg.rf.35ebc1cb78607ea5c84ac4f6cc6ba7c4.jpg,GX010665_MP4-0237_jpg.rf.35ebc1cb78607ea5c84ac4f6cc6ba7c4.jpg,695.5886956542801,448.8551181199423,4290.0,279.74592293685987,True
C:\Users\carmonta\Desktop\data-centric-cross-season-transfer\datasets\train_on_2025_all\images\GX010665_MP4-0237_jpg.rf.69bb495fb6acd49f14018854256d022b.jpg,GX010665_MP4-0237_jpg.rf.69bb495fb6acd49f14018854256d022b.jpg,695.5886956542801,448.8551181199423,4290.0,279.74592293685987,True
C:\Users\carmonta\Desktop\data-centric-cross-season-transfer\datasets\train_on_2025_all\images\GX010665_MP4-0239_jpg.rf.b8634aec46f03d88e9ed06819108a724.jpg,GX010665_MP4-0239_jpg.rf.b8634aec46f03d88e9ed06819108a724.jpg,688.9958631682791,601.6148966056419,3082.0,296.1302869555472,True
C:\Users\carmonta\Desktop\data-centric-cross-season-transfer\datasets\train_on_2025_all\images\GX010665_MP4-0240_jpg.rf.16f9723f81df2760ba2a16ceb956d37b.jpg,GX010665_MP4-0240_jpg.rf.16f9723f81df2760ba2a16ceb956d37b.jpg,709.6582460723953,683.8944458430096,3544.5,300.37951933893356,True
C:\Users\carmonta\Desktop\data-centric-cross-season-transfer\datasets\train_on_2025_all\images\GX010665_MP4-0240_jpg.rf.3fd8fe09c65254399775a2f4e1855fb8.jpg,GX010665_MP4-0240_jpg.rf.3fd8fe09c65254399775a2f4e1855fb8.jpg,709.6582460723953,683.8944458430096,3544.5,300.37951933893356,True
C:\Users\carmonta\Desktop\data-centric-cross-season-transfer\datasets\train_on_2025_all\images\GX010665_MP4-0241_jpg.rf.202e2fcb811ae165fddb0eed24539c91.jpg,GX010665_MP4-0241_jpg.rf.202e2fcb811ae165fddb0eed24539c91.jpg,750.2720956442209,725.1116767670276,3382.5000000000005,300.58167246014256,True
C:\Users\carmonta\Desktop\data-centric-cross-season-transfer\datasets\train_on_2025_all\images\GX010665_MP4-0241_jpg.rf.d5647a595d773ae10b69dcd9be50b5dc.jpg,GX010665_MP4-0241_jpg.rf.d5647a595d773ae10b69dcd9be50b5dc.jpg,750.2720956442209,725.1116767670276,3382.5000000000005,300.58167246014256,True
C:\Users\carmonta\Desktop\data-centric-cross-season-transfer\datasets\train_on_2025_all\images\GX010665_MP4-0242_jpg.rf.099af0609506b84cfe8ceb0ce03e5fea.jpg,GX010665_MP4-0242_jpg.rf.099af0609506b84cfe8ceb0ce03e5fea.jpg,785.005634194669,736.6760137976827,3382.5000000000005,299.45744412650663,True
C:\Users\carmonta\Desktop\data-centric-cross-season-transfer\datasets\train_on_2025_all\images\GX010665_MP4-0242_jpg.rf.9f3e02a7799c1773616748f80c8e37f2.jpg,GX010665_MP4-0242_jpg.rf.9f3e02a7799c1773616748f80c8e37f2.jpg,785.005634194669,736.6760137976827,3382.5000000000005,299.45744412650663,True
C:\Users\carmonta\Desktop\data-centric-cross-season-transfer\datasets\train_on_2025_all\images\GX010665_MP4-0242_jpg.rf.b4adee5c9be57bda728e778236ac67bd.jpg,GX010665_MP4-0242_jpg.rf.b4adee5c9be57bda728e778236ac67bd.jpg,785.005634194669,736.6760137976827,3382.5000000000005,299.45744412650663,True
C:\Users\carmonta\Desktop\data-centric-cross-season-transfer\datasets\train_on_2025_all\images\GX010665_MP4-0243_jpg.rf.6eeebe6de543a1eb5dfd1a3b75fd5d0f.jpg,GX010665_MP4-0243_jpg.rf.6eeebe6de543a1eb5dfd1a3b75fd5d0f.jpg,786.3668962491273,745.7344735833941,3382.5000000000005,299.8664936021511,True
C:\Users\carmonta\Desktop\data-centric-cross-season-transfer\datasets\train_on_2025_all\images\GX010665_MP4-0243_jpg.rf.f2223eb8c91a55f1ddacf7d6933a7ed0.jpg,GX010665_MP4-0243_jpg.rf.f2223eb8c91a55f1ddacf7d6933a7ed0.jpg,786.3668962491273,745.7344735833941,3382.5000000000005,299.8664936021511,True
C:\Users\carmonta\Desktop\data-centric-cross-season-transfer\datasets\train_on_2025_all\images\GX010665_MP4-0245_jpg.rf.3978e5cc26e906f1d32f037c8d387620.jpg,GX010665_MP4-0245_jpg.rf.3978e5cc26e906f1d32f037c8d387620.jpg,814.0737525396328,777.2276110600803,3382.5000000000005,300.4522656243446,True
C:\Users\carmonta\Desktop\data-centric-cross-season-transfer\datasets\train_on_2025_all\images\GX010665_MP4-0245_jpg.rf.674a237027b585aa3428715300e47230.jpg,GX010665_MP4-0245_jpg.rf.674a237027b585aa3428715300e47230.jpg,814.0737525396328,777.2276110600803,3382.5000000000005,300.4522656243446,True
C:\Users\carmonta\Desktop\data-centric-cross-season-transfer\datasets\train_on_2025_all\images\GX010665_MP4-0246_jpg.rf.4dfca76c8ef3869a9479f3df9a588ce0.jpg,GX010665_MP4-0246_jpg.rf.4dfca76c8ef3869a9479f3df9a588ce0.jpg,836.009033616941,765.3692021541108,3382.5000000000005,298.7801223621462,True
C:\Users\carmonta\Desktop\data-centric-cross-season-transfer\datasets\train_on_2025_all\images\GX010665_MP4-0246_jpg.rf.b8c6bfb1b4817671897e1a1f31e2c87f.jpg,GX010665_MP4-0246_jpg.rf.b8c6bfb1b4817671897e1a1f31e2c87f.jpg,836.009033616941,765.3692021541108,3382.5000000000005,298.7801223621462,True
C:\Users\carmonta\Desktop\data-centric-cross-season-transfer\datasets\train_on_2025_all\images\GX010665_MP4-0246_jpg.rf.eb9b336b7cc4fcf9b32cc3c0cbda200d.jpg,GX010665_MP4-0246_jpg.rf.eb9b336b7cc4fcf9b32cc3c0cbda200d.jpg,836.009033616941,765.3692021541108,3382.5000000000005,298.7801223621462,True
C:\Users\carmonta\Desktop\data-centric-cross-season-transfer\datasets\train_on_2025_all\images\GX010665_MP4-0247_jpg.rf.3a3b932b5f4547b5d41018f8c8fb028b.jpg,GX010665_MP4-0247_jpg.rf.3a3b932b5f4547b5d41018f8c8fb028b.jpg,852.3430220643753,762.3329687102807,3382.5000000000005,297.84353945836125,True
C:\Users\carmonta\Desktop\data-centric-cross-season-transfer\datasets\train_on_2025_all\images\GX010665_MP4-0248_jpg.rf.55df4a04ef0f2b4a5d302dba58d64de5.jpg,GX010665_MP4-0248_jpg.rf.55df4a04ef0f2b4a5d302dba58d64de5.jpg,866.8370505006145,756.5436966191019,3382.5000000000005,296.8088048990164,True
C:\Users\carmonta\Desktop\data-centric-cross-season-transfer\datasets\train_on_2025_all\images\GX010665_MP4-0248_jpg.rf.f6685b50eb0df6f52f8b257421df77b8.jpg,GX010665_MP4-0248_jpg.rf.f6685b50eb0df6f52f8b257421df77b8.jpg,866.8370505006145,756.5436966191019,3382.5000000000005,296.8088048990164,True
C:\Users\carmonta\Desktop\data-centric-cross-season-transfer\datasets\train_on_2025_all\images\GX010665_MP4-0249_jpg.rf.150cdca07582ddab2b456f7abc51288a.jpg,GX010665_MP4-0249_jpg.rf.150cdca07582ddab2b456f7abc51288a.jpg,869.9333569309354,772.5771573007612,3382.5000000000005,297.49626229720866,True
C:\Users\carmonta\Desktop\data-centric-cross-season-transfer\datasets\train_on_2025_all\images\GX010665_MP4-0249_jpg.rf.e18cdcf793eabdb4cf2f13967ae074df.jpg,GX010665_MP4-0249_jpg.rf.e18cdcf793eabdb4cf2f13967ae074df.jpg,869.9333569309354,772.5771573007612,3382.5000000000005,297.49626229720866,True
C:\Users\carmonta\Desktop\data-centric-cross-season-transfer\datasets\train_on_2025_all\images\GX010665_MP4-0251_jpg.rf.30730c87042f23ff371dcdc2b2867497.jpg,GX010665_MP4-0251_jpg.rf.30730c87042f23ff371dcdc2b2867497.jpg,990.7910784568688,604.964288871107,3987.5,275.3689333850741,True
C:\Users\carmonta\Desktop\data-centric-cross-season-transfer\datasets\train_on_2025_all\images\GX010665_MP4-0251_jpg.rf.5dcfdadab813f1094f9845a2c8e3e0f4.jpg,GX010665_MP4-0251_jpg.rf.5dcfdadab813f1094f9845a2c8e3e0f4.jpg,990.7910784568688,604.964288871107,3987.5,275.3689333850741,True
C:\Users\carmonta\Desktop\data-centric-cross-season-transfer\datasets\train_on_2025_all\images\GX010665_MP4-0251_jpg.rf.b77145cd89f0ac3af0e439bc1610f228.jpg,GX010665_MP4-0251_jpg.rf.b77145cd89f0ac3af0e439bc1610f228.jpg,990.7910784568688,604.964288871107,3987.5,275.3689333850741,True
C:\Users\carmonta\Desktop\data-centric-cross-season-transfer\datasets\train_on_2025_all\images\GX010665_MP4-0252_jpg.rf.50f8975204bae33287dee86660c9633e.jpg,GX010665_MP4-0252_jpg.rf.50f8975204bae33287dee86660c9633e.jpg,1007.1170780247744,619.9395205558932,3987.5,276.07124415382,True
C:\Users\carmonta\Desktop\data-centric-cross-season-transfer\datasets\train_on_2025_all\images\GX010665_MP4-0252_jpg.rf.80607bc4f56e8f5e43e3f9be4981da71.jpg,GX010665_MP4-0252_jpg.rf.80607bc4f56e8f5e43e3f9be4981da71.jpg,1007.1170780247744,619.9395205558932,3987.5,276.07124415382,True
C:\Users\carmonta\Desktop\data-centric-cross-season-transfer\datasets\train_on_2025_all\images\GX010665_MP4-0252_jpg.rf.cc9fc3f13f65ab6676a8a8664c6f40f0.jpg,GX010665_MP4-0252_jpg.rf.cc9fc3f13f65ab6676a8a8664c6f40f0.jpg,1007.1170780247744,619.9395205558932,3987.5,276.07124415382,True
C:\Users\carmonta\Desktop\data-centric-cross-season-transfer\datasets\train_on_2025_all\images\GX010665_MP4-0255_jpg.rf.540141cc0649a9b3008c599d31c10155.jpg,GX010665_MP4-0255_jpg.rf.540141cc0649a9b3008c599d31c10155.jpg,1043.7339111625915,609.6439529282743,3987.5,271.6531248554576,True
C:\Users\carmonta\Desktop\data-centric-cross-season-transfer\datasets\train_on_2025_all\images\GX010665_MP4-0255_jpg.rf.bcb6b956a37b320736bfefbd4f123eb3.jpg,GX010665_MP4-0255_jpg.rf.bcb6b956a37b320736bfefbd4f123eb3.jpg,1043.7339111625915,609.6439529282743,3987.5,271.6531248554576,True
C:\Users\carmonta\Desktop\data-centric-cross-season-transfer\datasets\train_on_2025_all\images\GX010665_MP4-0255_jpg.rf.c547f44cc69336f02d99eac05606b899.jpg,GX010665_MP4-0255_jpg.rf.c547f44cc69336f02d99eac05606b899.jpg,1043.7339111625915,609.6439529282743,3987.5,271.6531248554576,True
C:\Users\carmonta\Desktop\data-centric-cross-season-transfer\datasets\train_on_2025_all\images\GX010665_MP4-0256_jpg.rf.a8e93964139ff798895f65dae234696c.jpg,GX010665_MP4-0256_jpg.rf.a8e93964139ff798895f65dae234696c.jpg,1114.1951232163533,585.6390429842828,10395.75,257.7677884950496,True
C:\Users\carmonta\Desktop\data-centric-cross-season-transfer\datasets\train_on_2025_all\images\GX010665_MP4-0257_jpg.rf.807ed4e24728f0d1b080153c9b6e52e4.jpg,GX010665_MP4-0257_jpg.rf.807ed4e24728f0d1b080153c9b6e52e4.jpg,1114.2726578215443,587.953647461673,10395.75,259.4452577876574,True
C:\Users\carmonta\Desktop\data-centric-cross-season-transfer\datasets\train_on_2025_all\images\GX010665_MP4-0257_jpg.rf.eb06aa824ce215d2875cc4c36de4a219.jpg,GX010665_MP4-0257_jpg.rf.eb06aa824ce215d2875cc4c36de4a219.jpg,1114.2726578215443,587.953647461673,10395.75,259.4452577876574,True
C:\Users\carmonta\Desktop\data-centric-cross-season-transfer\datasets\train_on_2025_all\images\GX010665_MP4-0258_jpg.rf.1f2a37c59f8b8c4f8be3ead0b2e609b1.jpg,GX010665_MP4-0258_jpg.rf.1f2a37c59f8b8c4f8be3ead0b2e609b1.jpg,1119.6216966265501,586.5484836695149,10395.75,258.27881624584825,True
C:\Users\carmonta\Desktop\data-centric-cross-season-transfer\datasets\train_on_2025_all\images\GX010665_MP4-0258_jpg.rf.ad9be34e75f45267d7e7ce4d1e4477c1.jpg,GX010665_MP4-0258_jpg.rf.ad9be34e75f45267d7e7ce4d1e4477c1.jpg,1119.6216966265501,586.5484836695149,10395.75,258.27881624584825,True
C:\Users\carmonta\Desktop\data-centric-cross-season-transfer\datasets\train_on_2025_all\images\GX010665_MP4-0265_jpg.rf.b8acd3f7f45211d8cb0e8f43b71a0255.jpg,GX010665_MP4-0265_jpg.rf.b8acd3f7f45211d8cb0e8f43b71a0255.jpg,1118.7875670016776,566.089925948583,9213.0,246.76916907247505,True
C:\Users\carmonta\Desktop\data-centric-cross-season-transfer\datasets\train_on_2025_all\images\GX010665_MP4-0265_jpg.rf.dac32cdc01355953045936c7cf6ca89c.jpg,GX010665_MP4-0265_jpg.rf.dac32cdc01355953045936c7cf6ca89c.jpg,1118.7875670016776,566.089925948583,9213.0,246.76916907247505,True
C:\Users\carmonta\Desktop\data-centric-cross-season-transfer\datasets\train_on_2025_all\images\GX010665_MP4-0266_jpg.rf.723b871b18890719dd376095fd59f962.jpg,GX010665_MP4-0266_jpg.rf.723b871b18890719dd376095fd59f962.jpg,1089.873461396153,602.2732985169013,9381.0,266.23722570264465,True
C:\Users\carmonta\Desktop\data-centric-cross-season-transfer\datasets\train_on_2025_all\images\GX010665_MP4-0267_jpg.rf.5272cd81940dde95f184a96e188516da.jpg,GX010665_MP4-0267_jpg.rf.5272cd81940dde95f184a96e188516da.jpg,1014.0491246776143,633.5758271379804,10914.0,279.2899888865398,True
C:\Users\carmonta\Desktop\data-centric-cross-season-transfer\datasets\train_on_2025_all\images\GX010665_MP4-0267_jpg.rf.7167bfe5c8551f18b592897b9d2f8a50.jpg,GX010665_MP4-0267_jpg.rf.7167bfe5c8551f18b592897b9d2f8a50.jpg,1014.0491246776143,633.5758271379804,10914.0,279.2899888865398,True
C:\Users\carmonta\Desktop\data-centric-cross-season-transfer\datasets\train_on_2025_all\images\GX010665_MP4-0267_jpg.rf.89485987d12b7a0b530693b1620f16c4.jpg,GX010665_MP4-0267_jpg.rf.89485987d12b7a0b530693b1620f16c4.jpg,1014.0491246776143,633.5758271379804,10914.0,279.2899888865398,True
C:\Users\carmonta\Desktop\data-centric-cross-season-transfer\datasets\train_on_2025_all\images\GX010665_MP4-0273_jpg.rf.4cf21211931fb61cb76b45282169ecf2.jpg,GX010665_MP4-0273_jpg.rf.4cf21211931fb61cb76b45282169ecf2.jpg,740.0258095907966,400.2513131554323,6138.0,257.22148646826474,True
C:\Users\carmonta\Desktop\data-centric-cross-season-transfer\datasets\train_on_2025_all\images\GX010665_MP4-0273_jpg.rf.5eef8c20f21de228d03ccb06e654c9aa.jpg,GX010665_MP4-0273_jpg.rf.5eef8c20f21de228d03ccb06e654c9aa.jpg,740.0258095907966,400.2513131554323,6138.0,257.22148646826474,True
C:\Users\carmonta\Desktop\data-centric-cross-season-transfer\datasets\train_on_2025_all\images\GX010665_MP4-0273_jpg.rf.ded6cce5d639e0ce764c33a90577586d.jpg,GX010665_MP4-0273_jpg.rf.ded6cce5d639e0ce764c33a90577586d.jpg,740.0258095907966,400.2513131554323,6138.0,257.22148646826474,True
C:\Users\carmonta\Desktop\data-centric-cross-season-transfer\datasets\train_on_2025_all\images\GX010666_MP4-0004_jpg.rf.9ae19c7f99db4502a95b9fc1ed8e6937.jpg,GX010666_MP4-0004_jpg.rf.9ae19c7f99db4502a95b9fc1ed8e6937.jpg,1079.571775458045,651.0856230342404,12248.5,275.40178884207035,True
C:\Users\carmonta\Desktop\data-centric-cross-season-transfer\datasets\train_on_2025_all\images\GX010666_MP4-0005_jpg.rf.9219df7b4228f1797f443045d37f4cf7.jpg,GX010666_MP4-0005_jpg.rf.9219df7b4228f1797f443045d37f4cf7.jpg,1087.856669095585,636.3375534333209,9770.750000000002,276.7473454296894,True
C:\Users\carmonta\Desktop\data-centric-cross-season-transfer\datasets\train_on_2025_all\images\GX010666_MP4-0005_jpg.rf.df2bf4e8c9d679466ad9874bc2c7643e.jpg,GX010666_MP4-0005_jpg.rf.df2bf4e8c9d679466ad9874bc2c7643e.jpg,1087.856669095585,636.3375534333209,9770.750000000002,276.7473454296894,True
C:\Users\carmonta\Desktop\data-centric-cross-season-transfer\datasets\train_on_2025_all\images\GX010666_MP4-0005_jpg.rf.f632922abcd5f0ef2996ee23caa8f24a.jpg,GX010666_MP4-0005_jpg.rf.f632922abcd5f0ef2996ee23caa8f24a.jpg,1087.856669095585,636.3375534333209,9770.750000000002,276.7473454296894,True
C:\Users\carmonta\Desktop\data-centric-cross-season-transfer\datasets\train_on_2025_all\images\GX010666_MP4-0006_jpg.rf.200066aea88e512f00b75e3cac40c744.jpg,GX010666_MP4-0006_jpg.rf.200066aea88e512f00b75e3cac40c744.jpg,1045.6543341701902,575.8462193405612,11024.75,272.217732333086,True
C:\Users\carmonta\Desktop\data-centric-cross-season-transfer\datasets\train_on_2025_all\images\GX010666_MP4-0006_jpg.rf.7b6ead4d7774b0916f05b69b5e8c84c9.jpg,GX010666_MP4-0006_jpg.rf.7b6ead4d7774b0916f05b69b5e8c84c9.jpg,1045.6543341701902,575.8462193405612,11024.75,272.217732333086,True
C:\Users\carmonta\Desktop\data-centric-cross-season-transfer\datasets\train_on_2025_all\images\GX010666_MP4-0006_jpg.rf.ab90481ebe01c77de019c33e349d26ab.jpg,GX010666_MP4-0006_jpg.rf.ab90481ebe01c77de019c33e349d26ab.jpg,1045.6543341701902,575.8462193405612,11024.75,272.217732333086,True
C:\Users\carmonta\Desktop\data-centric-cross-season-transfer\datasets\train_on_2025_all\images\GX010666_MP4-0007_jpg.rf.07f9150a3eea3dc150887e7005747e21.jpg,GX010666_MP4-0007_jpg.rf.07f9150a3eea3dc150887e7005747e21.jpg,1009.9505833277801,516.9756037491039,8217.0,263.5284415800371,True
C:\Users\carmonta\Desktop\data-centric-cross-season-transfer\datasets\train_on_2025_all\images\GX010666_MP4-0007_jpg.rf.381d56218cdaf4f822b881b6c23972b3.jpg,GX010666_MP4-0007_jpg.rf.381d56218cdaf4f822b881b6c23972b3.jpg,1009.9505833277801,516.9756037491039,8217.0,263.5284415800371,True
C:\Users\carmonta\Desktop\data-centric-cross-season-transfer\datasets\train_on_2025_all\images\GX010666_MP4-0007_jpg.rf.6b820df671dd91e746ab9a48024fd966.jpg,GX010666_MP4-0007_jpg.rf.6b820df671dd91e746ab9a48024fd966.jpg,1009.9505833277801,516.9756037491039,8217.0,263.5284415800371,True
C:\Users\carmonta\Desktop\data-centric-cross-season-transfer\datasets\train_on_2025_all\images\GX010666_MP4-0008_jpg.rf.7678ea1d329436128f04c19ddc364a92.jpg,GX010666_MP4-0008_jpg.rf.7678ea1d329436128f04c19ddc364a92.jpg,1008.3471616155936,507.38123101811317,9062.5,255.5676751999506,True
C:\Users\carmonta\Desktop\data-centric-cross-season-transfer\datasets\train_on_2025_all\images\GX010666_MP4-0008_jpg.rf.f9511d50029dabb89e781d0ce0ab12c9.jpg,GX010666_MP4-0008_jpg.rf.f9511d50029dabb89e781d0ce0ab12c9.jpg,1008.3471616155936,507.38123101811317,9062.5,255.5676751999506,True
C:\Users\carmonta\Desktop\data-centric-cross-season-transfer\datasets\train_on_2025_all\images\GX010666_MP4-0009_jpg.rf.107f19eb9ccded2179fb921e1db07964.jpg,GX010666_MP4-0009_jpg.rf.107f19eb9ccded2179fb921e1db07964.jpg,998.831574463692,499.77458097537135,12495.0,254.91932582025134,True
C:\Users\carmonta\Desktop\data-centric-cross-season-transfer\datasets\train_on_2025_all\images\GX010666_MP4-0010_jpg.rf.0cb6a80b2afec98deef20a7b61fa7fab.jpg,GX010666_MP4-0010_jpg.rf.0cb6a80b2afec98deef20a7b61fa7fab.jpg,1016.7735922289537,507.9111695559888,11741.0,246.06395602043887,True
C:\Users\carmonta\Desktop\data-centric-cross-season-transfer\datasets\train_on_2025_all\images\GX010666_MP4-0010_jpg.rf.2a7f11fccb666a70c086e1b061e18b32.jpg,GX010666_MP4-0010_jpg.rf.2a7f11fccb666a70c086e1b061e18b32.jpg,1016.7735922289537,507.9111695559888,11741.0,246.06395602043887,True
C:\Users\carmonta\Desktop\data-centric-cross-season-transfer\datasets\train_on_2025_all\images\GX010666_MP4-0010_jpg.rf.a1ff9d3a3a212163394ff1c7d31b10d6.jpg,GX010666_MP4-0010_jpg.rf.a1ff9d3a3a212163394ff1c7d31b10d6.jpg,1016.7735922289537,507.9111695559888,11741.0,246.06395602043887,True
C:\Users\carmonta\Desktop\data-centric-cross-season-transfer\datasets\train_on_2025_all\images\GX010666_MP4-0011_jpg.rf.075c2b38ca27305d448e7885f945cedb.jpg,GX010666_MP4-0011_jpg.rf.075c2b38ca27305d448e7885f945cedb.jpg,1082.9733857914887,544.4525653045765,13233.5,239.08094748952533,True
C:\Users\carmonta\Desktop\data-centric-cross-season-transfer\datasets\train_on_2025_all\images\GX010666_MP4-0011_jpg.rf.63bec81c1d706a3f75fffbd5ce49afea.jpg,GX010666_MP4-0011_jpg.rf.63bec81c1d706a3f75fffbd5ce49afea.jpg,1082.9733857914887,544.4525653045765,13233.5,239.08094748952533,True
C:\Users\carmonta\Desktop\data-centric-cross-season-transfer\datasets\train_on_2025_all\images\GX010666_MP4-0011_jpg.rf.e1d113346cb96861515aa304cf11c08d.jpg,GX010666_MP4-0011_jpg.rf.e1d113346cb96861515aa304cf11c08d.jpg,1082.9733857914887,544.4525653045765,13233.5,239.08094748952533,True
C:\Users\carmonta\Desktop\data-centric-cross-season-transfer\datasets\train_on_2025_all\images\GX010666_MP4-0015_jpg.rf.5cd33ac4f294388b07202720f4a29287.jpg,GX010666_MP4-0015_jpg.rf.5cd33ac4f294388b07202720f4a29287.jpg,1111.806985431479,724.2371630567498,9366.0,279.31854008231574,True
C:\Users\carmonta\Desktop\data-centric-cross-season-transfer\datasets\train_on_2025_all\images\GX010666_MP4-0015_jpg.rf.b662e0f1ef6877ae3eff94e93be2086c.jpg,GX010666_MP4-0015_jpg.rf.b662e0f1ef6877ae3eff94e93be2086c.jpg,1111.806985431479,724.2371630567498,9366.0,279.31854008231574,True
C:\Users\carmonta\Desktop\data-centric-cross-season-transfer\datasets\train_on_2025_all\images\GX010666_MP4-0015_jpg.rf.d0d4e797f2e4ee7a7c8fe4362d0291ed.jpg,GX010666_MP4-0015_jpg.rf.d0d4e797f2e4ee7a7c8fe4362d0291ed.jpg,1111.806985431479,724.2371630567498,9366.0,279.31854008231574,True
C:\Users\carmonta\Desktop\data-centric-cross-season-transfer\datasets\train_on_2025_all\images\GX010666_MP4-0016_jpg.rf.a5b02752ca657dbc572f7fb65d1f9b5a.jpg,GX010666_MP4-0016_jpg.rf.a5b02752ca657dbc572f7fb65d1f9b5a.jpg,1001.8031086872845,536.7287381083377,13222.5,258.36915570720873,True
C:\Users\carmonta\Desktop\data-centric-cross-season-transfer\datasets\train_on_2025_all\images\GX010666_MP4-0016_jpg.rf.e0760cbbbedb6fead0abd236928de608.jpg,GX010666_MP4-0016_jpg.rf.e0760cbbbedb6fead0abd236928de608.jpg,1001.8031086872845,536.7287381083377,13222.5,258.36915570720873,True
C:\Users\carmonta\Desktop\data-centric-cross-season-transfer\datasets\train_on_2025_all\images\GX010666_MP4-0016_jpg.rf.efee1c476928cd2f83d58aeaf2829c4b.jpg,GX010666_MP4-0016_jpg.rf.efee1c476928cd2f83d58aeaf2829c4b.jpg,1001.8031086872845,536.7287381083377,13222.5,258.36915570720873,True
C:\Users\carmonta\Desktop\data-centric-cross-season-transfer\datasets\train_on_2025_all\images\GX010666_MP4-0017_jpg.rf.49f22848cf617103b755dd9afd775c82.jpg,GX010666_MP4-0017_jpg.rf.49f22848cf617103b755dd9afd775c82.jpg,762.1830989599745,643.9286729025022,13197.0,293.39980027062825,True
C:\Users\carmonta\Desktop\data-centric-cross-season-transfer\datasets\train_on_2025_all\images\GX010666_MP4-0017_jpg.rf.87de5837b9e20c97c615b39c19d43986.jpg,GX010666_MP4-0017_jpg.rf.87de5837b9e20c97c615b39c19d43986.jpg,762.1830989599745,643.9286729025022,13197.0,293.39980027062825,True
C:\Users\carmonta\Desktop\data-centric-cross-season-transfer\datasets\train_on_2025_all\images\GX010666_MP4-0017_jpg.rf.bf2fb0fdbc22a5705e69271937105032.jpg,GX010666_MP4-0017_jpg.rf.bf2fb0fdbc22a5705e69271937105032.jpg,762.1830989599745,643.9286729025022,13197.0,293.39980027062825,True
C:\Users\carmonta\Desktop\data-centric-cross-season-transfer\datasets\train_on_2025_all\images\GX010666_MP4-0018_jpg.rf.0445994d5fdb65e26e2392ef2e526ee1.jpg,GX010666_MP4-0018_jpg.rf.0445994d5fdb65e26e2392ef2e526ee1.jpg,867.2051667479217,700.1055889514842,11508.75,291.8287753761516,True
C:\Users\carmonta\Desktop\data-centric-cross-season-transfer\datasets\train_on_2025_all\images\GX010666_MP4-0018_jpg.rf.7dd10511b38e4399d6effaf552d63dc1.jpg,GX010666_MP4-0018_jpg.rf.7dd10511b38e4399d6effaf552d63dc1.jpg,867.2051667479217,700.1055889514842,11508.75,291.8287753761516,True
C:\Users\carmonta\Desktop\data-centric-cross-season-transfer\datasets\train_on_2025_all\images\GX010666_MP4-0019_jpg.rf.7abb24a4732a7b17a543cc92740fd208.jpg,GX010666_MP4-0019_jpg.rf.7abb24a4732a7b17a543cc92740fd208.jpg,1034.3325892997043,621.5515109949147,8295.0,275.685066890487,True
C:\Users\carmonta\Desktop\data-centric-cross-season-transfer\datasets\train_on_2025_all\images\GX010666_MP4-0019_jpg.rf.c16b29e6557101ef7e3ccc4521289381.jpg,GX010666_MP4-0019_jpg.rf.c16b29e6557101ef7e3ccc4521289381.jpg,1034.3325892997043,621.5515109949147,8295.0,275.685066890487,True
C:\Users\carmonta\Desktop\data-centric-cross-season-transfer\datasets\train_on_2025_all\images\GX010666_MP4-0019_jpg.rf.e1d6fe71155e0a81e0c8c75b6232c496.jpg,GX010666_MP4-0019_jpg.rf.e1d6fe71155e0a81e0c8c75b6232c496.jpg,1034.3325892997043,621.5515109949147,8295.0,275.685066890487,True
C:\Users\carmonta\Desktop\data-centric-cross-season-transfer\datasets\train_on_2025_all\images\GX010666_MP4-0020_jpg.rf.92fc71f3e1a2f1cf9d20004d011a30c7.jpg,GX010666_MP4-0020_jpg.rf.92fc71f3e1a2f1cf9d20004d011a30c7.jpg,1117.5988178579894,551.764368263969,5504.499999999999,253.2130582499334,True
C:\Users\carmonta\Desktop\data-centric-cross-season-transfer\datasets\train_on_2025_all\images\GX010666_MP4-0021_jpg.rf.30c1cd81b0c1c1b7d3c98202b1169668.jpg,GX010666_MP4-0021_jpg.rf.30c1cd81b0c1c1b7d3c98202b1169668.jpg,968.3564119154672,750.5827397952013,4850.0,293.31712594860767,True
C:\Users\carmonta\Desktop\data-centric-cross-season-transfer\datasets\train_on_2025_all\images\GX010666_MP4-0021_jpg.rf.7d86bc9cc881df8baa9d38e347c23c3e.jpg,GX010666_MP4-0021_jpg.rf.7d86bc9cc881df8baa9d38e347c23c3e.jpg,968.3564119154672,750.5827397952013,4850.0,293.31712594860767,True
C:\Users\carmonta\Desktop\data-centric-cross-season-transfer\datasets\train_on_2025_all\images\GX010666_MP4-0021_jpg.rf.fb5bed7f27a463a4ee338c7cd1a8937d.jpg,GX010666_MP4-0021_jpg.rf.fb5bed7f27a463a4ee338c7cd1a8937d.jpg,968.3564119154672,750.5827397952013,4850.0,293.31712594860767,True
C:\Users\carmonta\Desktop\data-centric-cross-season-transfer\datasets\train_on_2025_all\images\GX010666_MP4-0022_jpg.rf.2baeca9c63bafbf93bc292938057bdbe.jpg,GX010666_MP4-0022_jpg.rf.2baeca9c63bafbf93bc292938057bdbe.jpg,1086.2950095822778,728.501035267065,4435.25,284.6405441878509,True
C:\Users\carmonta\Desktop\data-centric-cross-season-transfer\datasets\train_on_2025_all\images\GX010666_MP4-0022_jpg.rf.4869d5171fbdbf82ae118102762eebda.jpg,GX010666_MP4-0022_jpg.rf.4869d5171fbdbf82ae118102762eebda.jpg,1086.2950095822778,728.501035267065,4435.25,284.6405441878509,True
C:\Users\carmonta\Desktop\data-centric-cross-season-transfer\datasets\train_on_2025_all\images\GX010666_MP4-0022_jpg.rf.7efefb54ce31a0be1af808ea39a345af.jpg,GX010666_MP4-0022_jpg.rf.7efefb54ce31a0be1af808ea39a345af.jpg,1086.2950095822778,728.501035267065,4435.25,284.6405441878509,True
C:\Users\carmonta\Desktop\data-centric-cross-season-transfer\datasets\train_on_2025_all\images\GX010666_MP4-0023_jpg.rf.078cd5f2f16450898f9dc5405a76ab9f.jpg,GX010666_MP4-0023_jpg.rf.078cd5f2f16450898f9dc5405a76ab9f.jpg,785.4738705744869,619.6930243942774,11872.25,294.7946077814944,True
C:\Users\carmonta\Desktop\data-centric-cross-season-transfer\datasets\train_on_2025_all\images\GX010666_MP4-0023_jpg.rf.c4503222feffe11366cec7c3faf0e871.jpg,GX010666_MP4-0023_jpg.rf.c4503222feffe11366cec7c3faf0e871.jpg,785.4738705744869,619.6930243942774,11872.25,294.7946077814944,True
C:\Users\carmonta\Desktop\data-centric-cross-season-transfer\datasets\train_on_2025_all\images\GX010666_MP4-0023_jpg.rf.dbe11c5411753d3a400a27e66093cb65.jpg,GX010666_MP4-0023_jpg.rf.dbe11c5411753d3a400a27e66093cb65.jpg,785.4738705744869,619.6930243942774,11872.25,294.7946077814944,True
C:\Users\carmonta\Desktop\data-centric-cross-season-transfer\datasets\train_on_2025_all\images\GX010666_MP4-0024_jpg.rf.51fb474a33f0d38e9df83cc997d1e071.jpg,GX010666_MP4-0024_jpg.rf.51fb474a33f0d38e9df83cc997d1e071.jpg,753.7267090247008,551.2942773845826,11881.5,291.53928023194004,True
C:\Users\carmonta\Desktop\data-centric-cross-season-transfer\datasets\train_on_2025_all\images\GX010666_MP4-0024_jpg.rf.52272b5299eb6e1b7ce44e804e281be7.jpg,GX010666_MP4-0024_jpg.rf.52272b5299eb6e1b7ce44e804e281be7.jpg,753.7267090247008,551.2942773845826,11881.5,291.53928023194004,True
C:\Users\carmonta\Desktop\data-centric-cross-season-transfer\datasets\train_on_2025_all\images\GX010666_MP4-0024_jpg.rf.e804dfc54d651732b133faf38987e5d7.jpg,GX010666_MP4-0024_jpg.rf.e804dfc54d651732b133faf38987e5d7.jpg,753.7267090247008,551.2942773845826,11881.5,291.53928023194004,True
C:\Users\carmonta\Desktop\data-centric-cross-season-transfer\datasets\train_on_2025_all\images\GX010666_MP4-0025_jpg.rf.ae0fbb4bbfc858fb4849fee0deecad5f.jpg,GX010666_MP4-0025_jpg.rf.ae0fbb4bbfc858fb4849fee0deecad5f.jpg,1075.6779569060998,537.3412721906226,11198.25,252.25112784966504,True
C:\Users\carmonta\Desktop\data-centric-cross-season-transfer\datasets\train_on_2025_all\images\GX010666_MP4-0042_jpg.rf.30daa36d47f0e181f5ec0fa1bf476824.jpg,GX010666_MP4-0042_jpg.rf.30daa36d47f0e181f5ec0fa1bf476824.jpg,1099.6001666209947,541.8266280991256,16685.5,244.65108093569495,True
C:\Users\carmonta\Desktop\data-centric-cross-season-transfer\datasets\train_on_2025_all\images\GX010666_MP4-0042_jpg.rf.47b0b83b054a4d885897ed996760c78c.jpg,GX010666_MP4-0042_jpg.rf.47b0b83b054a4d885897ed996760c78c.jpg,1099.6001666209947,541.8266280991256,16685.5,244.65108093569495,True
C:\Users\carmonta\Desktop\data-centric-cross-season-transfer\datasets\train_on_2025_all\images\GX010666_MP4-0043_jpg.rf.0f5375f5d811bedfe2bee274023eeff3.jpg,GX010666_MP4-0043_jpg.rf.0f5375f5d811bedfe2bee274023eeff3.jpg,1064.5460356524204,582.6433255130712,12706.5,267.4487650248075,True
C:\Users\carmonta\Desktop\data-centric-cross-season-transfer\datasets\train_on_2025_all\images\GX010666_MP4-0043_jpg.rf.36d7189bd46e8aa7ff9a50e26b976be5.jpg,GX010666_MP4-0043_jpg.rf.36d7189bd46e8aa7ff9a50e26b976be5.jpg,1064.5460356524204,582.6433255130712,12706.5,267.4487650248075,True
C:\Users\carmonta\Desktop\data-centric-cross-season-transfer\datasets\train_on_2025_all\images\GX010666_MP4-0043_jpg.rf.acf61b3f8895606af5c26bbab0fde9e6.jpg,GX010666_MP4-0043_jpg.rf.acf61b3f8895606af5c26bbab0fde9e6.jpg,1064.5460356524204,582.6433255130712,12706.5,267.4487650248075,True
C:\Users\carmonta\Desktop\data-centric-cross-season-transfer\datasets\train_on_2025_all\images\GX010666_MP4-0044_jpg.rf.1a93f2c527186d9c59590da3ee0dc76e.jpg,GX010666_MP4-0044_jpg.rf.1a93f2c527186d9c59590da3ee0dc76e.jpg,1036.4377576532925,629.5890660282629,12812.5,279.3528687480342,True
C:\Users\carmonta\Desktop\data-centric-cross-season-transfer\datasets\train_on_2025_all\images\GX010666_MP4-0044_jpg.rf.5c584fd873e5d7ef0c64e1c1171e2e64.jpg,GX010666_MP4-0044_jpg.rf.5c584fd873e5d7ef0c64e1c1171e2e64.jpg,1036.4377576532925,629.5890660282629,12812.5,279.3528687480342,True
C:\Users\carmonta\Desktop\data-centric-cross-season-transfer\datasets\train_on_2025_all\images\GX010666_MP4-0045_jpg.rf.93e3835ebda75f6e407a8dbbce6139a4.jpg,GX010666_MP4-0045_jpg.rf.93e3835ebda75f6e407a8dbbce6139a4.jpg,968.3680635720585,645.7951696780029,6006.0,287.59378802266616,True
C:\Users\carmonta\Desktop\data-centric-cross-season-transfer\datasets\train_on_2025_all\images\GX010666_MP4-0045_jpg.rf.9dd6103a217a7bb8d9f04d3881890a9e.jpg,GX010666_MP4-0045_jpg.rf.9dd6103a217a7bb8d9f04d3881890a9e.jpg,968.3680635720585,645.7951696780029,6006.0,287.59378802266616,True
C:\Users\carmonta\Desktop\data-centric-cross-season-transfer\datasets\train_on_2025_all\images\GX010666_MP4-0046_jpg.rf.af2b7403e1dc54d0c21fa82bb4216860.jpg,GX010666_MP4-0046_jpg.rf.af2b7403e1dc54d0c21fa82bb4216860.jpg,933.7374487765442,680.8454629813921,7793.499999999999,292.3893434827469,True
C:\Users\carmonta\Desktop\data-centric-cross-season-transfer\datasets\train_on_2025_all\images\GX010666_MP4-0046_jpg.rf.f56f813620d9c47e89973f06acb9ffb3.jpg,GX010666_MP4-0046_jpg.rf.f56f813620d9c47e89973f06acb9ffb3.jpg,933.7374487765442,680.8454629813921,7793.499999999999,292.3893434827469,True
C:\Users\carmonta\Desktop\data-centric-cross-season-transfer\datasets\train_on_2025_all\images\GX010666_MP4-0055_jpg.rf.14d3e5b191560a22289c2a9c9deeefb9.jpg,GX010666_MP4-0055_jpg.rf.14d3e5b191560a22289c2a9c9deeefb9.jpg,1189.300179927429,657.4770399084392,12320.0,271.612326133374,True
C:\Users\carmonta\Desktop\data-centric-cross-season-transfer\datasets\train_on_2025_all\images\GX010666_MP4-0055_jpg.rf.6887713607d21251e80fc7815f9b5c63.jpg,GX010666_MP4-0055_jpg.rf.6887713607d21251e80fc7815f9b5c63.jpg,1189.300179927429,657.4770399084392,12320.0,271.612326133374,True
C:\Users\carmonta\Desktop\data-centric-cross-season-transfer\datasets\train_on_2025_all\images\GX010666_MP4-0055_jpg.rf.d88b3710a45a71237583c75fa19f598e.jpg,GX010666_MP4-0055_jpg.rf.d88b3710a45a71237583c75fa19f598e.jpg,1189.300179927429,657.4770399084392,12320.0,271.612326133374,True
C:\Users\carmonta\Desktop\data-centric-cross-season-transfer\datasets\train_on_2025_all\images\GX010666_MP4-0056_jpg.rf.159ea6c89ccd6641678684719e521167.jpg,GX010666_MP4-0056_jpg.rf.159ea6c89ccd6641678684719e521167.jpg,1103.4568095503241,667.8802869858473,10098.0,279.27110899083186,True
C:\Users\carmonta\Desktop\data-centric-cross-season-transfer\datasets\train_on_2025_all\images\GX010666_MP4-0056_jpg.rf.cc1d520e3b59105d347aba5d156bc721.jpg,GX010666_MP4-0056_jpg.rf.cc1d520e3b59105d347aba5d156bc721.jpg,1103.4568095503241,667.8802869858473,10098.0,279.27110899083186,True
C:\Users\carmonta\Desktop\data-centric-cross-season-transfer\datasets\train_on_2025_all\images\GX010666_MP4-0056_jpg.rf.e20ea62cf053b908dcc9208ea3439218.jpg,GX010666_MP4-0056_jpg.rf.e20ea62cf053b908dcc9208ea3439218.jpg,1103.4568095503241,667.8802869858473,10098.0,279.27110899083186,True
C:\Users\carmonta\Desktop\data-centric-cross-season-transfer\datasets\train_on_2025_all\images\GX010666_MP4-0057_jpg.rf.7982ec145fc5313466a6c186be97264e.jpg,GX010666_MP4-0057_jpg.rf.7982ec145fc5313466a6c186be97264e.jpg,1012.535553017439,727.0121046942339,9888.75,290.4305476201399,True
C:\Users\carmonta\Desktop\data-centric-cross-season-transfer\datasets\train_on_2025_all\images\GX010666_MP4-0062_jpg.rf.390ecd914d57a1dc6adf9647627dd189.jpg,GX010666_MP4-0062_jpg.rf.390ecd914d57a1dc6adf9647627dd189.jpg,781.3811929478069,449.3431942643795,12375.999999999998,262.20719874466636,True
C:\Users\carmonta\Desktop\data-centric-cross-season-transfer\datasets\train_on_2025_all\images\GX010666_MP4-0062_jpg.rf.80601f24b4ab955914311dc6270bf95a.jpg,GX010666_MP4-0062_jpg.rf.80601f24b4ab955914311dc6270bf95a.jpg,781.3811929478069,449.3431942643795,12375.999999999998,262.20719874466636,True
C:\Users\carmonta\Desktop\data-centric-cross-season-transfer\datasets\train_on_2025_all\images\GX010666_MP4-0062_jpg.rf.f27a50efde63a79aa43636b80ba71a2c.jpg,GX010666_MP4-0062_jpg.rf.f27a50efde63a79aa43636b80ba71a2c.jpg,781.3811929478069,449.3431942643795,12375.999999999998,262.20719874466636,True
C:\Users\carmonta\Desktop\data-centric-cross-season-transfer\datasets\train_on_2025_all\images\GX010666_MP4-0083_jpg.rf.1138a40269e7bbc40c983917a1390fe8.jpg,GX010666_MP4-0083_jpg.rf.1138a40269e7bbc40c983917a1390fe8.jpg,879.2107734190746,612.3404978734081,12546.0,289.49867433162905,True
C:\Users\carmonta\Desktop\data-centric-cross-season-transfer\datasets\train_on_2025_all\images\GX010666_MP4-0084_jpg.rf.74294207b8862362e4d6f67afe9e3349.jpg,GX010666_MP4-0084_jpg.rf.74294207b8862362e4d6f67afe9e3349.jpg,881.0833491471777,464.9799337390356,20797.5,267.8201645855705,True
C:\Users\carmonta\Desktop\data-centric-cross-season-transfer\datasets\train_on_2025_all\images\GX010666_MP4-0084_jpg.rf.c299a36622e097a70a3ad48c042e2186.jpg,GX010666_MP4-0084_jpg.rf.c299a36622e097a70a3ad48c042e2186.jpg,881.0833491471777,464.9799337390356,20797.5,267.8201645855705,True
C:\Users\carmonta\Desktop\data-centric-cross-season-transfer\datasets\train_on_2025_all\images\GX010666_MP4-0084_jpg.rf.fe79f9f70c1b1bfd5c9c1988b2b998bd.jpg,GX010666_MP4-0084_jpg.rf.fe79f9f70c1b1bfd5c9c1988b2b998bd.jpg,881.0833491471777,464.9799337390356,20797.5,267.8201645855705,True
C:\Users\carmonta\Desktop\data-centric-cross-season-transfer\datasets\train_on_2025_all\images\GX010666_MP4-0085_jpg.rf.a22e269a270fda86bbf3a65f7d2e162e.jpg,GX010666_MP4-0085_jpg.rf.a22e269a270fda86bbf3a65f7d2e162e.jpg,920.3827565662347,447.04828921818347,18978.75,253.0509048113549,True
C:\Users\carmonta\Desktop\data-centric-cross-season-transfer\datasets\train_on_2025_all\images\GX010666_MP4-0085_jpg.rf.aebb00ce57c072c0ae7aa8dcc3ae27e4.jpg,GX010666_MP4-0085_jpg.rf.aebb00ce57c072c0ae7aa8dcc3ae27e4.jpg,920.3827565662347,447.04828921818347,18978.75,253.0509048113549,True
C:\Users\carmonta\Desktop\data-centric-cross-season-transfer\datasets\train_on_2025_all\images\GX010666_MP4-0086_jpg.rf.08f2db355c569a0055a72d12600e64e1.jpg,GX010666_MP4-0086_jpg.rf.08f2db355c569a0055a72d12600e64e1.jpg,1010.32831547339,615.639068581073,25230.0,279.1754492171171,True
C:\Users\carmonta\Desktop\data-centric-cross-season-transfer\datasets\train_on_2025_all\images\GX010666_MP4-0086_jpg.rf.e2bdba34a2c926e20e4f898eb2e684cb.jpg,GX010666_MP4-0086_jpg.rf.e2bdba34a2c926e20e4f898eb2e684cb.jpg,1010.32831547339,615.639068581073,25230.0,279.1754492171171,True
C:\Users\carmonta\Desktop\data-centric-cross-season-transfer\datasets\train_on_2025_all\images\GX010666_MP4-0087_jpg.rf.08bb1cc71334cb643c3946fb14cdea4b.jpg,GX010666_MP4-0087_jpg.rf.08bb1cc71334cb643c3946fb14cdea4b.jpg,1035.1827746224424,617.2762412794563,10902.0,277.73231646726333,True
C:\Users\carmonta\Desktop\data-centric-cross-season-transfer\datasets\train_on_2025_all\images\GX010666_MP4-0087_jpg.rf.7d105add78b8c569c9e1361044b9fa8f.jpg,GX010666_MP4-0087_jpg.rf.7d105add78b8c569c9e1361044b9fa8f.jpg,1035.1827746224424,617.2762412794563,10902.0,277.73231646726333,True
C:\Users\carmonta\Desktop\data-centric-cross-season-transfer\datasets\train_on_2025_all\images\GX010666_MP4-0087_jpg.rf.fde8318ddef6f1508df32ed68db23926.jpg,GX010666_MP4-0087_jpg.rf.fde8318ddef6f1508df32ed68db23926.jpg,1035.1827746224424,617.2762412794563,10902.0,277.73231646726333,True
C:\Users\carmonta\Desktop\data-centric-cross-season-transfer\datasets\train_on_2025_all\images\GX010666_MP4-0088_jpg.rf.0a70f0082a62ca640283c2aae507b54e.jpg,GX010666_MP4-0088_jpg.rf.0a70f0082a62ca640283c2aae507b54e.jpg,1044.4034665452689,620.4527620513302,14551.5,276.94599420173626,True
C:\Users\carmonta\Desktop\data-centric-cross-season-transfer\datasets\train_on_2025_all\images\GX010666_MP4-0088_jpg.rf.72e822e70d71675a03e723d3f56268a6.jpg,GX010666_MP4-0088_jpg.rf.72e822e70d71675a03e723d3f56268a6.jpg,1044.4034665452689,620.4527620513302,14551.5,276.94599420173626,True
C:\Users\carmonta\Desktop\data-centric-cross-season-transfer\datasets\train_on_2025_all\images\GX010666_MP4-0088_jpg.rf.f0add35f57d96e601dd3355192fa9722.jpg,GX010666_MP4-0088_jpg.rf.f0add35f57d96e601dd3355192fa9722.jpg,1044.4034665452689,620.4527620513302,14551.5,276.94599420173626,True
C:\Users\carmonta\Desktop\data-centric-cross-season-transfer\datasets\train_on_2025_all\images\GX010666_MP4-0089_jpg.rf.649eb6b06ebef2c703a9b301aab8fd48.jpg,GX010666_MP4-0089_jpg.rf.649eb6b06ebef2c703a9b301aab8fd48.jpg,1059.4868784856092,616.7640035406534,19676.25,275.5821150378291,True
C:\Users\carmonta\Desktop\data-centric-cross-season-transfer\datasets\train_on_2025_all\images\GX010666_MP4-0089_jpg.rf.8d1b03aac552dd7ce192573f1d09842f.jpg,GX010666_MP4-0089_jpg.rf.8d1b03aac552dd7ce192573f1d09842f.jpg,1059.4868784856092,616.7640035406534,19676.25,275.5821150378291,True
C:\Users\carmonta\Desktop\data-centric-cross-season-transfer\datasets\train_on_2025_all\images\GX010666_MP4-0089_jpg.rf.fcda23c0c7f4b06a144f7985940cf88d.jpg,GX010666_MP4-0089_jpg.rf.fcda23c0c7f4b06a144f7985940cf88d.jpg,1059.4868784856092,616.7640035406534,19676.25,275.5821150378291,True
C:\Users\carmonta\Desktop\data-centric-cross-season-transfer\datasets\train_on_2025_all\images\GX010666_MP4-0091_jpg.rf.72492f592e957fe2702cb9cf8068903b.jpg,GX010666_MP4-0091_jpg.rf.72492f592e957fe2702cb9cf8068903b.jpg,1094.067686118143,618.8216286420101,19912.5,272.6991880582821,True
C:\Users\carmonta\Desktop\data-centric-cross-season-transfer\datasets\train_on_2025_all\images\GX010666_MP4-0091_jpg.rf.84c907624e97546e739cbf56271da155.jpg,GX010666_MP4-0091_jpg.rf.84c907624e97546e739cbf56271da155.jpg,1094.067686118143,618.8216286420101,19912.5,272.6991880582821,True
C:\Users\carmonta\Desktop\data-centric-cross-season-transfer\datasets\train_on_2025_all\images\GX010666_MP4-0091_jpg.rf.a3ef64d67a5eecd6ed0caf00ec745381.jpg,GX010666_MP4-0091_jpg.rf.a3ef64d67a5eecd6ed0caf00ec745381.jpg,1094.067686118143,618.8216286420101,19912.5,272.6991880582821,True
C:\Users\carmonta\Desktop\data-centric-cross-season-transfer\datasets\train_on_2025_all\images\GX010666_MP4-0092_jpg.rf.2e8b876a83a0b31ec37b3fdcfbdae75d.jpg,GX010666_MP4-0092_jpg.rf.2e8b876a83a0b31ec37b3fdcfbdae75d.jpg,1175.905890995105,605.0704948260346,17482.5,238.33204975891888,True
C:\Users\carmonta\Desktop\data-centric-cross-season-transfer\datasets\train_on_2025_all\images\GX010666_MP4-0092_jpg.rf.96bc52f6c57e9b36a0d0f92fb4d4b8b9.jpg,GX010666_MP4-0092_jpg.rf.96bc52f6c57e9b36a0d0f92fb4d4b8b9.jpg,1175.905890995105,605.0704948260346,17482.5,238.33204975891888,True
C:\Users\carmonta\Desktop\data-centric-cross-season-transfer\datasets\train_on_2025_all\images\GX010666_MP4-0093_jpg.rf.4ed3f3c95044bf210cd3c1bcb6a83dc0.jpg,GX010666_MP4-0093_jpg.rf.4ed3f3c95044bf210cd3c1bcb6a83dc0.jpg,1191.5972285003536,611.7075225978919,13093.5,241.79873681847118,True
C:\Users\carmonta\Desktop\data-centric-cross-season-transfer\datasets\train_on_2025_all\images\GX010666_MP4-0093_jpg.rf.616520198877d4de27d3252def3cb882.jpg,GX010666_MP4-0093_jpg.rf.616520198877d4de27d3252def3cb882.jpg,1191.5972285003536,611.7075225978919,13093.5,241.79873681847118,True
C:\Users\carmonta\Desktop\data-centric-cross-season-transfer\datasets\train_on_2025_all\images\GX010666_MP4-0093_jpg.rf.a7469f3430afb849ce370a623c2f9968.jpg,GX010666_MP4-0093_jpg.rf.a7469f3430afb849ce370a623c2f9968.jpg,1191.5972285003536,611.7075225978919,13093.5,241.79873681847118,True
C:\Users\carmonta\Desktop\data-centric-cross-season-transfer\datasets\train_on_2025_all\images\GX010666_MP4-0097_jpg.rf.0c95b7ed59e77795519b8e31ff541a53.jpg,GX010666_MP4-0097_jpg.rf.0c95b7ed59e77795519b8e31ff541a53.jpg,1240.158072655875,670.2972900891244,17751.0,218.1258036001655,True
C:\Users\carmonta\Desktop\data-centric-cross-season-transfer\datasets\train_on_2025_all\images\GX010666_MP4-0097_jpg.rf.7146863966a15f31abef1f6055438ffe.jpg,GX010666_MP4-0097_jpg.rf.7146863966a15f31abef1f6055438ffe.jpg,1240.158072655875,670.2972900891244,17751.0,218.1258036001655,True
C:\Users\carmonta\Desktop\data-centric-cross-season-transfer\datasets\train_on_2025_all\images\GX010666_MP4-0100_jpg.rf.502fdff33c1c263cd859045822530126.jpg,GX010666_MP4-0100_jpg.rf.502fdff33c1c263cd859045822530126.jpg,936.0847509729199,644.3269911182997,11229.000000000002,282.5793529331981,True
C:\Users\carmonta\Desktop\data-centric-cross-season-transfer\datasets\train_on_2025_all\images\GX010666_MP4-0100_jpg.rf.93182386893c35ca15f2a6e57d022623.jpg,GX010666_MP4-0100_jpg.rf.93182386893c35ca15f2a6e57d022623.jpg,936.0847509729199,644.3269911182997,11229.000000000002,282.5793529331981,True
C:\Users\carmonta\Desktop\data-centric-cross-season-transfer\datasets\train_on_2025_all\images\GX010666_MP4-0101_jpg.rf.25c3654462a1f7064bd6fa2e85241e89.jpg,GX010666_MP4-0101_jpg.rf.25c3654462a1f7064bd6fa2e85241e89.jpg,938.1590953736114,479.60775305325404,7403.5,248.34402507550882,True
C:\Users\carmonta\Desktop\data-centric-cross-season-transfer\datasets\train_on_2025_all\images\GX010666_MP4-0101_jpg.rf.9956ad351bc6cec7176b72e3bdd225a4.jpg,GX010666_MP4-0101_jpg.rf.9956ad351bc6cec7176b72e3bdd225a4.jpg,938.1590953736114,479.60775305325404,7403.5,248.34402507550882,True
C:\Users\carmonta\Desktop\data-centric-cross-season-transfer\datasets\train_on_2025_all\images\GX010666_MP4-0101_jpg.rf.c7894974f6bd06f902fa178e3caf7e07.jpg,GX010666_MP4-0101_jpg.rf.c7894974f6bd06f902fa178e3caf7e07.jpg,938.1590953736114,479.60775305325404,7403.5,248.34402507550882,True
C:\Users\carmonta\Desktop\data-centric-cross-season-transfer\datasets\train_on_2025_all\images\GX010666_MP4-0105_jpg.rf.3a3c59158503fec4edacbb59584dc227.jpg,GX010666_MP4-0105_jpg.rf.3a3c59158503fec4edacbb59584dc227.jpg,766.2819274483467,809.86069276447,15211.0,305.4870355339537,True
C:\Users\carmonta\Desktop\data-centric-cross-season-transfer\datasets\train_on_2025_all\images\GX010666_MP4-0105_jpg.rf.e99df6f0e1741e8b1a39afd5e11017f8.jpg,GX010666_MP4-0105_jpg.rf.e99df6f0e1741e8b1a39afd5e11017f8.jpg,766.2819274483467,809.86069276447,15211.0,305.4870355339537,True
C:\Users\carmonta\Desktop\data-centric-cross-season-transfer\datasets\train_on_2025_all\images\GX010666_MP4-0105_jpg.rf.f12b8bd6b3e0e017e8389b137f37e073.jpg,GX010666_MP4-0105_jpg.rf.f12b8bd6b3e0e017e8389b137f37e073.jpg,766.2819274483467,809.86069276447,15211.0,305.4870355339537,True
C:\Users\carmonta\Desktop\data-centric-cross-season-transfer\datasets\train_on_2025_all\images\GX010666_MP4-0106_jpg.rf.18ec1c13692396dcb4c069714c85e2e6.jpg,GX010666_MP4-0106_jpg.rf.18ec1c13692396dcb4c069714c85e2e6.jpg,826.5689811591876,619.451307022366,18582.0,291.8365472708906,True
C:\Users\carmonta\Desktop\data-centric-cross-season-transfer\datasets\train_on_2025_all\images\GX010666_MP4-0106_jpg.rf.73fa9eecd42d6582ecb64ad266e3c131.jpg,GX010666_MP4-0106_jpg.rf.73fa9eecd42d6582ecb64ad266e3c131.jpg,826.5689811591876,619.451307022366,18582.0,291.8365472708906,True
C:\Users\carmonta\Desktop\data-centric-cross-season-transfer\datasets\train_on_2025_all\images\GX010666_MP4-0106_jpg.rf.cdc1d0e1c3c3e31ae82e83def4bf4cd3.jpg,GX010666_MP4-0106_jpg.rf.cdc1d0e1c3c3e31ae82e83def4bf4cd3.jpg,826.5689811591876,619.451307022366,18582.0,291.8365472708906,True
C:\Users\carmonta\Desktop\data-centric-cross-season-transfer\datasets\train_on_2025_all\images\GX010666_MP4-0108_jpg.rf.7f1320e4bf50858515057630b841e714.jpg,GX010666_MP4-0108_jpg.rf.7f1320e4bf50858515057630b841e714.jpg,976.2339258990794,479.77165370881016,13545.0,253.11065980405644,True
C:\Users\carmonta\Desktop\data-centric-cross-season-transfer\datasets\train_on_2025_all\images\GX010666_MP4-0108_jpg.rf.d032f0a7adbfec6a6e9f7c8b42768add.jpg,GX010666_MP4-0108_jpg.rf.d032f0a7adbfec6a6e9f7c8b42768add.jpg,976.2339258990794,479.77165370881016,13545.0,253.11065980405644,True
C:\Users\carmonta\Desktop\data-centric-cross-season-transfer\datasets\train_on_2025_all\images\GX010666_MP4-0121_jpg.rf.3ede5e9ac6aab1801c87ab28d5a01adc.jpg,GX010666_MP4-0121_jpg.rf.3ede5e9ac6aab1801c87ab28d5a01adc.jpg,1024.3878226495349,605.9130616354204,12146.25,271.08723384565997,True
C:\Users\carmonta\Desktop\data-centric-cross-season-transfer\datasets\train_on_2025_all\images\GX010666_MP4-0121_jpg.rf.6d28ac45bc58f9d6d122d7f7fb5bda67.jpg,GX010666_MP4-0121_jpg.rf.6d28ac45bc58f9d6d122d7f7fb5bda67.jpg,1024.3878226495349,605.9130616354204,12146.25,271.08723384565997,True
C:\Users\carmonta\Desktop\data-centric-cross-season-transfer\datasets\train_on_2025_all\images\GX010666_MP4-0121_jpg.rf.a91deb030dee381b2dd09ffdc4246fe2.jpg,GX010666_MP4-0121_jpg.rf.a91deb030dee381b2dd09ffdc4246fe2.jpg,1024.3878226495349,605.9130616354204,12146.25,271.08723384565997,True
C:\Users\carmonta\Desktop\data-centric-cross-season-transfer\datasets\train_on_2025_all\images\GX010666_MP4-0122_jpg.rf.719390bba0f257a56c2e80735fe6fef4.jpg,GX010666_MP4-0122_jpg.rf.719390bba0f257a56c2e80735fe6fef4.jpg,981.9372216061613,527.0445911482656,14374.999999999998,256.60108519887376,True
C:\Users\carmonta\Desktop\data-centric-cross-season-transfer\datasets\train_on_2025_all\images\GX010666_MP4-0122_jpg.rf.92e59bc7d7352fa11a193bf9778e408b.jpg,GX010666_MP4-0122_jpg.rf.92e59bc7d7352fa11a193bf9778e408b.jpg,981.9372216061613,527.0445911482656,14374.999999999998,256.60108519887376,True
C:\Users\carmonta\Desktop\data-centric-cross-season-transfer\datasets\train_on_2025_all\images\GX010666_MP4-0122_jpg.rf.95b4b1004ab961b8314736c1215ad238.jpg,GX010666_MP4-0122_jpg.rf.95b4b1004ab961b8314736c1215ad238.jpg,981.9372216061613,527.0445911482656,14374.999999999998,256.60108519887376,True
C:\Users\carmonta\Desktop\data-centric-cross-season-transfer\datasets\train_on_2025_all\images\GX010666_MP4-0123_jpg.rf.a58e906d6d470bdf066710f10177bca9.jpg,GX010666_MP4-0123_jpg.rf.a58e906d6d470bdf066710f10177bca9.jpg,936.5276994028023,481.7083305813868,12442.5,245.71511540210844,True
C:\Users\carmonta\Desktop\data-centric-cross-season-transfer\datasets\train_on_2025_all\images\GX010666_MP4-0123_jpg.rf.b73e0c98e8163cfd642144c3ed3478d7.jpg,GX010666_MP4-0123_jpg.rf.b73e0c98e8163cfd642144c3ed3478d7.jpg,936.5276994028023,481.7083305813868,12442.5,245.71511540210844,True
C:\Users\carmonta\Desktop\data-centric-cross-season-transfer\datasets\train_on_2025_all\images\GX010666_MP4-0123_jpg.rf.d30278d147b7b7341c5f1ce8ce32d1d4.jpg,GX010666_MP4-0123_jpg.rf.d30278d147b7b7341c5f1ce8ce32d1d4.jpg,936.5276994028023,481.7083305813868,12442.5,245.71511540210844,True
C:\Users\carmonta\Desktop\data-centric-cross-season-transfer\datasets\train_on_2025_all\images\GX010666_MP4-0124_jpg.rf.0b236bafc24dbef9a26048c9eb207d65.jpg,GX010666_MP4-0124_jpg.rf.0b236bafc24dbef9a26048c9eb207d65.jpg,894.2738324469691,450.2557596271555,9656.0,237.5309585264886,True
C:\Users\carmonta\Desktop\data-centric-cross-season-transfer\datasets\train_on_2025_all\images\GX010666_MP4-0124_jpg.rf.9fdc505dc82f7e5e34df4ff3270e5822.jpg,GX010666_MP4-0124_jpg.rf.9fdc505dc82f7e5e34df4ff3270e5822.jpg,894.2738324469691,450.2557596271555,9656.0,237.5309585264886,True
C:\Users\carmonta\Desktop\data-centric-cross-season-transfer\datasets\train_on_2025_all\images\GX010666_MP4-0124_jpg.rf.ebeda627a778d20a68feb04146376726.jpg,GX010666_MP4-0124_jpg.rf.ebeda627a778d20a68feb04146376726.jpg,894.2738324469691,450.2557596271555,9656.0,237.5309585264886,True
C:\Users\carmonta\Desktop\data-centric-cross-season-transfer\datasets\train_on_2025_all\images\GX010666_MP4-0126_jpg.rf.30f96019850c0c2e4efc0317b535a06a.jpg,GX010666_MP4-0126_jpg.rf.30f96019850c0c2e4efc0317b535a06a.jpg,769.4338481274231,389.54146163022233,19380.0,257.65094865547155,True
C:\Users\carmonta\Desktop\data-centric-cross-season-transfer\datasets\train_on_2025_all\images\GX010666_MP4-0126_jpg.rf.4a4dbc71ee3ea97aea03ddb64b5194a3.jpg,GX010666_MP4-0126_jpg.rf.4a4dbc71ee3ea97aea03ddb64b5194a3.jpg,769.4338481274231,389.54146163022233,19380.0,257.65094865547155,True
C:\Users\carmonta\Desktop\data-centric-cross-season-transfer\datasets\train_on_2025_all\images\GX010666_MP4-0126_jpg.rf.fe40fc7c4382052b19922790a5ee30d0.jpg,GX010666_MP4-0126_jpg.rf.fe40fc7c4382052b19922790a5ee30d0.jpg,769.4338481274231,389.54146163022233,19380.0,257.65094865547155,True
C:\Users\carmonta\Desktop\data-centric-cross-season-transfer\datasets\train_on_2025_all\images\GX010666_MP4-0127_jpg.rf.f943d3c6043828725f1981dd3b9ac23e.jpg,GX010666_MP4-0127_jpg.rf.f943d3c6043828725f1981dd3b9ac23e.jpg,730.2342339387186,374.5247385127554,11465.999999999998,261.84518831926465,True
C:\Users\carmonta\Desktop\data-centric-cross-season-transfer\datasets\train_on_2025_all\images\GX010666_MP4-0131_jpg.rf.6291ba1b5d270531bbcc5d8de8f0ad57.jpg,GX010666_MP4-0131_jpg.rf.6291ba1b5d270531bbcc5d8de8f0ad57.jpg,824.9312214860128,695.3636206951255,9799.999999999998,297.51861132108615,True
C:\Users\carmonta\Desktop\data-centric-cross-season-transfer\datasets\train_on_2025_all\images\GX010666_MP4-0131_jpg.rf.8738a4b1d43250099d4594a372bb4d9a.jpg,GX010666_MP4-0131_jpg.rf.8738a4b1d43250099d4594a372bb4d9a.jpg,824.9312214860128,695.3636206951255,9799.999999999998,297.51861132108615,True
C:\Users\carmonta\Desktop\data-centric-cross-season-transfer\datasets\train_on_2025_all\images\GX010666_MP4-0132_jpg.rf.45f812e8c22920a4abb876956c8b6afc.jpg,GX010666_MP4-0132_jpg.rf.45f812e8c22920a4abb876956c8b6afc.jpg,781.355429543592,675.2164737015987,12379.5,298.5548484448867,True
C:\Users\carmonta\Desktop\data-centric-cross-season-transfer\datasets\train_on_2025_all\images\GX010666_MP4-0132_jpg.rf.f3ba8324dbf8b76ea19272939096bfb6.jpg,GX010666_MP4-0132_jpg.rf.f3ba8324dbf8b76ea19272939096bfb6.jpg,781.355429543592,675.2164737015987,12379.5,298.5548484448867,True
C:\Users\carmonta\Desktop\data-centric-cross-season-transfer\datasets\train_on_2025_all\images\GX010666_MP4-0133_jpg.rf.6f4690f5840ebefa437c64a4d1791fec.jpg,GX010666_MP4-0133_jpg.rf.6f4690f5840ebefa437c64a4d1791fec.jpg,800.9546829630372,655.0164695528222,15360.0,296.38834860048274,True
C:\Users\carmonta\Desktop\data-centric-cross-season-transfer\datasets\train_on_2025_all\images\GX010666_MP4-0133_jpg.rf.7fc43c0792082e2e74b7fb7c5f00607c.jpg,GX010666_MP4-0133_jpg.rf.7fc43c0792082e2e74b7fb7c5f00607c.jpg,800.9546829630372,655.0164695528222,15360.0,296.38834860048274,True
C:\Users\carmonta\Desktop\data-centric-cross-season-transfer\datasets\train_on_2025_all\images\GX010666_MP4-0133_jpg.rf.8ca289ebb473b8253e6ffd00f2dbb911.jpg,GX010666_MP4-0133_jpg.rf.8ca289ebb473b8253e6ffd00f2dbb911.jpg,800.9546829630372,655.0164695528222,15360.0,296.38834860048274,True
C:\Users\carmonta\Desktop\data-centric-cross-season-transfer\datasets\train_on_2025_all\images\GX010666_MP4-0134_jpg.rf.4591e6c9000b48f3f91a07bc89f2dbc3.jpg,GX010666_MP4-0134_jpg.rf.4591e6c9000b48f3f91a07bc89f2dbc3.jpg,863.1432170780955,720.5889951104966,10142.999999999998,297.05777142261445,True
C:\Users\carmonta\Desktop\data-centric-cross-season-transfer\datasets\train_on_2025_all\images\GX010666_MP4-0134_jpg.rf.a1711a5d41b756706b44a35aa6c481ef.jpg,GX010666_MP4-0134_jpg.rf.a1711a5d41b756706b44a35aa6c481ef.jpg,863.1432170780955,720.5889951104966,10142.999999999998,297.05777142261445,True
C:\Users\carmonta\Desktop\data-centric-cross-season-transfer\datasets\train_on_2025_all\images\GX010666_MP4-0134_jpg.rf.b425d32ef26b9291d6496f975eaca287.jpg,GX010666_MP4-0134_jpg.rf.b425d32ef26b9291d6496f975eaca287.jpg,863.1432170780955,720.5889951104966,10142.999999999998,297.05777142261445,True
C:\Users\carmonta\Desktop\data-centric-cross-season-transfer\datasets\train_on_2025_all\images\GX010666_MP4-0135_jpg.rf.6976130dc140283ac6cd1f6de7330461.jpg,GX010666_MP4-0135_jpg.rf.6976130dc140283ac6cd1f6de7330461.jpg,740.9250593097521,438.0589016223828,9916.0,278.7221659692264,True
C:\Users\carmonta\Desktop\data-centric-cross-season-transfer\datasets\train_on_2025_all\images\GX010666_MP4-0135_jpg.rf.baebaf20dac8bff8ffbe78786151f82d.jpg,GX010666_MP4-0135_jpg.rf.baebaf20dac8bff8ffbe78786151f82d.jpg,740.9250593097521,438.0589016223828,9916.0,278.7221659692264,True
C:\Users\carmonta\Desktop\data-centric-cross-season-transfer\datasets\train_on_2025_all\images\GX010666_MP4-0135_jpg.rf.d0c739674d8cfdcf5c5be8f6af0a7b4c.jpg,GX010666_MP4-0135_jpg.rf.d0c739674d8cfdcf5c5be8f6af0a7b4c.jpg,740.9250593097521,438.0589016223828,9916.0,278.7221659692264,True
C:\Users\carmonta\Desktop\data-centric-cross-season-transfer\datasets\train_on_2025_all\images\GX010666_MP4-0136_jpg.rf.cee33e5397bf9e14854bea35d350fddf.jpg,GX010666_MP4-0136_jpg.rf.cee33e5397bf9e14854bea35d350fddf.jpg,815.7793180590573,581.6916131557086,17199.75,290.93186019355704,True
C:\Users\carmonta\Desktop\data-centric-cross-season-transfer\datasets\train_on_2025_all\images\GX010666_MP4-0136_jpg.rf.f7b7aa7003daaf0d57af5b90cd55354e.jpg,GX010666_MP4-0136_jpg.rf.f7b7aa7003daaf0d57af5b90cd55354e.jpg,815.7793180590573,581.6916131557086,17199.75,290.93186019355704,True
C:\Users\carmonta\Desktop\data-centric-cross-season-transfer\datasets\train_on_2025_all\images\GX010666_MP4-0136_jpg.rf.fd16c6902489aa5bac31fd0aacc307ac.jpg,GX010666_MP4-0136_jpg.rf.fd16c6902489aa5bac31fd0aacc307ac.jpg,815.7793180590573,581.6916131557086,17199.75,290.93186019355704,True
C:\Users\carmonta\Desktop\data-centric-cross-season-transfer\datasets\train_on_2025_all\images\GX010666_MP4-0137_jpg.rf.72420965bc8b9cfc7b186fd8ed4e26b6.jpg,GX010666_MP4-0137_jpg.rf.72420965bc8b9cfc7b186fd8ed4e26b6.jpg,908.9687513351478,645.9945648475344,17552.25,290.4754284111671,True
C:\Users\carmonta\Desktop\data-centric-cross-season-transfer\datasets\train_on_2025_all\images\GX010666_MP4-0137_jpg.rf.87bf3be20cc98b447ddec776982c8d05.jpg,GX010666_MP4-0137_jpg.rf.87bf3be20cc98b447ddec776982c8d05.jpg,908.9687513351478,645.9945648475344,17552.25,290.4754284111671,True
C:\Users\carmonta\Desktop\data-centric-cross-season-transfer\datasets\train_on_2025_all\images\GX010666_MP4-0138_jpg.rf.c8f31b83cb2c4207c1492f2f3671e9fd.jpg,GX010666_MP4-0138_jpg.rf.c8f31b83cb2c4207c1492f2f3671e9fd.jpg,968.8859973579607,616.7425509306424,16159.0,283.85259293167553,True
C:\Users\carmonta\Desktop\data-centric-cross-season-transfer\datasets\train_on_2025_all\images\GX010666_MP4-0138_jpg.rf.e2f34b34fb888e564d8ce0bdb7ac4c80.jpg,GX010666_MP4-0138_jpg.rf.e2f34b34fb888e564d8ce0bdb7ac4c80.jpg,968.8859973579607,616.7425509306424,16159.0,283.85259293167553,True
C:\Users\carmonta\Desktop\data-centric-cross-season-transfer\datasets\train_on_2025_all\images\GX010666_MP4-0138_jpg.rf.f958eaafb2d607837ef3fa2ba4d32ed6.jpg,GX010666_MP4-0138_jpg.rf.f958eaafb2d607837ef3fa2ba4d32ed6.jpg,968.8859973579607,616.7425509306424,16159.0,283.85259293167553,True
C:\Users\carmonta\Desktop\data-centric-cross-season-transfer\datasets\train_on_2025_all\images\GX010666_MP4-0139_jpg.rf.096be98e60f57b5b24e59d5a12700dfd.jpg,GX010666_MP4-0139_jpg.rf.096be98e60f57b5b24e59d5a12700dfd.jpg,992.0061170727105,585.4335160958361,10813.75,277.38730413318046,True
C:\Users\carmonta\Desktop\data-centric-cross-season-transfer\datasets\train_on_2025_all\images\GX010666_MP4-0139_jpg.rf.dcf90250b497ab299407200695d3e07d.jpg,GX010666_MP4-0139_jpg.rf.dcf90250b497ab299407200695d3e07d.jpg,992.0061170727105,585.4335160958361,10813.75,277.38730413318046,True
C:\Users\carmonta\Desktop\data-centric-cross-season-transfer\datasets\train_on_2025_all\images\GX010666_MP4-0139_jpg.rf.edb45427a0218808213d14ee3aff459c.jpg,GX010666_MP4-0139_jpg.rf.edb45427a0218808213d14ee3aff459c.jpg,992.0061170727105,585.4335160958361,10813.75,277.38730413318046,True
C:\Users\carmonta\Desktop\data-centric-cross-season-transfer\datasets\train_on_2025_all\images\GX010666_MP4-0140_jpg.rf.cc1eb0d54aa1af3928b44596161f822b.jpg,GX010666_MP4-0140_jpg.rf.cc1eb0d54aa1af3928b44596161f822b.jpg,994.5775408417949,510.41888320129874,10893.75,264.5021689291772,True
C:\Users\carmonta\Desktop\data-centric-cross-season-transfer\datasets\train_on_2025_all\images\GX010666_MP4-0141_jpg.rf.d9e04f06325b708f4e9db8c24be4df7b.jpg,GX010666_MP4-0141_jpg.rf.d9e04f06325b708f4e9db8c24be4df7b.jpg,907.624239252792,580.2169936378584,13459.0,277.8042757864844,True
C:\Users\carmonta\Desktop\data-centric-cross-season-transfer\datasets\train_on_2025_all\images\GX010666_MP4-0141_jpg.rf.e2d702241689b23b159bb11ae984f14b.jpg,GX010666_MP4-0141_jpg.rf.e2d702241689b23b159bb11ae984f14b.jpg,907.624239252792,580.2169936378584,13459.0,277.8042757864844,True
C:\Users\carmonta\Desktop\data-centric-cross-season-transfer\datasets\train_on_2025_all\images\GX010666_MP4-0142_jpg.rf.b602cad639b4aa145befff0fa559f393.jpg,GX010666_MP4-0142_jpg.rf.b602cad639b4aa145befff0fa559f393.jpg,910.2623715221963,539.1370261634281,9912.5,268.75239285845703,True
C:\Users\carmonta\Desktop\data-centric-cross-season-transfer\datasets\train_on_2025_all\images\GX010666_MP4-0142_jpg.rf.cf6e4b2a6c4e8b2610e128d045da10bc.jpg,GX010666_MP4-0142_jpg.rf.cf6e4b2a6c4e8b2610e128d045da10bc.jpg,910.2623715221963,539.1370261634281,9912.5,268.75239285845703,True
C:\Users\carmonta\Desktop\data-centric-cross-season-transfer\datasets\train_on_2025_all\images\GX010666_MP4-0142_jpg.rf.dda217082d0474f6c5f3aa124fb37ccd.jpg,GX010666_MP4-0142_jpg.rf.dda217082d0474f6c5f3aa124fb37ccd.jpg,910.2623715221963,539.1370261634281,9912.5,268.75239285845703,True
C:\Users\carmonta\Desktop\data-centric-cross-season-transfer\datasets\train_on_2025_all\images\GX010666_MP4-0143_jpg.rf.3b3714e69fadc3c1f526d86a9a73ac0b.jpg,GX010666_MP4-0143_jpg.rf.3b3714e69fadc3c1f526d86a9a73ac0b.jpg,1129.806134773523,553.2399238726376,13143.5,246.33286297687556,True
C:\Users\carmonta\Desktop\data-centric-cross-season-transfer\datasets\train_on_2025_all\images\GX010666_MP4-0143_jpg.rf.973bb8a0ebbbdcf187701b947d1bc6a8.jpg,GX010666_MP4-0143_jpg.rf.973bb8a0ebbbdcf187701b947d1bc6a8.jpg,1129.806134773523,553.2399238726376,13143.5,246.33286297687556,True
C:\Users\carmonta\Desktop\data-centric-cross-season-transfer\datasets\train_on_2025_all\images\GX010666_MP4-0144_jpg.rf.11d7195f98f72f7526bc18e580887100.jpg,GX010666_MP4-0144_jpg.rf.11d7195f98f72f7526bc18e580887100.jpg,1172.9325645773706,596.8908891787671,16284.0,253.85689736855676,True
C:\Users\carmonta\Desktop\data-centric-cross-season-transfer\datasets\train_on_2025_all\images\GX010666_MP4-0145_jpg.rf.3d50a8be99b14f90659aef6be2a5096b.jpg,GX010666_MP4-0145_jpg.rf.3d50a8be99b14f90659aef6be2a5096b.jpg,1089.6974762875798,624.0556571665815,17272.5,266.8986908770273,True
C:\Users\carmonta\Desktop\data-centric-cross-season-transfer\datasets\train_on_2025_all\images\GX010666_MP4-0145_jpg.rf.6271beeae2e67ba164e69aa10b0407d9.jpg,GX010666_MP4-0145_jpg.rf.6271beeae2e67ba164e69aa10b0407d9.jpg,1089.6974762875798,624.0556571665815,17272.5,266.8986908770273,True
C:\Users\carmonta\Desktop\data-centric-cross-season-transfer\datasets\train_on_2025_all\images\GX010666_MP4-0145_jpg.rf.6ebbf54dadd39a064c2c0963a073e58c.jpg,GX010666_MP4-0145_jpg.rf.6ebbf54dadd39a064c2c0963a073e58c.jpg,1089.6974762875798,624.0556571665815,17272.5,266.8986908770273,True
C:\Users\carmonta\Desktop\data-centric-cross-season-transfer\datasets\train_on_2025_all\images\GX010666_MP4-0147_jpg.rf.a4bf1f54698fd55138d2486a0098ae38.jpg,GX010666_MP4-0147_jpg.rf.a4bf1f54698fd55138d2486a0098ae38.jpg,1027.6060542069347,529.8220842451022,15438.0,248.57886199823466,True
C:\Users\carmonta\Desktop\data-centric-cross-season-transfer\datasets\train_on_2025_all\images\GX010666_MP4-0147_jpg.rf.eb40812099a25e93b2e0098b89d6e934.jpg,GX010666_MP4-0147_jpg.rf.eb40812099a25e93b2e0098b89d6e934.jpg,1027.6060542069347,529.8220842451022,15438.0,248.57886199823466,True
C:\Users\carmonta\Desktop\data-centric-cross-season-transfer\datasets\train_on_2025_all\images\GX010666_MP4-0148_jpg.rf.1f3d0a8d65f5f6fd85bcc1a979937f64.jpg,GX010666_MP4-0148_jpg.rf.1f3d0a8d65f5f6fd85bcc1a979937f64.jpg,1022.3756049660554,521.7297890689496,15436.0,249.20649367858846,True
C:\Users\carmonta\Desktop\data-centric-cross-season-transfer\datasets\train_on_2025_all\images\GX010666_MP4-0148_jpg.rf.6a9de4138517425a8d338d5a0a633209.jpg,GX010666_MP4-0148_jpg.rf.6a9de4138517425a8d338d5a0a633209.jpg,1022.3756049660554,521.7297890689496,15436.0,249.20649367858846,True
C:\Users\carmonta\Desktop\data-centric-cross-season-transfer\datasets\train_on_2025_all\images\GX010666_MP4-0148_jpg.rf.badcafbe5ee4b71bac4cba467275afe2.jpg,GX010666_MP4-0148_jpg.rf.badcafbe5ee4b71bac4cba467275afe2.jpg,1022.3756049660554,521.7297890689496,15436.0,249.20649367858846,True
C:\Users\carmonta\Desktop\data-centric-cross-season-transfer\datasets\train_on_2025_all\images\GX010666_MP4-0149_jpg.rf.185697bdb0fbaa26489aa8311bb004c5.jpg,GX010666_MP4-0149_jpg.rf.185697bdb0fbaa26489aa8311bb004c5.jpg,1063.729795414383,549.045231456102,11832.000000000002,252.1607984386003,True
C:\Users\carmonta\Desktop\data-centric-cross-season-transfer\datasets\train_on_2025_all\images\GX010666_MP4-0149_jpg.rf.dc9661b7a75d10838469628fbdd3b7d0.jpg,GX010666_MP4-0149_jpg.rf.dc9661b7a75d10838469628fbdd3b7d0.jpg,1063.729795414383,549.045231456102,11832.000000000002,252.1607984386003,True
C:\Users\carmonta\Desktop\data-centric-cross-season-transfer\datasets\train_on_2025_all\images\GX010666_MP4-0150_jpg.rf.3da5b139deb5c1339a83e861591b57d9.jpg,GX010666_MP4-0150_jpg.rf.3da5b139deb5c1339a83e861591b57d9.jpg,1070.8686587319742,557.5015504907461,6510.0,252.13269082150248,True
C:\Users\carmonta\Desktop\data-centric-cross-season-transfer\datasets\train_on_2025_all\images\GX010666_MP4-0150_jpg.rf.477f9d4d825700b656315f6db744e5a7.jpg,GX010666_MP4-0150_jpg.rf.477f9d4d825700b656315f6db744e5a7.jpg,1070.8686587319742,557.5015504907461,6510.0,252.13269082150248,True
C:\Users\carmonta\Desktop\data-centric-cross-season-transfer\datasets\train_on_2025_all\images\GX010666_MP4-0155_jpg.rf.65952bbc95be280353de100e1254694c.jpg,GX010666_MP4-0155_jpg.rf.65952bbc95be280353de100e1254694c.jpg,1186.1408243507037,595.2822222646507,10664.25,234.56634451747675,True
C:\Users\carmonta\Desktop\data-centric-cross-season-transfer\datasets\train_on_2025_all\images\GX010666_MP4-0155_jpg.rf.b3c71857ace56f29fdf0d827a32ce292.jpg,GX010666_MP4-0155_jpg.rf.b3c71857ace56f29fdf0d827a32ce292.jpg,1186.1408243507037,595.2822222646507,10664.25,234.56634451747675,True
C:\Users\carmonta\Desktop\data-centric-cross-season-transfer\datasets\train_on_2025_all\images\GX010666_MP4-0156_jpg.rf.33853f20f39d1be8493da06f0e727cd9.jpg,GX010666_MP4-0156_jpg.rf.33853f20f39d1be8493da06f0e727cd9.jpg,1228.744809785061,617.7925652075646,8787.0,240.5132112342838,True
C:\Users\carmonta\Desktop\data-centric-cross-season-transfer\datasets\train_on_2025_all\images\GX010666_MP4-0156_jpg.rf.bc7ed49f53055dcb96211486d566f5ca.jpg,GX010666_MP4-0156_jpg.rf.bc7ed49f53055dcb96211486d566f5ca.jpg,1228.744809785061,617.7925652075646,8787.0,240.5132112342838,True
C:\Users\carmonta\Desktop\data-centric-cross-season-transfer\datasets\train_on_2025_all\images\GX010666_MP4-0157_jpg.rf.70bd22376696a85b8cbfead72f39979e.jpg,GX010666_MP4-0157_jpg.rf.70bd22376696a85b8cbfead72f39979e.jpg,1225.5786494107097,632.9909005612795,8643.0,249.96458629639045,True
C:\Users\carmonta\Desktop\data-centric-cross-season-transfer\datasets\train_on_2025_all\images\GX010666_MP4-0157_jpg.rf.d1a19ca91e20e33c86bc426ab58b9b6a.jpg,GX010666_MP4-0157_jpg.rf.d1a19ca91e20e33c86bc426ab58b9b6a.jpg,1225.5786494107097,632.9909005612795,8643.0,249.96458629639045,True
C:\Users\carmonta\Desktop\data-centric-cross-season-transfer\datasets\train_on_2025_all\images\GX010666_MP4-0158_jpg.rf.4c572973d94751f1317d4be6923cb4f9.jpg,GX010666_MP4-0158_jpg.rf.4c572973d94751f1317d4be6923cb4f9.jpg,1205.957075042622,625.6320341506182,10381.25,255.25863016718233,True
C:\Users\carmonta\Desktop\data-centric-cross-season-transfer\datasets\train_on_2025_all\images\GX010666_MP4-0158_jpg.rf.e82669177433c044c4ec364bb1ca64dd.jpg,GX010666_MP4-0158_jpg.rf.e82669177433c044c4ec364bb1ca64dd.jpg,1205.957075042622,625.6320341506182,10381.25,255.25863016718233,True
C:\Users\carmonta\Desktop\data-centric-cross-season-transfer\datasets\train_on_2025_all\images\GX010666_MP4-0159_jpg.rf.3310bb4cc409642710ebfa35741a5d90.jpg,GX010666_MP4-0159_jpg.rf.3310bb4cc409642710ebfa35741a5d90.jpg,1150.65476701957,659.6355317288276,8418.0,269.36060266659337,True
C:\Users\carmonta\Desktop\data-centric-cross-season-transfer\datasets\train_on_2025_all\images\GX010666_MP4-0159_jpg.rf.4aedae02c6408d2539c7bc223344752e.jpg,GX010666_MP4-0159_jpg.rf.4aedae02c6408d2539c7bc223344752e.jpg,1150.65476701957,659.6355317288276,8418.0,269.36060266659337,True
C:\Users\carmonta\Desktop\data-centric-cross-season-transfer\datasets\train_on_2025_all\images\GX010666_MP4-0159_jpg.rf.5f8355541de31b08b2d0ba072237210f.jpg,GX010666_MP4-0159_jpg.rf.5f8355541de31b08b2d0ba072237210f.jpg,1150.65476701957,659.6355317288276,8418.0,269.36060266659337,True
C:\Users\carmonta\Desktop\data-centric-cross-season-transfer\datasets\train_on_2025_all\images\GX010666_MP4-0160_jpg.rf.b14b92aec6afef7442c79fcd11b79d6b.jpg,GX010666_MP4-0160_jpg.rf.b14b92aec6afef7442c79fcd11b79d6b.jpg,903.2966662642147,697.2553367615942,9687.5,289.9461085474688,True
C:\Users\carmonta\Desktop\data-centric-cross-season-transfer\datasets\train_on_2025_all\images\GX010666_MP4-0160_jpg.rf.c7913f9106fe323915efdf6a5e3d5886.jpg,GX010666_MP4-0160_jpg.rf.c7913f9106fe323915efdf6a5e3d5886.jpg,903.2966662642147,697.2553367615942,9687.5,289.9461085474688,True
C:\Users\carmonta\Desktop\data-centric-cross-season-transfer\datasets\train_on_2025_all\images\GX010666_MP4-0161_jpg.rf.aacd6c329fdea796a7631a9f86f20c50.jpg,GX010666_MP4-0161_jpg.rf.aacd6c329fdea796a7631a9f86f20c50.jpg,907.1602252534,648.2715816924705,9851.75,285.3109990257206,True
C:\Users\carmonta\Desktop\data-centric-cross-season-transfer\datasets\train_on_2025_all\images\GX010666_MP4-0161_jpg.rf.af237fdb0ea95cebd9938d5ec30d7be7.jpg,GX010666_MP4-0161_jpg.rf.af237fdb0ea95cebd9938d5ec30d7be7.jpg,907.1602252534,648.2715816924705,9851.75,285.3109990257206,True
C:\Users\carmonta\Desktop\data-centric-cross-season-transfer\datasets\train_on_2025_all\images\GX010666_MP4-0161_jpg.rf.cad0177e825c8a427fbbb5d6c4a88762.jpg,GX010666_MP4-0161_jpg.rf.cad0177e825c8a427fbbb5d6c4a88762.jpg,907.1602252534,648.2715816924705,9851.75,285.3109990257206,True
C:\Users\carmonta\Desktop\data-centric-cross-season-transfer\datasets\train_on_2025_all\images\GX010666_MP4-0162_jpg.rf.6c7c0dfc16938edce4905b9bdbd682da.jpg,GX010666_MP4-0162_jpg.rf.6c7c0dfc16938edce4905b9bdbd682da.jpg,837.5745307291834,792.5132238852827,12282.0,298.98109662254325,True
C:\Users\carmonta\Desktop\data-centric-cross-season-transfer\datasets\train_on_2025_all\images\GX010666_MP4-0162_jpg.rf.86dc7ca5f56570b58f6038bec9f4ad20.jpg,GX010666_MP4-0162_jpg.rf.86dc7ca5f56570b58f6038bec9f4ad20.jpg,837.5745307291834,792.5132238852827,12282.0,298.98109662254325,True
C:\Users\carmonta\Desktop\data-centric-cross-season-transfer\datasets\train_on_2025_all\images\GX010666_MP4-0162_jpg.rf.e61f8799b97a1e2c8a984a57382f41b2.jpg,GX010666_MP4-0162_jpg.rf.e61f8799b97a1e2c8a984a57382f41b2.jpg,837.5745307291834,792.5132238852827,12282.0,298.98109662254325,True
C:\Users\carmonta\Desktop\data-centric-cross-season-transfer\datasets\train_on_2025_all\images\GX010666_MP4-0163_jpg.rf.b1e929af3d9b8eba18923a12a9bb9404.jpg,GX010666_MP4-0163_jpg.rf.b1e929af3d9b8eba18923a12a9bb9404.jpg,872.0797536333723,787.1674567632939,11757.75,297.54264297995087,True
C:\Users\carmonta\Desktop\data-centric-cross-season-transfer\datasets\train_on_2025_all\images\GX010666_MP4-0163_jpg.rf.b3d9b32e77c238ea7c913a0fb9ed2a58.jpg,GX010666_MP4-0163_jpg.rf.b3d9b32e77c238ea7c913a0fb9ed2a58.jpg,872.0797536333723,787.1674567632939,11757.75,297.54264297995087,True
C:\Users\carmonta\Desktop\data-centric-cross-season-transfer\datasets\train_on_2025_all\images\GX010666_MP4-0163_jpg.rf.bdebca9e2b090a0307e55958a6fcbd50.jpg,GX010666_MP4-0163_jpg.rf.bdebca9e2b090a0307e55958a6fcbd50.jpg,872.0797536333723,787.1674567632939,11757.75,297.54264297995087,True
C:\Users\carmonta\Desktop\data-centric-cross-season-transfer\datasets\train_on_2025_all\images\GX010666_MP4-0164_jpg.rf.122adb8e3772d01df878f739c4cb7b55.jpg,GX010666_MP4-0164_jpg.rf.122adb8e3772d01df878f739c4cb7b55.jpg,996.1531575739842,724.8891981080596,9222.5,287.74438739401563,True
C:\Users\carmonta\Desktop\data-centric-cross-season-transfer\datasets\train_on_2025_all\images\GX010666_MP4-0164_jpg.rf.a179827a07d2d7e474cb55e645948295.jpg,GX010666_MP4-0164_jpg.rf.a179827a07d2d7e474cb55e645948295.jpg,996.1531575739842,724.8891981080596,9222.5,287.74438739401563,True
C:\Users\carmonta\Desktop\data-centric-cross-season-transfer\datasets\train_on_2025_all\images\GX010666_MP4-0165_jpg.rf.2283e575ea702b69d51b5d24bb64f5ba.jpg,GX010666_MP4-0165_jpg.rf.2283e575ea702b69d51b5d24bb64f5ba.jpg,925.2357016791065,786.6618327203508,17490.0,295.3690886008375,True
C:\Users\carmonta\Desktop\data-centric-cross-season-transfer\datasets\train_on_2025_all\images\GX010666_MP4-0165_jpg.rf.df31d63f1b21c733b0affce30d1a207b.jpg,GX010666_MP4-0165_jpg.rf.df31d63f1b21c733b0affce30d1a207b.jpg,925.2357016791065,786.6618327203508,17490.0,295.3690886008375,True
C:\Users\carmonta\Desktop\data-centric-cross-season-transfer\datasets\train_on_2025_all\images\GX010666_MP4-0165_jpg.rf.f3ebcce7f4754858d77be8861d25714b.jpg,GX010666_MP4-0165_jpg.rf.f3ebcce7f4754858d77be8861d25714b.jpg,925.2357016791065,786.6618327203508,17490.0,295.3690886008375,True
C:\Users\carmonta\Desktop\data-centric-cross-season-transfer\datasets\train_on_2025_all\images\GX010666_MP4-0166_jpg.rf.34d08fa3087e6860a36e42e480f2e10f.jpg,GX010666_MP4-0166_jpg.rf.34d08fa3087e6860a36e42e480f2e10f.jpg,944.350984657239,795.6813359889885,12840.0,295.7581136854931,True
C:\Users\carmonta\Desktop\data-centric-cross-season-transfer\datasets\train_on_2025_all\images\GX010666_MP4-0166_jpg.rf.e57861636bd82ac62cd5da087a493322.jpg,GX010666_MP4-0166_jpg.rf.e57861636bd82ac62cd5da087a493322.jpg,944.350984657239,795.6813359889885,12840.0,295.7581136854931,True
C:\Users\carmonta\Desktop\data-centric-cross-season-transfer\datasets\train_on_2025_all\images\GX010666_MP4-0167_jpg.rf.14be7df8428d866d01cbac2b31827e58.jpg,GX010666_MP4-0167_jpg.rf.14be7df8428d866d01cbac2b31827e58.jpg,1092.770868254836,715.2734034345423,8549.0,281.4248099018495,True
C:\Users\carmonta\Desktop\data-centric-cross-season-transfer\datasets\train_on_2025_all\images\GX010666_MP4-0167_jpg.rf.6a0e0bc9f86616b11bafe77a22cd807a.jpg,GX010666_MP4-0167_jpg.rf.6a0e0bc9f86616b11bafe77a22cd807a.jpg,1092.770868254836,715.2734034345423,8549.0,281.4248099018495,True
C:\Users\carmonta\Desktop\data-centric-cross-season-transfer\datasets\train_on_2025_all\images\GX010666_MP4-0167_jpg.rf.bcd241de4f353ce25dafea894e1bcc84.jpg,GX010666_MP4-0167_jpg.rf.bcd241de4f353ce25dafea894e1bcc84.jpg,1092.770868254836,715.2734034345423,8549.0,281.4248099018495,True
C:\Users\carmonta\Desktop\data-centric-cross-season-transfer\datasets\train_on_2025_all\images\GX010666_MP4-0168_jpg.rf.a2130e37f5fa90da071027d42512e4a8.jpg,GX010666_MP4-0168_jpg.rf.a2130e37f5fa90da071027d42512e4a8.jpg,1127.5906132991504,722.3170270064085,6747.0,280.5081580493339,True
C:\Users\carmonta\Desktop\data-centric-cross-season-transfer\datasets\train_on_2025_all\images\GX010666_MP4-0168_jpg.rf.b2c523b3ad289a80fed83cdec646ccc3.jpg,GX010666_MP4-0168_jpg.rf.b2c523b3ad289a80fed83cdec646ccc3.jpg,1127.5906132991504,722.3170270064085,6747.0,280.5081580493339,True
C:\Users\carmonta\Desktop\data-centric-cross-season-transfer\datasets\train_on_2025_all\images\GX010666_MP4-0168_jpg.rf.c1ad2d08cf2eba0f8d50747dc0153fa3.jpg,GX010666_MP4-0168_jpg.rf.c1ad2d08cf2eba0f8d50747dc0153fa3.jpg,1127.5906132991504,722.3170270064085,6747.0,280.5081580493339,True
C:\Users\carmonta\Desktop\data-centric-cross-season-transfer\datasets\train_on_2025_all\images\GX010666_MP4-0169_jpg.rf.29e84e9b2e5c4b68d64b182f1b4cacf2.jpg,GX010666_MP4-0169_jpg.rf.29e84e9b2e5c4b68d64b182f1b4cacf2.jpg,890.0573987569056,806.0219043348623,9740.5,299.9911294140992,True
C:\Users\carmonta\Desktop\data-centric-cross-season-transfer\datasets\train_on_2025_all\images\GX010666_MP4-0169_jpg.rf.5f8256fad6bc897b78fecf90de26d28c.jpg,GX010666_MP4-0169_jpg.rf.5f8256fad6bc897b78fecf90de26d28c.jpg,890.0573987569056,806.0219043348623,9740.5,299.9911294140992,True
C:\Users\carmonta\Desktop\data-centric-cross-season-transfer\datasets\train_on_2025_all\images\GX010666_MP4-0169_jpg.rf.9d6d0ef80e13c150669e0e47ae7f610f.jpg,GX010666_MP4-0169_jpg.rf.9d6d0ef80e13c150669e0e47ae7f610f.jpg,890.0573987569056,806.0219043348623,9740.5,299.9911294140992,True
C:\Users\carmonta\Desktop\data-centric-cross-season-transfer\datasets\train_on_2025_all\images\GX010666_MP4-0171_jpg.rf.1c7516576d284f20ea2b6c55c0196473.jpg,GX010666_MP4-0171_jpg.rf.1c7516576d284f20ea2b6c55c0196473.jpg,921.5298710031897,761.2633068257861,10327.5,296.1754198653278,True
C:\Users\carmonta\Desktop\data-centric-cross-season-transfer\datasets\train_on_2025_all\images\GX010666_MP4-0171_jpg.rf.5892df0c9b680b17d687a289dc7bf3fd.jpg,GX010666_MP4-0171_jpg.rf.5892df0c9b680b17d687a289dc7bf3fd.jpg,921.5298710031897,761.2633068257861,10327.5,296.1754198653278,True
C:\Users\carmonta\Desktop\data-centric-cross-season-transfer\datasets\train_on_2025_all\images\GX010666_MP4-0172_jpg.rf.46ea6603d3f6280cc7dc482b2d241ddf.jpg,GX010666_MP4-0172_jpg.rf.46ea6603d3f6280cc7dc482b2d241ddf.jpg,937.9995349130515,740.3922151859159,7526.0,293.7179585071409,True
C:\Users\carmonta\Desktop\data-centric-cross-season-transfer\datasets\train_on_2025_all\images\GX010666_MP4-0172_jpg.rf.62f62321b1ee7b732dbdd0dc76e6256e.jpg,GX010666_MP4-0172_jpg.rf.62f62321b1ee7b732dbdd0dc76e6256e.jpg,937.9995349130515,740.3922151859159,7526.0,293.7179585071409,True
C:\Users\carmonta\Desktop\data-centric-cross-season-transfer\datasets\train_on_2025_all\images\GX010666_MP4-0172_jpg.rf.da06a409a3ae69c2308af3cded9459f6.jpg,GX010666_MP4-0172_jpg.rf.da06a409a3ae69c2308af3cded9459f6.jpg,937.9995349130515,740.3922151859159,7526.0,293.7179585071409,True
C:\Users\carmonta\Desktop\data-centric-cross-season-transfer\datasets\train_on_2025_all\images\GX010666_MP4-0173_jpg.rf.44849976f50e5e88c8366d77187afc24.jpg,GX010666_MP4-0173_jpg.rf.44849976f50e5e88c8366d77187afc24.jpg,932.4622136183034,744.4116992745525,11504.5,294.1249204383471,True
C:\Users\carmonta\Desktop\data-centric-cross-season-transfer\datasets\train_on_2025_all\images\GX010666_MP4-0173_jpg.rf.543b257dce5599019a119e6ad0d49851.jpg,GX010666_MP4-0173_jpg.rf.543b257dce5599019a119e6ad0d49851.jpg,932.4622136183034,744.4116992745525,11504.5,294.1249204383471,True
C:\Users\carmonta\Desktop\data-centric-cross-season-transfer\datasets\train_on_2025_all\images\GX010666_MP4-0173_jpg.rf.cecbed30207820d1ca456fe9cb3b5d3f.jpg,GX010666_MP4-0173_jpg.rf.cecbed30207820d1ca456fe9cb3b5d3f.jpg,932.4622136183034,744.4116992745525,11504.5,294.1249204383471,True
C:\Users\carmonta\Desktop\data-centric-cross-season-transfer\datasets\train_on_2025_all\images\GX010666_MP4-0174_jpg.rf.d92cb90ee7db635058e9a539fcd643b8.jpg,GX010666_MP4-0174_jpg.rf.d92cb90ee7db635058e9a539fcd643b8.jpg,914.3038490203884,768.9815699659473,9581.0,297.24656128343344,True
C:\Users\carmonta\Desktop\data-centric-cross-season-transfer\datasets\train_on_2025_all\images\GX010666_MP4-0174_jpg.rf.e6399b7bc5b4dea7d41283ab5627802b.jpg,GX010666_MP4-0174_jpg.rf.e6399b7bc5b4dea7d41283ab5627802b.jpg,914.3038490203884,768.9815699659473,9581.0,297.24656128343344,True
C:\Users\carmonta\Desktop\data-centric-cross-season-transfer\datasets\train_on_2025_all\images\GX010666_MP4-0176_jpg.rf.73a07a057763a46858d070591e58cd6e.jpg,GX010666_MP4-0176_jpg.rf.73a07a057763a46858d070591e58cd6e.jpg,867.6718457325372,801.2368785764728,10346.25,301.1936966876977,True
C:\Users\carmonta\Desktop\data-centric-cross-season-transfer\datasets\train_on_2025_all\images\GX010666_MP4-0176_jpg.rf.a475550e9772e278cbecfd9f19873f7f.jpg,GX010666_MP4-0176_jpg.rf.a475550e9772e278cbecfd9f19873f7f.jpg,867.6718457325372,801.2368785764728,10346.25,301.1936966876977,True
C:\Users\carmonta\Desktop\data-centric-cross-season-transfer\datasets\train_on_2025_all\images\GX010666_MP4-0178_jpg.rf.3205d1496838c8245eded20c93b19ceb.jpg,GX010666_MP4-0178_jpg.rf.3205d1496838c8245eded20c93b19ceb.jpg,910.321928069872,754.6395334909726,14920.5,296.2367251711343,True
C:\Users\carmonta\Desktop\data-centric-cross-season-transfer\datasets\train_on_2025_all\images\GX010666_MP4-0178_jpg.rf.d3ed4cacc4b5e9b3b8dd7df61bd783b1.jpg,GX010666_MP4-0178_jpg.rf.d3ed4cacc4b5e9b3b8dd7df61bd783b1.jpg,910.321928069872,754.6395334909726,14920.5,296.2367251711343,True
C:\Users\carmonta\Desktop\data-centric-cross-season-transfer\datasets\train_on_2025_all\images\GX010666_MP4-0178_jpg.rf.d552a067f5d78ef0949e2259b0a93d21.jpg,GX010666_MP4-0178_jpg.rf.d552a067f5d78ef0949e2259b0a93d21.jpg,910.321928069872,754.6395334909726,14920.5,296.2367251711343,True
C:\Users\carmonta\Desktop\data-centric-cross-season-transfer\datasets\train_on_2025_all\images\GX010666_MP4-0179_jpg.rf.731c55c255798b7af36adc7cd0d0d843.jpg,GX010666_MP4-0179_jpg.rf.731c55c255798b7af36adc7cd0d0d843.jpg,931.2503894668956,769.6871712289827,13376.0,294.49911082008447,True
C:\Users\carmonta\Desktop\data-centric-cross-season-transfer\datasets\train_on_2025_all\images\GX010666_MP4-0179_jpg.rf.b4bc56fdd74196573fe395c5c211b790.jpg,GX010666_MP4-0179_jpg.rf.b4bc56fdd74196573fe395c5c211b790.jpg,931.2503894668956,769.6871712289827,13376.0,294.49911082008447,True
C:\Users\carmonta\Desktop\data-centric-cross-season-transfer\datasets\train_on_2025_all\images\GX010666_MP4-0180_jpg.rf.33bf07bd8c302a0bc5c64f11bfe912c7.jpg,GX010666_MP4-0180_jpg.rf.33bf07bd8c302a0bc5c64f11bfe912c7.jpg,960.1443246788918,720.056585965372,11025.0,288.72641486898743,True
C:\Users\carmonta\Desktop\data-centric-cross-season-transfer\datasets\train_on_2025_all\images\GX010666_MP4-0180_jpg.rf.6e77f23480680a2befbf6bdb62d670bc.jpg,GX010666_MP4-0180_jpg.rf.6e77f23480680a2befbf6bdb62d670bc.jpg,960.1443246788918,720.056585965372,11025.0,288.72641486898743,True
C:\Users\carmonta\Desktop\data-centric-cross-season-transfer\datasets\train_on_2025_all\images\GX010666_MP4-0181_jpg.rf.1fcb45b4c62b6b451d72e3486439477e.jpg,GX010666_MP4-0181_jpg.rf.1fcb45b4c62b6b451d72e3486439477e.jpg,985.7259544183913,690.6544289753195,11973.5,283.15077418119694,True
C:\Users\carmonta\Desktop\data-centric-cross-season-transfer\datasets\train_on_2025_all\images\GX010666_MP4-0181_jpg.rf.827bdda7c9926d29e700ea6a777b0928.jpg,GX010666_MP4-0181_jpg.rf.827bdda7c9926d29e700ea6a777b0928.jpg,985.7259544183913,690.6544289753195,11973.5,283.15077418119694,True
C:\Users\carmonta\Desktop\data-centric-cross-season-transfer\datasets\train_on_2025_all\images\GX010666_MP4-0181_jpg.rf.96f4bae8dd9d4331a6f616ee8ee7078f.jpg,GX010666_MP4-0181_jpg.rf.96f4bae8dd9d4331a6f616ee8ee7078f.jpg,985.7259544183913,690.6544289753195,11973.5,283.15077418119694,True
C:\Users\carmonta\Desktop\data-centric-cross-season-transfer\datasets\train_on_2025_all\images\GX010666_MP4-0182_jpg.rf.588dbf4cfd7db242b47f3d6ec0e111ab.jpg,GX010666_MP4-0182_jpg.rf.588dbf4cfd7db242b47f3d6ec0e111ab.jpg,1021.0452162040426,672.4064516167658,9197.5,280.18637612179805,True
C:\Users\carmonta\Desktop\data-centric-cross-season-transfer\datasets\train_on_2025_all\images\GX010666_MP4-0182_jpg.rf.8baf7fe782c37fbb5fb614c5cfd6d8e9.jpg,GX010666_MP4-0182_jpg.rf.8baf7fe782c37fbb5fb614c5cfd6d8e9.jpg,1021.0452162040426,672.4064516167658,9197.5,280.18637612179805,True
C:\Users\carmonta\Desktop\data-centric-cross-season-transfer\datasets\train_on_2025_all\images\GX010666_MP4-0182_jpg.rf.e209c20c67968a60f584769f6495a501.jpg,GX010666_MP4-0182_jpg.rf.e209c20c67968a60f584769f6495a501.jpg,1021.0452162040426,672.4064516167658,9197.5,280.18637612179805,True
C:\Users\carmonta\Desktop\data-centric-cross-season-transfer\datasets\train_on_2025_all\images\GX010666_MP4-0183_jpg.rf.3acf3fe42086ba1daa4e43a105fad83c.jpg,GX010666_MP4-0183_jpg.rf.3acf3fe42086ba1daa4e43a105fad83c.jpg,1036.1481562458891,655.1730207994209,12831.0,276.3393437573908,True
C:\Users\carmonta\Desktop\data-centric-cross-season-transfer\datasets\train_on_2025_all\images\GX010666_MP4-0183_jpg.rf.5ff5827c6d87b1cefc4613b3f63df988.jpg,GX010666_MP4-0183_jpg.rf.5ff5827c6d87b1cefc4613b3f63df988.jpg,1036.1481562458891,655.1730207994209,12831.0,276.3393437573908,True
C:\Users\carmonta\Desktop\data-centric-cross-season-transfer\datasets\train_on_2025_all\images\GX010666_MP4-0183_jpg.rf.780651479113ecfd3720ddf2a498e4fa.jpg,GX010666_MP4-0183_jpg.rf.780651479113ecfd3720ddf2a498e4fa.jpg,1036.1481562458891,655.1730207994209,12831.0,276.3393437573908,True
C:\Users\carmonta\Desktop\data-centric-cross-season-transfer\datasets\train_on_2025_all\images\GX010666_MP4-0184_jpg.rf.4fa0ee02a81f8f70bbbeb4ca5582b0ea.jpg,GX010666_MP4-0184_jpg.rf.4fa0ee02a81f8f70bbbeb4ca5582b0ea.jpg,1036.1070473871255,637.5520151124814,11550.0,273.96463324084897,True
C:\Users\carmonta\Desktop\data-centric-cross-season-transfer\datasets\train_on_2025_all\images\GX010666_MP4-0184_jpg.rf.ca2d2b25f35affe635b905d0275be346.jpg,GX010666_MP4-0184_jpg.rf.ca2d2b25f35affe635b905d0275be346.jpg,1036.1070473871255,637.5520151124814,11550.0,273.96463324084897,True
C:\Users\carmonta\Desktop\data-centric-cross-season-transfer\datasets\train_on_2025_all\images\GX010666_MP4-0184_jpg.rf.dcb222b8c5149b786e77a2e836cf4146.jpg,GX010666_MP4-0184_jpg.rf.dcb222b8c5149b786e77a2e836cf4146.jpg,1036.1070473871255,637.5520151124814,11550.0,273.96463324084897,True
C:\Users\carmonta\Desktop\data-centric-cross-season-transfer\datasets\train_on_2025_all\images\GX010666_MP4-0185_jpg.rf.40388c56d9b0ca52d9facdda9509e263.jpg,GX010666_MP4-0185_jpg.rf.40388c56d9b0ca52d9facdda9509e263.jpg,1039.017468083414,614.9996754340849,17160.0,269.7294540938395,True
C:\Users\carmonta\Desktop\data-centric-cross-season-transfer\datasets\train_on_2025_all\images\GX010666_MP4-0185_jpg.rf.5a2e8cac7f4d033184a3acc15a3a9196.jpg,GX010666_MP4-0185_jpg.rf.5a2e8cac7f4d033184a3acc15a3a9196.jpg,1039.017468083414,614.9996754340849,17160.0,269.7294540938395,True
C:\Users\carmonta\Desktop\data-centric-cross-season-transfer\datasets\train_on_2025_all\images\GX010666_MP4-0185_jpg.rf.69acb8652903b3dd1b9cef1f6386af50.jpg,GX010666_MP4-0185_jpg.rf.69acb8652903b3dd1b9cef1f6386af50.jpg,1039.017468083414,614.9996754340849,17160.0,269.7294540938395,True
C:\Users\carmonta\Desktop\data-centric-cross-season-transfer\datasets\train_on_2025_all\images\GX010666_MP4-0186_jpg.rf.07825e8e2fb4f424b3de3158f563cb74.jpg,GX010666_MP4-0186_jpg.rf.07825e8e2fb4f424b3de3158f563cb74.jpg,1049.1629976504219,602.8512057812369,16899.0,266.74159514532147,True
C:\Users\carmonta\Desktop\data-centric-cross-season-transfer\datasets\train_on_2025_all\images\GX010666_MP4-0186_jpg.rf.9ef2417ae4f277ba1e0577b6c9dbe6b7.jpg,GX010666_MP4-0186_jpg.rf.9ef2417ae4f277ba1e0577b6c9dbe6b7.jpg,1049.1629976504219,602.8512057812369,16899.0,266.74159514532147,True
C:\Users\carmonta\Desktop\data-centric-cross-season-transfer\datasets\train_on_2025_all\images\GX010666_MP4-0187_jpg.rf.5fd44cda6ace0f37958a27b738e8df80.jpg,GX010666_MP4-0187_jpg.rf.5fd44cda6ace0f37958a27b738e8df80.jpg,1066.932996221563,585.6821324781434,14652.000000000002,260.87972385659236,True
C:\Users\carmonta\Desktop\data-centric-cross-season-transfer\datasets\train_on_2025_all\images\GX010666_MP4-0187_jpg.rf.cf744328786a0109e02ec6aa7061fd26.jpg,GX010666_MP4-0187_jpg.rf.cf744328786a0109e02ec6aa7061fd26.jpg,1066.932996221563,585.6821324781434,14652.000000000002,260.87972385659236,True
C:\Users\carmonta\Desktop\data-centric-cross-season-transfer\datasets\train_on_2025_all\images\GX010666_MP4-0187_jpg.rf.d6c50be8e4a785add1232b37699f08c3.jpg,GX010666_MP4-0187_jpg.rf.d6c50be8e4a785add1232b37699f08c3.jpg,1066.932996221563,585.6821324781434,14652.000000000002,260.87972385659236,True
C:\Users\carmonta\Desktop\data-centric-cross-season-transfer\datasets\train_on_2025_all\images\GX010666_MP4-0188_jpg.rf.1c27bd10244da70c4aeda03c725c1573.jpg,GX010666_MP4-0188_jpg.rf.1c27bd10244da70c4aeda03c725c1573.jpg,1079.4481464373603,575.8572576155766,16065.499999999998,255.42043010188635,True
C:\Users\carmonta\Desktop\data-centric-cross-season-transfer\datasets\train_on_2025_all\images\GX010666_MP4-0188_jpg.rf.c8627dca2b0b9385c8faac662932d8d7.jpg,GX010666_MP4-0188_jpg.rf.c8627dca2b0b9385c8faac662932d8d7.jpg,1079.4481464373603,575.8572576155766,16065.499999999998,255.42043010188635,True
C:\Users\carmonta\Desktop\data-centric-cross-season-transfer\datasets\train_on_2025_all\images\GX010666_MP4-0188_jpg.rf.da00b8a782eabd4d35cecee82dee7f52.jpg,GX010666_MP4-0188_jpg.rf.da00b8a782eabd4d35cecee82dee7f52.jpg,1079.4481464373603,575.8572576155766,16065.499999999998,255.42043010188635,True
C:\Users\carmonta\Desktop\data-centric-cross-season-transfer\datasets\train_on_2025_all\images\GX010666_MP4-0189_jpg.rf.0c267404cce0f03350b195f1c90f1bfe.jpg,GX010666_MP4-0189_jpg.rf.0c267404cce0f03350b195f1c90f1bfe.jpg,1080.5203874309514,565.9578332970272,11890.25,253.0257176173726,True
C:\Users\carmonta\Desktop\data-centric-cross-season-transfer\datasets\train_on_2025_all\images\GX010666_MP4-0189_jpg.rf.77fdee90b9a4a11e81201c02af0d2ef9.jpg,GX010666_MP4-0189_jpg.rf.77fdee90b9a4a11e81201c02af0d2ef9.jpg,1080.5203874309514,565.9578332970272,11890.25,253.0257176173726,True
C:\Users\carmonta\Desktop\data-centric-cross-season-transfer\datasets\train_on_2025_all\images\GX010666_MP4-0190_jpg.rf.93299b04d6fa31fa6b4659a66ab998e4.jpg,GX010666_MP4-0190_jpg.rf.93299b04d6fa31fa6b4659a66ab998e4.jpg,876.4356965298338,587.5357544275132,16038.000000000002,280.1276525035912,True
C:\Users\carmonta\Desktop\data-centric-cross-season-transfer\datasets\train_on_2025_all\images\GX010666_MP4-0190_jpg.rf.b20456ae0138a081a09874033b8e5e8d.jpg,GX010666_MP4-0190_jpg.rf.b20456ae0138a081a09874033b8e5e8d.jpg,876.4356965298338,587.5357544275132,16038.000000000002,280.1276525035912,True
C:\Users\carmonta\Desktop\data-centric-cross-season-transfer\datasets\train_on_2025_all\images\GX010666_MP4-0190_jpg.rf.fd4c3c03642cc5917d49cde71254dfa7.jpg,GX010666_MP4-0190_jpg.rf.fd4c3c03642cc5917d49cde71254dfa7.jpg,876.4356965298338,587.5357544275132,16038.000000000002,280.1276525035912,True
C:\Users\carmonta\Desktop\data-centric-cross-season-transfer\datasets\train_on_2025_all\images\GX010666_MP4-0191_jpg.rf.324cc4ef7acc4e585c61ae7e69123ac3.jpg,GX010666_MP4-0191_jpg.rf.324cc4ef7acc4e585c61ae7e69123ac3.jpg,927.0303663272003,650.7763826486963,15533.0,282.85340970908794,True
C:\Users\carmonta\Desktop\data-centric-cross-season-transfer\datasets\train_on_2025_all\images\GX010666_MP4-0191_jpg.rf.8c7275c9f2b3b5af70d8be286fd0d919.jpg,GX010666_MP4-0191_jpg.rf.8c7275c9f2b3b5af70d8be286fd0d919.jpg,927.0303663272003,650.7763826486963,15533.0,282.85340970908794,True
C:\Users\carmonta\Desktop\data-centric-cross-season-transfer\datasets\train_on_2025_all\images\GX010666_MP4-0191_jpg.rf.fee9b3e22106fe504a576fbc8195d3f3.jpg,GX010666_MP4-0191_jpg.rf.fee9b3e22106fe504a576fbc8195d3f3.jpg,927.0303663272003,650.7763826486963,15533.0,282.85340970908794,True
C:\Users\carmonta\Desktop\data-centric-cross-season-transfer\datasets\train_on_2025_all\images\GX010666_MP4-0192_jpg.rf.72e880c4f038d84a489b78ffd2548522.jpg,GX010666_MP4-0192_jpg.rf.72e880c4f038d84a489b78ffd2548522.jpg,997.6310177259687,685.9071506895364,17646.75,281.55823552408026,True
C:\Users\carmonta\Desktop\data-centric-cross-season-transfer\datasets\train_on_2025_all\images\GX010666_MP4-0192_jpg.rf.82de175dd379ee194d3192d21afb5273.jpg,GX010666_MP4-0192_jpg.rf.82de175dd379ee194d3192d21afb5273.jpg,997.6310177259687,685.9071506895364,17646.75,281.55823552408026,True
C:\Users\carmonta\Desktop\data-centric-cross-season-transfer\datasets\train_on_2025_all\images\GX010666_MP4-0192_jpg.rf.cce5dfebfaebc3c33be6646968a7e593.jpg,GX010666_MP4-0192_jpg.rf.cce5dfebfaebc3c33be6646968a7e593.jpg,997.6310177259687,685.9071506895364,17646.75,281.55823552408026,True
C:\Users\carmonta\Desktop\data-centric-cross-season-transfer\datasets\train_on_2025_all\images\GX010666_MP4-0193_jpg.rf.5c17f224fe9877bf01f9129f645dfd97.jpg,GX010666_MP4-0193_jpg.rf.5c17f224fe9877bf01f9129f645dfd97.jpg,1022.6634918541334,661.474498627493,21106.0,276.8120468468287,True
C:\Users\carmonta\Desktop\data-centric-cross-season-transfer\datasets\train_on_2025_all\images\GX010666_MP4-0193_jpg.rf.68ff82daca9be7008b6e505503704940.jpg,GX010666_MP4-0193_jpg.rf.68ff82daca9be7008b6e505503704940.jpg,1022.6634918541334,661.474498627493,21106.0,276.8120468468287,True
C:\Users\carmonta\Desktop\data-centric-cross-season-transfer\datasets\train_on_2025_all\images\GX010666_MP4-0193_jpg.rf.ba092eac9df69c09df0dc25577be5691.jpg,GX010666_MP4-0193_jpg.rf.ba092eac9df69c09df0dc25577be5691.jpg,1022.6634918541334,661.474498627493,21106.0,276.8120468468287,True
C:\Users\carmonta\Desktop\data-centric-cross-season-transfer\datasets\train_on_2025_all\images\GX010666_MP4-0194_jpg.rf.0f7d6d56318782aad07b413f4e75908d.jpg,GX010666_MP4-0194_jpg.rf.0f7d6d56318782aad07b413f4e75908d.jpg,1017.2003820319325,635.9318266825638,16243.5,273.2639136628332,True
C:\Users\carmonta\Desktop\data-centric-cross-season-transfer\datasets\train_on_2025_all\images\GX010666_MP4-0194_jpg.rf.1062958b1c75723d9ec4817507cd9b3a.jpg,GX010666_MP4-0194_jpg.rf.1062958b1c75723d9ec4817507cd9b3a.jpg,1017.2003820319325,635.9318266825638,16243.5,273.2639136628332,True
C:\Users\carmonta\Desktop\data-centric-cross-season-transfer\datasets\train_on_2025_all\images\GX010666_MP4-0194_jpg.rf.c5570f731b4198c9101d8ae5118781e4.jpg,GX010666_MP4-0194_jpg.rf.c5570f731b4198c9101d8ae5118781e4.jpg,1017.2003820319325,635.9318266825638,16243.5,273.2639136628332,True
C:\Users\carmonta\Desktop\data-centric-cross-season-transfer\datasets\train_on_2025_all\images\GX010666_MP4-0196_jpg.rf.1f79210dbb73bd51a960231767d45d8d.jpg,GX010666_MP4-0196_jpg.rf.1f79210dbb73bd51a960231767d45d8d.jpg,963.443212597811,537.5062609171459,14651.0,273.49931373343236,True
C:\Users\carmonta\Desktop\data-centric-cross-season-transfer\datasets\train_on_2025_all\images\GX010666_MP4-0196_jpg.rf.531e2e0e72650d9bbcd215a29aa2b311.jpg,GX010666_MP4-0196_jpg.rf.531e2e0e72650d9bbcd215a29aa2b311.jpg,963.443212597811,537.5062609171459,14651.0,273.49931373343236,True
C:\Users\carmonta\Desktop\data-centric-cross-season-transfer\datasets\train_on_2025_all\images\GX010666_MP4-0196_jpg.rf.68a85c7eba4b8e6803749ac0327b66f6.jpg,GX010666_MP4-0196_jpg.rf.68a85c7eba4b8e6803749ac0327b66f6.jpg,963.443212597811,537.5062609171459,14651.0,273.49931373343236,True
C:\Users\carmonta\Desktop\data-centric-cross-season-transfer\datasets\train_on_2025_all\images\GX010666_MP4-0197_jpg.rf.16d2af1c968bc7b892db557680f8e433.jpg,GX010666_MP4-0197_jpg.rf.16d2af1c968bc7b892db557680f8e433.jpg,924.2799138688097,564.1588513714422,19669.5,281.69213474807844,True
C:\Users\carmonta\Desktop\data-centric-cross-season-transfer\datasets\train_on_2025_all\images\GX010666_MP4-0198_jpg.rf.283151b5d3fce0ffe6c930b2f8e8267e.jpg,GX010666_MP4-0198_jpg.rf.283151b5d3fce0ffe6c930b2f8e8267e.jpg,877.9767163621448,607.8267497181772,18012.749999999996,289.60662698535066,True
C:\Users\carmonta\Desktop\data-centric-cross-season-transfer\datasets\train_on_2025_all\images\GX010666_MP4-0198_jpg.rf.b011c265ff56895e5c19ae7c9f252019.jpg,GX010666_MP4-0198_jpg.rf.b011c265ff56895e5c19ae7c9f252019.jpg,877.9767163621448,607.8267497181772,18012.749999999996,289.60662698535066,True
C:\Users\carmonta\Desktop\data-centric-cross-season-transfer\datasets\train_on_2025_all\images\GX010666_MP4-0199_jpg.rf.228ab633bfa62d52a3ec25533b117d6b.jpg,GX010666_MP4-0199_jpg.rf.228ab633bfa62d52a3ec25533b117d6b.jpg,867.7781106849541,642.0517924506254,20149.5,294.034352516896,True
C:\Users\carmonta\Desktop\data-centric-cross-season-transfer\datasets\train_on_2025_all\images\GX010666_MP4-0199_jpg.rf.6be19237689989f2aa5e5055bd9edd4e.jpg,GX010666_MP4-0199_jpg.rf.6be19237689989f2aa5e5055bd9edd4e.jpg,867.7781106849541,642.0517924506254,20149.5,294.034352516896,True
C:\Users\carmonta\Desktop\data-centric-cross-season-transfer\datasets\train_on_2025_all\images\GX010666_MP4-0200_jpg.rf.a9268edc738dbcb8d27b581a482d295d.jpg,GX010666_MP4-0200_jpg.rf.a9268edc738dbcb8d27b581a482d295d.jpg,889.0506735180533,695.1612620740628,13066.0,295.7543072451075,True
C:\Users\carmonta\Desktop\data-centric-cross-season-transfer\datasets\train_on_2025_all\images\GX010666_MP4-0200_jpg.rf.af995ff50b479a883f01ed8bd1ba1d6f.jpg,GX010666_MP4-0200_jpg.rf.af995ff50b479a883f01ed8bd1ba1d6f.jpg,889.0506735180533,695.1612620740628,13066.0,295.7543072451075,True
C:\Users\carmonta\Desktop\data-centric-cross-season-transfer\datasets\train_on_2025_all\images\GX010666_MP4-0200_jpg.rf.c3a9e9170c77a8dcb74e165d528ef0c2.jpg,GX010666_MP4-0200_jpg.rf.c3a9e9170c77a8dcb74e165d528ef0c2.jpg,889.0506735180533,695.1612620740628,13066.0,295.7543072451075,True
C:\Users\carmonta\Desktop\data-centric-cross-season-transfer\datasets\train_on_2025_all\images\GX010666_MP4-0201_jpg.rf.442c7a0afb25aca8855f9b184df47990.jpg,GX010666_MP4-0201_jpg.rf.442c7a0afb25aca8855f9b184df47990.jpg,922.8588346289076,744.326620541552,11815.25,297.04018079848777,True
C:\Users\carmonta\Desktop\data-centric-cross-season-transfer\datasets\train_on_2025_all\images\GX010666_MP4-0201_jpg.rf.d293cac97db7deb772909bbf501cc2ab.jpg,GX010666_MP4-0201_jpg.rf.d293cac97db7deb772909bbf501cc2ab.jpg,922.8588346289076,744.326620541552,11815.25,297.04018079848777,True
C:\Users\carmonta\Desktop\data-centric-cross-season-transfer\datasets\train_on_2025_all\images\GX010666_MP4-0202_jpg.rf.05c4a3388dd2b03169c95664046b051a.jpg,GX010666_MP4-0202_jpg.rf.05c4a3388dd2b03169c95664046b051a.jpg,900.7452141387531,750.9222341866773,12059.5,297.8773138250609,True
C:\Users\carmonta\Desktop\data-centric-cross-season-transfer\datasets\train_on_2025_all\images\GX010666_MP4-0202_jpg.rf.0f34f63cbc64f1c4102ef818fbb1a577.jpg,GX010666_MP4-0202_jpg.rf.0f34f63cbc64f1c4102ef818fbb1a577.jpg,900.7452141387531,750.9222341866773,12059.5,297.8773138250609,True
C:\Users\carmonta\Desktop\data-centric-cross-season-transfer\datasets\train_on_2025_all\images\GX010666_MP4-0202_jpg.rf.aa3db9e764637bfd4e097314fafb755b.jpg,GX010666_MP4-0202_jpg.rf.aa3db9e764637bfd4e097314fafb755b.jpg,900.7452141387531,750.9222341866773,12059.5,297.8773138250609,True
C:\Users\carmonta\Desktop\data-centric-cross-season-transfer\datasets\train_on_2025_all\images\GX010666_MP4-0203_jpg.rf.0ba39dbd5bea214aa502f333304aac21.jpg,GX010666_MP4-0203_jpg.rf.0ba39dbd5bea214aa502f333304aac21.jpg,1036.0917992732834,525.8150327376384,11739.0,238.5092619208017,True
C:\Users\carmonta\Desktop\data-centric-cross-season-transfer\datasets\train_on_2025_all\images\GX010666_MP4-0203_jpg.rf.c8720c4d742e6f04e580e268f8fd6880.jpg,GX010666_MP4-0203_jpg.rf.c8720c4d742e6f04e580e268f8fd6880.jpg,1036.0917992732834,525.8150327376384,11739.0,238.5092619208017,True
C:\Users\carmonta\Desktop\data-centric-cross-season-transfer\datasets\train_on_2025_all\images\GX010666_MP4-0203_jpg.rf.c8dc3bc4e44c4aa691c9d82be9761b5e.jpg,GX010666_MP4-0203_jpg.rf.c8dc3bc4e44c4aa691c9d82be9761b5e.jpg,1036.0917992732834,525.8150327376384,11739.0,238.5092619208017,True
C:\Users\carmonta\Desktop\data-centric-cross-season-transfer\datasets\train_on_2025_all\images\GX010666_MP4-0204_jpg.rf.1c0fd056a5097543ac62a73e535b29d8.jpg,GX010666_MP4-0204_jpg.rf.1c0fd056a5097543ac62a73e535b29d8.jpg,916.2082376668602,689.0624188095475,19865.0,293.7274849262251,True
C:\Users\carmonta\Desktop\data-centric-cross-season-transfer\datasets\train_on_2025_all\images\GX010666_MP4-0204_jpg.rf.416f1c54aae4d9e56baa12a695c91656.jpg,GX010666_MP4-0204_jpg.rf.416f1c54aae4d9e56baa12a695c91656.jpg,916.2082376668602,689.0624188095475,19865.0,293.7274849262251,True
C:\Users\carmonta\Desktop\data-centric-cross-season-transfer\datasets\train_on_2025_all\images\GX010666_MP4-0204_jpg.rf.cabb4f1801a0b451341c44ca5fd545ee.jpg,GX010666_MP4-0204_jpg.rf.cabb4f1801a0b451341c44ca5fd545ee.jpg,916.2082376668602,689.0624188095475,19865.0,293.7274849262251,True
C:\Users\carmonta\Desktop\data-centric-cross-season-transfer\datasets\train_on_2025_all\images\GX010666_MP4-0205_jpg.rf.535948819d54267c35bc97fc5eeee964.jpg,GX010666_MP4-0205_jpg.rf.535948819d54267c35bc97fc5eeee964.jpg,911.7485563027153,606.3063246427182,16102.5,287.1956408166034,True
C:\Users\carmonta\Desktop\data-centric-cross-season-transfer\datasets\train_on_2025_all\images\GX010666_MP4-0205_jpg.rf.86012c77ebca7152e82b33d97dda3234.jpg,GX010666_MP4-0205_jpg.rf.86012c77ebca7152e82b33d97dda3234.jpg,911.7485563027153,606.3063246427182,16102.5,287.1956408166034,True
C:\Users\carmonta\Desktop\data-centric-cross-season-transfer\datasets\train_on_2025_all\images\GX010666_MP4-0206_jpg.rf.cba51445898514391cea0cb662b0dfaa.jpg,GX010666_MP4-0206_jpg.rf.cba51445898514391cea0cb662b0dfaa.jpg,1105.4491580281622,569.2033797053735,14403.999999999998,247.408013375207,True
C:\Users\carmonta\Desktop\data-centric-cross-season-transfer\datasets\train_on_2025_all\images\GX010666_MP4-0206_jpg.rf.f4602c49454fe61ffd24f1dc8be22cb4.jpg,GX010666_MP4-0206_jpg.rf.f4602c49454fe61ffd24f1dc8be22cb4.jpg,1105.4491580281622,569.2033797053735,14403.999999999998,247.408013375207,True
C:\Users\carmonta\Desktop\data-centric-cross-season-transfer\datasets\train_on_2025_all\images\GX010666_MP4-0206_jpg.rf.fc534f35c8ba7b6314df53377248d722.jpg,GX010666_MP4-0206_jpg.rf.fc534f35c8ba7b6314df53377248d722.jpg,1105.4491580281622,569.2033797053735,14403.999999999998,247.408013375207,True
C:\Users\carmonta\Desktop\data-centric-cross-season-transfer\datasets\train_on_2025_all\images\GX010666_MP4-0207_jpg.rf.391c2af893fa2e8b0a8863aaa13e9adf.jpg,GX010666_MP4-0207_jpg.rf.391c2af893fa2e8b0a8863aaa13e9adf.jpg,1152.2643397161514,594.6354722653907,13110.0,244.52690646443585,True
C:\Users\carmonta\Desktop\data-centric-cross-season-transfer\datasets\train_on_2025_all\images\GX010666_MP4-0208_jpg.rf.63c4ab67d152de95669dcf8813e98940.jpg,GX010666_MP4-0208_jpg.rf.63c4ab67d152de95669dcf8813e98940.jpg,988.7689136429707,571.4614862143342,8984.5,268.20012034435695,True
C:\Users\carmonta\Desktop\data-centric-cross-season-transfer\datasets\train_on_2025_all\images\GX010666_MP4-0208_jpg.rf.b1a2e910432d763441e0dfd2be0ad3ee.jpg,GX010666_MP4-0208_jpg.rf.b1a2e910432d763441e0dfd2be0ad3ee.jpg,988.7689136429707,571.4614862143342,8984.5,268.20012034435695,True
C:\Users\carmonta\Desktop\data-centric-cross-season-transfer\datasets\train_on_2025_all\images\GX010666_MP4-0209_jpg.rf.869300b676a0b6988e255bb117b4c2a5.jpg,GX010666_MP4-0209_jpg.rf.869300b676a0b6988e255bb117b4c2a5.jpg,1069.17704631103,572.2685706228337,12183.000000000002,259.2672599101362,True
C:\Users\carmonta\Desktop\data-centric-cross-season-transfer\datasets\train_on_2025_all\images\GX010666_MP4-0209_jpg.rf.f5dda281d1750c5925f7b171a141fa47.jpg,GX010666_MP4-0209_jpg.rf.f5dda281d1750c5925f7b171a141fa47.jpg,1069.17704631103,572.2685706228337,12183.000000000002,259.2672599101362,True
C:\Users\carmonta\Desktop\data-centric-cross-season-transfer\datasets\train_on_2025_all\images\GX010666_MP4-0209_jpg.rf.fec33784833508f57e306df9a2e9492a.jpg,GX010666_MP4-0209_jpg.rf.fec33784833508f57e306df9a2e9492a.jpg,1069.17704631103,572.2685706228337,12183.000000000002,259.2672599101362,True
C:\Users\carmonta\Desktop\data-centric-cross-season-transfer\datasets\train_on_2025_all\images\GX010666_MP4-0210_jpg.rf.2a8538dd18b6e5de821fa0588e54d7cd.jpg,GX010666_MP4-0210_jpg.rf.2a8538dd18b6e5de821fa0588e54d7cd.jpg,939.9605062744733,673.3918525820712,18426.0,284.0005917161725,True
C:\Users\carmonta\Desktop\data-centric-cross-season-transfer\datasets\train_on_2025_all\images\GX010666_MP4-0210_jpg.rf.9968af1e08ebaa7afc53158b3fad0d68.jpg,GX010666_MP4-0210_jpg.rf.9968af1e08ebaa7afc53158b3fad0d68.jpg,939.9605062744733,673.3918525820712,18426.0,284.0005917161725,True
C:\Users\carmonta\Desktop\data-centric-cross-season-transfer\datasets\train_on_2025_all\images\GX010666_MP4-0211_jpg.rf.14406d7adaf035157c3cde1b71cf9644.jpg,GX010666_MP4-0211_jpg.rf.14406d7adaf035157c3cde1b71cf9644.jpg,976.2674503763856,729.6505416488196,11966.5,287.53828168891334,True
C:\Users\carmonta\Desktop\data-centric-cross-season-transfer\datasets\train_on_2025_all\images\GX010666_MP4-0211_jpg.rf.46a82fd8c4358b3016a9898c22f547b8.jpg,GX010666_MP4-0211_jpg.rf.46a82fd8c4358b3016a9898c22f547b8.jpg,976.2674503763856,729.6505416488196,11966.5,287.53828168891334,True
C:\Users\carmonta\Desktop\data-centric-cross-season-transfer\datasets\train_on_2025_all\images\GX010666_MP4-0211_jpg.rf.73d22322dcc5293b8cdfbd0958b6040e.jpg,GX010666_MP4-0211_jpg.rf.73d22322dcc5293b8cdfbd0958b6040e.jpg,976.2674503763856,729.6505416488196,11966.5,287.53828168891334,True
C:\Users\carmonta\Desktop\data-centric-cross-season-transfer\datasets\train_on_2025_all\images\GX010666_MP4-0212_jpg.rf.19549f12fd0e2cd6281795abb0313beb.jpg,GX010666_MP4-0212_jpg.rf.19549f12fd0e2cd6281795abb0313beb.jpg,1010.5492536486091,580.9823463585187,5806.499999999999,267.9690704921549,True
C:\Users\carmonta\Desktop\data-centric-cross-season-transfer\datasets\train_on_2025_all\images\GX010666_MP4-0212_jpg.rf.60ed6a21b75a73f884561b0550d4b09e.jpg,GX010666_MP4-0212_jpg.rf.60ed6a21b75a73f884561b0550d4b09e.jpg,1010.5492536486091,580.9823463585187,5806.499999999999,267.9690704921549,True
C:\Users\carmonta\Desktop\data-centric-cross-season-transfer\datasets\train_on_2025_all\images\GX010666_MP4-0212_jpg.rf.9b35baf3af0e6966a8be824eaf60fc1d.jpg,GX010666_MP4-0212_jpg.rf.9b35baf3af0e6966a8be824eaf60fc1d.jpg,1010.5492536486091,580.9823463585187,5806.499999999999,267.9690704921549,True
C:\Users\carmonta\Desktop\data-centric-cross-season-transfer\datasets\train_on_2025_all\images\GX010666_MP4-0213_jpg.rf.3e01db7f7fb7a7fa3a81aeda45283943.jpg,GX010666_MP4-0213_jpg.rf.3e01db7f7fb7a7fa3a81aeda45283943.jpg,1226.299741259891,629.683233764959,18327.0,250.86784495929243,True
C:\Users\carmonta\Desktop\data-centric-cross-season-transfer\datasets\train_on_2025_all\images\GX010666_MP4-0213_jpg.rf.3f37a5a0a36239ebb06fc4dfe704192c.jpg,GX010666_MP4-0213_jpg.rf.3f37a5a0a36239ebb06fc4dfe704192c.jpg,1226.299741259891,629.683233764959,18327.0,250.86784495929243,True
C:\Users\carmonta\Desktop\data-centric-cross-season-transfer\datasets\train_on_2025_all\images\GX010666_MP4-0214_jpg.rf.5087b94e46b13770795ebbb0d81decfb.jpg,GX010666_MP4-0214_jpg.rf.5087b94e46b13770795ebbb0d81decfb.jpg,951.6540818663353,488.1974619935644,10293.75,261.47627143947784,True
C:\Users\carmonta\Desktop\data-centric-cross-season-transfer\datasets\train_on_2025_all\images\GX010666_MP4-0214_jpg.rf.ddd844e8752a00af32758e4abfe25dc6.jpg,GX010666_MP4-0214_jpg.rf.ddd844e8752a00af32758e4abfe25dc6.jpg,951.6540818663353,488.1974619935644,10293.75,261.47627143947784,True
C:\Users\carmonta\Desktop\data-centric-cross-season-transfer\datasets\train_on_2025_all\images\GX010666_MP4-0215_jpg.rf.09fa113ca5ec8cc003b83014d06dd112.jpg,GX010666_MP4-0215_jpg.rf.09fa113ca5ec8cc003b83014d06dd112.jpg,1038.0772578931567,683.3065902013836,8272.25,280.8199096483088,True
C:\Users\carmonta\Desktop\data-centric-cross-season-transfer\datasets\train_on_2025_all\images\GX010666_MP4-0215_jpg.rf.34ca13da01dab69197e32d85b34fafac.jpg,GX010666_MP4-0215_jpg.rf.34ca13da01dab69197e32d85b34fafac.jpg,1038.0772578931567,683.3065902013836,8272.25,280.8199096483088,True
C:\Users\carmonta\Desktop\data-centric-cross-season-transfer\datasets\train_on_2025_all\images\GX010666_MP4-0215_jpg.rf.d85fcfac544e2870f4844df364a63b44.jpg,GX010666_MP4-0215_jpg.rf.d85fcfac544e2870f4844df364a63b44.jpg,1038.0772578931567,683.3065902013836,8272.25,280.8199096483088,True
C:\Users\carmonta\Desktop\data-centric-cross-season-transfer\datasets\train_on_2025_all\images\GX010666_MP4-0216_jpg.rf.156cf52bf7334e2de5742016d61ba008.jpg,GX010666_MP4-0216_jpg.rf.156cf52bf7334e2de5742016d61ba008.jpg,1075.973372471463,632.9242921611791,13627.5,273.21799048463834,True
C:\Users\carmonta\Desktop\data-centric-cross-season-transfer\datasets\train_on_2025_all\images\GX010666_MP4-0216_jpg.rf.56d60f0d2497fe2db31581b923f7af1c.jpg,GX010666_MP4-0216_jpg.rf.56d60f0d2497fe2db31581b923f7af1c.jpg,1075.973372471463,632.9242921611791,13627.5,273.21799048463834,True
C:\Users\carmonta\Desktop\data-centric-cross-season-transfer\datasets\train_on_2025_all\images\GX010666_MP4-0216_jpg.rf.eab982db9819b08c17b7d2ad2d868916.jpg,GX010666_MP4-0216_jpg.rf.eab982db9819b08c17b7d2ad2d868916.jpg,1075.973372471463,632.9242921611791,13627.5,273.21799048463834,True
C:\Users\carmonta\Desktop\data-centric-cross-season-transfer\datasets\train_on_2025_all\images\GX010666_MP4-0217_jpg.rf.b2868d406aaa70980ee0db3c1490d585.jpg,GX010666_MP4-0217_jpg.rf.b2868d406aaa70980ee0db3c1490d585.jpg,1102.0218815160717,578.2524335347415,17587.5,261.5618646176337,True
C:\Users\carmonta\Desktop\data-centric-cross-season-transfer\datasets\train_on_2025_all\images\GX010666_MP4-0217_jpg.rf.b6d5ce03605fba9cec0ae944c6a1a82a.jpg,GX010666_MP4-0217_jpg.rf.b6d5ce03605fba9cec0ae944c6a1a82a.jpg,1102.0218815160717,578.2524335347415,17587.5,261.5618646176337,True
C:\Users\carmonta\Desktop\data-centric-cross-season-transfer\datasets\train_on_2025_all\images\GX010666_MP4-0217_jpg.rf.c0a275675fb869b3a67b6ea9948d3c4c.jpg,GX010666_MP4-0217_jpg.rf.c0a275675fb869b3a67b6ea9948d3c4c.jpg,1102.0218815160717,578.2524335347415,17587.5,261.5618646176337,True
C:\Users\carmonta\Desktop\data-centric-cross-season-transfer\datasets\train_on_2025_all\images\GX010666_MP4-0218_jpg.rf.03945d15b90f9c82f3c1168683062297.jpg,GX010666_MP4-0218_jpg.rf.03945d15b90f9c82f3c1168683062297.jpg,1101.5775529401978,564.570261331871,15911.500000000002,254.24796784207834,True
C:\Users\carmonta\Desktop\data-centric-cross-season-transfer\datasets\train_on_2025_all\images\GX010666_MP4-0218_jpg.rf.12b3ec091e86e01273a7bfcd51955624.jpg,GX010666_MP4-0218_jpg.rf.12b3ec091e86e01273a7bfcd51955624.jpg,1101.5775529401978,564.570261331871,15911.500000000002,254.24796784207834,True
C:\Users\carmonta\Desktop\data-centric-cross-season-transfer\datasets\train_on_2025_all\images\GX010666_MP4-0218_jpg.rf.e2c1825e2d1155c86b39f2cc19920365.jpg,GX010666_MP4-0218_jpg.rf.e2c1825e2d1155c86b39f2cc19920365.jpg,1101.5775529401978,564.570261331871,15911.500000000002,254.24796784207834,True
C:\Users\carmonta\Desktop\data-centric-cross-season-transfer\datasets\train_on_2025_all\images\GX010666_MP4-0219_jpg.rf.72344438a4f5ba7d389c2fe2d117887e.jpg,GX010666_MP4-0219_jpg.rf.72344438a4f5ba7d389c2fe2d117887e.jpg,1089.0906136627593,573.5380662736438,14056.0,257.6017512396421,True
C:\Users\carmonta\Desktop\data-centric-cross-season-transfer\datasets\train_on_2025_all\images\GX010666_MP4-0219_jpg.rf.821b03e17a38da7ac301654981fbb814.jpg,GX010666_MP4-0219_jpg.rf.821b03e17a38da7ac301654981fbb814.jpg,1089.0906136627593,573.5380662736438,14056.0,257.6017512396421,True
C:\Users\carmonta\Desktop\data-centric-cross-season-transfer\datasets\train_on_2025_all\images\GX010666_MP4-0219_jpg.rf.8d1f00e84b096903c479ca934df28d3b.jpg,GX010666_MP4-0219_jpg.rf.8d1f00e84b096903c479ca934df28d3b.jpg,1089.0906136627593,573.5380662736438,14056.0,257.6017512396421,True
C:\Users\carmonta\Desktop\data-centric-cross-season-transfer\datasets\train_on_2025_all\images\GX010666_MP4-0220_jpg.rf.9cf9576024ac46ad993febc8c22dc5b7.jpg,GX010666_MP4-0220_jpg.rf.9cf9576024ac46ad993febc8c22dc5b7.jpg,1064.5735412574552,563.0644272971284,13083.5,256.5190415894482,True
C:\Users\carmonta\Desktop\data-centric-cross-season-transfer\datasets\train_on_2025_all\images\GX010666_MP4-0220_jpg.rf.dc61712d01b2dd620ca05a94ebb21bba.jpg,GX010666_MP4-0220_jpg.rf.dc61712d01b2dd620ca05a94ebb21bba.jpg,1064.5735412574552,563.0644272971284,13083.5,256.5190415894482,True
C:\Users\carmonta\Desktop\data-centric-cross-season-transfer\datasets\train_on_2025_all\images\GX010666_MP4-0220_jpg.rf.f1a51d7821618007fbae8a311a109dcb.jpg,GX010666_MP4-0220_jpg.rf.f1a51d7821618007fbae8a311a109dcb.jpg,1064.5735412574552,563.0644272971284,13083.5,256.5190415894482,True
C:\Users\carmonta\Desktop\data-centric-cross-season-transfer\datasets\train_on_2025_all\images\GX010666_MP4-0221_jpg.rf.11c578fb0fe021fda84a94ff20209c07.jpg,GX010666_MP4-0221_jpg.rf.11c578fb0fe021fda84a94ff20209c07.jpg,1117.5036662941127,560.747657538983,12523.500000000002,232.27511796340156,True
C:\Users\carmonta\Desktop\data-centric-cross-season-transfer\datasets\train_on_2025_all\images\GX010666_MP4-0221_jpg.rf.a7b8f500f71bf7222a1a51ebc0e1df30.jpg,GX010666_MP4-0221_jpg.rf.a7b8f500f71bf7222a1a51ebc0e1df30.jpg,1117.5036662941127,560.747657538983,12523.500000000002,232.27511796340156,True
C:\Users\carmonta\Desktop\data-centric-cross-season-transfer\datasets\train_on_2025_all\images\GX010666_MP4-0221_jpg.rf.f119c241bf3b35aee05e628c37170643.jpg,GX010666_MP4-0221_jpg.rf.f119c241bf3b35aee05e628c37170643.jpg,1117.5036662941127,560.747657538983,12523.500000000002,232.27511796340156,True
C:\Users\carmonta\Desktop\data-centric-cross-season-transfer\datasets\train_on_2025_all\images\GX010666_MP4-0223_jpg.rf.a9a0b71e6a3ee7ff6187dbb23927d430.jpg,GX010666_MP4-0223_jpg.rf.a9a0b71e6a3ee7ff6187dbb23927d430.jpg,746.7357661481363,862.1196590607458,13593.0,306.40153225021663,True
C:\Users\carmonta\Desktop\data-centric-cross-season-transfer\datasets\train_on_2025_all\images\GX010666_MP4-0224_jpg.rf.57c77517b268717283722d00aa8530d2.jpg,GX010666_MP4-0224_jpg.rf.57c77517b268717283722d00aa8530d2.jpg,713.276781655069,658.8877001444339,9804.0,297.8151628100376,True
C:\Users\carmonta\Desktop\data-centric-cross-season-transfer\datasets\train_on_2025_all\images\GX010666_MP4-0224_jpg.rf.f0b5cdca336dc45154ebbef3e1ec88ee.jpg,GX010666_MP4-0224_jpg.rf.f0b5cdca336dc45154ebbef3e1ec88ee.jpg,713.276781655069,658.8877001444339,9804.0,297.8151628100376,True
C:\Users\carmonta\Desktop\data-centric-cross-season-transfer\datasets\train_on_2025_all\images\GX010666_MP4-0225_jpg.rf.2627af77a636d0ceedcb8dacc2346a7c.jpg,GX010666_MP4-0225_jpg.rf.2627af77a636d0ceedcb8dacc2346a7c.jpg,960.21089444581,636.9809504726381,12285.0,279.57933598934846,True
C:\Users\carmonta\Desktop\data-centric-cross-season-transfer\datasets\train_on_2025_all\images\GX010666_MP4-0225_jpg.rf.b552cef35636c0f78a035b1948b318be.jpg,GX010666_MP4-0225_jpg.rf.b552cef35636c0f78a035b1948b318be.jpg,960.21089444581,636.9809504726381,12285.0,279.57933598934846,True
C:\Users\carmonta\Desktop\data-centric-cross-season-transfer\datasets\train_on_2025_all\images\GX010666_MP4-0226_jpg.rf.b0be690106478d6d44e26adb7fe0792e.jpg,GX010666_MP4-0226_jpg.rf.b0be690106478d6d44e26adb7fe0792e.jpg,1096.3205390442101,721.0522423520626,11122.0,279.80187120037505,True
C:\Users\carmonta\Desktop\data-centric-cross-season-transfer\datasets\train_on_2025_all\images\GX010666_MP4-0226_jpg.rf.d663bd07e2a2e1f7749622dedc57023b.jpg,GX010666_MP4-0226_jpg.rf.d663bd07e2a2e1f7749622dedc57023b.jpg,1096.3205390442101,721.0522423520626,11122.0,279.80187120037505,True
C:\Users\carmonta\Desktop\data-centric-cross-season-transfer\datasets\train_on_2025_all\images\GX010666_MP4-0229_jpg.rf.bcdadba6bd42a473cc27da88aff31615.jpg,GX010666_MP4-0229_jpg.rf.bcdadba6bd42a473cc27da88aff31615.jpg,784.2018681700307,508.9886300305548,8341.5,278.26947775452703,True
C:\Users\carmonta\Desktop\data-centric-cross-season-transfer\datasets\train_on_2025_all\images\GX010666_MP4-0229_jpg.rf.f8bfc0ff2089bdc8f3e3deb9dad8d9b2.jpg,GX010666_MP4-0229_jpg.rf.f8bfc0ff2089bdc8f3e3deb9dad8d9b2.jpg,784.2018681700307,508.9886300305548,8341.5,278.26947775452703,True
C:\Users\carmonta\Desktop\data-centric-cross-season-transfer\datasets\train_on_2025_all\images\GX010666_MP4-0232_jpg.rf.3d3ee4f2dbe2c386cbc7f996ec4f42f0.jpg,GX010666_MP4-0232_jpg.rf.3d3ee4f2dbe2c386cbc7f996ec4f42f0.jpg,1168.52013455461,632.6533735218337,8502.0,265.81153852502786,True
C:\Users\carmonta\Desktop\data-centric-cross-season-transfer\datasets\train_on_2025_all\images\GX010666_MP4-0233_jpg.rf.4f9c33d60ba89013945822ca407399dd.jpg,GX010666_MP4-0233_jpg.rf.4f9c33d60ba89013945822ca407399dd.jpg,901.3859335583076,576.7646703705898,8279.999999999998,283.6292547332873,True
C:\Users\carmonta\Desktop\data-centric-cross-season-transfer\datasets\train_on_2025_all\images\GX010666_MP4-0233_jpg.rf.ee7adcecef2ecef160d9111c3024a6ee.jpg,GX010666_MP4-0233_jpg.rf.ee7adcecef2ecef160d9111c3024a6ee.jpg,901.3859335583076,576.7646703705898,8279.999999999998,283.6292547332873,True
C:\Users\carmonta\Desktop\data-centric-cross-season-transfer\datasets\train_on_2025_all\images\GX010666_MP4-0234_jpg.rf.0046a18b6b6341a6b0577bed2f3ff9cc.jpg,GX010666_MP4-0234_jpg.rf.0046a18b6b6341a6b0577bed2f3ff9cc.jpg,919.5910033459409,527.8292062892164,5141.0,274.9905903422003,True
C:\Users\carmonta\Desktop\data-centric-cross-season-transfer\datasets\train_on_2025_all\images\GX010666_MP4-0234_jpg.rf.283ad4d4571921b505e240613c393d16.jpg,GX010666_MP4-0234_jpg.rf.283ad4d4571921b505e240613c393d16.jpg,919.5910033459409,527.8292062892164,5141.0,274.9905903422003,True
C:\Users\carmonta\Desktop\data-centric-cross-season-transfer\datasets\train_on_2025_all\images\GX010666_MP4-0235_jpg.rf.1df35261b7bb961f15d3f10839f4bee7.jpg,GX010666_MP4-0235_jpg.rf.1df35261b7bb961f15d3f10839f4bee7.jpg,988.4700618724228,589.5856838883012,7366.000000000001,271.6234575335854,True
C:\Users\carmonta\Desktop\data-centric-cross-season-transfer\datasets\train_on_2025_all\images\GX010666_MP4-0235_jpg.rf.44dd9a4bf95f9fa1a053396391b2487d.jpg,GX010666_MP4-0235_jpg.rf.44dd9a4bf95f9fa1a053396391b2487d.jpg,988.4700618724228,589.5856838883012,7366.000000000001,271.6234575335854,True
C:\Users\carmonta\Desktop\data-centric-cross-season-transfer\datasets\train_on_2025_all\images\GX010666_MP4-0235_jpg.rf.a1d9632b71e16a802e2fc8077bad9ef7.jpg,GX010666_MP4-0235_jpg.rf.a1d9632b71e16a802e2fc8077bad9ef7.jpg,988.4700618724228,589.5856838883012,7366.000000000001,271.6234575335854,True
C:\Users\carmonta\Desktop\data-centric-cross-season-transfer\datasets\train_on_2025_all\images\GX010666_MP4-0236_jpg.rf.74e9c56ef7b175bf94f54c02e8f82123.jpg,GX010666_MP4-0236_jpg.rf.74e9c56ef7b175bf94f54c02e8f82123.jpg,926.518168424615,522.4026995751452,5280.0,273.86204187122667,True
C:\Users\carmonta\Desktop\data-centric-cross-season-transfer\datasets\train_on_2025_all\images\GX010666_MP4-0236_jpg.rf.f3e4f768f645fc75869fbd929e47f665.jpg,GX010666_MP4-0236_jpg.rf.f3e4f768f645fc75869fbd929e47f665.jpg,926.518168424615,522.4026995751452,5280.0,273.86204187122667,True
C:\Users\carmonta\Desktop\data-centric-cross-season-transfer\datasets\train_on_2025_all\images\GX010666_MP4-0236_jpg.rf.ff90a0557dcc9e2f5542fbc755fb8448.jpg,GX010666_MP4-0236_jpg.rf.ff90a0557dcc9e2f5542fbc755fb8448.jpg,926.518168424615,522.4026995751452,5280.0,273.86204187122667,True
C:\Users\carmonta\Desktop\data-centric-cross-season-transfer\datasets\train_on_2025_all\images\GX010666_MP4-0237_jpg.rf.22f143b0bda972142b3bce3cfe6b1637.jpg,GX010666_MP4-0237_jpg.rf.22f143b0bda972142b3bce3cfe6b1637.jpg,964.6407813624895,527.9320205062223,6305.0,268.78951819708783,True
C:\Users\carmonta\Desktop\data-centric-cross-season-transfer\datasets\train_on_2025_all\images\GX010666_MP4-0237_jpg.rf.6134c4816c818248cf712097b105fb6c.jpg,GX010666_MP4-0237_jpg.rf.6134c4816c818248cf712097b105fb6c.jpg,964.6407813624895,527.9320205062223,6305.0,268.78951819708783,True
C:\Users\carmonta\Desktop\data-centric-cross-season-transfer\datasets\train_on_2025_all\images\GX010666_MP4-0237_jpg.rf.c6a8286f4911e29664929f50f2d9bc47.jpg,GX010666_MP4-0237_jpg.rf.c6a8286f4911e29664929f50f2d9bc47.jpg,964.6407813624895,527.9320205062223,6305.0,268.78951819708783,True
C:\Users\carmonta\Desktop\data-centric-cross-season-transfer\datasets\train_on_2025_all\images\GX010666_MP4-0238_jpg.rf.cf35732d2b7e5f03386490ee48cfacd1.jpg,GX010666_MP4-0238_jpg.rf.cf35732d2b7e5f03386490ee48cfacd1.jpg,983.8156458149471,558.0651714368133,9512.000000000002,272.9000393779088,True
C:\Users\carmonta\Desktop\data-centric-cross-season-transfer\datasets\train_on_2025_all\images\GX010666_MP4-0238_jpg.rf.f55f799b86a0c4e1108f75d59968c853.jpg,GX010666_MP4-0238_jpg.rf.f55f799b86a0c4e1108f75d59968c853.jpg,983.8156458149471,558.0651714368133,9512.000000000002,272.9000393779088,True
C:\Users\carmonta\Desktop\data-centric-cross-season-transfer\datasets\train_on_2025_all\images\GX010666_MP4-0239_jpg.rf.901dfedecf6861e054646134ebd518fc.jpg,GX010666_MP4-0239_jpg.rf.901dfedecf6861e054646134ebd518fc.jpg,993.883812788883,605.5921013873433,7351.5,277.4900262876224,True
C:\Users\carmonta\Desktop\data-centric-cross-season-transfer\datasets\train_on_2025_all\images\GX010666_MP4-0240_jpg.rf.4381ab9b93fd492910f3cc1271da97c1.jpg,GX010666_MP4-0240_jpg.rf.4381ab9b93fd492910f3cc1271da97c1.jpg,1038.3918894378367,587.0755118534186,7351.5,271.67623757781257,True
C:\Users\carmonta\Desktop\data-centric-cross-season-transfer\datasets\train_on_2025_all\images\GX010666_MP4-0241_jpg.rf.7d4583c8476e9c2a072fc15d6f11584c.jpg,GX010666_MP4-0241_jpg.rf.7d4583c8476e9c2a072fc15d6f11584c.jpg,1110.3804353643095,592.9597956132243,4462.0,266.1345692287318,True
C:\Users\carmonta\Desktop\data-centric-cross-season-transfer\datasets\train_on_2025_all\images\GX010666_MP4-0241_jpg.rf.eb0a426cff6a81dc5c5076e25e7ed770.jpg,GX010666_MP4-0241_jpg.rf.eb0a426cff6a81dc5c5076e25e7ed770.jpg,1110.3804353643095,592.9597956132243,4462.0,266.1345692287318,True
C:\Users\carmonta\Desktop\data-centric-cross-season-transfer\datasets\train_on_2025_all\images\GX010666_MP4-0242_jpg.rf.c32789f640f8532c307377350792fa03.jpg,GX010666_MP4-0242_jpg.rf.c32789f640f8532c307377350792fa03.jpg,1181.3330850173404,593.5333217107415,5432.5,259.43656104005197,True
C:\Users\carmonta\Desktop\data-centric-cross-season-transfer\datasets\train_on_2025_all\images\GX010666_MP4-0242_jpg.rf.c78a4c588922f20b487b5e1713827d17.jpg,GX010666_MP4-0242_jpg.rf.c78a4c588922f20b487b5e1713827d17.jpg,1181.3330850173404,593.5333217107415,5432.5,259.43656104005197,True
C:\Users\carmonta\Desktop\data-centric-cross-season-transfer\datasets\train_on_2025_all\images\GX010666_MP4-0242_jpg.rf.fcec15f1c899b21cf8d01d84f7fc36ad.jpg,GX010666_MP4-0242_jpg.rf.fcec15f1c899b21cf8d01d84f7fc36ad.jpg,1181.3330850173404,593.5333217107415,5432.5,259.43656104005197,True
C:\Users\carmonta\Desktop\data-centric-cross-season-transfer\datasets\train_on_2025_all\images\GX010666_MP4-0243_jpg.rf.373368c29a5a8c0855dbba72cb6e2a2c.jpg,GX010666_MP4-0243_jpg.rf.373368c29a5a8c0855dbba72cb6e2a2c.jpg,1234.6225057732631,591.2059461622581,7314.0,245.3873895814955,True
C:\Users\carmonta\Desktop\data-centric-cross-season-transfer\datasets\train_on_2025_all\images\GX010666_MP4-0243_jpg.rf.586555e074f7520c1bb9669c2748aaf0.jpg,GX010666_MP4-0243_jpg.rf.586555e074f7520c1bb9669c2748aaf0.jpg,1234.6225057732631,591.2059461622581,7314.0,245.3873895814955,True
C:\Users\carmonta\Desktop\data-centric-cross-season-transfer\datasets\train_on_2025_all\images\GX010666_MP4-0243_jpg.rf.f16abb25a1d389b7090c5d682eebc510.jpg,GX010666_MP4-0243_jpg.rf.f16abb25a1d389b7090c5d682eebc510.jpg,1234.6225057732631,591.2059461622581,7314.0,245.3873895814955,True
C:\Users\carmonta\Desktop\data-centric-cross-season-transfer\datasets\train_on_2025_all\images\GX010666_MP4-0244_jpg.rf.45debb3fcaeb9ac36806a0a54e77ae0b.jpg,GX010666_MP4-0244_jpg.rf.45debb3fcaeb9ac36806a0a54e77ae0b.jpg,917.3108944339835,660.1869349854505,9044.0,285.2640775903707,True
C:\Users\carmonta\Desktop\data-centric-cross-season-transfer\datasets\train_on_2025_all\images\GX010666_MP4-0244_jpg.rf.b4e60c0ecd2de04f3b7bfa859ee463c3.jpg,GX010666_MP4-0244_jpg.rf.b4e60c0ecd2de04f3b7bfa859ee463c3.jpg,917.3108944339835,660.1869349854505,9044.0,285.2640775903707,True
C:\Users\carmonta\Desktop\data-centric-cross-season-transfer\datasets\train_on_2025_all\images\GX010666_MP4-0246_jpg.rf.35bd3515d446d501e0c3ae02f3e55b13.jpg,GX010666_MP4-0246_jpg.rf.35bd3515d446d501e0c3ae02f3e55b13.jpg,941.4513716215769,533.7952473961229,4680.0,266.90177717049147,True
C:\Users\carmonta\Desktop\data-centric-cross-season-transfer\datasets\train_on_2025_all\images\GX010666_MP4-0247_jpg.rf.23ab8a02e173d3d91b3a35158c52de5b.jpg,GX010666_MP4-0247_jpg.rf.23ab8a02e173d3d91b3a35158c52de5b.jpg,911.3938409077907,595.9386520963922,9265.5,280.07030100678276,True
C:\Users\carmonta\Desktop\data-centric-cross-season-transfer\datasets\train_on_2025_all\images\GX010666_MP4-0247_jpg.rf.c10223a8c6bafd9af39a57bd57e3516b.jpg,GX010666_MP4-0247_jpg.rf.c10223a8c6bafd9af39a57bd57e3516b.jpg,911.3938409077907,595.9386520963922,9265.5,280.07030100678276,True
C:\Users\carmonta\Desktop\data-centric-cross-season-transfer\datasets\train_on_2025_all\images\GX010666_MP4-0247_jpg.rf.fb7e1a8267acd941e08937016c122556.jpg,GX010666_MP4-0247_jpg.rf.fb7e1a8267acd941e08937016c122556.jpg,911.3938409077907,595.9386520963922,9265.5,280.07030100678276,True
C:\Users\carmonta\Desktop\data-centric-cross-season-transfer\datasets\train_on_2025_all\images\GX010666_MP4-0248_jpg.rf.38bb7257e89b2483aacaa1f326a50358.jpg,GX010666_MP4-0248_jpg.rf.38bb7257e89b2483aacaa1f326a50358.jpg,873.8184716852994,656.851229774898,5992.5,287.8066823035547,True
C:\Users\carmonta\Desktop\data-centric-cross-season-transfer\datasets\train_on_2025_all\images\GX010666_MP4-0248_jpg.rf.980302a77336dd4ffe4b6092f93e5946.jpg,GX010666_MP4-0248_jpg.rf.980302a77336dd4ffe4b6092f93e5946.jpg,873.8184716852994,656.851229774898,5992.5,287.8066823035547,True
C:\Users\carmonta\Desktop\data-centric-cross-season-transfer\datasets\train_on_2025_all\images\GX010666_MP4-0249_jpg.rf.20c64e63a5ba1abeac1d0f605db40a6c.jpg,GX010666_MP4-0249_jpg.rf.20c64e63a5ba1abeac1d0f605db40a6c.jpg,1072.5736535179758,636.5324672709361,7872.0,277.39110304140524,True
C:\Users\carmonta\Desktop\data-centric-cross-season-transfer\datasets\train_on_2025_all\images\GX010666_MP4-0249_jpg.rf.c4c26ed2d166b9deb9fc31d15581dc69.jpg,GX010666_MP4-0249_jpg.rf.c4c26ed2d166b9deb9fc31d15581dc69.jpg,1072.5736535179758,636.5324672709361,7872.0,277.39110304140524,True
C:\Users\carmonta\Desktop\data-centric-cross-season-transfer\datasets\train_on_2025_all\images\GX010666_MP4-0249_jpg.rf.d147ed8b123fcc9b8e2035d06cbf78d1.jpg,GX010666_MP4-0249_jpg.rf.d147ed8b123fcc9b8e2035d06cbf78d1.jpg,1072.5736535179758,636.5324672709361,7872.0,277.39110304140524,True
C:\Users\carmonta\Desktop\data-centric-cross-season-transfer\datasets\train_on_2025_all\images\GX010666_MP4-0250_jpg.rf.0b4951af536755e383522f7c7ef7b5fd.jpg,GX010666_MP4-0250_jpg.rf.0b4951af536755e383522f7c7ef7b5fd.jpg,1107.1754288177383,595.924244868318,8078.5,268.1855296214906,True
C:\Users\carmonta\Desktop\data-centric-cross-season-transfer\datasets\train_on_2025_all\images\GX010666_MP4-0250_jpg.rf.330cb86eac42bf24caeef5331b546149.jpg,GX010666_MP4-0250_jpg.rf.330cb86eac42bf24caeef5331b546149.jpg,1107.1754288177383,595.924244868318,8078.5,268.1855296214906,True
C:\Users\carmonta\Desktop\data-centric-cross-season-transfer\datasets\train_on_2025_all\images\GX010666_MP4-0250_jpg.rf.8e91c0710f7374c38cbf12a3a56f0fad.jpg,GX010666_MP4-0250_jpg.rf.8e91c0710f7374c38cbf12a3a56f0fad.jpg,1107.1754288177383,595.924244868318,8078.5,268.1855296214906,True
C:\Users\carmonta\Desktop\data-centric-cross-season-transfer\datasets\train_on_2025_all\images\GX010666_MP4-0251_jpg.rf.3a7ec304e7737652c436401176affa7c.jpg,GX010666_MP4-0251_jpg.rf.3a7ec304e7737652c436401176affa7c.jpg,1052.8786915373032,608.2751467400711,7702.5,275.1231073462533,True
C:\Users\carmonta\Desktop\data-centric-cross-season-transfer\datasets\train_on_2025_all\images\GX010666_MP4-0251_jpg.rf.7fa46dfc7b1cb6e6d44621594eed4eba.jpg,GX010666_MP4-0251_jpg.rf.7fa46dfc7b1cb6e6d44621594eed4eba.jpg,1052.8786915373032,608.2751467400711,7702.5,275.1231073462533,True
C:\Users\carmonta\Desktop\data-centric-cross-season-transfer\datasets\train_on_2025_all\images\GX010666_MP4-0251_jpg.rf.95d61e551c54bfd400be370dbfc114fc.jpg,GX010666_MP4-0251_jpg.rf.95d61e551c54bfd400be370dbfc114fc.jpg,1052.8786915373032,608.2751467400711,7702.5,275.1231073462533,True
C:\Users\carmonta\Desktop\data-centric-cross-season-transfer\datasets\train_on_2025_all\images\GX010666_MP4-0252_jpg.rf.8843daba6b5f00b3e54b149e6677ceba.jpg,GX010666_MP4-0252_jpg.rf.8843daba6b5f00b3e54b149e6677ceba.jpg,1018.1112212195897,593.9352459982813,5556.75,275.72825788123754,True
C:\Users\carmonta\Desktop\data-centric-cross-season-transfer\datasets\train_on_2025_all\images\GX010666_MP4-0252_jpg.rf.aa818fe2702cc0d7ea1b618a699c237d.jpg,GX010666_MP4-0252_jpg.rf.aa818fe2702cc0d7ea1b618a699c237d.jpg,1018.1112212195897,593.9352459982813,5556.75,275.72825788123754,True
C:\Users\carmonta\Desktop\data-centric-cross-season-transfer\datasets\train_on_2025_all\images\GX010666_MP4-0253_jpg.rf.5530ab205385b4495a23ced845cafa81.jpg,GX010666_MP4-0253_jpg.rf.5530ab205385b4495a23ced845cafa81.jpg,997.4517036938182,566.178645449594,6098.75,273.5079492441239,True
C:\Users\carmonta\Desktop\data-centric-cross-season-transfer\datasets\train_on_2025_all\images\GX010666_MP4-0253_jpg.rf.ecd4e0000fdc5152fc73ffc3e3e91cd3.jpg,GX010666_MP4-0253_jpg.rf.ecd4e0000fdc5152fc73ffc3e3e91cd3.jpg,997.4517036938182,566.178645449594,6098.75,273.5079492441239,True
C:\Users\carmonta\Desktop\data-centric-cross-season-transfer\datasets\train_on_2025_all\images\GX010666_MP4-0255_jpg.rf.065922a23ea8d45c3728b53f1b9306b9.jpg,GX010666_MP4-0255_jpg.rf.065922a23ea8d45c3728b53f1b9306b9.jpg,986.8288812549399,531.3352595750114,9126.0,266.20101012108995,True
C:\Users\carmonta\Desktop\data-centric-cross-season-transfer\datasets\train_on_2025_all\images\GX010666_MP4-0256_jpg.rf.608542657640e4f78830a83178db9ee9.jpg,GX010666_MP4-0256_jpg.rf.608542657640e4f78830a83178db9ee9.jpg,988.0227363839491,529.8946423708453,10427.5,262.95603528571877,True
C:\Users\carmonta\Desktop\data-centric-cross-season-transfer\datasets\train_on_2025_all\images\GX010666_MP4-0256_jpg.rf.a75c171a6e098e032eba47a2d3428d00.jpg,GX010666_MP4-0256_jpg.rf.a75c171a6e098e032eba47a2d3428d00.jpg,988.0227363839491,529.8946423708453,10427.5,262.95603528571877,True
C:\Users\carmonta\Desktop\data-centric-cross-season-transfer\datasets\train_on_2025_all\images\GX010666_MP4-0256_jpg.rf.bd58a65411b599f9dbf37deb4de16f77.jpg,GX010666_MP4-0256_jpg.rf.bd58a65411b599f9dbf37deb4de16f77.jpg,988.0227363839491,529.8946423708453,10427.5,262.95603528571877,True
C:\Users\carmonta\Desktop\data-centric-cross-season-transfer\datasets\train_on_2025_all\images\GX010666_MP4-0257_jpg.rf.bd5cbe9c837f7f365346f89ff6c17a76.jpg,GX010666_MP4-0257_jpg.rf.bd5cbe9c837f7f365346f89ff6c17a76.jpg,973.5288407823947,656.6638822335298,8280.75,286.83569204598314,True
C:\Users\carmonta\Desktop\data-centric-cross-season-transfer\datasets\train_on_2025_all\images\GX010666_MP4-0257_jpg.rf.fd8ea6106f8bb72e4b375e27014b3db3.jpg,GX010666_MP4-0257_jpg.rf.fd8ea6106f8bb72e4b375e27014b3db3.jpg,973.5288407823947,656.6638822335298,8280.75,286.83569204598314,True
C:\Users\carmonta\Desktop\data-centric-cross-season-transfer\datasets\train_on_2025_all\images\GX010666_MP4-0258_jpg.rf.c723f6b46b891d222ce3a64bc0514fa9.jpg,GX010666_MP4-0258_jpg.rf.c723f6b46b891d222ce3a64bc0514fa9.jpg,976.94082161329,560.3267970605413,6651.5,274.9353592669204,True
C:\Users\carmonta\Desktop\data-centric-cross-season-transfer\datasets\train_on_2025_all\images\GX010666_MP4-0258_jpg.rf.ed437368bb371c8c37c374baae99ff4c.jpg,GX010666_MP4-0258_jpg.rf.ed437368bb371c8c37c374baae99ff4c.jpg,976.94082161329,560.3267970605413,6651.5,274.9353592669204,True
C:\Users\carmonta\Desktop\data-centric-cross-season-transfer\datasets\train_on_2025_all\images\GX010666_MP4-0258_jpg.rf.fa2bb31a9d500dd5517ffbf65277c2fe.jpg,GX010666_MP4-0258_jpg.rf.fa2bb31a9d500dd5517ffbf65277c2fe.jpg,976.94082161329,560.3267970605413,6651.5,274.9353592669204,True
C:\Users\carmonta\Desktop\data-centric-cross-season-transfer\datasets\train_on_2025_all\images\GX010666_MP4-0259_jpg.rf.3066d46da5a9686e65925de84bacb6b4.jpg,GX010666_MP4-0259_jpg.rf.3066d46da5a9686e65925de84bacb6b4.jpg,993.5594364675853,509.5388222672212,9009.75,264.29993471258945,True
C:\Users\carmonta\Desktop\data-centric-cross-season-transfer\datasets\train_on_2025_all\images\GX010666_MP4-0259_jpg.rf.9d5287ab3b91132861e8a633787c7ede.jpg,GX010666_MP4-0259_jpg.rf.9d5287ab3b91132861e8a633787c7ede.jpg,993.5594364675853,509.5388222672212,9009.75,264.29993471258945,True
C:\Users\carmonta\Desktop\data-centric-cross-season-transfer\datasets\train_on_2025_all\images\GX010666_MP4-0259_jpg.rf.b35daf3075eb23a5ee1bec3e101dde2b.jpg,GX010666_MP4-0259_jpg.rf.b35daf3075eb23a5ee1bec3e101dde2b.jpg,993.5594364675853,509.5388222672212,9009.75,264.29993471258945,True
C:\Users\carmonta\Desktop\data-centric-cross-season-transfer\datasets\train_on_2025_all\images\GX010666_MP4-0260_jpg.rf.b73e23de496afd12018854489edccd82.jpg,GX010666_MP4-0260_jpg.rf.b73e23de496afd12018854489edccd82.jpg,1033.934186918649,499.91314789007083,10813.25,244.4858912805979,True
C:\Users\carmonta\Desktop\data-centric-cross-season-transfer\datasets\train_on_2025_all\images\GX010666_MP4-0261_jpg.rf.0817003c7fa79c04478d635e817b97a6.jpg,GX010666_MP4-0261_jpg.rf.0817003c7fa79c04478d635e817b97a6.jpg,1047.700066963209,502.0247714278147,12261.5,239.00101691435015,True
C:\Users\carmonta\Desktop\data-centric-cross-season-transfer\datasets\train_on_2025_all\images\GX010666_MP4-0261_jpg.rf.edea7f342799144967065f941a5a9ec4.jpg,GX010666_MP4-0261_jpg.rf.edea7f342799144967065f941a5a9ec4.jpg,1047.700066963209,502.0247714278147,12261.5,239.00101691435015,True
C:\Users\carmonta\Desktop\data-centric-cross-season-transfer\datasets\train_on_2025_all\images\GX010666_MP4-0261_jpg.rf.f1532f641dd09fcc2e380fe667046e36.jpg,GX010666_MP4-0261_jpg.rf.f1532f641dd09fcc2e380fe667046e36.jpg,1047.700066963209,502.0247714278147,12261.5,239.00101691435015,True
C:\Users\carmonta\Desktop\data-centric-cross-season-transfer\datasets\train_on_2025_all\images\GX010666_MP4-0262_jpg.rf.1a748f3725ff6d37f2c3e62ef85441d3.jpg,GX010666_MP4-0262_jpg.rf.1a748f3725ff6d37f2c3e62ef85441d3.jpg,920.1344711526493,451.2396507287474,8370.0,245.63783021865436,True
C:\Users\carmonta\Desktop\data-centric-cross-season-transfer\datasets\train_on_2025_all\images\GX010666_MP4-0262_jpg.rf.2db3f92a4add9047b6b271e0c71bda78.jpg,GX010666_MP4-0262_jpg.rf.2db3f92a4add9047b6b271e0c71bda78.jpg,920.1344711526493,451.2396507287474,8370.0,245.63783021865436,True
C:\Users\carmonta\Desktop\data-centric-cross-season-transfer\datasets\train_on_2025_all\images\GX010666_MP4-0262_jpg.rf.9d0a09a8700244744c1202f0699fa64d.jpg,GX010666_MP4-0262_jpg.rf.9d0a09a8700244744c1202f0699fa64d.jpg,920.1344711526493,451.2396507287474,8370.0,245.63783021865436,True
C:\Users\carmonta\Desktop\data-centric-cross-season-transfer\datasets\train_on_2025_all\images\GX010666_MP4-0263_jpg.rf.79cd10e2ac661d6d51fa4cb8b23f4075.jpg,GX010666_MP4-0263_jpg.rf.79cd10e2ac661d6d51fa4cb8b23f4075.jpg,1100.3804806183905,534.6883148468735,12188.75,239.96922763890757,True
C:\Users\carmonta\Desktop\data-centric-cross-season-transfer\datasets\train_on_2025_all\images\GX010666_MP4-0264_jpg.rf.0c5afebcde9c625d909af8070bb5686b.jpg,GX010666_MP4-0264_jpg.rf.0c5afebcde9c625d909af8070bb5686b.jpg,931.5781372579959,444.42885032936874,8063.999999999999,246.73873846631335,True
C:\Users\carmonta\Desktop\data-centric-cross-season-transfer\datasets\train_on_2025_all\images\GX010666_MP4-0264_jpg.rf.251d2291977ca2ba0b42ad7119c12634.jpg,GX010666_MP4-0264_jpg.rf.251d2291977ca2ba0b42ad7119c12634.jpg,931.5781372579959,444.42885032936874,8063.999999999999,246.73873846631335,True
C:\Users\carmonta\Desktop\data-centric-cross-season-transfer\datasets\train_on_2025_all\images\GX010666_MP4-0265_jpg.rf.2263a2fa2eb4017037859c64dd23f925.jpg,GX010666_MP4-0265_jpg.rf.2263a2fa2eb4017037859c64dd23f925.jpg,967.0370899725858,451.62094379844524,6205.0,239.0973158068332,True
C:\Users\carmonta\Desktop\data-centric-cross-season-transfer\datasets\train_on_2025_all\images\GX010666_MP4-0265_jpg.rf.4831e1784d0006486b7d02b28482f619.jpg,GX010666_MP4-0265_jpg.rf.4831e1784d0006486b7d02b28482f619.jpg,967.0370899725858,451.62094379844524,6205.0,239.0973158068332,True
C:\Users\carmonta\Desktop\data-centric-cross-season-transfer\datasets\train_on_2025_all\images\GX010666_MP4-0267_jpg.rf.4e4c9fef27dba752c281f1a0214cbf51.jpg,GX010666_MP4-0267_jpg.rf.4e4c9fef27dba752c281f1a0214cbf51.jpg,1196.370140666535,578.6903885050392,8484.0,237.48442134305205,True
C:\Users\carmonta\Desktop\data-centric-cross-season-transfer\datasets\train_on_2025_all\images\GX010666_MP4-0267_jpg.rf.676fa23503f3e55a7b79a7b369c19cc1.jpg,GX010666_MP4-0267_jpg.rf.676fa23503f3e55a7b79a7b369c19cc1.jpg,1196.370140666535,578.6903885050392,8484.0,237.48442134305205,True
C:\Users\carmonta\Desktop\data-centric-cross-season-transfer\datasets\train_on_2025_all\images\GX010666_MP4-0268_jpg.rf.042b2f1cbea42f0c196e78666b1b6933.jpg,GX010666_MP4-0268_jpg.rf.042b2f1cbea42f0c196e78666b1b6933.jpg,829.2169032739173,785.3719485244104,13022.25,300.0938451340081,True
C:\Users\carmonta\Desktop\data-centric-cross-season-transfer\datasets\train_on_2025_all\images\GX010666_MP4-0268_jpg.rf.d5da69f60fcd6e9edb4d064b776a4ed8.jpg,GX010666_MP4-0268_jpg.rf.d5da69f60fcd6e9edb4d064b776a4ed8.jpg,829.2169032739173,785.3719485244104,13022.25,300.0938451340081,True
C:\Users\carmonta\Desktop\data-centric-cross-season-transfer\datasets\train_on_2025_all\images\GX010666_MP4-0271_jpg.rf.49bb0c7b2db0cb00b3e69b63f17781c6.jpg,GX010666_MP4-0271_jpg.rf.49bb0c7b2db0cb00b3e69b63f17781c6.jpg,786.1623608489258,664.3050378273315,6962.0,294.16912577151834,True
C:\Users\carmonta\Desktop\data-centric-cross-season-transfer\datasets\train_on_2025_all\images\GX010666_MP4-0271_jpg.rf.5c4149e5f182ba87d4712c371fa7354f.jpg,GX010666_MP4-0271_jpg.rf.5c4149e5f182ba87d4712c371fa7354f.jpg,786.1623608489258,664.3050378273315,6962.0,294.16912577151834,True
C:\Users\carmonta\Desktop\data-centric-cross-season-transfer\datasets\train_on_2025_all\images\GX010666_MP4-0272_jpg.rf.41b7fc9c93b3a473fff1731e8b82212a.jpg,GX010666_MP4-0272_jpg.rf.41b7fc9c93b3a473fff1731e8b82212a.jpg,813.9716854221447,803.71491943729,10340.000000000002,300.28644370392936,True
C:\Users\carmonta\Desktop\data-centric-cross-season-transfer\datasets\train_on_2025_all\images\GX010666_MP4-0281_jpg.rf.4cfb76d007bcc2508762bdbe345a61f3.jpg,GX010666_MP4-0281_jpg.rf.4cfb76d007bcc2508762bdbe345a61f3.jpg,958.5590378820821,635.8088547423567,12650.0,279.49059416362365,True
C:\Users\carmonta\Desktop\data-centric-cross-season-transfer\datasets\train_on_2025_all\images\GX010666_MP4-0281_jpg.rf.5c62fa6f13a8f801e2e641e7b831aa44.jpg,GX010666_MP4-0281_jpg.rf.5c62fa6f13a8f801e2e641e7b831aa44.jpg,958.5590378820821,635.8088547423567,12650.0,279.49059416362365,True
C:\Users\carmonta\Desktop\data-centric-cross-season-transfer\datasets\train_on_2025_all\images\GX010666_MP4-0281_jpg.rf.f74f3beaf729a406e0a3582b92002588.jpg,GX010666_MP4-0281_jpg.rf.f74f3beaf729a406e0a3582b92002588.jpg,958.5590378820821,635.8088547423567,12650.0,279.49059416362365,True
C:\Users\carmonta\Desktop\data-centric-cross-season-transfer\datasets\train_on_2025_all\images\GX010666_MP4-0282_jpg.rf.010de7125387bf2c4b58aa356e762124.jpg,GX010666_MP4-0282_jpg.rf.010de7125387bf2c4b58aa356e762124.jpg,944.1150941986975,507.8488955622533,18447.0,260.61719025105276,True
C:\Users\carmonta\Desktop\data-centric-cross-season-transfer\datasets\train_on_2025_all\images\GX010666_MP4-0282_jpg.rf.6f6b4eabdf6c36c15d9f50db6559e724.jpg,GX010666_MP4-0282_jpg.rf.6f6b4eabdf6c36c15d9f50db6559e724.jpg,944.1150941986975,507.8488955622533,18447.0,260.61719025105276,True
C:\Users\carmonta\Desktop\data-centric-cross-season-transfer\datasets\train_on_2025_all\images\GX010666_MP4-0283_jpg.rf.ab26b4198daea1f5ebc1ed411cfc8b65.jpg,GX010666_MP4-0283_jpg.rf.ab26b4198daea1f5ebc1ed411cfc8b65.jpg,923.8553123019633,466.4874812194695,13981.5,247.34694351292302,True
C:\Users\carmonta\Desktop\data-centric-cross-season-transfer\datasets\train_on_2025_all\images\GX010666_MP4-0283_jpg.rf.b1a3f22c0d71a851e8d9a1429a018e3a.jpg,GX010666_MP4-0283_jpg.rf.b1a3f22c0d71a851e8d9a1429a018e3a.jpg,923.8553123019633,466.4874812194695,13981.5,247.34694351292302,True
C:\Users\carmonta\Desktop\data-centric-cross-season-transfer\datasets\train_on_2025_all\images\GX010666_MP4-0283_jpg.rf.c850cb0909ff3d2c54e1697b8c2a8cc4.jpg,GX010666_MP4-0283_jpg.rf.c850cb0909ff3d2c54e1697b8c2a8cc4.jpg,923.8553123019633,466.4874812194695,13981.5,247.34694351292302,True
C:\Users\carmonta\Desktop\data-centric-cross-season-transfer\datasets\train_on_2025_all\images\GX010666_MP4-0285_jpg.rf.3d3c939c2a409e50015f68c9fab4d2ab.jpg,GX010666_MP4-0285_jpg.rf.3d3c939c2a409e50015f68c9fab4d2ab.jpg,817.1779592131335,677.3769552876964,9012.750000000002,294.8827660693712,True
C:\Users\carmonta\Desktop\data-centric-cross-season-transfer\datasets\train_on_2025_all\images\GX010666_MP4-0285_jpg.rf.611bfb302335feaa82207dfa61b9441b.jpg,GX010666_MP4-0285_jpg.rf.611bfb302335feaa82207dfa61b9441b.jpg,817.1779592131335,677.3769552876964,9012.750000000002,294.8827660693712,True
C:\Users\carmonta\Desktop\data-centric-cross-season-transfer\datasets\train_on_2025_all\images\GX010666_MP4-0285_jpg.rf.96627b3dc8d103f4f9acf0e8a40ee826.jpg,GX010666_MP4-0285_jpg.rf.96627b3dc8d103f4f9acf0e8a40ee826.jpg,817.1779592131335,677.3769552876964,9012.750000000002,294.8827660693712,True
C:\Users\carmonta\Desktop\data-centric-cross-season-transfer\datasets\train_on_2025_all\images\GX010666_MP4-0286_jpg.rf.188746edd256d352cbcda4c4068236dc.jpg,GX010666_MP4-0286_jpg.rf.188746edd256d352cbcda4c4068236dc.jpg,797.9685803822161,519.2835839163073,7097.0,280.09721149047135,True
C:\Users\carmonta\Desktop\data-centric-cross-season-transfer\datasets\train_on_2025_all\images\GX010666_MP4-0286_jpg.rf.a1dabdb37d7a2e62c6363ca3c95d2d2a.jpg,GX010666_MP4-0286_jpg.rf.a1dabdb37d7a2e62c6363ca3c95d2d2a.jpg,797.9685803822161,519.2835839163073,7097.0,280.09721149047135,True
C:\Users\carmonta\Desktop\data-centric-cross-season-transfer\datasets\train_on_2025_all\images\GX010666_MP4-0287_jpg.rf.254808ae9b297e8007157f0f17e20879.jpg,GX010666_MP4-0287_jpg.rf.254808ae9b297e8007157f0f17e20879.jpg,816.0788347555747,427.3675552123637,8300.25,257.9678900319019,True
C:\Users\carmonta\Desktop\data-centric-cross-season-transfer\datasets\train_on_2025_all\images\GX010666_MP4-0287_jpg.rf.3a728097d1fb67ddf5248d946b7c64f9.jpg,GX010666_MP4-0287_jpg.rf.3a728097d1fb67ddf5248d946b7c64f9.jpg,816.0788347555747,427.3675552123637,8300.25,257.9678900319019,True
C:\Users\carmonta\Desktop\data-centric-cross-season-transfer\datasets\train_on_2025_all\images\GX010666_MP4-0287_jpg.rf.58a25fedd9743b99b7d5c559cd159018.jpg,GX010666_MP4-0287_jpg.rf.58a25fedd9743b99b7d5c559cd159018.jpg,816.0788347555747,427.3675552123637,8300.25,257.9678900319019,True
C:\Users\carmonta\Desktop\data-centric-cross-season-transfer\datasets\train_on_2025_all\images\GX010666_MP4-0288_jpg.rf.6fbe92385be4df4b45eed5f8fec96d26.jpg,GX010666_MP4-0288_jpg.rf.6fbe92385be4df4b45eed5f8fec96d26.jpg,891.3948460450557,447.3944581083291,5805.0,235.98024686158078,True
C:\Users\carmonta\Desktop\data-centric-cross-season-transfer\datasets\train_on_2025_all\images\GX010666_MP4-0289_jpg.rf.de4ebda1fbb691af5aaed9cfd2f8b50a.jpg,GX010666_MP4-0289_jpg.rf.de4ebda1fbb691af5aaed9cfd2f8b50a.jpg,978.1648899303257,500.59032981151114,7434.0,228.56730806592515,True
C:\Users\carmonta\Desktop\data-centric-cross-season-transfer\datasets\train_on_2025_all\images\GX010666_MP4-0295_jpg.rf.95d2ef06dd5257a254cf04b4c510be8d.jpg,GX010666_MP4-0295_jpg.rf.95d2ef06dd5257a254cf04b4c510be8d.jpg,1187.809426108038,623.3770176532466,10575.0,252.45532678382247,True
C:\Users\carmonta\Desktop\data-centric-cross-season-transfer\datasets\train_on_2025_all\images\GX010666_MP4-0295_jpg.rf.af4a82c0209914dbf14df75477f3ffaf.jpg,GX010666_MP4-0295_jpg.rf.af4a82c0209914dbf14df75477f3ffaf.jpg,1187.809426108038,623.3770176532466,10575.0,252.45532678382247,True
C:\Users\carmonta\Desktop\data-centric-cross-season-transfer\datasets\train_on_2025_all\images\GX010666_MP4-0295_jpg.rf.bb76638c053e1c89b7d3fbc0bb32849a.jpg,GX010666_MP4-0295_jpg.rf.bb76638c053e1c89b7d3fbc0bb32849a.jpg,1187.809426108038,623.3770176532466,10575.0,252.45532678382247,True
C:\Users\carmonta\Desktop\data-centric-cross-season-transfer\datasets\train_on_2025_all\images\GX010666_MP4-0296_jpg.rf.55c2d0c421c81f4de09a2a9c6b26041c.jpg,GX010666_MP4-0296_jpg.rf.55c2d0c421c81f4de09a2a9c6b26041c.jpg,1145.1810028867455,605.0428846199655,11225.5,257.98194058383854,True
C:\Users\carmonta\Desktop\data-centric-cross-season-transfer\datasets\train_on_2025_all\images\GX010666_MP4-0298_jpg.rf.4fcdd278799a00e4c5c81857fecacd41.jpg,GX010666_MP4-0298_jpg.rf.4fcdd278799a00e4c5c81857fecacd41.jpg,930.621186384197,488.97286914583896,10042.75,265.0127004956293,True
C:\Users\carmonta\Desktop\data-centric-cross-season-transfer\datasets\train_on_2025_all\images\GX010666_MP4-0298_jpg.rf.a575105b8613a93e00a448d05db09720.jpg,GX010666_MP4-0298_jpg.rf.a575105b8613a93e00a448d05db09720.jpg,930.621186384197,488.97286914583896,10042.75,265.0127004956293,True
C:\Users\carmonta\Desktop\data-centric-cross-season-transfer\datasets\train_on_2025_all\images\GX010666_MP4-0299_jpg.rf.2f3e723385a04da79dbbc11b70791b77.jpg,GX010666_MP4-0299_jpg.rf.2f3e723385a04da79dbbc11b70791b77.jpg,983.2745852549126,477.2186522289269,12210.750000000002,243.0880050816953,True
C:\Users\carmonta\Desktop\data-centric-cross-season-transfer\datasets\train_on_2025_all\images\GX010666_MP4-0300_jpg.rf.a62d07d669a06e36ef4cda2e26293e1b.jpg,GX010666_MP4-0300_jpg.rf.a62d07d669a06e36ef4cda2e26293e1b.jpg,936.0597331616035,522.3290338021152,8150.0,272.8228733385354,True
C:\Users\carmonta\Desktop\data-centric-cross-season-transfer\datasets\train_on_2025_all\images\GX010666_MP4-0300_jpg.rf.e03031aaf73217325382256572c1f6fc.jpg,GX010666_MP4-0300_jpg.rf.e03031aaf73217325382256572c1f6fc.jpg,936.0597331616035,522.3290338021152,8150.0,272.8228733385354,True
C:\Users\carmonta\Desktop\data-centric-cross-season-transfer\datasets\train_on_2025_all\images\GX010666_MP4-0301_jpg.rf.c5a72c0c597cb53e742d725765181165.jpg,GX010666_MP4-0301_jpg.rf.c5a72c0c597cb53e742d725765181165.jpg,900.5255151813254,626.8773878048197,4411.5,288.3017049038336,True
C:\Users\carmonta\Desktop\data-centric-cross-season-transfer\datasets\train_on_2025_all\images\GX010666_MP4-0302_jpg.rf.f65229f730bc3003c066f8ec9bb16c68.jpg,GX010666_MP4-0302_jpg.rf.f65229f730bc3003c066f8ec9bb16c68.jpg,917.3233336320053,504.23461484681474,7938.0,271.5031648136104,True
C:\Users\carmonta\Desktop\data-centric-cross-season-transfer\datasets\train_on_2025_all\images\GX010666_MP4-0302_jpg.rf.fe91c308598096d2c5068267830d41ab.jpg,GX010666_MP4-0302_jpg.rf.fe91c308598096d2c5068267830d41ab.jpg,917.3233336320053,504.23461484681474,7938.0,271.5031648136104,True
C:\Users\carmonta\Desktop\data-centric-cross-season-transfer\datasets\train_on_2025_all\images\GX010666_MP4-0304_jpg.rf.34a8fd8ee8ef8c92a0964962c5815099.jpg,GX010666_MP4-0304_jpg.rf.34a8fd8ee8ef8c92a0964962c5815099.jpg,819.6653271570425,555.432837814944,5724.5,285.86921077833944,True
C:\Users\carmonta\Desktop\data-centric-cross-season-transfer\datasets\train_on_2025_all\images\GX010666_MP4-0304_jpg.rf.7bfb6eeb047ee1b416e61c6a9c3c222c.jpg,GX010666_MP4-0304_jpg.rf.7bfb6eeb047ee1b416e61c6a9c3c222c.jpg,819.6653271570425,555.432837814944,5724.5,285.86921077833944,True
C:\Users\carmonta\Desktop\data-centric-cross-season-transfer\datasets\train_on_2025_all\images\GX010666_MP4-0305_jpg.rf.ab108c990177ac5837aab9b46490ea21.jpg,GX010666_MP4-0305_jpg.rf.ab108c990177ac5837aab9b46490ea21.jpg,794.7536303841498,554.2512751852278,5136.0,287.6811002203939,True
C:\Users\carmonta\Desktop\data-centric-cross-season-transfer\datasets\train_on_2025_all\images\GX010666_MP4-0305_jpg.rf.da2fa2e07491c4833e9837818dc85384.jpg,GX010666_MP4-0305_jpg.rf.da2fa2e07491c4833e9837818dc85384.jpg,794.7536303841498,554.2512751852278,5136.0,287.6811002203939,True
C:\Users\carmonta\Desktop\data-centric-cross-season-transfer\datasets\train_on_2025_all\images\GX010666_MP4-0306_jpg.rf.510bdd4e207497a225938f10e6227a3c.jpg,GX010666_MP4-0306_jpg.rf.510bdd4e207497a225938f10e6227a3c.jpg,782.5980663734437,516.0124771680704,5921.0,284.51387332514525,True
C:\Users\carmonta\Desktop\data-centric-cross-season-transfer\datasets\train_on_2025_all\images\GX010666_MP4-0306_jpg.rf.86fa0ac0caf195213ce0fae4faa896ea.jpg,GX010666_MP4-0306_jpg.rf.86fa0ac0caf195213ce0fae4faa896ea.jpg,782.5980663734437,516.0124771680704,5921.0,284.51387332514525,True
C:\Users\carmonta\Desktop\data-centric-cross-season-transfer\datasets\train_on_2025_all\images\GX010666_MP4-0306_jpg.rf.f1a79089226ca8d9116e769c1ad3e272.jpg,GX010666_MP4-0306_jpg.rf.f1a79089226ca8d9116e769c1ad3e272.jpg,782.5980663734437,516.0124771680704,5921.0,284.51387332514525,True
C:\Users\carmonta\Desktop\data-centric-cross-season-transfer\datasets\train_on_2025_all\images\GX010666_MP4-0309_jpg.rf.3777c15f4194cc29572b1f9e5bd833dc.jpg,GX010666_MP4-0309_jpg.rf.3777c15f4194cc29572b1f9e5bd833dc.jpg,945.734020931301,538.0596162148619,7117.499999999999,268.9400210540067,True
C:\Users\carmonta\Desktop\data-centric-cross-season-transfer\datasets\train_on_2025_all\images\GX010666_MP4-0309_jpg.rf.84646b315ebed512e500219ee6e561cd.jpg,GX010666_MP4-0309_jpg.rf.84646b315ebed512e500219ee6e561cd.jpg,945.734020931301,538.0596162148619,7117.499999999999,268.9400210540067,True
C:\Users\carmonta\Desktop\data-centric-cross-season-transfer\datasets\train_on_2025_all\images\GX010666_MP4-0309_jpg.rf.c5f16fa700fc69067807134cc74d7564.jpg,GX010666_MP4-0309_jpg.rf.c5f16fa700fc69067807134cc74d7564.jpg,945.734020931301,538.0596162148619,7117.499999999999,268.9400210540067,True
C:\Users\carmonta\Desktop\data-centric-cross-season-transfer\datasets\train_on_2025_all\images\GX010666_MP4-0310_jpg.rf.8f43f3c617552358de822537d85aaf92.jpg,GX010666_MP4-0310_jpg.rf.8f43f3c617552358de822537d85aaf92.jpg,1012.3851488418328,529.945780107176,8271.75,257.0532753757623,True
C:\Users\carmonta\Desktop\data-centric-cross-season-transfer\datasets\train_on_2025_all\images\GX010666_MP4-0310_jpg.rf.cbc11e24136832c3e5b62741d3057572.jpg,GX010666_MP4-0310_jpg.rf.cbc11e24136832c3e5b62741d3057572.jpg,1012.3851488418328,529.945780107176,8271.75,257.0532753757623,True
C:\Users\carmonta\Desktop\data-centric-cross-season-transfer\datasets\train_on_2025_all\images\GX010666_MP4-0310_jpg.rf.f824889c5990937dcfcc30c4d3ee8e5b.jpg,GX010666_MP4-0310_jpg.rf.f824889c5990937dcfcc30c4d3ee8e5b.jpg,1012.3851488418328,529.945780107176,8271.75,257.0532753757623,True
C:\Users\carmonta\Desktop\data-centric-cross-season-transfer\datasets\train_on_2025_all\images\GX010666_MP4-0311_jpg.rf.50115e02613ad286adc25371b9618b30.jpg,GX010666_MP4-0311_jpg.rf.50115e02613ad286adc25371b9618b30.jpg,841.8007027639424,650.3531725407422,5307.0,293.2225673065522,True
C:\Users\carmonta\Desktop\data-centric-cross-season-transfer\datasets\train_on_2025_all\images\GX010666_MP4-0311_jpg.rf.d62a678d345fe9d2b5de42a53bd6a227.jpg,GX010666_MP4-0311_jpg.rf.d62a678d345fe9d2b5de42a53bd6a227.jpg,841.8007027639424,650.3531725407422,5307.0,293.2225673065522,True
C:\Users\carmonta\Desktop\data-centric-cross-season-transfer\datasets\train_on_2025_all\images\GX010666_MP4-0312_jpg.rf.06bcd13928296c190d713784af585dfe.jpg,GX010666_MP4-0312_jpg.rf.06bcd13928296c190d713784af585dfe.jpg,850.0852039510439,495.96827953521944,3915.0,276.36685438287805,True
C:\Users\carmonta\Desktop\data-centric-cross-season-transfer\datasets\train_on_2025_all\images\GX010666_MP4-0312_jpg.rf.41a55ec393ce8c33e3ae958969a05685.jpg,GX010666_MP4-0312_jpg.rf.41a55ec393ce8c33e3ae958969a05685.jpg,850.0852039510439,495.96827953521944,3915.0,276.36685438287805,True
C:\Users\carmonta\Desktop\data-centric-cross-season-transfer\datasets\train_on_2025_all\images\GX010666_MP4-0312_jpg.rf.73c0df0f9408768820c741cdae3c469c.jpg,GX010666_MP4-0312_jpg.rf.73c0df0f9408768820c741cdae3c469c.jpg,850.0852039510439,495.96827953521944,3915.0,276.36685438287805,True
C:\Users\carmonta\Desktop\data-centric-cross-season-transfer\datasets\train_on_2025_all\images\GX010666_MP4-0313_jpg.rf.77d7c963fb32634a7720c106eaca7c26.jpg,GX010666_MP4-0313_jpg.rf.77d7c963fb32634a7720c106eaca7c26.jpg,806.7356226897937,410.50824809440746,5462.5,263.15622573460763,True
C:\Users\carmonta\Desktop\data-centric-cross-season-transfer\datasets\train_on_2025_all\images\GX010666_MP4-0313_jpg.rf.81e7e6c8c29f5f25e422f310253c7eb8.jpg,GX010666_MP4-0313_jpg.rf.81e7e6c8c29f5f25e422f310253c7eb8.jpg,806.7356226897937,410.50824809440746,5462.5,263.15622573460763,True
C:\Users\carmonta\Desktop\data-centric-cross-season-transfer\datasets\train_on_2025_all\images\GX010666_MP4-0313_jpg.rf.e0cac2733ea96368f73fb4622db330f3.jpg,GX010666_MP4-0313_jpg.rf.e0cac2733ea96368f73fb4622db330f3.jpg,806.7356226897937,410.50824809440746,5462.5,263.15622573460763,True
C:\Users\carmonta\Desktop\data-centric-cross-season-transfer\datasets\train_on_2025_all\images\GX010666_MP4-0317_jpg.rf.12510ee19fa93a8679df3a3d793fd13d.jpg,GX010666_MP4-0317_jpg.rf.12510ee19fa93a8679df3a3d793fd13d.jpg,748.680697042291,517.5716130222792,17319.0,286.0713411221871,True
C:\Users\carmonta\Desktop\data-centric-cross-season-transfer\datasets\train_on_2025_all\images\GX010666_MP4-0317_jpg.rf.6524315a2715afc69b2e4f52f3a4292f.jpg,GX010666_MP4-0317_jpg.rf.6524315a2715afc69b2e4f52f3a4292f.jpg,748.680697042291,517.5716130222792,17319.0,286.0713411221871,True
C:\Users\carmonta\Desktop\data-centric-cross-season-transfer\datasets\train_on_2025_all\images\GX010666_MP4-0317_jpg.rf.ab19ee896d3bde280e396c5469129f4c.jpg,GX010666_MP4-0317_jpg.rf.ab19ee896d3bde280e396c5469129f4c.jpg,748.680697042291,517.5716130222792,17319.0,286.0713411221871,True
C:\Users\carmonta\Desktop\data-centric-cross-season-transfer\datasets\train_on_2025_all\images\GX010666_MP4-0318_jpg.rf.47803a7d9adf183bd1a83d34abbc7475.jpg,GX010666_MP4-0318_jpg.rf.47803a7d9adf183bd1a83d34abbc7475.jpg,782.6090555425781,453.60576202544837,9169.0,271.26771514237726,True
C:\Users\carmonta\Desktop\data-centric-cross-season-transfer\datasets\train_on_2025_all\images\GX010666_MP4-0318_jpg.rf.9afde6c6ff8161c779b7aa014c630577.jpg,GX010666_MP4-0318_jpg.rf.9afde6c6ff8161c779b7aa014c630577.jpg,782.6090555425781,453.60576202544837,9169.0,271.26771514237726,True
C:\Users\carmonta\Desktop\data-centric-cross-season-transfer\datasets\train_on_2025_all\images\GX010666_MP4-0318_jpg.rf.cc3401eab550f515237c4a149337f7c6.jpg,GX010666_MP4-0318_jpg.rf.cc3401eab550f515237c4a149337f7c6.jpg,782.6090555425781,453.60576202544837,9169.0,271.26771514237726,True
C:\Users\carmonta\Desktop\data-centric-cross-season-transfer\datasets\train_on_2025_all\images\GX010666_MP4-0319_jpg.rf.773bb6d7a414d57ff3b208993b222424.jpg,GX010666_MP4-0319_jpg.rf.773bb6d7a414d57ff3b208993b222424.jpg,1191.285165488509,595.1205119120854,5236.000000000001,224.01419198783265,True
C:\Users\carmonta\Desktop\data-centric-cross-season-transfer\datasets\train_on_2025_all\images\GX010666_MP4-0319_jpg.rf.803a84abbf558f58979df026c91e4275.jpg,GX010666_MP4-0319_jpg.rf.803a84abbf558f58979df026c91e4275.jpg,1191.285165488509,595.1205119120854,5236.000000000001,224.01419198783265,True
C:\Users\carmonta\Desktop\data-centric-cross-season-transfer\datasets\train_on_2025_all\images\GX010666_MP4-0319_jpg.rf.9486b8bc949ad2634445610e6c943f65.jpg,GX010666_MP4-0319_jpg.rf.9486b8bc949ad2634445610e6c943f65.jpg,1191.285165488509,595.1205119120854,5236.000000000001,224.01419198783265,True
C:\Users\carmonta\Desktop\data-centric-cross-season-transfer\datasets\train_on_2025_all\images\GX010666_MP4-0320_jpg.rf.7315d2642d52d03c50e7889e97a2d393.jpg,GX010666_MP4-0320_jpg.rf.7315d2642d52d03c50e7889e97a2d393.jpg,776.2741139998485,714.9907623240679,9698.25,300.0481860598993,True
C:\Users\carmonta\Desktop\data-centric-cross-season-transfer\datasets\train_on_2025_all\images\GX010666_MP4-0320_jpg.rf.8acb5665af136f13a0f8e38bfa2237fc.jpg,GX010666_MP4-0320_jpg.rf.8acb5665af136f13a0f8e38bfa2237fc.jpg,776.2741139998485,714.9907623240679,9698.25,300.0481860598993,True
C:\Users\carmonta\Desktop\data-centric-cross-season-transfer\datasets\train_on_2025_all\images\GX010666_MP4-0331_jpg.rf.1233d1e0e8af3d19563a00b3f225f920.jpg,GX010666_MP4-0331_jpg.rf.1233d1e0e8af3d19563a00b3f225f920.jpg,811.9536637166873,442.01830747708595,12139.0,269.9039783964346,True
C:\Users\carmonta\Desktop\data-centric-cross-season-transfer\datasets\train_on_2025_all\images\GX010666_MP4-0331_jpg.rf.12b1225fae81698b2d345fb9b90ca86c.jpg,GX010666_MP4-0331_jpg.rf.12b1225fae81698b2d345fb9b90ca86c.jpg,811.9536637166873,442.01830747708595,12139.0,269.9039783964346,True
C:\Users\carmonta\Desktop\data-centric-cross-season-transfer\datasets\train_on_2025_all\images\GX010666_MP4-0331_jpg.rf.8ce37774b8a202299785469d139f11fe.jpg,GX010666_MP4-0331_jpg.rf.8ce37774b8a202299785469d139f11fe.jpg,811.9536637166873,442.01830747708595,12139.0,269.9039783964346,True
C:\Users\carmonta\Desktop\data-centric-cross-season-transfer\datasets\train_on_2025_all\images\GX010666_MP4-0333_jpg.rf.c1181e80f44cd7421284f172d4366d34.jpg,GX010666_MP4-0333_jpg.rf.c1181e80f44cd7421284f172d4366d34.jpg,873.9559920325826,536.4566497233823,13098.0,281.2425257558673,True
C:\Users\carmonta\Desktop\data-centric-cross-season-transfer\datasets\train_on_2025_all\images\GX010666_MP4-0333_jpg.rf.cc1512c05603c4d758a02d803bd9958f.jpg,GX010666_MP4-0333_jpg.rf.cc1512c05603c4d758a02d803bd9958f.jpg,873.9559920325826,536.4566497233823,13098.0,281.2425257558673,True
C:\Users\carmonta\Desktop\data-centric-cross-season-transfer\datasets\train_on_2025_all\images\GX010666_MP4-0333_jpg.rf.de2e6f143a598ccac069104972c823d1.jpg,GX010666_MP4-0333_jpg.rf.de2e6f143a598ccac069104972c823d1.jpg,873.9559920325826,536.4566497233823,13098.0,281.2425257558673,True
C:\Users\carmonta\Desktop\data-centric-cross-season-transfer\datasets\train_on_2025_all\images\GX010666_MP4-0334_jpg.rf.f2113772710263a1cfb2ec6402b3a9e9.jpg,GX010666_MP4-0334_jpg.rf.f2113772710263a1cfb2ec6402b3a9e9.jpg,887.6273152127612,540.5042075496974,7762.5,281.9550141634475,True
C:\Users\carmonta\Desktop\data-centric-cross-season-transfer\datasets\train_on_2025_all\images\GX010666_MP4-0335_jpg.rf.3a2df5f570fbd04ab6744b17bf6f2716.jpg,GX010666_MP4-0335_jpg.rf.3a2df5f570fbd04ab6744b17bf6f2716.jpg,829.7582500025756,678.2438397463487,7743.75,296.8897715846134,True
C:\Users\carmonta\Desktop\data-centric-cross-season-transfer\datasets\train_on_2025_all\images\GX010666_MP4-0335_jpg.rf.a6573a88eab21394f2518d824f8aeefa.jpg,GX010666_MP4-0335_jpg.rf.a6573a88eab21394f2518d824f8aeefa.jpg,829.7582500025756,678.2438397463487,7743.75,296.8897715846134,True
C:\Users\carmonta\Desktop\data-centric-cross-season-transfer\datasets\train_on_2025_all\images\GX010666_MP4-0336_jpg.rf.16dd18bb6b71e6bf8b7ecff86f1709dd.jpg,GX010666_MP4-0336_jpg.rf.16dd18bb6b71e6bf8b7ecff86f1709dd.jpg,940.8258138614063,557.7861780609828,9067.5,278.36601898971367,True
C:\Users\carmonta\Desktop\data-centric-cross-season-transfer\datasets\train_on_2025_all\images\GX010666_MP4-0336_jpg.rf.799289ccfdbffe776b02d4bb53d50ebd.jpg,GX010666_MP4-0336_jpg.rf.799289ccfdbffe776b02d4bb53d50ebd.jpg,940.8258138614063,557.7861780609828,9067.5,278.36601898971367,True
C:\Users\carmonta\Desktop\data-centric-cross-season-transfer\datasets\train_on_2025_all\images\GX010666_MP4-0337_jpg.rf.28dff73729102bdfa7e7dc33781aaea4.jpg,GX010666_MP4-0337_jpg.rf.28dff73729102bdfa7e7dc33781aaea4.jpg,924.5343941221756,565.3779349931904,7591.499999999999,280.03928918403795,True
C:\Users\carmonta\Desktop\data-centric-cross-season-transfer\datasets\train_on_2025_all\images\GX010666_MP4-0337_jpg.rf.706a9429d7612ea5a0fcbb14b695000a.jpg,GX010666_MP4-0337_jpg.rf.706a9429d7612ea5a0fcbb14b695000a.jpg,924.5343941221756,565.3779349931904,7591.499999999999,280.03928918403795,True
C:\Users\carmonta\Desktop\data-centric-cross-season-transfer\datasets\train_on_2025_all\images\GX010666_MP4-0338_jpg.rf.3799b261db8a0e481ab985c6b41772e3.jpg,GX010666_MP4-0338_jpg.rf.3799b261db8a0e481ab985c6b41772e3.jpg,921.6651434677316,572.8622754167576,10435.75,281.1517285739245,True
C:\Users\carmonta\Desktop\data-centric-cross-season-transfer\datasets\train_on_2025_all\images\GX010666_MP4-0338_jpg.rf.b7774e5ef1fcb252ce5fe54a0253cd88.jpg,GX010666_MP4-0338_jpg.rf.b7774e5ef1fcb252ce5fe54a0253cd88.jpg,921.6651434677316,572.8622754167576,10435.75,281.1517285739245,True
C:\Users\carmonta\Desktop\data-centric-cross-season-transfer\datasets\train_on_2025_all\images\GX010666_MP4-0340_jpg.rf.f99ca3971d0e767c945f365f5aec6173.jpg,GX010666_MP4-0340_jpg.rf.f99ca3971d0e767c945f365f5aec6173.jpg,983.6006204465755,580.164938389668,8190.0,273.59492892477374,True
C:\Users\carmonta\Desktop\data-centric-cross-season-transfer\datasets\train_on_2025_all\images\GX010666_MP4-0341_jpg.rf.1e6125f94faff70eabd1db25f6780121.jpg,GX010666_MP4-0341_jpg.rf.1e6125f94faff70eabd1db25f6780121.jpg,967.3347996482834,558.3538592677656,9588.0,270.8862027565132,True
C:\Users\carmonta\Desktop\data-centric-cross-season-transfer\datasets\train_on_2025_all\images\GX010666_MP4-0341_jpg.rf.5df59413990fb4a6f1a9be4636469495.jpg,GX010666_MP4-0341_jpg.rf.5df59413990fb4a6f1a9be4636469495.jpg,967.3347996482834,558.3538592677656,9588.0,270.8862027565132,True
C:\Users\carmonta\Desktop\data-centric-cross-season-transfer\datasets\train_on_2025_all\images\GX010666_MP4-0341_jpg.rf.f7076ba6c37fb692c9412f6673e309ec.jpg,GX010666_MP4-0341_jpg.rf.f7076ba6c37fb692c9412f6673e309ec.jpg,967.3347996482834,558.3538592677656,9588.0,270.8862027565132,True
C:\Users\carmonta\Desktop\data-centric-cross-season-transfer\datasets\train_on_2025_all\images\GX010666_MP4-0342_jpg.rf.ea13702411ac8ef065586fc5b33262c9.jpg,GX010666_MP4-0342_jpg.rf.ea13702411ac8ef065586fc5b33262c9.jpg,966.3616180201211,522.5565632528283,14216.25,263.8740610933645,True
C:\Users\carmonta\Desktop\data-centric-cross-season-transfer\datasets\train_on_2025_all\images\GX010666_MP4-0343_jpg.rf.42c596e94cb24c3f9c0ff7aa037a526f.jpg,GX010666_MP4-0343_jpg.rf.42c596e94cb24c3f9c0ff7aa037a526f.jpg,966.3029840574595,488.67020837700187,12713.249999999998,250.08800542106061,True
C:\Users\carmonta\Desktop\data-centric-cross-season-transfer\datasets\train_on_2025_all\images\GX010666_MP4-0343_jpg.rf.6d5bab6b2fa9ae2b2d9236dd90bd6982.jpg,GX010666_MP4-0343_jpg.rf.6d5bab6b2fa9ae2b2d9236dd90bd6982.jpg,966.3029840574595,488.67020837700187,12713.249999999998,250.08800542106061,True
C:\Users\carmonta\Desktop\data-centric-cross-season-transfer\datasets\train_on_2025_all\images\GX010666_MP4-0344_jpg.rf.35130135f429419cef8470964c0ee9e6.jpg,GX010666_MP4-0344_jpg.rf.35130135f429419cef8470964c0ee9e6.jpg,982.8678593449155,484.89028701862895,14971.25,235.83317863938828,True
C:\Users\carmonta\Desktop\data-centric-cross-season-transfer\datasets\train_on_2025_all\images\GX010666_MP4-0344_jpg.rf.4ec79e127aefd1e77200aea2b2f757f0.jpg,GX010666_MP4-0344_jpg.rf.4ec79e127aefd1e77200aea2b2f757f0.jpg,982.8678593449155,484.89028701862895,14971.25,235.83317863938828,True
C:\Users\carmonta\Desktop\data-centric-cross-season-transfer\datasets\train_on_2025_all\images\GX010666_MP4-0344_jpg.rf.bfc00b08b1bc368bf4dc7dc682e9196b.jpg,GX010666_MP4-0344_jpg.rf.bfc00b08b1bc368bf4dc7dc682e9196b.jpg,982.8678593449155,484.89028701862895,14971.25,235.83317863938828,True
C:\Users\carmonta\Desktop\data-centric-cross-season-transfer\datasets\train_on_2025_all\images\GX010667_MP4-0009_jpg.rf.374e9108928bb3bf5eaf01eb2d761d1f.jpg,GX010667_MP4-0009_jpg.rf.374e9108928bb3bf5eaf01eb2d761d1f.jpg,1079.4052273068135,562.3983336492606,8595.0,265.2958064908716,True
C:\Users\carmonta\Desktop\data-centric-cross-season-transfer\datasets\train_on_2025_all\images\GX010667_MP4-0009_jpg.rf.a109c582e200606986f6d9d7ed8353c1.jpg,GX010667_MP4-0009_jpg.rf.a109c582e200606986f6d9d7ed8353c1.jpg,1079.4052273068135,562.3983336492606,8595.0,265.2958064908716,True
C:\Users\carmonta\Desktop\data-centric-cross-season-transfer\datasets\train_on_2025_all\images\GX010667_MP4-0009_jpg.rf.be62cedd2851a4ee09e90a9c206fcbb6.jpg,GX010667_MP4-0009_jpg.rf.be62cedd2851a4ee09e90a9c206fcbb6.jpg,1079.4052273068135,562.3983336492606,8595.0,265.2958064908716,True
C:\Users\carmonta\Desktop\data-centric-cross-season-transfer\datasets\train_on_2025_all\images\GX010667_MP4-0010_jpg.rf.2339ac84bb05cc17bc12d58c74d07574.jpg,GX010667_MP4-0010_jpg.rf.2339ac84bb05cc17bc12d58c74d07574.jpg,886.7342402635949,557.2756379715562,6355.0,277.7808154481474,True
C:\Users\carmonta\Desktop\data-centric-cross-season-transfer\datasets\train_on_2025_all\images\GX010667_MP4-0010_jpg.rf.e0bff1a934fa0d817a1a773a4381100e.jpg,GX010667_MP4-0010_jpg.rf.e0bff1a934fa0d817a1a773a4381100e.jpg,886.7342402635949,557.2756379715562,6355.0,277.7808154481474,True
C:\Users\carmonta\Desktop\data-centric-cross-season-transfer\datasets\train_on_2025_all\images\GX010667_MP4-0011_jpg.rf.1b42d6f2f53648061614a26065e88b93.jpg,GX010667_MP4-0011_jpg.rf.1b42d6f2f53648061614a26065e88b93.jpg,932.7070662548904,549.8969198795347,8002.5,272.66455442052796,True
C:\Users\carmonta\Desktop\data-centric-cross-season-transfer\datasets\train_on_2025_all\images\GX010667_MP4-0011_jpg.rf.4fc042af0c638e65b411b64cdf306110.jpg,GX010667_MP4-0011_jpg.rf.4fc042af0c638e65b411b64cdf306110.jpg,932.7070662548904,549.8969198795347,8002.5,272.66455442052796,True
C:\Users\carmonta\Desktop\data-centric-cross-season-transfer\datasets\train_on_2025_all\images\GX010667_MP4-0011_jpg.rf.9d1b9718e0e09a46f3ec366270f314f0.jpg,GX010667_MP4-0011_jpg.rf.9d1b9718e0e09a46f3ec366270f314f0.jpg,932.7070662548904,549.8969198795347,8002.5,272.66455442052796,True
C:\Users\carmonta\Desktop\data-centric-cross-season-transfer\datasets\train_on_2025_all\images\GX010667_MP4-0012_jpg.rf.a219f495bc6f590cba43985b124d3d30.jpg,GX010667_MP4-0012_jpg.rf.a219f495bc6f590cba43985b124d3d30.jpg,958.7817120371537,542.5982285336129,11072.5,268.89415431116674,True
C:\Users\carmonta\Desktop\data-centric-cross-season-transfer\datasets\train_on_2025_all\images\GX010667_MP4-0012_jpg.rf.cc6edc75eb5a0a30b8825cbed07415ed.jpg,GX010667_MP4-0012_jpg.rf.cc6edc75eb5a0a30b8825cbed07415ed.jpg,958.7817120371537,542.5982285336129,11072.5,268.89415431116674,True
C:\Users\carmonta\Desktop\data-centric-cross-season-transfer\datasets\train_on_2025_all\images\GX010667_MP4-0013_jpg.rf.3c9962441091101677864a846c272740.jpg,GX010667_MP4-0013_jpg.rf.3c9962441091101677864a846c272740.jpg,946.8285140851034,516.3119009978725,10800.0,267.92899361033034,True
C:\Users\carmonta\Desktop\data-centric-cross-season-transfer\datasets\train_on_2025_all\images\GX010667_MP4-0013_jpg.rf.6b94ecf75786a83d291c79d1ce419fb0.jpg,GX010667_MP4-0013_jpg.rf.6b94ecf75786a83d291c79d1ce419fb0.jpg,946.8285140851034,516.3119009978725,10800.0,267.92899361033034,True
C:\Users\carmonta\Desktop\data-centric-cross-season-transfer\datasets\train_on_2025_all\images\GX010667_MP4-0014_jpg.rf.129ad06866cb9f50ac07122c202f1c22.jpg,GX010667_MP4-0014_jpg.rf.129ad06866cb9f50ac07122c202f1c22.jpg,946.425761539009,478.07741608937215,9775.5,260.0213036349233,True
C:\Users\carmonta\Desktop\data-centric-cross-season-transfer\datasets\train_on_2025_all\images\GX010667_MP4-0014_jpg.rf.524b32a6f2e88b9cbaa1fa4876c68c61.jpg,GX010667_MP4-0014_jpg.rf.524b32a6f2e88b9cbaa1fa4876c68c61.jpg,946.425761539009,478.07741608937215,9775.5,260.0213036349233,True
C:\Users\carmonta\Desktop\data-centric-cross-season-transfer\datasets\train_on_2025_all\images\GX010667_MP4-0014_jpg.rf.ad2b6fe3a168ad7aaaa8b1147101176f.jpg,GX010667_MP4-0014_jpg.rf.ad2b6fe3a168ad7aaaa8b1147101176f.jpg,946.425761539009,478.07741608937215,9775.5,260.0213036349233,True
C:\Users\carmonta\Desktop\data-centric-cross-season-transfer\datasets\train_on_2025_all\images\GX010667_MP4-0015_jpg.rf.3083a49874302846d461d771adbbb845.jpg,GX010667_MP4-0015_jpg.rf.3083a49874302846d461d771adbbb845.jpg,930.995317382555,467.75049209833713,11914.0,259.58500663052234,True
C:\Users\carmonta\Desktop\data-centric-cross-season-transfer\datasets\train_on_2025_all\images\GX010667_MP4-0015_jpg.rf.76aa846f5c971746045289eff211342a.jpg,GX010667_MP4-0015_jpg.rf.76aa846f5c971746045289eff211342a.jpg,930.995317382555,467.75049209833713,11914.0,259.58500663052234,True
C:\Users\carmonta\Desktop\data-centric-cross-season-transfer\datasets\train_on_2025_all\images\GX010667_MP4-0015_jpg.rf.d71883f372b1f3bd1cb0b798e9198321.jpg,GX010667_MP4-0015_jpg.rf.d71883f372b1f3bd1cb0b798e9198321.jpg,930.995317382555,467.75049209833713,11914.0,259.58500663052234,True
C:\Users\carmonta\Desktop\data-centric-cross-season-transfer\datasets\train_on_2025_all\images\GX010667_MP4-0017_jpg.rf.02ebd90617f9c5c2ad8c8ed0cc34534f.jpg,GX010667_MP4-0017_jpg.rf.02ebd90617f9c5c2ad8c8ed0cc34534f.jpg,918.2953275924028,736.5251207358733,8308.25,292.4714039800852,True
C:\Users\carmonta\Desktop\data-centric-cross-season-transfer\datasets\train_on_2025_all\images\GX010667_MP4-0017_jpg.rf.6a80752b992961a7804c1320207edf80.jpg,GX010667_MP4-0017_jpg.rf.6a80752b992961a7804c1320207edf80.jpg,918.2953275924028,736.5251207358733,8308.25,292.4714039800852,True
C:\Users\carmonta\Desktop\data-centric-cross-season-transfer\datasets\train_on_2025_all\images\GX010667_MP4-0018_jpg.rf.9ac0559f6e07f9a599fbb572e16cf1aa.jpg,GX010667_MP4-0018_jpg.rf.9ac0559f6e07f9a599fbb572e16cf1aa.jpg,898.5787986997204,697.0139005271633,3910.0,290.575305694906,True
C:\Users\carmonta\Desktop\data-centric-cross-season-transfer\datasets\train_on_2025_all\images\GX010667_MP4-0018_jpg.rf.e3a75c20a7b4a074084272a751b43dea.jpg,GX010667_MP4-0018_jpg.rf.e3a75c20a7b4a074084272a751b43dea.jpg,898.5787986997204,697.0139005271633,3910.0,290.575305694906,True
C:\Users\carmonta\Desktop\data-centric-cross-season-transfer\datasets\train_on_2025_all\images\GX010667_MP4-0019_jpg.rf.1274dbd03aff9f492ff0f8962920b567.jpg,GX010667_MP4-0019_jpg.rf.1274dbd03aff9f492ff0f8962920b567.jpg,873.062104571806,755.7807644874127,12166.0,295.1167976093092,True
C:\Users\carmonta\Desktop\data-centric-cross-season-transfer\datasets\train_on_2025_all\images\GX010667_MP4-0019_jpg.rf.afdd20519d3151812172c412e7565c5c.jpg,GX010667_MP4-0019_jpg.rf.afdd20519d3151812172c412e7565c5c.jpg,873.062104571806,755.7807644874127,12166.0,295.1167976093092,True
C:\Users\carmonta\Desktop\data-centric-cross-season-transfer\datasets\train_on_2025_all\images\GX010667_MP4-0019_jpg.rf.f615b8576124222ebc5efae82a86c284.jpg,GX010667_MP4-0019_jpg.rf.f615b8576124222ebc5efae82a86c284.jpg,873.062104571806,755.7807644874127,12166.0,295.1167976093092,True
C:\Users\carmonta\Desktop\data-centric-cross-season-transfer\datasets\train_on_2025_all\images\GX010667_MP4-0020_jpg.rf.11910a990f70f4083fc6e87bba0857d8.jpg,GX010667_MP4-0020_jpg.rf.11910a990f70f4083fc6e87bba0857d8.jpg,858.2786283600228,650.3210041341237,10703.0,287.84366776593095,True
C:\Users\carmonta\Desktop\data-centric-cross-season-transfer\datasets\train_on_2025_all\images\GX010667_MP4-0020_jpg.rf.4b0363ce25ffc700725019bf383e4024.jpg,GX010667_MP4-0020_jpg.rf.4b0363ce25ffc700725019bf383e4024.jpg,858.2786283600228,650.3210041341237,10703.0,287.84366776593095,True
C:\Users\carmonta\Desktop\data-centric-cross-season-transfer\datasets\train_on_2025_all\images\GX010667_MP4-0021_jpg.rf.31b1d574baee80ac4326147873925a8c.jpg,GX010667_MP4-0021_jpg.rf.31b1d574baee80ac4326147873925a8c.jpg,851.3122983910378,601.5156517241822,10540.0,284.0275334768943,True
C:\Users\carmonta\Desktop\data-centric-cross-season-transfer\datasets\train_on_2025_all\images\GX010667_MP4-0021_jpg.rf.c25aeccd0fd354b5a14cef61f4cc6788.jpg,GX010667_MP4-0021_jpg.rf.c25aeccd0fd354b5a14cef61f4cc6788.jpg,851.3122983910378,601.5156517241822,10540.0,284.0275334768943,True
C:\Users\carmonta\Desktop\data-centric-cross-season-transfer\datasets\train_on_2025_all\images\GX010667_MP4-0022_jpg.rf.3b7ef3e44e7233d1027df05efa2551ab.jpg,GX010667_MP4-0022_jpg.rf.3b7ef3e44e7233d1027df05efa2551ab.jpg,852.4410776834757,587.4297345668813,9860.0,281.4562259512982,True
C:\Users\carmonta\Desktop\data-centric-cross-season-transfer\datasets\train_on_2025_all\images\GX010667_MP4-0023_jpg.rf.fbff6355a711d5072f375377d738bc2c.jpg,GX010667_MP4-0023_jpg.rf.fbff6355a711d5072f375377d738bc2c.jpg,835.1960021213193,536.6220728852045,10059.75,276.6450129618949,True
C:\Users\carmonta\Desktop\data-centric-cross-season-transfer\datasets\train_on_2025_all\images\GX010667_MP4-0024_jpg.rf.7e55024bfd99399061f0d382c274e6d3.jpg,GX010667_MP4-0024_jpg.rf.7e55024bfd99399061f0d382c274e6d3.jpg,854.5489472501629,463.0630956976207,11309.0,258.14829418271745,True
C:\Users\carmonta\Desktop\data-centric-cross-season-transfer\datasets\train_on_2025_all\images\GX010667_MP4-0024_jpg.rf.e0ede1d3eb6620de323f3ebfb1b47299.jpg,GX010667_MP4-0024_jpg.rf.e0ede1d3eb6620de323f3ebfb1b47299.jpg,854.5489472501629,463.0630956976207,11309.0,258.14829418271745,True
C:\Users\carmonta\Desktop\data-centric-cross-season-transfer\datasets\train_on_2025_all\images\GX010667_MP4-0027_jpg.rf.03a51aeeb5e6b26644cd7c7bcf4be278.jpg,GX010667_MP4-0027_jpg.rf.03a51aeeb5e6b26644cd7c7bcf4be278.jpg,1107.84732186694,552.467449017895,7497.0,236.1034078537059,True
C:\Users\carmonta\Desktop\data-centric-cross-season-transfer\datasets\train_on_2025_all\images\GX010667_MP4-0027_jpg.rf.1d926a44d344816703e93255afc1f746.jpg,GX010667_MP4-0027_jpg.rf.1d926a44d344816703e93255afc1f746.jpg,1107.84732186694,552.467449017895,7497.0,236.1034078537059,True
C:\Users\carmonta\Desktop\data-centric-cross-season-transfer\datasets\train_on_2025_all\images\GX010667_MP4-0027_jpg.rf.a629e2c201978d3395415ff2cb12e711.jpg,GX010667_MP4-0027_jpg.rf.a629e2c201978d3395415ff2cb12e711.jpg,1107.84732186694,552.467449017895,7497.0,236.1034078537059,True
C:\Users\carmonta\Desktop\data-centric-cross-season-transfer\datasets\train_on_2025_all\images\GX010667_MP4-0028_jpg.rf.075573af8e33444021e6a85b1a534cbe.jpg,GX010667_MP4-0028_jpg.rf.075573af8e33444021e6a85b1a534cbe.jpg,1130.8643696420563,566.533519830452,6557.5,248.86086571240634,True
C:\Users\carmonta\Desktop\data-centric-cross-season-transfer\datasets\train_on_2025_all\images\GX010667_MP4-0028_jpg.rf.1133f36e2c1504a72505b90029a1a80f.jpg,GX010667_MP4-0028_jpg.rf.1133f36e2c1504a72505b90029a1a80f.jpg,1130.8643696420563,566.533519830452,6557.5,248.86086571240634,True
C:\Users\carmonta\Desktop\data-centric-cross-season-transfer\datasets\train_on_2025_all\images\GX010667_MP4-0028_jpg.rf.9426dd00f9116d7a0683fea76ddadc73.jpg,GX010667_MP4-0028_jpg.rf.9426dd00f9116d7a0683fea76ddadc73.jpg,1130.8643696420563,566.533519830452,6557.5,248.86086571240634,True
C:\Users\carmonta\Desktop\data-centric-cross-season-transfer\datasets\train_on_2025_all\images\GX010667_MP4-0029_jpg.rf.27332be298417955f497aca231e2bfe8.jpg,GX010667_MP4-0029_jpg.rf.27332be298417955f497aca231e2bfe8.jpg,1120.0206127171941,583.6956867872748,17145.000000000004,258.2780984931935,True
C:\Users\carmonta\Desktop\data-centric-cross-season-transfer\datasets\train_on_2025_all\images\GX010667_MP4-0029_jpg.rf.51387df2dbc16688e5eb2869c7eb7fa7.jpg,GX010667_MP4-0029_jpg.rf.51387df2dbc16688e5eb2869c7eb7fa7.jpg,1120.0206127171941,583.6956867872748,17145.000000000004,258.2780984931935,True
C:\Users\carmonta\Desktop\data-centric-cross-season-transfer\datasets\train_on_2025_all\images\GX010667_MP4-0030_jpg.rf.152b35276b58dd7da2e99548febcc64d.jpg,GX010667_MP4-0030_jpg.rf.152b35276b58dd7da2e99548febcc64d.jpg,1003.6509806566642,641.1789045638451,7864.5,281.70143736489024,True
C:\Users\carmonta\Desktop\data-centric-cross-season-transfer\datasets\train_on_2025_all\images\GX010667_MP4-0030_jpg.rf.6a8df5780107e92f73e6b86f7b4e22bc.jpg,GX010667_MP4-0030_jpg.rf.6a8df5780107e92f73e6b86f7b4e22bc.jpg,1003.6509806566642,641.1789045638451,7864.5,281.70143736489024,True
C:\Users\carmonta\Desktop\data-centric-cross-season-transfer\datasets\train_on_2025_all\images\GX010667_MP4-0030_jpg.rf.ace180d128b42f8d2a3a82cae718b306.jpg,GX010667_MP4-0030_jpg.rf.ace180d128b42f8d2a3a82cae718b306.jpg,1003.6509806566642,641.1789045638451,7864.5,281.70143736489024,True
C:\Users\carmonta\Desktop\data-centric-cross-season-transfer\datasets\train_on_2025_all\images\GX010667_MP4-0031_jpg.rf.1dfd53e7cd8f7a21f6f0aef52ede9984.jpg,GX010667_MP4-0031_jpg.rf.1dfd53e7cd8f7a21f6f0aef52ede9984.jpg,959.702628462798,602.1322964728912,10715.25,280.6914611468731,True
C:\Users\carmonta\Desktop\data-centric-cross-season-transfer\datasets\train_on_2025_all\images\GX010667_MP4-0031_jpg.rf.40ff59eb6ca6bdd24c7ba0264e986b98.jpg,GX010667_MP4-0031_jpg.rf.40ff59eb6ca6bdd24c7ba0264e986b98.jpg,959.702628462798,602.1322964728912,10715.25,280.6914611468731,True
C:\Users\carmonta\Desktop\data-centric-cross-season-transfer\datasets\train_on_2025_all\images\GX010667_MP4-0031_jpg.rf.a3edae53f059c749f2df0de04173b5c4.jpg,GX010667_MP4-0031_jpg.rf.a3edae53f059c749f2df0de04173b5c4.jpg,959.702628462798,602.1322964728912,10715.25,280.6914611468731,True
C:\Users\carmonta\Desktop\data-centric-cross-season-transfer\datasets\train_on_2025_all\images\GX010667_MP4-0032_jpg.rf.3ac8a6b5bc9387555567baec876234b6.jpg,GX010667_MP4-0032_jpg.rf.3ac8a6b5bc9387555567baec876234b6.jpg,954.7730247825602,552.594195109876,9699.0,273.27035498926955,True
C:\Users\carmonta\Desktop\data-centric-cross-season-transfer\datasets\train_on_2025_all\images\GX010667_MP4-0032_jpg.rf.c00156a52dfca8118a51fb7121511bdb.jpg,GX010667_MP4-0032_jpg.rf.c00156a52dfca8118a51fb7121511bdb.jpg,954.7730247825602,552.594195109876,9699.0,273.27035498926955,True
C:\Users\carmonta\Desktop\data-centric-cross-season-transfer\datasets\train_on_2025_all\images\GX010667_MP4-0033_jpg.rf.108aae399f3d12aa628c9e87b7ae2d64.jpg,GX010667_MP4-0033_jpg.rf.108aae399f3d12aa628c9e87b7ae2d64.jpg,981.2512145055763,536.4124546211798,9675.0,265.06834026695543,True
C:\Users\carmonta\Desktop\data-centric-cross-season-transfer\datasets\train_on_2025_all\images\GX010667_MP4-0033_jpg.rf.4ff3b9f2e18e6e98dc5fcffbcda70eee.jpg,GX010667_MP4-0033_jpg.rf.4ff3b9f2e18e6e98dc5fcffbcda70eee.jpg,981.2512145055763,536.4124546211798,9675.0,265.06834026695543,True
C:\Users\carmonta\Desktop\data-centric-cross-season-transfer\datasets\train_on_2025_all\images\GX010667_MP4-0033_jpg.rf.e837083c99c74841ff84af382f7f47bb.jpg,GX010667_MP4-0033_jpg.rf.e837083c99c74841ff84af382f7f47bb.jpg,981.2512145055763,536.4124546211798,9675.0,265.06834026695543,True
C:\Users\carmonta\Desktop\data-centric-cross-season-transfer\datasets\train_on_2025_all\images\GX010667_MP4-0034_jpg.rf.d8f3ef76b755a0fd03d74bf21a56d18f.jpg,GX010667_MP4-0034_jpg.rf.d8f3ef76b755a0fd03d74bf21a56d18f.jpg,1000.335803960057,545.8198075109394,7547.75,263.12132366018926,True
C:\Users\carmonta\Desktop\data-centric-cross-season-transfer\datasets\train_on_2025_all\images\GX010667_MP4-0035_jpg.rf.b6c5b72b97e2ac9b6531d6d421fe6e70.jpg,GX010667_MP4-0035_jpg.rf.b6c5b72b97e2ac9b6531d6d421fe6e70.jpg,1002.3289084227416,570.7554349391619,9223.75,268.09492364364127,True
C:\Users\carmonta\Desktop\data-centric-cross-season-transfer\datasets\train_on_2025_all\images\GX010667_MP4-0035_jpg.rf.e931147b4dbf4c16e5d0171acc14e5a0.jpg,GX010667_MP4-0035_jpg.rf.e931147b4dbf4c16e5d0171acc14e5a0.jpg,1002.3289084227416,570.7554349391619,9223.75,268.09492364364127,True
C:\Users\carmonta\Desktop\data-centric-cross-season-transfer\datasets\train_on_2025_all\images\GX010667_MP4-0036_jpg.rf.235686e0b8a459224dbe50a5bfe2c1bd.jpg,GX010667_MP4-0036_jpg.rf.235686e0b8a459224dbe50a5bfe2c1bd.jpg,1064.1397119123767,598.1018775720026,7490.0,265.859343512904,True
C:\Users\carmonta\Desktop\data-centric-cross-season-transfer\datasets\train_on_2025_all\images\GX010667_MP4-0036_jpg.rf.b8e2cef8bf5b40f5db538b540dc6b810.jpg,GX010667_MP4-0036_jpg.rf.b8e2cef8bf5b40f5db538b540dc6b810.jpg,1064.1397119123767,598.1018775720026,7490.0,265.859343512904,True
C:\Users\carmonta\Desktop\data-centric-cross-season-transfer\datasets\train_on_2025_all\images\GX010667_MP4-0037_jpg.rf.5ed362c53f434220bbae869846478248.jpg,GX010667_MP4-0037_jpg.rf.5ed362c53f434220bbae869846478248.jpg,1137.9294175063847,608.2487695030164,5035.0,258.81691299580365,True
C:\Users\carmonta\Desktop\data-centric-cross-season-transfer\datasets\train_on_2025_all\images\GX010667_MP4-0037_jpg.rf.8761695133d5c3146a86fc45bbe8a787.jpg,GX010667_MP4-0037_jpg.rf.8761695133d5c3146a86fc45bbe8a787.jpg,1137.9294175063847,608.2487695030164,5035.0,258.81691299580365,True
C:\Users\carmonta\Desktop\data-centric-cross-season-transfer\datasets\train_on_2025_all\images\GX010667_MP4-0037_jpg.rf.f4e733b64f963b806dca020f5ff20ffe.jpg,GX010667_MP4-0037_jpg.rf.f4e733b64f963b806dca020f5ff20ffe.jpg,1137.9294175063847,608.2487695030164,5035.0,258.81691299580365,True
C:\Users\carmonta\Desktop\data-centric-cross-season-transfer\datasets\train_on_2025_all\images\GX010667_MP4-0040_jpg.rf.a96c0492d44d3d29bab4213056d28a7d.jpg,GX010667_MP4-0040_jpg.rf.a96c0492d44d3d29bab4213056d28a7d.jpg,1001.0707676498804,603.5351011444776,7084.0,276.38176289526535,True
C:\Users\carmonta\Desktop\data-centric-cross-season-transfer\datasets\train_on_2025_all\images\GX010667_MP4-0040_jpg.rf.b9876e9f120bb4d33e543dff3befe208.jpg,GX010667_MP4-0040_jpg.rf.b9876e9f120bb4d33e543dff3befe208.jpg,1001.0707676498804,603.5351011444776,7084.0,276.38176289526535,True
C:\Users\carmonta\Desktop\data-centric-cross-season-transfer\datasets\train_on_2025_all\images\GX010667_MP4-0040_jpg.rf.d820e8ced5250cf63e279b01e6d7eb46.jpg,GX010667_MP4-0040_jpg.rf.d820e8ced5250cf63e279b01e6d7eb46.jpg,1001.0707676498804,603.5351011444776,7084.0,276.38176289526535,True
C:\Users\carmonta\Desktop\data-centric-cross-season-transfer\datasets\train_on_2025_all\images\GX010667_MP4-0041_jpg.rf.3c1f7e5b4f131c2db3487f9ca330d699.jpg,GX010667_MP4-0041_jpg.rf.3c1f7e5b4f131c2db3487f9ca330d699.jpg,1083.686981546901,690.1075807668475,7237.75,279.7378231213607,True
C:\Users\carmonta\Desktop\data-centric-cross-season-transfer\datasets\train_on_2025_all\images\GX010667_MP4-0041_jpg.rf.a4fcc56194f7c55f1dde94dad82cdda1.jpg,GX010667_MP4-0041_jpg.rf.a4fcc56194f7c55f1dde94dad82cdda1.jpg,1083.686981546901,690.1075807668475,7237.75,279.7378231213607,True
C:\Users\carmonta\Desktop\data-centric-cross-season-transfer\datasets\train_on_2025_all\images\GX010667_MP4-0041_jpg.rf.ac2c58d68872ce3e5bfc1f32a29f0533.jpg,GX010667_MP4-0041_jpg.rf.ac2c58d68872ce3e5bfc1f32a29f0533.jpg,1083.686981546901,690.1075807668475,7237.75,279.7378231213607,True
C:\Users\carmonta\Desktop\data-centric-cross-season-transfer\datasets\train_on_2025_all\images\GX010667_MP4-0042_jpg.rf.62f8ff50bb0246d74aec7429788eee79.jpg,GX010667_MP4-0042_jpg.rf.62f8ff50bb0246d74aec7429788eee79.jpg,942.940161519541,551.4320158473989,6643.5,276.8927242482617,True
C:\Users\carmonta\Desktop\data-centric-cross-season-transfer\datasets\train_on_2025_all\images\GX010667_MP4-0042_jpg.rf.67d0b052b5f5941ccaaf31ec863ed0c5.jpg,GX010667_MP4-0042_jpg.rf.67d0b052b5f5941ccaaf31ec863ed0c5.jpg,942.940161519541,551.4320158473989,6643.5,276.8927242482617,True
C:\Users\carmonta\Desktop\data-centric-cross-season-transfer\datasets\train_on_2025_all\images\GX010667_MP4-0043_jpg.rf.2b629a651c77459c4793ec386bdee9e8.jpg,GX010667_MP4-0043_jpg.rf.2b629a651c77459c4793ec386bdee9e8.jpg,969.5707559209218,497.2564848965217,7062.749999999999,259.1695665849894,True
C:\Users\carmonta\Desktop\data-centric-cross-season-transfer\datasets\train_on_2025_all\images\GX010667_MP4-0043_jpg.rf.4c51e3f8d19f65f0b9d0e0391716e52e.jpg,GX010667_MP4-0043_jpg.rf.4c51e3f8d19f65f0b9d0e0391716e52e.jpg,969.5707559209218,497.2564848965217,7062.749999999999,259.1695665849894,True
C:\Users\carmonta\Desktop\data-centric-cross-season-transfer\datasets\train_on_2025_all\images\GX010667_MP4-0043_jpg.rf.a9851615b8188821fad580948a8b72ce.jpg,GX010667_MP4-0043_jpg.rf.a9851615b8188821fad580948a8b72ce.jpg,969.5707559209218,497.2564848965217,7062.749999999999,259.1695665849894,True
C:\Users\carmonta\Desktop\data-centric-cross-season-transfer\datasets\train_on_2025_all\images\GX010667_MP4-0044_jpg.rf.05780a88b3d0708ff9429804fa7ac7c5.jpg,GX010667_MP4-0044_jpg.rf.05780a88b3d0708ff9429804fa7ac7c5.jpg,1083.2300104684575,520.2507884540595,9712.5,231.46000236633387,True
C:\Users\carmonta\Desktop\data-centric-cross-season-transfer\datasets\train_on_2025_all\images\GX010667_MP4-0044_jpg.rf.2232efe2174e7781f06f88975723f7d5.jpg,GX010667_MP4-0044_jpg.rf.2232efe2174e7781f06f88975723f7d5.jpg,1083.2300104684575,520.2507884540595,9712.5,231.46000236633387,True
C:\Users\carmonta\Desktop\data-centric-cross-season-transfer\datasets\train_on_2025_all\images\GX010667_MP4-0044_jpg.rf.e8b24d5738acbc69d3a07ce60690b818.jpg,GX010667_MP4-0044_jpg.rf.e8b24d5738acbc69d3a07ce60690b818.jpg,1083.2300104684575,520.2507884540595,9712.5,231.46000236633387,True
C:\Users\carmonta\Desktop\data-centric-cross-season-transfer\datasets\train_on_2025_all\images\GX010667_MP4-0045_jpg.rf.73d391376024507fe3f6244012e65cc6.jpg,GX010667_MP4-0045_jpg.rf.73d391376024507fe3f6244012e65cc6.jpg,1131.2169755892046,569.3703259939532,6840.0,220.90249556992373,True
C:\Users\carmonta\Desktop\data-centric-cross-season-transfer\datasets\train_on_2025_all\images\GX010667_MP4-0045_jpg.rf.80ad063bb594d34391755925f0515207.jpg,GX010667_MP4-0045_jpg.rf.80ad063bb594d34391755925f0515207.jpg,1131.2169755892046,569.3703259939532,6840.0,220.90249556992373,True
C:\Users\carmonta\Desktop\data-centric-cross-season-transfer\datasets\train_on_2025_all\images\GX010667_MP4-0045_jpg.rf.9b9de2dc18b4e46652f6881545ee8a7d.jpg,GX010667_MP4-0045_jpg.rf.9b9de2dc18b4e46652f6881545ee8a7d.jpg,1131.2169755892046,569.3703259939532,6840.0,220.90249556992373,True
C:\Users\carmonta\Desktop\data-centric-cross-season-transfer\datasets\train_on_2025_all\images\GX010668_MP4-0008_jpg.rf.031780dc8f563958c9457b67c3820d51.jpg,GX010668_MP4-0008_jpg.rf.031780dc8f563958c9457b67c3820d51.jpg,1248.8510508116967,592.5524708398249,10058.0,232.42817677081405,True
C:\Users\carmonta\Desktop\data-centric-cross-season-transfer\datasets\train_on_2025_all\images\GX010668_MP4-0008_jpg.rf.a6a489c56ce85cfa0bbfadc8aacaf631.jpg,GX010668_MP4-0008_jpg.rf.a6a489c56ce85cfa0bbfadc8aacaf631.jpg,1248.8510508116967,592.5524708398249,10058.0,232.42817677081405,True
C:\Users\carmonta\Desktop\data-centric-cross-season-transfer\datasets\train_on_2025_all\images\GX010668_MP4-0008_jpg.rf.bfe335ef5e8e8ab498cacce29a552436.jpg,GX010668_MP4-0008_jpg.rf.bfe335ef5e8e8ab498cacce29a552436.jpg,1248.8510508116967,592.5524708398249,10058.0,232.42817677081405,True
C:\Users\carmonta\Desktop\data-centric-cross-season-transfer\datasets\train_on_2025_all\images\GX010668_MP4-0010_jpg.rf.cd0d6360663ee505ad23b6789e941256.jpg,GX010668_MP4-0010_jpg.rf.cd0d6360663ee505ad23b6789e941256.jpg,884.1290980540755,412.70522011369644,5152.5,245.38036077668397,True
C:\Users\carmonta\Desktop\data-centric-cross-season-transfer\datasets\train_on_2025_all\images\GX010668_MP4-0011_jpg.rf.2fd7d2c9a943391c92fd291dd546bc9e.jpg,GX010668_MP4-0011_jpg.rf.2fd7d2c9a943391c92fd291dd546bc9e.jpg,730.6614022562306,492.11223994013864,6441.0,285.8576700386259,True
C:\Users\carmonta\Desktop\data-centric-cross-season-transfer\datasets\train_on_2025_all\images\GX010668_MP4-0011_jpg.rf.4b70994872514a31e1a39521bca354c0.jpg,GX010668_MP4-0011_jpg.rf.4b70994872514a31e1a39521bca354c0.jpg,730.6614022562306,492.11223994013864,6441.0,285.8576700386259,True
C:\Users\carmonta\Desktop\data-centric-cross-season-transfer\datasets\train_on_2025_all\images\GX010668_MP4-0011_jpg.rf.5232a7649214c73841239d6d5dbb4c63.jpg,GX010668_MP4-0011_jpg.rf.5232a7649214c73841239d6d5dbb4c63.jpg,730.6614022562306,492.11223994013864,6441.0,285.8576700386259,True
C:\Users\carmonta\Desktop\data-centric-cross-season-transfer\datasets\train_on_2025_all\images\GX010668_MP4-0019_jpg.rf.0700c79cf4896ce6b4639051d82f027b.jpg,GX010668_MP4-0019_jpg.rf.0700c79cf4896ce6b4639051d82f027b.jpg,853.5871181949708,584.1254457552263,12561.5,287.19472838739966,True
C:\Users\carmonta\Desktop\data-centric-cross-season-transfer\datasets\train_on_2025_all\images\GX010668_MP4-0019_jpg.rf.36c2484d8449fbb4cb3ab857776551fd.jpg,GX010668_MP4-0019_jpg.rf.36c2484d8449fbb4cb3ab857776551fd.jpg,853.5871181949708,584.1254457552263,12561.5,287.19472838739966,True
C:\Users\carmonta\Desktop\data-centric-cross-season-transfer\datasets\train_on_2025_all\images\GX010668_MP4-0019_jpg.rf.6ac15043b5f259806c873c5e8ac695d4.jpg,GX010668_MP4-0019_jpg.rf.6ac15043b5f259806c873c5e8ac695d4.jpg,853.5871181949708,584.1254457552263,12561.5,287.19472838739966,True
C:\Users\carmonta\Desktop\data-centric-cross-season-transfer\datasets\train_on_2025_all\images\GX010668_MP4-0020_jpg.rf.25733a8da806e157af0a70fcfd1964eb.jpg,GX010668_MP4-0020_jpg.rf.25733a8da806e157af0a70fcfd1964eb.jpg,865.780251054268,455.3592999989833,9412.5,263.82819895786963,True
C:\Users\carmonta\Desktop\data-centric-cross-season-transfer\datasets\train_on_2025_all\images\GX010668_MP4-0020_jpg.rf.79c8d2c2a582eeadaedef7dce09798bc.jpg,GX010668_MP4-0020_jpg.rf.79c8d2c2a582eeadaedef7dce09798bc.jpg,865.780251054268,455.3592999989833,9412.5,263.82819895786963,True
C:\Users\carmonta\Desktop\data-centric-cross-season-transfer\datasets\train_on_2025_all\images\GX010668_MP4-0021_jpg.rf.65bc495b504ae78fe0ba5e07eaeb98e1.jpg,GX010668_MP4-0021_jpg.rf.65bc495b504ae78fe0ba5e07eaeb98e1.jpg,712.519436811278,649.3631047396111,15561.0,302.5695141813981,True
C:\Users\carmonta\Desktop\data-centric-cross-season-transfer\datasets\train_on_2025_all\images\GX010668_MP4-0021_jpg.rf.b44db91c55365af02b9dd76c1ff7e3d1.jpg,GX010668_MP4-0021_jpg.rf.b44db91c55365af02b9dd76c1ff7e3d1.jpg,712.519436811278,649.3631047396111,15561.0,302.5695141813981,True
C:\Users\carmonta\Desktop\data-centric-cross-season-transfer\datasets\train_on_2025_all\images\GX010668_MP4-0021_jpg.rf.b981eca4b0edec4e1c2bc4db0437d2ae.jpg,GX010668_MP4-0021_jpg.rf.b981eca4b0edec4e1c2bc4db0437d2ae.jpg,712.519436811278,649.3631047396111,15561.0,302.5695141813981,True
C:\Users\carmonta\Desktop\data-centric-cross-season-transfer\datasets\train_on_2025_all\images\GX010668_MP4-0022_jpg.rf.dced07a205ff70daf296671aea5d5742.jpg,GX010668_MP4-0022_jpg.rf.dced07a205ff70daf296671aea5d5742.jpg,783.3211525439151,389.91770747917735,5544.0,251.87331029476124,True
C:\Users\carmonta\Desktop\data-centric-cross-season-transfer\datasets\train_on_2025_all\images\GX010668_MP4-0022_jpg.rf.f0c4104b9cde5591ac2e1fec571ff046.jpg,GX010668_MP4-0022_jpg.rf.f0c4104b9cde5591ac2e1fec571ff046.jpg,783.3211525439151,389.91770747917735,5544.0,251.87331029476124,True
C:\Users\carmonta\Desktop\data-centric-cross-season-transfer\datasets\train_on_2025_all\images\GX010668_MP4-0026_jpg.rf.0272e54256752302a70b4b2a83327529.jpg,GX010668_MP4-0026_jpg.rf.0272e54256752302a70b4b2a83327529.jpg,815.2803195037347,620.7538613463821,3692.5,289.20115340670714,True
C:\Users\carmonta\Desktop\data-centric-cross-season-transfer\datasets\train_on_2025_all\images\GX010668_MP4-0026_jpg.rf.44344fe2f8b0a1db59a010e73f044e10.jpg,GX010668_MP4-0026_jpg.rf.44344fe2f8b0a1db59a010e73f044e10.jpg,815.2803195037347,620.7538613463821,3692.5,289.20115340670714,True
C:\Users\carmonta\Desktop\data-centric-cross-season-transfer\datasets\train_on_2025_all\images\GX010668_MP4-0026_jpg.rf.995730358b9576ab45d9b1b3a2d34685.jpg,GX010668_MP4-0026_jpg.rf.995730358b9576ab45d9b1b3a2d34685.jpg,815.2803195037347,620.7538613463821,3692.5,289.20115340670714,True
C:\Users\carmonta\Desktop\data-centric-cross-season-transfer\datasets\train_on_2025_all\images\GX010668_MP4-0027_jpg.rf.96ab80e7cdfd27db21cc70924d7ebe22.jpg,GX010668_MP4-0027_jpg.rf.96ab80e7cdfd27db21cc70924d7ebe22.jpg,885.9159274348953,525.1853464248828,4945.25,273.22708351309325,True
C:\Users\carmonta\Desktop\data-centric-cross-season-transfer\datasets\train_on_2025_all\images\GX010668_MP4-0027_jpg.rf.dfba450f0a49c9e7d7acfc70a6b249c8.jpg,GX010668_MP4-0027_jpg.rf.dfba450f0a49c9e7d7acfc70a6b249c8.jpg,885.9159274348953,525.1853464248828,4945.25,273.22708351309325,True
C:\Users\carmonta\Desktop\data-centric-cross-season-transfer\datasets\train_on_2025_all\images\GX010668_MP4-0028_jpg.rf.20ecb8ddd11bc97ee4e01d5a6789bfa8.jpg,GX010668_MP4-0028_jpg.rf.20ecb8ddd11bc97ee4e01d5a6789bfa8.jpg,1074.3882067479328,573.5279002755054,12677.75,256.5327214928118,True
C:\Users\carmonta\Desktop\data-centric-cross-season-transfer\datasets\train_on_2025_all\images\GX010668_MP4-0028_jpg.rf.c6fefb06583fb140fcf1f9c43206c21a.jpg,GX010668_MP4-0028_jpg.rf.c6fefb06583fb140fcf1f9c43206c21a.jpg,1074.3882067479328,573.5279002755054,12677.75,256.5327214928118,True
C:\Users\carmonta\Desktop\data-centric-cross-season-transfer\datasets\train_on_2025_all\images\GX010668_MP4-0029_jpg.rf.3396c045a0d00460f4711530d9f4b00e.jpg,GX010668_MP4-0029_jpg.rf.3396c045a0d00460f4711530d9f4b00e.jpg,929.4174567564955,670.6012973768895,7140.0,290.4437711657357,True
C:\Users\carmonta\Desktop\data-centric-cross-season-transfer\datasets\train_on_2025_all\images\GX010668_MP4-0029_jpg.rf.a7f955d3a8af8ecd50b5eb56c8a2221e.jpg,GX010668_MP4-0029_jpg.rf.a7f955d3a8af8ecd50b5eb56c8a2221e.jpg,929.4174567564955,670.6012973768895,7140.0,290.4437711657357,True
C:\Users\carmonta\Desktop\data-centric-cross-season-transfer\datasets\train_on_2025_all\images\GX010668_MP4-0030_jpg.rf.bad1db2406b6ef7e205b3d6756da432d.jpg,GX010668_MP4-0030_jpg.rf.bad1db2406b6ef7e205b3d6756da432d.jpg,977.4105367110143,540.5642699331916,7224.75,272.103571116696,True
C:\Users\carmonta\Desktop\data-centric-cross-season-transfer\datasets\train_on_2025_all\images\GX010668_MP4-0031_jpg.rf.48707dd97b07f90ffc4182e9465f88cd.jpg,GX010668_MP4-0031_jpg.rf.48707dd97b07f90ffc4182e9465f88cd.jpg,840.1923527033955,468.04881755629225,9418.0,273.3328285727556,True
C:\Users\carmonta\Desktop\data-centric-cross-season-transfer\datasets\train_on_2025_all\images\GX010668_MP4-0031_jpg.rf.8cb6d88e16db7eb68ae56c309976a2fd.jpg,GX010668_MP4-0031_jpg.rf.8cb6d88e16db7eb68ae56c309976a2fd.jpg,840.1923527033955,468.04881755629225,9418.0,273.3328285727556,True
C:\Users\carmonta\Desktop\data-centric-cross-season-transfer\datasets\train_on_2025_all\images\GX010668_MP4-0031_jpg.rf.fefd527de37bfce52ee3d0a27dfa4934.jpg,GX010668_MP4-0031_jpg.rf.fefd527de37bfce52ee3d0a27dfa4934.jpg,840.1923527033955,468.04881755629225,9418.0,273.3328285727556,True
C:\Users\carmonta\Desktop\data-centric-cross-season-transfer\datasets\train_on_2025_all\images\GX010668_MP4-0032_jpg.rf.49df7a85e93b6486a75f9b82383c7df5.jpg,GX010668_MP4-0032_jpg.rf.49df7a85e93b6486a75f9b82383c7df5.jpg,1066.4122422518706,714.1004147424532,4486.249999999999,283.5224561202378,True
C:\Users\carmonta\Desktop\data-centric-cross-season-transfer\datasets\train_on_2025_all\images\GX010668_MP4-0032_jpg.rf.75559e89908fca7f6ff18746f2bfd3e6.jpg,GX010668_MP4-0032_jpg.rf.75559e89908fca7f6ff18746f2bfd3e6.jpg,1066.4122422518706,714.1004147424532,4486.249999999999,283.5224561202378,True
C:\Users\carmonta\Desktop\data-centric-cross-season-transfer\datasets\train_on_2025_all\images\GX010668_MP4-0032_jpg.rf.e8fc2dd98912913a94c25f1c5c89102d.jpg,GX010668_MP4-0032_jpg.rf.e8fc2dd98912913a94c25f1c5c89102d.jpg,1066.4122422518706,714.1004147424532,4486.249999999999,283.5224561202378,True
C:\Users\carmonta\Desktop\data-centric-cross-season-transfer\datasets\train_on_2025_all\images\GX010668_MP4-0033_jpg.rf.a96287a54e72a0a1ea51bac584d7e311.jpg,GX010668_MP4-0033_jpg.rf.a96287a54e72a0a1ea51bac584d7e311.jpg,1081.08633773615,610.3362539231192,5304.0,267.35142787705513,True
C:\Users\carmonta\Desktop\data-centric-cross-season-transfer\datasets\train_on_2025_all\images\GX010668_MP4-0033_jpg.rf.e4636c435725b756e962969e78db31dc.jpg,GX010668_MP4-0033_jpg.rf.e4636c435725b756e962969e78db31dc.jpg,1081.08633773615,610.3362539231192,5304.0,267.35142787705513,True
C:\Users\carmonta\Desktop\data-centric-cross-season-transfer\datasets\train_on_2025_all\images\GX010668_MP4-0034_jpg.rf.4523f062f39efe0169376919769c804d.jpg,GX010668_MP4-0034_jpg.rf.4523f062f39efe0169376919769c804d.jpg,1052.130534803942,606.3869404911942,12813.75,273.19400972541575,True
C:\Users\carmonta\Desktop\data-centric-cross-season-transfer\datasets\train_on_2025_all\images\GX010668_MP4-0034_jpg.rf.75ee23a2da0110c1dc52b5ad6e5ed0e9.jpg,GX010668_MP4-0034_jpg.rf.75ee23a2da0110c1dc52b5ad6e5ed0e9.jpg,1052.130534803942,606.3869404911942,12813.75,273.19400972541575,True
C:\Users\carmonta\Desktop\data-centric-cross-season-transfer\datasets\train_on_2025_all\images\GX010668_MP4-0035_jpg.rf.3f0c2e1b5ff20fae277c1d112cda3252.jpg,GX010668_MP4-0035_jpg.rf.3f0c2e1b5ff20fae277c1d112cda3252.jpg,1015.8328825708222,744.9035918919501,3869.25,289.93111828186915,True
C:\Users\carmonta\Desktop\data-centric-cross-season-transfer\datasets\train_on_2025_all\images\GX010668_MP4-0035_jpg.rf.5b5a3a57ceedf5caede684bd62ff2ed9.jpg,GX010668_MP4-0035_jpg.rf.5b5a3a57ceedf5caede684bd62ff2ed9.jpg,1015.8328825708222,744.9035918919501,3869.25,289.93111828186915,True
C:\Users\carmonta\Desktop\data-centric-cross-season-transfer\datasets\train_on_2025_all\images\GX010668_MP4-0035_jpg.rf.fc7b066af1640282d5617a2eb5ba582a.jpg,GX010668_MP4-0035_jpg.rf.fc7b066af1640282d5617a2eb5ba582a.jpg,1015.8328825708222,744.9035918919501,3869.25,289.93111828186915,True
C:\Users\carmonta\Desktop\data-centric-cross-season-transfer\datasets\train_on_2025_all\images\GX010668_MP4-0036_jpg.rf.112d4ad82a4f29f5f41471b4d291522c.jpg,GX010668_MP4-0036_jpg.rf.112d4ad82a4f29f5f41471b4d291522c.jpg,1067.8027426108736,558.2297471101116,6222.0,266.60375870625415,True
C:\Users\carmonta\Desktop\data-centric-cross-season-transfer\datasets\train_on_2025_all\images\GX010668_MP4-0036_jpg.rf.9a501206f9c6669a56fc50da46f7dd20.jpg,GX010668_MP4-0036_jpg.rf.9a501206f9c6669a56fc50da46f7dd20.jpg,1067.8027426108736,558.2297471101116,6222.0,266.60375870625415,True
C:\Users\carmonta\Desktop\data-centric-cross-season-transfer\datasets\train_on_2025_all\images\GX010668_MP4-0039_jpg.rf.060990918c2661e7cb1f6f10728cf61d.jpg,GX010668_MP4-0039_jpg.rf.060990918c2661e7cb1f6f10728cf61d.jpg,818.7536248310366,428.3666153866163,11856.0,254.9920990386011,True
C:\Users\carmonta\Desktop\data-centric-cross-season-transfer\datasets\train_on_2025_all\images\GX010668_MP4-0039_jpg.rf.28e79bcb92b7ce8df51ff9d6d695a21c.jpg,GX010668_MP4-0039_jpg.rf.28e79bcb92b7ce8df51ff9d6d695a21c.jpg,818.7536248310366,428.3666153866163,11856.0,254.9920990386011,True
C:\Users\carmonta\Desktop\data-centric-cross-season-transfer\datasets\train_on_2025_all\images\GX010668_MP4-0039_jpg.rf.9854f682c056e2bdeb7beacbc3098895.jpg,GX010668_MP4-0039_jpg.rf.9854f682c056e2bdeb7beacbc3098895.jpg,818.7536248310366,428.3666153866163,11856.0,254.9920990386011,True
C:\Users\carmonta\Desktop\data-centric-cross-season-transfer\datasets\train_on_2025_all\images\GX010668_MP4-0040_jpg.rf.4022e52e2a91615ed75d3d2ac1ac61c8.jpg,GX010668_MP4-0040_jpg.rf.4022e52e2a91615ed75d3d2ac1ac61c8.jpg,834.2956023046942,449.34006783244735,9536.0,259.6979683189314,True
C:\Users\carmonta\Desktop\data-centric-cross-season-transfer\datasets\train_on_2025_all\images\GX010668_MP4-0040_jpg.rf.432371492a25bc43b9f647d664618f24.jpg,GX010668_MP4-0040_jpg.rf.432371492a25bc43b9f647d664618f24.jpg,834.2956023046942,449.34006783244735,9536.0,259.6979683189314,True
C:\Users\carmonta\Desktop\data-centric-cross-season-transfer\datasets\train_on_2025_all\images\GX010668_MP4-0040_jpg.rf.9915599d592171ae52130f2ff6184272.jpg,GX010668_MP4-0040_jpg.rf.9915599d592171ae52130f2ff6184272.jpg,834.2956023046942,449.34006783244735,9536.0,259.6979683189314,True
C:\Users\carmonta\Desktop\data-centric-cross-season-transfer\datasets\train_on_2025_all\images\GX010668_MP4-0041_jpg.rf.0eabd2885454da759586a753eef31a8c.jpg,GX010668_MP4-0041_jpg.rf.0eabd2885454da759586a753eef31a8c.jpg,850.7156224079216,445.71504954171104,11931.0,257.1278490141148,True
C:\Users\carmonta\Desktop\data-centric-cross-season-transfer\datasets\train_on_2025_all\images\GX010668_MP4-0041_jpg.rf.18ae3e7a3cca0b161d5c6de6ba2905d4.jpg,GX010668_MP4-0041_jpg.rf.18ae3e7a3cca0b161d5c6de6ba2905d4.jpg,850.7156224079216,445.71504954171104,11931.0,257.1278490141148,True
C:\Users\carmonta\Desktop\data-centric-cross-season-transfer\datasets\train_on_2025_all\images\GX010668_MP4-0042_jpg.rf.40a022ba685d07276ed83b44b71f08d4.jpg,GX010668_MP4-0042_jpg.rf.40a022ba685d07276ed83b44b71f08d4.jpg,846.5889864408424,457.41473709086256,11757.75,261.3376476991224,True
C:\Users\carmonta\Desktop\data-centric-cross-season-transfer\datasets\train_on_2025_all\images\GX010668_MP4-0042_jpg.rf.7a8ec4846b09c60b68735ac6f88a9f73.jpg,GX010668_MP4-0042_jpg.rf.7a8ec4846b09c60b68735ac6f88a9f73.jpg,846.5889864408424,457.41473709086256,11757.75,261.3376476991224,True
C:\Users\carmonta\Desktop\data-centric-cross-season-transfer\datasets\train_on_2025_all\images\GX010668_MP4-0043_jpg.rf.305437c2c5f0f0c4d4fe71226ad334b7.jpg,GX010668_MP4-0043_jpg.rf.305437c2c5f0f0c4d4fe71226ad334b7.jpg,825.3453655906216,472.14496090998756,13382.75,267.6607448938069,True
C:\Users\carmonta\Desktop\data-centric-cross-season-transfer\datasets\train_on_2025_all\images\GX010668_MP4-0043_jpg.rf.7d2fa3c8f1164c0b4f505eb6b0c582a5.jpg,GX010668_MP4-0043_jpg.rf.7d2fa3c8f1164c0b4f505eb6b0c582a5.jpg,825.3453655906216,472.14496090998756,13382.75,267.6607448938069,True
C:\Users\carmonta\Desktop\data-centric-cross-season-transfer\datasets\train_on_2025_all\images\GX010668_MP4-0043_jpg.rf.d178254d866b15b57244625b8f24a5ab.jpg,GX010668_MP4-0043_jpg.rf.d178254d866b15b57244625b8f24a5ab.jpg,825.3453655906216,472.14496090998756,13382.75,267.6607448938069,True
C:\Users\carmonta\Desktop\data-centric-cross-season-transfer\datasets\train_on_2025_all\images\GX010668_MP4-0044_jpg.rf.c785095c25da94657ed954d7f2efea35.jpg,GX010668_MP4-0044_jpg.rf.c785095c25da94657ed954d7f2efea35.jpg,816.1070530612762,488.3030944504899,13691.500000000002,272.84101381811865,True
C:\Users\carmonta\Desktop\data-centric-cross-season-transfer\datasets\train_on_2025_all\images\GX010668_MP4-0044_jpg.rf.d861e37d767ab8c44714b949e7516e04.jpg,GX010668_MP4-0044_jpg.rf.d861e37d767ab8c44714b949e7516e04.jpg,816.1070530612762,488.3030944504899,13691.500000000002,272.84101381811865,True
C:\Users\carmonta\Desktop\data-centric-cross-season-transfer\datasets\train_on_2025_all\images\GX010668_MP4-0046_jpg.rf.1939afb18cb10e4b03639fc9e5231618.jpg,GX010668_MP4-0046_jpg.rf.1939afb18cb10e4b03639fc9e5231618.jpg,844.3849833309002,482.9184807562085,14267.75,269.2440218305702,True
C:\Users\carmonta\Desktop\data-centric-cross-season-transfer\datasets\train_on_2025_all\images\GX010668_MP4-0046_jpg.rf.33b78a8a1afa9ed88fb72f538ff2138c.jpg,GX010668_MP4-0046_jpg.rf.33b78a8a1afa9ed88fb72f538ff2138c.jpg,844.3849833309002,482.9184807562085,14267.75,269.2440218305702,True
C:\Users\carmonta\Desktop\data-centric-cross-season-transfer\datasets\train_on_2025_all\images\GX010668_MP4-0047_jpg.rf.3c17390151407113b67e4e264c60fe47.jpg,GX010668_MP4-0047_jpg.rf.3c17390151407113b67e4e264c60fe47.jpg,863.8279670685956,445.4343361999133,11310.000000000002,260.4089838603732,True
C:\Users\carmonta\Desktop\data-centric-cross-season-transfer\datasets\train_on_2025_all\images\GX010668_MP4-0047_jpg.rf.61304002739cb49b6585ab38307ce8d1.jpg,GX010668_MP4-0047_jpg.rf.61304002739cb49b6585ab38307ce8d1.jpg,863.8279670685956,445.4343361999133,11310.000000000002,260.4089838603732,True
C:\Users\carmonta\Desktop\data-centric-cross-season-transfer\datasets\train_on_2025_all\images\GX010668_MP4-0047_jpg.rf.7db8667733213d10e3306d6c7be75e26.jpg,GX010668_MP4-0047_jpg.rf.7db8667733213d10e3306d6c7be75e26.jpg,863.8279670685956,445.4343361999133,11310.000000000002,260.4089838603732,True
C:\Users\carmonta\Desktop\data-centric-cross-season-transfer\datasets\train_on_2025_all\images\GX010668_MP4-0048_jpg.rf.01e03de86c52add316aac39fd3d8c641.jpg,GX010668_MP4-0048_jpg.rf.01e03de86c52add316aac39fd3d8c641.jpg,832.9784594271418,413.7775374706092,13754.0,259.81457600545207,True
C:\Users\carmonta\Desktop\data-centric-cross-season-transfer\datasets\train_on_2025_all\images\GX010668_MP4-0048_jpg.rf.809bba437ca3556388135b67ddb0aec1.jpg,GX010668_MP4-0048_jpg.rf.809bba437ca3556388135b67ddb0aec1.jpg,832.9784594271418,413.7775374706092,13754.0,259.81457600545207,True
C:\Users\carmonta\Desktop\data-centric-cross-season-transfer\datasets\train_on_2025_all\images\GX010668_MP4-0049_jpg.rf.494b1c44f431ac05440950b5565d1a8e.jpg,GX010668_MP4-0049_jpg.rf.494b1c44f431ac05440950b5565d1a8e.jpg,794.8223797412526,422.6263224027157,11400.0,269.791723987425,True
C:\Users\carmonta\Desktop\data-centric-cross-season-transfer\datasets\train_on_2025_all\images\GX010668_MP4-0049_jpg.rf.6742a254b9d834abab20bebf3f627006.jpg,GX010668_MP4-0049_jpg.rf.6742a254b9d834abab20bebf3f627006.jpg,794.8223797412526,422.6263224027157,11400.0,269.791723987425,True
C:\Users\carmonta\Desktop\data-centric-cross-season-transfer\datasets\train_on_2025_all\images\GX010668_MP4-0049_jpg.rf.e4abe9c494ecd1602860c1239da65924.jpg,GX010668_MP4-0049_jpg.rf.e4abe9c494ecd1602860c1239da65924.jpg,794.8223797412526,422.6263224027157,11400.0,269.791723987425,True
C:\Users\carmonta\Desktop\data-centric-cross-season-transfer\datasets\train_on_2025_all\images\GX010668_MP4-0050_jpg.rf.201c8ef29961f165c6c1ebc6149df469.jpg,GX010668_MP4-0050_jpg.rf.201c8ef29961f165c6c1ebc6149df469.jpg,765.3610951541887,447.18639398628426,15373.5,279.26959649470473,True
C:\Users\carmonta\Desktop\data-centric-cross-season-transfer\datasets\train_on_2025_all\images\GX010668_MP4-0050_jpg.rf.9e52cc13b797640ad19763b755d82c5b.jpg,GX010668_MP4-0050_jpg.rf.9e52cc13b797640ad19763b755d82c5b.jpg,765.3610951541887,447.18639398628426,15373.5,279.26959649470473,True
C:\Users\carmonta\Desktop\data-centric-cross-season-transfer\datasets\train_on_2025_all\images\GX010668_MP4-0050_jpg.rf.d0ed6442072ffb2f0ea642fd4efb62b0.jpg,GX010668_MP4-0050_jpg.rf.d0ed6442072ffb2f0ea642fd4efb62b0.jpg,765.3610951541887,447.18639398628426,15373.5,279.26959649470473,True
C:\Users\carmonta\Desktop\data-centric-cross-season-transfer\datasets\train_on_2025_all\images\GX010668_MP4-0052_jpg.rf.181179940c92aa57efc53e3de59d1b0e.jpg,GX010668_MP4-0052_jpg.rf.181179940c92aa57efc53e3de59d1b0e.jpg,746.7719264398806,654.6539500874302,22036.5,300.7217599952577,True
C:\Users\carmonta\Desktop\data-centric-cross-season-transfer\datasets\train_on_2025_all\images\GX010668_MP4-0052_jpg.rf.f79cce009715e294f3a624a19d3ff4b3.jpg,GX010668_MP4-0052_jpg.rf.f79cce009715e294f3a624a19d3ff4b3.jpg,746.7719264398806,654.6539500874302,22036.5,300.7217599952577,True
C:\Users\carmonta\Desktop\data-centric-cross-season-transfer\datasets\train_on_2025_all\images\GX010668_MP4-0055_jpg.rf.214f488e484f8f9870a00c7f3db42ec1.jpg,GX010668_MP4-0055_jpg.rf.214f488e484f8f9870a00c7f3db42ec1.jpg,761.3630466533716,868.1222305397232,9434.0,306.3000502580128,True
C:\Users\carmonta\Desktop\data-centric-cross-season-transfer\datasets\train_on_2025_all\images\GX010668_MP4-0055_jpg.rf.61cf2b75fd7fc0e3ac04d173ee79fab5.jpg,GX010668_MP4-0055_jpg.rf.61cf2b75fd7fc0e3ac04d173ee79fab5.jpg,761.3630466533716,868.1222305397232,9434.0,306.3000502580128,True
C:\Users\carmonta\Desktop\data-centric-cross-season-transfer\datasets\train_on_2025_all\val\images\frame_00002_jpg.rf.fd5adec830b07b6a8b0b78ef9b254547.jpg,frame_00002_jpg.rf.fd5adec830b07b6a8b0b78ef9b254547.jpg,922.6345599815488,473.5872143727157,7645.0,249.40022899433535,True
C:\Users\carmonta\Desktop\data-centric-cross-season-transfer\datasets\train_on_2025_all\val\images\frame_00003_jpg.rf.66e740d20d8ea52a0226c18aa5b1ee34.jpg,frame_00003_jpg.rf.66e740d20d8ea52a0226c18aa5b1ee34.jpg,1086.5093855316861,527.419244776217,16790.0,242.08963544721618,True
C:\Users\carmonta\Desktop\data-centric-cross-season-transfer\datasets\train_on_2025_all\val\images\frame_00004_jpg.rf.88a65a3b251ebff973f73b2782f22d3b.jpg,frame_00004_jpg.rf.88a65a3b251ebff973f73b2782f22d3b.jpg,1191.5564657862824,606.5692351056949,4476.750000000001,260.33408741986244,True
C:\Users\carmonta\Desktop\data-centric-cross-season-transfer\datasets\train_on_2025_all\val\images\frame_00005_jpg.rf.3ef123aca7cf5c9a2ed5ef4c0a45a982.jpg,frame_00005_jpg.rf.3ef123aca7cf5c9a2ed5ef4c0a45a982.jpg,857.3610351474127,578.143950694757,8268.0,280.4110623347193,True
C:\Users\carmonta\Desktop\data-centric-cross-season-transfer\datasets\train_on_2025_all\val\images\frame_00005_jpg.rf.dd83f8bc596c4dcaa4c54c5201503cff.jpg,frame_00005_jpg.rf.dd83f8bc596c4dcaa4c54c5201503cff.jpg,1176.5923971917825,596.7344080476023,5278.0,259.4974552794737,True
C:\Users\carmonta\Desktop\data-centric-cross-season-transfer\datasets\train_on_2025_all\val\images\frame_00005_jpg.rf.ee1ff3c5d2ae3129279fa10a4c898842.jpg,frame_00005_jpg.rf.ee1ff3c5d2ae3129279fa10a4c898842.jpg,917.2960696554496,580.5377559418109,8955.0,282.94106581636595,True
C:\Users\carmonta\Desktop\data-centric-cross-season-transfer\datasets\train_on_2025_all\val\images\frame_00006_jpg.rf.d244c72491d07ff3caa751f7461f6e6f.jpg,frame_00006_jpg.rf.d244c72491d07ff3caa751f7461f6e6f.jpg,849.7024611381896,581.9653140617376,4388.5,284.93618697395493,True
C:\Users\carmonta\Desktop\data-centric-cross-season-transfer\datasets\train_on_2025_all\val\images\frame_00007_jpg.rf.98b43a30c9d05e540703295926d96fa2.jpg,frame_00007_jpg.rf.98b43a30c9d05e540703295926d96fa2.jpg,1027.4489466843256,510.24488428552814,4751.25,257.82077159931447,True
C:\Users\carmonta\Desktop\data-centric-cross-season-transfer\datasets\train_on_2025_all\val\images\frame_00008_jpg.rf.4c3ab5c00a674adb53d6140f4297a92c.jpg,frame_00008_jpg.rf.4c3ab5c00a674adb53d6140f4297a92c.jpg,955.248624300771,599.2410044996296,6274.5,281.3457801433248,True
C:\Users\carmonta\Desktop\data-centric-cross-season-transfer\datasets\train_on_2025_all\val\images\frame_00008_jpg.rf.5f90c9a5afd1dff132a19b285e79aaaf.jpg,frame_00008_jpg.rf.5f90c9a5afd1dff132a19b285e79aaaf.jpg,1014.1360450910523,475.9664150581103,7550.0,243.25405107655217,True
C:\Users\carmonta\Desktop\data-centric-cross-season-transfer\datasets\train_on_2025_all\val\images\frame_00008_jpg.rf.9b74e7cb73a2179046892b2275e6616d.jpg,frame_00008_jpg.rf.9b74e7cb73a2179046892b2275e6616d.jpg,1067.2698850809252,511.21679478960914,11268.0,233.3142857053685,True
C:\Users\carmonta\Desktop\data-centric-cross-season-transfer\datasets\train_on_2025_all\val\images\frame_00008_jpg.rf.d5290a64e883eb2f8f33144cba83459f.jpg,frame_00008_jpg.rf.d5290a64e883eb2f8f33144cba83459f.jpg,955.248624300771,599.2410044996296,6274.5,281.3457801433248,True
C:\Users\carmonta\Desktop\data-centric-cross-season-transfer\datasets\train_on_2025_all\val\images\frame_00009_jpg.rf.ae5b8f3b1ed4b46f6ad0d8b4d04c07c7.jpg,frame_00009_jpg.rf.ae5b8f3b1ed4b46f6ad0d8b4d04c07c7.jpg,914.1046129263633,487.3028328600312,6756.75,267.553695468291,True
C:\Users\carmonta\Desktop\data-centric-cross-season-transfer\datasets\train_on_2025_all\val\images\frame_00010_jpg.rf.4ab3342941455220c0f130449d211282.jpg,frame_00010_jpg.rf.4ab3342941455220c0f130449d211282.jpg,1056.1413712353165,604.2520495514625,6194.0,274.50087934957753,True
C:\Users\carmonta\Desktop\data-centric-cross-season-transfer\datasets\train_on_2025_all\val\images\frame_00010_jpg.rf.6e98efa4336499cec7220a1ea4f51422.jpg,frame_00010_jpg.rf.6e98efa4336499cec7220a1ea4f51422.jpg,1056.1413712353165,604.2520495514625,6194.0,274.50087934957753,True
C:\Users\carmonta\Desktop\data-centric-cross-season-transfer\datasets\train_on_2025_all\val\images\frame_00010_jpg.rf.9c2aa8c33a641e16d49602091aac8559.jpg,frame_00010_jpg.rf.9c2aa8c33a641e16d49602091aac8559.jpg,891.2034032517481,426.1565454068569,5996.5,247.9139456956084,True
C:\Users\carmonta\Desktop\data-centric-cross-season-transfer\datasets\train_on_2025_all\val\images\frame_00010_jpg.rf.c37f6413c7cadc4b5d93c128e6853979.jpg,frame_00010_jpg.rf.c37f6413c7cadc4b5d93c128e6853979.jpg,1140.6955375463092,576.1456278614576,10470.25,250.12207491160072,True
C:\Users\carmonta\Desktop\data-centric-cross-season-transfer\datasets\train_on_2025_all\val\images\frame_00011_jpg.rf.19b23fe9d0e2d713346f1cffeeab61cf.jpg,frame_00011_jpg.rf.19b23fe9d0e2d713346f1cffeeab61cf.jpg,990.1651759144117,467.05117951960284,12096.0,240.62129538906174,True
C:\Users\carmonta\Desktop\data-centric-cross-season-transfer\datasets\train_on_2025_all\val\images\frame_00011_jpg.rf.586fe9ab3171294332bc8ce0e6b1cb1a.jpg,frame_00011_jpg.rf.586fe9ab3171294332bc8ce0e6b1cb1a.jpg,1165.0867041747917,576.5094586504355,8951.250000000002,231.76318867693158,True
C:\Users\carmonta\Desktop\data-centric-cross-season-transfer\datasets\train_on_2025_all\val\images\frame_00012_jpg.rf.0ad4041ad944a3bd5d2e66b191697f06.jpg,frame_00012_jpg.rf.0ad4041ad944a3bd5d2e66b191697f06.jpg,839.1380500844753,532.0252542496013,13045.5,276.2124198887544,True
C:\Users\carmonta\Desktop\data-centric-cross-season-transfer\datasets\train_on_2025_all\val\images\frame_00012_jpg.rf.1c83794e43e25b69d5cb3455710aa78f.jpg,frame_00012_jpg.rf.1c83794e43e25b69d5cb3455710aa78f.jpg,927.7868560668778,466.01095657281945,18204.0,263.81950643946146,True
C:\Users\carmonta\Desktop\data-centric-cross-season-transfer\datasets\train_on_2025_all\val\images\frame_00012_jpg.rf.ea0abbde59a540bed5165ef4437b8825.jpg,frame_00012_jpg.rf.ea0abbde59a540bed5165ef4437b8825.jpg,1187.528190516689,619.7583186991058,6638.500000000001,217.21309476038107,True
C:\Users\carmonta\Desktop\data-centric-cross-season-transfer\datasets\train_on_2025_all\val\images\frame_00013_jpg.rf.de154efb15418cdd924e3d5402fe9577.jpg,frame_00013_jpg.rf.de154efb15418cdd924e3d5402fe9577.jpg,865.8758142366485,620.6266590727768,7781.5,290.80197985362537,True
C:\Users\carmonta\Desktop\data-centric-cross-season-transfer\datasets\train_on_2025_all\val\images\frame_00013_jpg.rf.e45c961a193811f5837d1601e4b6f9f5.jpg,frame_00013_jpg.rf.e45c961a193811f5837d1601e4b6f9f5.jpg,928.4664628151265,685.4407224019634,11246.5,291.18853722916566,True
C:\Users\carmonta\Desktop\data-centric-cross-season-transfer\datasets\train_on_2025_all\val\images\frame_00014_jpg.rf.1a317d65cf64a09942edac87f4f0346d.jpg,frame_00014_jpg.rf.1a317d65cf64a09942edac87f4f0346d.jpg,1015.8139871171924,545.1963979817482,13020.0,260.8609318942255,True
C:\Users\carmonta\Desktop\data-centric-cross-season-transfer\datasets\train_on_2025_all\val\images\frame_00014_jpg.rf.bb3a45e97fffcb65e85d3fbf6148d297.jpg,frame_00014_jpg.rf.bb3a45e97fffcb65e85d3fbf6148d297.jpg,858.1698620237611,678.379894089436,7453.000000000001,294.2615335116191,True
C:\Users\carmonta\Desktop\data-centric-cross-season-transfer\datasets\train_on_2025_all\val\images\frame_00014_jpg.rf.f77453efcbff22b45e50530c93eaca37.jpg,frame_00014_jpg.rf.f77453efcbff22b45e50530c93eaca37.jpg,917.5403708026256,771.0717239317459,9800.0,294.26445909031054,True
C:\Users\carmonta\Desktop\data-centric-cross-season-transfer\datasets\train_on_2025_all\val\images\frame_00015_jpg.rf.3deac7201ca0b52b478d13b4ab1b2237.jpg,frame_00015_jpg.rf.3deac7201ca0b52b478d13b4ab1b2237.jpg,828.0914818575455,666.9906476787074,9765.0,296.40341790228604,True
C:\Users\carmonta\Desktop\data-centric-cross-season-transfer\datasets\train_on_2025_all\val\images\frame_00015_jpg.rf.f7f862cefee5d9c98dc8dd7098337250.jpg,frame_00015_jpg.rf.f7f862cefee5d9c98dc8dd7098337250.jpg,831.227987454208,393.6681372684084,10890.000000000002,246.93313451649155,True
C:\Users\carmonta\Desktop\data-centric-cross-season-transfer\datasets\train_on_2025_all\val\images\frame_00016_jpg.rf.4cf3b0e6d65189f3f5725a30c45877fd.jpg,frame_00016_jpg.rf.4cf3b0e6d65189f3f5725a30c45877fd.jpg,1199.6050424275961,622.5224771482334,15410.0,224.7551432295334,True
C:\Users\carmonta\Desktop\data-centric-cross-season-transfer\datasets\train_on_2025_all\val\images\frame_00016_jpg.rf.f9f93c761abe6ac54768e761966106fd.jpg,frame_00016_jpg.rf.f9f93c761abe6ac54768e761966106fd.jpg,1004.5459053384054,574.2027976781887,12522.75,268.4024239588785,True
C:\Users\carmonta\Desktop\data-centric-cross-season-transfer\datasets\train_on_2025_all\val\images\frame_00017_jpg.rf.0f4891f6d26b8ee34867380c79557e2b.jpg,frame_00017_jpg.rf.0f4891f6d26b8ee34867380c79557e2b.jpg,1141.1880883471044,610.2501377864252,11130.25,264.5533636290557,True
C:\Users\carmonta\Desktop\data-centric-cross-season-transfer\datasets\train_on_2025_all\val\images\frame_00017_jpg.rf.4caa4bdc028ec295e4a6581f33b71ded.jpg,frame_00017_jpg.rf.4caa4bdc028ec295e4a6581f33b71ded.jpg,1121.0916778417318,693.0351906803036,8223.75,275.78404364809376,True
C:\Users\carmonta\Desktop\data-centric-cross-season-transfer\datasets\train_on_2025_all\val\images\frame_00017_jpg.rf.88f80d60ea9d3d22e4df78e942facb11.jpg,frame_00017_jpg.rf.88f80d60ea9d3d22e4df78e942facb11.jpg,957.0699277997729,697.2659715618993,10503.999999999998,291.28992686514437,True
C:\Users\carmonta\Desktop\data-centric-cross-season-transfer\datasets\train_on_2025_all\val\images\frame_00017_jpg.rf.abad2f215ad4874070b5a3353414e1e8.jpg,frame_00017_jpg.rf.abad2f215ad4874070b5a3353414e1e8.jpg,1121.0916778417318,693.0351906803036,8223.75,275.78404364809376,True
C:\Users\carmonta\Desktop\data-centric-cross-season-transfer\datasets\train_on_2025_all\val\images\frame_00017_jpg.rf.ae00ccaec1b6b8170570cd8bfbc676ba.jpg,frame_00017_jpg.rf.ae00ccaec1b6b8170570cd8bfbc676ba.jpg,1141.1880883471044,610.2501377864252,11130.25,264.5533636290557,True
C:\Users\carmonta\Desktop\data-centric-cross-season-transfer\datasets\train_on_2025_all\val\images\frame_00019_jpg.rf.10e6b4bb62d98429999bdb4ae0ae77dd.jpg,frame_00019_jpg.rf.10e6b4bb62d98429999bdb4ae0ae77dd.jpg,1084.5466636029241,514.8801624152691,9928.0,236.1985305115611,True
C:\Users\carmonta\Desktop\data-centric-cross-season-transfer\datasets\train_on_2025_all\val\images\frame_00019_jpg.rf.2282dfd4b3e15a87cbe87c2c3b9e43ef.jpg,frame_00019_jpg.rf.2282dfd4b3e15a87cbe87c2c3b9e43ef.jpg,962.6726017295654,701.4254182117327,9545.25,286.9720776504874,True
C:\Users\carmonta\Desktop\data-centric-cross-season-transfer\datasets\train_on_2025_all\val\images\frame_00019_jpg.rf.697fb0f2f68c51f5bae3d7953d08b57a.jpg,frame_00019_jpg.rf.697fb0f2f68c51f5bae3d7953d08b57a.jpg,962.6726017295654,701.4254182117327,9545.25,286.9720776504874,True
C:\Users\carmonta\Desktop\data-centric-cross-season-transfer\datasets\train_on_2025_all\val\images\frame_00020_jpg.rf.8c2736fb75e3fc7f5086c995d4b83183.jpg,frame_00020_jpg.rf.8c2736fb75e3fc7f5086c995d4b83183.jpg,939.7191942803502,604.7647203690844,13075.75,278.9695599871548,True
C:\Users\carmonta\Desktop\data-centric-cross-season-transfer\datasets\train_on_2025_all\val\images\frame_00020_jpg.rf.9edc81419102a5cb1aeb970896745745.jpg,frame_00020_jpg.rf.9edc81419102a5cb1aeb970896745745.jpg,1026.0422306422688,493.4376294512144,9549.5,229.40641126649078,True
C:\Users\carmonta\Desktop\data-centric-cross-season-transfer\datasets\train_on_2025_all\val\images\frame_00021_jpg.rf.f1be329a07d7ab6c14a91b16d41cfb84.jpg,frame_00021_jpg.rf.f1be329a07d7ab6c14a91b16d41cfb84.jpg,1004.8906708737395,527.6334062142843,7654.5,261.820505328594,True
C:\Users\carmonta\Desktop\data-centric-cross-season-transfer\datasets\train_on_2025_all\val\images\frame_00022_jpg.rf.065eb516b074d3d3f970d92b5bc8e3a4.jpg,frame_00022_jpg.rf.065eb516b074d3d3f970d92b5bc8e3a4.jpg,952.9796578703636,479.1467947814419,6814.5,260.68936559325215,True
C:\Users\carmonta\Desktop\data-centric-cross-season-transfer\datasets\train_on_2025_all\val\images\frame_00022_jpg.rf.2bf8c1f487c345ed44dec3d9c7ab1a27.jpg,frame_00022_jpg.rf.2bf8c1f487c345ed44dec3d9c7ab1a27.jpg,851.5463145538782,637.6628712697996,3385.5,289.0106457595784,True
C:\Users\carmonta\Desktop\data-centric-cross-season-transfer\datasets\train_on_2025_all\val\images\frame_00022_jpg.rf.7c6cfbb8e80256baaeee61abd7ab8c63.jpg,frame_00022_jpg.rf.7c6cfbb8e80256baaeee61abd7ab8c63.jpg,994.4592964769556,716.5953670050332,10875.0,285.404134518068,True
C:\Users\carmonta\Desktop\data-centric-cross-season-transfer\datasets\train_on_2025_all\val\images\frame_00022_jpg.rf.ca782a156be5797ee7b76a6275d86ebb.jpg,frame_00022_jpg.rf.ca782a156be5797ee7b76a6275d86ebb.jpg,1220.1199528817724,663.6633964677593,12424.5,260.4685463985922,True
C:\Users\carmonta\Desktop\data-centric-cross-season-transfer\datasets\train_on_2025_all\val\images\frame_00023_jpg.rf.23dd43f6a0025cce3c7a8d1712fdbf5a.jpg,frame_00023_jpg.rf.23dd43f6a0025cce3c7a8d1712fdbf5a.jpg,1081.019008986806,589.5475153760555,5883.25,263.79577148105096,True
C:\Users\carmonta\Desktop\data-centric-cross-season-transfer\datasets\train_on_2025_all\val\images\frame_00023_jpg.rf.653672710b04ab9e9b1d453db06954f8.jpg,frame_00023_jpg.rf.653672710b04ab9e9b1d453db06954f8.jpg,774.7680318606002,565.640732472862,10240.0,290.70518338963484,True
C:\Users\carmonta\Desktop\data-centric-cross-season-transfer\datasets\train_on_2025_all\val\images\frame_00023_jpg.rf.9cebdfbf6a49a459667578decb3eaa0b.jpg,frame_00023_jpg.rf.9cebdfbf6a49a459667578decb3eaa0b.jpg,1081.019008986806,589.5475153760555,5883.25,263.79577148105096,True
C:\Users\carmonta\Desktop\data-centric-cross-season-transfer\datasets\train_on_2025_all\val\images\frame_00023_jpg.rf.a655fa38ded1e50510aa2bbe43708e53.jpg,frame_00023_jpg.rf.a655fa38ded1e50510aa2bbe43708e53.jpg,998.8038608851762,730.1426678168577,7049.0,287.7496657723209,True
C:\Users\carmonta\Desktop\data-centric-cross-season-transfer\datasets\train_on_2025_all\val\images\frame_00025_jpg.rf.047c08acd90f273eabff6c6289aaf987.jpg,frame_00025_jpg.rf.047c08acd90f273eabff6c6289aaf987.jpg,1031.2004621515448,628.2130817212545,11067.5,273.349853223848,True
C:\Users\carmonta\Desktop\data-centric-cross-season-transfer\datasets\train_on_2025_all\val\images\frame_00026_jpg.rf.298c14c36184f9a4cb1ff4cb8030c3c5.jpg,frame_00026_jpg.rf.298c14c36184f9a4cb1ff4cb8030c3c5.jpg,1032.032476041459,505.2099328005485,8597.5,247.5215877165739,True
C:\Users\carmonta\Desktop\data-centric-cross-season-transfer\datasets\train_on_2025_all\val\images\frame_00026_jpg.rf.36f214998fb1cb22ae3b9ec593c67d3d.jpg,frame_00026_jpg.rf.36f214998fb1cb22ae3b9ec593c67d3d.jpg,868.0423040804646,421.0095635774377,9327.5,249.41546635520055,True
C:\Users\carmonta\Desktop\data-centric-cross-season-transfer\datasets\train_on_2025_all\val\images\frame_00027_jpg.rf.0162405403d860e9019d09965da6562e.jpg,frame_00027_jpg.rf.0162405403d860e9019d09965da6562e.jpg,1020.2427461193645,555.4514630812567,6876.0,260.9319996027693,True
C:\Users\carmonta\Desktop\data-centric-cross-season-transfer\datasets\train_on_2025_all\val\images\frame_00027_jpg.rf.53f5eff50788119f7e7317099ed5a06d.jpg,frame_00027_jpg.rf.53f5eff50788119f7e7317099ed5a06d.jpg,1056.7489389289033,515.7822480560217,8788.5,247.47546494367617,True
C:\Users\carmonta\Desktop\data-centric-cross-season-transfer\datasets\train_on_2025_all\val\images\frame_00027_jpg.rf.877aa00f6d1ccf96407372d955a6c6fa.jpg,frame_00027_jpg.rf.877aa00f6d1ccf96407372d955a6c6fa.jpg,1066.6804035922567,620.6620187699228,5967.0,271.44990571596907,True
C:\Users\carmonta\Desktop\data-centric-cross-season-transfer\datasets\train_on_2025_all\val\images\frame_00027_jpg.rf.886949a2011613752226ef5a43a75dad.jpg,frame_00027_jpg.rf.886949a2011613752226ef5a43a75dad.jpg,917.16612259886,521.6202093218542,7110.0,273.6886862911515,True
C:\Users\carmonta\Desktop\data-centric-cross-season-transfer\datasets\train_on_2025_all\val\images\frame_00027_jpg.rf.8e10812cae04d26b9a3b30e6565f1b87.jpg,frame_00027_jpg.rf.8e10812cae04d26b9a3b30e6565f1b87.jpg,875.8563582428269,523.5877312135111,11708.25,272.39841999843236,True
C:\Users\carmonta\Desktop\data-centric-cross-season-transfer\datasets\train_on_2025_all\val\images\frame_00027_jpg.rf.c11b39d1349ea630db20f9376bcf3808.jpg,frame_00027_jpg.rf.c11b39d1349ea630db20f9376bcf3808.jpg,1066.6804035922567,620.6620187699228,5967.0,271.44990571596907,True
C:\Users\carmonta\Desktop\data-centric-cross-season-transfer\datasets\train_on_2025_all\val\images\frame_00027_jpg.rf.d369d90de32e7c8400c2dba4c9d7ade4.jpg,frame_00027_jpg.rf.d369d90de32e7c8400c2dba4c9d7ade4.jpg,1066.6804035922567,620.6620187699228,5967.0,271.44990571596907,True
C:\Users\carmonta\Desktop\data-centric-cross-season-transfer\datasets\train_on_2025_all\val\images\frame_00028_jpg.rf.295d6758e9d4c5c240e8717c3a443b0f.jpg,frame_00028_jpg.rf.295d6758e9d4c5c240e8717c3a443b0f.jpg,871.7679458704031,608.6441836844406,4899.75,286.2301160641406,True
C:\Users\carmonta\Desktop\data-centric-cross-season-transfer\datasets\train_on_2025_all\val\images\frame_00028_jpg.rf.37c96cbf16dcbd9348dc8abe1a6f79ab.jpg,frame_00028_jpg.rf.37c96cbf16dcbd9348dc8abe1a6f79ab.jpg,871.7679458704031,608.6441836844406,4899.75,286.2301160641406,True
C:\Users\carmonta\Desktop\data-centric-cross-season-transfer\datasets\train_on_2025_all\val\images\frame_00028_jpg.rf.8d95d11c39395c0eff586537cdad8272.jpg,frame_00028_jpg.rf.8d95d11c39395c0eff586537cdad8272.jpg,1070.264555278779,637.6913386211517,9276.25,271.4792571136162,True
C:\Users\carmonta\Desktop\data-centric-cross-season-transfer\datasets\train_on_2025_all\val\images\frame_00029_jpg.rf.168b1fd4d5133a42821fdf083ca165c4.jpg,frame_00029_jpg.rf.168b1fd4d5133a42821fdf083ca165c4.jpg,1067.2494609228893,574.747311297206,9252.749999999998,259.22092626998824,True
C:\Users\carmonta\Desktop\data-centric-cross-season-transfer\datasets\train_on_2025_all\val\images\frame_00029_jpg.rf.27b19e154dea1bcc629f23ec476e0a1b.jpg,frame_00029_jpg.rf.27b19e154dea1bcc629f23ec476e0a1b.jpg,912.3484948194389,694.6645559837112,4774.0,293.01705400547854,True
C:\Users\carmonta\Desktop\data-centric-cross-season-transfer\datasets\train_on_2025_all\val\images\frame_00029_jpg.rf.3941c516f47e92f570c8b0348c8bb46b.jpg,frame_00029_jpg.rf.3941c516f47e92f570c8b0348c8bb46b.jpg,889.9663381352373,489.2128521075219,7796.250000000001,266.8116117260623,True
C:\Users\carmonta\Desktop\data-centric-cross-season-transfer\datasets\train_on_2025_all\val\images\frame_00029_jpg.rf.6660ad5363fd0e4f4294879fa8232408.jpg,frame_00029_jpg.rf.6660ad5363fd0e4f4294879fa8232408.jpg,1067.2494609228893,574.747311297206,9252.749999999998,259.22092626998824,True
C:\Users\carmonta\Desktop\data-centric-cross-season-transfer\datasets\train_on_2025_all\val\images\frame_00029_jpg.rf.eaf91f4dda5554acacdd5920fe03cd2a.jpg,frame_00029_jpg.rf.eaf91f4dda5554acacdd5920fe03cd2a.jpg,954.8539272451072,533.8008552535728,12486.5,272.7833343793604,True
C:\Users\carmonta\Desktop\data-centric-cross-season-transfer\datasets\train_on_2025_all\val\images\frame_00030_jpg.rf.04dbb7f2d6dd06e5dfe784b9fbce6494.jpg,frame_00030_jpg.rf.04dbb7f2d6dd06e5dfe784b9fbce6494.jpg,994.4950008875236,657.0597815445976,13387.5,283.3430741861795,True
C:\Users\carmonta\Desktop\data-centric-cross-season-transfer\datasets\train_on_2025_all\val\images\frame_00030_jpg.rf.3b4ff49d4f601b7babc9f08844f90c86.jpg,frame_00030_jpg.rf.3b4ff49d4f601b7babc9f08844f90c86.jpg,994.4950008875236,657.0597815445976,13387.5,283.3430741861795,True
C:\Users\carmonta\Desktop\data-centric-cross-season-transfer\datasets\train_on_2025_all\val\images\frame_00030_jpg.rf.8c42e651a39837097e313864fbe724f0.jpg,frame_00030_jpg.rf.8c42e651a39837097e313864fbe724f0.jpg,994.4950008875236,657.0597815445976,13387.5,283.3430741861795,True
C:\Users\carmonta\Desktop\data-centric-cross-season-transfer\datasets\train_on_2025_all\val\images\frame_00031_jpg.rf.d10f5e4dc5f70cf6fb89c7538d1c9634.jpg,frame_00031_jpg.rf.d10f5e4dc5f70cf6fb89c7538d1c9634.jpg,1097.1671145597559,545.4826319280802,11657.75,229.90576448171947,True
C:\Users\carmonta\Desktop\data-centric-cross-season-transfer\datasets\train_on_2025_all\val\images\frame_00031_jpg.rf.f80fe06b28208659a048697e88dfd06d.jpg,frame_00031_jpg.rf.f80fe06b28208659a048697e88dfd06d.jpg,1024.8367083369485,484.7279953629205,6094.999999999999,233.57158753777827,True
C:\Users\carmonta\Desktop\data-centric-cross-season-transfer\datasets\train_on_2025_all\val\images\frame_00032_jpg.rf.4a67c0b50ceccb21cbb21fbdf35dff08.jpg,frame_00032_jpg.rf.4a67c0b50ceccb21cbb21fbdf35dff08.jpg,1001.30571189632,630.6332490441825,11968.5,276.1595713820047,True
C:\Users\carmonta\Desktop\data-centric-cross-season-transfer\datasets\train_on_2025_all\val\images\frame_00032_jpg.rf.837aded9c5a628f1d1e1f52f6cff109a.jpg,frame_00032_jpg.rf.837aded9c5a628f1d1e1f52f6cff109a.jpg,998.556450553055,572.1203706345084,13478.0,269.2868045443406,True
C:\Users\carmonta\Desktop\data-centric-cross-season-transfer\datasets\train_on_2025_all\val\images\frame_00032_jpg.rf.cfaac73fc079a7f3abc5cc2e5a37b822.jpg,frame_00032_jpg.rf.cfaac73fc079a7f3abc5cc2e5a37b822.jpg,869.499019880424,456.88956596136256,8364.0,255.97387802894593,True
C:\Users\carmonta\Desktop\data-centric-cross-season-transfer\datasets\train_on_2025_all\val\images\frame_00032_jpg.rf.f51b4d759fb56cda0d27e431a37fd0c0.jpg,frame_00032_jpg.rf.f51b4d759fb56cda0d27e431a37fd0c0.jpg,1001.30571189632,630.6332490441825,11968.5,276.1595713820047,True
C:\Users\carmonta\Desktop\data-centric-cross-season-transfer\datasets\train_on_2025_all\val\images\frame_00032_jpg.rf.fdf9c971ed9de5d1258672c2b975cdea.jpg,frame_00032_jpg.rf.fdf9c971ed9de5d1258672c2b975cdea.jpg,998.556450553055,572.1203706345084,13478.0,269.2868045443406,True
C:\Users\carmonta\Desktop\data-centric-cross-season-transfer\datasets\train_on_2025_all\val\images\frame_00032_jpg.rf.fea3897e7d07ef7b548b7904b9777f94.jpg,frame_00032_jpg.rf.fea3897e7d07ef7b548b7904b9777f94.jpg,933.3107874525222,608.0195240554041,6678.75,278.3682163562984,True
C:\Users\carmonta\Desktop\data-centric-cross-season-transfer\datasets\train_on_2025_all\val\images\frame_00033_jpg.rf.2c6188cc5738ae3b630475fc7d2e6a86.jpg,frame_00033_jpg.rf.2c6188cc5738ae3b630475fc7d2e6a86.jpg,915.6187104975222,586.0093168656764,13395.0,276.33237496263774,True
C:\Users\carmonta\Desktop\data-centric-cross-season-transfer\datasets\train_on_2025_all\val\images\frame_00034_jpg.rf.238e83c9c499f90ec13e5cc9489eaa3c.jpg,frame_00034_jpg.rf.238e83c9c499f90ec13e5cc9489eaa3c.jpg,847.2258416668559,544.2226720307838,12682.5,285.08220706438493,True
C:\Users\carmonta\Desktop\data-centric-cross-season-transfer\datasets\train_on_2025_all\val\images\frame_00034_jpg.rf.4cb27645834c611106d5d4130a01767b.jpg,frame_00034_jpg.rf.4cb27645834c611106d5d4130a01767b.jpg,704.8853875076001,383.8153445228675,13331.25,273.5407281357076,True
C:\Users\carmonta\Desktop\data-centric-cross-season-transfer\datasets\train_on_2025_all\val\images\frame_00034_jpg.rf.8397b3be101e56dfa4f972dc84d5f926.jpg,frame_00034_jpg.rf.8397b3be101e56dfa4f972dc84d5f926.jpg,964.7565550871603,589.1626259826412,5326.5,281.3359712605361,True
C:\Users\carmonta\Desktop\data-centric-cross-season-transfer\datasets\train_on_2025_all\val\images\frame_00034_jpg.rf.d3d9d9dd64a73c993444c9a2f91018af.jpg,frame_00034_jpg.rf.d3d9d9dd64a73c993444c9a2f91018af.jpg,964.7565550871603,589.1626259826412,5326.5,281.3359712605361,True
C:\Users\carmonta\Desktop\data-centric-cross-season-transfer\datasets\train_on_2025_all\val\images\frame_00035_jpg.rf.1b54ed472517a61c9bfeec7220ad64a2.jpg,frame_00035_jpg.rf.1b54ed472517a61c9bfeec7220ad64a2.jpg,871.4258458443377,579.8199606819323,7492.5,280.24942060821246,True
C:\Users\carmonta\Desktop\data-centric-cross-season-transfer\datasets\train_on_2025_all\val\images\frame_00035_jpg.rf.9dc37fccda377dbb0af4263476b4c604.jpg,frame_00035_jpg.rf.9dc37fccda377dbb0af4263476b4c604.jpg,1072.7005259988985,651.991452673352,13786.5,274.2509505301871,True
C:\Users\carmonta\Desktop\data-centric-cross-season-transfer\datasets\train_on_2025_all\val\images\frame_00035_jpg.rf.a488121fbc82e28e06e7fe9336c404a9.jpg,frame_00035_jpg.rf.a488121fbc82e28e06e7fe9336c404a9.jpg,871.4258458443377,579.8199606819323,7492.5,280.24942060821246,True
C:\Users\carmonta\Desktop\data-centric-cross-season-transfer\datasets\train_on_2025_all\val\images\frame_00036_jpg.rf.891c05f42e72922b936efc76f130ebaf.jpg,frame_00036_jpg.rf.891c05f42e72922b936efc76f130ebaf.jpg,1106.3328392558851,605.3045404205117,11578.500000000002,262.7331269135216,True
C:\Users\carmonta\Desktop\data-centric-cross-season-transfer\datasets\train_on_2025_all\val\images\frame_00036_jpg.rf.98c89c2a8b355e8386a0413cd88ec542.jpg,frame_00036_jpg.rf.98c89c2a8b355e8386a0413cd88ec542.jpg,1012.7398537711907,595.259012947534,7623.5,277.7361598004933,True
C:\Users\carmonta\Desktop\data-centric-cross-season-transfer\datasets\train_on_2025_all\val\images\frame_00037_jpg.rf.c832809fed39f1cf33cff166f46a5295.jpg,frame_00037_jpg.rf.c832809fed39f1cf33cff166f46a5295.jpg,1026.8189271489703,635.2365550185966,8646.0,281.6005057067343,True
C:\Users\carmonta\Desktop\data-centric-cross-season-transfer\datasets\train_on_2025_all\val\images\frame_00037_jpg.rf.cc3294623eb214102127d67f381a0b9e.jpg,frame_00037_jpg.rf.cc3294623eb214102127d67f381a0b9e.jpg,977.2461573087572,565.311304818751,8866.25,269.16452227240154,True
C:\Users\carmonta\Desktop\data-centric-cross-season-transfer\datasets\train_on_2025_all\val\images\frame_00038_jpg.rf.156d4aeab70038ccdeedb8c2aa1ddbcd.jpg,frame_00038_jpg.rf.156d4aeab70038ccdeedb8c2aa1ddbcd.jpg,1098.4386384215954,603.3316276520687,3682.25,268.6007616358083,True
C:\Users\carmonta\Desktop\data-centric-cross-season-transfer\datasets\train_on_2025_all\val\images\frame_00038_jpg.rf.92aebc9f7c406273bffccf46b4784e97.jpg,frame_00038_jpg.rf.92aebc9f7c406273bffccf46b4784e97.jpg,1098.4386384215954,603.3316276520687,3682.25,268.6007616358083,True
C:\Users\carmonta\Desktop\data-centric-cross-season-transfer\datasets\train_on_2025_all\val\images\frame_00039_jpg.rf.387e2b6eef7d94eddb15294e20daaab8.jpg,frame_00039_jpg.rf.387e2b6eef7d94eddb15294e20daaab8.jpg,1054.6844032918348,652.6533334765705,6438.5,280.9395479494553,True
C:\Users\carmonta\Desktop\data-centric-cross-season-transfer\datasets\train_on_2025_all\val\images\frame_00039_jpg.rf.50ad10c4731a50be3dc2d3520e7a15ef.jpg,frame_00039_jpg.rf.50ad10c4731a50be3dc2d3520e7a15ef.jpg,1227.7546727953336,629.0248191025995,9844.0,222.49272368024296,True
C:\Users\carmonta\Desktop\data-centric-cross-season-transfer\datasets\train_on_2025_all\val\images\frame_00039_jpg.rf.584a06cb036640b776903447fe1426ad.jpg,frame_00039_jpg.rf.584a06cb036640b776903447fe1426ad.jpg,1115.711155987861,576.815417154003,11625.0,258.0822321800204,True
C:\Users\carmonta\Desktop\data-centric-cross-season-transfer\datasets\train_on_2025_all\val\images\frame_00039_jpg.rf.70030802aadc30a609408af461aa5968.jpg,frame_00039_jpg.rf.70030802aadc30a609408af461aa5968.jpg,1054.6844032918348,652.6533334765705,6438.5,280.9395479494553,True
C:\Users\carmonta\Desktop\data-centric-cross-season-transfer\datasets\train_on_2025_all\val\images\frame_00040_jpg.rf.ae7ba2eb3702ebcbcf954db422113ad8.jpg,frame_00040_jpg.rf.ae7ba2eb3702ebcbcf954db422113ad8.jpg,1043.1595474565652,561.296271847671,11235.0,269.7397575104965,True
C:\Users\carmonta\Desktop\data-centric-cross-season-transfer\datasets\train_on_2025_all\val\images\frame_00041_jpg.rf.820190131d46b87955b6f8ab38b0e58f.jpg,frame_00041_jpg.rf.820190131d46b87955b6f8ab38b0e58f.jpg,1075.268123633647,545.5787807024599,16274.0,258.2741312007698,True
C:\Users\carmonta\Desktop\data-centric-cross-season-transfer\datasets\train_on_2025_all\val\images\frame_00041_jpg.rf.97cc81e54d6d7205b5896e3424d0179b.jpg,frame_00041_jpg.rf.97cc81e54d6d7205b5896e3424d0179b.jpg,1060.1981466975508,663.856297155174,6572.5,277.42880836056986,True
C:\Users\carmonta\Desktop\data-centric-cross-season-transfer\datasets\train_on_2025_all\val\images\frame_00041_jpg.rf.c50393c73c5d79de220ee44337c72edd.jpg,frame_00041_jpg.rf.c50393c73c5d79de220ee44337c72edd.jpg,793.4745423230115,726.1337943819005,8255.5,296.7894733059301,True
C:\Users\carmonta\Desktop\data-centric-cross-season-transfer\datasets\train_on_2025_all\val\images\frame_00042_jpg.rf.3f1ee8cc02886515309ec0ee5c7d23ba.jpg,frame_00042_jpg.rf.3f1ee8cc02886515309ec0ee5c7d23ba.jpg,1092.513535694416,569.0129492200423,15529.0,263.28027522396644,True
C:\Users\carmonta\Desktop\data-centric-cross-season-transfer\datasets\train_on_2025_all\val\images\frame_00042_jpg.rf.b65450596f6258f24ad5b9f321a1565d.jpg,frame_00042_jpg.rf.b65450596f6258f24ad5b9f321a1565d.jpg,1092.513535694416,569.0129492200423,15529.0,263.28027522396644,True
C:\Users\carmonta\Desktop\data-centric-cross-season-transfer\datasets\train_on_2025_all\val\images\frame_00042_jpg.rf.c4fb7eecbc8dd41362e479f4359768dc.jpg,frame_00042_jpg.rf.c4fb7eecbc8dd41362e479f4359768dc.jpg,821.3631758050997,670.6645847859332,9550.75,293.70517798759715,True
C:\Users\carmonta\Desktop\data-centric-cross-season-transfer\datasets\train_on_2025_all\val\images\frame_00043_jpg.rf.6c7afbdf53c901ae874ec90a49a43baa.jpg,frame_00043_jpg.rf.6c7afbdf53c901ae874ec90a49a43baa.jpg,910.6013659494636,558.0653463050315,11896.5,281.60059715894573,True
C:\Users\carmonta\Desktop\data-centric-cross-season-transfer\datasets\train_on_2025_all\val\images\frame_00043_jpg.rf.77b9d0f2493bc689aa7f4f6136882809.jpg,frame_00043_jpg.rf.77b9d0f2493bc689aa7f4f6136882809.jpg,814.763166539503,446.456699425775,11072.25,259.39176618661986,True
C:\Users\carmonta\Desktop\data-centric-cross-season-transfer\datasets\train_on_2025_all\val\images\frame_00043_jpg.rf.b2ff059ec76db9faed5a510c1e481bbe.jpg,frame_00043_jpg.rf.b2ff059ec76db9faed5a510c1e481bbe.jpg,814.763166539503,446.456699425775,11072.25,259.39176618661986,True
C:\Users\carmonta\Desktop\data-centric-cross-season-transfer\datasets\train_on_2025_all\val\images\frame_00043_jpg.rf.d9b5b2b1f5eac35ae015852337221329.jpg,frame_00043_jpg.rf.d9b5b2b1f5eac35ae015852337221329.jpg,1087.5335150561093,622.9410927512403,19385.5,271.1349035343294,True
C:\Users\carmonta\Desktop\data-centric-cross-season-transfer\datasets\train_on_2025_all\val\images\frame_00044_jpg.rf.5ae100e9a3fb643ef673a9ce8e4a84b7.jpg,frame_00044_jpg.rf.5ae100e9a3fb643ef673a9ce8e4a84b7.jpg,975.4156171026056,503.3800464016203,5417.500000000001,250.5056160733683,True
C:\Users\carmonta\Desktop\data-centric-cross-season-transfer\datasets\train_on_2025_all\val\images\frame_00044_jpg.rf.61ac60a97dd0dd8afad158554d190d8d.jpg,frame_00044_jpg.rf.61ac60a97dd0dd8afad158554d190d8d.jpg,1026.3288524564266,652.1593748337264,4254.5,282.31946627197874,True
C:\Users\carmonta\Desktop\data-centric-cross-season-transfer\datasets\train_on_2025_all\val\images\frame_00044_jpg.rf.964abac006075081c6be7e3b85842dc4.jpg,frame_00044_jpg.rf.964abac006075081c6be7e3b85842dc4.jpg,1045.3172763375835,558.7077431965494,10044.75,263.18118023140806,True
C:\Users\carmonta\Desktop\data-centric-cross-season-transfer\datasets\train_on_2025_all\val\images\frame_00044_jpg.rf.e6500204f4c000d304895fa93ace0318.jpg,frame_00044_jpg.rf.e6500204f4c000d304895fa93ace0318.jpg,752.2505556246406,434.25670496317275,9212.25,266.9086461288304,True
C:\Users\carmonta\Desktop\data-centric-cross-season-transfer\datasets\train_on_2025_all\val\images\frame_00045_jpg.rf.633fc43f449e325a7ecef2bc472084f6.jpg,frame_00045_jpg.rf.633fc43f449e325a7ecef2bc472084f6.jpg,1105.955674131773,524.4953766189072,5985.0,247.15809563984774,True
C:\Users\carmonta\Desktop\data-centric-cross-season-transfer\datasets\train_on_2025_all\val\images\frame_00045_jpg.rf.70bd37788b34a08dd992ae816ca70ffb.jpg,frame_00045_jpg.rf.70bd37788b34a08dd992ae816ca70ffb.jpg,1158.2106716535075,555.9148528746697,14781.25,255.8149066074568,True
C:\Users\carmonta\Desktop\data-centric-cross-season-transfer\datasets\train_on_2025_all\val\images\frame_00046_jpg.rf.667a47ae0bf23d6c5bfa622b17c0b6a3.jpg,frame_00046_jpg.rf.667a47ae0bf23d6c5bfa622b17c0b6a3.jpg,894.762763179199,522.9253127965931,6699.0,276.147086088651,True
C:\Users\carmonta\Desktop\data-centric-cross-season-transfer\datasets\train_on_2025_all\val\images\frame_00046_jpg.rf.74619e0a839c270af24051c9edd3d8d4.jpg,frame_00046_jpg.rf.74619e0a839c270af24051c9edd3d8d4.jpg,747.5582270440015,663.3327464002534,5021.25,299.57188886908807,True
C:\Users\carmonta\Desktop\data-centric-cross-season-transfer\datasets\train_on_2025_all\val\images\frame_00046_jpg.rf.756fd9d0c53212d4daf52adaab118ff7.jpg,frame_00046_jpg.rf.756fd9d0c53212d4daf52adaab118ff7.jpg,899.1011973090731,461.7718489426549,10867.499999999998,253.50682905357522,True
C:\Users\carmonta\Desktop\data-centric-cross-season-transfer\datasets\train_on_2025_all\val\images\frame_00047_jpg.rf.433845c65c7fb3331ee9129330ba949d.jpg,frame_00047_jpg.rf.433845c65c7fb3331ee9129330ba949d.jpg,1063.8046001884534,516.8604684814222,5775.000000000001,252.35576960868497,True
C:\Users\carmonta\Desktop\data-centric-cross-season-transfer\datasets\train_on_2025_all\val\images\frame_00047_jpg.rf.cbe6514312f2c8d2a7af6d812a2f68f0.jpg,frame_00047_jpg.rf.cbe6514312f2c8d2a7af6d812a2f68f0.jpg,1063.8046001884534,516.8604684814222,5775.000000000001,252.35576960868497,True
C:\Users\carmonta\Desktop\data-centric-cross-season-transfer\datasets\train_on_2025_all\val\images\frame_00048_jpg.rf.bd960935debd71e3e6260cfe9a541821.jpg,frame_00048_jpg.rf.bd960935debd71e3e6260cfe9a541821.jpg,862.9067588318242,684.3145065153782,17119.0,291.3935853287464,True
C:\Users\carmonta\Desktop\data-centric-cross-season-transfer\datasets\train_on_2025_all\val\images\frame_00049_jpg.rf.dde136cea3816276fdb69fb03fa70905.jpg,frame_00049_jpg.rf.dde136cea3816276fdb69fb03fa70905.jpg,1062.7547859658418,526.2381853458613,7315.000000000001,246.04252728144192,True
C:\Users\carmonta\Desktop\data-centric-cross-season-transfer\datasets\train_on_2025_all\val\images\frame_00049_jpg.rf.e69c1947316ab7c5617b9f5ee197a630.jpg,frame_00049_jpg.rf.e69c1947316ab7c5617b9f5ee197a630.jpg,1062.7547859658418,526.2381853458613,7315.000000000001,246.04252728144192,True
C:\Users\carmonta\Desktop\data-centric-cross-season-transfer\datasets\train_on_2025_all\val\images\frame_00050_jpg.rf.acd80ed854a745c4c87bd7c9e2ed054b.jpg,frame_00050_jpg.rf.acd80ed854a745c4c87bd7c9e2ed054b.jpg,694.0625600269052,756.7535114741509,8078.75,303.99934881460086,True
C:\Users\carmonta\Desktop\data-centric-cross-season-transfer\datasets\train_on_2025_all\val\images\frame_00051_jpg.rf.3db3f71dbaf62b1e668c2b8de541fe92.jpg,frame_00051_jpg.rf.3db3f71dbaf62b1e668c2b8de541fe92.jpg,1047.964015646373,624.0023330671933,6683.25,275.6999082917908,True
C:\Users\carmonta\Desktop\data-centric-cross-season-transfer\datasets\train_on_2025_all\val\images\frame_00051_jpg.rf.94a6baeb03f3712098163f3a6e275923.jpg,frame_00051_jpg.rf.94a6baeb03f3712098163f3a6e275923.jpg,1047.964015646373,624.0023330671933,6683.25,275.6999082917908,True
C:\Users\carmonta\Desktop\data-centric-cross-season-transfer\datasets\train_on_2025_all\val\images\frame_00052_jpg.rf.580ac9a238114c53e24ff9dfe438e040.jpg,frame_00052_jpg.rf.580ac9a238114c53e24ff9dfe438e040.jpg,899.3478087223533,651.9763415575907,3674.0,290.5518447318122,True
C:\Users\carmonta\Desktop\data-centric-cross-season-transfer\datasets\train_on_2025_all\val\images\frame_00054_jpg.rf.14806f5143f40ef1029e6297701c8601.jpg,frame_00054_jpg.rf.14806f5143f40ef1029e6297701c8601.jpg,983.4101965643364,489.23449858679794,5737.5,237.91613357975,True
C:\Users\carmonta\Desktop\data-centric-cross-season-transfer\datasets\train_on_2025_all\val\images\frame_00055_jpg.rf.17c9c4717ff187cb435daa8e2e4f867d.jpg,frame_00055_jpg.rf.17c9c4717ff187cb435daa8e2e4f867d.jpg,1041.2926451144854,578.3490941123197,8489.250000000002,266.9605668243934,True
C:\Users\carmonta\Desktop\data-centric-cross-season-transfer\datasets\train_on_2025_all\val\images\frame_00055_jpg.rf.734fe0ba2f8c42534349ef5b05d246ab.jpg,frame_00055_jpg.rf.734fe0ba2f8c42534349ef5b05d246ab.jpg,1041.2926451144854,578.3490941123197,8489.250000000002,266.9605668243934,True
C:\Users\carmonta\Desktop\data-centric-cross-season-transfer\datasets\train_on_2025_all\val\images\frame_00055_jpg.rf.742ad2b53f7612f78cd4ffa34a97abf8.jpg,frame_00055_jpg.rf.742ad2b53f7612f78cd4ffa34a97abf8.jpg,975.4550010743627,542.3352225033944,10223.5,265.96448344848807,True
C:\Users\carmonta\Desktop\data-centric-cross-season-transfer\datasets\train_on_2025_all\val\images\frame_00055_jpg.rf.d3da204f4f9a704905083b8d80b877d0.jpg,frame_00055_jpg.rf.d3da204f4f9a704905083b8d80b877d0.jpg,1041.2926451144854,578.3490941123197,8489.250000000002,266.9605668243934,True
C:\Users\carmonta\Desktop\data-centric-cross-season-transfer\datasets\train_on_2025_all\val\images\frame_00056_jpg.rf.588959678f3a9c30883ac01930ffe82b.jpg,frame_00056_jpg.rf.588959678f3a9c30883ac01930ffe82b.jpg,930.6717650428975,547.4417178633238,11068.5,268.98820525843485,True
C:\Users\carmonta\Desktop\data-centric-cross-season-transfer\datasets\train_on_2025_all\val\images\frame_00057_jpg.rf.3d1f5d442cd84db7e89addcc8e2719fe.jpg,frame_00057_jpg.rf.3d1f5d442cd84db7e89addcc8e2719fe.jpg,1000.7207875354666,584.1392867398198,4360.25,274.61953238934433,True
C:\Users\carmonta\Desktop\data-centric-cross-season-transfer\datasets\train_on_2025_all\val\images\frame_00058_jpg.rf.fdc4e198f10067ef0b2deae150f72d2c.jpg,frame_00058_jpg.rf.fdc4e198f10067ef0b2deae150f72d2c.jpg,735.0245831757005,506.4616532017666,8228.75,289.136635483711,True
C:\Users\carmonta\Desktop\data-centric-cross-season-transfer\datasets\train_on_2025_all\val\images\frame_00059_jpg.rf.2b707261cba4ed4365531cc74d24df93.jpg,frame_00059_jpg.rf.2b707261cba4ed4365531cc74d24df93.jpg,918.2754050326851,462.5951901607551,13250.0,248.109324475043,True
C:\Users\carmonta\Desktop\data-centric-cross-season-transfer\datasets\train_on_2025_all\val\images\frame_00062_jpg.rf.a93d0afa65b1362841db11538290fdd5.jpg,frame_00062_jpg.rf.a93d0afa65b1362841db11538290fdd5.jpg,996.2673737287051,726.9045591755563,7294.25,287.81443765037795,True
C:\Users\carmonta\Desktop\data-centric-cross-season-transfer\datasets\train_on_2025_all\val\images\frame_00063_jpg.rf.334fc733d88ebde5f78b845fb0b7eabb.jpg,frame_00063_jpg.rf.334fc733d88ebde5f78b845fb0b7eabb.jpg,1000.4420981739578,627.9104007356773,5824.0,276.45931266944314,True
C:\Users\carmonta\Desktop\data-centric-cross-season-transfer\datasets\train_on_2025_all\val\images\frame_00063_jpg.rf.ebcec09b94a7a03784174f0ad9ad7b0a.jpg,frame_00063_jpg.rf.ebcec09b94a7a03784174f0ad9ad7b0a.jpg,1080.3576644456564,504.4555419076119,6966.0,230.01885448722098,True
C:\Users\carmonta\Desktop\data-centric-cross-season-transfer\datasets\train_on_2025_all\val\images\frame_00064_jpg.rf.5bb255b8f9c7d615a0cd1fcc69c0c90f.jpg,frame_00064_jpg.rf.5bb255b8f9c7d615a0cd1fcc69c0c90f.jpg,846.1601838685655,408.18185957685625,7920.0,258.0309747791691,True
C:\Users\carmonta\Desktop\data-centric-cross-season-transfer\datasets\train_on_2025_all\val\images\frame_00064_jpg.rf.7aceb15cb33f772f1c430577c0f66408.jpg,frame_00064_jpg.rf.7aceb15cb33f772f1c430577c0f66408.jpg,783.8946724923528,459.14449392586414,7843.5,278.1444876913275,True
C:\Users\carmonta\Desktop\data-centric-cross-season-transfer\datasets\train_on_2025_all\val\images\frame_00064_jpg.rf.8315065276fbac7368f349c4f9613bfb.jpg,frame_00064_jpg.rf.8315065276fbac7368f349c4f9613bfb.jpg,846.678200781415,495.30246262798664,9033.5,267.632508737797,True
C:\Users\carmonta\Desktop\data-centric-cross-season-transfer\datasets\train_on_2025_all\val\images\frame_00064_jpg.rf.955bd0922d02968533e78898de6c1842.jpg,frame_00064_jpg.rf.955bd0922d02968533e78898de6c1842.jpg,1013.6892328463257,544.5168527022075,7279.5,260.3266832743137,True
C:\Users\carmonta\Desktop\data-centric-cross-season-transfer\datasets\train_on_2025_all\val\images\frame_00064_jpg.rf.d25b3c6ce7f00a111d6af36ebd1795a7.jpg,frame_00064_jpg.rf.d25b3c6ce7f00a111d6af36ebd1795a7.jpg,846.1601838685655,408.18185957685625,7920.0,258.0309747791691,True
C:\Users\carmonta\Desktop\data-centric-cross-season-transfer\datasets\train_on_2025_all\val\images\frame_00065_jpg.rf.076a62b2fe945213bb9d6511e867e28c.jpg,frame_00065_jpg.rf.076a62b2fe945213bb9d6511e867e28c.jpg,867.5544388241694,417.5780788990121,10494.0,254.01596452074716,True
C:\Users\carmonta\Desktop\data-centric-cross-season-transfer\datasets\train_on_2025_all\val\images\frame_00065_jpg.rf.0c1069145b2596435cce952973aae2ad.jpg,frame_00065_jpg.rf.0c1069145b2596435cce952973aae2ad.jpg,867.5544388241694,417.5780788990121,10494.0,254.01596452074716,True
C:\Users\carmonta\Desktop\data-centric-cross-season-transfer\datasets\train_on_2025_all\val\images\frame_00065_jpg.rf.4363ca2e06cd1a079fc17ae7c222abd2.jpg,frame_00065_jpg.rf.4363ca2e06cd1a079fc17ae7c222abd2.jpg,867.5544388241694,417.5780788990121,10494.0,254.01596452074716,True
C:\Users\carmonta\Desktop\data-centric-cross-season-transfer\datasets\train_on_2025_all\val\images\frame_00065_jpg.rf.4eaca404fa7ea19bd444819828ac88dd.jpg,frame_00065_jpg.rf.4eaca404fa7ea19bd444819828ac88dd.jpg,907.2250623086312,643.7674071283597,8894.25,290.0047774962395,True
C:\Users\carmonta\Desktop\data-centric-cross-season-transfer\datasets\train_on_2025_all\val\images\frame_00065_jpg.rf.c9ba95450169526523b8b8c7ce85b709.jpg,frame_00065_jpg.rf.c9ba95450169526523b8b8c7ce85b709.jpg,883.4526749856929,734.2737673215379,8470.000000000002,293.4260968149122,True
C:\Users\carmonta\Desktop\data-centric-cross-season-transfer\datasets\train_on_2025_all\val\images\frame_00066_jpg.rf.096b9a36d1f8c669a7ca1f21e482993a.jpg,frame_00066_jpg.rf.096b9a36d1f8c669a7ca1f21e482993a.jpg,908.2034205471489,710.4333141137334,8961.0,290.2758555447331,True
C:\Users\carmonta\Desktop\data-centric-cross-season-transfer\datasets\train_on_2025_all\val\images\frame_00066_jpg.rf.a3cde73d510c0b6d68b9d58f0db1d025.jpg,frame_00066_jpg.rf.a3cde73d510c0b6d68b9d58f0db1d025.jpg,850.6615459132869,501.84190814563357,9788.75,273.14280579159407,True
C:\Users\carmonta\Desktop\data-centric-cross-season-transfer\datasets\train_on_2025_all\val\images\frame_00067_jpg.rf.4fd6cc9a83f2385901c7d5cacf053aa7.jpg,frame_00067_jpg.rf.4fd6cc9a83f2385901c7d5cacf053aa7.jpg,1059.8189051283825,575.711013540524,13562.5,264.5617459919704,True
C:\Users\carmonta\Desktop\data-centric-cross-season-transfer\datasets\train_on_2025_all\val\images\frame_00067_jpg.rf.f57aa34dbefdfb24c8e6283320e37e8d.jpg,frame_00067_jpg.rf.f57aa34dbefdfb24c8e6283320e37e8d.jpg,1059.8189051283825,575.711013540524,13562.5,264.5617459919704,True
C:\Users\carmonta\Desktop\data-centric-cross-season-transfer\datasets\train_on_2025_all\val\images\frame_00068_jpg.rf.53869447b4c745ee7432a6edf5b090ba.jpg,frame_00068_jpg.rf.53869447b4c745ee7432a6edf5b090ba.jpg,1038.5137524585086,558.6017518044099,14960.0,261.6142032445707,True
C:\Users\carmonta\Desktop\data-centric-cross-season-transfer\datasets\train_on_2025_all\val\images\frame_00069_jpg.rf.106a34bc13902751dc3cf219e9618052.jpg,frame_00069_jpg.rf.106a34bc13902751dc3cf219e9618052.jpg,1086.9789782487505,542.9436696928208,7012.5,259.0080454322307,True
C:\Users\carmonta\Desktop\data-centric-cross-season-transfer\datasets\train_on_2025_all\val\images\frame_00069_jpg.rf.c31d2a2b480c1020d8d98b1cfbb31f4a.jpg,frame_00069_jpg.rf.c31d2a2b480c1020d8d98b1cfbb31f4a.jpg,1016.591162808082,538.8614378897787,15890.0,258.5280380906049,True
C:\Users\carmonta\Desktop\data-centric-cross-season-transfer\datasets\train_on_2025_all\val\images\frame_00070_jpg.rf.a1e7dbe5838c818508b5212c578bb8bd.jpg,frame_00070_jpg.rf.a1e7dbe5838c818508b5212c578bb8bd.jpg,939.8292394999652,681.1682191468395,6660.0,285.5968704193432,True
C:\Users\carmonta\Desktop\data-centric-cross-season-transfer\datasets\train_on_2025_all\val\images\frame_00072_jpg.rf.6dc3d1d7f0e02edf7082ca2c995c40bc.jpg,frame_00072_jpg.rf.6dc3d1d7f0e02edf7082ca2c995c40bc.jpg,976.0083126009645,485.8369837366607,9964.0,259.4679355606193,True
C:\Users\carmonta\Desktop\data-centric-cross-season-transfer\datasets\train_on_2025_all\val\images\frame_00072_jpg.rf.80751859032d3ae0c51b2be3b08c2d60.jpg,frame_00072_jpg.rf.80751859032d3ae0c51b2be3b08c2d60.jpg,955.7806093245888,474.3374547592731,17507.25,249.56656247306762,True
C:\Users\carmonta\Desktop\data-centric-cross-season-transfer\datasets\train_on_2025_all\val\images\frame_00072_jpg.rf.a5353fce3bbcf846fdff8145ded201c7.jpg,frame_00072_jpg.rf.a5353fce3bbcf846fdff8145ded201c7.jpg,976.0083126009645,485.8369837366607,9964.0,259.4679355606193,True
C:\Users\carmonta\Desktop\data-centric-cross-season-transfer\datasets\train_on_2025_all\val\images\frame_00073_jpg.rf.0d9b74a6359cd8ebb3928132c762a3ae.jpg,frame_00073_jpg.rf.0d9b74a6359cd8ebb3928132c762a3ae.jpg,1000.5182157520112,493.0831343371296,9180.0,257.55183957346935,True
C:\Users\carmonta\Desktop\data-centric-cross-season-transfer\datasets\train_on_2025_all\val\images\frame_00073_jpg.rf.a7526b3bbb79b7583431ecbd910fe907.jpg,frame_00073_jpg.rf.a7526b3bbb79b7583431ecbd910fe907.jpg,880.6986792133059,584.7670908338151,8610.0,284.686535837502,True
C:\Users\carmonta\Desktop\data-centric-cross-season-transfer\datasets\train_on_2025_all\val\images\frame_00074_jpg.rf.1011902a7f39134d66bdbf21fb027471.jpg,frame_00074_jpg.rf.1011902a7f39134d66bdbf21fb027471.jpg,863.1635076815442,454.5289546944689,16017.5,260.18180510724335,True
C:\Users\carmonta\Desktop\data-centric-cross-season-transfer\datasets\train_on_2025_all\val\images\frame_00074_jpg.rf.728a64e28eb71b57c1ef8f1f7872c061.jpg,frame_00074_jpg.rf.728a64e28eb71b57c1ef8f1f7872c061.jpg,1069.0567753631149,527.2670662165044,13854.75,235.79827669004214,True
C:\Users\carmonta\Desktop\data-centric-cross-season-transfer\datasets\train_on_2025_all\val\images\frame_00075_jpg.rf.2f4967fc89be50ac6de5ab98bba85c08.jpg,frame_00075_jpg.rf.2f4967fc89be50ac6de5ab98bba85c08.jpg,827.3434905375899,721.1111524581869,4792.5,298.5221431115377,True
C:\Users\carmonta\Desktop\data-centric-cross-season-transfer\datasets\train_on_2025_all\val\images\frame_00075_jpg.rf.3c2e32a75dea5c0e61cc617dc90f123c.jpg,frame_00075_jpg.rf.3c2e32a75dea5c0e61cc617dc90f123c.jpg,838.9932696402515,656.4081901279138,7755.0,292.6175214170832,True
C:\Users\carmonta\Desktop\data-centric-cross-season-transfer\datasets\train_on_2025_all\val\images\frame_00075_jpg.rf.69737e70b8d9fefd3042813a56d99204.jpg,frame_00075_jpg.rf.69737e70b8d9fefd3042813a56d99204.jpg,1044.9048511584078,501.9306192796878,11544.0,242.33877405527542,True
C:\Users\carmonta\Desktop\data-centric-cross-season-transfer\datasets\train_on_2025_all\val\images\frame_00075_jpg.rf.ab9ef0e7149a7db3d36a840215742429.jpg,frame_00075_jpg.rf.ab9ef0e7149a7db3d36a840215742429.jpg,1044.9048511584078,501.9306192796878,11544.0,242.33877405527542,True
C:\Users\carmonta\Desktop\data-centric-cross-season-transfer\datasets\train_on_2025_all\val\images\frame_00075_jpg.rf.d4c2eab44df094bd3b78f8ec0bbf96fb.jpg,frame_00075_jpg.rf.d4c2eab44df094bd3b78f8ec0bbf96fb.jpg,981.2506319998816,531.7991524774011,7149.5,265.72677318725835,True
C:\Users\carmonta\Desktop\data-centric-cross-season-transfer\datasets\train_on_2025_all\val\images\frame_00075_jpg.rf.e5142e81af4aae5293356e91a8365d7a.jpg,frame_00075_jpg.rf.e5142e81af4aae5293356e91a8365d7a.jpg,981.2506319998816,531.7991524774011,7149.5,265.72677318725835,True
C:\Users\carmonta\Desktop\data-centric-cross-season-transfer\datasets\train_on_2025_all\val\images\frame_00075_jpg.rf.fa3744e744223ca729ccec8e9e9d402d.jpg,frame_00075_jpg.rf.fa3744e744223ca729ccec8e9e9d402d.jpg,1044.9048511584078,501.9306192796878,11544.0,242.33877405527542,True
C:\Users\carmonta\Desktop\data-centric-cross-season-transfer\datasets\train_on_2025_all\val\images\frame_00076_jpg.rf.1e362698795e476f2644728bff09d949.jpg,frame_00076_jpg.rf.1e362698795e476f2644728bff09d949.jpg,1001.0243648076301,485.5193915546916,8085.0,256.1904332390204,True
C:\Users\carmonta\Desktop\data-centric-cross-season-transfer\datasets\train_on_2025_all\val\images\frame_00076_jpg.rf.771d5b00ae6e2fd470a93a26fea51fec.jpg,frame_00076_jpg.rf.771d5b00ae6e2fd470a93a26fea51fec.jpg,1001.0243648076301,485.5193915546916,8085.0,256.1904332390204,True
C:\Users\carmonta\Desktop\data-centric-cross-season-transfer\datasets\train_on_2025_all\val\images\frame_00076_jpg.rf.e98839198aa956bbcd2274e1bc1e158e.jpg,frame_00076_jpg.rf.e98839198aa956bbcd2274e1bc1e158e.jpg,1079.4412344020584,588.485701736021,6151.25,269.9734499289399,True
C:\Users\carmonta\Desktop\data-centric-cross-season-transfer\datasets\train_on_2025_all\val\images\frame_00077_jpg.rf.696cb01b762432c3cfceeea1268bf616.jpg,frame_00077_jpg.rf.696cb01b762432c3cfceeea1268bf616.jpg,1137.4622560832734,659.1877483235455,5876.5,274.86917751538715,True
C:\Users\carmonta\Desktop\data-centric-cross-season-transfer\datasets\train_on_2025_all\val\images\frame_00078_jpg.rf.2533274afcc6ebb0be9ab8b55f738016.jpg,frame_00078_jpg.rf.2533274afcc6ebb0be9ab8b55f738016.jpg,921.1024562150709,818.1252449857802,7365.75,298.3561228074477,True
C:\Users\carmonta\Desktop\data-centric-cross-season-transfer\datasets\train_on_2025_all\val\images\frame_00078_jpg.rf.2a5d42ad2885cd3409f92077b46bb640.jpg,frame_00078_jpg.rf.2a5d42ad2885cd3409f92077b46bb640.jpg,921.1024562150709,818.1252449857802,7365.75,298.3561228074477,True
C:\Users\carmonta\Desktop\data-centric-cross-season-transfer\datasets\train_on_2025_all\val\images\frame_00078_jpg.rf.31bfb8e18692c0c5daf5ec14c8e0c2e0.jpg,frame_00078_jpg.rf.31bfb8e18692c0c5daf5ec14c8e0c2e0.jpg,1197.9556709429876,591.0678662268851,5004.0,255.87767626814684,True
C:\Users\carmonta\Desktop\data-centric-cross-season-transfer\datasets\train_on_2025_all\val\images\frame_00079_jpg.rf.3bc488e5f2f464df45ab5324cffcb910.jpg,frame_00079_jpg.rf.3bc488e5f2f464df45ab5324cffcb910.jpg,1002.6527701446943,576.098885714141,8452.5,275.8810775144819,True
C:\Users\carmonta\Desktop\data-centric-cross-season-transfer\datasets\train_on_2025_all\val\images\frame_00079_jpg.rf.74df03ce577bc13cbf59df680c588789.jpg,frame_00079_jpg.rf.74df03ce577bc13cbf59df680c588789.jpg,1002.6527701446943,576.098885714141,8452.5,275.8810775144819,True
C:\Users\carmonta\Desktop\data-centric-cross-season-transfer\datasets\train_on_2025_all\val\images\frame_00079_jpg.rf.d073c9519221cd0932708db2c18bc540.jpg,frame_00079_jpg.rf.d073c9519221cd0932708db2c18bc540.jpg,791.0099086910583,746.5792978771626,15237.499999999998,303.13336289477525,True
C:\Users\carmonta\Desktop\data-centric-cross-season-transfer\datasets\train_on_2025_all\val\images\frame_00080_jpg.rf.0041c5c4c989c10c303e89a9ec24092c.jpg,frame_00080_jpg.rf.0041c5c4c989c10c303e89a9ec24092c.jpg,1137.8748852817344,573.6579211395309,12776.5,261.818320626801,True
C:\Users\carmonta\Desktop\data-centric-cross-season-transfer\datasets\train_on_2025_all\val\images\frame_00080_jpg.rf.101b41282c551c29546fbdd51fdbeb19.jpg,frame_00080_jpg.rf.101b41282c551c29546fbdd51fdbeb19.jpg,895.3175192337071,531.2076542858863,9923.5,276.2346288919647,True
C:\Users\carmonta\Desktop\data-centric-cross-season-transfer\datasets\train_on_2025_all\val\images\frame_00080_jpg.rf.3f47a50ca5ab22074d46d4d5e7430630.jpg,frame_00080_jpg.rf.3f47a50ca5ab22074d46d4d5e7430630.jpg,803.2290574055883,587.3727928616364,5928.999999999999,286.88740685110974,True
C:\Users\carmonta\Desktop\data-centric-cross-season-transfer\datasets\train_on_2025_all\val\images\frame_00080_jpg.rf.70b2f556ecfbbb94ec89faaf34c0466b.jpg,frame_00080_jpg.rf.70b2f556ecfbbb94ec89faaf34c0466b.jpg,969.9987532123597,765.2968292513794,11205.75,293.2942471282202,True
C:\Users\carmonta\Desktop\data-centric-cross-season-transfer\datasets\train_on_2025_all\val\images\frame_00080_jpg.rf.9f44c67e6a40ca4afd17a560c0a9ebd0.jpg,frame_00080_jpg.rf.9f44c67e6a40ca4afd17a560c0a9ebd0.jpg,974.4839832086651,608.4272291476493,9515.999999999998,278.2893121518035,True
C:\Users\carmonta\Desktop\data-centric-cross-season-transfer\datasets\train_on_2025_all\val\images\frame_00080_jpg.rf.a292d13529f876c3acc1bdfa9139ce01.jpg,frame_00080_jpg.rf.a292d13529f876c3acc1bdfa9139ce01.jpg,803.2290574055883,587.3727928616364,5928.999999999999,286.88740685110974,True
C:\Users\carmonta\Desktop\data-centric-cross-season-transfer\datasets\train_on_2025_all\val\images\frame_00080_jpg.rf.ae2eb6c5966a75db7fa4cbf0800a130e.jpg,frame_00080_jpg.rf.ae2eb6c5966a75db7fa4cbf0800a130e.jpg,895.3175192337071,531.2076542858863,9923.5,276.2346288919647,True
C:\Users\carmonta\Desktop\data-centric-cross-season-transfer\datasets\train_on_2025_all\val\images\frame_00081_jpg.rf.14c8ff8217bf57ee3cd5cc587f9ed6db.jpg,frame_00081_jpg.rf.14c8ff8217bf57ee3cd5cc587f9ed6db.jpg,933.8744346124968,602.3380452845726,10758.75,283.78412769468497,True
C:\Users\carmonta\Desktop\data-centric-cross-season-transfer\datasets\train_on_2025_all\val\images\frame_00081_jpg.rf.52ce65655a130601ce53aada1278983d.jpg,frame_00081_jpg.rf.52ce65655a130601ce53aada1278983d.jpg,1030.958775074898,599.6109937972296,7172.0,273.2747134093865,True
C:\Users\carmonta\Desktop\data-centric-cross-season-transfer\datasets\train_on_2025_all\val\images\frame_00081_jpg.rf.62014fa2a9bb0e63eadc48945b8d0111.jpg,frame_00081_jpg.rf.62014fa2a9bb0e63eadc48945b8d0111.jpg,854.3565522703258,543.8413607252534,10556.000000000002,280.6810862871962,True
C:\Users\carmonta\Desktop\data-centric-cross-season-transfer\datasets\train_on_2025_all\val\images\frame_00082_jpg.rf.004cc66294be97bdc0ea3cd90a45c311.jpg,frame_00082_jpg.rf.004cc66294be97bdc0ea3cd90a45c311.jpg,860.110966988173,731.0080691895554,11172.5,296.78086568443723,True
C:\Users\carmonta\Desktop\data-centric-cross-season-transfer\datasets\train_on_2025_all\val\images\frame_00082_jpg.rf.5d9e33906fe0b5057e57cff10c44573d.jpg,frame_00082_jpg.rf.5d9e33906fe0b5057e57cff10c44573d.jpg,1100.57870817733,579.5682475103407,9255.5,258.70492540036633,True
C:\Users\carmonta\Desktop\data-centric-cross-season-transfer\datasets\train_on_2025_all\val\images\frame_00082_jpg.rf.78d1a586c98f272dac5597268ce58c75.jpg,frame_00082_jpg.rf.78d1a586c98f272dac5597268ce58c75.jpg,1002.9854883843938,474.5730477310252,8219.25,249.8551092338654,True
C:\Users\carmonta\Desktop\data-centric-cross-season-transfer\datasets\train_on_2025_all\val\images\frame_00082_jpg.rf.8760bad924d9fc6a30511a8d358d8a93.jpg,frame_00082_jpg.rf.8760bad924d9fc6a30511a8d358d8a93.jpg,862.304483613937,517.8883676058942,8394.5,277.1388454148875,True
C:\Users\carmonta\Desktop\data-centric-cross-season-transfer\datasets\train_on_2025_all\val\images\frame_00082_jpg.rf.8c44fed453d9fde0b8ac6fb47c90fab2.jpg,frame_00082_jpg.rf.8c44fed453d9fde0b8ac6fb47c90fab2.jpg,888.5218180101234,560.4463243390912,14732.000000000002,277.23022657594584,True
C:\Users\carmonta\Desktop\data-centric-cross-season-transfer\datasets\train_on_2025_all\val\images\frame_00082_jpg.rf.cd65738bbb2d2df68e1570cfa6f4b2fe.jpg,frame_00082_jpg.rf.cd65738bbb2d2df68e1570cfa6f4b2fe.jpg,888.5218180101234,560.4463243390912,14732.000000000002,277.23022657594584,True
C:\Users\carmonta\Desktop\data-centric-cross-season-transfer\datasets\train_on_2025_all\val\images\frame_00083_jpg.rf.8f13f187c201b8d69e77da4efbd283ab.jpg,frame_00083_jpg.rf.8f13f187c201b8d69e77da4efbd283ab.jpg,813.0863303549418,660.5055849749831,4721.750000000001,292.8204536187912,True
C:\Users\carmonta\Desktop\data-centric-cross-season-transfer\datasets\train_on_2025_all\val\images\frame_00084_jpg.rf.2239c259729b12d63cfc1e666dab56f4.jpg,frame_00084_jpg.rf.2239c259729b12d63cfc1e666dab56f4.jpg,895.2747990768361,553.2167188545494,7590.0,275.3305055397342,True
C:\Users\carmonta\Desktop\data-centric-cross-season-transfer\datasets\train_on_2025_all\val\images\frame_00084_jpg.rf.b39031b486a9fd4e52e1faac9dc452ec.jpg,frame_00084_jpg.rf.b39031b486a9fd4e52e1faac9dc452ec.jpg,937.1739888054324,610.7309542446093,6231.0,281.96932401099497,True
C:\Users\carmonta\Desktop\data-centric-cross-season-transfer\datasets\train_on_2025_all\val\images\frame_00084_jpg.rf.ee045bc2f2fa1c10ca2e58f4f3fc8e40.jpg,frame_00084_jpg.rf.ee045bc2f2fa1c10ca2e58f4f3fc8e40.jpg,1114.7742787797215,603.8100114776367,10880.0,262.0858967641296,True
C:\Users\carmonta\Desktop\data-centric-cross-season-transfer\datasets\train_on_2025_all\val\images\frame_00085_jpg.rf.6fcff5ca456d3ab4362957992f3b89c8.jpg,frame_00085_jpg.rf.6fcff5ca456d3ab4362957992f3b89c8.jpg,842.3452802197525,539.0495034483002,4796.5,281.99383421448454,True
C:\Users\carmonta\Desktop\data-centric-cross-season-transfer\datasets\train_on_2025_all\val\images\frame_00086_jpg.rf.e89e3e0704208a6e653851173e72c0d4.jpg,frame_00086_jpg.rf.e89e3e0704208a6e653851173e72c0d4.jpg,824.7636564278046,598.5306869936935,9746.5,289.866898689134,True
C:\Users\carmonta\Desktop\data-centric-cross-season-transfer\datasets\train_on_2025_all\val\images\frame_00087_jpg.rf.2273da68fbc6530498bbf110cf5cf414.jpg,frame_00087_jpg.rf.2273da68fbc6530498bbf110cf5cf414.jpg,1082.7591914585605,622.7722292025968,8151.5,270.11713691908835,True
C:\Users\carmonta\Desktop\data-centric-cross-season-transfer\datasets\train_on_2025_all\val\images\frame_00087_jpg.rf.30487ec4f5c6f44e3f01a5de7665cd05.jpg,frame_00087_jpg.rf.30487ec4f5c6f44e3f01a5de7665cd05.jpg,845.0030543557717,554.4120289477685,9287.25,281.2399246423372,True
C:\Users\carmonta\Desktop\data-centric-cross-season-transfer\datasets\train_on_2025_all\val\images\frame_00087_jpg.rf.7ae06c589f24c04a399eb268b296dcbb.jpg,frame_00087_jpg.rf.7ae06c589f24c04a399eb268b296dcbb.jpg,881.3445872450502,545.6272369398761,10998.0,278.09237718613997,True
C:\Users\carmonta\Desktop\data-centric-cross-season-transfer\datasets\train_on_2025_all\val\images\frame_00088_jpg.rf.10bd431064e51baf4ca530d7be09cea3.jpg,frame_00088_jpg.rf.10bd431064e51baf4ca530d7be09cea3.jpg,845.5310631387812,656.6648220510167,14174.999999999998,294.72569548620726,True
C:\Users\carmonta\Desktop\data-centric-cross-season-transfer\datasets\train_on_2025_all\val\images\frame_00088_jpg.rf.235f7a1dfbc4a3617de678aa431e4661.jpg,frame_00088_jpg.rf.235f7a1dfbc4a3617de678aa431e4661.jpg,866.9171461982355,526.5224878206232,11126.249999999998,276.27846928447093,True
C:\Users\carmonta\Desktop\data-centric-cross-season-transfer\datasets\train_on_2025_all\val\images\frame_00088_jpg.rf.5aba4656869e338f73535ca30ae7d507.jpg,frame_00088_jpg.rf.5aba4656869e338f73535ca30ae7d507.jpg,1025.4264548827482,535.8297833034597,9561.750000000002,260.28605617599595,True
C:\Users\carmonta\Desktop\data-centric-cross-season-transfer\datasets\train_on_2025_all\val\images\frame_00088_jpg.rf.7c0e32ae7a36439992800b99dbec2149.jpg,frame_00088_jpg.rf.7c0e32ae7a36439992800b99dbec2149.jpg,845.5310631387812,656.6648220510167,14174.999999999998,294.72569548620726,True
C:\Users\carmonta\Desktop\data-centric-cross-season-transfer\datasets\train_on_2025_all\val\images\frame_00089_jpg.rf.2ed54b8ca5af0f71cd086ffff6027fa3.jpg,frame_00089_jpg.rf.2ed54b8ca5af0f71cd086ffff6027fa3.jpg,942.9284859553167,605.3738611800131,12066.250000000002,283.6384320631576,True
C:\Users\carmonta\Desktop\data-centric-cross-season-transfer\datasets\train_on_2025_all\val\images\frame_00089_jpg.rf.8b995120cac38df1876a44df4065cfce.jpg,frame_00089_jpg.rf.8b995120cac38df1876a44df4065cfce.jpg,942.9284859553167,605.3738611800131,12066.250000000002,283.6384320631576,True
C:\Users\carmonta\Desktop\data-centric-cross-season-transfer\datasets\train_on_2025_all\val\images\frame_00089_jpg.rf.c871ac0ade0b3596c0568865526ab8e4.jpg,frame_00089_jpg.rf.c871ac0ade0b3596c0568865526ab8e4.jpg,852.4392113180461,526.6981974981585,7344.0,277.21748496847397,True
C:\Users\carmonta\Desktop\data-centric-cross-season-transfer\datasets\train_on_2025_all\val\images\frame_00090_jpg.rf.02b6601feae1671dd9c7ac51528f59b8.jpg,frame_00090_jpg.rf.02b6601feae1671dd9c7ac51528f59b8.jpg,876.111055395674,430.1951541222649,6114.75,254.457253720624,True
C:\Users\carmonta\Desktop\data-centric-cross-season-transfer\datasets\train_on_2025_all\val\images\frame_00091_jpg.rf.18ff8f7f145cf7ae080729f1cd0cb860.jpg,frame_00091_jpg.rf.18ff8f7f145cf7ae080729f1cd0cb860.jpg,1018.9565107874129,558.7060507810993,6441.0,270.5795431226146,True
C:\Users\carmonta\Desktop\data-centric-cross-season-transfer\datasets\train_on_2025_all\val\images\frame_00091_jpg.rf.1a3507b58d62c2b53bf3b9fc234772f5.jpg,frame_00091_jpg.rf.1a3507b58d62c2b53bf3b9fc234772f5.jpg,994.5747224856175,489.69465538094715,15986.25,237.14825409200114,True
C:\Users\carmonta\Desktop\data-centric-cross-season-transfer\datasets\train_on_2025_all\val\images\frame_00091_jpg.rf.53071addb72cbd0c4f705f69654ffaf2.jpg,frame_00091_jpg.rf.53071addb72cbd0c4f705f69654ffaf2.jpg,1058.3456081289262,506.3086182265556,15048.000000000002,249.68962843905143,True
C:\Users\carmonta\Desktop\data-centric-cross-season-transfer\datasets\train_on_2025_all\val\images\frame_00091_jpg.rf.b2b339dd0149de2dda8dd17898d3bd0e.jpg,frame_00091_jpg.rf.b2b339dd0149de2dda8dd17898d3bd0e.jpg,865.6618296995723,539.3528821579124,13282.0,274.67265584679063,True
C:\Users\carmonta\Desktop\data-centric-cross-season-transfer\datasets\train_on_2025_all\val\images\frame_00092_jpg.rf.e6af5053face84555e7bc2f278b1e0ed.jpg,frame_00092_jpg.rf.e6af5053face84555e7bc2f278b1e0ed.jpg,863.9663801193469,747.9209365964147,7735.0,298.5439698159848,True
C:\Users\carmonta\Desktop\data-centric-cross-season-transfer\datasets\train_on_2025_all\val\images\frame_00092_jpg.rf.ef54d42de7731e1528fa8cd77853b7e1.jpg,frame_00092_jpg.rf.ef54d42de7731e1528fa8cd77853b7e1.jpg,992.9865402858662,693.5182064248079,10222.0,283.15020083311623,True
C:\Users\carmonta\Desktop\data-centric-cross-season-transfer\datasets\train_on_2025_all\val\images\frame_00092_jpg.rf.ff5b9d9bc6889d7bf9446e6bf2b62e72.jpg,frame_00092_jpg.rf.ff5b9d9bc6889d7bf9446e6bf2b62e72.jpg,863.9663801193469,747.9209365964147,7735.0,298.5439698159848,True
C:\Users\carmonta\Desktop\data-centric-cross-season-transfer\datasets\train_on_2025_all\val\images\frame_00093_jpg.rf.1208dc6839eeee15348cb84900a2f2ae.jpg,frame_00093_jpg.rf.1208dc6839eeee15348cb84900a2f2ae.jpg,848.0554701124337,773.9722894266531,10500.0,299.8398219281195,True
C:\Users\carmonta\Desktop\data-centric-cross-season-transfer\datasets\train_on_2025_all\val\images\frame_00093_jpg.rf.737f743feaa01553acfc68547f868567.jpg,frame_00093_jpg.rf.737f743feaa01553acfc68547f868567.jpg,925.6490311432924,547.3914790280353,8500.0,270.91912523503834,True
C:\Users\carmonta\Desktop\data-centric-cross-season-transfer\datasets\train_on_2025_all\val\images\frame_00093_jpg.rf.75bc22dd4ea742c939d76bc83f9da916.jpg,frame_00093_jpg.rf.75bc22dd4ea742c939d76bc83f9da916.jpg,925.6490311432924,547.3914790280353,8500.0,270.91912523503834,True
C:\Users\carmonta\Desktop\data-centric-cross-season-transfer\datasets\train_on_2025_all\val\images\frame_00094_jpg.rf.5ef55d1da6c1b1d50fdabfa4631d4a71.jpg,frame_00094_jpg.rf.5ef55d1da6c1b1d50fdabfa4631d4a71.jpg,909.6991201556423,611.2077371558831,7625.0,282.0001068884472,True
C:\Users\carmonta\Desktop\data-centric-cross-season-transfer\datasets\train_on_2025_all\val\images\frame_00095_jpg.rf.6e6bb9618d6b2930ee5177c353f2da9d.jpg,frame_00095_jpg.rf.6e6bb9618d6b2930ee5177c353f2da9d.jpg,1181.5827396397758,564.6434207173153,8201.250000000002,234.70208862281208,True
C:\Users\carmonta\Desktop\data-centric-cross-season-transfer\datasets\train_on_2025_all\val\images\frame_00096_jpg.rf.2681eb68228fe2bef0c583b0cbb242e5.jpg,frame_00096_jpg.rf.2681eb68228fe2bef0c583b0cbb242e5.jpg,885.7801150483282,638.6210038028629,9084.999999999998,287.3408278713524,True
C:\Users\carmonta\Desktop\data-centric-cross-season-transfer\datasets\train_on_2025_all\val\images\frame_00096_jpg.rf.d9c9e4ed3db078ed4ddd2c7b5d53df3f.jpg,frame_00096_jpg.rf.d9c9e4ed3db078ed4ddd2c7b5d53df3f.jpg,905.8339397386871,654.7637375633443,9720.000000000002,289.84369713281126,True
C:\Users\carmonta\Desktop\data-centric-cross-season-transfer\datasets\train_on_2025_all\val\images\frame_00097_jpg.rf.1e567c8676fbf904571916ede7caf2aa.jpg,frame_00097_jpg.rf.1e567c8676fbf904571916ede7caf2aa.jpg,950.1881273976946,540.403410546851,4419.75,274.00196341620256,True
C:\Users\carmonta\Desktop\data-centric-cross-season-transfer\datasets\train_on_2025_all\val\images\frame_00097_jpg.rf.22dbee2b12635b1d0b84f622f54ec38e.jpg,frame_00097_jpg.rf.22dbee2b12635b1d0b84f622f54ec38e.jpg,849.1989440871005,521.4467742468645,15887.5,277.9616839945352,True
C:\Users\carmonta\Desktop\data-centric-cross-season-transfer\datasets\train_on_2025_all\val\images\frame_00098_jpg.rf.13659912a3fad261bec4e2fec536937d.jpg,frame_00098_jpg.rf.13659912a3fad261bec4e2fec536937d.jpg,964.2073450103087,483.7168058033929,9993.75,261.8319404090808,True
C:\Users\carmonta\Desktop\data-centric-cross-season-transfer\datasets\train_on_2025_all\val\images\frame_00098_jpg.rf.2875f06c9f1abbbb4ed076e62910d445.jpg,frame_00098_jpg.rf.2875f06c9f1abbbb4ed076e62910d445.jpg,1095.1618922174089,523.5351235306078,7540.0,240.26755934442883,True
C:\Users\carmonta\Desktop\data-centric-cross-season-transfer\datasets\train_on_2025_all\val\images\frame_00098_jpg.rf.e31efa123de2666eb5a3d12117a50bd8.jpg,frame_00098_jpg.rf.e31efa123de2666eb5a3d12117a50bd8.jpg,1095.1618922174089,523.5351235306078,7540.0,240.26755934442883,True
C:\Users\carmonta\Desktop\data-centric-cross-season-transfer\datasets\train_on_2025_all\val\images\frame_00099_jpg.rf.09377e0177be384033bb7f6e63656693.jpg,frame_00099_jpg.rf.09377e0177be384033bb7f6e63656693.jpg,987.1249300756033,479.1980776448263,7100.0,256.509419191166,True
C:\Users\carmonta\Desktop\data-centric-cross-season-transfer\datasets\train_on_2025_all\val\images\frame_00099_jpg.rf.8481008a27b03b2922758b953313cbf7.jpg,frame_00099_jpg.rf.8481008a27b03b2922758b953313cbf7.jpg,864.2841329075029,832.1863455949725,3893.25,302.0916813459424,True
C:\Users\carmonta\Desktop\data-centric-cross-season-transfer\datasets\train_on_2025_all\val\images\frame_00100_jpg.rf.1dceade3ea5c88ff380fc0a0c08d5670.jpg,frame_00100_jpg.rf.1dceade3ea5c88ff380fc0a0c08d5670.jpg,1008.602142315591,478.4842599909015,9078.0,235.37053901273617,True
C:\Users\carmonta\Desktop\data-centric-cross-season-transfer\datasets\train_on_2025_all\val\images\frame_00100_jpg.rf.f229830159f18399ac8bfb5fdc30373f.jpg,frame_00100_jpg.rf.f229830159f18399ac8bfb5fdc30373f.jpg,974.477247296877,638.203684115615,3318.0,283.8606436375901,True
C:\Users\carmonta\Desktop\data-centric-cross-season-transfer\datasets\train_on_2025_all\val\images\frame_00101_jpg.rf.0aa0111fb0dc646713b263594df4cf3b.jpg,frame_00101_jpg.rf.0aa0111fb0dc646713b263594df4cf3b.jpg,1102.883577744401,600.7988551020376,10808.0,264.4212100183468,True
C:\Users\carmonta\Desktop\data-centric-cross-season-transfer\datasets\train_on_2025_all\val\images\frame_00101_jpg.rf.52ee1280f5a3473b235ae5247b40ce2b.jpg,frame_00101_jpg.rf.52ee1280f5a3473b235ae5247b40ce2b.jpg,1102.883577744401,600.7988551020376,10808.0,264.4212100183468,True
C:\Users\carmonta\Desktop\data-centric-cross-season-transfer\datasets\train_on_2025_all\val\images\frame_00101_jpg.rf.6bca36fd4a9bdddcc7a9d67bfd7c08b4.jpg,frame_00101_jpg.rf.6bca36fd4a9bdddcc7a9d67bfd7c08b4.jpg,845.4665757593073,715.9729508708508,8305.25,297.37356396804677,True
C:\Users\carmonta\Desktop\data-centric-cross-season-transfer\datasets\train_on_2025_all\val\images\frame_00102_jpg.rf.3d45b9a19006e31ed37bf357b24b01c5.jpg,frame_00102_jpg.rf.3d45b9a19006e31ed37bf357b24b01c5.jpg,1141.0026769237043,586.8244488435074,13454.999999999998,220.0570992620477,True
C:\Users\carmonta\Desktop\data-centric-cross-season-transfer\datasets\train_on_2025_all\val\images\frame_00102_jpg.rf.e28f336421ee4a8591ed078277c99b8f.jpg,frame_00102_jpg.rf.e28f336421ee4a8591ed078277c99b8f.jpg,872.1262679688126,589.7019041323956,7125.0,285.72976521161684,True
C:\Users\carmonta\Desktop\data-centric-cross-season-transfer\datasets\train_on_2025_all\val\images\frame_00103_jpg.rf.ba425325a6711ea912fa8e9d38f41bfd.jpg,frame_00103_jpg.rf.ba425325a6711ea912fa8e9d38f41bfd.jpg,1194.2982581253732,614.2669356502196,9792.0,217.8305866014286,True
C:\Users\carmonta\Desktop\data-centric-cross-season-transfer\datasets\train_on_2025_all\val\images\frame_00103_jpg.rf.dcfa70e447e8251d8853370424fd173b.jpg,frame_00103_jpg.rf.dcfa70e447e8251d8853370424fd173b.jpg,1086.0654766586063,568.2136178905255,15059.249999999998,257.07018822618835,True
C:\Users\carmonta\Desktop\data-centric-cross-season-transfer\datasets\train_on_2025_all\val\images\frame_00104_jpg.rf.02145fc01d7ab1f9ed61037fbe0efe26.jpg,frame_00104_jpg.rf.02145fc01d7ab1f9ed61037fbe0efe26.jpg,716.772613004487,717.634983753776,6720.0,304.62549270476364,True
C:\Users\carmonta\Desktop\data-centric-cross-season-transfer\datasets\train_on_2025_all\val\images\frame_00104_jpg.rf.a257a702e20d746a57e253184c43e9c5.jpg,frame_00104_jpg.rf.a257a702e20d746a57e253184c43e9c5.jpg,707.5735016495797,460.4280745270579,8349.0,284.90296308045964,True
C:\Users\carmonta\Desktop\data-centric-cross-season-transfer\datasets\train_on_2025_all\val\images\frame_00105_jpg.rf.33de88c8edd349c485996caa87905d61.jpg,frame_00105_jpg.rf.33de88c8edd349c485996caa87905d61.jpg,735.3895633850541,433.6869001641606,11524.0,278.05936795280354,True
C:\Users\carmonta\Desktop\data-centric-cross-season-transfer\datasets\train_on_2025_all\val\images\frame_00106_jpg.rf.06b3e0ce1241c6a68d34795ce103fd97.jpg,frame_00106_jpg.rf.06b3e0ce1241c6a68d34795ce103fd97.jpg,1207.173848996412,622.6555149112968,7955.0,260.32715245628447,True
C:\Users\carmonta\Desktop\data-centric-cross-season-transfer\datasets\train_on_2025_all\val\images\frame_00106_jpg.rf.7087fe5ce2d441301c48f19812919caf.jpg,frame_00106_jpg.rf.7087fe5ce2d441301c48f19812919caf.jpg,775.3390888401151,407.72171617015243,11553.75,264.74529473287123,True
C:\Users\carmonta\Desktop\data-centric-cross-season-transfer\datasets\train_on_2025_all\val\images\frame_00106_jpg.rf.8d08bf2d6c71df94caeebdb712a2e378.jpg,frame_00106_jpg.rf.8d08bf2d6c71df94caeebdb712a2e378.jpg,1207.173848996412,622.6555149112968,7955.0,260.32715245628447,True
C:\Users\carmonta\Desktop\data-centric-cross-season-transfer\datasets\train_on_2025_all\val\images\frame_00106_jpg.rf.aebd6c0306e492303281181f8a036be8.jpg,frame_00106_jpg.rf.aebd6c0306e492303281181f8a036be8.jpg,1046.5087118803494,569.4033373484264,7866.25,267.4184622188809,True
C:\Users\carmonta\Desktop\data-centric-cross-season-transfer\datasets\train_on_2025_all\val\images\frame_00106_jpg.rf.fbbbde5c567bfa9a849e5bbf1f854437.jpg,frame_00106_jpg.rf.fbbbde5c567bfa9a849e5bbf1f854437.jpg,1207.173848996412,622.6555149112968,7955.0,260.32715245628447,True
C:\Users\carmonta\Desktop\data-centric-cross-season-transfer\datasets\train_on_2025_all\val\images\frame_00107_jpg.rf.6c13d14b1e88f8c287ff27d1bd6fcfc4.jpg,frame_00107_jpg.rf.6c13d14b1e88f8c287ff27d1bd6fcfc4.jpg,953.0021150214178,525.4964815089434,9477.5,272.0354500819329,True
C:\Users\carmonta\Desktop\data-centric-cross-season-transfer\datasets\train_on_2025_all\val\images\frame_00108_jpg.rf.2797dccb22f0cec7fc8ede551c2364e4.jpg,frame_00108_jpg.rf.2797dccb22f0cec7fc8ede551c2364e4.jpg,846.8511531753977,651.8535620999569,11494.5,294.4294898206661,True
C:\Users\carmonta\Desktop\data-centric-cross-season-transfer\datasets\train_on_2025_all\val\images\frame_00108_jpg.rf.547d677e4d03df343ea35285be507920.jpg,frame_00108_jpg.rf.547d677e4d03df343ea35285be507920.jpg,1065.0646754294569,527.102525720898,9517.5,254.6231702832386,True
C:\Users\carmonta\Desktop\data-centric-cross-season-transfer\datasets\train_on_2025_all\val\images\frame_00108_jpg.rf.70aa0c3d327b78679029e41e67a4e761.jpg,frame_00108_jpg.rf.70aa0c3d327b78679029e41e67a4e761.jpg,978.4103179359764,680.6863040183089,7030.5,288.6000954306727,True
C:\Users\carmonta\Desktop\data-centric-cross-season-transfer\datasets\train_on_2025_all\val\images\frame_00108_jpg.rf.b2c7d0406b3c9fd3d23d5d921c71b825.jpg,frame_00108_jpg.rf.b2c7d0406b3c9fd3d23d5d921c71b825.jpg,914.8010693075306,578.0334649201133,9753.75,276.7230361753202,True
C:\Users\carmonta\Desktop\data-centric-cross-season-transfer\datasets\train_on_2025_all\val\images\frame_00108_jpg.rf.ea294a94f1845e450333950dd385c414.jpg,frame_00108_jpg.rf.ea294a94f1845e450333950dd385c414.jpg,1065.0646754294569,527.102525720898,9517.5,254.6231702832386,True
C:\Users\carmonta\Desktop\data-centric-cross-season-transfer\datasets\train_on_2025_all\val\images\frame_00109_jpg.rf.8e9a9d0d60350a9ed2f9c591df835ec6.jpg,frame_00109_jpg.rf.8e9a9d0d60350a9ed2f9c591df835ec6.jpg,985.0405252671583,592.2443520344394,15939.0,275.89261820543675,True
C:\Users\carmonta\Desktop\data-centric-cross-season-transfer\datasets\train_on_2025_all\val\images\frame_00110_jpg.rf.393fa41abc3e8c8c24e345c3c43d9452.jpg,frame_00110_jpg.rf.393fa41abc3e8c8c24e345c3c43d9452.jpg,884.5751919000095,591.9493015309779,7348.25,280.7535107195513,True
C:\Users\carmonta\Desktop\data-centric-cross-season-transfer\datasets\train_on_2025_all\val\images\frame_00110_jpg.rf.8515c76436be98c9989be490e1b76a80.jpg,frame_00110_jpg.rf.8515c76436be98c9989be490e1b76a80.jpg,1021.2077003065173,523.4740311788936,7267.5,249.43680981438985,True
C:\Users\carmonta\Desktop\data-centric-cross-season-transfer\datasets\train_on_2025_all\val\images\frame_00111_jpg.rf.589f872a64ca3f7e688d639297e27e77.jpg,frame_00111_jpg.rf.589f872a64ca3f7e688d639297e27e77.jpg,947.559222996358,481.14924905576686,5390.000000000001,237.86266295572864,True
C:\Users\carmonta\Desktop\data-centric-cross-season-transfer\datasets\train_on_2025_all\val\images\frame_00111_jpg.rf.ec03d204ba8552d72cc6dc61c7dcd1c7.jpg,frame_00111_jpg.rf.ec03d204ba8552d72cc6dc61c7dcd1c7.jpg,1037.2694650219278,525.7273454810529,17479.0,241.58911738679592,True
C:\Users\carmonta\Desktop\data-centric-cross-season-transfer\datasets\train_on_2025_all\val\images\frame_00112_jpg.rf.02bfea7e645a79d58628a4f75a5a30bf.jpg,frame_00112_jpg.rf.02bfea7e645a79d58628a4f75a5a30bf.jpg,976.9501062328487,529.2288239847265,7966.5,263.87627007923425,True
C:\Users\carmonta\Desktop\data-centric-cross-season-transfer\datasets\train_on_2025_all\val\images\frame_00112_jpg.rf.c15a7c31771b10308570f6a149db3b4a.jpg,frame_00112_jpg.rf.c15a7c31771b10308570f6a149db3b4a.jpg,976.3935398627591,515.4944503150315,10683.750000000002,257.5754064118213,True
C:\Users\carmonta\Desktop\data-centric-cross-season-transfer\datasets\train_on_2025_all\val\images\frame_00113_jpg.rf.03f09e6607484f67a2c8c2c4622c033e.jpg,frame_00113_jpg.rf.03f09e6607484f67a2c8c2c4622c033e.jpg,969.1659140299386,510.3248915371912,8840.0,257.3607209714932,True
C:\Users\carmonta\Desktop\data-centric-cross-season-transfer\datasets\train_on_2025_all\val\images\frame_00113_jpg.rf.334176fe73e3c94e030f396e71e5135e.jpg,frame_00113_jpg.rf.334176fe73e3c94e030f396e71e5135e.jpg,815.4690398707965,432.87006823600365,8040.0,269.34723764604104,True
C:\Users\carmonta\Desktop\data-centric-cross-season-transfer\datasets\train_on_2025_all\val\images\frame_00113_jpg.rf.e2c1539fd451ce3387e479f2344ceb82.jpg,frame_00113_jpg.rf.e2c1539fd451ce3387e479f2344ceb82.jpg,1157.6934927556852,565.1151656113619,6832.75,221.85477013333218,True
C:\Users\carmonta\Desktop\data-centric-cross-season-transfer\datasets\train_on_2025_all\val\images\frame_00114_jpg.rf.f1e85a2ff93d0e9b6ffdfaa7e766c6cf.jpg,frame_00114_jpg.rf.f1e85a2ff93d0e9b6ffdfaa7e766c6cf.jpg,849.9592332974714,415.95973813725425,16508.249999999996,258.62436352229986,True
C:\Users\carmonta\Desktop\data-centric-cross-season-transfer\datasets\train_on_2025_all\val\images\frame_00115_jpg.rf.9040928b303879825f28282e64ac9442.jpg,frame_00115_jpg.rf.9040928b303879825f28282e64ac9442.jpg,1034.958095121246,491.33231414253663,8358.5,244.8834092479056,True
C:\Users\carmonta\Desktop\data-centric-cross-season-transfer\datasets\train_on_2025_all\val\images\frame_00115_jpg.rf.b695a2c5c9fe0f34530f88d4c7608c41.jpg,frame_00115_jpg.rf.b695a2c5c9fe0f34530f88d4c7608c41.jpg,1034.958095121246,491.33231414253663,8358.5,244.8834092479056,True
C:\Users\carmonta\Desktop\data-centric-cross-season-transfer\datasets\train_on_2025_all\val\images\frame_00115_jpg.rf.b924b162ac6747db94ad9a609d63fe9f.jpg,frame_00115_jpg.rf.b924b162ac6747db94ad9a609d63fe9f.jpg,920.0731388225213,725.2772083507062,4704.0,294.2718900294797,True
C:\Users\carmonta\Desktop\data-centric-cross-season-transfer\datasets\train_on_2025_all\val\images\frame_00115_jpg.rf.e717a0add4db410ce8ee876487c9bc49.jpg,frame_00115_jpg.rf.e717a0add4db410ce8ee876487c9bc49.jpg,899.7281934527502,576.3623303828637,7657.0,282.4794816172271,True
C:\Users\carmonta\Desktop\data-centric-cross-season-transfer\datasets\train_on_2025_all\val\images\frame_00116_jpg.rf.2f6613cb62be7ec09ea284f980e05f35.jpg,frame_00116_jpg.rf.2f6613cb62be7ec09ea284f980e05f35.jpg,1028.676982191082,575.700661849463,5618.75,269.5349554039683,True
C:\Users\carmonta\Desktop\data-centric-cross-season-transfer\datasets\train_on_2025_all\val\images\frame_00116_jpg.rf.ade451a39da1ce8e63b72404d49e1517.jpg,frame_00116_jpg.rf.ade451a39da1ce8e63b72404d49e1517.jpg,1003.046571461359,595.9646402131644,9000.0,271.58576789097873,True
C:\Users\carmonta\Desktop\data-centric-cross-season-transfer\datasets\train_on_2025_all\val\images\frame_00118_jpg.rf.0f4ceb04f723eccd1f97fa68b7c3cfc2.jpg,frame_00118_jpg.rf.0f4ceb04f723eccd1f97fa68b7c3cfc2.jpg,963.873539162113,501.50653599211074,5485.5,254.03132624459585,True
C:\Users\carmonta\Desktop\data-centric-cross-season-transfer\datasets\train_on_2025_all\val\images\frame_00118_jpg.rf.4a54600ab4b174e81240dbadfdde41fb.jpg,frame_00118_jpg.rf.4a54600ab4b174e81240dbadfdde41fb.jpg,1071.809040977171,560.9034098225928,13688.000000000002,258.13016515506604,True
C:\Users\carmonta\Desktop\data-centric-cross-season-transfer\datasets\train_on_2025_all\val\images\frame_00118_jpg.rf.cf533be1646a5ce023cbf0beddd73890.jpg,frame_00118_jpg.rf.cf533be1646a5ce023cbf0beddd73890.jpg,963.873539162113,501.50653599211074,5485.5,254.03132624459585,True
C:\Users\carmonta\Desktop\data-centric-cross-season-transfer\datasets\train_on_2025_all\val\images\frame_00119_jpg.rf.450972c9af7ee6e83cd158412be276a3.jpg,frame_00119_jpg.rf.450972c9af7ee6e83cd158412be276a3.jpg,923.1137885895095,504.5698216648966,5827.25,266.8229118430064,True
C:\Users\carmonta\Desktop\data-centric-cross-season-transfer\datasets\train_on_2025_all\val\images\frame_00119_jpg.rf.ade6cfc25d5716b294234655d4f3c6bc.jpg,frame_00119_jpg.rf.ade6cfc25d5716b294234655d4f3c6bc.jpg,1125.0415064996046,652.9200295744164,7561.5,271.1700512283326,True
C:\Users\carmonta\Desktop\data-centric-cross-season-transfer\datasets\train_on_2025_all\val\images\frame_00120_jpg.rf.49936d1e10a96662b4f6896721fb06e4.jpg,frame_00120_jpg.rf.49936d1e10a96662b4f6896721fb06e4.jpg,926.9438536596181,681.9584484934709,9769.5,292.3855643704729,True
C:\Users\carmonta\Desktop\data-centric-cross-season-transfer\datasets\train_on_2025_all\val\images\frame_00120_jpg.rf.b4266d71de0fe2366776d1b8b80d387a.jpg,frame_00120_jpg.rf.b4266d71de0fe2366776d1b8b80d387a.jpg,935.0340808538366,652.5487738236449,10013.25,286.2582411074643,True
C:\Users\carmonta\Desktop\data-centric-cross-season-transfer\datasets\train_on_2025_all\val\images\frame_00121_jpg.rf.12e93234967f812d13e845668bc04166.jpg,frame_00121_jpg.rf.12e93234967f812d13e845668bc04166.jpg,1151.865459576917,648.9689380531589,9503.0,269.90838529718764,True
C:\Users\carmonta\Desktop\data-centric-cross-season-transfer\datasets\train_on_2025_all\val\images\frame_00121_jpg.rf.51862acc4c728dfd7d58a45a4b2a6815.jpg,frame_00121_jpg.rf.51862acc4c728dfd7d58a45a4b2a6815.jpg,882.9253434072394,498.82348965314054,5880.0,269.54271220442337,True
C:\Users\carmonta\Desktop\data-centric-cross-season-transfer\datasets\train_on_2025_all\val\images\frame_00121_jpg.rf.8a9e244fc34382b707f3c5c5eecf2876.jpg,frame_00121_jpg.rf.8a9e244fc34382b707f3c5c5eecf2876.jpg,1151.865459576917,648.9689380531589,9503.0,269.90838529718764,True
C:\Users\carmonta\Desktop\data-centric-cross-season-transfer\datasets\train_on_2025_all\val\images\frame_00122_jpg.rf.2d586d8ae0251d9d37560156e339edac.jpg,frame_00122_jpg.rf.2d586d8ae0251d9d37560156e339edac.jpg,1124.3742136879837,588.8091750935217,10230.000000000002,256.00149669142195,True
C:\Users\carmonta\Desktop\data-centric-cross-season-transfer\datasets\train_on_2025_all\val\images\frame_00123_jpg.rf.23ca1f968c29286700ac1730477b1844.jpg,frame_00123_jpg.rf.23ca1f968c29286700ac1730477b1844.jpg,850.2787760435649,503.6004615615999,7016.750000000001,272.1047061979809,True
C:\Users\carmonta\Desktop\data-centric-cross-season-transfer\datasets\train_on_2025_all\val\images\frame_00123_jpg.rf.cbdceb48ccd7243b202cbe30e6f618dd.jpg,frame_00123_jpg.rf.cbdceb48ccd7243b202cbe30e6f618dd.jpg,908.0986475947204,828.2577766950018,1440.0,299.62323111083083,True
C:\Users\carmonta\Desktop\data-centric-cross-season-transfer\datasets\train_on_2025_all\val\images\frame_00123_jpg.rf.cbfd4fa2f7adbbe9449809c4c799494e.jpg,frame_00123_jpg.rf.cbfd4fa2f7adbbe9449809c4c799494e.jpg,1134.2656773370163,542.1132918811396,3432.75,233.676342222178,True
C:\Users\carmonta\Desktop\data-centric-cross-season-transfer\datasets\train_on_2025_all\val\images\frame_00124_jpg.rf.4e69da4dcf98dd819502fbd162b00801.jpg,frame_00124_jpg.rf.4e69da4dcf98dd819502fbd162b00801.jpg,862.4796878500662,636.7680525175626,9617.0,292.26503703977176,True
C:\Users\carmonta\Desktop\data-centric-cross-season-transfer\datasets\train_on_2025_all\val\images\frame_00125_jpg.rf.8a7ed71cf0443a4731c59787be324252.jpg,frame_00125_jpg.rf.8a7ed71cf0443a4731c59787be324252.jpg,859.5739708685826,423.28195601278304,11360.0,258.4102334791475,True
C:\Users\carmonta\Desktop\data-centric-cross-season-transfer\datasets\train_on_2025_all\val\images\frame_00126_jpg.rf.59a0317fcd7339560884d25745db7349.jpg,frame_00126_jpg.rf.59a0317fcd7339560884d25745db7349.jpg,808.0121751054348,693.2316793015199,8621.25,296.2244740943118,True
C:\Users\carmonta\Desktop\data-centric-cross-season-transfer\datasets\train_on_2025_all\val\images\frame_00127_jpg.rf.281e67c3f0032c9577774aab7c3c032a.jpg,frame_00127_jpg.rf.281e67c3f0032c9577774aab7c3c032a.jpg,1031.1134612182107,510.22690829178316,4580.250000000001,242.93319693615257,True
C:\Users\carmonta\Desktop\data-centric-cross-season-transfer\datasets\train_on_2025_all\val\images\frame_00128_jpg.rf.6d859548e6535524fea3d6eae218760d.jpg,frame_00128_jpg.rf.6d859548e6535524fea3d6eae218760d.jpg,721.657224606381,541.4755734035141,5304.0,288.073514408708,True
C:\Users\carmonta\Desktop\data-centric-cross-season-transfer\datasets\train_on_2025_all\val\images\frame_00129_jpg.rf.1c6f7302635a9467f2ded694426eb6a5.jpg,frame_00129_jpg.rf.1c6f7302635a9467f2ded694426eb6a5.jpg,825.1566784300658,701.2702680942654,4650.0,294.4221038699957,True
C:\Users\carmonta\Desktop\data-centric-cross-season-transfer\datasets\train_on_2025_all\val\images\frame_00131_jpg.rf.d6dc81af629b4b79b91986b47f22f179.jpg,frame_00131_jpg.rf.d6dc81af629b4b79b91986b47f22f179.jpg,998.9113901740928,555.0249485770915,4758.0,269.4278639847677,True
C:\Users\carmonta\Desktop\data-centric-cross-season-transfer\datasets\train_on_2025_all\val\images\frame_00131_jpg.rf.f1e87553a95e6a41f499fe8e02700a7d.jpg,frame_00131_jpg.rf.f1e87553a95e6a41f499fe8e02700a7d.jpg,998.9113901740928,555.0249485770915,4758.0,269.4278639847677,True
C:\Users\carmonta\Desktop\data-centric-cross-season-transfer\datasets\train_on_2025_all\val\images\frame_00132_jpg.rf.1fc62a5f381fb96cc0e0bbaf3783fdad.jpg,frame_00132_jpg.rf.1fc62a5f381fb96cc0e0bbaf3783fdad.jpg,902.1407743395268,463.20443342986994,17324.0,255.41206715793064,True
C:\Users\carmonta\Desktop\data-centric-cross-season-transfer\datasets\train_on_2025_all\val\images\frame_00132_jpg.rf.581e58ef53bbf64fbc0070a7cc42f6ef.jpg,frame_00132_jpg.rf.581e58ef53bbf64fbc0070a7cc42f6ef.jpg,1004.5742296407085,504.06884737703075,6124.999999999999,256.98485333488406,True
C:\Users\carmonta\Desktop\data-centric-cross-season-transfer\datasets\train_on_2025_all\val\images\frame_00132_jpg.rf.be8e6aec1aa77bb4c1062c1e11410e2e.jpg,frame_00132_jpg.rf.be8e6aec1aa77bb4c1062c1e11410e2e.jpg,1004.5742296407085,504.06884737703075,6124.999999999999,256.98485333488406,True
C:\Users\carmonta\Desktop\data-centric-cross-season-transfer\datasets\train_on_2025_all\val\images\frame_00132_jpg.rf.d1397d38caa75a77d8db080b7d01d67b.jpg,frame_00132_jpg.rf.d1397d38caa75a77d8db080b7d01d67b.jpg,902.1407743395268,463.20443342986994,17324.0,255.41206715793064,True
C:\Users\carmonta\Desktop\data-centric-cross-season-transfer\datasets\train_on_2025_all\val\images\frame_00133_jpg.rf.9f27648e38d8c0eaf06364b450069d8a.jpg,frame_00133_jpg.rf.9f27648e38d8c0eaf06364b450069d8a.jpg,996.3141813139523,489.8173483554182,7348.0,255.36584218006266,True
C:\Users\carmonta\Desktop\data-centric-cross-season-transfer\datasets\train_on_2025_all\val\images\frame_00133_jpg.rf.d006fda658276b0b0e3b9fc97d149fd0.jpg,frame_00133_jpg.rf.d006fda658276b0b0e3b9fc97d149fd0.jpg,996.3141813139523,489.8173483554182,7348.0,255.36584218006266,True
C:\Users\carmonta\Desktop\data-centric-cross-season-transfer\datasets\train_on_2025_all\val\images\frame_00134_jpg.rf.243ac01151e3061ea4ba5f8804f7db28.jpg,frame_00134_jpg.rf.243ac01151e3061ea4ba5f8804f7db28.jpg,1164.2601012493951,567.9774664512345,3202.5,226.89997019183846,True
C:\Users\carmonta\Desktop\data-centric-cross-season-transfer\datasets\train_on_2025_all\val\images\frame_00135_jpg.rf.0b45278947642f449508ad67d27e3afd.jpg,frame_00135_jpg.rf.0b45278947642f449508ad67d27e3afd.jpg,769.2761199679329,785.6825144735958,6194.0,301.40225584686607,True
C:\Users\carmonta\Desktop\data-centric-cross-season-transfer\datasets\train_on_2025_all\val\images\frame_00135_jpg.rf.4421485dc0ff840381535ff25928c741.jpg,frame_00135_jpg.rf.4421485dc0ff840381535ff25928c741.jpg,1158.398762518061,686.2325403021151,4941.0,274.9567403479514,True
C:\Users\carmonta\Desktop\data-centric-cross-season-transfer\datasets\train_on_2025_all\val\images\frame_00136_jpg.rf.908f5ad9e3b697d883055ee46fc7ed79.jpg,frame_00136_jpg.rf.908f5ad9e3b697d883055ee46fc7ed79.jpg,1086.5360460157094,568.739401704346,9787.5,253.51794699299123,True
C:\Users\carmonta\Desktop\data-centric-cross-season-transfer\datasets\train_on_2025_all\val\images\frame_00137_jpg.rf.37863c62b7e5c493f8a8bbb935558e4d.jpg,frame_00137_jpg.rf.37863c62b7e5c493f8a8bbb935558e4d.jpg,1088.6096723852868,642.6833125227341,8262.0,269.46184542269265,True
C:\Users\carmonta\Desktop\data-centric-cross-season-transfer\datasets\train_on_2025_all\val\images\frame_00137_jpg.rf.b873662714718083f0d0b8b1a9f9ff52.jpg,frame_00137_jpg.rf.b873662714718083f0d0b8b1a9f9ff52.jpg,910.3952974437427,506.0097120682303,4080.0,268.4569369070684,True
C:\Users\carmonta\Desktop\data-centric-cross-season-transfer\datasets\train_on_2025_all\val\images\frame_00137_jpg.rf.e485a257a4bacb1337ecafb6483895d1.jpg,frame_00137_jpg.rf.e485a257a4bacb1337ecafb6483895d1.jpg,893.0194542779478,454.9686398417594,4889.25,261.887555838648,True
C:\Users\carmonta\Desktop\data-centric-cross-season-transfer\datasets\train_on_2025_all\val\images\frame_00138_jpg.rf.264629fcdb2c71d636e717f4e765cdfc.jpg,frame_00138_jpg.rf.264629fcdb2c71d636e717f4e765cdfc.jpg,1072.2589073990648,576.6255941031045,11147.5,269.0529141603543,True
C:\Users\carmonta\Desktop\data-centric-cross-season-transfer\datasets\train_on_2025_all\val\images\frame_00138_jpg.rf.6b3cc9f4f6e87d758b7909dad954b389.jpg,frame_00138_jpg.rf.6b3cc9f4f6e87d758b7909dad954b389.jpg,1043.2804223737464,499.07352665248413,3361.5,241.78302945340897,True
C:\Users\carmonta\Desktop\data-centric-cross-season-transfer\datasets\train_on_2025_all\val\images\frame_00139_jpg.rf.58ddcb5b1ec512d1c2a6acbe9424923b.jpg,frame_00139_jpg.rf.58ddcb5b1ec512d1c2a6acbe9424923b.jpg,1085.7490310571745,667.6484092310633,9275.0,275.83034260129693,True
C:\Users\carmonta\Desktop\data-centric-cross-season-transfer\datasets\train_on_2025_all\val\images\frame_00140_jpg.rf.705c1259c649e1d4fe97303493492bdc.jpg,frame_00140_jpg.rf.705c1259c649e1d4fe97303493492bdc.jpg,842.4232655873368,665.9107635047171,4950.75,291.25116109665714,True
C:\Users\carmonta\Desktop\data-centric-cross-season-transfer\datasets\train_on_2025_all\val\images\frame_00141_jpg.rf.832bcbbc660f8b51e263f96e795f6ea0.jpg,frame_00141_jpg.rf.832bcbbc660f8b51e263f96e795f6ea0.jpg,1135.960982544114,637.5731036568283,3844.0,268.5647318625813,True
C:\Users\carmonta\Desktop\data-centric-cross-season-transfer\datasets\train_on_2025_all\val\images\frame_00141_jpg.rf.e8b31ef1bed263008e9f267fdf0573eb.jpg,frame_00141_jpg.rf.e8b31ef1bed263008e9f267fdf0573eb.jpg,820.3131072079624,492.2884285729922,5642.0,272.39522223275503,True
C:\Users\carmonta\Desktop\data-centric-cross-season-transfer\datasets\train_on_2025_all\val\images\frame_00143_jpg.rf.261c6ddf61083b22726507b7b8944588.jpg,frame_00143_jpg.rf.261c6ddf61083b22726507b7b8944588.jpg,1026.9795954417718,615.2573264352644,8325.0,278.7700446414001,True
C:\Users\carmonta\Desktop\data-centric-cross-season-transfer\datasets\train_on_2025_all\val\images\frame_00143_jpg.rf.c2754e78a3449c304fad659586024299.jpg,frame_00143_jpg.rf.c2754e78a3449c304fad659586024299.jpg,1172.2665958407142,565.5317974105934,3735.0,244.46518369409432,True
C:\Users\carmonta\Desktop\data-centric-cross-season-transfer\datasets\train_on_2025_all\val\images\frame_00143_jpg.rf.f0188ceaa25b19d08d00eb6186ec44ae.jpg,frame_00143_jpg.rf.f0188ceaa25b19d08d00eb6186ec44ae.jpg,1172.2665958407142,565.5317974105934,3735.0,244.46518369409432,True
C:\Users\carmonta\Desktop\data-centric-cross-season-transfer\datasets\train_on_2025_all\val\images\frame_00144_jpg.rf.489c2886c1cfce6ad531645ba6f372d1.jpg,frame_00144_jpg.rf.489c2886c1cfce6ad531645ba6f372d1.jpg,1038.3284132331817,570.0503367055908,6050.0,270.9669653591839,True
C:\Users\carmonta\Desktop\data-centric-cross-season-transfer\datasets\train_on_2025_all\val\images\frame_00144_jpg.rf.af91a91769839410c716c6b7bd5213d7.jpg,frame_00144_jpg.rf.af91a91769839410c716c6b7bd5213d7.jpg,875.3835043768527,572.4829362625372,9203.5,285.27761554732604,True
C:\Users\carmonta\Desktop\data-centric-cross-season-transfer\datasets\train_on_2025_all\val\images\frame_00145_jpg.rf.d13337ee7253362aa896f68b52d82071.jpg,frame_00145_jpg.rf.d13337ee7253362aa896f68b52d82071.jpg,881.9897076431258,413.32454852159435,9295.000000000002,245.5710415452146,True
C:\Users\carmonta\Desktop\data-centric-cross-season-transfer\datasets\train_on_2025_all\val\images\frame_00147_jpg.rf.d4eab13b71efdd10d5d96641c0c8aed1.jpg,frame_00147_jpg.rf.d4eab13b71efdd10d5d96641c0c8aed1.jpg,887.6393340299984,499.21211321106506,9850.500000000002,268.32998532223706,True
C:\Users\carmonta\Desktop\data-centric-cross-season-transfer\datasets\train_on_2025_all\val\images\frame_00151_jpg.rf.4fa3ab55fa088d05bb0b7ff1c5e01832.jpg,frame_00151_jpg.rf.4fa3ab55fa088d05bb0b7ff1c5e01832.jpg,1025.0094451453624,548.8719304466972,7424.0,267.1644340798067,True
C:\Users\carmonta\Desktop\data-centric-cross-season-transfer\datasets\train_on_2025_all\val\images\frame_00152_jpg.rf.d274e40cf9798025bd1d8688866ff402.jpg,frame_00152_jpg.rf.d274e40cf9798025bd1d8688866ff402.jpg,1037.66622766969,615.2753693114082,8497.5,275.272199368987,True
C:\Users\carmonta\Desktop\data-centric-cross-season-transfer\datasets\train_on_2025_all\val\images\frame_00153_jpg.rf.06ab50cc7b88ee13cb64a262e3e52a36.jpg,frame_00153_jpg.rf.06ab50cc7b88ee13cb64a262e3e52a36.jpg,1068.6604215324276,631.6717052769286,8117.5,274.4819428442729,True
C:\Users\carmonta\Desktop\data-centric-cross-season-transfer\datasets\train_on_2025_all\val\images\frame_00153_jpg.rf.a494915e949275b1ee75c93233e8c5b3.jpg,frame_00153_jpg.rf.a494915e949275b1ee75c93233e8c5b3.jpg,959.7969640255653,477.4443030878614,9236.5,259.52407751931884,True
C:\Users\carmonta\Desktop\data-centric-cross-season-transfer\datasets\train_on_2025_all\val\images\frame_00153_jpg.rf.da6ea8b251faaaaa15fd3f99ecde93d7.jpg,frame_00153_jpg.rf.da6ea8b251faaaaa15fd3f99ecde93d7.jpg,1068.6604215324276,631.6717052769286,8117.5,274.4819428442729,True
C:\Users\carmonta\Desktop\data-centric-cross-season-transfer\datasets\train_on_2025_all\val\images\frame_00154_jpg.rf.c82195ddeeec24138d56ec6bc36574fe.jpg,frame_00154_jpg.rf.c82195ddeeec24138d56ec6bc36574fe.jpg,1029.2349405455268,537.326563028418,7548.0,261.04806301286254,True
C:\Users\carmonta\Desktop\data-centric-cross-season-transfer\datasets\train_on_2025_all\val\images\frame_00155_jpg.rf.65b10faf8765e5753236bc40f87a060d.jpg,frame_00155_jpg.rf.65b10faf8765e5753236bc40f87a060d.jpg,1005.0464880660894,502.04637274138327,7974.25,245.47058420606623,True
C:\Users\carmonta\Desktop\data-centric-cross-season-transfer\datasets\train_on_2025_all\val\images\frame_00155_jpg.rf.8d511c2b44137e44d60a75c60d8e4884.jpg,frame_00155_jpg.rf.8d511c2b44137e44d60a75c60d8e4884.jpg,1005.0464880660894,502.04637274138327,7974.25,245.47058420606623,True
C:\Users\carmonta\Desktop\data-centric-cross-season-transfer\datasets\train_on_2025_all\val\images\frame_00155_jpg.rf.e3735b412f353990b93a74eb9ca0a192.jpg,frame_00155_jpg.rf.e3735b412f353990b93a74eb9ca0a192.jpg,1005.0464880660894,502.04637274138327,7974.25,245.47058420606623,True
C:\Users\carmonta\Desktop\data-centric-cross-season-transfer\datasets\train_on_2025_all\val\images\frame_00156_jpg.rf.3570d2e7336024fd16e0c7cfe2324bbe.jpg,frame_00156_jpg.rf.3570d2e7336024fd16e0c7cfe2324bbe.jpg,995.8554637383033,464.3715239811171,7316.0,234.50546242654298,True
C:\Users\carmonta\Desktop\data-centric-cross-season-transfer\datasets\train_on_2025_all\val\images\frame_00156_jpg.rf.f5337bfc114b8c691fceb9d1f239ae43.jpg,frame_00156_jpg.rf.f5337bfc114b8c691fceb9d1f239ae43.jpg,995.8554637383033,464.3715239811171,7316.0,234.50546242654298,True
C:\Users\carmonta\Desktop\data-centric-cross-season-transfer\datasets\train_on_2025_all\val\images\frame_00158_jpg.rf.49c4738f1d0b1b9bacdf5e0da5edafce.jpg,frame_00158_jpg.rf.49c4738f1d0b1b9bacdf5e0da5edafce.jpg,1169.925416798038,565.7519852078657,4922.75,246.76576328584417,True
C:\Users\carmonta\Desktop\data-centric-cross-season-transfer\datasets\train_on_2025_all\val\images\frame_00159_jpg.rf.7424d30cdf46154d39cf60a91ee73a5e.jpg,frame_00159_jpg.rf.7424d30cdf46154d39cf60a91ee73a5e.jpg,910.8656399263898,682.110767080176,6339.75,288.6021450200462,True
C:\Users\carmonta\Desktop\data-centric-cross-season-transfer\datasets\train_on_2025_all\val\images\frame_00159_jpg.rf.ebafaf5eac6bd1d97307a917da335f25.jpg,frame_00159_jpg.rf.ebafaf5eac6bd1d97307a917da335f25.jpg,972.3108710624825,632.5154684739614,6903.0,283.51373460333593,True
C:\Users\carmonta\Desktop\data-centric-cross-season-transfer\datasets\train_on_2025_all\val\images\frame_00160_jpg.rf.d0bccc74926f00fbbba892391b35654d.jpg,frame_00160_jpg.rf.d0bccc74926f00fbbba892391b35654d.jpg,992.6302490554812,464.3966125672679,7648.0,239.90085276920857,True
C:\Users\carmonta\Desktop\data-centric-cross-season-transfer\datasets\train_on_2025_all\val\images\frame_00161_jpg.rf.1801ecd677090554daba7c8c08cad5e1.jpg,frame_00161_jpg.rf.1801ecd677090554daba7c8c08cad5e1.jpg,1186.3592548590454,654.2240147177242,8569.5,262.47164553904423,True
C:\Users\carmonta\Desktop\data-centric-cross-season-transfer\datasets\train_on_2025_all\val\images\frame_00161_jpg.rf.bf95f0229bf0b1b52c72288fbfa0b83b.jpg,frame_00161_jpg.rf.bf95f0229bf0b1b52c72288fbfa0b83b.jpg,923.4231489224418,573.9784164478627,4642.0,277.59315925004734,True
C:\Users\carmonta\Desktop\data-centric-cross-season-transfer\datasets\train_on_2025_all\val\images\frame_00162_jpg.rf.77e5f6b3e9088602a07c5e46df47b95d.jpg,frame_00162_jpg.rf.77e5f6b3e9088602a07c5e46df47b95d.jpg,814.8959235780436,813.1635707615386,6604.5,303.7379700488345,True
C:\Users\carmonta\Desktop\data-centric-cross-season-transfer\datasets\train_on_2025_all\val\images\frame_00162_jpg.rf.7d9c85670b1dd9e517d058c275604a7a.jpg,frame_00162_jpg.rf.7d9c85670b1dd9e517d058c275604a7a.jpg,842.211366688663,845.4784233895575,6192.0,304.2164016467797,True
C:\Users\carmonta\Desktop\data-centric-cross-season-transfer\datasets\train_on_2025_all\val\images\frame_00165_jpg.rf.9674e1c6f39421e6b35f073c72e58345.jpg,frame_00165_jpg.rf.9674e1c6f39421e6b35f073c72e58345.jpg,874.3141209373259,486.61143447294097,6534.0,264.4019233916049,True
C:\Users\carmonta\Desktop\data-centric-cross-season-transfer\datasets\train_on_2025_all\val\images\frame_00166_jpg.rf.bcd08ef701bd176e14af51da16a1a659.jpg,frame_00166_jpg.rf.bcd08ef701bd176e14af51da16a1a659.jpg,813.0808356410855,527.3873893959872,8699.5,283.08588605147054,True
C:\Users\carmonta\Desktop\data-centric-cross-season-transfer\datasets\train_on_2025_all\val\images\frame_00167_jpg.rf.c4ece3fde9e2c8b63f44e1bf6b9b446d.jpg,frame_00167_jpg.rf.c4ece3fde9e2c8b63f44e1bf6b9b446d.jpg,947.1836951220854,672.9241754273529,9185.75,286.3551521183552,True
C:\Users\carmonta\Desktop\data-centric-cross-season-transfer\datasets\train_on_2025_all\val\images\frame_00167_jpg.rf.f8aaac085ca2adc17da406c40a56c3a9.jpg,frame_00167_jpg.rf.f8aaac085ca2adc17da406c40a56c3a9.jpg,947.1836951220854,672.9241754273529,9185.75,286.3551521183552,True
C:\Users\carmonta\Desktop\data-centric-cross-season-transfer\datasets\train_on_2025_all\val\images\frame_00171_jpg.rf.7f406999f0aa8c786521b465b5620733.jpg,frame_00171_jpg.rf.7f406999f0aa8c786521b465b5620733.jpg,1078.9710218912512,674.1104901635318,5285.0,279.4001028611842,True
C:\Users\carmonta\Desktop\data-centric-cross-season-transfer\datasets\train_on_2025_all\val\images\frame_00173_jpg.rf.806cad28049aab045de406a04e423df8.jpg,frame_00173_jpg.rf.806cad28049aab045de406a04e423df8.jpg,960.1025249768624,573.8538313998333,4427.499999999999,274.1500990937929,True
C:\Users\carmonta\Desktop\data-centric-cross-season-transfer\datasets\train_on_2025_all\val\images\frame_00177_jpg.rf.bb91114be028cf18ac1ac74466435389.jpg,frame_00177_jpg.rf.bb91114be028cf18ac1ac74466435389.jpg,1046.7792050372916,552.240459849539,6254.0,264.8357666242464,True
C:\Users\carmonta\Desktop\data-centric-cross-season-transfer\datasets\train_on_2025_all\val\images\frame_00178_jpg.rf.3e5d98a815e11b9219dfb64fba90686e.jpg,frame_00178_jpg.rf.3e5d98a815e11b9219dfb64fba90686e.jpg,936.6483126999792,694.9403455622617,5727.0,291.96667317282134,True
C:\Users\carmonta\Desktop\data-centric-cross-season-transfer\datasets\train_on_2025_all\val\images\frame_00184_jpg.rf.a083924429f702cde07d381bbcefd4ad.jpg,frame_00184_jpg.rf.a083924429f702cde07d381bbcefd4ad.jpg,877.0646888569761,702.5394311246449,9291.0,291.5982313487027,True
C:\Users\carmonta\Desktop\data-centric-cross-season-transfer\datasets\train_on_2025_all\val\images\frame_00186_jpg.rf.8590294fe807e98c263ae189d2f1695b.jpg,frame_00186_jpg.rf.8590294fe807e98c263ae189d2f1695b.jpg,921.4931464202303,662.7287185631182,10706.0,284.9471080210454,True
C:\Users\carmonta\Desktop\data-centric-cross-season-transfer\datasets\train_on_2025_all\val\images\frame_00197_jpg.rf.78a4bcc5fc460aca4a25e3698f3f571b.jpg,frame_00197_jpg.rf.78a4bcc5fc460aca4a25e3698f3f571b.jpg,1033.8740968745783,527.2640843046729,6825.0,237.87859635365731,True
C:\Users\carmonta\Desktop\data-centric-cross-season-transfer\datasets\train_on_2025_all\val\images\frame_00199_jpg.rf.008f9f96e8b05275ca7d3646acf4e3bb.jpg,frame_00199_jpg.rf.008f9f96e8b05275ca7d3646acf4e3bb.jpg,752.5135427916953,543.3162700671189,7108.75,291.5049714617113,True
C:\Users\carmonta\Desktop\data-centric-cross-season-transfer\datasets\train_on_2025_all\val\images\frame_00200_jpg.rf.c4713d7845cc1a9f226beeb2078ac1b2.jpg,frame_00200_jpg.rf.c4713d7845cc1a9f226beeb2078ac1b2.jpg,1184.0197873390473,677.6204519329625,7375.0,268.61031399016,True
C:\Users\carmonta\Desktop\data-centric-cross-season-transfer\datasets\train_on_2025_all\val\images\frame_00204_jpg.rf.df2a8cfed71013deaf9a36116294ae1e.jpg,frame_00204_jpg.rf.df2a8cfed71013deaf9a36116294ae1e.jpg,1133.7416084560566,559.6204998644752,6350.000000000001,253.5679337284986,True
C:\Users\carmonta\Desktop\data-centric-cross-season-transfer\datasets\train_on_2025_all\val\images\frame_00206_jpg.rf.5fc951a0833df4eb51423dd47ecbf582.jpg,frame_00206_jpg.rf.5fc951a0833df4eb51423dd47ecbf582.jpg,1029.4622276827242,544.300673406066,10230.000000000002,256.62163951433246,True
C:\Users\carmonta\Desktop\data-centric-cross-season-transfer\datasets\train_on_2025_all\val\images\frame_00207_jpg.rf.c2be41aaf3cc69c9d442a336a0bcefd1.jpg,frame_00207_jpg.rf.c2be41aaf3cc69c9d442a336a0bcefd1.jpg,1053.492053111541,557.7229799293699,9159.0,255.18324150680687,True
C:\Users\carmonta\Desktop\data-centric-cross-season-transfer\datasets\train_on_2025_all\val\images\frame_00208_jpg.rf.d546323772e2be92e59431b4e2072c4f.jpg,frame_00208_jpg.rf.d546323772e2be92e59431b4e2072c4f.jpg,1057.4247586089884,644.3331662782525,9222.5,273.33568532896516,True
C:\Users\carmonta\Desktop\data-centric-cross-season-transfer\datasets\train_on_2025_all\val\images\frame_00210_jpg.rf.43980e32aa727d8a0413ee87c98193b6.jpg,frame_00210_jpg.rf.43980e32aa727d8a0413ee87c98193b6.jpg,1095.0059853737835,637.6270641011384,5616.0,270.00630460286715,True
C:\Users\carmonta\Desktop\data-centric-cross-season-transfer\datasets\train_on_2025_all\val\images\frame_00210_jpg.rf.606795c4ce3783439a0b2ad231cdf465.jpg,frame_00210_jpg.rf.606795c4ce3783439a0b2ad231cdf465.jpg,1095.0059853737835,637.6270641011384,5616.0,270.00630460286715,True
C:\Users\carmonta\Desktop\data-centric-cross-season-transfer\datasets\train_on_2025_all\val\images\frame_00213_jpg.rf.1fdb2c2f85ef35f9c854678844611de2.jpg,frame_00213_jpg.rf.1fdb2c2f85ef35f9c854678844611de2.jpg,1018.8622880257504,638.3601100371718,4653.5,275.2530113618873,True
C:\Users\carmonta\Desktop\data-centric-cross-season-transfer\datasets\train_on_2025_all\val\images\frame_00214_jpg.rf.d417c7d9320af24acc5a959b8bc7cc36.jpg,frame_00214_jpg.rf.d417c7d9320af24acc5a959b8bc7cc36.jpg,1022.1447612508895,566.5842047992306,6987.5,263.5370325189051,True
C:\Users\carmonta\Desktop\data-centric-cross-season-transfer\datasets\train_on_2025_all\val\images\frame_00215_jpg.rf.9864f0df39c1b743d9670ccf72b3f772.jpg,frame_00215_jpg.rf.9864f0df39c1b743d9670ccf72b3f772.jpg,1113.6574180659068,581.7956363035685,9535.5,254.96994804544312,True
C:\Users\carmonta\Desktop\data-centric-cross-season-transfer\datasets\train_on_2025_all\val\images\frame_00218_jpg.rf.6f599dc6d78396ca8375e58f8940bf6d.jpg,frame_00218_jpg.rf.6f599dc6d78396ca8375e58f8940bf6d.jpg,1121.8061395457353,633.9139241202429,6624.0,267.0465979013156,True
C:\Users\carmonta\Desktop\data-centric-cross-season-transfer\datasets\train_on_2025_all\val\images\frame_00222_jpg.rf.0d20c02a8faa6f7ae03bae6b3f583fb1.jpg,frame_00222_jpg.rf.0d20c02a8faa6f7ae03bae6b3f583fb1.jpg,1042.9516764051268,555.8472473738599,11793.25,261.1921038884921,True
C:\Users\carmonta\Desktop\data-centric-cross-season-transfer\datasets\train_on_2025_all\val\images\frame_00231_jpg.rf.77bc6dc4a4d81196be9b0a47348a3c33.jpg,frame_00231_jpg.rf.77bc6dc4a4d81196be9b0a47348a3c33.jpg,1103.740000574103,674.4931099332491,3504.0,274.0299435968676,True
C:\Users\carmonta\Desktop\data-centric-cross-season-transfer\datasets\train_on_2025_all\val\images\GX010664_MP4-0024_jpg.rf.68bdb92be47f2a72a110278707f2bb29.jpg,GX010664_MP4-0024_jpg.rf.68bdb92be47f2a72a110278707f2bb29.jpg,668.1464727833109,385.584278200327,3608.0,269.28210749762025,True
C:\Users\carmonta\Desktop\data-centric-cross-season-transfer\datasets\train_on_2025_all\val\images\GX010664_MP4-0024_jpg.rf.cad3a1f7291e7b19185c3424a9b7a7a4.jpg,GX010664_MP4-0024_jpg.rf.cad3a1f7291e7b19185c3424a9b7a7a4.jpg,668.1464727833109,385.584278200327,3608.0,269.28210749762025,True
C:\Users\carmonta\Desktop\data-centric-cross-season-transfer\datasets\train_on_2025_all\val\images\GX010664_MP4-0027_jpg.rf.5f8718f44188ce4277a73e163cda91c3.jpg,GX010664_MP4-0027_jpg.rf.5f8718f44188ce4277a73e163cda91c3.jpg,776.3451134084231,390.1923151599185,1862.5,249.28651570544807,True
C:\Users\carmonta\Desktop\data-centric-cross-season-transfer\datasets\train_on_2025_all\val\images\GX010664_MP4-0027_jpg.rf.9be1a7062e9dc99c2865c770c24da79c.jpg,GX010664_MP4-0027_jpg.rf.9be1a7062e9dc99c2865c770c24da79c.jpg,776.3451134084231,390.1923151599185,1862.5,249.28651570544807,True
C:\Users\carmonta\Desktop\data-centric-cross-season-transfer\datasets\train_on_2025_all\val\images\GX010664_MP4-0031_jpg.rf.c5698f3f3213b4f29f801aa910e85447.jpg,GX010664_MP4-0031_jpg.rf.c5698f3f3213b4f29f801aa910e85447.jpg,799.0058329626108,436.31347745963603,4945.5,264.04226508060657,True
C:\Users\carmonta\Desktop\data-centric-cross-season-transfer\datasets\train_on_2025_all\val\images\GX010664_MP4-0031_jpg.rf.eabdd5989b451952b5a892e6e1e39e22.jpg,GX010664_MP4-0031_jpg.rf.eabdd5989b451952b5a892e6e1e39e22.jpg,799.0058329626108,436.31347745963603,4945.5,264.04226508060657,True
C:\Users\carmonta\Desktop\data-centric-cross-season-transfer\datasets\train_on_2025_all\val\images\GX010664_MP4-0035_jpg.rf.8b7690fde7b76921c471e4a81bfcfcd6.jpg,GX010664_MP4-0035_jpg.rf.8b7690fde7b76921c471e4a81bfcfcd6.jpg,852.2040354475337,449.44849326570056,3823.7499999999995,259.09897905329984,True
C:\Users\carmonta\Desktop\data-centric-cross-season-transfer\datasets\train_on_2025_all\val\images\GX010664_MP4-0036_jpg.rf.7304f9f7de96081f2d1b12ff1ddcf922.jpg,GX010664_MP4-0036_jpg.rf.7304f9f7de96081f2d1b12ff1ddcf922.jpg,748.1641501964389,402.35766933415505,8756.0,262.96269154082097,True
C:\Users\carmonta\Desktop\data-centric-cross-season-transfer\datasets\train_on_2025_all\val\images\GX010664_MP4-0037_jpg.rf.c0ebdfe95dad9732fdb71d744b24d7a3.jpg,GX010664_MP4-0037_jpg.rf.c0ebdfe95dad9732fdb71d744b24d7a3.jpg,755.9556483016969,423.74015514903334,6870.5,264.95563970355386,True
C:\Users\carmonta\Desktop\data-centric-cross-season-transfer\datasets\train_on_2025_all\val\images\GX010664_MP4-0038_jpg.rf.ad6f49c423f99a13a20fe34f7699ec2c.jpg,GX010664_MP4-0038_jpg.rf.ad6f49c423f99a13a20fe34f7699ec2c.jpg,789.1694742009852,463.9074306508016,8568.0,270.4371567488968,True
C:\Users\carmonta\Desktop\data-centric-cross-season-transfer\datasets\train_on_2025_all\val\images\GX010664_MP4-0040_jpg.rf.ef89a1288a58225816ddf9138aede15e.jpg,GX010664_MP4-0040_jpg.rf.ef89a1288a58225816ddf9138aede15e.jpg,821.1336037689061,527.9532858297662,6327.75,277.8966434378212,True
C:\Users\carmonta\Desktop\data-centric-cross-season-transfer\datasets\train_on_2025_all\val\images\GX010664_MP4-0042_jpg.rf.4cb03b364f179fdfc87ba63278171cb2.jpg,GX010664_MP4-0042_jpg.rf.4cb03b364f179fdfc87ba63278171cb2.jpg,826.2491956269201,551.0818215181289,8726.25,280.7150559055219,True
C:\Users\carmonta\Desktop\data-centric-cross-season-transfer\datasets\train_on_2025_all\val\images\GX010664_MP4-0044_jpg.rf.f47f23f73b4661be5cebe78a1fd9b7af.jpg,GX010664_MP4-0044_jpg.rf.f47f23f73b4661be5cebe78a1fd9b7af.jpg,828.9117146092809,544.6679713245734,6808.0,279.85340116239377,True
C:\Users\carmonta\Desktop\data-centric-cross-season-transfer\datasets\train_on_2025_all\val\images\GX010664_MP4-0052_jpg.rf.169be3f087e1756ed6297a8615b1b5c5.jpg,GX010664_MP4-0052_jpg.rf.169be3f087e1756ed6297a8615b1b5c5.jpg,899.6844283213859,505.07774030214097,7885.0,264.91517977326527,True
C:\Users\carmonta\Desktop\data-centric-cross-season-transfer\datasets\train_on_2025_all\val\images\GX010664_MP4-0059_jpg.rf.efc52da7042ebe72267de1f18b930db8.jpg,GX010664_MP4-0059_jpg.rf.efc52da7042ebe72267de1f18b930db8.jpg,972.626387671753,507.2321067461445,4197.5,260.16693307213836,True
C:\Users\carmonta\Desktop\data-centric-cross-season-transfer\datasets\train_on_2025_all\val\images\GX010664_MP4-0061_jpg.rf.acb1d4ca69b7df99b7849bdbeb9eb42e.jpg,GX010664_MP4-0061_jpg.rf.acb1d4ca69b7df99b7849bdbeb9eb42e.jpg,1051.4987688796111,564.8147390379463,6916.0,261.9153487412246,True
C:\Users\carmonta\Desktop\data-centric-cross-season-transfer\datasets\train_on_2025_all\val\images\GX010664_MP4-0066_jpg.rf.dbe08062cfe3b4b71322afeec9ae2fde.jpg,GX010664_MP4-0066_jpg.rf.dbe08062cfe3b4b71322afeec9ae2fde.jpg,831.5789972822539,671.642065437231,2816.0,292.83511141796055,True
C:\Users\carmonta\Desktop\data-centric-cross-season-transfer\datasets\train_on_2025_all\val\images\GX010664_MP4-0067_jpg.rf.14f2ed46b0655e7fbbb2b989bafc8e8a.jpg,GX010664_MP4-0067_jpg.rf.14f2ed46b0655e7fbbb2b989bafc8e8a.jpg,831.0116629716424,677.7238528835499,3596.9999999999995,293.14181814575994,True
C:\Users\carmonta\Desktop\data-centric-cross-season-transfer\datasets\train_on_2025_all\val\images\GX010664_MP4-0067_jpg.rf.4ed44c5ef2ddb2cfd2635afcebf806d6.jpg,GX010664_MP4-0067_jpg.rf.4ed44c5ef2ddb2cfd2635afcebf806d6.jpg,831.0116629716424,677.7238528835499,3596.9999999999995,293.14181814575994,True
C:\Users\carmonta\Desktop\data-centric-cross-season-transfer\datasets\train_on_2025_all\val\images\GX010664_MP4-0068_jpg.rf.3fb4dacc98e0a4dd4187b56650c43a72.jpg,GX010664_MP4-0068_jpg.rf.3fb4dacc98e0a4dd4187b56650c43a72.jpg,715.454065495167,780.4895505232477,3059.0,305.49320399650526,True
C:\Users\carmonta\Desktop\data-centric-cross-season-transfer\datasets\train_on_2025_all\val\images\GX010664_MP4-0070_jpg.rf.6351d87aaf52b0e77484587ce9af6e0c.jpg,GX010664_MP4-0070_jpg.rf.6351d87aaf52b0e77484587ce9af6e0c.jpg,819.9417870744379,757.0869632594545,2829.0,298.72257839697414,True
C:\Users\carmonta\Desktop\data-centric-cross-season-transfer\datasets\train_on_2025_all\val\images\GX010664_MP4-0071_jpg.rf.c325b76df4746809d9a2ea96b5172bbd.jpg,GX010664_MP4-0071_jpg.rf.c325b76df4746809d9a2ea96b5172bbd.jpg,819.2773568727852,768.5671476683971,2906.75,299.3520186295956,True
C:\Users\carmonta\Desktop\data-centric-cross-season-transfer\datasets\train_on_2025_all\val\images\GX010664_MP4-0074_jpg.rf.e3354f2a02abcbc5710c30504b71a234.jpg,GX010664_MP4-0074_jpg.rf.e3354f2a02abcbc5710c30504b71a234.jpg,773.7787347221896,676.6797271766202,3307.75,296.50547058045186,True
C:\Users\carmonta\Desktop\data-centric-cross-season-transfer\datasets\train_on_2025_all\val\images\GX010664_MP4-0077_jpg.rf.fd3058efde48559efd580f058b8e7db7.jpg,GX010664_MP4-0077_jpg.rf.fd3058efde48559efd580f058b8e7db7.jpg,776.4524650759193,621.5731977049456,3629.5,292.37893669298813,True
C:\Users\carmonta\Desktop\data-centric-cross-season-transfer\datasets\train_on_2025_all\val\images\GX010664_MP4-0078_jpg.rf.d52997ac14b6f99a294c925411fa7f87.jpg,GX010664_MP4-0078_jpg.rf.d52997ac14b6f99a294c925411fa7f87.jpg,775.8593118739924,650.5472643857826,3805.5,294.72172633562076,True
C:\Users\carmonta\Desktop\data-centric-cross-season-transfer\datasets\train_on_2025_all\val\images\GX010664_MP4-0078_jpg.rf.e7451f1d8d4eb701f83a250ce81d4788.jpg,GX010664_MP4-0078_jpg.rf.e7451f1d8d4eb701f83a250ce81d4788.jpg,775.8593118739924,650.5472643857826,3805.5,294.72172633562076,True
C:\Users\carmonta\Desktop\data-centric-cross-season-transfer\datasets\train_on_2025_all\val\images\GX010664_MP4-0084_jpg.rf.1efdbf3c3ad61502fe99236fe23c93b6.jpg,GX010664_MP4-0084_jpg.rf.1efdbf3c3ad61502fe99236fe23c93b6.jpg,948.1324167369881,700.2167278431826,4788.0,288.1763932963855,True
C:\Users\carmonta\Desktop\data-centric-cross-season-transfer\datasets\train_on_2025_all\val\images\GX010664_MP4-0088_jpg.rf.18eccdaf532449a0e9abf6b83ae7c30c.jpg,GX010664_MP4-0088_jpg.rf.18eccdaf532449a0e9abf6b83ae7c30c.jpg,1081.7152521070695,540.5586666020248,3800.0,243.76465507103694,True
C:\Users\carmonta\Desktop\data-centric-cross-season-transfer\datasets\train_on_2025_all\val\images\GX010664_MP4-0088_jpg.rf.7da268e07567b2afa939b6c5b122c6af.jpg,GX010664_MP4-0088_jpg.rf.7da268e07567b2afa939b6c5b122c6af.jpg,1081.7152521070695,540.5586666020248,3800.0,243.76465507103694,True
C:\Users\carmonta\Desktop\data-centric-cross-season-transfer\datasets\train_on_2025_all\val\images\GX010664_MP4-0096_jpg.rf.05009caaf0239f32d5ac0c588f4d0eb8.jpg,GX010664_MP4-0096_jpg.rf.05009caaf0239f32d5ac0c588f4d0eb8.jpg,1028.1928032110138,508.4026876275823,3750.0,232.7901534562729,True
C:\Users\carmonta\Desktop\data-centric-cross-season-transfer\datasets\train_on_2025_all\val\images\GX010664_MP4-0096_jpg.rf.10fa759372185333fb15e69c666a4194.jpg,GX010664_MP4-0096_jpg.rf.10fa759372185333fb15e69c666a4194.jpg,1028.1928032110138,508.4026876275823,3750.0,232.7901534562729,True
C:\Users\carmonta\Desktop\data-centric-cross-season-transfer\datasets\train_on_2025_all\val\images\GX010664_MP4-0101_jpg.rf.b392e33b090c412a1bd3d16fc896ff07.jpg,GX010664_MP4-0101_jpg.rf.b392e33b090c412a1bd3d16fc896ff07.jpg,1001.7390635424823,697.7051487937853,3202.5,286.41561778176964,True
C:\Users\carmonta\Desktop\data-centric-cross-season-transfer\datasets\train_on_2025_all\val\images\GX010664_MP4-0103_jpg.rf.2afcb4ea5e3a84325e1512278c62a6a2.jpg,GX010664_MP4-0103_jpg.rf.2afcb4ea5e3a84325e1512278c62a6a2.jpg,1062.7151266460012,534.8839186130193,3538.0,254.0018491523382,True
C:\Users\carmonta\Desktop\data-centric-cross-season-transfer\datasets\train_on_2025_all\val\images\GX010665_MP4-0012_jpg.rf.64d04998d1e1812f48cc368919b5ff2b.jpg,GX010665_MP4-0012_jpg.rf.64d04998d1e1812f48cc368919b5ff2b.jpg,833.7670698351646,449.39666553296325,2110.5,263.4749321293591,True
C:\Users\carmonta\Desktop\data-centric-cross-season-transfer\datasets\train_on_2025_all\val\images\GX010665_MP4-0012_jpg.rf.a63cc12d49a95c8a6b3fa20a7de567fa.jpg,GX010665_MP4-0012_jpg.rf.a63cc12d49a95c8a6b3fa20a7de567fa.jpg,833.7670698351646,449.39666553296325,2110.5,263.4749321293591,True
C:\Users\carmonta\Desktop\data-centric-cross-season-transfer\datasets\train_on_2025_all\val\images\GX010665_MP4-0022_jpg.rf.723e604757d98356d2ebeed4cb48b674.jpg,GX010665_MP4-0022_jpg.rf.723e604757d98356d2ebeed4cb48b674.jpg,939.4058485078125,578.9209151017465,13014.0,280.8081017909863,True
C:\Users\carmonta\Desktop\data-centric-cross-season-transfer\datasets\train_on_2025_all\val\images\GX010665_MP4-0023_jpg.rf.225f6777f4ce184f96f12aa2c17ca51f.jpg,GX010665_MP4-0023_jpg.rf.225f6777f4ce184f96f12aa2c17ca51f.jpg,905.0313031635359,595.916018917528,6446.75,284.4794811207482,True
C:\Users\carmonta\Desktop\data-centric-cross-season-transfer\datasets\train_on_2025_all\val\images\GX010665_MP4-0024_jpg.rf.2b2ea2848e3d1c6db7507d149117bc90.jpg,GX010665_MP4-0024_jpg.rf.2b2ea2848e3d1c6db7507d149117bc90.jpg,935.3235525668321,665.353409338321,6253.0,287.96110604251817,True
C:\Users\carmonta\Desktop\data-centric-cross-season-transfer\datasets\train_on_2025_all\val\images\GX010665_MP4-0057_jpg.rf.c5ad8dd8aa8c0ff763f4af3d881ae057.jpg,GX010665_MP4-0057_jpg.rf.c5ad8dd8aa8c0ff763f4af3d881ae057.jpg,715.3123946176228,809.2154374733618,13500.0,305.2489477852413,True
C:\Users\carmonta\Desktop\data-centric-cross-season-transfer\datasets\train_on_2025_all\val\images\GX010665_MP4-0058_jpg.rf.0fb0ddc328651d27336a2cf05f423e2b.jpg,GX010665_MP4-0058_jpg.rf.0fb0ddc328651d27336a2cf05f423e2b.jpg,693.1563490540173,612.626887274642,9171.5,295.60292801487697,True
C:\Users\carmonta\Desktop\data-centric-cross-season-transfer\datasets\train_on_2025_all\val\images\GX010665_MP4-0058_jpg.rf.15a6bf79fba796428afa4b6a5beeb9a0.jpg,GX010665_MP4-0058_jpg.rf.15a6bf79fba796428afa4b6a5beeb9a0.jpg,693.1563490540173,612.626887274642,9171.5,295.60292801487697,True
C:\Users\carmonta\Desktop\data-centric-cross-season-transfer\datasets\train_on_2025_all\val\images\GX010665_MP4-0088_jpg.rf.d0e1067ed340a5059ccf59a73d7366c1.jpg,GX010665_MP4-0088_jpg.rf.d0e1067ed340a5059ccf59a73d7366c1.jpg,969.7020258392115,502.4841488730237,14319.0,264.93712764642623,True
C:\Users\carmonta\Desktop\data-centric-cross-season-transfer\datasets\train_on_2025_all\val\images\GX010665_MP4-0091_jpg.rf.93a5f8704847156a04d344d5aaeceab9.jpg,GX010665_MP4-0091_jpg.rf.93a5f8704847156a04d344d5aaeceab9.jpg,892.0721948198023,428.7131567076551,3291.7500000000005,245.86634269040616,True
C:\Users\carmonta\Desktop\data-centric-cross-season-transfer\datasets\train_on_2025_all\val\images\GX010665_MP4-0092_jpg.rf.7b917ea177a70730c7363331b404819c.jpg,GX010665_MP4-0092_jpg.rf.7b917ea177a70730c7363331b404819c.jpg,1002.8021856153105,481.3162339268209,2422.5,234.37689275207396,True
C:\Users\carmonta\Desktop\data-centric-cross-season-transfer\datasets\train_on_2025_all\val\images\GX010665_MP4-0099_jpg.rf.222dbad1672907a88e814844be3ee105.jpg,GX010665_MP4-0099_jpg.rf.222dbad1672907a88e814844be3ee105.jpg,1180.4251596409647,682.5068772223578,6746.5,274.0607556029787,True
C:\Users\carmonta\Desktop\data-centric-cross-season-transfer\datasets\train_on_2025_all\val\images\GX010665_MP4-0100_jpg.rf.2f48e9422b2776132e8bce5a9b039b72.jpg,GX010665_MP4-0100_jpg.rf.2f48e9422b2776132e8bce5a9b039b72.jpg,1166.8209287526718,568.0481608172338,7675.5,251.67550971759312,True
C:\Users\carmonta\Desktop\data-centric-cross-season-transfer\datasets\train_on_2025_all\val\images\GX010665_MP4-0100_jpg.rf.7fe92a46dbd236f4104e37b487ed5e0a.jpg,GX010665_MP4-0100_jpg.rf.7fe92a46dbd236f4104e37b487ed5e0a.jpg,1166.8209287526718,568.0481608172338,7675.5,251.67550971759312,True
C:\Users\carmonta\Desktop\data-centric-cross-season-transfer\datasets\train_on_2025_all\val\images\GX010665_MP4-0101_jpg.rf.131b63cfb62ad852ecc981bd69cafc6a.jpg,GX010665_MP4-0101_jpg.rf.131b63cfb62ad852ecc981bd69cafc6a.jpg,1111.4684646479475,532.8372314157698,10366.0,236.7294648494501,True
C:\Users\carmonta\Desktop\data-centric-cross-season-transfer\datasets\train_on_2025_all\val\images\GX010665_MP4-0101_jpg.rf.695c98b7feb2e0761f47a995f55df818.jpg,GX010665_MP4-0101_jpg.rf.695c98b7feb2e0761f47a995f55df818.jpg,1111.4684646479475,532.8372314157698,10366.0,236.7294648494501,True
C:\Users\carmonta\Desktop\data-centric-cross-season-transfer\datasets\train_on_2025_all\val\images\GX010665_MP4-0103_jpg.rf.ece21a21e53db3834595c3a44fe38c79.jpg,GX010665_MP4-0103_jpg.rf.ece21a21e53db3834595c3a44fe38c79.jpg,997.4047595427586,488.5065845188178,3280.0,252.87248876655377,True
C:\Users\carmonta\Desktop\data-centric-cross-season-transfer\datasets\train_on_2025_all\val\images\GX010665_MP4-0108_jpg.rf.5fe6fc3f438e32420992750d736dd8de.jpg,GX010665_MP4-0108_jpg.rf.5fe6fc3f438e32420992750d736dd8de.jpg,939.9983966367926,486.82132908145917,7560.0,255.27525130400267,True
C:\Users\carmonta\Desktop\data-centric-cross-season-transfer\datasets\train_on_2025_all\val\images\GX010665_MP4-0111_jpg.rf.dfda8ba95fe487f09a469e4f291a1acb.jpg,GX010665_MP4-0111_jpg.rf.dfda8ba95fe487f09a469e4f291a1acb.jpg,999.9508845488292,569.816622232098,7754.25,267.65510481677785,True
C:\Users\carmonta\Desktop\data-centric-cross-season-transfer\datasets\train_on_2025_all\val\images\GX010665_MP4-0112_jpg.rf.522599c368b90b249eb4c5cc0e82e090.jpg,GX010665_MP4-0112_jpg.rf.522599c368b90b249eb4c5cc0e82e090.jpg,1049.0251680094811,584.5004547596812,6386.25,265.79754097307693,True
C:\Users\carmonta\Desktop\data-centric-cross-season-transfer\datasets\train_on_2025_all\val\images\GX010665_MP4-0115_jpg.rf.70c41eb7f4be348b26a5682bfe5e218b.jpg,GX010665_MP4-0115_jpg.rf.70c41eb7f4be348b26a5682bfe5e218b.jpg,1101.0790476043903,575.3640974283215,4141.0,256.54471622821086,True
C:\Users\carmonta\Desktop\data-centric-cross-season-transfer\datasets\train_on_2025_all\val\images\GX010665_MP4-0119_jpg.rf.5f1aa092febd98b62c66ae83ed4bc8fe.jpg,GX010665_MP4-0119_jpg.rf.5f1aa092febd98b62c66ae83ed4bc8fe.jpg,1248.7562713804878,636.1330206953659,5365.499999999999,225.11553092043115,True
C:\Users\carmonta\Desktop\data-centric-cross-season-transfer\datasets\train_on_2025_all\val\images\GX010665_MP4-0119_jpg.rf.e3eaac99fb068f4060bcebb448f12c67.jpg,GX010665_MP4-0119_jpg.rf.e3eaac99fb068f4060bcebb448f12c67.jpg,1248.7562713804878,636.1330206953659,5365.499999999999,225.11553092043115,True
C:\Users\carmonta\Desktop\data-centric-cross-season-transfer\datasets\train_on_2025_all\val\images\GX010665_MP4-0128_jpg.rf.b6c1f3fae9cf9c0c7d37aacbffa551cd.jpg,GX010665_MP4-0128_jpg.rf.b6c1f3fae9cf9c0c7d37aacbffa551cd.jpg,1080.0605505197918,702.0696781861217,4046.0,283.7214586712971,True
C:\Users\carmonta\Desktop\data-centric-cross-season-transfer\datasets\train_on_2025_all\val\images\GX010665_MP4-0128_jpg.rf.c021939037661ac7032afb4190379c60.jpg,GX010665_MP4-0128_jpg.rf.c021939037661ac7032afb4190379c60.jpg,1080.0605505197918,702.0696781861217,4046.0,283.7214586712971,True
C:\Users\carmonta\Desktop\data-centric-cross-season-transfer\datasets\train_on_2025_all\val\images\GX010665_MP4-0129_jpg.rf.559c57886f5690dd45255de1c6b8867f.jpg,GX010665_MP4-0129_jpg.rf.559c57886f5690dd45255de1c6b8867f.jpg,1057.62573342577,693.088905967121,5069.0,284.14292256999,True
C:\Users\carmonta\Desktop\data-centric-cross-season-transfer\datasets\train_on_2025_all\val\images\GX010665_MP4-0129_jpg.rf.a37ee8b684a75dfd36727883aaabc20d.jpg,GX010665_MP4-0129_jpg.rf.a37ee8b684a75dfd36727883aaabc20d.jpg,1057.62573342577,693.088905967121,5069.0,284.14292256999,True
C:\Users\carmonta\Desktop\data-centric-cross-season-transfer\datasets\train_on_2025_all\val\images\GX010665_MP4-0130_jpg.rf.728bc198506fc41018b6b7e40531ce85.jpg,GX010665_MP4-0130_jpg.rf.728bc198506fc41018b6b7e40531ce85.jpg,1011.465587220256,645.0898407325706,7290.0,281.955586928107,True
C:\Users\carmonta\Desktop\data-centric-cross-season-transfer\datasets\train_on_2025_all\val\images\GX010665_MP4-0133_jpg.rf.8d1e694efb88ca474ac6c21a0ecba158.jpg,GX010665_MP4-0133_jpg.rf.8d1e694efb88ca474ac6c21a0ecba158.jpg,1001.2260898318319,479.19765892141186,4692.0,239.3692162471222,True
C:\Users\carmonta\Desktop\data-centric-cross-season-transfer\datasets\train_on_2025_all\val\images\GX010665_MP4-0134_jpg.rf.533a6d7d5340ff0795d17941a8751cc7.jpg,GX010665_MP4-0134_jpg.rf.533a6d7d5340ff0795d17941a8751cc7.jpg,1013.3809943359098,676.9907531552961,7790.0,283.63366012305397,True
C:\Users\carmonta\Desktop\data-centric-cross-season-transfer\datasets\train_on_2025_all\val\images\GX010665_MP4-0136_jpg.rf.b8d7b046d6a6367157c4935830a3f9c5.jpg,GX010665_MP4-0136_jpg.rf.b8d7b046d6a6367157c4935830a3f9c5.jpg,1055.5184699569572,569.8636914179178,13104.0,264.1757571754831,True
C:\Users\carmonta\Desktop\data-centric-cross-season-transfer\datasets\train_on_2025_all\val\images\GX010665_MP4-0136_jpg.rf.e7d4a096af4183113442395ffea99ebe.jpg,GX010665_MP4-0136_jpg.rf.e7d4a096af4183113442395ffea99ebe.jpg,1055.5184699569572,569.8636914179178,13104.0,264.1757571754831,True
C:\Users\carmonta\Desktop\data-centric-cross-season-transfer\datasets\train_on_2025_all\val\images\GX010665_MP4-0137_jpg.rf.5716d652fe243567c028515163822762.jpg,GX010665_MP4-0137_jpg.rf.5716d652fe243567c028515163822762.jpg,1097.65557068589,535.4777743996649,12420.0,247.69575031867902,True
C:\Users\carmonta\Desktop\data-centric-cross-season-transfer\datasets\train_on_2025_all\val\images\GX010665_MP4-0139_jpg.rf.5956ec76ac92a8b178e918016374889a.jpg,GX010665_MP4-0139_jpg.rf.5956ec76ac92a8b178e918016374889a.jpg,1133.3345116523442,564.6631849300433,7006.0,220.76791456133904,True
C:\Users\carmonta\Desktop\data-centric-cross-season-transfer\datasets\train_on_2025_all\val\images\GX010665_MP4-0171_jpg.rf.dd6a1ffdea81d23cc70c7551d7336ae1.jpg,GX010665_MP4-0171_jpg.rf.dd6a1ffdea81d23cc70c7551d7336ae1.jpg,1173.3703959534064,668.4479618543998,6480.0,269.9581020583402,True
C:\Users\carmonta\Desktop\data-centric-cross-season-transfer\datasets\train_on_2025_all\val\images\GX010665_MP4-0190_jpg.rf.a65b7e47df154fcf212f40ec66fb504f.jpg,GX010665_MP4-0190_jpg.rf.a65b7e47df154fcf212f40ec66fb504f.jpg,845.3825054757189,638.745215959681,5373.0,291.1481227273159,True
C:\Users\carmonta\Desktop\data-centric-cross-season-transfer\datasets\train_on_2025_all\val\images\GX010665_MP4-0191_jpg.rf.87101e23e26c8bfb2e724a4583dd0211.jpg,GX010665_MP4-0191_jpg.rf.87101e23e26c8bfb2e724a4583dd0211.jpg,857.8784334518739,600.6525378239385,7295.25,287.68793577172215,True
C:\Users\carmonta\Desktop\data-centric-cross-season-transfer\datasets\train_on_2025_all\val\images\GX010665_MP4-0192_jpg.rf.bc2dcc643f68819e597a8772062d467d.jpg,GX010665_MP4-0192_jpg.rf.bc2dcc643f68819e597a8772062d467d.jpg,875.1523010113294,559.0961841697195,12710.0,281.6442934808908,True
C:\Users\carmonta\Desktop\data-centric-cross-season-transfer\datasets\train_on_2025_all\val\images\GX010665_MP4-0194_jpg.rf.e39d415be7a76c2dac0d698d7990255f.jpg,GX010665_MP4-0194_jpg.rf.e39d415be7a76c2dac0d698d7990255f.jpg,911.2480097373077,524.6051537038584,7791.0,273.3792566968041,True
C:\Users\carmonta\Desktop\data-centric-cross-season-transfer\datasets\train_on_2025_all\val\images\GX010665_MP4-0198_jpg.rf.da126e10c116b5f22a8eca28f42f8830.jpg,GX010665_MP4-0198_jpg.rf.da126e10c116b5f22a8eca28f42f8830.jpg,1066.0992345240365,545.7771689152071,9096.5,254.4111624286867,True
C:\Users\carmonta\Desktop\data-centric-cross-season-transfer\datasets\train_on_2025_all\val\images\GX010665_MP4-0199_jpg.rf.fc9b041e2f1a850141e77df9b673ff6f.jpg,GX010665_MP4-0199_jpg.rf.fc9b041e2f1a850141e77df9b673ff6f.jpg,1106.0718058951861,559.5980219136916,6808.5,251.40244373305083,True
C:\Users\carmonta\Desktop\data-centric-cross-season-transfer\datasets\train_on_2025_all\val\images\GX010665_MP4-0201_jpg.rf.f08237b7a1cd9471ca7e44e85896f4b2.jpg,GX010665_MP4-0201_jpg.rf.f08237b7a1cd9471ca7e44e85896f4b2.jpg,1127.2653749646208,562.4077049133662,11453.750000000002,249.05829425666238,True
C:\Users\carmonta\Desktop\data-centric-cross-season-transfer\datasets\train_on_2025_all\val\images\GX010665_MP4-0208_jpg.rf.3a39b3e140195195576dca5b4d0c2b13.jpg,GX010665_MP4-0208_jpg.rf.3a39b3e140195195576dca5b4d0c2b13.jpg,1022.7774900155624,489.320995385137,5945.0,231.83817939548558,True
C:\Users\carmonta\Desktop\data-centric-cross-season-transfer\datasets\train_on_2025_all\val\images\GX010665_MP4-0216_jpg.rf.8a9ac800a2be00ba4a6db5a5cd5c6296.jpg,GX010665_MP4-0216_jpg.rf.8a9ac800a2be00ba4a6db5a5cd5c6296.jpg,867.3288049265545,418.98397936569825,6435.0,249.82268661625568,True
C:\Users\carmonta\Desktop\data-centric-cross-season-transfer\datasets\train_on_2025_all\val\images\GX010665_MP4-0216_jpg.rf.c85471c96f32f29a4552998a0bfef644.jpg,GX010665_MP4-0216_jpg.rf.c85471c96f32f29a4552998a0bfef644.jpg,867.3288049265545,418.98397936569825,6435.0,249.82268661625568,True
C:\Users\carmonta\Desktop\data-centric-cross-season-transfer\datasets\train_on_2025_all\val\images\GX010665_MP4-0217_jpg.rf.4bd57d75286e8e0e214a12be1b88193d.jpg,GX010665_MP4-0217_jpg.rf.4bd57d75286e8e0e214a12be1b88193d.jpg,840.755284319454,430.76201689847056,3440.0,261.2753970919994,True
C:\Users\carmonta\Desktop\data-centric-cross-season-transfer\datasets\train_on_2025_all\val\images\GX010665_MP4-0217_jpg.rf.e2002a9318e1d506b8faadfbca58652a.jpg,GX010665_MP4-0217_jpg.rf.e2002a9318e1d506b8faadfbca58652a.jpg,840.755284319454,430.76201689847056,3440.0,261.2753970919994,True
C:\Users\carmonta\Desktop\data-centric-cross-season-transfer\datasets\train_on_2025_all\val\images\GX010665_MP4-0218_jpg.rf.f262a0785606543791b62b1ce9c0fa40.jpg,GX010665_MP4-0218_jpg.rf.f262a0785606543791b62b1ce9c0fa40.jpg,813.7424411586771,443.66854371175106,7767.5,268.75672988354984,True
C:\Users\carmonta\Desktop\data-centric-cross-season-transfer\datasets\train_on_2025_all\val\images\GX010665_MP4-0239_jpg.rf.34b15143adba3fa2a4ed93d169025d31.jpg,GX010665_MP4-0239_jpg.rf.34b15143adba3fa2a4ed93d169025d31.jpg,688.9958631682791,601.6148966056419,3082.0,296.1302869555472,True
C:\Users\carmonta\Desktop\data-centric-cross-season-transfer\datasets\train_on_2025_all\val\images\GX010665_MP4-0239_jpg.rf.8bd249e5768ffb3d9b34def399b31079.jpg,GX010665_MP4-0239_jpg.rf.8bd249e5768ffb3d9b34def399b31079.jpg,688.9958631682791,601.6148966056419,3082.0,296.1302869555472,True
C:\Users\carmonta\Desktop\data-centric-cross-season-transfer\datasets\train_on_2025_all\val\images\GX010665_MP4-0240_jpg.rf.f8a3d3fb848bdffe0c2a9bb5577d6411.jpg,GX010665_MP4-0240_jpg.rf.f8a3d3fb848bdffe0c2a9bb5577d6411.jpg,709.6582460723953,683.8944458430096,3544.5,300.37951933893356,True
C:\Users\carmonta\Desktop\data-centric-cross-season-transfer\datasets\train_on_2025_all\val\images\GX010665_MP4-0241_jpg.rf.244c945f5cf7ac04c9521da67e143662.jpg,GX010665_MP4-0241_jpg.rf.244c945f5cf7ac04c9521da67e143662.jpg,750.2720956442209,725.1116767670276,3382.5000000000005,300.58167246014256,True
C:\Users\carmonta\Desktop\data-centric-cross-season-transfer\datasets\train_on_2025_all\val\images\GX010665_MP4-0243_jpg.rf.accef6733fc2f035c3362fd5f8609c66.jpg,GX010665_MP4-0243_jpg.rf.accef6733fc2f035c3362fd5f8609c66.jpg,786.3668962491273,745.7344735833941,3382.5000000000005,299.8664936021511,True
C:\Users\carmonta\Desktop\data-centric-cross-season-transfer\datasets\train_on_2025_all\val\images\GX010665_MP4-0245_jpg.rf.869589090ac9cc7ecd742e12e891ab0f.jpg,GX010665_MP4-0245_jpg.rf.869589090ac9cc7ecd742e12e891ab0f.jpg,814.0737525396328,777.2276110600803,3382.5000000000005,300.4522656243446,True
C:\Users\carmonta\Desktop\data-centric-cross-season-transfer\datasets\train_on_2025_all\val\images\GX010665_MP4-0247_jpg.rf.98616224d4187937d215b2c866873117.jpg,GX010665_MP4-0247_jpg.rf.98616224d4187937d215b2c866873117.jpg,852.3430220643753,762.3329687102807,3382.5000000000005,297.84353945836125,True
C:\Users\carmonta\Desktop\data-centric-cross-season-transfer\datasets\train_on_2025_all\val\images\GX010665_MP4-0247_jpg.rf.b291053752c98daed2244321180faaae.jpg,GX010665_MP4-0247_jpg.rf.b291053752c98daed2244321180faaae.jpg,852.3430220643753,762.3329687102807,3382.5000000000005,297.84353945836125,True
C:\Users\carmonta\Desktop\data-centric-cross-season-transfer\datasets\train_on_2025_all\val\images\GX010665_MP4-0248_jpg.rf.f00d5597c4ef6987722df80c3e51fed4.jpg,GX010665_MP4-0248_jpg.rf.f00d5597c4ef6987722df80c3e51fed4.jpg,866.8370505006145,756.5436966191019,3382.5000000000005,296.8088048990164,True
C:\Users\carmonta\Desktop\data-centric-cross-season-transfer\datasets\train_on_2025_all\val\images\GX010665_MP4-0249_jpg.rf.aeeb6d8243640a9be13783f2d74b8e9d.jpg,GX010665_MP4-0249_jpg.rf.aeeb6d8243640a9be13783f2d74b8e9d.jpg,869.9333569309354,772.5771573007612,3382.5000000000005,297.49626229720866,True
C:\Users\carmonta\Desktop\data-centric-cross-season-transfer\datasets\train_on_2025_all\val\images\GX010665_MP4-0256_jpg.rf.347aefc78a4b4e49222993bd4c07411e.jpg,GX010665_MP4-0256_jpg.rf.347aefc78a4b4e49222993bd4c07411e.jpg,1114.1951232163533,585.6390429842828,10395.75,257.7677884950496,True
C:\Users\carmonta\Desktop\data-centric-cross-season-transfer\datasets\train_on_2025_all\val\images\GX010665_MP4-0256_jpg.rf.a144600f86882ab4aaa541dd06ed8af3.jpg,GX010665_MP4-0256_jpg.rf.a144600f86882ab4aaa541dd06ed8af3.jpg,1114.1951232163533,585.6390429842828,10395.75,257.7677884950496,True
C:\Users\carmonta\Desktop\data-centric-cross-season-transfer\datasets\train_on_2025_all\val\images\GX010665_MP4-0257_jpg.rf.4d052d9c769d03c5369aa23452eb2957.jpg,GX010665_MP4-0257_jpg.rf.4d052d9c769d03c5369aa23452eb2957.jpg,1114.2726578215443,587.953647461673,10395.75,259.4452577876574,True
C:\Users\carmonta\Desktop\data-centric-cross-season-transfer\datasets\train_on_2025_all\val\images\GX010665_MP4-0258_jpg.rf.a00c002979213abbf46660d816111f51.jpg,GX010665_MP4-0258_jpg.rf.a00c002979213abbf46660d816111f51.jpg,1119.6216966265501,586.5484836695149,10395.75,258.27881624584825,True
C:\Users\carmonta\Desktop\data-centric-cross-season-transfer\datasets\train_on_2025_all\val\images\GX010665_MP4-0265_jpg.rf.3c765632abf55afdd01d74c0dfc04471.jpg,GX010665_MP4-0265_jpg.rf.3c765632abf55afdd01d74c0dfc04471.jpg,1118.7875670016776,566.089925948583,9213.0,246.76916907247505,True
C:\Users\carmonta\Desktop\data-centric-cross-season-transfer\datasets\train_on_2025_all\val\images\GX010665_MP4-0266_jpg.rf.30531deb56d9820db76446a5ca7f2348.jpg,GX010665_MP4-0266_jpg.rf.30531deb56d9820db76446a5ca7f2348.jpg,1089.873461396153,602.2732985169013,9381.0,266.23722570264465,True
C:\Users\carmonta\Desktop\data-centric-cross-season-transfer\datasets\train_on_2025_all\val\images\GX010665_MP4-0266_jpg.rf.9f70e2c0d67e65e9c567d5ee87415e96.jpg,GX010665_MP4-0266_jpg.rf.9f70e2c0d67e65e9c567d5ee87415e96.jpg,1089.873461396153,602.2732985169013,9381.0,266.23722570264465,True
C:\Users\carmonta\Desktop\data-centric-cross-season-transfer\datasets\train_on_2025_all\val\images\GX010666_MP4-0004_jpg.rf.6a7092d91b8a90d1bbfc71818c7799a0.jpg,GX010666_MP4-0004_jpg.rf.6a7092d91b8a90d1bbfc71818c7799a0.jpg,1079.571775458045,651.0856230342404,12248.5,275.40178884207035,True
C:\Users\carmonta\Desktop\data-centric-cross-season-transfer\datasets\train_on_2025_all\val\images\GX010666_MP4-0004_jpg.rf.da5e0a007c6259c172b7e1f1911dba62.jpg,GX010666_MP4-0004_jpg.rf.da5e0a007c6259c172b7e1f1911dba62.jpg,1079.571775458045,651.0856230342404,12248.5,275.40178884207035,True
C:\Users\carmonta\Desktop\data-centric-cross-season-transfer\datasets\train_on_2025_all\val\images\GX010666_MP4-0008_jpg.rf.b75b894457baec5ffb5fbd2783382378.jpg,GX010666_MP4-0008_jpg.rf.b75b894457baec5ffb5fbd2783382378.jpg,1008.3471616155936,507.38123101811317,9062.5,255.5676751999506,True
C:\Users\carmonta\Desktop\data-centric-cross-season-transfer\datasets\train_on_2025_all\val\images\GX010666_MP4-0009_jpg.rf.194361c01a17595bbd4f5ddb7c81dc92.jpg,GX010666_MP4-0009_jpg.rf.194361c01a17595bbd4f5ddb7c81dc92.jpg,998.831574463692,499.77458097537135,12495.0,254.91932582025134,True
C:\Users\carmonta\Desktop\data-centric-cross-season-transfer\datasets\train_on_2025_all\val\images\GX010666_MP4-0009_jpg.rf.5191676e5cafb864c78b1ff9e737d853.jpg,GX010666_MP4-0009_jpg.rf.5191676e5cafb864c78b1ff9e737d853.jpg,998.831574463692,499.77458097537135,12495.0,254.91932582025134,True
C:\Users\carmonta\Desktop\data-centric-cross-season-transfer\datasets\train_on_2025_all\val\images\GX010666_MP4-0018_jpg.rf.913f106d230da3ae0800fedec745076b.jpg,GX010666_MP4-0018_jpg.rf.913f106d230da3ae0800fedec745076b.jpg,867.2051667479217,700.1055889514842,11508.75,291.8287753761516,True
C:\Users\carmonta\Desktop\data-centric-cross-season-transfer\datasets\train_on_2025_all\val\images\GX010666_MP4-0020_jpg.rf.62dc814db651a4d7d87d1cdd84aec6ed.jpg,GX010666_MP4-0020_jpg.rf.62dc814db651a4d7d87d1cdd84aec6ed.jpg,1117.5988178579894,551.764368263969,5504.499999999999,253.2130582499334,True
C:\Users\carmonta\Desktop\data-centric-cross-season-transfer\datasets\train_on_2025_all\val\images\GX010666_MP4-0020_jpg.rf.bdfefce51d4c9fc05c1c3aa318f04c7e.jpg,GX010666_MP4-0020_jpg.rf.bdfefce51d4c9fc05c1c3aa318f04c7e.jpg,1117.5988178579894,551.764368263969,5504.499999999999,253.2130582499334,True
C:\Users\carmonta\Desktop\data-centric-cross-season-transfer\datasets\train_on_2025_all\val\images\GX010666_MP4-0025_jpg.rf.5a7c8acd6cb5e567610ec6a25c769499.jpg,GX010666_MP4-0025_jpg.rf.5a7c8acd6cb5e567610ec6a25c769499.jpg,1075.6779569060998,537.3412721906226,11198.25,252.25112784966504,True
C:\Users\carmonta\Desktop\data-centric-cross-season-transfer\datasets\train_on_2025_all\val\images\GX010666_MP4-0025_jpg.rf.ad479c01afb6d4374a9c9120e587980f.jpg,GX010666_MP4-0025_jpg.rf.ad479c01afb6d4374a9c9120e587980f.jpg,1075.6779569060998,537.3412721906226,11198.25,252.25112784966504,True
C:\Users\carmonta\Desktop\data-centric-cross-season-transfer\datasets\train_on_2025_all\val\images\GX010666_MP4-0042_jpg.rf.b93efda5dffa96206b9bfcd9e8b7fe24.jpg,GX010666_MP4-0042_jpg.rf.b93efda5dffa96206b9bfcd9e8b7fe24.jpg,1099.6001666209947,541.8266280991256,16685.5,244.65108093569495,True
C:\Users\carmonta\Desktop\data-centric-cross-season-transfer\datasets\train_on_2025_all\val\images\GX010666_MP4-0044_jpg.rf.96930fb115a6d507128ccefd16ed34a1.jpg,GX010666_MP4-0044_jpg.rf.96930fb115a6d507128ccefd16ed34a1.jpg,1036.4377576532925,629.5890660282629,12812.5,279.3528687480342,True
C:\Users\carmonta\Desktop\data-centric-cross-season-transfer\datasets\train_on_2025_all\val\images\GX010666_MP4-0045_jpg.rf.36f5c5fb0f90340997a01b5530c60b26.jpg,GX010666_MP4-0045_jpg.rf.36f5c5fb0f90340997a01b5530c60b26.jpg,968.3680635720585,645.7951696780029,6006.0,287.59378802266616,True
C:\Users\carmonta\Desktop\data-centric-cross-season-transfer\datasets\train_on_2025_all\val\images\GX010666_MP4-0046_jpg.rf.9fac1ab194c2816c72893bc39ba863ce.jpg,GX010666_MP4-0046_jpg.rf.9fac1ab194c2816c72893bc39ba863ce.jpg,933.7374487765442,680.8454629813921,7793.499999999999,292.3893434827469,True
C:\Users\carmonta\Desktop\data-centric-cross-season-transfer\datasets\train_on_2025_all\val\images\GX010666_MP4-0057_jpg.rf.cfe79cc868364cd3b8caaf5d105bdd5c.jpg,GX010666_MP4-0057_jpg.rf.cfe79cc868364cd3b8caaf5d105bdd5c.jpg,1012.535553017439,727.0121046942339,9888.75,290.4305476201399,True
C:\Users\carmonta\Desktop\data-centric-cross-season-transfer\datasets\train_on_2025_all\val\images\GX010666_MP4-0057_jpg.rf.e3d9d5cd472a148fe152d7551250502f.jpg,GX010666_MP4-0057_jpg.rf.e3d9d5cd472a148fe152d7551250502f.jpg,1012.535553017439,727.0121046942339,9888.75,290.4305476201399,True
C:\Users\carmonta\Desktop\data-centric-cross-season-transfer\datasets\train_on_2025_all\val\images\GX010666_MP4-0083_jpg.rf.3bf566f01ce02754886bf6eeaf818aee.jpg,GX010666_MP4-0083_jpg.rf.3bf566f01ce02754886bf6eeaf818aee.jpg,879.2107734190746,612.3404978734081,12546.0,289.49867433162905,True
C:\Users\carmonta\Desktop\data-centric-cross-season-transfer\datasets\train_on_2025_all\val\images\GX010666_MP4-0083_jpg.rf.c22dd4cd2874d600a8a64a85681b2fee.jpg,GX010666_MP4-0083_jpg.rf.c22dd4cd2874d600a8a64a85681b2fee.jpg,879.2107734190746,612.3404978734081,12546.0,289.49867433162905,True
C:\Users\carmonta\Desktop\data-centric-cross-season-transfer\datasets\train_on_2025_all\val\images\GX010666_MP4-0085_jpg.rf.25562ec629e89ace52d74122b608293c.jpg,GX010666_MP4-0085_jpg.rf.25562ec629e89ace52d74122b608293c.jpg,920.3827565662347,447.04828921818347,18978.75,253.0509048113549,True
C:\Users\carmonta\Desktop\data-centric-cross-season-transfer\datasets\train_on_2025_all\val\images\GX010666_MP4-0086_jpg.rf.8408667c88331ac6251809d3431b8d12.jpg,GX010666_MP4-0086_jpg.rf.8408667c88331ac6251809d3431b8d12.jpg,1010.32831547339,615.639068581073,25230.0,279.1754492171171,True
C:\Users\carmonta\Desktop\data-centric-cross-season-transfer\datasets\train_on_2025_all\val\images\GX010666_MP4-0092_jpg.rf.98440dc0da0f7d53cb81609a84f5be63.jpg,GX010666_MP4-0092_jpg.rf.98440dc0da0f7d53cb81609a84f5be63.jpg,1175.905890995105,605.0704948260346,17482.5,238.33204975891888,True
C:\Users\carmonta\Desktop\data-centric-cross-season-transfer\datasets\train_on_2025_all\val\images\GX010666_MP4-0097_jpg.rf.52ca7a1418a7d4daaaa38334d02bd30b.jpg,GX010666_MP4-0097_jpg.rf.52ca7a1418a7d4daaaa38334d02bd30b.jpg,1240.158072655875,670.2972900891244,17751.0,218.1258036001655,True
C:\Users\carmonta\Desktop\data-centric-cross-season-transfer\datasets\train_on_2025_all\val\images\GX010666_MP4-0100_jpg.rf.5a9f4dd5352981381c01e83771693578.jpg,GX010666_MP4-0100_jpg.rf.5a9f4dd5352981381c01e83771693578.jpg,936.0847509729199,644.3269911182997,11229.000000000002,282.5793529331981,True
C:\Users\carmonta\Desktop\data-centric-cross-season-transfer\datasets\train_on_2025_all\val\images\GX010666_MP4-0108_jpg.rf.364b0c5a4bc22fbe9c9013a109925b37.jpg,GX010666_MP4-0108_jpg.rf.364b0c5a4bc22fbe9c9013a109925b37.jpg,976.2339258990794,479.77165370881016,13545.0,253.11065980405644,True
C:\Users\carmonta\Desktop\data-centric-cross-season-transfer\datasets\train_on_2025_all\val\images\GX010666_MP4-0127_jpg.rf.4062ef24e39372e1b6ef8da2813d6a13.jpg,GX010666_MP4-0127_jpg.rf.4062ef24e39372e1b6ef8da2813d6a13.jpg,730.2342339387186,374.5247385127554,11465.999999999998,261.84518831926465,True
C:\Users\carmonta\Desktop\data-centric-cross-season-transfer\datasets\train_on_2025_all\val\images\GX010666_MP4-0127_jpg.rf.4809416e338ac8a6bef404af0229bd8c.jpg,GX010666_MP4-0127_jpg.rf.4809416e338ac8a6bef404af0229bd8c.jpg,730.2342339387186,374.5247385127554,11465.999999999998,261.84518831926465,True
C:\Users\carmonta\Desktop\data-centric-cross-season-transfer\datasets\train_on_2025_all\val\images\GX010666_MP4-0131_jpg.rf.00cea175c515d026f1dede115be5fc5c.jpg,GX010666_MP4-0131_jpg.rf.00cea175c515d026f1dede115be5fc5c.jpg,824.9312214860128,695.3636206951255,9799.999999999998,297.51861132108615,True
C:\Users\carmonta\Desktop\data-centric-cross-season-transfer\datasets\train_on_2025_all\val\images\GX010666_MP4-0132_jpg.rf.61d730ff56c12fb19103ae799d159244.jpg,GX010666_MP4-0132_jpg.rf.61d730ff56c12fb19103ae799d159244.jpg,781.355429543592,675.2164737015987,12379.5,298.5548484448867,True
C:\Users\carmonta\Desktop\data-centric-cross-season-transfer\datasets\train_on_2025_all\val\images\GX010666_MP4-0137_jpg.rf.ddb399f51b65857ff4ccae7f6021c9c4.jpg,GX010666_MP4-0137_jpg.rf.ddb399f51b65857ff4ccae7f6021c9c4.jpg,908.9687513351478,645.9945648475344,17552.25,290.4754284111671,True
C:\Users\carmonta\Desktop\data-centric-cross-season-transfer\datasets\train_on_2025_all\val\images\GX010666_MP4-0140_jpg.rf.440afc90dd61cc2544357616f1a258e8.jpg,GX010666_MP4-0140_jpg.rf.440afc90dd61cc2544357616f1a258e8.jpg,994.5775408417949,510.41888320129874,10893.75,264.5021689291772,True
C:\Users\carmonta\Desktop\data-centric-cross-season-transfer\datasets\train_on_2025_all\val\images\GX010666_MP4-0140_jpg.rf.4be2a7a82ba7a251f20c5d364da5afc9.jpg,GX010666_MP4-0140_jpg.rf.4be2a7a82ba7a251f20c5d364da5afc9.jpg,994.5775408417949,510.41888320129874,10893.75,264.5021689291772,True
C:\Users\carmonta\Desktop\data-centric-cross-season-transfer\datasets\train_on_2025_all\val\images\GX010666_MP4-0141_jpg.rf.b6ec00f4cec5d09a231beda5a9b57eef.jpg,GX010666_MP4-0141_jpg.rf.b6ec00f4cec5d09a231beda5a9b57eef.jpg,907.624239252792,580.2169936378584,13459.0,277.8042757864844,True
C:\Users\carmonta\Desktop\data-centric-cross-season-transfer\datasets\train_on_2025_all\val\images\GX010666_MP4-0143_jpg.rf.c7d88373fc455d3464b259e5bb8908bb.jpg,GX010666_MP4-0143_jpg.rf.c7d88373fc455d3464b259e5bb8908bb.jpg,1129.806134773523,553.2399238726376,13143.5,246.33286297687556,True
C:\Users\carmonta\Desktop\data-centric-cross-season-transfer\datasets\train_on_2025_all\val\images\GX010666_MP4-0144_jpg.rf.14473fd7bedaedfea0656f432912253f.jpg,GX010666_MP4-0144_jpg.rf.14473fd7bedaedfea0656f432912253f.jpg,1172.9325645773706,596.8908891787671,16284.0,253.85689736855676,True
C:\Users\carmonta\Desktop\data-centric-cross-season-transfer\datasets\train_on_2025_all\val\images\GX010666_MP4-0144_jpg.rf.5b830f43f156f27cfd2412098fbeec79.jpg,GX010666_MP4-0144_jpg.rf.5b830f43f156f27cfd2412098fbeec79.jpg,1172.9325645773706,596.8908891787671,16284.0,253.85689736855676,True
C:\Users\carmonta\Desktop\data-centric-cross-season-transfer\datasets\train_on_2025_all\val\images\GX010666_MP4-0146_jpg.rf.77de6c08320ab4e50bd67d7ac826e35b.jpg,GX010666_MP4-0146_jpg.rf.77de6c08320ab4e50bd67d7ac826e35b.jpg,1127.4542787275934,666.0428717993937,18727.0,270.0479504719997,True
C:\Users\carmonta\Desktop\data-centric-cross-season-transfer\datasets\train_on_2025_all\val\images\GX010666_MP4-0146_jpg.rf.bdee8fb84f77d6ab1f0a6acf01269911.jpg,GX010666_MP4-0146_jpg.rf.bdee8fb84f77d6ab1f0a6acf01269911.jpg,1127.4542787275934,666.0428717993937,18727.0,270.0479504719997,True
C:\Users\carmonta\Desktop\data-centric-cross-season-transfer\datasets\train_on_2025_all\val\images\GX010666_MP4-0146_jpg.rf.c3a1096233e7935c7229add69126ae95.jpg,GX010666_MP4-0146_jpg.rf.c3a1096233e7935c7229add69126ae95.jpg,1127.4542787275934,666.0428717993937,18727.0,270.0479504719997,True
C:\Users\carmonta\Desktop\data-centric-cross-season-transfer\datasets\train_on_2025_all\val\images\GX010666_MP4-0147_jpg.rf.cc48b4b5729e3b9b8a9ac25271ea748b.jpg,GX010666_MP4-0147_jpg.rf.cc48b4b5729e3b9b8a9ac25271ea748b.jpg,1027.6060542069347,529.8220842451022,15438.0,248.57886199823466,True
C:\Users\carmonta\Desktop\data-centric-cross-season-transfer\datasets\train_on_2025_all\val\images\GX010666_MP4-0149_jpg.rf.96e877a9f790ebfb49ab547130b9fed5.jpg,GX010666_MP4-0149_jpg.rf.96e877a9f790ebfb49ab547130b9fed5.jpg,1063.729795414383,549.045231456102,11832.000000000002,252.1607984386003,True
C:\Users\carmonta\Desktop\data-centric-cross-season-transfer\datasets\train_on_2025_all\val\images\GX010666_MP4-0150_jpg.rf.4d440497966b2976a2c783e40b9d850a.jpg,GX010666_MP4-0150_jpg.rf.4d440497966b2976a2c783e40b9d850a.jpg,1070.8686587319742,557.5015504907461,6510.0,252.13269082150248,True
C:\Users\carmonta\Desktop\data-centric-cross-season-transfer\datasets\train_on_2025_all\val\images\GX010666_MP4-0155_jpg.rf.256b1969f38846a9684e88939ceeace4.jpg,GX010666_MP4-0155_jpg.rf.256b1969f38846a9684e88939ceeace4.jpg,1186.1408243507037,595.2822222646507,10664.25,234.56634451747675,True
C:\Users\carmonta\Desktop\data-centric-cross-season-transfer\datasets\train_on_2025_all\val\images\GX010666_MP4-0156_jpg.rf.0e17e20b198a52cb4f51db6b3bc6a53c.jpg,GX010666_MP4-0156_jpg.rf.0e17e20b198a52cb4f51db6b3bc6a53c.jpg,1228.744809785061,617.7925652075646,8787.0,240.5132112342838,True
C:\Users\carmonta\Desktop\data-centric-cross-season-transfer\datasets\train_on_2025_all\val\images\GX010666_MP4-0157_jpg.rf.e7bb421fdf0c7af80746a147557794cc.jpg,GX010666_MP4-0157_jpg.rf.e7bb421fdf0c7af80746a147557794cc.jpg,1225.5786494107097,632.9909005612795,8643.0,249.96458629639045,True
C:\Users\carmonta\Desktop\data-centric-cross-season-transfer\datasets\train_on_2025_all\val\images\GX010666_MP4-0158_jpg.rf.6edef0b1b957b68aea0d7a0a92c35db8.jpg,GX010666_MP4-0158_jpg.rf.6edef0b1b957b68aea0d7a0a92c35db8.jpg,1205.957075042622,625.6320341506182,10381.25,255.25863016718233,True
C:\Users\carmonta\Desktop\data-centric-cross-season-transfer\datasets\train_on_2025_all\val\images\GX010666_MP4-0160_jpg.rf.29c0cce9147c3b935da51afbf78c35c4.jpg,GX010666_MP4-0160_jpg.rf.29c0cce9147c3b935da51afbf78c35c4.jpg,903.2966662642147,697.2553367615942,9687.5,289.9461085474688,True
C:\Users\carmonta\Desktop\data-centric-cross-season-transfer\datasets\train_on_2025_all\val\images\GX010666_MP4-0164_jpg.rf.b84838ec6dd0c1f3ee3635948ddf888b.jpg,GX010666_MP4-0164_jpg.rf.b84838ec6dd0c1f3ee3635948ddf888b.jpg,996.1531575739842,724.8891981080596,9222.5,287.74438739401563,True
C:\Users\carmonta\Desktop\data-centric-cross-season-transfer\datasets\train_on_2025_all\val\images\GX010666_MP4-0166_jpg.rf.77f959386c3e205947b9fd4ab43bc953.jpg,GX010666_MP4-0166_jpg.rf.77f959386c3e205947b9fd4ab43bc953.jpg,944.350984657239,795.6813359889885,12840.0,295.7581136854931,True
C:\Users\carmonta\Desktop\data-centric-cross-season-transfer\datasets\train_on_2025_all\val\images\GX010666_MP4-0171_jpg.rf.2dba5238f75cba194c34d51c6791ea50.jpg,GX010666_MP4-0171_jpg.rf.2dba5238f75cba194c34d51c6791ea50.jpg,921.5298710031897,761.2633068257861,10327.5,296.1754198653278,True
C:\Users\carmonta\Desktop\data-centric-cross-season-transfer\datasets\train_on_2025_all\val\images\GX010666_MP4-0174_jpg.rf.54657d26734efed91e55f3d5552cf9c0.jpg,GX010666_MP4-0174_jpg.rf.54657d26734efed91e55f3d5552cf9c0.jpg,914.3038490203884,768.9815699659473,9581.0,297.24656128343344,True
C:\Users\carmonta\Desktop\data-centric-cross-season-transfer\datasets\train_on_2025_all\val\images\GX010666_MP4-0176_jpg.rf.d62f481b3eb74866ba772dbbdbfd9f7e.jpg,GX010666_MP4-0176_jpg.rf.d62f481b3eb74866ba772dbbdbfd9f7e.jpg,867.6718457325372,801.2368785764728,10346.25,301.1936966876977,True
C:\Users\carmonta\Desktop\data-centric-cross-season-transfer\datasets\train_on_2025_all\val\images\GX010666_MP4-0179_jpg.rf.dfd6c39149dad17ffc0b36014f886e26.jpg,GX010666_MP4-0179_jpg.rf.dfd6c39149dad17ffc0b36014f886e26.jpg,931.2503894668956,769.6871712289827,13376.0,294.49911082008447,True
C:\Users\carmonta\Desktop\data-centric-cross-season-transfer\datasets\train_on_2025_all\val\images\GX010666_MP4-0180_jpg.rf.78ca30341432302cd3f815cacdec6610.jpg,GX010666_MP4-0180_jpg.rf.78ca30341432302cd3f815cacdec6610.jpg,960.1443246788918,720.056585965372,11025.0,288.72641486898743,True
C:\Users\carmonta\Desktop\data-centric-cross-season-transfer\datasets\train_on_2025_all\val\images\GX010666_MP4-0186_jpg.rf.31e7663c062d2414f79492f77174f4f8.jpg,GX010666_MP4-0186_jpg.rf.31e7663c062d2414f79492f77174f4f8.jpg,1049.1629976504219,602.8512057812369,16899.0,266.74159514532147,True
C:\Users\carmonta\Desktop\data-centric-cross-season-transfer\datasets\train_on_2025_all\val\images\GX010666_MP4-0189_jpg.rf.c51e70dda3da9cc4f27ada4e26178a5c.jpg,GX010666_MP4-0189_jpg.rf.c51e70dda3da9cc4f27ada4e26178a5c.jpg,1080.5203874309514,565.9578332970272,11890.25,253.0257176173726,True
C:\Users\carmonta\Desktop\data-centric-cross-season-transfer\datasets\train_on_2025_all\val\images\GX010666_MP4-0195_jpg.rf.740b72722b57e80ba923c6c39744cf1b.jpg,GX010666_MP4-0195_jpg.rf.740b72722b57e80ba923c6c39744cf1b.jpg,980.7055832580274,576.638559824311,19657.75,269.3879778378132,True
C:\Users\carmonta\Desktop\data-centric-cross-season-transfer\datasets\train_on_2025_all\val\images\GX010666_MP4-0195_jpg.rf.e993ad663996acfeed8f953407811269.jpg,GX010666_MP4-0195_jpg.rf.e993ad663996acfeed8f953407811269.jpg,980.7055832580274,576.638559824311,19657.75,269.3879778378132,True
C:\Users\carmonta\Desktop\data-centric-cross-season-transfer\datasets\train_on_2025_all\val\images\GX010666_MP4-0195_jpg.rf.fe46d37526849cabda913d166ecb7ca8.jpg,GX010666_MP4-0195_jpg.rf.fe46d37526849cabda913d166ecb7ca8.jpg,980.7055832580274,576.638559824311,19657.75,269.3879778378132,True
C:\Users\carmonta\Desktop\data-centric-cross-season-transfer\datasets\train_on_2025_all\val\images\GX010666_MP4-0197_jpg.rf.8f4ba82a88afd7b7fb44b2c28e57dfd6.jpg,GX010666_MP4-0197_jpg.rf.8f4ba82a88afd7b7fb44b2c28e57dfd6.jpg,924.2799138688097,564.1588513714422,19669.5,281.69213474807844,True
C:\Users\carmonta\Desktop\data-centric-cross-season-transfer\datasets\train_on_2025_all\val\images\GX010666_MP4-0197_jpg.rf.c7a26dc85c03543fda2a41b3498d3119.jpg,GX010666_MP4-0197_jpg.rf.c7a26dc85c03543fda2a41b3498d3119.jpg,924.2799138688097,564.1588513714422,19669.5,281.69213474807844,True
C:\Users\carmonta\Desktop\data-centric-cross-season-transfer\datasets\train_on_2025_all\val\images\GX010666_MP4-0198_jpg.rf.80852bfeb84ac4e5c828dd93a3d5146e.jpg,GX010666_MP4-0198_jpg.rf.80852bfeb84ac4e5c828dd93a3d5146e.jpg,877.9767163621448,607.8267497181772,18012.749999999996,289.60662698535066,True
C:\Users\carmonta\Desktop\data-centric-cross-season-transfer\datasets\train_on_2025_all\val\images\GX010666_MP4-0199_jpg.rf.c02be95e05e0155b2c53e14a7dca6a7f.jpg,GX010666_MP4-0199_jpg.rf.c02be95e05e0155b2c53e14a7dca6a7f.jpg,867.7781106849541,642.0517924506254,20149.5,294.034352516896,True
C:\Users\carmonta\Desktop\data-centric-cross-season-transfer\datasets\train_on_2025_all\val\images\GX010666_MP4-0201_jpg.rf.4acd5a5008a2417a774dc6600e208da8.jpg,GX010666_MP4-0201_jpg.rf.4acd5a5008a2417a774dc6600e208da8.jpg,922.8588346289076,744.326620541552,11815.25,297.04018079848777,True
C:\Users\carmonta\Desktop\data-centric-cross-season-transfer\datasets\train_on_2025_all\val\images\GX010666_MP4-0205_jpg.rf.40464f1b80e8ac7fe29ddc7b58f10f97.jpg,GX010666_MP4-0205_jpg.rf.40464f1b80e8ac7fe29ddc7b58f10f97.jpg,911.7485563027153,606.3063246427182,16102.5,287.1956408166034,True
C:\Users\carmonta\Desktop\data-centric-cross-season-transfer\datasets\train_on_2025_all\val\images\GX010666_MP4-0207_jpg.rf.8921e5f80325e1b00a763721a3d8b11e.jpg,GX010666_MP4-0207_jpg.rf.8921e5f80325e1b00a763721a3d8b11e.jpg,1152.2643397161514,594.6354722653907,13110.0,244.52690646443585,True
C:\Users\carmonta\Desktop\data-centric-cross-season-transfer\datasets\train_on_2025_all\val\images\GX010666_MP4-0207_jpg.rf.afdd0f8699458552c61f81b8922b3b4d.jpg,GX010666_MP4-0207_jpg.rf.afdd0f8699458552c61f81b8922b3b4d.jpg,1152.2643397161514,594.6354722653907,13110.0,244.52690646443585,True
C:\Users\carmonta\Desktop\data-centric-cross-season-transfer\datasets\train_on_2025_all\val\images\GX010666_MP4-0208_jpg.rf.8969faa6ea46f0b400fee4df90f1673d.jpg,GX010666_MP4-0208_jpg.rf.8969faa6ea46f0b400fee4df90f1673d.jpg,988.7689136429707,571.4614862143342,8984.5,268.20012034435695,True
C:\Users\carmonta\Desktop\data-centric-cross-season-transfer\datasets\train_on_2025_all\val\images\GX010666_MP4-0210_jpg.rf.5547047dcde61a0e2a0ac5e51c4153ec.jpg,GX010666_MP4-0210_jpg.rf.5547047dcde61a0e2a0ac5e51c4153ec.jpg,939.9605062744733,673.3918525820712,18426.0,284.0005917161725,True
C:\Users\carmonta\Desktop\data-centric-cross-season-transfer\datasets\train_on_2025_all\val\images\GX010666_MP4-0213_jpg.rf.cfbe10d69e6c8ea5709ca2de5a31729a.jpg,GX010666_MP4-0213_jpg.rf.cfbe10d69e6c8ea5709ca2de5a31729a.jpg,1226.299741259891,629.683233764959,18327.0,250.86784495929243,True
C:\Users\carmonta\Desktop\data-centric-cross-season-transfer\datasets\train_on_2025_all\val\images\GX010666_MP4-0214_jpg.rf.e4ff1596c3b10cdd62cbd2b981cc99f5.jpg,GX010666_MP4-0214_jpg.rf.e4ff1596c3b10cdd62cbd2b981cc99f5.jpg,951.6540818663353,488.1974619935644,10293.75,261.47627143947784,True
C:\Users\carmonta\Desktop\data-centric-cross-season-transfer\datasets\train_on_2025_all\val\images\GX010666_MP4-0223_jpg.rf.7c23b8601ba714e9296c6c895de15295.jpg,GX010666_MP4-0223_jpg.rf.7c23b8601ba714e9296c6c895de15295.jpg,746.7357661481363,862.1196590607458,13593.0,306.40153225021663,True
C:\Users\carmonta\Desktop\data-centric-cross-season-transfer\datasets\train_on_2025_all\val\images\GX010666_MP4-0223_jpg.rf.d7c54bf2e57e48b11a197876b7734c3e.jpg,GX010666_MP4-0223_jpg.rf.d7c54bf2e57e48b11a197876b7734c3e.jpg,746.7357661481363,862.1196590607458,13593.0,306.40153225021663,True
C:\Users\carmonta\Desktop\data-centric-cross-season-transfer\datasets\train_on_2025_all\val\images\GX010666_MP4-0224_jpg.rf.8883413aba86bbaa66521e34b09574a0.jpg,GX010666_MP4-0224_jpg.rf.8883413aba86bbaa66521e34b09574a0.jpg,713.276781655069,658.8877001444339,9804.0,297.8151628100376,True
C:\Users\carmonta\Desktop\data-centric-cross-season-transfer\datasets\train_on_2025_all\val\images\GX010666_MP4-0225_jpg.rf.25cc779e7778969ebd2b9f36dbf9b061.jpg,GX010666_MP4-0225_jpg.rf.25cc779e7778969ebd2b9f36dbf9b061.jpg,960.21089444581,636.9809504726381,12285.0,279.57933598934846,True
C:\Users\carmonta\Desktop\data-centric-cross-season-transfer\datasets\train_on_2025_all\val\images\GX010666_MP4-0226_jpg.rf.a25b817a88b60d64dd234311037c60e7.jpg,GX010666_MP4-0226_jpg.rf.a25b817a88b60d64dd234311037c60e7.jpg,1096.3205390442101,721.0522423520626,11122.0,279.80187120037505,True
C:\Users\carmonta\Desktop\data-centric-cross-season-transfer\datasets\train_on_2025_all\val\images\GX010666_MP4-0229_jpg.rf.b7eb7cb0b290b8f4148606cdcdefd544.jpg,GX010666_MP4-0229_jpg.rf.b7eb7cb0b290b8f4148606cdcdefd544.jpg,784.2018681700307,508.9886300305548,8341.5,278.26947775452703,True
C:\Users\carmonta\Desktop\data-centric-cross-season-transfer\datasets\train_on_2025_all\val\images\GX010666_MP4-0232_jpg.rf.07b55b741bf904b558908a5192e572c7.jpg,GX010666_MP4-0232_jpg.rf.07b55b741bf904b558908a5192e572c7.jpg,1168.52013455461,632.6533735218337,8502.0,265.81153852502786,True
C:\Users\carmonta\Desktop\data-centric-cross-season-transfer\datasets\train_on_2025_all\val\images\GX010666_MP4-0232_jpg.rf.bf3fb42f3038b0cca4ffbd3e6fd7d63c.jpg,GX010666_MP4-0232_jpg.rf.bf3fb42f3038b0cca4ffbd3e6fd7d63c.jpg,1168.52013455461,632.6533735218337,8502.0,265.81153852502786,True
C:\Users\carmonta\Desktop\data-centric-cross-season-transfer\datasets\train_on_2025_all\val\images\GX010666_MP4-0233_jpg.rf.7c041f4d39881dfba32b8cf8f20a5025.jpg,GX010666_MP4-0233_jpg.rf.7c041f4d39881dfba32b8cf8f20a5025.jpg,901.3859335583076,576.7646703705898,8279.999999999998,283.6292547332873,True
C:\Users\carmonta\Desktop\data-centric-cross-season-transfer\datasets\train_on_2025_all\val\images\GX010666_MP4-0234_jpg.rf.512cd6f4c812e27f7e44b0e21dfc2e13.jpg,GX010666_MP4-0234_jpg.rf.512cd6f4c812e27f7e44b0e21dfc2e13.jpg,919.5910033459409,527.8292062892164,5141.0,274.9905903422003,True
C:\Users\carmonta\Desktop\data-centric-cross-season-transfer\datasets\train_on_2025_all\val\images\GX010666_MP4-0238_jpg.rf.396ceae79ebd7c58dcef44b8573b1f04.jpg,GX010666_MP4-0238_jpg.rf.396ceae79ebd7c58dcef44b8573b1f04.jpg,983.8156458149471,558.0651714368133,9512.000000000002,272.9000393779088,True
C:\Users\carmonta\Desktop\data-centric-cross-season-transfer\datasets\train_on_2025_all\val\images\GX010666_MP4-0239_jpg.rf.94a918d542bf392fe5b479effd8d77fc.jpg,GX010666_MP4-0239_jpg.rf.94a918d542bf392fe5b479effd8d77fc.jpg,993.883812788883,605.5921013873433,7351.5,277.4900262876224,True
C:\Users\carmonta\Desktop\data-centric-cross-season-transfer\datasets\train_on_2025_all\val\images\GX010666_MP4-0239_jpg.rf.c83596d04a5f0f87bcf1a1aa1037fdbb.jpg,GX010666_MP4-0239_jpg.rf.c83596d04a5f0f87bcf1a1aa1037fdbb.jpg,993.883812788883,605.5921013873433,7351.5,277.4900262876224,True
C:\Users\carmonta\Desktop\data-centric-cross-season-transfer\datasets\train_on_2025_all\val\images\GX010666_MP4-0240_jpg.rf.d570fd1c3baf0fc285f0cb023a838bfb.jpg,GX010666_MP4-0240_jpg.rf.d570fd1c3baf0fc285f0cb023a838bfb.jpg,1038.3918894378367,587.0755118534186,7351.5,271.67623757781257,True
C:\Users\carmonta\Desktop\data-centric-cross-season-transfer\datasets\train_on_2025_all\val\images\GX010666_MP4-0240_jpg.rf.db1934df6c42edc55c9f7562e7d77d86.jpg,GX010666_MP4-0240_jpg.rf.db1934df6c42edc55c9f7562e7d77d86.jpg,1038.3918894378367,587.0755118534186,7351.5,271.67623757781257,True
C:\Users\carmonta\Desktop\data-centric-cross-season-transfer\datasets\train_on_2025_all\val\images\GX010666_MP4-0241_jpg.rf.f2c87f57841e8aff568f80765e507264.jpg,GX010666_MP4-0241_jpg.rf.f2c87f57841e8aff568f80765e507264.jpg,1110.3804353643095,592.9597956132243,4462.0,266.1345692287318,True
C:\Users\carmonta\Desktop\data-centric-cross-season-transfer\datasets\train_on_2025_all\val\images\GX010666_MP4-0244_jpg.rf.c443041ed0911d8e6d5997af10a601f6.jpg,GX010666_MP4-0244_jpg.rf.c443041ed0911d8e6d5997af10a601f6.jpg,917.3108944339835,660.1869349854505,9044.0,285.2640775903707,True
C:\Users\carmonta\Desktop\data-centric-cross-season-transfer\datasets\train_on_2025_all\val\images\GX010666_MP4-0246_jpg.rf.5f244233e392480ab71194ad5a73cd37.jpg,GX010666_MP4-0246_jpg.rf.5f244233e392480ab71194ad5a73cd37.jpg,941.4513716215769,533.7952473961229,4680.0,266.90177717049147,True
C:\Users\carmonta\Desktop\data-centric-cross-season-transfer\datasets\train_on_2025_all\val\images\GX010666_MP4-0246_jpg.rf.606d6e0e881f2bc93c3a30d7813e9a96.jpg,GX010666_MP4-0246_jpg.rf.606d6e0e881f2bc93c3a30d7813e9a96.jpg,941.4513716215769,533.7952473961229,4680.0,266.90177717049147,True
C:\Users\carmonta\Desktop\data-centric-cross-season-transfer\datasets\train_on_2025_all\val\images\GX010666_MP4-0248_jpg.rf.bf4c2f201c8bdc6938514b95a8852a39.jpg,GX010666_MP4-0248_jpg.rf.bf4c2f201c8bdc6938514b95a8852a39.jpg,873.8184716852994,656.851229774898,5992.5,287.8066823035547,True
C:\Users\carmonta\Desktop\data-centric-cross-season-transfer\datasets\train_on_2025_all\val\images\GX010666_MP4-0252_jpg.rf.f6740dece7b3f67bbe051605f3c1dee1.jpg,GX010666_MP4-0252_jpg.rf.f6740dece7b3f67bbe051605f3c1dee1.jpg,1018.1112212195897,593.9352459982813,5556.75,275.72825788123754,True
C:\Users\carmonta\Desktop\data-centric-cross-season-transfer\datasets\train_on_2025_all\val\images\GX010666_MP4-0253_jpg.rf.2e67648967847eedce0eb9a109e8b624.jpg,GX010666_MP4-0253_jpg.rf.2e67648967847eedce0eb9a109e8b624.jpg,997.4517036938182,566.178645449594,6098.75,273.5079492441239,True
C:\Users\carmonta\Desktop\data-centric-cross-season-transfer\datasets\train_on_2025_all\val\images\GX010666_MP4-0255_jpg.rf.ec0bf8a7a8212981ecfed1ce5e70d57e.jpg,GX010666_MP4-0255_jpg.rf.ec0bf8a7a8212981ecfed1ce5e70d57e.jpg,986.8288812549399,531.3352595750114,9126.0,266.20101012108995,True
C:\Users\carmonta\Desktop\data-centric-cross-season-transfer\datasets\train_on_2025_all\val\images\GX010666_MP4-0255_jpg.rf.fc7453263367406d66dd73428343cac6.jpg,GX010666_MP4-0255_jpg.rf.fc7453263367406d66dd73428343cac6.jpg,986.8288812549399,531.3352595750114,9126.0,266.20101012108995,True
C:\Users\carmonta\Desktop\data-centric-cross-season-transfer\datasets\train_on_2025_all\val\images\GX010666_MP4-0257_jpg.rf.6287f0226bf082fbee4a6e51b41d175a.jpg,GX010666_MP4-0257_jpg.rf.6287f0226bf082fbee4a6e51b41d175a.jpg,973.5288407823947,656.6638822335298,8280.75,286.83569204598314,True
C:\Users\carmonta\Desktop\data-centric-cross-season-transfer\datasets\train_on_2025_all\val\images\GX010666_MP4-0260_jpg.rf.c20bae429f4e851dca8ec3a235c0640b.jpg,GX010666_MP4-0260_jpg.rf.c20bae429f4e851dca8ec3a235c0640b.jpg,1033.934186918649,499.91314789007083,10813.25,244.4858912805979,True
C:\Users\carmonta\Desktop\data-centric-cross-season-transfer\datasets\train_on_2025_all\val\images\GX010666_MP4-0260_jpg.rf.e8047d7182a21b9b0280ab17f9861932.jpg,GX010666_MP4-0260_jpg.rf.e8047d7182a21b9b0280ab17f9861932.jpg,1033.934186918649,499.91314789007083,10813.25,244.4858912805979,True
C:\Users\carmonta\Desktop\data-centric-cross-season-transfer\datasets\train_on_2025_all\val\images\GX010666_MP4-0263_jpg.rf.214f4cbcb626116ca34c0d49d6452224.jpg,GX010666_MP4-0263_jpg.rf.214f4cbcb626116ca34c0d49d6452224.jpg,1100.3804806183905,534.6883148468735,12188.75,239.96922763890757,True
C:\Users\carmonta\Desktop\data-centric-cross-season-transfer\datasets\train_on_2025_all\val\images\GX010666_MP4-0263_jpg.rf.9e58a5e1a95279fe77c09fea88486d0d.jpg,GX010666_MP4-0263_jpg.rf.9e58a5e1a95279fe77c09fea88486d0d.jpg,1100.3804806183905,534.6883148468735,12188.75,239.96922763890757,True
C:\Users\carmonta\Desktop\data-centric-cross-season-transfer\datasets\train_on_2025_all\val\images\GX010666_MP4-0264_jpg.rf.034ca996289d04ec60b985cbd84548de.jpg,GX010666_MP4-0264_jpg.rf.034ca996289d04ec60b985cbd84548de.jpg,931.5781372579959,444.42885032936874,8063.999999999999,246.73873846631335,True
C:\Users\carmonta\Desktop\data-centric-cross-season-transfer\datasets\train_on_2025_all\val\images\GX010666_MP4-0265_jpg.rf.f62b6c1dffe95746bd9e358f1d767d75.jpg,GX010666_MP4-0265_jpg.rf.f62b6c1dffe95746bd9e358f1d767d75.jpg,967.0370899725858,451.62094379844524,6205.0,239.0973158068332,True
C:\Users\carmonta\Desktop\data-centric-cross-season-transfer\datasets\train_on_2025_all\val\images\GX010666_MP4-0267_jpg.rf.2c23fadd156f8b781cbf893340f4c6f5.jpg,GX010666_MP4-0267_jpg.rf.2c23fadd156f8b781cbf893340f4c6f5.jpg,1196.370140666535,578.6903885050392,8484.0,237.48442134305205,True
C:\Users\carmonta\Desktop\data-centric-cross-season-transfer\datasets\train_on_2025_all\val\images\GX010666_MP4-0268_jpg.rf.f283bddb7dd5be2858a4530a101edc16.jpg,GX010666_MP4-0268_jpg.rf.f283bddb7dd5be2858a4530a101edc16.jpg,829.2169032739173,785.3719485244104,13022.25,300.0938451340081,True
C:\Users\carmonta\Desktop\data-centric-cross-season-transfer\datasets\train_on_2025_all\val\images\GX010666_MP4-0271_jpg.rf.70c12deb202d2c1d1797c54161da3d64.jpg,GX010666_MP4-0271_jpg.rf.70c12deb202d2c1d1797c54161da3d64.jpg,786.1623608489258,664.3050378273315,6962.0,294.16912577151834,True
C:\Users\carmonta\Desktop\data-centric-cross-season-transfer\datasets\train_on_2025_all\val\images\GX010666_MP4-0272_jpg.rf.74eeefbf52ebc445ee3c6d961811c765.jpg,GX010666_MP4-0272_jpg.rf.74eeefbf52ebc445ee3c6d961811c765.jpg,813.9716854221447,803.71491943729,10340.000000000002,300.28644370392936,True
C:\Users\carmonta\Desktop\data-centric-cross-season-transfer\datasets\train_on_2025_all\val\images\GX010666_MP4-0272_jpg.rf.8310915e2af578ea96afa408fd160703.jpg,GX010666_MP4-0272_jpg.rf.8310915e2af578ea96afa408fd160703.jpg,813.9716854221447,803.71491943729,10340.000000000002,300.28644370392936,True
C:\Users\carmonta\Desktop\data-centric-cross-season-transfer\datasets\train_on_2025_all\val\images\GX010666_MP4-0282_jpg.rf.bea18040b1063c0fc8b0f8f5a1809326.jpg,GX010666_MP4-0282_jpg.rf.bea18040b1063c0fc8b0f8f5a1809326.jpg,944.1150941986975,507.8488955622533,18447.0,260.61719025105276,True
C:\Users\carmonta\Desktop\data-centric-cross-season-transfer\datasets\train_on_2025_all\val\images\GX010666_MP4-0286_jpg.rf.d6b51e33b9b2acd59eb8f671d1a0f4b5.jpg,GX010666_MP4-0286_jpg.rf.d6b51e33b9b2acd59eb8f671d1a0f4b5.jpg,797.9685803822161,519.2835839163073,7097.0,280.09721149047135,True
C:\Users\carmonta\Desktop\data-centric-cross-season-transfer\datasets\train_on_2025_all\val\images\GX010666_MP4-0288_jpg.rf.5c3ef0fd81199c48ba0da9e52bdf1e6b.jpg,GX010666_MP4-0288_jpg.rf.5c3ef0fd81199c48ba0da9e52bdf1e6b.jpg,891.3948460450557,447.3944581083291,5805.0,235.98024686158078,True
C:\Users\carmonta\Desktop\data-centric-cross-season-transfer\datasets\train_on_2025_all\val\images\GX010666_MP4-0288_jpg.rf.5d019b029d29c5b3986ff017a84a5c95.jpg,GX010666_MP4-0288_jpg.rf.5d019b029d29c5b3986ff017a84a5c95.jpg,891.3948460450557,447.3944581083291,5805.0,235.98024686158078,True
C:\Users\carmonta\Desktop\data-centric-cross-season-transfer\datasets\train_on_2025_all\val\images\GX010666_MP4-0289_jpg.rf.0e84b5c98c056cce5850848a4bafc38a.jpg,GX010666_MP4-0289_jpg.rf.0e84b5c98c056cce5850848a4bafc38a.jpg,978.1648899303257,500.59032981151114,7434.0,228.56730806592515,True
C:\Users\carmonta\Desktop\data-centric-cross-season-transfer\datasets\train_on_2025_all\val\images\GX010666_MP4-0289_jpg.rf.c17c74f00c207e02c51cb4da6f45de6a.jpg,GX010666_MP4-0289_jpg.rf.c17c74f00c207e02c51cb4da6f45de6a.jpg,978.1648899303257,500.59032981151114,7434.0,228.56730806592515,True
C:\Users\carmonta\Desktop\data-centric-cross-season-transfer\datasets\train_on_2025_all\val\images\GX010666_MP4-0296_jpg.rf.05a9eba60e05444a01358dec605b91f3.jpg,GX010666_MP4-0296_jpg.rf.05a9eba60e05444a01358dec605b91f3.jpg,1145.1810028867455,605.0428846199655,11225.5,257.98194058383854,True
C:\Users\carmonta\Desktop\data-centric-cross-season-transfer\datasets\train_on_2025_all\val\images\GX010666_MP4-0296_jpg.rf.e7050c79f02d1db16b416ad3e37c32e8.jpg,GX010666_MP4-0296_jpg.rf.e7050c79f02d1db16b416ad3e37c32e8.jpg,1145.1810028867455,605.0428846199655,11225.5,257.98194058383854,True
C:\Users\carmonta\Desktop\data-centric-cross-season-transfer\datasets\train_on_2025_all\val\images\GX010666_MP4-0298_jpg.rf.74220b730d27a8600ee515215f338a79.jpg,GX010666_MP4-0298_jpg.rf.74220b730d27a8600ee515215f338a79.jpg,930.621186384197,488.97286914583896,10042.75,265.0127004956293,True
C:\Users\carmonta\Desktop\data-centric-cross-season-transfer\datasets\train_on_2025_all\val\images\GX010666_MP4-0299_jpg.rf.bd13c8a01d852359623531401625f1ca.jpg,GX010666_MP4-0299_jpg.rf.bd13c8a01d852359623531401625f1ca.jpg,983.2745852549126,477.2186522289269,12210.750000000002,243.0880050816953,True
C:\Users\carmonta\Desktop\data-centric-cross-season-transfer\datasets\train_on_2025_all\val\images\GX010666_MP4-0299_jpg.rf.e6a5f7569d3f69014ef7bcf201979f7d.jpg,GX010666_MP4-0299_jpg.rf.e6a5f7569d3f69014ef7bcf201979f7d.jpg,983.2745852549126,477.2186522289269,12210.750000000002,243.0880050816953,True
C:\Users\carmonta\Desktop\data-centric-cross-season-transfer\datasets\train_on_2025_all\val\images\GX010666_MP4-0300_jpg.rf.cceaba67c1f209e9dc30a63cfba41765.jpg,GX010666_MP4-0300_jpg.rf.cceaba67c1f209e9dc30a63cfba41765.jpg,936.0597331616035,522.3290338021152,8150.0,272.8228733385354,True
C:\Users\carmonta\Desktop\data-centric-cross-season-transfer\datasets\train_on_2025_all\val\images\GX010666_MP4-0301_jpg.rf.65ba8183e454ae6c47a2e070489f4439.jpg,GX010666_MP4-0301_jpg.rf.65ba8183e454ae6c47a2e070489f4439.jpg,900.5255151813254,626.8773878048197,4411.5,288.3017049038336,True
C:\Users\carmonta\Desktop\data-centric-cross-season-transfer\datasets\train_on_2025_all\val\images\GX010666_MP4-0301_jpg.rf.dafefbdba219019bf0d0b2f1b86b4038.jpg,GX010666_MP4-0301_jpg.rf.dafefbdba219019bf0d0b2f1b86b4038.jpg,900.5255151813254,626.8773878048197,4411.5,288.3017049038336,True
C:\Users\carmonta\Desktop\data-centric-cross-season-transfer\datasets\train_on_2025_all\val\images\GX010666_MP4-0302_jpg.rf.89d7d8b1be794b2c712f8a3b90d1309f.jpg,GX010666_MP4-0302_jpg.rf.89d7d8b1be794b2c712f8a3b90d1309f.jpg,917.3233336320053,504.23461484681474,7938.0,271.5031648136104,True
C:\Users\carmonta\Desktop\data-centric-cross-season-transfer\datasets\train_on_2025_all\val\images\GX010666_MP4-0304_jpg.rf.b4b9e06bd78ceca4e17a366087f0513e.jpg,GX010666_MP4-0304_jpg.rf.b4b9e06bd78ceca4e17a366087f0513e.jpg,819.6653271570425,555.432837814944,5724.5,285.86921077833944,True
C:\Users\carmonta\Desktop\data-centric-cross-season-transfer\datasets\train_on_2025_all\val\images\GX010666_MP4-0305_jpg.rf.07664b4d6bb1bd5b0dfb7de4557cca74.jpg,GX010666_MP4-0305_jpg.rf.07664b4d6bb1bd5b0dfb7de4557cca74.jpg,794.7536303841498,554.2512751852278,5136.0,287.6811002203939,True
C:\Users\carmonta\Desktop\data-centric-cross-season-transfer\datasets\train_on_2025_all\val\images\GX010666_MP4-0311_jpg.rf.d677f52984eed8e775de67777d08fb7f.jpg,GX010666_MP4-0311_jpg.rf.d677f52984eed8e775de67777d08fb7f.jpg,841.8007027639424,650.3531725407422,5307.0,293.2225673065522,True
C:\Users\carmonta\Desktop\data-centric-cross-season-transfer\datasets\train_on_2025_all\val\images\GX010666_MP4-0320_jpg.rf.d893909b7d6c816c69e6dd0fd1952930.jpg,GX010666_MP4-0320_jpg.rf.d893909b7d6c816c69e6dd0fd1952930.jpg,776.2741139998485,714.9907623240679,9698.25,300.0481860598993,True
C:\Users\carmonta\Desktop\data-centric-cross-season-transfer\datasets\train_on_2025_all\val\images\GX010666_MP4-0334_jpg.rf.2d4c3e65ae90c057c51d39ee30a9c025.jpg,GX010666_MP4-0334_jpg.rf.2d4c3e65ae90c057c51d39ee30a9c025.jpg,887.6273152127612,540.5042075496974,7762.5,281.9550141634475,True
C:\Users\carmonta\Desktop\data-centric-cross-season-transfer\datasets\train_on_2025_all\val\images\GX010666_MP4-0334_jpg.rf.b7776ac19199ff9624143af0629407ce.jpg,GX010666_MP4-0334_jpg.rf.b7776ac19199ff9624143af0629407ce.jpg,887.6273152127612,540.5042075496974,7762.5,281.9550141634475,True
C:\Users\carmonta\Desktop\data-centric-cross-season-transfer\datasets\train_on_2025_all\val\images\GX010666_MP4-0335_jpg.rf.6cc1cae6519a45454a439a2b5e3db98b.jpg,GX010666_MP4-0335_jpg.rf.6cc1cae6519a45454a439a2b5e3db98b.jpg,829.7582500025756,678.2438397463487,7743.75,296.8897715846134,True
C:\Users\carmonta\Desktop\data-centric-cross-season-transfer\datasets\train_on_2025_all\val\images\GX010666_MP4-0336_jpg.rf.dc159427b31a5e035be9fa755481205c.jpg,GX010666_MP4-0336_jpg.rf.dc159427b31a5e035be9fa755481205c.jpg,940.8258138614063,557.7861780609828,9067.5,278.36601898971367,True
C:\Users\carmonta\Desktop\data-centric-cross-season-transfer\datasets\train_on_2025_all\val\images\GX010666_MP4-0337_jpg.rf.35fd43e049dd6854c92995b6921b1ccc.jpg,GX010666_MP4-0337_jpg.rf.35fd43e049dd6854c92995b6921b1ccc.jpg,924.5343941221756,565.3779349931904,7591.499999999999,280.03928918403795,True
C:\Users\carmonta\Desktop\data-centric-cross-season-transfer\datasets\train_on_2025_all\val\images\GX010666_MP4-0338_jpg.rf.46d5db726d9acc1231c36beba7dd2ec1.jpg,GX010666_MP4-0338_jpg.rf.46d5db726d9acc1231c36beba7dd2ec1.jpg,921.6651434677316,572.8622754167576,10435.75,281.1517285739245,True
C:\Users\carmonta\Desktop\data-centric-cross-season-transfer\datasets\train_on_2025_all\val\images\GX010666_MP4-0339_jpg.rf.046507704d096d76dcf8cab009bbec2a.jpg,GX010666_MP4-0339_jpg.rf.046507704d096d76dcf8cab009bbec2a.jpg,981.8368264633126,570.6435061852588,8091.0,275.5344029222829,True
C:\Users\carmonta\Desktop\data-centric-cross-season-transfer\datasets\train_on_2025_all\val\images\GX010666_MP4-0339_jpg.rf.3eb56619ce1ee7a9fb922c2ed38f9af5.jpg,GX010666_MP4-0339_jpg.rf.3eb56619ce1ee7a9fb922c2ed38f9af5.jpg,981.8368264633126,570.6435061852588,8091.0,275.5344029222829,True
C:\Users\carmonta\Desktop\data-centric-cross-season-transfer\datasets\train_on_2025_all\val\images\GX010666_MP4-0339_jpg.rf.a2492f0d39928a079bb676992db81e9e.jpg,GX010666_MP4-0339_jpg.rf.a2492f0d39928a079bb676992db81e9e.jpg,981.8368264633126,570.6435061852588,8091.0,275.5344029222829,True
C:\Users\carmonta\Desktop\data-centric-cross-season-transfer\datasets\train_on_2025_all\val\images\GX010666_MP4-0340_jpg.rf.3a301476351f5892f345a294af81daf2.jpg,GX010666_MP4-0340_jpg.rf.3a301476351f5892f345a294af81daf2.jpg,983.6006204465755,580.164938389668,8190.0,273.59492892477374,True
C:\Users\carmonta\Desktop\data-centric-cross-season-transfer\datasets\train_on_2025_all\val\images\GX010666_MP4-0340_jpg.rf.92e898d4d57ad41c22383fd60f123f99.jpg,GX010666_MP4-0340_jpg.rf.92e898d4d57ad41c22383fd60f123f99.jpg,983.6006204465755,580.164938389668,8190.0,273.59492892477374,True
C:\Users\carmonta\Desktop\data-centric-cross-season-transfer\datasets\train_on_2025_all\val\images\GX010666_MP4-0342_jpg.rf.307ab7360849f3a6f1bedc7704393376.jpg,GX010666_MP4-0342_jpg.rf.307ab7360849f3a6f1bedc7704393376.jpg,966.3616180201211,522.5565632528283,14216.25,263.8740610933645,True
C:\Users\carmonta\Desktop\data-centric-cross-season-transfer\datasets\train_on_2025_all\val\images\GX010666_MP4-0342_jpg.rf.aec8a183e0362ed8f788356823fc2520.jpg,GX010666_MP4-0342_jpg.rf.aec8a183e0362ed8f788356823fc2520.jpg,966.3616180201211,522.5565632528283,14216.25,263.8740610933645,True
C:\Users\carmonta\Desktop\data-centric-cross-season-transfer\datasets\train_on_2025_all\val\images\GX010666_MP4-0343_jpg.rf.627ce48e8c29330a85285aff925433e7.jpg,GX010666_MP4-0343_jpg.rf.627ce48e8c29330a85285aff925433e7.jpg,966.3029840574595,488.67020837700187,12713.249999999998,250.08800542106061,True
C:\Users\carmonta\Desktop\data-centric-cross-season-transfer\datasets\train_on_2025_all\val\images\GX010667_MP4-0010_jpg.rf.35108ac5d2e9899bfc12b3834860925a.jpg,GX010667_MP4-0010_jpg.rf.35108ac5d2e9899bfc12b3834860925a.jpg,886.7342402635949,557.2756379715562,6355.0,277.7808154481474,True
C:\Users\carmonta\Desktop\data-centric-cross-season-transfer\datasets\train_on_2025_all\val\images\GX010667_MP4-0012_jpg.rf.cf6ecf450d1077abe92b5d796e2c7499.jpg,GX010667_MP4-0012_jpg.rf.cf6ecf450d1077abe92b5d796e2c7499.jpg,958.7817120371537,542.5982285336129,11072.5,268.89415431116674,True
C:\Users\carmonta\Desktop\data-centric-cross-season-transfer\datasets\train_on_2025_all\val\images\GX010667_MP4-0013_jpg.rf.7475ce99cc745c4d9e8a232533d5bbbf.jpg,GX010667_MP4-0013_jpg.rf.7475ce99cc745c4d9e8a232533d5bbbf.jpg,946.8285140851034,516.3119009978725,10800.0,267.92899361033034,True
C:\Users\carmonta\Desktop\data-centric-cross-season-transfer\datasets\train_on_2025_all\val\images\GX010667_MP4-0017_jpg.rf.838403099898006b70c33663e0660e01.jpg,GX010667_MP4-0017_jpg.rf.838403099898006b70c33663e0660e01.jpg,918.2953275924028,736.5251207358733,8308.25,292.4714039800852,True
C:\Users\carmonta\Desktop\data-centric-cross-season-transfer\datasets\train_on_2025_all\val\images\GX010667_MP4-0018_jpg.rf.d11c1a236a2d998ecb1e5d6282e64058.jpg,GX010667_MP4-0018_jpg.rf.d11c1a236a2d998ecb1e5d6282e64058.jpg,898.5787986997204,697.0139005271633,3910.0,290.575305694906,True
C:\Users\carmonta\Desktop\data-centric-cross-season-transfer\datasets\train_on_2025_all\val\images\GX010667_MP4-0020_jpg.rf.8188ca9e34801e0c8a4c895c56001c6b.jpg,GX010667_MP4-0020_jpg.rf.8188ca9e34801e0c8a4c895c56001c6b.jpg,858.2786283600228,650.3210041341237,10703.0,287.84366776593095,True
C:\Users\carmonta\Desktop\data-centric-cross-season-transfer\datasets\train_on_2025_all\val\images\GX010667_MP4-0021_jpg.rf.94ee7ecc0e2163980c97907fabd43619.jpg,GX010667_MP4-0021_jpg.rf.94ee7ecc0e2163980c97907fabd43619.jpg,851.3122983910378,601.5156517241822,10540.0,284.0275334768943,True
C:\Users\carmonta\Desktop\data-centric-cross-season-transfer\datasets\train_on_2025_all\val\images\GX010667_MP4-0022_jpg.rf.af81ca00d654f5c694d1b62d10725715.jpg,GX010667_MP4-0022_jpg.rf.af81ca00d654f5c694d1b62d10725715.jpg,852.4410776834757,587.4297345668813,9860.0,281.4562259512982,True
C:\Users\carmonta\Desktop\data-centric-cross-season-transfer\datasets\train_on_2025_all\val\images\GX010667_MP4-0022_jpg.rf.b35bc0cb241ca9b69a134caf2bc84103.jpg,GX010667_MP4-0022_jpg.rf.b35bc0cb241ca9b69a134caf2bc84103.jpg,852.4410776834757,587.4297345668813,9860.0,281.4562259512982,True
C:\Users\carmonta\Desktop\data-centric-cross-season-transfer\datasets\train_on_2025_all\val\images\GX010667_MP4-0023_jpg.rf.a2fddb04c496c29453a953630637ad31.jpg,GX010667_MP4-0023_jpg.rf.a2fddb04c496c29453a953630637ad31.jpg,835.1960021213193,536.6220728852045,10059.75,276.6450129618949,True
C:\Users\carmonta\Desktop\data-centric-cross-season-transfer\datasets\train_on_2025_all\val\images\GX010667_MP4-0023_jpg.rf.e2b897c50463395e04a98a0c8799a02c.jpg,GX010667_MP4-0023_jpg.rf.e2b897c50463395e04a98a0c8799a02c.jpg,835.1960021213193,536.6220728852045,10059.75,276.6450129618949,True
C:\Users\carmonta\Desktop\data-centric-cross-season-transfer\datasets\train_on_2025_all\val\images\GX010667_MP4-0024_jpg.rf.7b82f542ef2b9a0e42a7af153d2af26f.jpg,GX010667_MP4-0024_jpg.rf.7b82f542ef2b9a0e42a7af153d2af26f.jpg,854.5489472501629,463.0630956976207,11309.0,258.14829418271745,True
C:\Users\carmonta\Desktop\data-centric-cross-season-transfer\datasets\train_on_2025_all\val\images\GX010667_MP4-0029_jpg.rf.e46c9bbc61b31d1cb38a15a1d0ece1b1.jpg,GX010667_MP4-0029_jpg.rf.e46c9bbc61b31d1cb38a15a1d0ece1b1.jpg,1120.0206127171941,583.6956867872748,17145.000000000004,258.2780984931935,True
C:\Users\carmonta\Desktop\data-centric-cross-season-transfer\datasets\train_on_2025_all\val\images\GX010667_MP4-0032_jpg.rf.5d3b71b6d3c8a243ebdec6d3b53e3638.jpg,GX010667_MP4-0032_jpg.rf.5d3b71b6d3c8a243ebdec6d3b53e3638.jpg,954.7730247825602,552.594195109876,9699.0,273.27035498926955,True
C:\Users\carmonta\Desktop\data-centric-cross-season-transfer\datasets\train_on_2025_all\val\images\GX010667_MP4-0034_jpg.rf.bf9e38ea072f8aaeaa54948f15e9394e.jpg,GX010667_MP4-0034_jpg.rf.bf9e38ea072f8aaeaa54948f15e9394e.jpg,1000.335803960057,545.8198075109394,7547.75,263.12132366018926,True
C:\Users\carmonta\Desktop\data-centric-cross-season-transfer\datasets\train_on_2025_all\val\images\GX010667_MP4-0034_jpg.rf.c23e39750c9c5b2eaf67de12ef9183cd.jpg,GX010667_MP4-0034_jpg.rf.c23e39750c9c5b2eaf67de12ef9183cd.jpg,1000.335803960057,545.8198075109394,7547.75,263.12132366018926,True
C:\Users\carmonta\Desktop\data-centric-cross-season-transfer\datasets\train_on_2025_all\val\images\GX010667_MP4-0035_jpg.rf.3aa452c0839ec541b26da4f2099e24b1.jpg,GX010667_MP4-0035_jpg.rf.3aa452c0839ec541b26da4f2099e24b1.jpg,1002.3289084227416,570.7554349391619,9223.75,268.09492364364127,True
C:\Users\carmonta\Desktop\data-centric-cross-season-transfer\datasets\train_on_2025_all\val\images\GX010667_MP4-0036_jpg.rf.d3f607829b588e71aefe13e9983d415e.jpg,GX010667_MP4-0036_jpg.rf.d3f607829b588e71aefe13e9983d415e.jpg,1064.1397119123767,598.1018775720026,7490.0,265.859343512904,True
C:\Users\carmonta\Desktop\data-centric-cross-season-transfer\datasets\train_on_2025_all\val\images\GX010667_MP4-0042_jpg.rf.5f3f446986fd04aab6da301cd12141b5.jpg,GX010667_MP4-0042_jpg.rf.5f3f446986fd04aab6da301cd12141b5.jpg,942.940161519541,551.4320158473989,6643.5,276.8927242482617,True
C:\Users\carmonta\Desktop\data-centric-cross-season-transfer\datasets\train_on_2025_all\val\images\GX010668_MP4-0010_jpg.rf.97b2853c602e0625994456d7d54236c8.jpg,GX010668_MP4-0010_jpg.rf.97b2853c602e0625994456d7d54236c8.jpg,884.1290980540755,412.70522011369644,5152.5,245.38036077668397,True
C:\Users\carmonta\Desktop\data-centric-cross-season-transfer\datasets\train_on_2025_all\val\images\GX010668_MP4-0010_jpg.rf.db72f1de4c57e31914b71840ef2a7b91.jpg,GX010668_MP4-0010_jpg.rf.db72f1de4c57e31914b71840ef2a7b91.jpg,884.1290980540755,412.70522011369644,5152.5,245.38036077668397,True
C:\Users\carmonta\Desktop\data-centric-cross-season-transfer\datasets\train_on_2025_all\val\images\GX010668_MP4-0020_jpg.rf.9f196f99a583ccdb57803aef353582cc.jpg,GX010668_MP4-0020_jpg.rf.9f196f99a583ccdb57803aef353582cc.jpg,865.780251054268,455.3592999989833,9412.5,263.82819895786963,True
C:\Users\carmonta\Desktop\data-centric-cross-season-transfer\datasets\train_on_2025_all\val\images\GX010668_MP4-0022_jpg.rf.8368f4392f3f94f0b5b8b85f0523f79b.jpg,GX010668_MP4-0022_jpg.rf.8368f4392f3f94f0b5b8b85f0523f79b.jpg,783.3211525439151,389.91770747917735,5544.0,251.87331029476124,True
C:\Users\carmonta\Desktop\data-centric-cross-season-transfer\datasets\train_on_2025_all\val\images\GX010668_MP4-0027_jpg.rf.c07a97e29f9613f888b1ab3bd09592de.jpg,GX010668_MP4-0027_jpg.rf.c07a97e29f9613f888b1ab3bd09592de.jpg,885.9159274348953,525.1853464248828,4945.25,273.22708351309325,True
C:\Users\carmonta\Desktop\data-centric-cross-season-transfer\datasets\train_on_2025_all\val\images\GX010668_MP4-0028_jpg.rf.f222e2189e44e6fe32d5fcf7b5e43020.jpg,GX010668_MP4-0028_jpg.rf.f222e2189e44e6fe32d5fcf7b5e43020.jpg,1074.3882067479328,573.5279002755054,12677.75,256.5327214928118,True
C:\Users\carmonta\Desktop\data-centric-cross-season-transfer\datasets\train_on_2025_all\val\images\GX010668_MP4-0029_jpg.rf.4728abd43add36006570c09f0133d905.jpg,GX010668_MP4-0029_jpg.rf.4728abd43add36006570c09f0133d905.jpg,929.4174567564955,670.6012973768895,7140.0,290.4437711657357,True
C:\Users\carmonta\Desktop\data-centric-cross-season-transfer\datasets\train_on_2025_all\val\images\GX010668_MP4-0030_jpg.rf.5f98f7652d313ce2a95eafa2a87484ea.jpg,GX010668_MP4-0030_jpg.rf.5f98f7652d313ce2a95eafa2a87484ea.jpg,977.4105367110143,540.5642699331916,7224.75,272.103571116696,True
C:\Users\carmonta\Desktop\data-centric-cross-season-transfer\datasets\train_on_2025_all\val\images\GX010668_MP4-0030_jpg.rf.e1ea2f046a074e01865a7f5acbea0848.jpg,GX010668_MP4-0030_jpg.rf.e1ea2f046a074e01865a7f5acbea0848.jpg,977.4105367110143,540.5642699331916,7224.75,272.103571116696,True
C:\Users\carmonta\Desktop\data-centric-cross-season-transfer\datasets\train_on_2025_all\val\images\GX010668_MP4-0033_jpg.rf.3de338abf109b12b335c94b15e626587.jpg,GX010668_MP4-0033_jpg.rf.3de338abf109b12b335c94b15e626587.jpg,1081.08633773615,610.3362539231192,5304.0,267.35142787705513,True
C:\Users\carmonta\Desktop\data-centric-cross-season-transfer\datasets\train_on_2025_all\val\images\GX010668_MP4-0034_jpg.rf.f22267ef6b3c8c34a3efe9013da01e58.jpg,GX010668_MP4-0034_jpg.rf.f22267ef6b3c8c34a3efe9013da01e58.jpg,1052.130534803942,606.3869404911942,12813.75,273.19400972541575,True
C:\Users\carmonta\Desktop\data-centric-cross-season-transfer\datasets\train_on_2025_all\val\images\GX010668_MP4-0036_jpg.rf.f1eff10fd8b245b2d80c3c5be4a928cf.jpg,GX010668_MP4-0036_jpg.rf.f1eff10fd8b245b2d80c3c5be4a928cf.jpg,1067.8027426108736,558.2297471101116,6222.0,266.60375870625415,True
C:\Users\carmonta\Desktop\data-centric-cross-season-transfer\datasets\train_on_2025_all\val\images\GX010668_MP4-0041_jpg.rf.24dd47538ac5926a707f3fe018e3c60b.jpg,GX010668_MP4-0041_jpg.rf.24dd47538ac5926a707f3fe018e3c60b.jpg,850.7156224079216,445.71504954171104,11931.0,257.1278490141148,True
C:\Users\carmonta\Desktop\data-centric-cross-season-transfer\datasets\train_on_2025_all\val\images\GX010668_MP4-0042_jpg.rf.fbd9b217217c29f5dc2bb1911a1f64c2.jpg,GX010668_MP4-0042_jpg.rf.fbd9b217217c29f5dc2bb1911a1f64c2.jpg,846.5889864408424,457.41473709086256,11757.75,261.3376476991224,True
C:\Users\carmonta\Desktop\data-centric-cross-season-transfer\datasets\train_on_2025_all\val\images\GX010668_MP4-0044_jpg.rf.62eff0ff53ea166dd6e268a427b40a9d.jpg,GX010668_MP4-0044_jpg.rf.62eff0ff53ea166dd6e268a427b40a9d.jpg,816.1070530612762,488.3030944504899,13691.500000000002,272.84101381811865,True
C:\Users\carmonta\Desktop\data-centric-cross-season-transfer\datasets\train_on_2025_all\val\images\GX010668_MP4-0046_jpg.rf.b0d1b3e7fa8ae93f9dc5307911be5eb1.jpg,GX010668_MP4-0046_jpg.rf.b0d1b3e7fa8ae93f9dc5307911be5eb1.jpg,844.3849833309002,482.9184807562085,14267.75,269.2440218305702,True
C:\Users\carmonta\Desktop\data-centric-cross-season-transfer\datasets\train_on_2025_all\val\images\GX010668_MP4-0048_jpg.rf.4d83ad28048489ed983b46a179cf19a0.jpg,GX010668_MP4-0048_jpg.rf.4d83ad28048489ed983b46a179cf19a0.jpg,832.9784594271418,413.7775374706092,13754.0,259.81457600545207,True
C:\Users\carmonta\Desktop\data-centric-cross-season-transfer\datasets\train_on_2025_all\val\images\GX010668_MP4-0051_jpg.rf.1093c2416a6da9c9d803a6a59cefe382.jpg,GX010668_MP4-0051_jpg.rf.1093c2416a6da9c9d803a6a59cefe382.jpg,749.8290418214988,525.3086939766733,17822.25,291.0107997448515,True
C:\Users\carmonta\Desktop\data-centric-cross-season-transfer\datasets\train_on_2025_all\val\images\GX010668_MP4-0051_jpg.rf.abb035482a22e8afa71a04e04f3121d3.jpg,GX010668_MP4-0051_jpg.rf.abb035482a22e8afa71a04e04f3121d3.jpg,749.8290418214988,525.3086939766733,17822.25,291.0107997448515,True
C:\Users\carmonta\Desktop\data-centric-cross-season-transfer\datasets\train_on_2025_all\val\images\GX010668_MP4-0051_jpg.rf.f473773a9346d5ce61a027f98ffa3bfd.jpg,GX010668_MP4-0051_jpg.rf.f473773a9346d5ce61a027f98ffa3bfd.jpg,749.8290418214988,525.3086939766733,17822.25,291.0107997448515,True
C:\Users\carmonta\Desktop\data-centric-cross-season-transfer\datasets\train_on_2025_all\val\images\GX010668_MP4-0052_jpg.rf.c05ae13ee6099d1b56d04ec0095c7d1d.jpg,GX010668_MP4-0052_jpg.rf.c05ae13ee6099d1b56d04ec0095c7d1d.jpg,746.7719264398806,654.6539500874302,22036.5,300.7217599952577,True
C:\Users\carmonta\Desktop\data-centric-cross-season-transfer\datasets\train_on_2025_all\val\images\GX010668_MP4-0055_jpg.rf.cb5bc2ad064c6ff2da627700a01f39af.jpg,GX010668_MP4-0055_jpg.rf.cb5bc2ad064c6ff2da627700a01f39af.jpg,761.3630466533716,868.1222305397232,9434.0,306.3000502580128,True
