pc1,pc2,season
-0.11280119335320286,0.07018126896286597,2024
-0.11275385586790922,0.07464961227344132,2024
-0.12078061030050176,0.061451860879902793,2024
-0.14889717099044997,0.016453414277724336,2024
-0.15257970078396416,0.021528554559879745,2024
-0.12898087857825352,0.012036682458459923,2024
-0.13341461561845674,0.0047366353612957116,2024
-0.18434482960338533,0.004283827686347934,2024
-0.18215398040536196,0.009270144206574966,2024
-0.18356219814300573,0.00966176945358203,2024
-0.049651304763126194,0.1265119681418598,2024
-0.043075095045672376,0.13046656031626364,2024
-0.05340678599782252,0.12105065699680978,2024
-0.07340729745323694,0.17122882452173688,2024
-0.08223526757103429,0.15078860685561932,2024
-0.16210948843830625,0.14505262675878913,2024
-0.15484102461496402,0.1512856786371597,2024
-0.15686601991937438,0.15383202060259593,2024
-0.0829255094298711,-0.212261411978096,2024
-0.08909450196991188,-0.21795741000630375,2024
-0.04993176992587563,0.06673577195292135,2024
-0.03493958536951115,0.07613539888267659,2024
-0.047478629365261274,0.0700728241323478,2024
-0.07693747414312542,0.004153668465800703,2024
-0.09011354669791401,-0.002262309844106851,2024
-0.021307118176159878,-0.023719904290053898,2024
-0.013571448714149462,-0.01154373769076314,2024
0.011708208587710586,-0.0733673631202729,2024
0.0008604272339952507,-0.081776360977053,2024
-0.006620850848976331,-0.1292251377363227,2024
-0.006620850848976331,-0.1292251377363227,2024
-0.01377777666037995,-0.1386951859846475,2024
-0.0330336288199803,-0.19771947631305592,2024
-0.02917411893062291,-0.19728698926609198,2024
-0.031941237631082656,-0.20382595472736695,2024
0.01758939526144826,-0.12500353773020653,2024
0.016272743805589754,-0.1296665495405022,2024
0.016623900212779055,-0.12751062655198364,2024
0.046514077396424075,-0.17629733025963257,2024
-0.016504798917748642,-0.13344936470158897,2024
-0.08193024664663302,-0.17584055229008083,2024
-0.08377634254272966,-0.17539353242513986,2024
-0.08301837555398701,-0.18094040296141506,2024
-0.03443758139996274,-0.07757577965407486,2024
-0.03222417954324387,-0.07924597113516205,2024
-0.02917894142878083,-0.07492284931316773,2024
-0.028561815167205004,-0.1525054083521066,2024
-0.033372712741109936,-0.15136033475643101,2024
-0.030489376612570743,-0.15441295262420973,2024
-0.09532266926468931,-0.1915157711539246,2024
-0.09504858287164324,-0.19071397047261573,2024
-0.0832079006918912,-0.18809962335534783,2024
-0.052926521353141784,-0.14342255596871495,2024
-0.055752188732602084,-0.14305188200942293,2024
-0.1227602501981039,-0.10486567478191405,2024
-0.12201974580797172,-0.10934186816327554,2024
-0.12212802308782326,-0.10631287178298912,2024
-0.04480149295544024,-0.19192647158302378,2024
-0.07232719646625725,-0.2511547385981501,2024
-0.07160485173949159,-0.25392096101926387,2024
-0.0767541665620843,-0.25893554704417165,2024
-0.012348914225392901,-0.1798394440325137,2024
-0.011700029021838365,-0.18093337729982123,2024
-0.01161236990478376,-0.18135928695670234,2024
0.04150266626688707,-0.1137261890439914,2024
0.04188222151407871,-0.11297823945318641,2024
0.04007800712454797,-0.11577237532524973,2024
0.01632001520065006,-0.07682635178390027,2024
0.008517714669145651,-0.07675180254705737,2024
0.024269250583994095,-0.07208663463392151,2024
0.0018166809828979308,0.023006175569448055,2024
0.0018166809828979308,0.023006175569448055,2024
-0.00175736822862399,0.013625751339938996,2024
-0.054170841948396734,0.058752541511617316,2024
-0.05584591778931568,0.052777909997559935,2024
-0.06085902371690573,0.04738379085717702,2024
-0.021299294088313256,0.0872866342638467,2024
-0.03623452823680216,0.08055593475471513,2024
-0.03396514743710784,0.06659420884266697,2024
-0.04596335780673062,0.10828933258564767,2024
-0.047729264203539054,0.10247929486262508,2024
-0.055835773861763874,0.09553892880348049,2024
-0.02799159673714048,0.12413996051097152,2024
-0.033341226877679334,0.12015429854861545,2024
-0.03831970028606359,0.11601368264410782,2024
-0.11409778046469483,0.1291307799135411,2024
-0.0777780783888621,0.1457762315441377,2024
-0.03838604239186984,-0.07458701031170162,2024
-0.024397713458364625,-0.06027553763688184,2024
-0.036552835217873406,-0.06869481372912724,2024
0.06376834816203882,-0.09700079091510555,2024
0.05544201416078394,-0.11150223724001049,2024
0.050822093829310494,-0.111326790094012,2024
-0.009089566892322279,-0.07761765023395195,2024
-0.01582257655419879,-0.0816247715889007,2024
-0.08801897559053963,-0.19055767558857079,2024
-0.08746053250500536,-0.18634663116746458,2024
-0.06468689851656236,-0.25009489909974003,2024
-0.06556860748947092,-0.25082104978133535,2024
-0.06413342478049426,-0.24664729959905413,2024
-0.061347568216182105,-0.18580158657384968,2024
-0.059619841990812786,-0.18442718438079808,2024
-0.06267683423544997,-0.18801166765994293,2024
-0.0930426029952753,0.0418934290286897,2024
-0.0981361376583126,0.038973276803259,2024
-0.1369283563665294,0.037055352192473794,2024
-0.14574787540013756,0.03145694315819493,2024
-0.0839987472448303,0.11724736567778643,2024
-0.08357787571645049,0.111666991945299,2024
-0.11848246252408524,0.07645734634014831,2024
-0.11437224908624323,0.08087362827380111,2024
-0.09044628437117781,0.032284413523393896,2024
-0.08398163632826057,0.0318814781392335,2024
-0.03549954539824009,-0.05256632838902815,2024
-0.0369009945883912,-0.05468887089240834,2024
0.08004984826133635,-0.23740161221222666,2024
0.08159947474775425,-0.23787216838356295,2024
-0.09389331578999528,-0.16386846968228191,2024
-0.09176209931832892,-0.17199171472361838,2024
0.0523264047429786,-0.2508694497902237,2024
-0.01028927877983235,-0.26454581509189695,2024
-0.01725802730680953,-0.25491718167518385,2024
-0.012456026759141495,-0.2607447031520612,2024
-0.035702169698020106,-0.22022209216827904,2024
-0.13923738405893382,0.008770962552269057,2024
-0.13315179329821997,0.008701814153902435,2024
-0.12824090245642833,0.014395352915847915,2024
-0.1104130663402592,-0.14219222395715106,2024
-0.09691139545276041,-0.13483998633853866,2024
-0.1089182187832853,-0.14198466732120774,2024
-0.03542297744622151,-0.14586020090077084,2024
-0.03542297744622151,-0.14586020090077084,2024
-0.027532497690790178,-0.0017979779288560954,2024
-0.028705359183628862,-0.003889597896034727,2024
-0.029570823422587822,-0.003691013057477162,2024
-0.06061207794501121,0.016929903795251146,2024
-0.06039801020773271,0.026494971097781046,2024
-0.043713301850732675,0.05517844996129574,2024
-0.043713301850732675,0.05517844996129574,2024
-0.06459857443916066,0.04717840255224419,2024
-0.09300537010270506,-0.19785829867246219,2024
-0.0945750393614689,-0.19975477344035447,2024
-0.20631866155046497,-0.010224250506629132,2024
-0.2333152365438802,0.024484846291255268,2024
-0.2970017328203702,0.04710009923220171,2024
-0.29637022682599057,0.05273594741676026,2024
-0.26569561358661725,0.07625305801271569,2024
-0.26910538845332616,0.07310430575057984,2024
-0.184817091317511,0.06289780534594058,2024
-0.18813728467068458,0.05574191365902269,2024
-0.1893164075097748,0.05980573336147694,2024
-0.16168966371578125,-0.1189686452195976,2024
-0.16382804893854114,-0.12342392821587139,2024
-0.16201439198183926,-0.12147890883883175,2024
-0.2267365690000291,-0.09400921972634407,2024
-0.23717963100220202,-0.0994450129867297,2024
-0.23663117211419932,-0.09549602949306021,2024
-0.19156673625567916,-0.08747606024225205,2024
-0.1919871539623456,-0.08433064683014889,2024
-0.19142438258845001,-0.08475822764120323,2024
-0.06313173082997516,-0.16368700086156768,2024
-0.06368609360268447,-0.1632537339847802,2024
-0.09409692214507,-0.059435902730477094,2024
-0.09845111743995895,-0.06353033772783913,2024
-0.10112748525548527,-0.07083603298244275,2024
-0.12698435739975455,0.020831399627209687,2024
-0.12829726008717807,0.018415530900692735,2024
-0.14747950174121788,0.0067494244213152504,2024
-0.13901323024980033,0.00019572347790523803,2024
-0.12832363826098392,0.009395254759727092,2024
-0.14307057506568488,0.06416718264727243,2024
-0.1344003631583191,0.072303010715422,2024
-0.08423201250595962,0.11816051205573898,2024
-0.09367616825996379,0.11631628562720159,2024
-0.043333577484814936,-0.27849983706134396,2024
-0.04624472112599022,-0.28251327785558916,2024
-0.04256634088908835,-0.27837195191030395,2024
-0.05851115286356452,-0.23038737760956707,2024
-0.06069533563063885,-0.23073943988288614,2024
-0.033061329697197536,-0.23707417839827327,2024
-0.036124498876858605,-0.23775137464336843,2024
-0.03419641773690972,-0.240434078855,2024
-0.07490709048829809,-0.1019306153306706,2024
-0.07675041020230906,-0.101246323169012,2024
-0.07539129577666294,-0.10050456602882116,2024
-0.09307829739256814,-0.06057408633260243,2024
-0.09559835931334891,-0.06302725612706435,2024
-0.09300096622684241,0.0351338781827438,2024
-0.0997097233606394,0.0329942208980267,2024
-0.10463997504823781,0.03587922422038701,2024
-0.09854551814483399,0.018004801017470276,2024
-0.10675445404792473,0.018128515806552316,2024
-0.1231070292079199,0.0017151568401117187,2024
-0.12158006166086983,-0.004973324595337357,2024
-0.12353755795659783,0.001106578945215278,2024
-0.1107708034312483,-0.05331578488616012,2024
-0.11808122550651569,-0.04534373396065995,2024
-0.11655714477738834,-0.04218976681573544,2024
-0.054145133774933144,-0.08725335815696411,2024
-0.0557266371581545,-0.08242635091619348,2024
-0.05615766192995662,-0.08190825126802787,2024
-0.01369069039597555,-0.13205880010709242,2024
-0.01100415251896772,-0.12941083647584373,2024
0.019376772067794035,-0.1471692676449985,2024
0.02410036634550547,-0.14509452637181786,2024
0.029162400877240438,-0.14601125167337858,2024
0.04849160311607744,-0.22612129459135727,2024
0.04947437895593511,-0.2280932686613376,2024
0.04930353666728593,-0.2276020869777498,2024
-0.0038606414573635756,-0.1967305930463976,2024
-0.003062568466528373,-0.20551755355138834,2024
-0.0017110387205999944,-0.20551540367823218,2024
-0.07773920053215942,-0.1934343886040582,2024
-0.08498261241745282,-0.19568316858926582,2024
-0.0753226125898024,-0.1929019839068682,2024
-0.121748597499459,-0.18202908533904938,2024
0.015501400406426155,-0.21487618694999117,2024
0.01680765785389192,-0.20593548175653095,2024
-0.03392441490763988,-0.12026265429363467,2024
-0.03176603124487935,-0.11522537958232829,2024
-0.030193892969520117,-0.11743386056003952,2024
-0.06850550665326925,-0.005616791567236143,2024
-0.06636901098163601,0.09884390976700912,2024
-0.07299771984660051,0.09610545878795808,2024
-0.02653368852449932,-0.15810028236641305,2024
-0.024798288312752506,-0.1636931381912652,2024
-0.0231376872156122,-0.15960676998692191,2024
-0.0335513725105636,-0.17193974839679513,2024
-0.035154955484159464,-0.17431892598663948,2024
-0.0335513725105636,-0.17193974839679513,2024
0.003414880745526455,-0.09636663781615692,2024
0.004957687718111628,-0.09378698390072654,2024
0.0037588635367905437,-0.0939963284075564,2024
0.01886773998826942,-0.08474008656355661,2024
0.023457550177761063,-0.07730840357933774,2024
0.022268204449600065,-0.07873894817109789,2024
-0.06451981792316021,-0.0867025170979506,2024
-0.06394072192584836,-0.09507697503878287,2024
-0.06266879083644623,-0.08858037626603676,2024
-0.04576664384498462,-0.0801875485578116,2024
-0.04354605035065302,-0.07854140248898421,2024
-0.05419734685205997,-0.08244199244708236,2024
-0.06010124429560372,0.02021305436208792,2024
-0.05890701952634751,0.020593864884083147,2024
-0.10396098017831053,-0.006428701860257846,2024
-0.1025855545751485,-0.0039077037677631155,2024
-0.09607933419897398,0.022205038448418417,2024
-0.0933414159527678,0.02433315324444763,2024
-0.10000486205009058,0.021692549487906936,2024
-0.08680700090058786,-0.003839826530511764,2024
-0.0881787698786511,-0.003961913160575134,2024
-0.1208636681176455,-0.018270154238659582,2024
-0.12089439191175806,-0.022622032676890044,2024
-0.11954372246978247,-0.13843915212101932,2024
-0.11696849588483456,-0.13603879809967842,2024
-0.11654723845404062,-0.13510486574474473,2024
-0.1000202005256265,-0.16007459729286938,2024
-0.09672284740931054,-0.15686102646871874,2024
-0.09934908872386002,-0.15264057231949207,2024
-0.01413927214591916,-0.11661165915601579,2024
-0.0179837618521268,-0.12515614753353285,2024
-0.017914047220104215,-0.13674268214561888,2024
-0.018086786283677367,-0.13615369033374508,2024
-0.01796151718211736,-0.13638190179265805,2024
-0.002880010905659411,-0.14769582244817595,2024
0.017291508367605152,-0.09478058469611428,2024
0.01811427380426825,-0.09498550830425026,2024
-0.06085102895002022,-0.08900812790364238,2024
-0.06294130116371081,-0.09156984584725625,2024
-0.06665882236679542,-0.06076191128436756,2024
-0.05938075746154432,-0.05350019879412725,2024
-0.06170824257029962,-0.054820489671429926,2024
-0.07047395194580926,-0.14337600530275305,2024
-0.07154430332207938,-0.14629641599701484,2024
-0.07047395194580926,-0.14337600530275305,2024
-0.09815015724764241,-0.08005589270817065,2024
-0.09643119041442967,-0.07916699955365097,2024
-0.10680569021673057,-0.1645096385774556,2024
-0.1086267196360964,-0.16932164519383078,2024
-0.10872007558596179,-0.25247291026313395,2024
-0.10680345093657152,-0.24977380098894897,2024
-0.15865222612405233,-0.08762062266027307,2024
-0.15408236208899484,-0.08439619650802904,2024
-0.1225670535525898,-0.00041387162234774594,2024
-0.13516004159661854,-0.009702400125217732,2024
-0.12415817739234887,-0.0024314702069195143,2024
-0.17045505950225504,0.02761365320510014,2024
-0.16824066482244504,0.029384662447100092,2024
-0.17775870838188879,0.022078756058706538,2024
-0.1686868638647679,-0.009400339257394488,2024
-0.15806311975699933,0.0055794812566037424,2024
-0.16971983241647898,-0.007924499432126628,2024
-0.16912879846300205,0.05616108199224721,2024
-0.16342898164308278,0.06083322556833015,2024
-0.1726896995330734,0.05448992194229895,2024
-0.26545822502719574,0.08311237303637171,2024
-0.2655793574928949,0.08545036195735731,2024
-0.2662613322573994,0.0823607164673166,2024
-0.18909443592716996,0.06796707989029285,2024
-0.18563975362786744,0.07318637524529784,2024
-0.15975860771163253,0.07713520720426417,2024
-0.1878682315883347,0.00411837607812289,2024
-0.12398736802119871,-0.01825573945339177,2024
-0.1294126198544499,-0.019570354082341118,2024
-0.10546102081625898,-0.07629492974968324,2024
-0.09976326555756278,-0.07549241930939275,2024
-0.10293173261306766,-0.07947982863924272,2024
-0.19237482382174104,-0.02604811071027699,2024
-0.1895698646060821,-0.02471290286887949,2024
-0.19605704379695205,-0.03158499046127565,2024
-0.15157621206310457,0.010312155922580404,2024
-0.14983869153673474,0.02121587900121416,2024
-0.10731904623975648,0.11115185046170069,2024
-0.12299364088702287,0.10650031120805761,2024
-0.19553803107861034,0.06290692608771725,2024
-0.19649031641277054,0.0631911124729517,2024
-0.2085102014510764,0.049667326427073735,2024
-0.200462727228918,-0.01810623305229246,2024
-0.1945888254504617,-0.012161662256082902,2024
-0.20054399757575014,-0.02034932147569396,2024
-0.14535322325504996,-0.05104844185722976,2024
-0.1459094448915897,-0.05208148500663194,2024
-0.14708250184884203,-0.054393229339993576,2024
-0.15969056389303382,-0.08859551516621761,2024
-0.16337075036290316,-0.09487303947674469,2024
-0.16459220897426308,-0.09190701548870411,2024
-0.02933597858438229,-0.1837067079795105,2024
-0.02651615595433171,-0.1913797907702891,2024
-0.023642078192253904,-0.18612054786762164,2024
-0.10404192340006403,-0.17198657115802435,2024
-0.10370367762681816,-0.1697694692487451,2024
-0.14718072692770223,-0.08946995977183433,2024
-0.14456065418215291,-0.08501498554598483,2024
-0.14357294308407464,-0.08420929915361966,2024
-0.05266943223959421,-0.018840483880292712,2024
-0.051984709579035435,-0.018145476554207812,2024
-0.055452379672228394,-0.021883559300155342,2024
-0.08071963536328237,0.10873928838829922,2024
-0.08592521539130461,0.10022759213140944,2024
-0.2291057749086457,0.07046723176824088,2024
-0.2316709691525477,0.06664023311092804,2024
-0.18530160956715414,0.12579245947613577,2024
-0.19361916480387087,0.1192780718215675,2024
-0.2073915764646584,0.11026406816219664,2024
-0.15742904658436935,0.0008113664700717046,2024
-0.1585051891861065,0.0003506691022366823,2024
-0.1954548193416803,-0.033653167407698775,2024
-0.1993772710089145,-0.042232329396754975,2024
-0.19480750807967312,-0.033959775000750175,2024
-0.21382018736894254,-0.04035410607648447,2024
-0.20830686066696907,-0.03779613234699146,2024
-0.20676076753310807,-0.03881266983362916,2024
-0.07031206949208559,-0.18194882580013994,2024
-0.0734509273639359,-0.17567582743241716,2024
-0.15959481260563685,-0.1676236281658759,2024
-0.15959481260563685,-0.1676236281658759,2024
-0.16774112115156264,-0.16811077574938638,2024
-0.0758491008948934,-0.1918256469208648,2024
-0.07503188118722594,-0.18834074437387338,2024
-0.024960042344499833,-0.19940641149351468,2024
-0.019389670525849015,-0.18960891077349507,2024
-0.016089587981072462,-0.18907321185100032,2024
-0.01658417755189158,-0.25615645131600573,2024
-0.0175800232278759,-0.2488795105939896,2024
-0.030060354431794986,-0.2564559918086481,2024
-0.031099839222944223,-0.25761519768932734,2024
-0.02935705283653002,-0.2558511212001421,2024
-0.0875593204324797,-0.2509819410785703,2024
-0.0822166787939818,-0.2529278829467029,2024
-0.08164990407698615,-0.24920662148700928,2024
-0.12702668755216712,-0.19437433078864885,2024
-0.11553728121108452,-0.1794744237116076,2024
-0.11237829632666892,-0.17953343358039758,2024
-0.07049622790003353,0.004938039483612031,2024
-0.05895406868039295,0.01845651975503494,2024
-0.05220381448885471,0.01776827539657681,2024
-0.08641899166262186,0.10616054408670073,2024
-0.0796350455129483,0.11402394505713911,2024
-0.0765531745854376,0.11721178905802025,2024
-0.09192241993352109,0.16612535299485592,2024
-0.08904717447746836,0.17084539047233221,2024
-0.09156600463549518,0.1686843700130928,2024
-0.09892755124672507,0.15584982900117222,2024
-0.10785658203919161,0.17242404418685486,2024
-0.09398934069100741,0.16542583022599233,2024
-0.10629526170336805,0.1698632025894617,2024
-0.09398934069100741,0.16542583022599233,2024
-0.09778493921468294,0.16204763353527918,2024
-0.08498047518869269,0.18141012217689073,2024
-0.09977300274645458,0.17035050312993796,2024
-0.08274905075279664,0.18456209061488946,2024
-0.14009720955141525,0.1388888157283379,2024
-0.14005460630592198,0.13727854205352538,2024
0.051983291653015365,0.19908208325489124,2024
0.06113847727295635,0.1944597840049465,2024
0.021790766898503955,0.15770181229651692,2024
0.0375910048735979,0.16671461180136615,2024
-0.004065416466582955,0.08809903235392984,2024
-0.024427537425769322,0.03343737107032278,2024
-0.02497724294067409,0.03190209838236491,2024
-0.06851012772892305,-0.018173689225730698,2024
-0.06730060767269293,-0.018299725671821122,2024
-0.06593306900204389,-0.00925587229017008,2024
-0.08680443838957262,-0.009880688162216142,2024
-0.0904550131664515,-0.016242680857567658,2024
-0.0865330025129309,-0.013196657470287698,2024
-0.09207460188529025,0.03226694704012224,2024
-0.09160212674732675,0.03387129900034681,2024
-0.09106786437598767,0.03565116911524482,2024
-0.1404925214832321,-0.013549324605619646,2024
-0.13668267614482643,-0.014478321881101243,2024
-0.13626699421419236,-0.0069751862699150916,2024
-0.09561976872775081,0.041752921751893164,2024
-0.09681153004300565,0.03672700075082335,2024
-0.1398669590100991,-0.027819359719812864,2024
-0.13422736756479048,-0.03578360043371098,2024
-0.14256855959290998,-0.0297968211888935,2024
-0.13532551547173144,-0.03289092445689579,2024
-0.13605532376060903,-0.03395155088298374,2024
-0.13352210442651535,-0.033098020004417805,2024
-0.1308258109524031,-0.02835550669211369,2024
-0.134518717049172,-0.03164660302375104,2024
-0.1325428730824808,-0.02700995520425499,2024
-0.08324217100490296,-0.07256959638016355,2024
-0.08311785426285885,-0.07274531004717553,2024
-0.0890490437055201,-0.07581866839261325,2024
-0.07355384642493372,-0.16476971233162713,2024
-0.07355384642493372,-0.16476971233162713,2024
-0.12841958241411094,-0.17626859439675696,2024
-0.12918624876803475,-0.17683673886022291,2024
-0.12250774445688191,-0.17609693886406258,2024
-0.1397239461271217,-0.1536308335012997,2024
-0.13715662572682852,-0.15236292838652382,2024
-0.14085429800650445,-0.15036608513941735,2024
-0.08441258884096974,-0.11739139975130963,2024
-0.09013854285479374,-0.12692690854282715,2024
-0.08529742330770586,-0.11868586101384138,2024
-0.09282548061150962,0.026608931265942905,2024
-0.09423460742958685,0.025657152750297233,2024
-0.09605783559152896,0.02510032997374373,2024
-0.1071476145875508,-0.05939785517159338,2024
-0.11017653991179373,-0.061743178978410904,2024
-0.15140759077787125,-0.09894426806467072,2024
-0.14949822404843272,-0.10083704146399697,2024
-0.1234547850198101,-0.12060012426204661,2024
-0.12393302532128565,-0.12299816441271608,2024
-0.12261119174531633,-0.12605453307015077,2024
-0.11870834070904014,-0.17946257435125124,2024
-0.13168231809950792,-0.13525904097493224,2024
-0.13094229029131238,-0.13341431706696064,2024
-0.13065770627961243,-0.13416176288296353,2024
-0.13655877270142291,-0.19155885012248813,2024
-0.13593246285236632,-0.1946456498050558,2024
-0.13414800170442337,-0.1969390209478186,2024
-0.14386424938909037,-0.10167856706620346,2024
-0.14386424938909037,-0.10167856706620346,2024
-0.14605887924811634,-0.10207253990100035,2024
-0.21717829794114651,-0.12422453936120365,2024
-0.21245889717507432,-0.1216790315458478,2024
-0.21344708513528932,-0.11985741923376536,2024
-0.15400963394430012,-0.17963042272346852,2024
-0.1522995231811844,-0.18006056303273213,2024
-0.14952502912765503,-0.17792271486980252,2024
-0.06430578517571163,-0.041475452091876835,2024
-0.06228543625828677,-0.04738065497490414,2024
-0.07055253948947489,-0.04707338015194032,2024
-0.13075065142078296,-0.1010794358356438,2024
-0.13154173844573042,-0.10162112471573378,2024
-0.129406229840361,-0.09928179691330463,2024
-0.17977167251527504,-0.0835904845016325,2024
-0.17977167251527504,-0.0835904845016325,2024
-0.17581306312045047,-0.03788083803529779,2024
-0.18399253746507133,-0.044003711470920664,2024
-0.17661994670978437,-0.040834675037173196,2024
-0.20200096475923696,0.007288297335527466,2024
-0.1992388738531075,0.013145260749872857,2024
-0.1666942841943515,0.08381088255483155,2024
-0.1539181917137865,0.09686257423081829,2024
-0.1280926489931638,0.1660630972238613,2024
-0.1270255331508625,0.16553923997066047,2024
-0.12884945284395083,0.16594999350602735,2024
-0.20190685960676646,0.14334040900915263,2024
-0.19427459691411708,0.13898367611610632,2024
-0.18802367443884244,0.1479389290573329,2024
-0.12324193213068581,0.08044245453622377,2024
-0.11873903134886331,0.08722147110630935,2024
-0.13211711964551487,0.08136785244615174,2024
-0.10853473925494576,0.02752852457402994,2024
-0.11591102908048019,0.020135954895109765,2024
-0.030845176133630872,0.08119548182906064,2024
-0.02432485940089986,0.08320098043290002,2024
-0.03795795776343684,0.07323528070577293,2024
-0.06896679827141476,0.024743354929461045,2024
-0.07223363411984306,0.021521020088817483,2024
-0.09767558311556292,-0.10721612638868327,2024
-0.09431801226417237,-0.11123732955674653,2024
-0.09496669066152931,-0.10753701079439276,2024
-0.004909982407747995,-0.1545248627142261,2024
-0.011587633066229022,-0.161236948611302,2024
-0.00330920594736947,-0.15197788467003925,2024
-0.01862189921891179,-0.17655232012789474,2024
-0.01862189921891179,-0.17655232012789474,2024
-0.08333603528829427,-0.13185467225086545,2024
-0.08504228721605996,-0.13258360203264974,2024
-0.08579407139604074,-0.1299310395655089,2024
-0.12807996980515762,-0.08440464480967855,2024
-0.13053043576028828,-0.08661645094624953,2024
-0.15016321598374005,-0.060311827400995346,2024
-0.15119108369355327,-0.06035219010422434,2024
-0.15160308054803656,-0.05917507790176127,2024
-0.14976388347263292,-0.10911553382817246,2024
-0.15036022802021187,-0.1161338754517805,2024
-0.15152415133714742,-0.11391514294873817,2024
-0.1381069066788594,-0.1300032426842761,2024
-0.1423555409885231,-0.12894638737582603,2024
-0.13761910398805782,-0.13202779043930518,2024
-0.1267638681526826,-0.13019496445363185,2024
-0.12815192398658226,-0.13264448788400302,2024
-0.12629172090050506,-0.13108534754833656,2024
-0.11156662488351922,-0.1862492777892698,2024
-0.11139707627220162,-0.18462418048157073,2024
-0.11261693179036154,-0.18631164841520848,2024
-0.04924827563964236,-0.14066171655511067,2024
-0.05830184941143256,-0.14566804654989016,2024
-0.052758743339366435,-0.14055877690730947,2024
-0.09487364274326109,-0.18584675815653529,2024
-0.09646135998966816,-0.19011472960337766,2024
-0.17338455131207609,-0.14755388848212578,2024
-0.16917561686045085,-0.14974125718791625,2024
-0.17547928208512592,-0.14987209548518296,2024
-0.20004447313157808,-0.13602108399056198,2024
-0.1972844827035229,-0.1347697453002877,2024
-0.1933233600100192,-0.13189774869081528,2024
-0.21541321227141658,-0.13272394120609982,2024
-0.21913609274555318,-0.19345300824619138,2024
-0.22374335997064015,-0.20370911940510067,2024
-0.21805756132864051,-0.14959181251845866,2024
-0.22043531158000834,-0.1555257525307081,2024
-0.21711889770402043,-0.14991245328570937,2024
-0.21327963163726887,-0.15322177788806599,2024
-0.21743746746963893,-0.1543061351115553,2024
-0.21634056419023068,-0.15583719107044794,2024
-0.21879677275619608,-0.15892422469011988,2024
-0.2542536258553271,-0.11841967274323617,2024
-0.25711842553643055,0.016931629578644865,2024
-0.2575366148279009,0.01590524169780251,2024
-0.23450205352925713,0.013392596391105183,2024
-0.22888237439235487,0.02843142308402414,2024
-0.19926660265213392,0.0019033661668946544,2024
-0.18804258045630767,-0.062121751565822725,2024
-0.19034668943197613,-0.061677355858496125,2024
-0.18781147690781846,-0.05520860523195302,2024
-0.1402076529463605,0.015668659100379012,2024
-0.19026528828233608,0.06995046695205961,2024
-0.20723298526994138,0.10849640395828965,2024
-0.23093053603849945,0.13325165710869233,2024
-0.2069996821662506,0.1295998815303255,2024
-0.17558559367929516,0.043175655391863486,2024
-0.17739919039553725,0.039842069467984235,2024
-0.1586493446426353,-0.0157836889553664,2024
-0.15368055642250839,-0.012863179719915518,2024
-0.14640272993038317,0.06674288176914216,2024
-0.14946207565518427,0.05855254455695047,2024
-0.15369642407774697,0.05078139404598681,2024
-0.13810113429377652,-0.02193676267496083,2024
-0.1927721476897118,0.1863414401921099,2024
-0.21371430451236612,0.1605702242509964,2024
-0.21823008763816804,0.14983090335765345,2024
-0.20976679667153225,0.1646504083417289,2024
-0.223717627959036,0.019481875775790206,2024
-0.223717627959036,0.019481875775790206,2024
-0.25314462554304845,-0.005246991103654328,2024
-0.1753605241379449,-0.04304851956517379,2024
-0.18153588100569323,-0.044367523718567795,2024
-0.15972225889092245,-0.03937203932669499,2024
-0.1588550008274801,-0.038474452578688825,2024
-0.13238618732766455,-0.08293834732857647,2024
-0.13053944969306852,-0.08357711170987035,2024
-0.09984753467632208,-0.04953545095371516,2024
-0.10094815986663515,-0.05276424975395519,2024
-0.10118630026119589,-0.05301412770948509,2024
-0.15710259298228035,-0.0898664539472114,2024
-0.02705399126503362,-0.1729074411357353,2024
-0.02788307629761129,-0.16933820218753776,2024
-0.028178851545106562,-0.17099891406547593,2024
-0.08002622567976254,-0.16002574336828512,2024
-0.08312769683408523,-0.15812350728124935,2024
-0.17475518975672139,-0.1449330857672138,2024
-0.177597561386925,-0.14598770802089964,2024
-0.14965064855123333,-0.13551827744085587,2024
-0.14923448254244237,-0.13628596752691732,2024
-0.15033384032966074,-0.13729469252240295,2024
-0.1195498747241563,-0.16794272295371043,2024
-0.12361400186048128,-0.16920668657072407,2024
-0.13071621506569003,-0.11805766415608371,2024
-0.18875574666476763,-0.08837188776136684,2024
-0.16542186010550564,-0.0565782530158879,2024
-0.20795967866689952,0.01067914519124135,2024
-0.20890472827033096,0.010133399612854366,2024
-0.21091081034721698,-0.04604232291131655,2024
-0.20911584724009047,-0.037511877939645236,2024
-0.21038652572013822,-0.038852519629613363,2024
-0.16800469729100076,-0.04169250409187031,2024
-0.158435727781516,-0.04229482819668691,2024
-0.15619829539850888,-0.036488591876184126,2024
-0.0785828909847243,-0.11300056844839332,2024
-0.05484763081923576,-0.1672419775916331,2024
-0.05466773386688077,-0.16565046252597176,2024
-0.053959711383087874,-0.16519546134870813,2024
-0.00857294725103988,-0.21802071274932855,2024
-0.016074531915008655,-0.2216597202763756,2024
-0.09756547630729413,-0.23046460511024003,2024
-0.10032246821511827,-0.23019012301053465,2024
-0.09997790431607075,-0.23218225262944836,2024
-0.020399435786379996,-0.11147614134564121,2024
-0.029480927484656097,-0.1174955875456549,2024
-0.022772152596538572,-0.11490247772690831,2024
-0.14573718405663327,-0.1784575529683435,2024
-0.1378625491728629,-0.1648237929044682,2024
-0.10983433003739292,-0.10397901969219853,2024
-0.11668966451153957,-0.11195291265124685,2024
-0.11319880370635406,-0.10672031627811637,2024
-0.054150606459434966,-0.053396140614318494,2024
-0.03620756715478228,-0.03145474442987933,2024
-0.017130511075974963,-0.2218080167419304,2024
-0.018518689609342956,-0.2243137987682881,2024
-0.02332792839907627,-0.22373392954629068,2024
-0.12298534946990268,-0.13522098261967644,2024
-0.11970043382136565,-0.13596210824244995,2024
-0.1159508037566054,-0.1337373160657395,2024
-0.15834908394746677,-0.02757279871720053,2024
-0.15962366178653498,-0.03288323034504745,2024
-0.16362622929862086,-0.035946385171574155,2024
-0.1908107950913333,0.06314043368998695,2024
-0.19214295101895756,0.061491439427024286,2024
-0.1908107950913333,0.06314043368998695,2024
-0.13433946515415773,0.07763679207725135,2024
-0.1323179365238022,0.08197277365465892,2024
-0.09643140822582276,-0.02222553854074097,2024
-0.10353596442497472,-0.031196838370024974,2024
-0.10277675002232368,-0.031298768666100096,2024
-0.06257866607607972,-0.07212326793216517,2024
-0.21381888937212706,-0.003742357847222516,2024
-0.21061136268562258,0.00883959218916492,2024
-0.21002232904116935,-0.0001724157321384076,2024
-0.15584547301122575,-0.03751529874960288,2024
-0.15682295587498868,-0.03551176107426508,2024
-0.15161786965669433,-0.028816323415068526,2024
-0.17403717638285643,-0.021902812291226342,2024
-0.1757247309414055,-0.019730614113416214,2024
-0.17626438275820255,-0.021401034621704146,2024
-0.17990845219223228,-0.0016105084316079266,2024
-0.16799631910088242,-0.011925821649790183,2024
-0.16186089613831606,-0.006682640277164975,2024
-0.19078552680509936,0.14347842006496792,2024
-0.19717135181911333,0.130784076256584,2024
-0.19191090382727188,0.09276353377408256,2024
-0.1922577242907227,0.07462352270631278,2024
-0.19387298434166372,0.09511163701211112,2024
-0.07092772407314281,0.15416660285931014,2024
-0.07457472477516937,0.15152782159457456,2024
-0.0853624359178954,0.14131739867584694,2024
-0.06583156165410929,0.11339083058811647,2024
-0.06278525172808154,0.11865863738988994,2024
-0.06313737458710293,0.11664690442130489,2024
-0.12079505410268009,0.03964718612705029,2024
-0.10472309876543319,-0.1299692444666349,2024
-0.09414409736434488,-0.11107466861573864,2024
-0.08854639130756077,-0.10560425575606897,2024
-0.23006554695932502,-0.01852377446126116,2024
-0.22992967714056978,-0.02004285946050198,2024
0.09866239507929192,-0.2115755926543444,2024
0.09741589876932391,-0.21087080346000425,2024
-0.013222064501044475,-0.2392278753739283,2024
-0.007966157905616902,-0.2410960500727909,2024
-0.007265052439632297,-0.2376790637668753,2024
-0.06210159525214275,-0.1813345550824008,2024
-0.06371457068098436,-0.18036932947881126,2024
-0.06207530804683532,-0.1796606442028031,2024
-0.13626700630839972,-0.09230625941830412,2024
-0.13882449580749373,-0.09813491160084276,2024
-0.2199708431510845,-0.05989808474283323,2024
-0.22061665049793605,-0.062386279535278644,2024
-0.2199708431510845,-0.05989808474283323,2024
-0.1517909757068021,-0.03715689166809394,2024
-0.1507408225325767,-0.035111299231673984,2024
-0.15308437319220525,-0.03401671973036441,2024
-0.14242444543578875,0.09551583198093633,2024
-0.13178410743657826,0.11759076479721708,2024
-0.13178410743657826,0.11759076479721708,2024
-0.18516100859194196,0.09148519466042386,2024
-0.18058595105121716,0.1040229241124113,2024
-0.19317885839991294,0.09642840855713483,2024
-0.21215956842467915,-0.07424829395987258,2024
-0.21101257618414776,-0.06749734020749337,2024
-0.1294244546104596,0.11415299058952766,2024
-0.13701387405250726,0.11111345745860457,2024
-0.17129557882560176,0.09833142769571569,2024
-0.15820305928324913,0.10770483741412132,2024
-0.16735348527058935,0.10178995695391072,2024
-0.18206545574821992,0.04403992904599624,2024
-0.1751984229235521,0.0565543492020683,2024
-0.0023967088962315863,-0.09258749506332137,2024
-0.002389535067844187,-0.1041634307238514,2024
-0.0005882065923540764,-0.09807675910686883,2024
-0.06328552552419688,-0.041765155836589754,2024
-0.0645012037346598,-0.04698187850964715,2024
-0.06328552552419688,-0.041765155836589754,2024
-0.08635502816474235,-0.025113054577460242,2024
-0.08057877112074187,-0.018612701175563212,2024
-0.08166986310211018,-0.022807790166567095,2024
-0.1029186631554705,-0.06489028929906766,2024
-0.10226590594705244,-0.06088472492579562,2024
-0.15865805358832757,-0.03877281253262595,2024
-0.15913423222353223,-0.04044800788140328,2024
-0.1726643524782978,7.920826474543119e-06,2024
-0.17054562098172898,-0.004617236611430285,2024
-0.17122521964620835,-0.0009294074097520172,2024
-0.2025615369238471,0.1353129645532012,2024
-0.19902322668509803,0.14486431580065628,2024
-0.20756041111676965,0.1412157383734416,2024
-0.17331164894042556,0.10991581862612991,2024
-0.1802874369488468,0.10409440376943806,2024
-0.08266161459822703,-0.03856698071299461,2024
-0.07632450157537589,-0.040259407423318475,2024
-0.07588431538518843,-0.03579276117026739,2024
-0.14455191594933342,-0.07395128265225484,2024
-0.14518207561916746,-0.07558923958872174,2024
-0.1978292284397855,-0.11343034835982801,2024
-0.18665605089136478,-0.03490469625653235,2024
-0.18436583595724487,-0.035940673667069614,2024
-0.20816038924142483,-0.002176890224880171,2024
-0.2061126814998187,0.0009208084286017187,2024
-0.2125714981571341,-0.010333951011470138,2024
-0.23320449052587872,-0.08813035642292355,2024
-0.2319353651896478,-0.0814679425284689,2024
-0.23048835094455838,-0.08290781095775815,2024
-0.17924694008561765,-0.09144642362774735,2024
-0.17545558943238465,-0.09872756793604304,2024
-0.17924694008561765,-0.09144642362774735,2024
-0.12857184202088973,-0.13263123117989442,2024
-0.10996435909639586,-0.07083777744273599,2024
-0.11181604322195933,-0.06837396899254992,2024
-0.11471754292181625,-0.07077008476274711,2024
-0.15879216606680585,-0.05693466099992531,2024
-0.1551467538527327,-0.05254769990685418,2024
-0.1843763553691103,0.08422525987079241,2024
-0.1843763553691103,0.08422525987079241,2024
-0.07307666711243167,-0.09251384290905129,2024
-0.07495385114971566,-0.09295686232248679,2024
-0.07637214066821783,-0.09465416319890133,2024
-0.16438551244870248,-0.04325857011269775,2024
-0.168503819295529,-0.043622498315367436,2024
-0.16774142028073352,-0.0509290701653079,2024
-0.05743250990200287,-0.05272315960612768,2024
-0.05803641237573383,-0.05330995350373362,2024
-0.05570097219872487,-0.05881065043806191,2024
-0.11636114210473898,-0.04384122387644972,2024
-0.1167689914990231,-0.038764562715353695,2024
-0.11554773667051967,-0.03659618904753224,2024
-0.1755887746291493,-0.06156854435977785,2024
-0.17752960498713577,-0.0636860262419277,2024
-0.1766681308491762,-0.06085974740865145,2024
-0.1600705118322629,-0.04644738153489972,2024
-0.15895380140487264,-0.05310361400254779,2024
-0.15828360093248794,-0.04585789821357861,2024
-0.20717514480846505,-0.06683576034230113,2024
-0.20695478140048268,-0.06951794902573516,2024
-0.20827504372507782,-0.0684898599663736,2024
-0.19221105517532627,-0.03713643146952232,2024
-0.18981043819204563,-0.029917037170577226,2024
-0.1756101591266827,-0.08755708860723274,2024
-0.17211171949979648,-0.08357880894621157,2024
-0.17077725036114122,-0.09047203931713454,2024
-0.19010532481594022,-0.006928932492216065,2024
-0.18980953148948831,-0.008815934572519495,2024
-0.1879543592467236,-0.003899435313320501,2024
-0.1356449929920593,-0.10670760171680899,2024
-0.13158218446637504,-0.10288165198714264,2024
-0.13069446988429073,-0.10471007155486795,2024
-0.14975611221228508,-0.1767551300255885,2024
-0.14646614658813728,-0.17787321770833373,2024
-0.0654429217231421,-0.224585086113665,2024
-0.06578146109999052,-0.22695719696925443,2024
-0.0023634007348537905,-0.21661429762089268,2024
-0.0050087807550042995,-0.21649022179528787,2024
-0.0014585553705813575,-0.21858081160114223,2024
-0.2263721781897508,-0.024448380019501587,2024
-0.22707984185783175,-0.026588843307194285,2024
-0.18244269903823357,-0.02347868986408408,2024
-0.1850966794630331,-0.025952555821951273,2024
-0.18248890632024672,-0.02296879439317409,2024
-0.18159973397600093,-0.06004506211605798,2024
-0.18010316556709,-0.04867710457033636,2024
-0.27876085259862277,-0.022332380186662358,2024
-0.32855836562079715,0.015319863129639073,2024
-0.29072129893231446,0.030774567193715026,2024
-0.2685633962036062,0.016701100304033302,2024
-0.261573271851364,0.025791971010117827,2024
-0.26429263070986936,0.026566464021540934,2024
-0.17537595011735552,-0.0016448271612679727,2024
-0.12687633480825272,-0.005477060939332444,2024
-0.14331116794731158,0.023872505556243765,2024
-0.09756292023578307,0.030349709153231985,2024
-0.09263199318831207,0.03325446339611482,2024
-0.10185451547259759,0.022407957248320585,2024
-0.09088310059502676,-0.01063298990683368,2024
-0.22860663041479984,-0.0022736818147301233,2024
-0.2675083242601297,0.015179875161002242,2024
-0.25837271617366164,0.041207540444351605,2024
-0.2276147673828373,0.033080346819202404,2024
-0.23525544257157793,0.028450319959667028,2024
-0.22419835326390064,-0.08836247671353406,2024
-0.1871109694558436,-0.1389774757145244,2024
-0.17082851540809335,-0.11562539814486075,2024
-0.17612166731072648,-0.11993960465594294,2024
-0.17542013088827824,-0.1197827572706966,2024
-0.08558723737119452,-0.0865065057756833,2024
-0.08513635232707874,0.02628198895039882,2024
-0.09543426713767299,-0.03476479376723601,2024
-0.10293591976220144,-0.0335692437063935,2024
-0.0930596741877361,-0.030742699085455086,2024
-0.07725383647627208,-0.014070575408660121,2024
-0.17121229573918179,-0.05142275123842477,2024
-0.19780911350472147,-0.02969168561293148,2024
-0.19780911350472147,-0.02969168561293148,2024
-0.2612733064617549,0.014670160202772675,2024
-0.20704995694629869,0.05362752794367254,2024
-0.22038451050240365,-0.01231619935621419,2024
-0.2761439032706203,0.001059096368982014,2024
-0.2831557848479049,-0.007959301178968377,2024
-0.2972759471280653,-0.026748744840674868,2024
-0.29737483025157785,0.013374649805310737,2024
-0.2575274285527979,-0.019005972447556363,2024
-0.2541646783938523,-0.019517071968400065,2024
-0.25496290347036327,-0.017458656084126174,2024
-0.24517523260147156,-0.040527818062573995,2024
-0.2435284221517287,-0.03617687133824066,2024
-0.24507535252917184,-0.036834838771542616,2024
-0.13151466993306848,-0.05314726876545868,2024
-0.12506219322111006,-0.04931821653627859,2024
-0.13151645864613382,-0.05477712375718537,2024
-0.24119433966986586,-0.03843249788205598,2024
-0.24009133465399918,-0.03379575103091985,2024
-0.15331665137239242,-0.11739963790032165,2024
-0.15028409635507178,-0.10880775785109323,2024
-0.14994316040311706,-0.10839321871077368,2024
-0.11744414439366628,0.04360977669838369,2024
-0.11893319357238437,0.04298077808225156,2024
-0.11621147113404519,0.04528168501105885,2024
-0.1287052470442327,0.05025794721968427,2024
-0.13312602267994644,0.045545092603585,2024
-0.20000102870812259,0.054460490700949875,2024
-0.19072601832904978,0.05580019368862507,2024
-0.18772140767791584,0.06488078801270031,2024
-0.12391564243376284,0.08472502564227498,2024
-0.13589047957591954,0.08812586738072341,2024
-0.16082239465801917,0.09595536561064218,2024
-0.15659484525489709,0.10166108578809943,2024
-0.17127744458433758,0.08507719693817689,2024
-0.15964895702139514,-0.15909951336220834,2024
-0.15561070683190575,-0.15449965208691505,2024
-0.15452039004040674,-0.15736497001537653,2024
-0.17414409338042564,-0.1794066969305595,2024
-0.17462027636393518,-0.18256860767984795,2024
-0.1741222809700675,-0.18033218401901824,2024
-0.19211920028286272,-0.020576036498123194,2024
-0.1884627523812567,-0.017903594725252985,2024
-0.19811160411483453,-0.027952604602102055,2024
-0.21257496768440448,-0.016950434317126832,2024
-0.21226854538891082,-0.01132918953691986,2024
-0.21499486136764762,-0.01556023101593642,2024
-0.19084896409401064,-0.024248185244995932,2024
-0.19268569334302715,-0.022467717427418557,2024
-0.20846103000679078,-0.10141229431264692,2024
-0.20583530938832884,-0.09530921919425192,2024
-0.20583530938832884,-0.09530921919425192,2024
-0.17020606305437186,-0.12403584833581477,2024
-0.13601825731356887,-0.15569418998685297,2024
-0.1413249236307958,-0.15832553724165632,2024
-0.0925712963660952,-0.22211135862327674,2024
-0.09416525690102022,-0.22440222771599527,2024
-0.09497989684107407,-0.22419720044478925,2024
-0.005158764332487284,-0.19786597287437457,2024
4.8696664365563413e-05,-0.20003995982200323,2024
-0.00034927150199232093,-0.19411843845468024,2024
-0.046329878968926444,-0.2045274039307136,2024
-0.045858760617967134,-0.20251822302781464,2024
-0.046453881173155756,-0.19811967441212136,2024
-0.1905598925522179,0.0790584591036223,2024
-0.19155230993360645,0.07325595066142404,2024
-0.1789857778929685,0.09235080009068644,2024
-0.13350927529191486,0.10055361633685077,2024
-0.1191190687920879,0.10914847176163528,2024
-0.11236818071467351,0.11697893397444468,2024
-0.20905524022704786,0.06913914397128136,2024
-0.2084211489701479,0.07097533413945462,2024
-0.23236947094761373,0.04951421789010228,2024
-0.261870369675045,0.03482772244059746,2024
-0.2599732769009505,0.02585414257767746,2024
-0.24792085885409293,0.042813521966877564,2024
-0.2210346165593452,0.07843013658209848,2024
-0.27501272360339596,0.02883559426986341,2024
-0.26210877591888837,0.040373437841064216,2024
-0.26724148136325526,0.022543670932631467,2024
-0.1212606321668664,0.1177825077902262,2024
-0.1567669222916867,0.021120054173072268,2024
-0.1607488747401286,0.017839139875944522,2024
-0.16107527541008365,0.022157955131195853,2024
-0.1649832315226697,0.02051672860042543,2024
-0.16187796238153324,0.01910596697448986,2024
-0.16574815627588635,0.019460631457853397,2024
-0.17770448327364358,-0.02516713984428584,2024
-0.17752071820118848,-0.02796704381511969,2024
-0.17644845655012253,-0.02507876852685839,2024
-0.23914754781321246,0.003999631923322922,2024
-0.2403981725066282,0.0020260562273195504,2024
-0.23876722433253228,0.0020227661323498902,2024
-0.21612955161007613,0.05170939572028022,2024
-0.21901009488800727,0.049104459179629405,2024
-0.21947937719469962,0.05297290664242475,2024
-0.14282718699088381,0.07496309298941356,2024
-0.14389354805414606,0.07179489759746488,2024
-0.16817730909551076,-0.01862563444585915,2024
-0.16901944558924215,-0.01643578333545273,2024
-0.2164814490084347,-0.01724534545204373,2024
-0.21400931128148853,-0.014537915590996153,2024
-0.21548781925868116,-0.01671900357455606,2024
-0.23686987833606782,0.021643475137501436,2024
-0.23909667661314488,0.023227998273960833,2024
-0.23696200119592675,0.09164251420706886,2024
-0.2283710805846701,0.09763693636950739,2024
-0.22946952161381906,0.09415671632944334,2024
-0.10271046152504827,0.08945375570809203,2024
-0.09483825025878241,0.09052007746536188,2024
-0.0994787612894739,0.0882807512076148,2024
-0.09144781875810122,0.05332311437482879,2024
-0.08881343694315101,0.060293817607354874,2024
-0.09799651911140135,0.05542105586550793,2024
-0.14411959513211398,0.028748861834114313,2024
-0.1432899641756638,0.031714518701124,2024
-0.14389273835557825,0.03227790338777434,2024
-0.14131658372639627,-0.006966043881211859,2024
-0.1368935335780797,0.0052541060582276325,2024
-0.13592493612635748,0.005085419481302089,2024
-0.11065845532625114,0.08343322387278397,2024
-0.11855719643708824,0.07526836153245445,2024
-0.11930436159067288,0.07519323503728478,2024
-0.11051135518585771,0.01497773624123832,2024
-0.11266081399641618,0.012191176238355035,2024
-0.11462048208562108,0.007535094328929917,2024
-0.14834368374866036,0.0547610502045926,2024
-0.1422435567086468,0.05948005266440694,2024
-0.1422435567086468,0.05948005266440694,2024
-0.15163952179078882,-0.054184709836135936,2024
-0.14688898593705257,-0.05123166502002505,2024
-0.14851819304198177,-0.05228587681649284,2024
-0.0990612701320681,-0.19390248186208559,2024
-0.08434003298979738,-0.13999537322558248,2024
-0.07320910364911563,-0.15665956240567236,2024
-0.2385021320612492,-0.04421466976925076,2024
-0.08022639032751645,0.11038934215767014,2024
-0.09413174867294448,0.09882920214331983,2024
-0.09157125346442031,0.09719075498966165,2024
-0.10009242573920553,0.045765552393052446,2024
-0.03389083228689811,0.0633918009559265,2024
-0.19438931858869596,-0.0853328637279621,2024
-0.19515604329447583,-0.09652427066770594,2024
-0.19379506782357198,-0.0879856545012328,2024
-0.12803608498651253,-0.1151644470489454,2024
-0.08075465755777074,-0.10674856553691162,2024
-0.25405224820461497,0.04691576609611844,2024
-0.18885384316834763,0.045711425595303494,2024
-0.12267406544510863,-0.13722135364752755,2024
-0.1197321469344957,-0.13207647648711235,2024
-0.13447260325376115,-0.09336344476833497,2024
-0.13479957532420267,-0.09433767556879546,2024
-0.13507727759990673,-0.09462463679308608,2024
-0.1509858408888129,-0.04534973137548885,2024
-0.15097532052919077,-0.048774591484514324,2024
-0.14789715683405108,-0.08556447960063313,2024
-0.1450717750141119,-0.08720207855837347,2024
-0.14346143801573097,-0.08489981764062687,2024
-0.16892153846925323,-0.1167445003131379,2024
-0.13020669105708282,-0.12091721883088113,2024
-0.13036002001563246,-0.11955691089006903,2024
-0.13072154096408534,-0.12245471777802294,2024
-0.08808250691639825,-0.1473569119762109,2024
-0.09361867574150097,-0.14160978540975216,2024
-0.09245068800240565,-0.14284855805975416,2024
-0.04446044392568983,-0.1523420620248417,2024
-0.046282327667307346,-0.15182484137099655,2024
-0.048541983626415944,-0.18493007633765987,2024
-0.05188672171634827,-0.17884798772159388,2024
-0.0554210071382127,-0.18109832238320878,2024
-0.0784944966149735,-0.1933118014488339,2024
-0.0742746410034504,-0.18898689198795166,2024
-0.0785644178749222,-0.1906016070043178,2024
-0.10901708982903639,-0.1634166332308743,2024
-0.09853474058194685,-0.157458229491812,2024
-0.10112187572347033,-0.1606431752504947,2024
-0.13541254010097498,-0.10212035232320232,2024
-0.13667499999573024,-0.10432836634543174,2024
-0.13578192119015942,-0.04351781258399834,2024
-0.13858507534973463,-0.04767728953042137,2024
-0.13510189238492498,-0.04201292681043703,2024
-0.18708281652365705,-0.04691436642473436,2024
-0.18531705468604076,-0.054354219924547864,2024
-0.18122056794455838,-0.04245377978878152,2024
-0.15307571362576422,-0.06197406608088893,2024
-0.15420455313793852,-0.06574786904628657,2024
-0.07972356284213923,-0.20720655146841566,2024
-0.07808695693120772,-0.20239792253990943,2024
-0.0740608081619958,-0.2039744360182602,2024
-0.027913149811748875,-0.20447957902349229,2024
-0.027913149811748875,-0.20447957902349229,2024
-0.02261840719315726,-0.20759135910969967,2024
0.01824295176499567,-0.1619992629630419,2024
0.01887231282729339,-0.16510160699464144,2024
0.008877755554535488,-0.07460856414045929,2024
0.008877755554535488,-0.07460856414045929,2024
0.006594448559634605,-0.07814545184811163,2024
-0.06379686907136765,0.09564661532515165,2024
-0.07177106140542368,0.09317834955567729,2024
-0.06612649134110478,0.0970095020386174,2024
-0.09907068185194613,0.045268560566972,2024
-0.10306903975415359,0.045103271221340016,2024
-0.205901647511758,0.03576196188065399,2024
-0.2044829137948449,0.03725052509527925,2024
-0.21058855130564352,0.034423271866691425,2024
-0.1971973576131572,-0.04560946548881872,2024
-0.1989167572726837,-0.04574810937567968,2024
-0.19298877415925014,-0.03959884073335526,2024
-0.19932774493214805,-0.07638184925286164,2024
-0.18763840420469297,-0.06948097763647323,2024
-0.19016050723492278,-0.04991250886955945,2024
-0.2003170848578582,-0.06118286952074478,2024
-0.09568389155283637,0.027190829280384705,2024
-0.09396009893897915,0.029459602914644216,2024
-0.09841196237024709,0.025968515156247006,2024
-0.1473564622732289,-0.04307804714792686,2024
-0.13943930401243998,-0.04276642099140654,2024
-0.14347896320229386,-0.03565474759870314,2024
-0.08324874531597183,-0.002940031857638477,2024
-0.07793202532564754,0.00041850517328839015,2024
-0.08385942527915359,-0.011489748734719647,2024
-0.11848123294075937,0.005372192241188581,2024
-0.11667515144587616,0.011339818490382875,2024
-0.13518540441511406,0.001443499461668711,2024
-0.034284224104222896,-0.07632347556942133,2024
-0.029320350323961394,-0.0821978158339926,2024
-0.03983234779933727,-0.07777620243679556,2024
-0.0856974967016872,-0.09779953087791193,2024
-0.07978724160281918,-0.0984798222167455,2024
-0.08042193221328893,-0.09813476130767101,2024
-0.12035272446205202,0.0048025081605923906,2024
-0.1042911785435998,0.015309087213330692,2024
-0.10634120215872024,0.010829564516700384,2024
-0.16285595650568602,0.029273533459552692,2024
-0.16294578612378335,0.03359335669812867,2024
-0.1747412029510232,-0.10474119951329044,2024
-0.17679926287912767,-0.10477688504528213,2024
-0.1775496707215734,-0.10250558224474088,2024
-0.17544628199058065,0.06463555339128685,2024
-0.16884168441597258,0.06510223486991387,2024
-0.1719014394684354,0.06347479697068041,2024
-0.14420958353976904,-0.02237970515260368,2024
-0.13736316152698852,-0.02229531447873318,2024
-0.13722421653968908,-0.0185237165859701,2024
-0.13986066503896383,-0.17918305773837429,2024
-0.13424021279772552,-0.1754682684797188,2024
-0.13436888051934864,-0.17515146827111,2024
-0.09547473378734227,-0.1699161118759226,2024
-0.10120135428381945,-0.1744160663940924,2024
-0.10115545440225533,-0.17259102549798933,2024
-0.15609100580991925,-0.03635571822803184,2024
-0.15328164163989044,-0.028668379684474235,2024
-0.08639280943644669,0.04194299358308209,2024
-0.18948070021763536,0.11194954833850923,2024
-0.1857110641600231,0.11877864880651795,2024
-0.18066466518749136,0.13297674021027495,2024
-0.18277516051008552,0.000579139724638314,2024
-0.19000502347084686,-0.005873318637365857,2024
-0.22592666060242772,0.0295218814220004,2024
-0.22592666060242772,0.0295218814220004,2024
-0.22592666060242772,0.0295218814220004,2024
-0.24827890885404685,0.009595703505369639,2024
-0.24659215303350984,0.018908953522948222,2024
-0.15132732255731307,0.042241635361780244,2024
-0.1526502047677199,0.044295192116147755,2024
-0.1696873473287427,0.03474114725377262,2024
-0.12760133931384626,0.054201504262924874,2024
-0.13866392827032176,0.04470520378772768,2024
-0.1260403751328789,0.08212702544720912,2024
-0.12127171909584024,0.0864617921461701,2024
-0.0300657699746094,0.03611749017583892,2024
-0.03175881071438544,0.030786785647900813,2024
-0.06342665830977622,-0.009264105506692634,2024
-0.054514724509385507,-0.004763814628115953,2024
-0.14449034697319396,-0.14653371820715133,2024
-0.1417255112512666,-0.15097992629451426,2024
-0.14147549058305642,-0.1431494594335598,2024
-0.017086409192367605,-0.03688321601493347,2024
-0.021227662740375353,-0.043252877487429814,2024
-0.020421337645051343,-0.04653234483761853,2024
0.09079626357303783,-0.09351032303319529,2024
0.0867001221687618,-0.09078201237356082,2024
0.08463517165354764,-0.09465572657060739,2024
0.09008235985412441,-0.15628014008891794,2024
0.02642070619095753,-0.19926183089980476,2024
0.02876921315252895,-0.19782728349630307,2024
0.030599988571300585,-0.2000739201149262,2024
-0.1328737587984547,-0.16784510582016499,2024
-0.13729184171905423,-0.16546763652442814,2024
-0.13194843276901524,-0.16352332417635976,2024
-0.24665753830777515,0.036246430800786524,2024
-0.25298485103418084,0.03028771534080332,2024
-0.24665753830777515,0.036246430800786524,2024
-0.22742343345394617,0.010522110992806588,2024
-0.2304807034979281,0.009599755440700238,2024
-0.2265754106867643,0.02078866686755945,2024
-0.14690647596573259,-0.15313466266657527,2024
-0.15223673188876768,-0.15549158659319445,2024
-0.14690647596573259,-0.15313466266657527,2024
-0.11644941072421967,-0.178791942178148,2024
-0.11485001371641974,-0.17862176143409836,2024
-0.12322184986277825,-0.18348076366212923,2024
-0.16119828580861928,-0.1886893103273548,2024
-0.16416404832998593,-0.1909834285544371,2024
-0.16135996537983482,-0.20530242589632675,2024
-0.1557135259106298,-0.20471287836815527,2024
-0.15525034470152776,-0.20085403346263414,2024
-0.1545856734976478,-0.20648565145060419,2024
-0.15608320110433183,-0.20592832119588583,2024
-0.05299341735160991,-0.13036341813928742,2024
-0.05596886162570362,-0.1366601463071776,2024
-0.051851546813934155,-0.12670227656785737,2024
-0.1599341319984275,0.1028210966523159,2024
-0.1671155820423041,0.09968538063270974,2024
-0.20955068239505548,0.10285182157366407,2024
-0.21867326388994907,0.09369441527703404,2024
-0.2147608455684023,0.09884327054820854,2024
-0.24764683011400296,-0.04504673642995935,2024
-0.24189080008105351,-0.0389761093090069,2024
-0.08602432835288719,-0.19059071813894407,2024
-0.087320151447861,-0.192697040060475,2024
-0.0860875716152991,-0.194004602458906,2024
-0.10363299945761438,-0.1832172516122173,2024
-0.10599627020963183,-0.18367597119048304,2024
-0.13749073653292726,-0.18118232764877196,2024
-0.1350113793228485,-0.18303152406959633,2024
-0.13762856824655628,-0.18201586227351385,2024
-0.12541540392290773,-0.1606807898658398,2024
-0.1269148090013259,-0.16333415434930978,2024
-0.12687692866885852,-0.15922928958029803,2024
-0.08597935167862127,-0.17244290108508975,2024
-0.08586634327265942,-0.17203173638278293,2024
-0.08586402118266652,-0.1729162140300755,2024
-0.18053150155251857,-0.060560417193252405,2024
-0.16871141942876117,-0.05433597541844422,2024
-0.16884476084418143,-0.0557280517152766,2024
-0.18254564186274896,-0.0071814717217106305,2024
-0.17237224991561229,9.005618809365679e-05,2024
-0.17121424757428283,0.018078949641133116,2024
-0.17634776076638675,0.013968935401242014,2024
-0.1801165657453772,0.0035441566443168288,2024
-0.14275496631996532,0.012830819202822117,2024
-0.1529606926348413,0.007019835203863761,2024
-0.1314767450619544,0.030719736063686966,2024
-0.13141453670085362,0.0412553832590461,2024
-0.11787689660211899,0.05088688025496821,2024
-0.09687098089771547,0.07891440968063612,2024
-0.09208862802088892,0.08158854637926194,2024
-0.07507814051926588,0.1045165931656486,2024
-0.1005416256803801,0.07186377732793794,2024
-0.09393386104105052,0.07887346090352328,2024
-0.13486299640261762,-0.1161795336704688,2024
-0.13353268130518342,-0.11983037254542256,2024
-0.1593037657628268,0.10527084640344603,2024
-0.16067007661159327,0.10813105354229717,2024
-0.16287066426674518,0.10505656928939275,2024
-0.1391962961724259,0.05518855122067961,2024
-0.1328142646450608,0.06310873396828366,2024
-0.16446410765696545,-0.027474652768416,2024
-0.10764882684095196,-0.08936420605118778,2024
-0.1183828825662132,-0.09229508076651446,2024
-0.11914724236405531,-0.09326655806728959,2024
-0.11842983057292582,-0.09006076050441747,2024
-0.129688572078699,-0.1620212375625157,2024
-0.06876325498761314,-0.16980797867608025,2024
-0.07902034829334394,-0.18038631818972578,2024
-0.11516136641121848,-0.14365743178686596,2024
-0.11331217849752225,-0.14059227543119,2024
-0.11977664750935797,-0.14166997189238376,2024
-0.17590802915202547,-0.14695479059812327,2024
-0.2445254032037008,-0.11536819223400768,2024
-0.11935294215849714,-0.16815746684761618,2024
-0.11269765502417085,-0.1866722721648547,2024
-0.10845121357343716,-0.18542304708027338,2024
-0.10907650590879243,-0.1809460197872686,2024
-0.15007456271171093,-0.007085057810387971,2024
-0.17410166605737915,0.06956640645176386,2024
-0.17010064208080827,0.06967075492192118,2024
-0.15373884372320812,0.1449445342802259,2024
-0.24828229409315827,0.14051527723819018,2024
-0.23238012720636453,0.14555664164304166,2024
-0.2427655068720454,0.13720093628807695,2024
-0.2683879894226302,0.06097743837498763,2024
-0.2670081729717221,0.06258742729573831,2024
-0.280192376496841,0.04916253616482059,2024
-0.2047960558328078,0.09586356848534715,2024
-0.21815351625828,0.08301197455397721,2024
-0.20769272856545,0.09013185236027277,2024
-0.16642951635083442,0.08210068406389336,2024
-0.16347127152404312,0.18135753385609965,2024
-0.17474836272549804,0.1702804967412347,2024
-0.16417873535724675,0.13144906546956742,2024
-0.15943907221569242,0.10675941973940471,2024
-0.16567175681483293,0.09080596565528144,2024
-0.2124090224304302,0.08034121625828539,2024
-0.20548013574796453,0.08651791021602229,2024
-0.180098081915452,0.1013077658624417,2024
-0.18418321609179905,0.1052262679909909,2024
-0.18254168120859582,0.10764694454744878,2024
-0.13310401247448866,-0.03579992440019068,2024
-0.05150296975033354,-0.0466895591566497,2024
-0.040239556914931265,-0.09457282044522647,2024
0.020542272988639546,-0.18654754529818163,2024
0.005682512543636317,-0.19801376246142033,2024
-0.028101660681218152,-0.23950796867987273,2024
-0.039795171684704325,-0.22876828162221202,2024
-0.11895516537809632,-0.11827662975000047,2024
-0.0653288913134011,-0.20591938861509862,2024
-0.04568948018767681,-0.12391287771313425,2024
-0.10431392967501997,0.17064747044872186,2024
-0.048447519373578676,0.1875472198002079,2024
-0.06612259384649018,-0.24558954829315582,2024
-0.12439387433818026,-0.16619365920567328,2024
-0.09049193160847542,-0.16293250874158788,2024
-0.0863697062875224,-0.1281142633301534,2024
-0.09160738967682987,-0.15622590315254523,2024
-0.10289075185166176,-0.15950739878122489,2024
-0.1187347462414154,-0.13785209943914822,2024
-0.07472493175294266,-0.12408823848528838,2024
-0.07555284237768019,-0.18898334390139007,2024
-0.04706484889694869,-0.1231387178406338,2024
-0.08303987254321661,-0.07682887863483953,2024
-0.09287403277916655,0.06782373557739796,2024
-0.06201460839941965,0.04573446661108636,2024
-0.1578408312953844,0.04962349539471065,2024
-0.09446623913813125,0.05511999572147319,2024
-0.1838316993065387,-0.023590539846743426,2024
-0.1813133989097701,0.010752754495663881,2024
-0.1991203788796107,0.026510671792878908,2024
-0.21788410259018848,0.040525382211738036,2024
-0.16699041444764506,0.040421500124355726,2024
-0.1845271159462013,0.029156620614925084,2024
-0.11205562832945705,0.1300090985360895,2024
-0.18005556402404782,0.025971283210535927,2024
-0.08879777478473629,-0.06917187510387918,2024
-0.08617708870522912,-0.029476988289881045,2024
-0.09608407458190889,-0.005954929256540564,2024
-0.14406370652140588,0.0240218230904789,2024
-0.11386163319208832,-0.07394791393221775,2024
-0.09964287354114283,0.0780466311489681,2024
-0.08365024419529206,0.02425251810715991,2024
-0.12599746021117986,0.08673704413828459,2024
-0.189574716717555,0.060094090405169845,2024
-0.12394098188467396,-0.1559831384319805,2024
-0.06527674257192385,-0.17188889333913063,2024
-0.11449402419524853,-0.14600174490326442,2024
-0.11443421503904218,0.031237739413853407,2024
-0.2036168615629027,-0.04814453463617886,2024
-0.1797310933426295,-0.0007126948157428481,2024
-0.08743243507956878,0.0722935746483272,2024
-0.12357948402379927,0.17706329874512877,2024
-0.20329572206005758,0.09123286838456043,2024
-0.16226635999105227,0.044875309673938026,2024
-0.13045345249080936,0.03982240787924882,2024
-0.14455138049623478,0.07226288232337638,2024
-0.16119301479131748,0.009322935203849171,2024
-0.1379927730423608,0.03497399627122812,2024
-0.1629388451251486,-0.13154649308068292,2024
-0.13885868870396184,-0.07271365099174847,2024
-0.13988564632451916,-0.09537164966565001,2024
-0.07116475897195264,-0.13833174700135598,2024
-0.022750383721670944,-0.16527682838867247,2024
-0.07951733294473524,-0.15355445389143418,2024
-0.08027623234793525,-0.12445830000090813,2024
-0.07404029848871203,-0.1902350545371545,2024
-0.04251908167330788,-0.20289476779392504,2024
-0.11391600804604092,-0.09462301234358014,2024
-0.09699085820896484,0.021634731792142606,2024
-0.09272739286798022,0.06665566589211433,2024
-0.12160065354011561,0.16241956712551958,2024
-0.13134300639756946,0.09571705643396432,2024
-0.07265257512729574,0.014651447795970794,2024
-0.0724465561708227,-0.17722957155855987,2024
-0.08174732130002023,-0.04023762641166666,2024
-0.07253493941876164,-0.10235410844771736,2024
-0.09647952136908171,-0.04164756374686576,2024
-0.18287413059794505,0.08462860221684126,2024
-0.1548403894377291,0.0033497619859378935,2024
-0.15381267642226304,-0.037326138134852235,2024
-0.07633407182263695,-0.05221584758209351,2024
-0.13311416573334878,-0.0543813302084135,2024
-0.11842950917106222,-0.10908315801089682,2024
-0.1117141031047519,-0.05468849447198279,2024
-0.2083942079950477,-0.043722610592654254,2024
-0.1496267973765974,-0.026756292458088526,2024
-0.12589144319501838,0.01705472236623473,2024
-0.15808434400365112,0.05864530823707744,2024
-0.11747170783922158,0.009030584435115292,2024
-0.05907103545303334,-0.10702442247566707,2024
-0.08154586926818631,-0.1495058089314777,2024
-0.11445914800690081,-0.14919291590043704,2024
-0.13801436634409964,-0.1052755578574392,2024
-0.14536638274271996,-0.0674549833696455,2024
-0.10109715098240003,-0.022383223314844512,2024
-0.14364393443421014,0.0018078745557133236,2024
-0.1198311744171668,0.03514160726993512,2024
-0.10159363828682706,0.1266964689118596,2024
-0.143774334504298,0.07341591487550543,2024
-0.16441899357176304,-0.02787357151375569,2024
-0.13241455358464627,-0.04837612491596162,2024
-0.14277693788043128,-0.07250156934093167,2024
-0.1391538031272344,-0.03066404644577958,2024
-0.10712561792773036,-0.03617450938719645,2024
-0.23347421387420203,0.059623455193412014,2024
-0.2362494761568082,0.05922842369751739,2024
-0.23685804323164367,0.06041916724548828,2024
-0.2062156638129271,0.07174544663674388,2024
-0.2110359468765654,0.0635805878000526,2024
-0.20987646086796807,0.07022929238714848,2024
-0.15152492627330905,-0.002646091161046929,2024
-0.14983750853538536,-0.006930629679902808,2024
-0.15489682673434008,-0.004766330726692455,2024
-0.16801023810880505,0.06370029121434737,2024
-0.1748317425531158,0.12038360661782284,2024
-0.20193446979992502,0.10417309633837671,2024
-0.17543617882195484,0.11964475327162621,2024
-0.22555077330769607,0.10808757451851905,2024
-0.22187747599162727,0.11842460724890742,2024
-0.22917888658949498,0.15705045617380536,2024
-0.24068366945911057,0.1488879441965537,2024
-0.22804959773984818,0.15741962349162986,2024
-0.21412119613290204,0.12984241995843293,2024
-0.23035793318583286,0.11398526879589645,2024
-0.22684787918631122,0.12156179788671036,2024
-0.1658644241527064,0.15837970647710659,2024
-0.14436811658293291,0.18674270852671035,2024
-0.14436811658293291,0.18674270852671035,2024
-0.20697281097243742,0.14696736013565265,2024
-0.2234639417219113,0.13354112000218393,2024
-0.20313628313610005,0.14768095466801479,2024
-0.16676463532438607,0.11440062404760643,2024
-0.24670993203789104,0.07287617925187445,2024
-0.23748305622026822,0.0751006834874525,2024
-0.24671764771972238,0.06886432936086904,2024
-0.23770620719410612,0.04479723451850988,2024
-0.22593640797398923,0.028762239576375317,2024
-0.22610621392556446,0.053864418580502525,2024
-0.21736644985341985,0.05614976489836575,2024
-0.211700246181936,0.06438770176830882,2024
-0.139121610031891,0.021971031988909685,2024
-0.13066510775493317,0.024970658008227783,2024
-0.1386346111249957,0.01914221715536868,2024
-0.19172396190535873,0.04628073649603817,2024
-0.18973745439578976,0.05008099849473316,2024
-0.18177459601150286,0.058723729683530984,2024
-0.16666235200246882,0.01762557223895648,2024
-0.16808070575805717,0.013871147900710853,2024
-0.17139140111211626,0.013471932409367449,2024
-0.15681498816398498,-0.03370927971840959,2024
-0.16784994777305778,-0.029697191388749725,2024
-0.15874823996541615,-0.02681773580172525,2024
-0.16413413043844033,-0.03586386161470766,2024
-0.16938268766982467,-0.0348164828987053,2024
-0.16116620842756263,-0.0311981464522586,2024
-0.2312751749837748,0.013673566950633091,2024
-0.23412899209314536,0.012143271437147898,2024
-0.2385367540812251,-3.253615507466112e-05,2024
-0.25817746576680084,0.048951531946203136,2024
-0.2607852951808492,0.03783200841946739,2024
-0.2586307742488821,0.04868493251644403,2024
-0.20642130482838544,0.07516088946284277,2024
-0.21413479437663968,0.07191315979049266,2024
-0.2132136551446766,0.07554083205336418,2024
-0.200116707286232,0.017302325303416216,2024
-0.20440152196503636,0.014588805996177796,2024
-0.17122210427755652,-0.015577510288545718,2024
-0.17855722764022613,-0.02119384244271596,2024
-0.19465376896434056,-0.027376742006890692,2024
-0.18607774051621156,-0.020290479966651627,2024
-0.18418048252357255,-0.026087992167089263,2024
-0.13566104175650484,0.00591255041433511,2024
-0.1372561724990794,0.0001961497592924688,2024
-0.1393447928069711,0.0047165035376693365,2024
-0.18436929673682417,0.10564222711939573,2024
-0.17416284285817668,0.11493129796168912,2024
-0.002837646649880385,0.14667774517070206,2024
-0.019463533336904065,0.1367672567939869,2024
-0.15249317610749608,-0.14367590311629094,2024
-0.12581659271908202,-0.0324850278503714,2024
-0.14976083015826697,-0.041582259185913864,2024
-0.16815385023800666,0.009957859633253012,2024
-0.14375954274784564,-0.05354243692777616,2024
-0.1533843118739311,-0.06417252864508147,2024
-0.12847839802024547,0.07952206085068106,2024
-0.07910068767866273,0.015136788259489678,2024
-0.044597454545184725,0.03823165680131522,2024
-0.07098941331851565,-0.043905140258602454,2024
0.04005636354801955,0.02093232224963249,2024
-0.023402578041781835,0.09377071070087258,2024
-0.0925447285911326,0.1644697768803517,2024
-0.19582028952958924,0.020435578715134718,2024
-0.12939029253701323,0.07926479055479752,2024
-0.18231395254107602,-0.05447342155097136,2024
-0.16284066886379817,-0.13739051740495684,2024
-0.13533527794729505,-0.08239447272842036,2024
-0.1503336581540336,-0.05938372032975689,2024
-0.13410620533205198,-0.05417141709239515,2024
-0.15884764540737972,-0.10133955723752677,2024
-0.1650763629061936,-0.05487612010733478,2024
-0.15762586054803707,-0.0021179596776489534,2024
-0.09955359614926403,0.19430270817178003,2024
-0.09964164524253634,-0.1354832970708355,2024
-0.04837293672768113,-0.14842404826325523,2024
-0.11584948051572679,-0.11358454417346023,2024
-0.104566515624622,-0.0738417501358241,2024
-0.07035689793642715,0.1908678574769557,2024
-0.1295202896148548,0.1740469925525464,2024
-0.11536689613344166,0.08117150592352246,2024
-0.09983993748383081,0.0017273581005625566,2024
-0.11932048171852762,0.004143140005788221,2024
-0.05991623275242185,-0.10030451560160375,2024
-0.11408820562918949,-0.1008517581939376,2024
-0.10406179253097593,-0.180036191616335,2024
-0.12165597636868454,-0.021289682749604362,2024
-0.17474206005280862,0.038316015141887864,2024
-0.15991525528015682,-0.02125049819780884,2024
-0.13122594709002333,-0.12488170835460313,2024
-0.06260465260921715,-0.19303529285133617,2024
0.11955469201323979,-0.17442413183727018,2024
-0.0740279511844754,-0.13592318230433761,2024
-0.07527101036684834,-0.03364345939205936,2024
-0.04320235255684625,0.06187328038988074,2024
-0.06209412011879335,0.08149511027301197,2024
-0.09029617898646146,0.08464214375107143,2024
-0.06250634661431297,-0.16169839412977977,2024
-0.05849862753970232,-0.17657251746020816,2024
-0.09441589259275408,-0.18335568319869705,2024
-0.012353477892515827,0.08876846419951218,2024
-0.0431804863661185,0.11792906974937131,2024
-0.13478868164080338,0.043915857197836666,2024
-0.10317688877318794,0.061242773039085256,2024
-0.06846759912201932,0.0506123998760596,2024
-0.0673093645435155,0.052842312288389454,2024
-0.07321178224607115,0.04439647531955461,2024
-0.05066889514793317,0.06789600145924836,2024
-0.0542790771739239,0.0625853128558975,2024
-0.048010420910536075,0.09190001526227778,2024
-0.12160023928755871,0.04203207032355141,2024
-0.09360168974578408,0.04699934085102497,2024
-0.18825068539654471,-0.03493947512277251,2024
-0.1782684499129914,-0.039241477432622185,2024
-0.18242356817562533,-0.02700074891315203,2024
-0.09330247640208884,-0.03929675836649621,2024
-0.11502054083673836,-0.08107876076432868,2024
-0.1113127636324961,-0.07700834580154996,2024
-0.11086596924960208,-0.07665655998711246,2024
-0.07044803862699815,-0.11980394861469881,2024
-0.04031356797255882,-0.0692694238989677,2024
-0.05570121994205442,-0.046285965092049616,2024
-0.12326728923578319,0.04611781500761605,2024
-0.14718587161583108,0.14191056383083603,2024
-0.14695912142847395,0.14380062235578867,2024
-0.14166294919483052,0.1457463275093491,2024
-0.13306610817973674,0.07047861107876778,2024
-0.13417569964167653,0.0679231651125051,2024
-0.13094620577070476,0.07435277531863657,2024
-0.15362636713508787,0.09427651841588358,2024
-0.14350779828436938,0.1165127656213838,2024
-0.09619456579018203,0.12932801026910182,2024
-0.09567039338874207,0.1319320800673034,2024
-0.09990181169012276,0.12626663016644205,2024
-0.2313337627919207,0.16738880898940273,2024
-0.22264843668105505,0.16835995346140512,2024
-0.2337192442259643,0.15573853992301911,2024
-0.24752257634565955,0.1367007681930839,2024
-0.2479569526773014,0.14135294123496076,2024
-0.2372555617825155,0.1283226878515885,2024
-0.242338521032968,0.1220426047190693,2024
-0.23469745820332344,0.13305692070638764,2024
-0.2822201665505781,0.12258189021688892,2024
-0.27946395887705416,0.12960709387430744,2024
-0.13177444193485266,0.06678311674078989,2024
-0.12593369800162402,0.06929369367917818,2024
-0.1557988804537927,0.0017118592818637646,2024
-0.16046350795504555,-0.005760218877091883,2024
-0.15324165045102284,0.0035892457060545183,2024
-0.15441030440950437,0.00663158434608771,2024
-0.1380472434608213,0.016316578743327696,2024
-0.23519369001767437,0.10974746758696954,2024
-0.22707154208688468,0.10429117632646831,2024
-0.2265855234789409,0.11383418359711951,2024
-0.1836132778140081,0.014807159111619367,2024
-0.19462806906018054,-0.002388947474510121,2024
-0.18061054467759913,0.018240037750417604,2024
-0.23377525017385042,-0.05280410800808227,2024
-0.18183012338179433,0.022470646448611846,2024
-0.17877893200037248,0.027005163037729332,2024
-0.17877893200037248,0.027005163037729332,2024
-0.10235935511497936,-0.031964060196481514,2024
-0.09418941321907308,-0.023103012721630477,2024
-0.11226873455781837,-0.08073843425685495,2024
-0.12541225684478186,-0.08136894276117486,2024
-0.10881843399428655,-0.07767355630012673,2024
-0.06003005075836988,-0.022480967229850962,2024
-0.057639540383796276,-0.021040084297275434,2024
-0.06641526746947375,-0.030214808069454355,2024
-0.13935161104501986,0.00587834268334915,2024
-0.1268903265770202,0.022369982769189674,2024
-0.166029531496304,-0.0061299818073084905,2024
-0.1692411035259957,0.0017569391534888665,2024
-0.17025970844273042,0.00012698970772860585,2024
-0.1790774711417804,0.05106660449290991,2024
-0.1707294243570976,0.06110184889563213,2024
-0.13801886497676585,0.07626905496788544,2024
-0.15477181719896393,0.06972264387235087,2024
-0.13901452426592265,0.07595028926027095,2024
-0.02022775393672918,0.1619386301563377,2024
-0.02022775393672918,0.1619386301563377,2024
-0.046431059308691805,0.14568376639058161,2024
-0.09963319739515177,0.12787890013775505,2024
-0.08327679685544083,0.1385666367038464,2024
-0.1827743699939493,0.11647641913413848,2024
-0.1802488811525242,0.11684918598278803,2024
-0.18226127258256747,0.10281777528076429,2024
-0.20400668538792455,0.10793594151466358,2024
-0.11024640079905797,-0.01795967297095239,2024
-0.09254382412246913,-0.03632139293156829,2024
-0.09986763742193379,-0.05384250674378395,2024
-0.08504983847212717,-0.037480457665110684,2024
-0.09557690770570841,-0.06004038721037526,2024
-0.09222118416419493,-0.048890255478442196,2024
-0.09172869392361029,-0.04848591819276919,2024
-0.14128280694592743,-0.0328915838961734,2024
-0.15097418242520827,-0.028198589535092647,2024
-0.19776623677732363,-0.018443990161392254,2024
-0.20773806982120652,-0.023379544173727923,2024
-0.19630379174434376,-0.01603551917584521,2024
-0.17979875259465694,-0.0063015502407789345,2024
-0.17807735762232435,-0.0033095977154461304,2024
-0.1807488227437019,0.008203218084235384,2024
-0.17273546972950127,0.012459588403060707,2024
-0.17721842232273494,0.0037212305563803297,2024
-0.23738781506611256,0.019357122315816808,2024
-0.24542737205603937,0.016187092218309516,2024
-0.24829581728643518,0.013716803727756004,2024
-0.1325928616051783,0.1422799320550623,2024
-0.13713819512693165,0.16171526924355187,2024
-0.13570268226167248,0.16358732830588663,2024
-0.1333115472594335,0.0723227317142574,2024
-0.16604594045809168,0.03760162553701089,2024
-0.1613520854008506,0.041978092822831506,2024
-0.1531046965585628,0.03397506176872982,2024
-0.061988333138859555,0.07650877825633975,2024
-0.07326055899469609,0.06301168625133616,2024
-0.09326786014855983,0.049203199629620595,2024
-0.07549684799877253,0.07604192267257623,2024
-0.0986944011197305,0.06511903180914334,2024
-0.09159153706865299,-0.11148026225912122,2024
-0.08966479010168323,-0.10815949299573022,2024
-0.0926003107189254,-0.10966616073979096,2024
-0.09887796374172016,0.09121779144122222,2024
-0.09825722578261518,0.08689215273220274,2024
-0.15063493954671814,0.0827415491579038,2024
-0.13985761968764215,0.09966746534061664,2024
-0.14109831026146508,0.08988661320720408,2024
-0.09009662069613274,-0.0940426246497355,2024
-0.0911566305462133,-0.09204603052600174,2024
-0.09629792430177485,-0.1010281095390084,2024
-0.19051498353391721,-0.04151081832583703,2024
-0.1904215228597822,-0.04509288227592015,2024
-0.19569094391486203,-0.04357815226768655,2024
-0.2104284036974557,-0.048398101507346594,2024
-0.20543645181840003,-0.04611829447466116,2024
-0.20541463858085335,-0.042841796905629656,2024
-0.16038386635039176,-0.037640053163510614,2024
-0.16038386635039176,-0.037640053163510614,2024
-0.14260643878133206,-0.07780332807971262,2024
-0.14933404092483615,-0.06771218865570276,2024
-0.1475310104747405,-0.06294581636007669,2024
-0.15139107308886401,-0.06588245521380268,2024
-0.12327597095859173,-0.10183325487302039,2024
-0.12778021928351396,-0.10464966408588611,2024
-0.13269921653722055,-0.11643002997511886,2024
-0.15064314025272957,-0.03518410037086095,2024
-0.10818743616588182,-0.08846517530582751,2024
-0.10592774156238284,-0.09105462435935413,2024
-0.10583752466159664,-0.09809649963176145,2024
-0.05740930847035276,-0.16345506695310563,2024
-0.05408879983547678,-0.1605419279958379,2024
-0.11642795939342611,-0.11637871805787495,2024
-0.11284368396745693,-0.11023817260675847,2024
-0.08279971211298472,-0.06052998070357074,2024
-0.09569090084637961,0.0361908179645601,2024
-0.09663353526319364,0.03716206101898292,2024
-0.09215296707376448,0.04007313026684442,2024
-0.10834155548440245,0.10936862315916165,2024
-0.12214359216565986,0.10793072590461666,2024
-0.11118304165473851,0.179486226205524,2024
-0.07322087114419724,0.22049991362761484,2024
-0.08414018536712699,0.2117010138311055,2024
-0.11593353193982818,0.18704003547396578,2024
-0.10399989371968112,0.187237564045153,2024
-0.12607154805101278,0.17838494682007502,2024
-0.16979180249339892,0.1553044468187551,2024
-0.12928474749804547,0.18805978388534572,2024
-0.16646801799400235,0.16660241972897086,2024
-0.07497991220544188,0.05961504137139685,2024
-0.0785890572578171,0.060710343281193166,2024
-0.1174483975761977,-0.04517823102600395,2024
-0.1567353406524481,-0.014703356005639448,2024
-0.15370778240629945,-0.012636538758564228,2024
-0.1739328655523032,0.004355768156731624,2024
-0.17744120395292567,-0.005395103991795859,2024
-0.17194985399705837,0.006989744530773043,2024
-0.10660543449572164,0.016231442592870744,2024
-0.12396369151054108,-0.002381328137308389,2024
-0.10660543449572164,0.016231442592870744,2024
-0.13586798199656208,0.02975328332185928,2024
-0.11586852834144261,0.04931068973770544,2024
-0.1283227544640868,0.04056412156158707,2024
0.012258019062226094,0.0344306574856663,2024
0.03300569679484289,0.05179944453286971,2024
0.018769247742026193,0.03841132009335941,2024
-0.1036807994575966,-0.08283858937864777,2024
-0.11149708490880213,-0.07794912881165691,2024
-0.11215994681507525,-0.07594635636156188,2024
-0.005572549871778132,-0.10954255684223652,2024
-0.006179431931859755,-0.11276583418391256,2024
-0.004502109990098521,-0.10625740610975543,2024
-0.03228960872606319,-0.0920979329941296,2024
-0.03239534017254793,-0.09987732181499667,2024
-0.029414373105041677,-0.08846799054417318,2024
-0.03856000182464399,-0.07994775408837491,2024
-0.04103541690021319,-0.08445295837329234,2024
-0.07919521273823489,-0.14614497900228407,2024
-0.16677649786665388,-0.048574647332437285,2024
-0.16846879430003686,-0.04846397347245347,2024
-0.08708784976696717,-0.08813455187945007,2024
-0.0907613055907961,-0.09134126899777303,2024
-0.09307053848129278,-0.1038845686267574,2024
-0.13539760687567104,-0.06326269392374342,2024
-0.14378787463360493,-0.0714072492125294,2024
-0.14234762744034485,-0.06932326175571671,2024
-0.1147660043424611,-0.05792667144525765,2024
-0.11352792707742294,-0.05340611694903136,2024
-0.12339153077134137,-0.10720477713405219,2024
-0.12253062695045487,-0.10279526709560713,2024
-0.12462048819837375,-0.10033473997432413,2024
-0.07960956432289444,-0.1432815245437017,2024
-0.08371811776078454,-0.1427832507186092,2024
-0.096792492162234,-0.12517157746897437,2024
-0.09059494220140847,-0.12342157235574741,2024
-0.08969140580036318,-0.12186422357310803,2024
-0.07443021064528428,-0.1399481869129813,2024
-0.0770340404775028,-0.13193241762235083,2024
-0.0808089943687252,-0.13555868071747895,2024
-0.22436979061154244,-0.04984544446073452,2024
-0.22324994491203914,-0.04918902436182697,2024
-0.22638584231945857,-0.05685802847730266,2024
-0.2245310996002277,-0.053128327975395795,2024
-0.1641773688928303,-0.11145317353826695,2024
-0.16366782758496085,-0.10977878814852432,2024
-0.1320996689650385,-0.17752276804605835,2024
-0.12964634213080806,-0.1762476184568229,2024
-0.1010429590420978,-0.20824393592197182,2024
-0.09863679036510185,-0.20694007193296443,2024
-0.08903156018797577,0.03810618795852084,2024
-0.1000683531006454,0.02997587697656427,2024
-0.10058126679158254,0.033977442780083036,2024
-0.13938441238887528,0.11273358452078175,2024
-0.11951847764389874,0.11923956237803232,2024
-0.1399763118044406,0.17451842604097992,2024
-0.11431731712179029,0.18888446547243387,2024
-0.1211230729850571,0.18734254967271496,2024
-0.19838762306740204,0.20733707764657783,2024
-0.20595212407906954,0.20170725135238576,2024
-0.2062103940487922,0.19945462581290374,2024
-0.1299919046252822,0.20295838392215287,2024
-0.12794797544118075,0.2030930251738548,2024
-0.1299919046252822,0.20295838392215287,2024
-0.10075135309196138,0.2069248060566925,2024
-0.08831284861504875,0.20632332966589875,2024
-0.08462499806266992,0.19876923907138994,2024
-0.08834258263892099,-0.011554801485309942,2024
-0.09340997518506557,-0.014300818995573936,2024
-0.08346277670719814,-0.00334511225767805,2024
-0.052954147412793126,0.1278667683855504,2024
-0.055768653642458796,0.1269148173043389,2024
-0.0643441136267104,0.1161628589152998,2024
-0.09124176108985312,0.15863486573983568,2024
-0.08140245648660736,0.16590575250028727,2024
-0.08140245648660736,0.16590575250028727,2024
-0.11462428391500436,0.1763895389243896,2024
-0.10312589564711767,0.19476259848555172,2024
-0.08430339513646244,-0.08164349151882694,2024
-0.08999352936785128,-0.08770803934748705,2024
-0.07972504947577493,-0.08623183592158859,2024
-0.15031252124527167,-0.03541778766480798,2024
-0.15229131966050152,-0.04749035052921474,2024
-0.15058766751311065,-0.034310864673766345,2024
-0.08359345082505538,0.0712663303833324,2024
-0.08465428090157574,0.06876431869416298,2024
-0.07643226136110419,0.07599239482085464,2024
-0.13691493089252327,-0.02031058054970361,2024
-0.13755836628355278,-0.031031945090986543,2024
-0.13772595332094012,-0.020778518264307065,2024
-0.08610333627277851,-0.01732154888413953,2024
-0.0970418825450927,-0.015835466279877787,2024
-0.0886916410203585,-0.004688046565841375,2024
-0.09820137387555701,-0.06443942980264941,2024
-0.0842427299675917,-0.057065088270505826,2024
-0.11011576391515253,-0.07993613140293399,2024
-0.11172370787995435,-0.07801969512159282,2024
-0.11128545347700645,-0.07845912741091682,2024
-0.05228241910938532,-0.14418988724504353,2024
-0.05774417061377328,-0.14517710881081455,2024
-0.04801886873445897,-0.15080290349990966,2024
0.013826263950334247,-0.17249658020937778,2024
0.012806477583550885,-0.1760914251044416,2024
0.00968924269994928,-0.17604145921204561,2024
0.023179004593934446,-0.14858043792764125,2024
0.017224756124964144,-0.15718930659844393,2024
0.09306425113099415,-0.09974932269617356,2024
0.08608654627054178,-0.09397158807833747,2024
0.07723783687013987,-0.10251482442194229,2024
-0.019605107988105788,-0.1759876889959827,2024
-0.023519226551370245,-0.1736686642208412,2024
-0.020571903903989164,-0.17364421162422417,2024
-0.05881162391680718,-0.04985733986417665,2024
-0.0576284860577211,-0.0703893375832649,2024
-0.10544350969558534,0.15165977521542592,2024
-0.1178138691768137,0.1450513609574397,2024
-0.10169606295101959,0.16769797137982012,2024
-0.13367888878852785,0.13985525454500713,2024
-0.1396405426004224,0.129091344834127,2024
-0.13580802877010928,0.1373286509562295,2024
-0.20466441250532713,0.1032570948627912,2024
-0.19115921355156157,0.11466492787850285,2024
-0.19893743307898953,0.08573923132854736,2024
-0.15113762182677554,0.10512443206001341,2024
-0.15113762182677554,0.10512443206001341,2024
-0.1611748511692656,0.09792702798755154,2024
-0.04412133347824444,-0.08026553139010628,2024
-0.04884321432984216,-0.09102227541350133,2024
-0.11053452693656009,-0.07612849340303472,2024
-0.11516502771733132,-0.07872418630323211,2024
-0.13718163715929743,-0.028797169909509673,2024
-0.1297495168305023,-0.017892946677546394,2024
-0.1251293521248954,-0.01520390092015246,2024
-0.08655275617791088,-0.012706397012630564,2024
-0.0868739733700744,-0.012667406679825258,2024
-0.08759715491622612,-0.009794020153091249,2024
-0.08201242415470443,0.06474216045144994,2024
-0.0866256747104129,0.05501247097500791,2024
-0.07772397423966963,0.06858740969815999,2024
-0.010283570019826507,0.07620453819519996,2024
-0.0007165709301699547,0.08368444220288415,2024
-0.004528142271328389,0.07875138695802633,2024
-0.08746694574732429,0.04006734489364979,2024
-0.08746694574732429,0.04006734489364979,2024
-0.0904810880864222,0.027453361467728664,2024
-0.11073746876430536,-0.026816101383390495,2024
-0.10446666114051882,-0.024398192853470835,2024
-0.10895439700303107,-0.02080575418122005,2024
-0.11340155012011686,-0.06980360432457605,2024
-0.10937896491924322,-0.06363677266620296,2024
-0.11385466777497051,-0.05970254409172138,2024
-0.020536808603201742,-0.12899409322974237,2024
-0.026430496060144318,-0.1408017813611297,2024
-0.1855450792284445,-0.07419399214832821,2024
-0.1863364038480287,-0.07510719437867769,2024
0.0731960126100011,-0.11659004597195366,2024
0.07158438620423688,-0.11293046586555769,2024
0.06879136346396836,-0.12276978934834337,2024
0.05697850307710076,-0.1348463970918904,2024
0.056995704973270715,-0.13547621694220868,2024
0.057646222770027025,-0.138019089598777,2024
0.0166143412105572,-0.20185823116530854,2024
0.019167007916830722,-0.20243963099902915,2024
0.019167007916830722,-0.20243963099902915,2024
-0.05820529897252068,-0.18848881717486426,2024
-0.06809693953520214,-0.19779783685066052,2024
-0.059140253174731636,-0.18856932319926367,2024
-0.100214837848157,-0.0703764097183611,2024
-0.08813616521227931,-0.06413031918608603,2024
-0.07585846603124273,-0.0591655363746004,2024
-0.022429886758541573,0.039771562841940666,2024
-0.021098709742588442,0.03940256093295617,2024
-0.019947249629941502,0.044389866178886156,2024
0.02163882157246612,0.15622478279978116,2024
0.012039266475954213,0.13764575377708888,2024
0.011404971353245266,0.14936809879281612,2024
-0.11372682047312581,0.08670922520819727,2024
-0.11942726072971195,0.08436828308628491,2024
-0.10613238420229938,0.10596448578820418,2024
-0.12700950799862581,0.056530873151467424,2024
-0.12927596304994787,0.05629977732191881,2024
-0.12168378773294568,0.06751889487253472,2024
-0.11555081236057844,0.09153244833566723,2024
-0.11425183018307668,0.09377095115881708,2024
-0.1016347166185481,0.08614197416643127,2024
-0.09159957747153637,0.10449021365854558,2024
-0.10732460601341083,0.08172708296235025,2024
-0.11153246533315221,0.021632601111489378,2024
-0.10997473597996484,0.019066709144420404,2024
-0.08994537093008743,-0.06658497096321281,2024
-0.08511478167328036,-0.056671818243753086,2024
-0.0937182377931944,-0.06938577952246718,2024
-0.07577828637886654,0.05769658854464405,2024
-0.07745111017427368,0.057089485431740736,2024
-0.07218160572015965,0.05205978316237939,2024
-0.055393351900492896,-0.16734199869729302,2024
-0.05952193613655839,-0.1718134167147532,2024
-0.05441960702507266,-0.16424894424784497,2024
-0.14458959326766435,0.07583300319316565,2024
-0.1569272715438063,0.05782250256880128,2024
-0.14242969523748816,0.0760114158049992,2024
-0.13926894227518866,0.059904052032118224,2024
-0.14233111901508527,0.07231527344640537,2024
-0.13876655790629194,0.04770092714192772,2024
-0.12611020852287474,0.11798642199066597,2024
-0.12370552219960425,0.11093754400456814,2024
-0.11317597599464176,0.13376937710764433,2024
-0.12584569502814585,0.12884436132711802,2024
-0.11995092418951948,0.1287109439696395,2024
-0.11400843307815765,0.14194567580764136,2024
-0.13579492027702572,0.08161937786836237,2024
-0.12110552607173782,0.10371883370022937,2024
-0.12186674893120501,0.09491476317923064,2024
-0.1454709399153299,0.05565728734477331,2024
-0.13980689879317632,0.057175407113585194,2024
-0.13543926849073756,0.04856019707289092,2024
-0.19575469898310133,0.07102108586633665,2024
-0.19283618085320736,0.07242311911859656,2024
-0.19024330162468112,0.07493305968982203,2024
-0.1852403710642438,0.040466497848943225,2024
-0.18507205390852394,0.03956950622419399,2024
-0.1854428048000341,0.03897198174178053,2024
-0.1967557799048409,0.0009898933334028456,2024
-0.19228684780963373,0.0022680707587194177,2024
-0.2088763762681271,-0.005874182606081427,2024
-0.20664376398283435,0.0024098183176866697,2024
-0.1310881076423429,-0.08010513176180663,2024
-0.13471863930556016,-0.077268306170135,2024
-0.13460070276749037,-0.07597108383071323,2024
-0.06684343117186527,-0.1290409486194722,2024
-0.058836652827111494,-0.1202840816831044,2024
-0.05834644799061302,-0.12109634400866218,2024
-0.07788157656844667,-0.09509879470362309,2024
-0.08059890765697493,-0.09750326925313924,2024
-0.07771645399829748,-0.09209823140018647,2024
-0.12035906851582125,-0.04395977286471085,2024
-0.11273957957807486,-0.03683810562773707,2024
-0.12681681851286153,-0.05324489625251301,2024
-0.08600151878476993,0.0667187242561662,2024
-0.08836268394484893,0.06641857540850393,2024
-0.08600151878476993,0.0667187242561662,2024
-0.1330222577173913,0.14578584723492402,2024
-0.10545998384772982,0.15805144777327124,2024
-0.12675974567546588,0.1514637086271216,2024
-0.17777906914486225,0.17254996974651812,2024
-0.16174225928223057,0.19138545220801984,2024
-0.20790832270436593,0.171791313626542,2024
-0.22345153277389967,0.16186124168288718,2024
-0.21693044731054906,0.1639688394077715,2024
-0.1619494822446012,0.13674089317403498,2024
-0.17835424846567294,0.12375168894335188,2024
-0.1819388421508315,0.11988758122667029,2024
-0.12284893621945871,-0.025143380578769747,2024
-0.11405617508279496,-0.015401538851717134,2024
-0.04613706563618512,-0.028114526525049588,2024
-0.12590375196399828,-0.04309561329287932,2024
-0.1267765488388441,-0.040095138326777385,2024
-0.13254169866263776,-0.09626181683740542,2024
-0.12451428006771133,-0.08309229412045875,2024
-0.07251667344982078,-0.1230263149109205,2024
-0.07966077643959506,-0.12849235365680084,2024
-0.07239490477839948,-0.11876400223594613,2024
-0.10408128638977242,0.001891624512916086,2024
-0.1051496931216271,-0.004219408725441437,2024
-0.10197986907184371,0.0006727881336362901,2024
-0.09342832849031969,0.009392575864874672,2024
-0.08531247958855694,0.01678304688761507,2024
-0.08531247958855694,0.01678304688761507,2024
-0.17504605022774156,-0.0353148548533221,2024
-0.1753955361216208,-0.035355864114197555,2024
-0.12593783247386547,0.013069254772153985,2024
-0.1184090414708882,0.017356548348116094,2024
-0.1267115881713487,0.009399280120435841,2024
-0.11821499951923088,0.0692269859138751,2024
-0.12740806781273162,0.054679517814542375,2024
-0.1278084960849506,0.06203237832816197,2024
-0.20025186334619266,-0.027940179331635936,2024
-0.20475305295410812,-0.02666375265181538,2024
-0.2007744574890426,-0.025247216247375304,2024
-0.14118935554692563,-0.062311166827274236,2024
-0.14549200219980202,-0.06744977925545498,2024
-0.14075791788583203,-0.06516609438958404,2024
-0.07129316638404155,-0.07152190792443092,2024
-0.0691928294666591,-0.06867093176390898,2024
-0.12219005407430707,0.05396056994719017,2024
-0.12961468727066816,0.05026582509780644,2024
-0.16503756911444334,-0.003820724723194044,2024
-0.10475809801983772,0.07691171422555743,2024
-0.09392080162292628,0.09119298509232841,2024
-0.042088824774797653,0.050762297258090346,2024
-0.053432539928043934,0.03843525993427045,2024
-0.03492922497796942,0.1490531329835857,2024
-0.04124135080487419,0.13390085709938035,2024
-0.046884103127853696,0.1345667406665957,2024
-0.09193794017759517,0.18185492505575312,2024
-0.08137458787608666,0.1844405952846977,2024
-0.09114960771740645,0.1617838993333075,2024
-0.10223490473079795,0.11630210766647289,2024
-0.09655020849414665,0.13483840465274627,2024
-0.09655020849414665,0.13483840465274627,2024
-0.09126590346981407,0.058463104646369925,2024
-0.06085145876376487,0.021049248076146127,2024
-0.06248017180355063,0.016679891875617303,2024
-0.09129302290995824,0.0012429863510819428,2024
-0.022740214087361918,-0.008668775722331636,2024
-0.02144019148838691,-0.006227977576221552,2024
-0.1525249549156497,0.011716000969096828,2024
-0.15705669151141238,0.014481764754653601,2024
-0.15437044837274405,0.015234795480833861,2024
-0.05583114339623958,-0.009405563315364289,2024
-0.05418455816486979,-0.0037131086431539326,2024
-0.060105229529366574,-0.009652815254187472,2024
-0.08890163670863745,-0.053546490034702174,2024
-0.09023724425249226,-0.05775225057634206,2024
-0.04508431596868405,-0.08710601374744517,2024
-0.039976672684912715,-0.07895420179802853,2024
-0.04929287860111782,-0.09462679848105532,2024
-0.038566354966175456,-0.05024355379359037,2024
-0.038336663366900794,-0.04409323450757352,2024
-0.04606525747543665,-0.054512627782874634,2024
-0.12968278713905157,0.10596022359001922,2024
-0.13628202868014055,0.09549690765186515,2024
-0.14500348447123695,-0.11256454059575727,2024
-0.14510135132215102,-0.11058847558143625,2024
-0.08527585751461382,-0.1978762786563072,2024
-0.08537401648897787,-0.1938935663211795,2024
-0.0877466909442139,-0.19779831415289434,2024
-0.052518621898934095,-0.23457878656679532,2024
-0.06496678847934452,-0.23620346175873858,2024
-0.05852502178696668,-0.2326528616825876,2024
-0.029756508140374796,-0.23915608173975728,2024
-0.1740600252507023,-0.12745749271593698,2024
-0.17192347059352936,-0.1264659411691687,2024
-0.17414067108069498,-0.12887722117473496,2024
-0.1961814277583811,-0.04759396806971862,2024
-0.19372402287762108,-0.046675335667401285,2024
-0.09396796809846687,0.11023482209272863,2024
-0.08030300000641712,0.12856846130093502,2024
-0.07674927720581827,0.11781137199066777,2024
-0.13236874004186666,0.06649778271697071,2024
-0.14120930576073804,0.0709473484204461,2024
-0.13249275725290138,0.0803096690283573,2024
-0.17083231281909522,0.13969985074383745,2024
-0.16795470486444708,0.15015805672028612,2024
-0.16661870923190214,0.14071880756770477,2024
-0.09810355538983444,-0.04055151586949905,2024
-0.09415289413370011,-0.03214115792537424,2024
-0.10193303339802819,-0.03691184547490391,2024
-0.18567673044663963,-0.08976155727009832,2024
-0.18765087666041153,-0.08864949007083586,2024
-0.18765087666041153,-0.08864949007083586,2024
-0.17177283299708512,-0.08241598436593828,2024
-0.1721797599740254,-0.08008436682047124,2024
-0.1712803728199201,-0.08888572444488937,2024
-0.17468458764051792,-0.04541522193293265,2024
-0.17360578865607118,-0.044229080891230746,2024
-0.17464362929903537,-0.05244380146178712,2024
-0.13313148259400237,-0.08040457836187599,2024
-0.11927549969356056,-0.09210982987963345,2024
-0.11598963501595423,-0.0952356898264066,2024
-0.12076853658761107,-0.08887203329662785,2024
-0.15819518176420277,0.05277349830995903,2024
-0.15859173883668704,0.045471132796624396,2024
-0.1598540730653194,0.0478489416930942,2024
-0.14327084914859334,0.008348042007801555,2024
-0.14626488583544056,0.011048956288309791,2024
-0.1457497749899035,-0.018963322057694833,2024
-0.14732879429237045,-0.01739901634840288,2024
-0.14874566739624046,-0.020341639026668683,2024
-0.14693085094583952,-0.021422162085879826,2024
-0.14398565247398581,-0.014551484843891654,2024
-0.14398565247398581,-0.014551484843891654,2024
-0.14744717313896177,-0.045266223514380186,2024
-0.14522100089937073,-0.04044752081403016,2024
-0.09882971303755474,-0.10929265428182994,2024
-0.09527689204014074,-0.10914789601937624,2024
-0.09418438917033566,-0.10581741642727963,2024
-0.0610501260101622,-0.11254244328783153,2024
-0.060023678651017945,-0.12023525060359436,2024
-0.05921338465860222,-0.11776016868632597,2024
-0.11506734646286539,-0.1017250756986568,2024
-0.11013558456667803,-0.10217773568594235,2024
-0.10565267032746557,-0.08941210441866104,2024
-0.1392303615489286,0.07677032769971875,2024
-0.14262879448207816,0.07262338640127389,2024
-0.13510270967137405,0.08083313277862109,2024
-0.1463201522230047,0.05026014825815593,2024
-0.1320272534691727,0.0557610057224842,2024
-0.14432404560643752,0.040879272379327314,2024
-0.16373956989267774,0.0768636166100233,2024
-0.16373956989267774,0.0768636166100233,2024
-0.16487218734783476,0.07469130344992153,2024
-0.16505210221850702,0.09344648933367067,2024
-0.15612809921536447,0.10518038510529669,2024
-0.1232518101919819,0.025207420836691936,2024
-0.12164362210930675,0.028755103094409297,2024
-0.12992897041250834,0.021373486323928194,2024
-0.13873641208119641,-0.01807617934916688,2024
-0.14468155411356654,-0.026939493399397857,2024
-0.12855452274190554,-0.09482504081999532,2024
-0.12885083458632107,-0.08728360023287554,2024
-0.1369116240300116,-0.09424086506825077,2024
-0.04704931511038564,-0.11638006513921673,2024
-0.043475150719546704,-0.10838538313561996,2024
-0.1248442786296118,-0.12124907747311098,2024
-0.11658383772184334,-0.11470556704172813,2024
-0.11797636333450275,-0.12076794592320614,2024
-0.07365881982072921,-0.07486256267483679,2024
-0.07287496391360192,-0.07501159676714192,2024
-0.10074367193435359,0.025538051820055814,2024
-0.10131675503627498,0.027634552280835157,2024
-0.13277723450235374,0.07710378890479648,2024
-0.13333448828708244,0.07729315545684584,2024
-0.13810633264952787,0.05796091877702198,2024
-0.11535851316803532,0.05077880838622919,2024
-0.10659143728085109,0.06603743425979258,2024
-0.06905844259725331,0.074593696648469,2024
-0.07448644642947229,0.0689289325041502,2024
-0.09861408377703147,0.13621092459187162,2024
-0.08651856697895612,0.13250016512166543,2024
-0.07672377132465687,0.13753462974482547,2024
-0.13867981854881134,0.13258472049114156,2024
-0.1344138586366394,0.1297981013676725,2024
-0.0547416571297525,-0.12076488534156679,2024
-0.0547416571297525,-0.12076488534156679,2024
-0.058477166191351,-0.1665162708679373,2024
-0.05565174721849424,-0.15892925959083143,2024
-0.05678849292934425,-0.16386429680916115,2024
-0.07975119484288735,-0.17880512249187333,2024
-0.07810486462669218,-0.1818964582577463,2024
-0.0597184224638342,-0.14120242174783237,2024
-0.06266954945104099,-0.1384343309069056,2024
-0.06118319214330824,-0.13842515977205566,2024
-0.10310718833244738,-0.11612698803707625,2024
-0.10176780474124421,-0.11453902071523553,2024
-0.10036049546737948,-0.12284392833196262,2024
-0.01859573787812341,-0.09441787194147583,2024
-0.01960699607747214,-0.10000603636793762,2024
-0.11087387310780568,-0.049118497573258924,2024
-0.10973004456012066,-0.043584749524174654,2024
-0.15000898599967982,0.23520506233861813,2024
-0.14614741633717915,0.23532170233196503,2024
-0.15121223127763395,0.23219469735216924,2024
-0.26938716827727033,0.18914456157263398,2024
-0.28155618320724113,0.1834227568611198,2024
-0.2736143946871919,0.18403217596398438,2024
-0.2572088152973742,0.1302054860110536,2024
-0.25265796251514455,0.13462313693483458,2024
-0.26678311118793335,0.11659255960657873,2024
-0.25430604538719576,0.09388536916352129,2024
-0.2652235960243715,0.0862164069066739,2024
-0.24156170482954015,0.09748770175235942,2024
-0.2031878685042688,0.06253847769726747,2024
-0.1896762957591513,0.07006651661574817,2024
-0.1939116975021335,0.0720998033721367,2024
-0.19949484709613297,0.008454710931396929,2024
-0.20525921164317934,0.0030305175261634565,2024
-0.18668514615412463,0.019281815437618074,2024
-0.16305240725655362,0.1613843306526837,2024
-0.16251705972245667,0.15646244856848762,2024
-0.1997093708324843,0.14248926140920956,2024
-0.195506792262423,0.14907311285870758,2024
-0.21619114084659502,0.13632957568541745,2024
-0.21013142906222343,0.08690675235357084,2024
-0.21173316863266528,0.08726156493421787,2024
-0.14372117244189186,0.11970586915627375,2024
-0.13688271188821094,0.12177681723824556,2024
-0.20997996696815308,0.017618278445204145,2024
-0.20370722119822854,0.007559036832330897,2024
-0.1890454897521076,0.024732331857482564,2024
-0.10347728045708222,0.017698391902955638,2024
-0.1294840649825758,-0.010744018679420687,2024
-0.10494268842602507,0.015577799077073327,2024
-0.1935404988523532,0.008539556077092801,2024
-0.18544875583031073,0.017973567668587598,2024
-0.02928499675882819,-0.06693717970217485,2024
-0.03381161064607373,-0.07576383447993021,2024
-0.024069053139130867,-0.06080308073706778,2024
-0.09050045972156241,-0.03369656493401979,2024
-0.1185792341673841,-0.027867889655187425,2024
-0.10819294535544284,-0.007020138430866879,2024
-0.14501555529005172,-0.022974275620230855,2024
-0.1391039403831486,-0.019313856744317938,2024
-0.1391039403831486,-0.019313856744317938,2024
-0.14951931692465337,-0.04032128820584567,2024
-0.14999589316760636,-0.03716972925947071,2024
-0.15472920229559312,-0.04106314764511457,2024
-0.07462961539659481,-0.057077363681376295,2024
-0.059636977859682014,-0.04471070509796056,2024
-0.06745829308904706,-0.05598128944751929,2024
-0.13350431847042998,-0.08185966968161945,2024
-0.12622975533880787,-0.08174884420525019,2024
-0.1288337085418541,-0.07701998044940186,2024
-0.1171387683266593,-0.06486306397688102,2024
-0.11019287365526838,-0.05746316688222855,2024
-0.12669424762614578,-0.06505353433665248,2024
-0.164965098805595,-0.04432913476457914,2024
-0.15697037363601968,-0.04218961145784217,2024
-0.1698040726316684,-0.06204558136206714,2024
-0.18222111808867086,0.013661128847648828,2024
-0.19576859026392895,0.0037468091769643497,2024
-0.18787680329354856,0.0031965981165532065,2024
-0.20515172268430149,-0.014236599233873902,2024
-0.20791295943108695,-0.014814379969464886,2024
-0.19780178296347278,-0.011803468092176028,2024
-0.2529216617288586,0.046879754420670466,2024
-0.2438247663471627,0.05147221830999495,2024
-0.2964616359488131,0.006729052106053478,2024
-0.2837341617829578,0.016370200935680146,2024
-0.2837341617829578,0.016370200935680146,2024
-0.27659690870264914,0.06170935183571354,2024
-0.27454527834450454,0.06933546029957527,2024
-0.16676920880287316,-0.0121654327897453,2024
-0.1615210691035453,-0.0017628082593120625,2024
-0.15870503372596473,0.0015773793587216603,2024
-0.23297997411998667,-0.03917929232332691,2024
-0.22853304641781613,-0.03216370685510246,2024
-0.24212488093616208,-0.058016287258660135,2024
-0.24229353809553883,-0.05798733917668719,2024
-0.23942034452605926,-0.0549596611724988,2024
-0.2022103348746021,-0.08096406955494408,2024
-0.2042223323031307,-0.08578499620844002,2024
0.012495155717250059,-0.15352182254948726,2024
0.011406842335860728,-0.1457580445437589,2024
0.009246993940416351,-0.148286970338292,2024
-0.011300310621460155,-0.14325876013264305,2024
-0.03613319492951057,-0.14676113194208454,2024
-0.030701108279592007,-0.13865143372952687,2024
-0.07915664880239352,-0.1156767873124008,2024
-0.08144538253865068,-0.1167348529496672,2024
-0.07990650962318004,-0.11875578888024915,2024
-0.1301413689231148,-0.1290331545305881,2024
-0.13431367562766733,-0.13489654792572564,2024
-0.13124056044541738,-0.129603929036164,2024
-0.018967437638198484,-0.1018903370392652,2024
-0.02766352057601247,-0.09813852161021577,2024
-0.14863983656100815,-0.08739218576574614,2024
-0.1513198731179486,-0.08838369664288004,2024
-0.1449087812181465,-0.08473108889823756,2024
-0.2222745771584969,-0.09680010332365241,2024
-0.2129244110229529,-0.0862876977066393,2024
-0.25544760412532236,-0.06582071698063664,2024
-0.2626088509620057,-0.06403946722108411,2024
-0.2551616480085765,-0.05891017612834426,2024
-0.20028136640110267,0.004023272371373551,2024
-0.20168383851468946,0.0014276879512425053,2024
-0.20096167698664535,-0.0015481382308029437,2024
-0.1692700382523898,-0.03902647812974719,2024
-0.1750027403734667,-0.039555640697295946,2024
-0.18016432958056217,-0.05461707222757964,2024
-0.18121758976852992,-0.05607717384538635,2024
-0.1813572895698457,-0.05499064775057101,2024
-0.12398179873134647,-0.13361386553517035,2024
-0.12127449974327588,-0.13295066065898056,2024
-0.12224985679952173,-0.13154721531359048,2024
-0.09590246283193653,-0.1855227183071958,2024
-0.09613172651836756,-0.1838051208268471,2024
0.05075258758721895,-0.13890831134043613,2024
0.05093744988446224,-0.13866143462693736,2024
-0.18044305581622638,0.025579133083237268,2024
-0.17967214413418625,0.009803972521788724,2024
-0.1809230918289969,0.0269271504232748,2024
-0.11958046077434696,-0.02297245243457182,2024
-0.1152412209604486,-0.01555763655597843,2024
-0.08892461291971394,0.030276570609767184,2024
-0.08569349586381399,0.035698574330790094,2024
-0.0896747891630786,0.0255634847660971,2024
-0.1456876968211262,0.014244958461445276,2024
-0.14568602160573435,0.014749433582458744,2024
-0.15155824158417264,0.008739363981003407,2024
-0.09400723659616507,0.031105913497364055,2024
-0.09769207382123359,0.02751241957556633,2024
-0.10171832123004006,0.022473549007079773,2024
-0.16453110766439055,0.006168252639220023,2024
-0.1559826796102729,0.010863193048107761,2024
-0.15757417646261174,0.007479094451552648,2024
-0.14022714723236962,-0.0009038598977589851,2024
-0.14025805918732154,-0.00029520744299237067,2024
-0.1463248427517964,-0.006857841904292436,2024
-0.1635805868018163,0.01873247584807948,2024
-0.15289758838074735,0.02015125255765517,2024
-0.19849046680031857,0.03443623166582314,2024
-0.19780180110126194,0.04045131125235896,2024
-0.17353947299584466,0.007248413957057685,2024
-0.17015042686021414,0.010631868370766687,2024
-0.13919927292029843,0.03058451363042352,2024
-0.13522451290450382,0.029361234731780796,2024
-0.13878211503208165,0.03002584860400688,2024
-0.16588612615164106,0.0773087335155205,2024
-0.1679290188284835,0.07470003563475448,2024
-0.1671824039531976,0.07596501963825916,2024
-0.12168978096730061,0.030084433362240152,2024
-0.10878652582957092,0.03751374354130576,2024
-0.1278571216066986,-0.024632739701252293,2024
-0.11916673233200477,-0.021217016612265487,2024
-0.03454495437187195,-0.03598632310248377,2024
-0.03916808979621074,-0.042094738168675,2024
-0.06500365440291363,-0.06382473349313915,2024
-0.06839378909898182,-0.06308451624959135,2024
-0.07082120271655741,-0.0699697404028118,2024
-0.08636374734637232,-0.011782372417206845,2024
-0.07788183662772098,-0.015478575073142098,2024
-0.0740900472185992,-0.005535489709359638,2024
-0.07938231189909085,0.10033179809301608,2024
-0.07814582426645784,0.10507767949688591,2024
-0.08905432590318811,0.09173535728660907,2024
-0.07481648647509788,0.11127668530062443,2024
-0.06399922588181713,0.11825358129919317,2024
-0.07566766376033114,0.10665184578593487,2024
-0.12918785528000826,0.12273735484746409,2024
-0.13960058273338893,0.11589509562093504,2024
-0.1284165566048538,0.12449072232572707,2024
-0.14501697540935926,0.14674631704876323,2024
-0.15117818748347722,0.1419176207354069,2024
-0.15385205730905327,0.14124032349591298,2024
-0.10781638982795254,0.16237417872817494,2024
-0.11467206195723002,0.16147720789039047,2024
-0.1103480396808063,0.16172084752822913,2024
-0.14537609783750965,0.12467670124354405,2024
-0.14824996332172374,0.10604599307935218,2024
-0.13225416758154374,0.12471330822173358,2024
-0.14086553714763644,0.07212886059619661,2024
-0.1293562036086326,0.0793621186242316,2024
-0.1293562036086326,0.0793621186242316,2024
-0.2212270950488186,0.10098213150188615,2024
-0.18891848520558946,0.11342527083104213,2024
-0.15439830721037118,0.13450649960896266,2024
-0.15622940859043316,0.1411779697643965,2024
-0.15843621970747307,0.09838349750097121,2024
-0.1680455195259563,0.08605925070390044,2024
-0.12207375094043356,0.042949479935666564,2024
-0.12207375094043356,0.042949479935666564,2024
-0.10567726372896567,0.17521483054283354,2024
-0.08616831436153123,0.1817452297708315,2024
-0.08581138328488074,0.190137471462696,2024
-0.11328377369675592,0.13709063200655708,2024
-0.13123896405610014,0.1236877985298562,2024
-0.06604217289424764,0.08653079794998456,2024
-0.05752536623872058,0.08826052428358912,2024
-0.05752536623872058,0.08826052428358912,2024
0.0189560556397083,0.02483845998777454,2024
0.0103720361922406,0.007110061890464918,2024
0.01914256962667904,0.023579417460859967,2024
-0.05783092201952335,-0.09451608815292756,2024
-0.05709880734286667,-0.0978328366962046,2024
-0.06162982309883357,-0.23039557086487517,2024
-0.06396968785194042,-0.23132327406236153,2024
-0.06610023028061511,-0.2310579089543029,2024
-0.047963415849088906,-0.2092750984526816,2024
-0.04715433086091421,-0.20743522698932254,2024
-0.036898992884537976,-0.12980526896339675,2024
-0.036898992884537976,-0.12980526896339675,2024
-0.04467140221343681,-0.13665007395022527,2024
-0.15310395228210538,-0.06065872930706108,2024
-0.15711254219574555,-0.045409495381061066,2024
-0.15647536588258787,-0.042420105293107746,2024
-0.19576666319933378,-0.024064574587894946,2024
-0.19134439946045995,-0.01589963131910678,2024
-0.16109774357272783,-0.0344486434288723,2024
-0.16070023349405443,-0.0317965357574691,2024
-0.1598243841020079,-0.03178795199208567,2024
-0.16284694205104916,-0.03398076172506671,2024
-0.16919859668010462,-0.03745587080427326,2024
-0.16872485891298777,-0.02949338509767352,2024
-0.13314085227453648,-0.032138210536624356,2024
-0.14451600012180255,-0.041225954358573846,2024
-0.13770379258963905,-0.058101077121308964,2024
-0.1466697702578058,-0.06164318188033019,2024
-0.1429659939837304,-0.06282094842820227,2024
-0.09898343431896035,-0.1361656084042171,2024
-0.10047689352849616,-0.13948714304696835,2024
-0.1050369949509617,-0.13324686666717814,2024
-0.044531613711294396,-0.1197267109692764,2024
-0.04777629127930684,-0.11368507816442491,2024
-0.04510382575997764,-0.11277374016914526,2024
-0.07494624656381178,-0.10384088032967312,2024
-0.07494624656381178,-0.10384088032967312,2024
-0.07786631260673833,-0.11004098105469973,2024
-0.035349088381269086,-0.0233887681119591,2024
-0.03703944845265046,-0.04212756752966981,2024
-0.03590783005081112,-0.0247535934026826,2024
-0.07374089692106041,-0.02805443632984643,2024
-0.07180787332862111,-0.026337858127796945,2024
-0.06902619420379637,-0.019781897891926428,2024
-0.08341713134107605,-0.07593547721181235,2024
-0.08187076311874643,-0.057756942155483784,2024
-0.11250489371349019,-0.12188041576571274,2024
-0.108116625394041,-0.1133297352712295,2024
-0.10755664083512186,-0.11139575567790061,2024
-0.19597489525209094,0.12106126160906408,2024
-0.19546075358011195,0.11879400798396343,2024
-0.17669204457389603,0.09249969765622498,2024
-0.16862467830586647,0.09470973753373324,2024
-0.1521573197149178,0.03715842875844987,2024
-0.14085806157378483,0.05973304417648982,2024
-0.15802367438140535,0.0518605613161528,2024
-0.12423315606939776,0.14429586359437702,2024
-0.13686316622330197,0.13226590685438352,2024
-0.12240348897533966,0.14834366876240368,2024
-0.07537877581054743,0.08135400677271203,2024
-0.07244165615993757,0.08451263336756942,2024
-0.07819561547119687,0.07877288532737012,2024
-0.1218810802205116,0.06324633182099768,2024
-0.12622740231503093,0.0935904014759892,2024
-0.13684373312077253,0.01125841621962808,2024
-0.13430981993268415,0.007396494328084861,2024
-0.1966377284760995,-0.1389225526211123,2024
-0.19796935766590085,-0.12907118389675437,2024
-0.11901323783838515,-0.13676475839692045,2024
-0.11618585463159699,-0.13458723161916883,2024
-0.11853786627167757,-0.1349206481740074,2024
-0.04543703060864908,-0.10808460003357057,2024
-0.04830702822286996,-0.10679485349113085,2024
-0.05371691820003986,-0.1147127705071131,2024
-0.07001656782533523,-0.098861942601741,2024
-0.06941497039726731,-0.1045976793292901,2024
-0.08815236961563595,-0.12508030400343595,2024
-0.08885304911428145,-0.12060375220660674,2024
-0.07294086628587011,-0.1229676615720216,2024
-0.07675128638446506,-0.12884873440634742,2024
-0.08332574410938388,-0.13389645269436037,2024
-0.08126659888268796,-0.11901372198745849,2024
-0.08563644557895424,-0.12136580948346437,2024
-0.04148626440934437,-0.1801444045187914,2024
-0.05454246637616168,-0.0941812165970749,2024
-0.05103792459738497,-0.0881578941702473,2024
-0.07133635577884039,-0.025270364908171583,2024
-0.0671356570972123,-0.022501118877941595,2024
-0.08318161587720772,-0.031703838883961,2024
-0.13538738451093135,0.05110580096534776,2024
-0.14789749767228189,0.05007829548694577,2024
-0.17631843814027842,0.14336801849888908,2024
-0.17017576771874976,0.14863198969443106,2024
-0.12149056233268919,0.14665618572127836,2024
-0.12142416143935249,0.13318187312482999,2024
-0.11059492230357366,0.1502718622247131,2024
-0.19532235570791517,0.11849521226582074,2024
-0.17771458337610696,0.14400061861148195,2024
-0.1717905247972002,0.09721745883397079,2024
-0.15798149210238932,0.05147885009307883,2024
-0.15798149210238932,0.05147885009307883,2024
-0.16564488818648332,0.044058315253561374,2024
-0.12286031864000531,-0.01230750361548124,2024
-0.11377645597505671,0.004805571716070198,2024
-0.11368130968458169,-0.026718215267818923,2024
-0.11288081257319309,-0.0350319899664671,2024
-0.11993439426853365,-0.04247757963108491,2024
-0.14550062567072314,-0.037471242600237833,2024
-0.1501636903731891,-0.051787468200955256,2024
-0.16094093745385268,-0.08591686834349808,2024
-0.1590206081939619,-0.08006194698470255,2024
-0.16126604253175614,-0.08168739995062542,2024
-0.13303155814931217,-0.0939228323595186,2024
-0.13668991325015517,-0.09821314094194397,2024
-0.13038330384903524,-0.08894573698975955,2024
-0.1651073020413757,-0.053351172629976726,2024
-0.1694404382558532,-0.06380955385838533,2024
-0.17255433545547588,-0.057797739941216716,2024
-0.08392498229562896,-0.06369185707166639,2024
-0.06722205219038253,-0.02984777825384631,2024
-0.0650894685380224,-0.02398250953558838,2024
-0.08031828765408612,-0.039299841189923676,2024
-0.10192583017344649,-0.03517979596455534,2024
-0.11110420417672791,-0.030174022324291033,2024
-0.087417737518392,-0.017024651402574094,2024
-0.1576680528362196,0.002424374108682986,2024
-0.16766882936806332,-0.012843662860216709,2024
-0.06619963078104564,0.021193461774020105,2024
-0.06562508933765272,0.006262111827349752,2024
-0.06451309303555454,0.02170085183411781,2024
-0.0628712943321031,0.0474930100252138,2024
-0.06475217682732677,0.04438663237912451,2024
-0.075955132489522,0.04054157961256576,2024
-0.07727100619955703,-0.018813229379836705,2024
-0.09385238854346901,-0.04387947049891244,2024
-0.09025840488506688,-0.03285985162477083,2024
0.03029518071960703,-0.03769535884368022,2024
0.02698323877047233,-0.04689164174135575,2024
0.0185124591979582,-0.04787844086715419,2024
0.010187288872433989,-0.04970084440466567,2024
0.015638520065961017,-0.04637885142752517,2024
-0.10293220324989409,0.04345329705633152,2024
-0.07952806347121073,0.05857243870723386,2024
-0.15112335198208382,0.05421556617109836,2024
-0.15677485330888669,0.0485163641383615,2024
-0.16549230107380392,0.011301446465393251,2024
-0.16790731861498892,0.004790540721146909,2024
-0.10683610478247153,-0.09964323132342132,2024
-0.10552372751369705,-0.09921407079246303,2024
-0.10825294549031157,-0.102772464158638,2024
-0.12319706419171882,-0.11618211620922031,2024
-0.12293281370162708,-0.12293700206153088,2024
-0.12079189978647355,-0.1145841296389146,2024
-0.1365964040608364,-0.10453551817605417,2024
-0.1313872531569667,-0.09263682041644325,2024
-0.13664749388451325,0.0022746795184001023,2024
-0.13383406663369785,0.005987718414699972,2024
-0.13579481480586897,0.009778386139330804,2024
-0.12842220900039658,0.013129572439091061,2024
-0.13230774691823904,0.0072908940707810885,2024
-0.13443432590311027,0.007066632025092279,2024
-0.12702535071423787,0.022855555860233724,2024
-0.08628974428213289,0.03814063919550405,2024
-0.07812729986213392,0.052543174602988726,2024
-0.09170296224059367,0.039057784271266605,2024
-0.13737990831403796,-0.010593838983399752,2024
-0.14863212206046922,-0.02432054348651315,2024
-0.1393839523922527,-0.01382081469446228,2024
-0.14593818294362693,-0.0012301130408670369,2024
-0.14175396234293142,0.01170987539097712,2024
-0.17244040726257587,-0.04296929870126079,2024
-0.1685800863323828,-0.03887720836717465,2024
-0.17111350220405525,-0.040428626916157784,2024
-0.15615630341145326,-0.07179675888056666,2024
-0.14561021417910575,-0.07988407489163044,2024
-0.15837323969165562,-0.07489971781884966,2024
-0.10679677132067712,-0.04575413074977186,2024
-0.10847438689946383,-0.04795414793611752,2024
-0.15275140178773455,-0.15540228583484386,2024
-0.15214351306403906,-0.15729085119952219,2024
-0.07670517948040585,-0.16146906110937576,2024
-0.0798455540335732,-0.1607068511756507,2024
-0.07903486099748726,-0.15795873868500915,2024
-0.012178947927438177,-0.2229957769001491,2024
-0.08198681334688766,-0.040500893653241804,2024
-0.08589764775862159,-0.03956519215730897,2024
-0.07932316411003328,-0.03852324398388274,2024
-0.0716213255859945,0.052639577295010814,2024
-0.07111945482992856,0.030465457066332753,2024
-0.08345950685853389,0.030930321778041673,2024
-0.0655023343067992,0.1551462284058776,2024
-0.07650480925738597,0.1472668384927971,2024
-0.06089602944236068,-0.06672745467614638,2024
-0.06591575337059997,-0.06501903103829078,2024
-0.061092385146502545,-0.06781230117206266,2024
-0.05279216997513249,-0.09471341950952905,2024
-0.05394751409566985,-0.09645613136436815,2024
-0.05223404744183112,-0.09288059449513678,2024
-0.05922746922512574,0.02284780314084353,2024
-0.06557226350334362,0.025061316691313493,2024
-0.06312746212967503,0.02449929726467741,2024
-0.011683403117476829,-0.10654490509883136,2024
-0.010639586272211357,-0.10675660073039764,2024
-0.00970051984337185,-0.1088027325840723,2024
-0.026837823934142024,-0.16717750629874706,2024
-0.023991016546043853,-0.1635064849613643,2024
-0.02513515320694093,-0.16308061011542074,2024
-0.02511217700656644,-0.18928515298909745,2024
-0.02706938462099258,-0.19176217871346296,2024
-0.10584800595407819,-0.1931085320715076,2024
-0.10371907210138416,-0.19167050559085516,2024
-0.10396683723574339,-0.19210248791491563,2024
-0.10156375071669145,-0.18164011572120878,2024
-0.1035954703932155,-0.1836756071057419,2024
-0.1200252536949724,-0.09102477307871856,2024
-0.11910502949325615,-0.09575082312197294,2024
-0.1612624202739758,-0.026861748710454506,2024
-0.1618031653690729,-0.02569081480524303,2024
-0.1587966582154552,0.006653483132985673,2024
-0.16080286847283665,0.004252351962110171,2024
-0.15721039792286412,0.007553809976847986,2024
-0.08508209176516245,0.056624064585934344,2024
-0.06946950882241505,0.07397544804879747,2024
-0.0709405322014914,0.06944978778338902,2024
-0.07299823074432303,-0.07797559632025147,2024
-0.07600299154354938,-0.07815105206354617,2024
-0.08526585630788215,-0.01895145873212574,2024
-0.07229940821312715,-0.014233611261958004,2024
-0.08560599331362496,-0.019316449709435954,2024
-0.1412578798493166,0.04337780274764205,2024
-0.11958077703307139,0.05017580576820943,2024
-0.1303535764425604,0.0413932930269315,2024
-0.09331821410528802,0.1614953191981236,2024
-0.09064046486368844,0.16880596701967832,2024
-0.07352803658150926,0.17971977548921486,2024
-0.0723398577612729,0.14886892368294377,2024
-0.058476619188659,0.15957338300749546,2024
-0.10887416111034644,0.18682924547205343,2024
-0.11376519827854993,0.19020334282926654,2024
-0.10943427060197726,0.19556197557576166,2024
-0.11385633991518283,0.19142305191525433,2024
-0.11152426221077484,0.18322491944203015,2024
-0.1077600830093884,0.1872198484577997,2024
-0.08812724755373082,0.14174708171143222,2024
-0.11431143881157098,0.133991882065505,2024
-0.08156873109226782,0.16252564421489216,2024
-0.08971960636412436,0.1623653899015119,2024
-0.08935533330677416,0.15203910979265292,2024
-0.1608130812179392,0.03797204252891842,2024
-0.17924755414028765,0.021807776926029247,2024
-0.13555735362708954,-0.025171775882348868,2024
-0.12424124459257448,-0.005458833880701015,2024
-0.13255772562401547,-0.017339582756524773,2024
-0.11655237366745323,0.09573499005200614,2024
-0.13294675055154304,0.08823910776822054,2024
-0.16074480197886076,-0.045998358695020114,2024
-0.15598120730866316,-0.038161816054255226,2024
-0.15052340159535244,-0.031110352284496073,2024
-0.17223747549017698,-0.02824629398817631,2024
-0.1667990222793307,-0.030413704875084796,2024
-0.1645463538276521,-0.020173747162060524,2024
-0.10672895446843954,-0.0016351710722689802,2024
-0.10648429537857308,-0.004803231058889336,2024
-0.10798550016826232,-0.002308491481797993,2024
-0.16433178792267927,-0.04427201513378859,2024
-0.16346917801023791,-0.04440790899966922,2024
-0.1670398961236072,-0.045214670972120036,2024
-0.1063219547463823,-0.03820253893330383,2024
-0.11221439515587807,-0.04214535586498444,2024
-0.056041865597872734,-0.019081559558058354,2024
-0.08641525791577949,0.03594226093368863,2024
-0.0857787322649239,0.03664314854197022,2024
-0.08324597751081038,0.040974348983882594,2024
-0.12001524726982495,0.010814905776308888,2024
-0.048638263702081616,-0.13164030531679424,2024
-0.05181833402181536,-0.12851813513550447,2024
-0.049450500462846506,-0.12552452330759248,2024
-0.069699912469415,-0.12180575657926918,2024
-0.0711429910742137,-0.11527145783372245,2024
-0.07199741343200057,-0.11547468916411416,2024
-0.10120135821482175,-0.04857113871774553,2024
-0.10779146205101457,-0.046587792847417195,2024
-0.09490379784756793,-0.04060701346855132,2024
-0.12345754770942137,-0.03057760704718622,2024
-0.12373083683726334,-0.015918886507451338,2024
-0.1345441166420993,-0.02311765562201841,2024
-0.10166661716714932,0.05098368606114715,2024
-0.10287255406883704,0.04722128701567114,2024
-0.1007259346077498,0.05335256641256378,2024
-0.09546762881624853,0.1569754531087417,2024
-0.08208279999126712,0.1621913977913809,2024
-0.07700980845317502,0.16498935229662676,2024
-0.07503870650111448,0.08212450953620981,2024
-0.05708679557467901,0.0905245800964147,2024
-0.07398560718958193,0.08728557720585907,2024
-0.06649576291019825,0.12659490984815583,2024
-0.04442449975674319,0.14800168412255582,2024
-0.059925270769775066,0.14670775594587743,2024
-0.09932972155710225,0.1760952642662147,2024
-0.08771551078971314,0.17930894102035116,2024
-0.09325497662877587,0.1708035053759116,2024
-0.05998071951825458,0.19020718068583095,2024
-0.08458614060695836,0.159375342657604,2024
-0.186326562670942,0.10988729640924433,2024
-0.175724451095283,0.11795706704166674,2024
-0.17979970707513698,0.11596837799033691,2024
-0.17664193627052188,0.0504276183089221,2024
-0.1756779059959514,0.03395041621323978,2024
-0.17773181515528141,0.05034678402024698,2024
-0.026808200814324362,0.19572203961573154,2024
-0.04074976290205677,0.1387580574006826,2024
-0.06333368703673135,0.12544008696485676,2024
-0.11389551034841562,-0.10398703914804588,2024
-0.11646934595023047,-0.10929347063604039,2024
-0.1223997707737446,-0.11537977399554505,2024
-0.13283913436449774,-0.040587165643626785,2024
-0.13377530108007263,-0.039722741743885334,2024
-0.14184182500094422,-0.042610070820349566,2024
-0.13253193945257702,-0.04938793056011753,2024
-0.1330449685220661,-0.05394509096490675,2024
-0.16406999177668463,-0.03486615808229984,2024
-0.16294199941302584,-0.03320139389713425,2024
-0.16166858950442464,-0.03473437398402647,2024
-0.15257590447415176,-0.0021612680160431746,2024
-0.15257590447415176,-0.0021612680160431746,2024
-0.13965463862152333,-0.009613398938055066,2024
-0.14485305767780954,-0.010857879522142191,2024
-0.14668461528880966,-0.012622128765440686,2024
-0.12787248462111395,-0.09356265890407414,2024
-0.12861477973877788,-0.09510659748740785,2024
-0.12841416246912724,-0.09377447892116789,2024
-0.11520088293390264,-0.15410230325466118,2024
-0.11545683322400625,-0.15321742082804224,2024
-0.11559341104056713,-0.151037702047934,2024
-0.09107899044100366,-0.16933922868408235,2024
-0.09107899044100366,-0.16933922868408235,2024
-0.11732389718741056,-0.06016132282521956,2024
-0.11251003943914357,-0.05296995762888976,2024
-0.13059102784955462,-0.09065289992549633,2024
-0.13388763825270028,-0.0913338732759704,2024
-0.0956654732998606,-0.13887652931118394,2024
-0.09382417289000904,-0.13394561155255066,2024
-0.023995848424489957,-0.1725962082144107,2024
-0.025258159519229453,-0.16721597152359738,2024
-0.020579781037854378,-0.16943679957721142,2024
-0.028641268377758072,-0.22509497291755481,2024
-0.016311163324888786,-0.2225362723573947,2024
-0.024360702158037664,-0.2199971354844153,2024
-0.04630605925059049,-0.19474064950359937,2024
-0.04185215734942897,-0.19757104663660746,2024
-0.04644331306478085,-0.19461757446006966,2024
-0.045037104733335484,-0.1720127591442544,2024
-0.044000206158369484,-0.1675344422227399,2024
-0.04495202811999206,-0.16806272079428475,2024
-0.06013000478488416,-0.11093124603108523,2024
-0.060785319863533985,-0.10958249025412092,2024
-0.060090933730164234,-0.11727514345392218,2024
-0.060333043170478676,-0.11398601155344537,2024
-0.060185939134095603,-0.1102991417136378,2024
-0.06462093246426366,-0.11336161751062696,2024
-0.049150603122372696,-0.13320236925625106,2024
-0.06153441769781533,-0.14078588360781186,2024
-0.08521820988398678,-0.048467735682202084,2024
-0.09112161244253468,-0.05577487406147838,2024
-0.07004039695400287,-0.045536149157607175,2024
-0.2521674170551867,0.042518763535636744,2024
-0.25070016689320523,0.04933507909295866,2024
-0.2559954844067505,0.04007822577102438,2024
-0.22354394622139523,0.0457731673305891,2024
-0.1516333599572245,0.09013418440856569,2024
-0.14753893080141778,0.09777347325647866,2024
-0.149287080159634,0.09222455605073253,2024
-0.07359984000982257,-0.07762610091215173,2024
-0.07347197502907656,-0.0781286270499939,2024
-0.07456570492427177,-0.09203900072527066,2024
-0.1556380602003763,-0.0041444853783753136,2024
-0.1556380602003763,-0.0041444853783753136,2024
-0.22658732107226137,-0.015901164280628183,2024
-0.23577557913885333,-0.02347658970002997,2024
-0.23066894657899828,-0.020572465916452794,2024
-0.21115491261050479,0.00432627554105057,2024
-0.15029874646978714,-0.012053699294032036,2024
-0.1585433895089659,-0.023189992432802828,2024
-0.14578764385555631,-0.008119801782172559,2024
-0.17383621329003257,-0.041505018345073516,2024
-0.16640227007744968,-0.03470209158980253,2024
-0.1664062574692275,-0.037905548838649425,2024
-0.24163028557006988,-0.006942134766095079,2024
-0.23998027926736082,-0.007281980907947912,2024
-0.2432938642394783,-0.009469733090830545,2024
-0.2256930905429137,0.0621713201756468,2024
-0.22532907878962033,0.059532575738097684,2024
-0.21724939766432178,0.07448110265937848,2024
-0.22465992829853876,0.06547473063297694,2024
-0.15904925890532612,-0.04141870095251912,2024
-0.16209998962089123,-0.05214897516119857,2024
-0.15904925890532612,-0.04141870095251912,2024
-0.1989663654539502,-0.026168362297447317,2024
-0.20769332718961458,-0.009520337889742485,2024
-0.15771821027827587,0.07263820146691227,2024
-0.14197388297220592,0.08303742344755452,2024
-0.16451546531172695,0.05651653133932752,2024
-0.15034441299345136,0.03669966815930508,2024
-0.17310083038412843,0.019577799943766457,2024
-0.1334466983593917,0.005650177952196099,2024
-0.13919945389967253,0.0014911922358935709,2024
-0.1459161359200748,-0.005464679328643286,2024
-0.21530130239569595,-0.02795111485298668,2024
-0.20638015350207434,-0.02454197487681266,2024
-0.22244227224987878,0.004380573207244186,2024
-0.22161261688792178,0.009023154692755844,2024
-0.22749001894777726,0.010469489212594742,2024
-0.21392349920064657,0.09013205940014664,2024
-0.19311563769617196,-0.030005493741633554,2024
-0.20212110982360854,-0.036077403867500704,2024
-0.24319096618258185,-0.010390888711596089,2024
-0.24699869064470154,-0.016744396711280064,2024
-0.2402993187061634,-0.0028071896555131454,2024
-0.2679831609303796,0.009182109588220227,2024
-0.2690062732284936,0.00915978830121977,2024
-0.16242885435828786,0.022833839358364673,2024
-0.16920952604443124,0.01962120454142027,2024
-0.15158466522806519,0.023551707928468415,2024
-0.08588099706280387,0.05461195004725186,2024
-0.07639910222503245,0.06086117276938659,2024
-0.12139152073414385,0.04264932109673991,2024
-0.12870570557868172,0.04106869217278376,2024
-0.13200503109650913,0.03997906764856388,2024
-0.22453753079682226,0.020033925581975517,2024
-0.2142988385269689,0.022659375950280593,2024
-0.20421631298334614,0.029480056061520335,2024
-0.27336948856824594,0.12743109840421357,2024
-0.27707269557141134,0.12632337598895418,2024
-0.2693713767115054,0.1391237551463455,2024
-0.09292531515067855,-0.08686476838464005,2024
-0.09220979683390453,-0.08677264798313838,2024
-0.09407011450712034,-0.09121635393043195,2024
-0.10829930789066851,-0.06830033183665822,2024
-0.1001459575335802,-0.06539525430723783,2024
-0.10850724346778691,-0.07197854065751633,2024
-0.16291473443180754,-0.13193185927393253,2024
-0.1544376170021563,-0.12802412348730188,2024
-0.12351265367690896,-0.15252565183670264,2024
-0.12511643944326112,-0.1610612912656299,2024
-0.12353321883212033,-0.1515381027536029,2024
-0.1642944656374533,-0.11479956083556705,2024
-0.16138141233565778,-0.11405416393713785,2024
-0.1624238512337252,-0.11692039370665575,2024
-0.2202536669278487,-0.06563328546458064,2024
-0.22810469686859797,-0.07310239360194176,2024
-0.222009476076723,-0.053656841431303975,2024
-0.21786383216152966,-0.045322542749965916,2024
-0.22452874638194603,-0.05301294108713761,2024
-0.20671373534381948,-0.041684015810845715,2024
-0.20178844963544446,-0.03439599347963902,2024
-0.21188098666483085,-0.04562442206805736,2024
-0.16641207245055428,-0.047356985404733085,2024
-0.16489552912748034,-0.0528533068452678,2024
-0.1649536887685057,-0.04747257675084908,2024
-0.1637608795554537,-0.08736499589591062,2024
-0.16285407744367925,-0.08849645191284614,2024
-0.1319982749553621,-0.0567495510171562,2024
-0.13445469547007632,-0.057248356233322,2024
-0.13671964803366737,-0.058403307443863045,2024
-0.06291934224480548,0.167589119990457,2024
-0.04051100088084865,0.18158565321398898,2024
-0.20396302986827047,-0.0674495064522147,2024
-0.19559640782605486,-0.07030362480894356,2024
-0.19680886463884967,-0.06646659486089909,2024
-0.05458815699470783,0.16250927217225986,2024
-0.05536202915835954,0.172963171298233,2024
-0.18019504727302876,0.12603227958543187,2024
-0.17525507823769937,0.1288096100425479,2024
-0.17525507823769937,0.1288096100425479,2024
-0.12994463835537917,0.1321531927519284,2024
-0.1375653127786881,0.12087161044978527,2024
-0.1439950698913019,0.11845490301121747,2024
-0.14033762754974716,-0.017182606291645197,2024
-0.13507724630709084,-0.01081728403496024,2024
-0.17977232237038504,-0.0010255992786694715,2024
-0.17936194696157942,-0.001372408866480622,2024
-0.24578919533762028,-0.00392260487490944,2024
-0.2451511847071281,-0.003475051822586353,2024
-0.15240736373167724,0.02442717190060443,2024
-0.21647187525923167,-0.07509889053027932,2024
-0.21739632707531387,-0.08146110640434646,2024
-0.21302916709588304,-0.08672323487645472,2024
-0.1493573735789248,-0.16066225332357953,2024
-0.1613120292700097,0.08648935129147363,2024
-0.1651820579184275,0.0857914373223147,2024
-0.1613120292700097,0.08648935129147363,2024
-0.21306435391133144,0.0473458432470138,2024
-0.22180403093237283,0.0456928690234646,2024
-0.21477681921358538,0.04967047224342717,2024
-0.1979340163263918,0.028963148761438014,2024
-0.19651598568120193,0.029953487508840252,2024
-0.19511185178055196,0.03510965220843037,2024
-0.1287822748573545,0.04319526541418297,2024
-0.13395662650424894,0.04661717386424029,2024
-0.1333843623459981,0.044978598537891996,2024
-0.13939088991603227,0.04258457036630517,2024
-0.17802258894653045,0.004836002062297694,2024
-0.1761687961882466,0.013250650084009108,2024
-0.1761687961882466,0.013250650084009108,2024
-0.1717955276646302,0.00858511033493177,2024
-0.17099314336882587,0.01215096682838283,2024
-0.17099314336882587,0.01215096682838283,2024
-0.13722477857236676,0.03674518057006542,2024
-0.11843063020200002,0.048506562617517415,2024
-0.0810245767608349,0.0197411515489945,2024
-0.0916493582963165,0.017837379287469465,2024
-0.09288323501599229,0.008765002701524804,2024
-0.07829539124049754,-0.007918150601381103,2024
-0.07721354464600762,-0.06597938341839732,2024
-0.07767863207660665,-0.07300356974646356,2024
-0.0777041466907022,-0.07008411298770083,2024
-0.09594493585155552,-0.0876934228850478,2024
-0.09271808156953716,-0.07793634736295274,2024
-0.0995394516175546,-0.08435033291857846,2024
-0.04808101125236884,-0.051372647522908335,2024
-0.05525236321002079,-0.060156992613338484,2024
-0.13001594309488917,0.0589170272311206,2024
-0.12427463564495332,0.06507849577759545,2024
-0.13547729332524894,0.04751028246799681,2024
-0.15053972257595594,0.08802219683127667,2024
-0.14595203211854185,0.09262204708787417,2024
-0.1500241047093589,0.08980963385974505,2024
-0.16925933466868687,0.09494419728530647,2024
-0.1613225877578351,0.08693614964489395,2024
-0.1619354106339887,0.10115328739426062,2024
-0.12068035047083044,0.13181284627349146,2024
-0.12579696398597662,0.13261151257573398,2024
-0.11268424024024389,0.14094247616610503,2024
-0.16701878424289557,0.12688008741140838,2024
-0.18909552334801744,0.1134786535185199,2024
-0.2223996515437135,0.048754808462068464,2024
-0.21178743528764649,0.06147794371916114,2024
-0.22204991387188838,0.05105389624864569,2024
-0.17510632829264444,0.02863369357885076,2024
-0.049720172993184805,0.06383735285213685,2024
-0.0434271069649899,0.07623729677650387,2024
-0.008339042001231742,0.05169646550800454,2024
0.019388961106387104,0.06911992355004846,2024
0.01885865273009095,0.06776095680885091,2024
0.03053202262081403,0.03924403387756778,2024
0.023379958443446078,0.028136486891559787,2024
0.009444104706957737,0.03219357641796985,2024
0.04449204751396268,0.007808807118958334,2024
0.05435931909392253,0.01371199306612253,2024
0.0937182306707765,-0.02426833903701056,2024
0.0971206015723983,-0.01851733647483418,2024
0.0971206015723983,-0.01851733647483418,2024
0.08733815076444885,-0.11416620192767918,2024
0.07620030431306124,-0.10343410061030214,2024
0.07411558830899603,-0.10277288936763965,2024
0.03697804939851006,-0.06257199288539422,2024
0.03675642170500841,-0.06472158583544668,2024
0.03253939146350009,-0.07630062447582389,2024
0.07804227908756378,-0.027038558977388105,2024
0.06542366085225107,-0.04102193189565767,2024
0.07281417866622844,-0.03480697621837894,2024
-0.028464562564395487,0.029620043602099078,2024
-0.020080498653986714,0.033464097410385626,2024
-0.026890004728173877,0.0226539470986998,2024
-0.04277660236283838,0.05471982269442801,2024
-0.0380039563646926,0.05869353870515756,2024
-0.0962120877223012,0.09118930681056923,2024
-0.0780933427851195,0.07888829866641589,2024
-0.06249777160581034,0.08976464463629158,2024
0.00016858547251573375,0.028872035781725088,2024
-0.0002718223688088217,0.028776492079166598,2024
0.04546151531243108,0.016195394073589088,2024
0.023903166890391292,0.008269947925862449,2024
0.046914465557090265,0.021540422117007317,2024
0.11769297263138594,-0.01820405745308637,2024
0.07873435896123962,-0.10353185063772727,2024
0.08414830750807592,-0.09892882363108998,2024
0.08662020642426127,-0.09110233979610827,2024
-0.011182053891887783,-0.18565063674951304,2024
-0.0032489526181985195,-0.17827107416240462,2024
-0.130412507256299,-0.10802901934027992,2024
-0.12151623968475385,-0.1099749108107824,2024
-0.12267969402522462,-0.10340278078505477,2024
0.006547023086630702,0.11866406866992642,2024
-0.07010353503858731,0.1509006340761118,2024
-0.07174628313451743,0.14834961381101508,2024
-0.10304495199526313,0.16220627208081245,2024
-0.10524877239163823,0.15671813648437496,2024
-0.09349943650799715,0.1689629590699036,2024
-0.12041180611194614,0.15629380993007913,2024
-0.1264110043347465,0.1477777602195047,2024
-0.13333888968668473,0.14707847288812148,2024
-0.13431699603443487,0.09573916086318138,2024
-0.13563947894027067,0.08444505897249802,2024
-0.12728156367936222,0.10082049748363264,2024
-0.07126020135884635,0.09253449533487602,2024
-0.06983198009439369,0.09866688406275068,2024
-0.06652015794827217,0.10146598435955916,2024
-0.07489400706463213,0.019459901703173826,2024
-0.08274243885914133,0.006396695722479806,2024
-0.03543726091730105,-0.04772880487151944,2024
-0.04808190663251134,-0.06357278483503252,2024
-0.03155567240079536,-0.04588248069066389,2024
-0.07397891210684927,-0.050575169691441435,2024
-0.06443754115126439,-0.0393712879694557,2024
-0.06912535847249231,-0.05297561175307551,2024
-0.07204391616218771,-0.09964328544779535,2024
-0.0738391194866961,-0.09833959572738626,2024
-0.08552638617312742,-0.1124722796387527,2024
-0.04572968797098627,-0.08053855296899287,2024
-0.04804261964653887,-0.07803270925281289,2024
-0.045406206959550735,-0.07336496324870939,2024
-0.1056772221973218,0.11022790124050844,2024
-0.10497629187090131,0.1135411532256063,2024
-0.10497629187090131,0.1135411532256063,2024
-0.0739686819699625,0.1424365490450294,2024
-0.07731699374190605,0.14315946120688217,2024
-0.008163513711669942,0.13817677448689217,2024
-0.005232908579042211,0.13281101483348867,2024
0.00041237588156113614,0.14063379884876595,2024
-0.05426507028471987,0.1630345453589314,2024
-0.036675724986975314,0.1755845905228938,2024
-0.05946357709977952,0.158484342214183,2024
-0.08289215642970828,0.0776112366527105,2024
-0.08954537503532602,0.06273311383184997,2024
-0.0936200190056835,0.06329701242428856,2024
-0.10729835473350065,0.10820893014311028,2024
-0.10558592780432001,0.11617289822560958,2024
-0.13151262683127757,0.13902327835834905,2024
-0.12978804075407868,0.15050467541254253,2024
-0.08306363416061004,0.08999023884751292,2024
-0.08415466526680572,0.09032836587568148,2024
-0.09520802234018962,0.0866965358033101,2024
-0.0716451643768883,0.1745277701833588,2024
-0.0733351271042902,0.18312523741154657,2024
-0.06280698587503049,0.18641285500746657,2024
-0.14866022286944297,0.06240272368061945,2024
-0.16372460762732516,0.05425963723863446,2024
-0.08255366566639825,0.15890820459982777,2024
-0.09477083990053371,0.028193054550150573,2024
-0.08257046531564378,0.031758621227181316,2024
-0.10770844009537979,0.007459701861403684,2024
-0.1091881081216431,0.00912963350504642,2024
-0.08259787264769448,-0.01831423687126179,2024
-0.09685528368079273,-0.030739631538054868,2024
-0.08286599445193445,-0.022482729034095685,2024
-0.1564182419695293,-0.03485380432628998,2024
-0.16122582803118574,-0.043477794007770104,2024
-0.15914279535341752,-0.037760689637424724,2024
-0.12777541817383742,-0.0694688836841226,2024
-0.1298140056573489,-0.08859138476078005,2024
-0.13026151895643429,-0.07617173964251478,2024
-0.0816082787592144,-0.0862758889130627,2024
-0.09293105412830772,-0.10133085700142802,2024
-0.09493193158178638,-0.0692207594306956,2024
-0.09725542668499783,-0.06210666077841169,2024
-0.08681778119056531,-0.05621454710911224,2024
-0.05046600146144435,-0.0849153336273933,2024
-0.045490917303330006,-0.07994558792910027,2024
-0.14420964306072453,-0.10538504635493492,2024
-0.14347477607348907,-0.09560121777925018,2024
-0.13994805043623232,-0.09920841791812529,2024
-0.17174847619494144,-0.12033481727617756,2024
-0.16729701500384764,-0.11868633810369494,2024
-0.18335118115193322,-0.09905955354637691,2024
-0.18564717054396657,-0.0992624938911934,2024
-0.18844158967990848,-0.10365382851352134,2024
-0.1717892909620083,-0.04999604305591668,2024
-0.18365340861463403,-0.021336095673552193,2024
-0.17722673412451462,-0.018961356135649567,2024
-0.178012782491411,-0.02106901188538663,2024
-0.15367876882944587,-0.024010287520993046,2024
-0.14893826871621524,-0.019384741165363414,2024
-0.14849797278468274,-0.02203977696262878,2024
-0.11813336853476773,-0.0643669761307313,2024
-0.11916053014305221,-0.06306798634678028,2024
-0.1195526618478668,-0.06217480919740136,2024
-0.1017306443033706,-0.07930399828829014,2024
-0.09637221919133145,-0.07649062537033063,2024
-0.04148275896541366,-0.11605406818105596,2024
-0.04146640336730366,-0.1165616060403046,2024
-0.08147304451201239,-0.15157633700416734,2024
-0.08198511535003984,-0.14900331337979913,2024
-0.08369389701305179,-0.1530355750197762,2024
-0.04317654319080798,-0.049542870958300775,2024
-0.0560009987031498,-0.056075106634909444,2024
-0.04742169781055845,-0.05310353178939306,2024
-0.08122718226902755,-0.05560168343823549,2024
-0.08230410088290198,-0.05952986437321006,2024
-0.1323274805739223,-0.10356221686212314,2024
-0.13173203143756507,-0.10100813434583034,2024
-0.1315769398499375,-0.10215909440275758,2024
-0.1515323334773609,-0.1315923490470065,2024
-0.1493689586410893,-0.13292277068144853,2024
-0.15313152031553262,-0.13797901993000566,2024
-0.06217545731735481,-0.15715778845904008,2024
-0.059550225453549946,-0.1493514377707502,2024
-0.09436445066614298,-0.0646779701921438,2024
-0.09330569383592825,-0.060680663983197436,2024
-0.10578658732023687,-0.04735389900728133,2024
-0.10720057980745361,-0.04324078408451669,2024
-0.1089915235817583,-0.051139852275355974,2024
-0.1733822358943532,0.05256267874135766,2024
-0.17652464126772055,0.0442848504573593,2024
-0.16818083697718872,0.06000170033898766,2024
-0.11295182508565964,0.10213607572151198,2024
-0.13190378249588586,0.10027419110093155,2024
-0.22341844094735647,0.08506856890991887,2024
-0.2292457651322376,0.07299254235681195,2024
-0.22973365770455856,0.06737628229740056,2024
-0.14705823106743943,0.038055991945113596,2024
-0.14478549413116093,0.023025547769292925,2024
-0.14185995681883462,0.042822233333903455,2024
-0.13834523655471437,0.04832648115453826,2024
-0.13696782140082397,0.052949445971474204,2024
-0.15519691074488184,0.05923674904974968,2024
-0.14993822939242024,0.07661650184217594,2024
-0.14992468904088152,0.0797263609845652,2024
-0.13985127976292078,0.08073930284382753,2024
-0.15122257011582257,0.07239142675662241,2024
-0.13996831489387995,0.07888835607700936,2024
-0.15067303254763154,0.03597934370012824,2024
-0.14775327913935643,0.04509569955378075,2024
-0.15052048552618164,0.0345019126453696,2024
-0.11019495546202158,-0.051333263054308687,2024
-0.10457604845189035,-0.03219797317322706,2024
-0.10583481716085665,-0.032940319688542496,2024
-0.08640001432153162,0.0656138425168551,2024
-0.0714302800937051,0.08570525350705398,2024
-0.1459167453912431,0.07358839298962555,2024
-0.11245799664026164,0.08766801844466118,2024
-0.12357028779820813,0.07928082392797663,2024
-0.14243377442981653,0.07923398479440892,2024
-0.14637391662566657,0.08638965708159596,2024
-0.14236628813541946,0.039044313731085564,2024
-0.13470788899302072,0.043100522328195966,2024
-0.06228095817670366,0.049841931392714096,2024
-0.06213476071913497,0.05148541462893213,2024
-0.053038790300357755,0.046622178513104885,2024
-0.06755598733364683,0.03265923747927133,2024
-0.053975416413315894,0.04359599707090957,2024
-0.06430381390472346,0.04179158168271377,2024
-0.04978683597816254,0.05843110841754688,2024
-0.05153999888690443,0.05203458438148686,2024
-0.08211474968857725,0.06076667963833711,2024
-0.08336206682386775,0.054988517942759746,2024
-0.0863511424725268,0.046296288267150286,2024
-0.10620517467008962,0.017512426876564884,2024
-0.08478852381728973,0.031178956167368616,2024
-0.09952772496419661,0.015323574149392422,2024
-0.054720051079114554,0.01335141040857895,2024
-0.05487105545594083,0.014156507860208275,2024
-0.06453273678089085,-0.0024400484814661103,2024
-0.059675520108035965,-0.004875971556572038,2024
-0.06260975443840001,-0.013039853886243707,2024
-0.061128601372941224,-0.005112198786131672,2024
-0.03708775950323524,-0.039343812810850726,2024
-0.03647593689908561,-0.03142968602586582,2024
-0.011695794461476991,-0.04672238779084492,2024
-0.012203871809371575,-0.04849119278467874,2024
-0.005534178084274921,-0.050791694994754694,2024
0.046476629060065965,-0.10617597454356875,2024
0.05264088924069383,-0.101979230235615,2024
-0.09622664306823649,-0.09315208025273636,2024
-0.0891159906633865,-0.08802805840750685,2024
-0.0937647227526792,-0.09284893760488039,2024
-0.20878322554443268,0.006054753640860597,2024
-0.20025267506811995,0.0025070377177440484,2024
-0.19379600883737974,0.014638816129559647,2024
-0.2537035056644279,0.02604565078260282,2024
-0.26325236528585216,0.015575659357011253,2024
-0.24660745197251716,0.030509871385997103,2024
-0.21305338133870827,-0.02574400353416728,2024
-0.2271440954264453,-0.03556919273590642,2024
-0.23201570484740297,-0.03667241078201587,2024
-0.14721183564249452,0.028650137829366512,2024
-0.14775431116980814,0.01736706382344181,2024
-0.12307479347985355,0.06966527819988608,2024
-0.09213619309432387,0.0884016892488502,2024
-0.10219561082053465,0.08333761732739925,2024
-0.15533520997607392,0.014878334526791326,2024
-0.13946022803295471,0.025349178803610692,2024
-0.05180035415589644,-0.02154369757563071,2024
-0.06730373125681623,-0.029375050690966506,2024
-0.04936792746311018,-0.017108910594718793,2024
-0.07223592827414453,-0.03871253314991205,2024
-0.09003021076394625,-0.05042607812665942,2024
-0.12648946338714417,-0.06274588771106798,2024
-0.11106424183928525,-0.04578409485600249,2024
-0.12244087749570061,-0.0584491754470714,2024
-0.17286908189347672,-0.033511724281371266,2024
-0.17789308671020143,-0.04095670789753805,2024
-0.18100722314270135,-0.04003340141859389,2024
-0.19469901923352145,-0.060201480887545955,2024
-0.18922230821034186,-0.0479758043300465,2024
-0.0979714956965881,-0.07597530932432695,2024
-0.10152195816790437,-0.08269557534166368,2024
-0.11839091029851555,-0.06473307641888554,2024
-0.11839091029851555,-0.06473307641888554,2024
-0.12490099532871081,-0.07303644606921655,2024
-0.12009613178064864,0.11999646965476184,2024
-0.11921233302877117,0.1264937134099378,2024
-0.12502726518189206,0.12084755309856557,2024
-0.16107450183800365,0.05189222142584704,2024
-0.14520575609335168,0.06790071020261974,2024
-0.1599895621079021,0.050068229116021615,2024
-0.17114631070062253,0.01918624119976856,2024
-0.16768531813041104,0.03151690295623392,2024
-0.08830635084047038,0.009618834443440989,2024
-0.08443258036528335,0.021947340181755023,2024
-0.08664657177686826,0.016424843081736248,2024
-0.09150543426918185,-0.038898771537304616,2024
-0.08710463169661246,-0.05164903553840906,2024
-0.1210524413259982,0.09380540012206351,2024
-0.14172100251329695,0.09173780409673571,2024
-0.17119224601094257,0.029520144793203258,2024
-0.17037668257017674,0.0329655485823414,2024
-0.2118391014892954,-0.026569706644036004,2024
-0.21941403454609898,-0.03196823606363311,2024
-0.2118391014892954,-0.026569706644036004,2024
-0.07633222220922607,-0.03020295794018689,2024
-0.08076663059973417,-0.020671409787695744,2024
-0.05701315277481418,-0.0041776739978560545,2024
-0.14157252678379878,0.019571713733550468,2024
-0.11812647228778174,0.029405735885913872,2024
-0.1683985687945116,-0.06907513455155014,2024
-0.17298932585998555,-0.07160065918988859,2024
-0.1804553549919407,-0.06493837513423373,2024
-0.17033552470792118,-0.0614599190597654,2024
-0.1696966082961487,-0.06236836266057881,2024
-0.17833815408805564,-0.054675040036872555,2024
-0.17855051393732507,-0.05316265778882674,2024
-0.18768596887654254,-0.0582096866088489,2024
-0.21327715654982454,-0.05559075755474037,2024
-0.22054036047251785,-0.06242850955500873,2024
-0.2457464176588235,0.08261531361541657,2024
-0.12140277535504544,-0.07390136112201998,2024
-0.12237236391498026,-0.07259033521540187,2024
-0.12237236391498026,-0.07259033521540187,2024
-0.11763010947961901,-0.0022126317566288495,2024
-0.10828813850892811,0.006835295151872735,2024
-0.08029383470248454,0.019240042929329338,2024
-0.12382028551694436,-0.1003414173966369,2024
-0.09191757272631425,-0.08461281997029735,2024
-0.07212274356848515,0.009835246132559632,2024
-0.07978892471501021,-0.10740511480865464,2024
-0.25539803758255314,-0.029970479978770823,2024
-0.23057390003759587,0.14219317769861983,2024
-0.27791412478714217,0.02544748539762967,2024
0.20656608247603947,0.04996493831171021,2024
0.21860914579583068,0.07122262268905726,2024
0.2178039044051512,0.06701960967696872,2024
0.28152612002393007,0.03163982685474574,2024
0.2851005721461957,0.027840679528982934,2024
0.28577715094105743,0.03429622008710416,2024
0.31097886402887914,0.063110735721949,2024
0.3064618464764633,0.060308024453508635,2024
0.30558555449685726,0.05138664833676064,2024
0.33975483155308867,0.12595323258465174,2024
0.35264428987283064,0.12926786929557688,2024
0.34360481994212516,0.08445473697504047,2024
0.34360500631586666,0.08818876942973528,2024
0.3492645002001805,0.09108455472145965,2024
0.3535307355860186,0.020795866826835874,2024
0.2832363601657858,0.11565746267534921,2024
0.2703931500430403,0.10545882623570779,2024
0.19870035123296362,0.22822487295048943,2024
0.1953358329584604,0.22610780308114153,2024
0.1319321238240535,0.2651589266031784,2024
0.11222866218100873,0.26043314993772754,2024
0.12207108814041422,0.26722259451345376,2024
0.11758933550287706,0.19726464209859834,2024
0.11965257327520595,0.19274389650913998,2024
0.2997439024136226,0.061645879673666186,2024
0.30122316303448604,0.06053226403971377,2024
0.29952949004677715,0.05518007127791899,2024
0.25078359514296444,0.10135768450672482,2024
0.2485932236168964,0.09951668930278501,2024
0.24713685187884282,0.09857101483375148,2024
0.18708383238441656,0.10126949257269297,2024
0.18079555405109354,0.10221134530156875,2024
0.18894492288214154,0.10324779009098006,2024
0.18018388524645423,0.17862184159950745,2024
0.18406924528667773,0.1743943447016727,2024
0.17256589106277404,0.17243773940767343,2024
0.20328815927999383,0.22657342700396751,2024
0.23963441825279685,0.22669716298680048,2024
0.22868668224656047,0.22258072921748068,2024
0.19422490078566704,0.26555277799872273,2024
0.2104641875657528,0.27200631192515934,2024
0.19852584242936094,0.2720698807089622,2024
0.16740959105475833,0.15435910240104506,2024
0.16323538400468968,0.15210246158313814,2024
0.20080636668412355,0.028622372658200976,2024
0.19083608056422452,0.025162606386331502,2024
0.22846431723870847,-0.0008316203229386809,2024
0.2317511717630053,-0.000664135298101623,2024
0.2381423488398547,-0.0010412882426455716,2024
0.12938689404133907,0.06332695218562392,2024
0.12577898312799332,0.06371379574570549,2024
0.4883829740241595,0.008204486842003096,2024
0.4911108104943603,0.009836343940610896,2024
0.4911108104943603,0.009836343940610896,2024
0.45135636003309465,0.024286892332835486,2024
0.45155430538131314,0.022331617861877363,2024
0.35907083592581035,0.0029841978000681862,2024
0.36257455754004736,0.00839281124841091,2024
0.3618837564108985,-0.00508921952545735,2024
0.3160724276447799,0.03976864518840373,2024
0.31901581966778264,0.04499498907712382,2024
0.20637029845589944,0.09780959017093219,2024
0.2198236238538006,0.10327300281572031,2024
0.25561190940001693,0.08705752770634985,2024
0.30267676695532664,0.06444934895045495,2024
0.3077087207556409,0.07150429982308756,2024
0.3057289005363887,0.06635135768401455,2024
0.3589873713423413,0.08612280921213161,2024
0.3309184220866566,0.08882282418665945,2024
0.3375821725167316,0.08831193236023949,2024
0.3338565020975916,0.07907927200285522,2024
0.3330548240056939,0.07748830482288724,2024
0.314510669772173,0.038958067677567786,2024
0.31597858857766253,0.04060463169992512,2024
0.3125256933324576,0.03548895674953733,2024
0.4723155390490278,0.0763156347633673,2024
0.4714234973681484,0.0727294501991929,2024
0.2740166574209878,0.14688436501320687,2024
0.27169609799173366,0.13984661639073126,2024
0.25925353604955703,0.13478143286725228,2024
0.17262184879372983,-0.005341394102470774,2024
0.19041224633883075,0.007894519819184334,2024
0.19041224633883075,0.007894519819184334,2024
0.26309170338173343,0.028666482731556864,2024
0.2634668021968596,0.04195099698301063,2024
0.20462620461292264,0.09401620094107019,2024
0.20462620461292264,0.09401620094107019,2024
0.20462620461292264,0.09401620094107019,2024
0.2037284589733504,0.067794587568018,2024
0.20767662927444086,0.07937930140227271,2024
0.13203062308955416,0.10899737195399056,2024
0.2020053042589896,0.11511150529826489,2024
0.19384763513658204,0.11122761214749008,2024
0.281766911890584,0.10167347123393036,2024
0.28196669751732073,0.10350066636747282,2024
0.28053144421065496,0.10260581850548763,2024
0.35221373203145095,0.14028362549334245,2024
0.356637218684202,0.14518149879084072,2024
0.4629363418610043,0.13779477304142318,2024
0.45828577440450596,0.13129583689540109,2024
0.4571038938699572,0.13377805035475712,2024
0.22970445951329366,0.10219853561259588,2024
0.22970445951329366,0.10219853561259588,2024
0.16734661576283733,0.05200001850985514,2024
0.1694206163470609,0.05062153037583149,2024
0.19533029365811322,0.03240516204337729,2024
0.19183174548588316,0.05071179387022039,2024
0.24138812431966544,0.13446650782518577,2024
0.25561890799669373,0.13753379653368375,2024
0.27678547017203337,0.1911119696396807,2024
0.3232362342275029,0.15342112093741947,2024
0.3247054670755315,0.14274209717972197,2024
0.3283258958558895,0.15428686641096323,2024
0.26137269728623136,0.054629170490959084,2024
0.2623938127707428,0.05097122972660015,2024
0.26122054842071646,0.050493438482246765,2024
0.28754893279009724,0.20980074978046892,2024
0.2877112034535725,0.21493139605973344,2024
0.3033847177981933,0.21588450869991238,2024
0.3825300664286066,0.05984650993802895,2024
0.3830386360438612,0.05836108577577088,2024
0.3819825117624844,0.058949088081704286,2024
0.30824004796111987,0.06914061558992332,2024
0.32431922309362243,0.07376917054661361,2024
0.32318410612902343,0.07451360230916224,2024
0.3082802516572049,0.08574487978799519,2024
0.31862067790671306,0.08605039088530722,2024
0.31376648863649254,0.07487807961016271,2024
0.40844470850199394,0.05295331623052776,2024
0.4085445190123535,0.05169568018196857,2024
0.38893686867586824,0.06270115354713554,2024
0.39192859393559154,0.06943087598836581,2024
0.3945770638370656,0.07258055694202652,2024
0.3743872456127437,0.02694053967348402,2024
0.3740873095253409,0.026700790538578555,2024
0.3715380393192801,0.024986594269089037,2024
0.46549789653451334,0.012073160214327971,2024
0.48111400788763775,0.013775494985938254,2024
0.48180284568323706,0.0016981124265682476,2024
0.47540232861695236,-0.003715313398956914,2024
0.4542461886319394,-0.021334055198025795,2024
0.45899237594113335,-0.016040174985274033,2024
0.45899237594113335,-0.016040174985274033,2024
0.23849205507377275,0.055083459314366645,2024
0.24243280193117378,0.05299889076371811,2024
0.1790461396735974,-0.007723691631321354,2024
0.18171939492183342,-0.007098481953406337,2024
0.17994492899558745,-0.010731814797775623,2024
0.109135368748686,0.13770306830249437,2024
0.10238349736527869,0.11671911866446022,2024
0.1061523295585799,0.13787260935025258,2024
0.38887298267271564,-0.07414385548781663,2024
0.39279878015333414,-0.061228646665997116,2024
0.22958526347707536,-0.057970203804118894,2024
0.23190009857774613,-0.05079430341750228,2024
0.21692410093096354,-0.06443126805081109,2024
0.22290988833424485,0.100633754033448,2024
0.22437918199726764,0.10567560743223703,2024
0.222040937898679,0.11228691282341863,2024
0.2229217384191241,0.14726102315989076,2024
0.2161004390889541,0.1472847694251645,2024
0.21707772205786596,0.14601699920610234,2024
0.23144913583661042,0.169849654775016,2024
0.2296023279879253,0.16930985152158207,2024
0.23563148642539683,0.16970768071791018,2024
0.34916284111621393,0.0868681940766438,2024
0.35255368647663377,0.08361514879145474,2024
0.26082644412487094,0.047703161023612335,2024
0.26888100621013167,0.05091010397812809,2024
0.28815089092643636,0.09223848760282594,2024
0.28951972174063256,0.10027450968505494,2024
0.2789307439395371,0.09412071978181616,2024
0.2936651384711266,0.05859230608939102,2024
0.2934714209514149,0.05465239530758958,2024
0.29841781870483686,0.0611883563549529,2024
0.32278651203367953,0.023683382018151233,2024
0.329162481382173,0.03187369262293728,2024
0.33095949764401483,0.04319252018640006,2024
0.30200674499354524,0.013887353147457038,2024
0.3340542313487628,-0.007335065994770504,2024
0.33807616416961855,0.0017079524895105835,2024
0.3533656388061147,-0.039228823339118216,2024
0.35772467725860757,-0.032899906311754934,2024
0.35526210822943605,-0.033401831552261466,2024
0.28249309434929165,0.11407206871057002,2024
0.28395339079071047,0.11988153421501131,2024
0.28395339079071047,0.11988153421501131,2024
0.27969268462424535,0.14070062317316612,2024
0.27931820188301676,0.13710181485931916,2024
0.20782179531052372,0.1101242831039036,2024
0.20523614286224368,0.10063894398330926,2024
0.2191255033283298,0.11754347536777579,2024
0.2654697881656002,0.20325478113220302,2024
0.2675432737954764,0.2115506793048571,2024
0.27587270222334354,0.21014286265812807,2024
0.19421216436442312,0.2110976407560739,2024
0.1973197934751303,0.2142845740448285,2024
0.1577858069417244,0.11433387500761324,2024
0.15648362612574074,0.11526202247686361,2024
0.1644278165209377,0.11829653386086876,2024
0.20893138091161018,0.06825841964650077,2024
0.20510363397336445,0.06879031258951095,2024
0.2067439654803729,0.07090373975942411,2024
0.405575719118888,-0.03990147615398226,2024
0.4048324267988682,-0.048766717187273725,2024
0.40756598745358313,-0.03932516054543156,2024
0.3203350448646143,0.03187747676396277,2024
0.30904983267882624,0.029018793938423208,2024
0.2985710166034533,0.02701033338543951,2024
0.2864297378334132,0.13057207467455245,2024
0.2711652618754539,0.1297634351021525,2024
0.27996909090793753,0.1313543589765208,2024
0.2785879877378553,-0.03468758459454396,2024
0.2748572345095142,-0.043902256423859656,2024
0.26809845900332885,-0.051995233566601615,2024
0.27230744747812874,-0.0024413189493383003,2024
0.2785051168696163,0.01165694919657691,2024
0.26752546211113054,0.002501441627271346,2024
0.3105535085381038,0.05225098341398698,2024
0.31683427101358835,0.057525421375549834,2024
0.3141443264040181,0.05671503316445864,2024
0.4151426333289476,0.03229309887615411,2024
0.4124628422206742,0.03495205844267365,2024
0.41077829466937765,0.01633849790619466,2024
0.2501617945145154,0.18301249331262706,2024
0.2550755797738532,0.18568730258325655,2024
0.26443646700477874,0.1864334108669132,2024
0.33093949080466933,0.19811671054218083,2024
0.3372908984674174,0.1409965054150536,2024
0.3372175276785049,0.15078943299890388,2024
0.3359181125883333,0.1507005450148537,2024
0.3405639643421774,-0.05171285797471764,2024
0.30837619645282455,-0.057488619558572665,2024
0.3055307438321263,-0.060410331717470456,2024
0.30453048634801083,-0.06397078701044137,2024
0.26166330632526186,-0.016270359227569385,2024
0.26510829444984807,-0.019956122638866744,2024
0.26551186790536463,-0.024922896896331384,2024
0.2067926810369075,0.009445653732232141,2024
0.219710192948245,0.022419141251104432,2024
0.18672138913348824,-0.003944357922426256,2024
0.1593228715488456,0.11014714056717728,2024
0.15354894548745718,0.0898416778156167,2024
0.17296661547385359,0.17571733258466782,2024
0.17657159379292675,0.17844973298355865,2024
0.06937702005167061,0.1308875161044492,2024
0.08249596043493342,0.13616840910284178,2024
0.05916622961489566,0.20255810221967538,2024
0.15399165019487682,0.18128519569474005,2024
0.16530326114092947,0.20621406387526256,2024
0.15287295919434316,0.19304406752009542,2024
0.37584062042622024,0.08614426828660035,2024
0.3692141809436221,0.07988798439057923,2024
0.371371891268231,0.07785064348580541,2024
0.4008572763367137,0.1259585493866477,2024
0.40681536630761417,0.11920790051370189,2024
0.398806379358177,0.1237809380925486,2024
0.3123076556598783,0.10027295410435551,2024
0.3198908737355554,0.10785772013175675,2024
0.33805079598067633,0.019674130027350887,2024
0.337002549775511,0.013174510490493403,2024
0.34716507638549343,0.020572137708392415,2024
0.2948646046872946,0.008662490311243415,2024
0.2853511374340901,-0.00014867558919166857,2024
0.29187673948531534,0.007667516537075071,2024
0.30451625248977476,0.09436426699381228,2024
0.30974914550884264,0.10259916355424128,2024
0.3096551560647168,0.10200062389087651,2024
0.20894874680535375,0.14548801295849273,2024
0.1991224520694466,0.1426597239048585,2024
0.21272385499558893,0.12585492115726646,2024
0.154762147878819,0.27256269947983364,2024
0.16611706197401807,0.27710452721179335,2024
0.16611706197401807,0.27710452721179335,2024
0.10240516781415117,0.11275248297662978,2024
0.09070654478532411,0.10988667009923349,2024
0.1296046918012209,0.21118016163381723,2024
0.1410899627631847,0.2160232065240218,2024
0.13075808340263909,0.20973457851753116,2024
0.09589707620135053,0.12370743714571716,2024
0.1000854856733022,0.12517724898185154,2024
0.09931085703252049,0.1263673633007617,2024
0.03667671041933946,0.044013087944759985,2024
0.04594463222464776,0.05380158961428095,2024
0.041876367641809575,0.053115028294243395,2024
0.18305713558008663,0.03205006724139681,2024
0.18586658140973317,0.03337998631144461,2024
0.18586658140973317,0.03337998631144461,2024
0.4688710555077036,-0.08049224728007243,2024
0.4707050161475407,-0.08496901953481473,2024
0.46965675976686416,-0.0779934723789974,2024
0.23294255569443562,-0.012112052942284353,2024
0.2331403193937009,0.11635487800718827,2024
0.27380904675451373,0.11414729505530408,2024
0.3455730594088288,0.09142477891870353,2024
0.3719474278840058,0.0011236361106989473,2024
0.3202755153457236,0.17657125305617832,2024
0.2386753373321127,0.05322200864675464,2024
0.24717353254184632,0.16920687925606287,2024
0.06548386416784557,0.2069630439479872,2024
0.010392189304450475,0.19090962261437924,2024
-0.02762882281914579,0.17365004598657904,2024
0.06153668159407466,0.18680450458685458,2024
0.08496964799638916,0.18119549496142195,2024
0.05779325827774767,0.13891099926480704,2024
0.22532081873404713,0.18204000717509486,2024
0.13434724151078678,0.24452106165078727,2024
0.08070108630377601,0.03391118418710039,2024
0.1246873454161652,0.08502562585170143,2024
0.24697553382185833,0.11726357080117333,2024
0.25845061548645415,0.04965849929397308,2024
0.26356457745836853,0.029791724323691014,2024
0.22218894352591595,0.08519660055567704,2024
0.24480148667066726,0.06048865369841895,2024
0.42023520764022404,0.0634861144216547,2024
0.42439592992031805,0.013126743859852394,2024
0.3859339045407137,-0.03873903772682877,2024
0.3531876134650072,0.02392565982676011,2024
0.3135172451281215,0.06472405393173523,2024
0.41532491057389015,0.06682996801964007,2024
0.41635146928025285,0.0035115885972633737,2024
0.38733543441052,-0.026985801612289445,2024
0.32360927442154197,0.02753775184893401,2024
0.3022264567944489,0.06074328301232486,2024
0.19365202154188177,-0.06345342070787888,2024
0.19013688477219542,0.055674204477142136,2024
0.26226595045405027,0.1495065110113582,2024
0.17470758829776178,0.04942298518475615,2024
0.24384266037447183,0.07279820093142488,2024
0.2673201085971447,0.05932911351191392,2024
0.1559614014126215,0.23309121504175373,2024
0.04028026285146186,0.22086245617821795,2024
0.19565132285640494,0.1079042189346868,2024
0.28937543374376257,0.152198404204729,2024
0.31829375751757605,0.15774828077871156,2024
0.18491318545483487,0.2030935301932802,2024
0.29157093814135715,0.03943334318604061,2024
0.26094656118066734,0.08498830048407902,2024
0.34138952693959634,0.06733401863331567,2024
0.3062873753272457,0.10375696141061222,2024
0.29993590110465723,0.15382774976989302,2024
0.20492558450675497,0.135757983311184,2024
0.29628306323023984,-0.032154636196635944,2024
0.13231772877707723,0.22208697854679887,2024
0.07494357911744659,0.18097248843723876,2024
0.3495809292038172,-0.006700239665792682,2024
0.3430887464219224,-0.007345688751384506,2024
0.34447164704590255,-0.02794709808584951,2024
0.25657684736029424,0.14082187938377602,2024
0.28377196839406643,0.10678507661722728,2024
0.302078918645582,-0.016954867744434797,2024
0.2783850960786622,0.18594651368236853,2024
0.28531885890182707,0.18694146612340598,2024
0.2750457144494604,0.1786835141755063,2024
0.22984370240431368,0.17114591139072632,2024
0.3004002779970388,0.14476197422430243,2024
0.27974872712260973,0.20755654822454753,2024
0.2830762394588386,0.19692549618299765,2024
0.22723835061699033,0.22233923319224566,2024
0.20998233852893222,0.147814076276001,2024
0.20346168783949703,0.08744648197272875,2024
0.19880259459901395,0.0886507599841927,2024
0.41319435270303373,-0.08551599329641267,2024
0.40754340008481754,-0.10091524949391628,2024
0.21733290627659863,0.03440016766977831,2024
0.22077627608789913,0.03689696544993391,2024
0.22211881529420735,0.03615784430960367,2024
0.2057065403144248,0.11860028201727961,2024
0.2067298772766491,0.11850381244252399,2024
0.20648760371134295,0.12286684378637121,2024
0.16260777619939906,0.10544121646447802,2024
0.16574862239833954,0.10806130364172137,2024
0.1965032802345641,0.10850196065445011,2024
0.27106314134112625,0.06461915151976001,2024
0.23620632489683824,-0.019469921174324174,2024
0.39983928478788566,-0.07044010486319924,2024
0.38865873507591225,-0.11684727408117696,2024
0.4348454493732667,-0.10234675886738684,2024
0.005151907703959194,0.3189314220305839,2024
-0.00997881047542469,0.32306667251969157,2024
0.10784294281590935,0.25659631696411467,2024
0.11331885209273385,0.25484907598127743,2024
0.10784294281590935,0.25659631696411467,2024
0.22669294334444073,0.08192030577185755,2024
0.2326858799081139,0.08559034250481388,2024
0.21617860671569017,0.07416221131406425,2024
0.1285390134576557,0.06062282536268233,2024
0.1285390134576557,0.06062282536268233,2024
0.16847030685096415,0.14489326097061392,2024
0.24855247728580493,0.13656372852898213,2024
0.23260967392396714,0.1357285582279563,2024
0.247149342906133,0.13481716561231644,2024
0.23442073376045675,0.19081337248745658,2024
0.12192281295108398,0.2821831239307701,2024
0.14412710728553058,0.2826498062322276,2024
0.18017398800253892,0.270105958868617,2024
0.18208042651644274,0.2709772271302374,2024
0.17858312742677013,0.2687289064171051,2024
0.024603119387936342,0.23002791902168845,2024
0.022043907350212458,0.21897501061262636,2024
0.016515485667612337,0.2208137924172075,2024
0.036422042043974694,0.25175192386870066,2024
0.035558805362535945,0.2503173391765987,2024
0.12668457509400052,0.20878947902887834,2024
0.14525587658483557,0.21482548261342793,2024
0.12784012924900756,0.2086820867282953,2024
0.11370382431694569,0.17310272671318921,2024
0.11497839078124536,0.1770917707493172,2024
0.2040056876054418,0.08091740736521313,2024
0.18045732523359254,0.0727688111390778,2024
0.24942538299615397,0.15106269993939675,2024
0.2536753130476345,0.13913682140948874,2024
0.2408369752579793,0.13986046258958312,2024
0.26116042474970586,0.14676010019200872,2024
0.18219780398991148,0.26413046760948955,2024
0.17581508221031203,0.2636814929755824,2024
0.19381132638722942,0.26710334591987134,2024
0.20468144159797236,0.16200860750005786,2024
0.2083723849276827,0.16200749259606878,2024
0.20552119139240105,0.16013278649283502,2024
0.2416636528855215,0.06578475536950627,2024
0.2546930800222204,0.06843255407618704,2024
0.2520342308240391,0.06737825834126046,2024
0.25655074921259696,0.16970666295830159,2024
0.2521175670206509,0.16441570282481133,2024
0.22506340651206747,0.17762856414933437,2024
0.22762500005394481,0.17406307820733152,2024
0.21117978584435737,0.1709535219381944,2024
0.20354923738614955,0.17480698742610387,2024
0.20983675701268223,0.17775963140303253,2024
0.23754088979331883,0.051584184764993435,2024
0.24077105472521815,0.05660851408603164,2024
0.19395429044925727,-0.026027009041491092,2024
0.1847943131397732,-0.03392716439128876,2024
0.29460282680099753,0.005033698274864662,2024
0.14935202931549788,0.38919864320065956,2024
0.1490257857605609,0.39005370999849065,2024
0.1490257857605609,0.39005370999849065,2024
0.21899300007171818,0.19732927272898781,2024
0.22125875616605645,0.20130499186975986,2024
0.20128322864864087,0.024025444862173617,2024
0.20547153781347072,0.02879433444423529,2024
0.21028154791469272,0.03133883062961654,2024
0.2815766459323082,0.020077668573175618,2024
0.2921436351236693,0.034150401824066395,2024
0.24724760519545236,0.00836645307182824,2024
0.24648418380436382,-0.008303361751580633,2024
0.24310078954723485,-0.005664954987650184,2024
0.31601741271404643,0.024972282941300234,2024
0.3162890403162143,0.026667183637469075,2024
0.3162890403162143,0.026667183637469075,2024
0.2897390402087976,0.009623694090694478,2024
0.2926689490303828,0.014668390822313852,2024
0.29062994522228325,0.012112443720165782,2024
0.28689231840174617,0.022565975697334765,2024
0.28689231840174617,0.022565975697334765,2024
0.27953965903761785,0.00738227639778586,2024
0.03212115527497032,0.31267816991629604,2024
0.07667576026128847,0.22419378495885273,2024
0.07760397691804136,0.12638392011040905,2024
0.25247838467668915,-0.052466288812167014,2024
0.3160544471281001,-0.03245279445938683,2024
0.4300351518934965,0.04267220725083838,2024
0.11119663538077856,-0.13641404374250243,2024
0.24016686595268405,0.06448667830126686,2024
0.17080508177493103,0.14268207143705397,2024
0.10015316538722999,0.1952165524782717,2024
0.15722325232865753,0.2582597976295659,2024
0.002127422124235459,0.10678885127476376,2024
0.050749382076839274,0.20385632204423282,2024
0.05018264689870337,0.13910269344028992,2024
0.13339340364795205,0.18020212652420248,2024
0.10644237581664759,0.17350146948280243,2024
0.13168341875740547,0.14693857073581057,2024
0.2386952206342251,0.12234753190335994,2024
0.20369828525369676,0.08803957079782852,2024
0.2435414430490513,0.135079725867894,2024
0.084716282262178,0.2532403352195933,2024
0.09552491801804937,0.26686008212234585,2024
0.10733691361267646,-0.03720231464080351,2024
0.18804968432630226,0.0037289349101367886,2024
0.25138177820471946,0.030649252528492002,2024
0.2534418444858346,0.03400995051025461,2024
0.2593109953549578,0.02321165032069714,2024
0.24449851362650715,0.015656157010672942,2024
0.2513264921124892,0.02379636389855717,2024
0.32812349236234456,0.0076683966228373104,2024
0.3248097414671205,0.003386750507611995,2024
0.3163705217991944,0.007601630239112141,2024
0.32307681253439696,-0.006336210429858075,2024
0.32440562911706433,-0.008223060269826117,2024
0.3207061246527634,-0.009985102769357546,2024
0.29163419427370874,-0.007191979120216387,2024
0.29333164943108914,-0.004404251580348809,2024
0.29389306545098093,-0.011203883925397486,2024
0.12373393973214977,-0.084592206302711,2024
0.09344303112132246,-0.060919484510200295,2024
0.09413433298935207,-0.06222186023055144,2024
0.09061792090723488,-0.06396995229732788,2024
0.026011931247831147,0.0635716519156123,2024
0.025542959982167254,0.06474901407632658,2024
0.02251239431477134,0.06268225676433961,2024
0.01940942936499916,0.041943529564743634,2024
0.026034707347414004,0.05194033313853898,2024
0.023457393305538213,0.04244584466024408,2024
0.0908294183459536,0.1001904704061867,2024
0.08616837669940242,0.10591113313853208,2024
0.09616334632119306,0.10417394435070801,2024
0.1586274887351075,-0.1337116666549576,2024
0.14943528243635765,-0.14173437986564666,2024
0.16253828701660833,-0.13061209959715445,2024
0.1281834044569911,0.02195106984409566,2024
0.04135540714578943,-0.029354637825716526,2024
0.04307469359742217,-0.03448198697408131,2024
0.13667250657076668,-0.04698324783737917,2024
0.1377537345927069,-0.04479910122512683,2024
0.13967146399639768,-0.04265094853056477,2024
0.15017951581623606,0.06302455973243641,2024
0.15017951581623606,0.06302455973243641,2024
0.14221637439872467,0.059690245187409535,2024
0.13561065693844965,0.028182590650998086,2024
0.11948884616434537,0.024245888978587843,2024
0.12828722236168624,0.022520920055757288,2024
0.17206986054366066,-0.014632588677515143,2024
0.19750104032342214,0.11959551239612543,2024
0.17784239997348475,0.17156532230416915,2024
0.29315262685129345,-0.027638260224389657,2024
0.1569473167725684,0.04297259444517021,2024
0.20819015419765843,0.10671013010560482,2024
0.2419443741235689,0.1345766647849743,2024
0.016387906906190797,-0.047289426350660496,2024
0.015090674384855396,-0.04606244493560541,2024
0.01841679466459377,-0.042231060457502106,2024
0.21087428463265895,0.008051339853192209,2024
0.22173976977258686,-0.005211393026539932,2024
0.22989553324417927,0.01492747162061616,2024
0.22745195481940345,0.020832444968189773,2024
0.22981560748585222,0.027497999911865585,2024
0.2815438579048583,0.015191586438470517,2024
0.2856974587297678,0.03293329454607618,2024
0.28174572941101017,0.03539557637605176,2024
0.19494921114600106,0.05514265350149483,2024
0.1952742391011023,0.06429007401495987,2024
0.20509382827365646,0.06549887734985171,2024
0.26219901982693505,-0.006915727521501769,2024
0.10065896916147604,-0.10099754729055371,2024
0.18369027647486236,0.02919865449299819,2024
0.3672196915133072,-0.1346551895256632,2024
0.27332834420783203,0.03375144770540598,2024
0.16699111371357453,-0.17030444111207427,2024
0.08396425616874752,0.11732929810822695,2024
0.2730905275629552,0.067487768978028,2024
0.27116202863786476,0.06973578406653358,2024
0.19123999962920418,0.19608664936396536,2024
0.18901195113195812,0.18919927620701524,2024
0.19092530517186312,0.19638353289625193,2024
0.44603390644033425,-0.030107937036561006,2024
0.1869276416143421,0.16422961355037138,2024
0.17889355873835966,0.15283740893813694,2024
0.18530064875828012,0.16095433734550796,2024
0.27417914416895967,-0.013948405159652816,2024
0.27422283859084634,-0.004091674259876624,2024
0.27026971815592105,-0.014951217636519992,2024
0.36808681583925734,-0.10085920362349171,2024
0.3714495973824904,-0.00068322944500325,2024
0.36848855200275776,-0.001208319392006281,2024
0.3411014606094498,0.09913856016617698,2024
0.34197509758613576,0.09990334815681107,2024
0.34522294952270416,0.09402372940601869,2024
0.2145968371396389,0.08590720328935002,2024
0.20853668188538294,0.08536263084590096,2024
0.22035981454160275,-0.047581089104948224,2024
0.23097878208681877,-0.04216708349996501,2024
0.2992165027886964,-0.002267609618521106,2024
0.3012886236638592,-0.0035186260074697648,2024
0.30180015424649803,-0.0042791261278340015,2024
0.2432449724210805,0.10095971553561123,2024
0.23098864224349264,0.09517204711087887,2024
0.32502990116793984,0.06099972587803318,2024
0.32262522027812773,0.05203533236122554,2024
0.3206991218769795,0.05903544225758048,2024
0.32868118521698686,0.06968141206696811,2024
0.3288739875825048,0.07339927182349612,2024
0.39534810907497575,-0.13821365140410422,2024
0.3944781384934917,-0.1359106951375526,2024
0.4000108253090833,-0.13795263540437586,2024
0.3438456068503147,-0.07808125574804867,2024
0.3371585226825957,-0.07835074997527294,2024
0.34321802191315215,-0.08090312707541905,2024
0.11741523005760607,-0.06192413641935077,2024
0.09759600370559371,0.08214640692759458,2024
0.2098511839367148,-0.04748979467044186,2024
0.21222281359137757,-0.05165104796754867,2024
0.1998083335052677,-0.058036619252453486,2024
0.2816708265245808,-0.0700271435057587,2024
0.28854926298689165,-0.05989833870154959,2024
0.16694316789466945,-0.012519172568832157,2024
0.17246397810739086,0.011966058134290723,2024
0.2415296130287385,-0.004522199857075818,2024
0.24581391951115578,0.04283541980998888,2024
0.16390867991189978,-0.14838081219600144,2024
0.13952146220125736,-0.1455720583951497,2024
0.19085750846173333,0.08391290973134355,2024
0.1720242093813104,0.2098046413819999,2024
0.23156393892196225,0.21879935850258322,2024
0.22356235274636993,0.0389138672867832,2024
0.22250263700200046,0.08505132470922816,2024
0.2471578406450624,-0.03259568899106381,2024
0.226143237659166,-0.06763398735740618,2024
0.12339424710881161,0.08510039359933763,2024
0.06487669762037704,0.09154543691047182,2024
0.13962169029740862,0.0825343235307213,2024
0.3342931794052359,0.019565089711753435,2024
0.4046271787819835,0.04681190873422826,2024
0.357531088706626,0.10880919601780606,2024
0.06551044501460497,-0.026919803740273293,2024
0.34796991632765284,0.052519332610427294,2024
0.19050760205702813,0.03757162937714959,2024
0.19778710407304181,-0.08274568203374835,2024
0.26779849058609523,-0.06061757887077565,2024
0.14330058116700856,-0.04922123997381132,2024
0.0949931558818253,-0.05050321874062477,2024
0.16777576937023253,0.00031511060140092945,2024
0.12994425335287074,0.023631997821026988,2024
0.19621083830938332,-0.13196438767368937,2024
0.29793716677049814,-0.0006843686642326111,2024
0.171171913661466,-0.13131958297956056,2024
0.17620184343950207,-0.028252381817021763,2024
0.3009792393045626,-0.023018559253714974,2024
0.12744225921753166,-0.0660565822345488,2024
0.22483571352936094,-0.010833966345215294,2024
0.30658376762004375,-0.051803999383691735,2024
0.19781519313625745,-0.0019891753434374687,2024
0.30092945754580286,-0.030737531751816358,2024
0.17571071639964098,-0.04952738153621865,2024
0.22790051979776366,-0.004068257291460008,2024
0.18520396697305938,-0.008444226618091556,2024
0.10782692598345485,-0.03308680657613397,2024
0.18109187910976748,-0.0056365121566892,2024
0.21470865286469407,-0.11161149859724531,2024
0.1911449884796101,0.03417184125300131,2024
0.19685575192610555,-0.037034523215369514,2024
0.32058627979121307,0.08545311115211401,2024
0.17709239349032924,0.17646409248640177,2024
0.17920454213491283,0.17985532342410038,2024
0.17920454213491283,0.17985532342410038,2024
0.195147771517427,-0.01927075747900961,2024
0.19680891591598265,-0.017119763120987883,2024
0.18050553617310128,-0.021587001696039665,2024
0.1434378060320641,0.07254919962624455,2024
0.1434378060320641,0.07254919962624455,2024
0.12336251143447732,0.07591914398744418,2024
0.40762266373797296,-0.03492321850260187,2024
0.4100501725899092,-0.032980895511597524,2024
0.40762266373797296,-0.03492321850260187,2024
0.3347278829502821,0.028150909411659677,2024
0.3294673400434205,0.018828376286405584,2024
0.3347278829502821,0.028150909411659677,2024
0.055367815253762796,0.2615263047663796,2024
0.04516687001049744,0.2671703056994864,2024
0.04053278003688853,0.2657251149439959,2024
0.19618310030622554,0.11881397857800993,2024
0.1810996706083668,0.1058323672398388,2024
0.24310625072417008,-0.029053671319655097,2024
0.24610191030221618,-0.023645983155070043,2024
0.2440283808591301,-0.025066062402795783,2024
0.4111273947740585,-0.06902337022135527,2024
0.42225517807736757,-0.059506519937884,2024
0.42093150343974667,-0.05962401436700859,2024
0.39955699142955564,-0.12620690074410038,2024
0.4060201352941064,-0.12119617492511298,2024
0.397413458617658,-0.1269568472037116,2024
0.22818810642233717,0.2421307620502262,2024
0.2341754996816105,0.24247781133609514,2024
0.2339207281111244,0.2448529510265558,2024
-0.006428972912445,0.3163934255614076,2024
-0.013868024442702173,0.3147424472411081,2024
-0.012620906257432896,0.32631341548192205,2024
-0.006339035762190207,0.3257201128887033,2024
-0.007796122153538226,0.32400593978689773,2024
0.014398079638054812,0.3240658238958434,2024
0.011946420461345766,0.3213305711718806,2024
0.014398079638054812,0.3240658238958434,2024
0.20215130468026893,0.1741627716501215,2024
0.20867513887132538,0.17807119747446143,2024
0.20167792994333567,0.17280442306442148,2024
0.17573746744163365,0.2591956082454389,2024
0.18520057376357538,0.2618533613764289,2024
0.18790389705580976,0.2668371775851449,2024
0.21831563035896995,0.16621259516415585,2024
0.21065279406768456,0.1635181018966872,2024
0.21831563035896995,0.16621259516415585,2024
0.2270908006391063,0.06359788701694166,2024
0.23294254551336208,0.06738342513260108,2024
0.241057348096607,0.16755406474904924,2024
0.24602359308490135,0.16606786939328932,2024
0.24610046095302857,0.1703532845606603,2024
0.21080915844742065,0.180062948314279,2024
0.21912115655309372,0.17556878930490255,2024
0.17609144377307195,0.38707806014895096,2024
0.1796970111650743,0.3941577041723697,2024
0.18173936615346292,0.39147251535098593,2024
0.2248173425867892,0.2036359192908598,2024
0.22449550644466826,0.2068753806056714,2024
0.2280681845981542,0.20711806080837208,2024
0.20970099902494238,0.052423895973935944,2024
0.2115862875834683,0.0531025573294059,2024
0.19970676971424228,0.04608999075035976,2024
0.3287827378813668,0.02092812056182399,2024
0.3198156513505839,0.010498529588906444,2024
0.32757421170477424,0.01548285824962816,2024
0.2992355014581631,0.03205078336812077,2024
0.30302494066221275,0.031825929201867824,2024
0.3024782668091758,0.03228635238482001,2024
0.2461461042174541,0.016783997615688783,2024
0.24772415929329616,0.008373447165195638,2024
0.30543792067202846,0.01734515723400213,2024
0.3066219673806384,0.02054866366941684,2024
0.3006182621899158,0.01303939660521318,2024
0.2929892099138556,0.01640376987612445,2024
0.29225820187306484,0.027693830981567552,2024
0.2804442080951937,0.028368988346611047,2024
0.2892958529958691,0.03326377861058567,2024
0.06315751468099776,0.2179383737191696,2024
0.0694504413133166,0.2250265500715215,2024
0.07087792835251626,0.11803861592343617,2024
0.07179262170851718,0.11921538054131434,2024
0.0649584831387095,0.11372815070745027,2024
0.33391501173587734,-0.03597461599186187,2024
0.33849300929725556,-0.026970694924739497,2024
0.4414756449071877,0.04085882638783585,2024
0.4404440623487564,0.03199013888094755,2024
0.43014167724611635,0.02416327601869204,2024
0.2557478744241915,0.04784996251593981,2024
0.2539840694896264,0.05246296994013061,2024
0.16699794450320954,0.14813954262713105,2024
0.16699794450320954,0.14813954262713105,2024
0.16962434323533915,0.1433712852414129,2024
0.09547027879134679,0.20952913360860098,2024
0.09993313344529292,0.21685821279312184,2024
0.03004682462670226,0.15617999568197233,2024
-0.0019226804374318368,0.1315510289425787,2024
-0.009907747934315717,0.13285059446473407,2024
-0.04942642532066384,0.127768183867894,2024
-0.052680491366782614,0.1273132751831429,2024
-0.04444987689543402,0.136821465642632,2024
0.05491584513010096,0.2069494460542071,2024
0.06002843820850103,0.20461687284398383,2024
0.05804887171893649,0.19844123236290306,2024
0.043822111196568175,0.14246825530004006,2024
0.04684570065087942,0.14773602058414143,2024
0.04734531239694544,0.13847616684230002,2024
0.1248142661857675,0.19057695019218263,2024
0.12329853075867578,0.18989019927395795,2024
0.11642056203750861,0.18494588765064232,2024
0.09569293055508851,0.17201520818957472,2024
0.09312758185002146,0.16845092845894089,2024
0.12040858011518703,0.14163062958121267,2024
0.1251933163822583,0.14224395421802888,2024
0.11940416147830504,0.1452275331267401,2024
0.2027576710841691,0.08755936153261323,2024
0.20263487224612367,0.08809550079441521,2024
0.2023552571728512,0.08061079073469327,2024
0.19081764752225483,0.07131737305258254,2024
0.19952001133601352,0.07441047524366744,2024
0.20693713289208845,0.06864321982678095,2024
0.2389388096851645,0.1254626392357661,2024
0.23658412751295532,0.14306072102977468,2024
0.06909805792975529,0.27472597816051847,2024
0.04162589870232212,0.2584638714876555,2024
0.05347748603028911,0.23627491211776197,2024
0.06654487127501141,0.2637450422534522,2024
0.07911220876422514,0.26706503694197664,2024
0.09382032344774038,0.2808509058245661,2024
0.06387512931689314,0.26208329692669624,2024
0.09382032344774038,0.2808509058245661,2024
0.29241375917682494,-0.11419476387102892,2024
0.2888049148105891,-0.12578711066147813,2024
0.29390810366605874,-0.11389673059146435,2024
0.2526993467690951,-0.003338371345682496,2024
0.253832716033202,-0.003913452918890552,2024
0.2550625972329141,-0.011909434955870782,2024
0.5656577038628315,0.04550852505199155,2024
0.5613498613797806,0.04877125298101029,2024
0.5584831754573918,0.03990862409100321,2024
0.5512533854279832,0.03435658368544112,2024
0.5618725427143185,-0.027964613341076305,2024
0.5628710035469077,-0.027215196382831014,2024
0.5602258757775055,-0.029084339485525634,2024
0.5571044997918504,-0.021203456685329122,2024
0.5350266969000415,-0.028605317244621592,2024
0.5364431184431576,-0.02709340634574818,2024
0.5372286990022577,-0.026175590745238703,2024
0.46230878271375075,0.03262664984583549,2024
0.4633252597018067,0.032383529947790674,2024
0.4610090736991405,0.03386704100800583,2024
0.3293662610600177,0.06571966309168488,2024
0.3361238263391679,0.07120543573201557,2024
0.33812826411838687,0.06820625200801364,2024
0.15467899178148958,0.09783704493785651,2024
0.14467997465872673,0.09537116415498492,2024
0.12059102380481268,0.04012919038491059,2024
0.12526460960483926,0.0433748082915924,2024
0.12526460960483926,0.0433748082915924,2024
0.222838671761592,-0.013582416051981905,2024
0.2234895519293107,-0.012175856448156351,2024
0.2130452224204385,-0.013491850691643346,2024
0.2649026624773368,-0.0991942632232986,2024
0.2615070502290503,-0.10582864131153208,2024
0.26513695837080264,-0.10177253308133086,2024
0.3222591679716446,-0.1415190540807586,2024
0.3222766214625266,-0.15669510022637426,2024
0.3222407346773854,-0.14150382046025092,2024
0.293887789987655,-0.1443238895071366,2024
0.29630829250725005,-0.15015076693614432,2024
0.28984813672511983,-0.15771357956973053,2024
0.47105111840522473,0.04766808462155707,2024
0.46724179351975215,0.04197168909080888,2024
0.5283689300861278,0.04447142355183308,2024
0.5413635539398258,0.04991781544011516,2024
0.5690469082480917,0.008702639802827431,2024
0.5675506225006817,0.0009630930059401493,2024
0.24149557955020495,0.04615400602048837,2024
0.24558841739741555,0.056357287194268885,2024
0.24621294525045762,0.05619317123035057,2024
0.2585078984316563,0.022437894566194164,2024
0.25868122292447526,0.023988431827683107,2024
0.2555546945069654,0.0267634745464512,2024
0.2565314936665691,0.02048701355998675,2024
0.2555546945069654,0.0267634745464512,2024
0.2775909017313767,-0.05484240699249274,2024
0.20241553145383584,-0.1202928351817816,2024
0.19488350694400441,-0.1140292809467342,2024
0.23346311893755628,-0.09530351112457983,2024
0.23742800121776786,-0.08953384178194823,2024
0.22709184762636753,-0.10655150987062545,2024
0.24104459361475156,-0.14517683124453018,2024
0.2365696142648761,-0.13127248520199158,2024
0.18131083692206243,-0.04915117849536743,2024
0.18217561327208592,-0.04649328310825879,2024
0.17741567089071342,-0.05425503023391673,2024
0.28456100482420815,0.022940122028564547,2024
0.28529236867980967,0.02534528820466786,2024
0.32120758822228285,0.06739581107214654,2024
0.32266391096689023,0.06802445523754141,2024
0.3165371313672348,0.06813724879323574,2024
0.40625352956662447,0.1070448898462563,2024
0.41511927375372426,0.1199060686813473,2024
0.402789050049019,0.10586182503984233,2024
0.4067467510783302,0.10709615936512333,2024
0.4273117304185925,0.016963734001747735,2024
0.43028343766074173,0.02574234129457068,2024
0.35050221578464547,-0.04743688123173334,2024
0.34621283837601674,-0.04939388099738683,2024
0.35050221578464547,-0.04743688123173334,2024
0.3487725493269473,-0.13685113798752513,2024
0.3486777022730604,-0.13635310450708005,2024
0.3479664560241475,-0.1370072247823938,2024
0.3480234982508561,-0.11773148101349115,2024
0.34985799794501454,-0.11655730265973563,2024
0.3416164185573859,-0.043103324479220786,2024
0.3473859783605015,-0.0377302674674278,2024
0.4130662593875097,0.10043403786114385,2024
0.41293887920827443,0.10228304406145287,2024
0.40729098807220027,0.10112742424083032,2024
0.40343195567700846,0.12461049783527117,2024
0.3986531497163071,0.1205986418386071,2024
0.4039102601164994,0.1266485153325217,2024
0.4596190781949501,0.13543807288628557,2024
0.45541723909078036,0.144160335682761,2024
0.4581435019209181,0.135014353247769,2024
0.22724791171894254,-0.04557203357474732,2024
0.23084080525405543,-0.05204666364820296,2024
0.23411386091922098,-0.047311418781510836,2024
0.24984895789788597,-0.07391208361398946,2024
0.24984895789788597,-0.07391208361398946,2024
0.24985953392903587,-0.07464122668887885,2024
0.22659216154043,-0.1037321518461814,2024
0.21886068730429836,-0.10756096084420283,2024
0.22413762727009434,-0.09762736921888823,2024
0.23885149243196846,-0.033178762780220306,2024
0.24459036662032918,-0.03753809860041671,2024
0.2516271350937607,-0.030597908899890752,2024
0.381030716275096,-0.024379425010430833,2024
0.3821304365769918,-0.026484024413891402,2024
0.3804026667643805,-0.019141056359205516,2024
0.4515384840633371,-0.018172938967642382,2024
0.3496778495588279,-0.017327334353784474,2024
0.34915490378888814,-0.020625055987387217,2024
0.3207301321739775,0.046860727391206315,2024
0.3179094370444342,0.04307519276272287,2024
0.32032423119569975,0.03399293321790662,2024
0.318977404380965,-0.009389467572817584,2024
0.3150155804889867,-0.022793637441004003,2024
0.31894000981115217,0.02518683651486813,2024
0.31955434001118743,0.0415051725457053,2024
0.3190489258028231,0.04070267216198806,2024
0.2528781753575146,-0.021144484323674648,2024
0.2452115437118378,-0.014263438183684293,2024
0.20757988723892817,-0.013818029059230227,2024
0.2079000001845929,-0.043864490848280036,2024
0.1972557880857687,-0.03252326726535172,2024
0.2285093464903425,0.039497676822966094,2024
0.21950856431306115,0.032903314408316287,2024
0.2751186065350783,0.02976727307944931,2024
0.26589756585348356,0.021997221887193164,2024
0.2793200305126725,-0.01734451288825642,2024
0.2848450708693196,-0.014389648014403678,2024
0.2758119535740353,-0.015370952047105535,2024
0.5807088297548194,-0.03645656773951356,2024
0.28192857246866126,-0.05849058747514939,2024
0.47149666499312515,0.030889153276503083,2024
0.47397263456808736,0.03042925001973543,2024
0.47790217122424916,0.03267746094852778,2024
0.5338820675522494,0.033108813311364074,2024
0.5345446875658967,0.033247201267903426,2024
0.5369436487349313,0.03310930542750406,2024
0.5745781827576474,0.024075053668410305,2024
0.5721294702231456,0.022704334750828566,2024
0.5706548215582193,0.022845663811183272,2024
0.4580881054014026,-0.0619857385643339,2024
0.45187076874187876,-0.062379814964564004,2024
0.4592050176932308,-0.06179457305157045,2024
0.45501531258634187,-0.046735985881375966,2024
0.45154326130576405,-0.048760362628701814,2024
0.23473585444502687,0.039530355852374834,2024
0.23632477893699655,0.03976779625345471,2024
0.2398819340979788,0.04469699827604799,2024
0.19364436110368766,-0.10806300870677404,2024
0.19315720489258892,-0.1097414523895981,2024
0.19097182612865005,-0.12204839853600852,2024
0.14877319602786365,-0.14012147620602267,2024
0.14746506285594954,-0.13982794665946907,2024
0.15000986310727638,-0.13214514209106315,2024
0.1367977875218227,-0.09585295329230556,2024
0.140478794925509,-0.10125532920790581,2024
0.139121913492418,-0.09518888116882482,2024
0.22468003112604484,0.054124056995738294,2024
0.23534347627994023,0.06094736969013737,2024
0.23534347627994023,0.06094736969013737,2024
0.1913267233349611,0.021904691691462568,2024
0.1865393491074515,0.025127286533342758,2024
0.18153153178370712,0.014272151607051264,2024
0.26146613148388553,-0.09619007035828048,2024
0.26003936833207175,-0.09490927979524366,2024
0.2598285113857025,-0.0990688696983475,2024
0.11665476315461176,-0.09192489054604217,2024
0.11588120678628162,-0.09515230902835986,2024
0.11665476315461176,-0.09192489054604217,2024
0.2020760179298541,-0.005609880803029217,2024
0.20031426361594046,-0.010891642592826697,2024
0.10042962419036856,0.002908656640893667,2024
0.10962845392361947,0.00883871662760086,2024
0.12325010404022539,0.002496058846714097,2024
0.11076366622704839,0.0034724566729641693,2024
0.2074270856705863,0.0035750901686372807,2024
0.20058423521963575,-0.005248926315719493,2024
0.19290823673065888,-0.03438224058392207,2024
0.19164050844585845,-0.03751462405462558,2024
0.19424268956543952,-0.032306337093170906,2024
0.16067309685973385,-0.08337564667559248,2024
0.1626227273290145,-0.07821387404933187,2024
0.1284767177066016,-0.12560157512760595,2024
0.12178621912096654,-0.13003206985634042,2024
0.12694637443589823,-0.13056858342273892,2024
0.10102012025238175,-0.1434358472580839,2024
0.10411668519127718,-0.14404443629452046,2024
0.09681471612978623,-0.14847645298783668,2024
0.13319670169497566,-0.004805874955735583,2024
0.13110659776888817,-0.00690845430397799,2024
0.12962523196893716,-0.009289595787077894,2024
0.16633096961356791,0.006778912648864453,2024
0.1718068373541598,-0.02077831913119204,2024
0.16737933632696578,-0.020449194708903405,2024
0.20335527363013012,-0.03456528350775878,2024
0.20335527363013012,-0.03456528350775878,2024
0.21433323083794661,-0.026153538810654034,2024
0.2100623858987236,-0.025996777110610464,2024
0.2100623858987236,-0.025996777110610464,2024
0.2507275247622459,-0.07741271419073648,2024
0.25518289268230887,-0.07646248829699892,2024
0.26205923092296707,-0.07285005771181978,2024
0.285360195276491,-0.10476712012586922,2024
0.2901917932779591,-0.10356947536363373,2024
0.13538669749098023,-0.03713990396080111,2024
0.13888882629016644,-0.04234978771986825,2024
0.12755845792772308,-0.04496461859694727,2024
0.1045717780086616,-0.02235512670038959,2024
0.09044460810027018,-0.025305138396161234,2024
0.1415524187330765,-0.05622072360878948,2024
0.1417475980244981,-0.0551270704875271,2024
0.14423394479733498,-0.05353786327815599,2024
0.21608709312439037,-0.09708825010777661,2024
0.2089373913015205,-0.09998983138236181,2024
0.20377175994553776,-0.10312498789440555,2024
0.18276782195838137,-0.0840199856855213,2024
0.18038190879427235,-0.07980388443173533,2024
0.18540668766934998,0.009806736924748111,2024
0.17875959863152413,-0.0024025456764176015,2024
0.14772046219989027,-0.07398101415984597,2024
0.15575327747742124,-0.07732588464093128,2024
0.14893568772790564,-0.07698580881761373,2024
0.1877253827612133,-0.13356398232567357,2024
0.1877253827612133,-0.13356398232567357,2024
0.19001907881995567,-0.1388233119729961,2024
0.17061228472829593,-0.162754514308316,2024
0.15673107289820604,-0.17058814474578599,2024
0.12277274273060115,-0.11767135566859374,2024
0.12277274273060115,-0.11767135566859374,2024
0.11925732163588164,-0.11806929955857795,2024
0.2394483884293428,0.021987626778970638,2024
0.22642499726958148,0.01257418127973866,2024
0.23409942521020605,0.018603575241129218,2024
0.28434946951885587,0.02717178821684863,2024
0.28216212980813293,0.03520924477956969,2024
0.1600883326848134,0.010131906349001407,2024
0.16248137399931123,0.013673362555324961,2024
0.16083436320729505,0.00376600863077705,2024
0.22004903170331397,0.009425343197637565,2024
0.22175285375322407,0.006602377410304734,2024
0.1256392471777945,-0.00660338718020495,2024
0.13204467578415877,-0.0035805591704180517,2024
0.11324545793604833,0.01959004159080641,2024
0.1100329097932341,0.01730828218086179,2024
0.10626887020277173,0.011611354726335146,2024
0.12763311455219026,-0.0018783349872955185,2024
0.13274075629030857,-0.00842881522727549,2024
0.13011093089827216,-0.004602105098670019,2024
0.17382235510299693,-0.056571316196893914,2024
0.17692761966614212,-0.05199761444723462,2024
0.1738863907047204,-0.05671141515120455,2024
0.2528374874317065,-0.1120277046123386,2024
0.2638388730449609,-0.10511079521494873,2024
0.2517889703344496,-0.10453851844576859,2024
0.281354288063977,-0.12707573435852562,2024
0.2822138311496128,-0.12634423793898047,2024
0.27974968873563094,-0.1258376547386514,2024
0.25178285461421446,-0.11101782504997032,2024
0.25938612391288135,-0.10222762616964595,2024
0.2706374747163482,-0.06543691060397569,2024
0.266735470062591,-0.07039242618552143,2024
0.26665519329413556,-0.0694622660970856,2024
0.2377067217739432,-0.07255749904873544,2024
0.22640944339625263,-0.06769419914937719,2024
0.23605645786432128,-0.07130763751796293,2024
0.22506550281809823,-0.061602139766661484,2024
0.23052205068924064,-0.05634116174113947,2024
0.2114817022424278,-0.08426592994429809,2024
0.21832791486933695,-0.07836393188042048,2024
0.1018476242929178,-0.04145662427580188,2024
0.10112238147229065,-0.04514511248183045,2024
0.11469466099118368,-0.043191730000440465,2024
0.10845045916636624,-0.048734364987070664,2024
0.11459936183534733,-0.04971208880487579,2024
0.14823189686578475,-0.07195999822090307,2024
0.148737997771468,-0.07317770512677668,2024
0.14468744683436358,-0.07467733117036476,2024
0.1682753164618473,-0.08544184485110204,2024
0.17482817098311115,-0.08233162820879447,2024
0.17220213136122808,-0.08229380463915587,2024
0.1394168956974781,0.04420778439302405,2024
0.14351849420176807,0.046764478909108946,2024
0.2338606436550673,-0.03448434382585891,2024
0.23477666794367497,-0.03642068591827491,2024
0.2361122716558659,-0.03608052418789802,2024
0.2872254966866054,-0.11846818153376526,2024
0.2875871294324741,-0.1143272326456597,2024
0.2875871294324741,-0.1143272326456597,2024
0.13312196007824337,-0.20609091887829617,2024
0.12969643465973324,-0.20825619249925093,2024
0.16974122794105806,-0.19821563103002682,2024
0.16752010463536743,-0.1930119846516618,2024
0.1676367745892665,-0.189411349914483,2024
0.14704498357991888,-0.19412374876892657,2024
0.14704498357991888,-0.19412374876892657,2024
0.14777489838352018,-0.1931036426056761,2024
0.129652402333502,-0.1462740457554606,2024
0.13574973848781302,-0.14397093876179967,2024
0.1371691358882503,-0.1432477428014702,2024
0.19724480981335818,-0.10648295487171971,2024
0.2018515017514977,-0.0991986720694677,2024
0.2075169509508229,-0.09566147740319642,2024
0.14298896081902607,0.047231011327221795,2024
0.14964636816530855,0.0524663759543884,2024
0.14060079304578776,0.03947564862732684,2024
0.15643090085977646,-0.03234055099448782,2024
0.1534244492693919,-0.03123805899538297,2024
0.11448376181380007,-0.09738974364632991,2024
0.12307924485923602,-0.0879949168875584,2024
0.12307924485923602,-0.0879949168875584,2024
0.183929286370535,-0.16097053471717493,2024
0.15819422011762937,-0.16242786624649877,2024
0.16408407220371524,-0.15598334859464102,2024
0.15714317848639275,-0.16018407695851616,2024
0.11247748661681041,-0.12743840315873073,2024
0.10946433506514841,-0.1289329925988569,2024
0.11828833323581359,-0.1375333211601154,2024
0.11485614924726688,0.023146938802338327,2024
0.1078976799980958,0.008184035470009971,2024
0.086991997223452,0.06334567565947316,2024
0.08921668192617502,0.07076845272299598,2024
0.08228497822003225,0.06964181572896228,2024
0.15472291338023778,-0.002336238104762703,2024
0.14830194774359262,-0.009218149156818616,2024
0.1446366823828194,-0.021497381952643058,2024
0.1430664431519012,-0.048855289669270996,2024
0.15004933823151836,-0.041659802615441346,2024
0.1453132570721349,-0.054969086433309694,2024
0.17366573108113365,-0.08179316475381,2024
0.16715164253503506,-0.08043145634682904,2024
0.1705192393013227,-0.07147456993778525,2024
0.1955947050278773,-0.12946592247435207,2024
0.19310447721045404,-0.12607058981241606,2024
0.20259535834658027,-0.1405057569293532,2024
0.19675371874568956,-0.1448888126526548,2024
0.19021662226079022,-0.14800630178288343,2024
0.18492075331643193,-0.15401356692280413,2024
0.18330698200816342,-0.15099343367849988,2024
0.17793820897940915,-0.1573112558507332,2024
0.07609269602791843,-0.050984195136016916,2024
0.07863460160344093,-0.048313105672797535,2024
0.07877958317003457,-0.038224988663468976,2024
0.25498299941602803,-0.18170383965466136,2024
0.2544903951470472,-0.1820052260411128,2024
0.18113884115791468,-0.03686801519176981,2024
0.18991206094002094,-0.04783979477766567,2024
0.17942211506663583,-0.03821882152835815,2024
0.14171406552140287,0.01596329432144586,2024
0.14099861689825033,0.02568994474457938,2024
0.022037029500333066,0.04655083688912852,2024
0.021627182584527713,0.0516175247361492,2024
0.12540868217333312,-0.02039253417867979,2024
0.1323445907759485,-0.007944637639172851,2024
0.13653693207258033,-0.02016838771059378,2024
0.18986979461425685,-0.04896271634302139,2024
0.19659711016464718,-0.048045794098281094,2024
0.24413495854521733,-0.1091081906236763,2024
0.2374707491095091,-0.11883859356683435,2024
0.23997492937750714,-0.1160259212092592,2024
0.26539548896202897,-0.11085702183006302,2024
0.26376609171859683,-0.11006572536755127,2024
0.26277565434296163,-0.1200830571050224,2024
0.13065446018122673,-0.12376276655426813,2024
0.13065446018122673,-0.12376276655426813,2024
0.1460265794096107,-0.178347760801981,2024
0.14360944096939654,-0.17708209605301833,2024
0.1418355555905657,-0.17709172583267563,2024
0.16906195755415643,-0.01813631859457026,2024
0.1769362439535884,-0.0145484683198744,2024
0.13417347549752845,0.01177447475960448,2024
0.12971367959642,0.004535237362962366,2024
0.1398494000113676,0.020079816878261634,2024
0.14023018988472805,0.07861757696030688,2024
0.13239340451546017,0.07356951339817075,2024
0.16696134905963889,0.0018693383061595542,2024
0.16696134905963889,0.0018693383061595542,2024
0.1638716529529875,-0.0007604907351491594,2024
0.08080472506860778,0.044246968251023505,2024
0.08270299757973695,0.036723642090550755,2024
0.08486138996203654,0.038957079430558324,2024
0.0318995781189827,0.05983225458889973,2024
0.09041749284095352,0.0036153164461605394,2024
0.0973181897149141,0.014250130794956791,2024
0.2558075384443584,0.0026163876659046,2024
0.2551357294089049,-0.0015817466969972604,2024
0.24697247402401779,-0.0031049064179581587,2024
0.27453196220333437,0.020540725969966617,2024
0.27487171782009734,0.025598811441036182,2024
0.27219270757568986,0.02020463700222,2024
0.21269044171759302,0.004909583630064558,2024
0.22315751525378869,0.0031964815892067885,2024
0.21036785705403305,0.009476825187434822,2024
0.20730418165008344,0.004226707125164021,2024
0.2789708649243354,-0.06377532384407533,2024
0.27975737698845077,-0.06500300179048742,2024
0.24487781599979874,-0.054016175297157076,2024
0.2491804931659422,-0.046435002805289366,2024
0.1539818506713632,-0.10472958388492118,2024
0.151837517208105,-0.1025741824991642,2024
0.14800088188422858,-0.15134026924349614,2024
0.16007602369122517,-0.1454504163309171,2024
0.10430135489573102,-0.076347735800387,2024
0.10475414542338783,-0.07805324572857783,2024
0.09764554159931949,-0.08149044269595672,2024
0.009795683503475358,-0.03656928812992058,2024
0.10888378705640281,-0.08516653171485218,2024
0.11573281970175782,-0.0764224323861202,2024
0.11058428711797477,-0.07919391674110657,2024
0.08330326406182273,-0.10450766197279643,2024
0.08357180264903427,-0.10657986209518827,2024
0.16914269166286974,-0.09071122161274353,2024
0.16963658073308413,-0.09336312259126603,2024
0.23918980283949204,-0.04263227235837981,2024
0.2394553472660526,-0.038848492065056,2024
0.24078153939260327,-0.038240465734761225,2024
0.14898389863776182,-0.035820397816488395,2024
0.1394347084213572,-0.04050946783902046,2024
0.09562205681131827,0.00821038691979225,2024
0.09513784166679949,0.005536796550594067,2024
0.09562205681131827,0.00821038691979225,2024
0.27100271765111966,-0.15131688303155838,2024
0.2697729068433277,-0.15559935713446424,2024
0.2698943069437435,-0.13426978431955283,2024
0.2804186927708867,-0.12901060495956052,2024
0.24661179911345105,-0.12427297268796458,2024
0.26728162110887865,-0.1255464752583766,2024
0.2539371281537633,-0.11994984547330897,2024
0.3908927571785947,-0.08462033768146413,2024
0.3859844779674632,-0.08924453268363677,2024
0.3871303051909047,-0.08701127258649605,2024
0.17559938248449686,-0.15585971235370566,2024
0.17175152483199096,-0.1593859568933776,2024
0.16999453724477154,-0.1604870964467091,2024
0.1963064693424995,-0.1008559829750556,2024
0.2083997477994415,-0.09180711849605264,2024
0.04667032332274409,-0.04839022234230225,2024
0.047067634457592114,-0.04143886529286159,2024
0.04753236742791795,-0.041505657111044175,2024
0.11529083652784428,-0.05259910387669721,2024
0.14028037737990773,-0.07319962824350155,2024
0.13926465644692101,-0.07531715266199132,2024
0.06793290654445233,0.0022969686054924443,2024
0.06884204587989406,0.015714486065630886,2024
0.05999869152512612,0.05902126023948244,2024
0.06151509785179782,0.06171574090273279,2024
0.06151509785179782,0.06171574090273279,2024
0.07329424838886167,-0.018951352840354055,2024
0.06396826955632576,-0.029362723170053617,2024
0.057928286340376556,-0.00041187379693185394,2024
0.06000485871487775,-0.001330260433382316,2024
0.1054609766264728,0.0383688432744157,2024
0.10662447670872333,0.0479086788747866,2024
0.09144185777213681,0.018486689541276663,2024
0.150927976014823,-0.011405906022748546,2024
0.1492253507019224,0.00023059907477056968,2024
0.1459261471863108,-0.0041994553631946666,2024
0.14724491537234896,-0.06043423653131012,2024
0.14824233873718326,-0.0568918155999881,2024
0.19623317479099994,-0.09466010987235662,2024
0.19989169864639245,-0.09021545531760627,2024
0.13523290933693755,-0.04914624381785565,2024
0.1384779625260576,-0.044270818071024565,2024
0.033281874242712714,-0.08667379830298647,2024
0.03562711372889897,-0.08194225893127402,2024
0.07492747709793401,0.01218209877509862,2024
0.08471749073784239,0.01623163804388137,2024
0.08481380549844714,0.018183783404457577,2024
0.09608366715495673,-0.09325089033220352,2024
0.09592649117673488,-0.09402746843046339,2024
0.10767866951302833,-0.08369067825159068,2024
0.0592779476212195,-0.07222195622648112,2024
0.0592779476212195,-0.07222195622648112,2024
0.1038671138536133,-0.11962623822576432,2024
0.10058405577602478,-0.12098686895213498,2024
0.0923916065349237,-0.12150589240037177,2024
0.1657168170118899,-0.15549692473684223,2024
0.16797621366412752,-0.158579883425915,2024
0.16680489838236912,-0.15639167340447901,2024
0.25779260143059096,-0.1495376124994673,2024
0.2654046848062355,-0.14524626264274937,2024
0.3359675320881607,-0.10854561874485036,2024
0.33717230388333275,-0.11083268695577819,2024
0.26711090520642233,-0.023899192116431392,2024
0.26407348098271516,-0.024291837811638725,2024
0.2698379284590145,-0.01992831090651362,2024
0.2312091189994368,0.036615000848753895,2024
0.23119681853472807,0.03834603467356399,2024
0.2382182083973181,0.04031131362226232,2024
0.2902430690357892,0.01914571114929688,2024
0.3268972434932235,0.06230784810269827,2024
0.3278730602452607,0.060027568945148144,2024
0.3252713780874526,0.060561713754986056,2024
0.2915164588145773,-0.03523409500783438,2024
0.27295491049705056,-0.05013864684397612,2024
0.2661934571921947,-0.12916951404551713,2024
0.2661934571921947,-0.12916951404551713,2024
0.2661934571921947,-0.12916951404551713,2024
0.19572837506045537,-0.10911319608613829,2024
0.19729357266087993,-0.11457108746911987,2024
0.3489333412635203,0.09775174456842486,2024
0.34074183478567793,0.09553899496005597,2024
0.4663329838930618,0.1089930915448116,2024
0.46117332730006905,0.1089348943415891,2024
0.41113840682616454,0.06424874533469474,2024
0.40375263470060035,0.06262936233434727,2024
0.39837935018555454,0.0003577561619739003,2024
0.39237216926392426,-0.0037767805589121184,2024
0.3975161176408476,-0.003745480993631825,2024
0.37650368790219013,-0.0443519842792702,2024
0.39153243249457265,-0.03237712904340334,2024
0.3876775593259543,-0.03354871522566402,2024
0.3713257897426269,-0.05877664385204953,2024
0.3718262048250401,-0.05246507037082235,2024
0.3639906522236346,-0.060847423355882224,2024
0.4248104966689155,-0.0145660494735846,2024
0.41816157703227963,-0.010168710121427067,2024
0.42298459818168527,-0.010793804839008214,2024
0.42423577208735547,-0.007027141051429965,2024
0.4235722134973555,-0.005208415966346885,2024
0.4235722134973555,-0.005208415966346885,2024
0.3359074603740129,0.01543541682289715,2024
0.33097146340644806,0.010576061868042226,2024
0.3330522000896889,0.016548549200989558,2024
0.20945795839249784,0.01217358096523264,2024
0.20848352004098542,0.008891037666404158,2024
0.21617007914156444,7.232974615640347e-05,2024
0.13833497371840026,0.04518611868798532,2024
0.1386820145151258,0.045649841690563325,2024
0.13874059790706797,0.03842096346499467,2024
0.19322969780373156,-0.027250265153059963,2024
0.19758136915309532,-0.023848567579441662,2024
0.20428840436045947,-0.02141402485955505,2024
0.12761002197596633,-0.05854319594334545,2024
0.13080185341201742,-0.0463099184450263,2024
0.12774834427309567,-0.0551731769618133,2024
0.19176065586891,-0.012569183484412626,2024
0.18563432486926265,-0.022398788723108902,2024
0.21646580851604497,0.0783783063992903,2024
0.21397404170100418,0.0728973334439478,2024
0.21646580851604497,0.0783783063992903,2024
0.29154309255877087,0.1333195282810986,2024
0.2915718799196554,0.11005726657230282,2024
0.29249848582978016,0.13132769766149643,2024
0.30186168010244724,0.08565469782539695,2024
0.3009424171193597,0.04554208645991556,2024
0.31393222751051064,0.06091871685845194,2024
0.19438733468895342,0.0220860702118623,2024
0.19041874141230153,0.012642994661310913,2024
0.1889386408189737,-0.027653649954146126,2024
0.1776885196362621,-0.03241333471418513,2024
0.1799339367838359,-0.0385821885318479,2024
0.21926627252595277,-0.1233287488757337,2024
0.21522793613093122,-0.12939076183641787,2024
0.22876367776970713,-0.13155755491207727,2024
0.19353937890677603,-0.137572710431409,2024
0.19538225285049976,-0.13745189458518553,2024
0.18716133214332492,-0.14623169682581147,2024
0.3261253348271847,-0.09197258305992767,2024
0.32369398766351526,-0.09177062255344684,2024
0.30266381853406565,-0.09787631264820146,2024
0.3065853912615655,-0.09484477972638719,2024
0.30653101436412294,-0.10020518883872398,2024
0.16019191110827913,0.022436269515505373,2024
0.15471309848563952,0.0195684746004142,2024
0.15786805920217384,0.023204466370585652,2024
0.1490692005293235,0.012503325403896412,2024
0.1474753912112336,0.013569080207672831,2024
0.14876390508113124,0.008471030770970469,2024
0.1297984551185412,0.046592123853698555,2024
0.12912153430297468,0.04735209196292126,2024
0.12969453991327362,0.04697157069228202,2024
0.08228158961550457,0.0995710250909393,2024
0.07607327878163384,0.09538695892613963,2024
0.06827436799045068,0.09302834739692074,2024
0.06519163244586026,0.06746228651158968,2024
0.07528584280752068,0.0781999636210077,2024
0.18430721550731688,-0.08568706634854831,2024
0.19911761389291993,-0.07660044179779177,2024
0.28498992420403146,-0.07330642655261062,2024
0.287145673456806,-0.07296656671202645,2024
0.24429631614754882,-0.0815100360112058,2024
0.246973351638425,-0.074268902251142,2024
0.2534114240243499,-0.07695703521061101,2024
0.3045946426811845,-0.07915475585808393,2024
0.3130823422726046,-0.07096929408458963,2024
0.35411434590565716,-0.049302237068057614,2024
0.35090172564673594,-0.05621485774154099,2024
0.3503291687091468,-0.04983534187484884,2024
0.1915311306534082,0.0389217262795024,2024
0.1896258455932664,0.04046180774790496,2024
0.17998035325716377,0.043483605962900754,2024
0.1917416507032954,0.012094457516609983,2024
0.1917834890547127,0.011751611211878388,2024
0.18699784060572006,0.01856333988879217,2024
0.23754516957393673,0.03745704591558291,2024
0.2314128716632225,0.029082677900434513,2024
0.2838964190033057,0.05728639408735498,2024
0.27910411643666394,0.060163646659523624,2024
0.2804790422971773,0.06218805395538957,2024
0.29719087698804486,0.010428204187161009,2024
0.28879778901461206,0.018652992073615867,2024
0.2892757804156025,0.01585733736746649,2024
0.34775039447188444,-0.04775387800018778,2024
0.34621397359609035,-0.04417148133243076,2024
0.3346345966434514,-0.05224462396221914,2024
0.2053023878163024,-0.08733635938065931,2024
0.20361459351772687,-0.0873903961505732,2024
0.20618120821533406,-0.09098631256609843,2024
0.23344014468855512,-0.08288613679999966,2024
0.2372447701434292,-0.0817182053583326,2024
0.202977157468552,-0.0827425716713584,2024
0.19016525153455197,-0.09359577398686769,2024
0.24611092734539913,0.026615602266344976,2024
0.3908188480815556,-0.041363439346772224,2024
0.3900583673835911,-0.04220941010353367,2024
0.28181916624612013,-0.08655360693644468,2024
0.29651324545475877,-0.0761331073513927,2024
0.256538949838327,-0.0522011560758007,2024
0.2525295293647637,-0.045191488019907355,2024
0.2552397283970228,-0.04638673277377206,2024
0.23155044938726793,-0.011169770236882148,2024
0.24420252371623424,-0.0016469223536330832,2024
0.23823598877175128,-0.0036568636056025297,2024
0.24455915407313,-0.007207314100265441,2024
0.18183840998866058,-0.04700481006717602,2024
0.19797030852259334,-0.03888256604339771,2024
0.19640828437464808,-0.03698497717865597,2024
0.22418136256677046,0.03424126744288717,2024
0.2133239194266996,0.02080015206863522,2024
0.21628109691401623,0.026907743604684557,2024
0.22839971008648235,0.0650061279115361,2024
0.2233537223702789,0.05872928327170201,2024
0.2258949910060753,0.06392836370246878,2024
0.16949460766295177,0.08857021315742955,2024
0.1794884054784916,0.09309677906391899,2024
0.1794884054784916,0.09309677906391899,2024
0.06925283008260827,0.07586890297038411,2024
0.05294654716577069,0.06523295952017641,2024
0.07160945956615763,0.07470473556615231,2024
0.1553823443424039,0.04891517035478106,2024
0.15923587372477332,0.05650203835481078,2024
0.11758034597492437,0.057155937326758825,2024
0.1176915275590495,0.0592911037675673,2024
0.1013929382133746,0.0549651552536945,2024
0.3292226465361985,-0.0830262072499478,2024
0.33172105696934084,-0.08646692376539772,2024
0.3265310805475016,-0.08920209646586635,2024
0.304795293582302,-0.07857668354791798,2024
0.30439007088875825,-0.08574503835852779,2024
0.30084876761306456,-0.07954517862288202,2024
0.39995989089894557,-0.1249186640282316,2024
0.39959373432318596,-0.12173373920099673,2024
0.4019460012288907,-0.12098431485116795,2024
0.41999322392772254,-0.07975254895181814,2024
0.42933977136891527,-0.07261823093951357,2024
0.327700554590371,0.006368910759110127,2024
0.32379461476760285,0.013935642936083376,2024
0.3290659147061032,0.010874539785758808,2024
0.22257876452858577,-0.03558472158940529,2024
0.2154299949853024,-0.03104590431543522,2024
0.21537111646923598,-0.028577716397584094,2024
0.1746488680761581,-0.06467727156926895,2024
0.16681509365010005,-0.058544142669057914,2024
0.14915916810367363,-0.04897169292715389,2024
0.1471230880249355,-0.05357835126099851,2024
0.14915916810367363,-0.04897169292715389,2024
0.12099217507784191,0.018562168500783842,2024
0.12042360898587201,0.019245355159713616,2024
0.18016428522877947,0.05482468448397692,2024
0.18703381883846165,0.054554712955907005,2024
0.17964735959567588,0.054696169161218416,2024
0.26405561022020585,0.04361839618413365,2024
0.26412536716707985,0.04375719578826344,2024
0.26294292266523006,0.04331523203221293,2024
0.2945291918793747,0.020074783925660172,2024
0.2881875408684921,0.009997951613561179,2024
0.2988830545414603,0.015958171099504023,2024
0.32177353494846156,0.02976817019179938,2024
0.3270571816507666,0.027583361376152166,2024
0.1265140115356771,0.1959952976761563,2024
0.12884162767277815,0.19725176578711795,2024
0.1385669924795762,0.2070102822025781,2024
0.22177394020353908,0.12647350870637086,2024
0.2278529275127512,0.13423910199927683,2024
0.2226827684848805,0.12399474695748544,2024
0.1870415004687717,-0.015847973908498555,2024
0.19311717742292994,-0.03225821499575353,2024
0.18909044248881374,-0.01651706236192077,2024
0.17910496645759888,0.014347253356681307,2024
0.17971142771098714,0.06118999567361791,2024
0.17959012760506982,0.05275919601615864,2024
0.1797657614146767,0.05454914428086711,2024
0.20936349735979426,0.01664052418371268,2024
0.21394051185215907,0.01837360923499398,2024
0.3331522407909226,-0.09385530495952576,2024
0.33345133321289994,-0.0898003384252575,2024
0.33166720595867144,-0.09701282349985185,2024
0.27514607199790975,-0.07885226958737179,2024
0.27588577652481727,-0.08500562545563906,2024
0.2705643925060418,-0.08704307705076078,2024
0.2746589386706146,-0.061628000637508604,2024
0.27048588218793784,-0.06307175368950868,2024
0.2757975327210096,-0.06591182828560158,2024
0.33624938448826525,-0.05135222894579211,2024
0.336124213653879,-0.04113263879188815,2024
0.28621825589258154,-0.04361418095886263,2024
0.2864632161311245,-0.04351640874264796,2024
0.2943960856190377,-0.09068431659109616,2024
0.2953211761001448,-0.09334253546311783,2024
0.37861095349398655,-0.06304738486438649,2024
0.36918628997641667,-0.07750433689151459,2024
0.28017187482024175,-0.17814318602257448,2024
0.2790605696877514,-0.17549682382421142,2024
0.27942437673696824,-0.1771114650516284,2024
0.24391854361918808,-0.12797697296158606,2024
0.2426216522719079,-0.1327268617530581,2024
0.192392135550143,-0.05612538415592254,2024
0.19104884756289037,-0.05184871059155266,2024
0.2415640434494159,-0.04889036413261977,2024
0.244804616276022,-0.04949512728304703,2024
0.26790024234188364,-0.06922168749772249,2024
0.2656095824028226,-0.07066503335488258,2024
0.2567073429878823,-0.07552074555873295,2024
0.38172021229035097,-0.05892735826395014,2024
0.38106934330461495,-0.0562675338954796,2024
0.37868382885782115,-0.06188524673238398,2024
0.1411129481261107,-0.026526595166059014,2024
0.14424955504290105,-0.025026500237708207,2024
0.14296469827468822,-0.027879111326553588,2024
0.14892403952191946,0.01738901498973055,2024
0.1500671298627368,0.017431409672568676,2024
0.1839557932737535,0.043715368139618696,2024
0.18341920210835938,0.04287924515267179,2024
0.18300044208413258,0.04200327412903542,2024
0.2006542620697649,0.031473553174938496,2024
0.1995139016762646,0.030052210570024572,2024
0.2006542620697649,0.031473553174938496,2024
0.2622565569304553,0.021598963591546515,2024
0.2580661047353928,0.021905812432070067,2024
0.28955399899474843,0.008626863430625728,2024
0.2827844977358232,-0.007270838859421716,2024
0.27990689113989575,0.0019203978381295561,2024
0.23703245735669592,0.01074025616626842,2024
0.24798142382072247,0.0167978697773302,2024
0.3297784337793606,0.00682280665079589,2024
0.32713832557641304,-0.010510189260262828,2024
0.32713832557641304,-0.010510189260262828,2024
0.33272293117957125,-0.020829328443273523,2024
0.33560811010579716,-0.012357639430062461,2024
0.3359779507217529,-0.010081480810888124,2024
0.3363407829582799,-0.002870935678429387,2024
0.31069560225746146,-0.0007728615658464388,2024
0.3074460070771962,-0.012677180939366886,2024
0.10977671793674612,0.14628144996623743,2024
0.10917280758750621,0.1374322517774362,2024
0.10579940430320903,0.13987596796846877,2024
0.0953876330723796,0.1593930330516843,2024
0.10951197637084917,0.16386022761265923,2024
0.1064202180301277,0.15868758508348377,2024
0.177585498763507,0.18784713660848534,2024
0.190031813728613,0.18332933875906682,2024
0.18942080405884704,0.18410339440355353,2024
0.2715188688724846,-0.00041571951559619263,2024
0.2722089890229568,0.007604371053920093,2024
0.2684891127666278,0.005617270649402782,2024
0.2672597367107469,-0.08667820145986987,2024
0.2697819632314154,-0.08327119009851106,2024
0.27710468999035937,-0.0926106481065335,2024
0.21929143132709444,-0.04754776885526735,2024
0.21873904976707015,-0.04637099042285339,2024
0.11177149597608543,-0.06849909144907249,2024
0.1105337129218362,-0.07426532449575357,2024
0.10941774418687819,-0.06846316059937525,2024
0.1143048938131323,-0.0658898884624611,2024
0.11493616133533195,-0.061197024368560005,2024
0.11493616133533195,-0.061197024368560005,2024
0.07121542480788606,0.04801852754212498,2024
0.07884060730915468,0.04111975047523286,2024
0.063546217895113,0.040870733602021196,2024
0.019141242889595664,0.05836818158580582,2024
0.012213619097896977,0.05067733793038766,2024
0.08134311118926493,0.06470006110568942,2024
0.08241924906716756,0.07246428327431498,2024
0.02417190763507611,0.06364298865775381,2024
0.02566586133776602,0.06598232745578496,2024
0.03551171778986442,0.06571089453218246,2024
0.03547147911675659,0.056962763542257516,2024
0.02999136062052077,0.06469992333357658,2024
0.08305804987390385,0.11818080501244965,2024
0.07600196500631683,0.11333051693687811,2024
0.1193619922570976,0.11519485676257718,2024
0.1235284900364727,0.1212574039931027,2024
0.1259133475830744,0.12213071790011559,2024
0.17550528910950253,0.11841182732163617,2024
0.17246678856862568,0.11265434301504193,2024
0.17663013344241607,0.1115139875052873,2024
0.18659315357273887,0.07384978002032894,2024
0.18544054596136578,0.08167114072546988,2024
0.3846835578185738,-0.11665188483077582,2024
0.3828077807452249,-0.11877599607116482,2024
0.37527229714305904,-0.12270549631449454,2024
0.1812597232227109,-0.12044991842883801,2024
0.26484682546458127,-0.06166720030697831,2024
0.2648674319044299,-0.05924199412108784,2024
0.2761664490073974,-0.023011119011561984,2024
0.2715746788146046,-0.02447754268810505,2024
0.19395726631465482,0.021144655006889484,2024
0.20171817446393017,0.01979591031626805,2024
0.29947099425654744,-0.052030164829822215,2024
0.30457280614332016,-0.0642264212935652,2024
0.2736002919241631,-0.059338839709650815,2024
0.2764056879003618,-0.06159806525870638,2024
0.1725247095714423,0.13117311801268972,2024
0.17485253819029634,0.13663999790074038,2024
0.17485253819029634,0.13663999790074038,2024
0.2140155929635983,0.05139079663783607,2024
0.2203110049277835,0.05017659963666702,2024
0.21926250882772108,0.04834640786550553,2024
0.11032684074282487,0.05788588566902545,2024
0.10491678349926337,0.045481570650788596,2024
0.1111715726894775,0.05421203029663109,2024
0.05803692730236741,-0.027311037692906354,2024
0.0556245910417108,-0.03682956509004681,2024
0.17344836180625395,-0.058962757576767194,2024
0.17155421285905492,-0.06111272201294661,2024
0.17123315725593158,0.06683678098666854,2024
0.16863576326844515,0.06023996583416295,2024
0.1096932613127826,0.05348693933670695,2024
0.1257152140758504,0.057400742275093716,2024
0.1156155824315053,0.04511973140685378,2024
0.13180960766906757,0.03879654921072772,2024
0.14721055193019103,0.09492206779112633,2024
0.1565282990968322,0.09953656886872694,2024
0.16814755083039723,0.17379426422238808,2024
0.16989776898268194,0.17402098910004077,2024
0.1677285101165602,0.16616740729446033,2024
0.2276188988052264,0.06339115746973051,2024
0.33011642390751433,0.05910309925143117,2024
0.10789603018330769,0.012473262647036958,2024
0.24449710510436096,0.015009296633417657,2024
0.34046615371080396,0.02166888704354605,2024
0.435378494291947,0.04048990689012048,2024
0.220737077719536,-0.03122729156208731,2024
0.23056120396555307,0.04284803669797401,2024
0.26855688496481883,0.056406458856808506,2024
0.11595699507071816,0.06685620059070607,2024
0.196606871385311,-0.011591058213678014,2024
0.1932817426743067,-0.078612435451594,2024
0.16311052346287985,-0.10737763912133613,2024
0.2217816376457873,-0.07964517411860869,2024
0.20702647685794273,-0.00466185265940746,2024
0.14445871740657287,0.03393082279065099,2024
0.2189698098687961,0.057826104491328266,2024
0.22783359017670546,0.13613346126871811,2024
0.25405260947889224,0.1273893016252845,2024
0.2900530662938476,0.018258997552062502,2024
0.18893126913528374,0.003635689834574393,2024
0.18235601828612652,0.012267956323087668,2024
0.15688654163373034,0.0427046358732875,2024
0.29108797886713533,0.016644053547537323,2024
0.2734637819850575,0.0552985817941099,2024
0.3002343416657812,-0.016402248360419452,2024
0.25850930472780725,-0.1587171603480298,2024
0.18773322951727764,0.11380893802386768,2024
0.2228577096686103,0.12932195875193714,2024
0.1942318483311713,0.053467941683600195,2024
0.2745410116952704,-0.03086574713327639,2024
0.32722389313493183,0.0022755594547810287,2024
0.33819620878923573,-0.003650025538494195,2024
0.363834421158356,0.03669676663399424,2024
0.17581219016849173,0.08695695591872571,2024
0.11528260784366456,0.0595587339596008,2024
0.11342790144657426,0.11447887865666918,2024
0.1622265281170806,0.12487753140374089,2024
0.10239974364523965,0.0756928953162775,2024
0.15852356438542597,0.07953015644981934,2024
0.17703430632339867,0.041186969607795,2024
0.15561489533392003,0.1148260819598776,2024
0.2847145622671854,0.17184739389667672,2024
0.2986908116553094,0.10805295813909191,2024
0.29282939551948567,0.10206678015567382,2024
0.12941441843282286,0.0886281483918149,2024
0.19206208222541304,0.166780017883905,2024
0.2074375642214164,0.1391688606785778,2024
0.20211434850943433,0.13220871579011456,2024
0.2556987114017541,0.19476387316531,2024
0.3176941188550435,0.15972925109061645,2024
0.2503860746984165,0.02306301485865638,2024
0.2220635413941615,0.03385454520551711,2024
0.2698789140018643,0.014580355954099906,2024
0.29258523613261506,-0.003071906798335841,2024
0.18314662849506896,-0.016587540028785673,2024
0.12417390621238851,0.01602793069197532,2024
0.1349525880038977,0.11514434506300937,2024
0.18060200322923858,0.01640418741425602,2024
0.19694657095585621,0.00478166569328807,2024
0.12368541634965416,0.11764621567082661,2024
0.08768641579368776,0.07274710648837025,2024
0.07222527344115923,-0.036912244742751704,2024
0.19248199418960782,0.004155552825419101,2024
0.21348414133322796,-0.01191493170266665,2024
0.21103947872339052,-0.016620796323693773,2024
0.184601148736593,0.008425007142521326,2024
0.1778515645691784,0.0024407955385657015,2024
0.1845488705977819,0.009087937524584679,2024
0.26793822435779063,-0.06179646973753061,2024
0.2684016887196837,-0.055829082873331326,2024
0.011221450194122365,-0.02840578101739899,2024
0.0116286582195637,-0.03285304463478657,2024
0.22435886453867998,0.009462732258220495,2024
0.21508308921578473,0.008667214044956191,2024
0.21788643677613218,0.011965075497332313,2024
0.2545199507892779,0.007032757723712348,2024
0.25869013414886655,0.009304819961934906,2024
0.2176681690480326,0.026701727948911666,2024
0.208542174339987,0.025941129958661723,2024
0.2994339581878344,0.03674702294494552,2024
0.21111225258130484,0.08165427900007269,2024
0.2771218451772878,-0.04567888245554258,2024
0.17838675870982856,-0.05046103734746957,2024
0.18117967670518692,-0.045029141610239964,2024
0.18701777765009903,-0.04866780315191631,2024
0.19612985060911697,0.00919655424739747,2024
0.2011528412336162,0.008369450507258448,2024
0.2542717797267655,0.03177667755363133,2024
0.14035184063600714,-0.03602217155404541,2024
0.13353459692824415,-0.04366185393540502,2024
0.13490970929968563,-0.0432120884826295,2024
0.12208661438205126,0.05471888330474032,2024
-0.03209300167465225,-0.015540476020009623,2024
0.005004014359087164,0.011968965489846897,2024
0.07805054554064311,0.011111436309862645,2024
0.11838386469862534,0.03209671717855925,2024
0.11600719461462557,0.0023748587384780917,2024
0.15280323804276963,-0.0688157923257921,2024
0.12274567491305813,-0.06607801036014449,2024
0.11664674160526434,0.024528910549944237,2024
0.10600961830368753,0.09971006474782661,2024
0.12062299472231855,0.07913339934027298,2024
0.13863717570398773,-0.046712204769881596,2024
0.10267715666450516,-0.07684599446145887,2024
0.21156417041400327,-0.052822839474938904,2024
0.4093989466030434,0.02793864749932993,2024
0.3717594073345861,0.02958767597011809,2024
0.11573074574242763,0.08683929865477136,2024
0.14248140044515278,-0.05957694211536872,2024
0.10542526428752311,-0.015191618713655451,2024
0.18715674639588337,0.13425586332944187,2024
0.10244484036092058,0.062174660593816,2024
0.061318345685348004,-0.07782881563442778,2024
-0.007979511207795081,-0.08217026405098585,2024
0.2882006449768826,0.0893925015879742,2024
0.2499685576602249,0.1339465745735698,2024
0.13375694884395153,0.08657853341399244,2024
0.11762139119575835,0.027459771604588318,2024
0.18439463462853117,0.1584255730142171,2024
0.1650592557389928,0.17297196931604877,2024
0.17614615571398073,0.0385299595450569,2024
0.2228666699790408,0.10214449614650067,2024
0.2084776091174962,0.06469453111564398,2024
0.1788913980826756,0.052532979807677994,2024
0.24166273374559483,-0.06087574968573792,2024
0.24166273374559483,-0.06087574968573792,2024
0.24195873127353634,-0.06615252515088901,2024
0.24896284619912779,-0.07880632691664882,2024
0.25769114319757214,-0.07715881427065858,2024
0.2554044048817422,-0.07522394889608944,2024
0.32719641096865515,-0.04102076999470343,2024
0.32692190446304425,-0.03692238985793424,2024
0.31874793897338366,0.0056309950341961595,2024
0.2337066450113351,0.04444223313514463,2024
0.2264655096712856,0.030899943466997717,2024
0.233798463820805,0.03420348892159925,2024
0.366809023439948,0.07990133605871583,2024
0.3522248380661592,0.07447341234333524,2024
0.366809023439948,0.07990133605871583,2024
0.2624608447108321,0.06695278951393482,2024
0.26628386108016733,0.07135813224508009,2024
0.26367026474828253,0.07414646722572737,2024
0.2640050253056581,0.012800986515478327,2024
0.26493817772553957,0.004179253684852648,2024
0.2629870781476628,0.012735028127009513,2024
0.17637213734962112,0.11533618109599937,2024
0.1647314849497271,0.10883262668707917,2024
0.15821606578815622,0.11230829512996068,2024
0.2310727359071818,0.20249997237637835,2024
0.2310727359071818,0.20249997237637835,2024
0.2256058767035818,0.20679255545310204,2024
0.22261361444376454,0.20894013038038756,2024
0.21059647108803864,0.2000179376299483,2024
0.26875599069494016,-0.03403967508152175,2024
0.2742336675011449,-0.024752003933972394,2024
0.27434536836260154,-0.026831941599979994,2024
0.26953076056730096,0.03183021914220891,2024
0.27405023666987394,0.0374493838583015,2024
0.27523480810910855,0.043262032270882475,2024
0.18822121745238474,0.10208807475653559,2024
0.17149362314352545,0.09207796397212965,2024
0.18244383222386878,0.09858132409857046,2024
0.13025754862182842,0.11109509851311403,2024
0.1352600766286497,0.10771744008315014,2024
0.16701341354390514,0.16101585252041423,2024
0.16707293401444154,0.16777526427856213,2024
0.1550181881559083,0.1874532681889735,2024
0.17032265474062286,0.19834219374452317,2024
0.16576550635450582,0.1976632007702599,2024
0.15236607256470155,0.18333443752895423,2024
0.1432620366186903,0.17954274062313844,2024
0.3033729682345095,0.12665718780752433,2024
0.296384381721922,0.11568363845049165,2024
0.29973844366864133,0.12399206660031495,2024
0.33632913621689253,0.08840915574791394,2024
0.33545892134836414,0.07860494620438026,2024
0.33543592197029054,0.08524299630609608,2024
0.2874672270739156,0.0626709937109437,2024
0.2854225112174517,0.06263798544077012,2024
0.18875870810122963,0.047531008565038335,2024
0.189638681510501,0.032399525614547495,2024
0.3060176718189681,0.015609706839295929,2024
0.3060176718189681,0.015609706839295929,2024
0.31256530781122477,-0.026095030898625707,2024
0.3082051194177063,-0.0315803266392644,2024
0.3131401694009862,-0.020165722203170353,2024
0.3785142989437142,-0.08698867803030605,2024
0.3785142989437142,-0.08698867803030605,2024
0.37864334675848954,-0.0655026332154985,2024
0.37756743564787276,-0.058680020932937144,2024
0.4071107186214996,-0.040027725948677484,2024
0.4068934498675006,-0.03849986651970591,2024
0.40642166942357655,-0.039272344586157415,2024
0.35367065271725356,-0.008253425463546217,2024
0.3415405736018086,-0.00835296079736339,2024
0.35750061773589215,0.050003729776130754,2024
0.3641293510745798,0.05790225391491269,2024
0.3642726665798208,0.05072338486903769,2024
0.3504211503852629,0.07826561105004112,2024
0.35124653654874444,0.08864074200231026,2024
0.34931787498668565,0.08791003948313218,2024
0.3215219102106077,0.01921098616957499,2024
0.3187541281880321,0.016059466783765044,2024
0.4261092003786659,-0.06596854644028743,2024
0.425005779157601,-0.06706577266878422,2024
0.38939113674986175,-0.042384849726821106,2024
0.3888111349837639,-0.046387798149688436,2024
0.3898229835899141,-0.04186352037694496,2024
0.15839126580392762,0.00035068682936602313,2024
0.16059287177507148,-0.0034908670676997294,2024
0.12773075876069068,0.18851163580136826,2024
0.11919081792869546,0.19064656820769144,2024
0.11643903778086723,0.17746432366682258,2024
0.11609714822789091,0.1587666077862377,2024
0.12295982209460862,0.16483809703744412,2024
0.12471142990011311,0.17173066668051828,2024
0.1932560045067928,0.10436771259603078,2024
0.1833291555061159,0.10864203016131158,2024
0.20150197974007472,0.10332204899670398,2024
0.1868018184748942,-0.004691322799386555,2024
0.18337052357038422,0.0007696844196233427,2024
0.24807491081453836,-0.037081248069070344,2024
0.2442571268856909,-0.033936071018078856,2024
0.24340126746301533,-0.034641897516945186,2024
0.26361275079445645,0.008176134163902643,2024
0.26648954299170996,0.0064013873758624815,2024
0.30059106444930006,0.005302459229039082,2024
0.3013898215353069,0.006662634696029422,2024
0.30059106444930006,0.005302459229039082,2024
0.3562457473247362,0.00019957761705237387,2024
0.35717569413182737,-0.001421694125572727,2024
0.3367523619690879,0.013134607324381788,2024
0.33773959773090423,0.009869597358138908,2024
0.33854226074278665,0.012304524606205049,2024
0.30840021841898263,-0.11968753416130948,2024
0.3067845057395312,-0.11976225908353055,2024
0.3112724361424065,-0.11162931214981686,2024
0.2840843972110276,-0.128207384009895,2024
0.2830579335056212,-0.13149210551259918,2024
0.2856845004772357,-0.12541790757372828,2024
0.2761091314030013,-0.1348249249821134,2024
0.28186289766814837,-0.13462961959466868,2024
0.26914224865522146,-0.1451282028978793,2024
0.1898852332641775,0.18200687175664482,2024
0.18988415558362554,0.1850023693318934,2024
0.18279420114524736,0.1882389060507715,2024
0.19226414756020915,0.08644273064698378,2024
0.18935079944967187,0.0887433356074486,2024
0.23013806542664356,0.07828235680152296,2024
0.23403147572558386,0.07131489683947344,2024
0.22157264216940697,0.07318151688649056,2024
0.3344700372605879,0.056868988132309034,2024
0.33659106571744524,0.05717278035753555,2024
0.339168842365031,0.05987189665852784,2024
0.325301963933392,0.06856233216569613,2024
0.3302029167506112,0.06813235674803053,2024
0.33048895113346916,0.06581174716880213,2024
0.3105552192946009,0.03793941390860829,2024
0.31942621156008744,0.025253850543877614,2024
0.3086371972173499,-0.0031458559617563303,2024
0.30849001759465944,-0.017584688210974614,2024
0.2888888099354172,0.05135870176710507,2024
0.2946772076108713,0.04250716370344161,2024
0.2897807882110584,0.035372320104079126,2024
0.29395363063969626,0.0647458057711084,2024
0.28287207830306815,0.07936249911788863,2024
0.2827890442891064,0.06904671374644017,2024
0.26053419837476655,0.05290498615325095,2024
0.26252336870297577,0.04448093082135929,2024
0.25980854649535184,0.05631578960757758,2024
0.31041519456065825,0.05964034232165643,2024
0.3018893608933852,0.053347113738679564,2024
0.3078015486579661,0.06087021470309572,2024
0.25561435730150434,-0.017989018881517056,2024
0.2489434128505556,-0.022128275994557106,2024
0.2532154758977001,-0.01975336339656117,2024
0.28967417346755187,-0.05041327294922071,2024
0.2929778175141368,-0.047233362325420636,2024
0.307664140958539,-0.09218686163945633,2024
0.3095748651066967,-0.09712018041849924,2024
0.3108791404560133,-0.10220021998910389,2024
0.3070662536143248,-0.10411581075139059,2024
0.3144269566038569,-0.09284286353456808,2024
0.31423379841074117,-0.09405966786780218,2024
0.3146788984839439,-0.03686366717109693,2024
0.32203039716760734,-0.04339221048409886,2024
0.31032082415044254,-0.0374015475482439,2024
0.24519254190934653,0.031214373942824915,2024
0.2412992141279981,0.02933830537396942,2024
0.24509310116045496,-0.008362964069069279,2024
0.2466690886206131,-0.023856974417321708,2024
0.24631454196604496,-0.01446617308321202,2024
0.2267595496378927,-0.015246727527951559,2024
0.2904749736923362,0.050713230727422204,2024
0.2858569827875652,0.04169149187788487,2024
0.29122834586650476,0.05066385886233118,2024
0.384605054228274,-0.04726510043845786,2024
0.3843045736605562,-0.05441603203018741,2024
0.38585005675901396,-0.05274158825766728,2024
0.34283920052119815,-0.08346955830989772,2024
0.3424771429584167,-0.08990279685232011,2024
0.3450368108935747,-0.0876027191757365,2024
0.268151299950874,-0.04000498956657826,2024
0.2823654358518062,-0.03353635348595288,2024
0.28024492001035695,-0.029097398937962746,2024
0.27247222214591693,-0.12376069611149304,2024
0.2592353793631999,-0.12901676419726274,2024
0.2707172767834663,-0.12206577075212038,2024
0.34020522269951864,-0.07366117476231873,2024
0.3383933432312515,-0.0772998987598203,2024
0.3734457676690493,-0.021593544342794493,2024
0.37365828248706223,-0.017067764546788974,2024
0.3390384951511977,0.011907968636302078,2024
0.34376232608971047,0.02038197936647586,2024
0.14740548590618302,0.16165854284016387,2024
0.14819155652672972,0.1624776769182686,2024
0.10159080676195426,0.06479671558728936,2024
0.10256223625386159,0.06825198611980537,2024
0.10463244653854238,0.06656855082340361,2024
0.3068329509644762,-0.03379583209881322,2024
0.30307086992247306,-0.03800435365955512,2024
0.3306155971336502,-0.05269713221671429,2024
0.3160952087223305,-0.05780303275776927,2024
0.3232407659642502,-0.044240634017790395,2024
0.22623076484844756,0.08422483547257671,2024
0.18347293040934498,-0.1475021116773494,2024
0.18058076523429228,-0.15610815217719942,2024
0.18370589951002747,-0.14690706900669026,2024
0.24717338628108054,-0.1519528524318785,2024
0.2423542070747074,-0.14402582416372176,2024
0.2349614612510742,-0.154546683018424,2024
0.21791941450212649,-0.1385763389832788,2024
0.21843675737552876,-0.13360812330262628,2024
0.21906585571301102,-0.12875009906067408,2024
0.09562218336623224,0.1109798928828333,2024
0.08413922020885847,0.09932395457495011,2024
0.08466472136596863,0.10421206236290104,2024
0.12250378307522289,0.16785763356326472,2024
0.1247650753548025,0.17170557166150416,2024
0.11541042398833282,0.15836100284502463,2024
0.10651630204616307,0.09868286120670364,2024
0.10734077327569735,0.10014126613534728,2024
0.10816465691660229,0.0990678006209001,2024
0.15796227963463605,0.20641303130616123,2024
0.15761052432589034,0.20652138286754845,2024
0.14506453470599462,0.19699598023613263,2024
0.2936192875987856,0.047060387961890694,2024
0.2973386956557337,0.054764040598884026,2024
0.2858662073005529,0.06668437915264003,2024
0.24558516681473824,0.019627468578791843,2024
0.241052171593357,0.015065301355703324,2024
0.2444839231017214,0.02931182503899985,2024
0.26117648650240205,0.023040729091675045,2024
0.2602247160512885,0.026949462903444823,2024
0.2571010591308236,0.061971807834311665,2024
0.24798932849652366,0.07851976331361821,2024
0.24775907839964073,0.07144275296728499,2024
0.16752090266492045,-0.042298307284710235,2024
0.16966658339753826,-0.0380352671836566,2024
0.17392777784565833,-0.04274852772377591,2024
0.2062811419928999,-0.05274383264547905,2024
0.20390176868313029,-0.055377234588478125,2024
0.20866270747876653,-0.05407669267508408,2024
0.27781175950416187,-0.0640388729779445,2024
0.28193586293349293,-0.05719002784989334,2024
0.28148949375301774,-0.0901241176878308,2024
0.29045921504328404,-0.08682756256446106,2024
0.2893902723275483,-0.08644901167037866,2024
0.2626779372759103,-0.11210633362846695,2024
0.2632633882968293,-0.11537696076199089,2024
0.2647451464590664,-0.11714951119521261,2024
0.24130832008283182,-0.08209847143481025,2024
0.25053733498794384,-0.08920596278106968,2024
0.2358481201942606,-0.09102466033439455,2024
0.07855357801809038,0.09370019852371833,2024
0.08588834377733022,0.09634538424600604,2024
0.09201392293036623,0.09880068560362881,2024
0.17131920977643722,0.09591491704004848,2024
0.1507798994897428,0.07240031657674459,2024
0.1654492391678402,0.09237142358159889,2024
0.12261868350405906,-0.009408136185449806,2024
0.12096882004218484,-0.011493088955139744,2024
0.1826362575580151,-0.1146930337617747,2024
0.18304661407567346,-0.10616027205174494,2024
0.15686555297377247,-0.13020763233197719,2024
0.16025626621098288,-0.12237567548023584,2024
0.16025626621098288,-0.12237567548023584,2024
0.25373789857116236,-0.11600123360372674,2024
0.2623504499464352,-0.10269551694027551,2024
0.16419770709977688,-0.005446587375123435,2024
0.1634472306255914,-0.008827148386619993,2024
0.16279717206973826,-0.011533650730423464,2024
0.17572039524359345,0.003431658991508664,2024
0.17430120134479188,-0.006011160144489734,2024
0.24807912109207203,0.005884592644690913,2024
0.2471915316357261,0.0051322255223324245,2024
0.24812320743426597,0.007464368975008434,2024
0.24657259933451098,0.04223240557226692,2024
0.24974169796971873,0.05191353239073483,2024
0.1989577385597357,0.1376991283193829,2024
0.20259433699686652,0.14373338488348197,2024
0.20259433699686652,0.14373338488348197,2024
0.28524463188900395,-0.03144934593253158,2024
0.29124818610878506,-0.029284465642035892,2024
0.2829860618453519,-0.034086234627122916,2024
0.31680756819267686,-0.0032631768538814165,2024
0.3246188576406002,0.004122110000081947,2024
0.3282485739730876,0.0013578848033121635,2024
0.3071649844333861,0.06583669744439154,2024
0.311003653197392,0.07085964101255025,2024
0.31022657258832237,0.0712963740455318,2024
0.15607201352965486,-0.16887594151008062,2024
0.15571677437541376,-0.1689604495266137,2024
0.15796882151673386,-0.16801541279415483,2024
0.1640852700279211,-0.14625447173561762,2024
0.1695418318475737,-0.13873519673260204,2024
0.1695418318475737,-0.13873519673260204,2024
0.07292814120750324,-0.1944441700373113,2024
0.13166714863457377,-0.1506118988899097,2024
0.13109995698216237,-0.13997907007467766,2024
0.1361626545245804,-0.13585483360537498,2024
0.15658346580638127,-0.04342029515913627,2024
0.1599747018729329,-0.030643285011466778,2024
0.11138970415575865,0.04076776728711789,2024
0.10761044471282608,0.030959453453851697,2024
0.12275255398634488,0.0407679357427575,2024
0.19181302573383618,0.09235072508469411,2024
0.19067385299566142,0.094752162073322,2024
0.1975856210611997,0.09652522283654096,2024
0.16286013475658534,0.15694935291721443,2024
0.16286013475658534,0.15694935291721443,2024
0.15775538175217257,0.15001612405732187,2024
0.17721399342152977,0.20686588066751277,2024
0.24359991112538598,0.04273345458906093,2024
0.2564641373285055,0.03137781034445866,2024
0.24653765442555325,0.04164797324754211,2024
0.2416757579150735,0.018757473617051695,2024
0.2478701819670588,0.0034078936132623944,2024
0.2479136240517995,0.01643144359803731,2024
0.17902238464841483,-0.03300630032884885,2024
0.1782640064719942,-0.02209465252192757,2024
0.17740327502047515,-0.025134059450460114,2024
0.27683703664576925,0.010331489407978713,2024
0.282156300172577,0.019556665813787958,2024
0.28688242821208537,0.11158598464900252,2024
0.2865019561258183,0.10572292068045677,2024
0.30031471529954756,0.07317659836301094,2024
0.30031471529954756,0.07317659836301094,2024
0.29711105226059614,0.0697316035436056,2024
0.22959360430404974,-0.004210525495159656,2024
0.23601087498166412,-0.00756230768446188,2024
0.2342048226830965,0.0003886434683979395,2024
0.2483372257619979,-0.021890641998079212,2024
0.2494270445450419,-0.018156864971725813,2024
0.22653581463251848,-0.03541073206762764,2024
0.22850186767569447,-0.02852860724633155,2024
0.26692189388856963,-0.03485301670757092,2024
0.26484268443582976,-0.03619106152111193,2024
0.27036512206341495,-0.028443044435370796,2024
0.21487077002953917,-0.06588770065189561,2024
0.2257511897844432,-0.06931805727441943,2024
0.23308096175502174,-0.07582575404465675,2024
0.2257511897844432,-0.06931805727441943,2024
0.24826439576717513,-0.038030355236562036,2024
0.24849484308717845,-0.0367163500828699,2024
0.26312098010798485,0.00929400965474974,2024
0.26268152334000794,0.011044041217268007,2024
0.25968376414102146,0.020776630495512812,2024
0.2579677628257471,0.024091794697449206,2024
0.2593341117632501,0.013134083220554503,2024
0.17765121117458088,-0.030883211454084722,2024
0.17683886435788407,-0.028477715353499036,2024
0.17683886435788407,-0.028477715353499036,2024
0.24886236571006437,0.07506664054083426,2024
0.24991481872736515,0.07555408558872634,2024
0.16146781215482586,0.07308769114747066,2024
0.16307344899342346,0.06992765947267104,2024
0.161572573614848,0.06790587755857407,2024
0.09460608191470431,0.09490992880225496,2024
0.1080040983170196,0.09929046361184501,2024
0.09234196847502882,0.09089936871021395,2024
0.04631570762061806,0.09447013001016925,2024
0.043027531369448785,0.09547099907856155,2024
0.05048389052666139,0.09701780095448914,2024
0.03801978975038938,0.12078944344709755,2024
0.030869063036308993,0.11692499936588437,2024
0.14037438043481512,0.09096842215100517,2024
0.13315296603005128,0.09055849907876204,2024
0.14260293483930533,0.09127420704073683,2024
0.13237073668195293,0.07956377101801636,2024
0.2366745465573723,0.045381071990326094,2024
0.23261318273718345,0.04379646561744751,2024
0.23613000719658256,0.04348615564678142,2024
0.3433481204240438,0.01612554469833771,2024
0.3468447239731214,0.03130891999481723,2024
0.31056349097556973,0.0233093462128767,2024
0.30719854336407953,0.011358390818539715,2024
0.30359854479298287,0.015389565901010954,2024
0.19907026246936393,0.03786512223354689,2024
0.2008727609219182,0.03176086857447416,2024
0.16971063795693553,-0.02240280539707319,2024
0.16803619587220886,-0.027201621112499436,2024
0.17264364555416306,-0.018831567922929192,2024
0.18009471631365298,-0.0503242954163336,2024
0.1898358010887755,-0.03807506803983797,2024
0.1898358010887755,-0.03807506803983797,2024
0.19866915689801057,-0.020455951965827487,2024
0.19301873026094174,-0.029553654834850868,2024
0.04419637845972057,-0.03472702339218786,2024
0.05333008505139787,-0.02976681691433368,2024
0.05409361724923509,-0.021187002152420635,2024
0.02040229610638332,-0.04129938870620006,2024
0.02461269149542429,-0.036734678231162804,2024
0.02636510460259779,-0.027564163327309002,2024
0.049440880591317814,0.0021952011684010023,2024
0.057721930988528916,0.009316798146020412,2024
0.05210005042004548,-0.005586392061974463,2024
0.15026616657741312,0.022200647218978763,2024
0.22903010723626782,0.047493561726919487,2024
0.2256884822246476,0.04323926802283444,2024
0.2302731924191293,0.04098082192825059,2024
0.07480585299728218,-0.11176260282673106,2024
0.07078873634818816,-0.12535190149532288,2024
0.06072096390845027,-0.1240487629057101,2024
0.2832776539260812,0.0447649218708287,2024
0.2794859622201043,0.04279011538561148,2024
0.28975133649069557,0.03935163694648691,2024
0.27677637771236085,-0.01568474939960242,2024
0.2797153037670767,-0.026922968419545917,2024
0.2914913632548755,-0.05742565538244973,2024
0.29497693017470167,-0.05900440558223902,2024
0.2851474993097198,-0.05534031521516025,2024
0.19073260662325514,-0.08073314885474694,2024
0.18202954245787528,-0.09731331204990423,2024
0.1868206497321478,-0.09195598207618808,2024
0.28094528802292645,-0.1421005310452934,2024
0.28182620794117585,-0.1374343896235415,2024
0.28096129709710677,-0.14516869981215197,2024
0.2306689274468069,0.026198728219102536,2024
0.22306003664738844,0.014864409499425538,2024
0.23169441225108545,0.024306994896861635,2024
0.3191556001957747,-0.00045685903001280864,2024
0.3169666632098736,0.004612353768766814,2024
0.31443738003177096,-0.0042281377839316625,2024
0.28866724127464577,-0.04305425178304498,2024
0.41138623821059345,-0.013983285456703132,2024
0.402204811707364,-0.011679600700500961,2024
0.40656337997600456,-0.008347451317769067,2024
0.35606274460137066,-0.041830035717058456,2024
0.3599999564892606,-0.04150209011844283,2024
0.3526691757668058,-0.04510539096154978,2024
0.3853654579429113,-0.03535114381115803,2024
0.3835818371922056,-0.03334071582684757,2024
0.38071199096158787,-0.02990761397931621,2024
0.40525873474805607,0.001516975193058323,2024
0.4069241391683463,-0.0018152529278402801,2024
0.31498609199952726,-0.1133465752156439,2024
0.3097037955392384,-0.11925983000356197,2024
0.2706421386483905,-0.053307881209626554,2024
0.26698811695975366,-0.06138729341609782,2024
0.23380021353241265,0.043694848242396694,2024
0.2365474769666414,0.034423915999547756,2024
0.23303348025454967,0.04083990155033418,2024
0.24017196117992134,0.05031627116944514,2024
0.23720571357245918,0.04593043053649839,2024
0.23790799043226224,0.046142763959684654,2024
0.34109881389986835,0.04784524088686937,2024
0.34240086541060605,0.05173001925733929,2024
0.34481261805047847,0.04762059349056938,2024
0.14113554607440534,0.06844494979516826,2024
0.14447280826012043,0.06270718805038529,2024
0.1607882218075975,0.08218990931164699,2024
0.1420856664936779,0.1629401095680309,2024
0.14235733021017102,0.16141994703550794,2024
0.13900466755301494,0.1627739462475306,2024
0.14630044886290783,0.21872749312880657,2024
0.15428949399649985,0.22183755804537314,2024
0.1468298029538207,0.21960136175029354,2024
0.1979272244492971,0.2056352513505254,2024
0.20483217368870923,0.21876838423385847,2024
0.23252977038153216,-0.01659423076668999,2024
0.24900680226506644,-0.015228336741895415,2024
0.24846189413950825,-0.016841626494456557,2024
0.18365173646576743,0.009392805152547881,2024
0.18269934564261386,0.016132442529814956,2024
0.19097789785099745,0.04434390322466229,2024
0.19097789785099745,0.04434390322466229,2024
0.24014248074130212,-0.06153112300612787,2024
0.24359022031612787,-0.059107383492273444,2024
0.19239566067275893,-0.07794223306357972,2024
0.19531964746113184,-0.08327396730895253,2024
0.195193730822629,-0.07509048487931809,2024
0.2401144634335311,-0.04933493146802806,2024
0.24042212695356718,-0.047828300680630334,2024
0.18691389769283084,-0.10831834565387316,2024
0.18710862753982743,-0.10662314065237877,2024
0.18638439879322194,-0.11079590757193303,2024
0.12993479673575342,0.06502647654721382,2024
0.12514602212562734,0.06311284084839955,2024
0.13821070923144127,0.06629234738823452,2024
0.1536711313004249,0.06916435298892888,2024
0.14441158096398962,0.06734892826882312,2024
0.14050454209887342,0.05667140828909623,2024
0.23581778455429475,0.08737240304522881,2024
0.2338815560459035,0.08228754982345429,2024
0.23013768650591282,0.0811745808292767,2024
0.22627512674700262,0.04128498069767251,2024
0.25808678454548023,-0.009481473393269269,2024
0.26160366861648404,-0.01978042387409043,2024
0.255784789213879,-0.021263932798360002,2024
0.13740072419524196,-0.052769644817758615,2024
0.13533314355370452,-0.05103481657845549,2024
0.14521464609067722,-0.058830716307951836,2024
0.11409484611897397,-0.05536787604418404,2024
0.11251004917524665,-0.05164798973316498,2024
0.11207521685045843,-0.04636303014024025,2024
0.143489749434664,0.0453115107754542,2024
0.1435856531922949,0.037829631950633574,2024
0.11241623864251038,0.02609667893229216,2024
0.11370614713609545,0.03541958511701234,2024
0.30274491715371377,-0.009091858612448947,2024
0.29431517921263156,-0.032697639027203435,2024
-0.1580991853401304,0.01623699402060908,2024
-0.12630801695233074,0.01998239899262924,2024
-0.07567111819453796,0.16662664628068458,2024
-0.08577515002422902,-0.21468769961197265,2024
-0.07458749347105713,0.006711184837576843,2024
-0.008660640327960462,-0.01169914188557114,2024
0.009315393455183632,-0.08182829895344818,2024
0.046312117190228694,-0.17302718923676674,2024
0.04689964872653865,-0.17278971535095636,2024
-0.01883282158715828,-0.13217406519438257,2024
-0.02407131689361669,-0.14009750250519254,2024
-0.0986557007385417,-0.19288946756452818,2024
-0.08671620022321834,-0.1843600352662179,2024
-0.08591033460613019,-0.1876306127640628,2024
-0.05575559584064173,-0.13894253906135046,2024
-0.04700474167133033,-0.1960599112998731,2024
-0.05248254919082938,-0.19471051455566704,2024
-0.10047217189443848,0.1297462936983079,2024
-0.008899432012890812,-0.07456981702385271,2024
-0.08876840680598803,-0.19263743812199338,2024
-0.09527286513591189,0.04517932256829958,2024
-0.1464028524693335,0.024908495901951315,2024
-0.07547989177127691,0.11895857770594531,2024
-0.11297163447759011,0.07802021496848316,2024
-0.09316432327589282,0.028833543356132682,2024
-0.0353893557590106,-0.05312364687584645,2024
0.07976335296825805,-0.2387482638821336,2024
-0.08918892497126892,-0.16352430688089975,2024
0.05038478619342863,-0.24764228453916143,2024
0.0528729009565934,-0.2469022054337895,2024
-0.03707370570796621,-0.21787266686922324,2024
-0.032997954320875225,-0.2231107224154547,2024
-0.04147080004725083,-0.15093843850008581,2024
-0.05162359710598456,0.030001747647713448,2024
-0.09271503115990033,-0.19845152307890662,2024
-0.2047084212194572,-0.009303281195585544,2024
-0.22148241044902223,-0.01786166776026319,2024
-0.3005422276619027,0.04920132130567003,2024
-0.2749212722928142,0.07467941172909406,2024
-0.059969700943205986,-0.17009421150977758,2024
-0.1335330881245837,0.003398931393646394,2024
-0.13856047007829647,0.07316271615762215,2024
-0.08045533171654913,0.12482709929688789,2024
-0.05845745743647203,-0.22854851684676125,2024
-0.09063884146443459,-0.06126342866316714,2024
-0.09700602334381826,0.02186638076307707,2024
-0.013346385219389592,-0.12633843424078617,2024
-0.12359245936742545,-0.1665755305358113,2024
0.018125014985969704,-0.21193291200632547,2024
-0.06786540631408262,-0.006385799279379288,2024
-0.07359095443538462,-0.018656560744164816,2024
-0.06706621560052146,0.09717665220022839,2024
-0.07001532519057864,0.01413816190021737,2024
-0.10309817148657598,-0.00949074991502584,2024
-0.0965015215557846,-0.00646199792618779,2024
-0.12566880749974318,-0.020771981902598755,2024
-0.01472756806563523,-0.12256994223364215,2024
-0.002880010905659411,-0.14769582244817595,2024
-0.0003642161944174688,-0.1487405359450314,2024
0.02200560702705591,-0.09771376615090988,2024
-0.06294130116371081,-0.09156984584725625,2024
-0.09478857524203667,-0.08581106987532203,2024
-0.10680569021673057,-0.1645096385774556,2024
-0.10513536006622494,-0.2518653227809646,2024
-0.15552874836638292,-0.09248449789761976,2024
-0.19328236371863378,0.06189112277304894,2024
-0.11794047543554186,-0.015487385037002775,2024
-0.15028534373200297,0.023051886746970736,2024
-0.1079879989367629,0.11444186239269813,2024
-0.10273217029003452,-0.17076069617167144,2024
-0.08799891806715236,0.10065398470913786,2024
-0.2345298418803558,0.061617671449803436,2024
-0.15397435015869226,0.004002295390988619,2024
-0.07356794422573452,-0.17530033070877726,2024
-0.07788107425109193,-0.18647530160581655,2024
-0.01685756816804969,-0.24931385688958368,2024
-0.14479905279558547,0.12318665966385153,2024
0.06689362444432323,0.2079111349566608,2024
0.0375910048735979,0.16671461180136615,2024
0.007232908446484734,0.10353499019685396,2024
-0.00859862492626888,0.08474640687980432,2024
-0.03385916412215405,0.020095322079931296,2024
-0.09911518078998512,0.04185758067917003,2024
-0.07355384642493372,-0.16476971233162713,2024
-0.11039603764714527,-0.06211267031869103,2024
-0.152232473286047,-0.10021659396933408,2024
-0.14385666192589774,-0.14883067591034177,2024
-0.19417876834538023,-0.09656256211694814,2024
-0.19925329168980693,0.01602386560290576,2024
-0.16091079470552122,0.08536429259718514,2024
-0.10165087579993522,0.023913959631793005,2024
-0.08525368242947941,0.020744131832973536,2024
-0.02031512750804783,-0.17947543576371472,2024
-0.12434438516599018,-0.08753024249546074,2024
-0.06546566056479726,-0.15274789291980767,2024
-0.09607684159256873,-0.19162138428186498,2024
-0.22455680775114423,-0.20111927948174468,2024
-0.16922569320835462,0.06164358870909538,2024
-0.17558559367929516,0.043175655391863486,2024
-0.15570011170312198,-0.019643736502180445,2024
-0.14415756884039282,0.22001397865914357,2024
-0.223717627959036,0.019481875775790206,2024
-0.16361680406509194,-0.037696063193368004,2024
-0.1588831622567723,-0.039879390503390996,2024
-0.13377090457326235,-0.08245044778056893,2024
-0.07897671153145454,-0.15832008489898586,2024
-0.17519197351570648,-0.14804079773538922,2024
-0.12122871467051559,-0.1710444521052214,2024
-0.12961044516713216,-0.12039347678267576,2024
-0.13058032171652778,-0.11800990701153583,2024
-0.18517893309890038,-0.08851971240268866,2024
-0.19309658153315828,-0.09219759559739477,2024
-0.16624054630145974,-0.057505026560478276,2024
-0.16504272227221867,-0.0558867619871041,2024
-0.21022421803025454,0.0042753912203162756,2024
-0.08072233272803071,-0.11120547670992711,2024
-0.08816349236265843,-0.11411287511696719,2024
-0.014044308222411164,-0.22360651282885646,2024
-0.13883739058305328,-0.167436018077092,2024
-0.03620756715478228,-0.03145474442987933,2024
-0.14330054423615257,0.07136591567109223,2024
-0.0653658129110072,-0.07548481131898843,2024
-0.059840608175099966,-0.0690603792299781,2024
-0.1790495027384043,-0.0017656509512219698,2024
-0.1790495027384043,-0.0017656509512219698,2024
-0.16342354217903682,-0.009922785546391408,2024
-0.19078552680509936,0.14347842006496792,2024
-0.1335220362860267,0.03057282586588559,2024
-0.12426684318134663,0.037201837911652436,2024
-0.23104624644272914,-0.020228494550420854,2024
0.09741589876932391,-0.21087080346000425,2024
-0.13220585113576883,-0.09666348234471328,2024
-0.20938696302296428,-0.0748124093749088,2024
-0.14870516356466063,0.0971509368310078,2024
-0.17687279654318078,0.040648939603629954,2024
-0.10119824703481302,-0.05938239496517639,2024
-0.16099721247507554,-0.044113098716471774,2024
-0.17539273761341145,0.10519399934468981,2024
-0.1455762913332736,-0.07425406064405235,2024
-0.1896430977893055,-0.03948341818992164,2024
-0.15809817347395244,-0.057358001520631335,2024
-0.18450788864439938,0.08045831598935285,2024
-0.19090231975789457,-0.028694182709054133,2024
-0.1510868158556744,-0.17683982244523638,2024
-0.06610651285506187,-0.22791154811316622,2024
-0.22353541915205932,-0.02864069287272651,2024
-0.18891579311817785,-0.06471444780256928,2024
-0.15827308761633668,-0.007857308670922325,2024
-0.23667514336237172,0.02314995241572839,2024
-0.205905481495889,-0.03551926755301765,2024
-0.26869708906527484,0.008358682988846018,2024
-0.24395142096908268,-0.03687387581651051,2024
-0.12820781376110757,0.04808049508304456,2024
-0.11829909972414072,0.08843323038522515,2024
-0.1875242579003496,-0.021936223897502848,2024
-0.1715860990210208,-0.12328831127504661,2024
-0.1718143056424279,-0.125665936313582,2024
-0.13601825731356887,-0.15569418998685297,2024
-0.22920078125866655,0.06626819359762699,2024
-0.23142643661010182,0.06938397472994007,2024
-0.11147724065295443,0.1287727656844042,2024
-0.11147724065295443,0.1287727656844042,2024
-0.14378136175619333,0.07468187906415785,2024
-0.1703366595704704,-0.018454117445527052,2024
-0.23607432863460504,0.028381620638893934,2024
-0.0935348908931778,-0.14207974945889723,2024
-0.1749523776417064,0.01818108515846962,2024
-0.12072631393737777,-0.13297719714455347,2024
-0.15458630861011785,-0.04929850286735467,2024
-0.047038594513618456,-0.1517926668669174,2024
-0.04706903653489135,-0.1775835381826271,2024
-0.04773333234197953,-0.18165647212221725,2024
-0.046563751609283124,-0.1804055797161021,2024
-0.14627955832908734,-0.11165970617313276,2024
-0.14963355001395084,-0.05053543059675224,2024
0.017895243909380992,-0.16303822130381337,2024
-0.09985850290947225,0.04663819179695143,2024
-0.1913056748180953,-0.07599716255443785,2024
-0.19002795544252654,-0.05151898088612118,2024
-0.1641907438761911,0.03250150044153728,2024
-0.1469686665377642,-0.02730721848278614,2024
-0.08833556288597395,0.04158508861626405,2024
-0.0955955394430434,0.02955600878410608,2024
-0.18277516051008552,0.000579139724638314,2024
-0.23650428111692595,0.02376308524409967,2024
-0.12208874111702574,0.05742975552051208,2024
-0.1302228348940071,0.08466649093060784,2024
-0.030561569875850444,0.031214763459199577,2024
-0.050825631616126674,-0.0009507632167452887,2024
0.09200279338808007,-0.16144506531450536,2024
0.0919010092754354,-0.15352903315582844,2024
-0.16607452916986043,-0.1897678270207924,2024
-0.15763810338416606,-0.20742794021954916,2024
-0.17141639178676665,0.0985383833693401,2024
-0.2456752064413117,-0.039260924588842366,2024
-0.10618298565067587,-0.18055171971316064,2024
-0.1866556533426878,-0.00843350166489329,2024
-0.15443088555302842,-0.0004985352604479909,2024
-0.10102263487485756,0.07148156244579705,2024
-0.13459560451975455,-0.12103900583049937,2024
-0.13251690758408058,0.06288729770749288,2024
-0.1288279054935464,-0.15977522742285147,2024
-0.12851622827226805,-0.15979769864466994,2024
-0.11383533645221637,-0.15009516022554603,2024
-0.14947946082026603,-0.015859895023314377,2024
-0.15694845572660893,-0.013694741150732631,2024
-0.14999245839785325,0.09134723039830234,2024
-0.23653904753073707,0.1455310737904185,2024
-0.17145680110691158,0.16825488203659036,2024
-0.170046726216682,0.08994559929616586,2024
-0.20811653260497692,0.08391593599145028,2024
-0.06937274525626914,-0.18171663943869426,2024
-0.034821663610242456,-0.09952938234307257,2024
-0.12044348445612192,-0.1418290459038769,2024
-0.13132922441109368,0.10270250823755804,2024
-0.13127472056937256,-0.1095094227958992,2024
-0.019113969222413388,-0.18599690186369366,2024
-0.1631013195711315,0.048386496594534326,2024
-0.15392596874212433,-0.07568889265980559,2024
-0.12134153101113053,-0.04069720306104592,2024
-0.09279177256181691,-0.013523322709234772,2024
-0.17582485430535383,-0.013965441754727803,2024
-0.13553355733418637,0.001580845542055495,2024
-0.16152025201781567,-0.03842043598152571,2024
-0.06550116794547962,-0.048527272292198886,2024
-0.1652236080039457,0.08053042179994752,2024
-0.17493195533352274,0.05556873249165366,2024
-0.23203200424844544,0.1052788519868854,2024
-0.18962188537695174,0.10297352689804612,2024
-0.1820275265865715,0.10690203550021886,2024
-0.20969502131808193,0.06682133478646815,2024
-0.19879362881609924,0.02090201138274214,2024
-0.17206051924560078,-0.01650121416246999,2024
-0.19114901554198965,0.10885285791625868,2024
0.048943058627915835,0.006643003318545608,2024
-0.03283017925301844,-0.13258873773888535,2024
-0.1354633221664025,0.045664093694569904,2024
-0.11482415042281978,0.08131532005354455,2024
-0.13036989088364015,0.183161100516912,2024
-0.17984479529771136,-0.05487075057107757,2024
-0.19988456504267088,-0.060385251714136806,2024
-0.15211783272976365,-0.030276436291989117,2024
-0.14505935809178122,-0.018265196956259618,2024
-0.10723218889802684,-0.08481176480776242,2024
-0.11507476057418083,0.06332974931155866,2024
-0.09311761116690916,0.006035079459504211,2024
-0.13154707757828332,-0.06894817559382203,2024
0.01681645669534043,-0.18204072316056083,2024
-0.054270714876685874,0.06444929455913273,2024
-0.040901568589926565,-0.14925182331194287,2024
-0.13175997808941292,0.14029220698149047,2024
-0.13995732901886854,0.08993277246247479,2024
-0.024483646225452613,0.22718763536920655,2024
-0.06413713517619347,-0.13929122405587435,2024
-0.2443098805297213,0.14322458497277624,2024
-0.2713872289502351,0.1385719525110489,2024
-0.12593369800162402,0.06929369367917818,2024
-0.13785506463196867,0.010672796646698117,2024
-0.23671245613006792,-0.05338543678003402,2024
-0.24628444619289347,-0.060503299433413454,2024
-0.09043453753565982,-0.023798809373918067,2024
-0.12633261996617384,0.016654481852113073,2024
-0.1707294243570976,0.06110184889563213,2024
-0.08772553469334017,0.13476019697432656,2024
-0.19153709079345743,0.10500065343147759,2024
-0.1955938685132546,0.10354155926648685,2024
-0.11341976659368781,-0.020653786573548348,2024
-0.11797329850831888,-0.02358899286670524,2024
-0.13594596351712956,-0.02212637267327547,2024
-0.1769888201305022,-0.001300850778355081,2024
-0.13643905471797624,0.14222451163925343,2024
-0.12288883134868979,0.046331044028180016,2024
-0.10664352691834074,0.07438269481957734,2024
-0.15911071912510671,-0.038730399265869936,2024
-0.055933595279611406,-0.16054614647941762,2024
-0.11316122054687285,-0.11953250869655696,2024
-0.08651185336166724,-0.06420780024616636,2024
-0.08959222477891239,-0.06473941127752109,2024
-0.11790587990164213,0.1034964753530201,2024
-0.0971781725170233,0.18176789684342598,2024
-0.11141769437824729,0.17729675966416863,2024
-0.07322087114419724,0.22049991362761484,2024
-0.06053272567068259,0.074968054345759,2024
-0.12734159117314353,-0.05135200902173424,2024
-0.12180994985856465,-0.03753473712386518,2024
-0.1592586872299805,-0.018624487771758513,2024
-0.03856000182464399,-0.07994775408837491,2024
-0.1640549732566426,-0.049596457887438536,2024
-0.11490903596665798,-0.06135980865365796,2024
-0.07898628073478224,-0.1413320859789648,2024
-0.1624629836688376,-0.1131920182027315,2024
-0.13220231729255122,-0.18086978705937784,2024
-0.09955190779714844,-0.2089016800466954,2024
-0.14285082943330435,0.1047234780688609,2024
-0.11450513161902577,0.1800700773470032,2024
-0.09532530095874021,-0.05176641672446369,2024
0.021405020876988992,-0.155846090424846,2024
-0.05711180676384377,-0.04646909262995444,2024
-0.04374968247580931,-0.0830336976234102,2024
-0.1124181219143414,-0.08066408479279065,2024
-0.027072474256143314,-0.13396894324165526,2024
-0.18436002975088678,-0.07593250570535898,2024
-0.13007166044997737,0.0795950788351623,2024
-0.11389227992825933,0.018594837744778426,2024
-0.20288695173685262,-0.0011871116907643808,2024
-0.2083779839743808,0.0018284776787513002,2024
-0.1783449105210697,0.15702219059657072,2024
-0.11089859080621255,-0.009040729188185131,2024
-0.0284877672834956,-0.01715270494133119,2024
-0.050352865796443144,-0.03627716399921478,2024
-0.11845194296942065,-0.03216231568600385,2024
-0.12365260192380502,-0.0900062786537339,2024
-0.17758796325943965,-0.035363504956865244,2024
-0.06647794220858645,-0.06967317924882965,2024
-0.11522815411062161,0.057359744604552856,2024
-0.1645528454163558,-0.013073917808753839,2024
-0.16605807258149036,-0.005062237630512743,2024
-0.09419242687214939,0.08986403990036584,2024
-0.05598865062844634,0.027384658843351704,2024
-0.09956331581942036,0.04601111470487208,2024
-0.09722220012736597,0.04996889207709871,2024
-0.04973798129145275,0.027785235749224008,2024
-0.09744809873898723,-0.0022684521363484506,2024
-0.10176825530575413,-0.013188185616759343,2024
-0.016827632388736025,-0.01306059994629407,2024
-0.08683460928737342,-0.05081334543577452,2024
-0.12652695352322058,0.11282744655911756,2024
-0.14709769215476232,-0.11588292733081887,2024
-0.1178862584830472,-0.22049460560517598,2024
-0.1955338617627999,-0.0515478434783843,2024
-0.125748948607595,-0.07801846624820438,2024
-0.1255509141205663,-0.07014365976290556,2024
-0.14603317266784188,0.0105419834466624,2024
-0.14522100089937073,-0.04044752081403016,2024
-0.16676919763695774,0.09088572388760598,2024
-0.14748813409403233,-0.021965776619665832,2024
-0.04694296111761105,-0.11522604375407489,2024
-0.07287496391360192,-0.07501159676714192,2024
-0.10978086523315315,0.02225650530615751,2024
-0.12601126389602996,0.04435971178737514,2024
-0.06957960869565798,0.07182550983749114,2024
-0.12865128681803883,0.131528808955569,2024
-0.0547416571297525,-0.12076488534156679,2024
-0.07880972687962591,-0.1777097278755264,2024
-0.023809447045748958,-0.10701183084327023,2024
-0.10307572749764544,-0.047402445849108896,2024
-0.1573679862553924,0.16609833107063052,2024
-0.22162016925367967,0.0804950837433928,2024
-0.13688271188821094,0.12177681723824556,2024
-0.21191473322533144,0.015156016071638793,2024
-0.10413000799680149,-0.04415754401216049,2024
-0.08520769554569176,-0.029244784445321415,2024
-0.1102728469927833,-0.01084721192931623,2024
-0.24809842311366453,0.044906652882221974,2024
-0.2720610276226274,0.07097933178810248,2024
-0.23423870437199518,-0.043052091825348485,2024
-0.20236011183661856,-0.08257882989523439,2024
-0.015545751410031214,-0.15975755080232076,2024
-0.010237770831496157,-0.14688241301836924,2024
-0.029880937548920725,-0.13718311304343903,2024
-0.020061587093095176,-0.09934841732150912,2024
-0.21736984376455265,-0.09017605520671673,2024
-0.1804937800566085,-0.041056262252548936,2024
-0.09277356157987611,-0.18831395233955037,2024
0.05353902975533675,-0.1483409321901517,2024
-0.12126335155281716,-0.020319475239919456,2024
-0.14201214624970881,-0.004565769438841176,2024
-0.14882945708938733,-0.007001631607140471,2024
-0.14995270859927434,-0.014239028413265908,2024
-0.1517383438561578,0.023506115889315903,2024
-0.19083764616848325,0.04335886202354819,2024
-0.17041903466713365,0.012036747210870797,2024
-0.11752269302081454,0.031472995626885256,2024
-0.12124840333324395,-0.024076173962243166,2024
-0.038152164791737844,-0.04454543397147835,2024
-0.20481270638436072,0.10451687979428684,2024
-0.1802153967040585,0.12381206961888977,2024
-0.14799862884136755,0.10467981995625673,2024
-0.12498330695889705,0.04361600018435459,2024
-0.11577301250494172,0.1313266529144924,2024
-0.055364409308630305,-0.09331295156730834,2024
-0.05017642118909728,-0.2142943366145207,2024
-0.15656463363003087,-0.06605264816125057,2024
-0.14944213174128101,-0.06748181893155587,2024
-0.15256365647385928,-0.049030265701412196,2024
-0.19379995141920536,-0.013022254027111435,2024
-0.13672319077829165,-0.03597950823858681,2024
-0.08006271611407219,-0.05244989996807198,2024
-0.1938202893384488,0.11615819080959383,2024
-0.18884518194956773,0.08565041844906088,2024
-0.12359433646895553,0.06118345636244264,2024
-0.12074566202891489,0.07000904873453992,2024
-0.13240755952660033,0.092146692521769,2024
-0.1298483637514497,0.09811299825140597,2024
-0.1403344010512289,0.004337417680866845,2024
-0.18870794278995073,-0.13190019744128245,2024
-0.06988395607394,-0.0989192799820976,2024
-0.08769304470184265,-0.12571187867667138,2024
-0.07918096392917147,-0.1326325309983108,2024
-0.05608760610914364,-0.10224093265131828,2024
-0.12544303177023675,0.05628735992407927,2024
-0.1763933202727695,0.14741335357592739,2024
-0.17970796976983372,0.143344786536031,2024
-0.15962209744037303,0.11747288134571968,2024
-0.17217025603352937,0.1078638751980455,2024
-0.1155545068285584,-0.009590249231984073,2024
-0.15206512586008086,-0.05483638643118363,2024
-0.09535624427597424,-0.07180748825897924,2024
-0.09188313662265753,-0.0724059169129014,2024
-0.07500938583431703,-0.024998699594662138,2024
-0.07334363793778816,-0.019566736557716152,2024
-0.08400181391861124,-0.025502160988413028,2024
-0.1621105446819417,-0.006469744493851258,2024
0.007266951625037751,-0.05503121037511163,2024
-0.07952806347121073,0.05857243870723386,2024
-0.1564603048218049,0.049500931866157255,2024
-0.15422310298784758,0.018889879837221405,2024
-0.13508361163996557,-0.09896899334571724,2024
-0.13789910442123227,0.0025819068839247478,2024
-0.13280416849414162,0.02153215588823431,2024
-0.14701609157605178,0.0036341121178948,2024
-0.1142124455889449,-0.05290746595907263,2024
-0.15695969141339478,-0.1602364042726,2024
-0.07174290127509021,0.15239684358974198,2024
-0.025189330467081925,-0.19016444852818337,2024
-0.1046100389128284,-0.18442495572684664,2024
-0.12398616138315223,-0.09688391079528613,2024
-0.16620679244938458,-0.0342047315592494,2024
-0.07634270346953308,-0.08024561390936427,2024
-0.07966743581458428,0.1437009668935733,2024
-0.09239689100452968,0.13938298436689467,2024
-0.16727639656224602,0.02412997498768044,2024
-0.13837296288551165,0.09670465339989014,2024
-0.10921386652406588,-0.037160038373996326,2024
-0.054947416680461006,-0.016780482291322618,2024
-0.06091986804382231,-0.029072690041068786,2024
-0.058432074232187256,0.19651748525037283,2024
-0.02813006193406338,0.19457925256572456,2024
-0.04418569268236809,0.18637838461406542,2024
-0.06073817090058571,0.1292661612479936,2024
-0.1350759069734606,-0.05057919631375549,2024
-0.153745637448156,-0.004476503797447878,2024
-0.09026420866269723,-0.1723487340727176,2024
-0.10828463924978783,-0.05600151645627843,2024
-0.1325993451262456,-0.08985750073645293,2024
-0.10061192907417175,-0.13472078275689817,2024
-0.0542602303084478,-0.13479972853515665,2024
-0.16403858091469947,-0.007759154242995052,2024
-0.21334919736939634,0.002547100225432211,2024
-0.21115491261050479,0.00432627554105057,2024
-0.2280515646313051,0.061817292195691084,2024
-0.22692962664105126,0.0611411320527805,2024
-0.19015195165659027,-0.016882628431818772,2024
-0.1959798943731983,-0.02558080020392603,2024
-0.18976004745621616,-0.0002313247205096014,2024
-0.19862784799692973,-0.0016748357663152885,2024
-0.14808513251700084,0.04018997619401398,2024
-0.20367904879947707,-0.03764837195551207,2024
-0.20897859034974514,0.09072534320075266,2024
-0.20749803387392907,0.08991439712337006,2024
-0.1953641873644586,-0.023203053772778245,2024
-0.273637659855893,0.00664959404546954,2024
-0.07471651855973015,0.06282661596586854,2024
-0.15173221419867916,-0.12767060785556605,2024
-0.22760691698759222,-0.06931378196241017,2024
-0.16662175449228595,-0.08464990805483087,2024
-0.048251097823903036,0.17308938134823837,2024
-0.06673400656292384,0.15154389622502096,2024
-0.1364264223176851,-0.011461900447694018,2024
-0.17867625966264433,-0.004299880705731347,2024
-0.245094569105137,-0.008237593372103356,2024
-0.15408786128832447,0.028172747268453497,2024
-0.15583101924531506,0.02299806069013472,2024
-0.12547278902672926,0.04106957068479067,2024
-0.13660160456240322,0.04209637110268168,2024
-0.118235432622587,0.04781213997798037,2024
-0.08496718256833415,-0.01123271726805336,2024
-0.09171857133985474,-0.014922570591333131,2024
-0.04227863874576375,-0.04353567502252974,2024
-0.18707309589965881,0.11272575247060221,2024
-0.18462442143535818,0.04380336613648667,2024
-0.1783884078555794,0.049627959256688635,2024
-0.038339621032633095,0.08106504253598296,2024
0.04296862639105867,0.0032923165892225145,2024
0.09047340075645653,-0.11572795364998184,2024
0.08733815076444885,-0.11416620192767918,2024
0.07536780237311007,-0.10452563668587195,2024
-0.03494817715079414,0.061761143962317994,2024
-0.0908710827756168,0.10907768730654867,2024
-0.08482043273918895,0.11611792912025484,2024
-0.07112269788908197,0.0812746316142138,2024
-0.0053534870964384584,0.026627600477301252,2024
0.11344103053437964,-0.010622704572894798,2024
0.12020215371274112,-0.005888842483644824,2024
-0.0032489526181985195,-0.17827107416240462,2024
-0.0008422466381015487,0.11364320551451965,2024
0.006547023086630702,0.11866406866992642,2024
-0.06602820769128755,0.15341291729527362,2024
-0.07278867090101108,0.020599196757419915,2024
-0.08178568436501522,0.13890258893970722,2024
-0.10355109976428546,0.10821657595796452,2024
-0.13365550932158404,0.14361021345870462,2024
-0.16014337698331665,0.05686649922115824,2024
-0.07868334773696035,0.1588741966036491,2024
-0.09284125900921104,0.15156049756942766,2024
-0.08393534685509742,0.024320173260598543,2024
-0.11357196704898122,0.005598680101632766,2024
-0.0816082787592144,-0.0862758889130627,2024
-0.05113505937217942,-0.09434747351843287,2024
-0.16925138663190498,-0.11900637870327271,2024
-0.16878990571389402,-0.0434963536019195,2024
-0.16881386551068572,-0.04438509086280645,2024
-0.09626786365219593,-0.07888649240050703,2024
-0.040799698055116365,-0.12145456019753686,2024
-0.08270771257761615,-0.05824333437484633,2024
-0.06748514657632938,-0.15657973818539372,2024
-0.09201136521093335,-0.06289076267610828,2024
-0.1224307589022147,0.10382226174542267,2024
-0.14736319377607898,0.043727886490769245,2024
-0.09221360374866334,0.06188354890891143,2024
-0.14343259380219459,0.08697782636339586,2024
-0.12909440687122054,0.05526765644489137,2024
-0.0737613723552022,0.041279484983758684,2024
-0.04103064933811061,-0.04018313557969275,2024
0.04561079858309168,-0.11321739285093133,2024
-0.13784018531297587,0.0344760960263376,2024
-0.1406827585570921,0.024108374160213372,2024
-0.08851367725698357,-0.05361830334638881,2024
-0.1901551505525293,-0.04867155906794279,2024
-0.10637274605829351,-0.08786418879006624,2024
-0.186596768963519,0.013686408115925225,2024
-0.0793102923737913,-0.025183102530820234,2024
-0.11568756465640669,0.10523765597536054,2024
-0.161295713364693,0.04155775106704522,2024
-0.1280486888917965,0.01420766604574587,2024
-0.16972253906205637,-0.07790861324458165,2024
-0.22536062456044387,-0.06454239767326816,2024
-0.11592681453848762,-0.0022241462685191754,2024
-0.027566604828181684,-0.04535361202857832,2024
-0.15452513253615235,0.04041619270911945,2024
-0.12635413762995368,0.10022866915289265,2024
-0.17642625014902846,-0.06794020005484755,2024
0.3466770516439022,0.1319407393534871,2024
0.39627144765255423,0.11691333950588756,2024
0.39627144765255423,0.11691333950588756,2024
0.38591277182075157,0.1120881204895416,2024
0.34405508518806377,0.01664464022859307,2024
0.35371814885675007,0.021919474575257447,2024
0.27597506612855816,0.11598996303796308,2024
0.19688977463678284,0.22817820370602548,2024
0.11683892758016276,0.19852716138653476,2024
0.16879288504730122,0.1546481335649701,2024
0.188180642668469,0.02770328126287605,2024
0.1269864900256818,0.068126625264606,2024
0.452869737875547,0.02468828500877908,2024
0.3289546905758038,0.03993361042983104,2024
0.2314425932935229,0.11098402001935948,2024
0.2527057747222046,0.08871169924954617,2024
0.2527057747222046,0.08871169924954617,2024
0.33243698724346676,0.07516701844519948,2024
0.47465251227480837,0.07503751412488892,2024
0.26391043809506426,0.03279263760789916,2024
0.21185243273302748,0.08083667236963421,2024
0.12078327879438372,0.10637390409469355,2024
0.13537170746483645,0.10935079801370541,2024
0.19618646738613923,0.10760742619754184,2024
0.35420277685955187,0.1463905330709817,2024
0.22107981078407596,0.08898465531139776,2024
0.18548279336481102,0.06863061811571845,2024
0.19529655024198667,0.04356365850769965,2024
0.2592807687387115,0.14056069796935408,2024
0.26494344969708317,0.1832038818863809,2024
0.25640009517880974,0.1880598293118048,2024
0.4098113863047683,0.051784416017967,2024
0.4705786643077383,0.016543655301770883,2024
0.4676964378002541,0.015172761856278319,2024
0.25752723374165504,0.0669181842113567,2024
0.38721959643905807,-0.07160368309357341,2024
0.3447334150552845,0.08078819825410316,2024
0.27266904583211465,0.05398507653529522,2024
0.3051724391460781,0.022415456732796834,2024
0.3102108104987412,0.026938873115733886,2024
0.3283509605937757,-0.005260860178984257,2024
0.28127073798579316,0.14182317321939764,2024
0.18364249722124973,0.20060664629276698,2024
0.3231164166540038,0.20080007179427017,2024
0.33134030578819995,0.19886840741504183,2024
0.3437686277546478,-0.046939497721260534,2024
0.34037137915441484,-0.05010291496089639,2024
0.13382439677521135,0.09874569590498684,2024
0.17731301326894672,0.1392364495200653,2024
0.16647759180593358,0.139945386928365,2024
0.15498023013333254,0.13603861705941273,2024
0.17936226621382892,0.1848163265991925,2024
0.07413933137106693,0.11951911510162491,2024
0.046610379511636095,0.19624328191318594,2024
0.06187205167195578,0.20698171715496605,2024
0.31727041171292275,0.10848847713490395,2024
0.3226893849436213,0.0064889818755127365,2024
0.3090629909826397,-0.0011909768313350458,2024
0.30858665293597476,-0.006508232188354619,2024
0.10466449391006277,0.1159897914449531,2024
0.34845087569066724,0.06230377126811905,2024
0.18685249972256346,0.26162122347043815,2024
0.2333776541735954,0.17729842382566818,2024
0.2785287343458502,0.11849213519589179,2024
0.3212496040536998,0.029956519617575915,2024
0.176641432036559,0.09430295773796563,2024
0.09345029475631876,0.19478504886796433,2024
0.33099866304537945,-0.0032122674283808286,2024
0.14055543246613655,0.17915008947191902,2024
0.281459343369583,0.20617001315146952,2024
0.20505900491306206,0.08932766513791647,2024
0.41319435270303373,-0.08551599329641267,2024
0.16611560199105319,0.10695193656217436,2024
0.2554549128527998,0.22789214858473353,2024
0.10462352883602519,0.04822058951512635,2024
0.1453967122442759,0.282829574066556,2024
0.031643906130132786,0.245096733367687,2024
0.12335518926651604,0.17932121688633942,2024
0.194452335940468,0.07433454804245695,2024
0.2578160026749804,0.1547664351111642,2024
0.22841124047110578,0.18180722831244978,2024
0.23721323344111878,0.05466418527436678,2024
0.1910668918827374,-0.03297211485363094,2024
0.28191190616160944,-0.002164674364968054,2024
0.29220167294884025,0.005270865097731399,2024
0.22386121440882478,0.19814148113014762,2024
0.2918797198032096,0.02694023828035821,2024
0.05760704930369209,0.2574726009960067,2024
0.19545937947100872,0.07697090429582115,2024
0.20252063680811197,0.0839926164125156,2024
0.05749687281613684,0.2559350842306824,2024
0.44429357372589556,0.09468623567266521,2024
0.2513264921124892,0.02379636389855717,2024
0.21665670283483673,0.18143514253269843,2024
0.12445054954619031,-0.07582562609968639,2024
0.12965248466675194,-0.08280010257918222,2024
0.03643601769472999,-0.03037748587786386,2024
0.181052067003174,0.0405248068112319,2024
0.25806888050198207,-0.018344492121863898,2024
0.2182890757386005,0.006325884999127861,2024
0.2190319673257602,0.056650886127750016,2024
0.2685721409905245,0.05714840845686217,2024
0.36599611478537775,-0.0974677360487965,2024
0.3687013498068001,-0.10526218503594903,2024
0.36835724851725443,0.007960193859633001,2024
0.21603085376995107,0.09335463482993131,2024
0.22463690423771981,-0.03832561536259921,2024
0.2449993495044211,0.09831587898708724,2024
0.33216509000997174,0.07019745723232852,2024
0.28854926298689165,-0.05989833870154959,2024
0.2964146862158469,-0.035859199712732104,2024
0.1471304551920029,-0.17095044763650646,2024
0.1643234607801064,-0.017454700090956093,2024
0.31766409310898913,0.08994899862679501,2024
0.31668851621147165,0.09417916055032333,2024
0.1840441321768338,0.10233416905663399,2024
-0.006333338912329303,0.31634011309212645,2024
0.23224676637230834,0.06463255529582797,2024
0.2215276350183339,0.18693038600179085,2024
0.24446872356314203,0.013971932125037573,2024
0.30395856614967165,0.023865159802936617,2024
0.2955773412264633,0.009433544106876513,2024
0.04945998745573458,0.21624796398120277,2024
0.33849300929725556,-0.026970694924739497,2024
0.24837814254841095,0.03625547145061407,2024
0.09993313344529292,0.21685821279312184,2024
-0.014046110789464841,0.1259828176024815,2024
0.09011117504401753,0.16908242236525872,2024
0.23658412751295532,0.14306072102977468,2024
0.06909805792975529,0.27472597816051847,2024
0.08003503656150698,0.2686521120024912,2024
0.5656577038628315,0.04550852505199155,2024
0.5636161019468737,0.04004955676513114,2024
0.5590947824647462,-0.02021380233360788,2024
0.5590947824647462,-0.02021380233360788,2024
0.15240409276925806,0.0967274539777143,2024
0.46667918033688105,0.04544919060803691,2024
0.5289568929002636,0.05063922830270081,2024
0.56820976530251,0.009863769391569622,2024
0.25560006514450506,0.019867010330085495,2024
0.2816010882045767,-0.06203014924497516,2024
0.2759924495956802,-0.06130627116007073,2024
0.19204210146252304,-0.12020714038159452,2024
0.23420253177456002,-0.1299728185070255,2024
0.27428730520131944,0.01926820976186422,2024
0.41498954669623617,0.1191320549182601,2024
0.3956661777158349,0.10708815440296425,2024
0.4317164098645518,0.02653488365104349,2024
0.35054195471304855,-0.11452824025810937,2024
0.3418504900144244,-0.04296844996428556,2024
0.4519880520693535,-0.02133040536489967,2024
0.4524844912255814,-0.014441489350837361,2024
0.35112957643068304,-0.021045552899975846,2024
0.32382563611959275,-0.007162011599998984,2024
0.25504899045217666,-0.03123582644738236,2024
0.2285093464903425,0.039497676822966094,2024
0.2628489678464423,0.024861050268783567,2024
0.5822316677252019,-0.03638062394537153,2024
0.5807088297548194,-0.03645656773951356,2024
0.29096623879221795,-0.04858920839922011,2024
0.29096623879221795,-0.04858920839922011,2024
0.4546087483975659,-0.04390324959499642,2024
0.20150910129201696,-0.010578399243685976,2024
0.10559261731917727,0.013133781775446308,2024
0.12486587654292354,0.008360708750882954,2024
0.20226749046148407,-0.00026600841124219815,2024
0.16641290259329342,-0.08521785252451,2024
0.16640262189910254,0.0026042395079585237,2024
0.16678715713319212,0.007527613941789427,2024
0.16880651210945255,-0.01953362763262071,2024
0.20277644513633858,-0.04301398175285438,2024
0.28216298373300064,-0.10159622975025365,2024
0.10890494960482626,-0.017980304837158477,2024
0.17593912675461718,-0.08233655075909838,2024
0.17670009122357344,0.006233288373834037,2024
0.17073162631116717,-0.16076107421437996,2024
0.2829017584039292,0.029573532501364998,2024
0.2083142765460511,0.0029116769571643428,2024
0.13403815052227488,-0.002515451356199905,2024
0.26113270741789024,-0.10242779457048595,2024
0.21916798948912808,-0.0645177219937952,2024
0.21594524446020322,-0.08319864982399561,2024
0.09777466038544447,-0.0449935979406724,2024
0.14606888066398338,0.0417182261887636,2024
0.13237561885341648,-0.20615293780218757,2024
0.15417659630954772,-0.031000271567813376,2024
0.18991951584559436,-0.1434590402354939,2024
0.18918585990273873,-0.14495347422884752,2024
0.10509338981238345,0.01742078265599612,2024
0.1922083736944568,-0.1270560228621295,2024
0.24036910749311674,-0.19091293660048497,2024
0.14073626031531017,0.0157117960539377,2024
0.017911352633201413,0.047841265608204855,2024
0.19450239184027368,-0.034083165695293294,2024
0.13353499914504213,-0.12422085885300807,2024
0.18219476091541892,-0.011507164771934683,2024
0.12743064288564732,0.0728427954164225,2024
0.033895438922577494,0.0516060363741232,2024
0.03159388073224842,0.057277327281138254,2024
0.09728649978899342,0.004609948071614557,2024
0.21464216785820683,-0.013856988448739976,2024
0.19753142091588477,0.015938126710687728,2024
0.22010274267868035,-0.02481749109475921,2024
0.20990841668194735,-0.03367029431899257,2024
0.22332756737068743,-0.021747099999189903,2024
0.2819864879151688,-0.06465440237747117,2024
0.2511716733230231,-0.0461099076552528,2024
0.15148096899187258,-0.10552848282556407,2024
0.15202903256262396,-0.1455094446136435,2024
0.01243322309194951,-0.03539034253252604,2024
0.008083464000524912,-0.04284087933270003,2024
0.07942236125520513,-0.12228665767568586,2024
0.16106824234375158,-0.09798325715019846,2024
0.14881415494183586,-0.03307355152580835,2024
0.2589891982456919,-0.16024618074628083,2024
0.28308737672597156,-0.1275566800719568,2024
0.20902683814476747,-0.09319712236250802,2024
0.11304264835854475,-0.05088623787496732,2024
0.11304264835854475,-0.05088623787496732,2024
0.1415722260929181,-0.07049740758374307,2024
0.06753322600646608,0.014043068526284598,2024
0.07492694339277425,-0.017733620769150096,2024
0.05802996238083442,0.0003786687747043341,2024
0.1433420644073286,-0.06261896463173107,2024
0.19564442419024147,-0.09322965534674824,2024
0.1313428650549308,-0.0513220595547762,2024
0.037665557711344944,-0.07547607351150572,2024
0.05429574606403919,-0.08177416887192294,2024
0.2614375999924918,-0.15380027947954816,2024
0.33674013378857115,-0.10739531715166958,2024
0.29153503818951343,0.016039993288966947,2024
0.2878164314553846,0.017615126309193204,2024
0.2894460701442699,-0.03669592460682433,2024
0.19357722369468178,-0.11479357470317703,2024
0.34174930100981876,0.09784578907199454,2024
0.4536873187168064,0.11142982925606876,2024
0.4004047340702715,0.05995663105482928,2024
0.18915285816296695,-0.016903393477641436,2024
0.30570681680031503,0.0787111726975965,2024
0.3024626997029711,0.07077817488634963,2024
0.3093649027335283,0.052337199567088585,2024
0.1815094089676711,0.016184863114804764,2024
0.3285113383325612,-0.08980927061611149,2024
0.07502128885053969,0.07686736946882998,2024
0.19874566996061577,-0.07849370631478192,2024
0.2868210590112602,-0.07239987268897723,2024
0.29874919649047904,-0.07614182208950986,2024
0.23319169058174577,0.034480212410419694,2024
0.22837257436767566,-0.09114789113359228,2024
0.2003283442645673,-0.08058371848763357,2024
0.24773894170087518,0.026391826375109256,2024
0.2451152130659316,0.027788067206159492,2024
0.3908188480815556,-0.041363439346772224,2024
0.2853769954046708,-0.07854015300879615,2024
0.22994473601522503,-0.01933423180586237,2024
0.21606046447007263,-0.021324859307336803,2024
0.16090667894527516,0.05348514474933713,2024
0.4223756656548696,-0.07706204497747132,2024
0.16681509365010005,-0.058544142669057914,2024
0.11124968080591383,0.015477218731323121,2024
0.31463162513406295,0.022000714439461472,2024
0.16972663177684794,0.013320531119914974,2024
0.18279105836525056,0.02065780312357425,2024
0.21463336816027614,0.013662557281094449,2024
0.3397419824478269,-0.04185176080198702,2024
0.2849188830937384,-0.05164456173058088,2024
0.29908980702155924,-0.0859515250438337,2024
0.37903347685720595,-0.07338629893192093,2024
0.24364808144327654,-0.12771728987972691,2024
0.1909512121301566,-0.05602890597558255,2024
0.24141576967171569,-0.058439155311054425,2024
0.1409278479027093,0.013474394914791354,2024
0.25821065497763696,0.021467633344370598,2024
0.24274814640194337,0.020101782823398636,2024
0.3148141886855673,-0.006980897806484615,2024
0.3297784337793606,0.00682280665079589,2024
0.3192702188498108,-0.006784403592994849,2024
0.22170559205667345,-0.04637704237408466,2024
0.018867888213145265,0.05807367473632234,2024
0.08654129353045903,0.06849351139740524,2024
0.0264335012250302,0.05901654733954033,2024
0.08041223691438251,0.1092526796335005,2024
0.19600204509440788,0.08817900423404258,2024
0.18401968949259706,-0.12774942683293566,2024
0.1822203718651756,-0.12072869764472802,2024
0.2648674319044299,-0.05924199412108784,2024
0.26901665585560797,-0.029714610320416668,2024
0.19395726631465482,0.021144655006889484,2024
0.29947099425654744,-0.052030164829822215,2024
0.27210285460512756,-0.06946788027225767,2024
0.052544724915039025,-0.04015578079751743,2024
0.11714715474600684,-0.02946394599070029,2024
0.10234482267647893,-0.04703152182092067,2024
0.11714715474600684,-0.02946394599070029,2024
0.1629489536082841,-0.06759567573708436,2024
0.17123315725593158,0.06683678098666854,2024
0.12533688436775045,0.03819131731616235,2024
0.13335710067453466,0.03953180671790901,2024
0.15975841104128177,0.09470170129073126,2024
0.33249255792062055,0.02391231989920336,2024
0.24528577385755396,0.09610238352928818,2024
0.1361449895933333,-0.012743316002587865,2024
0.23056699228227673,0.1491066577228456,2024
0.17285015187402142,-0.06555845013035816,2024
0.2116295405357594,-0.019394267798227068,2024
0.16056681015406205,0.021322946837662442,2024
0.15732565731627232,0.024240729043582116,2024
0.15212910999095322,0.013719767141749009,2024
0.22579215897657284,-0.05447268880261316,2024
0.26817019686204635,-0.06304271731979706,2024
0.0138015911474665,-0.029333390839852508,2024
0.24439948188290495,0.007439278233075566,2024
0.2656733747510723,-0.010457198561572394,2024
0.27095867547593855,-0.02661447451685177,2024
0.2647812057350503,-0.012057401240330966,2024
0.20970088713897417,0.03286537085411753,2024
0.30272489772420624,0.042313606638645314,2024
0.30242221217938636,0.04487215687736361,2024
0.20504406791651764,0.07567122854389348,2024
0.19547623789774726,0.07558099587216233,2024
0.27774077657687957,-0.044478953563977436,2024
0.2737619876799243,-0.054733578899083674,2024
0.19837592913501212,0.014475462851659942,2024
0.08533338760355441,0.08251325167244689,2024
0.09409023309425069,0.02901443213134155,2024
0.4016618237454292,0.010911208842728028,2024
0.17888649379082244,0.0960044620101635,2024
0.12544920572480361,0.04259943099060799,2024
0.1428568362327578,-0.08413575505116719,2024
0.03366038690533353,-0.028816295122836802,2024
0.33183591394458,-0.04565972635652879,2024
0.21733795085804264,0.20327814620508783,2024
0.14110956658801593,0.11808131189835436,2024
0.16783327134359255,0.16792973291730223,2024
0.14277540251526766,0.18302614508321607,2024
0.27145309974752196,0.05197883227141302,2024
0.18037545974346939,0.02555847528087581,2024
0.30490913466733705,0.0021433371864053585,2024
0.37894760373512487,-0.08839679644644144,2024
0.37791667946836954,-0.05805502351404215,2024
0.3524630042056,0.00531551943037336,2024
0.3278694684073051,0.014008582589644509,2024
0.4231213193212025,-0.06955874606643331,2024
0.15725560647499331,-0.003504712431427609,2024
0.17889453882734013,0.002930322165888913,2024
0.2708181780381186,0.017506303039804945,2024
0.3543909986440157,-0.0032749259006741166,2024
0.18881093052454506,0.08838206873236593,2024
0.309962596540604,0.02812050962440726,2024
0.2997690741184697,-0.00794672301444313,2024
0.29507114696201203,-0.04477735066057563,2024
0.25009876286088134,0.031234783467357197,2024
0.22370965599659165,-0.0139606998810506,2024
0.22653252499491355,-0.013151430541893966,2024
0.3419291360533764,-0.07252548271401722,2024
0.37670526203865673,-0.020675978489303963,2024
0.347800688615762,0.0261917199102281,2024
0.14261820631711522,0.16445796489610853,2024
0.3035946092286125,-0.04111284200951211,2024
0.2298174009276442,0.08248100634082732,2024
0.2298174009276442,0.08248100634082732,2024
0.2574567438827521,0.029265851399674057,2024
0.28659560396593436,-0.05300292060810087,2024
0.12121411009261147,-0.010570007327892192,2024
0.18508227451479756,-0.107204481663711,2024
0.25234069056555614,-0.10974494401473303,2024
0.16929527533649796,0.0007826685402163996,2024
0.248857701672283,0.05135770941653711,2024
0.07292814120750324,-0.1944441700373113,2024
0.06747958120346212,-0.21082745645133444,2024
0.14986280219684425,-0.061671063156640143,2024
0.1814090331446772,0.2150214247856096,2024
0.18277302003416385,0.2161572163718593,2024
0.2805908865905947,0.004862178167334155,2024
0.28806374815577296,0.10753699363252307,2024
0.24568116140643637,-0.028541866040009495,2024
0.23362867764500828,-0.026317966110808347,2024
0.21336020438464667,-0.06566609429929594,2024
0.21387961759213117,-0.06678713122736679,2024
0.24887702842187115,-0.04032799174206475,2024
0.25069404150587865,0.0062331112700494545,2024
0.24776093527102516,0.07103807993983041,2024
0.04157103911081498,0.12296293689120191,2024
0.13704891300174002,0.08273772417096492,2024
0.14106959544981992,0.08823480866966832,2024
0.3484528791386881,0.03321911282763284,2024
0.19462909555501282,0.03472418563218696,2024
0.20266249253518448,-0.025899215781718957,2024
0.14486484423754048,0.02443439081832157,2024
0.1446454800238712,0.018481000926318172,2024
0.27459067531373804,-0.014532870913789298,2024
0.4074563063933964,0.002586061345199356,2024
0.30992829328742083,-0.11679700447003938,2024
0.2676289445631624,-0.05631464708996067,2024
0.19057322527943332,0.20487072565864323,2024
0.17222877135134523,0.004424107937105806,2024
0.19595914126176894,0.03584728367101205,2024
0.2382100860519441,-0.05584732420034297,2024
0.237519600531235,-0.05488481312314404,2024
0.12075402579608231,0.063084698830353,2024
0.140570547279752,0.02603794209143805,2024
0.11370614713609545,0.03541958511701234,2024
0.29703308734599415,-0.02737828344909332,2024
0.05714808684420182,-0.19425382062601693,2025
0.055495560450241455,-0.19523733027544557,2025
0.003306764612453175,-0.22136382692177048,2025
0.0669060432581503,-0.21283433513707134,2025
-0.023364218287584212,0.30850467983388774,2025
0.0713502492511059,-0.2081087249416522,2025
-0.03258867613040846,0.31225403938028623,2025
0.07115157452650395,-0.20954418523683288,2025
-0.01830223413625552,0.30945491202641257,2025
0.0023408901087788175,-0.2201441560259622,2025
-0.100179535272466,0.2628228624891055,2025
-0.09073682607714846,0.2568615062570175,2025
0.033244390893023994,-0.20643368481246877,2025
0.03383196617464182,-0.20739220850625742,2025
-0.04369959693903554,-0.21299484145309777,2025
-0.07486924554636411,0.254753075964104,2025
-0.04150783032863929,-0.2129718208572451,2025
0.03867502410073917,-0.21119099807107167,2025
0.02192978087448494,-0.22230399517980837,2025
0.0654528905742778,-0.20272950143020688,2025
0.02706898102672603,-0.21103927614011314,2025
-0.04246561888532392,0.24251122509680204,2025
0.02713466846971789,-0.2107249883286209,2025
-0.05211542345478544,0.245178843327972,2025
0.03016621612955589,-0.19426490075646313,2025
0.02657338550539652,-0.2004608891976438,2025
-0.11444147490118516,-0.22552141770895956,2025
-0.009673362799334104,0.2549515455518916,2025
0.07083352870883643,-0.20158370360324107,2025
-0.11376110114944256,-0.2221615598525184,2025
-0.00976898722682347,0.01880646416660771,2025
-0.09408264353271419,-0.21889435866577606,2025
-0.009427485980093034,0.02430537497406908,2025
-0.10186439941677346,0.19604437307814443,2025
-0.08631516931155671,0.19057432006794747,2025
-0.09084101688392514,-0.2194145435650487,2025
-0.09311554485358446,-0.2159034693151562,2025
-0.014022500589695494,0.016696614394155852,2025
-0.11172105964475094,-0.14666027897638353,2025
-0.05539930874750677,0.015193803602466863,2025
-0.06439509231808473,-0.14879042094491232,2025
-0.056553758952701386,-0.14132852477164354,2025
-0.10795092323838822,-0.14220922067666097,2025
-0.06422850604610701,0.20275025645413616,2025
-0.056553758952701386,-0.14132852477164354,2025
-0.1055762268877349,-0.14096853453125732,2025
-0.05261112990175061,0.013167733199970298,2025
-0.08423109773733774,0.20189844285196035,2025
-0.08377054968252069,0.2099826798900234,2025
-0.1750702422214077,-0.1809779033222903,2025
-0.05584308492656016,0.06821831000301307,2025
-0.06183687512757842,0.06904239749761215,2025
-0.09994661670425377,0.19541197948020628,2025
0.018200953410186585,-0.23841215686450956,2025
0.01907239785848136,-0.23868135793769485,2025
0.016080913850019654,-0.2389471008694103,2025
-0.1750702422214077,-0.1809779033222903,2025
0.05551202762165741,-0.11051500426734864,2025
-0.09098932061324795,0.20291857386253326,2025
-0.24942997522011384,-0.13295746055555974,2025
0.03664737094802281,-0.12137468306231133,2025
-0.24641051753934445,-0.13713756138366312,2025
0.048570852259819566,-0.11496484283799283,2025
-0.24214375329315135,-0.13170950072272117,2025
-0.09874623137226972,0.20111165118583918,2025
0.031512169031067766,0.015785894977789053,2025
-0.0797434096165386,-0.08376040759264053,2025
-0.10671562235662703,0.190481698847637,2025
-0.09074112594612997,-0.0905969856228862,2025
0.03196687926112868,0.017795239256735793,2025
-0.08959429174266721,0.06981038081971755,2025
-0.13968061440594592,-0.03659744997124782,2025
-0.151614290868558,-0.03963414476067949,2025
-0.08915154501794077,0.08008660702355538,2025
0.03343088841892718,0.01858745968061723,2025
-0.1280443336577361,-0.03628487837841922,2025
-0.14112135107711016,0.10939839810581048,2025
-0.11345271748918413,0.18672637316064924,2025
-0.08609680394738896,-0.09409071112363307,2025
-0.03108508121570215,-0.11756078289694671,2025
-0.11220034903868033,-0.08336193446225577,2025
-0.058349054820631116,-0.16317840394224165,2025
-0.11224675962748011,0.052550004822611324,2025
-0.1594930533537408,-0.10048488145644513,2025
-0.05982103340954646,-0.15669232450396414,2025
-0.056276803536798856,-0.15190722477072746,2025
-0.0947327421778288,-0.06443483097439866,2025
-0.15832476755808506,-0.09751742096282359,2025
-0.11388596885786763,0.050422989191861584,2025
-0.157855411081206,-0.09635778396600825,2025
-0.020839002835568804,-0.1116222331678085,2025
-0.11181775116154259,-0.07158112510675471,2025
-0.07637715848534464,0.06293073083626134,2025
-0.08563224242475724,0.05677651015133497,2025
-0.0813254709228803,0.06945992870804013,2025
-0.012098750835980193,-0.025109938067206156,2025
-0.09454580119087426,-0.08121132262265668,2025
-0.06970145398748655,0.06280576083767811,2025
-0.07714951690945084,0.06284567125179245,2025
-0.09369689896796564,-0.0817396355019203,2025
-0.025755027297973618,-0.025939440508607914,2025
-0.06773587471204003,-0.0960447800608828,2025
0.0861518737270629,-0.3091711239752216,2025
0.037689118044418594,-0.08420900370841707,2025
-0.019034269258959693,-0.03608975017994333,2025
-0.12075367807655586,0.22082095587621225,2025
-0.09147600292604736,0.0719623993607226,2025
-0.010998529335062013,-0.032660910593088927,2025
0.043245382134614846,-0.08186063188170337,2025
0.04379018103813661,-0.08060754436369451,2025
-0.06672554959034653,-0.0912415781903623,2025
0.08676436480318878,-0.30788879118672435,2025
0.0830603794347449,-0.3128471753261078,2025
-0.09663373354137621,0.07319138148871289,2025
-0.10568512818869964,0.061871001004873166,2025
-0.0677720658392741,-0.09379930226268013,2025
-0.12259167302186981,0.22515553711642172,2025
0.023227273150780256,-0.1013138986819472,2025
0.019924479552075505,0.046522039046894656,2025
0.015403877259717272,0.0453424220586606,2025
-0.12097411242685714,-0.16818542308643414,2025
-0.12985063270513936,-0.16534481177245508,2025
-0.08755957837189098,-0.009293313149428703,2025
-0.10113327884221045,0.14234403040161198,2025
-0.0626566603900529,0.1579253551629904,2025
0.01811723427593878,0.041244190749530035,2025
-0.020735355961326515,0.22938134771259866,2025
-0.1176020651290715,-0.16230182276764388,2025
-0.09094508811842016,-0.02051188567565694,2025
0.02392589393025772,-0.09965133842381976,2025
-0.10394426738328134,0.14497274112555592,2025
-0.01374651626506973,0.23244513881934098,2025
-0.160880100345623,0.12661291970598224,2025
-0.06352702225936076,0.2480509371204343,2025
-0.02526146447941842,0.09806878585561801,2025
-0.15007015372418658,0.12723434731854202,2025
-0.016554578330844144,0.09744454740196551,2025
-0.004273554455367937,0.11188906767658278,2025
0.17256796721533002,-0.2224986280611495,2025
-0.10470087405124891,0.1064706870423851,2025
-0.08658004817019303,0.1121974639015791,2025
-0.07486565765826343,0.23186491279124116,2025
-0.15035004451155015,0.12834196041329649,2025
-0.06787250561933399,0.24173521377491036,2025
0.165385833930966,-0.2326428825618676,2025
-0.053426651791462845,-0.1423649531311173,2025
-0.08381051498589155,0.06933469655929408,2025
-0.09843013372911898,0.06673550269396412,2025
-0.007730700779639596,-0.2393779973055708,2025
-0.15211470637022434,0.12853296725722027,2025
-0.1552486822459362,0.13261612794090713,2025
-0.048376169184967746,-0.13226978856413718,2025
-0.005825931139165727,-0.24654015278561747,2025
-0.0543091450853896,-0.13671791313448947,2025
-0.07829804717326351,-0.19287089182099942,2025
-0.16877208523907078,0.12653648354271363,2025
-0.08270420208625258,0.05144812428043145,2025
-0.07703747842902343,-0.18840801474852176,2025
0.019080340719209457,-0.23303826244632486,2025
-0.047307759920268935,-0.02904021891867195,2025
-0.04605947923978966,-0.02676394300881657,2025
-0.08386968163279156,0.20768194894705344,2025
-0.11455671199001906,-0.12918364669639226,2025
-0.06704051334715995,-0.029458702958152005,2025
-0.005793129089332202,-0.005067734093740443,2025
0.015202262668730745,-0.2263433811910311,2025
-0.006262052746491623,-0.004115271641021261,2025
-0.00884120331855244,-0.005945116619034234,2025
-0.13158156486970468,-0.13423258020852957,2025
-0.08573054970193601,-0.12870391857098004,2025
-0.08593808148715414,-0.12926536263791877,2025
-0.07601208405420122,0.16595849539007834,2025
0.005716531090833574,-0.23485362849707714,2025
-0.012450463472764642,-0.12109925764032209,2025
-0.13158156486970468,-0.13423258020852957,2025
-0.07822494643701301,-0.1289439067518932,2025
-0.1389959716339912,-0.13909829865580883,2025
0.0039547691627827425,-0.23355536385983716,2025
-0.07601208405420122,0.16595849539007834,2025
-0.018249785826479514,-0.12770385203804224,2025
-0.0663675751223309,0.15530736522494687,2025
-0.02105106953342352,-0.1271727643614098,2025
0.0039547691627827425,-0.23355536385983716,2025
-0.09889763543848813,-0.008660147167882694,2025
-0.1080646188396134,-0.06659800853666543,2025
-0.10586998400122279,-0.062023249103451555,2025
-0.10371504087163737,0.07261152687851771,2025
-0.09772251979043743,0.06871931254239994,2025
-0.11248896821785782,-0.06948432841784005,2025
-0.14470118491682715,-0.00617795864742289,2025
-0.04200496845595898,0.05494700678854299,2025
-0.2044794898318622,0.03761308637996912,2025
-0.11650598409805558,0.16735381139513636,2025
-0.20513304958645912,0.05040017648086052,2025
0.024703047109566847,-0.27507765765519054,2025
-0.030412089343029927,-0.09118958481784967,2025
-0.03823732326414829,-0.0800016649098294,2025
0.023726044186877418,-0.27439081671076826,2025
-0.12723487176303955,-0.0004781545432587589,2025
0.023293850813968633,-0.2742464342591725,2025
-0.0302964670650646,-0.07346574648462748,2025
-0.11624377750871516,0.1671536355561123,2025
-0.055062238263129185,0.04525592337702022,2025
-0.12390943147074825,0.16021593545205368,2025
-0.12894258286866678,0.00017326467558302638,2025
-0.08445571106422521,0.018948328972433134,2025
-0.09531811386259532,0.06281782712112782,2025
-0.13724304432191936,-0.05532555011605335,2025
-0.05890785299142538,-0.009980093325422601,2025
-0.1447524914187091,-0.06196400356261625,2025
-0.10237176852551945,0.05638449625887405,2025
-0.08989665786883479,0.011644031566195503,2025
-0.13358767761448198,-0.054876066583167196,2025
-0.048249295305354364,-0.0016132246011262494,2025
-0.0768539667518507,-0.017753042161255977,2025
-0.09028373829779913,0.007749659408441398,2025
-0.09798448910891107,0.09111319120461055,2025
-0.10919359326930421,0.016300444847920148,2025
-0.12256822463492968,0.07034195985801787,2025
-0.128445963125981,-0.015588068091218252,2025
-0.10919359326930421,0.016300444847920148,2025
0.13374949321606552,-0.24358657799981853,2025
0.02868096298067964,0.018888986312224704,2025
-0.13157949228660565,-0.016998286434300444,2025
0.12092584953288879,-0.2417608940800584,2025
0.015341949663044308,0.007501958213620208,2025
-0.1324727117380386,-0.01912400915270368,2025
-0.10345794971257384,-0.011251958368485707,2025
-0.08968162657348723,-0.2566854981930353,2025
0.04222229947053141,-0.003711856855933171,2025
0.0795861897426222,0.011774807959875375,2025
-0.09216032309857604,-0.05172281880294263,2025
-0.16537538806049668,0.06093836550390843,2025
-0.15407004419784587,0.07596676288420391,2025
-0.09561428741860946,-0.010351549293978066,2025
-0.1600129837245985,0.07234972163865389,2025
-0.10697503250791653,-0.010727604988616031,2025
-0.09995595830273236,-0.057748767806954246,2025
-0.07461959356098129,-0.11186960545403352,2025
-0.029860238975098555,-0.08965397616180501,2025
-0.025088369929218965,-0.09736046614031044,2025
-0.10637676152744598,-0.026060266335630716,2025
-0.07461959356098129,-0.11186960545403352,2025
-0.07621510663690763,-0.1129492918811599,2025
-0.10766340688849264,-0.026376449969229165,2025
0.007212749620406772,-0.11125751297795139,2025
-0.07387799463466489,0.0865169122904406,2025
0.015096320175814845,-0.10749681370146352,2025
-0.09020830105850643,-0.09004957548876819,2025
0.016837564027699578,-0.10088433816701145,2025
-0.07883586597208354,0.08495414763380124,2025
-0.01865650684452988,-0.08634363191159086,2025
-0.09975116144878944,0.07944737133056004,2025
-0.09020830105850643,-0.09004957548876819,2025
-0.10626176829978924,-0.026961602988781017,2025
-0.09290501597609942,-0.09736401858277821,2025
-0.034262039206817876,-0.15479523514852728,2025
-0.037612579787167436,-0.08508179143738079,2025
-0.003388721303999462,-0.026588685698696504,2025
-0.12719265435513266,0.057827453843170507,2025
-0.10126207308269093,0.06306839127030893,2025
-0.10987403436016192,0.05814232616343931,2025
0.05091064075661295,-0.14767123789057512,2025
-0.06459924234828214,0.18866636711732584,2025
-0.07126709100290422,0.1894020390839709,2025
-0.022625694332168697,-0.0311690182560916,2025
0.07365469005868217,-0.14709316694058616,2025
-0.04766661220810804,0.20687235517245708,2025
0.06323049865394936,-0.14147086548948917,2025
-0.03535566575081946,-0.15461984418880254,2025
-0.012921899444199234,-0.029245074857886605,2025
-0.047022939160288615,-0.09239500577328427,2025
-0.040767533779922,-0.09002476993951825,2025
-0.11982563086735255,0.08849326865702178,2025
-0.14113231182501879,0.06816409793617742,2025
-0.19119848099316467,0.14257441847843166,2025
-0.04441676770206042,0.19478507808674608,2025
-0.1670480211522979,0.15128548366513675,2025
0.006165470498830886,-0.12826850788457356,2025
-0.012837507718762284,0.20619298303937583,2025
-0.1564856160424274,0.042831012541160854,2025
-0.0028781932091642565,0.2079472704745658,2025
-0.166466593470931,0.034868284491850456,2025
0.022195651622012078,-0.11301192311139438,2025
0.023878226824154428,-0.11149840728591215,2025
-0.15733083178503143,0.043579740198754095,2025
-0.03516528533076092,0.15576625859671606,2025
0.0038321612503155883,-0.11239552842408962,2025
-0.0017275465421029146,-0.14137579754206553,2025
0.0038321612503155883,-0.11239552842408962,2025
-0.004071066492215433,-0.1439579208057578,2025
-0.1971670660828418,0.10539949033959606,2025
0.0016301800262868427,0.1671272554062245,2025
-0.21693055546893425,0.08313799178701031,2025
-0.1195264033680944,-0.1011956584480832,2025
-0.08238109426964892,0.11065039453331076,2025
-0.12296953677953255,-0.10382433698976684,2025
-0.15649654283607306,0.05085766273138391,2025
-0.11606379088228404,-0.1128770161802958,2025
0.18138284141581545,-0.22751039274338325,2025
0.1787054068773427,-0.23269733109424257,2025
-0.0683549020909411,0.12343382061332164,2025
-0.12060675586246723,-0.10192684062260476,2025
0.17589102296767034,-0.23125555712466073,2025
-0.10609717596946895,-0.1076365429923132,2025
-0.07857967662931488,0.11004790572415894,2025
0.09896724876333385,-0.2614624173894846,2025
0.08853993277723242,-0.26207987733226124,2025
0.10512494167537398,-0.14233699789289345,2025
0.10884148313526246,-0.1427239961363872,2025
-0.048483503190578994,0.09267275500903634,2025
0.1081786619536118,-0.14273958985224666,2025
-0.07766059248797959,-0.06293907499362508,2025
0.050589266510222955,-0.18024890113384495,2025
-0.06669975820060824,0.006048661150578449,2025
0.09925999300878202,-0.2610015037448745,2025
-0.06598776354033302,0.0038196095213664377,2025
0.08044859872142382,-0.2274929929757572,2025
-0.06952457731634838,-0.056561137212458534,2025
0.0814780210066354,-0.22324494941507822,2025
0.08210054307479012,-0.22975092976953804,2025
0.04810582088572195,-0.18570016503773007,2025
-0.12411963958579521,-0.13351619791632044,2025
-0.05951790976975964,-0.05036987561142578,2025
-0.05282895513774995,0.08105016864019697,2025
0.009274054228722545,-0.1804992676923839,2025
-0.09189906058323892,-0.08699632338138999,2025
0.002986178966803657,-0.21004666540501993,2025
-0.10590870115938895,-0.06661182520226701,2025
0.004956501625157747,-0.1796905158030313,2025
-0.08365883495848135,-0.09281189165635989,2025
-0.08365883495848135,-0.09281189165635989,2025
-0.10392808175695907,-0.06004226851695538,2025
0.008008880681429395,-0.17772192145709534,2025
0.004412496745121355,-0.20646213745096126,2025
-0.10734734787416374,-0.06037757701546449,2025
0.004401060162480749,-0.21112139999381754,2025
-0.04189902972162558,-0.16820322444837382,2025
-0.11555289455466951,-0.1097711603998478,2025
-0.08608111614403487,-0.08475425831299199,2025
-0.02280344864732929,-0.16048794472470804,2025
-0.19875734662401384,0.10711077745830927,2025
-0.1255504778508031,-0.11394611567783841,2025
-0.08137065385246588,-0.06927075765920584,2025
0.009957444851758437,-0.07189982873146995,2025
-0.19875734662401384,0.10711077745830927,2025
-0.04434376801323138,-0.16631455155383357,2025
-0.11401666062043293,-0.10921982432034993,2025
-0.026295720176424092,-0.16226876872066268,2025
0.008117008692102232,-0.07080743995849183,2025
-0.04189409091380432,-0.1659142382653279,2025
-0.02425293136559213,-0.16374492608443966,2025
-0.2175762371297712,0.08522766926421993,2025
-0.07968299310384704,-0.043787134687112525,2025
-0.07361233163910695,-0.16962935086508563,2025
-0.05736709385713214,-0.13557102355589928,2025
-0.01581439878834079,-0.16564997709255225,2025
-0.08193887502599471,-0.17562488636537515,2025
-0.05951947223815328,-0.13486397149979246,2025
-0.18517294822218633,0.08972517711948924,2025
-0.09003042069168095,-0.04874796864779324,2025
-0.07374614418608523,-0.17125740722280114,2025
-0.07360369716398761,-0.1065013228233378,2025
-0.02146853641981089,-0.16863127276790219,2025
-0.011073938161290306,-0.16681833194724882,2025
-0.07819067401891529,-0.11261492684457497,2025
-0.012902321987514079,-0.16329884076084072,2025
-0.06665552036578203,0.0845423858038375,2025
-0.05134614578950443,0.04209379956566271,2025
-0.10199209518922599,-0.07044221487975079,2025
-0.05515182149430713,0.0837147558547171,2025
-0.048352496676059634,0.08615472520421434,2025
0.08820776092827488,-0.19608206436758038,2025
-0.038679990690358365,0.04903123414455965,2025
-0.04867798110683681,-0.24176303345634548,2025
-0.06709774127701508,0.028071998956102743,2025
-0.038354807645915936,-0.2624466259380552,2025
-0.10878114268307547,-0.07403024787715354,2025
-0.039557187606460556,-0.2654758225345286,2025
-0.03174177016562986,-0.23428679183858336,2025
-0.039264854586839995,-0.2591695947243233,2025
-0.17696435513686676,0.1408094171016276,2025
-0.16817436249749013,0.14340969412664445,2025
-0.07551121528056658,-0.14231223424119982,2025
-0.009162188549351802,-0.005099269279642105,2025
-0.02908228621714795,-0.01624716477997415,2025
-0.11778624101213282,-0.14833081883197222,2025
-0.16817436249749013,0.14340969412664445,2025
-0.06818064011267673,-0.2157014178693698,2025
-0.11471305750787182,-0.14244175823046074,2025
-0.11488121952518081,-0.14218464231740252,2025
-0.06552896915926239,-0.2162708101700117,2025
-0.07315079366560258,-0.22294371733131513,2025
-0.10532628599376524,0.1868306983481673,2025
0.07318403382386111,-0.23704300803021755,2025
-0.1003103436362696,0.17560944244753512,2025
-0.01911604702810868,-0.07829928496039529,2025
0.07294523921076568,-0.23176793103405846,2025
0.07130285240195885,-0.23763516124807882,2025
-0.003360991533124566,-0.05779205290730345,2025
-0.11051341764986562,0.2207784862016282,2025
0.11469227841139218,-0.1255895951445279,2025
0.1305632450402982,-0.12088626399081631,2025
-0.1009635687065782,0.23153833504170837,2025
-0.14069907976357127,-0.16187122622316452,2025
-0.14069907976357127,-0.16187122622316452,2025
-0.14073148229295673,-0.16818594855041274,2025
0.015291784076930784,0.30430920014085017,2025
0.0895568931609245,-0.18571358881898675,2025
0.01791294299129763,0.3049845742742582,2025
-0.1146475451628927,-0.00643178650718923,2025
0.09538144369710663,-0.19137603662490454,2025
-0.08844999741315566,-0.16700370996256053,2025
-0.08745494217243661,-0.1675642178419115,2025
0.1031901310053259,-0.1905203968315901,2025
0.014467390824033824,0.30222788189031247,2025
0.10415053456703556,-0.19095950820181373,2025
0.08478780546919726,-0.19305447870577916,2025
-0.08972575747055113,-0.16686810997210821,2025
0.10482300919872711,-0.18999753006991965,2025
-0.09224660621210458,0.027290765317884026,2025
-0.044316090845434516,-0.16404949430011034,2025
0.11353437584056145,-0.20949907269382417,2025
-0.014953440627017159,-0.06398023006148991,2025
-0.01736532652706048,0.30753489941874723,2025
-0.11013181162025389,0.015685853341213064,2025
-0.043040945123462085,-0.16308585971579811,2025
-0.11144032734271962,0.014920667306704619,2025
-0.04499916743483752,-0.16472018060760305,2025
0.11110570845959218,-0.21326982224889135,2025
-0.02642469971797394,0.30696445213981827,2025
0.03569931290839844,-0.223438294955701,2025
0.03377826133811976,-0.2265021995346848,2025
-0.12587916762601375,0.006454519386247984,2025
-0.13521322679273973,0.0025832967536415924,2025
-0.17956084680847423,-0.05845497222477565,2025
-0.17876359992667007,-0.06475981403986095,2025
-0.1276116381325405,0.0011399681906234665,2025
0.03630123282399829,-0.22365254962457337,2025
-0.08663146476055648,-0.13284187131731526,2025
-0.02730749324105161,-0.14053110626281098,2025
-0.14911914498182105,-0.15336360662464593,2025
-0.028247866111402148,-0.13875288702013944,2025
-0.15129412652669616,-0.14992877035631735,2025
-0.08228357075021221,-0.13546339276685926,2025
-0.0838207997151015,-0.12354252410091715,2025
-0.017122817457437836,-0.065709238270894,2025
-0.06830039938859579,-0.033946594862348495,2025
0.003015198119546189,-0.04374765435561455,2025
-0.030202520021859205,-0.14635670883167579,2025
-0.06315738194083127,-0.027537185234003683,2025
-0.19657683861379266,-0.07537629927693139,2025
-0.19035362426855112,-0.06796222740070314,2025
-0.1785057246536615,-0.06490787310849104,2025
-0.1243391306113122,-0.13500773391244447,2025
-0.1235343288941982,-0.1352072837620584,2025
-0.01616203963719108,-0.24207183635281593,2025
0.05996315993337199,-0.13360815615597327,2025
-0.016326451451248294,-0.24512811491639058,2025
-0.016326451451248294,-0.24512811491639058,2025
-0.0895636730952344,0.04606842352306653,2025
-0.12566593454076347,-0.13676598127091555,2025
0.07322976114065405,-0.12657058887874792,2025
-0.02768728281525619,0.04273132200837196,2025
-0.016015484170292707,-0.12905234252660042,2025
-0.025024941508574122,-0.1330406932829671,2025
-0.10641643547698411,-0.25210859532582425,2025
-0.039733136264121324,0.03529604912194474,2025
-0.02768728281525619,0.04273132200837196,2025
0.07487085335264708,-0.3092344296393353,2025
-0.06833343234986751,0.01972244542589027,2025
-0.016015484170292707,-0.12905234252660042,2025
-0.10236565260922077,-0.2513595132814246,2025
-0.06833343234986751,0.01972244542589027,2025
0.03874510296003428,0.08968962989071186,2025
-0.014628862352945013,-0.22084530404057506,2025
-0.109145650760359,-0.07434720052586992,2025
-0.021035558491639586,-0.21782711304441416,2025
-0.09454620769116846,-0.0718431358977149,2025
-0.03215319994617559,0.01561791207203675,2025
0.058178757095323844,0.1064126066018028,2025
-0.05414647923258105,0.0054869470508567275,2025
-0.0674306989127449,0.044620814599070704,2025
-0.05329811249331885,-0.0035503583075400177,2025
-0.07581441948273611,0.04208999473569408,2025
-0.06994396570497168,-0.17545404172182144,2025
-0.06400084405594937,-0.02163687398550518,2025
-0.0763798914659264,-0.17697214886154186,2025
-0.038214410514049765,0.05273608932559206,2025
-0.050713316874493056,-0.014539646441766758,2025
-0.07096598676518966,-0.17583774512009273,2025
-0.05127356176600424,0.04337815771938705,2025
-0.08157334868314615,0.05279538570815276,2025
0.06598477614855076,-0.2089736651255868,2025
-0.08286643201711798,0.05375499623869147,2025
-0.05870956335436629,-0.1733467951681798,2025
-0.11081903810980605,-0.19913359404202924,2025
0.06939476469184488,-0.20675725439566273,2025
-0.10665495078259808,-0.19672224485285647,2025
0.06695213398791668,-0.20817663980959594,2025
-0.06122193410057776,-0.17107710785870717,2025
0.0935214862536002,-0.18562795316823466,2025
0.01974960093860191,-0.19874608450541545,2025
0.09126605235579026,-0.1873175256502387,2025
0.02002720029152938,-0.19718987806117036,2025
0.018813438345682512,-0.23296448855146756,2025
0.02708080517882888,-0.22971902547878087,2025
0.019662091553617964,-0.23168108267465987,2025
-0.06959887758520063,-0.06612096894856603,2025
0.09005582110708829,-0.18863543342197914,2025
0.018420596424136182,-0.20957212299460182,2025
0.06284675130027015,-0.3265105539063229,2025
-0.08758442797335463,-0.20329218825966672,2025
-0.0845465021517643,-0.20306566061995746,2025
0.05850265625599861,-0.33008533814821733,2025
-0.08666588127537574,-0.1992887990876359,2025
-0.09406828624298137,-0.01661803857716107,2025
0.0914830980991331,-0.10430799677282565,2025
0.0757803170454047,-0.1402183346255509,2025
-0.09916558467177412,-0.027571816552737743,2025
0.08600828751216627,-0.10479223717037023,2025
0.08778036118610855,-0.10801056651076785,2025
-0.09406828624298137,-0.01661803857716107,2025
-0.11214474021636116,-0.023731529612654123,2025
-0.11399443728802273,-0.021930957388469695,2025
-0.11766021801469752,-0.024301631606945567,2025
-0.11444242392634997,-0.017398473094993122,2025
0.05708843487028173,-0.15045700123570843,2025
-0.1254616283430004,-0.031616888295704956,2025
0.05261488994488028,-0.16013048875938823,2025
-0.1624908775260343,0.23819202908846454,2025
0.05304530293301277,-0.15632624989324354,2025
-0.10403473792214103,0.298912771482384,2025
-0.11196727710505976,0.2978230304172884,2025
-0.11649867359310291,0.297999846408547,2025
0.01873434611835724,-0.2499982511247939,2025
-0.07071999638704453,-0.12385849107885344,2025
-0.05741582671270325,-0.11621638729026829,2025
0.018096700489623183,-0.25279233229583464,2025
0.014905521258494106,-0.2527092163748588,2025
0.012706224425308499,-0.10684663778012968,2025
0.019195592976800027,-0.09649654867928437,2025
-0.1816284689166307,0.2119779628741889,2025
-0.07870028364540736,-0.022510391182586638,2025
0.011289695903934624,-0.10847535085589843,2025
-0.18144617850662953,0.20802237244604138,2025
0.023870039736067966,-0.2684171757225542,2025
0.02431929413713213,-0.26900217310721664,2025
-0.17540167985734106,0.2127030127592495,2025
0.025112691869012244,-0.2704918673828093,2025
-0.09343260050078774,-0.020869576037625744,2025
-0.08602447679037613,-0.02581190157580357,2025
0.15159925439268895,-0.2635142762133029,2025
-0.06329342092305633,-0.007098094463764304,2025
-0.21228604192783046,0.19897529599482405,2025
-0.23457499987239877,0.18208181702203485,2025
-0.052861779718371485,0.0009329235707059916,2025
-0.23314723199751514,0.18820143992655014,2025
0.1577004826230638,-0.26511368171016325,2025
0.026202828643016082,-0.27280962972059486,2025
0.026202828643016082,-0.27280962972059486,2025
0.15129725254504348,-0.2622056256440338,2025
0.02512733292658033,-0.27315090786190016,2025
-0.17177909398274122,0.1522424002208568,2025
0.037941432407716275,-0.24530448724056075,2025
-0.18730465660171375,0.1449644419908158,2025
0.04038928269546979,-0.24405571599079345,2025
0.04030208659624476,-0.24314687106724214,2025
-0.03195596136893221,-0.15066548833138788,2025
-0.1150583170386532,0.12942482803054317,2025
-0.11780274456718455,0.12616214060206282,2025
-0.1170796402531293,0.12397382190066362,2025
-0.03416817384685335,-0.15472176512747815,2025
0.036623285040793194,-0.2071005948456171,2025
-0.1699397669717001,0.05692478438415026,2025
0.04186830800661989,-0.20508354964764647,2025
-0.07345945038062658,-0.07695178285150449,2025
-0.04039709444054264,0.11480733384716078,2025
-0.15446303536405082,0.07011905937339519,2025
-0.07940259466960388,-0.08489976537871874,2025
-0.038221015341443024,0.11867342775360257,2025
0.04636796091789229,-0.19654519194110398,2025
-0.03511852140759876,0.11877911439729891,2025
-0.08322322831166819,-0.0840035983816537,2025
-0.01925427215903565,-0.24297123725356917,2025
-0.16970924633466872,0.06752561402420006,2025
-0.16792941642942555,0.06832783922535246,2025
-0.026011528913924206,-0.2603919753197794,2025
-0.10983837576852852,0.0361828626470596,2025
0.03660637754937813,-0.16165808375137986,2025
0.028711956894238333,-0.16810889918367938,2025
-0.020817677159908454,-0.249873730851763,2025
-0.17035409283950176,0.06533675897607646,2025
0.03660637754937813,-0.16165808375137986,2025
-0.11829387961768233,0.02628260353637011,2025
-0.061926276939069616,0.08102625235607978,2025
-0.18458158736021768,0.09926539178636751,2025
-0.1835990449454208,0.101503998852098,2025
0.0846693234009929,-0.15746958252535687,2025
-0.05929794729010103,0.07925897011657995,2025
-0.06483510041585734,0.08010520301498808,2025
0.08535504023838572,-0.16256575879057966,2025
-0.18216872802575995,0.10283738169202176,2025
-0.12118878000858842,0.050657003769902266,2025
-0.20079437788331383,0.12434133774256134,2025
-0.1997954821998278,0.12238982600764156,2025
-0.19982364929164415,0.12246939287377498,2025
0.08845283431676294,-0.20972061931943053,2025
-0.11173454535567741,0.05182411235387669,2025
0.09808106276385133,-0.19847138605835923,2025
0.09624836837460951,-0.20231856072733384,2025
-0.12052612968676622,0.04583499126817645,2025
-0.23097241772192628,0.15725414743647093,2025
-0.2316172531024399,0.14900843130206962,2025
-0.22774556070221902,0.15616270185377842,2025
-0.12347141637276095,0.21807770457601233,2025
-0.12359055100976014,0.2158948040879838,2025
0.010958466136618425,-0.30002518296739583,2025
0.016827411748762178,-0.2985350546999693,2025
0.015647746227886714,-0.2983254256916674,2025
-0.017194902256544353,-0.21019932407016742,2025
-0.014720124219067918,-0.20995003794840397,2025
0.00475805915280407,-0.24417730910309893,2025
-0.10473098275854183,0.27576835349633644,2025
-0.09071475140289333,-0.26988710467239,2025
0.008918256336974753,-0.24266911766189425,2025
0.008918256336974753,-0.24266911766189425,2025
-0.10856157398150447,0.2797218880670912,2025
-0.09928119187725969,0.28297356185386735,2025
-0.08839849869067602,-0.26626564358525445,2025
-0.20962952818918734,0.2379541794313156,2025
-0.06074230401205562,-0.27506910387028616,2025
0.01649058187098644,-0.24010870480640062,2025
-0.0833383585831038,-0.1644219228579008,2025
-0.032925522526549914,-0.14905619025112798,2025
-0.14968762439101974,-0.18498091369538533,2025
0.014784068619409799,-0.24239239534441648,2025
0.016456833209153046,-0.23935782263395888,2025
-0.21092743101627504,0.23706753844381717,2025
-0.06643743590021468,-0.15773092836387065,2025
-0.06302037192647238,-0.2726871818458909,2025
-0.21616158601071206,0.23532360310435513,2025
-0.1509951586275065,-0.18702484234906494,2025
-0.16273200410957772,0.14217625877282491,2025
0.03595151840790124,-0.10630739177029444,2025
-0.16322080027044866,0.15729736614058026,2025
0.0383528377757056,-0.10567572030260683,2025
-0.16065463510050199,0.14673434739678273,2025
-0.09190980983254783,-0.22483666624140725,2025
-0.011415921493634629,-0.24743302706362846,2025
-0.0077471806134838395,-0.24054642645794955,2025
-0.005586537254999718,-0.24075152913996872,2025
-0.08140575741644097,-0.22103463145715307,2025
-0.1710899422288148,0.1289764434833816,2025
-0.025987133547801175,-0.14282878803186813,2025
-0.002428510851619742,-0.2987493152584422,2025
-0.006754384428645066,-0.3007388450890518,2025
-0.17012308422398398,0.13207139848395907,2025
-0.023844738455805883,-0.1405655584402149,2025
-0.0013792414011203763,-0.2970096331349999,2025
0.057245287360096056,-0.2491396780813953,2025
0.05911981632954637,-0.24936306867958624,2025
-0.0252771671402907,-0.14176926659924965,2025
0.058976932075375306,-0.24944514592197775,2025
-0.09036335845756029,-0.12012002975066394,2025
-0.08744434035128952,-0.11671406948952276,2025
0.018522133184063497,-0.25837909736906073,2025
-0.1332184285406769,0.03562570512796553,2025
-0.14434057529882333,0.03239431051255369,2025
0.024591153624754017,-0.3117422180241447,2025
0.02649153256686039,-0.31100148516533915,2025
0.018522133184063497,-0.25837909736906073,2025
-0.03845071288162906,-0.2021041485178891,2025
0.02649153256686039,-0.31100148516533915,2025
-0.1298278664073786,0.03923826164129359,2025
0.005323196809549416,-0.2592452711174371,2025
-0.09044980068419857,0.01887811619340354,2025
-0.08705257168289189,0.02393298595155438,2025
-0.010676622818494672,-0.2195784694359652,2025
-0.08661641881601019,0.02453307057019895,2025
-0.009705223395367127,-0.21784827603564327,2025
-0.028547091710537043,-0.24424040020795268,2025
-0.0697545361690426,0.0034590805810448613,2025
-0.0727446225738086,-0.006454391535575532,2025
-0.10998783209513903,-0.10048239173130791,2025
-0.11115035098518762,-0.09895244794960978,2025
-0.12762607725764052,-0.104128458701015,2025
-0.022751760551794606,-0.2385362109424744,2025
-0.021092960987984494,-0.2017537730692863,2025
-0.00862750782851178,-0.20119321159547804,2025
-0.11674819005644722,0.02355246905586492,2025
-0.015164437036405173,-0.19952260056565058,2025
-0.015598449787766769,-0.2081225223477743,2025
-0.019114517221509697,-0.2157268886217834,2025
-0.11916588033210475,0.020934529796639498,2025
-0.11989514266323355,0.02165349298318914,2025
0.054044479416200206,-0.22811276355309684,2025
0.05116714196763306,-0.22841812190788202,2025
0.046209296159402294,-0.2500997037474817,2025
0.0422854339790901,-0.22649825223923425,2025
0.04510544256066474,-0.24642790845267976,2025
-0.07952018747009772,0.1330132285365931,2025
-0.09459663874652753,0.007650443579038414,2025
-0.0779332444849891,0.13432427264727465,2025
0.047041234546976785,-0.2520188421410961,2025
-0.11301683385971807,-0.010948749878377587,2025
-0.1032410061208212,0.0004242285989766101,2025
-0.08210581018984912,0.13076750718540156,2025
-0.13481627613081543,0.17686955548631106,2025
-0.11920745293382044,-0.022672915439785328,2025
-0.1179385961125274,-0.020803278075079354,2025
-0.13414751891569893,0.17874764081069772,2025
0.02243528950487189,-0.012072616398249705,2025
-0.14843878829700846,0.172332068950056,2025
0.035907366414469954,-0.17437251809806528,2025
0.00528287511493418,-0.029952548039774568,2025
-0.11983068652174998,-0.021610289499550635,2025
0.07290346288465059,-0.2398410328625335,2025
0.08378899813319166,-0.23102956815688636,2025
0.09033992816313685,-0.2279614173978472,2025
0.01685569185226675,-0.13483217584323848,2025
-0.12788874194950567,0.18305073473478592,2025
0.0157701237944219,-0.13717844920146977,2025
-0.11140039475561848,-0.16418491886950834,2025
-0.12418574839675996,0.18791877305731594,2025
-0.11140039475561848,-0.16418491886950834,2025
-0.11277239276867825,-0.17321300069842138,2025
0.15440822875304513,-0.11174750345809384,2025
-0.11105164620989345,-0.07386770600369892,2025
-0.13064714001618288,0.16027951746286406,2025
0.00404368219454436,-0.19554541113907264,2025
0.007074364397083324,-0.19027259416080586,2025
0.16079906211663653,-0.10969119968204655,2025
-0.1310026712802017,0.16557470641439131,2025
-0.13624208076415867,0.15313145253904084,2025
-0.10466774907975078,-0.07262900344183323,2025
-0.10837183228189025,-0.0734248048746616,2025
-0.055177683039968076,-0.35564212338692663,2025
0.021098848355034144,-0.21426702918445573,2025
0.176281473219983,-0.11398595298961012,2025
-0.10615762634605398,0.16517878410107034,2025
-0.021018451208777586,-0.28128620925972336,2025
0.16492988621653365,-0.1167666903713454,2025
0.16496163394066232,-0.10443959906847186,2025
-0.051490013672675736,-0.3547940149675664,2025
-0.09748790170746098,0.15912818275293947,2025
-0.050536548520931715,-0.357597991229828,2025
-0.02672967339845346,-0.29021338754217246,2025
0.009142759980042034,-0.27473726370366663,2025
-0.23857448264771647,0.17111349174238938,2025
-0.005077788807584402,-0.31990480426192186,2025
-0.23890645961788864,0.16807950928176268,2025
-0.010403334561967084,-0.19738192530028428,2025
-0.003991765128393193,-0.1919749214527523,2025
-0.2281622118011381,0.179562402265648,2025
-0.016897469016761965,-0.19493742156496596,2025
-0.004510721816636337,-0.31792469085810754,2025
0.006120060168456579,-0.22951056193569985,2025
-0.15295915713366293,0.1273145042120094,2025
-0.15541305503601383,0.12952828340304973,2025
0.004215105427344226,-0.23094927689006506,2025
0.00409555187591,-0.23153333270550613,2025
-0.019882273481845916,-0.14917867405187607,2025
-0.06735767161838925,-0.15930873394881626,2025
0.015202122536188259,-0.24990330038788056,2025
-0.07560624238575171,-0.16838797272556089,2025
-0.06735767161838925,-0.15930873394881626,2025
-0.013468671829944392,-0.04866740444244495,2025
-0.019882273481845916,-0.14917867405187607,2025
-0.0033799585089190343,-0.03964094029841024,2025
-0.009370999418997425,-0.0444521873468301,2025
-0.18953549793980856,0.14458600504925603,2025
-0.029644361456093962,-0.15482632764796403,2025
-0.19336809780346437,0.1415880718675624,2025
-0.20769180908809132,0.1852642056197174,2025
-0.06855017289347894,-0.001198913108365278,2025
-0.06855017289347894,-0.001198913108365278,2025
-0.012553629852103565,-0.18983986944672043,2025
-0.0598545923717332,-0.201006592936611,2025
-0.014571177350373152,-0.25642412498196876,2025
-0.20915252983822757,0.18744943998666802,2025
-0.06735280358062844,-0.004854346101263909,2025
-0.07792653315698152,-0.20582273411812813,2025
-0.06618865518748672,-0.2046789243415924,2025
-0.20915252983822757,0.18744943998666802,2025
-0.010002743847835727,-0.188341643964964,2025
-0.10933682925178868,0.15015922492031747,2025
0.0339603936234993,-0.07325500379564191,2025
-0.07929601953445671,-0.10592679830918092,2025
0.058867260744785856,-0.23786940672476425,2025
-0.019737186490328837,-0.19444162817041294,2025
-0.07553046957372096,-0.10141371914776584,2025
0.05936980401179049,-0.24202168496558835,2025
-0.017110408951021408,-0.1910821965440996,2025
-0.06788461725068375,-0.13515150088923966,2025
-0.057921112762861396,-0.13328060841611622,2025
-0.1998035983903147,-0.15842585848599802,2025
-0.0019471342032403166,-0.23430670890049032,2025
0.005579890972151252,-0.22671780689579096,2025
-0.191198324165457,-0.1525319642237984,2025
-0.12727814803698206,0.0413371836584707,2025
-0.05868881989229589,-0.13623103634475398,2025
0.012469618918996242,-0.22207208892066999,2025
-0.06903751715020544,-0.02662974210865718,2025
-0.05136175328077934,-0.01418707897165232,2025
-0.12253959339125743,0.03794267155589307,2025
0.06813675651403989,-0.23336455680285972,2025
-0.1201075561663764,-0.07364384381052048,2025
-0.11574364553354462,-0.06904506274357036,2025
0.07204690950857587,-0.23509676104554939,2025
-0.07290114006295952,-0.09677458757513419,2025
-0.06615801961172325,-0.17850472605268206,2025
-0.06169389528603324,-0.1709650890598694,2025
0.037068444202615215,-0.22911750578280715,2025
0.10248780929394266,-0.12681647431638093,2025
0.03316421618355929,-0.233573232404856,2025
0.03463351313085319,-0.23090414055445457,2025
-0.11251564406970994,-0.0665746529310854,2025
-0.13519422992977848,0.02793565400211251,2025
-0.13774049632463398,0.025334409396200925,2025
-0.0798553324189092,-0.10491299034746918,2025
-0.12107521783972515,0.008530935978243136,2025
-0.18224248006028804,-0.09533884863045153,2025
-0.11408991043544765,-0.12088272952736875,2025
-0.17923505439240223,-0.09506361166553937,2025
-0.12647346714762808,-0.13179441152964566,2025
0.09604382469904427,-0.25130273277038406,2025
-0.18092943811555756,-0.0950436008294297,2025
-0.11831676700344819,-0.12095507854496881,2025
-0.12177629375379347,0.007041407719304178,2025
0.09625718163096275,-0.25112916728341567,2025
-0.122237867385399,0.005719798520748859,2025
-0.09376482621779357,-0.010488364079193277,2025
-0.14115195810095005,0.026837995701941314,2025
-0.04663112686279457,-0.1455101949739409,2025
-0.09421638647728582,-0.011731102320747512,2025
0.01132557207182193,-0.23064218004323933,2025
-0.14455943151039152,0.03161078214440213,2025
-0.04205362763083438,-0.1449933454452054,2025
-0.0008091163393227491,-0.23747961312059224,2025
-0.04165774219206868,-0.1519137702996807,2025
-0.21503597335835173,-0.15236631464846004,2025
-0.0773511765702256,-0.0015948560933277123,2025
0.07540565507231764,-0.18448819396324004,2025
0.07125145847106068,-0.17776371232801652,2025
-0.06701988353300355,-0.23580573245809322,2025
-0.1749510006272474,-0.013114622417253516,2025
-0.18026984098206117,-0.0192970028582602,2025
-0.217388789528991,-0.14646988370537845,2025
-0.0636499037924483,-0.2328968877192144,2025
0.07203513088634808,-0.17724829350989002,2025
-0.07256501039536052,-0.23675174467979598,2025
-0.17972582450159708,-0.018299737298346705,2025
-0.08044426553429092,0.0028817701117767117,2025
-0.20545325513460838,-0.13738652495304238,2025
-0.05589701210815755,0.02350408084243177,2025
-0.05297176091840734,0.021799340103137128,2025
-0.08515069299276846,-0.21963580495163665,2025
-0.09114140568909747,-0.22447006936607478,2025
-0.08574208617798869,-0.220539353547063,2025
-0.1330024906520037,-0.11858921325703253,2025
-0.1313638348462592,-0.11504851577032651,2025
-0.12983521397644504,-0.11530326183055789,2025
-0.030380473634134944,0.07951468485436616,2025
-0.06107610956984978,-0.11978200301901568,2025
-0.01154877001303202,-0.21086879918241735,2025
-0.015473173496683645,-0.21843208754092064,2025
-0.1059537019161882,-0.007874487495281912,2025
-0.03023727478057449,0.0824125909511198,2025
-0.10467679997664149,-0.0012746849679169392,2025
-0.015098836147472802,-0.21924520241271994,2025
-0.06572736367166611,-0.12082659768222004,2025
-0.025445550659634317,-0.061048387827087824,2025
-0.040535296640012,-0.2300361533406819,2025
-0.023912460196570284,-0.06228847927325856,2025
-0.11381711840455284,0.049803504247261876,2025
-0.10592785243449694,-0.14319891110553784,2025
-0.031562935923067095,-0.07029454107758538,2025
-0.028701279122570117,0.14327635002779243,2025
-0.029569095841863513,0.14687285275309703,2025
-0.11159586879823859,-0.14593740817437845,2025
-0.0501570847270776,-0.22926597733143972,2025
-0.04383975666034513,-0.23142438171069357,2025
-0.020896275668784395,-0.2007391082532462,2025
-0.12166644788768295,0.07919601800135931,2025
-0.02032804269517642,-0.20059565450683908,2025
-0.04090424821314949,0.13974983701900062,2025
-0.0175928411554038,-0.20753252754551227,2025
-0.03978780677346273,0.13433093453982775,2025
-0.12244548677512286,0.052892855168319375,2025
-0.12293388945098051,0.05542616406970672,2025
-0.05368816072267592,0.1885708537266081,2025
0.008453331364699085,-0.04614170257306474,2025
-0.0858125480634724,-0.18351914545739073,2025
0.009004775697214501,-0.2122526510474625,2025
-0.054099366060063395,0.1977051327962721,2025
0.0051292952054932395,-0.21746188619532392,2025
-0.11400084878072099,0.05528423466980596,2025
0.018221615256475504,-0.043283344501011414,2025
-0.08997057888615652,-0.1867291413571205,2025
-0.0465281150211463,0.19241910020895725,2025
-0.09875056593524485,-0.1923283698658047,2025
-0.002907786189822889,-0.2208978371266186,2025
-0.08971559105615863,-0.1752572488764011,2025
-0.08241620565189907,-0.0017371295427804079,2025
-0.05053174060890282,-0.21297667339166293,2025
-0.09401179532409397,-0.18046442777603422,2025
0.019300938074938906,-0.11811279450239587,2025
-0.0916008382187345,0.1843510146732475,2025
-0.09408478006085637,-0.0029852113128465835,2025
-0.08971559105615863,-0.1752572488764011,2025
-0.059981237403703216,-0.22135364161626403,2025
-0.0909148165847113,0.18392929395167273,2025
0.023665771131921157,-0.12042374305675652,2025
-0.0766448235869721,-0.1686063215110122,2025
-0.10082483472416638,0.18758979935587344,2025
-0.11066421466381678,-0.1291364768259118,2025
-0.111759868637212,-0.12899364132530805,2025
-0.04949050329965497,-0.1385033371987744,2025
0.09478996577325562,-0.05117032863762985,2025
-0.1146944914147426,-0.1334819491667722,2025
0.09356440205631156,-0.05182146152457051,2025
-0.10049960537734455,0.1889482412758054,2025
-0.106917849108647,0.18520859366804632,2025
-0.07860513354658684,-0.17366538108888555,2025
0.09438503562779076,-0.058182989860069145,2025
-0.17724537853589123,-0.15919618781507416,2025
0.07210173778334789,-0.22250221846907065,2025
-0.043274612144315036,-0.15542520484462533,2025
-0.1759084274564413,-0.16342484481086533,2025
-0.04412890822170433,-0.15632722913689062,2025
-0.044596630507765925,-0.1578747621907624,2025
-0.12939394789787328,0.18237881794312888,2025
0.07085731898522639,-0.22059070778291034,2025
-0.18100622273344624,-0.16521567591129888,2025
-0.14055080988913493,0.18136030091530983,2025
-0.16370538593373762,0.006322610197543266,2025
-0.15805754899181218,0.009867554872442674,2025
-0.15836441327767903,0.007694231736988494,2025
-0.11639925544693379,-0.1588825084533289,2025
-0.11624006611299516,-0.1586494807201187,2025
-0.13666677333182803,0.17951430623384385,2025
-0.12209911346339132,-0.1674683060407976,2025
-0.08922842183723696,-0.20175125367825658,2025
-0.07326085394751132,0.22108629650478628,2025
-0.08517759643903246,-0.19380018669924304,2025
-0.08182034023828026,0.21715839626961816,2025
-0.1718153473890453,0.01165206341831428,2025
-0.07222592752713052,0.03507479024080176,2025
-0.18946034142962703,-0.0013235812064750219,2025
-0.09022296758672617,-0.20005699359365223,2025
-0.07326085394751132,0.22108629650478628,2025
-0.06440380679530759,0.041801747589483323,2025
-0.1718153473890453,0.01165206341831428,2025
-0.16519155106358246,-0.06110445104573116,2025
-0.09406700268260738,0.2780866808584957,2025
-0.11031435885830702,-0.24831547374492297,2025
-0.10411111034888902,-0.24198737838133855,2025
-0.07811461918095629,0.29204739477383823,2025
-0.0962220438202931,0.27704597277981313,2025
-0.1458610776052644,-0.04446119977448228,2025
-0.21416185867321386,-0.08048049653101366,2025
-0.0376370618975375,-0.16566181267238747,2025
-0.22332521009631567,-0.08446074274422283,2025
-0.21367949356907845,-0.08002860259613848,2025
-0.05015896420126294,-0.13972293918898754,2025
-0.048094756676435715,-0.13691493926598214,2025
-0.03512117895897961,-0.16890330841481765,2025
-0.11210521475611397,0.23009949174159766,2025
-0.03513774428553719,-0.16903664250207182,2025
-0.0946419603204008,0.23443202724158485,2025
-0.0760753260423593,0.2908456886843376,2025
-0.065520383895687,-0.1797904372290558,2025
0.023618462635708076,-0.1580227700567714,2025
0.03493221755698419,-0.15357479891914866,2025
0.03493221755698419,-0.15357479891914866,2025
-0.06331076037882956,-0.17260500983749016,2025
-0.08266735497312329,-0.1827264230529796,2025
-0.057887827884243084,0.29109336051096873,2025
-0.11326714123309324,-0.20055988541696684,2025
-0.08280273930318048,-0.2367719166999957,2025
-0.023548088450416643,-0.1432132832120908,2025
-0.1283128239669204,0.2654855749872718,2025
-0.0945468227541967,-0.24082089064304874,2025
0.06093929732423003,-0.24621365697105824,2025
-0.023545388561958952,-0.14725523722023987,2025
-0.023548088450416643,-0.1432132832120908,2025
-0.19643619693589015,-0.1468769928401379,2025
0.05131561423734954,-0.24947421453885277,2025
-0.08251908706678664,-0.23468503907006677,2025
0.0576716628961243,-0.24654069876016904,2025
-0.13247568695153122,0.27186992061022786,2025
-0.1949242540582426,-0.14822130150056176,2025
-0.09574735671067054,0.29393689093763686,2025
-0.11878170291670807,-0.16638163317536672,2025
-0.060051905047449186,-0.20602984683995784,2025
0.0077419452949893525,-0.3067175452834895,2025
0.015542330726387388,-0.29993806869180906,2025
-0.2010630113215996,-0.16989507986249222,2025
0.013453585915283131,-0.2992471258914726,2025
-0.20559342800100633,-0.17053104299111754,2025
-0.1248056433316513,-0.17201070796814416,2025
-0.06274963992626366,-0.21083287275122994,2025
-0.1158189581189515,0.2782698536611788,2025
-0.19190352214009831,-0.1621681700846496,2025
-0.12705968633596593,-0.1713858013615733,2025
0.15917628794757227,-0.20144881967256245,2025
-0.10714550619654169,-0.16671506019108934,2025
-0.07425322836097832,0.3082667804937651,2025
-0.05550858466853199,-0.18514910998609085,2025
-0.10055158640078389,-0.15816649356571394,2025
-0.06088671958796045,0.31774714368480095,2025
-0.059614385073379975,-0.19544488911560737,2025
-0.10910108269539183,-0.17024290769187933,2025
0.15541594589576044,-0.20067301899903056,2025
-0.06037833600099286,0.31770626314956085,2025
0.15702522383709147,-0.19857271662528814,2025
-0.12044112672560715,-0.15108412206730876,2025
-0.007675543270351207,-0.1547369452404731,2025
-0.10386031131888986,-0.17889671090668083,2025
-0.08904791822624829,0.29983284695068435,2025
-0.10386031131888986,-0.17889671090668083,2025
-0.052483812586738385,-0.22068075894143918,2025
-0.04455965115235545,-0.21086790848865103,2025
-0.10435377193003532,-0.17949950839503423,2025
-0.07458524729425171,0.305602007683907,2025
-0.0015914942597031884,-0.14980563926627632,2025
-0.05099319564918338,-0.21615089375443458,2025
-0.01339867159841883,-0.17680064172105708,2025
-0.09150833510269414,0.3020479763557075,2025
0.020713261394549917,-0.1632650524206471,2025
-0.09090060130640464,0.29332977554631756,2025
-0.01339867159841883,-0.17680064172105708,2025
-0.13141459572862513,-0.17000055917502105,2025
0.019552307526474563,-0.16604876261845383,2025
-0.13058588027681184,-0.1577385119416051,2025
-0.13058588027681184,-0.1577385119416051,2025
0.02490942335202584,-0.16156348137141205,2025
-0.07206793069410271,0.2782409992278913,2025
-0.20048004955356807,-0.18389932886520483,2025
-0.20048004955356807,-0.18389932886520483,2025
-0.20084424500147185,-0.1888623962848352,2025
-0.07603253391780097,-0.0972705710482818,2025
-0.07711536221198957,-0.09818014685482762,2025
-0.09627164087776037,0.2574648579759886,2025
-0.1161206446138598,-0.1441654536047196,2025
-0.12241581488702101,-0.14833331400687522,2025
-0.11936737568325757,-0.14610762994012233,2025
-0.03759911350837809,-0.11417933279181214,2025
-0.10724520171854825,0.27272481844953317,2025
-0.03200001459057415,-0.10521496782859269,2025
-0.12711572154349338,0.2667767405799088,2025
-0.03635980278997365,-0.11256641379157867,2025
-0.06336798022638769,-0.19546053229506477,2025
0.08565243053725816,-0.17525343042545477,2025
-0.12331786437959867,0.1993139775180412,2025
-0.06254078673165105,-0.1969041635604348,2025
-0.06566212540709,-0.20010741401340076,2025
0.0988642321370681,-0.17320945190893047,2025
-0.11822163790450609,0.2043523583158321,2025
-0.07289813243921513,-0.1659300487536823,2025
-0.036397304186510424,0.19069059320841814,2025
0.015408752295446276,-0.207420777731273,2025
-0.042239260189978825,0.18153101285428375,2025
-0.08336847117900968,-0.17141143423441313,2025
-0.05118086824192132,0.18687865241758062,2025
-0.08085373253760343,-0.1731414493215841,2025
0.01766011662492048,-0.20208421061916643,2025
-0.03367956590363354,-0.1925979616303669,2025
-0.038444810992835074,-0.19675142405592913,2025
0.020801223975673022,-0.20625228175928895,2025
0.0011220179699832772,-0.2094830699024936,2025
-0.1514523139101711,0.1322828523883166,2025
-0.10322722309755351,-0.11557338649343249,2025
-0.15701536541254263,-0.11449533302851639,2025
-0.10055653401201668,-0.11036601278931646,2025
-0.0014488862983261797,-0.19871393130729648,2025
-0.14410164657785768,0.12747914456961187,2025
-0.11088260405354274,-0.09514636621327088,2025
0.11717994853992171,-0.22757884216461588,2025
-0.17751566434684296,0.13018728546911543,2025
-0.06190498258436712,-0.1460762539168656,2025
0.12388226808735599,-0.22319177711473792,2025
-0.18424874982932932,0.13096440918338625,2025
-0.10375306667847613,-0.09369165272336649,2025
-0.103997617652468,-0.09771741364617337,2025
-0.18043696672803394,0.14068327474330417,2025
-0.06099711674199955,-0.14412126450163465,2025
-0.06607271110235509,-0.1443979348148793,2025
-0.06253749047142175,-0.14199237677141632,2025
-0.06204881985644024,-0.1516120534658275,2025
-0.05773239627721684,-0.14253689220698826,2025
-0.09319437585094577,-0.1345218832624976,2025
-0.0869050083986992,-0.1275211864124161,2025
-0.10298255204125074,-0.1333373925111505,2025
-0.22234644761055827,0.14175105711777403,2025
-0.04628516538382775,-0.2061065932583081,2025
-0.21408124586620564,0.14126993329473175,2025
-0.04927510959016469,-0.20643296237738717,2025
-0.19369111192543526,0.13428084792097114,2025
-0.04506766046604606,-0.18247956184583136,2025
-0.03603490262415211,-0.14559959939242798,2025
0.010000565048795124,-0.09831687369668471,2025
-0.2039273463011511,0.123805020245174,2025
-0.03935890102185731,-0.1789423004049283,2025
0.013483338393800712,-0.09166250046395524,2025
-0.19974432724383012,0.1303346691027807,2025
-0.04456846974605978,-0.15070875620001398,2025
-0.03507853814909158,-0.17786768829528385,2025
0.018951924498530448,-0.20949866056292377,2025
-0.11921937570148029,-0.1350621287717785,2025
-0.2448987971357346,0.028013488393018454,2025
-0.059206780281285135,-0.12039900586483149,2025
0.018951924498530448,-0.20949866056292377,2025
-0.24677414249262702,0.029131680025164912,2025
-0.05617173198646659,-0.11794315973214337,2025
-0.108432656547486,-0.13531924329503128,2025
-0.061577778170917766,-0.12338758861222154,2025
0.0163819399114095,-0.2106808382214127,2025
-0.22932079057207527,0.05980855724237207,2025
0.03308610022236844,-0.22722990344602106,2025
-0.003936847166885082,-0.2228510289343426,2025
-0.2357754153370532,0.05272518297205698,2025
-0.0022709109403524635,-0.22186706935863237,2025
0.03972710051033475,-0.22517635536693364,2025
-0.17061500900256593,0.041540542357104554,2025
0.01235278740850096,-0.2556564940165474,2025
-0.18449676142148846,0.02597383156541242,2025
0.10753778528927689,-0.2727576598237662,2025
-0.17061500900256593,0.041540542357104554,2025
0.10691309861862722,-0.27277176463925096,2025
0.011152882261493982,-0.25921368240443304,2025
0.009641754382189227,-0.2586527173263536,2025
-0.02104824651686797,-0.29292645513054916,2025
0.08654182267411056,-0.22766227353867513,2025
0.09895644841631204,-0.21805211600528984,2025
-0.09352826335682844,-0.2574725990702072,2025
-0.09234287156082273,-0.2566855684335627,2025
-0.11762456704977999,0.021982881502112205,2025
-0.02104824651686797,-0.29292645513054916,2025
-0.0045617033808358215,-0.20594530248013088,2025
-0.11493720942858855,0.02493607206967265,2025
-0.10639666772477192,0.02751645619966789,2025
0.09577326515710056,-0.22028335741863558,2025
-0.20563909755945936,-0.07176890543456872,2025
-0.1232008187360301,0.01559849599236594,2025
-0.13930267179625144,0.012586486772376611,2025
-0.08200053634162575,-0.11507714106605732,2025
0.07850593314048723,-0.2858819263109609,2025
-0.12253797887496738,0.013786328996397548,2025
0.07081718710619261,-0.2946434564070337,2025
-0.09960395010979751,-0.12008776340378546,2025
-0.21293421143310548,-0.07754107494998168,2025
-0.19589530857889054,-0.06858954786317949,2025
-0.1361498231861164,-0.03651613438442114,2025
-0.12045700669294819,-0.03254851503987087,2025
-0.1798658976684216,-0.023508237212095558,2025
-0.18907125815787856,-0.03624679981441979,2025
-0.15552011868413385,0.01714529884695205,2025
-0.15206841548685107,0.019667398884086702,2025
-0.19456622030276866,-0.033805483281423604,2025
-0.13183432452146976,-0.039010393810235036,2025
-0.15980237251275559,0.016291447186338293,2025
0.09426038926457254,-0.1753974048867013,2025
-0.10408097157872083,0.09335750214182367,2025
-0.07815003123297372,-0.01956478618490777,2025
0.08799660876941606,-0.17272461283651458,2025
0.09143451824686065,-0.1713284995250988,2025
-0.15270693816994912,-0.011575608548348548,2025
-0.14795858423263503,-0.013208195953788152,2025
-0.07815003123297372,-0.01956478618490777,2025
-0.08562152050820677,-0.04349082130929385,2025
-0.12084955874445825,0.03525505026618514,2025
-0.11114637267313905,0.03605594293040243,2025
-0.16176711329219406,-0.056839718692411154,2025
-0.16206253623341332,-0.04819790926759562,2025
0.10070959062600074,-0.2529513899207866,2025
0.13552202308099995,-0.24195376514036349,2025
-0.06928331328757852,0.03370884781025782,2025
0.1291322669703084,-0.24369685627039417,2025
-0.06513633725408842,0.03367629054700373,2025
0.0961798713374177,-0.2582566258993003,2025
-0.1065069241766249,-0.03355720004703054,2025
-0.08959144390700145,-0.02794367437001638,2025
0.09924227101462217,-0.25338086660939535,2025
-0.08959144390700145,-0.02794367437001638,2025
-0.03161461081304966,-0.00337149844424995,2025
-0.03272351590264706,-0.003088589980595989,2025
-0.16769264122023453,-0.06714109330158244,2025
-0.16733583859967455,-0.06021217660978355,2025
-0.1696284212464877,-0.060375698088384305,2025
0.15961101121359678,-0.27615889123195025,2025
-0.017275451459543748,-0.05705562132268992,2025
-0.01500635653146297,-0.0537903255861209,2025
-0.07101624301348787,-0.057675680600906276,2025
-0.06357227345917878,-0.051727591319099236,2025
-0.12948434542628806,-0.11105780551338765,2025
-0.1317824776154941,-0.11722249567153206,2025
-0.06258448664864465,-0.05187567363966496,2025
-0.013810911971449208,-0.05831949403985369,2025
-0.1274588044034255,-0.024715278771311716,2025
-0.11819893749213549,-0.026017976674205787,2025
0.03738988878188805,-0.30629604160570323,2025
-0.13416436140866594,-0.13792387779025092,2025
-0.12563489581352572,-0.1391941936188692,2025
-0.044179659546771485,-0.09115513321244123,2025
-0.036890555875789585,-0.0774709467017657,2025
0.03738988878188805,-0.30629604160570323,2025
0.03738988878188805,-0.30629604160570323,2025
-0.1256275985744122,-0.07257044120453848,2025
-0.12111799183436693,-0.07777477559565231,2025
-0.03679912960752897,-0.15804415887947398,2025
-0.050968724061035045,-0.16575580596969597,2025
-0.040784506063191825,-0.15727107076349714,2025
0.029071128713750713,-0.10090637591876653,2025
-0.1539343821999209,-0.05505331430162208,2025
0.029124958216796004,-0.10974600743163915,2025
0.01696175018668228,-0.11188916683231045,2025
-0.15858615869609738,-0.06046995575328798,2025
-0.09435226224223527,-0.06108400925310606,2025
-0.08478709786889461,-0.05748117105930886,2025
-0.015355965328915061,-0.11432564427442121,2025
-0.018473410591663117,-0.11796945659532124,2025
-0.08926471732301113,-0.06346288716423315,2025
-0.16915015259224148,-0.052708760572027086,2025
-0.1740797954397797,-0.05373333452779763,2025
0.021953476676815672,-0.11418263080571439,2025
0.022902627633416647,-0.11235259111286985,2025
-0.19212097256220095,-0.05797507800401233,2025
-0.03446379345025942,0.013727451205705482,2025
-0.21822137875451358,0.006079449637172815,2025
-0.2149143857980056,0.010522913010153758,2025
-0.03191966860099317,0.010159735997861602,2025
-0.21845242102415502,0.010022697388999757,2025
0.02100106418318458,-0.1819025455573245,2025
0.014028918822817371,-0.1834408914805249,2025
-0.030607010658180153,-0.00033218187780711256,2025
-0.1963175104905004,0.1564845336658732,2025
-0.247218408206287,0.09498113700036429,2025
-0.19608070296632057,0.15580469252972162,2025
-0.051340545545464314,-0.016030742311880217,2025
-0.2131150080756477,0.1535397250533828,2025
-0.06505894198091984,-0.028589766045649945,2025
-0.247218408206287,0.09498113700036429,2025
-0.25150927484231944,0.09705394289414401,2025
-0.1503737291603881,0.05400416772393836,2025
-0.1712294366808192,-0.06749805735573713,2025
-0.18860224633483996,-0.040588385727416396,2025
-0.13943658891100608,0.06631216922394378,2025
-0.1844119267028952,-0.07323223187953679,2025
-0.13943658891100608,0.06631216922394378,2025
-0.1718572055690995,-0.07271952043547408,2025
-0.1872208594580938,-0.037349060014112936,2025
-0.18750943644179785,-0.03558460430365584,2025
0.028498692342755344,-0.038642724916604365,2025
-0.17135742245916258,-0.1126171944927189,2025
0.046874999049613356,-0.026227471031022603,2025
0.03803608679986614,-0.03383509250771845,2025
-0.17889839312450734,-0.11848420057074643,2025
0.05328831520363654,-0.1556781413462924,2025
0.05331890419473532,-0.14839824544233104,2025
0.05098618471235978,-0.15385511187619713,2025
-0.17443996627950542,-0.11429759216544944,2025
-0.09834268467927494,-0.007698678911762721,2025
0.05250300101159729,-0.11215044627509421,2025
0.04807093670114258,-0.1165790726039124,2025
-0.16870978173313383,-0.1653841626509066,2025
-0.026175169782344146,0.10670623596080725,2025
0.04535977346085708,-0.12098908078982326,2025
-0.16870978173313383,-0.1653841626509066,2025
-0.10305357921992044,0.00046927504219899246,2025
-0.1734387761283786,-0.16691425276151908,2025
-0.10341107358715813,0.18158528941455715,2025
-0.1888549514653735,-0.15374378630169486,2025
-0.09409001298788956,0.20991292059445,2025
-0.06640171316258296,0.2029041930190836,2025
-0.17492724832919115,-0.14911406733224794,2025
-0.15504105732563067,-0.017372434858464264,2025
-0.18775594805419465,-0.1526766512626253,2025
0.010009058155994663,-0.14781774926411118,2025
0.01963608838823999,-0.13884143076763972,2025
0.007218556692516906,-0.1517916643253898,2025
-0.15513532744762515,-0.17038240705816476,2025
-0.14841357610337802,0.024597768107592545,2025
-0.13755326292744013,0.028053333966202996,2025
-0.15513532744762515,-0.17038240705816476,2025
-0.13441223499769794,0.02921493910540572,2025
-0.05507977868191012,0.22987919359308023,2025
-0.05585026471531636,-0.24130246402409522,2025
-0.055254100588760444,-0.24131502972088226,2025
0.05736433886367507,-0.15701924047683727,2025
-0.14773512805043237,0.09242575691450447,2025
-0.11500200412485125,0.10090905004272682,2025
-0.054707541787701416,0.2319643968138579,2025
0.04455675508238343,-0.1691199706411381,2025
-0.11500200412485125,0.10090905004272682,2025
0.0574484204168316,-0.15480788443773263,2025
0.007026940356531966,-0.2379314443495777,2025
0.024869914140252095,-0.22286312294166705,2025
0.03478581516809648,-0.0897320981784715,2025
0.03354849490892636,-0.09258636692553607,2025
0.021483200673702588,-0.2281808847731252,2025
0.06414079790904813,-0.08202501845235283,2025
-0.15560306165843946,0.008406678883332581,2025
0.005587548823797875,-0.24107608978754813,2025
0.009352762957291302,-0.23421486796785873,2025
-0.15031547779073506,0.026503662256081396,2025
0.07097868993257132,-0.08151919331830111,2025
0.08433993781149637,-0.13683162315717118,2025
0.15218974647706052,-0.03971075463580502,2025
0.15081187700424536,-0.04299405064708409,2025
-0.181995757160484,0.05180204424519655,2025
0.09784178398347337,-0.11771428585737981,2025
-0.16939112416625046,0.046746559627747805,2025
0.08801001691022606,-0.12192937232122325,2025
0.014190440920762784,-0.19859314377707218,2025
0.014586014556760993,-0.19810899200522847,2025
-0.1468984630454222,0.17448794383822103,2025
-0.043369488480704946,-0.1766479949971293,2025
-0.05135237947160966,-0.17780723134907378,2025
-0.04498104143898253,-0.17885804541397973,2025
-0.15505497619791053,0.171297692074605,2025
-0.06572308879025691,-0.1332545193442461,2025
-0.03434355966682019,0.19544447134999132,2025
-0.06328446370564235,-0.12588564586920598,2025
-0.05052683868900855,0.1899641295510448,2025
-0.038757748146886026,0.1392908557418377,2025
-0.06182336985791205,-0.14399175658039734,2025
-0.059578287359786666,-0.14363617317381688,2025
-0.05417415051523301,-0.13305911071835744,2025
-0.018760566973997597,0.139152311724193,2025
-0.030353124438688622,0.14812399551228156,2025
-0.11945134107691836,-0.1483732967265079,2025
0.09293299174120814,-0.07965953740659876,2025
0.07924764898256073,-0.08226681591181378,2025
0.08732449154981885,-0.08770587064718968,2025
-0.08219267920758004,0.15345004472244358,2025
-0.08582441022559663,0.15014116141973388,2025
-0.026394815568219293,-0.20337471629860415,2025
-0.13185186252223097,0.1862175803682914,2025
-0.13228023419133728,0.18353943503200626,2025
-0.0201501904834286,-0.20096805534637657,2025
-0.0316313718110529,-0.18844438061511665,2025
-0.03244659162024295,-0.19001634530368217,2025
0.06356036958967409,-0.24594296405157945,2025
0.05586375499135978,-0.24996581510119964,2025
0.06599552412864158,-0.2424062330780149,2025
0.015208605487353338,-0.2169399125609891,2025
0.013592210981788824,-0.21835802836077361,2025
0.033746457553163134,-0.193521807689972,2025
0.040852553603970436,-0.1909582243400691,2025
0.03476413704138917,-0.18975923767038444,2025
-0.042772584526401855,-0.1604984292572173,2025
-0.042772584526401855,-0.1604984292572173,2025
-0.042644517271308593,-0.15904307318263122,2025
-0.12220964446634326,-0.08600947854926122,2025
-0.11982278442788276,-0.09361619687969458,2025
-0.12220964446634326,-0.08600947854926122,2025
-0.11715975556435056,-0.23898116860235663,2025
-0.14057745736350707,0.06766565903843808,2025
-0.11397063380935803,-0.2301790319724849,2025
-0.13957021216819387,0.06699290336989994,2025
-0.1302016000371305,0.06784757749734371,2025
-0.07154879151422812,-0.035472350144518036,2025
-0.05424339512171418,-0.13840186890341474,2025
-0.0533290223303423,-0.13120893830948285,2025
-0.06347024983398745,-0.03059391097416006,2025
-0.049421415562865986,-0.1295622867675167,2025
0.00719992464005885,-0.149949747366649,2025
0.01038203050970224,-0.14461581923836517,2025
-0.11606098619568363,-0.08437274013812272,2025
-0.11965668329055353,-0.03834614272264658,2025
-0.11466688968905143,-0.03663434458741824,2025
0.22843511266016597,-0.241458487086683,2025
0.22963405599893522,-0.23970494715942114,2025
0.22198620604145874,-0.24633439816492453,2025
0.23165049348608785,-0.20796655298723482,2025
-0.20531041060877325,0.1289488551585422,2025
0.2305775182330429,-0.20615698183702375,2025
-0.20823456136679397,0.12488869395024446,2025
-0.20531041060877325,0.1289488551585422,2025
-0.09729515021282532,-0.14236891190906908,2025
0.23357189705418202,-0.20601035698937947,2025
-0.10932633594351572,-0.14897639058289927,2025
-0.10933245060444931,-0.13681302609674775,2025
-0.1830137317735651,0.058133262336167925,2025
-0.17060733405317097,0.06614009867177326,2025
-0.11625382280486134,-0.14414058211639738,2025
-0.17039747886641748,0.06526461399561104,2025
-0.05755158787750998,-0.24391995424561536,2025
-0.15076018720578183,0.01877818788811877,2025
-0.13682531708386586,0.026768935001445972,2025
-0.04872121395771874,-0.24518398780779166,2025
-0.04715101609179313,-0.24023475256173293,2025
-0.0689864540930042,-0.1948760326841924,2025
-0.1995065589103256,-0.023938731296550858,2025
-0.20014088664394392,-0.02306736864822137,2025
-0.05980629843655645,-0.191101261319591,2025
0.0005279652040029587,-0.11946279265763873,2025
0.004401972626927972,-0.11502449476184223,2025
-0.2031991085277972,0.0034873169162798687,2025
-0.20492496972549634,0.0021589104585264737,2025
-0.20869660532492296,-0.0052601342244154095,2025
-0.1727082840632323,-0.08274020421564278,2025
-0.17856340515237323,-0.08174136469981255,2025
-0.05421982504422522,-0.18282597046154567,2025
-0.044618567545924345,-0.16384220333175017,2025
-0.049582304438621036,-0.14961058684783304,2025
-0.07040202818012521,-0.10186394766941173,2025
-0.05290225020697738,-0.14968372319537163,2025
-0.07381735560500798,-0.1100344242569869,2025
-0.10328528844076416,0.11514052914013634,2025
-0.11252910735587209,0.11635472341155598,2025
-0.10063789765410454,0.12490220829187813,2025
-0.16221909245615557,0.019487273595249238,2025
-0.15660349705943483,0.020020183443669157,2025
-0.16405592191012236,0.011890340338423993,2025
-0.14222945597017855,0.028584835827213807,2025
-0.15534385357093144,0.020526413026051817,2025
-0.2650113985926253,-0.05111769441607694,2025
-0.25391896229388805,-0.030737573007412464,2025
0.17158924068089193,-0.23372897082868888,2025
-0.11791166917356767,-0.14456565270429322,2025
0.17027020002887963,-0.23049946950148892,2025
0.17125322698651713,-0.22907197319540606,2025
-0.11018447921004483,-0.17839050431863468,2025
-0.10978499679847549,-0.1822936997349818,2025
-0.10824116587654874,-0.18329740194103197,2025
-0.21726420899353055,-0.09805894877137106,2025
-0.20930699904697941,-0.09298762013768719,2025
-0.20899886731715667,-0.08871444177317872,2025
-0.16620786357651468,-0.035587290688371145,2025
-0.14824985146465147,-0.019777206691116954,2025
-0.15022358289068127,-0.019186682304198385,2025
-0.0918876805996781,-0.21223512277979578,2025
-0.09577116415369981,-0.21590247121792122,2025
-0.15509333228736888,-0.09076649719998586,2025
-0.09169627362037198,-0.21449595704917496,2025
-0.15887228888560195,-0.09102850230868187,2025
-0.06283386185354485,-0.14855874342759828,2025
-0.05247759019578964,-0.14705392613447332,2025
-0.01568515367216332,-0.2799344124727953,2025
-0.014409948948808662,-0.2843942007994917,2025
-0.015938632303981418,-0.2792600315851975,2025
-0.060071135112897175,-0.15305044759841713,2025
-0.09738598864581947,-0.1537464307182785,2025
-0.09085789470495716,-0.15006827421843766,2025
-0.09514016202425639,-0.13233946415379672,2025
0.05995513659417344,-0.20004349828581963,2025
-0.07907953811478162,-0.11625571989689962,2025
-0.09625400486602025,-0.12998192468730257,2025
0.05961080358136543,-0.20279123021394085,2025
0.059350991515762896,-0.2013326302876231,2025
0.01836046696492162,-0.183828595377246,2025
-0.12235104836021855,-0.12375131095776165,2025
0.01916441994854487,-0.18155437948288203,2025
-0.13105681787573692,-0.12028608708216898,2025
-0.12293015995333136,-0.1207781090850481,2025
0.022265745377088433,-0.1821182430431934,2025
0.012279357918997758,-0.030121637325503964,2025
0.00970234857658106,-0.02826670279081385,2025
-0.09351763798925859,-0.23149734306852598,2025
-0.0981893320635885,-0.2244090244465632,2025
0.032141791447535734,-0.016713865238969193,2025
-0.09144275060598549,-0.22016958823354182,2025
0.020650252635630154,-0.23546599840148252,2025
0.01875707097600579,-0.23901793800548765,2025
-0.0885128110734776,-0.1978473796624957,2025
-0.09876489921222505,-0.20699022135784728,2025
0.026246511949574336,-0.18059076760688694,2025
0.03309200686469985,-0.1800803456473089,2025
0.03522339969901339,-0.1775467563569094,2025
0.13482001161068102,-0.22995666053717884,2025
0.140677018988661,-0.23340311587786328,2025
0.14391014745330374,-0.22464399114197575,2025
-0.008884668655951888,-0.2221647901218904,2025
-0.0027480011320139136,-0.2140973227219065,2025
-0.0035448542293799318,-0.2176486138855544,2025
-0.10958539339247227,-0.10066168424722624,2025
-0.10427022114575711,-0.08815537742500312,2025
-0.11660907726847546,-0.09727562062475176,2025
-0.08346682932555972,-0.07090384961371969,2025
-0.07648313365191871,-0.072846180628503,2025
-0.12773580296915776,-0.13953046354503756,2025
-0.13305215185518682,-0.1450218531991726,2025
-0.05310775301703281,-0.14299783152281526,2025
-0.05327249219772669,-0.1413747278556734,2025
-0.05090450417587093,-0.13628416133752483,2025
-0.04518193563548935,-0.1590968417347628,2025
-0.04672952779917709,-0.16195033850723678,2025
-0.04670778256471968,-0.15444732230859667,2025
0.046674334715406114,-0.21469479659427582,2025
0.053445836678304444,-0.2070595818253152,2025
0.055264057067474295,-0.2059456208639954,2025
0.0011547381113186928,-0.25950645392811744,2025
0.002690091289263355,-0.25756104351829107,2025
0.0054720371521682215,-0.26750496460497986,2025
-0.005169927096722496,-0.21777619988873487,2025
-0.008253714440379437,-0.2202588607866922,2025
-0.002141943023637488,-0.22182341812246154,2025
0.013969736472106198,-0.24123265703805197,2025
0.015548858846852323,-0.24707679927133758,2025
0.01769422648361231,-0.24219129869691391,2025
0.089541887609555,-0.21068398449015363,2025
0.08752161664242528,-0.20224682094627167,2025
0.08825116313566607,-0.20604952029443785,2025
0.014901065500703192,-0.22428781895115185,2025
0.014837239805716565,-0.22385507928532383,2025
0.13108261625909423,-0.21181855059778,2025
0.12718265166876064,-0.21088121853388875,2025
0.1520362153606974,-0.23967335710844218,2025
-0.0030935356716942086,-0.2475938387330775,2025
0.1552301827986149,-0.23679539172471525,2025
0.0009379206469530693,-0.24423984616585376,2025
0.15562595313931682,-0.2401636337959867,2025
0.01167167797092207,-0.16285297295410756,2025
0.009482921373746303,-0.16703229990864427,2025
-0.07377384260072546,-0.1736985657449647,2025
-0.0701705744260591,-0.17490381907270613,2025
-0.06987922832637762,-0.17439519388943478,2025
0.03599715867288944,-0.1428886103342806,2025
0.034224845151524255,-0.14625034657638386,2025
-0.0028719102070726005,-0.2109774951198649,2025
0.0005217666150085509,-0.20420297215458655,2025
-0.0037880305496529737,-0.1439638343879483,2025
0.1463448956166879,-0.25561543099077116,2025
0.14882435708969116,-0.2499118149509506,2025
0.14590084281480997,-0.2612982379744416,2025
0.0068166901128931395,-0.13670208720050656,2025
0.08162792058121726,-0.13970140265458858,2025
0.027804055311604917,-0.14935976886714253,2025
0.024901489733236498,-0.15365222211657797,2025
0.02376736673233512,-0.15607952511929707,2025
0.14574673206963185,-0.15066321355675116,2025
0.13469632923661756,-0.15706309578337518,2025
0.139893975539646,-0.15452000903431568,2025
0.07417201072660552,-0.16741804760309514,2025
0.07298130467622085,-0.16502597018536327,2025
0.10120387764291217,-0.2053461897483735,2025
0.10227271353160008,-0.20696259520613883,2025
0.11476154755285767,-0.23677505889290207,2025
0.11215295269988396,-0.23218867594592962,2025
0.14593864221918584,-0.2147454623703809,2025
0.14362834058072604,-0.20854335331174007,2025
0.1420224664537757,-0.21064948419417337,2025
0.1163355954334426,-0.22888645628546556,2025
0.1157081177389448,-0.22976428034270002,2025
0.11564891402931947,-0.2294187778241319,2025
0.1476803372286345,-0.21803052964071318,2025
0.1432846317040728,-0.21970664641238452,2025
0.1183360061088495,-0.2093675990012384,2025
0.12599444881588762,-0.20610289296204354,2025
0.12167512394551519,-0.20742328740829813,2025
0.11595377850705896,-0.20312407255303366,2025
0.11406545020619893,-0.2076322437776032,2025
0.11629419334020351,-0.20270325046547838,2025
-0.024266568606393438,-0.1745319416152524,2025
-0.021516810212295734,-0.1717298196675333,2025
0.042265428815775226,-0.2635527845555154,2025
0.040791078347408666,-0.26261739906332454,2025
0.040396528735864606,-0.26226210996700766,2025
0.09591811131594,-0.26415168527800614,2025
0.09591811131594,-0.26415168527800614,2025
0.08619757995191049,0.2494219302016732,2025
0.10739404975810246,0.23860826395100282,2025
0.10637862354614708,0.24069089572869345,2025
0.11003863230816294,0.23799211829173184,2025
0.09533249977849402,0.28028681589874055,2025
0.0720339750867918,0.22177590040814474,2025
0.07056219791792889,0.22951943320686774,2025
0.06946915127440301,0.2244338424249762,2025
0.07847241527412091,0.23524686108153603,2025
0.06908916610305482,0.23448614217034003,2025
0.07007029370448398,0.22780114875959945,2025
0.06916309935320947,0.2318083822671368,2025
0.05678041066884292,0.2333031509289132,2025
0.051236801985722294,0.22715356937679984,2025
0.055107711227863974,0.2307928054925993,2025
0.042482718166404095,0.24219903734794063,2025
0.03932974129758676,0.2399208420079087,2025
0.039648161013077124,0.21769333701623755,2025
0.03749982442413889,0.21927436404307166,2025
0.05722451225594453,0.1834422462121726,2025
0.05584772493845591,0.17940290739503506,2025
0.07457718914919076,0.2064332814482001,2025
0.07534189610673933,0.20704127570567538,2025
-0.010070880601741314,0.233251057610468,2025
-0.013437565683810618,0.23660523326598615,2025
-0.008522010644369332,0.23948281008223954,2025
0.005194380441289878,0.1949157598058311,2025
0.004354388583013291,0.18944111089544857,2025
-0.05627036548107313,0.20635952013688003,2025
-0.053918383357307434,0.20765880998924965,2025
-0.031142172451261954,0.18852548972435856,2025
-0.03252092967503735,0.1888971518693055,2025
-0.031142172451261954,0.18852548972435856,2025
-0.04102281667248166,0.22823601624904055,2025
-0.032313253522234006,0.22912267804625142,2025
-0.07612759791602085,0.20896056539843533,2025
-0.0718964573325241,0.20861705753862553,2025
-0.07287886903482084,0.2075153536838844,2025
-0.03192536118162152,0.24329190489904384,2025
-0.03803650956736092,0.24072625059047092,2025
-0.03399711307409704,0.24011866922154845,2025
-0.07567407014276685,0.18854176093080954,2025
-0.07508667169980239,0.1865298454969984,2025
-0.07436166339842869,0.1897250412178448,2025
-0.06448237398521332,0.18567058692995658,2025
-0.06442889811877302,0.1910691685025062,2025
-0.06292165123431516,0.19069878165587206,2025
-0.07616817006716399,0.2074337183939925,2025
-0.07584052018693362,0.205704141885812,2025
-0.10593832900765536,0.1773556847224428,2025
-0.10333915783292126,0.1751205992950845,2025
-0.10593832900765536,0.1773556847224428,2025
-0.0695205555217719,0.2483842475825271,2025
-0.07095114143807953,0.2472628074686597,2025
-0.0706598198192598,0.247306439857999,2025
-0.11860373570504064,0.200095663301199,2025
-0.11559968084628093,0.201972330725039,2025
-0.11806427146652125,0.19858181783349854,2025
-0.09824529986496196,0.31511889182666714,2025
-0.09895473669698175,0.3159976118573087,2025
-0.09895473669698175,0.3159976118573087,2025
-0.15049576416508864,0.22272845340134984,2025
-0.14583159478298863,0.21360569627235979,2025
-0.15015100863506692,0.21767997539734996,2025
-0.0773156563307759,0.2999958929022658,2025
-0.07466450379573093,0.29842668911200343,2025
-0.08419851588110995,0.21547564045189452,2025
-0.08681026622238013,0.21780303370874293,2025
-0.08101454795730713,0.2170592903788184,2025
-0.0439074231409529,0.2778428686707969,2025
-0.042764309584736884,0.2944152637578521,2025
0.02258710036019014,0.21500032404719432,2025
0.019622653964727316,0.20846170753935556,2025
0.018952271789409267,0.20925908707326588,2025
-0.07071053861797243,0.17366343659002337,2025
-0.07617078245711568,0.1732865528900553,2025
-0.06574856254000198,0.17767148638401686,2025
-0.07536525079306623,0.20334261828022987,2025
-0.07473738436237888,0.20189563247281017,2025
-0.07642183965270437,0.20303024373164097,2025
-0.02785614756522374,0.16162362757811127,2025
-0.028187032723233293,0.161152345630532,2025
-0.023207246063847567,0.17735056281047218,2025
0.01912024716182882,0.1596263912725701,2025
0.023885937174699515,0.1663764691921561,2025
0.015402098152455038,0.15534022325971558,2025
0.0009524213361205153,0.15427934933316695,2025
0.0009524213361205153,0.15427934933316695,2025
0.07237848217865718,0.21775280211795842,2025
0.06616783699978195,0.2219673403335853,2025
0.08040735400840035,0.19133164416143444,2025
0.0822347356173049,0.19154517488025366,2025
0.04608315196365621,0.17092049513388136,2025
0.045277850414047874,0.17172693436599612,2025
0.04106901803653097,0.17126238873341304,2025
0.06125226960295281,0.1458940631725542,2025
0.06795370017691704,0.1446175205106211,2025
0.06293057134165053,0.14874294424746093,2025
0.11992694799182144,0.1699838682994708,2025
0.11598468244936727,0.1712724998268761,2025
0.09335428961692943,0.1960378938050812,2025
0.09931767172533743,0.19488580019035984,2025
0.09202361663960251,0.19655641037257493,2025
0.0831245438275925,0.20827056464434654,2025
0.08593450662655469,0.20701568043106905,2025
0.007880293184241813,0.23614165188700298,2025
0.016744327864617672,0.20404791044273446,2025
0.020545881063054452,0.2059411625642647,2025
0.023862095261838148,0.2077439356888408,2025
0.007748535929018988,0.23719915668573194,2025
0.0011001618465836388,0.23222884447007858,2025
0.007888036740598764,0.2361003499190652,2025
0.037326845259503166,0.2001016645548464,2025
0.03964811462960318,0.20302332431922218,2025
0.03615208567081376,0.20322040612680198,2025
0.03698565107151301,0.1580725419173314,2025
0.037368134138967134,0.15920342218980416,2025
0.03551846392837786,0.16272249164424635,2025
-0.005654511223234057,0.11037193734829631,2025
-0.004667172257540153,0.11116358011401031,2025
-0.014145312782069028,0.11182892597549995,2025
0.0017414258940503663,0.14177034989075463,2025
-0.001580532774636656,0.14299343111771842,2025
-0.05180306169746539,0.156226852929839,2025
-0.05272142638024925,0.15579315424580706,2025
-0.045863950823799585,0.15122576594984627,2025
-0.09790790887764987,0.22871846412428515,2025
-0.10533192436849849,0.2229898998582331,2025
-0.09207275882382517,0.23559582647699323,2025
-0.1581900019769576,0.20313653445966962,2025
-0.1173046453851075,0.2642580492490104,2025
-0.12295861517473951,0.25702089918862037,2025
-0.11614104803325566,0.26077089749531057,2025
-0.16675459430882694,0.31901762647032583,2025
-0.20729005081569757,0.31239074933566335,2025
-0.20563450203569467,0.3124655849817838,2025
-0.21443025129621568,0.30492515367538586,2025
-0.0894966690175197,0.26020647967526944,2025
-0.09634866346360783,0.2577639110883444,2025
-0.1114324911267074,0.24968099467608662,2025
-0.04084659008621615,0.2394389936745176,2025
-0.03046808697343205,0.2512146477335077,2025
-0.027815312373789633,0.22740772120287117,2025
-0.028272219069890706,0.22615071860821473,2025
-0.0272038234554947,0.22744461641127495,2025
-0.008096006151074683,0.2426933453111917,2025
-0.011608175426717299,0.24469888096326153,2025
0.008162779218835126,0.17829167712946037,2025
-0.12473760132050606,0.2955741679810652,2025
-0.13488999836821708,0.2934334486986938,2025
-0.15548921942835237,0.28022167363552225,2025
-0.1371687709418341,0.32737464966090435,2025
-0.15270865349459212,0.32038340951250266,2025
0.048671801584866184,0.21451857779635325,2025
0.03781038910859788,0.1974370006209813,2025
0.033151844066975564,0.2311790337466046,2025
0.03212269015618627,0.2314739480431086,2025
-0.08804495617552961,0.26362774689860774,2025
-0.09256697229187001,0.2613396229998571,2025
-0.08694176816417028,0.2620817127748509,2025
-0.0801590758453374,0.30167739545491634,2025
-0.08155405790683214,0.30005037293976144,2025
-0.07687059619972646,0.3068668002234064,2025
0.0655212395207817,0.31653760006358334,2025
0.06381894473835115,0.31736082041586644,2025
0.06522195033288276,0.31897756988921133,2025
-0.11805917129475176,0.1740559471668649,2025
-0.11786165901242408,0.17417900858768426,2025
0.0044691558171509466,0.22777463987758156,2025
-0.053687236727093815,0.1877052688869261,2025
-0.05852984724249695,0.18874783657406582,2025
-0.0570652972837994,0.1909157056624473,2025
-0.06802932150684494,0.2647391080263534,2025
-0.0726109301944612,0.2648344774847823,2025
-0.07652364095713778,0.25751882449845054,2025
-0.09838689054262852,0.15785837359988358,2025
-0.08846430702194523,0.16402963118614522,2025
-0.07550446729380923,0.17229938637325748,2025
-0.0015345432710515139,0.1820301442865907,2025
-0.010553069599402623,0.17822810367297215,2025
0.001937337764910299,0.25783291810077325,2025
-0.008047731500238006,0.25483270789910967,2025
0.006848770636397675,0.2588066248555021,2025
-0.020119489344512367,0.31979908307035154,2025
-0.025501419608521633,0.3094447807388866,2025
-0.020427751211812922,0.3141182721151837,2025
-0.18646300038222852,0.3090910297327302,2025
-0.19884266542530155,0.3024021169643256,2025
0.016435939010312164,0.36828367547219276,2025
0.017483145676760528,0.3597468427917787,2025
0.05417956342331875,0.15312772591123552,2025
0.05417956342331875,0.15312772591123552,2025
0.028889111898715555,0.11523602765244315,2025
0.06759989927472351,0.1454459093662386,2025
0.09757568531080424,0.16116315941406173,2025
0.09438903497827024,0.16376485500297971,2025
0.08854594109630126,0.16112038210256724,2025
0.15976391999073009,0.1736185166038064,2025
0.15663469768698673,0.17192893069490425,2025
0.06627896590709673,0.14973247471606724,2025
0.06773937932483554,0.15004418427928903,2025
0.06269743422130117,0.17921397990271304,2025
0.06269743422130117,0.17921397990271304,2025
0.07434311625930823,0.1767924778681153,2025
0.01630995802502745,0.13844500692435027,2025
0.01816328783777521,0.13947154286574043,2025
0.00912891508901699,0.13886293114723539,2025
-0.047013618302445284,0.10666423255499559,2025
-0.04425162432110209,0.1121052415424941,2025
-0.01506161641565841,0.06878481614454388,2025
-0.015390545555776833,0.07040894213885138,2025
0.045568898218877,0.09238200031120088,2025
0.04390196736634924,0.09189537270810061,2025
0.04390196736634924,0.09189537270810061,2025
0.03467606214531988,0.09342874168876317,2025
0.03355530530970414,0.09497334064434905,2025
0.037235925494014305,0.09479719034032558,2025
0.04414733140412079,0.08730481332559749,2025
0.05028832038261806,0.09046469990307701,2025
-0.0346851612260609,0.06656176434507621,2025
-0.029051262597560537,0.06707969328592833,2025
-0.0321457500321012,0.06783766495123714,2025
0.03049444535358778,0.14367297390199535,2025
0.11262911201781742,0.15258611977931602,2025
0.0919659010403431,0.10787678599086184,2025
0.1107354626242289,0.13117250125686175,2025
0.1107354626242289,0.13117250125686175,2025
0.07452805095214046,0.0801081733443039,2025
0.07368976885383341,0.07566864709110024,2025
0.06745126693307314,0.07977067985127922,2025
0.06866169204998009,0.08185556741885702,2025
0.12014507690335553,0.09213183119695775,2025
0.12120037673269855,0.09258362029271369,2025
0.12235787660420244,0.09221925269827128,2025
0.12950888196591415,0.0739800902765754,2025
0.14212319208873353,0.0912696479926763,2025
0.14450146151569637,0.09331807657657754,2025
0.1580394566795839,0.09106409981441482,2025
0.15561386503221242,0.09326057884063287,2025
0.15682432251016837,0.09617557692560474,2025
0.17081284496560623,0.12372710411921078,2025
0.1710795305900345,0.125160486622953,2025
0.16652323170535216,0.13705548092088293,2025
0.1693880814976267,0.13544522030558326,2025
0.1621839871762521,0.1326217493426689,2025
0.20306500847544356,0.14373171929266132,2025
0.20113131656289063,0.14528860368325283,2025
0.20079778405894827,0.14493730413088496,2025
0.18260198682148077,0.11122867018839361,2025
0.18260198682148077,0.11122867018839361,2025
0.2210543795264942,0.09021753372760807,2025
0.21744275899462823,0.0909074325974661,2025
0.21892822961056913,0.08971288150082074,2025
0.22701705765838348,0.0796643546754009,2025
0.22614752556294843,0.07992350014037192,2025
0.20756576877157362,0.07278778063672961,2025
0.2091904802986048,0.07334795468152543,2025
0.20017581376544658,0.09869553126537273,2025
0.20467435151518085,0.10069031896591163,2025
0.2080204363359294,0.09577895427385548,2025
0.21014771831132484,0.09462111207815141,2025
0.2063793769054352,0.09285807461420179,2025
0.22803566743484432,0.09219159342611216,2025
0.2251156043170841,0.09150765731118149,2025
0.23780403549461498,0.10028941604032085,2025
0.23645926761475,0.09844831634510151,2025
0.23802903382635637,0.1007540055161507,2025
0.23308003375495412,0.08327186630575242,2025
0.23190622296250352,0.08478273160147227,2025
0.2324254613932868,0.08448094907249953,2025
0.22031604868754728,0.07589149628820015,2025
0.21807916535710803,0.07521303245484717,2025
0.2206580897107347,0.07382418719477295,2025
0.23263902799179714,0.07038141475286556,2025
0.23259419279760357,0.07100698783731552,2025
0.22213480301614724,0.05139506437010603,2025
0.22529407954123132,0.051295991828830045,2025
0.26485145954741496,0.08612012781524331,2025
0.26485145954741496,0.08612012781524331,2025
0.265618045336777,0.08564567623056546,2025
0.25588613067251104,0.07690676298566523,2025
0.2519595392243749,0.07262900005252994,2025
0.24027947516621634,0.0708138353781734,2025
0.24016288416553894,0.0693484717121323,2025
0.24474690045780534,0.07073195063351127,2025
0.2201791581210803,0.07222043574949932,2025
0.219558193179273,0.07103639835764054,2025
0.2195975093315824,0.07165112266185453,2025
0.23572738378346048,0.09512532212443253,2025
0.24056458245221646,0.09427154696307288,2025
0.2381486172389134,0.09556282677581718,2025
0.2211256069569813,0.06970745266991288,2025
0.2202533406837418,0.06571348467850871,2025
0.22265641225831573,0.0694088134371312,2025
0.21104305047590238,0.0697791083101985,2025
0.20736331825918064,0.07152460408768505,2025
0.2087628314149807,0.07077795548735402,2025
0.24380425107243264,0.08969094192553681,2025
0.24265060724514603,0.09059446956510302,2025
0.23156255484187788,0.07727763272239843,2025
0.2303729035980745,0.07784052470093056,2025
0.22944682536418892,0.07525301412036242,2025
0.2365676297429028,0.06974909804339555,2025
0.25443603175486734,0.07659465499573956,2025
0.23316468645798977,0.1146159517041963,2025
0.23611666180011504,0.11564098497986515,2025
0.16946808452184636,0.12678627245036447,2025
0.16400520299208382,0.12399876947667479,2025
0.16500451600149219,0.12816219247678545,2025
0.0044332806947699616,0.2534621126180919,2025
0.0016562818175942379,0.2526569807316912,2025
-0.011353046574125933,0.24708079897677,2025
-0.02496727633986756,0.21146935736904643,2025
-0.022386738213406573,0.2184719817887987,2025
-0.01263277103640957,0.21817031910841264,2025
0.017627937814181968,0.18146263239075516,2025
0.05022760897335504,0.23952955107575336,2025
0.05770355347812876,0.24220096599030433,2025
0.08665977652354268,0.25732395601609964,2025
0.10002868249133995,0.26282259958490406,2025
0.0723463882429796,0.20675098301650074,2025
0.0723463882429796,0.20675098301650074,2025
0.0664327604907695,0.19841401796968833,2025
0.02776924203858587,0.20040830987587088,2025
0.01509537560115512,0.19354510551180654,2025
0.04663173421288129,0.23895788365322918,2025
0.04086369610049914,0.23278929966302497,2025
0.04387536401407573,0.2559631190397527,2025
0.05488727127950477,0.2701466041637651,2025
0.04326155730396513,0.2639542334925836,2025
-0.011012258291766372,0.18413641022541566,2025
-0.04498545161964214,0.20121645185014198,2025
-0.05255291686020837,0.2065653768516536,2025
0.019300526874665533,0.2091155380049156,2025
0.0024325220645868145,0.2034991238807909,2025
-0.031237676314531213,0.20120436409456222,2025
-0.035177488921786584,0.19588611570324022,2025
-0.03288192085145948,0.19630981577072731,2025
-0.0680294022009207,0.20732096131650937,2025
-0.08191218848662392,0.1881534995519954,2025
-0.06611124716321311,0.208780884399514,2025
-0.0774733635214064,0.1500360273981743,2025
-0.07422848206527778,0.1575394630670557,2025
-0.0681919033110343,0.16609057444469366,2025
-0.09800222388213016,0.14398577524198536,2025
-0.05185106243586286,0.1680334874687472,2025
-0.06922821027378796,0.15991931373168727,2025
-0.057782030188596636,0.17436191822095315,2025
-0.05193846155933064,0.1742162388213024,2025
-0.10647734930552204,0.19544084467784492,2025
-0.11682669967878355,0.19240174987173214,2025
-0.07682151647746356,0.12455596642547269,2025
0.0018414064833249116,0.10023811393231304,2025
0.00553687038822015,0.10937149309124289,2025
0.006558215205171775,0.10657134783933862,2025
0.05167174351756726,0.13601894997925668,2025
0.05260086907376316,0.1315583672867346,2025
0.06117988530552407,0.1357645931708238,2025
-0.10576980784161234,0.1860471657437756,2025
-0.15973348403232285,0.1990906693125959,2025
-0.14797239158578462,0.20247074550741534,2025
-0.14733499639581726,0.20263220241431193,2025
-0.18218861578884255,0.18270155907758306,2025
-0.17802656504527975,0.18915102272363454,2025
-0.1830063067592676,0.18971692267732448,2025
-0.1805540840115391,0.1497300175261212,2025
-0.16577208756928924,0.15330128457476241,2025
-0.1596576334316357,0.15461688572264073,2025
-0.15931787210790266,0.1132659003734483,2025
-0.16415881712154667,0.11315440623274416,2025
-0.1451205829524927,0.08222368549227002,2025
-0.136431545089932,0.04332793786817606,2025
-0.12168213439425475,0.05058564755565227,2025
-0.12572393906337104,0.05042849713827246,2025
-0.12112841321517005,0.0986933216891363,2025
-0.12886378873170334,0.09796565664315593,2025
-0.12070788412461651,0.10062163485603434,2025
-0.1256344694129859,0.14462542697529035,2025
-0.11019551550096802,0.14436671926474964,2025
-0.11896604048970356,0.14345063842666572,2025
-0.15942544200052855,0.10136995078780303,2025
-0.14784872558849216,0.10803093695597497,2025
-0.17022567562570134,0.1034151028814927,2025
-0.12324996942654613,0.10002862903848833,2025
-0.13934497509465227,0.09572331717263638,2025
-0.143686416228404,0.08725746426001377,2025
-0.04658770473173875,0.1701527569491585,2025
-0.053995849832593604,0.16853435396513317,2025
-0.1410745494962578,0.11036079658663031,2025
-0.12803609647944675,0.11251206141714012,2025
-0.11546311181461134,0.11874421423926576,2025
-0.014585065848262121,0.018036052663140026,2025
-0.01761677392029655,-0.06792483126242237,2025
-0.01198314487340843,-0.05432184776721992,2025
-0.0190290237949952,-0.06606462105941747,2025
-0.11910844937553448,-0.04974818117974099,2025
-0.1307310360118778,-0.05864405562956912,2025
-0.13392788063383865,-0.05796991951357458,2025
-0.10800878034924673,0.0706551582957415,2025
-0.11388914200588456,0.05345649865321343,2025
-0.09621499962483691,0.07117812836198334,2025
-0.12083795026676762,-0.04804420555223343,2025
-0.11503103966554336,-0.04366600561569184,2025
-0.1177820866272611,-0.044711537012641425,2025
-0.0407762087404286,0.026675538205493128,2025
-0.061457233303777795,0.05017715560729796,2025
-0.07027760766021747,0.04856678343946019,2025
-0.08548122025848993,0.008249171306089539,2025
-0.08229234483656729,0.008746735715823146,2025
-0.07613853567501584,0.014037881304885737,2025
-0.09339979463147464,0.012934290265766212,2025
-0.07872492395213511,0.031390490538456946,2025
0.03035433228194817,0.026869969788153668,2025
0.02170666850602898,0.016450448065712886,2025
-0.009118964983240122,-0.028871840428298642,2025
-0.00014481452412953844,-0.021936202466047258,2025
-0.07857745438812892,0.0018053494659452662,2025
-0.05637318054079994,0.012062165706537304,2025
-0.06640477977858557,0.0053522926616802816,2025
-0.07715045089955765,0.04578147616439631,2025
-0.0676952886046336,0.05758762096250711,2025
-0.07960030572843975,0.043453433859888674,2025
-0.09696961358757474,0.08730776104586549,2025
0.07836140300325344,-0.0976675529919987,2025
0.07151264251584624,-0.09758464874623754,2025
0.0756577822997001,-0.09411148552809465,2025
-0.10114893951667127,0.29341654359515845,2025
-0.11273459099072632,0.2647528517841036,2025
-0.11048591721173413,0.26908440536260614,2025
-0.10195874544193213,0.26772082828988714,2025
-0.11650898728311833,0.24704162564508603,2025
-0.12912142786610648,0.24076384379651894,2025
-0.07817643196513892,0.28944028986398895,2025
-0.06988355599555014,0.28764294524659256,2025
-0.12620391091866384,0.2555176687227848,2025
-0.12014121551973787,0.2504126096802565,2025
-0.09872548232297763,0.25626433155829553,2025
-0.05020992416954857,0.23046167087556005,2025
-0.04568045375559111,0.24068803864785498,2025
-0.038321805509893545,0.2353465560458335,2025
-0.062114277879844124,0.23059020393206225,2025
-0.052262272905242727,0.23532008413655295,2025
-0.052262272905242727,0.23532008413655295,2025
-0.04552850439807761,0.22631440321749527,2025
-0.0590039429257324,0.22516964304177509,2025
-0.058648298302144894,0.2099879400722825,2025
-0.09452850921639623,0.20183879779994363,2025
-0.09002745357952248,0.2062699719740935,2025
-0.07584671994048552,0.21720902098963724,2025
-0.09733739782345514,0.19309087338262831,2025
-0.08316258161031088,0.21528394979218313,2025
0.020147613507062026,0.17829966642791306,2025
0.029844885462311038,0.1853755868611079,2025
-0.12883610672651963,0.14633801493474252,2025
-0.1317753773659866,0.1337209262484597,2025
-0.01813549258526058,0.10840248381252032,2025
-0.02872289000469941,0.09578358909039092,2025
-0.0361849411252881,0.09944452141764187,2025
-0.007771020825777589,-0.032500341520530676,2025
-0.013531718484032604,-0.04940231723894829,2025
-0.017083384743742755,-0.04318026767965982,2025
0.02194446779995468,0.04591077322374827,2025
0.022115164672154144,0.046130235237598,2025
0.02194446779995468,0.04591077322374827,2025
0.03934870737519518,0.09554210378527561,2025
0.043057312805989914,0.09762303025907919,2025
0.01848908851868429,0.27405220040358236,2025
0.021303089864935065,0.2802552338030878,2025
-0.019673583026765196,0.2647202657894392,2025
-0.050897690980090574,0.2139876914028873,2025
-0.0453311099586516,0.21622840577044775,2025
-0.047702965347678775,0.21259757973939297,2025
-0.10495156633068904,0.1892074990363743,2025
-0.1071848511413754,0.17840594525528314,2025
-0.10541996130411536,0.1890018322109002,2025
-0.1275203318594737,0.12113920295057515,2025
-0.1275203318594737,0.12113920295057515,2025
-0.1419981509332412,0.11351430687257963,2025
0.027697528834527516,0.16775936536247743,2025
0.013812196153423453,0.16702681785925774,2025
0.01832479384327676,0.15860218080266855,2025
-0.11675719081805748,0.08865306441494675,2025
0.061426165765875756,0.14269738266618606,2025
0.048380830206312765,0.13887924317685924,2025
-0.054507664536953146,0.16773540709150098,2025
-0.054507664536953146,0.16773540709150098,2025
-0.024124096475627008,0.13771868072243115,2025
-0.023734439764882515,0.1400519327036954,2025
-0.022268536785432044,0.14011378475594313,2025
-0.094463739157626,0.07858336262541253,2025
-0.07512463097659493,0.0908573462805964,2025
-0.09210365832778215,0.07805104867337365,2025
-0.03763471002013559,0.2020249593800525,2025
-0.04031407698498564,0.1994405003758708,2025
-0.04009622834712302,0.20095691082314626,2025
-0.01594658219460282,0.27087262453290883,2025
-0.040319454691031056,0.26472872750755744,2025
-0.01594658219460282,0.27087262453290883,2025
-0.1244431893266408,0.21726571968484204,2025
-0.12122898089993785,0.21634219185942088,2025
-0.07230721959435578,0.25829077439975573,2025
-0.060045429641036,0.2603701500900735,2025
-0.06827148039181176,0.2549052327053743,2025
-0.1029940527814447,0.22010111800935536,2025
-0.1029940527814447,0.22010111800935536,2025
-0.11083356440229154,0.20907731613235828,2025
-0.13234188026015264,0.21806216277616142,2025
-0.08505652685277672,0.21615205364970463,2025
-0.0950404444081492,0.20616038388308755,2025
-0.12286967896610991,0.25269093663426523,2025
-0.11889270887895327,0.2634082523830855,2025
-0.12382296133486555,0.262733583009075,2025
-0.05563766115050288,0.22013030618982032,2025
-0.05696130236389739,0.22744344043008927,2025
-0.06956065905782323,0.1450458742253812,2025
-0.07952610493113317,0.10284095263053952,2025
-0.07220558912168533,0.10178717607852437,2025
-0.08938678176733529,0.08358362531599313,2025
-0.02823884801943452,-0.0037928146244789324,2025
-0.02511924717403806,0.0020749649762149824,2025
-0.027356553280135934,-0.01966548005898433,2025
-0.016676266801247938,-0.010131225452579266,2025
-0.02711961604853308,-0.01849959289033329,2025
-0.01314371804174548,-0.040623059251600355,2025
-0.012970880268183951,-0.04089168322948736,2025
0.012133086214430183,-0.041055699777362537,2025
0.009381131139548374,-0.04679742774296285,2025
-0.050328982173085804,0.10725805919762364,2025
-0.04153663585183827,0.11087495858421523,2025
-0.09219031011400118,0.21086996501229752,2025
-0.07984816015675107,0.21357292742732242,2025
-0.10939714974002586,0.1881720221616968,2025
-0.10924257486055318,0.19042302701580677,2025
-0.0638162622312468,0.12783828658763732,2025
-0.044433418893272084,0.1289446948360548,2025
-0.08734097009197168,0.07479983306372949,2025
-0.08107272441617015,0.08078799691705427,2025
-0.08107272441617015,0.08078799691705427,2025
-0.1430920666831218,0.1857850690399678,2025
-0.15711355030883306,0.17740668279212743,2025
-0.09095054083804623,0.16144322831666022,2025
-0.11036780772894518,0.16173224753811316,2025
-0.08412420645852352,0.16809779562491894,2025
-0.16826644686971787,0.20498783317603636,2025
-0.19001128602807765,0.2002924877264086,2025
-0.1745615026530674,0.19102627610519685,2025
-0.14776417571459405,0.20571160910470082,2025
-0.144447327999083,0.2179154801970255,2025
-0.13091703256343867,0.20897828833355903,2025
-0.12115278479314613,0.2747463447843779,2025
-0.13000689200596693,0.2751250594898168,2025
-0.026276107894155507,0.2513004948448839,2025
-0.048748007963345066,0.2537483479705372,2025
-0.02374258344710488,0.24837223790323457,2025
-0.10135163677587318,0.21381862020251596,2025
-0.14568076529160823,0.20629005760440128,2025
-0.03218502255669155,0.24299714996128924,2025
-0.06020870195516616,0.23833419936301664,2025
-0.03218502255669155,0.24299714996128924,2025
-0.03537905414788391,0.29888836722306633,2025
-0.03537905414788391,0.29888836722306633,2025
-0.060123665322281514,0.2872964321865846,2025
-0.018313039423259292,0.3440082471085685,2025
-0.04236406651846593,0.3483211443426278,2025
-0.015010653747861466,0.34617663633978946,2025
-0.007209234698996189,0.3330470980021369,2025
0.03248873568141071,0.330534131544109,2025
-0.023765299951355415,0.3176350647012175,2025
-0.020599677337326275,0.30288023948446735,2025
-0.0011661224491806427,0.3135270593696802,2025
-0.06109489884487539,0.3085145873135088,2025
-0.0195439010175633,0.3171419582551437,2025
-0.011654459744254622,0.3202031461723819,2025
-0.04479412315279542,0.3261264073806376,2025
-0.05413166149540251,0.32959800693370744,2025
-0.05169987171395145,0.3358863422347804,2025
-0.038987981573327904,0.3403683344179597,2025
-0.1343080475682809,0.33639447274028167,2025
-0.1248870922744368,0.3329742372105529,2025
-0.12438198986266631,0.3347233243983916,2025
-0.028293256065280756,0.28878315385802056,2025
-0.03446553607060686,0.2889516378294276,2025
-0.11498985956541065,0.2383178643252929,2025
-0.11498985956541065,0.2383178643252929,2025
-0.16372377200769944,0.20859593068304094,2025
-0.15349751399745748,0.21599101517458888,2025
-0.16412568920704357,0.21208006530588314,2025
-0.2279762128105693,0.18581299702368387,2025
-0.22017203057603552,0.18789010667734127,2025
-0.21491393825308508,0.1836429528767971,2025
-0.18726417897796727,0.21106938893196803,2025
-0.20307698026209847,0.2040260154451015,2025
-0.20329320867871076,0.19413560825408577,2025
-0.2450165776988814,0.19104454852427416,2025
-0.22390291544364233,0.1998619285658223,2025
-0.22252722008301123,0.20188612730280242,2025
-0.1741657583221306,0.25011048565989247,2025
-0.17971563689706488,0.24660056627854604,2025
-0.19105592429742435,0.24323161595498466,2025
-0.17598995020785607,0.1881910005797348,2025
-0.17072105025514706,0.192178991556824,2025
-0.14975558678038875,0.24945498166297828,2025
-0.16945615299448208,0.22806976761285477,2025
-0.17394383889144155,0.23591126599343415,2025
-0.09625874227081917,0.19756460191968606,2025
-0.08957545971592622,0.2031629977343472,2025
-0.10029850153855592,0.19799040832795917,2025
-0.03901353490198116,0.2143511265471496,2025
-0.04198783609207875,0.21490458295724502,2025
-0.11945808378700613,0.22494687350518922,2025
-0.1269083240637786,0.21893776811613816,2025
-0.11945808378700613,0.22494687350518922,2025
-0.1316861005716793,0.22266883677115742,2025
-0.12725223635296534,0.21990208647314613,2025
-0.1214980135370984,0.21899622986285383,2025
-0.0796708205653291,0.30005839584697025,2025
-0.09764278979983913,0.3162669305188657,2025
-0.09641464502510701,0.30786188553421096,2025
-0.09543881719986914,0.2984627439592104,2025
-0.10064954515126569,0.2947866874435396,2025
-0.09543881719986914,0.2984627439592104,2025
-0.04631145040275107,0.28369288965108624,2025
-0.06258441172687497,0.2934917424059845,2025
-0.05088812726447926,0.2889099426759351,2025
-0.12115728497072172,0.17181960594139345,2025
-0.1352699633224574,0.16668718702819238,2025
-0.13988391427797303,0.1598892029569833,2025
-0.13258682372588654,0.14932551857733448,2025
-0.07718347852144368,0.16301345471474737,2025
-0.08022586269044142,0.16464499282512635,2025
-0.16176035734784988,0.0668341676101171,2025
-0.15050146688618765,0.07261342511759063,2025
-0.2012302372929678,0.04748509137658438,2025
-0.21019064235065404,0.042299673332014245,2025
-0.21265330873155674,0.04138161321714788,2025
-0.1377566965477432,0.09299650319329926,2025
-0.14815525945779562,0.08976115758817614,2025
-0.16406708089628358,0.10691612221177728,2025
-0.16130581451519554,0.09684391743146381,2025
-0.16406708089628358,0.10691612221177728,2025
-0.110119218677202,0.12589506457305447,2025
-0.10492638802210981,0.1271004524949593,2025
-0.10720302034622826,0.12546786310742924,2025
-0.10984039898630833,0.10327233526955909,2025
-0.11672934317476326,0.09835272063660536,2025
-0.10778339344606526,0.1104542335507423,2025
-0.04714293172494556,0.0617948243358338,2025
-0.05533790035018647,0.046686801181431245,2025
-0.01489200846430734,0.11220229118368995,2025
0.010218599698070957,0.12829082700306754,2025
0.005920775466903144,0.12553493921675468,2025
-0.03319568701936733,0.12239475201729438,2025
-0.03717711147713927,0.11246677645462116,2025
-0.039324659796227276,0.11461157319463255,2025
-0.08466595293107072,0.0912052024482784,2025
-0.07951992197921316,0.10172096461256849,2025
-0.07760579774055922,0.09699944217118153,2025
-0.0657666635009251,0.1282465179320892,2025
-0.07642514594877382,0.11919542737392766,2025
-0.05263719610172281,0.06430157824202799,2025
-0.05205508740340549,0.0631433596216271,2025
-0.05904052207445583,0.05498530374607371,2025
-0.02621033492643786,0.052279891115092875,2025
-0.01932805198910971,0.05551125827631653,2025
-0.015150173095088162,0.0598738535252466,2025
0.008424342179135666,0.0805863254167917,2025
0.008844246228936772,0.08270665302697555,2025
-0.016737964859403764,0.07311279880035661,2025
-0.016950157966895807,0.07322243369009668,2025
-0.07528399611801785,0.10483798574498676,2025
-0.07718520772627775,0.103294940966581,2025
-0.07528399611801785,0.10483798574498676,2025
-0.08631926842503497,0.04640279938119535,2025
-0.08988941118563627,0.05197299617967364,2025
-0.08210552187297958,0.053874362075392146,2025
-0.10590261264233906,0.061475321450631996,2025
-0.09043616774054981,0.07429203130608597,2025
-0.10320882054291595,0.06820272946001754,2025
-0.09851908121699686,0.07683922970935161,2025
-0.10165054890906776,0.0753915206958085,2025
-0.09082501751467821,0.0884356177182208,2025
-0.023497989197410668,0.062493187250335244,2025
-0.03055369305580638,0.05279424826772526,2025
-0.024423293970880375,0.060301733497296714,2025
-0.041099467845549645,0.031111778459534487,2025
-0.03193832932740716,0.03792689169182393,2025
-0.0338606849948523,0.02884364561718998,2025
-0.025183944001756955,0.10263838367117051,2025
-0.006323878130939112,0.10284558251369343,2025
-0.017903797556177187,0.0964030470476725,2025
-0.026015043840520627,0.15916739683530495,2025
-0.06915602825221497,0.11133951395305475,2025
-0.08225561785038905,0.10222512326773206,2025
-0.018823619627300545,0.1042054966694132,2025
-0.030956966553957535,0.09582971728821996,2025
0.04334515213678426,0.21010455494188282,2025
0.053355711664207,0.21841172979537654,2025
-0.01626686054975425,-0.0577283194048713,2025
-0.013711637898649334,-0.05457027217225127,2025
-0.04529683365720023,0.07218226231105832,2025
-0.04736044227631815,-0.03260849021828065,2025
-0.04515816696181586,-0.03741537350056359,2025
-0.06083206484915783,-0.05702806831497584,2025
-0.0627083915374488,-0.05861701523039234,2025
-0.1005866284265174,-0.0331066509123978,2025
-0.0975590809780444,-0.034443600558268866,2025
-0.09854522669693035,-0.03508025191198859,2025
-0.1239761757896455,0.05052236950429118,2025
-0.1250543643130303,0.04598067786253981,2025
-0.1316807871240931,0.04537071857469561,2025
-0.15574102531600625,0.04576959813891236,2025
-0.15286937088333152,0.04767900878371497,2025
-0.1541168877414913,0.04639280437604992,2025
-0.17098480609238864,0.005413452759164161,2025
-0.1684432383898014,0.008224987562619142,2025
-0.18858281250638675,0.026076270956484064,2025
-0.1888092766997838,-0.011763809780464027,2025
-0.12213392875054781,-0.026331666850111943,2025
-0.1213479770164786,-0.026406315132886632,2025
-0.11847870360736325,-0.00514177168611904,2025
-0.1197190924833705,-0.006722784097608757,2025
-0.12241621704726803,-0.013815680018408591,2025
-0.13643227842708966,0.024244185679937337,2025
-0.13418897512112582,0.02764075744181765,2025
-0.13510607661931567,0.028879888947174196,2025
-0.11121990862992683,0.003647015199729861,2025
-0.10505376773614929,0.012385710691499546,2025
-0.10132756214863116,0.10062794794680768,2025
-0.09473779969135275,0.09879428416245004,2025
-0.07998615864157448,0.10503410565780252,2025
-0.0956912889518265,0.09751327321927089,2025
-0.16382399096935008,0.11471149006508255,2025
-0.15855900473092127,0.12616351097373868,2025
-0.17344914330044287,0.08407048563730557,2025
-0.1772164876474207,0.07949310887136768,2025
-0.17705939945368349,0.07935390863530602,2025
-0.16246656860892145,0.0531803700812824,2025
-0.16804123511333663,0.051700395280299925,2025
-0.1684238603010944,0.04910746509233711,2025
-0.17009521691906482,0.07032796128017921,2025
-0.1761783784140531,0.06296974911743239,2025
-0.17194129090004795,0.06903042793114045,2025
-0.20556364632383367,0.08954882242047761,2025
-0.20356517250245115,0.09075214670178933,2025
-0.15902764267033803,0.05189425761462185,2025
-0.1515234367810181,0.05141910504392679,2025
-0.1269309357982767,0.007930634856656554,2025
-0.15008119084946414,-0.0064589195905181,2025
-0.14201801766721894,-0.0014693634241588135,2025
-0.14554521476483845,-0.0029890636693636896,2025
-0.07721165721686003,-0.02663604182991429,2025
-0.0848572715160338,-0.02506725635918418,2025
-0.09134565714547534,-0.03898729621747732,2025
-0.09823594482872437,-0.04155798674746948,2025
-0.09134565714547534,-0.03898729621747732,2025
-0.08252048292330975,-0.021354462022234136,2025
-0.10111528825243195,-0.039157866955632115,2025
-0.08061774514950361,-0.02123225874723432,2025
-0.06033391418940183,-0.0105940053168814,2025
-0.08147031809642934,-0.00558336332741681,2025
-0.08391077745642418,-0.006163953558297526,2025
-0.08270949252605221,-0.010287657750374532,2025
-0.10988438212909647,-0.020427689247864353,2025
-0.11052069080957229,-0.013805356988073739,2025
-0.1115295645041537,-0.02050837965593183,2025
-0.11011357858525368,-0.03564519120890329,2025
-0.040978244877084305,-0.07416210501882255,2025
-0.042095045335027156,-0.06818152858205959,2025
-0.011822095015561418,-0.016831847796473676,2025
-0.011822095015561418,-0.016831847796473676,2025
-0.03809976706294867,-0.028107621370462257,2025
-0.03958326979621059,-0.030895823959432592,2025
-0.06517852144117749,0.05704535871403894,2025
-0.06692496104959479,0.052754044369283805,2025
-0.0662821843122101,0.1075312717038483,2025
-0.08517035873559205,0.11308769312039732,2025
-0.1449115598609872,0.17751814760827966,2025
0.029043797540584032,0.12405235152468613,2025
0.020412199036245735,0.12953339702341407,2025
0.027171778873513727,0.12236498948830898,2025
0.02214896434692594,0.0498661427777852,2025
0.038964343318838995,0.056019253812975144,2025
0.030801467034620583,0.022694929722802668,2025
0.01657672418558781,0.009359991977705467,2025
0.028044640366087434,0.018911954559162968,2025
-0.11718475919926614,0.017582998635549015,2025
-0.1152691739679605,0.011723081303095524,2025
-0.10759026924436628,0.019529586419135138,2025
-0.08485048015102074,0.07024654673893095,2025
-0.09523680238005218,0.06558602074440181,2025
-0.1296889288829352,0.052593574753900814,2025
-0.12590810659596552,0.050515923567781715,2025
-0.12214298450556711,0.05748656841401821,2025
-0.19166856533483428,0.026435610875342457,2025
-0.17014326253029072,0.041748364060401257,2025
-0.06960441526219709,-0.10177779662602762,2025
-0.07842078090226441,-0.1115092724701342,2025
-0.07249822921647651,-0.09747238520412271,2025
-0.09886333538822799,-0.0684489372214697,2025
-0.01896780014697398,-0.10516220014913044,2025
-0.004867340318659041,-0.09756126628560849,2025
-0.03787335655153072,-0.06993812992517659,2025
-0.07943930708990284,-0.09352165314313032,2025
-0.08109537152391243,-0.09431320702528079,2025
-0.1181983058079157,-0.07258410037303557,2025
-0.1332159512616234,-0.015318068468978083,2025
-0.1320720432723847,-0.014928946504770238,2025
-0.10332819036218706,0.013331514806416013,2025
-0.11350196046375434,0.004719192112019183,2025
-0.06924904572517034,0.0032299317628315533,2025
-0.07204426745482496,-0.0011626319551076361,2025
-0.060859803352661626,0.06381996656263753,2025
-0.052135649096682626,0.06380496424607573,2025
-0.052135649096682626,0.06380496424607573,2025
-0.08935473450822247,0.012739363386621069,2025
-0.08628113375796377,0.011086583520378331,2025
-0.08628113375796377,0.011086583520378331,2025
-0.18133361940864406,0.024410623169359776,2025
-0.177332699747212,0.027220626112690313,2025
-0.1801026022398028,0.03547109304216254,2025
-0.14265593176572966,0.007729046779405335,2025
-0.14321011659083172,0.005764051991457526,2025
-0.20262740759689835,0.016942651636191762,2025
-0.20795747114986768,0.0122642222493884,2025
-0.21653964486198995,0.017509356684239134,2025
-0.040300151976401674,0.12942945552937418,2025
-0.06206284889178111,0.12688239771443371,2025
-0.0393109124490756,0.12384518050252462,2025
0.017925192358867345,0.14708220844165212,2025
0.018450305145229176,0.14652969576898556,2025
0.0010974153319234375,0.13629236543951329,2025
0.14877305247131561,0.05647784097168398,2025
0.16676750203930757,0.05724379758026705,2025
0.16935285984542725,0.05887266075653053,2025
-0.06410653342707866,0.08699071283756443,2025
-0.045512833643278086,0.09259796180612223,2025
-0.056173006014614404,0.0908968931835667,2025
-0.14268710700750153,0.1544811452455677,2025
-0.13621232441547754,0.1539390106905455,2025
-0.09227830600226623,0.2001476506545839,2025
-0.11268684794220697,0.1927936247876504,2025
-0.08487485465966178,0.19630871215310308,2025
-0.16378163655538902,0.17951635148363992,2025
-0.15563752824426003,0.17688711537143442,2025
-0.15619921989831953,0.17395377576111826,2025
-0.10852243419865003,0.1280577177611168,2025
-0.09090997780342121,0.05721012554355063,2025
-0.09090997780342121,0.05721012554355063,2025
-0.09734372452733149,0.03459176269486688,2025
-0.09627671490541391,0.03598890108168115,2025
-0.13448409051458415,0.07613204080605898,2025
-0.12117915186923243,0.08258485394841467,2025
-0.08939716373740196,0.056595647488345044,2025
-0.09189636716848233,0.05299587333219586,2025
-0.09705228553540766,0.024859708026798197,2025
-0.08192086184727039,0.04097580541266037,2025
-0.0691402117998949,0.04326695838354147,2025
-0.0691402117998949,0.04326695838354147,2025
-0.08609887149425795,0.05089071711651505,2025
-0.13335101545325578,0.013399369673829757,2025
-0.12300495998510143,0.0281212985814145,2025
-0.11402379582067064,0.028884626414127607,2025
-0.11535978482086491,0.02406653447552398,2025
-0.1135990340428679,0.029803531544275463,2025
-0.10870219533752136,-0.04027479848547358,2025
-0.11205966067596905,-0.044597110330840156,2025
-0.12170314428291608,-0.056798499359381194,2025
-0.09138393507794661,0.04831486741770363,2025
-0.0886618684589759,0.05475322135696835,2025
-0.1253860336679974,0.09542744495515705,2025
-0.12383324735335195,0.08987606456895558,2025
-0.1253860336679974,0.09542744495515705,2025
-0.1505540582678529,0.0811742668127047,2025
-0.1627362653887034,0.06986659972633981,2025
-0.16647459999790098,0.03332711628090522,2025
-0.17007139709450741,0.0322598830186024,2025
-0.09787703495379059,0.03073849760319316,2025
-0.0904385556266402,0.034650437690940485,2025
-0.09960160750384038,0.034870155368327944,2025
-0.10567953551363386,0.03875839619372534,2025
-0.09492197276060303,0.04500819950119214,2025
-0.12075841166201946,0.0384098154939955,2025
-0.08344392836234406,0.14100918235134666,2025
-0.07337928617585908,0.13686781459400618,2025
-0.0851485255480355,0.0906152171778956,2025
-0.07370449695013438,0.09709803762740668,2025
-0.03645923527937801,0.11842513312281891,2025
-0.02424512805556632,0.11973589180621384,2025
-0.03255754700038864,0.1184025778731267,2025
-0.061253292346634416,0.2069950782627378,2025
-0.061253292346634416,0.2069950782627378,2025
-0.08859867036032477,0.17629591380214074,2025
-0.09387974181525334,0.16352351298500953,2025
-0.08603655481577889,0.17083426420279357,2025
-0.1292608320129145,0.19710271060314358,2025
-0.1615910758378843,0.19581211165371643,2025
-0.17949331969520954,0.19254772449650237,2025
-0.15187547982627958,0.14335017030304653,2025
-0.14711174710851505,0.14096472786250688,2025
-0.15441914084832264,0.14083851142582793,2025
-0.09535456990375975,0.16214306062441664,2025
-0.09795790077920478,0.1542765381514476,2025
-0.09505830650019202,0.15919049066528185,2025
-0.12564988988613102,0.16105143383200557,2025
-0.11081618592592214,0.1701542005607081,2025
-0.15069421406570022,0.05835999718260119,2025
-0.13859960994495685,0.054217108965099986,2025
-0.14297026005848135,0.05362908420154565,2025
-0.13516920657703552,0.0674886693279236,2025
-0.14878377762513978,0.0624437420385888,2025
-0.13397980813828025,0.06925454224831754,2025
-0.16589268057131523,0.05917894991815867,2025
-0.1593421904427419,0.06717827122369344,2025
-0.1365787842193733,0.12963941808661297,2025
-0.14245697829308385,0.12696449883125777,2025
-0.1442540155154352,0.12673908914160184,2025
-0.09338808110666653,0.1419540434267627,2025
-0.0725141601630906,0.15638271836377257,2025
-0.07232899594049459,0.15667936938710172,2025
-0.013834387038912849,0.20272687270960082,2025
-0.010699173466485162,0.1990710527786943,2025
0.07096448994965399,0.18839127201813083,2025
0.06905588549240216,0.18629560241907694,2025
0.06872854057548512,0.1824880914498269,2025
-0.15357007914249443,0.0730371174535324,2025
-0.14591766998654593,0.08073402206621227,2025
-0.14550040175061774,0.08153271104152554,2025
-0.1533047652902959,0.14683171484643037,2025
-0.15020550581589537,0.14681146089746816,2025
-0.167914499076051,0.13859038637032534,2025
-0.1637487897431369,0.15301155305065584,2025
-0.16299927604097492,0.14999206896142178,2025
-0.18754450728428823,0.13817679187668272,2025
-0.2095602274975495,0.13193775815013903,2025
-0.18856361367290908,0.13946808447405737,2025
-0.2067501359039025,0.1313224608421669,2025
-0.19643412232972707,0.133054587944919,2025
-0.21962187493328517,0.12423264716557456,2025
-0.18550368505160225,0.16116671483611156,2025
-0.17303815759356106,0.16492245535813674,2025
-0.17624027203931908,0.15816989526630518,2025
-0.1945628998743681,0.208429714629193,2025
-0.20399363930416287,0.2008852178190116,2025
-0.20879054285412973,0.20336275381449584,2025
-0.17481390616987652,0.1362903199650542,2025
-0.14975605708535505,0.10136537774453612,2025
-0.15979579472796318,0.09031296776928739,2025
-0.14453070319584227,0.10938233165720357,2025
-0.1129018990126175,-0.057924619780201164,2025
-0.10511676894185114,-0.0493698526779973,2025
-0.10511676894185114,-0.0493698526779973,2025
-0.11323704628429211,0.042341874553296445,2025
-0.1173258873412298,0.04086051070516346,2025
-0.20195702393098863,0.12033870743188727,2025
-0.19901568026528077,0.12221378598695949,2025
-0.21531449668605113,0.1130611032356175,2025
-0.17784309675388676,0.2183298264371928,2025
-0.17733554742029695,0.22191836063863044,2025
-0.08776969731479918,0.13574026294556776,2025
-0.10059350089820764,0.13260087851936342,2025
-0.08295653795122794,0.1404654391127727,2025
-0.06221947706556043,0.03422050356696768,2025
-0.06263699714681249,0.04227800342985408,2025
-0.09156251552381185,0.10856512886341715,2025
-0.08620860960957928,0.1137616222041637,2025
-0.11600527604934431,0.12296857621920415,2025
-0.12040814019011677,0.12433877757309114,2025
-0.204516968585916,0.06666542383965157,2025
-0.2133299977157515,0.15351347858586398,2025
-0.22531650028965716,0.1545074866844173,2025
-0.19715134825953584,0.1554607652233272,2025
-0.17103428418174338,0.10933143652638061,2025
-0.16313037164697736,0.10363974997432882,2025
-0.14878395510730824,0.11626565742254313,2025
-0.09801316405302642,0.07658631689224529,2025
-0.09918247637626838,0.07964030659277882,2025
-0.1601585117186592,0.07485712177407355,2025
-0.15731432809909812,0.07288951645741418,2025
-0.08065890746789901,-0.006728834292926991,2025
-0.08774782819430664,-0.010224587137742769,2025
-0.08280357309056686,-0.008031331348894173,2025
-0.020770503763158144,0.016653634268249944,2025
-0.002321103210737363,0.018991628434820055,2025
-0.045734217035366856,0.026423342272122056,2025
-0.037522505767765404,0.033729299588870866,2025
-0.037522505767765404,0.033729299588870866,2025
-0.09389672392164329,0.0174789599291202,2025
-0.08386939894004135,0.025592320960037024,2025
-0.08374024168610734,0.023473673574583423,2025
-0.08127291531190538,-0.024445191006558176,2025
-0.08274458739599112,-0.02224406748885304,2025
-0.18609045290521314,-0.09448210323615538,2025
-0.19802767018763806,-0.11336380532554532,2025
-0.11945955537863602,-0.08066898531654834,2025
-0.12177318856880455,-0.08560489256678033,2025
-0.1277409057736531,-0.08627423360662043,2025
-0.06692280688976,-0.09214539687418039,2025
-0.060858268709833255,-0.08595555505197224,2025
-0.08246717209050299,-0.056846172098542674,2025
-0.09238235638596788,-0.056439946713031056,2025
-0.14011817474460103,0.03977564819404936,2025
-0.1354131262604158,0.04074039375392939,2025
-0.1370033661458534,0.04279545797130631,2025
-0.14977187731590813,0.011495976536443936,2025
-0.14965034716546555,0.01055695862244884,2025
-0.18481946786017872,0.06667665429881109,2025
-0.1946216346372754,0.06309658416328567,2025
-0.18245972788327847,0.06846917481669865,2025
-0.1389967261489347,0.04100258162567258,2025
-0.15319637054341267,0.03588949520286905,2025
-0.13392305377114744,0.04236080730692819,2025
-0.08148438413559399,0.04107013125115742,2025
-0.07390366605452943,0.04129360641309449,2025
-0.1186309123303211,0.06281149307774536,2025
-0.11803122455480718,0.056007387044498536,2025
0.05913822127813226,-0.19168653275477787,2025
-0.005141647330988264,-0.22430988136349317,2025
-0.047074167595416036,-0.21471265656126037,2025
0.03393409387671898,-0.19271698981995147,2025
-0.11771619180414102,-0.22583313294494461,2025
0.07500531258752637,-0.20147311882035862,2025
-0.0922684116118465,0.19168102158130054,2025
-0.05491607694663238,0.014079109583492112,2025
-0.11081314188424725,0.19351369351553388,2025
-0.05458944965992367,0.06762107507566228,2025
-0.1739648638255355,-0.18374899893231084,2025
-0.11645439847095147,0.19895478823645818,2025
-0.09562643492196767,0.196597549828219,2025
-0.14221743844405915,0.09274908288360206,2025
-0.1335071352504547,0.11185419965867474,2025
-0.11705037486875887,0.1868434246570725,2025
-0.09298693481638211,0.0785538540325287,2025
-0.03220524264916037,-0.11823089271204981,2025
-0.11767141209684236,0.04689912012889762,2025
-0.007293489966033892,-0.016722996303808774,2025
-0.09090334934166978,-0.07704554378977355,2025
-0.07986107298843799,0.061195757708739154,2025
-0.008684282381446626,-0.031699656904440224,2025
-0.12305884547702588,0.22435713409546437,2025
0.021945079196715678,-0.10037497091851366,2025
-0.027755130541217712,0.22530429625262596,2025
-0.08868866944581834,-0.01614011440472335,2025
0.16819980815606156,-0.22615800418933307,2025
-0.1434289106305761,0.0860170111040309,2025
-0.07633426615986845,-0.18531016453244684,2025
-0.010412237883703518,-0.2425444918323698,2025
-0.12562326040809696,-0.11959736581279956,2025
-0.0912569277723634,0.19314462531542548,2025
0.016999608648518752,-0.22612885832424362,2025
-0.08023519229984004,0.2031905679599724,2025
-0.12817686168140485,-0.12514350028824708,2025
-0.09781417025577445,0.06860579422875873,2025
-0.09231757705537265,-0.003991288879492863,2025
-0.10109482651288502,-0.008697840113436585,2025
-0.19469901574848797,0.05126234303644743,2025
-0.045211926133102834,0.05550757655198021,2025
-0.09531811386259532,0.06281782712112782,2025
-0.111994156997011,0.01571185715330397,2025
-0.10606533711546569,0.07993815602228124,2025
0.01082508240560727,0.008337598582678747,2025
0.1232680131071227,-0.24039047693172172,2025
-0.08504140452986488,-0.2545240499706775,2025
-0.09426064053337517,-0.0525618731412935,2025
-0.07844671919606284,-0.25068751675907763,2025
0.06788142423615148,0.005461170380859692,2025
-0.033704615341281566,-0.16347670761471858,2025
-0.172517390636915,0.14509866538041702,2025
-0.12583714464688261,0.09153666308452074,2025
-0.0012852876127439489,-0.1182968713714736,2025
-0.0010936558208929914,-0.14060099058290404,2025
-0.13597190431526401,-0.05020726540080005,2025
-0.2076578267622829,0.09049531992525214,2025
-0.03376527548624726,0.15451843025179524,2025
-0.1357905854944177,-0.049877308611307763,2025
-0.1399720897219569,-0.05492957814579329,2025
-0.1578360105964296,0.04930670577642851,2025
-0.15152407824025205,0.05593200006129036,2025
-0.11312479724708117,-0.10844935763060878,2025
-0.11947286347365445,-0.13019601253927282,2025
0.050589266510222955,-0.18024890113384495,2025
-0.06506425498311193,0.005356000509531021,2025
-0.12248721434374608,-0.13718853394425093,2025
-0.038284307079679905,0.09766478621491474,2025
-0.026162753038990502,-0.2454547237331704,2025
-0.03556667274946869,-0.2502619010986321,2025
-0.029688191902560432,-0.24740372158924107,2025
0.01310452866069825,-0.05818959647259879,2025
-0.08635665286052747,-0.07716240801355208,2025
-0.01128603561239136,-0.1611737635963737,2025
-0.19664005238985988,0.08446957687253842,2025
-0.08600404652181194,-0.04972619411366179,2025
-0.016774313329795967,-0.1646965586858179,2025
-0.18084689979292207,0.09104732759280632,2025
-0.05944820369778246,-0.13721828416634327,2025
-0.07565867251865978,-0.107770782293935,2025
-0.11164970484972479,-0.07741008840012444,2025
-0.04052960989937977,-0.2407787240173454,2025
0.09288929427264223,-0.19682761392837628,2025
0.09145373701889492,-0.1916507011697088,2025
-0.06354358627715913,-0.1379910962082849,2025
-0.02461010290711517,-0.012905275111411103,2025
-0.07131998953412542,-0.14323106289477167,2025
-0.09132117033614705,0.18881398110034048,2025
-0.013969629393694824,-0.07201064253511556,2025
0.1305632450402982,-0.12088626399081631,2025
-0.1072865949787123,0.22571182398171014,2025
-0.10997638245665557,0.0012189234427333467,2025
-0.10287942916144723,0.005004088111196028,2025
-0.020759229391006884,-0.06825897074758769,2025
-0.012240397847697065,0.3113766132690804,2025
0.1110514860809594,-0.2116481318009476,2025
-0.020347050475834613,-0.06647931643747992,2025
-0.17238089717265975,-0.056729062845608275,2025
-0.04871010022668444,-0.021804827788847687,2025
-0.011518814452837728,-0.05717421716428647,2025
-0.15196468536741453,-0.15119582562208556,2025
-0.07500079814559608,0.05010849530689432,2025
-0.0904283897323853,0.03404384451251581,2025
0.07290779637084813,-0.12332521942637573,2025
-0.10175094828944088,-0.25205107332979365,2025
0.06371371052494075,-0.3118731981808107,2025
0.08038734939590396,-0.3050673976122918,2025
-0.08390464554095937,0.009700947303299463,2025
-0.0647451991890421,0.0491252059699267,2025
-0.09490266024936846,-0.06723973216343623,2025
-0.014120014228133734,-0.21500390116737622,2025
0.0521451404448289,0.09551999735219038,2025
-0.06499479103033594,-0.02623050857015806,2025
-0.04681284393140166,0.04546761663701034,2025
-0.11352462804776246,-0.2001888875841362,2025
-0.09685950364812725,0.04696348251033129,2025
-0.06049026575653195,-0.17078337050902725,2025
-0.06916884416447523,-0.06437037802525922,2025
-0.06916884416447523,-0.06437037802525922,2025
0.06246363288000697,-0.3270394873388227,2025
0.07906381102481297,-0.14239883975327605,2025
0.08210871273300184,-0.14426661638051086,2025
-0.12870381496240485,-0.03561289779047033,2025
-0.15290591664915087,0.24008123816286703,2025
-0.1591199389669017,0.2314954841041828,2025
-0.06227554815135415,-0.12620609483036999,2025
-0.05933268456148437,-0.006709325925543401,2025
0.03571043115441842,-0.1590744939234066,2025
0.03406350054753534,-0.1599863222669611,2025
-0.18363970031228655,0.14523550085677397,2025
0.027097099159911445,-0.16415163992435217,2025
-0.03374344986969295,-0.15515404824674556,2025
-0.1576324936873818,0.06888731134848672,2025
-0.12342039266910827,0.01952578194957465,2025
0.08033039669445982,-0.16407502154612263,2025
-0.12125805180545178,0.23271442934428216,2025
-0.009287910731593796,-0.20304578295702902,2025
-0.08858187464356258,-0.26562184432166913,2025
-0.035437110104817274,-0.14947865785137,2025
-0.06643743590021468,-0.15773092836387065,2025
-0.0697448257860211,-0.27569664040494124,2025
-0.157367047762343,-0.19557374377844858,2025
-0.034729680146352374,-0.1553782562958047,2025
-0.05830767240790723,-0.14823843359139144,2025
-0.05102902431780405,-0.14682698355593293,2025
-0.060571759662572014,-0.1527859558509797,2025
-0.08969099456557662,-0.2269202185970276,2025
0.037956232775619825,-0.09855731230216652,2025
-0.08744434035128952,-0.11671406948952276,2025
-0.17959078663885103,0.12357523605658358,2025
-0.03300202159297132,-0.19874401128129246,2025
-0.039425963854284526,-0.20585545031567082,2025
-0.011411637475837413,-0.22681891893390832,2025
-0.07024958717667375,0.003046764569984227,2025
-0.027602703754003186,-0.24509452398492904,2025
-0.021537981302142253,-0.21348734625041293,2025
0.03364669898479117,-0.16571293176073415,2025
0.023292122164615833,-0.010110752284249944,2025
0.03926952263719866,-0.17577011603418108,2025
-0.1285881871905234,0.18985080499180168,2025
0.0222769117429394,-0.14362326190600488,2025
0.0003030816783429202,-0.19196829048519076,2025
0.15897691151612242,-0.11121306068582792,2025
-0.10597143810618835,0.17098050049394553,2025
-0.020629683432634827,-0.28148064637419545,2025
0.07707335127112208,-0.1317119900007014,2025
0.07562382344745261,-0.14153658397676333,2025
0.019282258945985994,-0.21427603924283178,2025
0.021584737418873276,-0.21122369518117207,2025
0.07625442473329108,-0.14265980738151868,2025
0.009764618709745043,-0.2745949631694041,2025
0.007694473534575794,-0.2784850671012419,2025
-0.0047940530779709695,-0.3170085884539723,2025
-0.15513425746745446,0.12219792767187998,2025
0.015770739235126716,-0.25083040139880364,2025
0.02514185860616873,-0.2456347808312504,2025
-0.18668018541244308,0.1483708004924288,2025
-0.014645310270271952,-0.259071176047109,2025
-0.013895001089045594,-0.256580581809525,2025
-0.006744926533235648,-0.18134997162708588,2025
0.06373998339646468,-0.23494603879871373,2025
0.03279874519240214,-0.07389664405393048,2025
-0.11026956478040818,0.14971017785379973,2025
-0.029212088159435448,-0.1998764154730868,2025
-0.0751594350786245,-0.1014785158939974,2025
-0.10715601953817354,0.14679708205251324,2025
0.031904584642149396,-0.07562411389760604,2025
-0.18812725176754463,-0.14678494840957473,2025
-0.05136175328077934,-0.01418707897165232,2025
-0.12719366837940643,0.03970816839235475,2025
-0.06755824911966408,-0.17748637665110156,2025
0.06441352794186803,-0.23576128005023067,2025
-0.07485050365905939,-0.09960212655318926,2025
-0.14264177369339937,0.028603382722138762,2025
0.10317573310307507,-0.12719245108503419,2025
0.10454514281639765,-0.12479424411964382,2025
0.09073255166946576,-0.25547691099475267,2025
0.010004720865891617,-0.23122118642162903,2025
-0.09421638647728582,-0.011731102320747512,2025
-0.14836636105988155,0.027480163552067144,2025
-0.07708902323766718,0.0006122185625733259,2025
-0.055835812292436435,0.02168215339104043,2025
-0.07422155185932618,-0.12757142959664258,2025
-0.03697435827010183,0.08106692222210787,2025
-0.1027025677970624,-0.006769513996357744,2025
-0.11632247624911464,0.047053890022602005,2025
-0.029061083345027855,0.14876759852981808,2025
-0.11199900811375492,-0.1468272522225888,2025
-0.11626115336329075,0.048630035019397506,2025
-0.1245991746586755,0.06806905564399915,2025
-0.11638185039883027,0.07904972451941802,2025
-0.047583017832885335,0.13306478926084772,2025
0.01610642488041289,-0.04830130283500872,2025
-0.09495383422107119,0.17768995082898398,2025
0.01528703226966159,-0.12597601061836788,2025
-0.09966586292549003,-0.01310951597291065,2025
-0.04007527949790325,-0.21051693305278435,2025
-0.05580601316121149,-0.14189849218263034,2025
-0.0773999219199535,-0.16973216997291277,2025
-0.04949050329965497,-0.1385033371987744,2025
0.06999413211143439,-0.22160625763323838,2025
-0.12905047495133742,0.1780862325932681,2025
-0.12752752111097826,0.18250346264806117,2025
-0.13834437846325948,0.1797270645529775,2025
-0.07152850783361177,0.03167605603825619,2025
-0.10002405395124457,-0.23980248378126506,2025
-0.14576656420998524,-0.04467109125212093,2025
-0.0932170506504713,0.23792356929454395,2025
-0.05486822762499004,-0.13760847790422925,2025
-0.05771691271413333,0.29621641054969383,2025
-0.11744002206657382,-0.20684896198405017,2025
-0.1194048371469187,-0.201604224424221,2025
-0.11442213035097427,0.2721609541787649,2025
-0.18529827035669427,-0.14142271230650408,2025
-0.09216460098627248,0.2943651107789644,2025
-0.07177201481011865,-0.214934525117013,2025
-0.11374493240143106,-0.14115543214926318,2025
-0.12183367396733417,-0.14939366635858425,2025
-0.04970459386659805,-0.18456830329425442,2025
-0.07413171293804664,0.3018282297398349,2025
-0.007723438814122227,-0.15740541804061098,2025
-0.08619926890972858,0.29750949123614934,2025
-0.01673247580834429,-0.1808829184150177,2025
-0.07483146123621333,-0.09523089393679576,2025
-0.07911800122082437,0.27492704539953744,2025
-0.10446290611836302,0.2746118858700313,2025
-0.1809566496147315,-0.14685314992771642,2025
-0.10810256180501733,0.21558455198614998,2025
-0.19507362166868308,-0.15509729662485866,2025
0.0985482674302515,-0.17127297622876506,2025
-0.1858691724596585,-0.14871800259142254,2025
-0.044154668377861486,-0.19328572855850085,2025
-0.004540952124715655,-0.20475820172582854,2025
-0.15279400864339326,-0.11393101594744501,2025
-0.15183746310701257,0.13377109517201474,2025
-0.10948107683490778,-0.11745515742546825,2025
-0.15279400864339326,-0.11393101594744501,2025
0.11942625822428056,-0.22833398606932953,2025
-0.045400189785593834,-0.20330860442769155,2025
-0.22363614595968523,0.14238846937260957,2025
0.017524755633633454,-0.0907202105881248,2025
-0.044936425827565254,-0.15030266205636575,2025
-0.10301523968175309,-0.1338536887386384,2025
-0.2476533848977897,0.023976532451767764,2025
-0.2426240400071204,0.05295943261277783,2025
0.04108408978279325,-0.21990395098269455,2025
-0.0032296042156360477,-0.21997169165742653,2025
0.10500688291289154,-0.27267450135280036,2025
-0.006038570400742974,-0.2043127403766443,2025
0.004740141883257679,-0.1980943913539951,2025
-0.020478125691553287,-0.29425381339448425,2025
-0.08642012097446235,-0.2588500126114488,2025
0.07778596112257444,-0.28569711097354095,2025
-0.08160600443281955,-0.11590933782387591,2025
-0.11747787310375123,0.08764291037776155,2025
-0.1331968211805052,0.008066341460250717,2025
-0.10468849009865315,0.09501439354451843,2025
-0.12512410912820088,0.030582562740704797,2025
-0.17327834828834426,-0.05774822986596709,2025
0.1350064301060297,-0.24187495451961888,2025
-0.06368717505249756,0.03570248662449484,2025
0.16569396987837376,-0.2731951630299321,2025
-0.03863370885565166,-0.009629501918376769,2025
0.16711562305578215,-0.27761495408276665,2025
-0.128348603567504,-0.11130757816189835,2025
-0.04574307253579772,-0.08121862403855318,2025
-0.12938672955182073,-0.033987370603039635,2025
-0.1266219980618118,-0.1400783271952364,2025
-0.12399494489974343,-0.07608081643880812,2025
-0.15566555622405592,-0.05796121036332624,2025
-0.013201718392504239,-0.11273335671352047,2025
0.019468661704021478,-0.11480993595313133,2025
0.017288251471563584,-0.19058071507294963,2025
-0.051340545545464314,-0.016030742311880217,2025
-0.10655457407009024,-0.014096825698103374,2025
-0.09286932499775281,-0.0058659310341924314,2025
-0.009889562728053303,0.11432650600028807,2025
-0.1065865984328652,0.00014420674192638233,2025
-0.11812088930181174,-0.00891167902560673,2025
-0.01164871624004861,0.11633128099144696,2025
-0.14682296708414455,-0.006343813171833142,2025
-0.15249623024914916,-0.01260191304660506,2025
-0.17000986387767786,-0.1787509845062702,2025
-0.05911050216320847,-0.24568321145270866,2025
-0.06080684697515172,0.23172608282104523,2025
0.0265801815698658,-0.09857806298108962,2025
0.06839164658026378,-0.08619341282670315,2025
0.011595227835407243,-0.23551053109268366,2025
-0.15598847679245997,0.021949956060966794,2025
0.15109100455190036,-0.0409406282468214,2025
-0.17201365057503376,0.04207726547340835,2025
0.018917143733410982,-0.19433386389588123,2025
-0.16488232795885488,0.16980789654692433,2025
-0.061516405941013166,-0.12575641400026227,2025
-0.027965593675754172,0.194038353151939,2025
-0.09109677262761874,0.15085605851335526,2025
-0.12860387035729876,-0.15818027401701976,2025
-0.13390475721902872,-0.15507224822617613,2025
-0.1206815870155636,0.18778343568870698,2025
-0.03353385489734352,-0.21474017171506599,2025
-0.03350491736024015,-0.18877335648250862,2025
0.00837309268004878,-0.21933994452270977,2025
-0.11443250202205098,-0.22738249496207275,2025
-0.06359687371865812,-0.03199376821994501,2025
-0.10181281311843067,-0.0728778517045206,2025
0.0042360885608403315,-0.15095826222787387,2025
-0.10519014998056993,-0.08353478671004745,2025
-0.11447645106235378,-0.029611524815399165,2025
-0.12920173823131598,0.05264272452632455,2025
-0.11861086953474971,0.058029624505044786,2025
-0.1289419706956516,0.05153420866885125,2025
-0.09729515021282532,-0.14236891190906908,2025
-0.09942741488564331,-0.15320647564822884,2025
-0.15083193951601032,0.020346107535998553,2025
-0.20847953708438088,-0.026639663018524787,2025
-0.06456577665035608,-0.1954279961403927,2025
0.004401972626927972,-0.11502449476184223,2025
-0.0537009489283823,-0.17274964856024774,2025
-0.1748553748621694,-0.08097546456050747,2025
-0.04671940115418023,-0.13986070439307344,2025
-0.0750424972015626,-0.10485388486248792,2025
-0.1442372864823307,0.028201805507241728,2025
-0.26200374780886876,-0.042002560755488874,2025
-0.11672317886784218,-0.14428791226391582,2025
-0.12012011118634859,-0.14667674881912243,2025
-0.15302425997367702,-0.08962401695081543,2025
-0.1022703428473823,-0.15531273013608554,2025
0.01127486458490419,-0.240385742148094,2025
-0.09037715900767233,-0.20745551394236028,2025
-0.0830548024277561,-0.07679778140207598,2025
-0.13174150391459505,-0.1426749757642323,2025
0.016425379504292043,-0.22680209866418066,2025
0.12718265166876064,-0.21088121853388875,2025
9.574833576213304e-05,-0.24771774156548032,2025
0.014605462620050982,-0.16677419768221646,2025
0.03700818296118034,-0.14138368811135768,2025
0.0005578622430873342,-0.20686301907562465,2025
0.010066409048787264,-0.13919047425228212,2025
0.07783958185974271,-0.14476716489504524,2025
0.08359152827708416,-0.13921879193444703,2025
0.07557647614097954,-0.16389575956483074,2025
0.10007134709616325,-0.20388820375873307,2025
0.10852879625893207,-0.23528989726581767,2025
0.14848787805504549,-0.21186147472097128,2025
-0.01915318564623532,-0.17044644640549733,2025
0.09197739552735147,-0.26603212857825764,2025
0.08809077897309324,0.25528312040959444,2025
0.08441833037553298,0.26215928682033773,2025
0.10511827731371445,0.28751574435082994,2025
0.09536155534857116,0.27449943522173326,2025
0.08356418696646314,0.2345193372608237,2025
0.08850211375688652,0.23318158936849098,2025
0.04109191908981699,0.24046357839474705,2025
0.04132070164225444,0.2176861373447998,2025
0.05437748953107398,0.17622854394183066,2025
0.07644287188024528,0.2077910652845678,2025
0.011293612165182668,0.1948461288065732,2025
-0.0552213393550985,0.20740649996161403,2025
-0.03787060059852691,0.22356499614990963,2025
-0.0733499422780849,0.20718236426125308,2025
-0.08983447977835042,0.2928082809049385,2025
-0.05168492606944326,0.292074739715824,2025
-0.0298439659244107,0.16213435251362768,2025
-0.024188063414814817,0.17950523162701099,2025
-0.02770157395134848,0.17923128644363773,2025
0.020291201374435602,0.1610154318307337,2025
0.07351381539864002,0.22281469275643156,2025
0.07973322717251155,0.1915426304909029,2025
0.11768395131983136,0.170322792532787,2025
0.0849170955628521,0.2080213060290355,2025
0.008610564247370403,0.2362984253864384,2025
0.005134268754375407,0.236973182440693,2025
0.00567564043953013,0.14466691032296386,2025
-0.1472917373071735,0.20320560635705145,2025
-0.1567936958563153,0.20967921147570345,2025
-0.17459204215417473,0.3094470430703987,2025
-0.17348010344854453,0.31034461991503615,2025
-0.036101268272360834,0.24589724759046122,2025
-0.009381633464258146,0.2454083773519398,2025
0.010662644769228388,0.1750654934432036,2025
0.01156115194950659,0.18246708890288948,2025
-0.14308882558768432,0.32533479568484697,2025
0.05462914048079199,0.20940152169981963,2025
0.030825998489627693,0.22873834350321032,2025
-0.11559984359273463,0.17816864384339273,2025
0.008758104617101511,0.22957534591315087,2025
0.008758104617101511,0.22957534591315087,2025
-0.0015345432710515139,0.1820301442865907,2025
-0.18646300038222852,0.3090910297327302,2025
0.015567194404325926,0.36253092838905676,2025
0.060210885879903586,0.1513800580341165,2025
0.028623412548406932,0.11389833960810358,2025
0.027994040001247375,0.11437711437404327,2025
0.06999715699627151,0.1442340988278156,2025
0.06852512842387576,0.14206758674158543,2025
0.15882912950830502,0.17295127166547375,2025
0.06366661686221,0.15412769445295094,2025
-0.04425162432110209,0.1121052415424941,2025
-0.00813388913755915,0.06953177145340883,2025
0.04845966118092654,0.09219634417793063,2025
0.031318230457169235,0.1343979603130394,2025
0.027297583893151192,0.14478478493617916,2025
0.11566536213128027,0.1474348341714401,2025
0.11357019039196085,0.14714634069313257,2025
0.08845153127681335,0.10628427574148058,2025
0.0839642034665333,0.11436561029760725,2025
0.11189736961049859,0.12813424537566287,2025
0.07452805095214046,0.0801081733443039,2025
0.06821105507475325,0.0818651702411702,2025
0.12118872937401823,0.06914712732113663,2025
0.13157036647769602,0.07179991175618619,2025
0.13447297473376618,0.09124444472145027,2025
0.17154229605821575,0.12660886533055224,2025
0.18260198682148077,0.11122867018839361,2025
0.22662288851145013,0.07752181908253866,2025
0.2072518848520556,0.0720215527642343,2025
0.2026405987019384,0.10193504737404027,2025
0.22584793291887878,0.09113976274868307,2025
0.23456140727504698,0.0696196975708498,2025
0.22196993897275696,0.050927774321298275,2025
0.2574087889746496,0.0732805498290226,2025
0.24291245781133453,0.08794003503557998,2025
0.23581716455305252,0.0708486424304359,2025
0.23854672542756805,0.0695925165927992,2025
0.25314771769106637,0.07580368840410477,2025
0.2537925930833618,0.07896495648956672,2025
0.24104004403996965,0.11313502506248783,2025
0.024009410880193024,0.18192072381611038,2025
0.01680714765914347,0.175923192106899,2025
0.058563598531823184,0.24151238305408296,2025
0.10828942615749285,0.26384968407907183,2025
0.029931706264700403,0.20304592758497159,2025
0.048031169691504935,0.2365833813261157,2025
-0.011012258291766372,0.18413641022541566,2025
-0.01711215309215129,0.18236718370701194,2025
-0.03716377999384947,0.22097302910000668,2025
0.019300526874665533,0.2091155380049156,2025
-0.10612763303182858,0.13985378196020953,2025
-0.10531007382755299,0.14417624722718075,2025
-0.053086134244633834,0.1672644620784705,2025
-0.05855300893125061,0.16488914677534058,2025
-0.12821743517823458,0.18436166909886134,2025
-0.07024105027276363,0.1289813840448699,2025
-0.05802185427511723,0.14098816913650358,2025
-0.1092558614548383,0.18722525208388346,2025
-0.11843005964040267,0.19095940000776362,2025
-0.16841969430932224,0.10632102651314251,2025
-0.16852632936553452,0.07413057906110526,2025
-0.166941445907636,0.07672948084878797,2025
-0.06401951767787824,0.15297291467448254,2025
-0.011339137832832677,0.02614881756280732,2025
-0.013567125124470836,0.019190816888361044,2025
-0.03834399450056715,0.027466296271050728,2025
-0.04352671719713046,0.021859654363617278,2025
-0.0667012093783848,0.04838669928400853,2025
-0.08277071556193212,0.020545265401950286,2025
0.025498864600796978,0.024030103526479128,2025
0.007036468252946598,-0.014222593442659831,2025
-0.08756922169899319,0.09560137062069629,2025
-0.11127680754572174,0.08423338962123532,2025
-0.1346011213039695,0.28765325524867247,2025
-0.13507728004965747,0.2893781466188104,2025
-0.11058673836870249,0.25189231963821057,2025
-0.0869341656187032,0.2800309855139905,2025
-0.10356194518880575,0.20555004530018425,2025
0.024934959650843955,0.18289208364505496,2025
-0.09919985405648636,0.15467918116724075,2025
0.02887428632908952,0.10445073864306476,2025
-0.11244984720656707,0.08901643660075201,2025
-0.10853891150153035,0.09479279273750602,2025
0.06112885012612273,0.1430706241407158,2025
-0.06291922362716547,0.16569154156968877,2025
-0.12041471008296402,0.21915854163821813,2025
-0.12694028034652793,0.23184753061682295,2025
-0.1318128822443615,0.22200566663444468,2025
-0.09019597097798178,0.2052514358212461,2025
-0.04740818784965696,0.22970685902850158,2025
-0.07449019121441637,0.14101597799587318,2025
-0.06956065905782323,0.1450458742253812,2025
-0.08869862012336475,0.0077388452964800986,2025
-0.08673661609733517,0.022105650979070867,2025
-0.07100180506868724,0.026869228686396976,2025
-0.028174392152228278,-0.01046335740176605,2025
-0.01333715076420705,-0.042239333777211174,2025
0.012710533691366876,-0.03863811164366582,2025
-0.060003020619051786,0.10428766825980594,2025
-0.07960549911844676,0.21793679837683938,2025
-0.1265098818695013,0.1744029951025431,2025
-0.054457306776476186,0.1164592778275833,2025
-0.15818302368520448,0.1769355283889399,2025
-0.13292534970681452,0.27230327244411795,2025
-0.09776261209133429,0.21299411433751766,2025
-0.02892163403367136,0.32372071737662966,2025
-0.00201840498295959,0.33224984644597333,2025
-0.011010592216393042,0.33931058119904256,2025
-0.02252949585100704,0.28784654962637946,2025
-0.11498985956541065,0.2383178643252929,2025
-0.1886280973861622,0.18344759452014864,2025
-0.03901353490198116,0.2143511265471496,2025
-0.049201463935005255,0.285420076420256,2025
-0.05260083281639745,0.28919073462452255,2025
-0.0460161959834406,0.2872390961041261,2025
-0.11801513372294449,0.15395369304064796,2025
-0.11641012006767894,0.15501519866348767,2025
-0.06744689262552835,0.16650262459698395,2025
-0.1601097568906678,0.06975209223719078,2025
-0.14307389676270965,0.08797172603814493,2025
-0.0614186109544569,0.04135880282144985,2025
-0.03134358238448237,0.1231276911287238,2025
-0.03359024597998435,0.12150861984283695,2025
-0.041188506241311276,0.11167405357540183,2025
-0.06814993067378729,0.1218892327989675,2025
0.008713312370481799,0.08350081341535663,2025
-0.021177385461286738,0.06989000305120857,2025
-0.02028918031998038,0.1703290867549053,2025
-0.011189360811978702,0.17547216982884734,2025
-0.06368019127392933,0.11358779424563709,2025
-0.027637574253534955,0.09623083014333912,2025
0.047597237309059875,0.19378925757322563,2025
-0.014458610330121219,-0.06008967561336814,2025
-0.03714242272725317,0.07984127647674391,2025
-0.027603808048229303,0.08582061316177686,2025
-0.03844396428600928,-0.024373062041858698,2025
-0.06255531711555702,-0.06498156674390934,2025
-0.16917062640085162,0.008087338242765557,2025
-0.19951247721355214,0.017869045933604513,2025
-0.18986656969168636,0.02390438444869435,2025
-0.17808552961623775,-0.005510844190838811,2025
-0.18016214419401738,-0.006647674196120168,2025
-0.12479715809518362,-0.026537157060662578,2025
-0.10356753310191467,0.011495496498303698,2025
-0.10932398172697592,0.10073455589975767,2025
-0.09524642579278177,0.10519697037369352,2025
-0.15988543268244926,0.12072254189160245,2025
-0.2109042760642615,0.08940172129385171,2025
-0.16562040214091694,0.044845361251288476,2025
-0.11531760805381706,0.011645414571335944,2025
-0.12629670054720515,0.009426699369212001,2025
-0.08289940901206456,-0.030486104492792696,2025
-0.05335499250097532,-0.007466434740744862,2025
-0.05714119890715315,-0.017135479255355857,2025
-0.12145133549829042,-0.04018646875867701,2025
-0.11011357858525368,-0.03564519120890329,2025
-0.03874765774754253,-0.06729427577485377,2025
-0.017974700219314466,-0.0312592887081274,2025
-0.029037497004725146,-0.02724765752942747,2025
-0.0839574339481798,0.04700717375396833,2025
-0.08468710862946159,0.1064498866502594,2025
-0.12980597363890634,0.18912104320845713,2025
-0.12980597363890634,0.18912104320845713,2025
0.045714646681370506,0.059963785553155576,2025
-0.08508494232980808,0.07077850979878358,2025
-0.2021247666436536,0.011055143173288269,2025
-0.19222352004151183,0.0289638502404971,2025
-0.16813592463321098,0.04858522793684812,2025
-0.15970425566194563,0.046136212120469505,2025
-0.10763767039493514,-0.07902052917521826,2025
-0.09886333538822799,-0.0684489372214697,2025
-0.0007738574207421384,-0.09043589378259115,2025
-0.043065622852393834,-0.07533004040929345,2025
-0.032355989099695046,-0.06784579000742781,2025
-0.0761051785465217,-0.08638932278599162,2025
-0.11014158852593427,-0.06727191935745415,2025
-0.12030241661584236,-0.07131776840233459,2025
-0.1393776633002321,-0.0186454123683819,2025
-0.10087847319478614,0.019419264547917682,2025
-0.07205773666517955,0.002728024343686228,2025
-0.13590662476686,0.010436470882243053,2025
-0.11219973259900311,0.15802307224428286,2025
-0.09245289200493707,0.13954586502559252,2025
-0.08643373648013282,0.14179876046645418,2025
-0.09296125963822617,0.059090071655028296,2025
-0.09606684721537363,0.035444884358722395,2025
-0.13613389580506652,0.07835483998316056,2025
-0.08903221845312072,0.054376045604945106,2025
-0.12000815585034881,0.08917124397827768,2025
-0.1181737099697316,0.09204023051555427,2025
-0.111841405918318,0.09792487357143816,2025
-0.09823719519111242,0.021586477850732946,2025
-0.10352142424596285,0.011535261543081501,2025
-0.08310181926149289,0.053080729617411324,2025
-0.09007911911240284,0.04000318207855981,2025
-0.12769014269194445,0.022729332163289217,2025
-0.07552882033579338,0.06049688952026308,2025
-0.1505540582678529,0.0811742668127047,2025
-0.16647459999790098,0.03332711628090522,2025
-0.07498757098696719,0.13917484564687915,2025
-0.08365865339654215,0.09371373158129799,2025
-0.05940002369155163,0.20309040454484223,2025
-0.08859867036032477,0.17629591380214074,2025
-0.09432169994999638,0.17054501828347945,2025
-0.08836370969696151,0.17088579930395287,2025
-0.14164792259102849,0.18717279393765973,2025
-0.1292608320129145,0.19710271060314358,2025
-0.1615910758378843,0.19581211165371643,2025
-0.11537288423676013,0.1646117975684136,2025
-0.15628299194322226,0.06473749597060467,2025
-0.09786754399496657,0.14355008830298527,2025
-0.09065692350476508,0.1421956007126954,2025
-0.0725141601630906,0.15638271836377257,2025
-0.013346426161107802,0.2002072531434021,2025
-0.1655334182778202,0.14814617378635908,2025
-0.17649373625460402,0.13703102313015092,2025
-0.17460939459233976,0.1117420843799821,2025
-0.11159523111909954,0.04470033717503456,2025
-0.18399918978834678,0.21652634339783694,2025
-0.06085462419036976,0.04191890854838383,2025
-0.09656077618984892,0.10672424101944772,2025
-0.11964291892546149,0.127014960349488,2025
-0.20737689735687048,0.06846855669059239,2025
-0.1985811546736596,0.07018244566755046,2025
-0.10839921906001361,0.07640259714490928,2025
-0.1642432025414553,0.0701220197501025,2025
0.0016641561894359114,0.021984379678310115,2025
-0.09274791141639911,-0.027786287445532576,2025
-0.1838269224391929,-0.0953176268577905,2025
-0.07190496371476902,-0.09808549931593741,2025
-0.08726631438934897,-0.06309093609706258,2025
-0.14071278187339054,0.012497509507861253,2025
-0.06563850546225287,0.09051389615420398,2025
-0.07486252982469953,0.08778775395649198,2025
-0.07500172298141046,0.0830039838177065,2025
-0.07886998740352998,0.035697473032978946,2025
-0.1119411424202471,0.0583138843954183,2025
