image_path,split
datasets\train_on_2025_all\val\images\frame_00002_jpg.rf.fd5adec830b07b6a8b0b78ef9b254547.jpg,val
datasets\train_on_2025_all\val\images\frame_00005_jpg.rf.dd83f8bc596c4dcaa4c54c5201503cff.jpg,val
datasets\train_on_2025_all\val\images\frame_00005_jpg.rf.ee1ff3c5d2ae3129279fa10a4c898842.jpg,val
datasets\train_on_2025_all\val\images\frame_00006_jpg.rf.d244c72491d07ff3caa751f7461f6e6f.jpg,val
datasets\train_on_2025_all\val\images\frame_00008_jpg.rf.5f90c9a5afd1dff132a19b285e79aaaf.jpg,val
datasets\train_on_2025_all\val\images\frame_00008_jpg.rf.9b74e7cb73a2179046892b2275e6616d.jpg,val
datasets\train_on_2025_all\val\images\frame_00009_jpg.rf.ae5b8f3b1ed4b46f6ad0d8b4d04c07c7.jpg,val
datasets\train_on_2025_all\val\images\frame_00010_jpg.rf.4ab3342941455220c0f130449d211282.jpg,val
datasets\train_on_2025_all\val\images\frame_00010_jpg.rf.6e98efa4336499cec7220a1ea4f51422.jpg,val
datasets\train_on_2025_all\val\images\frame_00011_jpg.rf.19b23fe9d0e2d713346f1cffeeab61cf.jpg,val
datasets\train_on_2025_all\val\images\frame_00012_jpg.rf.ea0abbde59a540bed5165ef4437b8825.jpg,val
datasets\train_on_2025_all\val\images\frame_00014_jpg.rf.1a317d65cf64a09942edac87f4f0346d.jpg,val
datasets\train_on_2025_all\val\images\frame_00014_jpg.rf.bb3a45e97fffcb65e85d3fbf6148d297.jpg,val
datasets\train_on_2025_all\val\images\frame_00016_jpg.rf.4cf3b0e6d65189f3f5725a30c45877fd.jpg,val
datasets\train_on_2025_all\val\images\frame_00016_jpg.rf.f9f93c761abe6ac54768e761966106fd.jpg,val
datasets\train_on_2025_all\val\images\frame_00017_jpg.rf.abad2f215ad4874070b5a3353414e1e8.jpg,val
datasets\train_on_2025_all\val\images\frame_00017_jpg.rf.ae00ccaec1b6b8170570cd8bfbc676ba.jpg,val
datasets\train_on_2025_all\val\images\frame_00019_jpg.rf.10e6b4bb62d98429999bdb4ae0ae77dd.jpg,val
datasets\train_on_2025_all\val\images\frame_00020_jpg.rf.9edc81419102a5cb1aeb970896745745.jpg,val
datasets\train_on_2025_all\val\images\frame_00026_jpg.rf.298c14c36184f9a4cb1ff4cb8030c3c5.jpg,val
datasets\train_on_2025_all\val\images\frame_00026_jpg.rf.36f214998fb1cb22ae3b9ec593c67d3d.jpg,val
datasets\train_on_2025_all\val\images\frame_00027_jpg.rf.53f5eff50788119f7e7317099ed5a06d.jpg,val
datasets\train_on_2025_all\val\images\frame_00027_jpg.rf.877aa00f6d1ccf96407372d955a6c6fa.jpg,val
datasets\train_on_2025_all\val\images\frame_00027_jpg.rf.886949a2011613752226ef5a43a75dad.jpg,val
datasets\train_on_2025_all\val\images\frame_00027_jpg.rf.8e10812cae04d26b9a3b30e6565f1b87.jpg,val
datasets\train_on_2025_all\val\images\frame_00027_jpg.rf.d369d90de32e7c8400c2dba4c9d7ade4.jpg,val
datasets\train_on_2025_all\val\images\frame_00028_jpg.rf.295d6758e9d4c5c240e8717c3a443b0f.jpg,val
datasets\train_on_2025_all\val\images\frame_00028_jpg.rf.37c96cbf16dcbd9348dc8abe1a6f79ab.jpg,val
datasets\train_on_2025_all\val\images\frame_00028_jpg.rf.8d95d11c39395c0eff586537cdad8272.jpg,val
datasets\train_on_2025_all\val\images\frame_00029_jpg.rf.27b19e154dea1bcc629f23ec476e0a1b.jpg,val
datasets\train_on_2025_all\val\images\frame_00029_jpg.rf.3941c516f47e92f570c8b0348c8bb46b.jpg,val
datasets\train_on_2025_all\val\images\frame_00030_jpg.rf.8c42e651a39837097e313864fbe724f0.jpg,val
datasets\train_on_2025_all\val\images\frame_00032_jpg.rf.fea3897e7d07ef7b548b7904b9777f94.jpg,val
datasets\train_on_2025_all\val\images\frame_00033_jpg.rf.2c6188cc5738ae3b630475fc7d2e6a86.jpg,val
datasets\train_on_2025_all\val\images\frame_00034_jpg.rf.4cb27645834c611106d5d4130a01767b.jpg,val
datasets\train_on_2025_all\val\images\frame_00035_jpg.rf.a488121fbc82e28e06e7fe9336c404a9.jpg,val
datasets\train_on_2025_all\val\images\frame_00036_jpg.rf.891c05f42e72922b936efc76f130ebaf.jpg,val
datasets\train_on_2025_all\val\images\frame_00038_jpg.rf.92aebc9f7c406273bffccf46b4784e97.jpg,val
datasets\train_on_2025_all\val\images\frame_00039_jpg.rf.387e2b6eef7d94eddb15294e20daaab8.jpg,val
datasets\train_on_2025_all\val\images\frame_00039_jpg.rf.50ad10c4731a50be3dc2d3520e7a15ef.jpg,val
datasets\train_on_2025_all\val\images\frame_00040_jpg.rf.ae7ba2eb3702ebcbcf954db422113ad8.jpg,val
datasets\train_on_2025_all\val\images\frame_00041_jpg.rf.c50393c73c5d79de220ee44337c72edd.jpg,val
datasets\train_on_2025_all\val\images\frame_00042_jpg.rf.3f1ee8cc02886515309ec0ee5c7d23ba.jpg,val
datasets\train_on_2025_all\val\images\frame_00042_jpg.rf.b65450596f6258f24ad5b9f321a1565d.jpg,val
datasets\train_on_2025_all\val\images\frame_00043_jpg.rf.6c7afbdf53c901ae874ec90a49a43baa.jpg,val
datasets\train_on_2025_all\val\images\frame_00044_jpg.rf.964abac006075081c6be7e3b85842dc4.jpg,val
datasets\train_on_2025_all\val\images\frame_00044_jpg.rf.e6500204f4c000d304895fa93ace0318.jpg,val
datasets\train_on_2025_all\val\images\frame_00045_jpg.rf.70bd37788b34a08dd992ae816ca70ffb.jpg,val
datasets\train_on_2025_all\val\images\frame_00046_jpg.rf.667a47ae0bf23d6c5bfa622b17c0b6a3.jpg,val
datasets\train_on_2025_all\val\images\frame_00047_jpg.rf.cbe6514312f2c8d2a7af6d812a2f68f0.jpg,val
datasets\train_on_2025_all\val\images\frame_00048_jpg.rf.bd960935debd71e3e6260cfe9a541821.jpg,val
datasets\train_on_2025_all\val\images\frame_00049_jpg.rf.dde136cea3816276fdb69fb03fa70905.jpg,val
datasets\train_on_2025_all\val\images\frame_00049_jpg.rf.e69c1947316ab7c5617b9f5ee197a630.jpg,val
datasets\train_on_2025_all\val\images\frame_00051_jpg.rf.94a6baeb03f3712098163f3a6e275923.jpg,val
datasets\train_on_2025_all\val\images\frame_00054_jpg.rf.14806f5143f40ef1029e6297701c8601.jpg,val
datasets\train_on_2025_all\val\images\frame_00055_jpg.rf.17c9c4717ff187cb435daa8e2e4f867d.jpg,val
datasets\train_on_2025_all\val\images\frame_00055_jpg.rf.d3da204f4f9a704905083b8d80b877d0.jpg,val
datasets\train_on_2025_all\val\images\frame_00056_jpg.rf.588959678f3a9c30883ac01930ffe82b.jpg,val
datasets\train_on_2025_all\val\images\frame_00059_jpg.rf.2b707261cba4ed4365531cc74d24df93.jpg,val
datasets\train_on_2025_all\val\images\frame_00063_jpg.rf.ebcec09b94a7a03784174f0ad9ad7b0a.jpg,val
datasets\train_on_2025_all\val\images\frame_00064_jpg.rf.5bb255b8f9c7d615a0cd1fcc69c0c90f.jpg,val
datasets\train_on_2025_all\val\images\frame_00064_jpg.rf.8315065276fbac7368f349c4f9613bfb.jpg,val
datasets\train_on_2025_all\val\images\frame_00065_jpg.rf.076a62b2fe945213bb9d6511e867e28c.jpg,val
datasets\train_on_2025_all\val\images\frame_00065_jpg.rf.4eaca404fa7ea19bd444819828ac88dd.jpg,val
datasets\train_on_2025_all\val\images\frame_00066_jpg.rf.a3cde73d510c0b6d68b9d58f0db1d025.jpg,val
datasets\train_on_2025_all\val\images\frame_00067_jpg.rf.4fd6cc9a83f2385901c7d5cacf053aa7.jpg,val
datasets\train_on_2025_all\val\images\frame_00068_jpg.rf.53869447b4c745ee7432a6edf5b090ba.jpg,val
datasets\train_on_2025_all\val\images\frame_00069_jpg.rf.c31d2a2b480c1020d8d98b1cfbb31f4a.jpg,val
datasets\train_on_2025_all\val\images\frame_00070_jpg.rf.a1e7dbe5838c818508b5212c578bb8bd.jpg,val
datasets\train_on_2025_all\val\images\frame_00075_jpg.rf.2f4967fc89be50ac6de5ab98bba85c08.jpg,val
datasets\train_on_2025_all\val\images\frame_00075_jpg.rf.3c2e32a75dea5c0e61cc617dc90f123c.jpg,val
datasets\train_on_2025_all\val\images\frame_00075_jpg.rf.ab9ef0e7149a7db3d36a840215742429.jpg,val
datasets\train_on_2025_all\val\images\frame_00075_jpg.rf.e5142e81af4aae5293356e91a8365d7a.jpg,val
datasets\train_on_2025_all\val\images\frame_00075_jpg.rf.fa3744e744223ca729ccec8e9e9d402d.jpg,val
datasets\train_on_2025_all\val\images\frame_00076_jpg.rf.1e362698795e476f2644728bff09d949.jpg,val
datasets\train_on_2025_all\val\images\frame_00076_jpg.rf.e98839198aa956bbcd2274e1bc1e158e.jpg,val
datasets\train_on_2025_all\val\images\frame_00078_jpg.rf.31bfb8e18692c0c5daf5ec14c8e0c2e0.jpg,val
datasets\train_on_2025_all\val\images\frame_00079_jpg.rf.3bc488e5f2f464df45ab5324cffcb910.jpg,val
datasets\train_on_2025_all\val\images\frame_00080_jpg.rf.0041c5c4c989c10c303e89a9ec24092c.jpg,val
datasets\train_on_2025_all\val\images\frame_00080_jpg.rf.101b41282c551c29546fbdd51fdbeb19.jpg,val
datasets\train_on_2025_all\val\images\frame_00080_jpg.rf.9f44c67e6a40ca4afd17a560c0a9ebd0.jpg,val
datasets\train_on_2025_all\val\images\frame_00081_jpg.rf.14c8ff8217bf57ee3cd5cc587f9ed6db.jpg,val
datasets\train_on_2025_all\val\images\frame_00081_jpg.rf.52ce65655a130601ce53aada1278983d.jpg,val
datasets\train_on_2025_all\val\images\frame_00082_jpg.rf.004cc66294be97bdc0ea3cd90a45c311.jpg,val
datasets\train_on_2025_all\val\images\frame_00082_jpg.rf.5d9e33906fe0b5057e57cff10c44573d.jpg,val
datasets\train_on_2025_all\val\images\frame_00082_jpg.rf.78d1a586c98f272dac5597268ce58c75.jpg,val
datasets\train_on_2025_all\val\images\frame_00082_jpg.rf.8c44fed453d9fde0b8ac6fb47c90fab2.jpg,val
datasets\train_on_2025_all\val\images\frame_00083_jpg.rf.8f13f187c201b8d69e77da4efbd283ab.jpg,val
datasets\train_on_2025_all\val\images\frame_00084_jpg.rf.2239c259729b12d63cfc1e666dab56f4.jpg,val
datasets\train_on_2025_all\val\images\frame_00084_jpg.rf.b39031b486a9fd4e52e1faac9dc452ec.jpg,val
datasets\train_on_2025_all\val\images\frame_00085_jpg.rf.6fcff5ca456d3ab4362957992f3b89c8.jpg,val
datasets\train_on_2025_all\val\images\frame_00087_jpg.rf.30487ec4f5c6f44e3f01a5de7665cd05.jpg,val
datasets\train_on_2025_all\val\images\frame_00088_jpg.rf.235f7a1dfbc4a3617de678aa431e4661.jpg,val
datasets\train_on_2025_all\val\images\frame_00088_jpg.rf.5aba4656869e338f73535ca30ae7d507.jpg,val
datasets\train_on_2025_all\val\images\frame_00089_jpg.rf.c871ac0ade0b3596c0568865526ab8e4.jpg,val
datasets\train_on_2025_all\val\images\frame_00090_jpg.rf.02b6601feae1671dd9c7ac51528f59b8.jpg,val
datasets\train_on_2025_all\val\images\frame_00091_jpg.rf.53071addb72cbd0c4f705f69654ffaf2.jpg,val
datasets\train_on_2025_all\val\images\frame_00092_jpg.rf.e6af5053face84555e7bc2f278b1e0ed.jpg,val
datasets\train_on_2025_all\val\images\frame_00092_jpg.rf.ef54d42de7731e1528fa8cd77853b7e1.jpg,val
datasets\train_on_2025_all\val\images\frame_00093_jpg.rf.1208dc6839eeee15348cb84900a2f2ae.jpg,val
datasets\train_on_2025_all\val\images\frame_00093_jpg.rf.75bc22dd4ea742c939d76bc83f9da916.jpg,val
datasets\train_on_2025_all\val\images\frame_00094_jpg.rf.5ef55d1da6c1b1d50fdabfa4631d4a71.jpg,val
datasets\train_on_2025_all\val\images\frame_00095_jpg.rf.6e6bb9618d6b2930ee5177c353f2da9d.jpg,val
datasets\train_on_2025_all\val\images\frame_00097_jpg.rf.22dbee2b12635b1d0b84f622f54ec38e.jpg,val
datasets\train_on_2025_all\val\images\frame_00098_jpg.rf.2875f06c9f1abbbb4ed076e62910d445.jpg,val
datasets\train_on_2025_all\val\images\frame_00099_jpg.rf.09377e0177be384033bb7f6e63656693.jpg,val
datasets\train_on_2025_all\val\images\frame_00099_jpg.rf.8481008a27b03b2922758b953313cbf7.jpg,val
datasets\train_on_2025_all\val\images\frame_00100_jpg.rf.1dceade3ea5c88ff380fc0a0c08d5670.jpg,val
datasets\train_on_2025_all\val\images\frame_00100_jpg.rf.f229830159f18399ac8bfb5fdc30373f.jpg,val
datasets\train_on_2025_all\val\images\frame_00101_jpg.rf.6bca36fd4a9bdddcc7a9d67bfd7c08b4.jpg,val
datasets\train_on_2025_all\val\images\frame_00102_jpg.rf.3d45b9a19006e31ed37bf357b24b01c5.jpg,val
datasets\train_on_2025_all\val\images\frame_00102_jpg.rf.e28f336421ee4a8591ed078277c99b8f.jpg,val
datasets\train_on_2025_all\val\images\frame_00104_jpg.rf.a257a702e20d746a57e253184c43e9c5.jpg,val
datasets\train_on_2025_all\val\images\frame_00105_jpg.rf.33de88c8edd349c485996caa87905d61.jpg,val
datasets\train_on_2025_all\val\images\frame_00106_jpg.rf.06b3e0ce1241c6a68d34795ce103fd97.jpg,val
datasets\train_on_2025_all\val\images\frame_00106_jpg.rf.7087fe5ce2d441301c48f19812919caf.jpg,val
datasets\train_on_2025_all\val\images\frame_00106_jpg.rf.aebd6c0306e492303281181f8a036be8.jpg,val
datasets\train_on_2025_all\val\images\frame_00106_jpg.rf.fbbbde5c567bfa9a849e5bbf1f854437.jpg,val
datasets\train_on_2025_all\val\images\frame_00107_jpg.rf.6c13d14b1e88f8c287ff27d1bd6fcfc4.jpg,val
datasets\train_on_2025_all\val\images\frame_00108_jpg.rf.547d677e4d03df343ea35285be507920.jpg,val
datasets\train_on_2025_all\val\images\frame_00108_jpg.rf.70aa0c3d327b78679029e41e67a4e761.jpg,val
datasets\train_on_2025_all\val\images\frame_00109_jpg.rf.8e9a9d0d60350a9ed2f9c591df835ec6.jpg,val
datasets\train_on_2025_all\val\images\frame_00111_jpg.rf.589f872a64ca3f7e688d639297e27e77.jpg,val
datasets\train_on_2025_all\val\images\frame_00111_jpg.rf.ec03d204ba8552d72cc6dc61c7dcd1c7.jpg,val
datasets\train_on_2025_all\val\images\frame_00112_jpg.rf.c15a7c31771b10308570f6a149db3b4a.jpg,val
datasets\train_on_2025_all\val\images\frame_00113_jpg.rf.e2c1539fd451ce3387e479f2344ceb82.jpg,val
datasets\train_on_2025_all\val\images\frame_00115_jpg.rf.b924b162ac6747db94ad9a609d63fe9f.jpg,val
datasets\train_on_2025_all\val\images\frame_00115_jpg.rf.e717a0add4db410ce8ee876487c9bc49.jpg,val
datasets\train_on_2025_all\val\images\frame_00116_jpg.rf.ade451a39da1ce8e63b72404d49e1517.jpg,val
datasets\train_on_2025_all\val\images\frame_00118_jpg.rf.4a54600ab4b174e81240dbadfdde41fb.jpg,val
datasets\train_on_2025_all\val\images\frame_00118_jpg.rf.cf533be1646a5ce023cbf0beddd73890.jpg,val
datasets\train_on_2025_all\val\images\frame_00119_jpg.rf.450972c9af7ee6e83cd158412be276a3.jpg,val
datasets\train_on_2025_all\val\images\frame_00120_jpg.rf.49936d1e10a96662b4f6896721fb06e4.jpg,val
datasets\train_on_2025_all\val\images\frame_00121_jpg.rf.12e93234967f812d13e845668bc04166.jpg,val
datasets\train_on_2025_all\val\images\frame_00123_jpg.rf.cbfd4fa2f7adbbe9449809c4c799494e.jpg,val
datasets\train_on_2025_all\val\images\frame_00124_jpg.rf.4e69da4dcf98dd819502fbd162b00801.jpg,val
datasets\train_on_2025_all\val\images\frame_00127_jpg.rf.281e67c3f0032c9577774aab7c3c032a.jpg,val
datasets\train_on_2025_all\val\images\frame_00129_jpg.rf.1c6f7302635a9467f2ded694426eb6a5.jpg,val
datasets\train_on_2025_all\val\images\frame_00131_jpg.rf.f1e87553a95e6a41f499fe8e02700a7d.jpg,val
datasets\train_on_2025_all\val\images\frame_00132_jpg.rf.581e58ef53bbf64fbc0070a7cc42f6ef.jpg,val
datasets\train_on_2025_all\val\images\frame_00132_jpg.rf.be8e6aec1aa77bb4c1062c1e11410e2e.jpg,val
datasets\train_on_2025_all\val\images\frame_00133_jpg.rf.9f27648e38d8c0eaf06364b450069d8a.jpg,val
datasets\train_on_2025_all\val\images\frame_00135_jpg.rf.0b45278947642f449508ad67d27e3afd.jpg,val
datasets\train_on_2025_all\val\images\frame_00135_jpg.rf.4421485dc0ff840381535ff25928c741.jpg,val
datasets\train_on_2025_all\val\images\frame_00136_jpg.rf.908f5ad9e3b697d883055ee46fc7ed79.jpg,val
datasets\train_on_2025_all\val\images\frame_00137_jpg.rf.37863c62b7e5c493f8a8bbb935558e4d.jpg,val
datasets\train_on_2025_all\val\images\frame_00137_jpg.rf.b873662714718083f0d0b8b1a9f9ff52.jpg,val
datasets\train_on_2025_all\val\images\frame_00137_jpg.rf.e485a257a4bacb1337ecafb6483895d1.jpg,val
datasets\train_on_2025_all\val\images\frame_00138_jpg.rf.6b3cc9f4f6e87d758b7909dad954b389.jpg,val
datasets\train_on_2025_all\val\images\frame_00139_jpg.rf.58ddcb5b1ec512d1c2a6acbe9424923b.jpg,val
datasets\train_on_2025_all\val\images\frame_00140_jpg.rf.705c1259c649e1d4fe97303493492bdc.jpg,val
datasets\train_on_2025_all\val\images\frame_00141_jpg.rf.832bcbbc660f8b51e263f96e795f6ea0.jpg,val
datasets\train_on_2025_all\val\images\frame_00143_jpg.rf.261c6ddf61083b22726507b7b8944588.jpg,val
datasets\train_on_2025_all\val\images\frame_00144_jpg.rf.af91a91769839410c716c6b7bd5213d7.jpg,val
datasets\train_on_2025_all\val\images\frame_00147_jpg.rf.d4eab13b71efdd10d5d96641c0c8aed1.jpg,val
datasets\train_on_2025_all\val\images\frame_00152_jpg.rf.d274e40cf9798025bd1d8688866ff402.jpg,val
datasets\train_on_2025_all\val\images\frame_00153_jpg.rf.06ab50cc7b88ee13cb64a262e3e52a36.jpg,val
datasets\train_on_2025_all\val\images\frame_00153_jpg.rf.da6ea8b251faaaaa15fd3f99ecde93d7.jpg,val
datasets\train_on_2025_all\val\images\frame_00154_jpg.rf.c82195ddeeec24138d56ec6bc36574fe.jpg,val
datasets\train_on_2025_all\val\images\frame_00155_jpg.rf.8d511c2b44137e44d60a75c60d8e4884.jpg,val
datasets\train_on_2025_all\val\images\frame_00156_jpg.rf.3570d2e7336024fd16e0c7cfe2324bbe.jpg,val
datasets\train_on_2025_all\val\images\frame_00156_jpg.rf.f5337bfc114b8c691fceb9d1f239ae43.jpg,val
datasets\train_on_2025_all\val\images\frame_00159_jpg.rf.ebafaf5eac6bd1d97307a917da335f25.jpg,val
datasets\train_on_2025_all\val\images\frame_00160_jpg.rf.d0bccc74926f00fbbba892391b35654d.jpg,val
datasets\train_on_2025_all\val\images\frame_00161_jpg.rf.1801ecd677090554daba7c8c08cad5e1.jpg,val
datasets\train_on_2025_all\val\images\frame_00161_jpg.rf.bf95f0229bf0b1b52c72288fbfa0b83b.jpg,val
datasets\train_on_2025_all\val\images\frame_00162_jpg.rf.77e5f6b3e9088602a07c5e46df47b95d.jpg,val
datasets\train_on_2025_all\val\images\frame_00173_jpg.rf.806cad28049aab045de406a04e423df8.jpg,val
datasets\train_on_2025_all\val\images\frame_00177_jpg.rf.bb91114be028cf18ac1ac74466435389.jpg,val
datasets\train_on_2025_all\val\images\frame_00178_jpg.rf.3e5d98a815e11b9219dfb64fba90686e.jpg,val
datasets\train_on_2025_all\val\images\frame_00186_jpg.rf.8590294fe807e98c263ae189d2f1695b.jpg,val
datasets\train_on_2025_all\val\images\frame_00197_jpg.rf.78a4bcc5fc460aca4a25e3698f3f571b.jpg,val
datasets\train_on_2025_all\val\images\frame_00200_jpg.rf.c4713d7845cc1a9f226beeb2078ac1b2.jpg,val
datasets\train_on_2025_all\val\images\frame_00204_jpg.rf.df2a8cfed71013deaf9a36116294ae1e.jpg,val
datasets\train_on_2025_all\val\images\frame_00210_jpg.rf.43980e32aa727d8a0413ee87c98193b6.jpg,val
datasets\train_on_2025_all\val\images\frame_00210_jpg.rf.606795c4ce3783439a0b2ad231cdf465.jpg,val
datasets\train_on_2025_all\val\images\frame_00213_jpg.rf.1fdb2c2f85ef35f9c854678844611de2.jpg,val
datasets\train_on_2025_all\val\images\frame_00215_jpg.rf.9864f0df39c1b743d9670ccf72b3f772.jpg,val
datasets\train_on_2025_all\val\images\frame_00218_jpg.rf.6f599dc6d78396ca8375e58f8940bf6d.jpg,val
datasets\train_on_2025_all\val\images\frame_00222_jpg.rf.0d20c02a8faa6f7ae03bae6b3f583fb1.jpg,val
datasets\train_on_2025_all\val\images\frame_00231_jpg.rf.77bc6dc4a4d81196be9b0a47348a3c33.jpg,val
datasets\train_on_2025_all\val\images\GX010664_MP4-0027_jpg.rf.9be1a7062e9dc99c2865c770c24da79c.jpg,val
datasets\train_on_2025_all\val\images\GX010664_MP4-0031_jpg.rf.c5698f3f3213b4f29f801aa910e85447.jpg,val
datasets\train_on_2025_all\val\images\GX010664_MP4-0035_jpg.rf.8b7690fde7b76921c471e4a81bfcfcd6.jpg,val
datasets\train_on_2025_all\val\images\GX010664_MP4-0036_jpg.rf.7304f9f7de96081f2d1b12ff1ddcf922.jpg,val
datasets\train_on_2025_all\val\images\GX010664_MP4-0038_jpg.rf.ad6f49c423f99a13a20fe34f7699ec2c.jpg,val
datasets\train_on_2025_all\val\images\GX010664_MP4-0040_jpg.rf.ef89a1288a58225816ddf9138aede15e.jpg,val
datasets\train_on_2025_all\val\images\GX010664_MP4-0042_jpg.rf.4cb03b364f179fdfc87ba63278171cb2.jpg,val
datasets\train_on_2025_all\val\images\GX010664_MP4-0059_jpg.rf.efc52da7042ebe72267de1f18b930db8.jpg,val
datasets\train_on_2025_all\val\images\GX010664_MP4-0061_jpg.rf.acb1d4ca69b7df99b7849bdbeb9eb42e.jpg,val
datasets\train_on_2025_all\val\images\GX010664_MP4-0067_jpg.rf.4ed44c5ef2ddb2cfd2635afcebf806d6.jpg,val
datasets\train_on_2025_all\val\images\GX010664_MP4-0068_jpg.rf.3fb4dacc98e0a4dd4187b56650c43a72.jpg,val
datasets\train_on_2025_all\val\images\GX010664_MP4-0071_jpg.rf.c325b76df4746809d9a2ea96b5172bbd.jpg,val
datasets\train_on_2025_all\val\images\GX010664_MP4-0088_jpg.rf.7da268e07567b2afa939b6c5b122c6af.jpg,val
datasets\train_on_2025_all\val\images\GX010664_MP4-0096_jpg.rf.05009caaf0239f32d5ac0c588f4d0eb8.jpg,val
datasets\train_on_2025_all\val\images\GX010664_MP4-0096_jpg.rf.10fa759372185333fb15e69c666a4194.jpg,val
datasets\train_on_2025_all\val\images\GX010664_MP4-0101_jpg.rf.b392e33b090c412a1bd3d16fc896ff07.jpg,val
datasets\train_on_2025_all\val\images\GX010664_MP4-0103_jpg.rf.2afcb4ea5e3a84325e1512278c62a6a2.jpg,val
datasets\train_on_2025_all\val\images\GX010665_MP4-0012_jpg.rf.64d04998d1e1812f48cc368919b5ff2b.jpg,val
datasets\train_on_2025_all\val\images\GX010665_MP4-0012_jpg.rf.a63cc12d49a95c8a6b3fa20a7de567fa.jpg,val
datasets\train_on_2025_all\val\images\GX010665_MP4-0022_jpg.rf.723e604757d98356d2ebeed4cb48b674.jpg,val
datasets\train_on_2025_all\val\images\GX010665_MP4-0024_jpg.rf.2b2ea2848e3d1c6db7507d149117bc90.jpg,val
datasets\train_on_2025_all\val\images\GX010665_MP4-0057_jpg.rf.c5ad8dd8aa8c0ff763f4af3d881ae057.jpg,val
datasets\train_on_2025_all\val\images\GX010665_MP4-0088_jpg.rf.d0e1067ed340a5059ccf59a73d7366c1.jpg,val
datasets\train_on_2025_all\val\images\GX010665_MP4-0091_jpg.rf.93a5f8704847156a04d344d5aaeceab9.jpg,val
datasets\train_on_2025_all\val\images\GX010665_MP4-0092_jpg.rf.7b917ea177a70730c7363331b404819c.jpg,val
datasets\train_on_2025_all\val\images\GX010665_MP4-0099_jpg.rf.222dbad1672907a88e814844be3ee105.jpg,val
datasets\train_on_2025_all\val\images\GX010665_MP4-0100_jpg.rf.2f48e9422b2776132e8bce5a9b039b72.jpg,val
datasets\train_on_2025_all\val\images\GX010665_MP4-0100_jpg.rf.7fe92a46dbd236f4104e37b487ed5e0a.jpg,val
datasets\train_on_2025_all\val\images\GX010665_MP4-0101_jpg.rf.131b63cfb62ad852ecc981bd69cafc6a.jpg,val
datasets\train_on_2025_all\val\images\GX010665_MP4-0101_jpg.rf.695c98b7feb2e0761f47a995f55df818.jpg,val
datasets\train_on_2025_all\val\images\GX010665_MP4-0111_jpg.rf.dfda8ba95fe487f09a469e4f291a1acb.jpg,val
datasets\train_on_2025_all\val\images\GX010665_MP4-0115_jpg.rf.70c41eb7f4be348b26a5682bfe5e218b.jpg,val
datasets\train_on_2025_all\val\images\GX010665_MP4-0119_jpg.rf.5f1aa092febd98b62c66ae83ed4bc8fe.jpg,val
datasets\train_on_2025_all\val\images\GX010665_MP4-0128_jpg.rf.c021939037661ac7032afb4190379c60.jpg,val
datasets\train_on_2025_all\val\images\GX010665_MP4-0129_jpg.rf.559c57886f5690dd45255de1c6b8867f.jpg,val
datasets\train_on_2025_all\val\images\GX010665_MP4-0129_jpg.rf.a37ee8b684a75dfd36727883aaabc20d.jpg,val
datasets\train_on_2025_all\val\images\GX010665_MP4-0136_jpg.rf.b8d7b046d6a6367157c4935830a3f9c5.jpg,val
datasets\train_on_2025_all\val\images\GX010665_MP4-0136_jpg.rf.e7d4a096af4183113442395ffea99ebe.jpg,val
datasets\train_on_2025_all\val\images\GX010665_MP4-0194_jpg.rf.e39d415be7a76c2dac0d698d7990255f.jpg,val
datasets\train_on_2025_all\val\images\GX010665_MP4-0198_jpg.rf.da126e10c116b5f22a8eca28f42f8830.jpg,val
datasets\train_on_2025_all\val\images\GX010665_MP4-0199_jpg.rf.fc9b041e2f1a850141e77df9b673ff6f.jpg,val
datasets\train_on_2025_all\val\images\GX010665_MP4-0208_jpg.rf.3a39b3e140195195576dca5b4d0c2b13.jpg,val
datasets\train_on_2025_all\val\images\GX010665_MP4-0216_jpg.rf.8a9ac800a2be00ba4a6db5a5cd5c6296.jpg,val
datasets\train_on_2025_all\val\images\GX010665_MP4-0216_jpg.rf.c85471c96f32f29a4552998a0bfef644.jpg,val
datasets\train_on_2025_all\val\images\GX010665_MP4-0217_jpg.rf.4bd57d75286e8e0e214a12be1b88193d.jpg,val
datasets\train_on_2025_all\val\images\GX010665_MP4-0217_jpg.rf.e2002a9318e1d506b8faadfbca58652a.jpg,val
datasets\train_on_2025_all\val\images\GX010665_MP4-0239_jpg.rf.34b15143adba3fa2a4ed93d169025d31.jpg,val
datasets\train_on_2025_all\val\images\GX010665_MP4-0239_jpg.rf.8bd249e5768ffb3d9b34def399b31079.jpg,val
datasets\train_on_2025_all\val\images\GX010665_MP4-0241_jpg.rf.244c945f5cf7ac04c9521da67e143662.jpg,val
datasets\train_on_2025_all\val\images\GX010665_MP4-0245_jpg.rf.869589090ac9cc7ecd742e12e891ab0f.jpg,val
datasets\train_on_2025_all\val\images\GX010665_MP4-0247_jpg.rf.98616224d4187937d215b2c866873117.jpg,val
datasets\train_on_2025_all\val\images\GX010665_MP4-0256_jpg.rf.347aefc78a4b4e49222993bd4c07411e.jpg,val
datasets\train_on_2025_all\val\images\GX010665_MP4-0256_jpg.rf.a144600f86882ab4aaa541dd06ed8af3.jpg,val
datasets\train_on_2025_all\val\images\GX010665_MP4-0257_jpg.rf.4d052d9c769d03c5369aa23452eb2957.jpg,val
datasets\train_on_2025_all\val\images\GX010665_MP4-0258_jpg.rf.a00c002979213abbf46660d816111f51.jpg,val
datasets\train_on_2025_all\val\images\GX010665_MP4-0265_jpg.rf.3c765632abf55afdd01d74c0dfc04471.jpg,val
datasets\train_on_2025_all\val\images\GX010665_MP4-0266_jpg.rf.30531deb56d9820db76446a5ca7f2348.jpg,val
datasets\train_on_2025_all\val\images\GX010666_MP4-0004_jpg.rf.da5e0a007c6259c172b7e1f1911dba62.jpg,val
datasets\train_on_2025_all\val\images\GX010666_MP4-0009_jpg.rf.194361c01a17595bbd4f5ddb7c81dc92.jpg,val
datasets\train_on_2025_all\val\images\GX010666_MP4-0018_jpg.rf.913f106d230da3ae0800fedec745076b.jpg,val
datasets\train_on_2025_all\val\images\GX010666_MP4-0025_jpg.rf.ad479c01afb6d4374a9c9120e587980f.jpg,val
datasets\train_on_2025_all\val\images\GX010666_MP4-0042_jpg.rf.b93efda5dffa96206b9bfcd9e8b7fe24.jpg,val
datasets\train_on_2025_all\val\images\GX010666_MP4-0044_jpg.rf.96930fb115a6d507128ccefd16ed34a1.jpg,val
datasets\train_on_2025_all\val\images\GX010666_MP4-0045_jpg.rf.36f5c5fb0f90340997a01b5530c60b26.jpg,val
datasets\train_on_2025_all\val\images\GX010666_MP4-0057_jpg.rf.cfe79cc868364cd3b8caaf5d105bdd5c.jpg,val
datasets\train_on_2025_all\val\images\GX010666_MP4-0057_jpg.rf.e3d9d5cd472a148fe152d7551250502f.jpg,val
datasets\train_on_2025_all\val\images\GX010666_MP4-0086_jpg.rf.8408667c88331ac6251809d3431b8d12.jpg,val
datasets\train_on_2025_all\val\images\GX010666_MP4-0100_jpg.rf.5a9f4dd5352981381c01e83771693578.jpg,val
datasets\train_on_2025_all\val\images\GX010666_MP4-0108_jpg.rf.364b0c5a4bc22fbe9c9013a109925b37.jpg,val
datasets\train_on_2025_all\val\images\GX010666_MP4-0127_jpg.rf.4062ef24e39372e1b6ef8da2813d6a13.jpg,val
datasets\train_on_2025_all\val\images\GX010666_MP4-0127_jpg.rf.4809416e338ac8a6bef404af0229bd8c.jpg,val
datasets\train_on_2025_all\val\images\GX010666_MP4-0131_jpg.rf.00cea175c515d026f1dede115be5fc5c.jpg,val
datasets\train_on_2025_all\val\images\GX010666_MP4-0137_jpg.rf.ddb399f51b65857ff4ccae7f6021c9c4.jpg,val
datasets\train_on_2025_all\val\images\GX010666_MP4-0140_jpg.rf.4be2a7a82ba7a251f20c5d364da5afc9.jpg,val
datasets\train_on_2025_all\val\images\GX010666_MP4-0143_jpg.rf.c7d88373fc455d3464b259e5bb8908bb.jpg,val
datasets\train_on_2025_all\val\images\GX010666_MP4-0146_jpg.rf.77de6c08320ab4e50bd67d7ac826e35b.jpg,val
datasets\train_on_2025_all\val\images\GX010666_MP4-0146_jpg.rf.bdee8fb84f77d6ab1f0a6acf01269911.jpg,val
datasets\train_on_2025_all\val\images\GX010666_MP4-0146_jpg.rf.c3a1096233e7935c7229add69126ae95.jpg,val
datasets\train_on_2025_all\val\images\GX010666_MP4-0150_jpg.rf.4d440497966b2976a2c783e40b9d850a.jpg,val
datasets\train_on_2025_all\val\images\GX010666_MP4-0155_jpg.rf.256b1969f38846a9684e88939ceeace4.jpg,val
datasets\train_on_2025_all\val\images\GX010666_MP4-0156_jpg.rf.0e17e20b198a52cb4f51db6b3bc6a53c.jpg,val
datasets\train_on_2025_all\val\images\GX010666_MP4-0158_jpg.rf.6edef0b1b957b68aea0d7a0a92c35db8.jpg,val
datasets\train_on_2025_all\val\images\GX010666_MP4-0160_jpg.rf.29c0cce9147c3b935da51afbf78c35c4.jpg,val
datasets\train_on_2025_all\val\images\GX010666_MP4-0179_jpg.rf.dfd6c39149dad17ffc0b36014f886e26.jpg,val
datasets\train_on_2025_all\val\images\GX010666_MP4-0180_jpg.rf.78ca30341432302cd3f815cacdec6610.jpg,val
datasets\train_on_2025_all\val\images\GX010666_MP4-0195_jpg.rf.fe46d37526849cabda913d166ecb7ca8.jpg,val
datasets\train_on_2025_all\val\images\GX010666_MP4-0197_jpg.rf.8f4ba82a88afd7b7fb44b2c28e57dfd6.jpg,val
datasets\train_on_2025_all\val\images\GX010666_MP4-0199_jpg.rf.c02be95e05e0155b2c53e14a7dca6a7f.jpg,val
datasets\train_on_2025_all\val\images\GX010666_MP4-0205_jpg.rf.40464f1b80e8ac7fe29ddc7b58f10f97.jpg,val
datasets\train_on_2025_all\val\images\GX010666_MP4-0207_jpg.rf.8921e5f80325e1b00a763721a3d8b11e.jpg,val
datasets\train_on_2025_all\val\images\GX010666_MP4-0207_jpg.rf.afdd0f8699458552c61f81b8922b3b4d.jpg,val
datasets\train_on_2025_all\val\images\GX010666_MP4-0208_jpg.rf.8969faa6ea46f0b400fee4df90f1673d.jpg,val
datasets\train_on_2025_all\val\images\GX010666_MP4-0210_jpg.rf.5547047dcde61a0e2a0ac5e51c4153ec.jpg,val
datasets\train_on_2025_all\val\images\GX010666_MP4-0213_jpg.rf.cfbe10d69e6c8ea5709ca2de5a31729a.jpg,val
datasets\train_on_2025_all\val\images\GX010666_MP4-0214_jpg.rf.e4ff1596c3b10cdd62cbd2b981cc99f5.jpg,val
datasets\train_on_2025_all\val\images\GX010666_MP4-0223_jpg.rf.d7c54bf2e57e48b11a197876b7734c3e.jpg,val
datasets\train_on_2025_all\val\images\GX010666_MP4-0224_jpg.rf.8883413aba86bbaa66521e34b09574a0.jpg,val
datasets\train_on_2025_all\val\images\GX010666_MP4-0225_jpg.rf.25cc779e7778969ebd2b9f36dbf9b061.jpg,val
datasets\train_on_2025_all\val\images\GX010666_MP4-0232_jpg.rf.07b55b741bf904b558908a5192e572c7.jpg,val
datasets\train_on_2025_all\val\images\GX010666_MP4-0232_jpg.rf.bf3fb42f3038b0cca4ffbd3e6fd7d63c.jpg,val
datasets\train_on_2025_all\val\images\GX010666_MP4-0233_jpg.rf.7c041f4d39881dfba32b8cf8f20a5025.jpg,val
datasets\train_on_2025_all\val\images\GX010666_MP4-0234_jpg.rf.512cd6f4c812e27f7e44b0e21dfc2e13.jpg,val
datasets\train_on_2025_all\val\images\GX010666_MP4-0239_jpg.rf.c83596d04a5f0f87bcf1a1aa1037fdbb.jpg,val
datasets\train_on_2025_all\val\images\GX010666_MP4-0240_jpg.rf.d570fd1c3baf0fc285f0cb023a838bfb.jpg,val
datasets\train_on_2025_all\val\images\GX010666_MP4-0240_jpg.rf.db1934df6c42edc55c9f7562e7d77d86.jpg,val
datasets\train_on_2025_all\val\images\GX010666_MP4-0241_jpg.rf.f2c87f57841e8aff568f80765e507264.jpg,val
datasets\train_on_2025_all\val\images\GX010666_MP4-0244_jpg.rf.c443041ed0911d8e6d5997af10a601f6.jpg,val
datasets\train_on_2025_all\val\images\GX010666_MP4-0246_jpg.rf.5f244233e392480ab71194ad5a73cd37.jpg,val
datasets\train_on_2025_all\val\images\GX010666_MP4-0257_jpg.rf.6287f0226bf082fbee4a6e51b41d175a.jpg,val
datasets\train_on_2025_all\val\images\GX010666_MP4-0260_jpg.rf.c20bae429f4e851dca8ec3a235c0640b.jpg,val
datasets\train_on_2025_all\val\images\GX010666_MP4-0260_jpg.rf.e8047d7182a21b9b0280ab17f9861932.jpg,val
datasets\train_on_2025_all\val\images\GX010666_MP4-0264_jpg.rf.034ca996289d04ec60b985cbd84548de.jpg,val
datasets\train_on_2025_all\val\images\GX010666_MP4-0265_jpg.rf.f62b6c1dffe95746bd9e358f1d767d75.jpg,val
datasets\train_on_2025_all\val\images\GX010666_MP4-0267_jpg.rf.2c23fadd156f8b781cbf893340f4c6f5.jpg,val
datasets\train_on_2025_all\val\images\GX010666_MP4-0268_jpg.rf.f283bddb7dd5be2858a4530a101edc16.jpg,val
datasets\train_on_2025_all\val\images\GX010666_MP4-0272_jpg.rf.8310915e2af578ea96afa408fd160703.jpg,val
datasets\train_on_2025_all\val\images\GX010666_MP4-0282_jpg.rf.bea18040b1063c0fc8b0f8f5a1809326.jpg,val
datasets\train_on_2025_all\val\images\GX010666_MP4-0286_jpg.rf.d6b51e33b9b2acd59eb8f671d1a0f4b5.jpg,val
datasets\train_on_2025_all\val\images\GX010666_MP4-0288_jpg.rf.5c3ef0fd81199c48ba0da9e52bdf1e6b.jpg,val
datasets\train_on_2025_all\val\images\GX010666_MP4-0288_jpg.rf.5d019b029d29c5b3986ff017a84a5c95.jpg,val
datasets\train_on_2025_all\val\images\GX010666_MP4-0296_jpg.rf.e7050c79f02d1db16b416ad3e37c32e8.jpg,val
datasets\train_on_2025_all\val\images\GX010666_MP4-0298_jpg.rf.74220b730d27a8600ee515215f338a79.jpg,val
datasets\train_on_2025_all\val\images\GX010666_MP4-0299_jpg.rf.e6a5f7569d3f69014ef7bcf201979f7d.jpg,val
datasets\train_on_2025_all\val\images\GX010666_MP4-0301_jpg.rf.65ba8183e454ae6c47a2e070489f4439.jpg,val
datasets\train_on_2025_all\val\images\GX010666_MP4-0302_jpg.rf.89d7d8b1be794b2c712f8a3b90d1309f.jpg,val
datasets\train_on_2025_all\val\images\GX010666_MP4-0304_jpg.rf.b4b9e06bd78ceca4e17a366087f0513e.jpg,val
datasets\train_on_2025_all\val\images\GX010666_MP4-0320_jpg.rf.d893909b7d6c816c69e6dd0fd1952930.jpg,val
datasets\train_on_2025_all\val\images\GX010666_MP4-0335_jpg.rf.6cc1cae6519a45454a439a2b5e3db98b.jpg,val
datasets\train_on_2025_all\val\images\GX010666_MP4-0338_jpg.rf.46d5db726d9acc1231c36beba7dd2ec1.jpg,val
datasets\train_on_2025_all\val\images\GX010666_MP4-0339_jpg.rf.046507704d096d76dcf8cab009bbec2a.jpg,val
datasets\train_on_2025_all\val\images\GX010666_MP4-0340_jpg.rf.3a301476351f5892f345a294af81daf2.jpg,val
datasets\train_on_2025_all\val\images\GX010666_MP4-0340_jpg.rf.92e898d4d57ad41c22383fd60f123f99.jpg,val
datasets\train_on_2025_all\val\images\GX010667_MP4-0012_jpg.rf.cf6ecf450d1077abe92b5d796e2c7499.jpg,val
datasets\train_on_2025_all\val\images\GX010667_MP4-0020_jpg.rf.8188ca9e34801e0c8a4c895c56001c6b.jpg,val
datasets\train_on_2025_all\val\images\GX010667_MP4-0022_jpg.rf.b35bc0cb241ca9b69a134caf2bc84103.jpg,val
datasets\train_on_2025_all\val\images\GX010667_MP4-0024_jpg.rf.7b82f542ef2b9a0e42a7af153d2af26f.jpg,val
datasets\train_on_2025_all\val\images\GX010667_MP4-0029_jpg.rf.e46c9bbc61b31d1cb38a15a1d0ece1b1.jpg,val
datasets\train_on_2025_all\val\images\GX010667_MP4-0032_jpg.rf.5d3b71b6d3c8a243ebdec6d3b53e3638.jpg,val
datasets\train_on_2025_all\val\images\GX010667_MP4-0034_jpg.rf.bf9e38ea072f8aaeaa54948f15e9394e.jpg,val
datasets\train_on_2025_all\val\images\GX010667_MP4-0035_jpg.rf.3aa452c0839ec541b26da4f2099e24b1.jpg,val
datasets\train_on_2025_all\val\images\GX010667_MP4-0042_jpg.rf.5f3f446986fd04aab6da301cd12141b5.jpg,val
datasets\train_on_2025_all\val\images\GX010668_MP4-0022_jpg.rf.8368f4392f3f94f0b5b8b85f0523f79b.jpg,val
datasets\train_on_2025_all\val\images\GX010668_MP4-0028_jpg.rf.f222e2189e44e6fe32d5fcf7b5e43020.jpg,val
datasets\train_on_2025_all\val\images\GX010668_MP4-0029_jpg.rf.4728abd43add36006570c09f0133d905.jpg,val
datasets\train_on_2025_all\val\images\GX010668_MP4-0030_jpg.rf.5f98f7652d313ce2a95eafa2a87484ea.jpg,val
datasets\train_on_2025_all\val\images\GX010668_MP4-0030_jpg.rf.e1ea2f046a074e01865a7f5acbea0848.jpg,val
datasets\train_on_2025_all\val\images\GX010668_MP4-0034_jpg.rf.f22267ef6b3c8c34a3efe9013da01e58.jpg,val
datasets\train_on_2025_all\val\images\GX010668_MP4-0041_jpg.rf.24dd47538ac5926a707f3fe018e3c60b.jpg,val
datasets\train_on_2025_all\val\images\GX010668_MP4-0042_jpg.rf.fbd9b217217c29f5dc2bb1911a1f64c2.jpg,val
datasets\train_on_2025_all\val\images\GX010668_MP4-0044_jpg.rf.62eff0ff53ea166dd6e268a427b40a9d.jpg,val
datasets\train_on_2025_all\val\images\GX010668_MP4-0051_jpg.rf.f473773a9346d5ce61a027f98ffa3bfd.jpg,val
datasets\train_on_2025_all\images\frame_00002_jpg.rf.81e4d2d34334c3e62d52a2aaf1841b65.jpg,train
datasets\train_on_2025_all\images\frame_00002_jpg.rf.c133fc4781eee7587233f43432fbbbf5.jpg,train
datasets\train_on_2025_all\images\frame_00003_jpg.rf.3ae6ccc87659809e194e2556d90c364b.jpg,train
datasets\train_on_2025_all\images\frame_00003_jpg.rf.42c03ad0db5e42c1cc474e5ffee4acda.jpg,train
datasets\train_on_2025_all\images\frame_00003_jpg.rf.b6c0410e93749729dfb7ee0391ac5426.jpg,train
datasets\train_on_2025_all\images\frame_00003_jpg.rf.b9b8d4f7af3993256d7a9ece090bd229.jpg,train
datasets\train_on_2025_all\images\frame_00003_jpg.rf.d8d3e2d8d3c9a4cf40b2ab2e95ba1e6a.jpg,train
datasets\train_on_2025_all\images\frame_00004_jpg.rf.218144c56928d193f449c445b97971ab.jpg,train
datasets\train_on_2025_all\images\frame_00004_jpg.rf.6b84e6ce0ce299b222b6b2b97dcb0e31.jpg,train
datasets\train_on_2025_all\images\frame_00004_jpg.rf.c3dce6e668dc23dd39a54307390c31e3.jpg,train
datasets\train_on_2025_all\images\frame_00005_jpg.rf.036a737ef8862a76891fa078924bebd0.jpg,train
datasets\train_on_2025_all\images\frame_00005_jpg.rf.39862fc3570999bcc7bcbb9d51c4f1fb.jpg,train
datasets\train_on_2025_all\images\frame_00005_jpg.rf.c42ac8118f9093bec750f88f7f25b84a.jpg,train
datasets\train_on_2025_all\images\frame_00005_jpg.rf.ce60b95c400ab73280a4d974431fbdf8.jpg,train
datasets\train_on_2025_all\images\frame_00006_jpg.rf.6f104ffc740898a5b9b5bf81f307874a.jpg,train
datasets\train_on_2025_all\images\frame_00006_jpg.rf.89372a8bf7fe3d7090f5e9d20f446fd1.jpg,train
datasets\train_on_2025_all\images\frame_00006_jpg.rf.b1e2f6b39721d564a4a3b390602e6d74.jpg,train
datasets\train_on_2025_all\images\frame_00006_jpg.rf.f3a0aba8fbfb1a5d5c6cd9b555cf4d99.jpg,train
datasets\train_on_2025_all\images\frame_00007_jpg.rf.1cd3bd8f0fd768e315f652f1eff4d88b.jpg,train
datasets\train_on_2025_all\images\frame_00007_jpg.rf.2c644dbeadfda868a6c6d6ca5c29f6eb.jpg,train
datasets\train_on_2025_all\images\frame_00007_jpg.rf.3190f604ce8917bc6c8ad412b5d8e100.jpg,train
datasets\train_on_2025_all\images\frame_00007_jpg.rf.5b36de2e773734c85be4a2e3df7a314d.jpg,train
datasets\train_on_2025_all\images\frame_00007_jpg.rf.667c56881f7795cd3b47d7c16be9663b.jpg,train
datasets\train_on_2025_all\images\frame_00007_jpg.rf.7575f4db9b9cfeac208a6e09c37ff2c3.jpg,train
datasets\train_on_2025_all\images\frame_00007_jpg.rf.b8aa26a7fa4db5f6deaf11a15cf1b867.jpg,train
datasets\train_on_2025_all\images\frame_00007_jpg.rf.c9c871e0ba4d59f0c64afca3615e4b5e.jpg,train
datasets\train_on_2025_all\images\frame_00008_jpg.rf.11cfdb679b92a4147ba6adf42754255a.jpg,train
datasets\train_on_2025_all\images\frame_00008_jpg.rf.188ffe17721d4d241178344db4711dd6.jpg,train
datasets\train_on_2025_all\images\frame_00008_jpg.rf.6a4027daa752b930212f9a9b54e77b10.jpg,train
datasets\train_on_2025_all\images\frame_00008_jpg.rf.ad138de2472f10d072daac70fb4d56ba.jpg,train
datasets\train_on_2025_all\images\frame_00008_jpg.rf.ce267c492735efd81df40bc5a5fdc882.jpg,train
datasets\train_on_2025_all\images\frame_00008_jpg.rf.fc43621626aa3aa99924f367b0417b4d.jpg,train
datasets\train_on_2025_all\images\frame_00009_jpg.rf.3c5231dd711265c35729c5f88b56f813.jpg,train
datasets\train_on_2025_all\images\frame_00009_jpg.rf.705ce6e6d191da051f21cdb82d999e49.jpg,train
datasets\train_on_2025_all\images\frame_00009_jpg.rf.7d91091c1cf2e42ac6fba56f7103fc54.jpg,train
datasets\train_on_2025_all\images\frame_00009_jpg.rf.c8d320a217d012645cba27190c3be9d5.jpg,train
datasets\train_on_2025_all\images\frame_00009_jpg.rf.d2671c8d580369af76cea49833fb4a05.jpg,train
datasets\train_on_2025_all\images\frame_00010_jpg.rf.2c583b78598b6ef0c2608eb15e4017e0.jpg,train
datasets\train_on_2025_all\images\frame_00010_jpg.rf.6874cef9bb075c881c26b3beaf2bb4c3.jpg,train
datasets\train_on_2025_all\images\frame_00010_jpg.rf.82212d4a8709b29090aff803358b1f18.jpg,train
datasets\train_on_2025_all\images\frame_00010_jpg.rf.a1b920fbd47c25211c628be795daf4b3.jpg,train
datasets\train_on_2025_all\images\frame_00010_jpg.rf.a52f6f0ea794c0f358b63aa3b974419b.jpg,train
datasets\train_on_2025_all\images\frame_00010_jpg.rf.c62e1ed29eb686641fd6c490c38af66d.jpg,train
datasets\train_on_2025_all\images\frame_00010_jpg.rf.d9527b21a602532451cfcef3b38f5782.jpg,train
datasets\train_on_2025_all\images\frame_00010_jpg.rf.f2f77a0e1bb2122fdd28d7c8c0a68653.jpg,train
datasets\train_on_2025_all\images\frame_00011_jpg.rf.1fcc49c8b0fc89f7a3a3f0f9952da1df.jpg,train
datasets\train_on_2025_all\images\frame_00011_jpg.rf.8cdfc1f3a550d613af79bd25989f0999.jpg,train
datasets\train_on_2025_all\images\frame_00011_jpg.rf.975b52169461b6e0516f23e40a98147c.jpg,train
datasets\train_on_2025_all\images\frame_00011_jpg.rf.b66e39b2805515df290d32ae4e69c027.jpg,train
datasets\train_on_2025_all\images\frame_00011_jpg.rf.d9e9b77024a2390957bf5e6dd275eaf9.jpg,train
datasets\train_on_2025_all\images\frame_00011_jpg.rf.f3e6ddd10392a0197b88fd328a73db46.jpg,train
datasets\train_on_2025_all\images\frame_00012_jpg.rf.0b46ba4251e1de99d336c252b35c60e3.jpg,train
datasets\train_on_2025_all\images\frame_00012_jpg.rf.5f59c1f919c599da973037db994c8b0f.jpg,train
datasets\train_on_2025_all\images\frame_00013_jpg.rf.1899238de463496a8186daabf966c102.jpg,train
datasets\train_on_2025_all\images\frame_00013_jpg.rf.2293b7358d448393725953de5a24f690.jpg,train
datasets\train_on_2025_all\images\frame_00013_jpg.rf.33495cc14bd83aa5c060bf2c86eafd9d.jpg,train
datasets\train_on_2025_all\images\frame_00013_jpg.rf.5f647dda9e1171f42c6b62373e8025cb.jpg,train
datasets\train_on_2025_all\images\frame_00013_jpg.rf.90a25b49b789cdf6bad5fedd717e869d.jpg,train
datasets\train_on_2025_all\images\frame_00013_jpg.rf.a7626f97a6e8c7976f77563ec43b7434.jpg,train
datasets\train_on_2025_all\images\frame_00013_jpg.rf.ac522859c488f77bc01bbd9ddf6874a5.jpg,train
datasets\train_on_2025_all\images\frame_00013_jpg.rf.e1154bca91357fe48969ad8f4576566c.jpg,train
datasets\train_on_2025_all\images\frame_00013_jpg.rf.f414092ae4a557ccedf5dae2401a0476.jpg,train
datasets\train_on_2025_all\images\frame_00014_jpg.rf.0d150120491ddb479d7148119157af45.jpg,train
datasets\train_on_2025_all\images\frame_00014_jpg.rf.3736b8c466391833b4bc665e26c8075b.jpg,train
datasets\train_on_2025_all\images\frame_00014_jpg.rf.6ea7fb2cf517954763e38e90ff237d01.jpg,train
datasets\train_on_2025_all\images\frame_00014_jpg.rf.741b625386bb48a28e6fdde9681c1592.jpg,train
datasets\train_on_2025_all\images\frame_00014_jpg.rf.9b9bd34dc165431135ddc39fd6827b44.jpg,train
datasets\train_on_2025_all\images\frame_00014_jpg.rf.ef6fd92adaef6abdd424e2a31ef307f5.jpg,train
datasets\train_on_2025_all\images\frame_00015_jpg.rf.3c633cd03e10fa8856865430768d0686.jpg,train
datasets\train_on_2025_all\images\frame_00015_jpg.rf.9487e4336fa202687ed1274974ba879c.jpg,train
datasets\train_on_2025_all\images\frame_00015_jpg.rf.a38684bd0696640d5259274d2b740fb6.jpg,train
datasets\train_on_2025_all\images\frame_00015_jpg.rf.b93c7c20acaed42ea4d86837a3485a47.jpg,train
datasets\train_on_2025_all\images\frame_00015_jpg.rf.fa289b06dc941edd53d81c24834b273a.jpg,train
datasets\train_on_2025_all\images\frame_00016_jpg.rf.16e8915aa59422a8497316f6cf8b7692.jpg,train
datasets\train_on_2025_all\images\frame_00016_jpg.rf.48cace9049b4cd9c1a5c40af1b489d53.jpg,train
datasets\train_on_2025_all\images\frame_00016_jpg.rf.6dfb2d04cbb42db5c89f9d08f4aec709.jpg,train
datasets\train_on_2025_all\images\frame_00016_jpg.rf.cd8d3275b870b281a9d7025cbdfab499.jpg,train
datasets\train_on_2025_all\images\frame_00016_jpg.rf.d34909c5df4e3b53c5709a9edff0138d.jpg,train
datasets\train_on_2025_all\images\frame_00016_jpg.rf.ee599fdcbb1e8f33e7230583b9c24776.jpg,train
datasets\train_on_2025_all\images\frame_00016_jpg.rf.f10e1d271453f680ef83a085acc37925.jpg,train
datasets\train_on_2025_all\images\frame_00017_jpg.rf.19afc68b2917a45db194e789f87a5e9d.jpg,train
datasets\train_on_2025_all\images\frame_00017_jpg.rf.41482e5a6c1ce704f44664dc93fd4ff8.jpg,train
datasets\train_on_2025_all\images\frame_00017_jpg.rf.50d7ebad9f0e1d5eb8e116034adc42ff.jpg,train
datasets\train_on_2025_all\images\frame_00017_jpg.rf.64e5f09ccc1a92f1f5d5810206e05a55.jpg,train
datasets\train_on_2025_all\images\frame_00017_jpg.rf.767a37d646b903457e2562af45bc3716.jpg,train
datasets\train_on_2025_all\images\frame_00018_jpg.rf.179ae3e04029bd991aa85413728f9d9a.jpg,train
datasets\train_on_2025_all\images\frame_00018_jpg.rf.278317fcbd5a9faafd688f71cbfed544.jpg,train
datasets\train_on_2025_all\images\frame_00018_jpg.rf.283451d7c2c9a3dab6dfa275af49e1de.jpg,train
datasets\train_on_2025_all\images\frame_00018_jpg.rf.6ed95c9daea9ba9fd104cd9a5e0bf231.jpg,train
datasets\train_on_2025_all\images\frame_00018_jpg.rf.d42ae9613341fe7894d9414466dc603f.jpg,train
datasets\train_on_2025_all\images\frame_00018_jpg.rf.e16244cefb436c26dfc4ffa4d0d72d08.jpg,train
datasets\train_on_2025_all\images\frame_00018_jpg.rf.e1a2b77505cda3a8c61d291dc45cda95.jpg,train
datasets\train_on_2025_all\images\frame_00018_jpg.rf.f0ba91aa037e6904c98b49b4b8319cc3.jpg,train
datasets\train_on_2025_all\images\frame_00018_jpg.rf.f7b0d836e8ede3457a56ecc90885e51e.jpg,train
datasets\train_on_2025_all\images\frame_00019_jpg.rf.4972f7f1306d9a19950c5aa2b1deb74c.jpg,train
datasets\train_on_2025_all\images\frame_00019_jpg.rf.7057e6351c81e5954cb19768d3f3899b.jpg,train
datasets\train_on_2025_all\images\frame_00019_jpg.rf.dafae3f61ce0844c6bc21c1febf65c8a.jpg,train
datasets\train_on_2025_all\images\frame_00019_jpg.rf.fffe4148ce522bbf09b5d76a1bda06ea.jpg,train
datasets\train_on_2025_all\images\frame_00020_jpg.rf.04dcebb954ece1c2d3182d95de7ca2bd.jpg,train
datasets\train_on_2025_all\images\frame_00020_jpg.rf.0843d5ffd03ce464d91e9c0aeee009bf.jpg,train
datasets\train_on_2025_all\images\frame_00020_jpg.rf.335d4bb6e3dadde88a38036d7e42b395.jpg,train
datasets\train_on_2025_all\images\frame_00020_jpg.rf.478fd706a183fd474beeb50b06a59795.jpg,train
datasets\train_on_2025_all\images\frame_00020_jpg.rf.59db2c9a4fa2ade9da9a747a3d69d1cb.jpg,train
datasets\train_on_2025_all\images\frame_00020_jpg.rf.ca71f166c8d4421c30ae180fad6e68de.jpg,train
datasets\train_on_2025_all\images\frame_00020_jpg.rf.d16cd44a8b1e63f465829c720fd37489.jpg,train
datasets\train_on_2025_all\images\frame_00020_jpg.rf.fb2e0b18dfe6a45fb4a0a789e0ff4d6e.jpg,train
datasets\train_on_2025_all\images\frame_00021_jpg.rf.2c45f07b0a60c986f2f1051070cb58e4.jpg,train
datasets\train_on_2025_all\images\frame_00021_jpg.rf.5fa93950d002d8747129ea453eb03005.jpg,train
datasets\train_on_2025_all\images\frame_00021_jpg.rf.b913730f934fc4ad243f16da9955766b.jpg,train
datasets\train_on_2025_all\images\frame_00022_jpg.rf.20b28e51bb708d6d59be2dde3de0b5d3.jpg,train
datasets\train_on_2025_all\images\frame_00022_jpg.rf.85c6da29ebe8e1ae76a189ef136a3bfa.jpg,train
datasets\train_on_2025_all\images\frame_00022_jpg.rf.8c7b269bb249e42c10204c8db51d1ee6.jpg,train
datasets\train_on_2025_all\images\frame_00022_jpg.rf.9143511b01670e95a8a37257afd2f2a4.jpg,train
datasets\train_on_2025_all\images\frame_00022_jpg.rf.9fc8036e0b14107e76e94ced5ba67eb1.jpg,train
datasets\train_on_2025_all\images\frame_00022_jpg.rf.f79b127961fa4f40fdd2f8c848f8c276.jpg,train
datasets\train_on_2025_all\images\frame_00023_jpg.rf.37719a9f4db571a4885226f11b2a1141.jpg,train
datasets\train_on_2025_all\images\frame_00023_jpg.rf.3aca143cbb032b9cc3cc6a236246326b.jpg,train
datasets\train_on_2025_all\images\frame_00023_jpg.rf.3bb851dbfa187ed5572a1dddb75796e7.jpg,train
datasets\train_on_2025_all\images\frame_00023_jpg.rf.6d659c188c4c9211ce5b062ec76ed9ce.jpg,train
datasets\train_on_2025_all\images\frame_00023_jpg.rf.7e6ce5e0e460132de146b42a5f13bb0f.jpg,train
datasets\train_on_2025_all\images\frame_00024_jpg.rf.0603a9f7aa21d1255b7c99bb20d1046c.jpg,train
datasets\train_on_2025_all\images\frame_00024_jpg.rf.1ce1665d30deba75c8fb1833770c2e52.jpg,train
datasets\train_on_2025_all\images\frame_00024_jpg.rf.44840d0343e3ffeea04a77b97f7f57bf.jpg,train
datasets\train_on_2025_all\images\frame_00024_jpg.rf.45ee8157eda53e08ca049cc9dad9ea71.jpg,train
datasets\train_on_2025_all\images\frame_00024_jpg.rf.4c524da7088af043126614f712d60a44.jpg,train
datasets\train_on_2025_all\images\frame_00024_jpg.rf.4e7eb7312b2bca1e8a8a7fd8a25e2c91.jpg,train
datasets\train_on_2025_all\images\frame_00024_jpg.rf.52d2c3122664af4a78296563cc100a2f.jpg,train
datasets\train_on_2025_all\images\frame_00024_jpg.rf.9288bfda87a819f14c3c14f353141405.jpg,train
datasets\train_on_2025_all\images\frame_00024_jpg.rf.9594c0a7d23cc9ae4cab491b642b90c1.jpg,train
datasets\train_on_2025_all\images\frame_00024_jpg.rf.97200c94cd3a871039d0d742d374e029.jpg,train
datasets\train_on_2025_all\images\frame_00024_jpg.rf.ccd5db1fbafa3f70e82b12b1c58c295b.jpg,train
datasets\train_on_2025_all\images\frame_00024_jpg.rf.ebc70daf1fc619aacc8c6252b65d0986.jpg,train
datasets\train_on_2025_all\images\frame_00025_jpg.rf.1a9444350a161ae93be8919d1c407bb8.jpg,train
datasets\train_on_2025_all\images\frame_00025_jpg.rf.228dcf1d9ef935d3b90a95aaf7991ea6.jpg,train
datasets\train_on_2025_all\images\frame_00025_jpg.rf.3e6b53ba9b091caffd74a4d4cb245b00.jpg,train
datasets\train_on_2025_all\images\frame_00025_jpg.rf.69511ec6079e9bf6c3d7977f60879572.jpg,train
datasets\train_on_2025_all\images\frame_00025_jpg.rf.8707b2fd09fedd194f9e5cfb5fc787cc.jpg,train
datasets\train_on_2025_all\images\frame_00025_jpg.rf.a4b644fa4b6e683f7bbfef5b0dfc3e3e.jpg,train
datasets\train_on_2025_all\images\frame_00025_jpg.rf.b66601b1125282fd3d6fbe1e502ed3f9.jpg,train
datasets\train_on_2025_all\images\frame_00025_jpg.rf.b8776ecf83367c4fcac1621f4ad3e720.jpg,train
datasets\train_on_2025_all\images\frame_00025_jpg.rf.d353a65083bbfb93979897560afb7ede.jpg,train
datasets\train_on_2025_all\images\frame_00026_jpg.rf.09b4ff5342fbb09376ad2bcdf68e4b0b.jpg,train
datasets\train_on_2025_all\images\frame_00026_jpg.rf.1796cb6440b58ae59c92da3a2b545c6f.jpg,train
datasets\train_on_2025_all\images\frame_00026_jpg.rf.18a6b4bac86b6c8093a18918f9d53757.jpg,train
datasets\train_on_2025_all\images\frame_00026_jpg.rf.4adf7af8a84e304d482eeaabc95168cd.jpg,train
datasets\train_on_2025_all\images\frame_00026_jpg.rf.51204a4543b65166c53d6a8174374915.jpg,train
datasets\train_on_2025_all\images\frame_00026_jpg.rf.52dcb73083860cfa5a11394b329ff7e7.jpg,train
datasets\train_on_2025_all\images\frame_00026_jpg.rf.5c0010d3003ae3d118b045f83fe49b76.jpg,train
datasets\train_on_2025_all\images\frame_00026_jpg.rf.bf9e61a48a0ed36e68b4c59bef0ccdd2.jpg,train
datasets\train_on_2025_all\images\frame_00026_jpg.rf.e31b5029d708ba2b9444a82a9e65554b.jpg,train
datasets\train_on_2025_all\images\frame_00027_jpg.rf.36e0d5c45e6edc101df3b5cb344b2b27.jpg,train
datasets\train_on_2025_all\images\frame_00027_jpg.rf.a05589f3c63641756d62080d5f2769f2.jpg,train
datasets\train_on_2025_all\images\frame_00027_jpg.rf.aa6c76ec1f299d201da8d4f02bc2ffe2.jpg,train
datasets\train_on_2025_all\images\frame_00028_jpg.rf.0296acef29e7a319297dcce68c640fd2.jpg,train
datasets\train_on_2025_all\images\frame_00028_jpg.rf.605cd7bcaa1f228d70e6099eac3aa7e0.jpg,train
datasets\train_on_2025_all\images\frame_00028_jpg.rf.c77a82685594ecbee8924d7c50865acb.jpg,train
datasets\train_on_2025_all\images\frame_00028_jpg.rf.e29bea5ba3774f5bdb0e0e37e4101e57.jpg,train
datasets\train_on_2025_all\images\frame_00029_jpg.rf.01d4917ca9fe101312efab0668e7a4e9.jpg,train
datasets\train_on_2025_all\images\frame_00029_jpg.rf.2a717aca16f02b2416349a38853a0474.jpg,train
datasets\train_on_2025_all\images\frame_00029_jpg.rf.5542ce159e6b93a4d785b34cc6873008.jpg,train
datasets\train_on_2025_all\images\frame_00029_jpg.rf.5b3c0945cd90cd8f81ddd51bc50015d5.jpg,train
datasets\train_on_2025_all\images\frame_00029_jpg.rf.bb949dfd035691cac7085f2d767c3389.jpg,train
datasets\train_on_2025_all\images\frame_00030_jpg.rf.59fb5cf9ffbea9030bf6b6f3d1dcd00d.jpg,train
datasets\train_on_2025_all\images\frame_00030_jpg.rf.61b1899f49b3fef74c26b165c45465d2.jpg,train
datasets\train_on_2025_all\images\frame_00030_jpg.rf.7c658727265a757403fa2c384780cff2.jpg,train
datasets\train_on_2025_all\images\frame_00030_jpg.rf.b8d808c0921d058f8023f0decd435751.jpg,train
datasets\train_on_2025_all\images\frame_00030_jpg.rf.c413dd5eed41f1c9d0972ecfa792bc61.jpg,train
datasets\train_on_2025_all\images\frame_00030_jpg.rf.e619d510dc71d867f4d2806431669b75.jpg,train
datasets\train_on_2025_all\images\frame_00031_jpg.rf.1a9c578210535bcad9022614c812533a.jpg,train
datasets\train_on_2025_all\images\frame_00031_jpg.rf.1acc3f3c7430aae5b6fec95d1f1cd174.jpg,train
datasets\train_on_2025_all\images\frame_00031_jpg.rf.2c7d41ae6980cd78c7bd2994895462ab.jpg,train
datasets\train_on_2025_all\images\frame_00031_jpg.rf.2cad186ee4b3256487ccf6eba3f37931.jpg,train
datasets\train_on_2025_all\images\frame_00031_jpg.rf.466c03bcb0801249f995fa206111f05a.jpg,train
datasets\train_on_2025_all\images\frame_00031_jpg.rf.564d3a7b2e2117b9d0a735ff80014e64.jpg,train
datasets\train_on_2025_all\images\frame_00031_jpg.rf.8f7c8e8d8e75f4ed7dad8149b84f6818.jpg,train
datasets\train_on_2025_all\images\frame_00031_jpg.rf.b6132af0dcdfbb0294f1f16a336b37a4.jpg,train
datasets\train_on_2025_all\images\frame_00032_jpg.rf.19fb1024274e2ba93b760d08448b20be.jpg,train
datasets\train_on_2025_all\images\frame_00032_jpg.rf.29c24051896724452395dd2b7d8099dc.jpg,train
datasets\train_on_2025_all\images\frame_00032_jpg.rf.5074493bc8c3c4059abfa1847b7f7dd8.jpg,train
datasets\train_on_2025_all\images\frame_00032_jpg.rf.61293ca16bb0841928310d1498f30ba0.jpg,train
datasets\train_on_2025_all\images\frame_00032_jpg.rf.62e02663e8864af7ec5ffd3c76cf5119.jpg,train
datasets\train_on_2025_all\images\frame_00032_jpg.rf.7d46e933266919c2bd9fc24eff04621b.jpg,train
datasets\train_on_2025_all\images\frame_00033_jpg.rf.4ee6d118b61507bfaad1b8e7df926a33.jpg,train
datasets\train_on_2025_all\images\frame_00033_jpg.rf.860875390a07421dd4d39413e2c50761.jpg,train
datasets\train_on_2025_all\images\frame_00033_jpg.rf.da9de6f6aa43bc12defe288239d18c3d.jpg,train
datasets\train_on_2025_all\images\frame_00034_jpg.rf.2fbbf69350e0652abde216d6126d1b2e.jpg,train
datasets\train_on_2025_all\images\frame_00034_jpg.rf.3916df3707323fcf1ee259cc35dce2b8.jpg,train
datasets\train_on_2025_all\images\frame_00034_jpg.rf.49a3d06e69b81435157af5b7a39f21e1.jpg,train
datasets\train_on_2025_all\images\frame_00034_jpg.rf.5355868fab7778fbc4447b5d18b5d1b1.jpg,train
datasets\train_on_2025_all\images\frame_00034_jpg.rf.8d5204bb68bcf6b6121d6ccd9c704ae4.jpg,train
datasets\train_on_2025_all\images\frame_00034_jpg.rf.90cef8dc981f3d063c56155c3dda4df7.jpg,train
datasets\train_on_2025_all\images\frame_00034_jpg.rf.f8ab1f51e3d9294f041369efe344754d.jpg,train
datasets\train_on_2025_all\images\frame_00035_jpg.rf.006b9574c416e1d41e2ad67917225bd5.jpg,train
datasets\train_on_2025_all\images\frame_00035_jpg.rf.3ca92ccdd0c4d3544290d24a35879d9b.jpg,train
datasets\train_on_2025_all\images\frame_00035_jpg.rf.4e36ded5765ef6889719d7a4b63df052.jpg,train
datasets\train_on_2025_all\images\frame_00035_jpg.rf.77081af4b19d9c287fc1e726f68d0b80.jpg,train
datasets\train_on_2025_all\images\frame_00035_jpg.rf.ed37b5c1de8d6a733a7fe727e3606bbe.jpg,train
datasets\train_on_2025_all\images\frame_00036_jpg.rf.0801e2a8f5b0e25e3be7fe933ed8ffc7.jpg,train
datasets\train_on_2025_all\images\frame_00036_jpg.rf.15d67351dbe88f477c50cba558bfa3dc.jpg,train
datasets\train_on_2025_all\images\frame_00036_jpg.rf.3a343fec52db39c0f3fbcbdc9083e29d.jpg,train
datasets\train_on_2025_all\images\frame_00036_jpg.rf.5b7086bf83da4484634a4fc18d446c4c.jpg,train
datasets\train_on_2025_all\images\frame_00037_jpg.rf.9aa3466f808486291505e1fe39e67aa6.jpg,train
datasets\train_on_2025_all\images\frame_00037_jpg.rf.a984f285d5a95f79aecb04db41693455.jpg,train
datasets\train_on_2025_all\images\frame_00037_jpg.rf.b6d7d403708e7e5a7c1226e945fe99ee.jpg,train
datasets\train_on_2025_all\images\frame_00037_jpg.rf.d82c670ade8d07b5991a6ad7c137ba91.jpg,train
datasets\train_on_2025_all\images\frame_00037_jpg.rf.e01c6e859b22a47df967139ecbb8fdc6.jpg,train
datasets\train_on_2025_all\images\frame_00038_jpg.rf.09e0fc9b0e058586b15e17d4705f32ae.jpg,train
datasets\train_on_2025_all\images\frame_00038_jpg.rf.5784603d372037a791bb83ef3c728af0.jpg,train
datasets\train_on_2025_all\images\frame_00038_jpg.rf.69cfe94254435220b432986ea4ab0173.jpg,train
datasets\train_on_2025_all\images\frame_00038_jpg.rf.6c089c9875f22ccd6fd6c72ab7d479cc.jpg,train
datasets\train_on_2025_all\images\frame_00038_jpg.rf.73580e750503aa83da8ce44fb05b4934.jpg,train
datasets\train_on_2025_all\images\frame_00038_jpg.rf.9b85f4e7fa2ffb3ae4ee0c83ccf10172.jpg,train
datasets\train_on_2025_all\images\frame_00038_jpg.rf.a54d3524008927ef5b10aff2f8142420.jpg,train
datasets\train_on_2025_all\images\frame_00038_jpg.rf.cd631779af27d05901ffa3119b5f71a2.jpg,train
datasets\train_on_2025_all\images\frame_00039_jpg.rf.1c1783e6196710ccd061089079928dba.jpg,train
datasets\train_on_2025_all\images\frame_00039_jpg.rf.2cd947d5f76f8209b6f8eb0b7a22dca6.jpg,train
datasets\train_on_2025_all\images\frame_00039_jpg.rf.3a4a05d96e2ce5933d10e48c0d5821e5.jpg,train
datasets\train_on_2025_all\images\frame_00039_jpg.rf.6e7757c56320c594c77f96616a249ff6.jpg,train
datasets\train_on_2025_all\images\frame_00040_jpg.rf.7520b090479d71715181902c441ebbd1.jpg,train
datasets\train_on_2025_all\images\frame_00040_jpg.rf.a37c004c15968d3d24bc4a500655c57e.jpg,train
datasets\train_on_2025_all\images\frame_00040_jpg.rf.b2b95b1f65a38a9ddd877368e4224e62.jpg,train
datasets\train_on_2025_all\images\frame_00041_jpg.rf.34b9eff779b9cfca8fcde63b31e1c5d2.jpg,train
datasets\train_on_2025_all\images\frame_00041_jpg.rf.48c59799adf4199e3cb95eea3a36efbe.jpg,train
datasets\train_on_2025_all\images\frame_00041_jpg.rf.89cf6e1ac6bc54a6babe63867975c81f.jpg,train
datasets\train_on_2025_all\images\frame_00041_jpg.rf.c134c0c43ebec8a8346467c6541813c2.jpg,train
datasets\train_on_2025_all\images\frame_00041_jpg.rf.defd29a8b879cdc86fbeeb703da3cae5.jpg,train
datasets\train_on_2025_all\images\frame_00042_jpg.rf.03d32dfc6eef9e27a09ca6f16d221330.jpg,train
datasets\train_on_2025_all\images\frame_00042_jpg.rf.37d12f995a8d0511b9fa9506d959601d.jpg,train
datasets\train_on_2025_all\images\frame_00042_jpg.rf.753ae542b943c4548cfa1c1946e44bab.jpg,train
datasets\train_on_2025_all\images\frame_00043_jpg.rf.1f6c942349c784902360fc306d3fd0c2.jpg,train
datasets\train_on_2025_all\images\frame_00043_jpg.rf.3282d82e2870ff1002bc154f317b7c04.jpg,train
datasets\train_on_2025_all\images\frame_00043_jpg.rf.a320089a12e703a7c02363e1ef15446f.jpg,train
datasets\train_on_2025_all\images\frame_00043_jpg.rf.bfcef015bff0a73ab5c80ef3b9df823f.jpg,train
datasets\train_on_2025_all\images\frame_00043_jpg.rf.e89ad5f40376d8a2ae5476c5425759b7.jpg,train
datasets\train_on_2025_all\images\frame_00043_jpg.rf.efeb38b86d227e6ec8910e8272c141fc.jpg,train
datasets\train_on_2025_all\images\frame_00044_jpg.rf.0806309ec042a542cf5927b5b894781d.jpg,train
datasets\train_on_2025_all\images\frame_00044_jpg.rf.3e6ae63eeb1516ddb79b84224e970476.jpg,train
datasets\train_on_2025_all\images\frame_00044_jpg.rf.5dba34eb445243e0044716f094c15087.jpg,train
datasets\train_on_2025_all\images\frame_00044_jpg.rf.b1c6166ae3c5d4752a392e9c02366f25.jpg,train
datasets\train_on_2025_all\images\frame_00044_jpg.rf.bbea3e064d3bdf147c1ce2477b8a057f.jpg,train
datasets\train_on_2025_all\images\frame_00044_jpg.rf.ed3bb0e3a29d172e9979eafbd3cf7e2c.jpg,train
datasets\train_on_2025_all\images\frame_00044_jpg.rf.f345433c8768d5d3fb45c128eddb5cdf.jpg,train
datasets\train_on_2025_all\images\frame_00045_jpg.rf.0b2ed76f2bb110714d0b57d70ff83131.jpg,train
datasets\train_on_2025_all\images\frame_00045_jpg.rf.2424dca728adfb3a0d98193540045b37.jpg,train
datasets\train_on_2025_all\images\frame_00045_jpg.rf.f81ca390a78e9ffb34c835c77e06ee7d.jpg,train
datasets\train_on_2025_all\images\frame_00046_jpg.rf.3467d840d9765872e992eb099475a871.jpg,train
datasets\train_on_2025_all\images\frame_00046_jpg.rf.662f4df52081221d0bffe610ba874102.jpg,train
datasets\train_on_2025_all\images\frame_00046_jpg.rf.8e97cf14197d246f726eac05bf1b8591.jpg,train
datasets\train_on_2025_all\images\frame_00046_jpg.rf.b74205aa7ed0ea0343e908912abbc439.jpg,train
datasets\train_on_2025_all\images\frame_00046_jpg.rf.e2b5bb16a90544985bc3ae023f0c4fbb.jpg,train
datasets\train_on_2025_all\images\frame_00046_jpg.rf.f970c8abd9ab5d5ce4fc2f4763c61ab1.jpg,train
datasets\train_on_2025_all\images\frame_00047_jpg.rf.48e518377bd2c2ea5b3906a8076e9e4d.jpg,train
datasets\train_on_2025_all\images\frame_00047_jpg.rf.51bd6fcfac209707abb864dfa1e1c203.jpg,train
datasets\train_on_2025_all\images\frame_00047_jpg.rf.b50ea3b014d57ac720c0562a2efe6140.jpg,train
datasets\train_on_2025_all\images\frame_00047_jpg.rf.e162bc8fbc7dd03837be97d84b105b5a.jpg,train
datasets\train_on_2025_all\images\frame_00047_jpg.rf.ed5c35ad4b0d1ec610b0ec9b3884da00.jpg,train
datasets\train_on_2025_all\images\frame_00048_jpg.rf.238ba7b5a529437f7e908bdd1d99166f.jpg,train
datasets\train_on_2025_all\images\frame_00048_jpg.rf.4bb8b1c5455b4fa56f03333ebe65bc54.jpg,train
datasets\train_on_2025_all\images\frame_00049_jpg.rf.391b76ea640d7c9279a4a65ee41952c8.jpg,train
datasets\train_on_2025_all\images\frame_00049_jpg.rf.3dc70d4e7a0a10e67f193b78c0f2f27f.jpg,train
datasets\train_on_2025_all\images\frame_00049_jpg.rf.40c1dd21fd459e90c087e57ac4135bfc.jpg,train
datasets\train_on_2025_all\images\frame_00049_jpg.rf.89cabdf8fc67da0e0dbbb5d46740f6d9.jpg,train
datasets\train_on_2025_all\images\frame_00050_jpg.rf.f1dfb36a78749a285bbe57f351cfa785.jpg,train
datasets\train_on_2025_all\images\frame_00051_jpg.rf.0547a45e5ccd2b55e42429352271e1a0.jpg,train
datasets\train_on_2025_all\images\frame_00052_jpg.rf.6dc6a580e1e89a24503f545f68e2e1e3.jpg,train
datasets\train_on_2025_all\images\frame_00052_jpg.rf.aa0266d30801faa2f6495168d599a15c.jpg,train
datasets\train_on_2025_all\images\frame_00052_jpg.rf.d6aff11d03cac34caa3d17ae7f0b8593.jpg,train
datasets\train_on_2025_all\images\frame_00053_jpg.rf.10c22aecff77ca6db0694a12f0ed51a8.jpg,train
datasets\train_on_2025_all\images\frame_00053_jpg.rf.5e7790c3dea7232c605d8c297aa0f221.jpg,train
datasets\train_on_2025_all\images\frame_00053_jpg.rf.a9b14b05fb884321e1d19acb611ee9be.jpg,train
datasets\train_on_2025_all\images\frame_00053_jpg.rf.d7874e257fcdec1dfe6e28a7cc479e65.jpg,train
datasets\train_on_2025_all\images\frame_00053_jpg.rf.f74e59f4fb178e8c088ff2a667adf86a.jpg,train
datasets\train_on_2025_all\images\frame_00054_jpg.rf.969ed8beeffecebcd3b09f82f281cd68.jpg,train
datasets\train_on_2025_all\images\frame_00054_jpg.rf.9db3c1d64293a2cf858aa5cb04880e00.jpg,train
datasets\train_on_2025_all\images\frame_00054_jpg.rf.bf9b4cd1fe322cb102f23eb9a665b97b.jpg,train
datasets\train_on_2025_all\images\frame_00054_jpg.rf.c2e177a6ff973395bcd1372b8fdb579c.jpg,train
datasets\train_on_2025_all\images\frame_00054_jpg.rf.f42679ee50b530d37c29aea222eb2f17.jpg,train
datasets\train_on_2025_all\images\frame_00054_jpg.rf.fb1001c54ecce03c91bffd8cca4417d3.jpg,train
datasets\train_on_2025_all\images\frame_00055_jpg.rf.0aaa7c260073f3d725faa988f2316d1c.jpg,train
datasets\train_on_2025_all\images\frame_00055_jpg.rf.6044d206d082be83084fd8aa05898326.jpg,train
datasets\train_on_2025_all\images\frame_00055_jpg.rf.f6a334906211942ebf70f801f6ba26df.jpg,train
datasets\train_on_2025_all\images\frame_00056_jpg.rf.aaa06e4e5ebf0b589b60549f4c0c97f0.jpg,train
datasets\train_on_2025_all\images\frame_00056_jpg.rf.bfde35abefc2c6cac9dc1006b37dab24.jpg,train
datasets\train_on_2025_all\images\frame_00057_jpg.rf.23b926327323386637b51dd726ae2a33.jpg,train
datasets\train_on_2025_all\images\frame_00057_jpg.rf.4cbd5cd02408130bc9331b731159ccc2.jpg,train
datasets\train_on_2025_all\images\frame_00057_jpg.rf.86a55ea6a1e28b4e97bd5b49b76fb2e5.jpg,train
datasets\train_on_2025_all\images\frame_00057_jpg.rf.9aeabafb11518acae27347d5f65343de.jpg,train
datasets\train_on_2025_all\images\frame_00057_jpg.rf.c80a416d645276b7004cd010ed19e3da.jpg,train
datasets\train_on_2025_all\images\frame_00058_jpg.rf.748d1c1905b928c5e1cbdab70fc34ac7.jpg,train
datasets\train_on_2025_all\images\frame_00058_jpg.rf.8e997188f6935be2cca367e385640906.jpg,train
datasets\train_on_2025_all\images\frame_00058_jpg.rf.a90a6c2c0eea84ad6c0df395ed10721e.jpg,train
datasets\train_on_2025_all\images\frame_00059_jpg.rf.331402a994e17271e3bd52aeb631d739.jpg,train
datasets\train_on_2025_all\images\frame_00059_jpg.rf.d9386965781c2a692c4a0ca2a33f57c5.jpg,train
datasets\train_on_2025_all\images\frame_00059_jpg.rf.ed90ca6ef6f63634c17ae3fc7df713ab.jpg,train
datasets\train_on_2025_all\images\frame_00060_jpg.rf.24b833f3257b3d1f3c968c80e3b1efed.jpg,train
datasets\train_on_2025_all\images\frame_00060_jpg.rf.a07d74d619137933d26222ecaef9743e.jpg,train
datasets\train_on_2025_all\images\frame_00060_jpg.rf.a09ca859ee17e87b1d8d4b87e3e1545f.jpg,train
datasets\train_on_2025_all\images\frame_00062_jpg.rf.c9f6863db5c339a8e055e46bdaf6e45e.jpg,train
datasets\train_on_2025_all\images\frame_00062_jpg.rf.cda7b45cf81d89d26a129f2c42870472.jpg,train
datasets\train_on_2025_all\images\frame_00062_jpg.rf.edb5b169662cbdf04068e27e9392f83a.jpg,train
datasets\train_on_2025_all\images\frame_00063_jpg.rf.366097e88b3271b65651a791386f122d.jpg,train
datasets\train_on_2025_all\images\frame_00063_jpg.rf.394adbb257efd2d9e90e54aeebd6724b.jpg,train
datasets\train_on_2025_all\images\frame_00063_jpg.rf.60959ef35990a833b741320061683bc5.jpg,train
datasets\train_on_2025_all\images\frame_00063_jpg.rf.c9f20081e6801f7245d34d7d32f1f26a.jpg,train
datasets\train_on_2025_all\images\frame_00064_jpg.rf.0d700a940b6900e77086213be4e53d85.jpg,train
datasets\train_on_2025_all\images\frame_00064_jpg.rf.203300fd3576ed47bd2efa081e6a8ea9.jpg,train
datasets\train_on_2025_all\images\frame_00064_jpg.rf.86f485686e88047b564497ab911c37e7.jpg,train
datasets\train_on_2025_all\images\frame_00064_jpg.rf.a159c0390ad9141dea9774b20c8dd680.jpg,train
datasets\train_on_2025_all\images\frame_00064_jpg.rf.f69e394c2a71c164ddeb407e6b45a743.jpg,train
datasets\train_on_2025_all\images\frame_00065_jpg.rf.2fecb18c022aacb567fe8a347423d75c.jpg,train
datasets\train_on_2025_all\images\frame_00065_jpg.rf.3c546e89ee4190e4888ec0cbbe3dba14.jpg,train
datasets\train_on_2025_all\images\frame_00065_jpg.rf.8700323a2a9e9d964ec04d68f9d5e8b6.jpg,train
datasets\train_on_2025_all\images\frame_00065_jpg.rf.887a8341a26f4a53e6785537d08e9941.jpg,train
datasets\train_on_2025_all\images\frame_00065_jpg.rf.99083a68d4c43a665065efe457626ac6.jpg,train
datasets\train_on_2025_all\images\frame_00066_jpg.rf.09abec941dd0caa4c524fd2f2416dc0f.jpg,train
datasets\train_on_2025_all\images\frame_00066_jpg.rf.125d68956325a8d5688dde2a00cc69a7.jpg,train
datasets\train_on_2025_all\images\frame_00066_jpg.rf.3b2ed18bf8002a2acd4119c7f4144ce7.jpg,train
datasets\train_on_2025_all\images\frame_00066_jpg.rf.4da7e289467ccb7b657348e6a1d82dad.jpg,train
datasets\train_on_2025_all\images\frame_00066_jpg.rf.5486a3b1401cac03636500a0223be999.jpg,train
datasets\train_on_2025_all\images\frame_00066_jpg.rf.98e2674dc8653490a16dea24809c7b36.jpg,train
datasets\train_on_2025_all\images\frame_00066_jpg.rf.b1e1879330176dd01704e5050d2fa473.jpg,train
datasets\train_on_2025_all\images\frame_00066_jpg.rf.decdb418c3d75c21af81ce42b7118e38.jpg,train
datasets\train_on_2025_all\images\frame_00067_jpg.rf.0bda41b47fa60b550a6f2ebc64bd73ce.jpg,train
datasets\train_on_2025_all\images\frame_00067_jpg.rf.0cb0290ec731d4050f187d074cd3b57e.jpg,train
datasets\train_on_2025_all\images\frame_00067_jpg.rf.628c0b6dd5c04f5e207bb0416fa3ac01.jpg,train
datasets\train_on_2025_all\images\frame_00067_jpg.rf.95f97b9cc1628596d78f780f0ac49896.jpg,train
datasets\train_on_2025_all\images\frame_00067_jpg.rf.c77cc2c61eb3cc10e4176b67742d8782.jpg,train
datasets\train_on_2025_all\images\frame_00067_jpg.rf.f926886bccae32320fbde4c0e66a5f25.jpg,train
datasets\train_on_2025_all\images\frame_00068_jpg.rf.a8e02fd6da672c79207a6604cec3775c.jpg,train
datasets\train_on_2025_all\images\frame_00068_jpg.rf.b13f1309326e3be0896e5eae8c19cd0e.jpg,train
datasets\train_on_2025_all\images\frame_00069_jpg.rf.02f0cb1ba38f161301b829aa996b503a.jpg,train
datasets\train_on_2025_all\images\frame_00069_jpg.rf.6dcacf50b049b0c3eab8e1c6a11e718e.jpg,train
datasets\train_on_2025_all\images\frame_00070_jpg.rf.304f3ab90a7aee2851d1e89274c6ed86.jpg,train
datasets\train_on_2025_all\images\frame_00070_jpg.rf.ee3da37a8e0c69be24485bcbded502db.jpg,train
datasets\train_on_2025_all\images\frame_00071_jpg.rf.1451b0ce6f1fbc61a5dc7c9421d8e9dd.jpg,train
datasets\train_on_2025_all\images\frame_00071_jpg.rf.65028887d12968f6347403f0e1e6fa50.jpg,train
datasets\train_on_2025_all\images\frame_00071_jpg.rf.7b86287905d99386d4257967c0bef6ed.jpg,train
datasets\train_on_2025_all\images\frame_00071_jpg.rf.aaadead2f0ebeff87f5495ff244424da.jpg,train
datasets\train_on_2025_all\images\frame_00072_jpg.rf.031d872a6fd55704f621e183a57faae7.jpg,train
datasets\train_on_2025_all\images\frame_00072_jpg.rf.3652c6227a9c2200d48c2b9cf058e621.jpg,train
datasets\train_on_2025_all\images\frame_00072_jpg.rf.4d492c356a33bb32bf2c0bfddbd0528f.jpg,train
datasets\train_on_2025_all\images\frame_00072_jpg.rf.7211dbc9db0a9cb989255fff6fda5f03.jpg,train
datasets\train_on_2025_all\images\frame_00072_jpg.rf.7db4723d97381727e2fa72d061b02cd2.jpg,train
datasets\train_on_2025_all\images\frame_00072_jpg.rf.7e03e6a8f6c089648242df24afa8be68.jpg,train
datasets\train_on_2025_all\images\frame_00072_jpg.rf.cd24d2954405038196b19ec0db172ffc.jpg,train
datasets\train_on_2025_all\images\frame_00072_jpg.rf.e1d3ee74d12a57ea4f3a616c6427caa5.jpg,train
datasets\train_on_2025_all\images\frame_00072_jpg.rf.fe846e2275e5ee3d03b0c7a54edd798a.jpg,train
datasets\train_on_2025_all\images\frame_00073_jpg.rf.cb206bb096c73e0fd0cf2bbd8e63e023.jpg,train
datasets\train_on_2025_all\images\frame_00073_jpg.rf.e3ff1d189ef4ac38c79beab7b094a7e5.jpg,train
datasets\train_on_2025_all\images\frame_00073_jpg.rf.f13c3c89b945e5a7f46c7b8e1f448604.jpg,train
datasets\train_on_2025_all\images\frame_00074_jpg.rf.54dd770849b30051f1e0bb904c437e88.jpg,train
datasets\train_on_2025_all\images\frame_00074_jpg.rf.6341fcfd1257c9c041786a039a4e6300.jpg,train
datasets\train_on_2025_all\images\frame_00074_jpg.rf.635441b8e7aa45244e58e4b08f205b69.jpg,train
datasets\train_on_2025_all\images\frame_00074_jpg.rf.880e91bcfd8e5e8531e244a564b0b03c.jpg,train
datasets\train_on_2025_all\images\frame_00074_jpg.rf.b6f97053362a7fbcaaafae39845330b8.jpg,train
datasets\train_on_2025_all\images\frame_00074_jpg.rf.e520cb7c9c1311b963ddb2d22aba0dfb.jpg,train
datasets\train_on_2025_all\images\frame_00075_jpg.rf.02ab0eb93e3fc69167f5b1cdb25f6cf5.jpg,train
datasets\train_on_2025_all\images\frame_00075_jpg.rf.1a14a88a7a4019bba543fc311a038dad.jpg,train
datasets\train_on_2025_all\images\frame_00075_jpg.rf.1a4818da34cacee1cfa1fb3faabfebcd.jpg,train
datasets\train_on_2025_all\images\frame_00075_jpg.rf.68a8b794aae2f373a1de3367d6578397.jpg,train
datasets\train_on_2025_all\images\frame_00075_jpg.rf.fd35b395368da65490deb8833e478cdc.jpg,train
datasets\train_on_2025_all\images\frame_00076_jpg.rf.1b801b6f6969c18329be1e860f31f41e.jpg,train
datasets\train_on_2025_all\images\frame_00076_jpg.rf.7813f297550ab15069511cb7092bca13.jpg,train
datasets\train_on_2025_all\images\frame_00076_jpg.rf.95825532c82d6ce147d3cc0556dd676e.jpg,train
datasets\train_on_2025_all\images\frame_00076_jpg.rf.9b7801d1355d5c7cf4eb90ed10bc8953.jpg,train
datasets\train_on_2025_all\images\frame_00076_jpg.rf.dbe7aca809c3709b36669bfbbb721800.jpg,train
datasets\train_on_2025_all\images\frame_00076_jpg.rf.fd8678a9ae684e8234dcb6c0e937b2c5.jpg,train
datasets\train_on_2025_all\images\frame_00077_jpg.rf.d586fbcfeb7a030f214bbca12e36d4c8.jpg,train
datasets\train_on_2025_all\images\frame_00078_jpg.rf.194dbdba4074b472aa06c9535550ce02.jpg,train
datasets\train_on_2025_all\images\frame_00078_jpg.rf.32249801d882be3b4913c1d8c9e83d14.jpg,train
datasets\train_on_2025_all\images\frame_00078_jpg.rf.504daa7cc396a94fa83625cb6fb21ff5.jpg,train
datasets\train_on_2025_all\images\frame_00078_jpg.rf.618aa88c08489378deff73429bbdbcbd.jpg,train
datasets\train_on_2025_all\images\frame_00078_jpg.rf.68b4a8257b3c9e198d44326642bab411.jpg,train
datasets\train_on_2025_all\images\frame_00078_jpg.rf.a14a477a07cfdb173ec6ff3ff39d3426.jpg,train
datasets\train_on_2025_all\images\frame_00078_jpg.rf.c039e7d4785136ca146de790c98ecef7.jpg,train
datasets\train_on_2025_all\images\frame_00078_jpg.rf.d037d579470633f958a66795ae987b27.jpg,train
datasets\train_on_2025_all\images\frame_00078_jpg.rf.eab9b1243312c1fa1f7675e87ee7d448.jpg,train
datasets\train_on_2025_all\images\frame_00079_jpg.rf.443812f2743be40c22174526960aba3d.jpg,train
datasets\train_on_2025_all\images\frame_00079_jpg.rf.4ff520ddb3af10ad0b92b5954946d874.jpg,train
datasets\train_on_2025_all\images\frame_00079_jpg.rf.54b654e778965e02194d03486e83d614.jpg,train
datasets\train_on_2025_all\images\frame_00079_jpg.rf.728a0a9479baaa9797f8133e7d915e4f.jpg,train
datasets\train_on_2025_all\images\frame_00079_jpg.rf.8ae3de75adbf2bdb21e38c77910f3c85.jpg,train
datasets\train_on_2025_all\images\frame_00079_jpg.rf.b172400bbe24d9234b12f6e2e4a91065.jpg,train
datasets\train_on_2025_all\images\frame_00079_jpg.rf.d5d28d8a5eca384dc1dc208ad39df2c1.jpg,train
datasets\train_on_2025_all\images\frame_00079_jpg.rf.e84e782d586a2ad9110b15f241b4dadd.jpg,train
datasets\train_on_2025_all\images\frame_00079_jpg.rf.fcd18ebd156210f139b9ab564b46febb.jpg,train
datasets\train_on_2025_all\images\frame_00080_jpg.rf.469aa433cf7ed4698986d8666b8dd077.jpg,train
datasets\train_on_2025_all\images\frame_00081_jpg.rf.11887f9ab5908308bb3c1817ecf94e3e.jpg,train
datasets\train_on_2025_all\images\frame_00081_jpg.rf.13f8db609066cca65ce15b6cbd9ae591.jpg,train
datasets\train_on_2025_all\images\frame_00081_jpg.rf.1f2dc468100e5a32f7c59e170d6a6902.jpg,train
datasets\train_on_2025_all\images\frame_00081_jpg.rf.36d9975adcb80718e876e94c0452b520.jpg,train
datasets\train_on_2025_all\images\frame_00081_jpg.rf.63dd2053fa205ac5e4c4a8b6a69b769e.jpg,train
datasets\train_on_2025_all\images\frame_00081_jpg.rf.cbf19d311c48376276029bf7b8009858.jpg,train
datasets\train_on_2025_all\images\frame_00081_jpg.rf.e83d2bc04541deaeb60a1036ec9fed15.jpg,train
datasets\train_on_2025_all\images\frame_00082_jpg.rf.063d8f328d3283895b0ec095d65cce50.jpg,train
datasets\train_on_2025_all\images\frame_00082_jpg.rf.66e9da3aa73f4ae8514c6a7a5f9f051a.jpg,train
datasets\train_on_2025_all\images\frame_00082_jpg.rf.6ecb07a4b683cbca8b782c348f0279d1.jpg,train
datasets\train_on_2025_all\images\frame_00082_jpg.rf.709df099765c3541c1032c46ab487b09.jpg,train
datasets\train_on_2025_all\images\frame_00082_jpg.rf.d2890528062dfc703f5b43214247f903.jpg,train
datasets\train_on_2025_all\images\frame_00083_jpg.rf.049f7ea9ad42d3e8413f59247b6a322d.jpg,train
datasets\train_on_2025_all\images\frame_00083_jpg.rf.7cb7fbf9d640148e9e1e20846c9a0e59.jpg,train
datasets\train_on_2025_all\images\frame_00083_jpg.rf.9607906f487bb5d7bbee5ae8d622b187.jpg,train
datasets\train_on_2025_all\images\frame_00083_jpg.rf.f18de3c9817e55b9755093d0e552dc04.jpg,train
datasets\train_on_2025_all\images\frame_00084_jpg.rf.47fc53a43a41a74a33c3c24e77e619f0.jpg,train
datasets\train_on_2025_all\images\frame_00084_jpg.rf.86731da5195f165e41d1b5b1245dd00c.jpg,train
datasets\train_on_2025_all\images\frame_00084_jpg.rf.86ca6d772a18a85c34cb9b09fc624e2d.jpg,train
datasets\train_on_2025_all\images\frame_00084_jpg.rf.8ff070fd0f090f60ead95a56a496f036.jpg,train
datasets\train_on_2025_all\images\frame_00084_jpg.rf.95cc8d7188711f21b4e304fd4f89d67d.jpg,train
datasets\train_on_2025_all\images\frame_00085_jpg.rf.0e9a1203946c87724bb6aac2fd156fdd.jpg,train
datasets\train_on_2025_all\images\frame_00085_jpg.rf.1161fca6571b4ad91231bf29e580b421.jpg,train
datasets\train_on_2025_all\images\frame_00085_jpg.rf.750f34d787974ff6c8c80b7f34b43cc0.jpg,train
datasets\train_on_2025_all\images\frame_00085_jpg.rf.aa704dd311ed1ea17cf5e875c6e09a77.jpg,train
datasets\train_on_2025_all\images\frame_00085_jpg.rf.c591bc1e27531cd22c8390ca336d7a76.jpg,train
datasets\train_on_2025_all\images\frame_00085_jpg.rf.ded2d2a400010488d355d72962ea04c9.jpg,train
datasets\train_on_2025_all\images\frame_00085_jpg.rf.ecce20b9f85124d9b51b20733f86ee05.jpg,train
datasets\train_on_2025_all\images\frame_00085_jpg.rf.f2f0bb961fb7a62c4d472356c8f06666.jpg,train
datasets\train_on_2025_all\images\frame_00085_jpg.rf.fa2421e69682de63bcb464de02e68eaf.jpg,train
datasets\train_on_2025_all\images\frame_00085_jpg.rf.fcbe9a885e3254846da5e39e39df7076.jpg,train
datasets\train_on_2025_all\images\frame_00085_jpg.rf.fdfe7390b29d43d0f420d8f63776a570.jpg,train
datasets\train_on_2025_all\images\frame_00086_jpg.rf.38d25f6e9238641c8f3f68a1dcd0feba.jpg,train
datasets\train_on_2025_all\images\frame_00086_jpg.rf.7ffe067a967065644a13b881cf777259.jpg,train
datasets\train_on_2025_all\images\frame_00086_jpg.rf.ccb77c006309cba021e0b42f529b9105.jpg,train
datasets\train_on_2025_all\images\frame_00086_jpg.rf.cf2dee4e89d41c649134f6047a7f98a4.jpg,train
datasets\train_on_2025_all\images\frame_00087_jpg.rf.13a12e48c3e654a3a2189530007a8d47.jpg,train
datasets\train_on_2025_all\images\frame_00087_jpg.rf.702b838c9f5387c482d8281c65ca83c3.jpg,train
datasets\train_on_2025_all\images\frame_00087_jpg.rf.7cb87a27d76c6be6a9a9223e89785e14.jpg,train
datasets\train_on_2025_all\images\frame_00088_jpg.rf.5d4c6e509de053a39b55f30a64becc79.jpg,train
datasets\train_on_2025_all\images\frame_00088_jpg.rf.5da0f12485b1e6a02aacd4b8333ea691.jpg,train
datasets\train_on_2025_all\images\frame_00088_jpg.rf.887f60abf987023f3313d57adf26e9e0.jpg,train
datasets\train_on_2025_all\images\frame_00088_jpg.rf.91e8a70545c1721b815477917db02a4f.jpg,train
datasets\train_on_2025_all\images\frame_00088_jpg.rf.e9378952f52cfdeb79796f81477908e3.jpg,train
datasets\train_on_2025_all\images\frame_00088_jpg.rf.ebecc63fddba84b66d9fb72b958e09e4.jpg,train
datasets\train_on_2025_all\images\frame_00089_jpg.rf.47f21dfe9c678478e779fae78a20c7aa.jpg,train
datasets\train_on_2025_all\images\frame_00089_jpg.rf.8a5da7b6a4b7a8c8807b5f50f1fab6c3.jpg,train
datasets\train_on_2025_all\images\frame_00089_jpg.rf.a4c637e0cb439e74ec226424f9a2e2ba.jpg,train
datasets\train_on_2025_all\images\frame_00090_jpg.rf.1453d75906f6168bfaf20fe8f8ea988c.jpg,train
datasets\train_on_2025_all\images\frame_00090_jpg.rf.2cd8b22f5de151c74c68ac7b1c63f48e.jpg,train
datasets\train_on_2025_all\images\frame_00090_jpg.rf.2e9bd3cf5ffe63d39a534acebd42c7ec.jpg,train
datasets\train_on_2025_all\images\frame_00090_jpg.rf.30f33aec70cbb56931a078cd73039d67.jpg,train
datasets\train_on_2025_all\images\frame_00090_jpg.rf.7ea47bf9a6bc888c967cf51784b61d75.jpg,train
datasets\train_on_2025_all\images\frame_00090_jpg.rf.85c1060ab62efb7561ae3edbf5c7641c.jpg,train
datasets\train_on_2025_all\images\frame_00090_jpg.rf.f15ee5dce3f36e649622e8213eca5f17.jpg,train
datasets\train_on_2025_all\images\frame_00090_jpg.rf.f4ac0c83dc8e91c0e68d97029549cd0d.jpg,train
datasets\train_on_2025_all\images\frame_00091_jpg.rf.974b6b31b7262170ed0c6352309f4189.jpg,train
datasets\train_on_2025_all\images\frame_00091_jpg.rf.9e21a184196a39949dc2b962f9ee8710.jpg,train
datasets\train_on_2025_all\images\frame_00091_jpg.rf.a42f4601b9810cf874fe445437e60835.jpg,train
datasets\train_on_2025_all\images\frame_00091_jpg.rf.aebe15e8d901546151e924e367e5c36b.jpg,train
datasets\train_on_2025_all\images\frame_00091_jpg.rf.bbbc7a96b4f205b7acb274fece3594ff.jpg,train
datasets\train_on_2025_all\images\frame_00091_jpg.rf.d740c5e002bb7fb8ffce657caaea2510.jpg,train
datasets\train_on_2025_all\images\frame_00092_jpg.rf.24f8010f7fa1f9de0c2ba8b62d188036.jpg,train
datasets\train_on_2025_all\images\frame_00092_jpg.rf.50af9ccb7b23d7c46f51719eecb59d92.jpg,train
datasets\train_on_2025_all\images\frame_00092_jpg.rf.b37be458bed61533b55ffe9262398f74.jpg,train
datasets\train_on_2025_all\images\frame_00092_jpg.rf.b9d633fa9859970640e47f390fd85d08.jpg,train
datasets\train_on_2025_all\images\frame_00093_jpg.rf.059d082d146fae63b372789316b6e454.jpg,train
datasets\train_on_2025_all\images\frame_00093_jpg.rf.5f7bd94e923560a3fca2e892c7921fc7.jpg,train
datasets\train_on_2025_all\images\frame_00093_jpg.rf.7a49d46dc68fb93f5e9a3aaf771c702d.jpg,train
datasets\train_on_2025_all\images\frame_00093_jpg.rf.9f4ffe2fd18580197a7bed003d4756c7.jpg,train
datasets\train_on_2025_all\images\frame_00093_jpg.rf.a70de9b15a46983f92a75ccd7790f9b8.jpg,train
datasets\train_on_2025_all\images\frame_00093_jpg.rf.b5ac52c15d5ce6945c88cc4018240bcf.jpg,train
datasets\train_on_2025_all\images\frame_00094_jpg.rf.007bcd002caf661d456b7a45e0c1b308.jpg,train
datasets\train_on_2025_all\images\frame_00094_jpg.rf.23682a37c4862681c825fba8ba3b59bc.jpg,train
datasets\train_on_2025_all\images\frame_00094_jpg.rf.c67ff41fc16379591f8704b9954e234e.jpg,train
datasets\train_on_2025_all\images\frame_00094_jpg.rf.d9c61fe7d3709eadcab8c1c549f4f978.jpg,train
datasets\train_on_2025_all\images\frame_00095_jpg.rf.0254d627a599fe2f81be69842fc8dc6d.jpg,train
datasets\train_on_2025_all\images\frame_00095_jpg.rf.1868eb3d0df489350d76f14b2415783e.jpg,train
datasets\train_on_2025_all\images\frame_00095_jpg.rf.68ff302bad5e317275ae80601388c8a7.jpg,train
datasets\train_on_2025_all\images\frame_00095_jpg.rf.9f2b780fde5897e80b47d2037bbe3061.jpg,train
datasets\train_on_2025_all\images\frame_00095_jpg.rf.a28e8f2e08382d511ce94047cb89c7ce.jpg,train
datasets\train_on_2025_all\images\frame_00095_jpg.rf.dafb561a70c86e56c77a9776ead87a97.jpg,train
datasets\train_on_2025_all\images\frame_00095_jpg.rf.e5026536e80db2dad3e166f73c9b8c97.jpg,train
datasets\train_on_2025_all\images\frame_00095_jpg.rf.f70c1b2763beafa37762d453d7993bb7.jpg,train
datasets\train_on_2025_all\images\frame_00096_jpg.rf.96b29308cf15a821bc3df26f8436e966.jpg,train
datasets\train_on_2025_all\images\frame_00096_jpg.rf.9f2c5777b312c737c0ee914fad21cda3.jpg,train
datasets\train_on_2025_all\images\frame_00096_jpg.rf.a8fb15b77325172017894c8a56f5ecb2.jpg,train
datasets\train_on_2025_all\images\frame_00096_jpg.rf.af0256ac1c6a390d00af0dd386039b15.jpg,train
datasets\train_on_2025_all\images\frame_00096_jpg.rf.e538ab7f15211b59a67584363b50e54e.jpg,train
datasets\train_on_2025_all\images\frame_00097_jpg.rf.143be334c2f7748de71136e49dcbaa33.jpg,train
datasets\train_on_2025_all\images\frame_00097_jpg.rf.23026e3481b08a9bf2cdb18f2d54b3ae.jpg,train
datasets\train_on_2025_all\images\frame_00097_jpg.rf.ca748125b041e9cded5d3b32ca1ddb0b.jpg,train
datasets\train_on_2025_all\images\frame_00097_jpg.rf.e83601e98da270289ee91c0b2e9bb05f.jpg,train
datasets\train_on_2025_all\images\frame_00098_jpg.rf.419ba1e4b0df0e0d7ba65595a1b51c01.jpg,train
datasets\train_on_2025_all\images\frame_00098_jpg.rf.612a3e44d02f79a8a0760687f96268bf.jpg,train
datasets\train_on_2025_all\images\frame_00098_jpg.rf.a57f1d33ba6920fa7e174e3a1c1b2985.jpg,train
datasets\train_on_2025_all\images\frame_00098_jpg.rf.e2dd269f268b48d290bfb6e8808ed852.jpg,train
datasets\train_on_2025_all\images\frame_00099_jpg.rf.caabebfaa562d5d7d4a2dcbbdbe9970a.jpg,train
datasets\train_on_2025_all\images\frame_00099_jpg.rf.db7b17a68edd2ede531c5e0abf92bb30.jpg,train
datasets\train_on_2025_all\images\frame_00099_jpg.rf.e0c45ea51ca6baabb3cb86611713d26d.jpg,train
datasets\train_on_2025_all\images\frame_00099_jpg.rf.e7db7dcfe32749a8245a9296982dcb4d.jpg,train
datasets\train_on_2025_all\images\frame_00100_jpg.rf.1235f4977071ecf2e9abcf3fc457467f.jpg,train
datasets\train_on_2025_all\images\frame_00100_jpg.rf.3a65139c59024b3587bdb39de0204018.jpg,train
datasets\train_on_2025_all\images\frame_00100_jpg.rf.5ecfc4d0e62910ba44076cfc45325e46.jpg,train
datasets\train_on_2025_all\images\frame_00100_jpg.rf.60af75aaecab8c9cc7f3cbbecd6909f8.jpg,train
datasets\train_on_2025_all\images\frame_00100_jpg.rf.6b775965dd421fbaf42080a905f4cb38.jpg,train
datasets\train_on_2025_all\images\frame_00100_jpg.rf.8b0feb6cc9b36085d4e59dca973a063f.jpg,train
datasets\train_on_2025_all\images\frame_00100_jpg.rf.f5e65dd01d42b213b2054432614a3ff6.jpg,train
datasets\train_on_2025_all\images\frame_00101_jpg.rf.07ea5e15f53e30ef6ac100a9443020d6.jpg,train
datasets\train_on_2025_all\images\frame_00101_jpg.rf.292b87270c5d205743edf9461d306a59.jpg,train
datasets\train_on_2025_all\images\frame_00101_jpg.rf.456db364053d589b5146839f799eee5d.jpg,train
datasets\train_on_2025_all\images\frame_00101_jpg.rf.466c9498ada59b5d9fb9124d9d141b59.jpg,train
datasets\train_on_2025_all\images\frame_00101_jpg.rf.50f2393476b5569f06686c2c79e8a176.jpg,train
datasets\train_on_2025_all\images\frame_00101_jpg.rf.5cb35f2e41ba7cc4999534cc1ff2e64d.jpg,train
datasets\train_on_2025_all\images\frame_00101_jpg.rf.7b375c7e938c979cf83a257be2318498.jpg,train
datasets\train_on_2025_all\images\frame_00102_jpg.rf.6c1e095fcadb2f15dbae7991f90b8166.jpg,train
datasets\train_on_2025_all\images\frame_00102_jpg.rf.79a07a53c245b4af1a180965d8b669fe.jpg,train
datasets\train_on_2025_all\images\frame_00102_jpg.rf.7f5acb416bf69cbe38f1e9b2dbf1d9ee.jpg,train
datasets\train_on_2025_all\images\frame_00102_jpg.rf.aab8ce303692aec3d50bdfb845a04b39.jpg,train
datasets\train_on_2025_all\images\frame_00103_jpg.rf.5345e1ebd932c457b969e8574365a3be.jpg,train
datasets\train_on_2025_all\images\frame_00103_jpg.rf.985dfe9db41219fff0eba5d8cd0dae28.jpg,train
datasets\train_on_2025_all\images\frame_00103_jpg.rf.b01aa879d3a3ec42573232f6f6eb4c66.jpg,train
datasets\train_on_2025_all\images\frame_00103_jpg.rf.cd17b01b2679fbdddc5bece7681ed711.jpg,train
datasets\train_on_2025_all\images\frame_00103_jpg.rf.edc8e67bda955f7a9c3c63cde8873bf1.jpg,train
datasets\train_on_2025_all\images\frame_00104_jpg.rf.1593257adfa87dd48549a0b5f3afe258.jpg,train
datasets\train_on_2025_all\images\frame_00104_jpg.rf.e01c86617d97d13184c8209331672844.jpg,train
datasets\train_on_2025_all\images\frame_00105_jpg.rf.4e8a9c70c261a3c83d2c75a8f124d994.jpg,train
datasets\train_on_2025_all\images\frame_00105_jpg.rf.e6821fad66f51d2688d20d4e6091e6b0.jpg,train
datasets\train_on_2025_all\images\frame_00106_jpg.rf.2e5d2a0711cb22548ae8b972f046d915.jpg,train
datasets\train_on_2025_all\images\frame_00106_jpg.rf.500de3d70b19417be35f3fd597519130.jpg,train
datasets\train_on_2025_all\images\frame_00106_jpg.rf.57f27d4c9fafbb714516a94492f03336.jpg,train
datasets\train_on_2025_all\images\frame_00107_jpg.rf.3f579cbbd0cbe112e23b3da1ef8b22fe.jpg,train
datasets\train_on_2025_all\images\frame_00107_jpg.rf.555ded7dc21559533b122b3f55f3bd09.jpg,train
datasets\train_on_2025_all\images\frame_00107_jpg.rf.a17b5c916ad4231a427df4573fa8d445.jpg,train
datasets\train_on_2025_all\images\frame_00107_jpg.rf.af6529d2365de369b48f79ac8ac1f2df.jpg,train
datasets\train_on_2025_all\images\frame_00108_jpg.rf.1d8904494a39ab8da2036eaa669c3334.jpg,train
datasets\train_on_2025_all\images\frame_00108_jpg.rf.636fa357314c676702ea76df28ba6d50.jpg,train
datasets\train_on_2025_all\images\frame_00108_jpg.rf.80c727a9f296bc0dfa8a2a786434d315.jpg,train
datasets\train_on_2025_all\images\frame_00109_jpg.rf.2616555ce1f93e8d5963cbfc407264b2.jpg,train
datasets\train_on_2025_all\images\frame_00109_jpg.rf.2d3a8fcbff240b1cf92daddd115f5f98.jpg,train
datasets\train_on_2025_all\images\frame_00109_jpg.rf.629f5363c3a01cda593633fd7bde7586.jpg,train
datasets\train_on_2025_all\images\frame_00109_jpg.rf.a5e4232348f04ce5016bcf2d6b432d6f.jpg,train
datasets\train_on_2025_all\images\frame_00109_jpg.rf.a95b5d0fedaf5795d70e2943918ff3f9.jpg,train
datasets\train_on_2025_all\images\frame_00109_jpg.rf.bcc7a6eb2379383024eb52253ab22e5b.jpg,train
datasets\train_on_2025_all\images\frame_00109_jpg.rf.df28320d5515d48965fb471d359aa914.jpg,train
datasets\train_on_2025_all\images\frame_00110_jpg.rf.5f43c88ab3e12becc187577e72c56d42.jpg,train
datasets\train_on_2025_all\images\frame_00110_jpg.rf.d53bfc94f20ed3f4043023777bb77a7e.jpg,train
datasets\train_on_2025_all\images\frame_00110_jpg.rf.df2bdf0f24daae79602d7712bc686056.jpg,train
datasets\train_on_2025_all\images\frame_00110_jpg.rf.e16d30e2db9ee0997926eeea2c620d03.jpg,train
datasets\train_on_2025_all\images\frame_00111_jpg.rf.2a1796c2dd010a8cccc02a015c649fb2.jpg,train
datasets\train_on_2025_all\images\frame_00111_jpg.rf.93cb990c21c2fbde45c4a2e7ebfba9a3.jpg,train
datasets\train_on_2025_all\images\frame_00112_jpg.rf.19407285bd86d4c2d4094014e17c8cc9.jpg,train
datasets\train_on_2025_all\images\frame_00112_jpg.rf.69c0bc212b9d42a4e7ebf98b492f38e4.jpg,train
datasets\train_on_2025_all\images\frame_00112_jpg.rf.c1bce34a55a1d8bf0280c006ba7df21e.jpg,train
datasets\train_on_2025_all\images\frame_00112_jpg.rf.dd4245da7b63d58847f3e0b0e612d4fd.jpg,train
datasets\train_on_2025_all\images\frame_00113_jpg.rf.0b67f53f8ce0619965a8ff6eff6bb093.jpg,train
datasets\train_on_2025_all\images\frame_00113_jpg.rf.444c3f82e39beae3824ad70ad300e72b.jpg,train
datasets\train_on_2025_all\images\frame_00113_jpg.rf.74037c0447afe6169bab822371c6aa94.jpg,train
datasets\train_on_2025_all\images\frame_00113_jpg.rf.894a00bfb54ab28be6c56321004b8dad.jpg,train
datasets\train_on_2025_all\images\frame_00113_jpg.rf.a330553cbccfd2f76cece1473fb62d35.jpg,train
datasets\train_on_2025_all\images\frame_00114_jpg.rf.06b7734188569a87ab2c3138e8f31237.jpg,train
datasets\train_on_2025_all\images\frame_00114_jpg.rf.4843d2de7385c3146e1425f690b26d0b.jpg,train
datasets\train_on_2025_all\images\frame_00114_jpg.rf.7808455ae1f37d9abe1e07e8a78fd4ba.jpg,train
datasets\train_on_2025_all\images\frame_00114_jpg.rf.895561c5ed021ee1a9c5f382b675a308.jpg,train
datasets\train_on_2025_all\images\frame_00114_jpg.rf.f7dc014a4c030d536ec8430ad5c0908c.jpg,train
datasets\train_on_2025_all\images\frame_00115_jpg.rf.05e7e5751b7f10c6e2916dcdd21ee11c.jpg,train
datasets\train_on_2025_all\images\frame_00115_jpg.rf.741abbed617a3813ba970a9635e9c9aa.jpg,train
datasets\train_on_2025_all\images\frame_00115_jpg.rf.bdd0cb0709be506b0d205ca82d9f9f48.jpg,train
datasets\train_on_2025_all\images\frame_00115_jpg.rf.d917ac88808bd53fa642e599d6d855f2.jpg,train
datasets\train_on_2025_all\images\frame_00116_jpg.rf.12c976732f54a2eacd78ab608f401a74.jpg,train
datasets\train_on_2025_all\images\frame_00116_jpg.rf.18a4e2724349e11594f3182eb93fb0a9.jpg,train
datasets\train_on_2025_all\images\frame_00116_jpg.rf.38336902d5fe188d1d0879eb76b1233f.jpg,train
datasets\train_on_2025_all\images\frame_00116_jpg.rf.73f5aea5412dd082e45ae63003202643.jpg,train
datasets\train_on_2025_all\images\frame_00116_jpg.rf.9e1618cbc68b1e859eb80415375c8baa.jpg,train
datasets\train_on_2025_all\images\frame_00116_jpg.rf.a98bec3a4f672c9b1f94cc8b5003d50c.jpg,train
datasets\train_on_2025_all\images\frame_00116_jpg.rf.f5e0a44df96dd8e32a3785a7c75c78fe.jpg,train
datasets\train_on_2025_all\images\frame_00117_jpg.rf.1970ff5a4cd0052c2121d20e9f8ecce4.jpg,train
datasets\train_on_2025_all\images\frame_00117_jpg.rf.6b202153988bcb138f69eb463df643bc.jpg,train
datasets\train_on_2025_all\images\frame_00117_jpg.rf.83ac2cd52fde18b6ec654b0265de316e.jpg,train
datasets\train_on_2025_all\images\frame_00117_jpg.rf.85d91bd7e6b3df069a2465bc9323989d.jpg,train
datasets\train_on_2025_all\images\frame_00117_jpg.rf.a6908b88d56333a6782b73e6def61292.jpg,train
datasets\train_on_2025_all\images\frame_00117_jpg.rf.de52549f73f9d80a939f45363b3456d6.jpg,train
datasets\train_on_2025_all\images\frame_00118_jpg.rf.02013eb21818389cabd7c810a760e637.jpg,train
datasets\train_on_2025_all\images\frame_00118_jpg.rf.1a20fc20265dbbd4b6ef38f72aa3c66c.jpg,train
datasets\train_on_2025_all\images\frame_00118_jpg.rf.3d7031cdcced808879ec8b1e471662cd.jpg,train
datasets\train_on_2025_all\images\frame_00118_jpg.rf.8e1b85964168f947b0cc4204d663c21c.jpg,train
datasets\train_on_2025_all\images\frame_00118_jpg.rf.989f726a8f6af5078af9eff2ec7a928a.jpg,train
datasets\train_on_2025_all\images\frame_00118_jpg.rf.a57aca8cad3c454b596b8c444318f576.jpg,train
datasets\train_on_2025_all\images\frame_00118_jpg.rf.d01c724cc835963c5e577910080fe6f5.jpg,train
datasets\train_on_2025_all\images\frame_00119_jpg.rf.8639e4158518e728eca73c00f72f20c0.jpg,train
datasets\train_on_2025_all\images\frame_00119_jpg.rf.cd31434af642b5de735c4a9ed7bba404.jpg,train
datasets\train_on_2025_all\images\frame_00119_jpg.rf.f68c8e97c549c106f0f3a5122b713874.jpg,train
datasets\train_on_2025_all\images\frame_00120_jpg.rf.03286f38fcc5c0cc0e27cde063b92931.jpg,train
datasets\train_on_2025_all\images\frame_00120_jpg.rf.33c0adf687b0e5de5bd77583a132d8a4.jpg,train
datasets\train_on_2025_all\images\frame_00120_jpg.rf.350501838c95d7008037892e43b15603.jpg,train
datasets\train_on_2025_all\images\frame_00120_jpg.rf.56d20ea5f926068fa96d9ab480ac9031.jpg,train
datasets\train_on_2025_all\images\frame_00120_jpg.rf.f730edffc9751ee0671726be9f6c3195.jpg,train
datasets\train_on_2025_all\images\frame_00121_jpg.rf.14bda0c790a6889c1a4320dbfcd85989.jpg,train
datasets\train_on_2025_all\images\frame_00121_jpg.rf.2c814e4125a92d241826aa03aa481b62.jpg,train
datasets\train_on_2025_all\images\frame_00121_jpg.rf.37a248aa5c93945ce985d27bf59705d8.jpg,train
datasets\train_on_2025_all\images\frame_00121_jpg.rf.a2d6bcc752865fdb270eda410e01808a.jpg,train
datasets\train_on_2025_all\images\frame_00122_jpg.rf.1beadd0d8e7d2e647f8b34c6c92b884b.jpg,train
datasets\train_on_2025_all\images\frame_00122_jpg.rf.489a008afb54143c1bfd52e9e91f6c4f.jpg,train
datasets\train_on_2025_all\images\frame_00122_jpg.rf.4f8129ff20a42b04f93005171606ced5.jpg,train
datasets\train_on_2025_all\images\frame_00122_jpg.rf.a4ef101157f6eee558b2110f359a51ec.jpg,train
datasets\train_on_2025_all\images\frame_00122_jpg.rf.b94ac813ea569b1f7d7a65124a43d101.jpg,train
datasets\train_on_2025_all\images\frame_00123_jpg.rf.310ea230ee743f5bd060bfd144afbcd1.jpg,train
datasets\train_on_2025_all\images\frame_00123_jpg.rf.516f86370658742f880782410029b2c8.jpg,train
datasets\train_on_2025_all\images\frame_00123_jpg.rf.8bad2c2726ee93d93ad23d450b4c2c65.jpg,train
datasets\train_on_2025_all\images\frame_00123_jpg.rf.e65dac330b3b3a98e3c700ea137bf77f.jpg,train
datasets\train_on_2025_all\images\frame_00124_jpg.rf.49653cf9c03a53edfbcd68c08d3b3d53.jpg,train
datasets\train_on_2025_all\images\frame_00124_jpg.rf.6345f0f18c79e46304b8fe8fa214e0ca.jpg,train
datasets\train_on_2025_all\images\frame_00124_jpg.rf.a95bb1079e775cc8b0b156ca39e42617.jpg,train
datasets\train_on_2025_all\images\frame_00124_jpg.rf.d5bf6f89fb583bb6713c929e1ec08c42.jpg,train
datasets\train_on_2025_all\images\frame_00125_jpg.rf.39a5f1564f9804e59598bc4bdd2a2c05.jpg,train
datasets\train_on_2025_all\images\frame_00125_jpg.rf.76a359491a93abfbe591b3e6ad556163.jpg,train
datasets\train_on_2025_all\images\frame_00125_jpg.rf.e3189d23520dbe0d409eef61d5e72701.jpg,train
datasets\train_on_2025_all\images\frame_00126_jpg.rf.360f98d2d40d6b79a6ab8fcb877b1da1.jpg,train
datasets\train_on_2025_all\images\frame_00126_jpg.rf.3a70037005327d7afe871880af6be7ad.jpg,train
datasets\train_on_2025_all\images\frame_00126_jpg.rf.ab43f518ef97b30a19d9610b646d7819.jpg,train
datasets\train_on_2025_all\images\frame_00127_jpg.rf.588c8538f1cea2aea988bbcbf1b85935.jpg,train
datasets\train_on_2025_all\images\frame_00127_jpg.rf.62c724376f94de5e33d23e7099313a3e.jpg,train
datasets\train_on_2025_all\images\frame_00127_jpg.rf.92f7d8d165cec57ed341966c69a50431.jpg,train
datasets\train_on_2025_all\images\frame_00127_jpg.rf.d03d30128cc59c0fe622e4eef3fcf48b.jpg,train
datasets\train_on_2025_all\images\frame_00128_jpg.rf.0a3fe145e67cc2dfdef0a14a5673290e.jpg,train
datasets\train_on_2025_all\images\frame_00128_jpg.rf.239f1bb0dfd721699ba816a7021dc78f.jpg,train
datasets\train_on_2025_all\images\frame_00128_jpg.rf.4f18726216e632a350b1364a02970e05.jpg,train
datasets\train_on_2025_all\images\frame_00129_jpg.rf.0caeee9cb1f27a3ecf549ea5c448aac3.jpg,train
datasets\train_on_2025_all\images\frame_00129_jpg.rf.7aa167205db888afb3d7b2ef8f915503.jpg,train
datasets\train_on_2025_all\images\frame_00129_jpg.rf.bf4a18c686bb69c1caa498bc9e4cb8e1.jpg,train
datasets\train_on_2025_all\images\frame_00129_jpg.rf.f3ba0cf91a2324749bf88043fc13c19c.jpg,train
datasets\train_on_2025_all\images\frame_00130_jpg.rf.2beb60324c9055adb7fd98615bf11c91.jpg,train
datasets\train_on_2025_all\images\frame_00130_jpg.rf.45e80caefc366d32b849feae50a4b9ca.jpg,train
datasets\train_on_2025_all\images\frame_00130_jpg.rf.7e1f78659c416a00eacd4d1af816b93b.jpg,train
datasets\train_on_2025_all\images\frame_00130_jpg.rf.9ba54399d0aca61ca6b7b63f74b4e579.jpg,train
datasets\train_on_2025_all\images\frame_00130_jpg.rf.c81e3414baf4c4649ca2eed8020055d6.jpg,train
datasets\train_on_2025_all\images\frame_00130_jpg.rf.ff104f60aebfddfecbfe5a5b4f2eb169.jpg,train
datasets\train_on_2025_all\images\frame_00131_jpg.rf.5f59d9f65560e78330110343825223fa.jpg,train
datasets\train_on_2025_all\images\frame_00131_jpg.rf.965439360d4513b556449b3603ac52c9.jpg,train
datasets\train_on_2025_all\images\frame_00131_jpg.rf.e4a0672861717e30d764854c71859adb.jpg,train
datasets\train_on_2025_all\images\frame_00132_jpg.rf.6d924de75d91056c375d820223c33213.jpg,train
datasets\train_on_2025_all\images\frame_00132_jpg.rf.7027d5a04269c082f0fc7e6d0b321376.jpg,train
datasets\train_on_2025_all\images\frame_00132_jpg.rf.9bf6db6b94654a736b2a77d4a6b5bb37.jpg,train
datasets\train_on_2025_all\images\frame_00132_jpg.rf.d7d4523fab28c6bc3e5836b69603c2b4.jpg,train
datasets\train_on_2025_all\images\frame_00132_jpg.rf.f45fc4e55fe936cd09fbc9502bc0c2b5.jpg,train
datasets\train_on_2025_all\images\frame_00132_jpg.rf.fbf4b7a1e1d0819318ee02a38e0ab5a3.jpg,train
datasets\train_on_2025_all\images\frame_00133_jpg.rf.265eb3b7fc260c4aa89ed310cebdf52a.jpg,train
datasets\train_on_2025_all\images\frame_00133_jpg.rf.680144c0658d4e46b038132227eec52b.jpg,train
datasets\train_on_2025_all\images\frame_00133_jpg.rf.7a64ca55f1b24010173ec878099c9730.jpg,train
datasets\train_on_2025_all\images\frame_00133_jpg.rf.b04bb132ce18417e3375c6d3e48da10a.jpg,train
datasets\train_on_2025_all\images\frame_00134_jpg.rf.157d7edf7144abd39e62fa4c91012396.jpg,train
datasets\train_on_2025_all\images\frame_00134_jpg.rf.b7814d77eb0e8b4c16aeb2c45614d523.jpg,train
datasets\train_on_2025_all\images\frame_00135_jpg.rf.6b3359d61c361281b7ac4356ab995a63.jpg,train
datasets\train_on_2025_all\images\frame_00135_jpg.rf.6c7f167fa13ebf875aa8ae86deb388ec.jpg,train
datasets\train_on_2025_all\images\frame_00135_jpg.rf.7dd1bf904b323d933b21ec43d6b2f67b.jpg,train
datasets\train_on_2025_all\images\frame_00135_jpg.rf.fa900804fa8e060326714f67eb3081b5.jpg,train
datasets\train_on_2025_all\images\frame_00136_jpg.rf.1ee5a2652d565197d2578f587a16a3ec.jpg,train
datasets\train_on_2025_all\images\frame_00136_jpg.rf.f51366dc3d4cb95bf750cc9800245338.jpg,train
datasets\train_on_2025_all\images\frame_00137_jpg.rf.46197784ad047156ecd0dc499bdd0736.jpg,train
datasets\train_on_2025_all\images\frame_00137_jpg.rf.c2f1f6abd932bd949902a45e5f4f89a3.jpg,train
datasets\train_on_2025_all\images\frame_00137_jpg.rf.ccbf7b0ddfb4a4a5ec4c0599de51b6b7.jpg,train
datasets\train_on_2025_all\images\frame_00137_jpg.rf.da1561ff61e1185b2740b66e4cf28ed8.jpg,train
datasets\train_on_2025_all\images\frame_00137_jpg.rf.eb9b7bb2f8d7b87285335e31910d68fb.jpg,train
datasets\train_on_2025_all\images\frame_00138_jpg.rf.c64346564425b0dc6cc6a369598b97c3.jpg,train
datasets\train_on_2025_all\images\frame_00139_jpg.rf.46a34e6bb558fed4ad6002598b1aa351.jpg,train
datasets\train_on_2025_all\images\frame_00139_jpg.rf.dd896c90a093cea381d7f1e282f9a3f6.jpg,train
datasets\train_on_2025_all\images\frame_00140_jpg.rf.769ecf0fdf3e74241c810e18f6adcdef.jpg,train
datasets\train_on_2025_all\images\frame_00140_jpg.rf.c9f1a1d004cfac8d554f6b0f1ccd30b7.jpg,train
datasets\train_on_2025_all\images\frame_00141_jpg.rf.d547fd8b62593ec80a29e9a3c2ee6590.jpg,train
datasets\train_on_2025_all\images\frame_00141_jpg.rf.f579336ed55e0244a5c390e83058ccbb.jpg,train
datasets\train_on_2025_all\images\frame_00142_jpg.rf.610f8a54ba0571a0093de1cf30f65fc9.jpg,train
datasets\train_on_2025_all\images\frame_00142_jpg.rf.8374ef686677f3e466c5a631f17bcc9a.jpg,train
datasets\train_on_2025_all\images\frame_00143_jpg.rf.77146ed7c19c7b4c57221469eb47f4c8.jpg,train
datasets\train_on_2025_all\images\frame_00143_jpg.rf.a644fc6e18c8cb00ce65e810a751855b.jpg,train
datasets\train_on_2025_all\images\frame_00143_jpg.rf.f161271f9ed71a83c92b87f630b1e3eb.jpg,train
datasets\train_on_2025_all\images\frame_00144_jpg.rf.27b74098ed4b0c4e45d5f724963908da.jpg,train
datasets\train_on_2025_all\images\frame_00144_jpg.rf.280199e5556f83dc6d5a536a6f0ed0f8.jpg,train
datasets\train_on_2025_all\images\frame_00144_jpg.rf.f421a82b9daaff7125de2a7e81ac69e6.jpg,train
datasets\train_on_2025_all\images\frame_00145_jpg.rf.71cd1ba9740d339ed87f095ac5c44950.jpg,train
datasets\train_on_2025_all\images\frame_00147_jpg.rf.07582adc829d3e4499b28a1faa1b84ac.jpg,train
datasets\train_on_2025_all\images\frame_00148_jpg.rf.9dd51a3eaee9e9d2563ae68cabb489b6.jpg,train
datasets\train_on_2025_all\images\frame_00149_jpg.rf.6c09df71de538fc861260e64aa4695da.jpg,train
datasets\train_on_2025_all\images\frame_00150_jpg.rf.9d88835f61eb0ea50e6fad9c2e4c714c.jpg,train
datasets\train_on_2025_all\images\frame_00151_jpg.rf.a4759f429c483b19a819d062eb04aaaa.jpg,train
datasets\train_on_2025_all\images\frame_00152_jpg.rf.14691596cbda4156410cbc179869a141.jpg,train
datasets\train_on_2025_all\images\frame_00152_jpg.rf.66ac5fc207b972977ca969f0340fd8bc.jpg,train
datasets\train_on_2025_all\images\frame_00152_jpg.rf.977bb3e3f5fb9adc52e77783d42fad39.jpg,train
datasets\train_on_2025_all\images\frame_00152_jpg.rf.a6c8be899adbb723e4a3e294053be3e8.jpg,train
datasets\train_on_2025_all\images\frame_00153_jpg.rf.0cf4dd0629bd4aa23e9e8264e941b647.jpg,train
datasets\train_on_2025_all\images\frame_00155_jpg.rf.028ca122c29adbcbd085723570d97117.jpg,train
datasets\train_on_2025_all\images\frame_00155_jpg.rf.1ec215b688e8d920d304707c875b10cc.jpg,train
datasets\train_on_2025_all\images\frame_00155_jpg.rf.42881d7850883c18c8faa76c84561604.jpg,train
datasets\train_on_2025_all\images\frame_00156_jpg.rf.c210a38594c1c05dd4404e6c9e9b6b78.jpg,train
datasets\train_on_2025_all\images\frame_00156_jpg.rf.fe3e3c7adb29b1d9031f8997b5050430.jpg,train
datasets\train_on_2025_all\images\frame_00157_jpg.rf.2e96298f48107a25f33a33ac468af477.jpg,train
datasets\train_on_2025_all\images\frame_00157_jpg.rf.c1c6827fe70694ad8ea56921a0660ea6.jpg,train
datasets\train_on_2025_all\images\frame_00157_jpg.rf.c7256eec1ee381992e1c81cf75d90305.jpg,train
datasets\train_on_2025_all\images\frame_00158_jpg.rf.5cf9eeda1e6e36207ef1a3d914031aef.jpg,train
datasets\train_on_2025_all\images\frame_00158_jpg.rf.ff544a574f8d1ca870d04abc14763614.jpg,train
datasets\train_on_2025_all\images\frame_00159_jpg.rf.1cb72d9ad0a612092d3c7e9afea1d0b1.jpg,train
datasets\train_on_2025_all\images\frame_00159_jpg.rf.704f776c14a6817f08da682aaef37a44.jpg,train
datasets\train_on_2025_all\images\frame_00159_jpg.rf.af9ff0bd40cfb3ccbc7eaaa542083a8b.jpg,train
datasets\train_on_2025_all\images\frame_00160_jpg.rf.491e4dea57ffd53d290dd3f5e9f89ddd.jpg,train
datasets\train_on_2025_all\images\frame_00160_jpg.rf.6809c74a981c793b351a37f90150b1d4.jpg,train
datasets\train_on_2025_all\images\frame_00160_jpg.rf.f588acbc22b644bdad6d68c70d28a3be.jpg,train
datasets\train_on_2025_all\images\frame_00161_jpg.rf.1ea14aae7ae33b1bc55cab622caea615.jpg,train
datasets\train_on_2025_all\images\frame_00161_jpg.rf.acc3bac0423e9f9d7d1a94b48847f560.jpg,train
datasets\train_on_2025_all\images\frame_00162_jpg.rf.33a26dc8479feaeea860aad8ec145899.jpg,train
datasets\train_on_2025_all\images\frame_00162_jpg.rf.f2c1fdcb2c994540d846f8fa38861b5b.jpg,train
datasets\train_on_2025_all\images\frame_00163_jpg.rf.0ca92e1d4d6c4792c94fb3e3f9d6d972.jpg,train
datasets\train_on_2025_all\images\frame_00163_jpg.rf.f29eecd8f615a2f72dad02b1a45cf101.jpg,train
datasets\train_on_2025_all\images\frame_00164_jpg.rf.466e3dcede8dcda84863a87f555a7eb1.jpg,train
datasets\train_on_2025_all\images\frame_00164_jpg.rf.c2e99ba68d09104f65eb64f6e905cdcb.jpg,train
datasets\train_on_2025_all\images\frame_00166_jpg.rf.10e1ce903a10ff6b9cc62522c2a1064f.jpg,train
datasets\train_on_2025_all\images\frame_00167_jpg.rf.759da5276b5c83708f24835339cf9e61.jpg,train
datasets\train_on_2025_all\images\frame_00167_jpg.rf.c52cece6ef05b0ee00088383f8bd9a31.jpg,train
datasets\train_on_2025_all\images\frame_00167_jpg.rf.efff2d38914032c0ceb34c78cdfe25ad.jpg,train
datasets\train_on_2025_all\images\frame_00168_jpg.rf.3b8c425c57a604853819ede351a937a6.jpg,train
datasets\train_on_2025_all\images\frame_00168_jpg.rf.90a8219f9314f6a0b33441bb3c9cccd2.jpg,train
datasets\train_on_2025_all\images\frame_00170_jpg.rf.53bfcde383af20e9cbc3639906f902ce.jpg,train
datasets\train_on_2025_all\images\frame_00170_jpg.rf.e08b3d28c0cfc7d8c64b9fff9b8d1cd7.jpg,train
datasets\train_on_2025_all\images\frame_00171_jpg.rf.7bdcaefd847a8e8f2795495b1d9508e0.jpg,train
datasets\train_on_2025_all\images\frame_00171_jpg.rf.8fbf046de504225c41d3b0e115020df0.jpg,train
datasets\train_on_2025_all\images\frame_00172_jpg.rf.554cd188d7a87696b8a1bfeea5aa7215.jpg,train
datasets\train_on_2025_all\images\frame_00172_jpg.rf.806af180e08d9dd8d990d55fb982a63a.jpg,train
datasets\train_on_2025_all\images\frame_00172_jpg.rf.ed556298815e17ca323378d42fa23dbd.jpg,train
datasets\train_on_2025_all\images\frame_00173_jpg.rf.5de2ea4a74557b76612725897291b909.jpg,train
datasets\train_on_2025_all\images\frame_00173_jpg.rf.ff6dfc302737530be6c07d0e292683e4.jpg,train
datasets\train_on_2025_all\images\frame_00174_jpg.rf.07aa8adc840e8e8182cad71faa519db8.jpg,train
datasets\train_on_2025_all\images\frame_00174_jpg.rf.79559def5011b4349a120c014641f0dc.jpg,train
datasets\train_on_2025_all\images\frame_00175_jpg.rf.40751b58a3d0fcca9bd31c5ed0e9a183.jpg,train
datasets\train_on_2025_all\images\frame_00175_jpg.rf.67697b9a8a8695c19f5fb19c1204788e.jpg,train
datasets\train_on_2025_all\images\frame_00175_jpg.rf.b30e6a8b06c38c6ba39040e861552d65.jpg,train
datasets\train_on_2025_all\images\frame_00175_jpg.rf.ee1b9d954ec2d5d8d22f1012ba881718.jpg,train
datasets\train_on_2025_all\images\frame_00176_jpg.rf.0150d23c6192c1a9aa4aea41ea276bf6.jpg,train
datasets\train_on_2025_all\images\frame_00176_jpg.rf.384c91dbbd257a2aed4e0987422912a6.jpg,train
datasets\train_on_2025_all\images\frame_00176_jpg.rf.6562206316e2ed298a61e8fb74670236.jpg,train
datasets\train_on_2025_all\images\frame_00176_jpg.rf.d168c951ef8524eff79ca36a31480391.jpg,train
datasets\train_on_2025_all\images\frame_00177_jpg.rf.c09668ae743794967e11b192bbf9d81c.jpg,train
datasets\train_on_2025_all\images\frame_00177_jpg.rf.ed71c58969a1006fcfe9845e2e101f38.jpg,train
datasets\train_on_2025_all\images\frame_00178_jpg.rf.fe2afc73549f46796e8b584a9d95d48a.jpg,train
datasets\train_on_2025_all\images\frame_00179_jpg.rf.b2d11961150acea61d778a59535d052e.jpg,train
datasets\train_on_2025_all\images\frame_00181_jpg.rf.dbbea8c773c75a496272c60e9e7a5c44.jpg,train
datasets\train_on_2025_all\images\frame_00181_jpg.rf.faa56a015e4de6a4ba9aef6295a234de.jpg,train
datasets\train_on_2025_all\images\frame_00182_jpg.rf.8a45aec1004c436b78d061a349eb879d.jpg,train
datasets\train_on_2025_all\images\frame_00182_jpg.rf.e32d65a50212ecf3adb08fca04204c77.jpg,train
datasets\train_on_2025_all\images\frame_00183_jpg.rf.f74b7e3ae9bc5792d468906bb09a0e8c.jpg,train
datasets\train_on_2025_all\images\frame_00184_jpg.rf.8479f2880eabb2b28feed70c5dcb9233.jpg,train
datasets\train_on_2025_all\images\frame_00184_jpg.rf.f64615418aec9e83746f397af1099e13.jpg,train
datasets\train_on_2025_all\images\frame_00186_jpg.rf.7fbb6d3da0d439072b0bdc3800e90ea1.jpg,train
datasets\train_on_2025_all\images\frame_00186_jpg.rf.dbcf4c8cf050819f4ea286a19b787679.jpg,train
datasets\train_on_2025_all\images\frame_00187_jpg.rf.60ee8c263992d6650b55ec5f837da513.jpg,train
datasets\train_on_2025_all\images\frame_00187_jpg.rf.d7ef14f7deec82a454ed57d84fa26b91.jpg,train
datasets\train_on_2025_all\images\frame_00188_jpg.rf.d0d20aba2bb642f96cdb718172b9bca4.jpg,train
datasets\train_on_2025_all\images\frame_00189_jpg.rf.b844beed392116f44afce644597a023b.jpg,train
datasets\train_on_2025_all\images\frame_00189_jpg.rf.cc64ffdea48239c8c51dbc6dd6521b4c.jpg,train
datasets\train_on_2025_all\images\frame_00192_jpg.rf.797f741c92388dd1b2e4878dc0a3e8c9.jpg,train
datasets\train_on_2025_all\images\frame_00194_jpg.rf.42ae5f32903008a11269e6808962ba65.jpg,train
datasets\train_on_2025_all\images\frame_00195_jpg.rf.565ddeb9e0efd2131d39b4c375cf656d.jpg,train
datasets\train_on_2025_all\images\frame_00196_jpg.rf.1a4f9d6c0acc7ade63b282863f0b46df.jpg,train
datasets\train_on_2025_all\images\frame_00196_jpg.rf.27928df31a68eaa9dbe21fef14c5544e.jpg,train
datasets\train_on_2025_all\images\frame_00196_jpg.rf.b0a05a08e0a7874e4d1af17e11403b4a.jpg,train
datasets\train_on_2025_all\images\frame_00197_jpg.rf.10d35142641cd74d54bcdaa82aa9bda4.jpg,train
datasets\train_on_2025_all\images\frame_00199_jpg.rf.33140641f251ef49d428b5636df905a9.jpg,train
datasets\train_on_2025_all\images\frame_00199_jpg.rf.5db3ad63af804a38fc7264af559f109b.jpg,train
datasets\train_on_2025_all\images\frame_00200_jpg.rf.7ab93933120dbaef72c7a5c8c269f9e9.jpg,train
datasets\train_on_2025_all\images\frame_00200_jpg.rf.acda13896b74c24b49b94e38fa24bf4d.jpg,train
datasets\train_on_2025_all\images\frame_00204_jpg.rf.6e70f8ad724386117bdf0dc580e25215.jpg,train
datasets\train_on_2025_all\images\frame_00205_jpg.rf.391eb1d8a251a161bf86371eb0b8857c.jpg,train
datasets\train_on_2025_all\images\frame_00205_jpg.rf.dd3a73842576600e3e446c4f87958904.jpg,train
datasets\train_on_2025_all\images\frame_00206_jpg.rf.9850fcccd9ce72e6090b86736cc1c3e3.jpg,train
datasets\train_on_2025_all\images\frame_00207_jpg.rf.b2d8a8b6434c5e28b30d4c3e7992504b.jpg,train
datasets\train_on_2025_all\images\frame_00208_jpg.rf.c0156c6de23f416f7743206fd1c7c80d.jpg,train
datasets\train_on_2025_all\images\frame_00211_jpg.rf.f35b7f4e47f0cabae32e5fe5ec190555.jpg,train
datasets\train_on_2025_all\images\frame_00212_jpg.rf.6084b8e5babf78d80403e0fe443f8831.jpg,train
datasets\train_on_2025_all\images\frame_00213_jpg.rf.1443a5d3549554051bdbd9e1492e1285.jpg,train
datasets\train_on_2025_all\images\frame_00214_jpg.rf.0cd658c06ea8ae50e933930534e1c29a.jpg,train
datasets\train_on_2025_all\images\frame_00215_jpg.rf.56d766035a9e61acf4cfac56f6db346b.jpg,train
datasets\train_on_2025_all\images\frame_00215_jpg.rf.de55fc16e17e17d7ca9e58f246610cca.jpg,train
datasets\train_on_2025_all\images\frame_00216_jpg.rf.1f6a7dc2c19509b87c22e4cedaae6442.jpg,train
datasets\train_on_2025_all\images\frame_00217_jpg.rf.855fd97351dbb677f49e90a048062634.jpg,train
datasets\train_on_2025_all\images\frame_00217_jpg.rf.9e7a0d495cee96c03c3b21cf0e97cee7.jpg,train
datasets\train_on_2025_all\images\frame_00218_jpg.rf.03c9bc09df7d6dabb8405d1bba24f43a.jpg,train
datasets\train_on_2025_all\images\frame_00219_jpg.rf.a37d9fb1b17473d8bed10080c02d95a0.jpg,train
datasets\train_on_2025_all\images\frame_00220_jpg.rf.840538fb65786ed5070fe22850f1380c.jpg,train
datasets\train_on_2025_all\images\frame_00220_jpg.rf.c19d99cbbb21b2e2beea768d4a38f8b0.jpg,train
datasets\train_on_2025_all\images\frame_00220_jpg.rf.c3b881a0a7ebd249c8b1c6cff6e16981.jpg,train
datasets\train_on_2025_all\images\frame_00222_jpg.rf.0070bd6d392dfda7117fd4ed04fd7990.jpg,train
datasets\train_on_2025_all\images\frame_00222_jpg.rf.81a0ddf09603136387fe32da4d508fee.jpg,train
datasets\train_on_2025_all\images\frame_00226_jpg.rf.218d96c1f72b455434ee473bba1672c2.jpg,train
datasets\train_on_2025_all\images\frame_00226_jpg.rf.7e99009c299e642848fdc908a0c226fb.jpg,train
datasets\train_on_2025_all\images\frame_00226_jpg.rf.d631ed0f16b9d8b64aa5f259ab812830.jpg,train
datasets\train_on_2025_all\images\frame_00231_jpg.rf.1deda93eb09388ff73ff404a6dc00997.jpg,train
datasets\train_on_2025_all\images\frame_00231_jpg.rf.e23665b35c96dd5bbb695592bf8cc084.jpg,train
datasets\train_on_2025_all\images\GX010664_MP4-0027_jpg.rf.724cfb36346fcec21e99e36b8e08f511.jpg,train
datasets\train_on_2025_all\images\GX010664_MP4-0030_jpg.rf.1fc2eaa7fac9b15e175628f4446dd4e9.jpg,train
datasets\train_on_2025_all\images\GX010664_MP4-0030_jpg.rf.a733f05673dcad4dfab7c2a9b0428653.jpg,train
datasets\train_on_2025_all\images\GX010664_MP4-0032_jpg.rf.7b9ec0120ab540a3705d364f8916fc1c.jpg,train
datasets\train_on_2025_all\images\GX010664_MP4-0032_jpg.rf.d0856926542c08aade4ff77cddeb1779.jpg,train
datasets\train_on_2025_all\images\GX010664_MP4-0034_jpg.rf.60262825d9038404e45f03e6fc114810.jpg,train
datasets\train_on_2025_all\images\GX010664_MP4-0034_jpg.rf.b199566f7a68c7b1220f0a4d15267da1.jpg,train
datasets\train_on_2025_all\images\GX010664_MP4-0036_jpg.rf.42895edccd77df9923e4c17e5a62bdf0.jpg,train
datasets\train_on_2025_all\images\GX010664_MP4-0039_jpg.rf.6208dfd7764eb32fd3ce174f20d7174a.jpg,train
datasets\train_on_2025_all\images\GX010664_MP4-0039_jpg.rf.840a996794fed1b8fbdd925a358ef3ee.jpg,train
datasets\train_on_2025_all\images\GX010664_MP4-0040_jpg.rf.eb3abc53941098561893bb700ee284e5.jpg,train
datasets\train_on_2025_all\images\GX010664_MP4-0042_jpg.rf.d6104ad65a648b9369bbb761c62b19f5.jpg,train
datasets\train_on_2025_all\images\GX010664_MP4-0042_jpg.rf.f09255da3a3b30cdc97af4d351d92666.jpg,train
datasets\train_on_2025_all\images\GX010664_MP4-0043_jpg.rf.9b3a06a280ba259fb528212d40bae4b0.jpg,train
datasets\train_on_2025_all\images\GX010664_MP4-0043_jpg.rf.ba2ab4ef9dcc13fc74001d093a672cf0.jpg,train
datasets\train_on_2025_all\images\GX010664_MP4-0044_jpg.rf.7db7507c6aa587440d07f58deb9390bd.jpg,train
datasets\train_on_2025_all\images\GX010664_MP4-0045_jpg.rf.a2de32173844900789374c8cafdcad03.jpg,train
datasets\train_on_2025_all\images\GX010664_MP4-0045_jpg.rf.c8d739d56ac4a183c4486d25701b5e9c.jpg,train
datasets\train_on_2025_all\images\GX010664_MP4-0048_jpg.rf.b2d6d85b710b934adf2da8b2a5cd5ade.jpg,train
datasets\train_on_2025_all\images\GX010664_MP4-0051_jpg.rf.3bd49c03c6d659c1a9b25fbfe57179e9.jpg,train
datasets\train_on_2025_all\images\GX010664_MP4-0051_jpg.rf.b65fa5bea1d4ae9e374f95dacf7ca111.jpg,train
datasets\train_on_2025_all\images\GX010664_MP4-0052_jpg.rf.b9eb3e34c346142c1d192b9e2ca70e54.jpg,train
datasets\train_on_2025_all\images\GX010664_MP4-0052_jpg.rf.c93919d5c669827ba932d3fa47250758.jpg,train
datasets\train_on_2025_all\images\GX010664_MP4-0053_jpg.rf.0878a9b8156d04e3dae4474b73d947fb.jpg,train
datasets\train_on_2025_all\images\GX010664_MP4-0053_jpg.rf.13c305ab0b52c9b2e4c18d0a86098bb8.jpg,train
datasets\train_on_2025_all\images\GX010664_MP4-0054_jpg.rf.44b342c758bfd84e4d3301ca6dfbe6cd.jpg,train
datasets\train_on_2025_all\images\GX010664_MP4-0054_jpg.rf.74ba8b3260dd52bf05aeedfeffa398f1.jpg,train
datasets\train_on_2025_all\images\GX010664_MP4-0055_jpg.rf.222df2148263a7e2e2ef3f1c6f2530bf.jpg,train
datasets\train_on_2025_all\images\GX010664_MP4-0055_jpg.rf.b7b7b2b43763f005b106eb811db0522f.jpg,train
datasets\train_on_2025_all\images\GX010664_MP4-0056_jpg.rf.38b49449b4aef7ebe98ac241672699eb.jpg,train
datasets\train_on_2025_all\images\GX010664_MP4-0056_jpg.rf.591700068f32ac64bd854ea0e00d5f22.jpg,train
datasets\train_on_2025_all\images\GX010664_MP4-0057_jpg.rf.45b9f0af7a9bcb2ae19121dbb6dfe0a0.jpg,train
datasets\train_on_2025_all\images\GX010664_MP4-0057_jpg.rf.df8bcf93e4113ad1d3484adfd610061e.jpg,train
datasets\train_on_2025_all\images\GX010664_MP4-0059_jpg.rf.6d32fc68087320f1e760d352861b6fa1.jpg,train
datasets\train_on_2025_all\images\GX010664_MP4-0060_jpg.rf.1c6bbf0e92177286d9b849346fff3ad2.jpg,train
datasets\train_on_2025_all\images\GX010664_MP4-0060_jpg.rf.e1b1f76eeffe76e75f931c542a69d27a.jpg,train
datasets\train_on_2025_all\images\GX010664_MP4-0061_jpg.rf.1ddf1a6703c5c6516ad9152656b8450c.jpg,train
datasets\train_on_2025_all\images\GX010664_MP4-0061_jpg.rf.2602c2ee14d8b3a048c8ae6e2e2acafe.jpg,train
datasets\train_on_2025_all\images\GX010664_MP4-0062_jpg.rf.b3ed78c3614972a9e9e3345d6c54656a.jpg,train
datasets\train_on_2025_all\images\GX010664_MP4-0062_jpg.rf.c8e617920df78f9cba28e4d6fdf8c8c6.jpg,train
datasets\train_on_2025_all\images\GX010664_MP4-0062_jpg.rf.fa075bee7c190f94973e60ed21170790.jpg,train
datasets\train_on_2025_all\images\GX010664_MP4-0063_jpg.rf.0d8806e163b875ddc7f2e39958a4e07a.jpg,train
datasets\train_on_2025_all\images\GX010664_MP4-0063_jpg.rf.d01fe91db8b9f75290948cc7cc50c760.jpg,train
datasets\train_on_2025_all\images\GX010664_MP4-0064_jpg.rf.23934c626427d18bf199d97b6422a3fb.jpg,train
datasets\train_on_2025_all\images\GX010664_MP4-0066_jpg.rf.eebc4cbc19c9f9737bf16cb264c204e4.jpg,train
datasets\train_on_2025_all\images\GX010664_MP4-0069_jpg.rf.7aaeb445f52829dbb063f3eb529cfd1c.jpg,train
datasets\train_on_2025_all\images\GX010664_MP4-0070_jpg.rf.fd697953a47cca75dae6a29794803341.jpg,train
datasets\train_on_2025_all\images\GX010664_MP4-0071_jpg.rf.0cdba322b70fbf5c849076d8a352855a.jpg,train
datasets\train_on_2025_all\images\GX010664_MP4-0072_jpg.rf.da78ebf99222f60e4e9c115fe109a133.jpg,train
datasets\train_on_2025_all\images\GX010664_MP4-0074_jpg.rf.d83028a9c3a2f3d88bf21760739b6758.jpg,train
datasets\train_on_2025_all\images\GX010664_MP4-0076_jpg.rf.afba36d9128f0a868f4cf61fb7677063.jpg,train
datasets\train_on_2025_all\images\GX010664_MP4-0076_jpg.rf.b12e872043dbee38d0d3ffbb857f26ab.jpg,train
datasets\train_on_2025_all\images\GX010664_MP4-0076_jpg.rf.f1202483985c2c4eb0e1226e45dd983a.jpg,train
datasets\train_on_2025_all\images\GX010664_MP4-0078_jpg.rf.8ec398bb8df49178b586f2af43d95a39.jpg,train
datasets\train_on_2025_all\images\GX010664_MP4-0079_jpg.rf.2f51dc1253c50faa758ffc167ea60433.jpg,train
datasets\train_on_2025_all\images\GX010664_MP4-0079_jpg.rf.4dd9222c901b6466e67a2d0835055a42.jpg,train
datasets\train_on_2025_all\images\GX010664_MP4-0080_jpg.rf.342316ff88aa197070dff537ec348494.jpg,train
datasets\train_on_2025_all\images\GX010664_MP4-0080_jpg.rf.e515fc58277e25d898cd13491eaf7250.jpg,train
datasets\train_on_2025_all\images\GX010664_MP4-0081_jpg.rf.3e1153fe68e3175cec779bf03de663b2.jpg,train
datasets\train_on_2025_all\images\GX010664_MP4-0081_jpg.rf.9b98d08dde4699fd8d180e901d327028.jpg,train
datasets\train_on_2025_all\images\GX010664_MP4-0081_jpg.rf.c32c93623b48e02727de62f25239c351.jpg,train
datasets\train_on_2025_all\images\GX010664_MP4-0084_jpg.rf.bdb52f2d6cd46ec2565cbcecb75686db.jpg,train
datasets\train_on_2025_all\images\GX010664_MP4-0085_jpg.rf.b83c1bd5d8e2a54d2d0b1711015c5bf5.jpg,train
datasets\train_on_2025_all\images\GX010664_MP4-0085_jpg.rf.e01ce4c22dc6a7c773c1207a43efd03f.jpg,train
datasets\train_on_2025_all\images\GX010664_MP4-0089_jpg.rf.5dbb78ccf95f85012aae87561f6925d1.jpg,train
datasets\train_on_2025_all\images\GX010664_MP4-0089_jpg.rf.da8a3c41d279007c2d64a7a6cd058837.jpg,train
datasets\train_on_2025_all\images\GX010664_MP4-0089_jpg.rf.e8d832c466c21cd9f623b9ebe5756e56.jpg,train
datasets\train_on_2025_all\images\GX010664_MP4-0096_jpg.rf.b69fd4eb507e90c3694734f07462a655.jpg,train
datasets\train_on_2025_all\images\GX010664_MP4-0099_jpg.rf.1c9eadfbdf7290ec6e815c0799ed4788.jpg,train
datasets\train_on_2025_all\images\GX010664_MP4-0099_jpg.rf.24b4e177954f75353fb1a2e32f03d4ff.jpg,train
datasets\train_on_2025_all\images\GX010664_MP4-0101_jpg.rf.d81ccc877e2b480ba181242e338f3ee9.jpg,train
datasets\train_on_2025_all\images\GX010664_MP4-0102_jpg.rf.4e872ee064e022d68a14ea8a3ea13b61.jpg,train
datasets\train_on_2025_all\images\GX010664_MP4-0103_jpg.rf.f0a68cd971320cfd3270cab447a94bb4.jpg,train
datasets\train_on_2025_all\images\GX010665_MP4-0021_jpg.rf.e5806e4bf7b94c36725374d9ecdb7645.jpg,train
datasets\train_on_2025_all\images\GX010665_MP4-0022_jpg.rf.cf220d12d0bfe3a2cdffa30b9adff42b.jpg,train
datasets\train_on_2025_all\images\GX010665_MP4-0024_jpg.rf.700871f8708b3dbf6bee84851e0a74b6.jpg,train
datasets\train_on_2025_all\images\GX010665_MP4-0026_jpg.rf.0ba0d6d8506d07b8bfebce33646036b7.jpg,train
datasets\train_on_2025_all\images\GX010665_MP4-0026_jpg.rf.419b1a60f7223ca419a861b15cf41a7a.jpg,train
datasets\train_on_2025_all\images\GX010665_MP4-0027_jpg.rf.4af315f4a69d88a7e1293f0e3e3b8ce3.jpg,train
datasets\train_on_2025_all\images\GX010665_MP4-0027_jpg.rf.7e44c14da56690f78b4771f202c0f867.jpg,train
datasets\train_on_2025_all\images\GX010665_MP4-0028_jpg.rf.26ad4d941c7ddfd607778cd6d9ec57c8.jpg,train
datasets\train_on_2025_all\images\GX010665_MP4-0059_jpg.rf.652743b7c7226586b990fff2e5c35910.jpg,train
datasets\train_on_2025_all\images\GX010665_MP4-0059_jpg.rf.d1cf532ed6b6814657b47397dc64bc20.jpg,train
datasets\train_on_2025_all\images\GX010665_MP4-0063_jpg.rf.ba6d0da80d0ef0bf1ceb5037a7c238e0.jpg,train
datasets\train_on_2025_all\images\GX010665_MP4-0087_jpg.rf.37bea2f8fc3b279ccf0bce6b34bdc596.jpg,train
datasets\train_on_2025_all\images\GX010665_MP4-0089_jpg.rf.7fe0e9657fa1a72a2708896f9ebef5ed.jpg,train
datasets\train_on_2025_all\images\GX010665_MP4-0089_jpg.rf.f4e8db4583a4642a9f2d4c3ddbdb6103.jpg,train
datasets\train_on_2025_all\images\GX010665_MP4-0090_jpg.rf.eba468ea34d3cb486afecb73c240931d.jpg,train
datasets\train_on_2025_all\images\GX010665_MP4-0091_jpg.rf.20b7fb17307b06108faf51918fc07af6.jpg,train
datasets\train_on_2025_all\images\GX010665_MP4-0091_jpg.rf.fe26edd525ea7504ac1942be3e1967b9.jpg,train
datasets\train_on_2025_all\images\GX010665_MP4-0092_jpg.rf.80cba303c613e470c43e05cbd62e66f7.jpg,train
datasets\train_on_2025_all\images\GX010665_MP4-0099_jpg.rf.6320251c5e1b1890f9ebc1f5a3e44c13.jpg,train
datasets\train_on_2025_all\images\GX010665_MP4-0100_jpg.rf.5e0da56a19b03b526a83ae4b4a0555dd.jpg,train
datasets\train_on_2025_all\images\GX010665_MP4-0101_jpg.rf.a39714489272183f4249e1ec63781bd8.jpg,train
datasets\train_on_2025_all\images\GX010665_MP4-0102_jpg.rf.3f702ad7f67dd42c14bd7c7d1930bbf9.jpg,train
datasets\train_on_2025_all\images\GX010665_MP4-0108_jpg.rf.92e00390db4cf64817d5a3e2ab2aab8c.jpg,train
datasets\train_on_2025_all\images\GX010665_MP4-0109_jpg.rf.dad896add87fe0ac390e9d95489b86a9.jpg,train
datasets\train_on_2025_all\images\GX010665_MP4-0110_jpg.rf.8dc571bc5b27193d0b4aa09f8b6c96a9.jpg,train
datasets\train_on_2025_all\images\GX010665_MP4-0110_jpg.rf.99800ff25d1b188c225ff44b872df47f.jpg,train
datasets\train_on_2025_all\images\GX010665_MP4-0111_jpg.rf.9704330e5fe7240357ac3f0b17fad1c1.jpg,train
datasets\train_on_2025_all\images\GX010665_MP4-0112_jpg.rf.107b18f2eec800ef9479d3b91fba5363.jpg,train
datasets\train_on_2025_all\images\GX010665_MP4-0112_jpg.rf.b8b48ea4dbbbf1e55cd6400e8601181b.jpg,train
datasets\train_on_2025_all\images\GX010665_MP4-0113_jpg.rf.07523ee6156b45018e4e60b55a5ba1c2.jpg,train
datasets\train_on_2025_all\images\GX010665_MP4-0113_jpg.rf.8c61e44efffcfbab81d3d4f641461bc2.jpg,train
datasets\train_on_2025_all\images\GX010665_MP4-0114_jpg.rf.0e7fa190360d96f39784b4149d3c547a.jpg,train
datasets\train_on_2025_all\images\GX010665_MP4-0114_jpg.rf.a5e0ed3c2e169842516b075a83a1335f.jpg,train
datasets\train_on_2025_all\images\GX010665_MP4-0114_jpg.rf.ef4576edfd9ff5aa31f3f5d87d56364c.jpg,train
datasets\train_on_2025_all\images\GX010665_MP4-0115_jpg.rf.ace7d22ef4e2022b8d9960e510b6b6f4.jpg,train
datasets\train_on_2025_all\images\GX010665_MP4-0116_jpg.rf.0a6651813d76b66c91b5481603b60d2d.jpg,train
datasets\train_on_2025_all\images\GX010665_MP4-0116_jpg.rf.50e082fea34ac7c7389c48ab09cb05a1.jpg,train
datasets\train_on_2025_all\images\GX010665_MP4-0116_jpg.rf.6c71b4a60f6d6e167fc5c3569c75a3e2.jpg,train
datasets\train_on_2025_all\images\GX010665_MP4-0119_jpg.rf.c574b03407b66448aad99fbe1377524b.jpg,train
datasets\train_on_2025_all\images\GX010665_MP4-0128_jpg.rf.60c8aec1d00c70e12a8c6a21fc7c91a3.jpg,train
datasets\train_on_2025_all\images\GX010665_MP4-0130_jpg.rf.103e55f0d7d7a32a40412ba08753909d.jpg,train
datasets\train_on_2025_all\images\GX010665_MP4-0134_jpg.rf.22645c83f16ad0fab3c00559ae4ce7a0.jpg,train
datasets\train_on_2025_all\images\GX010665_MP4-0135_jpg.rf.509655b7c4efe4575b681d7ca53f1884.jpg,train
datasets\train_on_2025_all\images\GX010665_MP4-0135_jpg.rf.8f8280a9921992b6846aad4143d2f5d3.jpg,train
datasets\train_on_2025_all\images\GX010665_MP4-0136_jpg.rf.e899d5e6870e48c20ce0c8a8c6b85670.jpg,train
datasets\train_on_2025_all\images\GX010665_MP4-0137_jpg.rf.bcc0d3167caa3008c5ab41d497a755fd.jpg,train
datasets\train_on_2025_all\images\GX010665_MP4-0137_jpg.rf.ef06cb4c3b660b6e44019964f9e8bfec.jpg,train
datasets\train_on_2025_all\images\GX010665_MP4-0138_jpg.rf.63237006cb17000814f72133f9ca3ac2.jpg,train
datasets\train_on_2025_all\images\GX010665_MP4-0138_jpg.rf.e0a496e1cf85b79b34be129f00e8e738.jpg,train
datasets\train_on_2025_all\images\GX010665_MP4-0138_jpg.rf.f28576c5169f2c6e331e9ee9646b2b4a.jpg,train
datasets\train_on_2025_all\images\GX010665_MP4-0139_jpg.rf.0fd45edf056321c1c65b8771e9efeb4e.jpg,train
datasets\train_on_2025_all\images\GX010665_MP4-0152_jpg.rf.6ef7ee077fec852b588a18c9381d99a8.jpg,train
datasets\train_on_2025_all\images\GX010665_MP4-0152_jpg.rf.e779f0db5f1587c44a3b4f0b7ff0214a.jpg,train
datasets\train_on_2025_all\images\GX010665_MP4-0171_jpg.rf.94b38e93e0033cf29489d60ce98a1b7d.jpg,train
datasets\train_on_2025_all\images\GX010665_MP4-0171_jpg.rf.aa668009e06093c7f5b679fa928ee84b.jpg,train
datasets\train_on_2025_all\images\GX010665_MP4-0189_jpg.rf.63548aa9017076ec478a2ca1b1b322d7.jpg,train
datasets\train_on_2025_all\images\GX010665_MP4-0190_jpg.rf.05fcbec8da10c1c2869c21f20ac7bf30.jpg,train
datasets\train_on_2025_all\images\GX010665_MP4-0191_jpg.rf.382ff4fd72c375f6c4ae8a8122f977d8.jpg,train
datasets\train_on_2025_all\images\GX010665_MP4-0191_jpg.rf.5028b7cebe14c5281ffa0a6ccf4d600d.jpg,train
datasets\train_on_2025_all\images\GX010665_MP4-0192_jpg.rf.d152df4b569f08332b8110cc746fe793.jpg,train
datasets\train_on_2025_all\images\GX010665_MP4-0193_jpg.rf.3882d4c5ba00f711e6f1712d42469373.jpg,train
datasets\train_on_2025_all\images\GX010665_MP4-0194_jpg.rf.97663c03bb5d064c0d5056360c61b70e.jpg,train
datasets\train_on_2025_all\images\GX010665_MP4-0195_jpg.rf.5547cb3e00bc34ccfe06304feeae1f4e.jpg,train
datasets\train_on_2025_all\images\GX010665_MP4-0195_jpg.rf.6e107406793506e41197be6544d089e4.jpg,train
datasets\train_on_2025_all\images\GX010665_MP4-0195_jpg.rf.a235a811c1f250ad7ef6328b5c4943c3.jpg,train
datasets\train_on_2025_all\images\GX010665_MP4-0196_jpg.rf.1bc91ddca75ecbe60f3502e22340a53d.jpg,train
datasets\train_on_2025_all\images\GX010665_MP4-0196_jpg.rf.8b718b6b622f0db8841c6674076b55fc.jpg,train
datasets\train_on_2025_all\images\GX010665_MP4-0197_jpg.rf.156b3e2b80b7b04683216d4a1985e8b3.jpg,train
datasets\train_on_2025_all\images\GX010665_MP4-0198_jpg.rf.02dadef29cc5880f66f77b155bc2572c.jpg,train
datasets\train_on_2025_all\images\GX010665_MP4-0199_jpg.rf.d9815fb8b0f9e0778e0a0c9d9fff28d5.jpg,train
datasets\train_on_2025_all\images\GX010665_MP4-0199_jpg.rf.f57dff5dc4bfee11ae0a6517c4bab2f5.jpg,train
datasets\train_on_2025_all\images\GX010665_MP4-0200_jpg.rf.1510087345131349beb283e1722503cd.jpg,train
datasets\train_on_2025_all\images\GX010665_MP4-0200_jpg.rf.1ec1782021a8fdb0d44954fcf9604ea1.jpg,train
datasets\train_on_2025_all\images\GX010665_MP4-0202_jpg.rf.5d5aa781b58f3ee613939e8ae0949c35.jpg,train
datasets\train_on_2025_all\images\GX010665_MP4-0203_jpg.rf.78bea453516a015710eaa82ccc3a54c2.jpg,train
datasets\train_on_2025_all\images\GX010665_MP4-0203_jpg.rf.9544a3d1cb4dff4e1171cc8d130b67ef.jpg,train
datasets\train_on_2025_all\images\GX010665_MP4-0204_jpg.rf.3cca15736b52fb746c93926dd06028a1.jpg,train
datasets\train_on_2025_all\images\GX010665_MP4-0204_jpg.rf.ac8ec5492aaafe296198564e2560eae7.jpg,train
datasets\train_on_2025_all\images\GX010665_MP4-0206_jpg.rf.b7a9c0588c3aca78fa42f961fb9e0753.jpg,train
datasets\train_on_2025_all\images\GX010665_MP4-0206_jpg.rf.c60a8c2a59c20a76d85a19f6c6104e52.jpg,train
datasets\train_on_2025_all\images\GX010665_MP4-0208_jpg.rf.4924f6e0b1a85ebde063556b6b8938b7.jpg,train
datasets\train_on_2025_all\images\GX010665_MP4-0209_jpg.rf.12a599b04ae7bc28cfb14d78be864ea7.jpg,train
datasets\train_on_2025_all\images\GX010665_MP4-0218_jpg.rf.975123a65af100a5dd8a4edec284cf5b.jpg,train
datasets\train_on_2025_all\images\GX010665_MP4-0218_jpg.rf.ed042a0f0a6bf65f2bc8c0733add61b4.jpg,train
datasets\train_on_2025_all\images\GX010665_MP4-0219_jpg.rf.f9539f76ef1b68ad7b951fded966d55c.jpg,train
datasets\train_on_2025_all\images\GX010665_MP4-0236_jpg.rf.ea06d8a6bb49dfd74c5b128ad429656a.jpg,train
datasets\train_on_2025_all\images\GX010665_MP4-0237_jpg.rf.35ebc1cb78607ea5c84ac4f6cc6ba7c4.jpg,train
datasets\train_on_2025_all\images\GX010665_MP4-0237_jpg.rf.69bb495fb6acd49f14018854256d022b.jpg,train
datasets\train_on_2025_all\images\GX010665_MP4-0240_jpg.rf.16f9723f81df2760ba2a16ceb956d37b.jpg,train
datasets\train_on_2025_all\images\GX010665_MP4-0240_jpg.rf.3fd8fe09c65254399775a2f4e1855fb8.jpg,train
datasets\train_on_2025_all\images\GX010665_MP4-0241_jpg.rf.202e2fcb811ae165fddb0eed24539c91.jpg,train
datasets\train_on_2025_all\images\GX010665_MP4-0242_jpg.rf.9f3e02a7799c1773616748f80c8e37f2.jpg,train
datasets\train_on_2025_all\images\GX010665_MP4-0242_jpg.rf.b4adee5c9be57bda728e778236ac67bd.jpg,train
datasets\train_on_2025_all\images\GX010665_MP4-0245_jpg.rf.3978e5cc26e906f1d32f037c8d387620.jpg,train
datasets\train_on_2025_all\images\GX010665_MP4-0245_jpg.rf.674a237027b585aa3428715300e47230.jpg,train
datasets\train_on_2025_all\images\GX010665_MP4-0246_jpg.rf.b8c6bfb1b4817671897e1a1f31e2c87f.jpg,train
datasets\train_on_2025_all\images\GX010665_MP4-0251_jpg.rf.b77145cd89f0ac3af0e439bc1610f228.jpg,train
datasets\train_on_2025_all\images\GX010665_MP4-0252_jpg.rf.50f8975204bae33287dee86660c9633e.jpg,train
datasets\train_on_2025_all\images\GX010665_MP4-0257_jpg.rf.807ed4e24728f0d1b080153c9b6e52e4.jpg,train
datasets\train_on_2025_all\images\GX010665_MP4-0257_jpg.rf.eb06aa824ce215d2875cc4c36de4a219.jpg,train
datasets\train_on_2025_all\images\GX010665_MP4-0258_jpg.rf.ad9be34e75f45267d7e7ce4d1e4477c1.jpg,train
datasets\train_on_2025_all\images\GX010665_MP4-0265_jpg.rf.b8acd3f7f45211d8cb0e8f43b71a0255.jpg,train
datasets\train_on_2025_all\images\GX010665_MP4-0265_jpg.rf.dac32cdc01355953045936c7cf6ca89c.jpg,train
datasets\train_on_2025_all\images\GX010665_MP4-0266_jpg.rf.723b871b18890719dd376095fd59f962.jpg,train
datasets\train_on_2025_all\images\GX010665_MP4-0267_jpg.rf.7167bfe5c8551f18b592897b9d2f8a50.jpg,train
datasets\train_on_2025_all\images\GX010665_MP4-0273_jpg.rf.5eef8c20f21de228d03ccb06e654c9aa.jpg,train
datasets\train_on_2025_all\images\GX010665_MP4-0273_jpg.rf.ded6cce5d639e0ce764c33a90577586d.jpg,train
datasets\train_on_2025_all\images\GX010666_MP4-0004_jpg.rf.9ae19c7f99db4502a95b9fc1ed8e6937.jpg,train
datasets\train_on_2025_all\images\GX010666_MP4-0005_jpg.rf.df2bf4e8c9d679466ad9874bc2c7643e.jpg,train
datasets\train_on_2025_all\images\GX010666_MP4-0006_jpg.rf.200066aea88e512f00b75e3cac40c744.jpg,train
datasets\train_on_2025_all\images\GX010666_MP4-0006_jpg.rf.ab90481ebe01c77de019c33e349d26ab.jpg,train
datasets\train_on_2025_all\images\GX010666_MP4-0007_jpg.rf.07f9150a3eea3dc150887e7005747e21.jpg,train
datasets\train_on_2025_all\images\GX010666_MP4-0007_jpg.rf.381d56218cdaf4f822b881b6c23972b3.jpg,train
datasets\train_on_2025_all\images\GX010666_MP4-0007_jpg.rf.6b820df671dd91e746ab9a48024fd966.jpg,train
datasets\train_on_2025_all\images\GX010666_MP4-0008_jpg.rf.7678ea1d329436128f04c19ddc364a92.jpg,train
datasets\train_on_2025_all\images\GX010666_MP4-0010_jpg.rf.0cb6a80b2afec98deef20a7b61fa7fab.jpg,train
datasets\train_on_2025_all\images\GX010666_MP4-0011_jpg.rf.075c2b38ca27305d448e7885f945cedb.jpg,train
datasets\train_on_2025_all\images\GX010666_MP4-0011_jpg.rf.e1d113346cb96861515aa304cf11c08d.jpg,train
datasets\train_on_2025_all\images\GX010666_MP4-0015_jpg.rf.b662e0f1ef6877ae3eff94e93be2086c.jpg,train
datasets\train_on_2025_all\images\GX010666_MP4-0016_jpg.rf.e0760cbbbedb6fead0abd236928de608.jpg,train
datasets\train_on_2025_all\images\GX010666_MP4-0017_jpg.rf.49f22848cf617103b755dd9afd775c82.jpg,train
datasets\train_on_2025_all\images\GX010666_MP4-0017_jpg.rf.87de5837b9e20c97c615b39c19d43986.jpg,train
datasets\train_on_2025_all\images\GX010666_MP4-0018_jpg.rf.0445994d5fdb65e26e2392ef2e526ee1.jpg,train
datasets\train_on_2025_all\images\GX010666_MP4-0018_jpg.rf.7dd10511b38e4399d6effaf552d63dc1.jpg,train
datasets\train_on_2025_all\images\GX010666_MP4-0019_jpg.rf.c16b29e6557101ef7e3ccc4521289381.jpg,train
datasets\train_on_2025_all\images\GX010666_MP4-0021_jpg.rf.30c1cd81b0c1c1b7d3c98202b1169668.jpg,train
datasets\train_on_2025_all\images\GX010666_MP4-0021_jpg.rf.7d86bc9cc881df8baa9d38e347c23c3e.jpg,train
datasets\train_on_2025_all\images\GX010666_MP4-0022_jpg.rf.2baeca9c63bafbf93bc292938057bdbe.jpg,train
datasets\train_on_2025_all\images\GX010666_MP4-0022_jpg.rf.4869d5171fbdbf82ae118102762eebda.jpg,train
datasets\train_on_2025_all\images\GX010666_MP4-0022_jpg.rf.7efefb54ce31a0be1af808ea39a345af.jpg,train
datasets\train_on_2025_all\images\GX010666_MP4-0023_jpg.rf.078cd5f2f16450898f9dc5405a76ab9f.jpg,train
datasets\train_on_2025_all\images\GX010666_MP4-0024_jpg.rf.52272b5299eb6e1b7ce44e804e281be7.jpg,train
datasets\train_on_2025_all\images\GX010666_MP4-0024_jpg.rf.e804dfc54d651732b133faf38987e5d7.jpg,train
datasets\train_on_2025_all\images\GX010666_MP4-0025_jpg.rf.ae0fbb4bbfc858fb4849fee0deecad5f.jpg,train
datasets\train_on_2025_all\images\GX010666_MP4-0042_jpg.rf.30daa36d47f0e181f5ec0fa1bf476824.jpg,train
datasets\train_on_2025_all\images\GX010666_MP4-0043_jpg.rf.0f5375f5d811bedfe2bee274023eeff3.jpg,train
datasets\train_on_2025_all\images\GX010666_MP4-0043_jpg.rf.36d7189bd46e8aa7ff9a50e26b976be5.jpg,train
datasets\train_on_2025_all\images\GX010666_MP4-0044_jpg.rf.1a93f2c527186d9c59590da3ee0dc76e.jpg,train
datasets\train_on_2025_all\images\GX010666_MP4-0045_jpg.rf.93e3835ebda75f6e407a8dbbce6139a4.jpg,train
datasets\train_on_2025_all\images\GX010666_MP4-0045_jpg.rf.9dd6103a217a7bb8d9f04d3881890a9e.jpg,train
datasets\train_on_2025_all\images\GX010666_MP4-0046_jpg.rf.f56f813620d9c47e89973f06acb9ffb3.jpg,train
datasets\train_on_2025_all\images\GX010666_MP4-0062_jpg.rf.390ecd914d57a1dc6adf9647627dd189.jpg,train
datasets\train_on_2025_all\images\GX010666_MP4-0062_jpg.rf.80601f24b4ab955914311dc6270bf95a.jpg,train
datasets\train_on_2025_all\images\GX010666_MP4-0084_jpg.rf.74294207b8862362e4d6f67afe9e3349.jpg,train
datasets\train_on_2025_all\images\GX010666_MP4-0085_jpg.rf.a22e269a270fda86bbf3a65f7d2e162e.jpg,train
datasets\train_on_2025_all\images\GX010666_MP4-0087_jpg.rf.08bb1cc71334cb643c3946fb14cdea4b.jpg,train
datasets\train_on_2025_all\images\GX010666_MP4-0087_jpg.rf.7d105add78b8c569c9e1361044b9fa8f.jpg,train
datasets\train_on_2025_all\images\GX010666_MP4-0087_jpg.rf.fde8318ddef6f1508df32ed68db23926.jpg,train
datasets\train_on_2025_all\images\GX010666_MP4-0088_jpg.rf.0a70f0082a62ca640283c2aae507b54e.jpg,train
datasets\train_on_2025_all\images\GX010666_MP4-0088_jpg.rf.f0add35f57d96e601dd3355192fa9722.jpg,train
datasets\train_on_2025_all\images\GX010666_MP4-0089_jpg.rf.8d1b03aac552dd7ce192573f1d09842f.jpg,train
datasets\train_on_2025_all\images\GX010666_MP4-0091_jpg.rf.72492f592e957fe2702cb9cf8068903b.jpg,train
datasets\train_on_2025_all\images\GX010666_MP4-0092_jpg.rf.2e8b876a83a0b31ec37b3fdcfbdae75d.jpg,train
datasets\train_on_2025_all\images\GX010666_MP4-0092_jpg.rf.96bc52f6c57e9b36a0d0f92fb4d4b8b9.jpg,train
datasets\train_on_2025_all\images\GX010666_MP4-0093_jpg.rf.a7469f3430afb849ce370a623c2f9968.jpg,train
datasets\train_on_2025_all\images\GX010666_MP4-0097_jpg.rf.0c95b7ed59e77795519b8e31ff541a53.jpg,train
datasets\train_on_2025_all\images\GX010666_MP4-0097_jpg.rf.7146863966a15f31abef1f6055438ffe.jpg,train
datasets\train_on_2025_all\images\GX010666_MP4-0100_jpg.rf.502fdff33c1c263cd859045822530126.jpg,train
datasets\train_on_2025_all\images\GX010666_MP4-0100_jpg.rf.93182386893c35ca15f2a6e57d022623.jpg,train
datasets\train_on_2025_all\images\GX010666_MP4-0101_jpg.rf.9956ad351bc6cec7176b72e3bdd225a4.jpg,train
datasets\train_on_2025_all\images\GX010666_MP4-0101_jpg.rf.c7894974f6bd06f902fa178e3caf7e07.jpg,train
datasets\train_on_2025_all\images\GX010666_MP4-0105_jpg.rf.3a3c59158503fec4edacbb59584dc227.jpg,train
datasets\train_on_2025_all\images\GX010666_MP4-0106_jpg.rf.18ec1c13692396dcb4c069714c85e2e6.jpg,train
datasets\train_on_2025_all\images\GX010666_MP4-0106_jpg.rf.cdc1d0e1c3c3e31ae82e83def4bf4cd3.jpg,train
datasets\train_on_2025_all\images\GX010666_MP4-0108_jpg.rf.d032f0a7adbfec6a6e9f7c8b42768add.jpg,train
datasets\train_on_2025_all\images\GX010666_MP4-0121_jpg.rf.6d28ac45bc58f9d6d122d7f7fb5bda67.jpg,train
datasets\train_on_2025_all\images\GX010666_MP4-0121_jpg.rf.a91deb030dee381b2dd09ffdc4246fe2.jpg,train
datasets\train_on_2025_all\images\GX010666_MP4-0122_jpg.rf.719390bba0f257a56c2e80735fe6fef4.jpg,train
datasets\train_on_2025_all\images\GX010666_MP4-0124_jpg.rf.9fdc505dc82f7e5e34df4ff3270e5822.jpg,train
datasets\train_on_2025_all\images\GX010666_MP4-0126_jpg.rf.fe40fc7c4382052b19922790a5ee30d0.jpg,train
datasets\train_on_2025_all\images\GX010666_MP4-0127_jpg.rf.f943d3c6043828725f1981dd3b9ac23e.jpg,train
datasets\train_on_2025_all\images\GX010666_MP4-0132_jpg.rf.45f812e8c22920a4abb876956c8b6afc.jpg,train
datasets\train_on_2025_all\images\GX010666_MP4-0133_jpg.rf.7fc43c0792082e2e74b7fb7c5f00607c.jpg,train
datasets\train_on_2025_all\images\GX010666_MP4-0133_jpg.rf.8ca289ebb473b8253e6ffd00f2dbb911.jpg,train
datasets\train_on_2025_all\images\GX010666_MP4-0134_jpg.rf.4591e6c9000b48f3f91a07bc89f2dbc3.jpg,train
datasets\train_on_2025_all\images\GX010666_MP4-0134_jpg.rf.a1711a5d41b756706b44a35aa6c481ef.jpg,train
datasets\train_on_2025_all\images\GX010666_MP4-0135_jpg.rf.6976130dc140283ac6cd1f6de7330461.jpg,train
datasets\train_on_2025_all\images\GX010666_MP4-0136_jpg.rf.cee33e5397bf9e14854bea35d350fddf.jpg,train
datasets\train_on_2025_all\images\GX010666_MP4-0138_jpg.rf.c8f31b83cb2c4207c1492f2f3671e9fd.jpg,train
datasets\train_on_2025_all\images\GX010666_MP4-0139_jpg.rf.096be98e60f57b5b24e59d5a12700dfd.jpg,train
datasets\train_on_2025_all\images\GX010666_MP4-0139_jpg.rf.dcf90250b497ab299407200695d3e07d.jpg,train
datasets\train_on_2025_all\images\GX010666_MP4-0139_jpg.rf.edb45427a0218808213d14ee3aff459c.jpg,train
datasets\train_on_2025_all\images\GX010666_MP4-0141_jpg.rf.d9e04f06325b708f4e9db8c24be4df7b.jpg,train
datasets\train_on_2025_all\images\GX010666_MP4-0142_jpg.rf.b602cad639b4aa145befff0fa559f393.jpg,train
datasets\train_on_2025_all\images\GX010666_MP4-0142_jpg.rf.cf6e4b2a6c4e8b2610e128d045da10bc.jpg,train
datasets\train_on_2025_all\images\GX010666_MP4-0143_jpg.rf.3b3714e69fadc3c1f526d86a9a73ac0b.jpg,train
datasets\train_on_2025_all\images\GX010666_MP4-0144_jpg.rf.11d7195f98f72f7526bc18e580887100.jpg,train
datasets\train_on_2025_all\images\GX010666_MP4-0147_jpg.rf.a4bf1f54698fd55138d2486a0098ae38.jpg,train
datasets\train_on_2025_all\images\GX010666_MP4-0148_jpg.rf.1f3d0a8d65f5f6fd85bcc1a979937f64.jpg,train
datasets\train_on_2025_all\images\GX010666_MP4-0148_jpg.rf.6a9de4138517425a8d338d5a0a633209.jpg,train
datasets\train_on_2025_all\images\GX010666_MP4-0148_jpg.rf.badcafbe5ee4b71bac4cba467275afe2.jpg,train
datasets\train_on_2025_all\images\GX010666_MP4-0155_jpg.rf.b3c71857ace56f29fdf0d827a32ce292.jpg,train
datasets\train_on_2025_all\images\GX010666_MP4-0156_jpg.rf.33853f20f39d1be8493da06f0e727cd9.jpg,train
datasets\train_on_2025_all\images\GX010666_MP4-0158_jpg.rf.4c572973d94751f1317d4be6923cb4f9.jpg,train
datasets\train_on_2025_all\images\GX010666_MP4-0159_jpg.rf.3310bb4cc409642710ebfa35741a5d90.jpg,train
datasets\train_on_2025_all\images\GX010666_MP4-0159_jpg.rf.4aedae02c6408d2539c7bc223344752e.jpg,train
datasets\train_on_2025_all\images\GX010666_MP4-0160_jpg.rf.b14b92aec6afef7442c79fcd11b79d6b.jpg,train
datasets\train_on_2025_all\images\GX010666_MP4-0161_jpg.rf.aacd6c329fdea796a7631a9f86f20c50.jpg,train
datasets\train_on_2025_all\images\GX010666_MP4-0161_jpg.rf.af237fdb0ea95cebd9938d5ec30d7be7.jpg,train
datasets\train_on_2025_all\images\GX010666_MP4-0161_jpg.rf.cad0177e825c8a427fbbb5d6c4a88762.jpg,train
datasets\train_on_2025_all\images\GX010666_MP4-0162_jpg.rf.6c7c0dfc16938edce4905b9bdbd682da.jpg,train
datasets\train_on_2025_all\images\GX010666_MP4-0162_jpg.rf.86dc7ca5f56570b58f6038bec9f4ad20.jpg,train
datasets\train_on_2025_all\images\GX010666_MP4-0163_jpg.rf.b1e929af3d9b8eba18923a12a9bb9404.jpg,train
datasets\train_on_2025_all\images\GX010666_MP4-0163_jpg.rf.b3d9b32e77c238ea7c913a0fb9ed2a58.jpg,train
datasets\train_on_2025_all\images\GX010666_MP4-0164_jpg.rf.122adb8e3772d01df878f739c4cb7b55.jpg,train
datasets\train_on_2025_all\images\GX010666_MP4-0164_jpg.rf.a179827a07d2d7e474cb55e645948295.jpg,train
datasets\train_on_2025_all\images\GX010666_MP4-0165_jpg.rf.2283e575ea702b69d51b5d24bb64f5ba.jpg,train
datasets\train_on_2025_all\images\GX010666_MP4-0165_jpg.rf.df31d63f1b21c733b0affce30d1a207b.jpg,train
datasets\train_on_2025_all\images\GX010666_MP4-0166_jpg.rf.34d08fa3087e6860a36e42e480f2e10f.jpg,train
datasets\train_on_2025_all\images\GX010666_MP4-0168_jpg.rf.a2130e37f5fa90da071027d42512e4a8.jpg,train
datasets\train_on_2025_all\images\GX010666_MP4-0168_jpg.rf.b2c523b3ad289a80fed83cdec646ccc3.jpg,train
datasets\train_on_2025_all\images\GX010666_MP4-0169_jpg.rf.29e84e9b2e5c4b68d64b182f1b4cacf2.jpg,train
datasets\train_on_2025_all\images\GX010666_MP4-0171_jpg.rf.1c7516576d284f20ea2b6c55c0196473.jpg,train
datasets\train_on_2025_all\images\GX010666_MP4-0172_jpg.rf.46ea6603d3f6280cc7dc482b2d241ddf.jpg,train
datasets\train_on_2025_all\images\GX010666_MP4-0172_jpg.rf.62f62321b1ee7b732dbdd0dc76e6256e.jpg,train
datasets\train_on_2025_all\images\GX010666_MP4-0172_jpg.rf.da06a409a3ae69c2308af3cded9459f6.jpg,train
datasets\train_on_2025_all\images\GX010666_MP4-0173_jpg.rf.cecbed30207820d1ca456fe9cb3b5d3f.jpg,train
datasets\train_on_2025_all\images\GX010666_MP4-0174_jpg.rf.d92cb90ee7db635058e9a539fcd643b8.jpg,train
datasets\train_on_2025_all\images\GX010666_MP4-0174_jpg.rf.e6399b7bc5b4dea7d41283ab5627802b.jpg,train
datasets\train_on_2025_all\images\GX010666_MP4-0176_jpg.rf.a475550e9772e278cbecfd9f19873f7f.jpg,train
datasets\train_on_2025_all\images\GX010666_MP4-0178_jpg.rf.3205d1496838c8245eded20c93b19ceb.jpg,train
datasets\train_on_2025_all\images\GX010666_MP4-0178_jpg.rf.d3ed4cacc4b5e9b3b8dd7df61bd783b1.jpg,train
datasets\train_on_2025_all\images\GX010666_MP4-0178_jpg.rf.d552a067f5d78ef0949e2259b0a93d21.jpg,train
datasets\train_on_2025_all\images\GX010666_MP4-0179_jpg.rf.b4bc56fdd74196573fe395c5c211b790.jpg,train
datasets\train_on_2025_all\images\GX010666_MP4-0181_jpg.rf.1fcb45b4c62b6b451d72e3486439477e.jpg,train
datasets\train_on_2025_all\images\GX010666_MP4-0182_jpg.rf.8baf7fe782c37fbb5fb614c5cfd6d8e9.jpg,train
datasets\train_on_2025_all\images\GX010666_MP4-0182_jpg.rf.e209c20c67968a60f584769f6495a501.jpg,train
datasets\train_on_2025_all\images\GX010666_MP4-0184_jpg.rf.4fa0ee02a81f8f70bbbeb4ca5582b0ea.jpg,train
datasets\train_on_2025_all\images\GX010666_MP4-0185_jpg.rf.5a2e8cac7f4d033184a3acc15a3a9196.jpg,train
datasets\train_on_2025_all\images\GX010666_MP4-0186_jpg.rf.9ef2417ae4f277ba1e0577b6c9dbe6b7.jpg,train
datasets\train_on_2025_all\images\GX010666_MP4-0187_jpg.rf.5fd44cda6ace0f37958a27b738e8df80.jpg,train
datasets\train_on_2025_all\images\GX010666_MP4-0188_jpg.rf.1c27bd10244da70c4aeda03c725c1573.jpg,train
datasets\train_on_2025_all\images\GX010666_MP4-0188_jpg.rf.da00b8a782eabd4d35cecee82dee7f52.jpg,train
datasets\train_on_2025_all\images\GX010666_MP4-0189_jpg.rf.77fdee90b9a4a11e81201c02af0d2ef9.jpg,train
datasets\train_on_2025_all\images\GX010666_MP4-0190_jpg.rf.fd4c3c03642cc5917d49cde71254dfa7.jpg,train
datasets\train_on_2025_all\images\GX010666_MP4-0191_jpg.rf.fee9b3e22106fe504a576fbc8195d3f3.jpg,train
datasets\train_on_2025_all\images\GX010666_MP4-0192_jpg.rf.cce5dfebfaebc3c33be6646968a7e593.jpg,train
datasets\train_on_2025_all\images\GX010666_MP4-0193_jpg.rf.68ff82daca9be7008b6e505503704940.jpg,train
datasets\train_on_2025_all\images\GX010666_MP4-0194_jpg.rf.0f7d6d56318782aad07b413f4e75908d.jpg,train
datasets\train_on_2025_all\images\GX010666_MP4-0194_jpg.rf.1062958b1c75723d9ec4817507cd9b3a.jpg,train
datasets\train_on_2025_all\images\GX010666_MP4-0196_jpg.rf.1f79210dbb73bd51a960231767d45d8d.jpg,train
datasets\train_on_2025_all\images\GX010666_MP4-0196_jpg.rf.531e2e0e72650d9bbcd215a29aa2b311.jpg,train
datasets\train_on_2025_all\images\GX010666_MP4-0197_jpg.rf.16d2af1c968bc7b892db557680f8e433.jpg,train
datasets\train_on_2025_all\images\GX010666_MP4-0198_jpg.rf.b011c265ff56895e5c19ae7c9f252019.jpg,train
datasets\train_on_2025_all\images\GX010666_MP4-0199_jpg.rf.228ab633bfa62d52a3ec25533b117d6b.jpg,train
datasets\train_on_2025_all\images\GX010666_MP4-0201_jpg.rf.d293cac97db7deb772909bbf501cc2ab.jpg,train
datasets\train_on_2025_all\images\GX010666_MP4-0202_jpg.rf.05c4a3388dd2b03169c95664046b051a.jpg,train
datasets\train_on_2025_all\images\GX010666_MP4-0202_jpg.rf.0f34f63cbc64f1c4102ef818fbb1a577.jpg,train
datasets\train_on_2025_all\images\GX010666_MP4-0203_jpg.rf.0ba39dbd5bea214aa502f333304aac21.jpg,train
datasets\train_on_2025_all\images\GX010666_MP4-0203_jpg.rf.c8720c4d742e6f04e580e268f8fd6880.jpg,train
datasets\train_on_2025_all\images\GX010666_MP4-0204_jpg.rf.cabb4f1801a0b451341c44ca5fd545ee.jpg,train
datasets\train_on_2025_all\images\GX010666_MP4-0206_jpg.rf.fc534f35c8ba7b6314df53377248d722.jpg,train
datasets\train_on_2025_all\images\GX010666_MP4-0207_jpg.rf.391c2af893fa2e8b0a8863aaa13e9adf.jpg,train
datasets\train_on_2025_all\images\GX010666_MP4-0208_jpg.rf.63c4ab67d152de95669dcf8813e98940.jpg,train
datasets\train_on_2025_all\images\GX010666_MP4-0211_jpg.rf.46a82fd8c4358b3016a9898c22f547b8.jpg,train
datasets\train_on_2025_all\images\GX010666_MP4-0211_jpg.rf.73d22322dcc5293b8cdfbd0958b6040e.jpg,train
datasets\train_on_2025_all\images\GX010666_MP4-0212_jpg.rf.60ed6a21b75a73f884561b0550d4b09e.jpg,train
datasets\train_on_2025_all\images\GX010666_MP4-0212_jpg.rf.9b35baf3af0e6966a8be824eaf60fc1d.jpg,train
datasets\train_on_2025_all\images\GX010666_MP4-0213_jpg.rf.3e01db7f7fb7a7fa3a81aeda45283943.jpg,train
datasets\train_on_2025_all\images\GX010666_MP4-0213_jpg.rf.3f37a5a0a36239ebb06fc4dfe704192c.jpg,train
datasets\train_on_2025_all\images\GX010666_MP4-0214_jpg.rf.ddd844e8752a00af32758e4abfe25dc6.jpg,train
datasets\train_on_2025_all\images\GX010666_MP4-0216_jpg.rf.eab982db9819b08c17b7d2ad2d868916.jpg,train
datasets\train_on_2025_all\images\GX010666_MP4-0217_jpg.rf.b2868d406aaa70980ee0db3c1490d585.jpg,train
datasets\train_on_2025_all\images\GX010666_MP4-0217_jpg.rf.b6d5ce03605fba9cec0ae944c6a1a82a.jpg,train
datasets\train_on_2025_all\images\GX010666_MP4-0217_jpg.rf.c0a275675fb869b3a67b6ea9948d3c4c.jpg,train
datasets\train_on_2025_all\images\GX010666_MP4-0218_jpg.rf.03945d15b90f9c82f3c1168683062297.jpg,train
datasets\train_on_2025_all\images\GX010666_MP4-0219_jpg.rf.72344438a4f5ba7d389c2fe2d117887e.jpg,train
datasets\train_on_2025_all\images\GX010666_MP4-0219_jpg.rf.821b03e17a38da7ac301654981fbb814.jpg,train
datasets\train_on_2025_all\images\GX010666_MP4-0220_jpg.rf.9cf9576024ac46ad993febc8c22dc5b7.jpg,train
datasets\train_on_2025_all\images\GX010666_MP4-0224_jpg.rf.f0b5cdca336dc45154ebbef3e1ec88ee.jpg,train
datasets\train_on_2025_all\images\GX010666_MP4-0225_jpg.rf.b552cef35636c0f78a035b1948b318be.jpg,train
datasets\train_on_2025_all\images\GX010666_MP4-0226_jpg.rf.d663bd07e2a2e1f7749622dedc57023b.jpg,train
datasets\train_on_2025_all\images\GX010666_MP4-0233_jpg.rf.4f9c33d60ba89013945822ca407399dd.jpg,train
datasets\train_on_2025_all\images\GX010666_MP4-0233_jpg.rf.ee7adcecef2ecef160d9111c3024a6ee.jpg,train
datasets\train_on_2025_all\images\GX010666_MP4-0235_jpg.rf.a1d9632b71e16a802e2fc8077bad9ef7.jpg,train
datasets\train_on_2025_all\images\GX010666_MP4-0236_jpg.rf.74e9c56ef7b175bf94f54c02e8f82123.jpg,train
datasets\train_on_2025_all\images\GX010666_MP4-0236_jpg.rf.f3e4f768f645fc75869fbd929e47f665.jpg,train
datasets\train_on_2025_all\images\GX010666_MP4-0237_jpg.rf.22f143b0bda972142b3bce3cfe6b1637.jpg,train
datasets\train_on_2025_all\images\GX010666_MP4-0239_jpg.rf.901dfedecf6861e054646134ebd518fc.jpg,train
datasets\train_on_2025_all\images\GX010666_MP4-0242_jpg.rf.c32789f640f8532c307377350792fa03.jpg,train
datasets\train_on_2025_all\images\GX010666_MP4-0242_jpg.rf.c78a4c588922f20b487b5e1713827d17.jpg,train
datasets\train_on_2025_all\images\GX010666_MP4-0242_jpg.rf.fcec15f1c899b21cf8d01d84f7fc36ad.jpg,train
datasets\train_on_2025_all\images\GX010666_MP4-0243_jpg.rf.373368c29a5a8c0855dbba72cb6e2a2c.jpg,train
datasets\train_on_2025_all\images\GX010666_MP4-0243_jpg.rf.f16abb25a1d389b7090c5d682eebc510.jpg,train
datasets\train_on_2025_all\images\GX010666_MP4-0244_jpg.rf.45debb3fcaeb9ac36806a0a54e77ae0b.jpg,train
datasets\train_on_2025_all\images\GX010666_MP4-0248_jpg.rf.38bb7257e89b2483aacaa1f326a50358.jpg,train
datasets\train_on_2025_all\images\GX010666_MP4-0248_jpg.rf.980302a77336dd4ffe4b6092f93e5946.jpg,train
datasets\train_on_2025_all\images\GX010666_MP4-0250_jpg.rf.0b4951af536755e383522f7c7ef7b5fd.jpg,train
datasets\train_on_2025_all\images\GX010666_MP4-0250_jpg.rf.330cb86eac42bf24caeef5331b546149.jpg,train
datasets\train_on_2025_all\images\GX010666_MP4-0251_jpg.rf.95d61e551c54bfd400be370dbfc114fc.jpg,train
datasets\train_on_2025_all\images\GX010666_MP4-0252_jpg.rf.8843daba6b5f00b3e54b149e6677ceba.jpg,train
datasets\train_on_2025_all\images\GX010666_MP4-0253_jpg.rf.ecd4e0000fdc5152fc73ffc3e3e91cd3.jpg,train
datasets\train_on_2025_all\images\GX010666_MP4-0256_jpg.rf.a75c171a6e098e032eba47a2d3428d00.jpg,train
datasets\train_on_2025_all\images\GX010666_MP4-0256_jpg.rf.bd58a65411b599f9dbf37deb4de16f77.jpg,train
datasets\train_on_2025_all\images\GX010666_MP4-0257_jpg.rf.bd5cbe9c837f7f365346f89ff6c17a76.jpg,train
datasets\train_on_2025_all\images\GX010666_MP4-0258_jpg.rf.c723f6b46b891d222ce3a64bc0514fa9.jpg,train
datasets\train_on_2025_all\images\GX010666_MP4-0259_jpg.rf.9d5287ab3b91132861e8a633787c7ede.jpg,train
datasets\train_on_2025_all\images\GX010666_MP4-0259_jpg.rf.b35daf3075eb23a5ee1bec3e101dde2b.jpg,train
datasets\train_on_2025_all\images\GX010666_MP4-0260_jpg.rf.b73e23de496afd12018854489edccd82.jpg,train
datasets\train_on_2025_all\images\GX010666_MP4-0261_jpg.rf.edea7f342799144967065f941a5a9ec4.jpg,train
datasets\train_on_2025_all\images\GX010666_MP4-0262_jpg.rf.1a748f3725ff6d37f2c3e62ef85441d3.jpg,train
datasets\train_on_2025_all\images\GX010666_MP4-0262_jpg.rf.9d0a09a8700244744c1202f0699fa64d.jpg,train
datasets\train_on_2025_all\images\GX010666_MP4-0265_jpg.rf.2263a2fa2eb4017037859c64dd23f925.jpg,train
datasets\train_on_2025_all\images\GX010666_MP4-0267_jpg.rf.676fa23503f3e55a7b79a7b369c19cc1.jpg,train
datasets\train_on_2025_all\images\GX010666_MP4-0268_jpg.rf.d5da69f60fcd6e9edb4d064b776a4ed8.jpg,train
datasets\train_on_2025_all\images\GX010666_MP4-0271_jpg.rf.49bb0c7b2db0cb00b3e69b63f17781c6.jpg,train
datasets\train_on_2025_all\images\GX010666_MP4-0272_jpg.rf.41b7fc9c93b3a473fff1731e8b82212a.jpg,train
datasets\train_on_2025_all\images\GX010666_MP4-0281_jpg.rf.4cfb76d007bcc2508762bdbe345a61f3.jpg,train
datasets\train_on_2025_all\images\GX010666_MP4-0281_jpg.rf.5c62fa6f13a8f801e2e641e7b831aa44.jpg,train
datasets\train_on_2025_all\images\GX010666_MP4-0281_jpg.rf.f74f3beaf729a406e0a3582b92002588.jpg,train
datasets\train_on_2025_all\images\GX010666_MP4-0282_jpg.rf.010de7125387bf2c4b58aa356e762124.jpg,train
datasets\train_on_2025_all\images\GX010666_MP4-0283_jpg.rf.c850cb0909ff3d2c54e1697b8c2a8cc4.jpg,train
datasets\train_on_2025_all\images\GX010666_MP4-0286_jpg.rf.188746edd256d352cbcda4c4068236dc.jpg,train
datasets\train_on_2025_all\images\GX010666_MP4-0287_jpg.rf.254808ae9b297e8007157f0f17e20879.jpg,train
datasets\train_on_2025_all\images\GX010666_MP4-0287_jpg.rf.3a728097d1fb67ddf5248d946b7c64f9.jpg,train
datasets\train_on_2025_all\images\GX010666_MP4-0289_jpg.rf.de4ebda1fbb691af5aaed9cfd2f8b50a.jpg,train
datasets\train_on_2025_all\images\GX010666_MP4-0298_jpg.rf.4fcdd278799a00e4c5c81857fecacd41.jpg,train
datasets\train_on_2025_all\images\GX010666_MP4-0300_jpg.rf.a62d07d669a06e36ef4cda2e26293e1b.jpg,train
datasets\train_on_2025_all\images\GX010666_MP4-0300_jpg.rf.e03031aaf73217325382256572c1f6fc.jpg,train
datasets\train_on_2025_all\images\GX010666_MP4-0301_jpg.rf.c5a72c0c597cb53e742d725765181165.jpg,train
datasets\train_on_2025_all\images\GX010666_MP4-0302_jpg.rf.fe91c308598096d2c5068267830d41ab.jpg,train
datasets\train_on_2025_all\images\GX010666_MP4-0304_jpg.rf.34a8fd8ee8ef8c92a0964962c5815099.jpg,train
datasets\train_on_2025_all\images\GX010666_MP4-0305_jpg.rf.ab108c990177ac5837aab9b46490ea21.jpg,train
datasets\train_on_2025_all\images\GX010666_MP4-0306_jpg.rf.86fa0ac0caf195213ce0fae4faa896ea.jpg,train
datasets\train_on_2025_all\images\GX010666_MP4-0309_jpg.rf.3777c15f4194cc29572b1f9e5bd833dc.jpg,train
datasets\train_on_2025_all\images\GX010666_MP4-0309_jpg.rf.84646b315ebed512e500219ee6e561cd.jpg,train
datasets\train_on_2025_all\images\GX010666_MP4-0309_jpg.rf.c5f16fa700fc69067807134cc74d7564.jpg,train
datasets\train_on_2025_all\images\GX010666_MP4-0312_jpg.rf.06bcd13928296c190d713784af585dfe.jpg,train
datasets\train_on_2025_all\images\GX010666_MP4-0312_jpg.rf.41a55ec393ce8c33e3ae958969a05685.jpg,train
datasets\train_on_2025_all\images\GX010666_MP4-0312_jpg.rf.73c0df0f9408768820c741cdae3c469c.jpg,train
datasets\train_on_2025_all\images\GX010666_MP4-0313_jpg.rf.77d7c963fb32634a7720c106eaca7c26.jpg,train
datasets\train_on_2025_all\images\GX010666_MP4-0313_jpg.rf.81e7e6c8c29f5f25e422f310253c7eb8.jpg,train
datasets\train_on_2025_all\images\GX010666_MP4-0313_jpg.rf.e0cac2733ea96368f73fb4622db330f3.jpg,train
datasets\train_on_2025_all\images\GX010666_MP4-0317_jpg.rf.12510ee19fa93a8679df3a3d793fd13d.jpg,train
datasets\train_on_2025_all\images\GX010666_MP4-0318_jpg.rf.47803a7d9adf183bd1a83d34abbc7475.jpg,train
datasets\train_on_2025_all\images\GX010666_MP4-0319_jpg.rf.9486b8bc949ad2634445610e6c943f65.jpg,train
datasets\train_on_2025_all\images\GX010666_MP4-0320_jpg.rf.8acb5665af136f13a0f8e38bfa2237fc.jpg,train
datasets\train_on_2025_all\images\GX010666_MP4-0331_jpg.rf.1233d1e0e8af3d19563a00b3f225f920.jpg,train
datasets\train_on_2025_all\images\GX010666_MP4-0331_jpg.rf.8ce37774b8a202299785469d139f11fe.jpg,train
datasets\train_on_2025_all\images\GX010666_MP4-0333_jpg.rf.c1181e80f44cd7421284f172d4366d34.jpg,train
datasets\train_on_2025_all\images\GX010666_MP4-0335_jpg.rf.3a2df5f570fbd04ab6744b17bf6f2716.jpg,train
datasets\train_on_2025_all\images\GX010666_MP4-0335_jpg.rf.a6573a88eab21394f2518d824f8aeefa.jpg,train
datasets\train_on_2025_all\images\GX010666_MP4-0336_jpg.rf.16dd18bb6b71e6bf8b7ecff86f1709dd.jpg,train
datasets\train_on_2025_all\images\GX010666_MP4-0337_jpg.rf.706a9429d7612ea5a0fcbb14b695000a.jpg,train
datasets\train_on_2025_all\images\GX010666_MP4-0338_jpg.rf.3799b261db8a0e481ab985c6b41772e3.jpg,train
datasets\train_on_2025_all\images\GX010666_MP4-0340_jpg.rf.f99ca3971d0e767c945f365f5aec6173.jpg,train
datasets\train_on_2025_all\images\GX010666_MP4-0341_jpg.rf.f7076ba6c37fb692c9412f6673e309ec.jpg,train
datasets\train_on_2025_all\images\GX010666_MP4-0342_jpg.rf.ea13702411ac8ef065586fc5b33262c9.jpg,train
datasets\train_on_2025_all\images\GX010666_MP4-0343_jpg.rf.42c596e94cb24c3f9c0ff7aa037a526f.jpg,train
datasets\train_on_2025_all\images\GX010666_MP4-0343_jpg.rf.6d5bab6b2fa9ae2b2d9236dd90bd6982.jpg,train
datasets\train_on_2025_all\images\GX010666_MP4-0344_jpg.rf.4ec79e127aefd1e77200aea2b2f757f0.jpg,train
datasets\train_on_2025_all\images\GX010666_MP4-0344_jpg.rf.bfc00b08b1bc368bf4dc7dc682e9196b.jpg,train
datasets\train_on_2025_all\images\GX010667_MP4-0009_jpg.rf.a109c582e200606986f6d9d7ed8353c1.jpg,train
datasets\train_on_2025_all\images\GX010667_MP4-0009_jpg.rf.be62cedd2851a4ee09e90a9c206fcbb6.jpg,train
datasets\train_on_2025_all\images\GX010667_MP4-0010_jpg.rf.2339ac84bb05cc17bc12d58c74d07574.jpg,train
datasets\train_on_2025_all\images\GX010667_MP4-0010_jpg.rf.e0bff1a934fa0d817a1a773a4381100e.jpg,train
datasets\train_on_2025_all\images\GX010667_MP4-0011_jpg.rf.9d1b9718e0e09a46f3ec366270f314f0.jpg,train
datasets\train_on_2025_all\images\GX010667_MP4-0012_jpg.rf.a219f495bc6f590cba43985b124d3d30.jpg,train
datasets\train_on_2025_all\images\GX010667_MP4-0014_jpg.rf.129ad06866cb9f50ac07122c202f1c22.jpg,train
datasets\train_on_2025_all\images\GX010667_MP4-0015_jpg.rf.3083a49874302846d461d771adbbb845.jpg,train
datasets\train_on_2025_all\images\GX010667_MP4-0018_jpg.rf.9ac0559f6e07f9a599fbb572e16cf1aa.jpg,train
datasets\train_on_2025_all\images\GX010667_MP4-0018_jpg.rf.e3a75c20a7b4a074084272a751b43dea.jpg,train
datasets\train_on_2025_all\images\GX010667_MP4-0019_jpg.rf.1274dbd03aff9f492ff0f8962920b567.jpg,train
datasets\train_on_2025_all\images\GX010667_MP4-0019_jpg.rf.afdd20519d3151812172c412e7565c5c.jpg,train
datasets\train_on_2025_all\images\GX010667_MP4-0019_jpg.rf.f615b8576124222ebc5efae82a86c284.jpg,train
datasets\train_on_2025_all\images\GX010667_MP4-0020_jpg.rf.4b0363ce25ffc700725019bf383e4024.jpg,train
datasets\train_on_2025_all\images\GX010667_MP4-0027_jpg.rf.a629e2c201978d3395415ff2cb12e711.jpg,train
datasets\train_on_2025_all\images\GX010667_MP4-0028_jpg.rf.075573af8e33444021e6a85b1a534cbe.jpg,train
datasets\train_on_2025_all\images\GX010667_MP4-0029_jpg.rf.27332be298417955f497aca231e2bfe8.jpg,train
datasets\train_on_2025_all\images\GX010667_MP4-0029_jpg.rf.51387df2dbc16688e5eb2869c7eb7fa7.jpg,train
datasets\train_on_2025_all\images\GX010667_MP4-0030_jpg.rf.6a8df5780107e92f73e6b86f7b4e22bc.jpg,train
datasets\train_on_2025_all\images\GX010667_MP4-0030_jpg.rf.ace180d128b42f8d2a3a82cae718b306.jpg,train
datasets\train_on_2025_all\images\GX010667_MP4-0031_jpg.rf.1dfd53e7cd8f7a21f6f0aef52ede9984.jpg,train
datasets\train_on_2025_all\images\GX010667_MP4-0031_jpg.rf.40ff59eb6ca6bdd24c7ba0264e986b98.jpg,train
datasets\train_on_2025_all\images\GX010667_MP4-0032_jpg.rf.c00156a52dfca8118a51fb7121511bdb.jpg,train
datasets\train_on_2025_all\images\GX010667_MP4-0033_jpg.rf.108aae399f3d12aa628c9e87b7ae2d64.jpg,train
datasets\train_on_2025_all\images\GX010667_MP4-0033_jpg.rf.4ff3b9f2e18e6e98dc5fcffbcda70eee.jpg,train
datasets\train_on_2025_all\images\GX010667_MP4-0033_jpg.rf.e837083c99c74841ff84af382f7f47bb.jpg,train
datasets\train_on_2025_all\images\GX010667_MP4-0035_jpg.rf.b6c5b72b97e2ac9b6531d6d421fe6e70.jpg,train
datasets\train_on_2025_all\images\GX010667_MP4-0037_jpg.rf.5ed362c53f434220bbae869846478248.jpg,train
datasets\train_on_2025_all\images\GX010667_MP4-0037_jpg.rf.8761695133d5c3146a86fc45bbe8a787.jpg,train
datasets\train_on_2025_all\images\GX010667_MP4-0040_jpg.rf.d820e8ced5250cf63e279b01e6d7eb46.jpg,train
datasets\train_on_2025_all\images\GX010667_MP4-0042_jpg.rf.67d0b052b5f5941ccaaf31ec863ed0c5.jpg,train
datasets\train_on_2025_all\images\GX010667_MP4-0043_jpg.rf.2b629a651c77459c4793ec386bdee9e8.jpg,train
datasets\train_on_2025_all\images\GX010667_MP4-0044_jpg.rf.05780a88b3d0708ff9429804fa7ac7c5.jpg,train
datasets\train_on_2025_all\images\GX010667_MP4-0044_jpg.rf.2232efe2174e7781f06f88975723f7d5.jpg,train
datasets\train_on_2025_all\images\GX010667_MP4-0044_jpg.rf.e8b24d5738acbc69d3a07ce60690b818.jpg,train
datasets\train_on_2025_all\images\GX010667_MP4-0045_jpg.rf.80ad063bb594d34391755925f0515207.jpg,train
datasets\train_on_2025_all\images\GX010668_MP4-0008_jpg.rf.a6a489c56ce85cfa0bbfadc8aacaf631.jpg,train
datasets\train_on_2025_all\images\GX010668_MP4-0008_jpg.rf.bfe335ef5e8e8ab498cacce29a552436.jpg,train
datasets\train_on_2025_all\images\GX010668_MP4-0010_jpg.rf.cd0d6360663ee505ad23b6789e941256.jpg,train
datasets\train_on_2025_all\images\GX010668_MP4-0011_jpg.rf.2fd7d2c9a943391c92fd291dd546bc9e.jpg,train
datasets\train_on_2025_all\images\GX010668_MP4-0019_jpg.rf.0700c79cf4896ce6b4639051d82f027b.jpg,train
datasets\train_on_2025_all\images\GX010668_MP4-0019_jpg.rf.6ac15043b5f259806c873c5e8ac695d4.jpg,train
datasets\train_on_2025_all\images\GX010668_MP4-0020_jpg.rf.25733a8da806e157af0a70fcfd1964eb.jpg,train
datasets\train_on_2025_all\images\GX010668_MP4-0020_jpg.rf.79c8d2c2a582eeadaedef7dce09798bc.jpg,train
datasets\train_on_2025_all\images\GX010668_MP4-0021_jpg.rf.b981eca4b0edec4e1c2bc4db0437d2ae.jpg,train
datasets\train_on_2025_all\images\GX010668_MP4-0022_jpg.rf.f0c4104b9cde5591ac2e1fec571ff046.jpg,train
datasets\train_on_2025_all\images\GX010668_MP4-0028_jpg.rf.20ecb8ddd11bc97ee4e01d5a6789bfa8.jpg,train
datasets\train_on_2025_all\images\GX010668_MP4-0029_jpg.rf.3396c045a0d00460f4711530d9f4b00e.jpg,train
datasets\train_on_2025_all\images\GX010668_MP4-0029_jpg.rf.a7f955d3a8af8ecd50b5eb56c8a2221e.jpg,train
datasets\train_on_2025_all\images\GX010668_MP4-0032_jpg.rf.e8fc2dd98912913a94c25f1c5c89102d.jpg,train
datasets\train_on_2025_all\images\GX010668_MP4-0035_jpg.rf.3f0c2e1b5ff20fae277c1d112cda3252.jpg,train
datasets\train_on_2025_all\images\GX010668_MP4-0035_jpg.rf.fc7b066af1640282d5617a2eb5ba582a.jpg,train
datasets\train_on_2025_all\images\GX010668_MP4-0036_jpg.rf.112d4ad82a4f29f5f41471b4d291522c.jpg,train
datasets\train_on_2025_all\images\GX010668_MP4-0036_jpg.rf.9a501206f9c6669a56fc50da46f7dd20.jpg,train
datasets\train_on_2025_all\images\GX010668_MP4-0039_jpg.rf.060990918c2661e7cb1f6f10728cf61d.jpg,train
datasets\train_on_2025_all\images\GX010668_MP4-0039_jpg.rf.28e79bcb92b7ce8df51ff9d6d695a21c.jpg,train
datasets\train_on_2025_all\images\GX010668_MP4-0039_jpg.rf.9854f682c056e2bdeb7beacbc3098895.jpg,train
datasets\train_on_2025_all\images\GX010668_MP4-0040_jpg.rf.4022e52e2a91615ed75d3d2ac1ac61c8.jpg,train
datasets\train_on_2025_all\images\GX010668_MP4-0040_jpg.rf.432371492a25bc43b9f647d664618f24.jpg,train
datasets\train_on_2025_all\images\GX010668_MP4-0040_jpg.rf.9915599d592171ae52130f2ff6184272.jpg,train
datasets\train_on_2025_all\images\GX010668_MP4-0041_jpg.rf.0eabd2885454da759586a753eef31a8c.jpg,train
datasets\train_on_2025_all\images\GX010668_MP4-0043_jpg.rf.305437c2c5f0f0c4d4fe71226ad334b7.jpg,train
datasets\train_on_2025_all\images\GX010668_MP4-0043_jpg.rf.7d2fa3c8f1164c0b4f505eb6b0c582a5.jpg,train
datasets\train_on_2025_all\images\GX010668_MP4-0044_jpg.rf.c785095c25da94657ed954d7f2efea35.jpg,train
datasets\train_on_2025_all\images\GX010668_MP4-0044_jpg.rf.d861e37d767ab8c44714b949e7516e04.jpg,train
datasets\train_on_2025_all\images\GX010668_MP4-0046_jpg.rf.33b78a8a1afa9ed88fb72f538ff2138c.jpg,train
datasets\train_on_2025_all\images\GX010668_MP4-0048_jpg.rf.01e03de86c52add316aac39fd3d8c641.jpg,train
datasets\train_on_2025_all\images\GX010668_MP4-0048_jpg.rf.809bba437ca3556388135b67ddb0aec1.jpg,train
datasets\train_on_2025_all\images\GX010668_MP4-0049_jpg.rf.494b1c44f431ac05440950b5565d1a8e.jpg,train
datasets\train_on_2025_all\images\GX010668_MP4-0050_jpg.rf.9e52cc13b797640ad19763b755d82c5b.jpg,train
datasets\train_on_2025_all\images\GX010668_MP4-0050_jpg.rf.d0ed6442072ffb2f0ea642fd4efb62b0.jpg,train
datasets\train_on_2025_all\images\GX010668_MP4-0052_jpg.rf.f79cce009715e294f3a624a19d3ff4b3.jpg,train
datasets\train_on_2025_all\images\GX010668_MP4-0055_jpg.rf.61cf2b75fd7fc0e3ac04d173ee79fab5.jpg,train
