image_path,selection_order,distance_at_selection
datasets/train_on_2025_all\images\GX010665_MP4-0058_jpg.rf.5c0564a8e5c285db8301e4375735d605.jpg,1,0.7814010700283496
datasets/train_on_2025_all\val\images\GX010665_MP4-0216_jpg.rf.c85471c96f32f29a4552998a0bfef644.jpg,2,0.716202312214671
datasets/train_on_2025_all\images\frame_00075_jpg.rf.b107b6ee16660b3db586b8f6ebd09bc2.jpg,3,0.616096747190942
datasets/train_on_2025_all\images\GX010666_MP4-0318_jpg.rf.cc3401eab550f515237c4a149337f7c6.jpg,4,0.593168106856643
datasets/train_on_2025_all\images\frame_00092_jpg.rf.50af9ccb7b23d7c46f51719eecb59d92.jpg,5,0.5896231540886725
datasets/train_on_2025_all\images\frame_00121_jpg.rf.59d11ebbdabc1a39a7a4dd9fef0fbf7a.jpg,6,0.570328799217118
datasets/train_on_2025_all\images\GX010666_MP4-0023_jpg.rf.c4503222feffe11366cec7c3faf0e871.jpg,7,0.5693371366944846
datasets/train_on_2025_all\images\GX010665_MP4-0219_jpg.rf.f8f5dec2b39549188238cb8f2c12bd76.jpg,8,0.5637267108806875
datasets/train_on_2025_all\images\frame_00156_jpg.rf.fe3e3c7adb29b1d9031f8997b5050430.jpg,9,0.5355774184831339
datasets/train_on_2025_all\images\GX010666_MP4-0178_jpg.rf.d552a067f5d78ef0949e2259b0a93d21.jpg,10,0.5325530001599275
datasets/train_on_2025_all\val\images\frame_00108_jpg.rf.547d677e4d03df343ea35285be507920.jpg,11,0.5160338658402672
datasets/train_on_2025_all\images\frame_00130_jpg.rf.ff104f60aebfddfecbfe5a5b4f2eb169.jpg,12,0.514359474661373
datasets/train_on_2025_all\images\frame_00028_jpg.rf.ca671a6b78e864c17c1444fdf695dfb2.jpg,13,0.4975320899444847
datasets/train_on_2025_all\images\GX010666_MP4-0131_jpg.rf.6291ba1b5d270531bbcc5d8de8f0ad57.jpg,14,0.4941830926730153
datasets/train_on_2025_all\val\images\frame_00035_jpg.rf.9dc37fccda377dbb0af4263476b4c604.jpg,15,0.4914758641673423
datasets/train_on_2025_all\images\GX010666_MP4-0306_jpg.rf.510bdd4e207497a225938f10e6227a3c.jpg,16,0.48818067273205984
datasets/train_on_2025_all\images\frame_00079_jpg.rf.4ff520ddb3af10ad0b92b5954946d874.jpg,17,0.4865833724327107
datasets/train_on_2025_all\images\frame_00212_jpg.rf.1d1b2f52634e7452db6072bc283bc5cb.jpg,18,0.4811412605821842
datasets/train_on_2025_all\images\GX010667_MP4-0043_jpg.rf.a9851615b8188821fad580948a8b72ce.jpg,19,0.474528117542942
datasets/train_on_2025_all\images\frame_00135_jpg.rf.6c7f167fa13ebf875aa8ae86deb388ec.jpg,20,0.4745176344760732
datasets/train_on_2025_all\images\GX010665_MP4-0257_jpg.rf.807ed4e24728f0d1b080153c9b6e52e4.jpg,21,0.4688379760694742
datasets/train_on_2025_all\images\frame_00005_jpg.rf.ce60b95c400ab73280a4d974431fbdf8.jpg,22,0.46840495894859063
datasets/train_on_2025_all\images\GX010665_MP4-0103_jpg.rf.6c308f1995c3afe5b597a2c45fcc1da3.jpg,23,0.46580820202579526
datasets/train_on_2025_all\images\frame_00009_jpg.rf.af500b7865630015723c330f6e8d729c.jpg,24,0.4621394726230606
datasets/train_on_2025_all\images\frame_00037_jpg.rf.a984f285d5a95f79aecb04db41693455.jpg,25,0.4613154484114567
datasets/train_on_2025_all\images\GX010668_MP4-0008_jpg.rf.bfe335ef5e8e8ab498cacce29a552436.jpg,26,0.4607674395449974
datasets/train_on_2025_all\val\images\frame_00022_jpg.rf.065eb516b074d3d3f970d92b5bc8e3a4.jpg,27,0.4559470335637226
datasets/train_on_2025_all\images\frame_00029_jpg.rf.89013e8d6bdeca0fb11abb6e3368f38d.jpg,28,0.4552634145625852
datasets/train_on_2025_all\val\images\frame_00087_jpg.rf.2273da68fbc6530498bbf110cf5cf414.jpg,29,0.44675588047101594
datasets/train_on_2025_all\images\frame_00116_jpg.rf.a98bec3a4f672c9b1f94cc8b5003d50c.jpg,30,0.4430552788948279
datasets/train_on_2025_all\images\frame_00086_jpg.rf.38d25f6e9238641c8f3f68a1dcd0feba.jpg,31,0.4428830378027118
datasets/train_on_2025_all\images\GX010666_MP4-0212_jpg.rf.19549f12fd0e2cd6281795abb0313beb.jpg,32,0.44185145985281726
datasets/train_on_2025_all\images\frame_00005_jpg.rf.036a737ef8862a76891fa078924bebd0.jpg,33,0.4417761999216503
datasets/train_on_2025_all\images\frame_00002_jpg.rf.c133fc4781eee7587233f43432fbbbf5.jpg,34,0.44038812205150485
datasets/train_on_2025_all\images\GX010666_MP4-0283_jpg.rf.ab26b4198daea1f5ebc1ed411cfc8b65.jpg,35,0.4353153331857513
datasets/train_on_2025_all\images\GX010665_MP4-0023_jpg.rf.99e1944223240057a64b80a8bb7f6a00.jpg,36,0.4347565994122787
datasets/train_on_2025_all\val\images\GX010665_MP4-0241_jpg.rf.244c945f5cf7ac04c9521da67e143662.jpg,37,0.4345217524650137
datasets/train_on_2025_all\val\images\frame_00033_jpg.rf.2c6188cc5738ae3b630475fc7d2e6a86.jpg,38,0.4330424177427379
datasets/train_on_2025_all\val\images\frame_00108_jpg.rf.2797dccb22f0cec7fc8ede551c2364e4.jpg,39,0.43186935998601134
datasets/train_on_2025_all\images\GX010665_MP4-0116_jpg.rf.0a6651813d76b66c91b5481603b60d2d.jpg,40,0.42853140195238154
datasets/train_on_2025_all\images\frame_00093_jpg.rf.ef88df0205a9e04078fbea973180aabb.jpg,41,0.426538436393815
datasets/train_on_2025_all\images\frame_00079_jpg.rf.8ae3de75adbf2bdb21e38c77910f3c85.jpg,42,0.4242843745812055
datasets/train_on_2025_all\val\images\frame_00075_jpg.rf.fa3744e744223ca729ccec8e9e9d402d.jpg,43,0.42415457087422015
datasets/train_on_2025_all\images\frame_00017_jpg.rf.af5669c1e03e8911783bbead0f991dd5.jpg,44,0.4209688940526821
datasets/train_on_2025_all\images\frame_00016_jpg.rf.cd8d3275b870b281a9d7025cbdfab499.jpg,45,0.4186051890538332
datasets/train_on_2025_all\images\frame_00109_jpg.rf.ab809a5bfd374d01ed63e215a16bbac8.jpg,46,0.41781968689985544
datasets/train_on_2025_all\images\frame_00020_jpg.rf.caafb26e8a57990923665e1de57b27b7.jpg,47,0.4176094995134798
datasets/train_on_2025_all\images\frame_00069_jpg.rf.6dcacf50b049b0c3eab8e1c6a11e718e.jpg,48,0.41727620242721986
datasets/train_on_2025_all\images\frame_00148_jpg.rf.f07c1d6e969fbc2600579f50c395ce27.jpg,49,0.41513253357428076
datasets/train_on_2025_all\images\GX010666_MP4-0317_jpg.rf.12510ee19fa93a8679df3a3d793fd13d.jpg,50,0.4141664047119885
datasets/train_on_2025_all\images\GX010664_MP4-0037_jpg.rf.83bdfea8ef24d8cd9aa86aa7ac828ca8.jpg,51,0.41363300488231747
datasets/train_on_2025_all\images\frame_00042_jpg.rf.753ae542b943c4548cfa1c1946e44bab.jpg,52,0.40978830485642215
datasets/train_on_2025_all\images\frame_00044_jpg.rf.c788ac9808c921921381e46c94680815.jpg,53,0.40902969042218207
datasets/train_on_2025_all\images\frame_00063_jpg.rf.d8ec640f728839c3a5273bd262498b22.jpg,54,0.4073316005023286
datasets/train_on_2025_all\val\images\frame_00166_jpg.rf.bcd08ef701bd176e14af51da16a1a659.jpg,55,0.4068484167603262
datasets/train_on_2025_all\images\GX010666_MP4-0182_jpg.rf.588dbf4cfd7db242b47f3d6ec0e111ab.jpg,56,0.40649030193914226
datasets/train_on_2025_all\images\GX010666_MP4-0021_jpg.rf.30c1cd81b0c1c1b7d3c98202b1169668.jpg,57,0.40629142389699224
datasets/train_on_2025_all\images\frame_00038_jpg.rf.089b70690c918d4a8831c2f12dd1aec7.jpg,58,0.40510789196706853
datasets/train_on_2025_all\images\frame_00025_jpg.rf.228dcf1d9ef935d3b90a95aaf7991ea6.jpg,59,0.40406072303776885
datasets/train_on_2025_all\images\frame_00060_jpg.rf.9b4fb6783022ba1eb6092e21fa446b94.jpg,60,0.40320052415635904
datasets/train_on_2025_all\images\GX010666_MP4-0242_jpg.rf.fcec15f1c899b21cf8d01d84f7fc36ad.jpg,61,0.4021485504363967
datasets/train_on_2025_all\images\frame_00095_jpg.rf.bba0cc34425cbd919b74e3322c8695d5.jpg,62,0.4019017984167714
datasets/train_on_2025_all\images\frame_00047_jpg.rf.19beaf312e62be29bf7d4c3cd171c961.jpg,63,0.3999613329265555
datasets/train_on_2025_all\val\images\frame_00132_jpg.rf.d1397d38caa75a77d8db080b7d01d67b.jpg,64,0.3996558177995672
datasets/train_on_2025_all\images\frame_00098_jpg.rf.ddb4874e1fb31104eab5a006623ff744.jpg,65,0.3982862894977618
datasets/train_on_2025_all\images\frame_00085_jpg.rf.f2f0bb961fb7a62c4d472356c8f06666.jpg,66,0.3958282840295759
datasets/train_on_2025_all\images\frame_00043_jpg.rf.bfcef015bff0a73ab5c80ef3b9df823f.jpg,67,0.3951318180709827
datasets/train_on_2025_all\images\frame_00079_jpg.rf.fcd18ebd156210f139b9ab564b46febb.jpg,68,0.39483972300032705
datasets/train_on_2025_all\images\GX010666_MP4-0200_jpg.rf.c3a9e9170c77a8dcb74e165d528ef0c2.jpg,69,0.39464326768720837
datasets/train_on_2025_all\val\images\frame_00093_jpg.rf.1208dc6839eeee15348cb84900a2f2ae.jpg,70,0.39445858712296816
datasets/train_on_2025_all\images\frame_00007_jpg.rf.2c644dbeadfda868a6c6d6ca5c29f6eb.jpg,71,0.39132464582999676
datasets/train_on_2025_all\images\GX010666_MP4-0247_jpg.rf.23ab8a02e173d3d91b3a35158c52de5b.jpg,72,0.39071189048850713
datasets/train_on_2025_all\images\GX010664_MP4-0102_jpg.rf.b08312a2a6beb58d484a463e114e90f0.jpg,73,0.38846366187594306
datasets/train_on_2025_all\images\frame_00082_jpg.rf.9920e1bedaa7dd9207dc7f087f0a1ced.jpg,74,0.386771132777804
datasets/train_on_2025_all\images\frame_00035_jpg.rf.77081af4b19d9c287fc1e726f68d0b80.jpg,75,0.38646846459955475
datasets/train_on_2025_all\images\frame_00176_jpg.rf.d168c951ef8524eff79ca36a31480391.jpg,76,0.38634626907225034
datasets/train_on_2025_all\images\frame_00081_jpg.rf.1c444e2c1adb09a3da6657ae99710a30.jpg,77,0.3826880968390273
datasets/train_on_2025_all\images\GX010664_MP4-0039_jpg.rf.2db375ea0ec389c5d644ea589d848ed5.jpg,78,0.38221229142576474
datasets/train_on_2025_all\images\frame_00143_jpg.rf.bb8c1ab3dd97c075079159c0eef48a40.jpg,79,0.38141908356656484
datasets/train_on_2025_all\images\frame_00066_jpg.rf.decdb418c3d75c21af81ce42b7118e38.jpg,80,0.38086482992942106
datasets/train_on_2025_all\images\GX010666_MP4-0191_jpg.rf.324cc4ef7acc4e585c61ae7e69123ac3.jpg,81,0.38060114745154494
datasets/train_on_2025_all\images\frame_00038_jpg.rf.9b85f4e7fa2ffb3ae4ee0c83ccf10172.jpg,82,0.380561491133358
datasets/train_on_2025_all\val\images\frame_00121_jpg.rf.8a9e244fc34382b707f3c5c5eecf2876.jpg,83,0.380400317148175
datasets/train_on_2025_all\images\frame_00162_jpg.rf.a0b8fc0b959c1be41342a34599accc46.jpg,84,0.380335812527316
datasets/train_on_2025_all\val\images\frame_00025_jpg.rf.047c08acd90f273eabff6c6289aaf987.jpg,85,0.38006742649302955
datasets/train_on_2025_all\images\frame_00129_jpg.rf.bf4a18c686bb69c1caa498bc9e4cb8e1.jpg,86,0.37683009818246843
datasets/train_on_2025_all\images\GX010666_MP4-0091_jpg.rf.72492f592e957fe2702cb9cf8068903b.jpg,87,0.37662515617754494
datasets/train_on_2025_all\images\frame_00200_jpg.rf.3306beb64c7f86100c5b2509b7ee5734.jpg,88,0.37662515617754494
datasets/train_on_2025_all\images\GX010665_MP4-0266_jpg.rf.723b871b18890719dd376095fd59f962.jpg,89,0.376473379511918
datasets/train_on_2025_all\images\GX010666_MP4-0171_jpg.rf.5892df0c9b680b17d687a289dc7bf3fd.jpg,90,0.37588508695810613
datasets/train_on_2025_all\val\images\frame_00210_jpg.rf.43980e32aa727d8a0413ee87c98193b6.jpg,91,0.37569282082970273
datasets/train_on_2025_all\images\frame_00095_jpg.rf.e5026536e80db2dad3e166f73c9b8c97.jpg,92,0.37566070901275
datasets/train_on_2025_all\images\frame_00114_jpg.rf.4843d2de7385c3146e1425f690b26d0b.jpg,93,0.3753547661760215
datasets/train_on_2025_all\images\frame_00088_jpg.rf.e9378952f52cfdeb79796f81477908e3.jpg,94,0.3740370849756927
datasets/train_on_2025_all\images\frame_00023_jpg.rf.6d659c188c4c9211ce5b062ec76ed9ce.jpg,95,0.3733524526307132
datasets/train_on_2025_all\images\GX010665_MP4-0134_jpg.rf.b13059bc41014669614fae18160fa79c.jpg,96,0.373327353748772
datasets/train_on_2025_all\images\frame_00080_jpg.rf.4db069dc879101cec5e3458542ce7731.jpg,97,0.3731599406084249
datasets/train_on_2025_all\images\GX010666_MP4-0005_jpg.rf.9219df7b4228f1797f443045d37f4cf7.jpg,98,0.37306466934508514
datasets/train_on_2025_all\val\images\GX010666_MP4-0226_jpg.rf.a25b817a88b60d64dd234311037c60e7.jpg,99,0.37282484521482684
datasets/train_on_2025_all\images\frame_00111_jpg.rf.2a1796c2dd010a8cccc02a015c649fb2.jpg,100,0.37257748434844074
datasets/train_on_2025_all\images\frame_00025_jpg.rf.583c7d416d4baf248ff0678e0df47a9d.jpg,101,0.37253959814028476
datasets/train_on_2025_all\images\GX010666_MP4-0124_jpg.rf.0b236bafc24dbef9a26048c9eb207d65.jpg,102,0.3715761352323783
datasets/train_on_2025_all\images\frame_00014_jpg.rf.c4e6a8b6f4bd3f38ea22abe07ec20dce.jpg,103,0.37157073843278493
datasets/train_on_2025_all\images\frame_00012_jpg.rf.0f81f75d47a2023ae72f9bfacffec0f1.jpg,104,0.3710420229744088
datasets/train_on_2025_all\images\frame_00008_jpg.rf.ad138de2472f10d072daac70fb4d56ba.jpg,105,0.3705782515046546
datasets/train_on_2025_all\images\frame_00014_jpg.rf.09f752e73efd453fd40d0525874a4a7e.jpg,106,0.3700031169402944
datasets/train_on_2025_all\images\frame_00052_jpg.rf.7b61ff45edfd1dbec73961e6f1487d5c.jpg,107,0.36952771844500115
datasets/train_on_2025_all\images\frame_00059_jpg.rf.d7ac39dae0f138e00d9340f6e790366e.jpg,108,0.3691800591928974
datasets/train_on_2025_all\val\images\frame_00045_jpg.rf.633fc43f449e325a7ecef2bc472084f6.jpg,109,0.3687066032032254
datasets/train_on_2025_all\images\GX010666_MP4-0258_jpg.rf.ed437368bb371c8c37c374baae99ff4c.jpg,110,0.3685126245153843
datasets/train_on_2025_all\images\frame_00065_jpg.rf.1bcba97278e180cd62a88ef2a1d438fd.jpg,111,0.36832510109947664
datasets/train_on_2025_all\images\GX010665_MP4-0022_jpg.rf.cf220d12d0bfe3a2cdffa30b9adff42b.jpg,112,0.3679705892570087
datasets/train_on_2025_all\images\frame_00011_jpg.rf.4f19e68cdc93edcc14059ec620daea7d.jpg,113,0.3676532383821259
datasets/train_on_2025_all\images\GX010666_MP4-0233_jpg.rf.ee7adcecef2ecef160d9111c3024a6ee.jpg,114,0.36732352770541127
datasets/train_on_2025_all\images\frame_00016_jpg.rf.16e8915aa59422a8497316f6cf8b7692.jpg,115,0.36656520676517174
datasets/train_on_2025_all\images\frame_00083_jpg.rf.97c728206a90ea09a6def13141f2e0b4.jpg,116,0.3658083107170843
datasets/train_on_2025_all\images\frame_00031_jpg.rf.c071584b88c644c9fff02bf8c517e50e.jpg,117,0.3654536244997274
datasets/train_on_2025_all\images\GX010664_MP4-0070_jpg.rf.ad84c6491f8ee7e8fbcc798b24d38106.jpg,118,0.3648545472701628
datasets/train_on_2025_all\images\frame_00137_jpg.rf.eb9b7bb2f8d7b87285335e31910d68fb.jpg,119,0.36345475885626893
datasets/train_on_2025_all\images\frame_00090_jpg.rf.2e9bd3cf5ffe63d39a534acebd42c7ec.jpg,120,0.36318933163834166
datasets/train_on_2025_all\images\frame_00049_jpg.rf.9999d6782fc24d06814790c744f353f6.jpg,121,0.3629840074751155
datasets/train_on_2025_all\val\images\GX010666_MP4-0223_jpg.rf.d7c54bf2e57e48b11a197876b7734c3e.jpg,122,0.36261307840874335
datasets/train_on_2025_all\images\frame_00127_jpg.rf.d03d30128cc59c0fe622e4eef3fcf48b.jpg,123,0.362287407591377
datasets/train_on_2025_all\images\frame_00007_jpg.rf.667c56881f7795cd3b47d7c16be9663b.jpg,124,0.36180469730051285
datasets/train_on_2025_all\val\images\GX010666_MP4-0046_jpg.rf.9fac1ab194c2816c72893bc39ba863ce.jpg,125,0.36113415128196075
datasets/train_on_2025_all\images\frame_00024_jpg.rf.4f130cca72d0025f399ef1c81f64eec5.jpg,126,0.3609354167106508
datasets/train_on_2025_all\images\frame_00124_jpg.rf.6345f0f18c79e46304b8fe8fa214e0ca.jpg,127,0.36088093768177154
datasets/train_on_2025_all\val\images\frame_00131_jpg.rf.d6dc81af629b4b79b91986b47f22f179.jpg,128,0.3607200108640989
datasets/train_on_2025_all\images\frame_00064_jpg.rf.86f485686e88047b564497ab911c37e7.jpg,129,0.36059659519528175
datasets/train_on_2025_all\images\GX010666_MP4-0189_jpg.rf.77fdee90b9a4a11e81201c02af0d2ef9.jpg,130,0.3602326146654651
datasets/train_on_2025_all\images\frame_00081_jpg.rf.13f8db609066cca65ce15b6cbd9ae591.jpg,131,0.360229844998427
datasets/train_on_2025_all\images\GX010666_MP4-0309_jpg.rf.84646b315ebed512e500219ee6e561cd.jpg,132,0.3596143889557308
datasets/train_on_2025_all\images\frame_00138_jpg.rf.df1dc8b2093db768918f09d7b2682aea.jpg,133,0.35928662729780975
datasets/train_on_2025_all\images\frame_00031_jpg.rf.2c7d41ae6980cd78c7bd2994895462ab.jpg,134,0.3590371973223489
datasets/train_on_2025_all\images\GX010666_MP4-0062_jpg.rf.f27a50efde63a79aa43636b80ba71a2c.jpg,135,0.3586599842348846
datasets/train_on_2025_all\val\images\frame_00101_jpg.rf.6bca36fd4a9bdddcc7a9d67bfd7c08b4.jpg,136,0.35813555207959236
datasets/train_on_2025_all\images\frame_00057_jpg.rf.9aeabafb11518acae27347d5f65343de.jpg,137,0.3579028040818053
datasets/train_on_2025_all\images\frame_00015_jpg.rf.4fde44cc0ae7a7a6cfaa76db98cb4787.jpg,138,0.3576314190234529
datasets/train_on_2025_all\images\GX010664_MP4-0053_jpg.rf.13c305ab0b52c9b2e4c18d0a86098bb8.jpg,139,0.35738668274563895
datasets/train_on_2025_all\images\frame_00023_jpg.rf.41ff1bc2341bd137102db1018d38aef9.jpg,140,0.35676033618040764
datasets/train_on_2025_all\images\GX010664_MP4-0097_jpg.rf.4103e3b90cbbadd996a4ab1247c57bc9.jpg,141,0.35574012993782683
datasets/train_on_2025_all\images\GX010666_MP4-0108_jpg.rf.d032f0a7adbfec6a6e9f7c8b42768add.jpg,142,0.3554089906222906
datasets/train_on_2025_all\images\frame_00122_jpg.rf.4f8129ff20a42b04f93005171606ced5.jpg,143,0.3551585544978218
datasets/train_on_2025_all\images\frame_00054_jpg.rf.f42679ee50b530d37c29aea222eb2f17.jpg,144,0.35478135596640936
datasets/train_on_2025_all\images\GX010665_MP4-0092_jpg.rf.58781171b7ed3094ea8f5bc4e0e49a75.jpg,145,0.3544085469525424
datasets/train_on_2025_all\images\frame_00094_jpg.rf.c67ff41fc16379591f8704b9954e234e.jpg,146,0.35399013996369766
datasets/train_on_2025_all\val\images\frame_00231_jpg.rf.77bc6dc4a4d81196be9b0a47348a3c33.jpg,147,0.35308202499932534
datasets/train_on_2025_all\val\images\frame_00108_jpg.rf.70aa0c3d327b78679029e41e67a4e761.jpg,148,0.3526205274775484
datasets/train_on_2025_all\images\frame_00017_jpg.rf.64e5f09ccc1a92f1f5d5810206e05a55.jpg,149,0.35232165440469154
datasets/train_on_2025_all\val\images\frame_00111_jpg.rf.589f872a64ca3f7e688d639297e27e77.jpg,150,0.3522459902455234
datasets/train_on_2025_all\images\frame_00078_jpg.rf.32249801d882be3b4913c1d8c9e83d14.jpg,151,0.3515478067724692
datasets/train_on_2025_all\images\frame_00091_jpg.rf.974b6b31b7262170ed0c6352309f4189.jpg,152,0.3514085469050702
datasets/train_on_2025_all\images\frame_00024_jpg.rf.1ce1665d30deba75c8fb1833770c2e52.jpg,153,0.3502732159346986
datasets/train_on_2025_all\images\GX010666_MP4-0148_jpg.rf.6a9de4138517425a8d338d5a0a633209.jpg,154,0.3502704592272292
datasets/train_on_2025_all\val\images\frame_00108_jpg.rf.b2c7d0406b3c9fd3d23d5d921c71b825.jpg,155,0.350007093458439
datasets/train_on_2025_all\images\frame_00088_jpg.rf.34d942644c8b56ace203e826c58a244b.jpg,156,0.349740118734641
datasets/train_on_2025_all\images\frame_00032_jpg.rf.5074493bc8c3c4059abfa1847b7f7dd8.jpg,157,0.349493560749807
datasets/train_on_2025_all\val\images\frame_00072_jpg.rf.6dc3d1d7f0e02edf7082ca2c995c40bc.jpg,158,0.3487604916380164
datasets/train_on_2025_all\images\GX010665_MP4-0247_jpg.rf.3a3b932b5f4547b5d41018f8c8fb028b.jpg,159,0.34856158127367304
datasets/train_on_2025_all\images\frame_00075_jpg.rf.68a8b794aae2f373a1de3367d6578397.jpg,160,0.3480058483136264
datasets/train_on_2025_all\images\frame_00141_jpg.rf.f579336ed55e0244a5c390e83058ccbb.jpg,161,0.347930668370045
datasets/train_on_2025_all\images\frame_00066_jpg.rf.614efc16a5637063a474e0c46fdafe6e.jpg,162,0.34768681282802094
datasets/train_on_2025_all\images\frame_00218_jpg.rf.66313a6512d3b3b9ac9a28852f9ec30c.jpg,163,0.34765615291753
datasets/train_on_2025_all\images\GX010668_MP4-0044_jpg.rf.d861e37d767ab8c44714b949e7516e04.jpg,164,0.34735715035880094
datasets/train_on_2025_all\images\GX010668_MP4-0055_jpg.rf.214f488e484f8f9870a00c7f3db42ec1.jpg,165,0.34711350798315144
datasets/train_on_2025_all\images\GX010668_MP4-0019_jpg.rf.0700c79cf4896ce6b4639051d82f027b.jpg,166,0.34697819919004613
datasets/train_on_2025_all\images\frame_00029_jpg.rf.5542ce159e6b93a4d785b34cc6873008.jpg,167,0.34666325677235005
datasets/train_on_2025_all\images\frame_00153_jpg.rf.0cf4dd0629bd4aa23e9e8264e941b647.jpg,168,0.34622587459632864
datasets/train_on_2025_all\images\frame_00016_jpg.rf.f10e1d271453f680ef83a085acc37925.jpg,169,0.34614514390690704
datasets/train_on_2025_all\images\frame_00010_jpg.rf.6874cef9bb075c881c26b3beaf2bb4c3.jpg,170,0.3460364929342674
datasets/train_on_2025_all\images\frame_00192_jpg.rf.6a7a5f74808714effb6bee4c2105755d.jpg,171,0.34599955198382915
datasets/train_on_2025_all\val\images\frame_00064_jpg.rf.955bd0922d02968533e78898de6c1842.jpg,172,0.34557663902911984
datasets/train_on_2025_all\val\images\frame_00069_jpg.rf.106a34bc13902751dc3cf219e9618052.jpg,173,0.3452606747123512
datasets/train_on_2025_all\images\frame_00013_jpg.rf.319a0513adcc6c335d9ab4228ba24610.jpg,174,0.3445700655322426
datasets/train_on_2025_all\images\frame_00003_jpg.rf.d8d3e2d8d3c9a4cf40b2ab2e95ba1e6a.jpg,175,0.3438733463152844
datasets/train_on_2025_all\images\frame_00030_jpg.rf.b8d808c0921d058f8023f0decd435751.jpg,176,0.3435563210035665
datasets/train_on_2025_all\images\frame_00118_jpg.rf.8e1b85964168f947b0cc4204d663c21c.jpg,177,0.3435024188802829
datasets/train_on_2025_all\val\images\frame_00101_jpg.rf.0aa0111fb0dc646713b263594df4cf3b.jpg,178,0.34254839637800466
datasets/train_on_2025_all\images\frame_00111_jpg.rf.802f1272aae167f610f57de1efa88bfa.jpg,179,0.34228856780689554
datasets/train_on_2025_all\val\images\frame_00013_jpg.rf.e45c961a193811f5837d1601e4b6f9f5.jpg,180,0.341503848174742
datasets/train_on_2025_all\images\frame_00063_jpg.rf.c1170fc4c9338149513e44e7f78ebc37.jpg,181,0.3406967044793722
datasets/train_on_2025_all\val\images\frame_00019_jpg.rf.697fb0f2f68c51f5bae3d7953d08b57a.jpg,182,0.3405940869070615
datasets/train_on_2025_all\images\frame_00047_jpg.rf.e162bc8fbc7dd03837be97d84b105b5a.jpg,183,0.34031416972233347
datasets/train_on_2025_all\images\GX010666_MP4-0334_jpg.rf.f2113772710263a1cfb2ec6402b3a9e9.jpg,184,0.3402348917425388
datasets/train_on_2025_all\val\images\GX010666_MP4-0229_jpg.rf.b7eb7cb0b290b8f4148606cdcdefd544.jpg,185,0.3400180236756037
datasets/train_on_2025_all\val\images\frame_00075_jpg.rf.2f4967fc89be50ac6de5ab98bba85c08.jpg,186,0.3385762844001899
datasets/train_on_2025_all\images\GX010666_MP4-0238_jpg.rf.cf35732d2b7e5f03386490ee48cfacd1.jpg,187,0.33854551418562295
datasets/train_on_2025_all\images\frame_00067_jpg.rf.f926886bccae32320fbde4c0e66a5f25.jpg,188,0.33854551418562295
datasets/train_on_2025_all\val\images\GX010664_MP4-0027_jpg.rf.5f8718f44188ce4277a73e163cda91c3.jpg,189,0.33842911727287506
datasets/train_on_2025_all\images\GX010667_MP4-0023_jpg.rf.fbff6355a711d5072f375377d738bc2c.jpg,190,0.3380574213072695
datasets/train_on_2025_all\images\frame_00034_jpg.rf.423f44f0a7f9a269664ac8db1eb75535.jpg,191,0.33699210471388935
datasets/train_on_2025_all\images\frame_00206_jpg.rf.9850fcccd9ce72e6090b86736cc1c3e3.jpg,192,0.33694063428084237
datasets/train_on_2025_all\images\frame_00016_jpg.rf.5336e29a50b604c268497c652a73d85f.jpg,193,0.3369124476144598
datasets/train_on_2025_all\images\frame_00116_jpg.rf.a2e48d3137969be32af15ae91eac0b8f.jpg,194,0.3357792749391664
datasets/train_on_2025_all\images\frame_00214_jpg.rf.0cd658c06ea8ae50e933930534e1c29a.jpg,195,0.3352878227588784
datasets/train_on_2025_all\images\frame_00040_jpg.rf.b2b95b1f65a38a9ddd877368e4224e62.jpg,196,0.33517602059205504
datasets/train_on_2025_all\images\frame_00135_jpg.rf.8d19f6ea905447d4f6f4db95cf0bf4c3.jpg,197,0.3351454981060911
datasets/train_on_2025_all\images\GX010666_MP4-0010_jpg.rf.2a7f11fccb666a70c086e1b061e18b32.jpg,198,0.3351218336207511
datasets/train_on_2025_all\images\frame_00064_jpg.rf.203300fd3576ed47bd2efa081e6a8ea9.jpg,199,0.3349180170842985
datasets/train_on_2025_all\images\frame_00039_jpg.rf.e0d8558e9129ede16ad89979cba1c607.jpg,200,0.3349147804425013
datasets/train_on_2025_all\images\frame_00128_jpg.rf.e2d3703ea001b6f133ba292cc8b0e99d.jpg,201,0.3345995215647694
datasets/train_on_2025_all\images\frame_00007_jpg.rf.3190f604ce8917bc6c8ad412b5d8e100.jpg,202,0.3342301343603082
datasets/train_on_2025_all\images\frame_00152_jpg.rf.66ac5fc207b972977ca969f0340fd8bc.jpg,203,0.3340682846180489
datasets/train_on_2025_all\images\frame_00099_jpg.rf.8a52471f628284602b00a531a9649369.jpg,204,0.33403975715420914
datasets/train_on_2025_all\images\frame_00181_jpg.rf.faa56a015e4de6a4ba9aef6295a234de.jpg,205,0.3337980825527488
datasets/train_on_2025_all\val\images\frame_00028_jpg.rf.37c96cbf16dcbd9348dc8abe1a6f79ab.jpg,206,0.3337611314790933
datasets/train_on_2025_all\images\frame_00057_jpg.rf.a9ac5b5e8b144bfc1e2b8eda47380a3b.jpg,207,0.33361418895552736
datasets/train_on_2025_all\images\GX010665_MP4-0267_jpg.rf.7167bfe5c8551f18b592897b9d2f8a50.jpg,208,0.3335589847359523
datasets/train_on_2025_all\images\frame_00009_jpg.rf.3c5231dd711265c35729c5f88b56f813.jpg,209,0.33324836440168204
datasets/train_on_2025_all\images\frame_00066_jpg.rf.5486a3b1401cac03636500a0223be999.jpg,210,0.33314863680866363
datasets/train_on_2025_all\images\frame_00074_jpg.rf.880e91bcfd8e5e8531e244a564b0b03c.jpg,211,0.33309031535678746
datasets/train_on_2025_all\images\GX010664_MP4-0062_jpg.rf.b3ed78c3614972a9e9e3345d6c54656a.jpg,212,0.3325685047661363
datasets/train_on_2025_all\images\frame_00076_jpg.rf.8150792c48a14f4a6093f6e78fbb90bd.jpg,213,0.3322204302744076
datasets/train_on_2025_all\images\GX010666_MP4-0166_jpg.rf.e57861636bd82ac62cd5da087a493322.jpg,214,0.3318385440382735
datasets/train_on_2025_all\images\frame_00064_jpg.rf.0d700a940b6900e77086213be4e53d85.jpg,215,0.33180468152554193
datasets/train_on_2025_all\images\frame_00036_jpg.rf.f5cf6451990ded725a81ba555ce060d3.jpg,216,0.3317084290295652
datasets/train_on_2025_all\images\frame_00075_jpg.rf.fd35b395368da65490deb8833e478cdc.jpg,217,0.33139471203168086
datasets/train_on_2025_all\val\images\frame_00058_jpg.rf.fdc4e198f10067ef0b2deae150f72d2c.jpg,218,0.33104776365037747
datasets/train_on_2025_all\images\frame_00107_jpg.rf.af6529d2365de369b48f79ac8ac1f2df.jpg,219,0.33104776365037747
datasets/train_on_2025_all\images\GX010666_MP4-0015_jpg.rf.b662e0f1ef6877ae3eff94e93be2086c.jpg,220,0.3305885906452109
datasets/train_on_2025_all\val\images\frame_00039_jpg.rf.387e2b6eef7d94eddb15294e20daaab8.jpg,221,0.33040211279551884
datasets/train_on_2025_all\images\GX010665_MP4-0152_jpg.rf.e779f0db5f1587c44a3b4f0b7ff0214a.jpg,222,0.33001073262356334
datasets/train_on_2025_all\images\frame_00025_jpg.rf.125fbb836524e40971a7bb6c38bd365f.jpg,223,0.32995515466920955
datasets/train_on_2025_all\images\frame_00118_jpg.rf.3d7031cdcced808879ec8b1e471662cd.jpg,224,0.3294381190687681
datasets/train_on_2025_all\images\GX010666_MP4-0160_jpg.rf.b14b92aec6afef7442c79fcd11b79d6b.jpg,225,0.3294058549329475
datasets/train_on_2025_all\images\frame_00010_jpg.rf.82212d4a8709b29090aff803358b1f18.jpg,226,0.3293214553678792
datasets/train_on_2025_all\images\frame_00015_jpg.rf.a38684bd0696640d5259274d2b740fb6.jpg,227,0.32910761635507235
datasets/train_on_2025_all\images\frame_00087_jpg.rf.7cb87a27d76c6be6a9a9223e89785e14.jpg,228,0.32896443130480124
datasets/train_on_2025_all\val\images\frame_00091_jpg.rf.1a3507b58d62c2b53bf3b9fc234772f5.jpg,229,0.32895111596053755
datasets/train_on_2025_all\images\frame_00034_jpg.rf.2fbbf69350e0652abde216d6126d1b2e.jpg,230,0.3288147437105963
datasets/train_on_2025_all\images\frame_00024_jpg.rf.45ee8157eda53e08ca049cc9dad9ea71.jpg,231,0.3288007747718369
datasets/train_on_2025_all\val\images\frame_00088_jpg.rf.10bd431064e51baf4ca530d7be09cea3.jpg,232,0.32855670662598946
datasets/train_on_2025_all\val\images\frame_00017_jpg.rf.ae00ccaec1b6b8170570cd8bfbc676ba.jpg,233,0.3276826392829846
datasets/train_on_2025_all\images\frame_00054_jpg.rf.969ed8beeffecebcd3b09f82f281cd68.jpg,234,0.3275624371014208
datasets/train_on_2025_all\val\images\frame_00151_jpg.rf.4fa3ab55fa088d05bb0b7ff1c5e01832.jpg,235,0.32748392972892043
datasets/train_on_2025_all\images\frame_00082_jpg.rf.1f0fae801d220051008dcf07c3454ecb.jpg,236,0.32730003186187645
datasets/train_on_2025_all\images\GX010665_MP4-0099_jpg.rf.6320251c5e1b1890f9ebc1f5a3e44c13.jpg,237,0.3270079005628568
datasets/train_on_2025_all\images\GX010666_MP4-0219_jpg.rf.8d1f00e84b096903c479ca934df28d3b.jpg,238,0.3267442352233489
datasets/train_on_2025_all\val\images\frame_00138_jpg.rf.264629fcdb2c71d636e717f4e765cdfc.jpg,239,0.3266166067998753
datasets/train_on_2025_all\images\frame_00109_jpg.rf.790d287efd8ed05d3f1f5922b49adf8a.jpg,240,0.3265709222032118
datasets/train_on_2025_all\images\GX010665_MP4-0088_jpg.rf.28457939a925f5c7c48b45c5c6318ef7.jpg,241,0.3263595372138831
datasets/train_on_2025_all\images\GX010667_MP4-0027_jpg.rf.03a51aeeb5e6b26644cd7c7bcf4be278.jpg,242,0.3263410231769588
datasets/train_on_2025_all\images\frame_00112_jpg.rf.69c0bc212b9d42a4e7ebf98b492f38e4.jpg,243,0.3263191539816522
datasets/train_on_2025_all\images\frame_00067_jpg.rf.628c0b6dd5c04f5e207bb0416fa3ac01.jpg,244,0.3262032371412467
datasets/train_on_2025_all\images\GX010666_MP4-0319_jpg.rf.803a84abbf558f58979df026c91e4275.jpg,245,0.3261686214988417
datasets/train_on_2025_all\images\frame_00022_jpg.rf.9143511b01670e95a8a37257afd2f2a4.jpg,246,0.3253370002904369
datasets/train_on_2025_all\val\images\GX010667_MP4-0034_jpg.rf.c23e39750c9c5b2eaf67de12ef9183cd.jpg,247,0.3252929547436098
datasets/train_on_2025_all\images\frame_00175_jpg.rf.ee1b9d954ec2d5d8d22f1012ba881718.jpg,248,0.32451634595078394
datasets/train_on_2025_all\images\frame_00139_jpg.rf.46a34e6bb558fed4ad6002598b1aa351.jpg,249,0.32416365224965427
datasets/train_on_2025_all\val\images\frame_00044_jpg.rf.5ae100e9a3fb643ef673a9ce8e4a84b7.jpg,250,0.3241216183879208
datasets/train_on_2025_all\val\images\frame_00153_jpg.rf.06ab50cc7b88ee13cb64a262e3e52a36.jpg,251,0.32391310421551994
datasets/train_on_2025_all\val\images\GX010668_MP4-0048_jpg.rf.4d83ad28048489ed983b46a179cf19a0.jpg,252,0.32376688816295557
datasets/train_on_2025_all\images\frame_00143_jpg.rf.f161271f9ed71a83c92b87f630b1e3eb.jpg,253,0.3235995052188887
datasets/train_on_2025_all\val\images\frame_00064_jpg.rf.8315065276fbac7368f349c4f9613bfb.jpg,254,0.3234927017897467
datasets/train_on_2025_all\val\images\frame_00027_jpg.rf.53f5eff50788119f7e7317099ed5a06d.jpg,255,0.32322664323562417
datasets/train_on_2025_all\images\GX010664_MP4-0083_jpg.rf.c1c6455b566b8da1f62953ba0d064615.jpg,256,0.32322664323562417
datasets/train_on_2025_all\images\GX010666_MP4-0298_jpg.rf.a575105b8613a93e00a448d05db09720.jpg,257,0.3230593800729469
datasets/train_on_2025_all\images\GX010666_MP4-0281_jpg.rf.f74f3beaf729a406e0a3582b92002588.jpg,258,0.322923687565536
datasets/train_on_2025_all\val\images\frame_00031_jpg.rf.f80fe06b28208659a048697e88dfd06d.jpg,259,0.32269949117445196
datasets/train_on_2025_all\val\images\frame_00114_jpg.rf.f1e85a2ff93d0e9b6ffdfaa7e766c6cf.jpg,260,0.3226675412441946
datasets/train_on_2025_all\images\frame_00026_jpg.rf.09b4ff5342fbb09376ad2bcdf68e4b0b.jpg,261,0.3223972408537894
datasets/train_on_2025_all\images\frame_00112_jpg.rf.06dcb17cb5a78973490bad65d47f0c29.jpg,262,0.3223639642038437
datasets/train_on_2025_all\images\GX010668_MP4-0032_jpg.rf.49df7a85e93b6486a75f9b82383c7df5.jpg,263,0.32212492756314975
datasets/train_on_2025_all\images\GX010665_MP4-0236_jpg.rf.927b70839cd8148961b8baa89ec576c1.jpg,264,0.3219910966895883
datasets/train_on_2025_all\images\frame_00013_jpg.rf.90a25b49b789cdf6bad5fedd717e869d.jpg,265,0.32185700042351967
datasets/train_on_2025_all\val\images\GX010668_MP4-0036_jpg.rf.f1eff10fd8b245b2d80c3c5be4a928cf.jpg,266,0.3215351132123796
datasets/train_on_2025_all\images\frame_00200_jpg.rf.abf11aff7933e6ab88779a05dbcc4b14.jpg,267,0.3214773721284026
datasets/train_on_2025_all\val\images\frame_00080_jpg.rf.101b41282c551c29546fbdd51fdbeb19.jpg,268,0.32098234694978767
datasets/train_on_2025_all\images\frame_00109_jpg.rf.629f5363c3a01cda593633fd7bde7586.jpg,269,0.3209686860939996
datasets/train_on_2025_all\images\frame_00097_jpg.rf.d2e10cecec01f1aeefa4a8d24f0931a9.jpg,270,0.3207167468251584
datasets/train_on_2025_all\images\frame_00020_jpg.rf.57a81ca25f6d90da0e6b71379228331f.jpg,271,0.32066369646280457
datasets/train_on_2025_all\images\frame_00025_jpg.rf.1a9444350a161ae93be8919d1c407bb8.jpg,272,0.3203301594218834
datasets/train_on_2025_all\images\frame_00079_jpg.rf.d5d28d8a5eca384dc1dc208ad39df2c1.jpg,273,0.32018198881597537
datasets/train_on_2025_all\images\frame_00120_jpg.rf.03286f38fcc5c0cc0e27cde063b92931.jpg,274,0.3201776357297534
datasets/train_on_2025_all\images\frame_00102_jpg.rf.78f088c602119c1e41d78095bf96c973.jpg,275,0.3200310489893427
datasets/train_on_2025_all\images\frame_00131_jpg.rf.5f59d9f65560e78330110343825223fa.jpg,276,0.3198886715031806
datasets/train_on_2025_all\val\images\frame_00161_jpg.rf.1801ecd677090554daba7c8c08cad5e1.jpg,277,0.31961763368767354
datasets/train_on_2025_all\val\images\frame_00075_jpg.rf.d4c2eab44df094bd3b78f8ec0bbf96fb.jpg,278,0.31940584730615357
datasets/train_on_2025_all\val\images\GX010666_MP4-0083_jpg.rf.c22dd4cd2874d600a8a64a85681b2fee.jpg,279,0.31934370697505393
datasets/train_on_2025_all\images\frame_00216_jpg.rf.29e85c8a6739eb8e3c097d056242f6e1.jpg,280,0.3192623252252693
datasets/train_on_2025_all\images\frame_00171_jpg.rf.7bdcaefd847a8e8f2795495b1d9508e0.jpg,281,0.31859280408115725
datasets/train_on_2025_all\images\GX010668_MP4-0026_jpg.rf.995730358b9576ab45d9b1b3a2d34685.jpg,282,0.3185254969790727
datasets/train_on_2025_all\images\frame_00136_jpg.rf.1ee5a2652d565197d2578f587a16a3ec.jpg,283,0.3184092353862255
datasets/train_on_2025_all\images\frame_00161_jpg.rf.39111dbb31dc1a29a478cd71017d39e4.jpg,284,0.31787334654744404
datasets/train_on_2025_all\images\GX010666_MP4-0268_jpg.rf.042b2f1cbea42f0c196e78666b1b6933.jpg,285,0.3173728453783187
datasets/train_on_2025_all\images\frame_00085_jpg.rf.1161fca6571b4ad91231bf29e580b421.jpg,286,0.31709409660370286
datasets/train_on_2025_all\images\frame_00123_jpg.rf.1949aa6fcfd14a07164efbad80bce888.jpg,287,0.3169795943354003
datasets/train_on_2025_all\val\images\GX010665_MP4-0128_jpg.rf.c021939037661ac7032afb4190379c60.jpg,288,0.31691080115014
datasets/train_on_2025_all\images\frame_00097_jpg.rf.016efc57307cad84a5680d4e27eb89e4.jpg,289,0.31660118883277666
datasets/train_on_2025_all\images\frame_00177_jpg.rf.ed71c58969a1006fcfe9845e2e101f38.jpg,290,0.3164485269389638
datasets/train_on_2025_all\images\frame_00071_jpg.rf.2dded6e34e5661348f17859b13f442e2.jpg,291,0.31638724053052586
datasets/train_on_2025_all\images\GX010666_MP4-0136_jpg.rf.cee33e5397bf9e14854bea35d350fddf.jpg,292,0.3161448203994668
datasets/train_on_2025_all\images\GX010666_MP4-0271_jpg.rf.49bb0c7b2db0cb00b3e69b63f17781c6.jpg,293,0.31573764914099123
datasets/train_on_2025_all\images\frame_00151_jpg.rf.83dcb493ba9317de5999e525e02c05eb.jpg,294,0.31488249879370983
datasets/train_on_2025_all\images\frame_00082_jpg.rf.063d8f328d3283895b0ec095d65cce50.jpg,295,0.31487876407199483
datasets/train_on_2025_all\images\GX010668_MP4-0027_jpg.rf.dfba450f0a49c9e7d7acfc70a6b249c8.jpg,296,0.3148298776453952
datasets/train_on_2025_all\images\GX010667_MP4-0037_jpg.rf.5ed362c53f434220bbae869846478248.jpg,297,0.31434297376957016
datasets/train_on_2025_all\images\frame_00107_jpg.rf.6bfd86ab27525baf10a6d6b7eb549c2f.jpg,298,0.3140247361216239
datasets/train_on_2025_all\images\frame_00024_jpg.rf.6cb40621908d5515aef6a2b22ba3564f.jpg,299,0.3139581619201117
datasets/train_on_2025_all\val\images\GX010666_MP4-0339_jpg.rf.a2492f0d39928a079bb676992db81e9e.jpg,300,0.3139183221951405
datasets/train_on_2025_all\images\frame_00013_jpg.rf.b3396acf74af18d7089a3047d4be5d20.jpg,301,0.3136467662577626
datasets/train_on_2025_all\images\frame_00061_jpg.rf.6fefeb7aacd85d9eda88be1b304eaf46.jpg,302,0.3134925386729853
datasets/train_on_2025_all\images\frame_00207_jpg.rf.47abfc44a56f4a7b9d19a9b617bb9bc6.jpg,303,0.31348657754037434
datasets/train_on_2025_all\images\GX010666_MP4-0313_jpg.rf.81e7e6c8c29f5f25e422f310253c7eb8.jpg,304,0.3131553125428492
datasets/train_on_2025_all\images\frame_00187_jpg.rf.ec1a63e9583601b967401351d0c55e70.jpg,305,0.3127470779776619
datasets/train_on_2025_all\images\frame_00046_jpg.rf.3467d840d9765872e992eb099475a871.jpg,306,0.3124508139530612
datasets/train_on_2025_all\images\frame_00150_jpg.rf.9d88835f61eb0ea50e6fad9c2e4c714c.jpg,307,0.3121537395482046
datasets/train_on_2025_all\images\frame_00006_jpg.rf.89372a8bf7fe3d7090f5e9d20f446fd1.jpg,308,0.3119655222993272
datasets/train_on_2025_all\val\images\GX010666_MP4-0302_jpg.rf.89d7d8b1be794b2c712f8a3b90d1309f.jpg,309,0.3117466107764368
datasets/train_on_2025_all\images\frame_00042_jpg.rf.37d12f995a8d0511b9fa9506d959601d.jpg,310,0.3116662243751561
datasets/train_on_2025_all\images\frame_00122_jpg.rf.a4ef101157f6eee558b2110f359a51ec.jpg,311,0.3116239221239362
datasets/train_on_2025_all\images\GX010666_MP4-0312_jpg.rf.06bcd13928296c190d713784af585dfe.jpg,312,0.3112483262741262
datasets/train_on_2025_all\images\GX010666_MP4-0235_jpg.rf.44dd9a4bf95f9fa1a053396391b2487d.jpg,313,0.3111940016486928
datasets/train_on_2025_all\val\images\frame_00037_jpg.rf.cc3294623eb214102127d67f381a0b9e.jpg,314,0.31114826340415946
datasets/train_on_2025_all\val\images\frame_00115_jpg.rf.e717a0add4db410ce8ee876487c9bc49.jpg,315,0.3110103453484786
datasets/train_on_2025_all\images\GX010664_MP4-0056_jpg.rf.38b49449b4aef7ebe98ac241672699eb.jpg,316,0.31090243563732295
datasets/train_on_2025_all\val\images\frame_00156_jpg.rf.f5337bfc114b8c691fceb9d1f239ae43.jpg,317,0.31048671711155823
datasets/train_on_2025_all\images\frame_00164_jpg.rf.5b580d277a1c780753385a5ea1d018b6.jpg,318,0.3104689513045012
datasets/train_on_2025_all\images\frame_00100_jpg.rf.38d043a8f9673a97289261a97aaf0021.jpg,319,0.31033017080947883
datasets/train_on_2025_all\images\frame_00196_jpg.rf.1a4f9d6c0acc7ade63b282863f0b46df.jpg,320,0.310115923868442
datasets/train_on_2025_all\images\GX010664_MP4-0064_jpg.rf.23934c626427d18bf199d97b6422a3fb.jpg,321,0.31000637360957367
datasets/train_on_2025_all\images\frame_00115_jpg.rf.4d356b7cc359605444bd1fdaa19e5c02.jpg,322,0.3097738449363788
datasets/train_on_2025_all\images\frame_00171_jpg.rf.8fbf046de504225c41d3b0e115020df0.jpg,323,0.3097607189565937
datasets/train_on_2025_all\images\frame_00156_jpg.rf.a5edf66ee9a2127f3be2684e3fb6b0b7.jpg,324,0.3094640492166116
datasets/train_on_2025_all\val\images\frame_00014_jpg.rf.1a317d65cf64a09942edac87f4f0346d.jpg,325,0.3092830659770604
datasets/train_on_2025_all\images\frame_00041_jpg.rf.bb3f64aa62fae9ab0a841e9f3421ca74.jpg,326,0.3091286128266964
datasets/train_on_2025_all\images\frame_00010_jpg.rf.a1b920fbd47c25211c628be795daf4b3.jpg,327,0.3089775948417452
datasets/train_on_2025_all\images\GX010666_MP4-0122_jpg.rf.719390bba0f257a56c2e80735fe6fef4.jpg,328,0.30829174149794586
datasets/train_on_2025_all\val\images\GX010668_MP4-0052_jpg.rf.c05ae13ee6099d1b56d04ec0095c7d1d.jpg,329,0.30818396038077317
datasets/train_on_2025_all\val\images\frame_00103_jpg.rf.dcfa70e447e8251d8853370424fd173b.jpg,330,0.30814894404448534
datasets/train_on_2025_all\val\images\GX010668_MP4-0029_jpg.rf.4728abd43add36006570c09f0133d905.jpg,331,0.30774744434266627
datasets/train_on_2025_all\images\GX010664_MP4-0099_jpg.rf.24b4e177954f75353fb1a2e32f03d4ff.jpg,332,0.3077389390509052
datasets/train_on_2025_all\images\GX010666_MP4-0286_jpg.rf.188746edd256d352cbcda4c4068236dc.jpg,333,0.30742982738561586
datasets/train_on_2025_all\val\images\GX010666_MP4-0057_jpg.rf.e3d9d5cd472a148fe152d7551250502f.jpg,334,0.3073822731617877
datasets/train_on_2025_all\images\frame_00010_jpg.rf.a0205bcd883d3f8e2f93888ad1c2cf3c.jpg,335,0.30736205134468947
datasets/train_on_2025_all\images\frame_00091_jpg.rf.49a020127958af0f36f0760848f8bac6.jpg,336,0.3072403038142996
datasets/train_on_2025_all\val\images\frame_00077_jpg.rf.696cb01b762432c3cfceeea1268bf616.jpg,337,0.30715910949836234
datasets/train_on_2025_all\images\GX010665_MP4-0239_jpg.rf.b8634aec46f03d88e9ed06819108a724.jpg,338,0.30685973962297847
datasets/train_on_2025_all\images\frame_00133_jpg.rf.eeda2725b39842a24a768c4fa33507be.jpg,339,0.3068199106139182
datasets/train_on_2025_all\images\frame_00078_jpg.rf.941d283f666ad7a9d4b3bf846f1e2d56.jpg,340,0.3066642412292626
datasets/train_on_2025_all\images\GX010668_MP4-0031_jpg.rf.48707dd97b07f90ffc4182e9465f88cd.jpg,341,0.30656749852050136
datasets/train_on_2025_all\images\frame_00098_jpg.rf.612a3e44d02f79a8a0760687f96268bf.jpg,342,0.30614639630372686
datasets/train_on_2025_all\images\GX010665_MP4-0109_jpg.rf.10e147497451b184414be771b6fc6a5a.jpg,343,0.3058236100240154
datasets/train_on_2025_all\images\frame_00018_jpg.rf.91f3dd57c0fd328f0cc84e09ec1f98e0.jpg,344,0.30569382748190743
datasets/train_on_2025_all\images\frame_00023_jpg.rf.5e20a01802ee77676401fc00ddb98f25.jpg,345,0.30554840357780894
datasets/train_on_2025_all\images\frame_00169_jpg.rf.4a950cfc126a03674614278c8e30014f.jpg,346,0.3053690112826633
datasets/train_on_2025_all\images\frame_00157_jpg.rf.acf60c1dea9dad110cc49b0efaa36b94.jpg,347,0.30507379293987913
datasets/train_on_2025_all\images\frame_00105_jpg.rf.e6821fad66f51d2688d20d4e6091e6b0.jpg,348,0.3047841016551472
datasets/train_on_2025_all\images\frame_00042_jpg.rf.fa6dec6aba0969bd2519b2555be0f8e5.jpg,349,0.30470391335569347
datasets/train_on_2025_all\images\frame_00084_jpg.rf.2d8bc5b60c7b933ca2353a4c9a6711b9.jpg,350,0.3046244383305482
datasets/train_on_2025_all\images\frame_00172_jpg.rf.5a317a4303fd346f3d0dd092749adacc.jpg,351,0.3043980025596055
datasets/train_on_2025_all\images\frame_00100_jpg.rf.8b0feb6cc9b36085d4e59dca973a063f.jpg,352,0.3043730161023363
datasets/train_on_2025_all\val\images\GX010666_MP4-0025_jpg.rf.ad479c01afb6d4374a9c9120e587980f.jpg,353,0.30385133337345654
datasets/train_on_2025_all\val\images\frame_00064_jpg.rf.5bb255b8f9c7d615a0cd1fcc69c0c90f.jpg,354,0.30354558394411935
datasets/train_on_2025_all\images\frame_00014_jpg.rf.9b9bd34dc165431135ddc39fd6827b44.jpg,355,0.3035086183038413
datasets/train_on_2025_all\images\frame_00140_jpg.rf.f0cae0fff7dc8d7073d1971e0dd8abab.jpg,356,0.30349071140191675
datasets/train_on_2025_all\images\frame_00092_jpg.rf.c536c659ef2a431ee6772a68f901c06e.jpg,357,0.3030435430409817
datasets/train_on_2025_all\images\frame_00059_jpg.rf.90e49efdf27325b57cd50736a7a0f60a.jpg,358,0.30299813442945556
datasets/train_on_2025_all\images\frame_00121_jpg.rf.2c814e4125a92d241826aa03aa481b62.jpg,359,0.3029284833654689
datasets/train_on_2025_all\images\frame_00013_jpg.rf.1899238de463496a8186daabf966c102.jpg,360,0.30286512828089607
datasets/train_on_2025_all\val\images\GX010668_MP4-0010_jpg.rf.db72f1de4c57e31914b71840ef2a7b91.jpg,361,0.3028452645459265
datasets/train_on_2025_all\images\GX010666_MP4-0225_jpg.rf.b552cef35636c0f78a035b1948b318be.jpg,362,0.3026168055406272
datasets/train_on_2025_all\images\frame_00021_jpg.rf.3d2e5a137659b5572f3ef13cc5a469a8.jpg,363,0.30253740716853844
datasets/train_on_2025_all\images\frame_00043_jpg.rf.6f79656ec36a58aecb68e77169699777.jpg,364,0.30215791824650173
datasets/train_on_2025_all\val\images\frame_00029_jpg.rf.6660ad5363fd0e4f4294879fa8232408.jpg,365,0.3021410697202893
datasets/train_on_2025_all\images\frame_00026_jpg.rf.6af6b8cd41175cebe9e5f4e4d3062d1c.jpg,366,0.30168397551213694
datasets/train_on_2025_all\val\images\frame_00010_jpg.rf.6e98efa4336499cec7220a1ea4f51422.jpg,367,0.30138479373770455
datasets/train_on_2025_all\val\images\GX010666_MP4-0195_jpg.rf.e993ad663996acfeed8f953407811269.jpg,368,0.3012507706563924
datasets/train_on_2025_all\images\GX010667_MP4-0018_jpg.rf.9ac0559f6e07f9a599fbb572e16cf1aa.jpg,369,0.3011019254241791
datasets/train_on_2025_all\images\GX010666_MP4-0163_jpg.rf.bdebca9e2b090a0307e55958a6fcbd50.jpg,370,0.3009679095229659
datasets/train_on_2025_all\images\frame_00208_jpg.rf.45444d57f6bd5923d9c934f50df136be.jpg,371,0.3008755486589633
datasets/train_on_2025_all\images\frame_00025_jpg.rf.a4b644fa4b6e683f7bbfef5b0dfc3e3e.jpg,372,0.30058509372637093
datasets/train_on_2025_all\val\images\frame_00147_jpg.rf.d4eab13b71efdd10d5d96641c0c8aed1.jpg,373,0.3004368748324837
datasets/train_on_2025_all\images\GX010666_MP4-0331_jpg.rf.12b1225fae81698b2d345fb9b90ca86c.jpg,374,0.3002447582365788
datasets/train_on_2025_all\images\frame_00124_jpg.rf.454c0fb90c305f5c2fac713c3ff04901.jpg,375,0.2996479043472408
datasets/train_on_2025_all\val\images\frame_00020_jpg.rf.8c2736fb75e3fc7f5086c995d4b83183.jpg,376,0.2995180330152365
datasets/train_on_2025_all\images\frame_00028_jpg.rf.0296acef29e7a319297dcce68c640fd2.jpg,377,0.2988814383985724
datasets/train_on_2025_all\images\frame_00084_jpg.rf.47fc53a43a41a74a33c3c24e77e619f0.jpg,378,0.2988271781643404
datasets/train_on_2025_all\images\frame_00129_jpg.rf.ee0244760c370e84e999d4c671678c6f.jpg,379,0.2987306150351952
datasets/train_on_2025_all\images\frame_00045_jpg.rf.0b2ed76f2bb110714d0b57d70ff83131.jpg,380,0.29850356850663695
datasets/train_on_2025_all\val\images\frame_00014_jpg.rf.f77453efcbff22b45e50530c93eaca37.jpg,381,0.2983727912388189
datasets/train_on_2025_all\images\frame_00015_jpg.rf.0ca3b7f2838664bff3359ac8b4c88485.jpg,382,0.2982476652538648
datasets/train_on_2025_all\images\frame_00160_jpg.rf.f588acbc22b644bdad6d68c70d28a3be.jpg,383,0.2980381505315806
datasets/train_on_2025_all\val\images\frame_00035_jpg.rf.1b54ed472517a61c9bfeec7220ad64a2.jpg,384,0.2979814292748308
datasets/train_on_2025_all\images\frame_00112_jpg.rf.19407285bd86d4c2d4094014e17c8cc9.jpg,385,0.2977464530304779
datasets/train_on_2025_all\images\GX010665_MP4-0021_jpg.rf.342f2f770b83c6e0a4ccc9a380ce386e.jpg,386,0.2975638715699844
datasets/train_on_2025_all\images\frame_00054_jpg.rf.fb1001c54ecce03c91bffd8cca4417d3.jpg,387,0.29731886336855656
datasets/train_on_2025_all\images\GX010665_MP4-0063_jpg.rf.da4bc323a0e859b40c9429b44058013f.jpg,388,0.29727340430173127
datasets/train_on_2025_all\val\images\frame_00078_jpg.rf.2533274afcc6ebb0be9ab8b55f738016.jpg,389,0.29668536295302106
datasets/train_on_2025_all\val\images\frame_00126_jpg.rf.59a0317fcd7339560884d25745db7349.jpg,390,0.2966325678380401
datasets/train_on_2025_all\val\images\frame_00046_jpg.rf.756fd9d0c53212d4daf52adaab118ff7.jpg,391,0.29661316849445696
datasets/train_on_2025_all\images\frame_00130_jpg.rf.0fed002f2be40e69b2220b5044319119.jpg,392,0.29650674884454775
datasets/train_on_2025_all\images\frame_00029_jpg.rf.f90bd29d1e14571a907a0fc4492e30d4.jpg,393,0.2964327691645
datasets/train_on_2025_all\images\frame_00053_jpg.rf.d7874e257fcdec1dfe6e28a7cc479e65.jpg,394,0.296303054308904
datasets/train_on_2025_all\images\GX010666_MP4-0145_jpg.rf.3d50a8be99b14f90659aef6be2a5096b.jpg,395,0.2961285335194941
datasets/train_on_2025_all\images\GX010666_MP4-0044_jpg.rf.1a93f2c527186d9c59590da3ee0dc76e.jpg,396,0.29609638559877766
datasets/train_on_2025_all\images\frame_00143_jpg.rf.77146ed7c19c7b4c57221469eb47f4c8.jpg,397,0.2960805833891257
datasets/train_on_2025_all\val\images\frame_00106_jpg.rf.aebd6c0306e492303281181f8a036be8.jpg,398,0.2956704297837176
datasets/train_on_2025_all\images\frame_00062_jpg.rf.cda7b45cf81d89d26a129f2c42870472.jpg,399,0.2956196027710938
datasets/train_on_2025_all\images\frame_00095_jpg.rf.6715de46c6e4842046de99a1d999b9f2.jpg,400,0.2952895903756288
datasets/train_on_2025_all\val\images\frame_00082_jpg.rf.78d1a586c98f272dac5597268ce58c75.jpg,401,0.2952575896647774
datasets/train_on_2025_all\images\frame_00090_jpg.rf.30f33aec70cbb56931a078cd73039d67.jpg,402,0.2951325535933652
datasets/train_on_2025_all\images\frame_00027_jpg.rf.9588b5e343899cd273aa55b75f0032ad.jpg,403,0.2951103771566136
datasets/train_on_2025_all\images\frame_00081_jpg.rf.e83d2bc04541deaeb60a1036ec9fed15.jpg,404,0.2949305320115214
datasets/train_on_2025_all\images\frame_00086_jpg.rf.ae5b5728d114c52b70d77dbfb85f07b4.jpg,405,0.29460543472028433
datasets/train_on_2025_all\images\GX010665_MP4-0203_jpg.rf.d3e22227841f0ea8f470b788ccc6d7ea.jpg,406,0.29443201355304394
datasets/train_on_2025_all\images\frame_00146_jpg.rf.c0ef702338015d12c408af401f8b84c5.jpg,407,0.29438061966833423
datasets/train_on_2025_all\images\GX010664_MP4-0103_jpg.rf.c45db5a481016102ec73a91234cd98f8.jpg,408,0.29417768392073795
datasets/train_on_2025_all\images\frame_00085_jpg.rf.fdfe7390b29d43d0f420d8f63776a570.jpg,409,0.29411247532645063
datasets/train_on_2025_all\images\frame_00226_jpg.rf.d631ed0f16b9d8b64aa5f259ab812830.jpg,410,0.29354578073915805
datasets/train_on_2025_all\images\GX010666_MP4-0142_jpg.rf.b602cad639b4aa145befff0fa559f393.jpg,411,0.29341205490653655
datasets/train_on_2025_all\images\GX010666_MP4-0250_jpg.rf.0b4951af536755e383522f7c7ef7b5fd.jpg,412,0.2931412706010645
datasets/train_on_2025_all\val\images\GX010666_MP4-0337_jpg.rf.35fd43e049dd6854c92995b6921b1ccc.jpg,413,0.29313499684387384
datasets/train_on_2025_all\images\frame_00107_jpg.rf.555ded7dc21559533b122b3f55f3bd09.jpg,414,0.293011068062241
datasets/train_on_2025_all\val\images\GX010666_MP4-0252_jpg.rf.f6740dece7b3f67bbe051605f3c1dee1.jpg,415,0.29296058764764527
datasets/train_on_2025_all\images\frame_00078_jpg.rf.065f451bd9f0a1f9cf20054d735236be.jpg,416,0.292731951022811
datasets/train_on_2025_all\images\frame_00184_jpg.rf.8479f2880eabb2b28feed70c5dcb9233.jpg,417,0.2923706301627405
datasets/train_on_2025_all\images\frame_00194_jpg.rf.0cf908debb751707cca2d6b1a7a3b78d.jpg,418,0.29207220545000606
datasets/train_on_2025_all\images\GX010667_MP4-0012_jpg.rf.a219f495bc6f590cba43985b124d3d30.jpg,419,0.29206337821240574
datasets/train_on_2025_all\val\images\frame_00145_jpg.rf.d13337ee7253362aa896f68b52d82071.jpg,420,0.2920553588307246
datasets/train_on_2025_all\images\frame_00023_jpg.rf.37719a9f4db571a4885226f11b2a1141.jpg,421,0.2920553588307246
datasets/train_on_2025_all\images\frame_00031_jpg.rf.1acc3f3c7430aae5b6fec95d1f1cd174.jpg,422,0.2918973022566768
datasets/train_on_2025_all\val\images\frame_00022_jpg.rf.7c6cfbb8e80256baaeee61abd7ab8c63.jpg,423,0.29189064568771506
datasets/train_on_2025_all\images\frame_00007_jpg.rf.ce845d4b9989d584fdb47d834c7814c3.jpg,424,0.29160388591172304
datasets/train_on_2025_all\images\frame_00040_jpg.rf.723fdaa3a3450e86a919c442f001457f.jpg,425,0.2915589717229226
datasets/train_on_2025_all\val\images\frame_00022_jpg.rf.2bf8c1f487c345ed44dec3d9c7ab1a27.jpg,426,0.29118434967481494
datasets/train_on_2025_all\images\GX010664_MP4-0080_jpg.rf.e515fc58277e25d898cd13491eaf7250.jpg,427,0.29104438124456095
datasets/train_on_2025_all\images\frame_00162_jpg.rf.5e964c9adac6cc97e13f781883df5dd7.jpg,428,0.29099064314008355
datasets/train_on_2025_all\images\GX010666_MP4-0101_jpg.rf.9956ad351bc6cec7176b72e3bdd225a4.jpg,429,0.2909311120860693
datasets/train_on_2025_all\val\images\frame_00031_jpg.rf.d10f5e4dc5f70cf6fb89c7538d1c9634.jpg,430,0.290906790229202
datasets/train_on_2025_all\images\frame_00129_jpg.rf.0caeee9cb1f27a3ecf549ea5c448aac3.jpg,431,0.2908379530378931
datasets/train_on_2025_all\images\frame_00112_jpg.rf.2a53f5731d83572a05379a2b9c173e79.jpg,432,0.2907304246951376
datasets/train_on_2025_all\images\frame_00115_jpg.rf.05e7e5751b7f10c6e2916dcdd21ee11c.jpg,433,0.2905192955827279
datasets/train_on_2025_all\images\frame_00018_jpg.rf.9f273c1f7d6b057e34c98de7bf38df3b.jpg,434,0.2904227625597153
datasets/train_on_2025_all\images\frame_00142_jpg.rf.e0658a143f51a703580a215dbadb5860.jpg,435,0.2902430158389426
datasets/train_on_2025_all\images\frame_00178_jpg.rf.fe2afc73549f46796e8b584a9d95d48a.jpg,436,0.2901844621558097
datasets/train_on_2025_all\images\frame_00057_jpg.rf.4cbd5cd02408130bc9331b731159ccc2.jpg,437,0.2900114649172521
datasets/train_on_2025_all\images\frame_00065_jpg.rf.8700323a2a9e9d964ec04d68f9d5e8b6.jpg,438,0.28949282217530914
datasets/train_on_2025_all\images\GX010665_MP4-0024_jpg.rf.aa4d80af8c6603667718c4c4c0dc6589.jpg,439,0.2893797901170334
datasets/train_on_2025_all\val\images\frame_00082_jpg.rf.8c44fed453d9fde0b8ac6fb47c90fab2.jpg,440,0.2891449414337507
datasets/train_on_2025_all\images\frame_00132_jpg.rf.82a79c10e15eb9f8fac5ca40e1f09a31.jpg,441,0.289078777775626
datasets/train_on_2025_all\images\GX010666_MP4-0263_jpg.rf.79cd10e2ac661d6d51fa4cb8b23f4075.jpg,442,0.28896973802050085
datasets/train_on_2025_all\val\images\frame_00115_jpg.rf.9040928b303879825f28282e64ac9442.jpg,443,0.2888817585988866
datasets/train_on_2025_all\images\frame_00070_jpg.rf.26075beb24dc5f8bd482d787a3f3648f.jpg,444,0.2887893290552844
datasets/train_on_2025_all\images\frame_00107_jpg.rf.a36623f85ff058b13e804b7b3ccc03f0.jpg,445,0.28869656776774005
datasets/train_on_2025_all\images\frame_00010_jpg.rf.7d98e67b4ec45098752fb95486542ff9.jpg,446,0.2885912681770698
datasets/train_on_2025_all\images\frame_00016_jpg.rf.6dfb2d04cbb42db5c89f9d08f4aec709.jpg,447,0.2885557834366513
datasets/train_on_2025_all\images\frame_00092_jpg.rf.4e7d1be2bab69a81a36a8b3d367322cc.jpg,448,0.2884900353055298
datasets/train_on_2025_all\images\frame_00087_jpg.rf.b7475a9039b5c11a3b48b8f848026b33.jpg,449,0.28845786100502546
datasets/train_on_2025_all\images\frame_00155_jpg.rf.1ec215b688e8d920d304707c875b10cc.jpg,450,0.2884490379647196
datasets/train_on_2025_all\images\frame_00096_jpg.rf.af0256ac1c6a390d00af0dd386039b15.jpg,451,0.2881015934034626
datasets/train_on_2025_all\images\frame_00086_jpg.rf.7ffe067a967065644a13b881cf777259.jpg,452,0.287939485365017
datasets/train_on_2025_all\val\images\frame_00167_jpg.rf.f8aaac085ca2adc17da406c40a56c3a9.jpg,453,0.28793065575574317
datasets/train_on_2025_all\val\images\frame_00222_jpg.rf.0d20c02a8faa6f7ae03bae6b3f583fb1.jpg,454,0.28786168922740846
datasets/train_on_2025_all\val\images\GX010666_MP4-0342_jpg.rf.307ab7360849f3a6f1bedc7704393376.jpg,455,0.28779741551300003
datasets/train_on_2025_all\val\images\frame_00099_jpg.rf.8481008a27b03b2922758b953313cbf7.jpg,456,0.28776303796523306
datasets/train_on_2025_all\images\frame_00053_jpg.rf.10c22aecff77ca6db0694a12f0ed51a8.jpg,457,0.2877423675734265
datasets/train_on_2025_all\val\images\GX010667_MP4-0020_jpg.rf.8188ca9e34801e0c8a4c895c56001c6b.jpg,458,0.28762228656233463
datasets/train_on_2025_all\images\frame_00100_jpg.rf.5ecfc4d0e62910ba44076cfc45325e46.jpg,459,0.28751284365858376
datasets/train_on_2025_all\images\GX010667_MP4-0032_jpg.rf.c00156a52dfca8118a51fb7121511bdb.jpg,460,0.28743735180208624
datasets/train_on_2025_all\images\frame_00029_jpg.rf.db8a81feef0a818318c4a620d5dba3c0.jpg,461,0.2873862641854708
datasets/train_on_2025_all\val\images\GX010666_MP4-0232_jpg.rf.bf3fb42f3038b0cca4ffbd3e6fd7d63c.jpg,462,0.287159187823992
datasets/train_on_2025_all\images\frame_00128_jpg.rf.0a3fe145e67cc2dfdef0a14a5673290e.jpg,463,0.2871263560109806
datasets/train_on_2025_all\images\frame_00099_jpg.rf.90d8f23910b11d6b27e6c9fc9f07baf9.jpg,464,0.2867947265287955
datasets/train_on_2025_all\images\frame_00094_jpg.rf.d9c61fe7d3709eadcab8c1c549f4f978.jpg,465,0.2866253937618591
datasets/train_on_2025_all\images\frame_00168_jpg.rf.90a8219f9314f6a0b33441bb3c9cccd2.jpg,466,0.2865975532680402
datasets/train_on_2025_all\images\frame_00041_jpg.rf.431b566838b0e652eea2f841db657f0e.jpg,467,0.28638839361165
datasets/train_on_2025_all\images\frame_00116_jpg.rf.73f5aea5412dd082e45ae63003202643.jpg,468,0.2863381153923973
datasets/train_on_2025_all\images\frame_00028_jpg.rf.605cd7bcaa1f228d70e6099eac3aa7e0.jpg,469,0.2862091649298372
datasets/train_on_2025_all\images\frame_00077_jpg.rf.d586fbcfeb7a030f214bbca12e36d4c8.jpg,470,0.2859968998169154
datasets/train_on_2025_all\images\GX010664_MP4-0069_jpg.rf.7aaeb445f52829dbb063f3eb529cfd1c.jpg,471,0.2858980455238239
datasets/train_on_2025_all\val\images\frame_00080_jpg.rf.70b2f556ecfbbb94ec89faaf34c0466b.jpg,472,0.28584895315853387
datasets/train_on_2025_all\val\images\frame_00113_jpg.rf.e2c1539fd451ce3387e479f2344ceb82.jpg,473,0.2857475726921637
datasets/train_on_2025_all\images\GX010664_MP4-0077_jpg.rf.51911a1ad2a3f628d8ccc691f3b2b4a6.jpg,474,0.2853963707554442
datasets/train_on_2025_all\images\GX010666_MP4-0019_jpg.rf.c16b29e6557101ef7e3ccc4521289381.jpg,475,0.2853525663886879
datasets/train_on_2025_all\images\frame_00052_jpg.rf.aa0266d30801faa2f6495168d599a15c.jpg,476,0.28508672336202895
datasets/train_on_2025_all\images\frame_00117_jpg.rf.d6e2354fd229f503767ebe7c4ce32d1e.jpg,477,0.28506772478919645
datasets/train_on_2025_all\images\GX010668_MP4-0042_jpg.rf.7a8ec4846b09c60b68735ac6f88a9f73.jpg,478,0.28487166896253674
datasets/train_on_2025_all\images\frame_00035_jpg.rf.dfc02acd38d775396b06d50bcb0a057a.jpg,479,0.2846564331261305
datasets/train_on_2025_all\val\images\GX010666_MP4-0020_jpg.rf.62dc814db651a4d7d87d1cdd84aec6ed.jpg,480,0.2845910758100773
datasets/train_on_2025_all\val\images\frame_00048_jpg.rf.bd960935debd71e3e6260cfe9a541821.jpg,481,0.2845367496100467
datasets/train_on_2025_all\val\images\frame_00012_jpg.rf.1c83794e43e25b69d5cb3455710aa78f.jpg,482,0.2845281832564953
datasets/train_on_2025_all\val\images\GX010666_MP4-0198_jpg.rf.80852bfeb84ac4e5c828dd93a3d5146e.jpg,483,0.28450964816775004
datasets/train_on_2025_all\images\GX010666_MP4-0159_jpg.rf.4aedae02c6408d2539c7bc223344752e.jpg,484,0.2840025180280964
datasets/train_on_2025_all\images\frame_00105_jpg.rf.a8d4b1dce9041699a28aecf5868f5f50.jpg,485,0.28389029726350545
datasets/train_on_2025_all\images\GX010666_MP4-0288_jpg.rf.6fbe92385be4df4b45eed5f8fec96d26.jpg,486,0.2838236416795261
datasets/train_on_2025_all\images\GX010667_MP4-0045_jpg.rf.73d391376024507fe3f6244012e65cc6.jpg,487,0.2838044754493617
datasets/train_on_2025_all\images\frame_00029_jpg.rf.c07a67defc6f671101a164d0926a5275.jpg,488,0.2836980031157221
datasets/train_on_2025_all\images\GX010666_MP4-0097_jpg.rf.7146863966a15f31abef1f6055438ffe.jpg,489,0.2836879093236353
datasets/train_on_2025_all\images\frame_00081_jpg.rf.cbf19d311c48376276029bf7b8009858.jpg,490,0.28364096768684194
datasets/train_on_2025_all\images\frame_00109_jpg.rf.e13574e9fa0a18843c5980fe71ef8112.jpg,491,0.28362633897723083
datasets/train_on_2025_all\val\images\frame_00080_jpg.rf.9f44c67e6a40ca4afd17a560c0a9ebd0.jpg,492,0.28341436913095
datasets/train_on_2025_all\images\frame_00126_jpg.rf.bb555e393b4ae06edbcfaa9607ef0018.jpg,493,0.28332409374517076
datasets/train_on_2025_all\images\frame_00034_jpg.rf.f8ab1f51e3d9294f041369efe344754d.jpg,494,0.28323799776448466
datasets/train_on_2025_all\val\images\frame_00076_jpg.rf.771d5b00ae6e2fd470a93a26fea51fec.jpg,495,0.2831975605135367
datasets/train_on_2025_all\images\frame_00037_jpg.rf.e01c6e859b22a47df967139ecbb8fdc6.jpg,496,0.2830251368618827
datasets/train_on_2025_all\images\frame_00041_jpg.rf.34b9eff779b9cfca8fcde63b31e1c5d2.jpg,497,0.28293843282781567
datasets/train_on_2025_all\images\frame_00015_jpg.rf.6a773fa8d4718b2424325a1ef0685270.jpg,498,0.28281540168875924
datasets/train_on_2025_all\val\images\frame_00067_jpg.rf.4fd6cc9a83f2385901c7d5cacf053aa7.jpg,499,0.2825547752016265
datasets/train_on_2025_all\images\frame_00072_jpg.rf.3ca265c8a06a686862daffccdf96226a.jpg,500,0.2825046974820012
datasets/train_on_2025_all\val\images\frame_00041_jpg.rf.820190131d46b87955b6f8ab38b0e58f.jpg,501,0.28245433618460924
datasets/train_on_2025_all\images\GX010666_MP4-0158_jpg.rf.4c572973d94751f1317d4be6923cb4f9.jpg,502,0.2823228777979953
datasets/train_on_2025_all\images\frame_00020_jpg.rf.b980c2cc7dfe6781f06df891a2432cb9.jpg,503,0.2823175232425743
datasets/train_on_2025_all\images\frame_00132_jpg.rf.cfe05cad09c75fb3337806f8917c3b01.jpg,504,0.2822818637164236
datasets/train_on_2025_all\images\frame_00012_jpg.rf.d5367e86c8973aad59dea34746bb7567.jpg,505,0.2821664699218014
datasets/train_on_2025_all\images\GX010667_MP4-0040_jpg.rf.a96c0492d44d3d29bab4213056d28a7d.jpg,506,0.2820875797706987
datasets/train_on_2025_all\images\GX010666_MP4-0220_jpg.rf.f1a51d7821618007fbae8a311a109dcb.jpg,507,0.28202018325507844
datasets/train_on_2025_all\val\images\frame_00133_jpg.rf.d006fda658276b0b0e3b9fc97d149fd0.jpg,508,0.28168884599426036
datasets/train_on_2025_all\images\frame_00059_jpg.rf.331402a994e17271e3bd52aeb631d739.jpg,509,0.2815916432480114
datasets/train_on_2025_all\images\frame_00084_jpg.rf.86ca6d772a18a85c34cb9b09fc624e2d.jpg,510,0.28155003925075917
datasets/train_on_2025_all\images\frame_00208_jpg.rf.06de581d054804e19578718743165b6a.jpg,511,0.28153343982500145
datasets/train_on_2025_all\images\GX010666_MP4-0206_jpg.rf.f4602c49454fe61ffd24f1dc8be22cb4.jpg,512,0.28105509011501173
datasets/train_on_2025_all\images\frame_00018_jpg.rf.f7b0d836e8ede3457a56ecc90885e51e.jpg,513,0.28084640591377885
datasets/train_on_2025_all\images\GX010666_MP4-0139_jpg.rf.096be98e60f57b5b24e59d5a12700dfd.jpg,514,0.280785562765689
datasets/train_on_2025_all\val\images\frame_00004_jpg.rf.88a65a3b251ebff973f73b2782f22d3b.jpg,515,0.2807300899327121
datasets/train_on_2025_all\images\frame_00044_jpg.rf.5dba34eb445243e0044716f094c15087.jpg,516,0.2806603079627507
datasets/train_on_2025_all\images\frame_00018_jpg.rf.2fc79adf4f348bcc0467b5a5b102bae8.jpg,517,0.2805565773529029
datasets/train_on_2025_all\images\frame_00116_jpg.rf.fe588a2b52b8ce9b437976e6cd2b3bea.jpg,518,0.2804268707086429
datasets/train_on_2025_all\val\images\frame_00043_jpg.rf.77b9d0f2493bc689aa7f4f6136882809.jpg,519,0.2802328458064823
datasets/train_on_2025_all\val\images\frame_00098_jpg.rf.2875f06c9f1abbbb4ed076e62910d445.jpg,520,0.28019432634738173
datasets/train_on_2025_all\val\images\GX010665_MP4-0265_jpg.rf.3c765632abf55afdd01d74c0dfc04471.jpg,521,0.28001798998089156
datasets/train_on_2025_all\val\images\frame_00066_jpg.rf.a3cde73d510c0b6d68b9d58f0db1d025.jpg,522,0.2798551839928305
datasets/train_on_2025_all\images\frame_00188_jpg.rf.147620c1e0c10868f42b5ebce8e85ff3.jpg,523,0.27975076374286584
datasets/train_on_2025_all\images\frame_00167_jpg.rf.efff2d38914032c0ceb34c78cdfe25ad.jpg,524,0.27971041793364876
datasets/train_on_2025_all\images\GX010668_MP4-0021_jpg.rf.b44db91c55365af02b9dd76c1ff7e3d1.jpg,525,0.279533806929132
datasets/train_on_2025_all\images\frame_00073_jpg.rf.cb206bb096c73e0fd0cf2bbd8e63e023.jpg,526,0.27950908572745053
datasets/train_on_2025_all\images\GX010668_MP4-0035_jpg.rf.fc7b066af1640282d5617a2eb5ba582a.jpg,527,0.279448328521854
datasets/train_on_2025_all\images\frame_00092_jpg.rf.31c834486d2db4945cc8c40280c4135a.jpg,528,0.27941368131879374
datasets/train_on_2025_all\images\GX010666_MP4-0141_jpg.rf.e2d702241689b23b159bb11ae984f14b.jpg,529,0.27937959315926003
datasets/train_on_2025_all\images\GX010664_MP4-0085_jpg.rf.b83c1bd5d8e2a54d2d0b1711015c5bf5.jpg,530,0.2792374932633094
datasets/train_on_2025_all\images\frame_00050_jpg.rf.cbc92bf1de173e108ac90b4551c588a6.jpg,531,0.279103139973648
datasets/train_on_2025_all\images\GX010664_MP4-0042_jpg.rf.d6104ad65a648b9369bbb761c62b19f5.jpg,532,0.2790080872384783
datasets/train_on_2025_all\images\frame_00142_jpg.rf.952f224b926303ed5e8d92dd3d6bde2a.jpg,533,0.278899478557325
datasets/train_on_2025_all\images\frame_00110_jpg.rf.db44e7e64a42df7fa68ba3dac04a10f1.jpg,534,0.27860063325314866
datasets/train_on_2025_all\images\frame_00097_jpg.rf.a404655f7d252186c4f5aee3be75034e.jpg,535,0.278531458713225
datasets/train_on_2025_all\images\frame_00044_jpg.rf.3e6ae63eeb1516ddb79b84224e970476.jpg,536,0.2783928710786682
datasets/train_on_2025_all\images\frame_00158_jpg.rf.c78563df56b77b704dd0b8bad1203d83.jpg,537,0.2781685965134143
datasets/train_on_2025_all\images\frame_00053_jpg.rf.82a3aa316e039ba77d06053bb8c969d3.jpg,538,0.27777847953525336
datasets/train_on_2025_all\images\GX010665_MP4-0026_jpg.rf.efc62c6441c10fe7bd39732a5d071352.jpg,539,0.27772299727111754
datasets/train_on_2025_all\images\GX010666_MP4-0086_jpg.rf.e2bdba34a2c926e20e4f898eb2e684cb.jpg,540,0.2775639021867104
datasets/train_on_2025_all\val\images\GX010668_MP4-0046_jpg.rf.b0d1b3e7fa8ae93f9dc5307911be5eb1.jpg,541,0.27745691691300994
datasets/train_on_2025_all\images\frame_00110_jpg.rf.d53bfc94f20ed3f4043023777bb77a7e.jpg,542,0.27742324615741765
datasets/train_on_2025_all\images\frame_00197_jpg.rf.314f3bef9a996bfba4f8799e5db538b2.jpg,543,0.2771959348567414
datasets/train_on_2025_all\images\frame_00174_jpg.rf.204e5cb1a6bc8c55a5a51c89290330b8.jpg,544,0.2771683992618619
datasets/train_on_2025_all\images\frame_00082_jpg.rf.709df099765c3541c1032c46ab487b09.jpg,545,0.2766374439417376
datasets/train_on_2025_all\val\images\frame_00011_jpg.rf.19b23fe9d0e2d713346f1cffeeab61cf.jpg,546,0.2763372637484905
datasets/train_on_2025_all\images\GX010665_MP4-0028_jpg.rf.a5ca2ceee9a17361e7b3d08e0db3afe4.jpg,547,0.27620826046590613
datasets/train_on_2025_all\val\images\frame_00120_jpg.rf.b4266d71de0fe2366776d1b8b80d387a.jpg,548,0.2761363555347662
datasets/train_on_2025_all\val\images\GX010666_MP4-0205_jpg.rf.40464f1b80e8ac7fe29ddc7b58f10f97.jpg,549,0.27612140226954807
datasets/train_on_2025_all\images\frame_00131_jpg.rf.d93545b92fa504c2bca20d97200863ab.jpg,550,0.2760815252813455
datasets/train_on_2025_all\images\frame_00047_jpg.rf.687c390ab727139358008bd79f61e44f.jpg,551,0.27606999356090745
datasets/train_on_2025_all\val\images\frame_00080_jpg.rf.3f47a50ca5ab22074d46d4d5e7430630.jpg,552,0.27591019762289665
datasets/train_on_2025_all\images\frame_00090_jpg.rf.4078aa3eb969768839583318d6651a91.jpg,553,0.27581505597189837
datasets/train_on_2025_all\images\frame_00051_jpg.rf.19bea96ec9f9b6316709704444db0f0f.jpg,554,0.27578761865188683
datasets/train_on_2025_all\val\images\frame_00135_jpg.rf.0b45278947642f449508ad67d27e3afd.jpg,555,0.275724215738871
datasets/train_on_2025_all\images\GX010666_MP4-0022_jpg.rf.4869d5171fbdbf82ae118102762eebda.jpg,556,0.27510682668144404
datasets/train_on_2025_all\images\frame_00060_jpg.rf.fb208306168d0801a10b0ac69cd66ca1.jpg,557,0.2750799730683539
datasets/train_on_2025_all\images\frame_00072_jpg.rf.731f89815be376955b67b85a6146cef5.jpg,558,0.2750530422813025
datasets/train_on_2025_all\images\frame_00211_jpg.rf.bd31bc31b9ead78b66804008eb621dbd.jpg,559,0.27500675510030426
datasets/train_on_2025_all\images\frame_00135_jpg.rf.a16fac132ed3fd350086fb7a8c9087f4.jpg,560,0.27496272477571626
datasets/train_on_2025_all\images\frame_00163_jpg.rf.2cf82bc8c41434af60672810ede29a2c.jpg,561,0.27491905927414717
datasets/train_on_2025_all\images\frame_00105_jpg.rf.21d28dd99b370eaf6209eb167614ab26.jpg,562,0.2749134484977564
datasets/train_on_2025_all\images\frame_00020_jpg.rf.af14529144fc3c278f795e5955a8d336.jpg,563,0.27482843613176244
datasets/train_on_2025_all\val\images\GX010666_MP4-0265_jpg.rf.f62b6c1dffe95746bd9e358f1d767d75.jpg,564,0.2748139012172173
datasets/train_on_2025_all\images\frame_00041_jpg.rf.48c59799adf4199e3cb95eea3a36efbe.jpg,565,0.27455216774645036
datasets/train_on_2025_all\images\frame_00106_jpg.rf.9eb6475d4a52ca388db65a2a1db1659a.jpg,566,0.27441770403532906
datasets/train_on_2025_all\images\frame_00098_jpg.rf.0328b7ec3df8056cb224ebc8d3c43c26.jpg,567,0.27440901188961053
datasets/train_on_2025_all\val\images\GX010666_MP4-0042_jpg.rf.b93efda5dffa96206b9bfcd9e8b7fe24.jpg,568,0.2743687018462574
datasets/train_on_2025_all\images\GX010668_MP4-0040_jpg.rf.4022e52e2a91615ed75d3d2ac1ac61c8.jpg,569,0.27405852466242264
datasets/train_on_2025_all\images\GX010665_MP4-0218_jpg.rf.ed042a0f0a6bf65f2bc8c0733add61b4.jpg,570,0.2740213893358636
datasets/train_on_2025_all\images\frame_00018_jpg.rf.f0ba91aa037e6904c98b49b4b8319cc3.jpg,571,0.2740196867180716
datasets/train_on_2025_all\val\images\frame_00046_jpg.rf.667a47ae0bf23d6c5bfa622b17c0b6a3.jpg,572,0.2740099989309796
datasets/train_on_2025_all\val\images\frame_00029_jpg.rf.3941c516f47e92f570c8b0348c8bb46b.jpg,573,0.2736146663272058
datasets/train_on_2025_all\images\GX010667_MP4-0029_jpg.rf.51387df2dbc16688e5eb2869c7eb7fa7.jpg,574,0.27353912303887484
datasets/train_on_2025_all\images\frame_00039_jpg.rf.2afef1f1cb1580cc2e182a5eab297704.jpg,575,0.27351952397487167
datasets/train_on_2025_all\images\frame_00063_jpg.rf.0d4beb04df06aaedf7aacdaffee784be.jpg,576,0.2731293862768214
datasets/train_on_2025_all\val\images\frame_00173_jpg.rf.806cad28049aab045de406a04e423df8.jpg,577,0.27304425637920754
datasets/train_on_2025_all\images\frame_00056_jpg.rf.bfde35abefc2c6cac9dc1006b37dab24.jpg,578,0.2729888356205107
datasets/train_on_2025_all\images\frame_00065_jpg.rf.887a8341a26f4a53e6785537d08e9941.jpg,579,0.27276418881264447
datasets/train_on_2025_all\images\frame_00026_jpg.rf.5c0010d3003ae3d118b045f83fe49b76.jpg,580,0.2725345012266585
datasets/train_on_2025_all\images\frame_00068_jpg.rf.7c29fa7ba7d3467035279559ef29e634.jpg,581,0.2725180521206245
datasets/train_on_2025_all\images\frame_00179_jpg.rf.b2d11961150acea61d778a59535d052e.jpg,582,0.27246370453725993
datasets/train_on_2025_all\images\frame_00056_jpg.rf.9d67c805164c28564230889b72189ce0.jpg,583,0.27233460096032835
datasets/train_on_2025_all\images\frame_00067_jpg.rf.6a6f462df834b8f2289e313f7a046a55.jpg,584,0.2722492885586882
datasets/train_on_2025_all\val\images\frame_00165_jpg.rf.9674e1c6f39421e6b35f073c72e58345.jpg,585,0.27198206453487234
datasets/train_on_2025_all\val\images\GX010665_MP4-0112_jpg.rf.522599c368b90b249eb4c5cc0e82e090.jpg,586,0.27188775328582665
datasets/train_on_2025_all\images\frame_00076_jpg.rf.9b7801d1355d5c7cf4eb90ed10bc8953.jpg,587,0.27187930686443107
datasets/train_on_2025_all\images\GX010666_MP4-0018_jpg.rf.0445994d5fdb65e26e2392ef2e526ee1.jpg,588,0.27183150542328294
datasets/train_on_2025_all\val\images\frame_00144_jpg.rf.af91a91769839410c716c6b7bd5213d7.jpg,589,0.2717940271325215
datasets/train_on_2025_all\val\images\frame_00138_jpg.rf.6b3cc9f4f6e87d758b7909dad954b389.jpg,590,0.2715995838381026
datasets/train_on_2025_all\images\GX010666_MP4-0161_jpg.rf.cad0177e825c8a427fbbb5d6c4a88762.jpg,591,0.27144850029786255
datasets/train_on_2025_all\images\GX010666_MP4-0135_jpg.rf.d0c739674d8cfdcf5c5be8f6af0a7b4c.jpg,592,0.2712712932089957
datasets/train_on_2025_all\val\images\frame_00055_jpg.rf.17c9c4717ff187cb435daa8e2e4f867d.jpg,593,0.27126612539290085
datasets/train_on_2025_all\images\frame_00030_jpg.rf.65d07c02730033362a6df23ca8123da6.jpg,594,0.2712316093300154
datasets/train_on_2025_all\val\images\frame_00069_jpg.rf.c31d2a2b480c1020d8d98b1cfbb31f4a.jpg,595,0.27116375060738107
datasets/train_on_2025_all\images\GX010665_MP4-0273_jpg.rf.5eef8c20f21de228d03ccb06e654c9aa.jpg,596,0.27114971638653745
datasets/train_on_2025_all\val\images\frame_00049_jpg.rf.e69c1947316ab7c5617b9f5ee197a630.jpg,597,0.27111134325858016
datasets/train_on_2025_all\val\images\frame_00155_jpg.rf.65b10faf8765e5753236bc40f87a060d.jpg,598,0.2710027182527647
datasets/train_on_2025_all\images\frame_00028_jpg.rf.a2bbb85f7973642f1c9b7c7604499e98.jpg,599,0.27099217390296176
datasets/train_on_2025_all\images\GX010666_MP4-0196_jpg.rf.68a85c7eba4b8e6803749ac0327b66f6.jpg,600,0.27076649348533005
datasets/train_on_2025_all\images\frame_00217_jpg.rf.855fd97351dbb677f49e90a048062634.jpg,601,0.2706886852108723
datasets/train_on_2025_all\images\GX010668_MP4-0047_jpg.rf.7db8667733213d10e3306d6c7be75e26.jpg,602,0.270616858953122
datasets/train_on_2025_all\images\GX010666_MP4-0203_jpg.rf.0ba39dbd5bea214aa502f333304aac21.jpg,603,0.2705079062645592
datasets/train_on_2025_all\val\images\frame_00134_jpg.rf.243ac01151e3061ea4ba5f8804f7db28.jpg,604,0.2702884076924237
datasets/train_on_2025_all\images\frame_00083_jpg.rf.f18de3c9817e55b9755093d0e552dc04.jpg,605,0.2700263613180418
datasets/train_on_2025_all\images\frame_00090_jpg.rf.60de19cb6127821bb76314e44b056238.jpg,606,0.26994064309655924
datasets/train_on_2025_all\images\frame_00036_jpg.rf.15d67351dbe88f477c50cba558bfa3dc.jpg,607,0.26992555959131614
datasets/train_on_2025_all\images\GX010666_MP4-0344_jpg.rf.bfc00b08b1bc368bf4dc7dc682e9196b.jpg,608,0.2699137230557848
datasets/train_on_2025_all\images\frame_00039_jpg.rf.6e7757c56320c594c77f96616a249ff6.jpg,609,0.26963950364021905
datasets/train_on_2025_all\images\GX010666_MP4-0155_jpg.rf.b3c71857ace56f29fdf0d827a32ce292.jpg,610,0.2696356845176446
datasets/train_on_2025_all\images\GX010666_MP4-0295_jpg.rf.af4a82c0209914dbf14df75477f3ffaf.jpg,611,0.2695726535928935
datasets/train_on_2025_all\images\GX010666_MP4-0185_jpg.rf.40388c56d9b0ca52d9facdda9509e263.jpg,612,0.2695568383434107
datasets/train_on_2025_all\images\frame_00186_jpg.rf.dbcf4c8cf050819f4ea286a19b787679.jpg,613,0.2694947521857038
datasets/train_on_2025_all\val\images\frame_00057_jpg.rf.3d1f5d442cd84db7e89addcc8e2719fe.jpg,614,0.2692229358265061
datasets/train_on_2025_all\images\frame_00026_jpg.rf.18a6b4bac86b6c8093a18918f9d53757.jpg,615,0.26906161112861604
datasets/train_on_2025_all\images\GX010666_MP4-0192_jpg.rf.82de175dd379ee194d3192d21afb5273.jpg,616,0.26884933468663486
datasets/train_on_2025_all\images\frame_00189_jpg.rf.b844beed392116f44afce644597a023b.jpg,617,0.26860586885762483
datasets/train_on_2025_all\val\images\frame_00144_jpg.rf.489c2886c1cfce6ad531645ba6f372d1.jpg,618,0.2684331450151366
datasets/train_on_2025_all\val\images\frame_00078_jpg.rf.31bfb8e18692c0c5daf5ec14c8e0c2e0.jpg,619,0.2682719792607408
datasets/train_on_2025_all\val\images\frame_00073_jpg.rf.a7526b3bbb79b7583431ecbd910fe907.jpg,620,0.26821018795326473
datasets/train_on_2025_all\images\frame_00021_jpg.rf.b6c62b609d77fc66457bdd13984b0c13.jpg,621,0.26821018795326473
datasets/train_on_2025_all\images\frame_00034_jpg.rf.49a3d06e69b81435157af5b7a39f21e1.jpg,622,0.26815786170088324
datasets/train_on_2025_all\images\frame_00071_jpg.rf.aaadead2f0ebeff87f5495ff244424da.jpg,623,0.2681308141468797
datasets/train_on_2025_all\images\frame_00038_jpg.rf.09e0fc9b0e058586b15e17d4705f32ae.jpg,624,0.26782696746763035
datasets/train_on_2025_all\val\images\frame_00120_jpg.rf.49936d1e10a96662b4f6896721fb06e4.jpg,625,0.2677901609191745
datasets/train_on_2025_all\images\frame_00042_jpg.rf.03d32dfc6eef9e27a09ca6f16d221330.jpg,626,0.26748880417135584
datasets/train_on_2025_all\images\frame_00062_jpg.rf.91b5a526ed44f92c3ce983b3b60527c7.jpg,627,0.2673708660137471
datasets/train_on_2025_all\images\frame_00058_jpg.rf.04a8d30f87839b1f4021ac1f50946cce.jpg,628,0.2672516368444957
datasets/train_on_2025_all\images\frame_00027_jpg.rf.e9a09a72f387cb1644ad86d61db5cdae.jpg,629,0.26690474252430896
datasets/train_on_2025_all\images\frame_00045_jpg.rf.c51b4ce2867f48183e5924c570a91d4b.jpg,630,0.2665773827964094
datasets/train_on_2025_all\images\GX010666_MP4-0310_jpg.rf.f824889c5990937dcfcc30c4d3ee8e5b.jpg,631,0.26645977687041067
datasets/train_on_2025_all\images\frame_00043_jpg.rf.3282d82e2870ff1002bc154f317b7c04.jpg,632,0.26639832735198876
datasets/train_on_2025_all\images\frame_00085_jpg.rf.fa2421e69682de63bcb464de02e68eaf.jpg,633,0.26635611550750743
datasets/train_on_2025_all\val\images\frame_00159_jpg.rf.7424d30cdf46154d39cf60a91ee73a5e.jpg,634,0.26632753071512383
datasets/train_on_2025_all\images\frame_00074_jpg.rf.4f8236ced638522b54875eeae2f78fec.jpg,635,0.2662864821382436
datasets/train_on_2025_all\images\frame_00015_jpg.rf.fa289b06dc941edd53d81c24834b273a.jpg,636,0.26605139574794817
datasets/train_on_2025_all\images\frame_00096_jpg.rf.96b29308cf15a821bc3df26f8436e966.jpg,637,0.2659980247263933
datasets/train_on_2025_all\val\images\frame_00065_jpg.rf.0c1069145b2596435cce952973aae2ad.jpg,638,0.26583062732796964
datasets/train_on_2025_all\images\frame_00205_jpg.rf.391eb1d8a251a161bf86371eb0b8857c.jpg,639,0.26562029416360683
datasets/train_on_2025_all\images\GX010664_MP4-0088_jpg.rf.494240a03bcd25f6257a187bd8c836b2.jpg,640,0.2655725693196588
datasets/train_on_2025_all\val\images\frame_00029_jpg.rf.eaf91f4dda5554acacdd5920fe03cd2a.jpg,641,0.2654963906709665
datasets/train_on_2025_all\images\frame_00176_jpg.rf.6562206316e2ed298a61e8fb74670236.jpg,642,0.2654899980091034
datasets/train_on_2025_all\images\frame_00136_jpg.rf.8aace151a0a471330d6ef3caf29b9c8d.jpg,643,0.2651092600451932
datasets/train_on_2025_all\images\frame_00048_jpg.rf.bf4fd20ab62adc210fc7ac2ce0918b9c.jpg,644,0.26491605850607375
datasets/train_on_2025_all\images\GX010665_MP4-0089_jpg.rf.f4e8db4583a4642a9f2d4c3ddbdb6103.jpg,645,0.2644655864272852
datasets/train_on_2025_all\images\frame_00103_jpg.rf.f4f86cdce7e6004671274b07ff67598f.jpg,646,0.2641528697718282
datasets/train_on_2025_all\images\frame_00149_jpg.rf.737b2c9711d547becfb3a70b1ae5dd00.jpg,647,0.2632732887914591
datasets/train_on_2025_all\images\frame_00089_jpg.rf.a4c637e0cb439e74ec226424f9a2e2ba.jpg,648,0.26302364643150145
datasets/train_on_2025_all\images\frame_00020_jpg.rf.cd618e25dc4f5272b7f730cb35aa9153.jpg,649,0.26278916736317254
datasets/train_on_2025_all\images\GX010668_MP4-0049_jpg.rf.6742a254b9d834abab20bebf3f627006.jpg,650,0.26277652592224365
datasets/train_on_2025_all\images\GX010665_MP4-0057_jpg.rf.7add9bb13d4af09973c089e63ef97e0a.jpg,651,0.2626509118479509
datasets/train_on_2025_all\images\frame_00043_jpg.rf.1972c1decf475bae612adacc6c59ef00.jpg,652,0.26264732772497923
datasets/train_on_2025_all\images\GX010665_MP4-0102_jpg.rf.cdbc439f6f8e7600a24ea9a6d00588c2.jpg,653,0.26228489460967463
datasets/train_on_2025_all\val\images\frame_00038_jpg.rf.92aebc9f7c406273bffccf46b4784e97.jpg,654,0.26214551704118544
datasets/train_on_2025_all\images\GX010666_MP4-0234_jpg.rf.283ad4d4571921b505e240613c393d16.jpg,655,0.2616157497573304
datasets/train_on_2025_all\images\GX010666_MP4-0244_jpg.rf.45debb3fcaeb9ac36806a0a54e77ae0b.jpg,656,0.26154130873801795
datasets/train_on_2025_all\images\frame_00049_jpg.rf.391b76ea640d7c9279a4a65ee41952c8.jpg,657,0.2611401671160864
datasets/train_on_2025_all\images\GX010668_MP4-0033_jpg.rf.a96287a54e72a0a1ea51bac584d7e311.jpg,658,0.2609666254925508
datasets/train_on_2025_all\images\frame_00128_jpg.rf.882c90f03db90a2287221d9fb0523707.jpg,659,0.2607492998625665
datasets/train_on_2025_all\images\frame_00013_jpg.rf.a7626f97a6e8c7976f77563ec43b7434.jpg,660,0.2606955196112488
datasets/train_on_2025_all\images\frame_00058_jpg.rf.748d1c1905b928c5e1cbdab70fc34ac7.jpg,661,0.26069024203767915
datasets/train_on_2025_all\val\images\GX010666_MP4-0140_jpg.rf.440afc90dd61cc2544357616f1a258e8.jpg,662,0.26042583303675126
datasets/train_on_2025_all\val\images\GX010668_MP4-0030_jpg.rf.5f98f7652d313ce2a95eafa2a87484ea.jpg,663,0.26034872888300187
datasets/train_on_2025_all\images\GX010666_MP4-0221_jpg.rf.f119c241bf3b35aee05e628c37170643.jpg,664,0.2603252067109613
datasets/train_on_2025_all\images\GX010666_MP4-0333_jpg.rf.de2e6f143a598ccac069104972c823d1.jpg,665,0.2603100125527913
datasets/train_on_2025_all\images\frame_00032_jpg.rf.50e1f841f8735ad385643dae16a57155.jpg,666,0.2600666330145177
datasets/train_on_2025_all\images\frame_00034_jpg.rf.558ad84f38c715ff1fec4bb405b62bf6.jpg,667,0.2600438180223581
datasets/train_on_2025_all\images\frame_00170_jpg.rf.e08b3d28c0cfc7d8c64b9fff9b8d1cd7.jpg,668,0.2599620127206537
datasets/train_on_2025_all\images\frame_00199_jpg.rf.5db3ad63af804a38fc7264af559f109b.jpg,669,0.2598479178067924
datasets/train_on_2025_all\val\images\frame_00008_jpg.rf.4c3ab5c00a674adb53d6140f4297a92c.jpg,670,0.25973653387800366
datasets/train_on_2025_all\images\GX010666_MP4-0218_jpg.rf.03945d15b90f9c82f3c1168683062297.jpg,671,0.2595103314513513
datasets/train_on_2025_all\images\GX010665_MP4-0087_jpg.rf.4aa99a02a0239ce75f1ee0490ae6ab3e.jpg,672,0.2593773362821344
datasets/train_on_2025_all\images\frame_00159_jpg.rf.1cb72d9ad0a612092d3c7e9afea1d0b1.jpg,673,0.2593757613382955
datasets/train_on_2025_all\images\frame_00195_jpg.rf.c84273dcb87dc397b66627be5b488490.jpg,674,0.259257257921484
datasets/train_on_2025_all\val\images\frame_00047_jpg.rf.433845c65c7fb3331ee9129330ba949d.jpg,675,0.259217612211791
datasets/train_on_2025_all\images\frame_00182_jpg.rf.e32d65a50212ecf3adb08fca04204c77.jpg,676,0.2591783385104334
datasets/train_on_2025_all\images\frame_00083_jpg.rf.ea885b9c4b3a8f5456d574c6a5af1637.jpg,677,0.25914325348022904
datasets/train_on_2025_all\images\GX010666_MP4-0320_jpg.rf.7315d2642d52d03c50e7889e97a2d393.jpg,678,0.25910777520733497
datasets/train_on_2025_all\images\GX010667_MP4-0030_jpg.rf.6a8df5780107e92f73e6b86f7b4e22bc.jpg,679,0.258978110680635
datasets/train_on_2025_all\images\GX010667_MP4-0009_jpg.rf.a109c582e200606986f6d9d7ed8353c1.jpg,680,0.258898819088768
datasets/train_on_2025_all\images\frame_00054_jpg.rf.bf9b4cd1fe322cb102f23eb9a665b97b.jpg,681,0.25877179814554924
datasets/train_on_2025_all\images\frame_00008_jpg.rf.6a4027daa752b930212f9a9b54e77b10.jpg,682,0.25877179814554924
datasets/train_on_2025_all\images\frame_00175_jpg.rf.b7c0e6f0bbb1cc22e99ff510e80f2b06.jpg,683,0.2583846634030944
datasets/train_on_2025_all\images\frame_00152_jpg.rf.977bb3e3f5fb9adc52e77783d42fad39.jpg,684,0.25821093396735323
datasets/train_on_2025_all\images\GX010667_MP4-0022_jpg.rf.3b7ef3e44e7233d1027df05efa2551ab.jpg,685,0.2579576632538154
datasets/train_on_2025_all\val\images\frame_00032_jpg.rf.fea3897e7d07ef7b548b7904b9777f94.jpg,686,0.25769910166050497
datasets/train_on_2025_all\val\images\GX010664_MP4-0066_jpg.rf.dbe08062cfe3b4b71322afeec9ae2fde.jpg,687,0.2576577645047744
datasets/train_on_2025_all\images\frame_00017_jpg.rf.a1ee837e62f6b24c1a7f7d4cb5dbf462.jpg,688,0.25755060147874004
datasets/train_on_2025_all\images\GX010666_MP4-0017_jpg.rf.87de5837b9e20c97c615b39c19d43986.jpg,689,0.2575277176466974
datasets/train_on_2025_all\images\frame_00099_jpg.rf.60ce93cee441f877c9966a4603162389.jpg,690,0.2575210118380014
datasets/train_on_2025_all\images\frame_00014_jpg.rf.ef6fd92adaef6abdd424e2a31ef307f5.jpg,691,0.25744311263367775
datasets/train_on_2025_all\images\GX010666_MP4-0100_jpg.rf.502fdff33c1c263cd859045822530126.jpg,692,0.25736382532696095
datasets/train_on_2025_all\images\frame_00095_jpg.rf.a28e8f2e08382d511ce94047cb89c7ce.jpg,693,0.257178592887757
datasets/train_on_2025_all\images\frame_00036_jpg.rf.3a343fec52db39c0f3fbcbdc9083e29d.jpg,694,0.25713952964253234
datasets/train_on_2025_all\images\frame_00101_jpg.rf.7b375c7e938c979cf83a257be2318498.jpg,695,0.2570289584216025
datasets/train_on_2025_all\val\images\GX010666_MP4-0127_jpg.rf.4809416e338ac8a6bef404af0229bd8c.jpg,696,0.2570031056835705
datasets/train_on_2025_all\images\GX010668_MP4-0020_jpg.rf.25733a8da806e157af0a70fcfd1964eb.jpg,697,0.25691173720816257
datasets/train_on_2025_all\val\images\frame_00140_jpg.rf.705c1259c649e1d4fe97303493492bdc.jpg,698,0.2567952560003401
datasets/train_on_2025_all\val\images\frame_00030_jpg.rf.8c42e651a39837097e313864fbe724f0.jpg,699,0.2566998369297236
datasets/train_on_2025_all\images\frame_00102_jpg.rf.7f5acb416bf69cbe38f1e9b2dbf1d9ee.jpg,700,0.2564899515768176
datasets/train_on_2025_all\images\frame_00022_jpg.rf.85c6da29ebe8e1ae76a189ef136a3bfa.jpg,701,0.25635733076956274
datasets/train_on_2025_all\images\frame_00030_jpg.rf.c413dd5eed41f1c9d0972ecfa792bc61.jpg,702,0.25576895094902474
datasets/train_on_2025_all\images\frame_00119_jpg.rf.8639e4158518e728eca73c00f72f20c0.jpg,703,0.25574847668107376
datasets/train_on_2025_all\images\GX010664_MP4-0060_jpg.rf.1c6bbf0e92177286d9b849346fff3ad2.jpg,704,0.25572037499770345
datasets/train_on_2025_all\images\GX010666_MP4-0224_jpg.rf.f0b5cdca336dc45154ebbef3e1ec88ee.jpg,705,0.2556859542344083
datasets/train_on_2025_all\val\images\GX010667_MP4-0036_jpg.rf.d3f607829b588e71aefe13e9983d415e.jpg,706,0.2553053849883387
datasets/train_on_2025_all\images\GX010665_MP4-0012_jpg.rf.b6d399bad362a005b52d85a36946930e.jpg,707,0.2552035676187571
datasets/train_on_2025_all\images\GX010665_MP4-0119_jpg.rf.c574b03407b66448aad99fbe1377524b.jpg,708,0.25487282590250243
datasets/train_on_2025_all\images\GX010665_MP4-0091_jpg.rf.fe26edd525ea7504ac1942be3e1967b9.jpg,709,0.25450571228346924
datasets/train_on_2025_all\val\images\frame_00087_jpg.rf.30487ec4f5c6f44e3f01a5de7665cd05.jpg,710,0.25449899887153365
datasets/train_on_2025_all\images\GX010665_MP4-0139_jpg.rf.0fd45edf056321c1c65b8771e9efeb4e.jpg,711,0.25447230688330696
datasets/train_on_2025_all\images\frame_00114_jpg.rf.06b7734188569a87ab2c3138e8f31237.jpg,712,0.25446713535228854
datasets/train_on_2025_all\images\frame_00055_jpg.rf.6044d206d082be83084fd8aa05898326.jpg,713,0.254369537478461
datasets/train_on_2025_all\images\frame_00123_jpg.rf.310ea230ee743f5bd060bfd144afbcd1.jpg,714,0.25401340551200996
datasets/train_on_2025_all\images\frame_00074_jpg.rf.6341fcfd1257c9c041786a039a4e6300.jpg,715,0.2534227354590419
datasets/train_on_2025_all\images\GX010666_MP4-0106_jpg.rf.18ec1c13692396dcb4c069714c85e2e6.jpg,716,0.2533815004779687
datasets/train_on_2025_all\images\GX010664_MP4-0101_jpg.rf.fbbddac3cf611ccd749e86361bdff021.jpg,717,0.2530168491498678
datasets/train_on_2025_all\images\frame_00104_jpg.rf.c555d13216f6888f3c17b3e94a60d939.jpg,718,0.2528595675397162
datasets/train_on_2025_all\images\GX010665_MP4-0059_jpg.rf.ca9bd4aee400f9209fc76ed1310b61b0.jpg,719,0.2527042192765071
datasets/train_on_2025_all\images\GX010666_MP4-0008_jpg.rf.7678ea1d329436128f04c19ddc364a92.jpg,720,0.2523025854064095
datasets/train_on_2025_all\images\frame_00035_jpg.rf.006b9574c416e1d41e2ad67917225bd5.jpg,721,0.2522433322924469
datasets/train_on_2025_all\images\frame_00160_jpg.rf.491e4dea57ffd53d290dd3f5e9f89ddd.jpg,722,0.2515254922716873
datasets/train_on_2025_all\images\frame_00072_jpg.rf.7e03e6a8f6c089648242df24afa8be68.jpg,723,0.2515116237124298
datasets/train_on_2025_all\val\images\frame_00079_jpg.rf.74df03ce577bc13cbf59df680c588789.jpg,724,0.25134730108210435
datasets/train_on_2025_all\images\GX010666_MP4-0190_jpg.rf.93299b04d6fa31fa6b4659a66ab998e4.jpg,725,0.251038421435881
datasets/train_on_2025_all\images\frame_00006_jpg.rf.f3a0aba8fbfb1a5d5c6cd9b555cf4d99.jpg,726,0.25067974600106074
datasets/train_on_2025_all\images\frame_00012_jpg.rf.11ed1fc12ec2f8b018b48bfe25c17968.jpg,727,0.25057231331142915
datasets/train_on_2025_all\images\frame_00113_jpg.rf.444c3f82e39beae3824ad70ad300e72b.jpg,728,0.2505609417342882
datasets/train_on_2025_all\images\GX010666_MP4-0055_jpg.rf.6887713607d21251e80fc7815f9b5c63.jpg,729,0.25051101683216137
datasets/train_on_2025_all\images\GX010666_MP4-0215_jpg.rf.09fa113ca5ec8cc003b83014d06dd112.jpg,730,0.25049586332214346
datasets/train_on_2025_all\images\frame_00058_jpg.rf.18bed995a54a4f5989cec940e5e2bbe9.jpg,731,0.2504209628881922
datasets/train_on_2025_all\images\frame_00005_jpg.rf.9e94c2badff0303ade53cbbb8f873195.jpg,732,0.2503905543956898
datasets/train_on_2025_all\images\frame_00070_jpg.rf.304f3ab90a7aee2851d1e89274c6ed86.jpg,733,0.25038280704195454
datasets/train_on_2025_all\images\frame_00046_jpg.rf.9e935bd164160566f44b921e0d0f7c45.jpg,734,0.2495916233980558
datasets/train_on_2025_all\images\GX010666_MP4-0180_jpg.rf.33bf07bd8c302a0bc5c64f11bfe912c7.jpg,735,0.24955610872371772
datasets/train_on_2025_all\images\GX010667_MP4-0041_jpg.rf.ac2c58d68872ce3e5bfc1f32a29f0533.jpg,736,0.24904159187410232
datasets/train_on_2025_all\val\images\frame_00023_jpg.rf.23dd43f6a0025cce3c7a8d1712fdbf5a.jpg,737,0.24899246140190556
datasets/train_on_2025_all\val\images\frame_00003_jpg.rf.66e740d20d8ea52a0226c18aa5b1ee34.jpg,738,0.24891682944018878
datasets/train_on_2025_all\images\GX010666_MP4-0004_jpg.rf.9ae19c7f99db4502a95b9fc1ed8e6937.jpg,739,0.2487086757373843
datasets/train_on_2025_all\images\GX010668_MP4-0028_jpg.rf.c6fefb06583fb140fcf1f9c43206c21a.jpg,740,0.2484831577984683
datasets/train_on_2025_all\images\frame_00011_jpg.rf.3c1775a81cf8f88d22c075a4160c2e1e.jpg,741,0.24826557912369357
datasets/train_on_2025_all\images\frame_00220_jpg.rf.c19d99cbbb21b2e2beea768d4a38f8b0.jpg,742,0.24739675452887286
datasets/train_on_2025_all\images\frame_00081_jpg.rf.1f2dc468100e5a32f7c59e170d6a6902.jpg,743,0.24712283293527498
datasets/train_on_2025_all\images\frame_00157_jpg.rf.2e96298f48107a25f33a33ac468af477.jpg,744,0.24700972694079287
datasets/train_on_2025_all\images\frame_00111_jpg.rf.c2aecab6cda3ed5c90407a33ef59bfee.jpg,745,0.2469882422736734
datasets/train_on_2025_all\images\GX010666_MP4-0193_jpg.rf.5c17f224fe9877bf01f9129f645dfd97.jpg,746,0.24687472715883027
datasets/train_on_2025_all\images\GX010664_MP4-0045_jpg.rf.c8d739d56ac4a183c4486d25701b5e9c.jpg,747,0.24661349588005163
datasets/train_on_2025_all\images\frame_00071_jpg.rf.86aa7b60d99a01c09b275e5d85cf90dc.jpg,748,0.24652472936546804
datasets/train_on_2025_all\images\GX010665_MP4-0251_jpg.rf.30730c87042f23ff371dcdc2b2867497.jpg,749,0.24618181867359493
datasets/train_on_2025_all\images\frame_00158_jpg.rf.3968cc5da7722b7e158db27a588c1fba.jpg,750,0.2461119696251188
datasets/train_on_2025_all\images\GX010666_MP4-0126_jpg.rf.4a4dbc71ee3ea97aea03ddb64b5194a3.jpg,751,0.2457806708774259
datasets/train_on_2025_all\images\GX010665_MP4-0108_jpg.rf.b2c7dcd0ffefb0fefe89673e7b296b99.jpg,752,0.2456485608586657
datasets/train_on_2025_all\images\GX010665_MP4-0171_jpg.rf.94b38e93e0033cf29489d60ce98a1b7d.jpg,753,0.24549070050741872
datasets/train_on_2025_all\images\GX010667_MP4-0015_jpg.rf.76aa846f5c971746045289eff211342a.jpg,754,0.24524784583059275
datasets/train_on_2025_all\images\GX010666_MP4-0210_jpg.rf.9968af1e08ebaa7afc53158b3fad0d68.jpg,755,0.24511380015777282
datasets/train_on_2025_all\images\frame_00131_jpg.rf.19e736e59cb4939677702fa5d607f078.jpg,756,0.24507594503631086
datasets/train_on_2025_all\images\GX010666_MP4-0150_jpg.rf.477f9d4d825700b656315f6db744e5a7.jpg,757,0.24491630870111147
datasets/train_on_2025_all\images\frame_00183_jpg.rf.7f40ed458186ee2aa51920a2e44547b0.jpg,758,0.24458736417359483
datasets/train_on_2025_all\val\images\GX010666_MP4-0156_jpg.rf.0e17e20b198a52cb4f51db6b3bc6a53c.jpg,759,0.24439150128000012
datasets/train_on_2025_all\images\frame_00005_jpg.rf.a4fbdb6ea2709dca15495c40ef3d85c0.jpg,760,0.24426504155637105
datasets/train_on_2025_all\val\images\GX010667_MP4-0042_jpg.rf.5f3f446986fd04aab6da301cd12141b5.jpg,761,0.24415420462309387
datasets/train_on_2025_all\images\frame_00118_jpg.rf.d01c724cc835963c5e577910080fe6f5.jpg,762,0.24406102073740768
datasets/train_on_2025_all\images\frame_00066_jpg.rf.5fadc93acab59192c9756ab03096d6bd.jpg,763,0.24354874483368855
datasets/train_on_2025_all\images\GX010666_MP4-0165_jpg.rf.f3ebcce7f4754858d77be8861d25714b.jpg,764,0.24334319891531947
datasets/train_on_2025_all\images\frame_00104_jpg.rf.8b3a462cac5c6f9f0aa05a23dbfe9ac3.jpg,765,0.24318437648201727
datasets/train_on_2025_all\images\frame_00090_jpg.rf.2cd8b22f5de151c74c68ac7b1c63f48e.jpg,766,0.24312278950827523
datasets/train_on_2025_all\images\frame_00051_jpg.rf.a8336cac8ad91f0367810ad238303946.jpg,767,0.2430966645996348
datasets/train_on_2025_all\val\images\GX010666_MP4-0137_jpg.rf.ddb399f51b65857ff4ccae7f6021c9c4.jpg,768,0.24308219968884853
datasets/train_on_2025_all\val\images\GX010664_MP4-0035_jpg.rf.8b7690fde7b76921c471e4a81bfcfcd6.jpg,769,0.2430410549449386
datasets/train_on_2025_all\images\GX010666_MP4-0121_jpg.rf.a91deb030dee381b2dd09ffdc4246fe2.jpg,770,0.24235987184603178
datasets/train_on_2025_all\images\GX010666_MP4-0264_jpg.rf.0c5afebcde9c625d909af8070bb5686b.jpg,771,0.24183016772638397
datasets/train_on_2025_all\val\images\GX010666_MP4-0246_jpg.rf.5f244233e392480ab71194ad5a73cd37.jpg,772,0.24180657363094868
datasets/train_on_2025_all\images\frame_00137_jpg.rf.ccbf7b0ddfb4a4a5ec4c0599de51b6b7.jpg,773,0.24179313175523845
datasets/train_on_2025_all\images\GX010667_MP4-0024_jpg.rf.e0ede1d3eb6620de323f3ebfb1b47299.jpg,774,0.24146253360839298
datasets/train_on_2025_all\images\GX010666_MP4-0143_jpg.rf.3b3714e69fadc3c1f526d86a9a73ac0b.jpg,775,0.24035281347348453
datasets/train_on_2025_all\images\GX010666_MP4-0236_jpg.rf.74e9c56ef7b175bf94f54c02e8f82123.jpg,776,0.2401794949517046
datasets/train_on_2025_all\images\frame_00070_jpg.rf.ee3da37a8e0c69be24485bcbded502db.jpg,777,0.23968666506691558
datasets/train_on_2025_all\images\GX010664_MP4-0057_jpg.rf.45b9f0af7a9bcb2ae19121dbb6dfe0a0.jpg,778,0.2396081447523124
datasets/train_on_2025_all\val\images\frame_00132_jpg.rf.be8e6aec1aa77bb4c1062c1e11410e2e.jpg,779,0.23846817278052893
datasets/train_on_2025_all\images\GX010668_MP4-0041_jpg.rf.18ae3e7a3cca0b161d5c6de6ba2905d4.jpg,780,0.23832491738180375
datasets/train_on_2025_all\val\images\frame_00204_jpg.rf.df2a8cfed71013deaf9a36116294ae1e.jpg,781,0.2382917657531692
datasets/train_on_2025_all\images\frame_00040_jpg.rf.ce51232b20d604e482566b88c86c522e.jpg,782,0.2370965256567933
datasets/train_on_2025_all\images\frame_00117_jpg.rf.6b202153988bcb138f69eb463df643bc.jpg,783,0.2369287781716768
datasets/train_on_2025_all\images\frame_00027_jpg.rf.fa3e1c62e15b7d958cf3effbd38889ac.jpg,784,0.2369089741599105
datasets/train_on_2025_all\images\frame_00172_jpg.rf.554cd188d7a87696b8a1bfeea5aa7215.jpg,785,0.2361845124547616
datasets/train_on_2025_all\val\images\GX010668_MP4-0034_jpg.rf.f22267ef6b3c8c34a3efe9013da01e58.jpg,786,0.23612492867114912
datasets/train_on_2025_all\val\images\GX010666_MP4-0132_jpg.rf.61d730ff56c12fb19103ae799d159244.jpg,787,0.23581291807373012
datasets/train_on_2025_all\images\frame_00084_jpg.rf.86731da5195f165e41d1b5b1245dd00c.jpg,788,0.2357248125801567
datasets/train_on_2025_all\images\GX010666_MP4-0162_jpg.rf.86dc7ca5f56570b58f6038bec9f4ad20.jpg,789,0.235392273760522
datasets/train_on_2025_all\images\GX010667_MP4-0033_jpg.rf.108aae399f3d12aa628c9e87b7ae2d64.jpg,790,0.2349985273880543
datasets/train_on_2025_all\val\images\frame_00027_jpg.rf.d369d90de32e7c8400c2dba4c9d7ade4.jpg,791,0.23480575042155402
datasets/train_on_2025_all\images\GX010665_MP4-0114_jpg.rf.ef4576edfd9ff5aa31f3f5d87d56364c.jpg,792,0.23471957079355407
datasets/train_on_2025_all\val\images\frame_00042_jpg.rf.3f1ee8cc02886515309ec0ee5c7d23ba.jpg,793,0.23459049353946435
datasets/train_on_2025_all\val\images\frame_00215_jpg.rf.9864f0df39c1b743d9670ccf72b3f772.jpg,794,0.23439817244855402
datasets/train_on_2025_all\val\images\GX010665_MP4-0101_jpg.rf.131b63cfb62ad852ecc981bd69cafc6a.jpg,795,0.2343929804101554
datasets/train_on_2025_all\val\images\GX010664_MP4-0067_jpg.rf.4ed44c5ef2ddb2cfd2635afcebf806d6.jpg,796,0.23383293388401227
datasets/train_on_2025_all\images\GX010666_MP4-0164_jpg.rf.a179827a07d2d7e474cb55e645948295.jpg,797,0.23352586650466026
datasets/train_on_2025_all\images\GX010667_MP4-0010_jpg.rf.e0bff1a934fa0d817a1a773a4381100e.jpg,798,0.23338370626515906
datasets/train_on_2025_all\images\frame_00011_jpg.rf.975b52169461b6e0516f23e40a98147c.jpg,799,0.23333537102015803
datasets/train_on_2025_all\images\GX010666_MP4-0184_jpg.rf.4fa0ee02a81f8f70bbbeb4ca5582b0ea.jpg,800,0.2331877577674087
datasets/train_on_2025_all\images\GX010666_MP4-0168_jpg.rf.c1ad2d08cf2eba0f8d50747dc0153fa3.jpg,801,0.23284837707322886
datasets/train_on_2025_all\images\frame_00091_jpg.rf.2324858d4d78912b41ff0c9185569bf3.jpg,802,0.23280525438599212
datasets/train_on_2025_all\images\frame_00024_jpg.rf.405745091316e7ae3d8e3c608cae7a88.jpg,803,0.23250938873419924
datasets/train_on_2025_all\images\GX010666_MP4-0007_jpg.rf.6b820df671dd91e746ab9a48024fd966.jpg,804,0.232278709626043
datasets/train_on_2025_all\images\frame_00088_jpg.rf.d632c5137fbbda859be9d6c361b22846.jpg,805,0.23176672631759587
datasets/train_on_2025_all\images\frame_00060_jpg.rf.7dbea52178dd259f40e3a87819095a4a.jpg,806,0.23175812068558718
datasets/train_on_2025_all\images\frame_00052_jpg.rf.087ee9b7582b73096e14410352fa5e45.jpg,807,0.2315933334406089
datasets/train_on_2025_all\images\frame_00008_jpg.rf.11cfdb679b92a4147ba6adf42754255a.jpg,808,0.23142314291909016
datasets/train_on_2025_all\images\GX010665_MP4-0243_jpg.rf.f2223eb8c91a55f1ddacf7d6933a7ed0.jpg,809,0.23138473218266967
datasets/train_on_2025_all\images\GX010666_MP4-0311_jpg.rf.d62a678d345fe9d2b5de42a53bd6a227.jpg,810,0.23137591217246273
datasets/train_on_2025_all\images\frame_00100_jpg.rf.60af75aaecab8c9cc7f3cbbecd6909f8.jpg,811,0.23137267046014656
datasets/train_on_2025_all\images\frame_00133_jpg.rf.265eb3b7fc260c4aa89ed310cebdf52a.jpg,812,0.23126120978520973
datasets/train_on_2025_all\images\GX010668_MP4-0022_jpg.rf.dced07a205ff70daf296671aea5d5742.jpg,813,0.23114176211694268
datasets/train_on_2025_all\images\frame_00154_jpg.rf.6fbaef2ac7e27241841a021bd8d1447f.jpg,814,0.23091334567849126
datasets/train_on_2025_all\images\GX010664_MP4-0081_jpg.rf.c32c93623b48e02727de62f25239c351.jpg,815,0.23066181663803115
datasets/train_on_2025_all\images\frame_00109_jpg.rf.a5e4232348f04ce5016bcf2d6b432d6f.jpg,816,0.230622167403409
datasets/train_on_2025_all\images\frame_00130_jpg.rf.9ba54399d0aca61ca6b7b63f74b4e579.jpg,817,0.23052271981678
datasets/train_on_2025_all\images\frame_00096_jpg.rf.e538ab7f15211b59a67584363b50e54e.jpg,818,0.2302557878692058
datasets/train_on_2025_all\val\images\frame_00106_jpg.rf.8d08bf2d6c71df94caeebdb712a2e378.jpg,819,0.23024983728227183
datasets/train_on_2025_all\val\images\frame_00094_jpg.rf.5ef55d1da6c1b1d50fdabfa4631d4a71.jpg,820,0.23017666660935407
datasets/train_on_2025_all\val\images\GX010664_MP4-0036_jpg.rf.7304f9f7de96081f2d1b12ff1ddcf922.jpg,821,0.22973121820075537
datasets/train_on_2025_all\images\frame_00092_jpg.rf.271d5ab25dfcfaa99eeb0b9a9d21a4d9.jpg,822,0.22936951047730084
datasets/train_on_2025_all\images\GX010666_MP4-0105_jpg.rf.3a3c59158503fec4edacbb59584dc227.jpg,823,0.22921307382026226
datasets/train_on_2025_all\val\images\frame_00119_jpg.rf.ade6cfc25d5716b294234655d4f3c6bc.jpg,824,0.2288217295295533
datasets/train_on_2025_all\images\frame_00093_jpg.rf.a70de9b15a46983f92a75ccd7790f9b8.jpg,825,0.22866984523281914
datasets/train_on_2025_all\images\GX010666_MP4-0024_jpg.rf.e804dfc54d651732b133faf38987e5d7.jpg,826,0.22853401562746634
datasets/train_on_2025_all\images\GX010664_MP4-0074_jpg.rf.5a9cf23e848a7a8868748137515df600.jpg,827,0.22821638512997203
datasets/train_on_2025_all\images\GX010665_MP4-0110_jpg.rf.8dc571bc5b27193d0b4aa09f8b6c96a9.jpg,828,0.22813546720950878
datasets/train_on_2025_all\images\GX010666_MP4-0011_jpg.rf.63bec81c1d706a3f75fffbd5ce49afea.jpg,829,0.228073496571578
datasets/train_on_2025_all\images\GX010664_MP4-0061_jpg.rf.1ddf1a6703c5c6516ad9152656b8450c.jpg,830,0.2279366819451103
datasets/train_on_2025_all\images\frame_00038_jpg.rf.595e5d0f0f19eec1d6538f85aaefa906.jpg,831,0.22791269576918516
datasets/train_on_2025_all\images\frame_00071_jpg.rf.9bf99b67077fc3a2fa57a17be0590f56.jpg,832,0.22782178064252728
datasets/train_on_2025_all\val\images\GX010666_MP4-0272_jpg.rf.74eeefbf52ebc445ee3c6d961811c765.jpg,833,0.22774651990334807
datasets/train_on_2025_all\val\images\GX010666_MP4-0179_jpg.rf.dfd6c39149dad17ffc0b36014f886e26.jpg,834,0.22614202901301209
datasets/train_on_2025_all\images\frame_00125_jpg.rf.e3189d23520dbe0d409eef61d5e72701.jpg,835,0.22604962070243081
datasets/train_on_2025_all\images\frame_00032_jpg.rf.7d46e933266919c2bd9fc24eff04621b.jpg,836,0.22586834545242016
datasets/train_on_2025_all\images\frame_00123_jpg.rf.516f86370658742f880782410029b2c8.jpg,837,0.22567970007843635
datasets/train_on_2025_all\images\frame_00174_jpg.rf.585c404b3023535aadabc15bd85155d5.jpg,838,0.2254940849149882
datasets/train_on_2025_all\images\frame_00103_jpg.rf.edc8e67bda955f7a9c3c63cde8873bf1.jpg,839,0.22465499678723613
datasets/train_on_2025_all\images\GX010667_MP4-0031_jpg.rf.a3edae53f059c749f2df0de04173b5c4.jpg,840,0.22414680704429019
datasets/train_on_2025_all\images\frame_00072_jpg.rf.fe846e2275e5ee3d03b0c7a54edd798a.jpg,841,0.22390439469327245
datasets/train_on_2025_all\val\images\GX010666_MP4-0208_jpg.rf.8969faa6ea46f0b400fee4df90f1673d.jpg,842,0.2236479323669176
datasets/train_on_2025_all\val\images\frame_00039_jpg.rf.50ad10c4731a50be3dc2d3520e7a15ef.jpg,843,0.2234678681381593
datasets/train_on_2025_all\images\GX010666_MP4-0260_jpg.rf.b73e23de496afd12018854489edccd82.jpg,844,0.22343336358726582
datasets/train_on_2025_all\images\GX010664_MP4-0034_jpg.rf.60262825d9038404e45f03e6fc114810.jpg,845,0.22321745385939032
datasets/train_on_2025_all\images\frame_00005_jpg.rf.c42ac8118f9093bec750f88f7f25b84a.jpg,846,0.22318405136978794
datasets/train_on_2025_all\val\images\GX010666_MP4-0289_jpg.rf.0e84b5c98c056cce5850848a4bafc38a.jpg,847,0.2229693762558303
datasets/train_on_2025_all\val\images\frame_00118_jpg.rf.0f4ceb04f723eccd1f97fa68b7c3cfc2.jpg,848,0.22207500431357466
datasets/train_on_2025_all\images\frame_00083_jpg.rf.7cb7fbf9d640148e9e1e20846c9a0e59.jpg,849,0.22180009806413636
datasets/train_on_2025_all\images\frame_00102_jpg.rf.02cb9814887c6708aff5be8b9e390b31.jpg,850,0.22137188656385842
datasets/train_on_2025_all\images\GX010668_MP4-0050_jpg.rf.d0ed6442072ffb2f0ea642fd4efb62b0.jpg,851,0.2211233766973961
datasets/train_on_2025_all\images\GX010667_MP4-0013_jpg.rf.6b94ecf75786a83d291c79d1ce419fb0.jpg,852,0.22085356543749193
datasets/train_on_2025_all\images\frame_00100_jpg.rf.dfb4b4df24c8223816f99e10a08cc818.jpg,853,0.22085356543749193
datasets/train_on_2025_all\images\GX010664_MP4-0072_jpg.rf.03bb667b6766896dbc8ee38fc8495027.jpg,854,0.2206686877596157
datasets/train_on_2025_all\images\frame_00141_jpg.rf.3250e4682d6532d8ff8dcce474aed0f7.jpg,855,0.22049931590497482
datasets/train_on_2025_all\images\GX010664_MP4-0084_jpg.rf.354738c71897cfb319677245d8204d21.jpg,856,0.22042705874671778
datasets/train_on_2025_all\images\GX010665_MP4-0130_jpg.rf.103e55f0d7d7a32a40412ba08753909d.jpg,857,0.22022452274486307
datasets/train_on_2025_all\images\GX010666_MP4-0300_jpg.rf.e03031aaf73217325382256572c1f6fc.jpg,858,0.2198696301829868
datasets/train_on_2025_all\images\GX010666_MP4-0134_jpg.rf.b425d32ef26b9291d6496f975eaca287.jpg,859,0.21968935092315184
datasets/train_on_2025_all\images\GX010666_MP4-0285_jpg.rf.611bfb302335feaa82207dfa61b9441b.jpg,860,0.21938108576850712
datasets/train_on_2025_all\images\GX010666_MP4-0204_jpg.rf.416f1c54aae4d9e56baa12a695c91656.jpg,861,0.21927345372232787
datasets/train_on_2025_all\val\images\GX010666_MP4-0267_jpg.rf.2c23fadd156f8b781cbf893340f4c6f5.jpg,862,0.21912705944004693
datasets/train_on_2025_all\val\images\GX010666_MP4-0146_jpg.rf.77de6c08320ab4e50bd67d7ac826e35b.jpg,863,0.21898864669772378
datasets/train_on_2025_all\images\frame_00051_jpg.rf.0d63d86bb60b3beb0783f3cba106eb07.jpg,864,0.21873357609345065
datasets/train_on_2025_all\images\GX010665_MP4-0090_jpg.rf.7706e729cb1e2db1425209a5fb2de190.jpg,865,0.21850130252414462
datasets/train_on_2025_all\images\frame_00026_jpg.rf.51204a4543b65166c53d6a8174374915.jpg,866,0.21793871284070776
datasets/train_on_2025_all\val\images\frame_00073_jpg.rf.0d9b74a6359cd8ebb3928132c762a3ae.jpg,867,0.2179103216185928
datasets/train_on_2025_all\images\GX010666_MP4-0343_jpg.rf.42c596e94cb24c3f9c0ff7aa037a526f.jpg,868,0.21785208422559735
datasets/train_on_2025_all\val\images\GX010665_MP4-0100_jpg.rf.2f48e9422b2776132e8bce5a9b039b72.jpg,869,0.21760920061305075
datasets/train_on_2025_all\images\frame_00125_jpg.rf.39a5f1564f9804e59598bc4bdd2a2c05.jpg,870,0.2169127362783896
datasets/train_on_2025_all\images\frame_00055_jpg.rf.0aaa7c260073f3d725faa988f2316d1c.jpg,871,0.2168125097513979
datasets/train_on_2025_all\images\frame_00030_jpg.rf.61b1899f49b3fef74c26b165c45465d2.jpg,872,0.21643772366533182
datasets/train_on_2025_all\images\GX010666_MP4-0188_jpg.rf.da00b8a782eabd4d35cecee82dee7f52.jpg,873,0.21553663601753714
datasets/train_on_2025_all\images\GX010668_MP4-0043_jpg.rf.7d2fa3c8f1164c0b4f505eb6b0c582a5.jpg,874,0.2152747698998735
datasets/train_on_2025_all\images\GX010664_MP4-0071_jpg.rf.5fa5c2520ce253a68114b81090336e99.jpg,875,0.21497646530139197
datasets/train_on_2025_all\images\frame_00110_jpg.rf.5b15f5ce8687a7256ac45c0292f16688.jpg,876,0.21496537602031215
datasets/train_on_2025_all\images\GX010666_MP4-0199_jpg.rf.6be19237689989f2aa5e5055bd9edd4e.jpg,877,0.2149234776337301
datasets/train_on_2025_all\images\GX010665_MP4-0249_jpg.rf.e18cdcf793eabdb4cf2f13967ae074df.jpg,878,0.21481528853887424
datasets/train_on_2025_all\images\GX010666_MP4-0237_jpg.rf.6134c4816c818248cf712097b105fb6c.jpg,879,0.2144309327172581
datasets/train_on_2025_all\images\frame_00213_jpg.rf.1443a5d3549554051bdbd9e1492e1285.jpg,880,0.21422450616265576
datasets/train_on_2025_all\images\GX010667_MP4-0019_jpg.rf.afdd20519d3151812172c412e7565c5c.jpg,881,0.2139704444813937
datasets/train_on_2025_all\val\images\GX010665_MP4-0240_jpg.rf.f8a3d3fb848bdffe0c2a9bb5577d6411.jpg,882,0.2138914389314694
datasets/train_on_2025_all\images\GX010666_MP4-0338_jpg.rf.3799b261db8a0e481ab985c6b41772e3.jpg,883,0.21363239176779286
datasets/train_on_2025_all\images\GX010664_MP4-0054_jpg.rf.44b342c758bfd84e4d3301ca6dfbe6cd.jpg,884,0.21360927931787382
datasets/train_on_2025_all\images\GX010666_MP4-0087_jpg.rf.08bb1cc71334cb643c3946fb14cdea4b.jpg,885,0.21315983340678513
datasets/train_on_2025_all\images\frame_00097_jpg.rf.ca748125b041e9cded5d3b32ca1ddb0b.jpg,886,0.21228715448909444
datasets/train_on_2025_all\images\GX010666_MP4-0214_jpg.rf.5087b94e46b13770795ebbb0d81decfb.jpg,887,0.2122377444189898
datasets/train_on_2025_all\val\images\GX010665_MP4-0136_jpg.rf.e7d4a096af4183113442395ffea99ebe.jpg,888,0.21156303618886682
datasets/train_on_2025_all\images\GX010666_MP4-0138_jpg.rf.c8f31b83cb2c4207c1492f2f3671e9fd.jpg,889,0.2115235817079095
datasets/train_on_2025_all\images\GX010664_MP4-0046_jpg.rf.525af9e46a3a8dded556d3bd8e868a12.jpg,890,0.211480499898389
datasets/train_on_2025_all\val\images\frame_00011_jpg.rf.586fe9ab3171294332bc8ce0e6b1cb1a.jpg,891,0.21146371461834246
datasets/train_on_2025_all\images\GX010666_MP4-0282_jpg.rf.010de7125387bf2c4b58aa356e762124.jpg,892,0.21020461208923205
datasets/train_on_2025_all\images\GX010666_MP4-0255_jpg.rf.065922a23ea8d45c3728b53f1b9306b9.jpg,893,0.2098989664573933
datasets/train_on_2025_all\images\frame_00021_jpg.rf.5fa93950d002d8747129ea453eb03005.jpg,894,0.20960895947493574
datasets/train_on_2025_all\val\images\GX010666_MP4-0240_jpg.rf.d570fd1c3baf0fc285f0cb023a838bfb.jpg,895,0.20928616125121413
datasets/train_on_2025_all\images\frame_00053_jpg.rf.a9b14b05fb884321e1d19acb611ee9be.jpg,896,0.2090049411358599
datasets/train_on_2025_all\images\frame_00024_jpg.rf.ccd5db1fbafa3f70e82b12b1c58c295b.jpg,897,0.20893376447547504
datasets/train_on_2025_all\images\frame_00044_jpg.rf.bbea3e064d3bdf147c1ce2477b8a057f.jpg,898,0.2085174381006592
datasets/train_on_2025_all\val\images\GX010666_MP4-0197_jpg.rf.c7a26dc85c03543fda2a41b3498d3119.jpg,899,0.20827696250072295
datasets/train_on_2025_all\images\GX010664_MP4-0040_jpg.rf.eb3abc53941098561893bb700ee284e5.jpg,900,0.2079086522219582
datasets/train_on_2025_all\images\GX010666_MP4-0202_jpg.rf.05c4a3388dd2b03169c95664046b051a.jpg,901,0.20772916410044165
datasets/train_on_2025_all\val\images\frame_00123_jpg.rf.cbdceb48ccd7243b202cbe30e6f618dd.jpg,902,0.20740516281340268
datasets/train_on_2025_all\images\GX010667_MP4-0044_jpg.rf.05780a88b3d0708ff9429804fa7ac7c5.jpg,903,0.2071642681833615
datasets/train_on_2025_all\images\GX010666_MP4-0045_jpg.rf.93e3835ebda75f6e407a8dbbce6139a4.jpg,904,0.20714997614836497
datasets/train_on_2025_all\images\GX010666_MP4-0249_jpg.rf.c4c26ed2d166b9deb9fc31d15581dc69.jpg,905,0.20663239940789457
datasets/train_on_2025_all\images\GX010664_MP4-0082_jpg.rf.1394a9e90b332aeb578d219931fb0830.jpg,906,0.20605864862531467
datasets/train_on_2025_all\val\images\GX010666_MP4-0340_jpg.rf.92e898d4d57ad41c22383fd60f123f99.jpg,907,0.20569501638833157
datasets/train_on_2025_all\images\frame_00065_jpg.rf.202f5a0737ed5198f70fe96c914ac673.jpg,908,0.2053878982157633
datasets/train_on_2025_all\images\GX010664_MP4-0079_jpg.rf.69738b17d71bcf1082757e24402a9bc9.jpg,909,0.20503953884627119
datasets/train_on_2025_all\val\images\frame_00068_jpg.rf.53869447b4c745ee7432a6edf5b090ba.jpg,910,0.204989270163044
datasets/train_on_2025_all\val\images\GX010668_MP4-0051_jpg.rf.1093c2416a6da9c9d803a6a59cefe382.jpg,911,0.20467874941884753
datasets/train_on_2025_all\images\GX010664_MP4-0089_jpg.rf.5dbb78ccf95f85012aae87561f6925d1.jpg,912,0.20396481825150656
datasets/train_on_2025_all\val\images\GX010667_MP4-0017_jpg.rf.838403099898006b70c33663e0660e01.jpg,913,0.2039413580787841
datasets/train_on_2025_all\images\GX010666_MP4-0243_jpg.rf.f16abb25a1d389b7090c5d682eebc510.jpg,914,0.20330289436154478
datasets/train_on_2025_all\images\frame_00219_jpg.rf.a37d9fb1b17473d8bed10080c02d95a0.jpg,915,0.2032835266901988
datasets/train_on_2025_all\images\frame_00089_jpg.rf.8a5da7b6a4b7a8c8807b5f50f1fab6c3.jpg,916,0.20305403286943685
datasets/train_on_2025_all\images\frame_00134_jpg.rf.f5ccf45a61e406cdafbe1962d31eb861.jpg,917,0.202868864149274
datasets/train_on_2025_all\images\GX010666_MP4-0194_jpg.rf.0f7d6d56318782aad07b413f4e75908d.jpg,918,0.2028004781352737
datasets/train_on_2025_all\images\GX010668_MP4-0039_jpg.rf.28e79bcb92b7ce8df51ff9d6d695a21c.jpg,919,0.20246212871767527
datasets/train_on_2025_all\images\GX010666_MP4-0123_jpg.rf.d30278d147b7b7341c5f1ce8ce32d1d4.jpg,920,0.20225107854400307
datasets/train_on_2025_all\images\GX010664_MP4-0048_jpg.rf.b2d6d85b710b934adf2da8b2a5cd5ade.jpg,921,0.20221644624016025
datasets/train_on_2025_all\val\images\GX010666_MP4-0299_jpg.rf.bd13c8a01d852359623531401625f1ca.jpg,922,0.20153147335895932
datasets/train_on_2025_all\images\GX010666_MP4-0251_jpg.rf.7fa46dfc7b1cb6e6d44621594eed4eba.jpg,923,0.2012992038626734
datasets/train_on_2025_all\images\frame_00003_jpg.rf.42c03ad0db5e42c1cc474e5ffee4acda.jpg,924,0.20025416897709541
datasets/train_on_2025_all\images\GX010666_MP4-0241_jpg.rf.eb0a426cff6a81dc5c5076e25e7ed770.jpg,925,0.2000734526406402
datasets/train_on_2025_all\val\images\GX010666_MP4-0201_jpg.rf.4acd5a5008a2417a774dc6600e208da8.jpg,926,0.19978345657949484
datasets/train_on_2025_all\val\images\GX010666_MP4-0304_jpg.rf.b4b9e06bd78ceca4e17a366087f0513e.jpg,927,0.1993688179333596
datasets/train_on_2025_all\images\GX010666_MP4-0144_jpg.rf.11d7195f98f72f7526bc18e580887100.jpg,928,0.19926744890972456
datasets/train_on_2025_all\val\images\frame_00113_jpg.rf.03f09e6607484f67a2c8c2c4622c033e.jpg,929,0.19908971952046223
datasets/train_on_2025_all\images\GX010665_MP4-0246_jpg.rf.b8c6bfb1b4817671897e1a1f31e2c87f.jpg,930,0.19883548742704965
datasets/train_on_2025_all\val\images\frame_00076_jpg.rf.e98839198aa956bbcd2274e1bc1e158e.jpg,931,0.19840605028095226
datasets/train_on_2025_all\images\GX010665_MP4-0252_jpg.rf.80607bc4f56e8f5e43e3f9be4981da71.jpg,932,0.19838825506875313
datasets/train_on_2025_all\images\frame_00133_jpg.rf.8d9e8af99e0b2d5c29c9d7b86642beac.jpg,933,0.19755019440666488
datasets/train_on_2025_all\val\images\GX010666_MP4-0186_jpg.rf.31e7663c062d2414f79492f77174f4f8.jpg,934,0.19754275366228558
datasets/train_on_2025_all\val\images\GX010666_MP4-0157_jpg.rf.e7bb421fdf0c7af80746a147557794cc.jpg,935,0.197496826289832
datasets/train_on_2025_all\images\GX010664_MP4-0087_jpg.rf.8a8b85bddca5b951f23f333887a14e04.jpg,936,0.19746420521899363
datasets/train_on_2025_all\images\frame_00006_jpg.rf.b1e2f6b39721d564a4a3b390602e6d74.jpg,937,0.19697360947652437
datasets/train_on_2025_all\images\frame_00102_jpg.rf.aab8ce303692aec3d50bdfb845a04b39.jpg,938,0.19692077829936247
datasets/train_on_2025_all\images\frame_00021_jpg.rf.d0e5b3351bb734ec2e1d951f03db262b.jpg,939,0.19664239073393264
datasets/train_on_2025_all\images\GX010664_MP4-0068_jpg.rf.f6b6ee1c80ba210531fbf6db65959dce.jpg,940,0.19604793717283533
datasets/train_on_2025_all\images\frame_00034_jpg.rf.5355868fab7778fbc4447b5d18b5d1b1.jpg,941,0.1955585615014067
datasets/train_on_2025_all\images\GX010664_MP4-0059_jpg.rf.6d32fc68087320f1e760d352861b6fa1.jpg,942,0.19524933029226094
datasets/train_on_2025_all\images\GX010666_MP4-0187_jpg.rf.5fd44cda6ace0f37958a27b738e8df80.jpg,943,0.19517157803270063
datasets/train_on_2025_all\images\GX010666_MP4-0253_jpg.rf.ecd4e0000fdc5152fc73ffc3e3e91cd3.jpg,944,0.1951188916410943
datasets/train_on_2025_all\images\GX010666_MP4-0248_jpg.rf.980302a77336dd4ffe4b6092f93e5946.jpg,945,0.19510918527771168
datasets/train_on_2025_all\images\GX010666_MP4-0167_jpg.rf.14be7df8428d866d01cbac2b31827e58.jpg,946,0.19435960300144606
datasets/train_on_2025_all\images\GX010666_MP4-0174_jpg.rf.e6399b7bc5b4dea7d41283ab5627802b.jpg,947,0.19434080850065083
datasets/train_on_2025_all\images\GX010665_MP4-0196_jpg.rf.9adeffad62a0525e4ed7d6f8fca452da.jpg,948,0.19311624205291117
datasets/train_on_2025_all\images\frame_00019_jpg.rf.9b9f983fbfa57ad34ee97c78f81c8c8a.jpg,949,0.19277559231268585
datasets/train_on_2025_all\images\frame_00120_jpg.rf.9eea5fd542755484b9c44837a2479ac0.jpg,950,0.1925829968044144
datasets/train_on_2025_all\images\GX010667_MP4-0035_jpg.rf.e931147b4dbf4c16e5d0171acc14e5a0.jpg,951,0.1918200469911144
datasets/train_on_2025_all\val\images\frame_00082_jpg.rf.8760bad924d9fc6a30511a8d358d8a93.jpg,952,0.19157772580500085
datasets/train_on_2025_all\val\images\GX010664_MP4-0078_jpg.rf.e7451f1d8d4eb701f83a250ce81d4788.jpg,953,0.19096391431010307
datasets/train_on_2025_all\images\GX010666_MP4-0181_jpg.rf.96f4bae8dd9d4331a6f616ee8ee7078f.jpg,954,0.18989377281260655
datasets/train_on_2025_all\val\images\frame_00089_jpg.rf.8b995120cac38df1876a44df4065cfce.jpg,955,0.1898751587065608
datasets/train_on_2025_all\images\GX010666_MP4-0084_jpg.rf.74294207b8862362e4d6f67afe9e3349.jpg,956,0.18971928883896563
datasets/train_on_2025_all\val\images\GX010666_MP4-0296_jpg.rf.05a9eba60e05444a01358dec605b91f3.jpg,957,0.1891721137196818
datasets/train_on_2025_all\images\GX010666_MP4-0287_jpg.rf.3a728097d1fb67ddf5248d946b7c64f9.jpg,958,0.18869637857648955
datasets/train_on_2025_all\images\GX010664_MP4-0063_jpg.rf.d01fe91db8b9f75290948cc7cc50c760.jpg,959,0.18808957804745907
datasets/train_on_2025_all\images\GX010665_MP4-0027_jpg.rf.4af315f4a69d88a7e1293f0e3e3b8ce3.jpg,960,0.1874376695466646
datasets/train_on_2025_all\val\images\GX010666_MP4-0009_jpg.rf.5191676e5cafb864c78b1ff9e737d853.jpg,961,0.18735403622739874
datasets/train_on_2025_all\images\frame_00122_jpg.rf.1beadd0d8e7d2e647f8b34c6c92b884b.jpg,962,0.18708987637505328
datasets/train_on_2025_all\images\frame_00117_jpg.rf.85d91bd7e6b3df069a2465bc9323989d.jpg,963,0.18696760128266324
datasets/train_on_2025_all\val\images\GX010665_MP4-0256_jpg.rf.347aefc78a4b4e49222993bd4c07411e.jpg,964,0.18694350500675935
datasets/train_on_2025_all\images\GX010667_MP4-0014_jpg.rf.ad2b6fe3a168ad7aaaa8b1147101176f.jpg,965,0.18685520866570543
datasets/train_on_2025_all\images\frame_00063_jpg.rf.f3d9fc129aa922a9ba5016f6c3a8dc98.jpg,966,0.18638509691431418
datasets/train_on_2025_all\images\GX010667_MP4-0011_jpg.rf.1b42d6f2f53648061614a26065e88b93.jpg,967,0.186222169867023
datasets/train_on_2025_all\val\images\frame_00106_jpg.rf.7087fe5ce2d441301c48f19812919caf.jpg,968,0.18478338018169616
datasets/train_on_2025_all\images\GX010666_MP4-0207_jpg.rf.391c2af893fa2e8b0a8863aaa13e9adf.jpg,969,0.18390780924233918
datasets/train_on_2025_all\images\GX010665_MP4-0113_jpg.rf.07523ee6156b45018e4e60b55a5ba1c2.jpg,970,0.1835238315188699
datasets/train_on_2025_all\images\GX010666_MP4-0088_jpg.rf.f0add35f57d96e601dd3355192fa9722.jpg,971,0.18318960128992995
datasets/train_on_2025_all\images\GX010666_MP4-0043_jpg.rf.36d7189bd46e8aa7ff9a50e26b976be5.jpg,972,0.18316455216253558
datasets/train_on_2025_all\val\images\frame_00032_jpg.rf.fdf9c971ed9de5d1258672c2b975cdea.jpg,973,0.18294875595662852
datasets/train_on_2025_all\images\GX010667_MP4-0028_jpg.rf.9426dd00f9116d7a0683fea76ddadc73.jpg,974,0.18284870385600901
datasets/train_on_2025_all\images\GX010666_MP4-0006_jpg.rf.7b6ead4d7774b0916f05b69b5e8c84c9.jpg,975,0.18272661238356727
datasets/train_on_2025_all\images\GX010665_MP4-0111_jpg.rf.28c370a4586765748f423bf5292aa213.jpg,976,0.18249839769770831
datasets/train_on_2025_all\images\GX010666_MP4-0183_jpg.rf.780651479113ecfd3720ddf2a498e4fa.jpg,977,0.1823953150366972
datasets/train_on_2025_all\images\GX010666_MP4-0259_jpg.rf.9d5287ab3b91132861e8a633787c7ede.jpg,978,0.18073979106100813
datasets/train_on_2025_all\images\frame_00019_jpg.rf.4972f7f1306d9a19950c5aa2b1deb74c.jpg,979,0.1805434399584766
datasets/train_on_2025_all\val\images\frame_00093_jpg.rf.737f743feaa01553acfc68547f868567.jpg,980,0.18014360856239664
datasets/train_on_2025_all\images\GX010666_MP4-0211_jpg.rf.73d22322dcc5293b8cdfbd0958b6040e.jpg,981,0.17965975732636227
datasets/train_on_2025_all\val\images\frame_00085_jpg.rf.6fcff5ca456d3ab4362957992f3b89c8.jpg,982,0.17964938088970375
datasets/train_on_2025_all\images\GX010666_MP4-0217_jpg.rf.b6d5ce03605fba9cec0ae944c6a1a82a.jpg,983,0.1780687937577943
datasets/train_on_2025_all\images\GX010667_MP4-0021_jpg.rf.c25aeccd0fd354b5a14cef61f4cc6788.jpg,984,0.17724414447238773
datasets/train_on_2025_all\images\GX010664_MP4-0038_jpg.rf.5e8711161789d29abea90f11ff701c7d.jpg,985,0.1769259315025072
datasets/train_on_2025_all\images\GX010665_MP4-0193_jpg.rf.3882d4c5ba00f711e6f1712d42469373.jpg,986,0.1761984978616634
datasets/train_on_2025_all\images\GX010666_MP4-0209_jpg.rf.869300b676a0b6988e255bb117b4c2a5.jpg,987,0.17552028321005875
datasets/train_on_2025_all\images\GX010666_MP4-0133_jpg.rf.6f4690f5840ebefa437c64a4d1791fec.jpg,988,0.17512223454210796
datasets/train_on_2025_all\images\GX010666_MP4-0305_jpg.rf.ab108c990177ac5837aab9b46490ea21.jpg,989,0.17421405484462957
datasets/train_on_2025_all\images\GX010665_MP4-0255_jpg.rf.bcb6b956a37b320736bfefbd4f123eb3.jpg,990,0.17415265173127256
datasets/train_on_2025_all\images\GX010666_MP4-0335_jpg.rf.3a2df5f570fbd04ab6744b17bf6f2716.jpg,991,0.1731012874674538
datasets/train_on_2025_all\images\GX010664_MP4-0030_jpg.rf.b3bf2e905aa6c56dacadbe39d62f9e8d.jpg,992,0.17282863766164075
datasets/train_on_2025_all\images\GX010666_MP4-0169_jpg.rf.5f8256fad6bc897b78fecf90de26d28c.jpg,993,0.1727660109782188
datasets/train_on_2025_all\images\frame_00101_jpg.rf.157b70319ac7104db907b76981cb884b.jpg,994,0.17169980596565015
datasets/train_on_2025_all\images\GX010664_MP4-0026_jpg.rf.013f1bb913aa7cce8f44eec370687d3a.jpg,995,0.1714258904916207
datasets/train_on_2025_all\images\GX010666_MP4-0093_jpg.rf.616520198877d4de27d3252def3cb882.jpg,996,0.17103875658966386
datasets/train_on_2025_all\images\frame_00127_jpg.rf.92f7d8d165cec57ed341966c69a50431.jpg,997,0.17033849661471778
datasets/train_on_2025_all\images\frame_00091_jpg.rf.aebe15e8d901546151e924e367e5c36b.jpg,998,0.16983449889947064
datasets/train_on_2025_all\images\GX010665_MP4-0248_jpg.rf.55df4a04ef0f2b4a5d302dba58d64de5.jpg,999,0.16935111480059703
datasets/train_on_2025_all\val\images\frame_00009_jpg.rf.ae5b8f3b1ed4b46f6ad0d8b4d04c07c7.jpg,1000,0.16916440514238776
datasets/train_on_2025_all\images\GX010664_MP4-0055_jpg.rf.b7b7b2b43763f005b106eb811db0522f.jpg,1001,0.1690694424013802
datasets/train_on_2025_all\images\frame_00101_jpg.rf.50f2393476b5569f06686c2c79e8a176.jpg,1002,0.1689744019800734
datasets/train_on_2025_all\images\frame_00115_jpg.rf.96bdc3b96eded8eb93ac882834654b51.jpg,1003,0.16770410857060045
datasets/train_on_2025_all\val\images\frame_00099_jpg.rf.09377e0177be384033bb7f6e63656693.jpg,1004,0.16761475914859944
datasets/train_on_2025_all\images\GX010666_MP4-0149_jpg.rf.dc9661b7a75d10838469628fbdd3b7d0.jpg,1005,0.1670237778361824
datasets/train_on_2025_all\images\GX010665_MP4-0115_jpg.rf.ace7d22ef4e2022b8d9960e510b6b6f4.jpg,1006,0.1666827157423318
datasets/train_on_2025_all\images\GX010668_MP4-0011_jpg.rf.2fd7d2c9a943391c92fd291dd546bc9e.jpg,1007,0.16647114980785796
datasets/train_on_2025_all\images\GX010664_MP4-0051_jpg.rf.8540b420dd448a9fc879d352d1d93da7.jpg,1008,0.1662455774696217
datasets/train_on_2025_all\images\GX010665_MP4-0237_jpg.rf.15580b6220ee0cce9ed89f87355c4990.jpg,1009,0.1659673829475523
datasets/train_on_2025_all\images\frame_00074_jpg.rf.b6f97053362a7fbcaaafae39845330b8.jpg,1010,0.16505228906475147
datasets/train_on_2025_all\val\images\frame_00017_jpg.rf.4caa4bdc028ec295e4a6581f33b71ded.jpg,1011,0.1645804005593455
datasets/train_on_2025_all\images\GX010666_MP4-0085_jpg.rf.aebb00ce57c072c0ae7aa8dcc3ae27e4.jpg,1012,0.16411334511233314
datasets/train_on_2025_all\images\GX010666_MP4-0257_jpg.rf.fd8ea6106f8bb72e4b375e27014b3db3.jpg,1013,0.16229381236934498
datasets/train_on_2025_all\val\images\GX010665_MP4-0258_jpg.rf.a00c002979213abbf46660d816111f51.jpg,1014,0.16178226102843668
datasets/train_on_2025_all\images\GX010666_MP4-0213_jpg.rf.3f37a5a0a36239ebb06fc4dfe704192c.jpg,1015,0.1616937310287358
datasets/train_on_2025_all\images\GX010665_MP4-0189_jpg.rf.141f93edee08d1217407f95246071f23.jpg,1016,0.16156385332764334
datasets/train_on_2025_all\images\frame_00004_jpg.rf.6b84e6ce0ce299b222b6b2b97dcb0e31.jpg,1017,0.1607785493887272
datasets/train_on_2025_all\images\GX010666_MP4-0016_jpg.rf.efee1c476928cd2f83d58aeaf2829c4b.jpg,1018,0.1604706626732735
datasets/train_on_2025_all\images\GX010664_MP4-0043_jpg.rf.9b3a06a280ba259fb528212d40bae4b0.jpg,1019,0.16003196865166228
datasets/train_on_2025_all\images\GX010666_MP4-0216_jpg.rf.156cf52bf7334e2de5742016d61ba008.jpg,1020,0.15979477946129572
datasets/train_on_2025_all\images\frame_00103_jpg.rf.5345e1ebd932c457b969e8574365a3be.jpg,1021,0.15976477100579467
datasets/train_on_2025_all\images\GX010665_MP4-0129_jpg.rf.0183f8cbb64b8610d89922b5794dbcf3.jpg,1022,0.15963502065785012
datasets/train_on_2025_all\val\images\GX010665_MP4-0199_jpg.rf.fc9b041e2f1a850141e77df9b673ff6f.jpg,1023,0.1588971067642423
datasets/train_on_2025_all\images\frame_00004_jpg.rf.9c968ac8bae486c821c5bc257dfedd7e.jpg,1024,0.15717377698141144
datasets/train_on_2025_all\val\images\GX010666_MP4-0147_jpg.rf.cc48b4b5729e3b9b8a9ac25271ea748b.jpg,1025,0.15677582214830715
datasets/train_on_2025_all\images\GX010664_MP4-0052_jpg.rf.b9eb3e34c346142c1d192b9e2ca70e54.jpg,1026,0.15523195684823235
datasets/train_on_2025_all\images\GX010665_MP4-0242_jpg.rf.099af0609506b84cfe8ceb0ce03e5fea.jpg,1027,0.15518083644427205
datasets/train_on_2025_all\images\frame_00137_jpg.rf.da1561ff61e1185b2740b66e4cf28ed8.jpg,1028,0.15479003155709858
datasets/train_on_2025_all\images\GX010666_MP4-0301_jpg.rf.c5a72c0c597cb53e742d725765181165.jpg,1029,0.15429528852509167
datasets/train_on_2025_all\val\images\GX010666_MP4-0239_jpg.rf.94a918d542bf392fe5b479effd8d77fc.jpg,1030,0.15350864929918065
datasets/train_on_2025_all\images\GX010666_MP4-0341_jpg.rf.1e6125f94faff70eabd1db25f6780121.jpg,1031,0.15323560561115548
datasets/train_on_2025_all\images\GX010665_MP4-0135_jpg.rf.a67e59dabd6b23ef1153ed18978df9a4.jpg,1032,0.15307869374113128
datasets/train_on_2025_all\images\frame_00033_jpg.rf.da9de6f6aa43bc12defe288239d18c3d.jpg,1033,0.1514912845923769
datasets/train_on_2025_all\val\images\GX010666_MP4-0336_jpg.rf.dc159427b31a5e035be9fa755481205c.jpg,1034,0.15128484500963243
datasets/train_on_2025_all\images\GX010665_MP4-0204_jpg.rf.ac8ec5492aaafe296198564e2560eae7.jpg,1035,0.15037457728160702
datasets/train_on_2025_all\images\GX010665_MP4-0137_jpg.rf.bcc0d3167caa3008c5ab41d497a755fd.jpg,1036,0.1496173303497411
datasets/train_on_2025_all\images\GX010666_MP4-0056_jpg.rf.159ea6c89ccd6641678684719e521167.jpg,1037,0.14916183399819166
datasets/train_on_2025_all\images\GX010666_MP4-0262_jpg.rf.2db3f92a4add9047b6b271e0c71bda78.jpg,1038,0.14886443105307764
datasets/train_on_2025_all\images\GX010664_MP4-0024_jpg.rf.343b867058aa19586833dd1782bd9067.jpg,1039,0.14610728462710607
datasets/train_on_2025_all\images\GX010664_MP4-0073_jpg.rf.ca8fb85658cc3992c5bdf72eb29450eb.jpg,1040,0.14592180027875007
datasets/train_on_2025_all\images\GX010666_MP4-0261_jpg.rf.0817003c7fa79c04478d635e817b97a6.jpg,1041,0.1445176280365491
datasets/train_on_2025_all\val\images\GX010664_MP4-0031_jpg.rf.c5698f3f3213b4f29f801aa910e85447.jpg,1042,0.14052368462868173
datasets/train_on_2025_all\images\frame_00104_jpg.rf.e18f0c24f01e4040c343580f346a0261.jpg,1043,0.13980637709719035
datasets/train_on_2025_all\val\images\frame_00088_jpg.rf.235f7a1dfbc4a3617de678aa431e4661.jpg,1044,0.13968720844582488
datasets/train_on_2025_all\images\GX010666_MP4-0256_jpg.rf.608542657640e4f78830a83178db9ee9.jpg,1045,0.13962151838207035
datasets/train_on_2025_all\images\GX010665_MP4-0207_jpg.rf.9f736959658cadaef52d95e16435fbec.jpg,1046,0.13903635460975433
datasets/train_on_2025_all\images\GX010666_MP4-0089_jpg.rf.649eb6b06ebef2c703a9b301aab8fd48.jpg,1047,0.136558986106924
datasets/train_on_2025_all\val\images\GX010664_MP4-0044_jpg.rf.f47f23f73b4661be5cebe78a1fd9b7af.jpg,1048,0.13577718264158836
datasets/train_on_2025_all\images\GX010666_MP4-0172_jpg.rf.62f62321b1ee7b732dbdd0dc76e6256e.jpg,1049,0.13534603192507597
datasets/train_on_2025_all\val\images\GX010666_MP4-0176_jpg.rf.d62f481b3eb74866ba772dbbdbfd9f7e.jpg,1050,0.13501982344745955
datasets/train_on_2025_all\images\GX010665_MP4-0138_jpg.rf.63237006cb17000814f72133f9ca3ac2.jpg,1051,0.1347226693797282
datasets/train_on_2025_all\images\GX010664_MP4-0032_jpg.rf.7b9ec0120ab540a3705d364f8916fc1c.jpg,1052,0.13325401703979517
datasets/train_on_2025_all\images\GX010665_MP4-0201_jpg.rf.266d9807796e8adc4db498db5b95b35a.jpg,1053,0.13314261509808956
datasets/train_on_2025_all\images\frame_00031_jpg.rf.0931931abc87d42bbb151422fe85d443.jpg,1054,0.13217194566720286
datasets/train_on_2025_all\val\images\GX010665_MP4-0245_jpg.rf.869589090ac9cc7ecd742e12e891ab0f.jpg,1055,0.12794056879156107
datasets/train_on_2025_all\images\GX010665_MP4-0140_jpg.rf.faba8d2bd761a83b4874ee3a5881126b.jpg,1056,0.12672005999159067
datasets/train_on_2025_all\val\images\GX010666_MP4-0166_jpg.rf.77f959386c3e205947b9fd4ab43bc953.jpg,1057,0.12548906196161744
datasets/train_on_2025_all\images\frame_00014_jpg.rf.3896287d5f1ac17f5bb01b014ffc96af.jpg,1058,0.12485018756129213
datasets/train_on_2025_all\images\GX010664_MP4-0076_jpg.rf.afba36d9128f0a868f4cf61fb7677063.jpg,1059,0.12377456876755154
datasets/train_on_2025_all\images\GX010665_MP4-0194_jpg.rf.97663c03bb5d064c0d5056360c61b70e.jpg,1060,0.12188754877476925
datasets/train_on_2025_all\images\GX010666_MP4-0092_jpg.rf.96bc52f6c57e9b36a0d0f92fb4d4b8b9.jpg,1061,0.12016200198296868
datasets/train_on_2025_all\val\images\GX010665_MP4-0190_jpg.rf.a65b7e47df154fcf212f40ec66fb504f.jpg,1062,0.11917084135337162
datasets/train_on_2025_all\images\GX010664_MP4-0096_jpg.rf.b69fd4eb507e90c3694734f07462a655.jpg,1063,0.11580664196417563
datasets/train_on_2025_all\val\images\frame_00015_jpg.rf.f7f862cefee5d9c98dc8dd7098337250.jpg,1064,0.11458619594910269
datasets/train_on_2025_all\images\GX010666_MP4-0176_jpg.rf.73a07a057763a46858d070591e58cd6e.jpg,1065,0.11403900426783524
datasets/train_on_2025_all\val\images\GX010665_MP4-0191_jpg.rf.87101e23e26c8bfb2e724a4583dd0211.jpg,1066,0.11340623075209816
datasets/train_on_2025_all\images\GX010665_MP4-0133_jpg.rf.4d78612c20025b75ecfd75c3d97cd906.jpg,1067,0.11180448177627035
datasets/train_on_2025_all\val\images\GX010665_MP4-0192_jpg.rf.bc2dcc643f68819e597a8772062d467d.jpg,1068,0.11162388843311413
datasets/train_on_2025_all\images\GX010665_MP4-0202_jpg.rf.05707d2d54ce55f3c1d943c063d2d3eb.jpg,1069,0.11086302110062662
datasets/train_on_2025_all\images\GX010666_MP4-0173_jpg.rf.cecbed30207820d1ca456fe9cb3b5d3f.jpg,1070,0.10755852121232541
datasets/train_on_2025_all\images\GX010665_MP4-0209_jpg.rf.12a599b04ae7bc28cfb14d78be864ea7.jpg,1071,0.10474244722541512
datasets/train_on_2025_all\val\images\GX010666_MP4-0171_jpg.rf.2dba5238f75cba194c34d51c6791ea50.jpg,1072,0.10389565144360514
datasets/train_on_2025_all\val\images\GX010665_MP4-0208_jpg.rf.3a39b3e140195195576dca5b4d0c2b13.jpg,1073,0.10342511932250828
datasets/train_on_2025_all\images\GX010665_MP4-0197_jpg.rf.c960b99bafb694e685ef3b433603d2c2.jpg,1074,0.09972408274953613
datasets/train_on_2025_all\images\frame_00005_jpg.rf.281ffad5dbd4c5accc812baf1da4af81.jpg,1075,0.09958558105912178
datasets/train_on_2025_all\images\frame_00133_jpg.rf.5d9370d1d50fb212b934a6f9b5615133.jpg,1076,0.09827510402347951
datasets/train_on_2025_all\images\GX010666_MP4-0173_jpg.rf.44849976f50e5e88c8366d77187afc24.jpg,1077,0.09664186660039642
datasets/train_on_2025_all\images\frame_00004_jpg.rf.218144c56928d193f449c445b97971ab.jpg,1078,0.09597543849007402
datasets/train_on_2025_all\images\GX010665_MP4-0206_jpg.rf.b7a9c0588c3aca78fa42f961fb9e0753.jpg,1079,0.09229985854633106
datasets/train_on_2025_all\images\GX010666_MP4-0121_jpg.rf.6d28ac45bc58f9d6d122d7f7fb5bda67.jpg,1080,0.09130284820086028
datasets/train_on_2025_all\images\GX010666_MP4-0192_jpg.rf.72e880c4f038d84a489b78ffd2548522.jpg,1081,0.08953069095030444
datasets/train_on_2025_all\val\images\GX010666_MP4-0174_jpg.rf.54657d26734efed91e55f3d5552cf9c0.jpg,1082,0.089341096451903
datasets/train_on_2025_all\images\GX010666_MP4-0313_jpg.rf.e0cac2733ea96368f73fb4622db330f3.jpg,1083,0.08899239692268604
datasets/train_on_2025_all\val\images\frame_00100_jpg.rf.1dceade3ea5c88ff380fc0a0c08d5670.jpg,1084,0.0889323201180853
datasets/train_on_2025_all\images\frame_00026_jpg.rf.4adf7af8a84e304d482eeaabc95168cd.jpg,1085,0.08819026431981965
datasets/train_on_2025_all\images\GX010666_MP4-0136_jpg.rf.f7b7aa7003daaf0d57af5b90cd55354e.jpg,1086,0.08785900789002021
datasets/train_on_2025_all\images\frame_00027_jpg.rf.e3a7b6a1f85861f7c359391f66edf5d9.jpg,1087,0.08752906227056481
datasets/train_on_2025_all\images\GX010666_MP4-0083_jpg.rf.1138a40269e7bbc40c983917a1390fe8.jpg,1088,0.08750908092368662
datasets/train_on_2025_all\images\GX010667_MP4-0024_jpg.rf.7e55024bfd99399061f0d382c274e6d3.jpg,1089,0.08665485455057312
datasets/train_on_2025_all\val\images\GX010666_MP4-0320_jpg.rf.d893909b7d6c816c69e6dd0fd1952930.jpg,1090,0.08457287490685758
datasets/train_on_2025_all\images\GX010666_MP4-0183_jpg.rf.3acf3fe42086ba1daa4e43a105fad83c.jpg,1091,0.08413556395952695
datasets/train_on_2025_all\images\GX010666_MP4-0165_jpg.rf.df31d63f1b21c733b0affce30d1a207b.jpg,1092,0.08408383133619626
datasets/train_on_2025_all\val\images\GX010666_MP4-0004_jpg.rf.da5e0a007c6259c172b7e1f1911dba62.jpg,1093,0.08201589414667787
datasets/train_on_2025_all\images\frame_00132_jpg.rf.f45fc4e55fe936cd09fbc9502bc0c2b5.jpg,1094,0.08191060317637093
datasets/train_on_2025_all\images\GX010667_MP4-0041_jpg.rf.a4fcc56194f7c55f1dde94dad82cdda1.jpg,1095,0.0815261883305107
datasets/train_on_2025_all\images\frame_00129_jpg.rf.3f0ddf4fcaa5c0bdcf8b1b5fc2fbfac3.jpg,1096,0.08075073831187532
datasets/train_on_2025_all\val\images\GX010665_MP4-0198_jpg.rf.da126e10c116b5f22a8eca28f42f8830.jpg,1097,0.08068510121127945
datasets/train_on_2025_all\val\images\GX010665_MP4-0247_jpg.rf.b291053752c98daed2244321180faaae.jpg,1098,0.08061221212663656
datasets/train_on_2025_all\images\GX010666_MP4-0168_jpg.rf.a2130e37f5fa90da071027d42512e4a8.jpg,1099,0.08031152417758669
datasets/train_on_2025_all\images\GX010666_MP4-0188_jpg.rf.c8627dca2b0b9385c8faac662932d8d7.jpg,1100,0.08023550654916156
datasets/train_on_2025_all\images\GX010666_MP4-0163_jpg.rf.b3d9b32e77c238ea7c913a0fb9ed2a58.jpg,1101,0.08006704256078132
datasets/train_on_2025_all\images\frame_00018_jpg.rf.283451d7c2c9a3dab6dfa275af49e1de.jpg,1102,0.07886102892743103
datasets/train_on_2025_all\images\GX010665_MP4-0195_jpg.rf.5547cb3e00bc34ccfe06304feeae1f4e.jpg,1103,0.0780432602561774
datasets/train_on_2025_all\images\GX010666_MP4-0206_jpg.rf.cba51445898514391cea0cb662b0dfaa.jpg,1104,0.07792850066858877
datasets/train_on_2025_all\images\frame_00015_jpg.rf.3c633cd03e10fa8856865430768d0686.jpg,1105,0.0776178504340087
datasets/train_on_2025_all\images\GX010667_MP4-0015_jpg.rf.d71883f372b1f3bd1cb0b798e9198321.jpg,1106,0.0766055729828884
datasets/train_on_2025_all\images\frame_00022_jpg.rf.493671c38f04d4834eb744ae6618632e.jpg,1107,0.07593792994597907
datasets/train_on_2025_all\images\GX010666_MP4-0087_jpg.rf.fde8318ddef6f1508df32ed68db23926.jpg,1108,0.07587396607336543
datasets/train_on_2025_all\images\GX010667_MP4-0043_jpg.rf.4c51e3f8d19f65f0b9d0e0391716e52e.jpg,1109,0.07557897701141221
datasets/train_on_2025_all\images\GX010666_MP4-0187_jpg.rf.cf744328786a0109e02ec6aa7061fd26.jpg,1110,0.07523727237098794
datasets/train_on_2025_all\images\GX010666_MP4-0162_jpg.rf.6c7c0dfc16938edce4905b9bdbd682da.jpg,1111,0.07482619228972302
datasets/train_on_2025_all\images\frame_00003_jpg.rf.b9b8d4f7af3993256d7a9ece090bd229.jpg,1112,0.07461960864821679
datasets/train_on_2025_all\val\images\GX010665_MP4-0248_jpg.rf.f00d5597c4ef6987722df80c3e51fed4.jpg,1113,0.07439224009510947
datasets/train_on_2025_all\images\GX010666_MP4-0015_jpg.rf.5cd33ac4f294388b07202720f4a29287.jpg,1114,0.07430165329900419
datasets/train_on_2025_all\images\GX010667_MP4-0030_jpg.rf.152b35276b58dd7da2e99548febcc64d.jpg,1115,0.0741830114870485
datasets/train_on_2025_all\images\frame_00017_jpg.rf.50d7ebad9f0e1d5eb8e116034adc42ff.jpg,1116,0.07403378489103742
datasets/train_on_2025_all\images\GX010666_MP4-0172_jpg.rf.da06a409a3ae69c2308af3cded9459f6.jpg,1117,0.07361283607587518
datasets/train_on_2025_all\images\GX010666_MP4-0196_jpg.rf.1f79210dbb73bd51a960231767d45d8d.jpg,1118,0.07322117116478681
datasets/train_on_2025_all\images\frame_00135_jpg.rf.7dd1bf904b323d933b21ec43d6b2f67b.jpg,1119,0.07303184703918579
datasets/train_on_2025_all\images\GX010668_MP4-0021_jpg.rf.b981eca4b0edec4e1c2bc4db0437d2ae.jpg,1120,0.07245448671611933
datasets/train_on_2025_all\images\GX010666_MP4-0331_jpg.rf.8ce37774b8a202299785469d139f11fe.jpg,1121,0.07149513397751464
datasets/train_on_2025_all\images\frame_00118_jpg.rf.1a20fc20265dbbd4b6ef38f72aa3c66c.jpg,1122,0.071373014839067
datasets/train_on_2025_all\val\images\GX010666_MP4-0271_jpg.rf.70c12deb202d2c1d1797c54161da3d64.jpg,1123,0.071229424409868
datasets/train_on_2025_all\images\GX010665_MP4-0200_jpg.rf.2a90c08cc055c9dec247650a33b8d67e.jpg,1124,0.07110864693778032
datasets/train_on_2025_all\images\GX010665_MP4-0248_jpg.rf.f6685b50eb0df6f52f8b257421df77b8.jpg,1125,0.07106578081386593
datasets/train_on_2025_all\images\frame_00024_jpg.rf.9594c0a7d23cc9ae4cab491b642b90c1.jpg,1126,0.07102139345635906
datasets/train_on_2025_all\images\GX010666_MP4-0191_jpg.rf.fee9b3e22106fe504a576fbc8195d3f3.jpg,1127,0.07093414420931805
datasets/train_on_2025_all\images\GX010668_MP4-0034_jpg.rf.4523f062f39efe0169376919769c804d.jpg,1128,0.07085326727807502
datasets/train_on_2025_all\images\GX010665_MP4-0217_jpg.rf.368f015f501164054a4d9ab7714e14fe.jpg,1129,0.07071645232790401
datasets/train_on_2025_all\images\GX010666_MP4-0169_jpg.rf.9d6d0ef80e13c150669e0e47ae7f610f.jpg,1130,0.07070673338405004
datasets/train_on_2025_all\images\GX010667_MP4-0036_jpg.rf.b8e2cef8bf5b40f5db538b540dc6b810.jpg,1131,0.07062503019210382
datasets/train_on_2025_all\images\frame_00106_jpg.rf.500de3d70b19417be35f3fd597519130.jpg,1132,0.07016964773624232
datasets/train_on_2025_all\images\GX010666_MP4-0226_jpg.rf.d663bd07e2a2e1f7749622dedc57023b.jpg,1133,0.07016283262252461
datasets/train_on_2025_all\images\frame_00133_jpg.rf.19ed3827c6985607461d99f03a395cb5.jpg,1134,0.0700860081303559
datasets/train_on_2025_all\images\frame_00023_jpg.rf.3bb851dbfa187ed5572a1dddb75796e7.jpg,1135,0.0699179086074964
datasets/train_on_2025_all\images\frame_00025_jpg.rf.69511ec6079e9bf6c3d7977f60879572.jpg,1136,0.06989348517225366
datasets/train_on_2025_all\images\frame_00034_jpg.rf.7dc35098e9f95b73785c98fc95050457.jpg,1137,0.06975663803281308
datasets/train_on_2025_all\images\GX010665_MP4-0021_jpg.rf.ed4fda92ba0f117676c2622240fd5566.jpg,1138,0.06939984743631013
datasets/train_on_2025_all\val\images\frame_00141_jpg.rf.e8b31ef1bed263008e9f267fdf0573eb.jpg,1139,0.06899886523735561
datasets/train_on_2025_all\images\GX010666_MP4-0007_jpg.rf.07f9150a3eea3dc150887e7005747e21.jpg,1140,0.06897021304602143
datasets/train_on_2025_all\images\GX010666_MP4-0167_jpg.rf.6a0e0bc9f86616b11bafe77a22cd807a.jpg,1141,0.06880922485639353
datasets/train_on_2025_all\val\images\GX010666_MP4-0100_jpg.rf.5a9f4dd5352981381c01e83771693578.jpg,1142,0.06868896180605122
datasets/train_on_2025_all\images\frame_00025_jpg.rf.3e6b53ba9b091caffd74a4d4cb245b00.jpg,1143,0.06843301780185557
datasets/train_on_2025_all\images\GX010666_MP4-0161_jpg.rf.af237fdb0ea95cebd9938d5ec30d7be7.jpg,1144,0.06793342175407534
datasets/train_on_2025_all\images\GX010667_MP4-0012_jpg.rf.cc6edc75eb5a0a30b8825cbed07415ed.jpg,1145,0.0677317633640404
datasets/train_on_2025_all\images\frame_00104_jpg.rf.1593257adfa87dd48549a0b5f3afe258.jpg,1146,0.0676710580747513
datasets/train_on_2025_all\images\GX010665_MP4-0252_jpg.rf.cc9fc3f13f65ab6676a8a8664c6f40f0.jpg,1147,0.06716361845979076
datasets/train_on_2025_all\images\frame_00127_jpg.rf.588c8538f1cea2aea988bbcbf1b85935.jpg,1148,0.06678575741307624
datasets/train_on_2025_all\val\images\GX010667_MP4-0010_jpg.rf.35108ac5d2e9899bfc12b3834860925a.jpg,1149,0.06651521003899347
datasets/train_on_2025_all\val\images\frame_00010_jpg.rf.9c2aa8c33a641e16d49602091aac8559.jpg,1150,0.06648944386853957
datasets/train_on_2025_all\images\GX010666_MP4-0185_jpg.rf.69acb8652903b3dd1b9cef1f6386af50.jpg,1151,0.0658186423783667
datasets/train_on_2025_all\val\images\GX010666_MP4-0018_jpg.rf.913f106d230da3ae0800fedec745076b.jpg,1152,0.0655477461042524
datasets/train_on_2025_all\val\images\frame_00019_jpg.rf.10e6b4bb62d98429999bdb4ae0ae77dd.jpg,1153,0.06538001112904135
datasets/train_on_2025_all\val\images\GX010667_MP4-0023_jpg.rf.a2fddb04c496c29453a953630637ad31.jpg,1154,0.0652500435596766
datasets/train_on_2025_all\images\GX010666_MP4-0184_jpg.rf.dcb222b8c5149b786e77a2e836cf4146.jpg,1155,0.0651765699655772
datasets/train_on_2025_all\val\images\GX010666_MP4-0108_jpg.rf.364b0c5a4bc22fbe9c9013a109925b37.jpg,1156,0.06507986936048263
datasets/train_on_2025_all\images\GX010666_MP4-0204_jpg.rf.cabb4f1801a0b451341c44ca5fd545ee.jpg,1157,0.06484267009561565
datasets/train_on_2025_all\val\images\frame_00119_jpg.rf.450972c9af7ee6e83cd158412be276a3.jpg,1158,0.06481881337986078
datasets/train_on_2025_all\images\frame_00025_jpg.rf.8707b2fd09fedd194f9e5cfb5fc787cc.jpg,1159,0.06480992387582014
datasets/train_on_2025_all\val\images\GX010668_MP4-0010_jpg.rf.97b2853c602e0625994456d7d54236c8.jpg,1160,0.06471328156686512
datasets/train_on_2025_all\images\GX010668_MP4-0008_jpg.rf.031780dc8f563958c9457b67c3820d51.jpg,1161,0.06462821258413488
datasets/train_on_2025_all\images\GX010666_MP4-0124_jpg.rf.ebeda627a778d20a68feb04146376726.jpg,1162,0.06460054134110071
datasets/train_on_2025_all\images\GX010668_MP4-0032_jpg.rf.e8fc2dd98912913a94c25f1c5c89102d.jpg,1163,0.06449111319657631
datasets/train_on_2025_all\val\images\frame_00062_jpg.rf.a93d0afa65b1362841db11538290fdd5.jpg,1164,0.06448259097504182
datasets/train_on_2025_all\images\GX010666_MP4-0174_jpg.rf.d92cb90ee7db635058e9a539fcd643b8.jpg,1165,0.06425599232351345
datasets/train_on_2025_all\val\images\GX010667_MP4-0022_jpg.rf.b35bc0cb241ca9b69a134caf2bc84103.jpg,1166,0.06407792463063297
datasets/train_on_2025_all\images\GX010666_MP4-0093_jpg.rf.4ed3f3c95044bf210cd3c1bcb6a83dc0.jpg,1167,0.06399488217479596
datasets/train_on_2025_all\val\images\GX010666_MP4-0282_jpg.rf.bea18040b1063c0fc8b0f8f5a1809326.jpg,1168,0.0637486951747457
datasets/train_on_2025_all\images\GX010666_MP4-0139_jpg.rf.edb45427a0218808213d14ee3aff459c.jpg,1169,0.06356363570997883
datasets/train_on_2025_all\images\GX010666_MP4-0259_jpg.rf.b35daf3075eb23a5ee1bec3e101dde2b.jpg,1170,0.06339130066189089
datasets/train_on_2025_all\images\GX010666_MP4-0317_jpg.rf.ab19ee896d3bde280e396c5469129f4c.jpg,1171,0.06326641189980477
datasets/train_on_2025_all\images\GX010665_MP4-0249_jpg.rf.150cdca07582ddab2b456f7abc51288a.jpg,1172,0.06326238591303278
datasets/train_on_2025_all\images\frame_00176_jpg.rf.384c91dbbd257a2aed4e0987422912a6.jpg,1173,0.06310759770109343
datasets/train_on_2025_all\images\frame_00058_jpg.rf.1e183b2d76399b34775154aa2605973c.jpg,1174,0.06306225941654538
datasets/train_on_2025_all\images\GX010668_MP4-0036_jpg.rf.112d4ad82a4f29f5f41471b4d291522c.jpg,1175,0.06301000142257557
datasets/train_on_2025_all\images\GX010666_MP4-0171_jpg.rf.1c7516576d284f20ea2b6c55c0196473.jpg,1176,0.06296859424235554
datasets/train_on_2025_all\images\frame_00054_jpg.rf.9db3c1d64293a2cf858aa5cb04880e00.jpg,1177,0.06295634838423338
datasets/train_on_2025_all\images\GX010666_MP4-0202_jpg.rf.0f34f63cbc64f1c4102ef818fbb1a577.jpg,1178,0.06281643148826553
datasets/train_on_2025_all\images\frame_00120_jpg.rf.ada370c3ba24caf68f8224ff3b0d9ee0.jpg,1179,0.0624900881408398
datasets/train_on_2025_all\val\images\frame_00091_jpg.rf.53071addb72cbd0c4f705f69654ffaf2.jpg,1180,0.062466495207182546
datasets/train_on_2025_all\images\frame_00096_jpg.rf.deb46a3b4aaed8f73db0e74e05bddd85.jpg,1181,0.06234043790929633
datasets/train_on_2025_all\images\frame_00140_jpg.rf.769ecf0fdf3e74241c810e18f6adcdef.jpg,1182,0.06228171336897494
datasets/train_on_2025_all\images\frame_00053_jpg.rf.2d32fb5c9ff4534d8e2631efd8354b7f.jpg,1183,0.06169470200653206
datasets/train_on_2025_all\images\GX010665_MP4-0241_jpg.rf.202e2fcb811ae165fddb0eed24539c91.jpg,1184,0.061637169625485044
datasets/train_on_2025_all\images\frame_00137_jpg.rf.7ccf7986a473ebcac00a328eca25aae5.jpg,1185,0.06141276300570126
datasets/train_on_2025_all\images\GX010666_MP4-0318_jpg.rf.47803a7d9adf183bd1a83d34abbc7475.jpg,1186,0.06134910885362823
datasets/train_on_2025_all\images\GX010666_MP4-0016_jpg.rf.e0760cbbbedb6fead0abd236928de608.jpg,1187,0.06120172806427812
datasets/train_on_2025_all\images\GX010668_MP4-0047_jpg.rf.3c17390151407113b67e4e264c60fe47.jpg,1188,0.06111250507194185
datasets/train_on_2025_all\val\images\GX010666_MP4-0155_jpg.rf.256b1969f38846a9684e88939ceeace4.jpg,1189,0.06110635257237361
datasets/train_on_2025_all\images\GX010666_MP4-0186_jpg.rf.9ef2417ae4f277ba1e0577b6c9dbe6b7.jpg,1190,0.06110236685536013
datasets/train_on_2025_all\images\GX010666_MP4-0198_jpg.rf.283151b5d3fce0ffe6c930b2f8e8267e.jpg,1191,0.061032994582174316
datasets/train_on_2025_all\val\images\frame_00027_jpg.rf.8e10812cae04d26b9a3b30e6565f1b87.jpg,1192,0.06086867221514168
datasets/train_on_2025_all\images\frame_00144_jpg.rf.cea011748f29100a6a2a92642a53018a.jpg,1193,0.060611203556040286
datasets/train_on_2025_all\val\images\GX010668_MP4-0028_jpg.rf.f222e2189e44e6fe32d5fcf7b5e43020.jpg,1194,0.06048006666389191
datasets/train_on_2025_all\images\frame_00132_jpg.rf.9bf6db6b94654a736b2a77d4a6b5bb37.jpg,1195,0.060359946714848074
datasets/train_on_2025_all\images\GX010666_MP4-0221_jpg.rf.11c578fb0fe021fda84a94ff20209c07.jpg,1196,0.06012786515046896
datasets/train_on_2025_all\images\frame_00101_jpg.rf.292b87270c5d205743edf9461d306a59.jpg,1197,0.06003518710112663
datasets/train_on_2025_all\images\GX010666_MP4-0217_jpg.rf.c0a275675fb869b3a67b6ea9948d3c4c.jpg,1198,0.05972348044612393
datasets/train_on_2025_all\val\images\GX010666_MP4-0097_jpg.rf.52ca7a1418a7d4daaaa38334d02bd30b.jpg,1199,0.05971212158424838
datasets/train_on_2025_all\images\GX010666_MP4-0006_jpg.rf.200066aea88e512f00b75e3cac40c744.jpg,1200,0.059612259376164295
datasets/train_on_2025_all\val\images\GX010668_MP4-0042_jpg.rf.fbd9b217217c29f5dc2bb1911a1f64c2.jpg,1201,0.059511095110406344
datasets/train_on_2025_all\images\GX010666_MP4-0199_jpg.rf.228ab633bfa62d52a3ec25533b117d6b.jpg,1202,0.05939775541904079
datasets/train_on_2025_all\images\frame_00021_jpg.rf.d30b91cd09a6d3bb01bf14d720659f66.jpg,1203,0.05933760313798655
datasets/train_on_2025_all\val\images\GX010666_MP4-0289_jpg.rf.c17c74f00c207e02c51cb4da6f45de6a.jpg,1204,0.05933064552097543
datasets/train_on_2025_all\images\GX010666_MP4-0272_jpg.rf.41b7fc9c93b3a473fff1731e8b82212a.jpg,1205,0.05928549393938224
datasets/train_on_2025_all\images\GX010665_MP4-0256_jpg.rf.a8e93964139ff798895f65dae234696c.jpg,1206,0.059110437396003315
datasets/train_on_2025_all\images\GX010666_MP4-0009_jpg.rf.107f19eb9ccded2179fb921e1db07964.jpg,1207,0.05907115611916665
datasets/train_on_2025_all\images\GX010666_MP4-0197_jpg.rf.16d2af1c968bc7b892db557680f8e433.jpg,1208,0.05905974189915057
datasets/train_on_2025_all\val\images\GX010666_MP4-0085_jpg.rf.25562ec629e89ace52d74122b608293c.jpg,1209,0.05902365513334119
datasets/train_on_2025_all\images\frame_00009_jpg.rf.8f4e9c05dfd8ddbb8812213ee54b6512.jpg,1210,0.05886147571785723
datasets/train_on_2025_all\images\GX010666_MP4-0091_jpg.rf.84c907624e97546e739cbf56271da155.jpg,1211,0.058821910390792535
datasets/train_on_2025_all\val\images\GX010666_MP4-0146_jpg.rf.c3a1096233e7935c7229add69126ae95.jpg,1212,0.05880731933693719
datasets/train_on_2025_all\val\images\GX010666_MP4-0334_jpg.rf.b7776ac19199ff9624143af0629407ce.jpg,1213,0.05878115762460134
datasets/train_on_2025_all\images\frame_00111_jpg.rf.0b83c0866d0a78422f5412119b6810ea.jpg,1214,0.05874314447941714
datasets/train_on_2025_all\images\frame_00015_jpg.rf.a9177aba30cd3c5b88aa2c5b72ce9d2a.jpg,1215,0.05857896889788295
datasets/train_on_2025_all\images\frame_00031_jpg.rf.26a51fca9a69d1ca2567c63b8a6a6043.jpg,1216,0.05840498459206389
datasets/train_on_2025_all\images\GX010665_MP4-0087_jpg.rf.37bea2f8fc3b279ccf0bce6b34bdc596.jpg,1217,0.058028932874795686
datasets/train_on_2025_all\images\frame_00044_jpg.rf.ed3bb0e3a29d172e9979eafbd3cf7e2c.jpg,1218,0.05790837200360769
datasets/train_on_2025_all\images\frame_00110_jpg.rf.df2bdf0f24daae79602d7712bc686056.jpg,1219,0.057869652987228654
datasets/train_on_2025_all\images\GX010666_MP4-0046_jpg.rf.af2b7403e1dc54d0c21fa82bb4216860.jpg,1220,0.05777405191292171
datasets/train_on_2025_all\val\images\GX010666_MP4-0057_jpg.rf.cfe79cc868364cd3b8caaf5d105bdd5c.jpg,1221,0.05764401956577056
datasets/train_on_2025_all\val\images\GX010666_MP4-0008_jpg.rf.b75b894457baec5ffb5fbd2783382378.jpg,1222,0.057533777153998204
datasets/train_on_2025_all\images\GX010667_MP4-0017_jpg.rf.02ebd90617f9c5c2ad8c8ed0cc34534f.jpg,1223,0.05749647590006098
datasets/train_on_2025_all\images\frame_00116_jpg.rf.12c976732f54a2eacd78ab608f401a74.jpg,1224,0.05745398393272781
datasets/train_on_2025_all\images\GX010666_MP4-0131_jpg.rf.8738a4b1d43250099d4594a372bb4d9a.jpg,1225,0.0572100386610849
datasets/train_on_2025_all\images\GX010666_MP4-0055_jpg.rf.14d3e5b191560a22289c2a9c9deeefb9.jpg,1226,0.05716790959767263
datasets/train_on_2025_all\images\GX010665_MP4-0240_jpg.rf.16f9723f81df2760ba2a16ceb956d37b.jpg,1227,0.056945206138745624
datasets/train_on_2025_all\images\GX010668_MP4-0019_jpg.rf.36c2484d8449fbb4cb3ab857776551fd.jpg,1228,0.056826451888068216
datasets/train_on_2025_all\val\images\GX010666_MP4-0342_jpg.rf.aec8a183e0362ed8f788356823fc2520.jpg,1229,0.05681380680425619
datasets/train_on_2025_all\images\frame_00005_jpg.rf.400a144994418b11fa5d367fdf752168.jpg,1230,0.056806512494457596
datasets/train_on_2025_all\images\GX010666_MP4-0312_jpg.rf.73c0df0f9408768820c741cdae3c469c.jpg,1231,0.05671326562027728
datasets/train_on_2025_all\val\images\frame_00010_jpg.rf.4ab3342941455220c0f130449d211282.jpg,1232,0.05646051050340874
datasets/train_on_2025_all\images\frame_00026_jpg.rf.4fe6c121e11dba1d5ba048b469aacae6.jpg,1233,0.05645950851082556
datasets/train_on_2025_all\images\GX010668_MP4-0050_jpg.rf.9e52cc13b797640ad19763b755d82c5b.jpg,1234,0.056416450731005575
datasets/train_on_2025_all\val\images\frame_00097_jpg.rf.1e567c8676fbf904571916ede7caf2aa.jpg,1235,0.05631060405337967
datasets/train_on_2025_all\images\frame_00023_jpg.rf.6560fb4675063ff9339f219997231f43.jpg,1236,0.056306337639419134
datasets/train_on_2025_all\images\GX010665_MP4-0091_jpg.rf.20b7fb17307b06108faf51918fc07af6.jpg,1237,0.05625998804326322
datasets/train_on_2025_all\images\GX010668_MP4-0026_jpg.rf.44344fe2f8b0a1db59a010e73f044e10.jpg,1238,0.056176695005651395
datasets/train_on_2025_all\val\images\frame_00036_jpg.rf.98c89c2a8b355e8386a0413cd88ec542.jpg,1239,0.056037640678376105
datasets/train_on_2025_all\images\GX010666_MP4-0141_jpg.rf.d9e04f06325b708f4e9db8c24be4df7b.jpg,1240,0.05596814121153244
datasets/train_on_2025_all\images\GX010665_MP4-0243_jpg.rf.6eeebe6de543a1eb5dfd1a3b75fd5d0f.jpg,1241,0.05580965968341057
datasets/train_on_2025_all\images\GX010666_MP4-0176_jpg.rf.a475550e9772e278cbecfd9f19873f7f.jpg,1242,0.05578129608444494
datasets/train_on_2025_all\images\frame_00041_jpg.rf.89cf6e1ac6bc54a6babe63867975c81f.jpg,1243,0.05575068423239181
datasets/train_on_2025_all\images\frame_00045_jpg.rf.f81ca390a78e9ffb34c835c77e06ee7d.jpg,1244,0.055732540346472764
datasets/train_on_2025_all\images\GX010664_MP4-0062_jpg.rf.c8e617920df78f9cba28e4d6fdf8c8c6.jpg,1245,0.05572088730806997
datasets/train_on_2025_all\images\frame_00014_jpg.rf.3736b8c466391833b4bc665e26c8075b.jpg,1246,0.05564293231408854
datasets/train_on_2025_all\images\GX010666_MP4-0162_jpg.rf.e61f8799b97a1e2c8a984a57382f41b2.jpg,1247,0.05560292900513427
datasets/train_on_2025_all\images\GX010666_MP4-0257_jpg.rf.bd5cbe9c837f7f365346f89ff6c17a76.jpg,1248,0.05558726898719159
datasets/train_on_2025_all\val\images\frame_00118_jpg.rf.4a54600ab4b174e81240dbadfdde41fb.jpg,1249,0.055574618609521786
datasets/train_on_2025_all\images\GX010665_MP4-0265_jpg.rf.b8acd3f7f45211d8cb0e8f43b71a0255.jpg,1250,0.05550905110379588
datasets/train_on_2025_all\val\images\GX010666_MP4-0300_jpg.rf.cceaba67c1f209e9dc30a63cfba41765.jpg,1251,0.055495785189173294
datasets/train_on_2025_all\images\frame_00144_jpg.rf.f421a82b9daaff7125de2a7e81ac69e6.jpg,1252,0.05529025443731454
datasets/train_on_2025_all\images\frame_00029_jpg.rf.5b3c0945cd90cd8f81ddd51bc50015d5.jpg,1253,0.05518318987028689
datasets/train_on_2025_all\images\frame_00028_jpg.rf.c3e2488e8bfb2ba34a1c28408a87a3be.jpg,1254,0.05517669684988291
datasets/train_on_2025_all\images\GX010666_MP4-0223_jpg.rf.a9a0b71e6a3ee7ff6187dbb23927d430.jpg,1255,0.05517382820257144
datasets/train_on_2025_all\images\GX010666_MP4-0123_jpg.rf.b73e0c98e8163cfd642144c3ed3478d7.jpg,1256,0.055054111470578024
datasets/train_on_2025_all\images\GX010666_MP4-0226_jpg.rf.b0be690106478d6d44e26adb7fe0792e.jpg,1257,0.05502659863619154
datasets/train_on_2025_all\images\GX010667_MP4-0018_jpg.rf.e3a75c20a7b4a074084272a751b43dea.jpg,1258,0.05493683512034166
datasets/train_on_2025_all\images\GX010666_MP4-0205_jpg.rf.535948819d54267c35bc97fc5eeee964.jpg,1259,0.05491642037008983
datasets/train_on_2025_all\images\frame_00114_jpg.rf.6a35770513f59880af8faafc052c840c.jpg,1260,0.054811739731960823
datasets/train_on_2025_all\images\frame_00142_jpg.rf.8374ef686677f3e466c5a631f17bcc9a.jpg,1261,0.05477817135762978
datasets/train_on_2025_all\images\GX010666_MP4-0178_jpg.rf.3205d1496838c8245eded20c93b19ceb.jpg,1262,0.05468760728915279
datasets/train_on_2025_all\images\GX010666_MP4-0142_jpg.rf.dda217082d0474f6c5f3aa124fb37ccd.jpg,1263,0.05468004519742169
datasets/train_on_2025_all\images\frame_00016_jpg.rf.ee599fdcbb1e8f33e7230583b9c24776.jpg,1264,0.054530754364865625
datasets/train_on_2025_all\images\GX010666_MP4-0183_jpg.rf.5ff5827c6d87b1cefc4613b3f63df988.jpg,1265,0.05446302884560944
datasets/train_on_2025_all\images\frame_00078_jpg.rf.eab9b1243312c1fa1f7675e87ee7d448.jpg,1266,0.05443337447861885
datasets/train_on_2025_all\images\GX010667_MP4-0044_jpg.rf.2232efe2174e7781f06f88975723f7d5.jpg,1267,0.05434134247260479
datasets/train_on_2025_all\images\frame_00022_jpg.rf.00a3e8a8c59d115c010980eecbcbc981.jpg,1268,0.05420369699504778
datasets/train_on_2025_all\images\frame_00040_jpg.rf.8fed732a81bf55fec57cc275f7a63c00.jpg,1269,0.05402327885503425
datasets/train_on_2025_all\images\frame_00116_jpg.rf.c24691d250cefd1a2ab281298ef36a6b.jpg,1270,0.053932110981540715
datasets/train_on_2025_all\images\GX010666_MP4-0021_jpg.rf.7d86bc9cc881df8baa9d38e347c23c3e.jpg,1271,0.05382810623498892
datasets/train_on_2025_all\images\frame_00125_jpg.rf.76a359491a93abfbe591b3e6ad556163.jpg,1272,0.05377547766299881
datasets/train_on_2025_all\images\GX010668_MP4-0031_jpg.rf.fefd527de37bfce52ee3d0a27dfa4934.jpg,1273,0.05374556298304933
datasets/train_on_2025_all\images\frame_00163_jpg.rf.f29eecd8f615a2f72dad02b1a45cf101.jpg,1274,0.05371722513618514
datasets/train_on_2025_all\val\images\GX010664_MP4-0096_jpg.rf.10fa759372185333fb15e69c666a4194.jpg,1275,0.05370450536100595
datasets/train_on_2025_all\images\frame_00037_jpg.rf.9aa3466f808486291505e1fe39e67aa6.jpg,1276,0.0536773495656759
datasets/train_on_2025_all\images\GX010668_MP4-0031_jpg.rf.8cb6d88e16db7eb68ae56c309976a2fd.jpg,1277,0.053647833223193116
datasets/train_on_2025_all\images\GX010668_MP4-0049_jpg.rf.e4abe9c494ecd1602860c1239da65924.jpg,1278,0.05363920126226521
datasets/train_on_2025_all\val\images\GX010666_MP4-0224_jpg.rf.8883413aba86bbaa66521e34b09574a0.jpg,1279,0.05362182349769888
datasets/train_on_2025_all\images\frame_00024_jpg.rf.328dc5ed81a6470075da56c7393f5714.jpg,1280,0.05353358398258959
datasets/train_on_2025_all\images\GX010667_MP4-0027_jpg.rf.1d926a44d344816703e93255afc1f746.jpg,1281,0.05339079506951265
datasets/train_on_2025_all\images\frame_00006_jpg.rf.86bb6dbf680c436150405f0f17b61b05.jpg,1282,0.05337003938307088
datasets/train_on_2025_all\images\frame_00071_jpg.rf.7b86287905d99386d4257967c0bef6ed.jpg,1283,0.05331087466726659
datasets/train_on_2025_all\val\images\GX010668_MP4-0044_jpg.rf.62eff0ff53ea166dd6e268a427b40a9d.jpg,1284,0.053262235445098664
datasets/train_on_2025_all\images\frame_00063_jpg.rf.4d8a9e0d577254ecd869044adbc435d8.jpg,1285,0.053251965521080934
datasets/train_on_2025_all\images\frame_00041_jpg.rf.defd29a8b879cdc86fbeeb703da3cae5.jpg,1286,0.05322846376674683
datasets/train_on_2025_all\images\GX010665_MP4-0023_jpg.rf.f67a6efbe1eefa463baaba82ed22f471.jpg,1287,0.05299972363633246
datasets/train_on_2025_all\images\GX010666_MP4-0140_jpg.rf.cc1eb0d54aa1af3928b44596161f822b.jpg,1288,0.05283106604234564
datasets/train_on_2025_all\val\images\frame_00046_jpg.rf.74619e0a839c270af24051c9edd3d8d4.jpg,1289,0.05266441564850209
datasets/train_on_2025_all\images\frame_00004_jpg.rf.54b21877958724da379aee0e0e4684fa.jpg,1290,0.052656585160302714
datasets/train_on_2025_all\images\GX010666_MP4-0271_jpg.rf.5c4149e5f182ba87d4712c371fa7354f.jpg,1291,0.0525705806641217
datasets/train_on_2025_all\images\frame_00044_jpg.rf.0806309ec042a542cf5927b5b894781d.jpg,1292,0.052476964669857774
datasets/train_on_2025_all\images\GX010666_MP4-0010_jpg.rf.0cb6a80b2afec98deef20a7b61fa7fab.jpg,1293,0.05238810847913952
datasets/train_on_2025_all\images\GX010666_MP4-0319_jpg.rf.773bb6d7a414d57ff3b208993b222424.jpg,1294,0.052387039521941604
datasets/train_on_2025_all\images\frame_00119_jpg.rf.f68c8e97c549c106f0f3a5122b713874.jpg,1295,0.05228833390992612
datasets/train_on_2025_all\val\images\frame_00055_jpg.rf.742ad2b53f7612f78cd4ffa34a97abf8.jpg,1296,0.05226727490972616
datasets/train_on_2025_all\val\images\frame_00008_jpg.rf.d5290a64e883eb2f8f33144cba83459f.jpg,1297,0.052205086894263265
datasets/train_on_2025_all\val\images\GX010668_MP4-0051_jpg.rf.abb035482a22e8afa71a04e04f3121d3.jpg,1298,0.05218992818012725
datasets/train_on_2025_all\images\GX010666_MP4-0210_jpg.rf.2a8538dd18b6e5de821fa0588e54d7cd.jpg,1299,0.05207903187268028
datasets/train_on_2025_all\images\frame_00081_jpg.rf.b00049b30bec89db2977c5dec5d074c4.jpg,1300,0.052068709617651476
datasets/train_on_2025_all\val\images\frame_00042_jpg.rf.b65450596f6258f24ad5b9f321a1565d.jpg,1301,0.052003829060638995
datasets/train_on_2025_all\images\frame_00014_jpg.rf.741b625386bb48a28e6fdde9681c1592.jpg,1302,0.05200159085406276
datasets/train_on_2025_all\images\GX010666_MP4-0019_jpg.rf.7abb24a4732a7b17a543cc92740fd208.jpg,1303,0.051872975056607436
datasets/train_on_2025_all\images\frame_00037_jpg.rf.b6d7d403708e7e5a7c1226e945fe99ee.jpg,1304,0.0518211830453505
datasets/train_on_2025_all\images\GX010666_MP4-0248_jpg.rf.38bb7257e89b2483aacaa1f326a50358.jpg,1305,0.05180731950271795
datasets/train_on_2025_all\images\frame_00095_jpg.rf.68ff302bad5e317275ae80601388c8a7.jpg,1306,0.051736307925616704
datasets/train_on_2025_all\images\frame_00011_jpg.rf.ce61f94599259c92f54fb182f780fbe2.jpg,1307,0.05155320522071716
datasets/train_on_2025_all\val\images\frame_00103_jpg.rf.ba425325a6711ea912fa8e9d38f41bfd.jpg,1308,0.051469238651048986
datasets/train_on_2025_all\images\frame_00090_jpg.rf.6ebb4d785214a49764d33dfcde83ee22.jpg,1309,0.05141219820678033
datasets/train_on_2025_all\images\GX010666_MP4-0188_jpg.rf.1c27bd10244da70c4aeda03c725c1573.jpg,1310,0.05127421408332555
datasets/train_on_2025_all\images\frame_00128_jpg.rf.2fca2958d3e2e67776b74234d810cbd2.jpg,1311,0.051229518046104094
datasets/train_on_2025_all\images\frame_00038_jpg.rf.17949edba82e4343214f1f921b2e9dae.jpg,1312,0.05119040160740536
datasets/train_on_2025_all\images\GX010668_MP4-0040_jpg.rf.9915599d592171ae52130f2ff6184272.jpg,1313,0.05113931369010642
datasets/train_on_2025_all\images\frame_00026_jpg.rf.1796cb6440b58ae59c92da3a2b545c6f.jpg,1314,0.0510898435959988
datasets/train_on_2025_all\images\GX010666_MP4-0251_jpg.rf.3a7ec304e7737652c436401176affa7c.jpg,1315,0.05107699993553825
datasets/train_on_2025_all\images\frame_00023_jpg.rf.7e6ce5e0e460132de146b42a5f13bb0f.jpg,1316,0.050973365204173796
datasets/train_on_2025_all\images\GX010666_MP4-0100_jpg.rf.93182386893c35ca15f2a6e57d022623.jpg,1317,0.05096390404531696
datasets/train_on_2025_all\images\GX010668_MP4-0032_jpg.rf.75559e89908fca7f6ff18746f2bfd3e6.jpg,1318,0.050854647168530255
datasets/train_on_2025_all\images\frame_00029_jpg.rf.fc6202d6a38102cc66b9bf9572ce4139.jpg,1319,0.05076859500668066
datasets/train_on_2025_all\images\GX010666_MP4-0200_jpg.rf.a9268edc738dbcb8d27b581a482d295d.jpg,1320,0.050743290984482985
datasets/train_on_2025_all\images\GX010666_MP4-0145_jpg.rf.6ebbf54dadd39a064c2c0963a073e58c.jpg,1321,0.05067580470884123
datasets/train_on_2025_all\images\GX010666_MP4-0025_jpg.rf.ae0fbb4bbfc858fb4849fee0deecad5f.jpg,1322,0.05057624034310609
datasets/train_on_2025_all\images\GX010666_MP4-0044_jpg.rf.5c584fd873e5d7ef0c64e1c1171e2e64.jpg,1323,0.05054164684026794
datasets/train_on_2025_all\images\frame_00020_jpg.rf.0bf67cc49262c4c00cfe5bb742150a26.jpg,1324,0.05052514940583128
datasets/train_on_2025_all\images\frame_00118_jpg.rf.32815c707da0f451d02da952b4f4f696.jpg,1325,0.05052120525921411
datasets/train_on_2025_all\images\frame_00133_jpg.rf.f662d51b26c88558c17afc8e300ffe05.jpg,1326,0.05050601778413015
datasets/train_on_2025_all\images\frame_00098_jpg.rf.419ba1e4b0df0e0d7ba65595a1b51c01.jpg,1327,0.05049869954830105
datasets/train_on_2025_all\images\GX010667_MP4-0042_jpg.rf.67d0b052b5f5941ccaaf31ec863ed0c5.jpg,1328,0.05037015693955988
datasets/train_on_2025_all\images\frame_00174_jpg.rf.79559def5011b4349a120c014641f0dc.jpg,1329,0.050328149863578885
datasets/train_on_2025_all\images\GX010666_MP4-0134_jpg.rf.a1711a5d41b756706b44a35aa6c481ef.jpg,1330,0.050177743244659234
datasets/train_on_2025_all\images\frame_00136_jpg.rf.3fab128ad432e905956032c8a8e1db83.jpg,1331,0.05009741632570546
datasets/train_on_2025_all\images\GX010666_MP4-0191_jpg.rf.8c7275c9f2b3b5af70d8be286fd0d919.jpg,1332,0.05005701391681874
datasets/train_on_2025_all\val\images\GX010666_MP4-0339_jpg.rf.3eb56619ce1ee7a9fb922c2ed38f9af5.jpg,1333,0.05000756665759433
datasets/train_on_2025_all\images\frame_00049_jpg.rf.89cabdf8fc67da0e0dbbb5d46740f6d9.jpg,1334,0.05000171224027497
datasets/train_on_2025_all\images\GX010666_MP4-0232_jpg.rf.3d3ee4f2dbe2c386cbc7f996ec4f42f0.jpg,1335,0.04995808512863779
datasets/train_on_2025_all\images\frame_00015_jpg.rf.5b42fbdcf94c53ca1acdf76f3e035605.jpg,1336,0.04992341604204468
datasets/train_on_2025_all\images\GX010666_MP4-0295_jpg.rf.bb76638c053e1c89b7d3fbc0bb32849a.jpg,1337,0.049886246730153225
datasets/train_on_2025_all\images\frame_00052_jpg.rf.ca9a3a9b5cb5966fb162a28b97015f62.jpg,1338,0.04985390682887927
datasets/train_on_2025_all\images\frame_00017_jpg.rf.41482e5a6c1ce704f44664dc93fd4ff8.jpg,1339,0.04979800667764152
datasets/train_on_2025_all\images\frame_00039_jpg.rf.1c1783e6196710ccd061089079928dba.jpg,1340,0.04969176515492943
datasets/train_on_2025_all\images\GX010666_MP4-0194_jpg.rf.1062958b1c75723d9ec4817507cd9b3a.jpg,1341,0.04966008898041964
datasets/train_on_2025_all\val\images\frame_00121_jpg.rf.51862acc4c728dfd7d58a45a4b2a6815.jpg,1342,0.04962813911321101
datasets/train_on_2025_all\images\GX010667_MP4-0017_jpg.rf.6a80752b992961a7804c1320207edf80.jpg,1343,0.04960617614158287
datasets/train_on_2025_all\images\frame_00051_jpg.rf.59d65e664e5d9a5850e46f7f264297a2.jpg,1344,0.04954068296434945
datasets/train_on_2025_all\images\GX010664_MP4-0061_jpg.rf.2602c2ee14d8b3a048c8ae6e2e2acafe.jpg,1345,0.049426199453701115
datasets/train_on_2025_all\images\frame_00061_jpg.rf.78791ebade3bd58f38237fef2466f03b.jpg,1346,0.04941346016184518
datasets/train_on_2025_all\images\GX010666_MP4-0157_jpg.rf.d1a19ca91e20e33c86bc426ab58b9b6a.jpg,1347,0.049266335571725016
datasets/train_on_2025_all\images\GX010666_MP4-0138_jpg.rf.e2f34b34fb888e564d8ce0bdb7ac4c80.jpg,1348,0.04918894146614125
datasets/train_on_2025_all\images\GX010665_MP4-0257_jpg.rf.eb06aa824ce215d2875cc4c36de4a219.jpg,1349,0.049085283580159754
datasets/train_on_2025_all\images\GX010666_MP4-0091_jpg.rf.a3ef64d67a5eecd6ed0caf00ec745381.jpg,1350,0.0490819479775994
datasets/train_on_2025_all\images\GX010668_MP4-0042_jpg.rf.40a022ba685d07276ed83b44b71f08d4.jpg,1351,0.04892553502953718
datasets/train_on_2025_all\images\frame_00076_jpg.rf.95825532c82d6ce147d3cc0556dd676e.jpg,1352,0.048877172464324305
datasets/train_on_2025_all\val\images\GX010665_MP4-0266_jpg.rf.9f70e2c0d67e65e9c567d5ee87415e96.jpg,1353,0.0488397453056354
datasets/train_on_2025_all\images\GX010665_MP4-0246_jpg.rf.4dfca76c8ef3869a9479f3df9a588ce0.jpg,1354,0.0488388914071622
datasets/train_on_2025_all\images\frame_00123_jpg.rf.8bad2c2726ee93d93ad23d450b4c2c65.jpg,1355,0.04882524929030358
datasets/train_on_2025_all\val\images\frame_00155_jpg.rf.e3735b412f353990b93a74eb9ca0a192.jpg,1356,0.04874736156308719
datasets/train_on_2025_all\images\frame_00151_jpg.rf.a4759f429c483b19a819d062eb04aaaa.jpg,1357,0.04867576201310651
datasets/train_on_2025_all\images\GX010666_MP4-0201_jpg.rf.442c7a0afb25aca8855f9b184df47990.jpg,1358,0.048663534216458665
datasets/train_on_2025_all\val\images\GX010666_MP4-0004_jpg.rf.6a7092d91b8a90d1bbfc71818c7799a0.jpg,1359,0.04863913392828719
datasets/train_on_2025_all\images\frame_00117_jpg.rf.b0c0d6a89c281ec2402d052329d19134.jpg,1360,0.04860162962731238
datasets/train_on_2025_all\images\frame_00106_jpg.rf.e95b206ce2e8c6a0ab5acdd3a73f8eb5.jpg,1361,0.04858513237918714
datasets/train_on_2025_all\images\frame_00074_jpg.rf.9bd49ef3be99ec48eca75c16affe2249.jpg,1362,0.0485817119916024
datasets/train_on_2025_all\val\images\GX010666_MP4-0288_jpg.rf.5c3ef0fd81199c48ba0da9e52bdf1e6b.jpg,1363,0.04854533298210907
datasets/train_on_2025_all\val\images\frame_00072_jpg.rf.80751859032d3ae0c51b2be3b08c2d60.jpg,1364,0.04850947422237652
datasets/train_on_2025_all\val\images\frame_00105_jpg.rf.33de88c8edd349c485996caa87905d61.jpg,1365,0.04848910213049638
datasets/train_on_2025_all\images\frame_00025_jpg.rf.8937ca4aaef9d162c5c1903c832a4f3d.jpg,1366,0.04847072404860069
datasets/train_on_2025_all\images\frame_00077_jpg.rf.13cc7cb6c80a9bcb4942477416461267.jpg,1367,0.04842389550805225
datasets/train_on_2025_all\images\frame_00170_jpg.rf.53bfcde383af20e9cbc3639906f902ce.jpg,1368,0.04829970258366576
datasets/train_on_2025_all\images\GX010666_MP4-0187_jpg.rf.d6c50be8e4a785add1232b37699f08c3.jpg,1369,0.048291827850961026
datasets/train_on_2025_all\images\GX010666_MP4-0023_jpg.rf.dbe11c5411753d3a400a27e66093cb65.jpg,1370,0.04828411326008682
datasets/train_on_2025_all\images\frame_00108_jpg.rf.e1aa4854c204f5f6f7d86a9e827d1421.jpg,1371,0.04826928361041937
datasets/train_on_2025_all\images\frame_00129_jpg.rf.7aa167205db888afb3d7b2ef8f915503.jpg,1372,0.048232278306411004
datasets/train_on_2025_all\images\GX010666_MP4-0219_jpg.rf.821b03e17a38da7ac301654981fbb814.jpg,1373,0.048193092563140236
datasets/train_on_2025_all\val\images\frame_00096_jpg.rf.d9c9e4ed3db078ed4ddd2c7b5d53df3f.jpg,1374,0.04817098726765689
datasets/train_on_2025_all\images\frame_00072_jpg.rf.4d492c356a33bb32bf2c0bfddbd0528f.jpg,1375,0.048104716732770864
datasets/train_on_2025_all\images\GX010666_MP4-0182_jpg.rf.e209c20c67968a60f584769f6495a501.jpg,1376,0.04808593900310973
datasets/train_on_2025_all\images\frame_00088_jpg.rf.91e8a70545c1721b815477917db02a4f.jpg,1377,0.04808418987645267
datasets/train_on_2025_all\images\GX010667_MP4-0019_jpg.rf.1274dbd03aff9f492ff0f8962920b567.jpg,1378,0.048002744320599415
datasets/train_on_2025_all\images\frame_00030_jpg.rf.3cb05e86dbcd211a4e4a3890b9f9c5bc.jpg,1379,0.04796546194143893
datasets/train_on_2025_all\images\frame_00057_jpg.rf.86a55ea6a1e28b4e97bd5b49b76fb2e5.jpg,1380,0.047935953426557334
datasets/train_on_2025_all\images\GX010666_MP4-0212_jpg.rf.9b35baf3af0e6966a8be824eaf60fc1d.jpg,1381,0.04787976750653677
datasets/train_on_2025_all\images\GX010666_MP4-0179_jpg.rf.b4bc56fdd74196573fe395c5c211b790.jpg,1382,0.047853207785488
datasets/train_on_2025_all\val\images\frame_00036_jpg.rf.891c05f42e72922b936efc76f130ebaf.jpg,1383,0.047668008277485165
datasets/train_on_2025_all\val\images\GX010666_MP4-0143_jpg.rf.c7d88373fc455d3464b259e5bb8908bb.jpg,1384,0.04763525649353953
datasets/train_on_2025_all\val\images\GX010664_MP4-0027_jpg.rf.9be1a7062e9dc99c2865c770c24da79c.jpg,1385,0.047606415702398555
datasets/train_on_2025_all\val\images\GX010665_MP4-0239_jpg.rf.8bd249e5768ffb3d9b34def399b31079.jpg,1386,0.04756619357838257
datasets/train_on_2025_all\images\frame_00016_jpg.rf.48cace9049b4cd9c1a5c40af1b489d53.jpg,1387,0.047562425167184445
datasets/train_on_2025_all\images\GX010666_MP4-0341_jpg.rf.5df59413990fb4a6f1a9be4636469495.jpg,1388,0.04753809821443557
datasets/train_on_2025_all\images\frame_00109_jpg.rf.bcc7a6eb2379383024eb52253ab22e5b.jpg,1389,0.047483912842242036
datasets/train_on_2025_all\images\GX010666_MP4-0218_jpg.rf.e2c1825e2d1155c86b39f2cc19920365.jpg,1390,0.047469857043782315
datasets/train_on_2025_all\images\frame_00099_jpg.rf.eb5b69ba439af0ff705fa68b38432c26.jpg,1391,0.04744833692968008
datasets/train_on_2025_all\images\GX010666_MP4-0340_jpg.rf.f99ca3971d0e767c945f365f5aec6173.jpg,1392,0.047431378805908336
datasets/train_on_2025_all\images\frame_00041_jpg.rf.9ddfe37c077c4f6573298f88553a6487.jpg,1393,0.047412849055605555
datasets/train_on_2025_all\images\frame_00159_jpg.rf.704f776c14a6817f08da682aaef37a44.jpg,1394,0.04740091680253884
datasets/train_on_2025_all\images\frame_00036_jpg.rf.415399e5e1dfc6c6dfaef042bc48d9e9.jpg,1395,0.047380303304110985
datasets/train_on_2025_all\images\GX010665_MP4-0089_jpg.rf.d7f24a0cae1be4eb04ece415de777176.jpg,1396,0.047348264669056825
datasets/train_on_2025_all\images\frame_00067_jpg.rf.c77cc2c61eb3cc10e4176b67742d8782.jpg,1397,0.04730094412017235
datasets/train_on_2025_all\images\GX010666_MP4-0306_jpg.rf.86fa0ac0caf195213ce0fae4faa896ea.jpg,1398,0.04729245791888245
datasets/train_on_2025_all\images\frame_00058_jpg.rf.0169f3fefa646c4f6ea7aa838e3e2d7b.jpg,1399,0.047281929743412
datasets/train_on_2025_all\images\frame_00134_jpg.rf.2336d2377605ece3a4f9cdfa9c536f08.jpg,1400,0.047207884337830935
datasets/train_on_2025_all\images\frame_00015_jpg.rf.9487e4336fa202687ed1274974ba879c.jpg,1401,0.047170316454393325
datasets/train_on_2025_all\images\frame_00022_jpg.rf.f79b127961fa4f40fdd2f8c848f8c276.jpg,1402,0.047166049785998254
datasets/train_on_2025_all\images\frame_00025_jpg.rf.55c13eb61f1fb77ca94bd7d550e6329a.jpg,1403,0.04711059707688241
datasets/train_on_2025_all\images\GX010666_MP4-0160_jpg.rf.c7913f9106fe323915efdf6a5e3d5886.jpg,1404,0.04709531836116129
datasets/train_on_2025_all\images\GX010666_MP4-0193_jpg.rf.68ff82daca9be7008b6e505503704940.jpg,1405,0.04706700392281036
datasets/train_on_2025_all\images\frame_00007_jpg.rf.7575f4db9b9cfeac208a6e09c37ff2c3.jpg,1406,0.04705827748161005
datasets/train_on_2025_all\images\GX010666_MP4-0105_jpg.rf.e99df6f0e1741e8b1a39afd5e11017f8.jpg,1407,0.04704165568645132
datasets/train_on_2025_all\images\GX010667_MP4-0044_jpg.rf.e8b24d5738acbc69d3a07ce60690b818.jpg,1408,0.047014341806334146
datasets/train_on_2025_all\images\GX010668_MP4-0049_jpg.rf.494b1c44f431ac05440950b5565d1a8e.jpg,1409,0.04701072182385565
datasets/train_on_2025_all\images\frame_00020_jpg.rf.0843d5ffd03ce464d91e9c0aeee009bf.jpg,1410,0.046966541624558565
datasets/train_on_2025_all\val\images\frame_00032_jpg.rf.837aded9c5a628f1d1e1f52f6cff109a.jpg,1411,0.04681557822562239
datasets/train_on_2025_all\images\GX010666_MP4-0005_jpg.rf.f632922abcd5f0ef2996ee23caa8f24a.jpg,1412,0.04672069549457093
datasets/train_on_2025_all\images\frame_00070_jpg.rf.bb375883367ae598d50f1b20c14b9a88.jpg,1413,0.04670529702843795
datasets/train_on_2025_all\images\frame_00194_jpg.rf.97c9e4b9bf269bcba1be06614b7c5a82.jpg,1414,0.0466691257836135
datasets/train_on_2025_all\images\frame_00142_jpg.rf.b648b7575300c6338b3583bebcbbef12.jpg,1415,0.046661807361788814
datasets/train_on_2025_all\images\frame_00123_jpg.rf.04bd875f16df4719fd14a76c1210001c.jpg,1416,0.046634680565036495
datasets/train_on_2025_all\images\frame_00153_jpg.rf.fd68b21639e66f16ca08cacce2c20f97.jpg,1417,0.04658390698014374
datasets/train_on_2025_all\images\frame_00130_jpg.rf.7e1f78659c416a00eacd4d1af816b93b.jpg,1418,0.04653292519080839
datasets/train_on_2025_all\val\images\GX010666_MP4-0239_jpg.rf.c83596d04a5f0f87bcf1a1aa1037fdbb.jpg,1419,0.046509273413039225
datasets/train_on_2025_all\val\images\frame_00043_jpg.rf.d9b5b2b1f5eac35ae015852337221329.jpg,1420,0.04645098949855947
datasets/train_on_2025_all\images\frame_00010_jpg.rf.58ca5f4adf6c42b3427723f0a2628ae5.jpg,1421,0.04640425057188965
datasets/train_on_2025_all\val\images\frame_00051_jpg.rf.3db3f71dbaf62b1e668c2b8de541fe92.jpg,1422,0.04637597148351253
datasets/train_on_2025_all\val\images\GX010666_MP4-0268_jpg.rf.f283bddb7dd5be2858a4530a101edc16.jpg,1423,0.04620170903241698
datasets/train_on_2025_all\images\frame_00138_jpg.rf.8877fafbd47ee87b89942861b456e17f.jpg,1424,0.04618614071161179
datasets/train_on_2025_all\images\frame_00018_jpg.rf.278317fcbd5a9faafd688f71cbfed544.jpg,1425,0.04616804118247526
datasets/train_on_2025_all\images\GX010668_MP4-0039_jpg.rf.060990918c2661e7cb1f6f10728cf61d.jpg,1426,0.04611195948515493
datasets/train_on_2025_all\images\GX010666_MP4-0087_jpg.rf.7d105add78b8c569c9e1361044b9fa8f.jpg,1427,0.0461098593983638
datasets/train_on_2025_all\images\frame_00173_jpg.rf.ff6dfc302737530be6c07d0e292683e4.jpg,1428,0.04606048279198603
datasets/train_on_2025_all\images\GX010666_MP4-0250_jpg.rf.8e91c0710f7374c38cbf12a3a56f0fad.jpg,1429,0.046032223854337084
datasets/train_on_2025_all\val\images\frame_00155_jpg.rf.8d511c2b44137e44d60a75c60d8e4884.jpg,1430,0.04598051176817958
datasets/train_on_2025_all\images\frame_00012_jpg.rf.5f59c1f919c599da973037db994c8b0f.jpg,1431,0.04591821057803658
datasets/train_on_2025_all\images\GX010666_MP4-0172_jpg.rf.46ea6603d3f6280cc7dc482b2d241ddf.jpg,1432,0.04581581410442107
datasets/train_on_2025_all\val\images\frame_00070_jpg.rf.a1e7dbe5838c818508b5212c578bb8bd.jpg,1433,0.04579559158054221
datasets/train_on_2025_all\images\frame_00133_jpg.rf.b04bb132ce18417e3375c6d3e48da10a.jpg,1434,0.04575621872767374
datasets/train_on_2025_all\images\frame_00158_jpg.rf.5cf9eeda1e6e36207ef1a3d914031aef.jpg,1435,0.04573653115441732
datasets/train_on_2025_all\images\GX010666_MP4-0221_jpg.rf.a7b8f500f71bf7222a1a51ebc0e1df30.jpg,1436,0.04550792875313905
datasets/train_on_2025_all\images\frame_00065_jpg.rf.111a765e54570e95e403211dbac659cc.jpg,1437,0.0454212970934464
datasets/train_on_2025_all\images\GX010666_MP4-0163_jpg.rf.b1e929af3d9b8eba18923a12a9bb9404.jpg,1438,0.0453903749974766
datasets/train_on_2025_all\val\images\GX010666_MP4-0244_jpg.rf.c443041ed0911d8e6d5997af10a601f6.jpg,1439,0.04538542406523775
datasets/train_on_2025_all\images\frame_00040_jpg.rf.7520b090479d71715181902c441ebbd1.jpg,1440,0.045342587342020686
datasets/train_on_2025_all\images\GX010667_MP4-0040_jpg.rf.d820e8ced5250cf63e279b01e6d7eb46.jpg,1441,0.045242789160307245
datasets/train_on_2025_all\images\frame_00022_jpg.rf.9fc8036e0b14107e76e94ced5ba67eb1.jpg,1442,0.04521987757054341
datasets/train_on_2025_all\images\GX010666_MP4-0304_jpg.rf.7bfb6eeb047ee1b416e61c6a9c3c222c.jpg,1443,0.04520321408893426
datasets/train_on_2025_all\images\frame_00144_jpg.rf.280199e5556f83dc6d5a536a6f0ed0f8.jpg,1444,0.04510192709407948
datasets/train_on_2025_all\images\GX010666_MP4-0240_jpg.rf.4381ab9b93fd492910f3cc1271da97c1.jpg,1445,0.04508295691196865
datasets/train_on_2025_all\val\images\GX010668_MP4-0022_jpg.rf.8368f4392f3f94f0b5b8b85f0523f79b.jpg,1446,0.04505953319737714
datasets/train_on_2025_all\images\frame_00069_jpg.rf.6e6a3210ae6fc4824c5c88d82ac4383b.jpg,1447,0.04497316969145559
datasets/train_on_2025_all\images\frame_00010_jpg.rf.a52f6f0ea794c0f358b63aa3b974419b.jpg,1448,0.04495026980268252
datasets/train_on_2025_all\images\frame_00010_jpg.rf.d9527b21a602532451cfcef3b38f5782.jpg,1449,0.044771013589782166
datasets/train_on_2025_all\images\frame_00072_jpg.rf.cd24d2954405038196b19ec0db172ffc.jpg,1450,0.0446845149352963
datasets/train_on_2025_all\images\GX010667_MP4-0015_jpg.rf.3083a49874302846d461d771adbbb845.jpg,1451,0.04467164928528231
datasets/train_on_2025_all\images\GX010666_MP4-0320_jpg.rf.8acb5665af136f13a0f8e38bfa2237fc.jpg,1452,0.04464685612321965
datasets/train_on_2025_all\images\GX010668_MP4-0011_jpg.rf.4b70994872514a31e1a39521bca354c0.jpg,1453,0.04450206967582957
datasets/train_on_2025_all\images\frame_00032_jpg.rf.19fb1024274e2ba93b760d08448b20be.jpg,1454,0.04446053468346049
datasets/train_on_2025_all\images\frame_00085_jpg.rf.04ec43de67b7ccce1d05f9376b6dfec4.jpg,1455,0.04433439459767117
datasets/train_on_2025_all\images\frame_00079_jpg.rf.443812f2743be40c22174526960aba3d.jpg,1456,0.04431881730155408
datasets/train_on_2025_all\images\GX010666_MP4-0265_jpg.rf.2263a2fa2eb4017037859c64dd23f925.jpg,1457,0.04430131030454171
datasets/train_on_2025_all\images\GX010666_MP4-0148_jpg.rf.badcafbe5ee4b71bac4cba467275afe2.jpg,1458,0.044272678681883955
datasets/train_on_2025_all\images\frame_00090_jpg.rf.f15ee5dce3f36e649622e8213eca5f17.jpg,1459,0.044176188365542844
datasets/train_on_2025_all\images\frame_00125_jpg.rf.884f5ab19987cf4aa4b6dbf011ef71cf.jpg,1460,0.04415642556119808
datasets/train_on_2025_all\images\GX010666_MP4-0285_jpg.rf.96627b3dc8d103f4f9acf0e8a40ee826.jpg,1461,0.044105810739482
datasets/train_on_2025_all\val\images\GX010666_MP4-0255_jpg.rf.ec0bf8a7a8212981ecfed1ce5e70d57e.jpg,1462,0.04407222102242683
datasets/train_on_2025_all\images\frame_00007_jpg.rf.df175e2f7ab0148dbd824f69da57754c.jpg,1463,0.04405186606094
datasets/train_on_2025_all\images\GX010666_MP4-0097_jpg.rf.0c95b7ed59e77795519b8e31ff541a53.jpg,1464,0.044043858410077665
datasets/train_on_2025_all\images\frame_00131_jpg.rf.59a8dac1587397447cd4b291090fd993.jpg,1465,0.04396374694002066
datasets/train_on_2025_all\val\images\frame_00102_jpg.rf.3d45b9a19006e31ed37bf357b24b01c5.jpg,1466,0.043923018598901166
datasets/train_on_2025_all\images\frame_00116_jpg.rf.f5e0a44df96dd8e32a3785a7c75c78fe.jpg,1467,0.04391781508343695
datasets/train_on_2025_all\images\frame_00020_jpg.rf.04dcebb954ece1c2d3182d95de7ca2bd.jpg,1468,0.04386039885188097
datasets/train_on_2025_all\images\frame_00026_jpg.rf.bf9e61a48a0ed36e68b4c59bef0ccdd2.jpg,1469,0.043847375130845606
datasets/train_on_2025_all\images\frame_00042_jpg.rf.27fedaf370ec027f1c1a3c1d34e1abd8.jpg,1470,0.043839828355932496
datasets/train_on_2025_all\images\frame_00036_jpg.rf.0801e2a8f5b0e25e3be7fe933ed8ffc7.jpg,1471,0.04376423465221837
datasets/train_on_2025_all\images\frame_00054_jpg.rf.c2e177a6ff973395bcd1372b8fdb579c.jpg,1472,0.04374166557695146
datasets/train_on_2025_all\images\frame_00081_jpg.rf.88ce8e48fff75b03c58083696451802e.jpg,1473,0.043703379721847534
datasets/train_on_2025_all\images\GX010666_MP4-0017_jpg.rf.49f22848cf617103b755dd9afd775c82.jpg,1474,0.043658074712961736
datasets/train_on_2025_all\images\GX010666_MP4-0298_jpg.rf.4fcdd278799a00e4c5c81857fecacd41.jpg,1475,0.0436224270858121
datasets/train_on_2025_all\images\GX010665_MP4-0022_jpg.rf.072b5d326b3fcd107ef6733e884dc998.jpg,1476,0.0436192848485876
datasets/train_on_2025_all\images\frame_00034_jpg.rf.22c94da555960d02bd734d8725ec1482.jpg,1477,0.04361026563548508
datasets/train_on_2025_all\images\frame_00208_jpg.rf.c7594e66d1f7e1d6360a90b5b788fa16.jpg,1478,0.043606824913246814
datasets/train_on_2025_all\images\GX010666_MP4-0213_jpg.rf.3e01db7f7fb7a7fa3a81aeda45283943.jpg,1479,0.04356217375247687
datasets/train_on_2025_all\images\frame_00160_jpg.rf.84e0fd1b2b3f31059a50f3e0ef97b8c6.jpg,1480,0.04352680154841717
datasets/train_on_2025_all\images\frame_00057_jpg.rf.23b926327323386637b51dd726ae2a33.jpg,1481,0.043519988109081836
datasets/train_on_2025_all\images\GX010664_MP4-0101_jpg.rf.d81ccc877e2b480ba181242e338f3ee9.jpg,1482,0.04345838773981259
datasets/train_on_2025_all\images\GX010666_MP4-0242_jpg.rf.c32789f640f8532c307377350792fa03.jpg,1483,0.043451728405933525
datasets/train_on_2025_all\images\GX010667_MP4-0021_jpg.rf.31b1d574baee80ac4326147873925a8c.jpg,1484,0.043447544032546935
datasets/train_on_2025_all\images\frame_00146_jpg.rf.22439534179d3e097ee7544d0793218e.jpg,1485,0.04343842922230628
datasets/train_on_2025_all\val\images\frame_00091_jpg.rf.18ff8f7f145cf7ae080729f1cd0cb860.jpg,1486,0.04341395453704379
datasets/train_on_2025_all\images\GX010668_MP4-0029_jpg.rf.3396c045a0d00460f4711530d9f4b00e.jpg,1487,0.04337803768382206
datasets/train_on_2025_all\images\frame_00084_jpg.rf.8ff070fd0f090f60ead95a56a496f036.jpg,1488,0.04326877674847338
datasets/train_on_2025_all\images\GX010667_MP4-0033_jpg.rf.4ff3b9f2e18e6e98dc5fcffbcda70eee.jpg,1489,0.04321816525404957
datasets/train_on_2025_all\images\GX010668_MP4-0021_jpg.rf.65bc495b504ae78fe0ba5e07eaeb98e1.jpg,1490,0.04321368646825884
datasets/train_on_2025_all\val\images\frame_00154_jpg.rf.c82195ddeeec24138d56ec6bc36574fe.jpg,1491,0.043150036444318036
datasets/train_on_2025_all\images\GX010666_MP4-0267_jpg.rf.676fa23503f3e55a7b79a7b369c19cc1.jpg,1492,0.04314664690515076
datasets/train_on_2025_all\images\frame_00080_jpg.rf.0960e23db69030b862466ee7b9e76999.jpg,1493,0.0431047667707428
datasets/train_on_2025_all\images\frame_00123_jpg.rf.4f2ad28b325c4797c738e4d22ac32f15.jpg,1494,0.042895027325683135
datasets/train_on_2025_all\val\images\frame_00218_jpg.rf.6f599dc6d78396ca8375e58f8940bf6d.jpg,1495,0.042879632982137296
datasets/train_on_2025_all\val\images\GX010665_MP4-0256_jpg.rf.a144600f86882ab4aaa541dd06ed8af3.jpg,1496,0.04279754005747843
datasets/train_on_2025_all\images\GX010666_MP4-0310_jpg.rf.8f43f3c617552358de822537d85aaf92.jpg,1497,0.04279534052024993
datasets/train_on_2025_all\images\frame_00142_jpg.rf.1c137850e05ae8d44c54d4feaa0de114.jpg,1498,0.04278849741137602
datasets/train_on_2025_all\images\frame_00013_jpg.rf.33495cc14bd83aa5c060bf2c86eafd9d.jpg,1499,0.04273867734468937
datasets/train_on_2025_all\images\GX010666_MP4-0017_jpg.rf.bf2fb0fdbc22a5705e69271937105032.jpg,1500,0.042725093275662915
datasets/train_on_2025_all\images\GX010666_MP4-0147_jpg.rf.eb40812099a25e93b2e0098b89d6e934.jpg,1501,0.042676078889504275
datasets/train_on_2025_all\images\GX010664_MP4-0099_jpg.rf.391b5df9ba0ed8c4305f072faafdad86.jpg,1502,0.04259796306775324
datasets/train_on_2025_all\images\frame_00042_jpg.rf.a8e678deadbad63780ce9f60d24e31b1.jpg,1503,0.04256676142414028
datasets/train_on_2025_all\images\GX010665_MP4-0090_jpg.rf.6c2e0422736c8cd7675515c474872929.jpg,1504,0.042548400788647966
datasets/train_on_2025_all\images\GX010666_MP4-0209_jpg.rf.f5dda281d1750c5925f7b171a141fa47.jpg,1505,0.04254767190706188
datasets/train_on_2025_all\images\frame_00174_jpg.rf.07aa8adc840e8e8182cad71faa519db8.jpg,1506,0.042541234481233516
datasets/train_on_2025_all\val\images\frame_00122_jpg.rf.2d586d8ae0251d9d37560156e339edac.jpg,1507,0.04253407331296771
datasets/train_on_2025_all\images\frame_00090_jpg.rf.7ea47bf9a6bc888c967cf51784b61d75.jpg,1508,0.04248735846866821
datasets/train_on_2025_all\images\frame_00080_jpg.rf.94c78113c022d6e817d0f8a27c62ba59.jpg,1509,0.04244918809735031
datasets/train_on_2025_all\val\images\frame_00012_jpg.rf.0ad4041ad944a3bd5d2e66b191697f06.jpg,1510,0.04244350833884949
datasets/train_on_2025_all\val\images\frame_00027_jpg.rf.886949a2011613752226ef5a43a75dad.jpg,1511,0.04242458711211088
datasets/train_on_2025_all\images\frame_00128_jpg.rf.4f18726216e632a350b1364a02970e05.jpg,1512,0.04237710242394974
datasets/train_on_2025_all\val\images\GX010664_MP4-0061_jpg.rf.acb1d4ca69b7df99b7849bdbeb9eb42e.jpg,1513,0.04236166954703347
datasets/train_on_2025_all\images\GX010666_MP4-0203_jpg.rf.c8dc3bc4e44c4aa691c9d82be9761b5e.jpg,1514,0.04221522769566766
datasets/train_on_2025_all\images\frame_00026_jpg.rf.8cc91e00894c0d1a1d55359e59163341.jpg,1515,0.04215186834653215
datasets/train_on_2025_all\val\images\frame_00143_jpg.rf.f0188ceaa25b19d08d00eb6186ec44ae.jpg,1516,0.042135553074922776
datasets/train_on_2025_all\val\images\GX010666_MP4-0158_jpg.rf.6edef0b1b957b68aea0d7a0a92c35db8.jpg,1517,0.04199303127036283
datasets/train_on_2025_all\images\GX010664_MP4-0064_jpg.rf.595e9389e22e8aee4512d6b18067acbe.jpg,1518,0.04198843346112582
datasets/train_on_2025_all\val\images\GX010666_MP4-0311_jpg.rf.d677f52984eed8e775de67777d08fb7f.jpg,1519,0.041987147627767035
datasets/train_on_2025_all\images\GX010666_MP4-0088_jpg.rf.72e822e70d71675a03e723d3f56268a6.jpg,1520,0.04193142708451814
datasets/train_on_2025_all\images\GX010667_MP4-0009_jpg.rf.be62cedd2851a4ee09e90a9c206fcbb6.jpg,1521,0.041930694939154835
datasets/train_on_2025_all\images\frame_00118_jpg.rf.989f726a8f6af5078af9eff2ec7a928a.jpg,1522,0.04192896596338513
datasets/train_on_2025_all\images\GX010665_MP4-0027_jpg.rf.06278f2e8eca61cebe9f0d9a18e89850.jpg,1523,0.04192474072425079
datasets/train_on_2025_all\images\frame_00116_jpg.rf.38336902d5fe188d1d0879eb76b1233f.jpg,1524,0.041870288514583714
datasets/train_on_2025_all\images\frame_00064_jpg.rf.a20a0990d013ffea8951be4c61b55ded.jpg,1525,0.041852762909426126
datasets/train_on_2025_all\images\GX010666_MP4-0126_jpg.rf.30f96019850c0c2e4efc0317b535a06a.jpg,1526,0.04182666374380866
datasets/train_on_2025_all\images\GX010667_MP4-0009_jpg.rf.374e9108928bb3bf5eaf01eb2d761d1f.jpg,1527,0.04170810012888039
datasets/train_on_2025_all\images\GX010667_MP4-0045_jpg.rf.9b9de2dc18b4e46652f6881545ee8a7d.jpg,1528,0.04156099528210371
datasets/train_on_2025_all\images\frame_00117_jpg.rf.3ac0a78346d907b368b82e567cefcc41.jpg,1529,0.04151990602976947
datasets/train_on_2025_all\images\frame_00123_jpg.rf.018be116b2897559b86db8a6a5e9f245.jpg,1530,0.041439748052223294
datasets/train_on_2025_all\images\frame_00016_jpg.rf.e44b0ad8027c5cb307c7cfa7489a6d8f.jpg,1531,0.04140440775610015
datasets/train_on_2025_all\images\frame_00115_jpg.rf.d917ac88808bd53fa642e599d6d855f2.jpg,1532,0.04140305862527301
datasets/train_on_2025_all\val\images\GX010664_MP4-0096_jpg.rf.05009caaf0239f32d5ac0c588f4d0eb8.jpg,1533,0.04139189696034157
datasets/train_on_2025_all\images\frame_00183_jpg.rf.daa6e5a84ccbcad5d525a0d9eac0d492.jpg,1534,0.041377424904732105
datasets/train_on_2025_all\images\GX010668_MP4-0048_jpg.rf.01e03de86c52add316aac39fd3d8c641.jpg,1535,0.04129161069655205
datasets/train_on_2025_all\val\images\GX010667_MP4-0034_jpg.rf.bf9e38ea072f8aaeaa54948f15e9394e.jpg,1536,0.041250902368216213
datasets/train_on_2025_all\val\images\GX010666_MP4-0146_jpg.rf.bdee8fb84f77d6ab1f0a6acf01269911.jpg,1537,0.041240885438280285
datasets/train_on_2025_all\images\frame_00121_jpg.rf.37a248aa5c93945ce985d27bf59705d8.jpg,1538,0.041224595363625174
datasets/train_on_2025_all\images\frame_00176_jpg.rf.0150d23c6192c1a9aa4aea41ea276bf6.jpg,1539,0.041207036542910996
datasets/train_on_2025_all\images\frame_00111_jpg.rf.e119b2b8a48bd07171abb381a1cd9586.jpg,1540,0.04120104956426365
datasets/train_on_2025_all\val\images\GX010668_MP4-0030_jpg.rf.e1ea2f046a074e01865a7f5acbea0848.jpg,1541,0.04107294269070143
datasets/train_on_2025_all\images\frame_00091_jpg.rf.d740c5e002bb7fb8ffce657caaea2510.jpg,1542,0.04105902818689429
datasets/train_on_2025_all\images\GX010666_MP4-0022_jpg.rf.7efefb54ce31a0be1af808ea39a345af.jpg,1543,0.0410465122319417
datasets/train_on_2025_all\images\frame_00052_jpg.rf.51220c9dc71a15d0704d5413b5bd63a8.jpg,1544,0.0410221525161587
datasets/train_on_2025_all\images\frame_00021_jpg.rf.2316509f3264f0f6f967c8f6427b96b0.jpg,1545,0.0409997878067117
datasets/train_on_2025_all\images\frame_00011_jpg.rf.f3e6ddd10392a0197b88fd328a73db46.jpg,1546,0.0409907616698493
datasets/train_on_2025_all\images\frame_00034_jpg.rf.f89bae29d26bc99eb3a49fd882811c4c.jpg,1547,0.04094637438787844
datasets/train_on_2025_all\val\images\GX010667_MP4-0018_jpg.rf.d11c1a236a2d998ecb1e5d6282e64058.jpg,1548,0.04091683944145901
datasets/train_on_2025_all\images\GX010666_MP4-0211_jpg.rf.14406d7adaf035157c3cde1b71cf9644.jpg,1549,0.04090316792050977
datasets/train_on_2025_all\images\frame_00025_jpg.rf.5f99c6e991dd83ad1ad86f823bc8fcc6.jpg,1550,0.04086857895567173
datasets/train_on_2025_all\images\frame_00015_jpg.rf.92753c53cbba949449d856f98bee674f.jpg,1551,0.04082313267209204
datasets/train_on_2025_all\val\images\frame_00110_jpg.rf.8515c76436be98c9989be490e1b76a80.jpg,1552,0.0408143777489383
datasets/train_on_2025_all\images\frame_00095_jpg.rf.05b13dc43bc396f17c2980411c919ecb.jpg,1553,0.040795357197288905
datasets/train_on_2025_all\val\images\GX010665_MP4-0239_jpg.rf.34b15143adba3fa2a4ed93d169025d31.jpg,1554,0.04076862135853971
datasets/train_on_2025_all\val\images\GX010666_MP4-0127_jpg.rf.4062ef24e39372e1b6ef8da2813d6a13.jpg,1555,0.04075720797888257
datasets/train_on_2025_all\images\frame_00082_jpg.rf.d2890528062dfc703f5b43214247f903.jpg,1556,0.04075187525120271
datasets/train_on_2025_all\val\images\GX010666_MP4-0092_jpg.rf.98440dc0da0f7d53cb81609a84f5be63.jpg,1557,0.04072026344244572
datasets/train_on_2025_all\images\frame_00188_jpg.rf.c3f111e1333dbd8cd3d418ac8df2b0da.jpg,1558,0.040678963218826476
datasets/train_on_2025_all\val\images\frame_00091_jpg.rf.b2b339dd0149de2dda8dd17898d3bd0e.jpg,1559,0.040585543929486295
datasets/train_on_2025_all\images\GX010666_MP4-0148_jpg.rf.1f3d0a8d65f5f6fd85bcc1a979937f64.jpg,1560,0.0405312219726735
datasets/train_on_2025_all\images\GX010666_MP4-0022_jpg.rf.2baeca9c63bafbf93bc292938057bdbe.jpg,1561,0.0405079070740711
datasets/train_on_2025_all\images\GX010666_MP4-0158_jpg.rf.e82669177433c044c4ec364bb1ca64dd.jpg,1562,0.040493184968497443
datasets/train_on_2025_all\images\frame_00087_jpg.rf.8d336092e2227bd846f2adf57833a5ab.jpg,1563,0.040459360138039926
datasets/train_on_2025_all\val\images\GX010666_MP4-0141_jpg.rf.b6ec00f4cec5d09a231beda5a9b57eef.jpg,1564,0.04040603592454602
datasets/train_on_2025_all\images\frame_00013_jpg.rf.de50b537844f2f7bbe8ba620b59eb03f.jpg,1565,0.04037973261108854
datasets/train_on_2025_all\images\frame_00075_jpg.rf.a62d166cf4e2df0444f73c8a8a6c32c0.jpg,1566,0.040379139745480276
datasets/train_on_2025_all\val\images\frame_00014_jpg.rf.bb3a45e97fffcb65e85d3fbf6148d297.jpg,1567,0.0402763860798028
datasets/train_on_2025_all\val\images\frame_00050_jpg.rf.acd80ed854a745c4c87bd7c9e2ed054b.jpg,1568,0.04026989362079562
datasets/train_on_2025_all\images\frame_00006_jpg.rf.6f104ffc740898a5b9b5bf81f307874a.jpg,1569,0.04012452045749952
datasets/train_on_2025_all\images\frame_00020_jpg.rf.ca71f166c8d4421c30ae180fad6e68de.jpg,1570,0.04012141055047544
datasets/train_on_2025_all\images\frame_00063_jpg.rf.cefb80b38406708654e8e96f2ba03917.jpg,1571,0.04011267847181383
datasets/train_on_2025_all\images\frame_00078_jpg.rf.170475c7e1db5b5f4b519ff82454c636.jpg,1572,0.04008095518114929
datasets/train_on_2025_all\images\GX010666_MP4-0045_jpg.rf.9dd6103a217a7bb8d9f04d3881890a9e.jpg,1573,0.04007626499508611
datasets/train_on_2025_all\images\frame_00039_jpg.rf.b136d98d2c8e6b2d8d7ee041817d3c5e.jpg,1574,0.04007592360473545
datasets/train_on_2025_all\images\frame_00062_jpg.rf.c9f6863db5c339a8e055e46bdaf6e45e.jpg,1575,0.040041795613909324
datasets/train_on_2025_all\images\frame_00035_jpg.rf.4e36ded5765ef6889719d7a4b63df052.jpg,1576,0.0400356083566802
datasets/train_on_2025_all\images\GX010664_MP4-0087_jpg.rf.648f557ddf59dbc0429f61985fac2cfb.jpg,1577,0.040007423249258774
datasets/train_on_2025_all\images\GX010668_MP4-0041_jpg.rf.0eabd2885454da759586a753eef31a8c.jpg,1578,0.04000077914879187
datasets/train_on_2025_all\images\GX010665_MP4-0237_jpg.rf.69bb495fb6acd49f14018854256d022b.jpg,1579,0.03995812554340378
datasets/train_on_2025_all\images\frame_00138_jpg.rf.1a5d07dca51b5a2b3695c2904ad9f592.jpg,1580,0.039827854638192474
datasets/train_on_2025_all\images\GX010666_MP4-0101_jpg.rf.c7894974f6bd06f902fa178e3caf7e07.jpg,1581,0.039822844785914684
datasets/train_on_2025_all\images\GX010666_MP4-0088_jpg.rf.0a70f0082a62ca640283c2aae507b54e.jpg,1582,0.03979835027198536
datasets/train_on_2025_all\images\GX010664_MP4-0097_jpg.rf.30ddf802f9cef65f74df8536e08dd4d5.jpg,1583,0.03977613345813169
datasets/train_on_2025_all\images\GX010666_MP4-0225_jpg.rf.2627af77a636d0ceedcb8dacc2346a7c.jpg,1584,0.039761544981721804
datasets/train_on_2025_all\images\frame_00166_jpg.rf.f291f6d64d0bb3bcf01db5d2a944c575.jpg,1585,0.0397171179302226
datasets/train_on_2025_all\images\frame_00115_jpg.rf.09c9e91658ee1d5b68a8417c40f4de19.jpg,1586,0.03970780731476772
datasets/train_on_2025_all\images\GX010666_MP4-0309_jpg.rf.3777c15f4194cc29572b1f9e5bd833dc.jpg,1587,0.03962457685552303
datasets/train_on_2025_all\images\GX010665_MP4-0258_jpg.rf.1f2a37c59f8b8c4f8be3ead0b2e609b1.jpg,1588,0.039537950724040344
datasets/train_on_2025_all\images\GX010666_MP4-0281_jpg.rf.5c62fa6f13a8f801e2e641e7b831aa44.jpg,1589,0.03952277033614313
datasets/train_on_2025_all\images\GX010668_MP4-0043_jpg.rf.305437c2c5f0f0c4d4fe71226ad334b7.jpg,1590,0.03950353331715789
datasets/train_on_2025_all\images\frame_00181_jpg.rf.ca7e288369a0bd2f3f72309aad708996.jpg,1591,0.03950076231672794
datasets/train_on_2025_all\images\frame_00160_jpg.rf.be5bc5cc114bdc274ab38367f96aac42.jpg,1592,0.03946754310304821
datasets/train_on_2025_all\val\images\GX010665_MP4-0023_jpg.rf.225f6777f4ce184f96f12aa2c17ca51f.jpg,1593,0.03937797688921656
datasets/train_on_2025_all\images\frame_00088_jpg.rf.2c544c2ec52a3ef747e6485a7575c313.jpg,1594,0.03937032789818792
datasets/train_on_2025_all\images\GX010665_MP4-0112_jpg.rf.b8b48ea4dbbbf1e55cd6400e8601181b.jpg,1595,0.0393565868465902
datasets/train_on_2025_all\images\GX010666_MP4-0196_jpg.rf.531e2e0e72650d9bbcd215a29aa2b311.jpg,1596,0.03935236357362757
datasets/train_on_2025_all\images\frame_00143_jpg.rf.a644fc6e18c8cb00ce65e810a751855b.jpg,1597,0.039328397340801166
datasets/train_on_2025_all\val\images\GX010666_MP4-0083_jpg.rf.3bf566f01ce02754886bf6eeaf818aee.jpg,1598,0.03928366962282362
datasets/train_on_2025_all\images\GX010667_MP4-0013_jpg.rf.3c9962441091101677864a846c272740.jpg,1599,0.039259581488194494
datasets/train_on_2025_all\images\GX010666_MP4-0300_jpg.rf.a62d07d669a06e36ef4cda2e26293e1b.jpg,1600,0.03919950072194099
datasets/train_on_2025_all\images\frame_00031_jpg.rf.1a9c578210535bcad9022614c812533a.jpg,1601,0.039175099643443054
datasets/train_on_2025_all\val\images\frame_00029_jpg.rf.168b1fd4d5133a42821fdf083ca165c4.jpg,1602,0.039065749651583985
datasets/train_on_2025_all\images\frame_00021_jpg.rf.2c45f07b0a60c986f2f1051070cb58e4.jpg,1603,0.03900093259762875
datasets/train_on_2025_all\images\frame_00135_jpg.rf.d65ae98da5097215c91ff2f2532bfd7c.jpg,1604,0.03890005494847264
datasets/train_on_2025_all\val\images\GX010666_MP4-0339_jpg.rf.046507704d096d76dcf8cab009bbec2a.jpg,1605,0.03889675689236118
datasets/train_on_2025_all\images\frame_00024_jpg.rf.52d2c3122664af4a78296563cc100a2f.jpg,1606,0.038886360032622906
datasets/train_on_2025_all\val\images\GX010666_MP4-0195_jpg.rf.740b72722b57e80ba923c6c39744cf1b.jpg,1607,0.03886641269351601
datasets/train_on_2025_all\images\GX010664_MP4-0046_jpg.rf.03922ea4cbd1b99693bb44c724e43eb0.jpg,1608,0.038840480197533736
datasets/train_on_2025_all\images\GX010665_MP4-0251_jpg.rf.b77145cd89f0ac3af0e439bc1610f228.jpg,1609,0.03883073360946913
datasets/train_on_2025_all\images\GX010666_MP4-0126_jpg.rf.fe40fc7c4382052b19922790a5ee30d0.jpg,1610,0.03878849063077303
datasets/train_on_2025_all\images\frame_00060_jpg.rf.a09ca859ee17e87b1d8d4b87e3e1545f.jpg,1611,0.03874755036150423
